6133 12301
0 1
2 3
4 5
6 7
8 9
10 11
12 13
14 15
16 17
18 19
20 21
22 23
24 25
26 27
28 29
30 31
32 33
34 35
36 37
38 39
40 41
42 43
44 45
46 47
48 49
50 51
52 53
54 55
56 57
58 59
60 61
62 63
64 65
66 67
68 69
70 71
72 73
74 75
76 77
78 79
80 81
82 83
84 85
86 87
88 89
90 91
92 93
94 95
96 97
98 99
100 101
102 103
104 105
106 107
108 109
110 111
112 113
114 91
115 116
117 118
119 120
121 122
123 124
125 126
127 128
129 130
131 132
133 134
135 136
137 128
138 139
140 141
142 143
144 145
146 147
148 149
150 151
152 153
154 155
156 157
158 17
159 160
161 162
163 164
165 166
167 168
169 170
171 172
173 174
175 176
177 178
179 180
181 182
183 184
185 186
187 188
189 190
191 192
193 194
195 196
197 198
199 200
201 202
203 204
205 105
206 207
208 209
210 211
212 213
214 190
215 216
217 218
219 220
221 222
223 224
225 226
227 228
229 230
231 232
233 234
235 236
237 238
239 240
241 23
242 243
244 245
246 247
248 249
250 251
252 253
254 255
256 257
258 259
260 261
262 263
264 265
266 267
268 269
270 271
272 273
274 275
276 277
278 279
280 143
281 103
282 283
284 285
286 287
288 289
290 291
292 293
294 295
296 297
298 299
300 301
302 303
304 305
189 83
306 307
308 309
310 311
312 313
314 315
316 317
318 319
320 155
321 322
323 324
325 326
327 328
329 330
331 332
333 334
335 336
337 338
339 340
175 341
342 271
343 344
345 346
347 103
348 349
350 351
352 353
354 355
356 357
358 359
360 361
362 363
364 365
366 367
368 369
370 371
206 372
373 374
375 376
377 378
379 380
381 382
383 384
385 386
387 51
388 19
389 322
390 391
392 393
181 394
395 396
397 299
398 399
400 401
402 403
404 405
406 407
408 409
410 411
412 413
414 338
415 416
417 418
419 420
421 422
423 222
424 425
426 422
427 428
429 430
431 432
433 434
435 436
437 141
438 439
440 441
442 443
444 445
438 446
447 448
449 450
451 452
453 454
455 456
457 458
459 460
461 126
462 463
464 174
465 466
467 468
469 470
471 472
473 474
475 476
477 478
479 480
481 482
483 484
485 486
487 83
488 489
490 491
492 493
494 495
496 463
497 126
498 499
500 501
502 503
504 505
498 506
507 508
509 61
510 511
512 394
513 514
515 516
517 518
519 428
520 521
522 523
524 525
526 527
528 529
530 147
531 532
533 534
535 536
537 91
538 539
540 541
542 543
544 47
545 546
154 547
548 549
550 149
551 552
553 554
555 556
557 558
559 560
561 562
563 564
565 188
566 71
567 568
569 393
570 196
571 572
573 574
575 576
577 578
579 420
580 581
582 583
584 585
586 587
588 91
589 590
591 147
592 593
594 198
595 596
597 598
599 103
600 601
602 99
603 604
605 606
607 608
609 610
611 612
613 614
615 616
617 618
619 620
621 622
623 624
435 396
625 626
627 628
629 630
631 632
633 630
40 634
635 636
637 626
638 639
640 222
641 642
643 644
645 646
647 648
56 192
649 650
651 652
281 653
654 384
655 656
657 63
383 658
100 659
660 661
662 49
663 664
665 666
667 668
669 527
670 671
672 673
674 675
676 590
677 143
678 679
335 680
681 682
683 271
684 17
685 686
687 688
689 690
691 692
693 694
695 696
697 698
300 699
700 386
701 702
703 704
705 706
707 708
709 710
711 712
161 702
713 714
715 716
717 718
719 720
721 295
722 723
724 472
725 726
727 661
728 729
730 731
732 733
734 735
736 155
737 738
739 434
740 741
742 743
744 745
746 543
747 748
749 750
751 317
752 753
754 755
756 757
758 759
760 761
762 763
764 765
766 767
768 769
770 771
772 773
774 775
776 634
777 778
779 780
781 782
783 784
785 786
787 393
788 789
790 791
792 793
794 795
796 797
798 799
800 801
22 782
802 803
804 805
522 202
806 807
808 5
809 49
810 811
732 789
520 812
813 814
815 816
817 818
819 820
821 822
823 824
325 825
826 827
828 367
829 830
831 832
833 834
835 836
837 200
838 839
840 344
841 842
843 844
845 846
847 848
849 307
850 851
852 853
854 855
856 857
858 859
860 861
862 863
864 865
866 867
868 668
869 861
870 871
872 873
874 875
876 877
878 190
879 880
881 720
882 883
662 508
884 885
886 659
887 251
888 889
890 891
892 883
893 15
894 895
896 897
898 899
900 901
902 903
904 905
906 907
908 909
910 911
912 913
914 915
916 501
917 918
919 428
678 920
921 59
922 923
924 925
926 853
76 927
928 929
930 931
932 332
933 934
935 275
936 834
937 938
939 940
252 941
942 943
681 769
944 560
945 946
947 948
949 950
951 560
952 953
954 955
956 957
852 436
958 959
314 960
961 962
479 963
964 965
966 967
968 969
970 971
972 973
167 974
975 976
977 978
979 897
980 981
739 147
982 983
984 985
986 987
988 564
989 990
991 918
992 993
994 995
964 996
997 990
998 895
999 990
1000 1001
1002 1003
1004 1005
1006 211
1007 1008
1009 259
1010 1011
1012 1013
1014 83
92 929
1015 608
1016 1017
1018 1019
1020 1021
1022 1023
1024 532
1025 797
1026 45
1027 576
1028 1029
1030 1031
1032 1033
1034 118
1035 202
1036 1037
1038 1039
1040 1041
1042 1043
1044 1045
1046 1047
1048 1049
1050 1051
1052 1053
1054 180
1055 1056
1057 1058
1059 1060
1061 1062
1063 1064
1065 1066
1038 1067
1068 1069
1070 1071
1072 1073
1074 1075
1076 891
1077 1078
1079 1080
1081 253
1082 1083
1084 1085
1086 1087
1088 61
1089 1090
1091 1092
1093 480
1094 396
1095 1096
1097 1098
1099 1100
1101 820
1102 81
609 1103
1104 1105
1106 960
1107 1108
205 1109
1110 134
1111 1112
1113 883
1114 978
1115 240
1116 1117
1118 1119
1120 1121
1122 668
1123 220
1124 303
1125 157
1126 1127
602 1128
1129 216
1130 969
599 1131
1132 1128
563 1133
1134 1135
1136 1137
1138 632
1139 1140
1141 1142
1143 1144
329 1145
1146 1147
1148 587
1149 1150
121 1151
1152 786
1153 506
1154 207
1155 1156
1157 13
1158 521
1159 516
1160 1161
1162 376
1163 1164
1165 77
1166 1127
1157 1167
1168 1169
1170 1017
1171 111
1172 1173
1174 1175
1176 1177
1178 1179
1180 1181
1182 891
1183 1184
1185 993
1186 1117
1187 1188
520 745
1189 1190
1191 1192
1193 1194
1195 1196
1197 1198
1199 1127
1200 11
321 1201
1202 1142
986 1119
1203 1204
1205 1073
1206 1021
1207 1208
1209 1210
1211 1212
1213 484
1214 1215
1216 873
1217 1218
1219 1220
1221 525
1222 1223
1224 1225
1226 1227
1228 1229
1230 209
1231 1232
1233 1234
1235 1204
1236 218
1237 1238
1239 1240
1241 532
1242 1109
1243 1244
1245 216
1246 718
1247 1248
1249 1250
1251 1252
1253 1142
1254 1255
112 1256
1257 1258
1259 1260
1261 1262
1263 1161
1264 1265
1266 741
1267 759
1268 1269
1270 1271
397 1053
1272 1273
1274 686
1275 503
1276 486
1277 1278
1279 255
1280 1281
1282 899
1283 664
485 1284
1285 1232
1286 1287
1288 1289
1290 990
1291 1292
1293 1294
715 875
1295 218
1296 317
1297 1298
1299 301
1300 413
1301 155
1302 1303
1304 61
1305 1098
1306 1307
1308 1309
1310 297
700 1311
1312 1313
1314 1315
1316 1317
1318 1319
1320 211
1321 1322
1323 1324
1325 399
16 1326
131 1327
908 1328
1329 1330
1331 1332
1333 976
1334 925
1335 1336
1337 1338
1339 1340
1341 1342
1343 1145
1344 1345
1346 1347
1348 1349
1350 1351
1352 1353
794 1354
18 1355
1356 639
1357 1358
1359 963
1360 1361
1362 1363
1364 1365
1366 1367
1368 1363
1369 1370
1371 632
1372 1373
1374 1375
1376 543
1377 1378
1379 891
584 1380
1381 1382
1383 1384
1385 399
1386 1387
114 27
1388 1389
1390 218
1391 240
1392 920
1393 71
1274 341
1394 1395
932 326
1396 228
1397 1398
1399 1400
1274 698
1401 1402
1403 1404
1405 91
1406 1067
1245 279
1407 1408
1409 525
1410 857
1411 257
1412 65
1413 466
1414 420
1415 472
1416 63
1417 299
1418 1419
1420 59
1421 1269
1422 704
1285 1423
1366 1424
1425 1426
1427 365
1428 1429
1430 1317
1431 1432
1433 1434
1435 1436
1437 1438
1439 905
1440 1441
1442 1443
208 778
1444 1445
1446 1447
1448 1144
1449 1450
1451 361
1452 1453
1072 1454
1412 1455
1456 562
1457 324
1458 775
1459 1460
1461 319
1462 1463
819 391
1464 1465
1466 1467
1468 1469
1470 501
1471 797
1472 1330
1473 1474
1475 1476
1477 1478
1479 1480
1481 793
1482 1483
1484 1485
1388 319
1486 293
1487 1488
1377 1489
1490 176
1491 1492
1493 1494
1495 1496
1497 1498
1499 293
1500 576
1501 1262
1502 996
1503 1504
1505 1404
1506 506
1507 1370
1508 29
1509 1510
1115 1511
1512 1513
1514 642
1515 91
1466 1516
1517 1518
1519 702
298 1520
1521 1382
1522 648
1523 1524
1525 91
1526 1527
1528 1529
1530 1531
1532 628
1533 1534
1535 1469
1536 990
1537 576
1538 1539
746 1540
1541 1542
1391 226
1543 147
1544 1545
1546 1547
1548 1549
1550 1551
1552 797
1553 315
1302 675
1028 399
1554 1555
1556 1557
1558 1559
494 1560
1561 95
843 1562
1563 1564
1565 918
1418 1566
1567 895
1568 198
1569 624
1570 198
1571 1572
1573 1574
1575 1576
1577 1578
1579 53
1580 93
1581 1119
1582 1583
1584 1585
1586 824
1587 1588
1589 1590
1591 1184
1592 626
1593 1594
1595 1596
1597 77
845 283
1331 1598
1599 1019
1600 1601
1602 1603
1604 1480
331 1605
1606 1607
1608 1609
1610 1611
1612 1613
1614 1144
1615 407
1616 1617
1618 927
1619 1620
1621 1576
1622 1119
1094 1623
1123 340
1624 1625
1626 1627
1628 1629
1630 1631
82 1051
1632 1633
1634 1635
462 1342
1636 618
1637 1638
1639 1640
433 644
1641 480
1642 1469
1643 1644
1224 1645
1646 626
1647 658
1648 1649
1650 1651
1652 960
1653 1654
1655 1645
1656 1657
1658 378
1659 1660
268 564
1661 1307
1662 1663
1664 1562
1665 1666
1667 1668
1669 1670
1671 1672
1236 1673
1674 1675
1676 1677
1678 604
1044 1679
1680 1373
1681 1317
1682 1683
1684 1685
589 593
1686 1687
1688 1294
1689 1690
1691 1151
1692 1693
1589 1694
1695 297
1696 1697
1698 1699
1700 1701
1702 1703
1704 33
1705 55
375 255
1706 897
1707 1708
1709 1710
1711 1625
1712 1713
1570 622
1714 1572
1715 1716
1717 349
1718 953
1719 1720
1721 1722
1723 889
1724 1620
1725 436
1726 1727
1728 1398
1729 1730
1731 1732
1733 1734
1686 1735
1736 1737
1738 1594
1739 1395
1740 1741
1742 1743
1744 1743
1745 1562
1746 1354
1747 867
1748 155
1749 480
1750 1751
1752 184
1753 1754
1755 1756
1757 174
1758 712
1525 486
1759 1760
1761 1053
1762 1763
1764 1694
1386 1559
1765 506
1766 341
1767 1127
1768 1005
951 1769
1770 1144
1771 604
1772 1773
1774 71
1775 1776
1777 791
1778 848
1779 37
1780 1781
1782 376
1783 1784
1785 1786
1787 620
1788 1613
1789 441
1790 1210
1791 1489
1792 180
1793 1794
1795 931
1796 1797
1798 1627
1799 714
1800 43
829 1801
1802 1424
1750 514
1803 1588
1804 716
1805 355
1806 978
1807 83
1808 1229
1809 1810
1811 1812
1813 1814
1815 941
335 1816
1817 1638
1818 176
1819 234
1820 1821
1822 29
412 1823
592 704
1824 1489
1825 1137
1826 976
876 851
1827 1128
1828 1829
1830 1831
1832 328
1833 1232
1834 993
1835 960
1836 1092
1837 1838
1839 1685
1840 1625
1841 1355
1842 1843
1844 1845
1846 1847
1848 729
1849 1455
1850 422
1851 3
1852 1853
1854 107
1855 1856
1857 51
1858 1859
1860 1513
1861 1423
1862 763
1863 1864
1865 718
1866 1867
1868 1869
1870 1871
1872 1215
1873 287
1874 186
1875 953
1876 157
1877 1878
1879 1064
1880 965
1881 1882
1883 844
1884 1588
1885 1886
1887 1888
1889 275
1890 1891
173 460
1892 1687
1893 967
1535 1248
1894 1895
1896 1897
1898 1899
1900 1363
1901 1902
1903 848
1904 1905
1906 1562
1907 940
1908 1909
1910 1911
1912 1638
217 897
1913 1914
1593 735
1915 848
1916 505
1917 1918
1919 718
1920 1921
1922 89
1923 1389
1924 1925
1926 1927
958 948
649 688
1928 1596
760 1929
1930 505
1931 287
1932 1933
1934 1935
1936 1937
1938 372
487 830
1939 642
1940 1941
1942 1673
1943 1083
1944 1945
1946 382
1947 851
1948 1949
1950 1679
1951 1773
1952 277
1953 1954
1479 1955
1956 1957
1958 1959
1960 983
1961 1962
1963 1529
1964 283
1965 686
1966 1453
1840 405
1729 1921
1967 1927
117 941
1968 1969
1970 116
1971 1583
1459 45
1972 480
1973 1974
1975 587
1976 1977
1665 257
1978 1701
1979 1980
1981 718
1982 1190
1983 1984
1985 1426
1986 1987
242 162
850 659
1399 1988
1989 143
1990 1991
1992 948
1993 1994
1995 775
1543 1996
1997 1998
451 238
1999 543
2000 750
2001 2002
2003 1340
2004 2005
2006 2007
2008 716
2009 2010
2011 2012
2013 2014
2015 805
1444 2016
2017 2018
2019 209
2020 213
2021 1133
2022 1735
2023 1404
30 2024
2025 1232
2026 2027
2028 2029
2030 2031
2032 2033
1822 2034
2035 261
2036 2037
1022 661
2038 430
1575 2005
575 1812
2039 1367
2040 49
1893 2041
2042 2043
2044 2045
2046 1663
2047 2037
2048 1629
2049 2050
2051 336
2052 1737
2053 2054
2055 1722
2056 2057
1661 344
2058 1781
2059 293
2060 634
892 2061
2062 1640
2063 1937
2064 1354
2065 1045
2066 2067
2068 2069
2070 587
2071 1925
2072 585
325 332
2073 456
939 1547
2074 1252
2075 1474
2076 1309
2077 1145
2078 1847
2079 2080
2081 2082
2083 2084
2085 2086
2087 218
2088 780
312 1238
2089 155
1944 2090
2091 2092
2093 630
2094 2095
2096 741
2097 2098
2099 2100
2101 875
2102 295
2079 196
2103 319
2104 1447
1757 1338
2105 105
2106 2107
2108 1156
2109 1478
2110 1080
2111 793
2112 2113
2114 2115
2116 2117
1589 2118
2119 608
2120 506
1195 2121
2122 2123
2124 2118
2125 1108
2126 546
2127 1436
2128 2129
2130 1911
2131 830
2132 37
2133 2134
2135 1812
2136 2137
2138 2100
2139 2140
2141 1212
2142 405
2143 2144
2145 1053
2146 622
2147 2148
1466 124
2149 2150
2151 1867
2152 1763
2153 222
2154 2155
2156 2157
2158 466
2159 943
2160 265
2006 1730
2161 1823
2162 1843
1798 1429
2163 2164
2165 626
2166 2167
2168 2169
2170 1167
2171 2172
2173 1760
2174 2175
2176 59
1251 1957
1813 578
2177 299
2178 1208
2179 2180
754 240
2181 1853
2182 1905
2183 1156
2184 317
2185 2186
2187 1921
2188 2189
707 2057
2190 710
2191 2192
2193 1404
2187 2194
2195 1103
1124 1112
2196 1103
2197 1011
2198 1954
2199 2200
2201 2010
2202 2203
2204 1145
2205 2206
2207 1324
2078 2208
2209 1578
2210 795
2211 2212
2213 2214
2215 2216
2217 1117
2218 1864
2219 814
2220 938
2221 371
2222 2216
2223 673
2224 2225
2226 934
2227 2228
2229 1108
2230 2100
2231 1784
2232 291
2233 172
2234 2235
1486 1540
1122 1354
2236 554
2237 560
2238 1227
2239 1760
2240 1181
2241 2242
2243 2244
2245 279
2246 134
2247 1287
2248 1516
2249 2250
947 959
2251 718
687 716
2252 2253
2254 731
2255 2256
1015 2257
2258 1389
229 2259
2260 25
2261 2262
2263 2113
2264 818
2265 2266
2267 2268
2205 786
1971 2269
2270 2271
2272 2273
2274 1011
2275 723
2276 2277
2278 2279
1885 2280
2281 1292
2282 168
2070 1478
2283 2284
2285 2286
2287 2288
2289 1962
2290 2291
1544 2292
2293 255
2294 2295
2296 93
2297 2298
2299 463
2300 1673
2301 207
2302 2303
2304 2305
2306 1816
2307 1867
2308 257
2309 2288
2310 1786
2311 2312
1383 2313
449 608
2314 2315
2316 2317
2318 987
2319 2320
1006 2321
2322 666
599 653
2323 1167
2324 2325
2326 2327
2328 2329
1599 2259
2330 1914
2331 875
2332 2333
1906 844
2334 2335
2336 2337
1084 2338
2339 2340
1401 307
2341 1645
2342 2343
2344 2345
2346 2347
1203 2348
342 1957
2349 1351
2085 2350
2351 2352
1007 2271
645 2353
2354 355
2355 554
2356 2208
2357 1905
2358 624
2359 1871
2360 166
2361 2362
2363 634
1874 1198
2364 692
2365 608
2366 1590
2367 2368
2369 1520
219 1921
2370 1294
2371 1033
788 733
177 1438
1411 940
1550 2345
2372 1404
2373 287
2374 1284
2375 2376
2377 2378
2036 807
2015 2343
2379 883
2380 2381
108 1480
2382 209
40 2383
2384 2362
2385 799
1139 1313
2386 2387
2388 1737
2389 2390
2391 2392
1182 303
2393 1878
2394 2395
2396 1933
2397 1067
191 428
2398 646
2399 1338
2400 1483
2401 2402
683 1426
2403 1864
477 1816
2404 2405
519 2406
2407 585
1747 1349
2408 1895
2409 1062
2410 293
2411 1730
2412 1087
2413 2414
2415 1208
2416 576
2417 1902
2418 971
2419 2045
2420 83
2421 2422
2423 2291
2424 287
1484 2425
2426 309
2427 2428
2429 2430
2431 2432
711 1638
2433 940
2434 598
2435 656
2436 2437
1652 723
2438 2439
2440 443
1692 974
2441 1987
2442 172
2281 1303
2443 452
2444 895
2445 903
2446 1255
2447 1654
2448 1151
2449 218
2450 107
2451 1988
2452 153
2453 2454
879 2455
2456 2405
1553 265
2457 1480
1824 2458
2459 2460
1961 1051
2461 486
2462 2463
2464 2043
171 2465
2466 2129
2467 186
2468 271
2469 2470
2471 372
2472 2473
1082 1663
2474 2353
2475 634
2476 2477
2478 257
2479 2480
2481 291
2482 1177
2483 1041
2484 1273
2485 1142
2486 2327
90 626
2487 2488
2489 771
1772 2490
2491 411
2492 2493
2494 981
1257 176
2495 63
2496 293
2497 2498
2499 1156
1989 1121
1790 1853
1731 1927
1226 1727
2403 484
2301 1031
1865 7
2500 1049
2501 2502
2503 2504
2176 393
2505 2506
2507 2037
2508 489
2207 905
2509 2510
74 83
2511 2512
215 279
2513 1620
2514 1326
902 1353
2199 322
2515 564
2516 1177
1748 1047
2517 955
2518 247
2519 1679
2520 1140
1159 1327
2300 143
2521 1578
2522 2523
2524 2525
2526 2477
2527 1292
2528 2529
2046 21
2530 2529
2531 2532
300 839
2533 1147
2064 2534
2535 2536
2537 2118
2538 1677
2539 463
2540 2541
2542 2502
2543 1175
2389 2113
2544 2315
2545 136
2546 959
2547 1062
2548 1078
50 255
2549 2550
2551 1361
2552 2553
2554 1319
2555 2556
2557 2558
2559 1991
2328 2284
887 1173
886 2338
2560 2561
2562 1531
2563 130
2564 2565
2566 2567
2568 2569
2570 2107
1371 2571
1717 1450
2572 680
2573 2574
1197 186
2575 1370
2484 1623
469 875
2354 757
2221 2576
2577 1494
2359 608
2578 704
2579 2580
2581 562
2582 2583
2584 97
2585 2586
2587 2588
2589 1645
2590 626
2591 1196
2197 2592
2163 2593
2026 2250
2594 2595
2596 2597
2598 1049
2599 439
2600 2601
2602 2603
2604 801
1451 2605
2606 1354
2607 1539
2608 1699
2609 2129
1302 2610
2108 2069
2611 1103
2612 2144
2613 2614
2615 338
2616 1319
1939 587
453 1945
2617 1049
2618 382
2619 757
2620 2621
2622 1954
2400 2623
2624 2625
2626 2169
2627 780
2628 2629
567 2630
1026 164
2631 2632
2633 767
2634 2194
2635 164
2636 634
535 895
2637 99
2638 2639
1930 1121
2640 1988
2641 1677
2642 1292
1310 2643
2003 2644
2645 482
2646 1389
2647 1683
1855 2648
2649 1601
2650 690
2651 2652
1724 2498
2653 865
2070 1878
2654 61
2655 541
2656 759
2657 399
2658 1760
2659 2660
2661 2662
2663 2664
2665 630
362 2666
2667 1996
2668 2669
2670 929
2671 1
1822 1613
2672 801
2673 2574
565 2623
2674 11
2675 1524
2676 2498
1953 1994
2677 1623
2678 79
2679 1225
2680 2681
2682 1309
2683 1945
2684 2685
2686 2687
2688 1478
2689 761
2690 1234
426 118
2691 2014
613 2692
2693 2694
2695 2696
2697 686
2698 1498
2699 2387
2700 2701
2702 1498
2703 2630
2704 39
2181 1322
2705 85
165 378
2706 2050
2707 2439
2708 1225
2709 521
2710 2711
1854 103
2712 726
2713 2714
2715 1732
2716 371
2717 1797
252 1085
2521 1447
2718 927
1213 1071
510 723
2719 2720
2721 2722
2723 1474
2724 1601
2725 2726
2727 818
1947 576
2728 1212
2729 581
744 812
1761 1520
2370 1287
2730 2731
2732 2733
2734 196
2735 2736
2093 801
2737 630
2738 564
2739 222
2740 1167
1709 2741
2742 160
2743 1720
2744 1317
1765 1998
2745 2746
2747 1588
417 2748
2749 1198
1228 2603
2750 2751
2752 384
1830 610
2753 2250
2754 848
2755 190
2756 409
2757 130
2758 2335
497 1047
2204 950
2759 2760
2761 1039
831 2762
2763 962
968 962
2764 1400
2765 2766
2767 803
2768 2769
2770 2523
2771 899
2326 521
2772 2340
2773 2774
2775 2458
2776 2777
2778 2137
2779 1763
1471 61
2780 2781
2782 626
1530 1108
2783 2784
2785 1336
540 126
2786 2787
858 1204
2788 2113
2789 2790
1973 1402
2791 2792
2793 452
2794 1590
2795 624
892 1829
462 2043
2796 1786
2797 2798
2301 2629
2670 1727
2799 2800
2801 816
2802 2652
2265 2257
1242 2803
2804 346
266 2054
2805 45
2806 1685
2807 2808
2809 101
2810 718
321 263
2811 2812
2813 1921
1493 1909
2814 644
2815 2333
2816 1909
725 983
2817 2787
2818 141
2158 2819
496 157
2789 1436
2038 2820
1526 344
2821 827
2552 2822
2823 1998
2824 1043
2825 2826
2827 2828
2829 2286
2830 793
2831 1897
2832 2701
2833 1732
2834 1108
747 1169
2835 646
2836 2837
2838 432
1026 2523
854 2034
2839 2840
2364 2273
2841 2312
2842 458
1267 491
972 1220
2843 2844
1046 2845
2846 918
1898 1419
2847 2614
2848 109
2849 799
2162 2669
2850 2851
2852 741
1139 2853
2854 1902
2855 267
1305 1899
2856 1041
776 2470
2857 2629
2858 2859
2860 1921
2861 1991
2862 1177
707 120
2863 495
2864 2865
1621 2866
2867 2868
2869 2870
2871 1673
2872 2504
2873 931
2874 2875
2876 2337
2877 2057
2878 1534
2879 1737
2880 976
2881 425
1405 172
2882 2498
2124 1694
2883 2010
2697 1292
2884 2669
2885 2886
2887 1361
1552 2648
2081 484
2888 2652
2889 2890
2891 2892
2893 1169
2894 2895
1764 1590
796 1769
1110 2896
2897 2898
2899 2900
2901 2902
2903 2904
2905 2800
2906 97
2907 1607
2908 1694
2909 2910
2585 361
2911 1760
2912 2913
2914 940
1880 2623
2915 2266
2916 287
841 2917
2918 2919
2920 157
2921 1498
2922 194
2923 2924
663 2925
2926 1843
2927 2701
2928 2477
2929 2930
2931 2194
2932 554
2933 2664
1674 2180
2934 1590
2935 200
80 1510
248 761
2252 1763
2936 2937
2938 1100
2939 2368
2940 1145
1185 1281
2941 969
2942 2943
2944 1469
1561 969
697 1105
2945 1520
921 696
2946 2947
2948 493
2949 1238
2950 2286
2951 1017
2952 1480
1422 1657
2953 1053
2709 901
904 2954
2955 367
500 1609
2956 814
2957 2958
1178 409
2959 2960
2961 295
2962 2623
2963 2129
1725 2586
2964 1596
790 2350
2965 506
2966 1929
2967 1238
2968 2969
2254 704
2560 2970
1568 269
2971 1797
2972 1336
2973 2529
695 784
2974 128
2975 2976
2977 2978
1376 2851
2979 2666
2980 885
1875 666
2981 287
2982 2567
40 2983
494 236
513 889
2984 330
2985 2986
2210 122
2987 1878
736 1047
2988 1003
2989 505
2990 2012
2991 166
2992 2853
1366 2639
2993 2460
2994 2350
2995 590
2996 523
2997 1812
2998 79
2921 690
2999 213
3000 259
3001 3002
3003 2610
3004 889
3005 3006
3007 1234
3008 3009
3010 714
3011 1234
3012 2593
3013 3014
3015 359
3016 871
3017 3018
3019 1504
3020 418
2505 706
2977 1949
280 1998
3021 690
3022 1324
823 454
419 3023
3024 1220
3025 1039
3026 3027
2776 628
3028 3029
3030 2113
3031 2317
3032 3033
3034 891
781 769
3035 976
896 1489
2645 3036
3037 3038
3039 344
3040 659
3041 2353
3042 2129
3043 1175
3044 1190
1333 2558
3045 953
2384 1996
3046 1585
1086 1756
2538 656
1779 3047
3048 846
3049 1105
2311 3050
3051 981
3052 556
2486 562
3053 3054
3055 3056
3057 1693
2283 2787
751 172
854 1730
1628 2536
2881 3058
3059 176
481 3036
3060 532
3061 1769
2302 3062
3063 604
3064 3065
3066 943
1081 3067
3068 1227
3069 1019
368 962
3070 1735
515 1327
387 1039
2773 1244
3071 155
3072 805
2772 891
3073 3074
3075 484
3026 536
3076 319
3077 2954
3078 2924
2562 1911
3079 1730
928 1727
3070 2900
3080 143
3081 207
3082 3083
3084 3085
3086 1315
3087 445
3088 3089
1948 2978
3090 2098
3091 1181
3092 371
2429 511
3093 661
3094 2390
3095 1145
817 67
3096 3097
3098 2896
3099 326
3100 2439
3101 1847
115 987
3102 857
3103 659
2424 3104
3105 1109
3106 1073
3107 188
912 2107
2518 1843
2361 1611
3108 3109
3110 220
3111 3112
3113 3114
3115 1763
2209 37
3116 853
2141 160
1055 251
3117 2465
3118 2800
3119 1336
3120 3121
3122 659
3123 3124
3125 985
597 3126
3127 472
3128 1019
3129 3130
3131 2090
3132 541
3133 1087
3134 1703
3135 1620
3136 291
3137 3138
3139 2787
3140 3141
3142 2129
2824 973
3143 3144
3145 3146
3147 2095
3148 656
3149 369
3150 3151
3152 745
3153 508
235 3154
3155 2488
3156 891
3157 1147
3158 1905
3159 3160
1414 1945
429 1699
2752 658
3161 2913
3162 3163
3164 3165
3166 2392
1774 556
2587 3167
1591 857
3168 2886
3169 1355
3170 1588
3171 626
3172 771
3173 2731
3174 149
910 1408
3175 1891
3176 1675
3177 3178
2260 65
3152 1067
3179 2428
3180 1869
3181 855
3182 67
3183 1234
1399 448
3184 1949
3185 1732
3186 271
92 1265
3187 3188
3189 1208
3190 1049
3191 3192
3193 755
1761 299
1318 2875
3194 1710
3195 2117
3196 198
3197 1476
3166 3130
557 15
3198 511
3199 1531
3200 2890
3201 604
3190 3202
926 795
1940 3188
296 245
3203 1492
3204 761
3205 2277
2472 1737
1477 2601
3206 3207
647 1177
2817 3207
3208 3151
3209 3210
3211 85
1163 2463
3212 2664
3213 1685
3214 265
3031 3215
3216 1349
711 568
662 2694
3217 1083
2922 3218
3219 2050
3220 748
749 1737
3221 1666
2749 1542
1951 1432
3222 786
2557 899
3223 706
3224 2277
3225 178
3226 460
3227 2766
3228 3229
3230 716
3231 2621
1752 1814
2176 2069
3232 971
2407 2731
2675 1156
3233 527
3234 1732
2832 176
2409 1017
838 1353
3235 934
3236 91
3237 291
3238 357
3239 2800
3240 2558
3241 1716
3242 1998
3243 686
3244 1049
3245 1436
3246 2954
2519 899
2178 3247
994 1212
3248 1690
3249 1332
3250 1047
3251 562
3252 428
1615 2751
3253 71
3254 3062
2923 3255
2860 2194
2388 750
3256 3257
3258 2368
3259 3260
672 2597
358 3261
3262 186
2240 3263
3264 1336
3265 2268
3266 1345
2044 1380
3267 396
1600 2541
3268 1173
3269 2937
3270 2924
3271 322
3272 1666
3273 218
242 702
3274 1511
3275 2262
3276 543
3102 3277
900 598
3278 2082
2546 2808
3279 105
3280 765
3281 1540
3282 91
3283 1255
3284 59
3285 2262
3286 3287
1554 1112
3288 2256
461 2381
3289 3188
3290 1085
3291 1447
3292 3293
3294 91
2102 789
481 346
3295 3296
3297 626
1148 743
2575 3121
3298 1445
3299 2325
3300 1988
3301 263
3302 3303
3231 1941
3304 1232
3305 1769
3306 3307
3308 2352
2815 222
1206 164
1411 27
2727 2714
3309 913
2791 245
3310 692
3311 3312
3313 1105
3314 136
3315 3023
3316 3317
1676 877
868 2107
1302 3056
2814 2741
3318 830
3319 3320
3321 313
3322 460
2562 2571
3323 523
3324 1640
3325 105
3326 3327
2423 2189
3328 3023
3131 3329
3330 759
3331 1603
3332 99
3333 576
3334 2583
1674 3335
3336 598
3337 1008
3338 139
3339 458
3340 1732
3341 322
2785 3065
3342 3192
3343 710
2641 656
1209 1853
2440 950
3344 3345
1348 867
2677 853
559 1066
3346 699
1892 474
1217 1773
2094 2480
288 3347
3348 1013
3349 439
3350 1991
2000 2473
3351 3352
3353 549
2835 476
2974 3062
3354 3296
3355 738
3356 905
2162 883
3357 1716
533 1596
3358 741
3359 2571
3360 634
1656 3361
3362 3363
3364 3365
2950 822
3217 596
3366 75
3367 2898
603 1220
3368 1743
2001 3369
3370 168
3371 3202
3372 3047
3373 31
3374 3375
2446 3376
3377 291
922 3033
3378 1829
3379 116
3380 344
30 95
1783 1131
3381 1494
3382 2437
2111 3383
3384 1011
3385 855
1707 1173
3386 1029
2064 668
3387 141
3388 598
2723 328
3389 3390
2839 1117
3391 2100
2959 1284
1473 1996
3392 2523
3393 251
878 77
3394 523
3395 901
3396 3397
2725 1455
3398 15
3399 1327
2730 3400
3401 1962
3402 1722
847 1164
3403 501
1499 380
3404 1326
3405 2214
3406 3407
2464 1342
3408 2913
3409 1058
3410 3085
3051 529
3411 1105
3412 825
3413 1255
1854 505
1938 416
3414 1488
3415 1675
3416 3417
3418 2458
3419 765
2521 712
3420 27
3358 2340
3421 3303
2424 1955
3422 1510
342 2084
3423 2792
3424 3425
3426 2969
3427 313
3428 1816
611 2320
3429 3430
272 3431
2835 3432
3433 610
3434 3435
3268 3436
3437 209
3438 61
3439 1307
3440 2117
3441 3442
1570 269
3443 574
3444 857
276 491
205 3089
3445 2157
3446 1672
3447 795
3448 735
1329 307
3449 3450
3322 1338
2472 750
3451 508
3452 976
3453 3050
3454 3455
3456 1891
3457 885
3458 590
3459 2225
2961 2235
3460 1096
1874 2061
3461 182
3462 2736
3463 995
2703 1638
1680 3464
3465 720
3466 634
30 1260
3467 3468
3469 355
3470 2943
2154 1225
3471 1469
3472 839
3473 394
3398 3474
3475 1551
3476 1687
3477 905
997 2812
3478 1133
3479 3480
2695 1496
2063 2329
3481 2597
3482 2280
3483 3484
3485 27
2540 1596
1034 1395
1778 194
3486 1954
3487 1309
3488 1053
3489 472
3490 2983
1739 820
3491 287
1711 405
3492 2113
3493 136
3494 3495
1775 2333
3496 1324
3497 963
3498 2337
3499 3083
3500 224
3501 911
2832 3502
3503 3504
3505 2321
705 2460
3506 2268
1203 1281
3423 476
3507 2266
3508 454
3509 2291
1753 981
3510 2777
3511 903
3512 2054
3513 3514
3515 2439
3516 166
3517 3347
1907 2625
3518 1083
2699 3519
3520 2291
302 1555
3521 3522
1113 1843
1477 1878
3523 2844
3524 2144
3525 495
3526 3074
3527 848
3273 1673
40 2470
3528 3006
992 3529
2668 1198
792 1051
3530 2986
3531 3532
2710 1781
3533 484
3534 3435
3535 915
3362 708
3536 2347
3537 265
2878 2714
3538 529
3539 3
2415 3202
3540 236
3288 3431
3064 628
1842 3522
3541 3542
3543 1649
3544 505
3545 3502
3546 604
3547 3548
3492 2256
3549 3550
3551 2050
3552 1810
1391 1365
3553 735
3554 259
3096 3277
3555 1631
3234 950
2500 2669
3556 2919
2654 1810
3557 1188
3558 2648
3559 291
3560 1121
3561 422
3562 1974
1057 2766
691 432
717 7
0 470
1718 1128
3563 3564
3565 2305
3566 2603
3567 1432
3568 1443
1726 929
870 1208
3569 2746
3313 1395
1290 1735
3570 923
3571 1625
3572 765
3573 448
3574 2597
2985 3575
3403 2212
3576 1701
3577 3578
3448 1984
3579 2954
3580 1527
2742 1549
3581 3582
3583 789
3584 596
3193 240
3585 1342
3586 3587
3588 190
1956 2084
1442 1328
3589 1555
3187 1941
2160 2504
3281 293
3590 718
3591 1929
3592 279
3593 149
3594 2777
3595 1496
3596 883
3597 2632
3598 3599
3600 1284
3601 1878
3602 1732
3603 3604
3605 367
2742 81
3606 486
3607 2157
2058 2711
3608 499
3609 2455
3610 63
2658 1585
225 1498
449 2257
3180 518
3611 899
3612 1675
999 3613
3614 885
3615 1347
787 3616
3617 1419
2786 2284
3614 2315
3040 851
3618 2014
3619 1478
3620 1660
304 1510
3621 1309
3622 277
3623 822
3624 2610
2999 2853
3625 2129
471 1489
3299 1365
3626 2298
3627 3604
2446 1167
3628 2034
3629 3630
3631 726
2246 41
3632 170
2738 1737
2274 3083
2531 950
3633 913
2503 556
1470 1384
3634 277
3635 1240
1168 3636
3637 83
3638 3109
3639 716
3640 2597
3641 2460
1314 3642
689 401
3643 1327
977 3644
3645 1516
3147 3646
3647 2741
2025 1408
3648 1847
3649 820
3650 2082
3651 2107
1706 1252
3652 1340
3653 1594
2876 3654
3655 708
1148 784
1608 2913
3656 147
2990 162
1297 3657
3658 27
3659 2493
3660 3661
3662 1918
3663 3664
1226 2155
3665 1969
3666 3138
3667 1315
3668 759
3669 3109
3670 3671
3672 2129
3673 2271
3674 3263
1650 1598
2249 630
3675 3676
3566 1229
1231 911
3677 3229
3678 2086
3679 220
2323 1255
3680 218
2739 1776
3681 1265
3682 143
3683 3684
3685 2095
40 2621
3686 773
1610 795
2602 2826
737 3687
3339 3688
800 630
3689 341
3690 134
3691 574
3692 1227
3693 403
1341 443
1283 1423
3319 2623
3694 2597
3695 2117
3696 953
3697 1631
3698 1131
3481 1269
2211 1069
3690 2913
2697 3006
3699 391
1780 2711
685 1292
3590 1531
1740 905
1061 3700
3113 1443
3701 2529
3652 2947
2079 2279
3702 236
3703 1167
3704 3705
3706 3707
3708 1133
1771 172
3709 2714
3710 2567
3711 307
3712 1375
1125 1255
1290 2473
849 2175
3713 3714
3715 1326
970 1998
3716 1540
2399 2865
2809 1962
3717 3718
3719 202
3720 2488
3721 226
3722 525
1006 2826
3723 3724
3725 990
3568 460
1329 1402
3334 925
3573 1400
3726 729
3727 2327
3728 3112
3729 2329
3730 1613
2260 1666
3731 2865
3732 1821
3733 3036
3734 1685
3735 955
2934 2960
3736 836
3737 2057
3738 3739
833 1169
3740 1103
3741 2203
2471 2629
1372 1212
3742 75
3743 2430
3744 3745
3746 1590
3301 1001
651 855
3638 1631
3747 3748
3749 456
3750 73
2755 943
3751 959
3752 3163
3753 1338
3754 13
2264 3755
455 3756
1503 3757
3758 1596
3759 3760
3761 532
3762 2353
3763 616
1282 1918
3423 646
3764 1585
3765 1485
1767 1201
3766 3767
3768 2414
1247 1469
3769 624
2307 583
3770 3138
2201 1210
3771 753
3515 568
1246 200
2531 3676
3772 3773
1762 2576
3774 731
890 226
3775 3776
2496 3777
3559 2465
3778 2383
2399 604
2183 2121
3779 245
3780 1629
3781 275
3782 2681
3783 176
3784 710
3785 1713
475 3432
3786 1679
3581 1823
3787 981
3788 2845
3789 232
488 834
3790 299
3791 855
3792 3793
1114 1895
3118 2010
3177 659
3794 59
2548 1062
1515 927
3795 81
3796 2868
3797 2312
3798 1722
3799 1181
2449 897
3800 1716
3801 2172
2611 2865
3802 151
1771 1927
3803 3756
3804 652
3805 1594
2397 745
3806 799
3787 443
3807 871
1975 1878
3808 891
3809 1338
1582 1797
488 2960
3280 43
3810 124
1934 539
3279 969
3811 2798
3812 1991
3813 2428
3814 3442
2674 1776
3183 2321
3815 341
2634 1005
3816 1542
3617 2731
3817 1345
3818 620
3819 541
3820 658
3821 269
233 3822
3823 1060
3824 1677
3825 3826
3827 3828
3829 2034
3830 3831
3832 782
3189 3202
3833 632
3834 3646
3835 2137
40 2313
3213 753
3836 277
3368 2180
2011 2588
3837 2390
3362 690
3838 871
2497 2155
3839 822
1942 126
3840 780
3841 3842
530 434
3843 1150
3690 2896
1407 911
2528 3844
3845 1991
3846 311
3518 2480
3847 1542
3848 593
1915 1164
3849 593
509 546
2190 3760
3850 839
284 1049
3851 861
3852 885
3294 1987
1134 3853
3854 1878
1630 3109
490 2395
2928 581
3251 895
3855 160
3539 2228
3856 1131
3857 128
3858 218
3859 891
3860 2696
3861 3417
3862 3207
3863 1161
3864 3218
3865 830
3866 1053
3867 865
643 434
258 1058
3868 3522
1027 626
3869 2586
3870 3664
3871 741
1057 1566
3872 430
3710 786
3873 2746
3874 901
3875 178
3876 460
3877 3636
3878 630
1487 1716
3302 3038
3879 3083
3880 466
3881 941
874 2692
2443 3882
3883 2597
3620 1085
3884 83
2202 3885
1876 101
3886 993
3887 2194
199 1690
3888 940
2656 234
3889 1878
3890 130
3891 690
3892 2043
3893 1673
2482 2080
3894 2529
1346 1640
3895 2576
2667 1474
3896 2726
1841 3575
3897 1201
3349 3898
3899 87
3900 2329
3901 1262
2702 226
2195 1053
3087 2200
1501 861
3902 1067
3903 1547
3904 2117
3905 2567
3906 2790
2191 2970
956 2100
3907 2033
3908 1008
2786 978
3909 541
3066 3519
3910 3911
3653 1485
3912 238
3913 1927
3914 2107
3915 3916
1982 3917
3918 1699
3919 1905
3920 3921
3922 3397
3923 1060
3924 2140
3580 666
3925 2256
1951 3054
3926 805
3235 3921
3927 1607
3928 1572
3929 1954
3543 35
623 3369
2219 3930
3931 1555
78 3312
3932 3933
2634 1441
3934 49
3935 2601
3936 2333
3937 3938
3939 3940
3941 2012
3942 1402
3943 541
1035 516
3944 786
3798 1625
3945 2164
3946 1260
3530 2115
3947 3407
3101 3178
3189 186
3948 2800
337 1897
3949 1977
860 1262
3950 1358
3381 1909
3951 192
3952 283
3953 222
676 359
3954 3955
3956 1083
3957 1083
3958 3587
3959 35
2758 1330
3960 1651
3961 1332
1456 2837
3962 188
3963 1980
3964 456
2668 1049
3965 2007
1917 2685
10 1776
1983 735
3966 230
3967 3968
519 2007
3429 359
3969 1929
3970 446
1170 382
980 529
3971 27
2867 2574
3869 2621
3972 1047
3973 3207
2590 3974
3975 1019
3976 2536
3977 2115
1890 1760
3978 564
3979 2720
1359 1794
509 1730
2238 1727
2608 3263
3980 3981
1553 2504
1680 1212
3282 3982
3983 1112
3984 393
3985 2787
3986 3745
3987 656
1457 2463
1807 943
3698 460
3988 716
3633 2107
1116 1867
3989 604
3343 139
1648 2736
3990 1223
3991 1797
3794 2601
3992 1367
3993 714
3994 2378
3995 29
1024 3938
3485 3054
3996 679
3997 1547
2946 1340
3998 322
320 446
3999 3329
4000 1941
4001 4002
4003 978
4004 1959
4005 2353
4006 2348
1862 4007
169 2378
4008 626
1608 1075
3414 1287
2299 1342
4009 2350
4010 3776
4011 2150
3833 2762
4012 97
4013 2766
4014 1605
4015 2681
4016 4017
4018 2866
4019 1988
2880 277
298 1053
4020 598
3331 943
4021 2571
3710 2186
4022 2029
4023 1654
3802 4024
2996 931
3024 3582
3804 855
4025 47
4026 3397
4027 2016
4028 688
4029 656
4030 3613
4031 1212
4032 4033
2554 4034
3181 652
3419 4035
3180 3033
4036 976
2650 708
4037 3542
4038 2203
4039 107
4040 612
2261 243
930 523
4041 1328
2570 3529
4042 3312
4043 1443
2106 3529
2606 795
4044 2976
4045 639
4046 1504
1577 4047
4048 2321
264 2312
4049 3974
1658 2329
970 506
4050 2784
3658 257
2636 4051
4052 326
4053 2561
2344 1685
3286 1498
4054 53
2763 369
1123 918
3282 1732
4055 1109
936 489
1360 1888
2984 2917
4056 1382
4057 2629
4058 907
4059 1137
4060 2100
4061 1998
4062 1248
2887 170
4063 960
2953 4064
4065 3261
4066 3688
4067 1013
3358 891
4068 4069
3641 2512
325 2084
3602 1699
4070 3718
3221 257
1009 953
3721 2325
4071 718
1924 1513
4072 1518
4073 2057
4074 448
4075 446
4076 1192
4077 2550
4078 275
4079 3347
4080 1603
4081 1555
370 960
4082 626
1595 534
4083 234
4084 190
1374 1516
4085 909
3730 2034
4086 973
2053 3038
4087 37
3697 1119
4088 1557
345 47
2158 1607
2185 2567
4089 103
2128 3407
4090 1215
1503 118
4091 4092
4093 780
4094 543
4095 2362
4096 1073
4097 2800
1305 976
4098 109
3157 967
2410 380
4099 1672
4100 518
4101 2886
4102 1480
3928 1651
4023 702
4103 993
3888 604
4104 101
3651 2200
4105 967
4106 2561
4107 891
2170 3376
1293 3303
3976 1557
4108 1829
3576 656
4109 1925
4110 2186
4111 2917
3068 1727
4112 2696
4113 458
4114 608
4115 157
2469 3112
4116 143
3025 51
4117 176
4118 624
316 99
4119 1987
869 463
3437 3097
4120 73
4121 2490
4122 380
4123 1173
2546 1144
3498 1380
4124 1935
3132 259
2721 2736
4125 176
4126 3058
1107 2553
3193 1511
1379 346
2438 2266
4127 3930
3005 686
942 83
4128 1909
4129 1273
635 1019
866 405
4130 1309
3717 4051
4131 675
4132 263
4133 1929
2139 793
4134 238
1118 987
4135 793
4136 2943
4137 1309
2568 1127
1711 1722
4138 1317
4139 1402
3399 132
2871 2800
4140 405
3478 3480
4141 95
2124 1590
362 985
4142 4143
4144 3767
4145 3435
4146 1467
3489 578
2183 1524
4147 3940
4148 77
4149 805
4150 35
4151 759
3652 1520
4152 147
4153 4154
388 1355
968 995
4155 650
3469 1309
730 3938
4156 814
2975 198
4157 3687
4158 731
4159 2148
3195 489
3487 2826
952 527
4160 634
4161 1179
4162 836
4163 1631
4164 4165
4166 4167
2154 2498
4168 4007
4169 791
4036 696
3712 3657
3713 9
4170 2762
4171 889
4172 2550
4173 1455
2334 2574
3315 2228
4174 2463
4175 143
4176 9
2582 925
4177 204
4178 3345
3871 1730
4179 39
4160 41
4180 2748
4074 2726
4181 2851
4182 413
4183 622
4184 4185
4186 448
2247 1294
444 2969
4187 1355
4188 1722
2479 1137
4189 330
4190 259
3048 1349
4010 3397
4191 1229
1682 170
4192 3229
4193 2532
4194 1969
4195 1545
4196 1441
3179 4197
4198 247
3283 2454
3346 151
390 1423
3513 2269
4199 1488
4099 2343
4200 1051
2939 1271
3819 1645
3325 1188
4070 4051
4201 4202
4203 2348
4204 143
3238 29
3057 238
4205 2844
4091 1465
4206 765
4207 1133
4208 1227
4209 1062
1461 1389
4210 4211
4212 3982
4213 3363
4214 955
3444 1485
3297 277
4215 1853
3851 463
4216 317
1263 4217
667 1601
722 2576
4218 1590
4219 1518
4220 283
3478 780
2278 534
1279 4221
4222 990
1606 2225
4223 1737
4224 539
2160 315
4206 1551
385 47
4225 1271
3003 4226
2857 207
4227 1447
1532 3065
4228 4229
4230 1103
3907 107
4231 1005
1452 593
276 976
4232 3263
3638 1019
4233 450
2360 938
3918 1353
3969 259
3836 491
4234 1954
3336 3126
3473 650
979 1252
681 251
4235 2129
2351 29
2088 880
949 3676
721 2902
244 598
4236 1620
2489 1298
4237 2465
4238 2954
2889 257
4239 4240
4241 1492
3444 3277
1253 2958
4137 741
4242 1108
4243 955
4244 554
4245 4246
4204 2333
4247 793
4248 661
4249 380
4250 3767
4104 91
3569 1562
4251 2525
4252 2868
4253 4254
4255 255
3893 564
4005 1041
989 2473
4256 598
4257 604
4258 1590
3610 2480
4259 2837
2527 4260
2750 324
3753 2865
4116 1145
1261 351
3851 1342
4261 1453
4262 23
4263 2098
4264 1583
4265 541
3059 2050
3675 3642
4266 17
4267 3375
1102 1549
4268 2819
4269 3613
1876 271
4270 2868
4271 1737
4272 943
4273 650
3639 1564
4274 2016
764 3112
4275 1645
421 1596
3605 720
988 3121
4141 2886
4276 1531
3300 448
3845 541
4277 15
4278 2523
4279 4280
4281 3760
1833 204
4282 1013
4283 1365
849 3009
4194 3707
4284 839
4285 2266
4286 2558
4287 1708
4288 2490
4289 593
3889 71
4179 1100
2009 2428
1183 2917
4290 407
108 1859
3446 3504
4291 3844
4172 283
3384 3083
4292 1895
4293 1987
4294 319
4295 2900
3963 4034
1866 983
4296 562
4297 1716
2039 2639
4298 901
3155 3165
2907 2800
2883 1137
278 1349
4299 2553
4300 811
4301 2502
4302 3287
4303 2212
4304 1454
3576 4305
2310 834
4306 116
3737 720
4307 525
4308 2567
4309 846
2412 3688
4310 1092
1702 1137
3829 855
2708 136
4311 973
4312 2031
137 1085
2193 778
1206 2644
4313 1867
4314 147
4315 1882
3995 3312
2640 139
582 2169
4316 2155
1692 1640
3037 160
4317 778
1472 307
1932 4318
4319 2904
4320 814
4321 436
4322 2262
4323 2644
4324 3327
2653 4325
4326 2194
4327 1812
223 1511
3276 2851
3392 3260
4328 240
4329 1864
4330 65
4230 317
4331 3933
1018 2069
4332 367
4333 301
4334 644
4335 3450
404 1670
4250 3529
2594 291
2055 2632
4336 1382
4337 2117
4093 2454
4338 4064
4339 2298
4340 1590
4341 2348
4342 761
84 1959
3903 3664
3031 4035
1894 132
2915 2439
4343 4047
4344 1361
2847 151
4345 2751
4346 443
1541 909
3901 2983
4347 2340
725 4348
1321 283
4349 1625
1997 2896
1296 2844
246 2669
4350 305
1950 679
4351 2465
4352 1281
3501 2031
4032 1443
4353 2269
4354 1201
3513 3058
2440 3676
4355 943
3011 3822
66 4356
3991 650
4243 1375
4357 2402
40 2866
4358 460
4323 2947
4359 2034
4360 1769
1235 367
4236 2498
3119 1539
4361 880
4362 1121
4363 608
1828 2061
640 1454
4364 2576
2467 2061
3344 1734
2217 2840
4365 634
4366 4007
4182 1492
4367 639
4368 1557
1415 1869
3865 83
4369 604
4370 2189
4371 472
4372 1673
4373 2086
4374 3436
4375 682
4210 218
4087 4376
3507 2257
4377 950
3206 2986
4378 3882
4379 501
4380 2317
4381 3192
4382 871
4383 834
4384 1555
3533 3636
4385 1856
4386 85
4387 151
4388 3036
4366 324
3927 2225
2307 1460
810 895
1176 1029
4389 4390
4391 3432
3544 3144
3411 391
4157 4392
140 3474
2495 596
1563 2692
4393 243
1239 4394
898 1045
4395 957
4396 357
4397 486
4398 3067
2276 4399
4400 293
3713 2454
2637 493
1970 1119
4401 2216
4402 552
4403 4404
4269 2828
1503 1617
4405 1853
2132 2439
4406 2865
580 2477
3486 480
2089 4069
4407 1524
4164 23
1368 614
4408 1954
4409 1225
3783 2561
4410 1201
4411 1220
2874 1319
3328 1945
4412 4246
1449 85
3984 2069
4413 2016
4414 556
4415 448
274 283
566 1161
4416 3793
1808 4417
4418 855
2874 1929
2684 188
3245 2129
2542 4419
4420 1935
3847 909
4421 220
2237 182
106 1358
783 920
4422 2603
777 1741
4423 1019
4424 2018
4425 885
4426 1033
3579 1741
4427 511
4428 1100
1827 1683
3490 1262
4429 486
3884 1051
3589 2580
4430 309
4300 1838
4431 71
1254 155
4432 57
4433 2819
4434 153
4435 795
4219 4436
4437 880
167 1693
2624 27
4438 590
4439 151
4440 2639
4441 1137
3127 2458
3892 476
2398 2792
3547 1949
4332 720
4317 3097
1688 2054
1266 851
4442 1465
96 1096
4443 71
4444 1666
161 243
3243 2828
4445 3050
4446 190
4447 1574
4448 546
4156 29
4449 4392
4450 1605
4451 2924
4452 1760
3497 1794
2229 1188
2914 1547
3357 2002
4453 4454
4455 1585
4132 1105
4042 79
3670 2681
3666 49
3013 213
3506 33
4456 1741
1678 1220
4457 29
2617 1198
4458 1001
4459 2228
4460 470
2663 384
447 1400
3758 1847
4461 4462
1517 1685
4463 2781
4464 2523
4465 3287
406 2387
3166 436
2304 2525
4466 441
2633 578
4467 891
3075 1760
2171 4468
2539 1902
4469 1933
4470 2432
4471 2726
1721 2632
4472 1240
4473 1941
4474 1454
4475 832
4476 287
4477 2327
4478 139
4479 2954
1334 4047
3735 3657
4339 2086
2771 4480
4481 196
4429 604
4482 976
1300 1823
4483 658
4484 1954
1636 317
3199 1911
3703 13
4485 2639
4486 2437
177 340
2935 1690
4487 2460
4488 780
2775 472
4489 4490
4491 610
4350 122
4492 1957
4493 1654
18 3436
4176 963
739 907
4494 2769
3123 293
2545 1096
2693 3036
3734 2345
4285 568
3304 17
3021 2550
4495 436
4496 2701
4497 2595
4498 2493
3863 3210
4499 1810
1579 1307
1421 4500
4501 2465
3284 679
2979 985
2891 2722
4502 378
638 2731
4503 780
4504 2477
4505 659
3662 4480
3926 2760
4506 3844
4507 2259
3256 351
4283 2286
4508 1933
4509 1090
4510 2340
4162 1687
2747 122
4511 188
4512 552
4513 1238
3908 1049
2538 1441
4075 714
579 3023
4514 539
3577 2054
4375 4165
2579 261
4515 2018
4516 1011
4517 313
2961 2666
4146 1194
2755 83
1571 3036
2647 525
4109 2662
4518 971
2146 2840
1922 4519
866 1332
4520 2550
4521 3192
4194 2845
2218 484
4522 1367
4523 593
2590 2800
4524 859
4525 1105
4526 1029
4527 91
4528 4529
1805 859
4530 1478
3460 136
2436 805
1012 1531
884 508
4531 891
4532 2648
561 2837
4533 105
4534 371
4535 2569
1243 2774
3551 2343
4536 466
1684 2189
4537 1673
4538 2978
4539 620
3128 1156
4540 330
4272 1603
2988 2460
4541 4542
4543 3760
3511 1699
4544 3757
4545 336
2647 1128
3086 301
4546 317
4412 2343
3523 484
2609 2800
4547 650
4548 1062
3075 2465
1115 755
4549 279
4550 1693
4551 15
4552 4553
4124 851
4554 4555
3107 1918
4556 1786
4557 1447
709 1400
4558 3773
3449 925
4559 1281
117 1395
4560 648
2142 1722
4561 2792
4316 2498
4562 1454
966 4563
2880 491
4118 1594
4564 456
1027 277
3897 263
4141 1914
4565 710
1461 953
1931 309
4566 1103
70 556
4567 967
4568 2844
1082 4569
4019 43
4570 103
4571 2279
4572 2925
2834 1635
4071 1145
4573 2777
4403 3400
4574 1319
2120 1432
4575 3104
4576 136
3000 2895
4577 1687
4578 4480
2254 1657
3728 43
1943 1663
2861 2947
239 1365
2591 2121
4579 1668
4580 934
4581 2050
1653 4582
398 1029
4232 773
533 2969
3479 1064
4583 3700
4129 907
4584 1578
3692 4585
4586 1572
2579 3664
4351 291
4587 604
4588 4589
4590 11
2640 43
2011 162
4591 211
4471 4325
3799 3263
3863 793
3049 391
2213 1137
4592 2601
3937 1355
3486 2808
4593 4305
4395 2164
3182 1319
2411 546
4594 1574
4028 287
2094 1137
4595 2567
4596 2337
4597 3089
4598 1701
4599 1572
3106 69
4600 33
4601 1175
4602 2029
4603 4185
1352 839
4604 1395
4605 1756
4606 1673
4607 3188
4608 1204
3915 3432
4609 2532
4610 1962
4611 541
4577 1190
4612 1959
945 2378
4613 2329
4614 1578
3765 857
1548 255
4615 2865
325 4616
1044 4480
4617 3646
4618 1271
2135 1215
4619 1478
594 3365
2088 2455
3404 2904
4387 2614
4560 3109
1953 1794
4620 4621
809 216
3371 863
4622 1529
4614 712
2004 4392
4623 4624
4625 2005
1894 2273
4626 1609
2689 1566
4627 741
3969 1987
4628 511
4629 1685
4630 3089
1788 29
4631 1327
1533 4034
4015 204
3515 1871
4632 1121
4633 3745
2296 2203
4634 1105
4635 865
4636 1797
272 145
4637 2819
4638 2225
3814 238
4639 1480
4640 1128
2679 180
4641 3474
4642 143
4039 3247
4643 2851
4292 978
1320 2826
4644 147
3356 15
2950 2027
4645 160
4646 3828
4647 2741
1813 472
991 4185
4648 1008
4649 1794
4650 3657
1505 778
4651 1867
1641 2808
4652 2194
2063 378
3683 194
1655 1722
4653 1914
4654 4436
4655 1017
3413 2454
3051 1754
4656 1878
4657 644
4658 31
4329 484
2331 2692
3012 2100
272 4659
4660 353
4661 4662
1093 2808
4663 213
3267 31
2671 470
4664 65
3457 87
4665 1284
2946 1520
3857 3062
1779 4376
3723 4666
3990 4667
1832 1914
2963 4668
4506 3126
3497 780
4669 330
4250 2534
3633 1596
4670 2774
4075 439
2836 2790
4671 338
3712 955
1771 143
2918 330
4672 2504
4673 126
4674 1784
4496 2970
4675 4624
3220 3636
4044 13
864 4325
1077 1062
4014 332
2620 634
4676 1313
1413 601
1291 232
4677 4404
4678 458
2238 2155
1036 363
3367 549
4679 1510
2059 4680
4681 1210
1211 3464
156 1255
2261 903
4346 4682
2311 452
4683 328
1057 2652
4684 3636
3987 3484
3795 160
1409 818
3496 3369
4685 1697
1007 3114
4686 546
2761 51
4687 1905
4688 3397
2555 3261
4689 3661
3821 622
3530 1043
1357 2726
4690 4691
4493 2012
1417 2437
3246 3097
4692 3777
1406 297
1893 4563
4693 271
4694 2320
4695 1013
4696 3320
318 953
4697 4500
4698 2550
3494 3390
4699 236
4700 207
4701 180
4336 803
2879 1378
958 2904
2537 1585
4504 3687
4702 2913
4703 659
4014 141
1765 499
4704 1585
4705 301
4139 307
3492 679
570 782
705 3352
4706 632
2810 7
4073 401
3201 157
1048 3522
4707 993
2025 911
2447 4582
862 107
2557 976
4218 3455
284 3202
4687 2800
4708 3257
4709 2376
4710 271
1134 2378
4711 1140
1858 109
4712 2648
4435 3163
4424 29
4713 2253
2815 1073
3148 495
4190 1905
4714 1469
1491 1888
4715 317
4406 71
2657 1510
4716 2917
4717 1823
1381 222
4718 1735
4719 1060
1122 2534
4720 1363
4203 3363
4721 1878
4722 3056
4723 2504
4724 468
826 2632
4725 1067
1113 2669
4726 3933
802 1732
3371 186
3343 2288
4364 371
676 4727
2951 382
4728 1262
1249 941
3863 4217
819 1423
4729 3982
4730 2859
4731 2902
3086 699
4732 443
1569 1324
1723 77
4733 3047
4640 525
4717 3138
4082 506
4734 236
3037 81
1217 3981
4735 2569
2739 1454
4481 4736
4737 130
4738 3582
4070 2812
4739 441
4740 1578
4522 2760
4741 963
3976 2345
3816 909
3491 3104
4742 1773
4444 4743
2882 2155
4593 741
2941 1716
3668 491
1729 741
2110 1560
4744 2812
4745 4746
4747 2819
4748 1021
4749 4017
2293 3130
4686 3083
4750 3981
2673 2868
3330 3616
4751 407
4752 101
2931 1145
4753 1252
4754 2664
2196 157
4755 1693
4170 632
3174 1269
4577 2662
4756 3257
4403 761
3637 4553
4757 1644
4758 3582
4759 3464
3000 953
4760 2954
4422 1309
4761 324
1698 903
2287 139
4614 1447
2708 3974
2379 2669
2831 338
4183 2175
4762 2741
4615 1921
4423 2259
4258 2118
4617 2422
4763 357
4764 425
4765 4318
3997 1555
3433 275
4766 1003
2599 1167
2915 568
4767 147
4768 4769
3524 1402
4770 301
4771 1769
4694 2390
4772 726
3884 1962
3945 1555
3904 4773
4774 105
4681 63
4388 1651
4775 4776
4767 675
4777 363
4778 499
1634 1741
1316 2840
3815 2295
4135 2140
3848 3430
4130 610
2171 3793
4779 543
4780 67
1207 3202
4781 232
4782 4783
3186 218
4784 1151
453 2090
4785 1710
1362 4017
1052 4064
2374 1590
4786 1821
48 216
4787 1531
3447 853
3439 2432
4719 2208
4788 2086
4789 682
3509 791
4344 525
4790 4185
1364 2325
4791 61
4792 4793
4078 283
4021 7
4794 3345
4244 71
2827 990
2957 2100
4795 4280
4796 3654
4332 2057
4797 2648
40 3844
4798 1925
4526 2080
4256 901
4241 1071
144 723
2153 803
52 2430
4799 4462
806 2212
1374 1194
4800 4801
4802 4803
4804 2425
4805 474
4806 3853
4741 155
4807 2512
4808 1633
571 4202
4809 3154
4810 3564
1726 97
4811 2541
4812 2895
3966 1524
4652 4069
4813 610
4814 1135
2738 2455
4815 3982
3443 1751
4816 2576
2445 1754
4110 3921
3069 626
3388 245
3677 3029
2754 3684
4018 3006
4817 4017
1999 311
4046 118
4328 1365
1512 184
4818 2643
3795 1549
4819 1013
2370 1716
4820 2639
4821 3124
4822 4823
4370 4436
4824 2037
4637 741
4285 2439
4263 313
4825 834
4826 3885
4827 2279
3682 97
1749 2169
4551 905
4461 4691
3609 3121
4126 7
2530 3126
4828 938
2848 1480
2314 4829
197 3365
4830 1540
1403 658
4831 1121
3528 2866
1063 3898
4832 3114
3922 2288
4833 880
4834 587
4835 4419
1618 77
4836 1328
4837 1816
3032 363
882 1069
308 1635
4676 178
4838 3260
2112 1679
4839 583
1632 3646
1541 653
4840 2603
175 959
4245 2561
3446 2343
4841 432
3311 336
4842 3642
3586 1560
4843 3688
4844 1378
4845 1566
4846 1085
4054 953
1376 1128
4847 1190
2049 2192
4286 976
4848 702
4849 3303
2560 4850
2220 2502
281 1131
3846 1937
4851 1190
2891 720
3482 2167
4000 2586
1158 745
4824 1829
4852 1574
4853 4240
4408 9
4854 1031
4089 3688
4855 355
4856 403
4857 346
3298 2016
4858 3767
1852 1210
3656 434
4859 1255
3364 269
4860 499
740 541
1820 614
4707 2623
4861 2470
185 863
4862 2820
4721 587
4863 974
2884 1198
3607 714
4864 55
4396 29
3806 3974
2987 1905
4865 630
4866 2556
3878 801
4867 506
4868 1760
4869 2144
4870 2123
4723 315
4003 3644
3929 1994
4871 4356
588 1478
4872 2194
4873 2902
1236 576
4067 1564
4874 1017
4875 2206
4876 2960
4877 470
1739 4878
3289 4879
235 3898
3404 17
4880 2113
2794 3317
4881 1697
3812 541
2867 578
431 692
4151 2493
1413 773
4835 753
4882 867
4883 1332
4884 15
4885 2558
2559 1021
4886 679
1963 3383
4887 842
3045 1307
4747 466
3001 2286
4888 2312
4889 1816
3881 118
4890 3661
112 4185
2737 1498
2133 2430
3813 4197
4891 1045
4892 1460
3152 4893
1840 1722
3465 35
4894 317
4895 626
4509 2746
4532 1769
4632 1075
4877 2343
2869 907
3412 1363
4715 604
4896 3974
4142 1128
2323 13
4897 2312
2640 3760
4898 4318
3172 844
4899 1921
4845 2766
2159 190
4537 624
4900 1987
4901 915
4902 3604
4903 4553
3461 1797
3689 176
2416 446
4311 33
4904 1693
4905 113
984 4906
4907 346
4908 3361
522 503
1104 3417
98 344
4909 255
4910 2784
4911 367
3052 1161
3226 1328
1464 4092
4469 27
4912 57
4913 648
4914 2632
2551 818
4915 883
4916 2295
4917 4823
4918 220
3554 953
3440 486
4919 867
4846 941
4920 748
4921 626
4922 3642
4508 1547
4923 255
4924 1212
4925 598
4505 4002
1025 4926
4927 1735
4928 317
4929 4318
3732 2692
4220 846
2119 973
3743 378
4930 634
2008 2692
884 2819
4931 1244
4370 1864
4932 1843
4933 436
2952 1673
3521 2100
4628 4680
4934 807
4935 1527
4936 2134
4937 3882
4848 1654
3227 1278
4938 1001
1912 712
3905 934
4939 2726
3159 2345
4940 2037
2336 2045
2409 3700
2386 1465
4865 226
4941 1927
4571 2080
3060 3938
2365 973
4942 4943
2394 1613
3246 3277
4944 4585
4945 895
4946 1137
4410 3654
4300 1041
1392 679
4133 2430
4947 710
4948 1292
2282 3916
2481 1891
4949 3260
4134 3968
4950 2910
3914 2200
4951 2886
4952 2664
4953 3430
4954 2605
1851 3089
4955 243
894 3027
1416 1210
4956 4394
3778 69
4957 2586
4958 2189
4959 1328
4960 463
4961 1516
4962 1673
1253 1049
4152 2610
4963 2904
4207 780
4964 99
4965 1248
4061 143
1858 1480
4966 425
4967 1173
1020 164
4895 568
4968 59
4969 3165
4515 2352
2778 132
4809 3898
4970 4197
4971 1196
3353 2123
1704 626
2388 2473
2342 328
1733 1693
4972 3822
1390 2774
4947 2123
4255 1090
2572 2303
4179 59
3046 3853
4072 1685
4026 1429
4973 1905
4531 1145
3559 4974
4975 4197
4976 1317
979 271
2207 15
54 2031
4977 2958
4978 411
4979 1096
4980 759
4981 2943
4982 3229
4673 213
4983 2954
4984 2061
4985 2368
1412 2086
4986 2303
4987 2623
4988 1031
1276 489
2843 946
1995 97
3651 2541
2077 2800
2143 3365
4989 2002
3686 1181
163 2523
2363 2383
312 4280
1989 626
4371 1814
2901 789
3946 2488
4990 1103
3092 77
3142 330
4991 671
3719 1327
4992 656
4993 593
3477 2822
4994 1355
2703 568
4995 1361
4991 1265
2419 2731
3867 458
4996 2172
4627 2800
4997 556
4998 2018
3744 3335
4883 405
3830 634
4999 626
278 846
3737 367
5000 3361
4753 271
4843 458
5001 2016
1745 2746
5002 39
1689 610
2996 452
5003 218
5004 2080
1295 2206
5005 1480
4302 2910
3214 1494
5006 391
2764 1096
5007 3033
5008 2329
5009 1504
4213 708
2263 1679
5010 4555
5011 1576
1712 2774
5012 3822
5013 759
1383 3144
2083 326
1698 1353
2990 2588
5014 2488
3924 71
5015 3027
3935 784
1276 5016
5017 1673
2675 2121
5018 1498
2555 3430
5019 35
5020 688
4367 1354
4605 1087
3706 2029
770 2746
2462 927
3852 2315
550 1574
3292 349
4497 291
3972 126
5021 51
356 336
2495 1083
1920 99
4657 434
5022 240
5023 2746
5024 967
2427 4197
5025 1816
4181 5026
5027 5028
5029 590
5030 2029
5031 1119
860 2924
4420 3484
5032 1627
649 287
4949 4392
2306 3930
5033 1633
2255 3431
2604 338
5034 560
5035 2005
5036 1677
2887 1092
5037 3916
4924 160
881 1103
5038 5039
2171 4500
4644 675
685 3006
3020 2329
5040 915
5041 659
4561 476
4678 3776
4857 47
5042 3474
5043 1367
5044 317
3875 4254
5045 668
3928 3036
2241 1121
3549 2279
82 1962
5046 3442
5047 436
5048 1823
5049 1631
3639 3474
4056 803
3695 261
5050 4746
5051 564
4994 3575
742 642
788 5052
5053 79
5054 1925
1230 778
2823 1675
1610 2685
597 245
5055 3202
5056 1198
4078 604
944 2525
3278 4490
5057 2504
5058 3630
2065 4480
4455 1891
4036 4793
266 1294
3055 1292
2858 2010
5059 234
5060 4736
5061 1384
5062 2954
542 2851
2997 576
377 2253
268 1133
3527 3218
3323 452
5063 2345
3591 259
5064 47
5065 3056
3348 1564
2326 901
5066 172
5067 2597
4434 3548
4744 4051
3800 969
4264 4801
4965 247
5068 3657
1435 2837
5069 2422
5070 3255
5071 3724
2152 315
2450 3160
4787 157
3581 4154
5072 5073
5074 2242
1684 1864
5075 1557
2744 3599
4841 2820
3667 301
689 2057
5076 2583
5077 692
2448 1127
2547 324
5078 4906
4826 2470
4912 3083
5079 234
3426 3320
1604 1859
4188 172
2631 3940
3566 572
3095 330
5080 741
5081 25
4764 7
5082 2803
1205 222
1771 101
5083 1429
5084 456
2349 3065
4608 720
90 1145
5085 204
2577 782
2372 778
5086 3707
5087 3083
5088 905
5089 2844
5090 4348
4706 2762
3476 836
5091 2113
1130 995
2674 2333
3628 855
5092 2595
5093 4490
4883 1670
4355 1164
5094 562
1422 5095
5096 2588
5097 3327
5098 899
5099 1607
5100 923
5101 1289
3901 351
5059 1234
3041 1673
2149 1478
5102 7
5103 1741
5104 1223
5105 1194
3481 4500
4686 1601
5106 2262
5107 2722
3612 2180
3111 2470
5108 3369
5109 1722
3781 220
545 61
40 2978
3203 413
1700 4305
3864 2632
2686 2321
5110 576
3219 2192
4306 2892
1597 371
3191 3550
5111 1127
5112 1531
5113 5114
3082 1060
42 765
3526 4221
2419 639
70 1161
3858 271
4812 1527
2758 2574
4405 1210
4030 923
4619 2937
5115 824
2413 1003
5116 2212
2753 658
5117 1685
3679 2347
5118 1066
5119 698
5120 336
5121 2902
2796 1545
4818 454
4224 714
1126 322
3545 2701
5022 226
4896 4519
237 418
5122 2595
5123 743
5124 1317
5125 2808
3754 2976
2987 576
5126 2061
4816 2402
2373 1564
3360 3329
4200 2865
5127 2687
1647 4555
2224 21
5128 889
5129 1367
2671 805
5130 3575
272 2067
5131 1562
4671 801
1696 536
2926 285
5132 2387
2813 564
5133 525
5134 1549
4643 5026
3295 1492
3729 1937
1543 1474
2461 2117
5135 1327
5136 69
4990 720
1652 315
5137 4254
944 1066
2021 3480
5138 2225
1785 834
4219 5139
3409 1987
5140 1987
2026 658
5141 4569
5142 2859
2507 807
3951 1080
2637 1128
1626 2288
2501 4659
5143 2406
433 5144
4336 222
1448 1673
449 1871
5145 330
3567 2180
5146 3455
5147 1675
502 2312
5020 5148
5149 1008
5150 3376
5151 416
5152 2660
5153 1292
5154 151
3122 357
691 978
5155 3167
5156 4850
5157 3247
5158 2313
3180 363
3216 846
2795 1324
4363 1043
5159 539
2683 824
5160 2840
5161 1332
845 4691
5162 2121
4970 974
4476 1955
5163 1445
3182 2134
5164 113
2332 1776
5165 718
841 3407
4041 3982
4387 699
5166 1685
4000 2621
2035 2117
40 2898
569 3616
1138 1531
5167 1754
5168 1977
4379 2242
4242 718
2517 463
2499 230
4485 644
5169 2561
1958 85
1304 275
5170 889
4779 2851
5171 2295
2004 738
5172 2092
5173 1315
3855 1212
2638 1367
2051 659
5174 1657
4830 378
2680 3671
5175 5176
4958 1685
5087 85
4391 646
4457 814
4733 3430
5068 5028
5177 439
2132 1578
3128 2069
4369 568
5178 120
5179 706
3380 2895
2585 436
2141 962
2966 2875
3681 929
4763 2014
5180 4621
2358 1324
2127 1984
5181 2632
5182 3587
4840 1229
221 1776
2862 1029
354 610
5183 143
4607 4280
5184 955
3025 3831
5185 3089
5186 1617
4909 3578
5187 3178
3899 1853
4649 1994
5188 1367
1538 47
3600 486
5189 2095
4533 1188
2304 4417
5190 1137
3395 2327
4117 1969
2429 53
640 1776
1850 1596
4263 1859
2935 2736
4696 2969
5191 3317
5192 1008
5193 3646
4862 466
5194 5028
5195 4356
4806 4490
5196 3657
3304 1423
5197 2586
5198 194
5199 2292
4282 3104
14 4769
5072 871
5200 4240
5201 714
2075 147
2939 1882
1600 2352
5202 1225
2599 3898
1803 4667
5133 818
1744 3955
5203 775
5204 811
5205 4974
3235 326
4856 1492
4821 293
5206 3054
4869 3365
1824 472
5207 1727
5208 2005
2702 630
3738 995
1449 349
4287 628
5209 89
2981 650
3052 71
2802 67
5210 2253
3957 4569
5211 463
4815 1732
5212 2225
5213 2605
5214 664
3034 1531
5215 1223
5216 2970
5217 832
2607 706
5218 3431
4352 1204
5219 5220
5221 2943
5222 568
4924 962
4050 247
5223 3130
5224 720
4851 2662
1200 69
500 2212
88 4376
3331 1164
5225 583
2847 699
3238 2014
2911 1891
3666 5176
3438 797
4199 361
5226 480
3420 374
5227 3654
5228 2865
5229 2632
3372 593
1264 93
4347 1349
2282 5028
4623 1450
3597 3218
5099 5114
5230 1474
4711 2194
5231 1613
5232 780
4301 4659
5233 5234
2126 192
5235 3705
5224 2892
5236 301
3272 65
1233 234
5021 255
457 5237
5238 2534
4789 1173
1556 2345
4514 656
2740 3898
406 1465
5239 546
3896 448
4307 4143
5240 931
1337 174
5241 1859
5242 2510
5243 2819
1919 3514
5244 1145
3046 484
3422 3468
46 346
5245 814
5246 2273
2474 974
4373 1455
2688 1465
5003 2774
5247 767
343 1003
3233 3210
1796 2269
5248 4356
5249 2037
3809 460
1519 243
4866 3261
5250 2803
3855 962
1136 2428
3743 53
5251 1419
4138 3009
3651 1345
3408 134
5252 1424
3349 1167
900 2327
5253 2930
1323 15
5254 1234
2785 673
5255 539
3621 2826
5256 328
2618 763
4725 2643
719 35
5257 2694
5258 3320
1771 1921
5259 1384
4752 3930
5260 842
3325 1260
3201 2954
40 4582
5131 2312
870 3247
5209 799
2838 978
2342 1474
4956 2333
5261 3163
4219 616
4922 4569
5262 1349
4993 1453
3078 861
32 413
5263 2002
5264 394
1798 3397
3958 620
4628 2402
40 2335
2130 2148
5265 257
935 1607
5266 3885
1979 2298
2300 2353
3437 778
5267 2986
5268 795
5269 3599
4059 2095
3941 162
5270 15
5271 495
4228 1220
2964 3757
5272 883
4148 190
1168 1496
3747 1265
4103 2623
4707 1483
2179 506
4960 955
1341 981
1963 393
5003 271
2328 1194
5273 5274
5116 1384
1861 1232
2017 2014
412 33
5275 547
3135 799
4856 1888
5276 1252
5277 4399
5278 1161
4985 1588
24 257
4507 2069
5279 1935
5194 3657
5280 525
5281 534
5282 2315
2453 880
5283 1469
5284 3431
2339 283
4805 184
5285 3345
4617 2095
5286 686
1834 3529
5102 2571
3488 2692
306 733
5287 5148
2767 1843
4854 1708
3913 541
4759 1041
2672 822
4503 2455
1101 5
5288 2896
4836 3982
5289 1555
621 269
3459 3676
4543 710
5290 1905
813 576
5291 2748
368 1212
3944 985
5292 1623
4187 2986
2272 1173
3063 1673
5293 995
4634 836
4858 3320
2245 3724
1817 1545
5294 87
2171 3495
2501 616
2184 174
1647 384
3596 1843
3608 3776
2492 4529
5295 2018
4517 2098
5296 59
3648 428
1427 4585
919 851
5297 33
5198 1527
5298 5
3068 2155
1695 1067
5299 4392
5300 1927
595 2790
40 5144
3741 3167
3825 634
5301 4823
4830 166
2471 1498
5302 2583
810 562
5303 63
5304 610
4938 1127
2955 720
1165 587
4359 29
5305 1675
3180 1037
1514 2720
2270 1049
5129 5306
1350 3065
4363 973
5307 1534
3169 2137
681 19
4766 344
2386 407
5222 1638
3557 2553
5308 745
4639 109
3711 1330
5309 2865
4975 2428
3948 301
2505 1539
5310 15
4001 1085
4164 2279
4177 2925
1593 4746
5311 741
4486 299
3536 220
1320 2321
1153 2180
4831 626
4100 578
5312 1732
5313 4165
5314 4197
852 396
1771 576
5315 1668
4518 1398
2260 2625
5316 3917
5317 608
2485 2958
5127 652
5318 1620
3965 2406
4623 3293
4227 712
36 1578
4043 1218
2306 814
5319 91
3010 1080
5320 636
3999 2090
5181 3065
402 1092
5050 420
3088 1109
2482 996
3923 2007
4549 3724
3439 344
5321 1485
5322 576
5323 2886
3861 1151
2657 81
5324 743
2407 1380
5325 1131
4972 652
5326 1192
2825 211
2128 4668
5078 3548
5327 378
4802 1424
459 2164
4131 1292
237 2748
2615 801
286 4769
5010 658
5328 59
4716 3407
1924 1190
419 1945
5219 207
158 1232
4982 3029
1966 2262
2908 1585
4984 1542
5329 297
1306 953
5330 413
5331 2760
4656 1529
5305 3335
5211 143
2598 285
550 2597
4316 1225
5332 5333
4479 157
5334 2422
4040 2320
4012 1727
2992 213
2985 1355
395 2886
4227 1578
2827 3613
5335 326
2552 1635
4333 3263
5336 4404
5018 3287
3713 880
3836 976
3645 1194
477 4185
5337 738
3506 1220
3372 3430
3258 1510
5298 820
4491 1229
5338 1389
2358 962
3518 63
4052 934
5225 2169
5034 688
5339 1945
5340 361
5341 2969
5342 2194
5343 1594
5344 351
5345 2439
4864 581
2476 2031
1183 842
4489 1135
5346 2313
4450 825
5347 37
5348 71
5349 4666
3387 2692
5350 4260
5351 1620
3063 105
5352 1103
1770 959
3962 2623
582 4254
5353 1332
5354 782
424 2571
3741 4727
1898 3400
5355 3930
998 811
4645 3038
5356 2913
1926 1103
1656 2266
1500 1927
5092 1545
3333 275
5357 1549
5358 1801
4038 4727
4755 168
4428 91
318 1389
5359 101
589 704
5360 324
1507 4783
3356 2822
5361 1781
1168 748
3520 4974
5362 2506
5363 604
796 2648
625 568
3458 275
3111 3885
4208 1727
5364 1625
5365 1974
5366 4616
3374 1476
1138 2571
4294 2865
5367 4743
5368 3307
5369 271
5370 735
5371 3982
1619 89
1586 4879
5372 2822
2829 2027
5373 1303
1032 532
282 2340
2704 59
5374 920
4876 834
5204 562
1249 118
3880 2819
5264 1583
2873 409
5193 1633
2743 2288
762 116
2199 1596
3406 2917
5375 543
2607 1651
119 1177
2487 2886
5376 1673
5159 3587
5377 3755
697 1395
1297 168
507 885
5025 336
5378 1137
3035 1899
410 2760
2724 546
5290 1878
2161 3582
5379 265
3534 590
3835 1355
3452 4529
5380 3504
1742 2180
3996 920
5381 1741
5382 946
5383 1167
5384 407
4453 109
5385 2632
5386 436
4487 1003
605 536
1986 1103
5387 950
5388 3776
4327 1215
5216 1489
3093 3097
4322 1754
3309 118
5389 3826
5390 128
4600 5176
1928 2200
4749 1363
3952 846
5391 172
4144 2080
5392 1534
4619 1465
4573 2268
5393 164
2908 2118
3595 2696
2391 255
4247 2937
5146 1284
5394 891
5136 11
894 536
5395 1888
5396 1315
5048 3582
5074 1469
4903 1128
3338 765
4056 1843
3531 1108
5397 3793
5398 4462
1832 2930
4927 990
4754 384
5399 805
5400 3630
5401 1988
1887 170
5402 428
3386 4390
4832 1443
5403 541
2612 1974
1221 1905
5222 712
5404 688
3833 1109
2075 1996
4451 861
4844 2845
5405 484
1872 1845
5406 941
5120 3178
3321 2565
4338 1991
3241 1294
272 4419
5407 741
241 769
1552 1769
1034 941
5096 162
2535 1629
5356 1609
804 4776
5408 2851
2672 630
1022 2228
5409 126
4178 3882
5410 4589
5411 59
5180 3842
2707 37
4978 4801
5055 186
5412 3038
5413 1225
447 710
1738 4893
5414 1564
821 2286
4037 2924
5415 863
2434 901
5416 1029
3136 2465
5304 1690
3780 1455
5217 2762
1681 3599
5417 2200
5398 1322
5272 1069
1521 1843
2761 3831
5077 47
1973 2144
3639 875
3728 765
1706 271
5281 2969
1939 2720
703 5095
4636 650
5405 1135
2872 938
5330 5176
5418 5073
4088 5139
4654 1864
758 2395
4762 2639
752 616
5419 990
5420 911
5421 2005
214 1921
4821 1540
4693 101
3395 598
3560 3144
1074 1121
5422 1127
4189 2917
5423 2437
5424 851
1155 2121
1664 1838
5425 3407
5426 29
4328 226
678 59
5427 3495
4710 157
4119 1929
772 2820
4661 976
5428 1467
4647 3425
1581 2892
5429 1596
3570 1292
5227 2337
507 2819
2655 2865
5135 1173
3991 182
565 965
4029 3484
2379 1843
5242 261
5430 1859
5431 1311
751 1112
1642 3982
4754 367
4702 3748
40 3329
4558 5234
5432 157
4317 209
3454 1545
1884 399
2222 3257
227 2115
5433 1574
3415 2180
5434 143
4524 1204
310 1937
5435 1003
1725 361
5436 2069
5437 1945
4406 101
5438 2692
2410 1540
4511 2623
4552 2851
5439 1361
2906 1096
5192 3114
5422 873
4158 1657
5440 767
790 2291
4951 31
3771 4419
5441 4318
3242 671
1146 3260
4551 1324
1825 2480
4996 3940
563 269
1257 959
3143 1384
835 4878
3819 1631
2515 1192
4168 2751
3424 3141
3158 259
3876 3981
5442 3425
2479 2095
2146 2175
3653 624
5443 1330
4810 3218
4098 2269
5444 616
5445 536
5446 1227
5447 2280
5231 4662
5390 1387
5448 2430
5449 4399
3139 2284
4862 432
1795 3215
5268 1611
5450 976
4297 1294
2486 2837
90 741
4097 275
3960 1539
2854 1697
2138 460
479 155
5451 4783
4279 1238
5452 1179
5081 257
1758 4024
4004 2348
5453 1843
4107 303
2944 3982
4448 1730
5288 134
1028 2092
5454 4024
5455 646
3196 3376
3605 2057
5456 4893
2885 1480
5457 805
5458 506
3366 2387
5459 4519
1740 2954
5460 277
3377 4974
5461 83
5462 3436
1696 729
4147 673
2103 1921
5463 2345
5464 1722
5441 1933
5465 4727
3749 4211
3841 2113
1425 5466
5467 3885
1983 4668
2136 3644
2032 1784
5468 1555
713 446
3098 1998
2330 2343
1604 109
2053 3578
5469 2269
5158 634
2725 1629
5470 2092
5471 224
5472 1657
2411 61
5473 1596
5370 4746
2612 1402
5138 4569
5474 786
5475 305
5035 3141
4705 839
5476 271
4105 4392
5477 834
4872 1005
1523 2121
3391 3114
5040 1673
4385 1309
5478 1935
5193 2353
5479 207
3567 506
5480 714
4728 2983
1102 160
4061 1645
2427 1902
5023 1298
3175 291
5481 2597
1912 568
3629 3916
3149 1212
3680 897
1174 816
2882 1225
5482 2292
423 1776
5483 2960
5483 1590
3308 668
5005 4454
5484 2685
1014 3828
4120 1891
4379 1121
2973 3844
159 962
1567 811
5485 543
5486 1478
5487 365
5488 1566
3571 3002
5341 445
5489 3671
5490 2490
4094 1540
3057 1734
3355 4776
4747 1607
5491 981
6 3058
4904 238
837 1690
5251 1566
4534 2576
4765 5492
4442 407
52 378
5373 1623
5079 3822
4628 2253
5210 2402
5151 2592
4427 53
5493 1438
2369 2947
197 269
354 1309
1272 3130
2391 2605
135 3974
4881 2428
5494 624
3170 122
3808 91
557 3532
5495 463
1721 3940
5496 1496
2745 1347
3873 376
1532 1708
4458 1105
2775 1489
5497 2214
3568 1328
2355 4217
4665 3455
3170 795
5498 723
5215 4667
5339 3023
736 547
3887 2169
5499 789
5112 1013
5500 1560
902 1699
5355 1816
1348 2340
2872 2502
5501 765
5257 3036
1723 371
5502 101
2526 2244
250 1173
5138 3642
4935 2895
4438 359
5503 2592
2091 2256
5504 1087
2618 407
5505 174
5506 1562
5507 673
2153 1382
1141 285
5257 346
4591 2687
5508 4154
40 3831
3677 1555
5509 65
4207 3480
5414 875
5219 5114
1796 109
1401 1330
766 664
5246 432
5510 2098
5511 2504
5512 2731
3143 2313
5461 1603
1509 399
5152 3480
5440 518
5513 157
4114 3933
5170 77
5514 1489
2393 71
5515 1354
5325 103
5516 1845
5517 1699
5021 1549
5518 2430
4193 4682
5519 188
4857 1539
494 3587
864 3229
2500 1198
3759 1434
5436 1156
3427 1859
392 2069
5520 877
1357 3688
4071 172
5521 1103
5289 2696
573 59
5522 2614
3290 253
3725 767
5523 974
1688 267
1302 4221
5524 634
5090 55
5525 3748
2022 836
5526 2580
5527 805
3044 3293
5528 3320
633 226
2278 1504
951 688
3173 639
2768 299
4111 330
1910 2571
5303 1210
3015 3430
3271 1596
5529 915
2290 2189
1176 2080
2589 1220
5196 1375
5530 1977
3153 49
2275 511
5015 1697
5346 3144
5531 1198
5386 1488
1241 1033
5532 3192
3523 946
5533 1128
5004 996
2549 3287
3195 486
4119 259
917 113
2309 1434
3823 546
3101 1617
5458 499
777 1404
5534 3687
5091 2256
4397 5016
5535 525
1014 830
5239 3083
4751 1465
1621 3006
3839 2286
5536 3023
5537 326
5538 2726
5149 2865
3970 714
5539 4974
3351 2512
1851 2228
4921 382
4201 572
3782 2900
4313 983
352 2422
5321 857
5540 668
4584 712
5541 5542
3177 336
4382 5073
4697 3495
4411 3582
5543 1797
2421 2095
1032 731
4786 875
1561 3369
2330 4246
542 1128
5544 3114
3004 574
1880 188
1393 2390
972 33
5545 1886
2174 2840
333 2362
5429 913
919 220
2578 731
3740 946
4518 136
2236 4553
5195 791
2190 1434
5543 1583
1879 439
5546 4356
4391 476
4273 287
4042 29
2737 226
939 1555
5547 1196
5548 172
5549 805
570 19
4522 4801
3750 291
5037 5028
3301 3417
5450 91
3621 1856
397 1520
2093 822
1079 349
1458 2203
4414 2504
3030 3307
5142 1210
5550 1713
553 4217
5551 4390
1806 2787
5552 738
5553 1933
203 1232
5554 319
212 13
5555 3474
5349 1511
5556 1905
1691 3417
5446 1743
3560 505
5557 532
5091 679
4512 1897
5558 4318
3983 303
5559 3083
415 372
2494 4682
1586 3188
3813 1902
5394 33
3487 2603
5118 5148
5560 1732
1506 499
4588 2558
5561 1218
5562 560
1439 15
3019 534
5563 505
5564 61
5178 2057
5565 3229
4122 1467
5566 2041
292 616
2899 1037
2412 107
5567 568
5342 1005
4861 3112
4266 664
1892 836
5178 708
5568 1303
2076 1831
5460 491
1861 17
1010 355
3980 1328
4770 839
5569 2726
4161 1654
5395 413
5570 2943
5551 1882
3606 2086
4184 1256
5325 653
5571 2859
5293 3739
264 1494
621 198
5572 275
1868 1814
1171 508
5322 1100
5573 1103
1614 3260
5502 1215
5089 946
1780 5073
383 1404
3780 2726
5574 81
5575 1737
3870 261
1484 624
5576 4529
4526 1177
3470 1387
669 3210
4493 4582
5577 3151
4284 301
3572 1551
1835 2504
5578 974
5474 1370
1778 3218
3603 793
3153 2694
5579 416
348 3293
1952 576
4615 319
3669 3705
4548 3700
5000 2266
5580 2790
3373 396
5490 1773
4209 324
1362 3146
5425 1436
4256 2327
5407 97
4060 5492
3554 2895
2233 1694
231 1408
3071 3714
4560 2943
2020 126
5201 275
4880 2256
2435 3484
615 4436
5581 585
5582 3229
5583 2269
3547 2978
4712 4202
4748 1476
4910 1198
5584 2012
5055 1208
5585 741
4283 822
5586 2092
5468 3029
3171 1103
5587 4746
2691 2018
5588 1927
3374 2347
2948 344
440 168
1157 1255
5589 1645
5590 49
3563 1625
1360 170
5591 2242
2009 1137
3339 103
4813 4417
4172 2340
1038 297
5418 1208
5592 4417
4820 2741
5593 3773
3181 4167
5594 2392
4696 668
3197 1991
4714 5333
5595 1645
5596 1929
2346 220
5597 601
5598 955
5456 1594
5599 1184
5600 927
4341 3363
3631 581
4550 1734
5601 211
5573 1144
1793 1605
3537 315
5373 147
5375 1540
3031 931
4837 659
5009 2279
5602 3347
3536 918
5603 1436
4751 2387
3234 1145
3936 222
5604 1902
4076 564
5605 2812
5096 3255
2713 311
5606 346
5607 2681
366 172
5608 253
4987 4399
669 83
5609 2625
5610 1133
4678 468
5203 93
5611 346
4470 2851
4502 53
44 2169
2393 3604
5612 2090
3597 827
5613 3756
5167 903
4308 786
5614 1177
2665 3363
815 1190
3045 53
3557 1108
5615 1895
4703 1660
1881 795
5125 1144
3338 4035
1597 889
645 3646
3738 2886
4347 867
4506 2529
4797 1668
4796 2731
3315 3089
1898 4793
133 1429
5616 659
5617 2726
1134 4490
4083 1234
5618 382
4557 4024
5369 2084
1759 2465
4670 1974
4271 2455
4918 428
3602 275
5385 1103
5351 89
5619 101
3999 267
2848 4454
4443 3842
4239 1886
1872 1812
4146 3442
5620 702
5157 871
4726 2798
5093 2851
5244 1215
5621 1049
1490 959
5042 4769
2993 706
5622 4621
4573 47
1288 642
1155 1524
1171 2819
3190 285
3733 346
1970 2892
5623 249
4643 4490
3762 143
3807 2333
5624 3700
5616 1645
5625 4553
5578 2353
5626 334
5627 1645
3410 755
2367 1271
724 1869
5628 1441
1312 1005
1615 382
3510 1269
3734 1551
5451 786
4274 3109
3639 1821
5629 2045
1154 416
4108 1781
5630 2115
1377 2733
4086 33
3279 1188
5631 1080
4508 4318
4541 2781
1752 474
4277 606
492 541
5632 1194
3674 1181
5271 1463
1702 2480
72 4154
3172 255
1125 1921
1054 3361
5633 4662
1818 1969
2179 1432
2936 1465
3462 1649
5508 2292
1815 1250
2606 639
975 101
5634 2900
4193 2422
1799 3587
2602 1309
2188 4436
5635 1483
5465 359
4917 2536
4618 1882
5612 267
657 2480
5171 341
3298 1483
5034 1769
5030 2808
2842 3776
5636 827
5284 2256
5637 2425
3877 2100
5638 3916
3990 1287
1519 162
4882 4666
5617 1455
4373 65
5639 3828
3701 2746
5640 3400
5641 694
4584 1447
954 463
3122 1660
3643 132
5140 1003
4646 371
5642 861
5643 1053
4770 699
5644 478
262 322
5167 2262
1960 4348
5645 1382
5646 2405
2611 946
5130 1467
5647 2892
2441 1058
5648 441
5649 3050
5650 1683
3685 2422
5651 4260
4484 480
4764 2571
5652 5073
5653 2425
4964 1128
1213 2465
5255 1935
1209 1322
3239 624
4874 1103
4734 3917
2825 2321
1088 541
5654 484
2509 2117
4476 3104
5655 4221
5084 4211
2732 1378
4655 382
1581 116
5605 2925
4836 909
5656 741
2690 1645
2991 4680
4911 2664
4222 767
5221 3018
5657 2561
4633 3335
5658 659
3116 795
5659 3495
3310 978
5660 207
5661 1175
3373 2886
5662 1353
5663 31
5664 2340
5454 1447
5665 1743
2316 1988
5294 885
5543 2269
5666 791
5667 2588
1757 460
1642 4033
5668 5039
5638 168
5088 3532
1350 2798
5366 1845
5669 4240
2181 4462
5670 2273
2396 3054
5671 1670
3546 2271
3200 257
3809 174
2114 2986
5672 1687
5673 27
5674 1494
2101 2692
4337 261
3108 1019
4989 969
5675 673
2649 668
5111 1996
5676 2167
4496 1489
5546 791
183 816
4224 4624
5202 365
5677 1033
1804 3146
5678 4736
4066 1358
1866 2381
1154 2592
3024 4229
152 2186
3758 3178
2116 489
3862 1355
4964 493
3110 1921
5634 2473
5443 2574
5098 2558
1243 1974
5659 2943
3344 418
2903 1047
2239 2465
2384 1127
1388 1603
5643 1991
5679 1559
4681 2010
5396 3642
5680 105
1468 3982
742 1289
3912 516
5619 714
2526 3687
5681 541
4779 1128
1768 1313
1233 2321
3200 865
4441 2010
3579 905
4897 1562
2944 4033
1502 1177
5421 4392
1700 236
5682 1814
1652 1763
2147 632
5683 1229
5535 1128
2491 4776
3887 480
2442 1694
2290 4974
4437 9
1788 2034
5684 3575
1584 1694
4610 317
2056 708
4956 222
4979 97
4342 249
2441 259
3886 1281
5685 574
4055 105
917 4185
4206 1033
785 2186
438 714
381 407
5219 601
5084 1713
4858 2080
2130 2098
3752 1001
5634 1735
3772 35
4920 1496
3250 2904
5686 91
5687 153
2232 4034
5688 753
3424 5306
5689 4667
1282 4480
4383 2960
3909 2169
2759 1367
670 1265
5645 317
5276 1845
1503 913
5690 959
5153 4221
5691 428
4018 1576
5692 2614
5693 1255
5620 1179
1906 1838
2973 3126
5694 5052
440 5274
5695 1073
5262 279
487 3828
3726 15
5696 2381
4778 3397
4192 458
1301 1047
3601 3604
4539 3067
5697 5114
4252 2900
3648 2208
3746 1169
5698 1974
5335 3921
2237 2525
1107 1188
1042 2986
4079 1510
3198 2430
4706 1109
5549 1673
4976 2840
5699 1596
3875 1005
5700 549
5701 2460
5214 4260
3367 2123
4457 3930
4738 4154
5702 2347
2528 3126
5703 2610
2773 1974
135 1225
5212 3642
5428 1516
2514 1258
5673 940
933 3756
2354 401
1903 3218
4768 3532
5704 1380
2765 1929
4576 1225
2468 897
5705 630
5706 1327
5297 1823
5707 445
3265 1311
4558 1078
5708 3065
1473 147
5019 2664
5709 3755
5710 446
3880 1607
4737 2034
5711 1255
5712 1021
5713 1511
4272 3519
3791 4167
465 2820
1000 3163
5477 303
2371 765
1430 622
1992 2904
5714 911
1301 547
5704 1045
1222 4667
427 851
5508 73
1222 1287
2217 3014
4262 2279
5715 2144
5716 1056
4303 807
5717 180
5718 974
5719 946
5258 2623
3090 313
4467 1927
4784 1127
3214 2312
4344 1278
5720 3714
5345 1645
3127 1489
3964 2902
5721 2504
1405 1361
4948 3006
379 409
2945 1053
5722 3542
5723 1690
2035 4773
4969 1672
5648 1640
5724 4563
5430 2098
936 2960
4987 2277
2433 1555
5725 2266
754 1511
5726 33
3595 1590
5727 811
1622 2121
2955 1204
1446 5016
3920 153
5658 336
4463 2865
4728 351
1736 2455
348 1011
26 3054
5728 2595
4261 3047
5635 2016
5035 1576
728 1697
2852 851
5536 4879
5437 454
4151 3616
4006 2057
4147 1559
5729 1945
2522 5542
5578 4197
483 1864
4952 5730
1567 562
5494 1485
3960 706
2071 1513
5332 3335
1770 2808
2101 470
3438 4926
1277 2134
5731 2865
5732 450
5733 1511
5734 3163
3847 653
2478 2890
5735 2890
4214 950
4425 21
5736 317
1152 2733
1771 541
4012 775
4422 2826
2068 393
4539 1175
4380 931
3837 3210
3336 245
3768 1003
2824 608
4059 2480
2159 83
5674 1909
3078 1150
592 590
4266 1423
5737 931
5738 1370
2513 374
5548 650
3720 328
3943 2169
4884 558
3641 3352
5739 311
1903 194
3908 2271
4958 1864
5643 2692
5249 1829
3061 2648
3931 460
3285 243
2062 974
5110 1878
5152 780
5740 3124
5416 2092
5285 931
4748 1991
3354 1071
1792 2257
5741 1188
5742 143
5743 3352
3556 2129
2619 355
4057 2340
347 2033
5744 4305
5633 2395
1507 786
4540 604
4775 2437
3593 1559
3790 2041
3332 317
5260 1184
5745 3442
5746 269
5179 1651
4905 659
3655 2057
5747 1355
2108 1019
5748 3955
3388 3126
2397 4893
4559 2348
5749 25
4671 3700
3396 2288
1546 4318
4384 940
5283 1248
5750 363
123 409
2039 1424
3784 139
5751 1542
5752 3109
110 2819
3161 1075
4220 1322
3456 2595
3931 2164
5252 4454
3659 2558
385 692
1630 1019
5624 1062
4620 1161
2435 253
1624 3564
5753 184
5344 3257
5328 1098
2060 2983
1508 2352
3505 211
4852 2597
4204 1905
4027 1234
4279 313
127 4002
2423 4974
5754 2720
3811 47
5755 446
5756 380
5727 1041
4808 2353
4567 3260
5090 983
1802 5306
5757 1085
2830 2937
5758 178
5759 2235
1182 2865
5760 430
1199 1996
4124 220
1325 81
5761 271
4980 2395
4418 2034
5762 3431
5763 1562
5352 2118
2858 1210
4248 2954
5122 1545
4315 4667
709 448
5764 2819
5765 1278
1762 2253
5607 204
4253 45
5766 2741
3053 1773
5767 495
3744 5333
2177 2769
5768 593
2078 428
5769 1319
3625 536
3265 386
2977 3548
5433 3550
5770 1590
4990 741
5771 103
3291 2510
3150 3018
2663 367
5591 1075
4937 409
5666 486
5588 604
5041 3312
2757 3375
4180 238
5022 1365
2056 120
2750 1062
5389 911
5772 2175
5582 4325
1915 927
5374 514
5011 2005
2873 1179
5251 4404
3164 2488
4474 222
5426 478
1025 61
1352 925
5766 2565
3184 3548
5773 1460
4722 1474
5774 2315
627 1708
5775 2506
591 1303
5776 3773
5777 773
2073 934
5778 33
5779 2603
3084 857
1091 1361
2404 3760
4755 974
5780 1675
1855 4202
3808 291
68 2383
5781 2844
2972 628
4971 572
949 443
5782 985
5092 2292
2938 576
4354 3654
5783 4399
3245 3407
2073 2902
5566 299
4360 560
3936 1073
3812 1145
4 820
3703 1255
2377 1683
3769 3369
5784 1673
4842 2225
2992 13
2916 3104
4842 3676
4860 1434
611 4490
3591 1987
5171 698
1009 2895
4992 1441
3629 3432
5785 4563
5519 4667
1964 846
4011 4092
5313 682
4960 950
5387 3676
3727 521
272 1644
4566 610
5421 738
4353 3058
3139 978
2626 2194
5509 25
2049 2970
1237 3
5649 931
4234 1363
1076 1673
5214 204
548 929
4309 4691
4729 1328
5734 2362
4023 1179
1755 5237
4799 842
5172 4390
5329 1039
2615 3700
4644 2870
5296 1751
5427 4468
475 646
4104 976
5786 2378
3856 460
3876 1328
5787 572
4650 1298
4578 899
3553 1594
3527 194
4701 1398
427 220
1097 1899
4875 897
1428 134
3775 3397
381 2751
4598 4305
5280 818
2642 923
2251 3514
5605 990
5788 271
4464 1144
1662 1607
5226 5789
5790 4666
5348 1878
5469 3514
631 2762
5791 3575
3451 111
3975 1921
1499 1540
1664 2746
4483 2027
4919 1349
838 925
5792 151
1462 1190
4176 1954
5793 3029
5496 1135
4115 2129
4541 143
1482 3529
5794 3255
5795 1955
752 293
4699 3898
3805 1485
5796 1620
4641 875
3223 1651
3552 1340
3565 2525
5797 889
4045 795
5472 731
4969 2561
1416 2010
1149 476
5353 1598
1016 1103
1580 929
3353 2898
5798 801
5607 990
4009 2291
5799 3773
937 293
5800 251
2156 1064
4972 2687
5801 1218
5020 1769
3985 228
992 1483
2717 109
5802 610
3806 4773
5803 2242
2877 367
5804 2865
5805 1382
3874 353
4785 4280
42 3112
1932 1547
3989 283
3107 4667
4921 541
5806 484
3958 714
4635 458
5807 1234
3919 2333
4460 2343
5361 2037
5170 1289
5719 2844
2102 2902
4175 2781
2272 682
4295 1037
5524 2235
2166 2312
4145 2588
1528 393
3894 2746
3225 1005
40 3826
4565 1720
2377 170
4963 1047
5188 1424
5808 255
2596 1574
4433 1607
4913 2943
5623 65
5708 1269
2371 1551
3231 2586
888 1289
5809 1977
3341 1127
4011 1524
1002 2460
719 2892
4631 202
808 1250
4057 283
4872 1441
5248 67
2622 5789
4669 3085
5810 5026
2936 1478
1337 4318
2573 578
5811 2090
5490 3054
5386 4226
5812 132
5813 2340
758 491
5798 2250
5473 1847
4041 5814
5557 97
5815 965
2142 1625
2801 1513
3736 1105
5816 1049
1522 120
1819 491
4320 29
233 1234
4433 5114
5633 1613
3053 1432
5501 2317
2096 4305
335 3312
3473 182
2807 1144
3137 49
5817 3352
1946 763
3507 180
4290 382
5818 391
5558 3664
4189 755
4398 5
1068 2061
5819 341
4164 3550
4532 797
5600 848
5820 2262
5045 2352
5821 5542
4784 122
1000 1127
4214 463
3643 1173
5644 4185
5264 4801
2442 2865
4449 2005
4583 338
5822 1258
5823 1408
5817 4143
3500 209
1159 238
2994 65
5734 334
3570 3613
687 650
5824 480
4289 3430
5720 1426
2515 1133
3953 1073
4795 1941
1002 1987
4969 4246
3800 2002
5825 3312
2097 1911
3949 4783
5431 973
4690 842
1978 656
5826 634
2030 55
545 1730
5435 2895
1202 222
4826 3112
5757 3067
5827 372
5828 182
3134 901
3846 3124
5033 245
5118 2769
2474 4197
3064 1708
4106 1
1719 2123
5614 120
3634 1234
3699 820
4022 3707
2417 950
4324 745
4800 2760
4915 1829
5630 1043
4153 1823
2285 1670
5437 2090
3905 326
2484 4226
3632 2378
2165 1539
2633 518
5829 2477
4029 253
5830 3432
4886 2256
5298 620
4847 1450
5831 2007
5832 1510
3225 4254
2770 164
5833 3431
5599 2917
4243 2216
5128 514
794 639
494 539
5834 985
2040 5176
5367 1542
4944 2155
5835 608
1930 3144
5836 832
1106 371
4798 620
5837 2890
1573 2597
5742 590
2385 3974
2789 2837
3475 3215
4648 1049
3774 1033
4861 3885
2573 2868
1546 1933
4999 33
4068 5789
3731 803
5838 120
5113 2819
2036 1829
2885 1955
2466 157
2116 486
5839 3480
1714 1598
5840 2392
4642 97
4330 249
3406 842
1681 3718
4599 3036
4289 3047
2374 2960
5053 636
2030 2477
5140 2460
5841 3383
5842 2214
5338 576
5101 77
5406 253
4792 696
4440 3425
3328 420
3354 1492
4055 2803
5395 1492
5518 2134
5843 4667
5844 748
4911 384
2677 396
2461 489
5478 851
3459 3642
1691 2280
4819 558
502 1562
3685 353
4478 43
2168 45
5845 3167
5630 228
4880 679
5826 2335
3194 3188
5846 436
5802 1831
4689 2378
4343 2439
3979 2067
5847 3968
1960 55
4350 1510
2661 1687
4730 2790
408 1179
5503 355
4586 403
5637 1485
5166 2189
858 355
4638 1607
5848 1732
1569 962
1602 3519
40 2235
5849 369
4520 690
5732 1398
3601 71
3498 2045
4562 2781
5344 2216
4594 3192
5246 692
5850 4064
5086 750
5674 782
1736 564
4334 434
1099 2493
2949 313
3240 1098
5851 236
3660 3352
5852 4680
4223 2845
2941 2002
4642 741
5853 1734
2156 3480
3927 21
5233 3700
5468 3229
5822 959
3342 1574
749 2473
62 596
3284 920
5851 1701
5854 612
5549 172
5206 1432
3704 636
5625 953
2962 1483
5855 1043
377 311
1089 2746
2684 1918
2222 351
3730 29
5856 5
4665 1590
4544 118
3081 2629
4694 3307
4564 3756
4135 71
3716 166
4418 1730
5648 1347
5302 37
4384 1547
4486 2769
5117 5139
5857 2480
2854 2428
5347 4376
3108 1631
937 3777
5758 1438
4986 3151
3834 646
5163 3705
2023 1741
2843 484
5388 499
647 120
5858 4035
5601 230
5473 3178
5859 5237
1018 1156
5642 1262
4788 1455
4587 1338
5753 1814
1787 1250
4930 4582
5071 1349
5860 1566
4088 1685
5809 2458
1495 1590
1371 1531
4900 2414
5160 3014
2577 1909
5463 2536
5848 2865
4460 805
3681 549
3879 546
5608 3484
3817 2200
5439 1888
522 3968
5861 1699
3978 2455
1172 3644
5862 1328
4807 552
1817 2595
3125 786
3886 355
5043 4801
5863 174
3203 1888
2810 200
5864 4667
4365 2866
5828 2525
3598 3718
5865 2643
5311 301
4195 2595
2764 97
48 2694
5132 4092
5866 516
1775 871
5694 2144
4534 3828
3004 4589
540 1673
5187 1596
3699 1423
4358 2100
150 4829
4371 578
5867 1232
5540 2534
5868 3646
5416 399
3868 2100
1857 255
3332 1921
5423 805
5702 3375
5869 1234
5870 3504
5871 1345
5872 305
4231 178
4471 1557
4949 967
4290 2751
5759 2666
5873 811
5874 2826
4163 636
1799 620
212 2853
1790 1322
5029 1181
4191 610
5875 478
5876 420
4400 753
5877 349
3823 3083
4127 101
3314 971
5470 1029
5520 659
5828 560
5777 2820
2341 1017
1764 2118
5672 474
5556 39
5878 236
5147 1998
4090 101
2416 1145
437 332
5043 2760
3849 590
3389 3495
1646 3974
5015 2214
1873 4769
1178 931
5156 786
3091 593
5483 1284
4604 941
5503 1011
740 1309
3076 1389
5410 889
4901 741
2945 299
5803 1248
4907 3036
5397 1017
5320 1019
5879 3831
3838 1776
2799 1927
4271 564
4095 1127
5880 2865
5881 3144
3485 1933
3288 2092
4989 1716
4149 1
3702 3587
2782 915
3281 380
5882 446
5883 338
5770 3317
3926 2437
3322 174
5289 4318
5235 3109
5265 2890
2793 238
4839 1867
5884 2904
3751 176
5713 3724
5514 2733
5479 5220
4117 948
5441 1547
3340 618
5885 2113
5652 1781
4327 780
5820 903
5031 116
5487 2498
5886 1853
5083 3397
5027 5274
5887 359
4469 374
5888 2347
4166 3375
191 546
5313 782
5887 3261
5417 2541
3978 3121
5889 2155
5763 1838
5890 636
469 2692
5467 2203
5780 1998
323 2751
2187 1145
756 401
3837 71
3099 5466
2218 748
906 1623
3574 4468
5891 4069
3026 895
3168 3739
5892 2465
4484 5789
4276 1108
3010 349
4813 1229
2459 2512
423 1454
2484 2870
3934 2694
1618 190
3799 2115
3608 3397
3427 2098
201 4943
2517 950
4865 1498
5893 710
1490 341
5888 3375
3283 446
3956 63
3596 2669
3003 147
5813 741
473 1814
3742 3519
5299 967
2995 4727
208 3097
3271 2200
2449 1489
2578 1657
2821 338
4063 1644
5894 162
5708 2777
5895 2458
5852 293
5825 2338
3402 172
5896 1164
3206 1355
5897 3745
3856 2100
3182 249
2698 3192
4959 5814
5878 3917
4853 2280
5339 420
3191 1574
4219 4823
575 157
5480 275
1575 3141
5439 170
5898 1687
4477 562
5329 1067
3794 1098
4700 2629
4888 202
4112 3317
4795 3188
4713 378
5899 1017
5900 367
2021 780
1558 1351
3308 1601
2019 2325
989 1735
2928 55
4758 2614
908 3982
5886 4462
3893 1921
5901 741
5129 1424
3765 3277
4574 2134
4909 1549
2193 1741
5577 3109
4886 2113
4492 2454
5714 2031
5670 682
2048 1590
3610 1083
129 1730
1682 2378
5564 797
3475 1033
5528 1177
5331 411
2584 1096
5707 2080
4215 111
5107 720
2324 209
4750 460
3511 1353
1889 1701
5569 1358
5467 4727
3505 2826
571 2603
3590 1108
5191 1590
5902 2305
5903 2970
904 1741
5120 659
5904 1784
5905 41
3634 2016
2765 1278
4278 1144
4760 3097
4683 1914
5837 4743
46 1539
3073 147
5897 4033
1863 1685
2478 865
2691 3018
3891 401
4756 702
3172 1090
4822 1685
2942 3109
5749 5814
5906 3165
1975 1478
1967 101
4915 2061
1898 4529
4212 1328
5907 2029
5908 2303
2566 786
5650 1128
5909 634
5516 1215
5411 1100
1636 1732
4438 4727
2520 2194
5910 243
5353 2506
5911 428
3512 1294
3342 782
5912 3085
1837 1041
4521 3550
1475 2347
5245 1645
5913 1031
3810 931
5803 1469
3706 2904
3176 671
3588 75
1172 3436
2042 476
5791 380
5565 3029
5914 1677
4975 1902
4147 1269
1965 698
2227 3023
2544 4229
1165 1751
5728 1638
5058 634
4251 560
5915 2748
2700 948
5522 151
551 2414
5364 552
5207 929
4452 2465
5916 2986
629 2250
4159 2762
5564 4926
4319 1326
5061 2313
872 1105
5752 1631
2836 1436
5082 105
717 200
1898 2731
5734 305
5917 5148
2215 5274
4552 1801
4288 3054
1548 51
5889 4585
5918 1576
5919 5220
3179 1902
3912 1327
5387 443
5905 1429
2999 13
3042 3407
4388 1572
4110 153
5317 1351
2229 2553
4113 468
5143 428
3640 2172
1362 614
5920 1311
5734 1611
5921 3327
2863 714
798 4773
5595 891
5911 192
3252 851
5879 51
1659 357
4270 578
2145 1991
4499 1340
5493 2347
3392 1144
5796 374
2965 1432
5922 593
3394 503
1530 718
3113 4033
5923 2253
5924 4616
4156 3930
5312 1198
1207 186
5925 4394
3042 1436
5926 822
5147 671
5927 1520
5928 5814
5064 692
5012 652
4259 812
4613 2284
5929 3407
1203 2592
4523 590
5726 1220
5682 578
2906 1400
1245 482
90 317
5930 2917
3689 959
3318 1603
5399 2437
4372 101
1965 341
5706 516
3429 3261
4766 2895
1409 1361
5380 1672
2068 59
2759 4801
410 4801
3761 1096
3324 1090
2468 1252
5907 1326
5931 2005
3915 3630
5932 3532
3779 1633
4977 1049
5933 1145
3405 3027
2834 309
2316 765
5934 1037
26 1933
5592 610
1286 4667
982 4348
5831 1730
4295 578
2516 2080
2476 55
5061 3144
1280 355
5155 4727
5935 5234
5936 2844
5937 405
4083 2321
414 5234
5938 4260
5939 2865
5111 2362
5162 1631
5741 2553
5940 1164
5901 593
5689 1918
5816 2784
5745 1194
5456 735
4732 981
4169 486
5069 4682
531 731
2729 3599
5868 2353
5239 1601
5941 2280
4096 69
4967 1708
1316 622
5942 213
5443 2335
4101 1955
3393 1895
4968 1100
5056 1542
5943 659
3583 2902
1339 2644
555 2720
4753 897
5495 1342
4173 2086
5134 81
3899 111
982 55
3612 3335
2856 811
2794 1629
4101 1480
3252 220
4268 885
5944 2976
5945 4480
4781 686
2346 918
5946 273
3008 3599
4495 853
4863 4197
530 907
5401 2317
5927 2947
3100 568
5947 652
3674 2115
1689 1229
5948 682
1968 948
2255 2092
1168 1585
5753 474
5240 124
619 3587
5047 3303
4528 2493
5531 2669
347 107
5949 172
4320 3930
3040 113
4873 934
5950 1455
5185 2228
435 853
2716 77
5023 771
2710 5073
3544 1121
4194 750
5951 1424
5867 2828
3778 11
3533 5026
496 143
4411 2614
4158 704
5952 1598
5715 1974
5318 2498
4819 309
2519 2337
1976 4783
5890 1445
1385 81
5807 2014
2690 1921
4058 4226
5953 83
5954 1225
5122 1638
5919 466
5834 4906
5024 2041
665 953
2022 1687
2939 2685
4125 3502
5950 2726
80 399
5955 2343
1440 1140
5567 1871
5956 4500
4331 628
5957 287
260 4773
3449 839
4611 927
5958 909
4324 4893
5391 1112
4310 1572
4212 909
5089 2378
3786 2337
4998 79
5959 2504
5960 1256
4802 4454
1280 993
5725 1657
3904 261
158 1423
5280 1361
3963 4356
5937 867
3326 745
1268 3065
2807 959
5250 1238
5266 2203
5051 1737
4758 1220
5912 857
4721 1478
5856 1250
3551 2930
764 43
4249 3575
4804 624
5788 1605
5571 2010
5648 1298
5699 1847
1678 1645
5342 1441
3316 2593
3535 275
5882 576
5393 2523
4663 2381
5065 1474
4337 2510
5462 3644
1189 4624
1385 1510
1040 811
4760 3277
3820 1404
2516 1029
1333 899
4495 396
5916 3644
5318 799
5905 134
5587 1594
5961 2392
2267 1220
5323 1914
5212 3676
956 3636
1771 891
5962 1112
5598 2216
1308 610
2106 668
5959 2720
5657 3165
5940 1603
4052 2567
4533 969
5743 2460
3966 1156
3839 1365
1800 3760
5393 45
5963 1073
5863 891
5964 2098
5434 702
3378 2061
5403 61
3183 234
5236 430
2627 2660
4031 2024
3631 3599
5965 1265
5966 126
5659 1387
5967 1250
768 1708
5922 1732
32 1823
3212 5730
5968 1351
4410 585
5002 1905
4335 3642
5447 4943
5283 5333
5969 1256
693 5237
3770 4154
5827 3911
5805 803
5970 1105
1622 1631
5594 1549
5072 1208
5971 1962
3175 2595
4431 3604
345 1539
5489 363
3266 2277
5696 983
1612 29
2224 1607
1356 1354
4062 5333
898 1380
5972 604
90 275
5177 1064
3463 2024
5973 1518
5741 1108
2962 993
5083 1627
4140 1722
5562 182
2294 1408
1231 1408
5819 686
2830 3604
3829 1730
1475 3375
5774 885
464 4318
5517 1353
3105 3089
5673 2625
1981 1145
4027 277
2452 4906
5610 780
5336 574
221 1454
5229 1722
3857 1387
3266 668
3868 2958
5875 1613
3022 624
1481 1962
5259 501
3879 1601
4273 688
5506 2312
5760 5220
1881 3163
4927 2473
5974 1398
1506 1998
1746 334
5639 830
1695 1039
395 31
4086 1220
4153 3138
4724 458
5464 3002
5975 2189
5540 1354
3623 1365
683 5466
4734 714
4203 2057
4592 1098
5976 3257
5977 1298
3197 2947
5228 1694
2942 648
5497 2010
4590 2333
4652 2169
5732 2266
5978 3661
3859 275
4694 3842
4733 593
5301 616
5254 1921
4244 612
2457 1955
4448 61
3701 1347
5230 2343
3883 1017
4657 5144
4819 3104
2457 2886
4961 124
3306 5026
5850 1363
2385 4773
5266 4727
4293 1929
5100 3033
1759 484
4171 1566
4312 55
627 3065
5137 583
471 2458
5979 3981
5980 1085
3572 1033
5695 1240
4461 842
3275 2556
16 2904
5981 271
5982 2588
4393 903
5165 172
5412 2054
800 822
5611 1336
5983 67
3382 4776
5779 1309
4745 420
3715 17
3028 4318
3818 5
5981 4616
4669 755
360 1488
4907 2694
4150 3773
5485 2714
4570 505
561 2327
2196 1053
537 1361
655 1701
3751 341
3647 1710
195 534
4969 1
5710 1255
2230 1131
5984 3776
4239 2280
681 1909
5364 3564
5961 1294
5295 3018
3489 1814
879 780
3729 378
4174 3684
4010 499
1414 3023
3868 3114
2545 971
5680 604
3232 506
90 915
2452 3548
5985 1601
5926 2027
1362 4064
5013 2493
4258 1694
3147 2422
5784 105
5986 2256
5584 4582
90 157
5177 3898
3100 2266
4502 2430
5377 249
4870 549
2846 340
2066 3431
3385 652
4321 2586
5987 877
4562 618
1832 3504
4251 182
5988 1927
5989 1463
4848 1179
4420 57
5621 1008
5915 2167
206 3911
5701 706
3787 4682
4475 778
1111 834
5960 1677
5346 1384
5990 157
5208 2244
629 801
2299 861
5774 21
3942 733
856 1485
290 891
4849 2870
5684 380
5991 1996
4362 2242
5992 1611
4934 1829
2678 2016
4434 4906
5931 1576
5993 2169
4946 2428
2594 1891
3236 291
5517 903
3228 458
4800 1367
5951 4803
3585 981
4 620
5994 3277
5008 1194
1214 1812
3985 3207
3460 971
4914 3564
5532 3287
3923 2208
5943 3062
5995 1252
4405 1322
5996 1987
5997 2580
2074 1957
4389 1223
2530 3844
5998 646
4827 1056
4359 1613
4679 3347
672 4468
2712 983
5471 240
3984 59
5189 2422
5840 1549
3852 21
3540 4305
3022 962
2006 61
3798 3002
5999 1713
3935 514
984 363
1435 2790
5154 2630
4991 3748
5647 2722
4111 755
4236 799
2805 4254
4626 2212
6000 271
674 2870
2508 5016
431 978
837 2736
5776 1649
6001 1382
5631 192
3789 1292
2415 186
5898 2662
473 184
6002 3514
4491 1690
1771 1732
4313 2381
2980 508
2861 1476
3678 486
4432 3484
2581 812
1923 1603
5772 307
3269 1465
1719 710
1417 2769
3076 953
34 2664
6003 1273
4314 434
4378 1194
3102 1023
96 532
1835 1644
2984 755
3318 1801
5568 1623
1916 107
1040 3464
2897 549
6004 172
3241 1287
5191 1629
2227 3089
5675 4468
5932 558
6005 891
5773 164
5986 1045
4852 149
1291 686
1863 2189
320 1255
6006 425
1437 3375
2055 3065
2047 4394
2842 468
4762 3425
781 23
4516 3293
2635 2644
3408 2896
3956 2480
451 3882
3240 696
159 1212
1325 1510
5990 463
1433 1720
3378 883
3959 2892
6007 1145
4439 2614
3628 1730
3766 3320
2691 79
5632 3882
2258 953
5956 2597
4775 805
84 1831
3805 624
3553 4893
5760 466
254 771
4889 814
3986 3982
5419 2812
1653 2012
2263 679
6008 2432
4957 1941
6009 4226
2431 2851
3541 702
657 1083
3854 2601
2331 470
5051 2455
5620 1654
4421 1935
6010 1737
1614 2523
5452 702
1205 2333
3182 1278
4235 330
5739 2714
924 3450
2 1238
1748 547
6005 1905
522 2748
5169 2050
3286 3192
5712 1476
6011 789
3832 196
5337 2005
6012 2900
2380 1117
1095 136
6013 355
442 950
513 1751
4424 2352
6014 3202
4595 326
2724 3083
4198 1843
5135 132
5296 574
3722 1103
2951 2597
5977 1347
1503 4736
2483 4197
4032 3114
5629 2731
1321 846
3259 1144
4231 4254
5628 1005
4173 65
5420 2031
5940 943
3491 1955
1616 118
6015 3916
6016 2439
286 3532
5714 3826
5873 3464
1120 501
5823 232
327 2930
3344 3442
5646 931
3384 85
4740 4047
1904 1284
5949 1361
50 1549
4887 2917
4237 172
5743 706
6017 91
5823 2295
5929 2129
6018 2148
4602 1326
2841 265
4983 1635
4297 1287
4724 3776
5294 2315
106 3160
5993 4069
4570 107
2293 1273
1811 1845
1497 372
1394 4878
3341 1201
3672 330
5602 931
2421 3646
5253 1212
1392 59
3695 4773
3517 289
1299 1699
3802 2630
5184 2216
3314 1096
2613 4829
94 969
3088 105
1787 1925
528 1699
5168 3502
5409 541
5918 2866
3618 1234
5978 3352
5570 3109
5361 1829
5408 1801
4530 2150
5944 198
325 5466
4567 4392
4892 164
5804 915
3016 1208
1637 712
910 1232
3254 3390
3651 445
3771 2502
5343 4893
2771 1918
3622 4662
6019 547
2223 149
5215 1287
5168 1378
127 1660
4834 1751
3622 976
5186 3178
6020 1520
2099 2593
5213 2392
633 3363
1061 1017
4314 907
2135 780
964 4399
5075 4325
2704 1100
5615 132
677 1121
4080 943
5321 3277
5074 1248
2120 3955
5063 694
5889 1227
5200 3968
5546 4974
3093 2954
6021 1476
3488 1991
6022 1234
5343 735
2914 1555
20 1663
641 587
5778 2268
3563 552
5965 549
813 1645
392 59
586 784
1919 200
6023 812
4841 466
4871 4974
5199 2595
4807 2414
5846 3130
3080 2333
5449 120
3961 405
1356 334
1563 4017
5967 118
2324 224
3321 1238
4952 367
4174 324
1606 21
577 3671
8 963
4973 915
737 4392
6024 273
5486 1921
1928 322
4257 940
6025 436
6026 3218
4293 259
6027 3455
3742 2387
5910 702
2995 359
6028 495
6000 218
4774 1109
5604 1697
5860 1058
3434 359
4139 733
4833 2455
4362 501
4648 2271
4780 1929
2756 931
5539 2298
2074 1845
2862 2080
3503 1955
3313 698
6029 3435
4401 955
5862 460
6030 2284
5378 1703
6031 1888
1143 5542
4828 3777
1471 4926
4954 255
1219 2614
4765 3029
4372 934
2243 3141
5100 578
4688 1627
76 190
5444 5139
229 211
5545 265
4414 2720
6027 1545
146 3074
5119 1105
3501 3826
2723 2343
5513 2169
6032 2402
5898 1190
2863 1463
6033 1741
6034 630
3098 1675
2408 228
2596 149
2023 5039
1275 202
4304 1142
510 2576
4190 541
1791 897
6035 2335
5975 4974
3946 2886
3465 2892
5841 3604
4729 909
4673 2381
2740 439
3275 1453
4658 1260
3267 2886
847 927
199 2736
3764 3296
6036 1905
5424 113
5006 820
1052 1991
5945 1679
3860 2593
4257 1905
5655 255
2584 1400
5552 411
3709 818
3077 3097
5336 976
5989 714
3618 277
4439 4829
6037 3582
4953 2556
4250 2277
5624 1017
5683 2603
1072 69
893 606
4499 1668
4761 3684
6038 85
4121 1620
2967 4280
5868 646
90 1645
5884 3707
6039 616
5649 3347
5928 4743
3472 3450
1472 1402
1270 795
2524 4417
5787 1196
4940 1240
798 3974
3649 4878
4898 1338
4636 182
6040 3363
6041 196
3775 499
5775 1539
5261 2362
4825 3317
5418 871
4278 3260
6042 1732
210 2259
5541 1147
4771 560
1803 399
4701 3361
424 7
3650 1169
5979 1773
3902 4893
5312 1905
5972 741
4233 2266
6015 5028
2308 27
5182 620
3222 2192
5934 578
3301 1105
1842 1049
366 275
5842 606
5541 4348
3696 527
6043 3982
5279 3484
2401 516
4025 692
3840 1794
3346 2614
5933 446
2893 834
5104 4390
5927 1340
5738 1489
5190 157
2649 2352
5864 188
2905 1328
5879 1039
6044 680
339 178
5883 5234
4531 1741
1132 2432
1807 190
5351 799
1523 1156
5523 1693
2138 5492
1486 380
3017 3151
654 4555
6045 2853
5044 915
6024 1763
4286 899
5676 2312
6046 2976
6047 2315
4590 1776
5762 4659
6048 436
1837 811
4791 2007
1704 891
6049 275
1410 1023
5688 3160
5379 1494
5563 1121
4870 2898
3872 301
2511 552
504 103
3285 903
3964 934
5018 3192
5896 927
3381 782
1894 2137
1978 4305
3240 4589
2745 2529
5375 2714
2048 3317
3561 1345
1827 525
4155 394
6011 2376
5277 965
2202 4727
3619 2601
6050 656
5869 277
5172 1029
6051 37
5109 2632
6052 1638
5502 1145
4578 1918
6006 4555
6053 2534
6054 3955
921 784
5622 3842
1170 3793
5819 698
6055 2402
6024 2504
5885 2140
2719 587
2334 1330
5324 190
4284 699
4409 136
6056 4376
2901 2376
5593 35
1397 3361
5319 3982
3115 273
5232 1812
6057 3757
3816 653
5183 1927
5402 1847
5930 330
2003 2947
1536 2681
5600 1164
3280 3112
2831 827
4191 1690
4449 738
4510 867
5465 590
3412 1605
4116 702
2770 45
4914 3218
5925 222
2104 5016
3615 2529
5824 2808
6058 393
5864 1918
5208 3141
3719 516
58 696
5596 2430
5494 1594
2462 1164
1612 478
1493 782
1344 668
288 1151
5865 297
4497 1891
5406 1085
5935 3773
609 275
2539 950
5162 1119
5291 503
4550 238
2360 2576
5866 2402
3228 865
3556 330
5515 2534
5764 466
4093 1957
5782 2666
5896 848
3603 3383
3583 295
3925 1045
5770 1629
6059 1355
5164 918
5530 3707
1203 401
4382 1208
2706 2343
2122 710
5941 1510
119 648
6032 516
4995 170
133 41
4416 3495
5903 2701
5883 3700
6008 1307
3348 287
4425 2315
2988 1987
1643 3431
131 1173
4345 382
5583 109
4235 536
5654 1169
3872 1699
3797 265
602 493
4239 4943
6060 176
2125 3532
5769 818
5505 891
4739 5274
5461 4621
4855 1959
1230 832
6061 622
5802 1309
5737 3882
538 4624
4708 1179
5806 5026
4672 723
6062 259
6021 1991
3987 253
14 3474
3715 2904
5419 2925
5815 996
1913 95
5512 4793
5869 2016
4431 1878
6063 1886
1901 463
1187 105
4535 1105
4136 3495
4045 1354
3015 3261
1059 546
5560 1699
1990 1476
2628 372
1669 1332
5297 413
5049 1645
3818 820
1671 2561
961 995
1846 1617
4020 245
4925 297
5722 702
3860 834
4150 2664
1774 1161
4087 3047
6064 503
840 99
4503 880
5904 653
2646 317
4287 3065
3708 564
1197 2061
617 1454
3827 960
2833 1137
4868 3296
4988 1708
637 3930
3944 2567
4374 19
4527 2061
5223 2392
4838 967
5455 3432
5538 694
6065 386
5182 714
3333 1701
5197 361
5651 2925
5527 1673
5185 3023
1507 4850
3208 29
6033 5039
5381 1145
6066 1905
4627 301
6067 2043
6030 418
3240 2493
5811 3329
3976 3160
5618 2597
5948 1909
2231 5237
1744 1227
5954 1645
2091 3431
3209 83
3600 2086
5007 578
4695 718
1537 1701
4596 899
408 931
4196 656
5282 87
4638 21
5691 1847
6068 644
4546 1389
4068 547
4670 1244
4084 1921
2008 3146
2052 3707
6019 5789
5448 378
5998 2353
5943 2303
6069 3714
3264 346
641 2720
3675 2225
4038 3885
2680 578
5048 4154
4581 2930
5206 1773
1976 1489
5476 1605
5677 1551
5691 2208
3878 822
6031 403
1791 218
1890 1585
3512 267
4474 1142
2436 2760
4788 65
2811 4051
3171 2632
4130 355
5360 1062
4946 2010
5693 155
2533 4348
6070 1751
3611 1380
358 3430
3162 1882
5824 1954
1745 1838
2968 668
6071 220
3849 1181
5844 1585
260 2117
6037 4229
1070 484
6072 275
3117 1071
6055 4680
387 3831
3244 3202
1877 1478
3967 3442
5833 145
524 1278
6073 626
4694 2113
4415 1756
6029 590
605 2214
4054 1307
5840 1294
5595 346
5358 4553
389 2200
3401 793
5801 3114
5996 91
2226 3921
2686 211
821 1365
808 3067
5711 1921
6074 230
2173 1585
2127 2790
5376 1144
5622 71
2877 720
4358 1131
3662 899
5504 107
1733 238
1990 2947
1819 759
6005 1284
3184 2978
5570 648
643 5144
3895 938
3134 353
2678 636
4929 2696
779 1426
5782 363
4651 983
3290 3067
3060 731
5746 1133
5085 2295
1767 322
6075 3307
4832 4033
5368 5026
5847 4240
5308 4893
5526 261
5996 1103
217 1489
2575 1489
5580 1984
2540 3757
5706 238
4275 915
896 218
3525 2406
4238 905
5204 895
4572 2812
5413 1732
5953 554
5547 1631
3362 3911
4368 5139
350 3257
6063 1494
5820 243
3708 269
1849 2536
3796 2681
4342 1929
5923 311
4612 355
5347 3047
3988 650
3903 4318
2020 3014
6076 2666
465 432
5794 3542
4623 1463
2396 27
2855 1294
4688 1429
3614 21
6077 4691
3469 610
5752 1019
6078 2660
3994 1683
2382 3097
5262 846
3850 925
3039 527
3274 224
2965 2180
5382 2865
4635 3229
2716 889
5664 2629
3243 1232
5310 2822
4298 1703
6079 4356
5267 2115
660 2228
3103 3062
2981 688
5999 456
5788 1794
3403 1384
1715 1488
5936 317
4308 985
1507 2733
6038 859
5938 1292
4085 4743
4473 3188
5603 1984
2563 3375
5613 1949
5544 4033
3125 2567
2783 1248
2365 1043
4420 2406
3785 1244
4162 1735
5535 4143
3172 376
1261 2983
4527 143
163 45
4447 782
5785 1520
360 3303
5739 543
6070 77
90 1905
6067 463
5284 2092
390 820
5575 2701
5847 2312
531 1033
6048 396
3031 2405
5119 1395
6080 3853
1415 1814
6081 3974
54 2477
5650 525
2177 2437
1809 4926
5145 3085
3624 4226
5811 267
5626 639
4473 4280
3934 508
3503 1480
5379 1886
1782 2746
5768 704
34 3773
4196 1677
4148 927
3873 441
4660 2095
2795 962
6082 47
3262 1198
5059 2321
171 1905
3499 1080
4048 2687
1016 1645
6078 1244
195 4736
5269 3009
4456 1635
5337 4392
1106 3828
6050 1080
1568 622
5485 1540
3411 1395
2547 2751
1841 2986
4963 126
651 4926
3305 5148
5581 2731
5108 95
2922 848
2682 541
6083 307
3084 1184
3890 2034
2572 2943
6084 3154
2166 2748
5700 929
3555 1119
1565 220
4330 3755
5201 101
5532 1498
4122 3575
4982 1555
1285 17
5696 1867
3932 628
3145 2692
5756 1467
3357 969
4744 3718
4790 1816
40 4051
2814 2639
6081 2800
5830 3916
2434 2327
3262 2061
4498 39
4008 506
3947 4668
2626 480
1507 2192
5767 3587
5852 166
5270 2919
1364 226
3216 279
3848 3047
2087 576
5124 3718
3902 745
5906 2343
442 3676
5585 720
6056 2583
4312 2477
2757 4167
5980 253
926 1271
3377 2465
104 1188
5931 3141
1896 3564
5621 2271
6085 4211
5181 1722
5556 101
5667 3255
4613 1194
350 2216
3997 940
6086 430
5729 454
3814 3968
6057 2541
5267 1043
2841 1494
6087 652
6088 432
6089 2853
2372 1741
10 2333
1406 1039
4623 1190
1246 7
4247 3604
5835 973
5849 2002
127 2338
3440 489
2744 3718
4482 4404
1153 1432
3998 1127
5500 3083
2823 2896
3094 3210
5893 1400
4501 1905
3516 938
5278 793
6090 4662
5097 4893
4456 2954
3810 409
3866 157
455 934
1667 1340
4020 297
1514 587
402 1572
5924 326
548 1265
4331 1336
40 3630
954 950
3528 1576
2322 194
6084 656
6051 3047
4919 2340
1456 2327
5534 738
6047 4229
3421 3038
6091 1531
5895 1378
3048 279
5751 4743
5491 443
3301 873
2816 19
4126 425
5994 1023
4742 1218
5589 659
4451 1262
2916 1955
5179 1539
4816 516
3821 198
2688 2937
4498 1100
6034 172
5235 2943
833 1590
6068 2741
5080 630
3711 1402
5720 780
244 3126
5457 2343
4877 805
4242 1531
2248 1375
3456 291
4386 1831
1390 271
5687 4906
5682 472
1565 2347
5554 1603
1431 1773
6044 2943
3774 532
5955 328
4234 141
3116 1271
38 2493
5987 659
4208 2155
4187 3575
6092 3599
3131 267
5970 1395
5697 207
5425 2129
6093 824
667 2352
5800 1056
5125 2029
2735 1690
294 2666
3889 3604
3402 1645
5733 240
4994 2986
5037 168
2161 4154
4663 126
2884 1049
6094 634
4891 3431
3090 1859
6095 3215
2912 3748
515 238
2366 957
2400 993
5892 4034
5304 1229
4049 4773
1836 170
6012 2473
400 1281
5692 3582
5725 3361
600 207
2119 1311
3627 2937
6096 836
5207 97
4538 634
5723 2305
4679 2280
2717 2269
3797 1494
3683 848
6097 2970
4466 1347
2659 3480
3694 1559
4595 934
6013 1281
2926 1142
3768 1987
5959 556
2151 1460
828 5730
3910 708
4780 2652
1916 103
5751 909
3020 2284
4923 844
5459 4773
5326 1133
4677 1419
2355 2851
6006 5730
4340 2164
4302 2550
3524 1974
1302 1292
5404 1103
5797 761
6025 4226
2418 1998
5288 2913
6098 1905
3859 226
6099 2919
5955 1474
5432 891
4383 489
90 2865
1515 541
102 653
3627 793
3301 2569
6100 2603
4554 425
5576 2731
3801 3495
5371 3745
5791 409
4890 1683
6013 993
5415 107
2727 1534
1306 53
5972 2819
5131 503
5939 493
1712 1244
4545 680
5829 2244
5563 1627
5448 53
4598 656
1637 568
5597 773
3959 720
3466 2898
2451 1400
3906 1436
2735 2305
2231 458
6071 340
4511 965
5376 1103
3971 2800
4509 1640
2756 1179
5678 534
4270 2574
4547 172
3678 1284
5669 2312
461 213
5424 659
1299 3263
1491 413
3237 4034
2658 3296
5103 891
1166 334
4276 718
727 3097
3782 2868
1908 769
5442 3141
1343 688
5533 493
467 2033
6101 31
4738 1823
2230 460
3249 2506
5812 2273
5189 3646
4331 2777
4413 1445
5855 228
4932 285
5952 1572
5848 803
5958 1542
6102 2868
4894 2800
5008 2284
5721 2502
4572 990
5491 1342
1934 656
4446 743
6103 460
4026 1627
4794 1734
4413 1483
5709 2298
4885 1098
2289 1051
3925 3431
6077 283
294 2235
5287 2769
3834 2353
5481 1387
2903 126
1766 698
3562 5052
3970 2157
4548 1017
1187 969
4913 3109
5703 1292
2433 2580
3580 194
5614 648
5080 172
5995 1426
1877 587
3428 4002
3977 3263
4840 572
5314 1041
5899 1078
1728 450
2258 319
1214 780
5249 1781
5792 4024
2182 1198
5796 2490
1705 983
4108 2037
5553 27
5740 1540
3359 1531
2332 11
3673 3114
6004 367
6104 4165
2467 1198
5506 503
5438 1053
3253 101
5976 5274
5363 91
1554 303
4319 17
4718 2473
5887 3430
114 2800
6105 3933
5384 763
4216 618
5317 1559
4426 3215
5777 430
3697 2121
5881 1121
4646 2576
2491 738
5109 3065
1427 3261
6060 1258
3790 2769
5698 2144
4718 990
5168 2458
6095 1551
4630 3
4976 622
2980 2819
5917 688
3148 2406
1335 673
1857 1549
4988 1173
5830 3630
179 3974
4409 3974
148 3940
4888 4943
3983 1555
3490 351
3445 446
1997 1675
497 2845
2375 2902
4345 407
3704 1445
4536 2820
4700 1031
2221 3828
6065 2268
5654 2082
5315 2648
5141 2225
5632 409
2655 493
5761 4616
4494 2041
1428 41
6009 1488
5755 2454
4096 1454
1270 853
5681 382
4970 2353
4967 1031
127 3390
4472 1073
6003 255
5891 2194
5047 2870
1030 2629
5371 4033
1825 2095
5832 2368
5006 1423
5218 4419
2856 1838
4575 558
4715 2271
3754 2853
5077 386
1777 1284
3061 797
6090 277
6061 2840
5548 157
3077 3277
2849 3974
6106 1603
5229 3065
5050 2425
4065 4585
2998 2016
6107 601
5861 301
2889 865
6087 4167
2028 1144
2667 147
3865 3828
5679 608
1481 1051
3043 2662
3864 3564
3869 1941
5661 816
4082 1732
5452 3257
2232 2465
4947 1720
5124 3599
1216 1611
1571 1651
2940 915
2096 101
5640 4404
5519 1918
5598 1375
2656 491
2993 3352
5123 784
6103 5492
12 2853
5320 1631
3520 2189
1101 620
3230 688
5495 861
4705 699
4402 1897
6108 2150
3223 1539
36 2439
1865 200
3471 4033
4402 3564
2715 1198
256 940
5430 4803
5958 653
5727 1838
3072 172
2779 2576
1267 234
5663 95
5392 2714
5962 1555
3994 3661
4902 2937
6109 1066
4517 1859
3906 2837
4873 456
2689 889
4381 1574
3334 4047
323 4007
5988 172
4778 3776
4777 4906
566 556
6110 3067
2971 650
4296 1673
4225 2685
5238 3767
3894 1347
5975 2291
3017 2943
6075 612
4869 1192
4931 1845
2246 1429
4361 3714
5203 2203
3963 1534
1993 1252
1538 346
256 27
3640 3940
6102 923
3804 4926
3672 536
4814 1496
3976 694
2492 976
3626 1980
5794 2924
5453 3522
4530 2937
5914 656
3226 1443
5423 2760
4565 2123
6111 2558
3952 1322
6040 226
4732 1342
6056 37
1124 834
2959 1590
1936 3124
5399 2760
4253 2169
4846 253
5309 1008
1479 2886
6046 2853
4918 851
5184 1375
4771 688
5115 3188
4876 489
4854 769
3274 240
1444 1483
3185 950
5036 3154
6112 1899
5900 275
5985 2541
5662 839
5954 1732
5908 680
3918 529
4077 2340
2894 259
4315 4390
3224 2623
6094 5144
214 1905
2219 29
5550 2774
5780 2896
4186 1756
1883 1838
2484 907
4455 1760
5565 1555
3693 1492
3573 710
4265 1631
4164 1056
5105 1375
5992 873
3169 3644
1887 1361
4902 793
5726 973
5472 704
916 1609
66 818
4513 2565
6058 3383
3256 2216
5076 4376
6113 1524
5971 101
3337 2800
4995 1888
302 1112
5737 3345
5400 3916
3585 443
4452 484
2911 1585
2797 973
2855 2054
6015 168
5914 1441
1086 4325
498 1998
2661 1190
5579 2057
3883 382
5341 2080
5230 328
335 357
5628 2194
5874 1856
6091 2571
4546 576
5432 1531
6026 3564
2566 985
5609 65
5389 2031
3592 482
3850 1353
6114 2592
998 562
3792 382
3803 2376
1828 883
4091 2387
4684 957
1369 3121
4209 2751
2052 1977
2444 3027
4962 564
6059 5095
6072 1699
102 1131
3370 1298
5166 1864
5973 694
4897 503
6115 4394
1624 552
5368 612
6064 3968
1239 2037
6116 3050
4607 1710
1057 2875
2719 642
535 3027
2520 1441
1573 149
3538 1353
5032 1121
4349 552
3950 3160
991 113
3534 359
1185 355
5561 3114
5655 3074
5982 3435
5484 1611
4629 1551
2241 501
6010 1977
4465 2910
3782 923
4757 2504
3120 2458
5553 3054
840 493
483 748
2967 313
5214 2925
3977 1181
5894 2012
5511 145
5217 5039
6007 2010
4268 508
5808 3578
2297 3755
2608 301
4102 891
1550 1685
4928 1112
4579 797
3110 275
5174 5095
5920 608
5947 4926
5818 1395
5843 1882
5062 604
2497 1225
5790 2340
3953 2333
1940 4280
1639 1693
5522 699
544 2798
2728 3739
5169 176
6066 1103
5853 418
5134 160
3461 650
6089 1313
4639 1859
4442 2387
6107 466
986 116
3937 5095
4115 2800
4205 2378
5330 33
5838 4399
2475 2711
4939 1557
4127 626
2077 2010
2356 2007
1074 2242
5836 209
5861 3263
3594 2268
6117 2463
6113 2150
6118 1732
4123 1031
4814 484
5175 413
4968 39
189 75
3733 2694
3709 1534
3476 1735
5617 1629
5305 2180
44 4254
5173 699
2527 2828
5715 5052
1648 2722
4541 2865
5910 162
5121 789
6099 2129
4267 1476
5094 1373
2888 1566
5705 741
2125 905
2801 184
5596 2134
60 1810
6119 626
485 2086
3723 1511
4601 620
5259 2212
4993 3047
5038 1404
4810 2632
2444 536
5561 1443
4098 1797
5658 3178
6115 2333
6120 642
701 1145
5065 1996
5998 3646
3843 861
5572 143
6002 200
5768 590
154 1047
3803 1949
6121 4325
5754 556
3769 1324
1724 799
2897 2123
3416 2280
6111 696
3558 1856
4859 1167
3389 3062
4367 795
2883 2214
5357 3578
5618 1017
4277 2919
1186 2381
5205 2298
5589 101
5256 3504
5106 2556
6122 1085
4487 1987
2938 91
4118 1485
6097 4850
6020 4563
1247 2242
5665 3335
5795 3504
5656 1732
1237 2803
4855 2348
2818 1954
4074 1756
6105 608
5227 2731
5360 2751
6052 2630
4349 3564
270 5466
5435 344
5913 769
4351 4974
5334 2532
6123 309
5695 1454
5736 2271
6105 2798
24 5814
2805 2169
3508 3327
5893 448
5717 3974
4931 2660
1093 1954
5692 1220
2074 1994
4811 2352
1641 1954
3180 3671
5017 934
3658 940
3043 1925
5942 2381
3359 632
4723 265
5983 2134
4291 634
3954 506
5636 3218
6120 743
6124 915
173 1338
5701 3352
1686 836
5987 851
389 1596
3537 2504
6085 271
5544 1443
1439 1324
360 2605
3204 3400
5888 1476
3244 285
5531 1049
625 604
3656 907
5308 1067
3935 920
169 1683
5662 925
5583 1797
4192 865
5273 3257
3569 1838
5664 283
3079 1921
4971 987
869 1342
5383 439
3454 1786
631 1109
6000 2774
4238 1741
2289 83
2209 2439
5445 606
4992 1677
4957 2621
2481 73
5930 755
2982 326
5098 976
5011 3141
4597 3023
5722 243
138 4035
1420 3616
2339 2629
5652 2711
4072 694
1985 3714
5590 2694
1587 4667
3858 2774
2469 3885
64 1980
3399 1173
5499 5052
4249 409
6093 454
4904 1734
595 2859
4894 1382
1766 686
6125 1645
6042 157
4685 3027
2382 778
4625 2244
5054 1250
5771 2033
5866 2576
6039 4659
5515 668
2780 1454
3645 1375
2920 1812
6028 656
2949 4280
398 2092
3310 432
2734 19
5871 2277
4326 480
3250 126
3483 2406
127 1085
5835 1043
1964 1322
2982 934
4321 361
5731 576
5656 593
2956 576
4580 101
5936 541
2811 3718
6126 4376
5121 295
5997 940
1875 259
4299 1635
4329 748
2114 1043
6061 1317
6036 940
6121 1756
1718 4553
2676 365
5559 57
5929 1436
6032 2576
2447 2012
2247 1716
5307 1980
1403 384
4028 650
4774 3089
5372 2553
4105 3260
1749 2194
1219 3582
2109 91
343 2895
3368 3335
6051 4376
6062 666
3598 1317
4731 934
3961 867
5460 976
3318 527
3081 2910
1715 1287
5365 1244
1501 2924
1193 2284
6116 3347
4159 632
4333 1699
2698 3287
5420 3826
2909 207
2013 277
4737 1730
3096 2954
3772 1649
5411 39
1738 735
3156 1284
4966 5730
4955 3542
1535 2242
5700 1265
4303 1069
4021 425
3660 4143
4557 712
1771 2800
5292 853
3186 4211
4013 1929
1077 1017
5750 1869
2438 568
4464 5542
4606 1732
2651 1929
5415 3247
6022 2016
1430 2840
5555 141
4824 1781
4692 315
2564 313
6127 289
6026 2632
6082 2777
5821 4348
5187 1847
373 1933
4936 249
1789 168
2198 1363
5136 2383
5719 484
3668 234
5045 1601
6091 632
6118 562
1972 963
3005 1292
4186 2726
6023 2837
4603 918
4470 1128
2518 2669
2109 1921
146 3130
544 973
4230 2118
4859 13
5161 405
5402 2208
5964 4803
5188 2639
5269 1317
3105 105
5748 1432
6100 4202
5872 122
1065 2769
1134 2082
1193 2329
4133 2134
125 3014
5507 3065
6104 2279
5690 1144
3211 1450
4169 1284
3187 4280
3453 452
6124 157
1658 1937
4050 1248
3694 1387
5980 941
5747 3938
4908 2266
4687 1328
1507 2206
2105 1260
5805 222
3632 1683
5388 1434
5677 765
5303 2010
4709 1949
4838 1147
1004 4254
1095 971
5133 1361
512 4801
2654 4926
1110 2913
6110 1175
1254 446
942 190
5555 2692
1030 207
5944 3376
142 2061
5950 1629
1771 1103
5031 2892
40 2711
3973 2986
5728 1545
5689 188
3623 2286
4933 2870
6125 1998
5590 508
5894 2588
2598 3202
5876 4879
5984 1434
5960 877
4698 283
5363 486
1470 2212
5064 386
4622 71
3698 2100
225 630
2551 525
5112 718
4103 1483
1228 572
4720 825
1180 773
5258 1177
1396 2787
2705 757
3133 3688
3140 5306
379 3575
1050 576
3467 1223
5962 303
850 113
5299 3260
5518 1929
6014 863
4672 145
6128 207
6093 1945
2929 3739
3106 1454
6076 363
5116 501
3173 2045
4267 2347
1323 905
4525 289
2089 3714
5862 1443
4113 3776
1407 1232
3493 1398
1900 3146
1004 178
5350 2828
3213 3160
1768 178
6073 1539
421 1345
5957 1821
4604 118
5400 3432
4851 1687
5345 2800
5232 1215
2804 482
3251 1373
2051 3178
2768 2437
3881 1395
5263 369
3415 3335
5359 39
5839 2157
5729 2090
1086 5237
4415 2726
5383 3898
569 59
4515 29
5056 2061
6129 157
5969 113
6068 2639
1870 2439
68 11
874 470
6042 1137
3625 330
856 3277
3820 384
4128 251
2308 940
5327 2329
3441 1467
2535 1455
5057 273
2403 748
6096 474
4401 1375
2270 1008
3665 750
5105 1516
6123 3104
4602 1258
5859 1784
6069 4069
5942 126
5765 1361
5937 1332
6122 3390
1162 441
4702 2896
6054 1227
5671 2286
4239 2167
4016 2692
5733 755
3350 1145
3447 1271
3996 59
1522 1177
3998 1201
2673 578
4899 1019
5754 2067
3992 5306
5631 656
5781 484
3663 1547
5810 3636
4123 1708
1442 460
4145 3167
5635 1445
5779 2826
5241 4803
4653 4246
638 2045
5150 1255
555 2504
4364 3828
579 4879
1114 228
5731 1051
1088 275
4195 1638
3248 2736
5265 865
6043 5814
3164 2343
5849 3369
4095 1996
2852 576
6076 985
2933 384
3725 664
5392 818
6130 653
5309 2800
5947 855
5685 4404
4274 3151
5365 2774
5078 153
6001 2800
5783 648
3962 965
2404 765
734 4668
6045 1140
5793 5492
5981 1845
2752 1404
1200 2383
2894 953
517 363
4892 45
5877 714
6131 3468
4716 842
2173 1891
4355 1603
2145 2692
86 1853
4941 1921
5921 454
1844 1244
3208 2303
6108 2937
4606 562
4025 386
3379 4007
2239 484
5921 2643
1300 33
3380 1003
928 97
5858 931
2641 3154
4820 644
5785 1053
5991 3056
5574 3038
4675 714
12 213
4053 4850
1806 2284
5683 572
5702 1438
6119 2632
187 2685
5275 4069
2979 363
1707 1031
4981 3705
5653 420
3615 2746
4837 4002
1852 1322
2676 1225
2934 1284
2638 1424
329 604
2319 4490
2133 1929
4523 704
104 969
914 91
6017 927
3555 2121
1120 2242
4948 686
4447 3192
3129 3074
6086 5220
3972 2904
2000 1737
2357 1328
4899 626
1922 4376
1241 731
5946 3431
2283 978
1160 3210
2857 1031
193 3684
3248 200
5781 946
1931 1821
1826 4793
2245 1349
2426 1108
5354 4165
5709 818
2600 920
619 714
5716 782
3012 2164
5510 2148
4326 2169
1505 1741
6126 4519
4594 782
4147 149
3270 1150
994 2024
6112 2731
4997 2067
5870 1480
5488 2875
2838 692
4080 1164
4863 2353
5521 688
2927 1737
3584 2790
5482 4154
5586 4390
2032 468
4740 2439
5362 706
4772 4348
3824 1256
2806 2536
5690 2808
4951 396
4510 4666
1592 382
1314 3450
2850 4217
2369 1340
4583 801
2401 2576
5660 3911
5470 399
952 344
5104 3468
693 2726
4942 2312
5639 83
4603 113
1599 2069
4334 5144
3016 5073
5449 648
2456 765
5046 1734
2318 572
3499 1560
4640 1683
5699 3178
4945 1373
4488 1957
1503 422
6016 2800
2310 2960
5019 3773
2131 1603
1191 2144
4182 1888
6074 1524
203 2295
5963 1454
5505 317
1714 1651
28 2303
3732 614
5799 1078
2806 4823
179 1225
2932 612
1979 65
1199 2362
4908 1657
6018 2762
4599 1651
5638 5028
5992 1127
5001 3151
4664 2086
6132 2118
997 2925
4782 1489
3142 536
1509 3468
1747 2340
364 3261
2617 2784
5523 168
4311 1220
5205 2086
2072 1201
6047 4829
1174 1190
2165 172
5404 1145
5769 4034
4556 2960
2864 71
3301 289
1652 3777
5718 168
5438 1991
4277 729
4360 688
2234 295
6041 2080
1705 4348
5243 604
5458 1998
5759 295
5904 1131
5525 2896
5764 1607
3717 2812
5475 2362
6114 1281
5845 2203
4664 2350
5693 446
2693 346
1126 1201
1055 782
1848 536
6098 190
4377 2532
282 2629
2168 4254
3259 2523
1944 454
4081 2696
5641 5237
4223 1378
1839 753
3136 4974
1136 2010
5687 3548
4259 562
4094 2714
3606 1284
6101 2024
1286 1223
1166 2569
4674 468
3896 1756
746 2714
5126 91
6092 726
5606 1645
20 1607
5970 698
3686 3263
6130 1784
3779 2792
4694 2140
2670 97
4485 2741
5832 1588
4833 780
2971 182
6022 277
3418 3502
5865 1067
4306 1119
1860 1190
2718 743
2788 2320
3276 1128
5533 99
3092 889
2248 1194
5786 4490
2015 470
2122 1720
5314 2353
2351 2018
2707 1578
4623 3917
3993 446
6109 2525
5642 2924
5315 797
2420 4621
3385 4926
655 4305
5686 27
3941 2588
4597 2228
3939 1722
5928 2890
4731 456
2234 2666
4445 2312
1468 4033
4912 192
2201 63
5224 35
5611 1539
6129 650
504 107
5348 1529
5562 2525
4916 698
3863 4621
6080 484
5041 2338
4430 1821
3788 750
5627 2439
1961 83
6035 2574
4979 1400
2871 624
6131 399
3909 157
3860 3317
2927 948
5161 867
3221 4743
5247 2868
3205 2534
713 439
5610 3480
4735 334
2285 3002
774 1727
5968 2798
4576 3974
5902 2736
6088 2273
5066 1539
1508 2018
2849 4773
3269 1478
5340 3303
2878 818
5316 714
1862 116
4935 344
84 757
3922 1627
4817 1564
5498 315
4536 432
4950 2629
721 789
5102 425
5060 118
3007 1645
1195 1631
3782 767
5744 101
5324 927
5966 2845
4887 3407
5000 1657
5746 564
5971 317
5718 1693
5974 971
5286 2828
5965 929
4140 1625
4609 3676
1446 2510
2344 1551
5067 2172
5710 155
2616 818
3867 3229
887 1895
1579 953
5455 476
3900 418
3763 1518
1308 355
3635 1454
4357 511
5881 505
2503 2720
5272 2061
5068 5274
5880 303
1381 803
1042 2115
1259 1188
5436 1019
90 1673
1832 2488
6106 4621
2309 1720
4651 2381
4568 541
3655 120
5668 2762
5629 639
4407 4092
5857 1703
4170 1109
6083 3009
5584 1654
3021 1498
4477 2837
84 859
5327 1937
6127 1151
5014 1260
2933 367
4441 2428
6132 317
6021 2947
2604 3700
526 830
6079 1534
3647 2565
5593 2664
5608 656
4805 1814
6035 1330
5197 436
3691 4589
1938 2057
2042 1150
4629 2345
3680 2206
4655 2597
3993 439
4049 4519
684 664
4161 702
5537 825
2058 5073
6048 853
607 450
3679 918
878 927
5164 4185
2240 2115
5963 69
5724 1053
5457 470
5735 5814
6066 525
3637 554
239 226
2074 1426
5168 3121
5572 590
2989 1627
3135 2498
2543 2662
4381 782
5273 2216
5698 1402
5763 2746
5070 162
4097 1607
6117 927
4867 1732
5918 3006
4003 2986
5684 409
2728 2930
1186 1867
4905 851
4459 1023
1431 3054
3302 1294
1076 1480
1948 3548
6128 2592
3471 3982
4340 957
5854 71
3736 4878
6049 226
4393 2262
4704 3853
1129 2694
5612 3329
4281 2405
6053 3529
