10943 22607
0 1
2 3
4 5
6 7
8 9
10 11
12 13
14 15
16 17
18 19
20 21
22 23
24 25
26 21
27 28
27 29
8 30
31 32
33 34
35 36
37 38
39 40
19 41
42 43
44 45
46 47
48 49
50 51
52 21
53 54
55 56
47 57
58 59
60 61
39 62
63 64
65 66
67 68
39 69
70 71
72 73
74 11
75 76
77 78
79 80
81 82
8 83
84 85
86 21
87 88
89 15
90 91
92 93
94 95
96 97
79 98
94 99
100 101
33 102
4 103
21 104
105 106
107 21
108 109
110 8
111 112
113 114
64 115
116 49
117 118
27 119
120 121
39 122
123 124
125 49
8 126
127 128
129 130
131 64
132 133
134 135
136 77
137 138
139 140
141 15
142 21
39 143
144 145
146 147
8 148
149 150
151 39
152 86
153 8
27 154
155 49
156 157
67 158
156 159
160 161
8 162
163 21
164 64
8 165
166 167
8 168
169 8
170 171
172 39
173 174
175 176
177 178
31 179
180 181
182 11
183 184
144 185
144 120
186 187
39 160
188 77
189 190
8 191
46 192
137 146
193 27
105 194
195 8
46 196
197 198
27 199
8 200
201 39
63 202
203 11
46 204
205 21
206 27
207 11
208 39
209 210
211 212
213 8
64 214
215 21
27 216
217 72
218 21
219 220
221 222
223 224
94 225
226 227
11 228
8 229
230 231
232 77
8 233
234 235
236 237
8 238
239 240
221 174
8 241
242 15
8 243
46 244
245 8
246 247
248 8
8 249
250 251
39 252
253 254
156 255
8 256
257 258
8 259
8 260
261 262
156 263
264 265
266 267
108 268
269 270
271 272
273 27
19 274
275 210
276 277
278 279
280 281
282 15
283 8
64 284
285 286
64 287
288 289
8 290
291 292
293 136
294 295
60 296
297 298
299 300
8 301
123 302
303 304
305 21
123 306
307 308
309 310
311 312
313 15
314 15
315 250
123 316
317 123
27 318
27 319
64 320
321 322
8 323
324 325
326 327
8 328
8 329
330 39
331 105
332 333
334 335
39 336
337 338
8 339
100 340
341 342
343 344
345 15
315 346
347 49
8 348
349 39
67 350
8 351
344 352
353 354
355 356
8 357
358 27
27 359
46 237
360 361
219 362
363 21
364 247
360 365
225 21
42 120
366 367
368 369
370 225
371 372
39 373
4 374
264 375
46 376
377 378
379 332
8 380
27 381
291 382
383 384
385 386
387 11
136 388
8 389
222 390
355 391
37 355
392 393
394 395
396 397
398 303
399 400
401 402
403 404
39 191
405 369
406 407
94 408
409 27
410 190
411 412
225 413
414 176
137 236
415 416
417 418
419 344
37 420
421 11
422 79
27 423
213 39
424 425
426 8
64 427
428 429
392 430
431 77
27 432
8 433
39 434
105 23
435 436
314 437
117 438
439 123
8 440
27 441
8 442
27 443
33 444
445 176
446 21
447 39
448 449
8 450
27 451
452 453
8 454
455 360
8 456
39 457
177 458
459 460
461 39
33 462
463 187
464 123
366 465
4 238
466 467
37 468
4 469
470 471
472 14
39 473
64 474
8 475
218 476
477 478
479 11
480 481
217 190
482 176
483 484
254 485
486 77
487 362
468 488
489 490
491 8
492 8
8 493
494 495
496 72
37 497
498 499
64 500
501 502
503 247
504 27
505 506
483 21
132 507
508 509
510 247
511 27
512 39
513 21
173 36
27 514
515 516
517 518
519 520
100 521
522 64
523 27
8 524
27 525
526 8
527 8
94 528
46 529
46 530
531 49
123 532
254 533
534 21
535 536
392 39
8 537
538 184
8 539
540 541
542 543
544 545
366 546
13 547
548 184
549 15
15 550
551 552
553 15
8 554
39 555
556 21
557 558
559 560
561 562
563 541
564 8
565 15
566 15
567 176
568 569
570 571
8 572
573 574
575 210
576 176
577 578
579 11
580 176
314 581
225 582
583 584
585 586
587 588
137 589
590 120
591 77
137 592
50 49
574 593
594 324
595 21
94 596
597 184
598 599
600 174
8 601
602 603
604 605
410 606
607 608
573 176
303 609
610 611
612 613
614 615
13 616
8 617
618 46
619 49
620 333
621 39
39 622
623 237
624 8
625 49
626 21
627 218
628 21
629 630
369 631
632 21
633 578
634 635
636 637
638 639
640 505
271 174
558 641
132 642
8 643
27 644
645 114
123 646
647 72
648 649
650 651
652 653
137 654
655 656
657 658
659 21
505 660
661 662
105 663
664 665
666 667
649 120
668 49
137 578
652 669
670 671
672 21
74 15
673 313
674 11
675 676
677 678
679 680
681 682
144 683
8 684
108 685
94 686
31 687
688 11
8 689
690 176
691 49
692 693
39 524
132 694
475 149
94 695
164 184
696 697
698 699
700 701
702 703
94 704
177 705
706 707
39 708
709 710
711 712
713 344
714 715
46 716
144 717
718 344
719 8
720 160
721 37
722 723
724 176
27 725
726 727
728 79
254 729
210 730
8 731
8 732
733 734
46 521
474 735
648 736
415 737
27 738
27 739
39 740
741 21
8 742
743 21
744 39
745 8
369 746
747 748
64 749
46 750
751 21
13 752
94 753
754 755
8 756
757 758
759 184
94 760
39 761
762 8
763 533
764 21
163 174
765 766
551 767
8 768
8 667
769 770
771 772
773 64
39 774
775 661
776 777
8 778
779 780
781 782
783 784
144 785
786 77
787 478
392 49
788 247
39 789
790 791
8 792
793 794
271 795
4 348
67 796
797 210
798 21
799 428
800 801
802 49
803 237
46 804
805 79
806 696
807 808
46 809
810 811
27 812
813 27
814 2
815 39
105 816
27 817
94 818
627 819
820 791
821 822
823 176
242 824
120 825
120 826
355 827
828 39
46 829
553 49
33 830
8 831
94 832
833 834
835 836
837 8
838 210
839 77
840 841
8 842
296 174
612 843
844 8
845 846
847 848
94 849
144 850
8 851
39 852
64 853
366 410
854 21
137 855
132 856
857 858
27 15
859 49
860 861
21 862
847 863
33 864
585 865
834 866
604 867
39 868
869 176
870 176
33 46
871 114
872 8
117 873
67 874
291 8
46 591
39 875
876 15
8 877
94 878
879 880
881 21
882 883
39 884
39 885
886 887
657 888
889 890
108 891
27 892
1 893
894 895
37 896
897 898
366 899
900 77
901 56
535 902
903 176
904 518
144 905
906 907
4 908
8 909
910 39
911 8
8 912
913 482
8 914
915 916
917 21
918 247
919 920
79 921
247 922
923 366
924 8
39 925
137 926
11 927
928 929
886 930
94 931
377 932
27 933
934 585
640 935
936 39
937 344
136 938
94 939
940 1
355 941
105 942
943 15
4 39
575 21
944 886
94 945
4 946
8 947
8 383
64 948
949 583
950 951
257 952
137 953
137 954
955 956
957 27
958 959
960 366
1 961
962 8
70 963
39 964
965 966
292 8
21 967
968 176
8 415
31 969
970 27
971 144
27 972
49 21
973 137
63 77
974 975
976 27
977 118
978 225
979 980
291 981
982 49
983 210
984 39
985 986
987 988
607 46
989 21
144 990
177 991
291 992
27 993
994 120
37 995
334 8
177 996
997 998
585 999
1000 386
1001 39
108 1002
37 1003
1004 1005
314 1006
1007 578
1008 1009
1010 1011
291 1012
1013 15
1014 604
1015 49
598 1016
1017 49
137 1018
1019 15
39 1020
1021 72
94 1022
46 1023
627 299
8 1024
1025 39
585 1026
136 90
518 1027
394 1028
657 1029
604 21
1030 39
257 1031
67 1032
360 1033
46 1034
137 1035
27 1036
1037 1
31 176
331 1038
1039 49
72 1040
4 1041
518 1042
61 49
1043 1044
696 1045
1046 1047
94 1048
1049 1050
1051 518
1052 39
1053 1054
46 1055
117 1056
1057 176
1058 1059
1060 39
966 1061
1062 77
46 1063
1064 160
1065 1066
1067 39
46 1068
1069 39
1070 39
100 1071
8 37
27 1072
960 1073
334 1074
8 483
1075 1076
1077 1078
1079 37
46 1080
1081 1082
1083 835
1084 579
64 1085
1086 696
1087 1088
1089 452
132 1090
177 1091
1092 4
1093 1094
117 1095
1096 21
37 1097
1098 360
39 1099
1100 1101
333 1102
721 15
247 11
1103 596
366 940
670 237
1104 8
1105 1106
360 184
177 1107
39 1108
8 1109
137 1110
8 1111
1112 11
177 1113
46 864
1114 242
1115 733
1116 1117
19 1118
27 210
1119 27
638 1120
8 1121
21 1122
299 1123
100 1124
1125 1126
39 1127
8 1128
627 1129
1130 1131
129 1132
1133 1134
1135 1136
1137 285
64 530
1138 21
1139 1140
991 1141
1142 1143
27 1144
4 1145
137 1146
1147 1148
1149 1150
1151 678
21 1152
1153 1154
1155 221
1156 176
1157 1158
604 1159
1160 1010
1161 295
722 1162
1163 184
139 1164
39 2
1165 540
94 1166
1167 1168
1169 176
46 1170
667 1171
783 1172
94 1173
977 1174
8 1175
1176 39
1177 1178
8 1179
366 1180
1181 1182
1183 21
1184 21
481 1062
39 1185
37 1186
1187 1188
1189 21
8 1190
8 1191
1192 247
27 1193
44 1194
27 1195
1196 1197
1198 1199
46 1200
478 1201
1202 79
627 21
189 1203
1204 1205
1206 21
31 1207
8 49
332 1208
1209 176
27 1210
1211 699
8 1212
1213 27
1214 15
299 1215
129 1216
65 1217
1218 8
1219 270
244 11
1220 1221
1222 1223
1224 1
1225 1226
535 670
1227 1228
190 1229
1230 27
8 604
1231 861
1232 27
1233 1234
46 1235
579 174
618 77
551 1236
347 1237
1238 242
81 1239
64 1240
1241 247
94 1242
1243 190
15 1244
35 1203
8 1245
1246 21
1247 596
1248 19
8 1249
64 1250
1251 1252
1253 1254
4 1255
1256 27
1257 8
8 441
1258 108
1259 11
197 1260
915 1261
1262 1263
137 1264
1265 1266
1267 8
288 1268
515 1269
1270 1271
4 1272
44 1273
27 989
8 1274
1275 4
1276 1102
1277 1278
1279 77
1280 8
1207 77
39 281
8 1281
1282 1283
1284 21
1285 8
8 123
296 1286
64 1287
1288 11
1289 190
8 275
8 1290
46 1291
360 1292
1293 46
1294 1295
163 1296
1297 1298
1299 21
189 120
487 598
79 1300
27 1301
1302 49
847 1303
1167 1304
1305 77
1306 8
190 1068
117 176
1307 1308
1309 15
39 1310
1311 1312
1313 578
21 1314
190 160
72 1315
1316 176
27 518
1317 1318
1319 21
94 1320
360 1321
1322 70
27 1323
1324 1325
27 1326
1192 1327
1328 596
369 1329
190 1330
1331 1332
1333 39
1334 225
1335 11
100 1336
1337 1338
1339 1340
1341 39
1342 77
1343 1344
1345 27
481 77
332 1346
1347 8
1348 119
481 1349
535 1350
31 1351
1352 21
543 11
1353 49
1354 39
1355 1282
313 21
1356 21
1357 39
1358 573
1359 1360
27 1361
8 1021
988 1362
1363 1364
39 242
1365 117
27 1366
1317 1367
8 1368
94 1369
65 137
1370 1371
1372 4
12 136
1373 1374
303 1375
46 1062
225 1376
1377 8
1378 176
612 21
1379 692
270 1380
577 1381
1382 8
39 1383
1384 1385
190 1386
77 49
327 79
144 1387
1388 39
1285 1389
1052 144
132 1390
8 1391
120 197
8 1392
94 1112
1317 1393
4 1394
1395 1396
137 1397
303 1398
1399 1400
56 1231
1401 596
977 1402
27 313
49 1403
652 1404
1405 457
8 1406
1407 1408
156 184
1409 1410
1411 176
1412 8
254 972
1413 8
65 1414
1415 27
111 1203
8 1416
1417 39
1418 1419
1420 176
1421 21
27 1422
39 126
923 360
404 1423
8 1424
221 1425
1426 39
1427 1428
553 1227
15 160
39 360
1429 1139
37 1430
535 324
27 1431
1432 144
37 1433
37 1434
1435 270
1436 64
1081 1437
8 1438
1439 11
8 1440
100 1441
8 1442
1443 1444
8 1445
1134 1446
1447 1448
1449 8
8 1450
1451 1452
39 1453
27 1454
1455 1101
459 237
137 1456
94 1457
1458 180
190 1459
1460 1192
8 1343
1461 8
1462 27
46 1463
8 1464
1465 176
1466 11
1467 46
27 884
1468 410
722 1469
37 1470
137 19
1471 1472
953 1473
105 1474
8 1475
1203 1410
1476 1477
303 1478
79 1479
1480 1481
123 1482
27 1483
503 1484
618 167
156 1485
33 190
136 1486
64 1487
974 15
1488 247
8 1489
123 1490
1491 8
1492 15
1493 1494
1409 1203
8 1495
722 46
1496 49
64 1497
771 1277
1498 23
1499 1500
1501 1502
1503 1504
1505 8
315 1506
1507 176
1065 1508
486 1509
733 1510
1511 1512
1513 23
288 21
1514 1515
1516 190
366 1517
8 1518
1349 15
190 15
326 1519
90 1520
1304 696
1521 1522
1209 1523
1524 1525
94 1526
15 21
1527 176
1528 21
1529 1530
137 1531
1532 46
1342 1533
8 1534
94 1510
1535 652
8 1536
331 77
94 1063
94 1537
1538 8
8 1539
1540 21
415 176
1222 1541
120 1302
1542 49
136 1543
1544 1545
535 1546
79 1547
8 1548
1549 15
210 1550
27 711
825 49
132 705
1551 8
4 1552
46 1553
8 1554
79 1555
314 1556
37 716
1557 21
1350 1558
1559 176
369 1560
833 1561
1093 1562
15 1563
1564 21
1565 176
8 545
369 21
604 1566
692 1567
94 1568
1569 39
1570 1571
79 1572
1573 657
8 1574
27 1575
1576 8
27 1577
1578 8
1579 15
1580 883
4 209
39 1581
1582 11
1583 176
8 1584
271 1585
1586 1587
1588 1589
1590 366
1591 8
1592 1101
94 930
1593 1400
21 1594
1595 77
8 1596
648 1597
8 1598
108 1599
8 1600
1312 176
1601 21
120 1602
8 1603
8 1604
8 1605
67 822
1606 8
8 1607
1608 237
1609 21
8 1610
4 1611
8 1612
1613 8
1614 369
4 1615
94 1616
1617 87
1618 344
1619 77
1620 1621
94 1622
1623 1624
1625 1626
144 1627
225 1628
1629 21
27 1630
1631 77
1632 1633
1634 11
221 39
39 1635
1636 21
137 575
366 1637
1638 1639
1640 1641
1642 455
156 1643
137 862
4 1644
1645 1646
1647 1648
8 1649
1650 444
79 49
314 1651
94 380
1652 1653
224 1654
1655 50
1656 39
1512 1657
219 1658
27 1659
580 21
1660 471
36 237
136 1661
1662 332
8 1663
598 1664
105 1665
1666 224
1609 39
476 1667
254 1603
1 1668
353 1669
1670 21
1671 8
8 1672
1673 39
8 1674
1669 1675
37 404
607 1561
8 425
1676 1677
1405 1575
1678 77
257 1679
1680 1681
1682 57
296 1683
1684 160
8 1685
1686 79
39 1687
369 1688
8 1689
8 1690
8 1691
261 1692
1693 11
8 1694
536 1695
8 1696
137 1279
8 1697
1698 190
1699 27
1700 1701
37 1072
39 1702
1703 1704
515 808
21 1705
20 1706
1707 1708
37 1302
27 249
1709 8
1710 8
39 1711
1712 1713
50 190
123 678
1714 1715
1716 1717
1718 324
1719 1720
1721 861
1722 1723
270 1724
1725 1726
1727 15
1728 1729
1730 15
39 1731
39 1732
1733 295
1734 247
991 1146
94 1735
39 1736
254 625
8 1737
1738 49
1739 1740
72 1741
1742 1743
137 476
1744 21
1745 1746
174 1747
1235 1748
1749 176
1650 883
1750 1751
8 1752
1753 1754
1755 1756
315 37
1757 1409
8 1758
219 657
8 1759
1760 120
1761 8
1762 1763
761 1764
177 1765
1065 1766
8 1767
1768 39
1769 1770
8 1771
1772 190
1773 307
27 1774
1775 211
481 1776
1777 39
652 1778
1008 176
8 1779
1780 1781
1782 1167
1783 247
1784 176
1370 1785
1786 11
8 1787
8 1788
1789 1790
1791 21
8 1792
1793 11
298 1794
1795 176
1512 1796
1797 518
1798 46
46 1799
8 1800
331 8
1167 882
1801 225
86 1802
123 1803
1804 1805
1806 176
590 1807
239 1808
1809 49
394 1810
1811 39
33 1812
1813 1814
1815 136
137 8
108 1816
1630 21
468 1817
1818 1819
1820 1821
257 1822
137 940
1823 1583
331 1612
1824 475
607 1825
1826 429
50 174
94 1827
1828 1829
56 1830
27 1831
108 1832
8 1833
1834 1835
1652 1836
144 1837
1838 8
1839 21
1840 8
132 1841
39 1842
84 619
1843 11
1844 21
27 1845
355 1846
1847 1848
1849 247
1850 79
64 1851
1852 1853
607 1854
4 1855
8 1856
64 809
345 8
1857 90
955 64
1858 1859
39 1860
27 1861
8 1862
1863 543
211 1363
27 386
67 1864
27 1865
1866 39
8 1867
1491 27
27 1868
1065 1869
1145 1870
413 1871
515 1872
1873 678
1874 884
27 1875
1876 1877
1065 247
1878 1879
1880 1881
1882 67
81 1883
1884 291
137 1885
105 1886
137 1887
1 1888
46 1889
132 1890
1891 39
1892 1893
1894 176
137 1163
1895 1809
37 1896
60 1897
1898 118
1899 8
1900 210
1901 39
1902 11
27 1903
332 1904
13 1612
1251 1905
4 1906
47 1907
46 846
652 1908
1909 540
117 190
1910 518
1602 62
355 1911
1912 1913
1914 1915
27 1916
46 1748
8 1917
1918 1919
46 1920
1512 90
1921 1433
4 1922
1923 1924
1410 270
1925 1414
1926 8
8 1927
1928 21
896 1929
1930 144
187 15
1931 1932
1174 678
94 1933
237 1934
94 1935
94 1936
1937 211
1755 190
1938 11
1939 271
380 1940
137 1941
1625 1942
1943 176
1944 21
8 1945
331 1699
8 875
1946 247
70 367
27 1947
1948 467
1949 37
1950 114
1951 242
815 46
1952 1953
627 1954
174 1955
652 1956
94 648
303 1957
1958 1959
225 883
1176 137
264 1960
94 1961
46 1962
536 1963
90 1964
1965 1440
39 1966
955 77
1967 1615
8 1968
8 1969
64 1970
534 573
39 1971
1972 105
94 907
8 1973
8 1188
1974 160
197 1975
27 1976
1977 21
1978 291
8 1979
218 64
31 1322
1980 811
120 1512
1981 1982
585 840
210 1983
1984 247
700 1985
177 1986
1987 1988
39 307
1989 210
242 241
1990 1917
1991 1992
27 1993
46 1994
535 1995
1010 50
1996 15
8 1997
15 1998
1999 49
2000 176
636 2001
94 2002
2003 802
8 2004
2005 247
602 2006
33 2007
2008 2009
46 295
63 2010
2011 481
399 2012
648 15
2013 2014
960 190
2015 72
2016 2017
2018 77
791 2019
2020 473
2021 15
924 235
334 2022
360 2023
285 2024
8 2025
2026 2027
936 8
190 2028
2029 2030
46 347
2031 1433
64 2032
2033 176
39 2034
2035 1792
132 2036
39 2037
2038 184
1011 2039
21 2040
585 2041
2042 112
8 2043
2044 2045
156 2046
46 610
2047 2013
331 392
39 2048
8 2049
64 2050
2051 518
27 2052
39 2053
2054 176
27 2055
8 2056
8 1193
314 2057
105 2058
60 2059
950 2060
210 2061
2062 21
2063 23
1225 694
2064 1317
137 861
1707 847
1451 2065
100 2066
2067 2068
1134 2069
156 2070
2071 2072
90 174
270 2073
160 2074
2075 2076
39 21
551 77
2077 1762
1597 46
74 112
2078 2079
2080 77
2081 39
94 783
2082 2083
79 32
15 2084
2085 2086
137 736
288 2087
94 2088
2089 4
129 2090
136 2091
8 2092
2093 15
39 2094
8 2095
239 2096
123 2097
2098 21
4 2099
94 137
886 2100
2101 11
94 2102
72 15
39 2103
2104 21
2105 1433
2106 2107
8 2108
1093 586
1451 270
8 2109
1612 176
137 574
190 2110
2111 1165
2112 974
366 2113
974 2114
2115 2116
1134 2117
64 2118
211 2119
315 2120
2121 15
1433 2122
33 1941
991 2123
392 2124
2125 49
137 2126
64 830
597 2127
2128 1101
8 2129
79 2130
2131 8
590 49
1065 2132
536 2133
8 2134
2 2135
94 590
84 2136
314 2137
8 2138
2139 8
2140 8
2141 2142
2143 64
2144 2145
136 2146
657 2147
8 2148
8 2149
37 682
2150 2151
2152 27
2020 15
1043 2153
8 2154
326 1224
598 27
2155 2156
39 2157
790 861
1970 2158
2159 2160
1804 2161
2162 176
2163 21
2164 39
1775 1317
369 2165
700 2166
2167 518
15 176
2168 890
657 1469
360 2169
847 1565
2170 2171
137 553
739 1544
39 2172
528 176
2173 1
2174 8
4 2175
640 2176
2177 176
696 2178
2179 184
39 2180
1229 176
2181 247
27 2182
8 2085
8 2183
27 1500
2184 72
2185 540
344 2186
518 2187
257 2188
120 160
2189 108
299 2190
2191 2192
2193 1154
37 2194
94 483
2195 2196
2197 2198
2199 2200
583 2090
2035 2201
2202 1101
337 2203
688 49
1775 137
1050 237
2204 2205
344 2206
2207 117
2208 39
2209 15
117 2210
2211 129
535 2212
2213 2214
94 2182
137 2215
2216 811
257 2217
2218 8
1669 2219
2220 846
2221 60
2222 19
136 2223
2224 21
2225 142
2226 72
123 2227
392 2228
94 2229
680 2230
2231 2232
1093 1054
2233 176
8 2234
39 2235
2236 678
2237 23
144 2238
360 883
15 638
2239 39
94 2240
2054 2226
27 2232
177 190
1857 292
94 1403
123 2241
2078 237
1667 77
2242 2243
137 49
8 2244
39 2245
79 759
2246 64
8 2247
2248 176
833 883
8 2249
39 2250
808 2251
8 2252
675 2253
997 1915
77 2254
21 2255
39 2256
46 324
64 2257
2258 27
579 21
2259 1915
8 2260
64 521
2261 883
94 2262
627 2263
2264 21
811 2265
1745 2266
132 2267
8 2268
2269 2270
39 29
173 270
706 2271
65 2272
2273 210
2274 1540
8 2275
2276 2277
2278 2279
46 2280
2281 8
295 176
137 15
2282 1751
137 2114
8 2283
8 2284
270 2285
2286 587
966 2287
1350 2288
39 2289
2290 2291
2292 2293
31 422
655 360
94 160
108 2294
2295 21
39 2296
726 2297
8 2298
102 2299
94 2300
2301 64
1755 79
2302 27
39 2303
2304 77
2305 21
2306 64
2307 79
2308 2309
2310 2311
2312 49
2313 1576
2314 2315
1267 176
120 15
79 2316
218 2317
136 120
2318 2319
39 2320
309 2321
2322 21
4 2323
2324 271
355 883
2325 2326
21 176
2327 2328
1511 39
2329 225
2330 295
64 709
2331 2332
137 1728
8 4
2333 8
8 2334
4 2335
2336 479
39 2337
331 121
2338 27
2339 210
4 567
2340 210
2341 2342
2343 1499
271 2344
2345 21
105 2346
2347 77
144 1585
2348 11
137 1786
2349 2350
137 261
42 11
2351 15
1602 2352
2353 2354
782 2355
2356 456
2357 8
366 2358
2359 2360
366 2361
2362 8
2363 8
15 2364
2365 27
2366 2367
2368 79
629 1965
430 1790
2369 114
8 2370
1020 15
210 2371
288 2372
1602 1376
714 2373
2374 2375
2376 344
120 467
2377 79
2378 2379
2166 1147
2380 2381
362 2382
2184 137
2383 190
60 176
39 1260
49 1526
2384 11
39 2385
2386 2387
2388 21
394 2332
2389 543
8 2390
1170 49
120 2391
1013 64
292 271
120 855
56 2392
2393 2394
136 2395
1590 21
2396 8
231 2397
988 184
2292 652
2398 948
396 2399
1598 210
1139 2400
337 2401
27 39
915 2402
607 2403
2404 478
2026 2405
2406 2407
1923 2408
297 682
2409 1762
1095 49
225 2410
2411 470
132 2412
2413 37
518 2414
2415 46
1853 247
2416 77
31 2417
2418 2419
2420 210
179 2421
2422 21
2404 2423
587 2424
2425 21
13 782
2426 2427
4 2428
2429 678
1415 291
2413 190
2430 176
974 2431
64 2432
2433 2434
984 176
8 2435
989 2183
2436 210
783 21
2437 2438
2439 77
1167 2440
2441 129
39 2442
326 2443
540 2444
2445 2446
2447 2448
2449 2450
2451 2452
2453 2454
94 2455
249 247
2456 21
2457 39
39 2458
156 2459
2460 2461
2462 4
136 481
79 2463
94 2464
2465 210
72 2466
2467 176
2468 11
8 2364
37 652
2450 2469
355 2470
1772 2471
94 553
188 2145
177 2472
403 307
2473 2474
221 2475
369 2476
64 2477
2478 692
177 2479
27 2480
39 2481
610 2482
847 561
64 759
8 574
2483 15
2484 2473
535 190
65 11
2485 11
123 2486
120 2487
27 2488
137 2489
8 2490
8 2099
67 159
2491 46
90 543
46 2383
94 2492
2493 471
2494 8
197 2495
2496 15
292 120
1243 2497
1167 449
2498 2499
79 2439
46 307
136 2500
2501 2502
137 1050
410 2503
137 2504
27 2505
8 2506
2507 79
2166 2508
1203 2509
1805 270
2510 1873
190 475
2436 2511
2512 2513
1798 39
2514 879
2515 2516
2517 2518
64 2519
8 96
8 2520
2521 27
2522 8
64 800
579 15
190 1149
27 811
807 2523
102 77
2524 1852
755 2525
765 2526
598 2527
2528 2529
79 307
8 2530
2531 8
1065 2532
979 2533
1139 8
351 11
2534 2535
607 834
137 2536
2537 190
1638 2538
123 2539
2540 49
2541 2542
585 2543
2544 2545
64 2546
39 2547
2548 21
1294 2549
2550 15
120 2551
11 2552
1512 2553
2094 2554
94 2555
11 2556
864 2557
64 2558
702 79
2559 21
2560 1521
2255 176
2561 2562
2563 49
700 2564
2565 2566
583 2567
67 2568
2569 481
974 2570
1680 2571
2572 39
27 2573
27 2574
8 2575
2365 2576
2577 13
37 2578
39 2579
94 2580
2581 2315
953 2582
8 628
8 2583
2581 190
2584 2585
955 190
2586 80
123 2587
8 2588
587 2589
2590 518
8 2591
2592 1101
1512 2593
2594 2595
988 2596
2597 21
2598 1936
2599 8
102 2383
2600 883
4 1325
2601 2602
535 2543
137 2603
2604 27
8 1015
190 2605
72 2606
1016 11
960 2607
8 2608
2609 39
2610 21
8 2611
2612 2613
15 2614
462 2615
757 2616
311 2617
137 2618
129 2619
1218 174
2620 980
1848 2621
2622 21
366 2349
15 77
39 2623
39 2624
27 2625
64 2626
2627 2628
2202 37
2629 21
1296 15
39 411
733 2630
2631 2632
8 2633
2634 49
847 2635
4 2636
1941 2637
545 2638
139 271
2639 21
2640 176
94 2641
2642 2643
132 2644
2645 303
37 2646
2339 11
8 2647
8 2648
8 2649
994 2650
508 2651
2652 2653
544 49
2654 39
2346 2655
2656 27
2657 21
136 2658
170 247
2659 247
2660 2661
2662 2071
1130 584
2663 2664
2665 2666
2604 8
2013 2667
2668 21
2026 21
94 2669
2670 360
2449 8
2671 176
2672 1812
15 2673
8 2674
2675 176
203 411
2676 2677
607 2678
81 2679
2680 49
2681 207
2682 2683
2684 27
2685 8
264 2564
13 887
2686 19
1 2687
21 2688
27 2689
47 2690
604 2691
271 121
667 2692
39 2693
1512 46
94 2694
211 105
2695 2696
2697 8
1512 11
11 2698
2699 176
8 2700
2085 2701
663 2702
2703 415
2704 136
994 46
1967 2705
8 2706
2707 176
2708 21
94 1478
2709 578
1780 112
27 2710
2711 2712
8 2713
1093 2714
64 2715
77 11
264 360
883 2716
2378 888
1011 2717
974 2718
94 2719
37 2720
27 473
2721 2141
1607 321
136 2722
779 2723
529 1101
27 2724
8 2725
1652 2726
27 2727
8 2728
989 622
8 2729
392 11
503 77
2730 120
1602 2731
47 360
2732 2733
60 331
61 120
2246 77
2734 210
2735 985
2736 331
2737 1101
682 58
657 2738
604 15
652 2739
39 2740
2741 27
2742 8
2743 2744
2745 176
180 2746
4 1056
2747 21
2748 1745
1296 578
8 2749
8 1231
247 2750
2751 39
1709 2752
271 360
39 2753
37 2754
46 2536
2755 535
296 27
1435 2756
2757 2758
2759 1900
79 2760
2761 225
399 2762
8 2763
2080 46
137 1970
190 2764
633 2765
137 2766
2586 2767
48 174
46 759
991 2375
8 2768
515 2769
2770 1400
8 2771
2772 2225
2773 782
1512 2774
2353 2775
299 2776
137 1631
1234 2777
239 2778
2779 247
2780 210
8 2781
2782 8
2783 8
8 2784
296 2785
2752 2786
27 2408
2787 8
144 2788
331 2789
203 1424
2790 328
117 2791
1081 2792
2793 2794
2795 303
2796 2797
775 2798
428 2799
1923 2800
2801 39
702 77
2433 295
132 2802
60 2803
376 77
1989 39
94 2804
136 2805
46 2806
2807 1507
2808 15
2809 2404
991 46
295 77
79 2810
8 2811
94 2812
2813 991
640 2030
2814 2815
27 2252
137 1698
2816 2817
2590 2818
2819 1240
8 2820
1987 1492
481 619
39 2821
2822 176
2823 4
2501 2393
2824 769
46 121
177 2825
136 2826
2827 2026
37 1540
2828 2829
105 2166
64 2830
2584 2831
8 2832
1335 21
94 2833
8 171
8 2834
2835 467
39 2836
273 8
2837 8
2838 56
292 2016
27 2839
94 2840
8 2841
487 2842
886 2629
2843 8
46 138
2844 21
247 2845
177 2846
2847 2848
1436 696
807 1295
2849 2850
64 786
314 1904
1480 8
295 2851
2852 247
1518 2853
2854 2855
2039 1367
21 2606
2856 21
27 2857
132 490
2858 8
2514 475
2859 49
39 2860
1573 2861
8 121
123 2862
2863 2864
67 2865
2866 21
369 2867
31 46
2868 2869
1139 2870
2871 21
27 247
1857 120
2872 2873
2874 915
37 1294
2875 100
1819 295
1970 79
2876 11
8 2877
8 2878
137 969
2879 2419
303 2880
2881 2674
2882 2730
39 2883
2884 39
4 2885
2732 46
8 2886
39 2887
2888 2889
105 2332
2890 1701
2891 518
2892 15
535 1934
39 2893
8 2894
847 2895
2896 210
39 2897
2898 64
558 1278
94 2899
847 2900
2752 2901
491 2902
2903 197
1512 2813
2904 27
39 2905
27 2906
2907 21
2908 2909
137 2910
2911 271
2912 8
2913 39
2310 11
978 2914
2915 2916
1512 2129
49 842
132 2917
2918 8
188 324
2919 543
27 2920
8 1048
2921 160
2922 19
2923 2924
2925 1433
94 2926
331 547
2927 8
1248 176
313 174
39 2928
64 2929
27 2930
137 1633
2931 369
2932 39
271 481
2933 21
2419 176
1514 2934
2935 247
8 216
2936 56
39 1965
224 2937
46 2938
2939 15
8 2940
2928 21
700 64
2941 79
2942 8
27 2943
2944 39
137 2410
132 2945
72 2946
13 2947
1829 2948
190 2949
2950 2951
2952 21
8 2953
2954 366
8 883
602 2955
2956 11
336 49
2872 49
2957 39
553 247
2958 2959
8 2960
926 2961
2962 39
8 2963
2964 176
392 2965
2966 8
8 2630
2967 473
120 1170
2670 2968
452 2969
2626 237
2970 2142
2971 2972
2973 39
2974 2032
271 141
46 2975
2976 39
189 11
2977 21
337 2978
174 2979
105 2980
771 270
1222 79
366 2981
137 1081
2982 478
535 2439
39 2983
366 2984
657 2985
4 2986
2987 271
64 2988
37 2989
2460 1042
2990 39
2991 46
94 2992
117 2500
2993 21
105 64
39 2994
27 2995
90 2996
136 360
2460 2997
2998 114
2999 270
757 3000
64 3001
627 3002
8 3003
602 1437
3004 176
94 1821
39 3005
94 3006
46 2524
8 3007
481 72
2713 176
1669 3008
27 1416
960 77
3009 825
39 2439
3010 561
535 3011
428 3012
79 3013
590 3014
3015 39
8 38
8 3016
3017 3018
270 3019
50 1770
137 303
8 3020
27 3021
1476 2836
3022 27
1402 3023
3024 3025
137 217
64 2406
3026 21
6 46
3027 652
8 561
3028 27
648 3029
132 3030
137 2125
264 3031
3032 1813
296 190
8 3033
27 3034
3035 652
177 3036
3037 39
3038 587
2347 190
27 90
46 3039
3040 344
3041 3042
3043 473
298 3044
136 3045
50 3046
288 3047
396 3048
8 3049
136 3050
4 3051
108 3052
33 3053
3054 782
3055 39
3056 27
3057 21
49 543
3058 3059
3060 612
39 3061
657 3062
3063 426
39 3064
3065 3066
27 3067
1267 2540
1982 210
27 49
1652 3068
3069 176
2018 46
3070 79
288 3071
156 3072
3073 1521
3074 247
332 3075
46 3076
3077 3078
137 3079
39 3080
3081 39
886 3082
902 77
46 1961
3083 15
105 235
2253 77
39 1564
3084 3085
3086 3087
3088 3089
137 3080
137 1509
190 2439
1725 3090
1660 3091
27 3092
137 538
27 3093
33 70
94 1484
137 1016
94 90
180 3094
21 3095
3096 1202
39 3097
8 3098
39 3099
476 1062
1013 3100
8 3101
102 360
3102 210
2020 3103
8 3104
902 2166
314 3105
8 512
657 1199
94 3106
3107 11
11 3108
8 3109
8 3110
3111 11
39 3112
8 2961
1227 3113
970 176
355 3114
3115 160
123 3116
155 77
129 3117
3118 3119
2957 176
105 1105
64 819
8 3120
39 573
2439 3121
3122 3123
60 3124
136 8
3125 3126
3127 8
102 324
254 15
39 797
332 3128
197 1577
2311 3129
225 2305
3130 991
587 3131
332 3132
39 3133
3134 1004
27 3135
137 2413
985 3136
11 176
3137 811
8 3138
2487 3139
8 3140
3141 8
657 1813
3142 39
46 1484
3143 49
3144 39
39 3145
27 3146
3147 3148
37 247
471 21
94 196
337 2405
3068 861
39 661
8 3149
733 3150
137 486
3151 21
8 3152
123 677
129 3153
8 3154
315 8
1196 36
271 1072
3155 3156
1987 332
8 3157
8 2985
27 3158
3159 176
3160 21
100 3161
8 11
3162 270
535 486
46 1072
3163 2756
3164 478
27 3165
3166 2613
3167 4
27 1515
27 3168
8 3169
39 3170
3171 404
27 3172
3173 231
1775 583
39 3174
3175 87
79 3176
2819 190
8 3177
8 752
2501 79
974 3178
515 3179
3180 8
3181 39
3182 77
3183 225
8 3184
1772 3185
87 3186
189 3187
3188 1530
3189 15
46 3190
3191 2273
271 50
3192 360
8 3193
3194 176
3195 210
1924 27
8 3196
79 3197
3198 1101
137 1087
989 15
2053 11
3199 305
137 3200
139 3201
3202 136
315 3203
988 3204
39 3205
3206 3207
8 3208
3209 8
94 2821
187 3210
94 1025
535 3211
3212 11
3213 176
8 3214
3087 386
3215 3216
8 179
8 3217
3218 1915
355 3219
3220 407
366 1850
652 294
27 3221
3222 8
3223 8
132 3224
3225 160
94 27
31 2118
779 3226
418 11
132 3227
2353 3228
8 3229
136 3230
825 15
3035 3231
3232 176
1350 3233
410 3234
3235 8
1451 3236
1961 3237
428 3238
46 3239
8 3240
3241 3242
8 3165
2665 120
515 1521
900 11
3243 21
3244 190
8 3245
8 1622
94 3246
1203 270
807 3247
3248 917
3249 497
680 2349
46 1403
94 3250
652 3251
39 556
27 3252
36 3253
46 1595
3254 392
3255 324
1231 3256
269 2016
27 3257
21 3258
355 3259
94 1970
3260 471
3261 225
33 3262
8 3263
39 3264
39 3265
3266 21
46 3267
144 3268
132 3269
3270 3169
37 1268
3271 190
100 3272
27 3273
1081 3274
2158 2
360 478
911 247
2478 3275
1294 3276
3277 3278
953 3279
3280 3281
2359 77
3282 129
299 3283
3284 176
8 852
1565 49
137 3285
3286 2655
3287 1317
3288 39
8 3289
79 428
156 2561
533 3290
1630 3291
39 3292
3293 543
3294 184
37 3295
129 3296
3147 3297
137 3298
331 144
688 4
27 3299
991 222
27 3300
8 3301
3302 270
3303 8
344 3304
177 3305
39 2367
2948 3306
46 366
332 295
8 3307
3308 21
3309 3033
31 759
94 3310
2491 15
3311 1317
1857 65
27 3124
773 237
2263 777
3312 551
341 3313
2436 3314
137 3315
27 3316
3317 3318
3319 176
4 3320
331 3321
3322 120
3323 585
21 3324
3325 3326
8 811
105 3327
8 3328
1613 39
8 3329
3330 2315
3315 2638
3331 307
27 3332
288 3333
136 3334
79 3335
8 56
39 3336
1028 3337
3338 2291
8 3339
2506 15
3340 79
3341 2013
3342 2157
652 3343
3344 21
46 2941
3294 137
3345 369
1858 3346
1650 1081
11 3347
3348 11
2464 2752
250 2448
948 3349
137 3350
360 3351
39 3352
46 74
39 3353
3354 176
64 990
2054 3355
590 46
211 46
3356 3357
137 1667
2205 176
164 3358
129 3232
3359 242
8 3360
3361 3362
335 456
27 3363
3364 77
46 3365
11 3366
117 174
210 3367
3368 782
1915 21
219 3369
136 3370
3371 366
3372 8
2668 3373
2406 3374
3375 3376
94 997
3377 3378
573 3379
39 3380
3251 3381
8 3382
3383 3384
3385 56
315 3386
3387 285
1552 176
3388 21
3389 988
144 2811
3390 49
27 3391
3392 298
3393 296
3394 247
77 2350
3395 2
58 3396
46 50
39 3397
2152 8
8 237
94 3398
8 3399
225 3400
56 3256
8 3401
3402 1433
3403 3404
120 313
3405 3406
1652 8
1641 46
1645 1064
610 3407
40 176
120 3408
123 3409
515 353
39 3410
3411 77
2460 37
46 2401
355 3412
985 2816
8 1839
8 3413
3414 3415
1331 3416
1008 3417
3418 3419
39 3420
105 1317
428 3421
3422 396
46 2091
291 46
487 37
3423 77
536 3424
3425 652
46 2130
698 2730
3426 21
8 3427
3428 978
163 3429
3430 3431
1043 3432
4 1674
2756 3433
2080 475
3434 3435
344 3436
39 3437
3438 176
39 3439
3440 39
1222 77
3441 8
13 210
13 1237
8 3442
3443 225
3444 3445
3446 3194
72 3447
3448 1231
3449 56
3450 8
2448 251
3451 3452
102 1745
2225 3453
3454 36
94 3455
108 3456
652 3457
515 3458
3459 210
3460 39
67 3461
46 3462
604 3463
3464 176
8 3465
37 1385
3466 237
1538 21
3467 11
8 3468
3469 3470
3471 11
3472 27
3473 680
187 247
104 176
2008 190
65 3474
3475 27
3476 749
129 1909
535 696
120 481
627 1970
3448 3477
2106 3478
587 3479
3480 3481
652 3482
3483 1110
585 3484
4 3485
535 2493
3486 3487
3488 985
3489 15
324 3490
15 3491
2743 39
3492 596
2730 39
64 3493
270 2231
661 3494
3495 176
8 3496
3206 3497
3498 8
132 3499
513 313
8 3281
3500 369
1858 3501
467 21
39 3502
39 3503
3504 8
3505 3506
3507 3508
96 3509
3182 3510
344 3511
197 90
37 3512
3513 406
3514 3515
8 3516
27 3517
726 3518
105 46
3519 399
2872 3520
75 3521
90 3522
3523 21
535 3524
3525 176
105 49
67 3526
2597 1602
3527 4
1203 2233
559 3528
3271 3529
3530 21
3531 2142
2094 3532
2824 111
8 3533
64 3534
8 3535
353 3536
3537 2473
2170 3538
4 3539
3540 160
3541 21
807 3542
3543 144
535 879
589 11
44 3544
123 3545
553 3546
39 3547
8 3548
39 1568
39 3549
3550 8
123 3551
8 3552
11 3553
3554 49
847 381
79 77
3555 3267
8 823
3556 108
3557 3558
8 3559
8 3560
3561 3562
331 1602
919 144
39 3563
3564 160
360 3565
8 3566
1970 3318
94 722
108 350
1544 3567
700 765
1363 3568
27 3569
288 3570
2738 3571
3572 11
8 3573
132 15
8 3574
652 3575
15 3576
189 3577
27 3578
3579 558
1912 47
3580 3581
607 3582
3583 21
3584 3585
39 3586
8 3265
60 1975
779 3587
3430 79
39 3588
2170 39
8 885
3589 743
8 2943
137 3590
253 991
122 3591
1989 96
369 3592
657 3593
3191 27
966 27
3061 11
553 190
46 2394
486 3594
314 11
2755 47
94 2205
3595 344
111 270
587 3596
331 303
1900 2406
1167 3597
821 3598
46 577
360 404
221 3599
1371 2079
314 3600
3601 8
3602 190
2524 11
3603 8
575 3604
79 2401
27 3605
3606 3206
225 3607
190 596
3608 3609
1350 190
3610 3611
27 3612
3613 56
3614 136
39 3615
1858 3616
3617 21
2920 783
994 15
3618 39
1004 50
3619 176
3593 3620
545 1915
8 2084
3621 37
211 769
1193 21
234 3622
3623 21
2580 27
3624 21
1936 39
79 3625
79 3524
3626 247
189 1286
3627 8
2911 144
190 3628
3629 1
39 3630
3631 2600
8 780
137 3632
94 2162
136 3633
8 3634
3635 160
503 3636
448 247
314 3637
39 3638
3639 473
1209 3640
1876 166
3641 1331
3642 3643
3644 1016
8 804
218 3642
3645 210
3646 1081
2106 3647
2397 3648
657 3649
3484 1196
1165 1895
991 1456
399 1150
79 3650
985 3651
1745 77
8 187
94 1076
102 3652
3581 360
67 3653
46 360
94 3654
515 665
515 3655
1010 3656
314 332
8 3148
627 3657
366 538
2556 176
2473 3658
2379 179
27 3659
39 1610
3660 811
13 3661
120 21
3662 174
366 596
3663 3664
801 77
8 3665
974 2484
8 3666
1139 3667
8 3668
3669 966
2273 3670
1307 237
618 2773
3561 2232
3671 1684
1558 77
60 3672
264 3673
3674 144
1936 21
8 3675
829 3072
3676 11
3677 3362
1982 683
94 3342
3678 298
190 11
8 3679
136 3680
3681 883
1512 3682
132 332
733 3683
8 3684
3685 176
1198 3686
3117 3687
2711 3688
27 3689
3690 3691
1234 3692
3693 21
3694 239
782 11
3414 3695
3696 176
299 656
535 3697
27 3698
1521 2159
3699 775
8 3700
8 927
177 3701
218 11
478 3702
3703 11
177 3704
190 2600
3705 2072
3706 72
3707 2786
3708 782
1700 1101
3709 2613
3062 1198
27 3298
1362 247
132 3710
1929 3711
314 3712
144 3713
3714 1859
2379 1013
94 3715
8 3716
1941 360
3717 8
8 3718
8 1961
129 3719
8 3720
1130 3721
3722 3723
94 360
3724 21
3725 2326
60 174
27 1237
3726 21
1512 3727
8 3728
3729 46
3730 176
782 3731
27 3265
3732 558
129 332
657 3733
8 1738
760 176
3734 8
64 1958
8 3735
3736 39
2368 77
3737 3738
785 3739
8 3740
94 3025
60 1452
974 3741
8 3742
915 3743
3744 782
108 3708
3315 3745
219 37
8 1549
46 2501
94 2964
3746 49
27 2180
366 2712
698 3747
4 3748
64 3749
3750 39
46 638
3751 3058
94 3752
478 3753
627 3754
64 3755
3756 8
8 3757
137 47
3758 3759
8 3205
8 3760
8 3761
3762 8
3763 3764
8 3765
3330 64
3766 3767
991 3768
2954 21
989 39
27 3769
3444 3770
3771 1514
39 3772
8 1819
3773 176
3774 39
4 3775
1509 3776
985 3777
27 3778
1310 176
8 3779
8 3780
37 20
4 3607
8 3781
90 324
2378 3782
8 3783
3784 3785
2542 176
67 3786
190 1033
3787 3788
8 3789
94 3790
94 89
3791 1596
722 7
1775 807
137 1072
2806 3792
331 1203
120 3793
3794 3795
270 547
39 3796
331 3797
39 561
504 1719
3798 473
3799 21
8 3800
3801 515
3802 39
3793 11
587 2076
3803 428
94 3804
604 3805
3281 3806
27 3807
553 3808
791 3809
3810 27
1786 15
3811 3315
3812 176
3813 3814
94 1595
8 3815
8 3816
1804 3817
3818 37
3819 3820
3821 132
46 281
602 3822
3823 1870
3824 295
8 3825
610 3478
627 3826
94 1388
39 3827
1310 21
783 3828
618 3829
3830 21
575 15
3831 344
42 1989
8 3832
39 3833
923 79
8 974
46 579
271 3834
190 3835
8 3836
8 3837
3838 74
3041 90
366 79
136 3839
344 3840
3841 3842
190 2806
137 139
67 3843
3827 142
15 3844
11 3845
3846 56
3479 11
39 3847
225 3108
3848 72
120 190
64 3849
3850 366
27 1187
8 3851
3110 3111
1785 3852
2406 3853
682 11
27 802
657 3854
37 2815
598 2571
94 3855
39 2200
3856 8
1434 49
3857 2142
3858 8
27 3859
1512 3860
3861 636
835 3862
3863 3864
1519 696
39 3865
8 3866
27 3772
94 210
3867 3868
896 21
1139 3869
8 3012
3870 197
3871 1147
27 3872
42 90
1512 3873
974 3874
782 3875
369 3876
3877 1945
479 174
3298 21
27 1581
1501 360
224 3878
177 3879
3880 8
132 37
3286 3881
2445 3087
37 13
3882 114
3315 3883
2378 3296
3884 239
3885 15
3886 39
2278 3887
3206 3888
3889 782
2162 1380
27 3890
4 21
1077 3891
137 1229
46 2935
4 3892
254 2554
1990 21
120 448
627 531
1296 1302
369 3893
331 23
3894 678
1661 4
105 8
8 3895
8 3896
3897 985
271 46
307 184
2213 3898
3899 1343
3900 176
355 3901
657 3902
137 2405
3903 667
3009 176
183 247
535 224
3904 176
3905 638
3906 105
3907 3908
3909 782
3637 2738
847 2999
8 3910
4 3301
2478 3911
3912 360
657 3913
1970 2
3914 3915
883 32
2910 184
3916 3917
3918 1701
8 3576
37 3919
3758 3920
179 3921
2665 3922
79 3923
3924 3925
3926 27
3927 1583
536 3928
835 3929
64 2819
1285 46
8 2849
3930 176
3931 247
757 3932
1728 713
3933 2142
31 3934
366 3935
3936 27
39 2877
8 3937
67 2317
4 1465
337 3938
8 3939
27 3940
144 3941
3942 1858
2586 3943
190 307
688 2450
137 3070
3944 176
3945 1695
27 3946
27 3947
1481 2853
163 3948
144 3949
535 575
3950 478
3951 270
239 1502
1289 77
8 2574
3952 176
46 3953
21 3954
139 3955
726 3956
2758 3957
39 3958
3959 722
3960 948
27 3961
649 46
3611 3962
598 332
3963 247
271 883
1043 3964
132 8
239 3411
3965 8
94 174
1505 27
433 2797
271 90
137 3966
3967 176
60 3968
812 21
3969 11
174 176
2487 2309
128 3970
64 3971
11 3972
3973 21
3974 160
132 3975
604 3976
67 1321
3977 11
37 791
3978 3979
3980 21
360 2316
94 3981
393 2304
1722 1371
1157 3982
596 77
27 3983
3984 1174
8 3985
8 3986
27 3987
46 3988
2863 3989
3990 1669
46 974
3991 49
404 3992
39 1393
37 3993
334 3994
201 3995
579 3996
8 3997
3998 573
271 190
144 3999
4000 247
72 2852
1725 4001
1035 77
8 13
4002 39
27 4003
8 4004
27 3800
334 4005
64 4006
4007 478
1071 4008
94 4009
4010 15
27 77
4011 985
288 4012
4013 4014
700 77
607 4015
4016 27
39 4017
503 4018
137 1644
8 4019
4020 39
117 4021
4 4022
1499 4023
535 969
21 4024
4025 861
4026 4027
2006 1081
4028 1499
4029 21
4030 237
72 4031
4032 3129
4033 21
39 4034
8 4035
392 1203
360 4036
4037 271
27 4038
1035 366
4039 4040
137 2307
8 4041
4042 1203
4043 79
8 3195
4044 1229
60 4045
46 155
4046 21
37 3103
4047 4048
2674 4049
4050 696
4051 277
4052 21
177 4053
1902 77
4054 4055
692 2122
4056 1229
592 190
4057 4058
4059 8
27 4060
137 4061
2941 77
137 2502
4062 4063
332 1490
783 4064
4065 8
573 4066
141 2771
4067 21
60 4068
4069 177
4070 11
1451 3509
39 4071
3077 1208
64 4072
94 1612
396 46
4073 1203
190 3711
19 4074
4075 1835
94 222
4076 176
4077 1565
355 307
1982 4078
4079 39
27 4080
208 65
4081 4082
39 4083
2783 176
4084 176
136 4085
46 612
94 782
475 2254
3543 8
4086 270
4087 4088
3144 15
4089 2425
52 176
4090 8
811 725
3317 883
2081 321
4091 176
46 4092
4093 4094
94 978
4095 21
23 4096
4097 2529
27 4098
39 1075
129 4099
4100 39
4101 295
67 4102
515 4103
974 4104
94 4105
610 4106
225 4107
489 4108
4109 2142
27 4110
4111 4112
37 176
46 1222
137 4036
270 4113
39 4114
627 4115
4116 4117
8 4118
915 8
4119 27
4120 92
63 4121
137 991
377 4122
291 39
4123 4124
4125 3023
8 4126
4127 8
4128 188
4129 3152
64 4130
1192 4131
1748 4132
481 484
4133 3126
1257 39
4134 21
2851 11
15 4135
1775 4136
4137 210
2276 1921
4138 118
8 318
4139 1762
15 4140
1139 4141
657 4142
60 3367
247 4143
766 4144
3489 4
4145 23
2347 360
39 4146
883 11
67 4147
129 77
8 4148
27 4149
2413 366
4150 176
8 4151
174 21
39 4152
3046 4153
4154 176
39 4155
39 3523
4156 2566
94 914
4013 4157
4158 21
27 3230
8 4159
4160 1047
4161 247
1433 3275
27 4162
4163 77
4164 21
94 4165
144 8
39 2430
923 77
8 3268
1234 4166
575 247
4 4167
136 3908
64 4168
4169 72
4170 4
155 11
309 2036
4171 176
515 3536
163 8
1209 4172
8 3572
4163 1764
2730 4173
108 77
4174 4175
4176 4177
4178 344
2323 210
6 722
636 4179
783 4180
4181 4182
137 579
4183 386
4184 369
2332 4185
360 2254
4186 179
3476 4187
4188 811
4189 861
39 4190
4191 307
331 1409
4192 782
8 4193
706 4194
2191 4195
1926 39
2085 1530
144 4196
4197 176
8 4198
4199 2395
1003 4200
2264 4112
39 2700
39 1649
4201 49
3813 8
151 144
8 4202
8 4203
2861 4204
8 4205
39 716
4206 667
137 129
4207 578
4208 966
1728 4209
4210 108
4116 264
291 1347
8 4211
2943 21
225 4212
132 4213
4214 456
475 4215
132 4216
8 4217
247 4218
27 4219
355 890
94 190
60 2971
31 4220
1203 1834
4221 154
8 4222
94 1499
585 4223
997 4224
4225 4226
1245 4227
4228 999
847 4229
366 4230
8 4231
4232 176
4233 2129
3182 190
3699 4234
39 4235
901 1340
4 4236
4237 4238
4239 21
4240 540
2030 4241
4242 536
883 4243
8 4244
4245 369
2019 861
463 783
27 3535
136 37
254 4246
585 4247
4248 652
94 4249
4250 39
8 1314
39 4251
386 3033
137 307
991 467
8 3706
3050 176
331 4252
573 4253
37 4254
8 2804
4255 11
132 4256
4013 4257
1834 3764
3957 4258
4259 1282
1085 4260
721 332
314 4261
706 4262
347 4263
27 4264
33 4265
1532 366
4266 1101
3699 4267
137 481
271 1902
37 4268
27 4269
347 11
1641 4270
4271 23
39 2812
39 4272
129 4273
1135 4274
56 4275
1840 39
94 4276
299 1073
462 1632
65 1316
4277 4278
1840 49
4279 49
700 3664
137 4280
4281 2473
8 3284
231 4282
4283 15
346 1294
39 2513
4284 422
1229 11
132 1113
4285 4286
27 4287
100 4288
8 1510
3680 11
578 21
974 4289
94 4290
4291 478
535 4292
2525 307
137 39
4293 19
991 2094
2026 3849
8 159
429 4294
105 4295
2215 4215
4075 4296
4297 27
4298 27
1941 822
4299 4300
4301 77
4302 46
4303 176
64 2716
4304 314
4305 1317
136 4306
1285 4307
137 3868
4308 49
4309 50
4310 467
366 4311
4 4312
13 3873
813 4313
966 4314
991 155
366 4315
190 4316
471 1638
4 4317
4318 39
4319 11
4320 8
39 4321
553 108
2010 2406
4322 547
1777 27
120 4323
27 4324
1483 11
64 4325
39 3427
4311 4326
46 4327
46 465
8 2488
602 2012
94 1206
1270 4328
233 11
8 1928
4329 123
1008 4330
94 281
137 4054
3480 4331
39 3240
8 4332
1325 4333
39 2043
27 4334
27 4335
1793 4336
2674 4337
8 4338
4339 1405
476 190
4340 478
15 4341
27 4342
4343 15
37 366
558 4344
2326 21
4345 473
8 4346
1565 92
4347 15
4348 380
585 4349
4350 4351
46 596
27 4352
8 596
4353 3357
4354 2344
46 2514
4355 77
515 4356
8 1400
8 4357
120 281
1937 2107
4358 428
8 4359
985 174
79 761
515 4360
2991 596
39 4361
1481 4362
1130 37
27 4363
8 1164
4364 176
558 995
39 4365
37 782
210 4366
4367 176
64 1630
520 4368
475 79
27 609
4369 369
50 210
137 2760
39 4370
39 3041
81 4371
4372 696
4373 176
4374 295
2433 4375
573 4376
144 926
4377 2142
4378 473
2026 4379
4380 298
2993 210
4 4381
553 1071
607 11
4382 4383
194 184
1093 4384
4385 21
39 4386
8 4387
4388 21
3469 4389
553 77
39 4390
27 3968
234 515
4391 702
4392 471
8 3599
491 27
2123 11
2908 4393
2054 4394
94 4395
39 732
4396 4397
31 3326
331 551
369 4398
4399 210
1543 8
4400 11
1317 2566
8 4401
4402 8
4403 678
94 1512
299 8
31 247
4404 176
86 4405
4406 4407
39 1693
900 4408
4409 21
347 4410
2078 4411
27 4412
94 4413
394 4414
1294 4415
4416 332
583 1198
4075 4417
8 4418
3293 120
4419 144
46 4420
4421 4422
8 2756
8 4423
100 4424
64 4425
79 4426
652 1266
2819 3365
1992 4427
602 4428
39 4429
296 90
4396 3782
4430 1178
396 3190
4431 2756
1824 782
4432 77
1348 210
1669 4433
271 4434
137 900
136 4435
4288 4436
221 2627
67 2915
8 4437
8 4438
271 4439
4440 8
4441 11
8 4442
4443 4360
4444 8
2078 4445
355 4446
132 4447
288 4448
3200 77
278 883
4220 4449
1426 604
8 2345
129 1904
225 3833
4450 846
607 4451
4452 21
1604 176
1512 49
4453 4454
4343 4455
4456 210
627 535
392 2085
8 4457
169 15
1016 4458
8 4459
8 3159
37 11
1245 4460
77 307
652 3164
1602 4461
137 4462
4463 324
3126 4464
1388 8
2258 199
8 4465
37 4466
296 21
886 4467
1764 4468
4469 652
4470 456
4471 39
2786 4472
1155 37
8 4473
4075 4474
39 4475
123 4476
558 4477
360 2600
4478 1373
105 2160
2349 79
4479 886
137 2110
2576 4480
4 4481
1620 37
366 114
4482 2349
4483 8
8 373
332 3409
326 4484
8 4485
4486 271
8 408
4487 21
37 2342
144 46
4488 4
94 296
807 4489
4490 39
27 4491
136 4492
94 1736
4493 4494
64 3476
164 79
3200 237
27 4495
657 4496
4 196
13 4497
4498 176
4499 15
4246 242
270 4500
411 4501
583 4502
4503 11
8 4504
1521 4505
242 4506
2991 77
8 2652
27 2647
607 4507
210 4508
4509 176
39 4510
4511 8
4 4512
94 4513
3340 4514
136 4515
4516 72
428 4517
1237 4518
8 4519
8 4520
137 3835
144 168
4521 4522
1857 190
640 3094
2571 21
8 4523
4524 112
1 963
8 4525
39 4526
105 535
366 4527
4161 4528
4529 176
132 4530
1798 21
137 2894
1370 429
1196 4531
177 4532
210 2691
2991 4533
39 712
100 4534
4159 15
377 4535
8 4536
3886 4537
64 4538
4539 176
4540 540
39 4541
596 4542
8 4543
4336 136
4544 1
4545 4546
197 3459
4179 2406
4547 1512
292 2779
4548 8
4549 399
64 4550
332 1634
4551 682
4369 8
4552 79
1656 27
4553 21
94 503
4554 176
3005 247
4555 743
4556 39
4557 478
4558 176
31 4559
505 1047
2462 8
4560 190
8 4561
530 77
1317 4562
551 90
471 4563
634 4564
8 4565
4566 4567
4568 8
132 3701
137 4006
4569 237
39 4570
75 64
105 4571
64 2722
4572 4573
13 4574
2078 4575
235 4576
4577 136
698 4578
33 4579
19 46
64 4580
190 1812
46 4581
2564 4582
27 4583
4584 49
8 4585
4586 736
11 4587
4588 1770
27 4589
15 2344
203 4590
4591 21
755 4592
4593 27
137 786
369 4594
1289 64
4595 21
94 852
355 4596
90 3291
3252 176
4597 2344
4598 15
94 4599
585 4600
79 4463
132 4601
4602 4075
535 4603
39 4604
64 4605
4606 399
94 4607
4608 118
8 4609
137 1427
4610 8
4611 27
1492 531
2026 77
1003 4612
4613 1790
4614 596
137 35
1149 77
137 4615
4616 1404
47 829
2324 8
1294 4617
4618 46
3507 4619
197 21
4548 11
8 4620
886 39
1336 948
4621 39
8 4622
39 4623
31 3286
4624 478
4625 4626
197 4627
4628 883
4629 2600
315 2560
137 431
1976 176
657 4630
2730 8
197 4631
4632 3577
4633 15
4634 1010
4635 176
579 4636
1395 662
3469 4637
1433 4638
4639 15
3546 4640
4168 344
4641 4642
4643 980
4644 247
8 3405
4482 190
366 4645
1294 660
2216 4646
117 2334
3017 4647
27 4648
4649 21
4650 1
479 4651
585 4652
8 791
4653 8
4654 39
64 4655
271 4656
177 37
8 1556
117 4657
27 4658
8 1063
303 4659
39 4660
132 4661
4 4662
4663 21
8 4664
190 1071
974 4665
60 21
886 4666
2933 473
4667 1819
144 4668
1512 4669
225 4670
4671 2712
67 4672
4673 21
177 4674
4675 309
79 4676
494 4677
137 33
137 21
2363 21
575 4678
4679 2232
2375 21
94 4680
137 4163
27 4681
4682 3090
8 1352
64 4683
4684 21
2191 8
536 4685
137 2764
8 4686
4687 15
4688 39
8 2137
167 4689
1619 2561
2875 344
65 4690
105 4691
481 2344
8 4692
8 4693
4694 2225
2363 543
217 360
4695 4
137 4696
4697 21
4698 270
782 49
360 4699
4700 176
4701 4702
100 3960
4703 657
33 4704
4705 11
811 4622
1669 4706
221 4707
46 355
4 4708
1775 4709
771 4477
146 77
46 1756
4710 188
2730 4711
39 259
8 4712
46 2028
4713 27
831 39
44 4714
129 4715
779 4716
8 4717
2748 1222
4718 473
4719 39
1512 4720
4721 15
4722 21
39 4723
163 13
503 1594
4724 708
4725 8
3240 49
515 4726
4727 1650
4728 15
65 8
27 2717
137 2415
4729 324
4730 176
4731 678
4732 4733
369 4734
1304 237
21 4735
4736 314
27 502
1757 587
64 2299
77 3278
4737 1762
137 155
4738 315
8 4739
184 2316
721 3620
231 3593
4740 4741
64 4044
598 120
670 4742
4743 21
4744 21
3415 3153
1595 1203
257 4745
4746 779
94 4747
4748 4749
366 4087
8 4750
2913 21
4751 4752
33 1829
27 4753
4754 1
21 1691
64 2778
515 2566
94 1030
974 4755
4756 4757
652 1848
4758 8
1612 4759
37 4760
105 3621
2335 21
4761 8
27 4762
1065 2528
15 4763
64 3490
253 15
4764 494
969 4765
4766 2142
137 2094
39 4767
786 184
4768 4769
4770 11
39 4771
2766 11
210 4772
4773 429
8 4774
2991 4775
618 36
8 2610
39 3816
225 4776
177 4405
8 355
4777 15
250 4778
4779 160
4780 722
156 4781
585 2212
692 1433
757 4782
2191 4783
8 497
8 3549
4784 27
1641 332
137 4785
4786 4787
852 4681
1512 15
35 1264
39 3957
39 4788
4789 132
331 4790
4375 1852
4791 4792
4793 21
1043 4794
1987 4795
604 3516
144 4796
985 4797
4798 237
27 4799
137 4800
27 3447
585 1624
4801 8
607 4530
4802 2258
37 44
4803 49
355 4804
4805 1704
1586 4806
46 2502
8 4807
8 4808
46 4809
2959 861
27 712
4810 39
3078 4811
1719 4812
4813 49
4814 4815
144 77
2752 4816
257 79
4817 467
4631 4818
132 4819
37 4820
4821 210
4822 429
221 4823
2473 4824
1282 4825
4826 11
27 4827
4828 247
8 4829
120 3039
94 4330
4830 598
4346 176
4831 4832
4833 708
4834 27
596 4835
27 4721
612 4836
1093 4837
19 4838
4839 119
2339 4840
1858 4841
64 1064
4842 855
137 4843
1192 4844
4845 1701
177 4846
657 4847
137 4848
369 4752
1198 3153
46 3364
102 2760
8 4849
393 4850
682 4851
292 4852
4853 210
190 155
39 4854
2586 4855
4277 4856
4857 11
4858 4859
102 307
4860 27
8 4861
4862 21
883 4863
4864 144
27 72
2299 11
8 4865
120 222
33 1642
8 4866
331 285
105 4867
58 1194
1 4868
4869 21
3429 176
2 4870
2730 2399
627 2439
8 4871
39 159
8 4872
218 1167
94 4873
4874 1198
129 46
27 4875
1936 262
303 292
4876 114
137 327
8 3648
1198 49
4877 21
4878 21
4879 114
4880 176
4881 120
27 1933
27 4882
289 21
2310 4883
991 4884
39 4885
2458 176
27 4886
4887 11
726 4888
4889 21
197 4890
604 4891
291 4892
4893 3194
309 4894
46 1466
4895 176
2046 77
535 4896
216 49
79 2178
8 4897
418 21
94 3128
4898 4
4899 4
117 49
4900 188
27 4901
94 1246
2730 11
123 4902
94 4734
3803 4903
1043 3281
46 2919
612 4904
296 1409
37 4905
332 4906
587 4907
324 4908
121 4909
2779 2285
39 2242
4910 4911
113 471
94 4912
4913 37
4914 190
4453 782
515 4915
39 783
4916 117
991 244
1397 77
4917 11
4918 696
2872 13
39 4919
2631 1704
94 4920
726 4921
190 455
94 163
27 4922
129 4630
696 4923
3077 11
13 4924
303 2400
1982 11
303 39
1294 4925
3419 4
163 2771
2487 174
3479 21
2487 2320
4926 15
296 39
8 4927
2059 96
4928 21
8 4929
2815 4930
392 4931
1970 4932
592 77
1400 4933
179 4934
219 4935
8 4936
39 1892
4937 72
415 11
8 4938
20 4939
8 4940
4941 596
4942 332
4 4943
3286 4944
291 4945
4946 332
4348 303
46 4947
137 1642
4948 21
558 4949
4950 8
39 3485
100 603
4951 271
1139 4952
985 4953
296 4954
2904 8
94 189
84 11
27 4955
27 4956
27 4957
4958 1234
27 4959
4960 1704
4961 21
3699 4962
910 4963
21 4413
4964 8
4965 678
3987 21
4966 3111
4967 8
27 1701
2450 4968
8 2048
37 58
4546 1470
8 4969
1294 4970
137 1170
4971 21
2306 360
190 4972
4973 8
46 4974
4975 21
4 4976
94 4977
4978 481
4979 37
132 4980
4981 118
94 4982
8 4983
4984 2836
27 4519
31 3671
355 4985
598 1521
4986 661
4987 1433
129 4282
94 3789
8 4988
1013 4989
39 4990
64 4991
1256 8
1083 180
8 4252
1062 72
706 190
8 4992
4993 153
4994 369
1546 3753
8 4995
129 4996
21 4997
8 4998
4999 11
5000 543
431 190
5001 87
1196 1054
94 4887
1918 3710
4 2611
657 4421
156 5002
602 4178
5003 5004
137 1342
8 5005
5006 5007
5008 149
991 815
2285 2509
39 5009
3930 39
257 5010
5011 21
5012 176
8 5013
8 5014
189 176
5015 21
291 753
27 438
236 2439
4882 1596
37 587
985 1685
5016 27
37 4323
210 5017
27 5018
1093 5019
654 77
27 4410
8 1170
8 364
811 5020
137 3976
8 5021
366 5022
1512 5023
682 360
1812 5024
4056 8
5025 1093
1891 27
3802 27
117 4004
3257 21
5026 2083
5027 225
1512 4664
2757 8
3886 5028
8 5029
39 1438
3362 5030
39 5031
5032 176
5033 21
39 992
530 39
5034 46
1337 1363
5035 21
5036 3377
64 5037
137 1782
123 2774
2663 5038
79 5039
79 5040
5041 2332
160 5042
156 190
360 5043
535 5044
4712 5045
94 291
129 407
527 174
94 4393
5046 1011
137 3650
5047 657
46 5048
974 1841
5049 2756
8 5050
2759 5051
315 5052
1623 5053
94 4203
3983 87
1512 5054
3952 8
3077 5055
137 1149
291 5056
21 5057
137 3364
1804 5058
331 270
1521 2194
602 3272
2045 5059
696 5060
4 5061
915 21
108 2568
39 5062
39 89
5063 4
4791 5064
8 4838
8 5065
94 5066
5067 2067
8 4843
5068 27
468 471
8 5069
1170 174
136 5070
5071 1178
8 5072
94 5073
94 5074
5075 295
5076 247
678 5077
4984 1141
37 2979
37 5078
5079 5080
508 5081
94 5082
39 2056
2383 184
8 4342
2584 5083
1170 27
221 5084
5085 15
160 5086
137 5087
1093 999
8 3739
5088 4908
5089 176
627 1289
79 184
27 5090
8 285
3644 5091
1502 188
8 89
137 404
5092 39
5093 242
5094 5095
5096 8
87 5097
5098 11
828 21
27 5099
64 5100
3768 11
5101 77
1857 49
1043 5102
37 5103
5104 100
5105 3194
8 5106
102 5107
46 5108
4075 5109
918 11
8 3491
94 2054
8 5110
331 46
123 21
864 5111
64 3430
58 21
5112 1459
94 5113
666 21
5114 11
46 217
46 1016
27 5115
5116 2595
5117 2142
39 3468
5118 5119
137 4629
2415 5120
5121 1
890 5122
1512 174
4552 77
5123 5124
5125 11
326 5126
303 3667
27 5127
8 5128
27 5020
137 5129
288 682
985 5130
61 39
2929 871
210 5131
5132 5133
1008 5134
3505 5135
137 1221
515 5136
296 46
39 5137
77 1081
2824 770
369 5138
722 222
553 184
1373 5139
8 5140
5141 2094
219 314
627 5142
5143 1196
5144 2669
5145 5146
225 5147
1512 5148
2166 4573
27 5149
2191 13
1696 5150
332 540
1764 5151
479 39
5068 332
291 5152
5153 481
39 4743
5154 4075
27 4567
4010 483
953 5155
2331 5156
5157 657
132 5158
8 5159
2460 518
8 5160
5161 5162
1427 5163
5164 5165
5166 21
5167 5168
851 5169
5170 49
5171 21
37 415
1728 5172
15 543
190 3652
1433 5173
39 5174
190 4569
3960 399
177 4104
13 93
64 3100
1865 176
5175 708
5176 8
680 5177
8 5178
8 760
1163 190
27 4045
5179 5180
5181 49
5182 176
27 5183
4947 535
5184 176
39 5185
3908 39
5186 1117
63 15
5187 176
5188 176
105 2392
5189 1699
5190 136
27 5191
4898 8
1195 21
5192 1178
5193 8
3315 1587
1379 1433
979 314
5194 3188
8 5195
15 5196
314 5197
4123 2439
2536 11
37 4265
8 1152
20 5198
33 5199
5200 313
3434 5201
1782 190
8 2466
270 5202
27 5203
5204 176
8 5205
188 325
5206 638
37 27
94 333
5207 46
1296 174
136 3988
2913 210
2511 5165
8 916
777 3256
64 5208
406 5209
994 225
33 3611
39 3559
5210 15
27 2536
210 5211
593 5212
5213 27
60 210
31 4716
371 5002
8 2813
5214 27
1742 5215
8 5216
67 5217
44 5218
8 1693
39 5219
5220 176
4701 8
5221 966
779 3358
190 449
8 5222
5223 21
39 1237
137 5224
1382 39
4 85
5225 49
39 5226
3952 27
117 4304
123 5227
61 3752
5228 21
5229 5230
27 5231
8 5232
3751 1433
8 5233
1987 598
5234 8
5048 77
353 5235
5236 5095
540 5237
585 5238
129 5239
49 11
3460 846
3244 5240
1775 39
8 5241
8 5242
46 3315
194 5151
5243 5244
5245 604
3042 21
8 5246
277 5247
4704 5248
3957 5249
1302 15
94 5250
366 5251
2752 5252
39 4658
105 37
5253 92
1699 15
27 92
132 5254
3527 176
21 5255
2654 8
94 117
2272 46
46 895
315 660
4075 5256
5257 21
8 5258
5259 15
1251 2038
197 1574
94 4849
5260 4
3239 21
1858 5261
369 5262
3978 5263
94 92
5264 176
3652 79
5265 4
353 5266
8 3865
4684 49
8 5267
5268 21
5269 1003
2140 39
239 5270
5271 21
3288 46
39 5272
299 1220
2663 4970
86 5273
636 5274
64 3652
5275 247
225 39
39 5276
2413 105
39 5277
64 4291
137 247
5278 39
5279 5280
39 90
245 136
5281 21
39 5282
877 478
5283 8
5284 39
31 5285
2730 5286
21 5287
4041 21
5288 4414
1902 2309
5289 696
5290 5108
79 638
146 270
5201 27
23 5291
5292 21
47 5293
39 5294
129 5295
5296 392
5297 543
3340 77
700 76
8 5298
8 3869
5299 369
5300 5301
5302 176
652 5303
2756 5304
218 553
5305 823
15 2554
1696 5306
2732 314
39 5307
8 5308
3914 5309
8 3591
692 5310
247 5311
1426 2951
291 5312
1160 39
2243 176
1063 176
5313 2085
5314 15
5315 428
1011 1549
5316 5317
3027 5318
64 5319
344 5320
393 184
682 5321
5322 235
137 5323
5324 1010
1857 271
122 5325
8 5326
1742 5327
5328 1568
5329 176
299 1322
334 5330
2502 5331
4302 604
39 5332
3028 11
332 2862
8 1455
5333 5334
1198 295
3660 49
137 1616
63 366
225 3049
33 5335
5336 2026
1633 5337
237 21
1117 2628
593 5338
2044 1101
46 5339
5161 210
3244 5340
991 5341
137 2316
5342 783
5343 21
847 2374
5344 224
5345 27
2882 46
5346 2639
5347 5348
4858 27
5349 471
652 5350
271 5351
5352 39
8 2821
5213 8
5353 21
2829 5354
3669 405
39 593
5355 3206
8 3839
5356 49
3883 247
94 5357
136 5358
5359 39
132 46
27 5360
2026 5361
1350 160
3598 5362
4682 598
1512 1705
13 579
2008 5363
314 3385
121 190
8 1332
5364 2315
291 5365
251 181
63 5366
94 2142
1514 3847
39 5367
8 5368
8 986
39 5369
67 728
657 5370
37 5371
44 5372
137 5373
721 909
8 5367
1405 27
5374 1510
1745 360
39 1442
5375 39
8 282
5376 96
44 1245
486 5377
64 4237
332 5378
64 5042
8 5379
299 4372
197 5380
1512 4231
1742 5381
3730 15
3734 27
5382 578
39 5383
2660 8
1804 285
935 835
39 5384
2730 4524
2105 5385
144 49
61 37
39 2183
722 5386
5387 578
3289 210
360 247
137 2197
94 3042
331 5388
1834 5389
177 49
39 5390
657 4874
462 1992
1373 5391
8 5392
2327 495
218 5393
39 5394
366 3211
1198 1813
8 3416
8 5395
3486 176
137 4974
1941 4355
5396 953
156 5397
3829 5398
5399 266
5400 5401
144 207
94 5402
144 5403
5404 21
455 953
137 292
129 5405
5406 23
8 5407
5408 27
3080 5409
27 5410
421 176
5411 1858
5412 2600
8 1529
2166 2683
50 21
136 39
8 5413
369 5414
120 2979
94 5415
46 5416
5027 1010
3070 77
3271 184
895 5417
3620 5418
2276 5419
8 5420
8 5421
4827 49
2158 449
8 5422
49 5423
94 5424
1818 2571
177 174
991 2391
156 988
2691 11
1139 5425
1418 11
1313 295
1774 5426
3271 5427
37 5428
27 5429
94 15
8 5430
5431 39
5432 1294
1949 5433
448 15
27 5434
46 11
5435 1746
27 5436
1602 8
5239 5437
508 5438
5439 247
5440 21
179 5441
177 137
8 5442
1405 4029
4075 5443
5444 39
2568 782
94 5445
8 5446
3502 49
991 2551
8 3230
701 5447
5448 39
945 90
1409 5449
156 2463
5450 11
5107 190
64 5451
1073 1
5452 823
8 1865
3810 8
136 5453
117 5454
369 5455
247 5456
5457 21
27 5413
371 77
2480 15
3286 3011
3286 5458
5459 27
1748 5460
39 876
680 1850
46 5461
360 5462
137 2179
377 5254
5463 847
4 1274
8 4312
5464 77
5465 15
583 2861
5466 56
3190 1781
2450 5467
39 5468
39 1875
190 4527
8 5469
5470 782
5347 77
396 3296
39 3195
5471 21
360 1304
137 5472
5473 77
1923 27
5474 37
94 2450
355 5475
5476 49
5477 535
210 5478
5479 49
558 5480
8 2341
8 3264
105 4237
5481 27
225 243
5482 176
46 4696
174 247
5483 156
1294 4466
2448 5484
307 21
39 3401
4306 37
2378 5209
224 2969
883 2315
46 5485
94 173
5486 194
8 5487
3991 176
2586 5488
3581 5489
4728 8
5490 15
5491 21
225 5492
1882 46
137 4420
706 2001
722 5493
1602 39
123 5494
366 1342
5495 331
5496 21
5497 678
120 415
5498 295
5499 49
79 2545
5057 176
2829 5500
332 5501
5502 657
177 4661
362 578
3077 5503
5504 2218
8 5505
129 5506
5507 2166
8 2722
39 415
5508 1
129 1086
46 3430
392 5509
5252 5510
2026 1959
5511 21
46 3794
847 5512
4 5513
64 5514
1512 21
5515 5516
2039 5517
4092 5518
1650 5519
31 5520
4 5521
5522 112
1414 210
476 2
4483 247
27 1022
2013 4276
5523 87
123 5524
847 5525
886 5526
65 5527
337 940
5528 5529
94 5530
657 5531
8 5532
5533 27
366 5534
257 5535
5536 612
5537 11
39 1915
5538 5539
1971 21
8 5540
5541 176
221 5542
5543 21
764 5544
61 190
5545 5546
5547 1664
5548 176
137 674
1660 535
5549 602
190 188
1270 5550
94 5551
657 5552
137 5553
2026 5554
65 848
8 575
8 573
4552 64
3546 5555
5556 11
58 5557
585 4603
231 5558
3423 883
46 449
1384 456
5559 174
3027 5560
39 5561
296 1296
189 77
13 578
144 2375
139 5562
3669 39
5563 307
5564 1764
5565 5566
37 4929
27 5567
5568 386
4688 21
70 190
5569 210
27 575
5570 21
5571 4113
39 5572
1595 15
2106 5573
15 5574
49 5575
1782 77
144 5576
4 5577
8 5578
4779 3671
117 8
8 5579
1512 5580
5581 386
2730 46
27 5317
39 5582
5583 15
755 5584
5585 5586
1289 2439
782 184
4704 5587
5450 4
8 5588
346 5589
254 5453
236 190
515 2523
5590 176
5591 176
31 3271
136 1820
39 5592
8 5593
2406 5594
39 5595
4084 21
94 2413
5596 392
5597 15
4228 777
5285 5598
799 3610
8 5599
106 56
5600 21
5601 4071
5602 696
27 4390
8 5603
5604 11
326 3977
2329 39
1049 5605
46 5087
4 5606
64 184
682 508
366 5607
27 1302
79 5608
5609 11
8 2994
27 5610
515 5611
4763 862
5612 176
2842 5613
314 5614
5615 49
39 5616
8 5617
8 198
5187 8
5618 21
67 5619
67 263
1198 5620
27 1584
201 5621
47 5622
5623 295
8 5624
5625 176
4 5195
160 1583
1496 11
8 5626
46 183
4020 783
257 4453
763 418
5627 344
8 5628
1512 2334
177 5629
5630 11
5631 540
271 3004
3077 8
94 5632
5633 8
270 2233
5634 247
479 176
634 46
1782 366
137 27
8 1993
5635 4897
1373 3011
94 50
5636 15
15 1526
39 2952
33 5637
64 5270
5072 39
8 5638
27 5639
27 5640
2011 8
5641 39
950 39
174 5404
174 3146
8 5642
847 1769
203 5643
5644 4349
331 574
1181 77
5645 5646
5647 1889
5648 39
5649 4585
5650 49
1013 5651
8 5652
5653 1033
5654 825
5655 5656
5657 11
5658 176
1134 5659
3451 46
60 5660
13 5661
2299 5662
5663 11
3813 271
94 5664
5665 15
5666 2142
33 2028
347 917
5667 1
2462 5668
347 5062
5669 160
46 210
847 5670
3476 5671
8 119
5328 3104
31 5672
39 5673
5674 5675
5676 27
264 5677
1860 21
5528 5678
5679 39
1147 5680
5681 39
94 418
94 5682
5683 8
5684 21
5685 39
180 2936
8 5686
5687 21
4839 5688
627 366
2805 5689
190 194
657 5690
1602 5691
5692 8
5693 886
72 21
94 3574
94 5311
39 5694
2008 5695
2026 5696
137 4560
314 5697
5698 2419
5699 49
1602 1996
8 5492
27 304
8 5700
5701 8
5702 573
366 953
46 861
721 46
39 5703
5704 11
5705 2085
44 5706
39 1893
3813 90
393 285
2380 3377
337 1081
46 5707
137 1755
27 5579
137 2813
65 331
3863 46
94 5258
5708 3516
328 21
2332 5709
105 114
652 5710
8 5711
5712 180
160 5713
2473 5714
5715 210
170 5716
56 4773
94 5717
225 2148
5718 627
94 5719
5720 543
8 5721
5722 176
132 5723
2315 5724
5725 657
886 374
4877 5726
886 5727
27 5089
1602 5325
188 809
94 5728
607 435
8 5729
5513 21
5730 5731
8 64
1970 5732
5733 5438
5734 344
177 5735
5736 79
5737 1521
242 5738
3699 5739
27 5740
5741 5742
8 5743
847 683
5744 5745
156 5746
291 5747
5748 27
4301 5749
136 386
5750 1918
136 5751
2273 5752
2730 5753
8 5754
508 2027
5755 782
8 5756
137 5422
257 190
5757 21
462 1085
5758 254
5759 5760
136 3669
700 5761
132 5762
1298 1295
8 1260
137 2872
210 3229
39 5763
27 5764
137 184
5765 910
105 5766
136 5767
33 1509
3784 678
5691 210
4770 237
144 5768
4625 27
994 21
3758 5769
733 5770
3620 3090
2941 5771
27 5772
177 975
5773 21
46 13
8 5774
2759 5775
27 5776
94 5777
1093 5778
13 5779
3155 3902
5780 176
4 5781
174 11
5782 210
2078 5783
535 3749
2347 5784
456 5785
39 5786
8 5787
8 5788
1942 4177
5789 117
8 5790
64 5791
315 4466
5792 769
3716 49
3480 2855
13 342
5793 176
46 5794
5315 5795
5796 399
27 5797
64 5798
4206 176
144 5799
807 5136
123 4421
163 5800
2612 2595
5407 210
3315 27
21 5801
2732 4
94 4970
4652 5802
39 5204
5803 5804
39 5306
174 5329
96 49
5805 49
27 5806
1521 4489
1937 3239
144 5807
4942 123
108 5607
2830 879
102 3271
5808 5809
8 5595
8 5810
39 5090
5207 393
5811 176
5812 23
237 2315
882 247
3705 5813
1312 1205
4059 21
27 5814
3129 5815
5816 658
8 4558
4 5817
5818 170
46 5819
5820 5821
46 744
4525 210
1644 49
8 783
35 176
5009 21
4569 11
2409 2342
8 3232
2359 190
46 5822
5823 77
8 5824
1565 4681
629 4361
8 167
834 5825
5826 39
8 2064
5827 5828
225 785
292 77
8 5829
37 575
39 5830
1043 8
72 4720
590 5831
5832 21
8 5833
4069 132
210 5834
5835 27
5836 5837
137 271
108 3875
590 11
5838 5839
132 176
237 1221
3699 5840
3480 5841
4 5842
5154 224
5843 136
5844 8
8 254
5845 5846
3699 5847
1166 5848
783 15
369 5849
5552 1813
221 5850
39 5851
46 3590
1010 5852
39 5853
2730 5854
505 176
5855 49
5856 2142
8 5857
607 3975
11 5023
67 5858
5859 5860
11 1583
5861 176
5862 472
4 4983
46 2126
5863 49
94 5864
39 5865
136 5866
46 1149
3007 15
898 307
5867 37
722 610
1433 5007
1294 5868
5869 11
657 980
94 3608
5118 5870
974 174
1686 77
4490 11
5871 8
5872 176
5386 11
366 5873
39 5874
1093 5875
5876 27
331 543
5877 144
3671 5878
326 5879
8 5880
132 5881
1087 79
326 5882
2191 261
4781 728
1941 79
5883 5821
5080 3764
39 2677
3546 5884
8 1711
8 4546
3215 5885
5886 4054
2078 4962
1147 3992
3897 285
4164 39
1234 641
5887 39
5888 1196
5889 8
8 1544
64 5890
288 778
190 2910
27 1012
94 5891
137 722
4490 5892
314 5893
5894 5895
3430 5896
65 21
5897 4
46 5898
403 5899
67 5900
5901 27
847 1191
5902 369
225 5054
27 5903
4072 883
163 15
5763 21
5904 324
5905 15
227 2607
1798 49
39 4357
19 5906
1373 5907
5908 966
5909 160
5910 8
5911 717
236 184
3768 1583
27 5415
5912 176
5913 1141
610 11
5914 176
5915 2813
4184 3989
5916 123
277 5917
700 5918
1521 5848
5919 77
39 66
2544 11
1477 21
326 5920
5921 11
700 5820
11 5922
254 1844
5923 1101
2026 4538
39 2199
1641 5227
242 3991
5924 21
5925 21
5721 176
3952 39
5926 11
1125 39
144 5927
366 1229
21 5928
5929 87
1013 46
94 944
1167 735
1313 5930
177 5931
2910 1172
5932 782
239 160
39 4636
8 5933
94 3476
1689 5934
8 5935
8 3194
5936 271
771 1233
369 5937
5938 27
570 27
1602 21
299 1889
5939 64
44 5940
1139 5941
27 5942
4105 8
331 2114
1512 8
5943 1813
303 5944
8 1687
332 5945
156 3107
3456 77
27 4263
292 589
4683 160
2118 5946
299 5947
177 5948
4342 176
94 733
1285 39
994 5068
254 39
8 5566
879 5949
64 3519
5950 5951
652 5952
86 1854
4233 5953
288 5954
3440 8
8 3359
5955 302
46 3681
5956 15
583 5957
27 5958
3502 21
197 5959
39 5960
5961 473
5962 8
5963 596
5964 5965
95 1135
46 5966
5661 49
2507 5724
39 5967
5968 8
137 2417
8 21
8 5436
5969 4908
5970 8
1289 146
331 5971
2487 1016
5210 8
72 5972
39 5973
8 4086
5974 5975
597 5976
5977 782
5978 5979
5980 5981
462 5982
8 87
39 328
5983 678
991 355
657 5984
5985 8
4560 46
5986 314
3978 3758
105 5987
5988 1525
5989 247
1243 15
2105 2277
8 4512
2756 176
602 5990
5824 5991
94 5992
39 2943
137 5993
2333 270
271 37
476 366
5994 176
5995 237
3721 3522
8 5996
1652 5997
39 1871
3315 2040
4 5998
3699 2297
360 5373
2774 21
5620 15
137 5999
6000 176
6001 2600
137 3192
64 3492
81 6002
804 15
177 6003
652 6004
8 6005
225 6006
553 6007
535 6008
2404 6009
2674 3030
6010 6011
137 2254
4284 6012
8 6013
6014 2142
46 4806
177 6015
60 2878
13 6016
8 4623
64 355
331 1451
27 6017
155 90
60 1989
129 2532
5163 160
6018 27
31 597
221 4381
521 11
292 1484
6019 8
210 15
3669 2141
67 6020
733 4413
6021 16
94 589
5016 21
11 6022
8 5439
6023 3153
3119 6024
6025 176
39 6026
4 6027
27 6028
8 2800
94 6029
177 6030
4704 190
8 2693
5701 6031
8 416
3671 4863
39 6032
4126 176
64 2142
63 6033
105 297
1312 4585
39 1477
39 6034
6035 39
4 6036
6037 21
6038 247
657 6039
39 1820
120 271
700 366
331 6040
6041 4763
3705 6042
8 6043
886 174
5722 2756
39 6044
6045 176
1775 6046
2347 6047
8 2335
8 5572
39 6048
8 6049
39 6050
6051 39
2869 6052
4130 883
21 4599
535 553
123 6053
813 1433
8 6054
6055 210
39 247
39 6056
8 1977
1093 6057
4855 6058
6059 4811
3319 39
46 160
33 6060
6061 6062
2950 15
248 176
60 39
6063 21
362 6064
783 28
3079 5980
6065 4624
2055 176
994 6066
39 3236
6067 6068
232 190
8 1998
30 210
6069 1101
129 6070
13 5358
27 6071
139 39
2613 1487
6072 324
5625 6073
5528 27
6074 291
27 4201
94 390
105 681
6075 27
652 6076
5748 667
6077 875
6078 11
1270 360
8 6079
1041 21
8 6080
726 6081
6082 39
2078 5840
4116 6083
8 6084
1923 1964
37 2341
208 8
46 6085
6086 6087
985 6088
518 3135
6089 1
132 6090
1142 6091
27 6049
33 6092
2806 6093
64 4379
79 6094
287 1081
2035 21
15 4567
2046 6095
6096 21
2872 79
6097 160
2586 1473
1235 6098
47 6099
558 6100
6101 56
6102 1
1906 176
1745 6103
4 5561
950 5134
64 4209
5335 21
137 23
39 6104
3669 27
6105 49
1834 4296
6106 8
2547 6107
1227 1823
2191 6108
65 815
6109 237
39 1212
6110 39
6111 6112
27 6113
2306 400
657 5437
4 6114
1941 6115
2836 2410
218 77
23 6116
2580 8
137 2383
475 455
399 6117
8 6118
366 324
4415 2279
381 5442
137 598
6119 21
2509 6120
6121 49
6122 6123
8 4235
39 6124
355 6125
8 2889
462 21
3679 21
870 19
332 6126
1433 6127
2080 6128
1065 6129
8 6130
8 1019
46 6131
65 6111
2743 49
5618 6132
6133 8
6134 21
1397 46
722 6135
6136 15
811 2729
1496 21
1020 21
4075 6137
190 6138
177 4256
6139 2951
5243 2437
508 6140
4364 21
1772 6141
4239 8
6142 8
8 6143
4552 821
652 6144
535 3244
94 3781
94 321
4613 6145
344 3349
137 6146
6147 49
39 5548
64 2347
2941 366
4855 6148
8 551
27 2849
6149 27
156 77
2491 1296
6150 6151
1234 5103
210 6114
2364 11
94 6152
4075 6153
257 6154
1751 6155
834 6156
50 11
6157 4088
292 50
6158 176
39 6159
1994 883
1613 46
1295 5868
6160 176
132 6161
6162 176
4567 6163
46 947
6164 190
2982 114
2433 4711
1160 8
4 6165
6166 224
6167 1370
326 6168
6169 6170
2292 471
846 176
4 1737
37 6171
6172 49
6173 6174
487 6175
3202 604
6176 4276
6177 2554
271 551
8 6178
1887 15
225 912
5862 6179
137 2308
315 56
6180 8
144 11
271 6181
190 1081
6182 6183
64 6184
123 3902
8 6185
1602 6186
27 6130
5993 77
6187 1858
955 5836
5371 11
15 6188
1331 6189
39 6190
8 2839
6191 4879
64 6192
2873 8
6193 8
448 49
39 6194
67 77
64 6195
1902 3271
27 107
8 6196
187 21
39 6197
8 2555
811 24
64 696
137 839
123 6198
33 360
1205 49
39 6199
1167 680
270 404
102 6192
1982 2308
225 6200
2478 2526
8 6201
698 105
39 6202
6203 1363
4237 6204
551 3067
6205 176
137 5736
6206 21
8 2641
5764 1020
3505 6207
8 44
2195 6208
1712 1751
5199 5111
65 1290
137 221
6209 782
15 4776
60 3463
120 551
6210 985
3153 6129
2200 49
5715 8
6211 4375
6212 8
27 732
8 305
6213 15
2631 6214
6215 6216
6217 2836
39 6218
6219 21
4367 3910
8 5883
27 6220
3691 2529
6221 92
86 3658
6222 5607
27 6223
3505 4415
6224 49
8 6225
331 479
1243 21
573 2852
1 6226
6227 49
678 6228
1532 77
39 1141
6229 15
3413 21
2304 360
137 3581
6230 176
367 6231
657 6232
2285 176
6233 11
3999 21
6234 176
3255 190
94 3813
27 3816
8 6235
6236 987
8 246
129 3155
6237 176
6238 966
4075 6239
5668 11
2448 6240
3190 6241
3373 176
27 6242
8 6243
3829 3794
6244 3315
27 6245
900 270
575 6246
406 6247
6248 39
39 5014
3480 6249
1630 176
117 90
6250 49
6251 540
174 543
2416 360
811 5114
60 4299
123 6252
6253 680
607 6254
79 4301
8 6255
4233 11
231 3153
6256 49
188 6257
411 6258
137 1745
2106 2709
21 5128
6259 114
769 1780
6260 21
8 6261
47 79
2388 8
2105 1751
6262 49
5347 6263
6264 5099
8 6265
4158 176
60 117
4939 4294
5797 176
1727 39
1312 6266
27 945
1298 6267
551 46
6268 79
6269 8
6270 2513
3863 6271
123 6272
144 6273
8 6274
585 6275
94 6276
5083 985
6277 136
3505 4925
136 49
94 6278
6279 6280
94 896
2218 176
5872 15
94 6281
6282 3126
129 11
219 6283
3302 1203
39 3082
6284 2951
8 6285
770 112
8 72
221 529
6286 349
8 6287
6288 8
94 1969
64 1618
3286 6289
132 6290
726 6291
5899 307
6292 8
6293 19
299 6294
6295 1101
2872 15
6296 657
39 3098
8 2625
6297 8
39 6298
6299 6300
67 6301
224 4624
197 49
331 3669
4 6302
1941 1748
280 575
137 6303
6304 369
1987 6305
136 6306
3079 337
39 6307
2674 3305
607 3036
27 4673
332 6308
6309 1762
1016 2114
6310 795
331 448
27 2784
1071 5627
27 2234
6311 39
303 4997
360 6312
955 6313
94 2787
505 1669
6314 360
2378 6315
8 6316
1873 5545
6317 6318
67 6319
8 6320
79 6321
64 3114
4591 11
6322 3342
2677 49
94 991
6323 224
39 1195
1198 2861
8 1644
6324 39
8 2037
67 6325
4649 163
39 5996
1134 6326
558 2414
5910 657
2584 6327
6225 11
657 6328
6329 6330
102 1291
1512 4529
1774 176
3006 313
8 6331
6332 2225
846 547
5956 270
6333 6334
136 271
292 39
64 5333
344 6335
132 6336
19 1738
706 79
8 1575
139 5211
3699 6337
6338 8
985 3578
6339 39
4017 21
136 6340
535 5107
6310 39
6341 39
271 6342
137 156
6343 578
8 2829
337 1157
2962 8
886 6344
6345 21
2000 6346
64 2764
3119 6347
8 2623
1517 77
2888 6348
250 2746
1395 6349
42 46
585 1094
3758 428
6350 332
249 6351
682 6352
3011 2683
27 3210
6353 4396
6354 49
72 6355
8 3695
2208 27
94 4520
271 6356
2439 49
3647 6357
6358 2315
847 6359
39 15
3886 37
132 6360
508 3678
331 35
132 6361
6362 23
6363 386
549 2085
129 39
3443 1525
27 6364
392 6365
6366 3129
2213 6367
559 1378
3507 360
94 6368
360 1555
1728 21
522 3581
6369 72
1941 6370
2795 11
90 176
6371 46
136 197
597 6372
27 617
6373 3362
3671 77
1227 6374
94 714
331 900
3270 1589
6375 321
6376 11
6377 1664
931 1804
602 6378
692 6379
991 974
3749 6380
13 6381
3364 6382
15 2425
623 11
8 6383
6384 8
5099 5045
4799 21
726 2078
37 3122
8 6385
1178 6386
39 6387
177 6388
2284 247
27 2171
137 1686
225 6389
13 6390
9 6391
6392 1525
834 6393
31 1251
6394 6395
539 2829
6358 79
8 6396
6397 6398
1965 1550
67 6399
64 1555
276 15
6400 6401
39 475
5625 5809
4 6402
6403 1750
6404 176
3717 27
538 4072
8 6405
21 6406
4062 4382
8 6407
5118 6408
607 5735
1918 6409
291 4465
27 6410
6411 614
991 4092
94 6412
3281 6413
411 6414
37 235
3907 1512
6415 678
46 3192
977 4040
6326 4811
1253 541
174 6416
573 21
2078 5709
4571 77
344 3161
6417 6418
4080 176
696 5126
8 5822
6419 23
6420 985
221 1900
27 6421
535 5499
6422 176
6423 176
1292 404
136 6424
2506 21
13 6425
377 5629
64 4716
270 2085
1785 6426
8 6427
6428 60
4375 699
39 6429
39 6430
6431 176
39 6432
5964 1803
4696 953
910 6433
855 11
46 6434
2861 174
1084 39
627 6435
6191 3206
6436 21
6437 67
27 6438
2276 692
8 6439
46 953
392 6440
1065 6441
120 210
137 56
5606 6442
4615 190
6443 21
431 3358
657 6444
761 176
8 1520
535 2
160 11
2840 3315
3147 823
8 1127
4304 8
6087 210
27 6445
6446 8
515 4828
6447 247
94 3373
2598 4
177 5273
6448 399
8 5307
4075 652
291 4201
39 6449
627 5451
1647 6450
4311 893
6451 176
331 467
225 6452
27 6453
2527 3570
8 4060
39 6454
3671 2257
1512 6455
1363 6456
2452 77
5866 218
700 3368
64 4733
27 6457
6458 478
2197 15
1372 1101
136 974
6459 15
1376 857
46 21
2829 6460
94 6461
65 2339
702 190
6462 239
4 925
77 6463
39 6464
5905 74
6465 2716
6466 2273
966 6467
755 366
6468 176
2914 176
67 312
136 13
6469 114
6470 3497
3167 380
166 190
604 176
6471 120
39 1284
64 5878
6472 1196
137 63
60 313
5707 210
6473 21
6474 11
27 2593
652 6475
314 4847
1270 3469
136 6476
598 13
94 6477
8 5127
170 6478
6479 966
6480 39
46 5386
6481 123
261 6482
94 6483
27 2743
1370 1625
6293 21
137 77
6484 15
929 6485
1400 39
221 46
3430 77
6486 3377
1902 6487
362 2851
4705 49
37 6488
6489 77
2495 176
520 8
6490 21
2139 176
6491 4237
221 928
64 190
27 1763
915 2675
27 6492
6493 46
6494 79
6495 295
8 6496
6497 6498
1994 188
2796 15
15 4319
8 6499
137 1533
137 189
8 6500
8 5689
295 1474
8 2101
8 579
6241 4173
8 6501
6502 6503
46 1456
218 190
46 6504
612 6505
46 6506
86 6507
4181 302
4533 79
657 6241
3505 6508
291 6509
144 6510
79 194
369 6511
3622 5428
27 4595
303 6512
31 3327
144 271
585 6513
6514 21
1740 678
299 6515
6516 3129
156 2471
1981 886
5882 1
46 371
8 2951
661 3059
607 2674
94 6517
27 6389
6518 27
225 13
137 1222
6519 49
242 6520
8 3332
6521 39
6035 27
6522 2291
8 6523
5193 39
39 6524
1612 1292
94 6525
8 321
8 6526
652 6527
8 3174
4155 21
360 2071
94 6528
1353 8
2682 4174
6151 6529
27 2815
6530 333
366 782
15 3384
39 321
1317 6531
46 839
27 5967
3790 176
3740 6532
3401 4561
120 6533
247 176
64 6534
218 324
94 1602
6535 478
535 184
6536 298
105 5386
81 6537
27 3949
6538 114
6539 369
94 2363
8 6540
2598 39
6541 11
4233 1962
636 3853
481 11
4374 2020
6542 696
163 6543
811 6544
291 6545
6546 4
27 2534
6547 985
392 90
137 1023
23 2156
6548 87
8 6549
985 2024
8 6550
6551 2523
254 21
6552 6553
486 890
6554 176
336 210
332 2241
1821 176
39 6555
6556 8
8 2636
46 415
949 657
6557 210
39 604
132 6558
79 108
5232 247
8 210
4540 3695
6559 15
225 90
1093 4223
190 538
3546 6560
2468 8
27 6561
2369 535
5083 11
39 6562
257 6563
271 543
6564 2315
6565 8
353 6566
1714 79
2142 6567
1548 39
46 3340
137 3652
197 5582
129 543
503 11
535 6062
140 6568
8 6569
8 6570
1606 11
1087 190
1512 6571
332 3551
652 1540
8 6572
33 4420
6573 6574
8 6575
6576 6151
6577 6578
102 592
6579 1762
60 6580
27 6581
2415 79
64 307
6582 3350
6583 39
4568 6584
6585 6586
366 4301
8 6587
37 6588
5432 1298
8 420
94 579
2114 176
6589 302
428 4572
2767 4147
2067 535
1231 49
360 6590
3939 21
6591 49
332 3784
96 21
6592 3790
5859 2331
5452 225
6593 270
6594 176
6595 456
64 6596
4680 49
6597 39
5528 1471
2674 6598
1772 77
64 6455
177 6599
955 366
190 4514
2304 190
6600 3019
27 6601
6602 176
2071 6603
6604 64
3483 247
6605 270
6606 237
8 3834
6607 1101
15 307
156 6608
6237 271
64 6609
6610 27
190 6611
5793 1804
6612 247
702 307
39 6613
2824 112
8 5220
8 6614
296 8
955 6615
700 6616
27 5302
6617 21
27 6316
6618 392
2542 4412
49 6619
864 6620
8 4236
8 6621
4785 15
3450 225
15 6622
46 5995
6623 27
15 49
6624 112
8 6625
6626 8
331 21
6627 2142
6628 411
1365 8
950 6629
2270 3532
4908 6630
94 6631
2905 21
137 6632
2163 176
2796 433
324 11
27 6633
1719 6634
37 1199
257 6635
8 1112
137 61
197 6636
15 11
94 254
94 244
1247 6637
8 170
139 6476
1793 2092
177 6638
652 6639
271 6640
682 6641
1072 49
27 6642
6643 210
721 1725
6644 8
6645 6397
5459 39
94 6496
8 4376
6646 578
6647 298
27 2652
1071 4044
3902 21
8 6648
355 6649
505 11
129 1130
1321 6650
137 2551
39 2705
6651 1824
6652 661
4 6653
8 192
46 373
296 13
574 5451
5051 332
347 6654
6655 119
8 388
2225 8
4 6656
231 3620
190 465
578 6657
46 6591
288 6658
486 190
15 5388
3671 2921
197 2034
1641 5378
1617 2308
578 77
627 6659
8 4880
6660 21
604 5277
3647 1852
6661 847
1992 6662
8 6663
3602 77
177 6664
146 36
117 11
535 865
1363 6665
6666 6667
94 392
486 6668
156 1305
160 6669
6670 471
46 1087
299 1433
1 6671
634 366
1612 5428
2415 3271
39 5861
1400 3970
6286 314
5866 64
6541 27
573 6672
6673 344
6499 21
1994 2600
46 1970
847 3561
64 3356
1609 176
3245 6674
8 6675
144 6136
6676 1229
6677 6678
6679 1701
6680 176
117 292
46 553
6681 1697
27 6682
189 21
137 2439
39 4485
8 4970
6683 777
6684 1
6685 136
6686 1704
977 6687
139 90
6688 8
4698 6032
254 6578
2551 285
332 5401
8 6689
627 2168
415 295
37 5536
139 2091
56 6690
1652 2019
8 6691
3246 11
8 622
2704 13
5647 46
2347 6692
1231 15
326 4326
6693 3676
177 6694
1198 6695
6696 6697
1065 5984
6698 27
1929 184
8 6699
6700 1652
37 6701
1686 6702
15 6703
39 2425
8 2995
3610 21
2419 11
2662 1147
8 3682
6704 11
612 6705
6706 8
366 5554
8 6707
8 6223
2332 3494
6397 21
123 6708
4 119
6709 176
334 3086
31 6641
247 6710
6711 27
117 4885
657 6712
886 6713
6714 21
6715 543
3486 6716
6717 13
160 21
8 322
4737 221
585 6718
27 6719
94 6720
1762 6710
6241 6343
1353 6721
8 5530
4 6722
15 6723
8 5325
1647 836
6724 2
137 6131
2276 6092
898 6725
1945 5169
6726 1008
6727 8
2088 6728
64 6372
86 6729
6338 39
8 6730
68 77
3652 77
136 6731
1751 5598
590 6732
8 92
37 3593
2674 2846
315 6733
27 5335
132 5708
1020 247
137 2304
4523 5583
72 6734
6735 77
5300 190
46 6510
6736 11
6737 11
6738 587
6739 8
94 6740
431 535
94 6741
3738 184
8 6742
1071 5024
6743 21
846 6744
137 596
27 2430
2425 11
598 3356
137 1350
6530 678
755 6745
6175 2013
6746 39
254 6747
3673 6748
6749 21
988 720
8 926
174 15
8 3061
6750 77
3866 176
6751 699
6752 39
6753 6754
6755 49
6756 1834
360 6757
1748 77
5736 184
6758 515
6759 8
27 6760
50 6761
332 6762
602 344
8 1173
627 4870
6763 1770
1989 46
807 6764
535 77
573 6765
8 6766
558 2566
39 6767
337 3927
94 1008
4176 6768
1400 128
264 6769
5430 72
94 883
6218 21
39 6770
1139 39
46 455
1153 478
8 2389
8 6771
8 1403
123 6772
33 6773
5794 6774
347 3775
94 6775
2148 6776
137 6378
94 6777
6778 8
6779 285
39 6407
4791 4257
1728 77
77 782
6780 21
64 6781
137 6782
27 6783
2433 5623
6784 670
353 6785
291 5811
6786 1472
977 6787
6788 247
5374 319
3058 777
360 671
6789 8
2415 2
137 6790
288 37
72 6791
4249 21
96 3503
2829 2153
738 176
847 3859
6792 2393
39 6793
94 6794
6795 2142
64 5336
629 8
1922 21
8 2273
64 839
657 966
508 190
6796 6797
6798 15
64 1386
39 5642
6799 2450
242 11
1295 247
6800 27
3200 156
6801 27
1191 2657
886 6802
1217 21
6803 15
314 5964
39 3101
1157 77
988 3114
366 638
177 6804
6805 6806
39 5729
27 6807
137 627
1882 5585
6808 27
358 8
4682 39
5608 184
39 6533
8 4657
8 5011
1732 176
27 6809
1444 6810
6811 4
3134 21
6812 1704
607 6813
3833 21
6814 8
39 6815
18 174
627 6816
8 6817
6818 176
6819 49
2819 184
2579 21
174 6820
3962 471
2433 578
225 77
4 6821
1209 6822
8 6823
1772 184
144 6824
511 847
242 6825
6826 332
5883 1433
248 6827
2467 15
94 3573
123 5401
8 6828
31 4463
6829 70
27 5062
4434 176
225 120
46 6830
721 6831
1167 247
39 6832
573 6833
6834 176
2436 176
79 6835
6836 360
257 2561
6242 176
4921 3699
4 6837
1081 6838
132 6839
94 593
1010 90
6840 27
288 6841
21 3264
163 991
3767 6842
535 652
39 6843
8 6438
21 6844
3173 6845
886 4071
6378 344
1745 6020
5316 210
4593 176
8 6703
136 6846
406 46
37 2083
6847 224
6067 137
652 3017
137 2359
1198 699
535 6848
6673 399
2586 5771
355 184
27 6271
221 2424
535 366
334 6849
3712 473
177 6850
5205 21
846 467
6851 5406
6852 39
667 6853
2332 782
67 6854
94 39
27 6855
8 6856
15 862
271 903
8 2727
326 6857
332 6858
96 6859
369 39
39 6860
2807 4
129 4451
94 6861
733 6862
21 6828
2378 6863
6864 8
5633 27
8 3071
3885 27
4318 21
105 6865
2026 6866
6867 1101
4630 1814
39 3780
6868 21
46 6869
27 6870
321 6871
6872 64
4618 328
6873 8
21 3719
6874 176
108 6875
67 6876
39 672
39 2366
174 1439
6877 247
1409 3618
807 6878
190 77
6879 270
64 222
46 6880
6403 4821
136 716
366 6881
8 2465
4432 67
94 6565
1134 6882
4758 2759
6883 4
94 6884
6885 11
4263 21
5099 21
3839 49
366 21
8 4943
627 5366
27 6886
8 122
6887 2600
1093 6888
3892 15
6889 15
3182 1995
8 4046
882 4769
67 6890
31 5438
3863 331
4579 184
355 115
6891 3298
3117 1198
974 6892
137 536
8 1361
31 257
6893 4630
137 467
5625 6894
2844 176
6895 49
2467 852
94 4884
50 6896
6897 8
8 6898
137 415
1775 2326
8 1651
33 6829
129 6899
955 6900
2504 1071
6901 1174
1898 657
39 5178
39 2857
6902 1295
2299 77
974 6903
2460 15
6904 8
137 2755
137 100
117 6905
6906 2566
33 596
634 1822
102 15
37 6907
6908 2
5683 21
4960 5769
94 1170
4367 6909
4116 6910
1505 33
917 1237
137 634
1093 6911
39 6912
27 5944
698 6913
6914 21
6038 8
3863 77
6915 160
1285 21
117 271
6916 247
6455 360
6917 1804
6918 696
991 1823
3315 6919
6920 15
1931 1616
551 6921
6922 27
37 834
4588 49
190 49
64 1370
139 6923
8 6924
313 442
6925 777
6926 49
4309 6927
105 366
3608 8
27 4457
3435 21
39 6654
94 6928
722 6456
2300 49
1400 127
6929 8
136 6930
27 6931
31 6932
6933 6934
4323 15
991 6006
6935 1203
1237 3435
783 2136
6936 1078
39 3135
6937 1101
2347 6938
6939 210
1071 4436
4667 6940
726 6941
4368 1596
15 2275
8 2511
8 446
2600 77
360 237
8 2692
6942 77
1938 176
6943 21
6944 6945
6946 21
64 5555
452 6947
27 6948
210 1185
6949 5655
27 6950
994 27
94 3468
811 6951
515 3963
137 822
2879 11
636 6952
137 4323
21 3656
1728 6953
299 77
5528 37
4 6954
6955 2386
27 6956
6203 396
3969 21
8 5026
657 1174
257 6957
225 1296
1043 5088
494 1471
27 6958
257 3731
991 6320
39 2725
47 6890
197 6959
6644 6960
773 77
700 360
3699 6961
1065 6962
1149 15
6963 1790
846 270
137 988
6964 176
6418 1101
46 6965
1843 6966
37 6967
129 6968
137 1517
573 4911
6969 4088
8 861
604 5220
515 6970
94 6763
8 6971
344 6972
39 454
6973 210
94 6974
27 6540
8 6404
1812 344
369 6975
8 5670
985 6976
6977 1764
598 699
64 77
64 1900
21 1575
37 3684
1282 8
8 6978
6979 1576
39 6980
1296 13
733 6233
2331 6981
39 6502
6982 4572
6983 2487
1043 4460
360 2150
6984 3194
6985 21
3581 77
1514 432
2872 6986
39 6987
4791 6988
11 6695
6989 386
610 5573
337 11
5820 6990
39 5434
296 271
886 6991
6992 21
6993 386
1692 176
1198 6994
2273 6995
523 39
1588 27
136 137
337 6996
190 5044
3027 6997
120 3139
337 5462
6998 2085
8 69
8 411
2968 360
225 1205
1142 6999
886 7000
8 7001
2380 7002
314 77
5743 247
1669 7003
2046 7004
137 3271
7005 332
47 4215
7006 247
2018 190
4839 7007
2561 7008
410 7009
7010 696
46 1686
8 7011
1000 2445
1640 657
46 3423
7012 1101
520 7013
8 7014
210 7015
94 6423
366 6658
1184 49
315 46
299 7016
7017 210
411 11
31 535
174 7018
79 969
4441 176
5347 7008
120 2344
1709 120
8 3953
67 7019
65 3256
288 7020
640 835
2501 2394
7021 4308
2397 1418
8 7022
156 2690
7023 121
1882 7024
1735 39
991 1016
6607 37
225 190
31 2453
1395 7025
1433 7026
2272 11
250 1229
27 6416
225 27
575 7027
51 7028
39 7029
1660 7030
27 816
2176 835
39 3241
7031 8
966 7032
7033 1358
7034 8
847 6623
7035 1283
583 3522
46 7036
1949 7037
1652 7038
3027 471
7039 7040
6667 11
5477 7041
8 1356
4732 36
652 21
1038 270
3046 4135
27 1737
27 229
39 2947
822 79
13 7042
7043 21
8 7044
64 7045
2108 176
415 7046
2363 39
327 77
7047 5277
7048 295
7049 467
5610 176
6173 324
27 7050
4 4541
7051 1512
47 7052
855 7053
8 5170
2786 7054
900 46
79 4215
636 5462
8 437
33 7055
2730 7056
1602 174
1294 7057
8 7058
2999 7059
7060 21
27 1550
7061 1071
1777 15
111 7062
39 7063
5115 247
60 11
177 6839
5373 237
1013 5336
8 6173
27 278
7064 77
27 3426
33 3671
1602 7065
5288 7066
682 1294
5921 15
137 5482
1959 324
7067 547
648 7068
39 7069
3053 475
518 7070
39 4646
1646 696
218 1304
1499 7071
4546 7072
919 49
7073 8
7074 886
39 5521
137 2375
8 7075
1451 7076
3606 7077
7078 883
366 404
8 7079
8 1515
67 7080
699 3296
242 21
8 7081
33 2008
39 2885
1904 295
7082 39
7083 1295
137 1772
7006 8
8 7084
3644 174
37 2516
7085 7086
39 863
7087 64
7088 6979
1296 991
137 804
94 7089
4719 21
7090 3914
847 7091
137 4884
804 11
6471 285
120 1644
6739 7092
4367 7093
1951 11
7094 176
2800 3129
7095 21
399 7096
39 5191
117 5491
1020 11
225 7097
7098 4102
37 7099
225 7100
7101 176
7102 1081
2813 2589
105 6109
1203 3793
137 1532
39 7103
7104 5041
37 3341
657 7105
8 3505
39 3106
227 160
1745 190
7106 7107
27 13
39 6219
745 27
7108 1433
46 6797
94 1689
369 7109
5965 678
5076 298
27 605
291 7110
7111 21
1834 7040
1312 5776
292 543
1686 1058
7112 360
4 7113
558 21
156 7114
7115 2829
79 7116
137 376
137 1291
3998 92
2674 6388
1669 7117
39 2556
39 7118
100 7119
321 802
7120 190
3386 6207
515 4826
6766 176
39 7121
5400 332
7122 8
7123 2851
1499 5972
5950 4632
137 1650
680 6669
94 5359
2823 8
7124 8
46 5270
292 3039
1433 6092
46 1231
2276 7125
1965 21
92 15
136 27
4914 77
7126 49
7127 4970
1982 7128
331 4073
7129 49
1196 7130
1939 7131
2397 7132
8 1295
123 7133
7134 478
7135 8
5513 604
3705 2166
7136 696
7137 6397
3644 3945
8 2653
27 7138
604 7139
67 7140
7141 112
1417 604
2085 5576
7142 39
123 7143
7144 15
156 7145
847 6747
3727 11
64 7146
6292 117
3469 7147
7148 237
1294 7149
5347 6141
392 7150
7151 4
8 6270
558 7152
777 6157
7153 648
7154 285
7155 176
39 1040
2879 7156
7157 49
7158 39
7159 21
3935 1
94 331
7160 39
1941 7161
7162 176
27 2250
123 7163
589 77
7164 27
163 7165
137 331
353 7166
366 5584
94 2265
627 476
392 7167
366 2145
299 190
535 404
13 7168
33 7169
4 7170
7171 247
210 49
392 7172
137 2491
27 5857
7173 176
1016 2536
39 7174
657 7175
2755 6725
8 7176
8 7177
7178 112
27 7179
94 7180
1882 57
94 303
37 295
2437 7181
3315 176
977 7182
7183 8
1843 39
5829 21
94 4332
726 2373
515 2663
2951 49
2849 21
8 848
7184 2225
392 5262
60 7185
64 7186
1079 1229
201 673
3725 27
7187 321
7188 7094
5288 7189
487 7190
27 7191
6026 21
7192 344
132 2197
8 7193
406 7194
7195 8
8 7196
7197 39
5684 39
6635 79
1900 1762
4987 692
3155 1006
4351 3023
2493 5760
757 332
7198 39
8 1499
7199 176
2487 7200
4663 176
94 7201
1626 1231
8 6421
1669 1522
144 3455
8 7202
7203 210
8 7154
46 188
27 3815
277 1774
137 1240
315 7204
8 7205
8 5197
7206 696
39 7207
7208 21
1341 141
535 1078
2413 102
39 323
4 6474
618 5586
7209 21
4301 184
8 7210
994 7211
177 1090
46 90
7212 179
137 1889
7213 11
7214 176
8 4201
37 7215
5862 7216
980 7217
250 21
950 7218
13 174
8 6044
1701 7219
6842 7220
8 7221
39 7222
583 7223
7224 8
7225 5077
39 2657
1698 79
20 7226
585 7227
8 7069
7228 6241
39 187
39 7229
7230 7231
137 5732
4618 593
4698 4214
2732 7232
331 347
6395 478
652 7233
7234 644
94 5694
1696 176
7235 21
1317 7236
722 7237
100 953
94 2016
657 5545
8 7238
5646 247
369 1879
369 3757
6062 4063
7239 15
108 7240
7066 6616
4810 291
1745 7241
2331 7242
122 49
7015 11
652 7243
79 7244
46 3271
4116 782
299 1517
4 7245
7246 11
291 1309
7247 3501
1013 1516
218 79
3173 657
331 2464
7248 21
4874 7249
326 79
37 7250
5674 7251
7252 237
7253 6441
7254 3853
27 3258
2359 46
811 176
6739 11
7255 540
8 4199
39 552
7256 1946
8 5384
2620 314
7257 132
487 7258
8 2339
39 7259
1848 7260
722 314
94 4429
7261 27
6888 7262
985 5395
372 11
2047 1716
726 7263
60 1976
4214 6032
312 7264
7065 176
1093 7265
7266 811
46 7267
3104 7268
7269 518
3451 210
221 3618
392 5891
1339 56
137 938
64 7270
7271 862
7272 7273
7274 8
1660 2493
8 3989
1167 4676
3097 176
177 7275
822 77
210 7276
8 5553
520 39
1982 7035
94 6079
197 7277
4892 7278
2450 7279
5477 7280
187 7281
7282 210
5736 190
7283 622
64 7284
137 5462
58 7285
177 3030
3214 176
896 7286
63 535
1392 176
137 1285
7287 39
27 5743
8 7288
3546 4742
1725 7289
366 7290
6211 6241
8 7291
61 7292
4 2866
6419 7293
3077 2738
360 896
39 667
77 176
596 2800
4410 21
392 270
5756 21
7294 49
27 6442
1909 7295
187 6919
94 111
64 7296
1602 46
7297 15
1433 1567
4186 44
1065 7298
2478 1433
46 7299
680 247
291 11
296 7300
202 2406
3330 5112
518 7301
7302 21
46 3716
479 7303
39 7304
3312 39
298 5361
7305 7306
296 49
1222 360
314 7307
8 7308
46 2391
4 2899
94 7309
1456 1141
7310 21
6279 4433
234 7311
4688 3583
94 7198
6318 240
7312 559
7313 11
7314 1174
1717 7315
7021 4
7316 176
4678 49
7317 21
27 7318
7319 21
6585 265
1227 7186
1602 5106
462 7320
7321 8
331 7322
7323 324
64 5081
8 4067
7324 1081
529 247
2030 6240
7325 176
7326 2142
8 90
7327 49
349 8
39 4956
604 7328
7329 1469
303 6200
1775 105
105 5322
5824 21
8 6815
5664 21
5814 176
271 1170
4229 15
7330 39
7331 39
2089 27
3315 1016
4174 7332
847 615
39 6766
7333 295
27 7334
331 782
64 2110
132 2472
2571 2511
383 210
4280 46
27 1020
137 4763
1433 6990
137 7335
3505 7336
3354 21
67 7337
156 7338
288 7339
1433 7340
7341 6279
94 3339
8 6464
156 6330
7342 7343
37 1742
847 4226
1692 15
7344 11
7345 23
332 7346
4 7347
7348 399
14 49
137 120
7349 650
3308 83
6411 847
680 2350
8 7350
7351 8
137 7352
7353 369
655 6294
27 3937
94 1583
46 5347
716 15
94 7354
3190 7355
7356 15
2730 271
2873 46
917 4518
94 7357
7358 270
7359 782
221 7360
366 3044
94 7361
7362 39
652 871
27 6860
1057 21
37 5381
2094 77
518 7363
39 7364
501 1576
46 239
8 7365
47 1572
1499 15
7366 21
2899 7367
5883 7368
7369 3522
129 7370
7371 6396
174 7372
33 355
27 7373
1135 632
7374 23
604 7375
4059 39
7376 21
612 7377
1845 21
225 7378
177 7379
607 7380
72 7381
3286 3277
27 7382
307 7383
657 3153
137 7160
369 7384
27 7385
5118 129
5965 333
8 6899
1967 7386
7387 39
7388 270
1699 13
39 811
5736 77
3080 11
65 3752
7389 966
7390 481
985 4366
27 2900
199 7376
39 7391
16 77
1716 11
4899 291
7392 15
2060 21
1882 79
7393 578
7394 1234
5643 27
7395 4630
39 7396
847 3315
197 7397
578 4327
156 237
1162 4143
64 7398
331 393
7399 1
5693 39
137 2509
7400 210
8 7401
769 112
4911 49
1295 4489
7402 7403
657 1418
4 6810
3433 49
5904 8
898 7404
237 1371
64 5039
2917 1918
6192 77
27 576
1087 4868
1154 1835
8 1234
3850 307
1722 777
39 7405
314 977
1192 6907
7406 21
2515 518
49 3131
7407 8
117 39
5603 15
3501 1101
8 2675
7408 8
4480 7409
37 7410
4044 1441
39 7411
7412 7413
8 5992
2413 15
5533 39
3938 21
486 4389
132 7414
2266 782
558 7415
5123 4358
7416 21
94 6873
7417 49
5347 7418
3175 7419
7420 21
5707 21
360 7421
1251 77
7422 3019
2211 21
7423 31
1775 6865
27 7424
4315 344
7425 39
7426 90
39 7316
5725 722
1652 2958
7427 696
3904 27
221 7428
39 7429
4 5280
137 3768
225 7430
355 7431
60 543
39 5593
3507 7432
7433 2142
847 1627
7434 7388
39 1510
49 5804
39 3243
27 1579
137 2299
239 4013
1016 2309
3070 3358
39 1024
583 1130
847 7435
1134 7436
137 759
4073 479
7437 49
487 4643
46 2586
291 7438
5283 176
60 90
137 449
1512 1644
6626 39
2487 5422
94 573
13 7221
5926 7439
575 670
394 3852
46 7440
7441 176
94 7442
7443 15
90 689
94 7444
7129 8
117 7445
7446 2
39 4857
699 7447
3091 3206
1409 7448
7449 176
8 2455
156 6399
7450 176
210 7451
7452 4026
94 7453
7454 4
583 7455
4075 1154
4509 21
6106 21
353 7456
7457 670
8 7458
67 5488
146 535
94 764
6118 11
27 7459
1051 1234
13 11
27 1966
583 7460
4 7461
7462 1704
61 538
8 2650
7463 8
31 428
8 2677
7464 7465
167 5064
3890 21
27 5164
4 2753
321 2852
4 4924
108 7466
123 4906
392 1789
5474 473
177 6336
8 3439
166 883
7467 344
6169 7227
33 4835
648 7468
65 27
1663 21
100 1279
7469 295
64 7470
1674 21
247 7471
4169 8
3022 8
3671 6097
7472 535
334 7473
706 896
978 176
7474 21
173 167
369 7475
1011 7476
627 46
4712 575
8 2420
652 7477
39 7420
137 649
271 7478
8 7479
7480 7481
6403 791
190 1207
3558 545
8 7482
7483 1081
4391 79
7016 1221
7484 1147
7485 7486
6594 49
67 5101
61 271
7487 176
7488 163
144 7489
64 5520
7490 15
27 7491
303 7492
39 7493
2924 5836
7494 27
7495 2600
1809 21
7496 678
3067 7497
558 7498
5641 8
137 6641
7240 1157
3505 7499
8 7500
81 7501
721 295
369 7502
7503 176
7504 21
7505 475
46 1999
189 39
4 7001
39 7506
8 222
366 801
1551 4567
8 2458
7507 696
123 7508
3410 21
8 7509
1901 7510
1899 7511
100 7512
1512 7513
94 7514
144 3823
299 2443
1285 5655
8 7515
3915 7516
7517 392
8 5089
7518 21
8 7519
108 7520
7028 21
3668 210
8 3315
1641 7521
5001 7522
1923 13
6808 8
27 7523
112 15
61 46
8 2226
27 6227
39 4583
4176 5677
7524 314
190 5771
7525 8
1826 15
2551 90
7526 295
7271 7527
1170 11
7528 8
847 7529
8 7530
8 2081
225 7531
170 7532
137 160
39 7533
39 7534
8 2671
136 7535
7218 270
1409 2341
1857 543
8 7536
94 2234
315 7537
578 3128
4003 4859
7538 11
2327 6786
8 7539
7540 585
188 6208
7541 6125
167 7542
6086 5236
7543 2452
27 5467
2382 39
137 1812
2872 77
7544 4296
27 3128
64 882
4694 11
247 3940
3129 11
1686 7545
7546 15
369 7547
1941 77
11 7548
604 7281
3855 176
4584 27
123 7549
2085 7550
1167 596
2035 39
6297 21
6086 90
811 7551
657 3462
5017 21
377 7552
755 77
2813 7553
58 2421
3086 456
46 1786
15 593
627 77
1503 5215
8 815
3480 7554
3693 8
2602 7555
21 7556
6564 21
775 6173
4226 270
4698 39
105 1531
2901 176
578 90
39 7557
367 7399
27 7558
4732 7559
2842 3445
7560 657
64 4863
39 3636
7561 49
7562 21
607 1986
67 7563
344 2066
7564 8
2331 7565
72 7566
8 2035
136 15
8 3517
7567 21
63 27
3813 46
8 6782
39 7568
5887 49
7569 8
7570 7571
7572 545
7573 6435
7574 72
27 11
2635 176
2584 6471
7575 7576
4918 227
8 690
144 3196
7577 176
7578 49
3740 4027
39 7579
8 7580
8 7406
247 7581
117 77
47 3375
602 2398
86 7582
155 3039
2276 3059
7583 39
7584 386
4682 7585
137 1351
7586 21
1602 5307
177 607
27 6250
190 7587
3027 294
3091 478
7588 7589
46 7590
2935 237
4876 478
356 160
7591 39
6270 21
8 555
7592 15
8 2279
3303 4
221 5536
156 804
8 7593
3699 7594
117 1179
4 7595
7596 4200
8 7245
7123 578
8 7597
197 7598
7599 187
911 6397
6151 49
39 3967
315 7600
218 475
7005 123
369 7601
3505 7602
3669 2142
108 5417
6318 2600
64 5251
27 7603
94 6084
137 105
2417 7604
5167 7605
8 7606
7607 696
7284 399
137 1013
47 7608
156 79
2347 5836
2923 2347
5001 7609
225 6503
167 3253
257 7610
65 7611
1768 49
326 7612
7613 21
64 5563
46 7614
393 270
7615 1527
847 7616
515 4928
538 77
210 7617
332 87
1043 7618
33 7619
1325 7620
6082 1576
7621 1762
7528 1282
137 6750
4630 7622
37 6250
7623 392
489 7624
783 7625
8 7626
1930 614
7627 270
1225 3123
251 3862
7628 8
7629 835
607 7630
3261 15
5308 176
39 5624
2517 7631
847 6523
247 1888
7632 7633
8 7634
7635 27
1344 176
102 7636
4730 21
27 6562
2276 1433
60 1999
123 7637
1704 7638
1864 7639
37 3980
225 5416
2106 295
332 7640
79 7404
8 2291
1898 4138
7641 8
37 3071
4682 295
5875 7642
598 1866
64 7643
27 7644
3581 298
6412 49
1602 5159
257 7645
7353 1061
360 7646
291 3775
225 7647
94 1741
94 3644
604 5925
2162 7648
991 261
2738 7649
1363 7650
39 7651
8 1326
3388 7315
137 702
2376 2386
360 6489
7652 5655
479 7653
2926 1790
177 3123
7654 7655
190 3080
7656 39
8 7657
8 7658
210 6569
558 7659
415 7660
39 7551
7661 1317
94 1203
807 1872
8 543
190 6632
4091 21
7662 4233
7426 27
7663 39
5006 661
7664 883
64 391
100 3822
5088 2829
535 4652
2240 27
7665 2142
46 3476
33 2815
210 7666
331 48
46 867
1514 39
6954 21
1261 210
64 67
7667 3194
8 7668
8 4399
94 3991
721 7669
597 366
27 4509
21 2210
360 7542
2575 21
5043 298
60 291
2975 578
8 7670
123 332
39 6732
2829 3432
225 7671
2847 1701
291 5956
515 7672
39 7673
7674 21
1652 7675
295 174
7676 7677
8 7678
7679 6736
6961 6173
77 7680
4552 535
726 167
700 102
360 7681
4 7682
27 7683
515 7684
6257 324
585 7685
271 6052
218 638
156 7686
7687 21
2337 21
7688 1370
5195 15
39 7196
7689 8
1004 848
7690 77
37 2270
5985 65
7691 8
132 7692
46 2368
1294 2560
5812 7693
288 3712
7694 4044
559 50
144 5728
102 156
2435 1762
8 7695
7178 7696
136 7697
123 7698
535 3598
77 5301
79 7699
7700 176
225 174
1167 6637
39 6886
7701 21
3194 7671
44 7702
396 578
39 7703
1857 46
70 4544
5061 210
3550 2752
331 2551
5688 27
64 7704
64 7705
7706 4908
7707 37
7708 950
5132 1762
8 5928
7709 123
2094 2424
1350 3511
225 1481
7710 15
27 6654
7711 1895
37 7315
7712 8
2872 120
627 64
39 7713
7714 8
7715 21
15 7716
2059 1451
39 7717
247 21
7718 604
353 7719
553 879
8 7720
2406 7721
8 7722
2026 7421
8 7723
3826 2166
5305 8
6872 337
3717 39
3080 176
503 3724
7724 8
603 366
1035 7705
8 855
7725 21
1474 7726
315 7727
7728 2627
7729 23
2096 77
775 7730
1642 77
1065 949
79 7731
3387 7732
6721 7733
2730 295
1167 6033
1745 7734
137 2018
137 4299
221 2813
7735 11
7736 366
3672 1451
1270 7737
203 21
167 1992
3589 21
928 1101
7738 114
136 804
1882 7739
4814 2332
7740 77
7741 5836
355 7742
44 7416
604 7743
4088 3934
3053 21
39 6899
7744 77
39 7745
7746 3058
1459 2315
6397 6570
67 7747
49 514
39 7748
6736 15
1967 8
8 484
136 56
1081 7749
6050 21
7750 1085
2752 270
4761 657
8 7751
64 7752
2307 23
8 2401
518 2818
7753 1295
1625 7754
137 3408
303 176
3631 7755
369 7756
27 7757
94 3672
7758 4054
2730 7759
1623 7760
657 7761
696 6515
39 5543
896 5993
3077 678
136 7762
7763 369
1757 7764
27 2756
800 21
2232 7765
334 6595
1120 7573
60 190
6844 176
811 6825
289 1055
7766 781
11 525
136 2362
1970 7767
2080 7120
2874 15
1307 3466
2940 21
3541 174
177 7768
39 5770
8 7769
7770 21
7771 8
8 1589
120 49
1242 21
5276 7772
4 7773
2594 2613
1011 7774
137 1157
4546 11
2640 21
8 125
5349 1638
369 6440
105 3957
79 7775
558 7776
27 170
7777 670
5688 7388
2742 4
7778 696
7664 77
27 7238
4937 8
783 7779
1363 7780
8 7781
3063 176
37 7782
27 7783
4629 190
4075 3764
381 49
7784 21
657 2510
2554 3131
7785 77
468 6848
7786 3315
3200 190
2272 39
39 7787
2507 21
271 77
7344 15
1198 3620
7013 21
7788 21
657 7789
2453 7790
46 39
6934 7791
332 7792
137 7793
2944 247
8 1537
7794 1147
847 2951
4396 7795
7796 2600
3797 1708
886 7797
46 7798
39 7799
558 4166
2426 15
39 4346
7800 8
64 6448
37 4244
7801 2404
2487 15
6698 8
11 6820
200 176
5736 883
2735 210
515 1669
3315 5934
607 7802
3941 604
7803 344
7804 1
957 39
27 7805
7806 1652
27 7807
575 160
39 6132
1755 184
1354 8
46 190
137 3826
7808 21
271 855
634 360
6037 247
7055 176
7809 1101
4233 7810
5055 4782
105 3109
7811 144
6471 985
291 331
3315 7812
696 7813
7814 886
7815 2026
123 7816
607 6156
907 6159
27 7817
5528 487
7818 4
5604 4
132 7624
3308 8
1753 7819
3430 11
489 7820
1232 8
7005 7821
7012 5646
3430 307
8 7822
607 7823
8 7824
7825 64
137 5823
4116 7570
6247 3522
8 7826
7827 11
7828 21
7829 8
4839 7830
7831 49
6394 7832
27 418
46 6320
102 2179
7833 176
597 7834
7835 959
3136 15
3914 392
366 7836
6439 176
7837 355
94 65
13 6334
60 1602
250 4241
4422 3023
6551 1669
46 2618
4990 11
600 15
459 5709
8 7838
94 6073
7839 21
137 5172
291 77
355 7840
3336 6279
137 3039
3569 176
156 7841
8 1616
291 190
39 1526
2078 7842
94 630
4946 415
1209 7843
337 190
1134 174
8 6803
1753 190
692 428
5134 270
1222 475
4 793
602 7844
27 7845
137 410
475 1251
39 7846
221 3346
247 7847
7848 8
1775 44
1134 657
3033 4370
8 3172
4958 558
4482 247
5477 7849
5736 2179
7850 15
7851 174
636 7852
1296 2487
46 7612
174 5518
7853 39
137 5953
7854 862
39 7855
7856 11
137 7267
7857 1762
7858 77
7859 176
27 3812
257 7860
8 7861
415 174
5051 5157
153 21
303 7862
847 4813
733 5747
1742 7863
622 3567
94 7864
835 7865
627 530
3665 39
8 3563
137 7866
33 1652
94 1989
508 7421
46 313
144 4825
7867 907
137 1583
37 285
6149 4423
7868 39
696 7869
3213 11
221 5186
598 314
8 7870
6221 8
237 184
1937 699
7871 21
33 21
79 449
8 91
8 2483
629 2822
3190 4375
7872 699
645 3206
1764 3374
27 1792
4827 176
8 7873
329 11
79 138
132 7874
2730 991
7875 518
39 6230
37 462
129 7876
8 3864
222 27
4662 21
94 1072
7873 21
722 6665
6036 176
7877 56
94 136
7878 210
3791 2756
5194 39
7879 13
174 711
27 2530
8 3900
7880 21
8 2566
1125 7538
27 7881
7882 6368
120 1699
7492 11
144 7283
7883 4572
221 176
174 6571
177 7884
4013 7885
8 7666
139 7886
33 7311
7887 15
27 7278
39 7888
105 1200
518 6100
129 2861
467 174
123 6762
7889 682
7890 529
4343 5314
7060 176
27 7891
7892 39
8 7531
7893 714
7894 2142
393 79
303 3779
64 7895
355 7896
7104 7242
6412 210
7411 176
1804 3310
2 7897
8 7898
2583 21
5801 1141
630 7899
7900 11
7901 696
953 77
7902 136
8 2467
729 11
985 7903
8 6963
7904 176
39 7905
7906 8
94 3104
7907 11
105 4545
3008 15
7908 132
8 5926
2501 1401
726 4445
4277 7909
6746 21
7910 176
7231 3506
94 4091
4633 210
123 5545
7911 314
8 360
27 1312
1512 271
6693 7912
8 7913
39 7914
94 4400
607 132
210 7676
7915 118
3040 1081
7916 2291
137 1982
6308 678
7917 21
1164 11
27 1790
7918 27
481 49
736 174
7919 657
102 13
7920 117
8 1020
435 7921
7922 21
8 7923
2523 4505
8 2864
120 5482
27 21
94 7924
64 360
324 77
94 49
886 7925
7926 15
884 21
242 3998
2627 7927
7928 652
144 7929
652 1950
132 7930
39 5416
1745 6876
56 7931
360 7932
7933 7350
111 309
7934 39
49 7935
4 3471
94 60
37 7936
7269 558
1011 7937
6739 210
7938 176
74 1852
187 5277
332 7939
67 2070
136 6390
7344 7940
64 7941
64 7942
782 2916
39 3946
331 141
6895 3194
105 5978
77 4514
977 7943
6659 596
7944 8
3331 7589
355 864
518 7945
8 5835
7946 506
5916 332
558 7947
8 5518
94 1187
7948 8
1641 7949
87 4240
5964 332
604 7950
72 7951
4 7952
61 50
2586 7747
664 7953
7954 87
1756 449
3220 657
39 1554
92 3083
7955 1174
31 188
1708 21
94 249
636 7613
1294 2120
1902 155
2892 49
4842 8
7715 247
4237 1612
7956 2272
137 7957
355 360
90 1762
4142 118
7958 176
7959 6401
94 4670
5661 15
7960 270
270 7961
5179 7962
4277 1198
94 578
1512 7963
6774 77
5201 3435
1134 7964
7664 360
700 2711
481 6735
64 7840
3071 4930
8 4744
2232 21
120 3768
1307 4449
94 7965
2639 15
1035 3493
597 1291
7966 176
46 4006
4075 7967
5482 174
4682 21
7968 21
7969 2813
7970 3524
4 3474
37 7971
7972 39
7973 612
64 594
7667 39
369 4931
222 1081
8 7493
7871 8
700 1704
3249 5045
7974 678
634 5293
123 7975
1035 6781
123 7976
1548 49
64 536
2026 7977
7978 3664
369 7979
210 6266
1 7813
1147 5263
700 5198
3358 6010
332 7980
230 1198
7981 15
747 7982
64 676
2433 498
211 2709
94 7983
7984 210
663 7985
39 7986
1167 190
7632 27
8 1552
2211 87
2054 3955
7267 77
655 5482
1499 4031
4 7987
3103 15
64 7834
7988 27
326 7989
94 148
144 7990
8 1983
7789 678
177 7991
4553 11
49 7772
7940 2805
535 7992
330 21
7993 547
39 7653
7994 578
7995 7996
2811 7997
326 553
7575 39
518 1277
983 46
332 7998
6989 3033
4093 2
7999 7797
257 8000
2363 210
8 8001
8 8002
1427 21
8003 225
700 8004
8005 64
3809 861
210 8006
8007 1294
117 8008
8009 27
108 3653
21 1424
210 8010
163 8011
315 4617
682 864
210 2887
247 8012
8 6944
8013 179
2436 8014
6248 21
8015 210
39 8016
8 6022
5708 4015
291 7861
27 3416
137 371
8017 149
8018 176
46 777
583 7909
950 8019
46 184
8020 176
94 8021
3994 8022
2433 8023
852 8024
8025 8
8 1629
201 2054
6417 1101
8026 8027
299 8028
8 1809
393 4396
77 7699
4 8029
4304 56
366 8030
5118 8031
518 8032
8 3358
132 8033
46 2439
299 21
1512 5496
46 8034
94 8035
46 736
94 7592
21 5422
8036 8037
8 8038
27 2871
545 8039
144 8040
8 8041
39 8042
8 8043
8 143
2697 27
2491 991
27 8044
8045 638
1613 15
7410 1762
102 636
1941 190
1013 21
27 8046
8 3354
8 7905
5112 4043
8 2688
156 1202
137 4276
8047 573
4727 355
8048 8
190 5608
1167 1630
94 545
37 2372
8 8049
4456 8
4752 176
652 3702
8 8050
1784 21
111 5675
8051 176
4486 2928
5692 303
7797 540
137 7636
5293 77
349 332
2406 6033
64 8052
536 8053
174 4955
518 7498
3273 176
8 7020
8 6205
190 79
855 8054
27 2163
593 21
182 176
94 2872
94 8055
39 8056
2586 7272
736 3553
2013 8057
27 8058
180 8059
6547 8
190 5129
144 4854
39 5717
4300 8060
4343 8061
8062 8
1342 1287
299 8063
8064 678
2991 360
46 8065
39 8066
5036 8067
105 184
8 8068
94 6944
3660 604
366 8069
2913 8
6269 39
8070 807
1409 8071
714 8072
1501 77
6086 15
105 3523
94 8073
39 8074
39 6345
8 451
27 794
285 8075
7707 21
8 6591
8076 678
225 5424
8077 7473
8078 132
2195 8079
129 8080
3402 813
4075 8081
92 21
177 8082
579 8083
117 15
8 6452
4380 77
46 54
105 1470
661 7340
4704 184
8084 1669
7607 4311
3408 176
64 5990
834 7582
8085 2779
136 1353
225 8086
94 292
2613 4260
2166 77
79 5947
8087 254
225 8088
242 8089
4975 176
72 8090
2642 3983
604 2800
8091 518
7560 46
722 15
5343 1849
19 8092
7530 247
3581 8093
8094 11
8095 39
64 8096
8011 21
8097 7481
5845 8098
211 112
137 2203
64 3510
8099 2738
332 6228
75 8100
8101 966
5288 8102
8 1268
166 8103
27 6514
314 5954
8104 587
94 575
46 261
315 6508
3472 21
39 8105
4761 19
27 8106
1444 8
39 6477
144 3324
8 5906
39 1072
63 46
8 1526
8 614
8 8107
1578 39
8 8108
8 8109
39 8110
629 8111
156 8112
1775 782
27 8113
283 21
8114 11
377 8115
1056 21
8116 136
886 8117
538 15
2415 366
331 8118
1222 2318
1941 8119
94 8120
177 8121
3330 77
8122 176
1172 77
1190 21
3246 49
215 210
2883 11
27 5357
3126 1409
8 8123
344 8124
4032 187
879 8125
8126 79
366 307
8127 1852
994 13
137 5647
2864 176
5889 176
72 7625
3014 21
1225 8128
46 5277
136 3129
2951 176
585 366
8129 6865
360 8130
714 8131
27 3931
7156 8132
27 3502
755 1631
1676 56
8133 15
2 8134
8 1783
46 2463
2413 77
64 8135
2318 7608
139 8136
1167 4130
4 8137
1472 8138
3671 8139
15 8140
1681 210
39 8141
8142 7713
222 360
2910 3197
807 7456
923 15
8 8143
137 8144
369 8145
8 4317
1142 295
604 859
8 7859
4 1771
331 1302
6614 21
3912 428
8 8146
3803 8147
435 8
2179 77
225 8148
39 8149
8 7211
27 8150
37 1676
1076 176
706 1401
991 21
1882 5535
7062 5674
2711 3534
8151 1295
8 4648
46 1364
163 8152
117 120
3134 39
657 6968
479 27
8153 56
156 360
8154 237
8155 8
39 8156
393 77
777 8157
225 8158
337 5999
303 6928
2501 8159
4 8160
4488 271
39 1312
278 176
137 102
3969 4
132 8161
7704 307
64 8162
1512 7888
8163 27
8 8164
44 3604
2071 8165
5829 49
575 49
3774 11
137 530
8166 39
747 264
27 4268
278 285
64 7104
8167 2730
46 8168
3671 8169
5462 8170
4791 21
8171 1790
4787 176
6159 119
3119 8172
86 8173
257 3794
315 7057
136 887
8174 8175
332 3522
535 8176
6459 39
3024 21
587 8177
8178 2279
27 8179
8180 6397
64 7431
8181 21
1373 2432
931 285
2697 39
15 2797
847 8182
4822 8183
295 6967
3935 696
2818 1234
8 682
8184 8123
94 448
377 309
56 7099
8185 1203
8186 7894
39 4818
1018 77
137 5024
27 7310
1546 8187
8027 8188
15 8189
8190 11
923 46
1607 21
94 2572
987 3523
2580 176
366 4295
8 8191
3480 214
136 3516
652 5742
3569 11
2304 3516
1764 7581
129 21
8 712
590 8192
2441 657
3546 8193
8 686
8194 21
8195 176
7352 344
1967 2895
974 8196
3886 270
8197 21
39 8198
39 1527
27 5592
64 7619
619 176
72 967
46 3408
6897 21
1025 3042
8199 39
3758 8200
8 1845
6241 1852
2393 77
39 543
4277 583
129 1199
3752 21
2730 8201
1172 8202
4746 3286
8203 7598
1043 8204
8 197
1243 174
2757 39
4756 652
4755 8205
324 8206
46 1146
2 4094
8207 21
8208 39
39 3344
36 1992
8209 72
4947 237
8210 8
5674 295
884 176
4075 8211
1512 77
4560 184
8 8212
81 8213
46 8092
8 8214
366 8215
94 847
7078 77
8216 8
8217 137
6807 6096
4052 176
1775 2529
1363 8218
612 7553
137 281
7867 8
8 4251
1719 39
1540 8219
8220 21
5691 21
8 8221
855 174
1072 716
385 21
4386 21
1386 3011
19 8222
15 8223
1699 392
39 3298
44 4934
2205 3092
291 8224
270 3793
46 3411
2794 404
8 8225
123 8099
2309 974
2415 8226
503 2710
3581 3546
8 2323
2456 8
475 184
585 8227
210 77
3485 21
8228 1770
2679 6062
985 8229
3303 39
11 1398
1725 8230
4428 1081
8 5212
42 2703
8231 5226
27 8232
1294 39
2720 6701
2507 77
8 6833
42 4552
8 8233
72 1172
326 8234
27 8235
8 8236
3964 4908
1857 1296
1660 8237
2299 307
8238 5954
2349 1850
8239 7903
6736 295
86 8240
4091 573
314 4981
281 77
7513 210
4670 21
8241 21
587 8242
3248 27
431 3011
8243 46
678 8244
33 8245
39 190
8246 344
5343 39
8 8247
105 39
782 8248
4 8249
8250 21
8251 8
39 8174
2142 8252
144 1309
2378 7795
39 1408
2903 174
4851 7194
2272 6577
39 7350
4498 270
863 8175
27 8253
211 396
3959 46
8 3021
1819 6940
8254 2142
1512 4777
8255 117
108 8256
177 2718
8011 2513
264 8257
8258 386
6164 902
5679 15
3942 5482
53 15
8259 176
291 271
6753 27
33 535
4 8260
3601 27
7390 449
6946 176
1010 8261
7248 39
8262 331
132 8263
291 1171
27 6478
627 7299
8 5717
72 8264
4606 344
2226 15
791 860
7599 2499
8 6453
5141 49
682 5123
8 1056
27 281
137 1038
94 3666
8265 21
108 7145
64 1633
11 8266
1445 176
1405 8
1222 237
3640 8267
2493 3088
8268 907
2026 8269
8 8270
8271 344
132 8272
132 8273
2308 11
120 579
8274 8275
1955 176
8 8276
518 7659
1512 8207
8277 247
8 4302
492 783
1719 270
8278 270
8279 176
8280 27
39 8281
39 8282
94 8283
518 7776
60 716
4 8284
221 8285
8 5425
1775 8286
89 21
27 4705
65 174
536 8287
585 37
5286 74
2437 701
6401 1
997 3562
8288 1829
6299 8289
8290 8
33 366
299 1590
1542 8
222 39
462 5733
5824 15
2501 5331
655 79
487 21
1400 612
8 663
8291 985
2516 7781
27 8292
8 8293
7526 11
8294 247
3194 6524
264 8295
8 4627
991 716
3089 1078
8296 8
39 7191
8 3041
144 8297
3768 15
65 5533
39 8298
355 5798
331 2233
8 8299
8300 15
657 437
6428 27
3281 1896
129 4502
114 6498
4251 210
6597 8
8 8301
64 8302
8303 696
20 428
8304 176
8305 176
2690 874
8306 8
8307 1101
94 8308
4309 8309
8310 21
478 8311
3593 11
7627 1209
2991 79
8 7159
64 1824
4 8312
7507 1
144 7378
3129 7207
6820 176
152 174
5087 77
39 2839
966 8313
27 852
225 5861
4452 5809
94 8314
8315 117
39 4222
94 347
8316 21
321 2425
139 2344
8243 699
15 3120
847 6707
6818 6416
1602 8317
5764 49
177 1226
8 881
190 6900
3732 2279
210 3034
8318 1
299 79
210 8319
783 6861
15 8320
2991 8321
2239 8
8 6250
218 4605
8 1486
144 3557
5342 72
2561 6301
6074 5851
8 3530
4302 535
137 3451
3727 8322
67 8323
67 8119
4947 184
955 5336
8324 21
94 8325
8326 392
8327 1766
2378 3941
27 6549
136 24
8328 8
3444 362
39 2902
314 190
8329 8
706 5087
8330 3557
747 8331
37 7311
27 7687
747 8332
734 11
8333 1701
65 6027
144 8334
8 8018
27 8335
108 8336
5964 8337
1880 3862
8338 15
64 3565
3978 4896
2872 8339
72 7745
8340 21
3249 176
3117 87
420 1762
2486 332
2304 8341
8 8342
8 2114
3154 7174
299 8343
129 8344
120 8
8345 1835
1225 8346
46 8347
27 3314
6593 5894
156 7004
6854 782
303 3435
1669 354
8 7595
898 79
8348 74
5205 39
222 190
366 825
94 1464
8349 2437
8350 39
177 2474
242 8351
1251 8352
2730 8353
3512 836
11 21
8354 8
4572 8355
1725 8356
559 1774
8357 8358
4268 15
5400 123
8359 210
1053 2794
8360 11
94 7962
137 2873
1644 21
8361 8362
8363 861
1253 1895
8 3342
4367 8364
14 1796
3504 3522
4247 8365
2308 21
366 1157
8 8366
2413 90
46 3768
8 8367
8 6298
8368 5895
72 2897
8 5650
535 1633
2451 105
8369 39
6857 696
2347 1612
3758 8370
726 8371
221 8372
6539 8373
8374 15
1395 8375
657 6283
1065 8376
652 8377
2006 344
5761 1147
137 1756
64 404
535 3035
314 1339
8378 1
117 7831
94 4511
4613 8379
8380 7481
8 5113
2829 7618
39 8381
1166 2663
27 2300
722 8382
8383 176
254 825
607 174
8384 5010
8 8385
2872 366
20 8386
8387 291
1941 8388
8389 8
64 2829
8217 8
8390 39
8391 2602
129 5984
8 3064
8392 5070
39 6016
2624 176
47 8393
8394 11
2397 8395
4801 176
270 8396
1755 46
170 15
4842 39
7035 8
39 3039
629 7899
37 8397
3173 129
19 8398
8 3620
3488 8239
39 4861
190 8399
237 160
2985 39
468 8400
123 5546
151 27
4914 597
1294 1506
39 1903
2463 77
535 1623
1772 79
77 759
331 8401
2943 210
3699 2079
102 536
94 8402
271 6457
94 7452
1509 190
296 3403
8403 21
2225 8404
8405 1174
1147 8406
4057 3123
8 6827
46 6750
4493 6616
8407 285
27 3941
100 8124
8 4574
1512 3616
597 190
1115 303
8408 39
94 8409
8410 21
1371 8411
8412 8413
39 2201
8414 862
821 1850
538 194
618 79
8415 176
4802 479
102 623
6522 176
4396 1203
8416 21
3043 56
8417 8
136 6791
3709 2595
8418 176
4 4480
270 4632
4708 49
2071 8419
8218 1852
747 8420
67 5896
67 635
6983 8
987 21
190 1050
4 7697
518 8421
210 8422
8423 344
3476 8424
955 8425
8426 8
79 1215
2513 11
835 37
627 79
8316 8220
3350 6880
1225 8427
8264 176
136 4497
39 6944
1517 190
8428 535
6407 176
1065 8429
3914 3766
366 8430
8431 657
129 8432
247 8433
3669 369
27 8434
8435 366
1400 8436
8437 8
6574 21
597 237
67 8438
1775 1294
8 1820
8 8439
3699 4575
3581 120
137 8109
391 8440
8441 39
1650 1531
8 8442
31 747
8 8443
3540 247
367 8444
39 3890
607 8445
393 190
619 3129
8446 21
27 8447
8448 247
4199 15
303 8449
5118 8450
1757 1762
137 1141
8 8451
37 2493
7636 366
1209 8452
137 2306
360 8453
39 8454
8455 21
2150 77
5978 8456
451 176
39 8457
8458 786
7515 15
976 8
1570 3445
123 7939
847 6798
8 8459
58 5354
11 8460
8 8461
535 7836
2743 8462
291 56
190 8463
225 8464
20 5315
515 8465
94 7892
64 8466
177 8467
15 1605
326 6542
1882 1599
8 5779
136 21
70 79
8468 307
4050 1
4951 558
94 8469
201 7388
3315 2552
1499 6457
221 6679
8241 39
46 23
27 545
4871 5569
8470 8471
3088 8472
355 6915
2071 1493
8 7162
493 21
8473 21
7926 27
360 3358
1101 8474
8 8475
3915 966
2119 699
49 8476
79 687
8 7339
8477 696
8477 1
137 2452
8478 176
670 5946
8479 27
733 4388
270 285
8480 247
535 8481
331 846
8482 578
7525 7536
313 77
231 8483
166 36
8 8484
210 5892
1786 174
1227 8485
1728 8271
39 2160
3841 1915
4306 46
8243 769
3182 5836
2406 2317
136 8486
6392 247
8 8487
15 8488
1296 46
334 3609
39 8489
4057 6003
3486 8
8490 7178
39 8491
271 448
8492 1762
1503 8493
1715 184
2031 6092
8 8413
3726 176
8494 8219
5734 399
72 3998
92 8495
42 13
8496 49
2537 184
21 8497
535 5208
67 8498
94 2323
31 3476
5430 39
1196 8499
19 601
2272 1961
5630 210
515 8500
5978 661
27 8501
1395 2332
396 1162
6605 15
602 1729
27 3836
3671 827
755 308
2382 21
249 1304
706 8502
27 8503
8504 2529
883 8505
1941 11
37 2554
7122 27
4189 1652
39 742
79 1157
585 1196
1561 8506
2789 561
3999 8507
2730 49
27 8508
2 1229
7908 177
1537 6356
8509 8510
3025 15
242 8511
39 8512
782 1816
39 8513
8514 8
3175 8515
132 8516
8517 4567
468 8518
8 8519
177 271
8 6980
8520 369
46 77
291 27
39 4927
94 5876
79 8521
8522 27
201 8523
296 37
37 90
6121 8524
1987 314
136 292
13 4085
8525 27
94 415
1065 8526
1693 15
8 8527
132 8528
8 2983
8 8503
1936 8
132 8529
1447 618
225 8530
132 4846
8531 27
117 8054
3469 6491
8236 2425
39 1947
4233 8532
1008 2800
2683 77
94 1038
8533 6111
657 7795
39 4312
79 183
137 898
2910 8534
864 8535
64 8536
145 8537
2211 8538
360 8539
79 8303
1449 39
39 8540
8 3604
2404 471
8175 5917
102 174
950 5094
369 8541
19 5526
137 2368
332 5524
5135 1295
187 8542
2738 8543
4947 883
8277 8
1514 4999
590 77
341 8
8 4587
8544 1762
8545 49
5143 6718
37 281
64 5976
8546 1174
811 8547
37 15
3705 8548
334 8549
60 137
6050 176
4228 1093
8550 386
8 1895
5929 5822
3383 50
3513 4396
79 2
1501 8551
7005 8552
6546 8
8553 3033
657 8554
132 8555
8556 100
8 6512
1253 8557
4065 21
8558 72
8 8559
8 8560
476 184
3270 5601
1772 2215
105 1
6163 49
8036 8561
254 8439
8562 176
136 2674
2221 49
21 8563
2609 8
79 8564
8565 4174
137 2806
8 863
8566 108
3699 8567
337 366
8 5415
94 5711
2868 481
3573 49
94 604
8 8568
27 8569
331 189
2353 4752
94 6796
1302 77
7526 722
8 2312
94 3722
8 8570
291 137
27 8571
8572 39
7005 5545
1501 46
201 7053
8 8573
121 1128
553 2195
8574 21
8575 39
8576 8
102 475
1147 8577
4323 49
636 2377
4560 3581
79 1149
4 3535
8 8578
1065 6408
8 8579
8 3124
2819 77
27 3137
834 8121
726 8580
47 7338
6977 657
324 3392
39 8293
5643 1820
8 1395
8581 8582
8583 8
177 8529
49 8584
132 7380
7090 8585
6609 596
415 8586
8 8587
634 77
8588 410
2433 8589
8590 321
8591 79
254 8489
8 1894
4703 2529
1072 15
8592 3534
8593 291
1049 7431
46 2375
1130 8594
627 8595
1652 6403
39 4620
120 347
94 445
366 2110
94 8596
8597 478
398 176
5867 64
2349 77
7576 176
8598 3103
8 4439
5655 3297
27 3108
977 8599
8600 391
27 1751
6217 228
177 8601
8 8602
2347 2760
163 7068
177 8603
652 3606
4255 596
415 8604
1196 5875
4 7658
585 4228
6197 21
94 4807
8 8605
722 8606
8607 314
1798 8608
2347 8609
1405 3174
221 8610
210 3084
2584 3897
120 46
33 3919
2813 3152
8611 27
144 989
8612 27
806 4311
8264 49
132 8613
105 176
7907 39
137 597
3925 21
39 5228
136 8511
8 8614
8 8615
8 8616
4423 8617
612 2094
8618 247
61 27
210 6261
3977 696
6615 8619
6523 11
46 8224
6605 1595
8620 8
39 8621
360 3327
8622 629
8623 462
315 682
64 8624
2784 49
137 2501
2071 8625
129 4874
39 8626
8627 847
239 8628
8629 21
7442 21
177 8630
64 2974
475 8631
8632 39
2837 19
8633 21
46 2738
6923 21
8634 518
8 8635
7292 8
2657 8636
407 15
305 8637
8638 657
27 4829
94 2148
2584 1137
8 8639
8 8640
137 5819
2417 8641
3126 3918
46 4884
27 6721
1902 15
39 3515
8 6417
160 184
8 8642
8 8643
79 8644
558 2187
558 8645
8 862
8 588
37 2309
8646 518
129 8376
136 8647
3244 5837
468 5742
8648 369
8649 8650
120 155
8 8651
225 5801
2830 160
8652 1880
5107 77
3425 8653
1959 8641
105 474
39 2713
137 8556
8 8654
137 821
74 8655
8 8656
2045 1762
8657 27
6442 6043
1503 2732
604 8658
3805 3348
2 3534
2106 5382
1857 137
5099 8659
8660 39
8238 288
266 1294
3199 4112
190 829
197 15
1967 276
46 5775
8661 587
366 8662
94 1840
8 1744
2958 861
39 3987
8515 87
1512 3679
515 8663
4952 176
8 8664
8665 8098
7704 5907
8666 8667
72 8668
8669 271
1512 587
1725 8670
100 7803
847 6636
3452 411
4973 39
8671 247
16 46
7176 176
3807 852
8 8672
6101 1174
3079 1753
160 49
46 232
6434 8673
8674 596
8 8495
7387 21
39 8675
4842 21
8 8676
8 14
8677 8
8678 4296
372 237
47 311
64 941
8679 3358
8 8372
94 8680
3609 4307
39 8681
1960 3673
353 3990
8682 604
1167 2230
39 5188
13 8683
46 7886
156 796
4170 176
2872 184
117 6225
4820 6123
3502 210
8 733
7185 176
8684 39
5478 3236
7633 313
46 574
27 8685
174 8686
6074 4475
3088 471
102 355
558 8687
31 77
1451 4027
7461 15
545 6861
4306 176
5921 722
136 174
590 21
953 8688
4 46
271 3298
39 7018
8 1735
1866 8689
489 8690
4 5420
2372 21
1858 2592
3393 1683
334 4214
331 1264
7321 15
5912 49
4302 1227
7750 7790
79 3795
4908 8691
19 39
225 4461
27 8616
8 8692
136 46
222 5392
4132 2318
291 8693
2480 285
123 5983
475 670
6062 8694
8695 2
347 174
39 207
1941 8696
94 2499
19 2129
779 8697
8 1807
558 5103
4075 224
4132 77
585 8698
3642 1493
8699 1762
190 6455
136 8700
94 187
5477 8701
27 8702
468 8703
1602 15
8414 15
2013 3570
7615 21
137 2715
8704 2450
8 4084
37 8705
8706 15
144 5031
8707 8
1405 4140
1297 267
33 598
777 8708
67 5622
3444 5613
8709 39
1234 21
100 366
8710 8
6273 8711
3968 176
137 706
137 1602
8712 237
225 7536
221 8713
6763 225
872 248
5520 190
847 207
8318 696
627 102
56 8714
94 8715
8716 247
3671 883
39 7065
8142 39
5999 360
4 3617
64 4148
291 8717
1514 2100
210 5222
2404 6947
596 3262
67 1258
349 21
278 8718
137 3120
7209 56
8719 883
755 7383
8720 2142
3766 392
456 8721
4367 6443
575 953
8 2659
1775 5987
8722 79
428 3992
1472 5613
46 2433
6394 535
6588 861
8 1255
132 8723
8566 1157
1093 8581
657 8642
8724 176
1016 314
324 4468
8725 11
100 77
1227 8726
8444 1
4075 8727
4993 1444
5349 224
8728 8
8729 176
27 8455
46 8730
777 11
8731 1499
60 2554
7462 1147
46 8732
1652 1750
291 8733
4 1095
2756 6948
6397 5332
8734 39
6864 49
657 8735
604 7350
27 10
8736 3264
6251 87
94 8737
8738 1101
46 386
39 8739
8740 8741
6653 1701
1931 2722
8742 823
94 8743
2602 473
3127 176
1294 8744
37 46
855 21
917 5951
4302 39
4131 1117
8 6777
1951 21
360 176
819 596
1593 1101
583 8432
7484 5761
23 8745
137 7962
393 8746
100 190
137 7120
3232 5418
886 8747
652 8748
31 8556
8749 2602
8 8750
8751 8
5474 5613
2496 49
8 6492
6075 8
27 8752
1243 77
77 696
219 3296
137 1882
64 5349
8665 1751
787 114
42 174
1620 247
8 2996
4 8753
8754 190
210 8042
8 4644
1678 307
37 8755
8756 6279
386 7118
6580 176
8757 176
94 434
39 3761
1294 8758
39 1486
7415 8759
288 8760
8761 814
8762 210
8763 1234
331 8764
4073 270
8 3887
137 411
3827 2688
46 2876
31 8765
94 2699
46 4571
79 3364
2243 21
8766 74
136 8767
6584 15
8 27
782 5363
177 11
39 8768
535 1229
149 8769
627 8770
39 3246
144 8771
11 1141
8772 23
65 39
7937 21
8 6410
8 418
8 8773
8 8392
94 1752
137 1251
1509 3411
137 2158
8774 21
64 5320
4183 3033
4306 8572
366 8775
8776 2393
8777 473
804 1583
847 525
8778 8779
2863 8780
8781 179
117 21
137 1235
7825 4007
678 4040
6928 176
46 4093
94 479
902 360
1775 4123
393 1203
1270 8782
2078 8783
64 1168
39 8784
46 486
355 161
129 8785
1698 2
27 510
136 8786
8679 6216
8166 2201
429 8787
8788 470
5142 79
6167 8789
136 3682
27 8790
726 8791
94 8792
39 8793
137 90
4545 39
1652 4025
1109 39
4073 285
5051 757
6 11
105 5112
331 27
177 8794
915 903
1540 8494
27 3049
137 7913
7184 163
598 8795
8796 15
39 8797
108 4769
64 8798
44 8799
16 79
64 4592
462 8800
7362 21
8801 1565
13 8802
5051 8803
411 8223
598 46
8804 11
5999 77
3829 8805
8 8806
766 8807
783 8808
27 3682
5243 37
184 3365
2308 5708
8809 247
8810 174
188 883
1228 596
27 8811
39 8812
72 5277
8813 8
769 8814
4523 1394
5970 5539
94 72
67 5396
886 3661
64 3923
8 8815
804 174
2550 4567
1065 129
37 8781
8255 8
3249 3512
2239 21
2864 8368
39 6621
1602 857
242 2311
27 8816
64 1129
5634 27
8817 39
4 1376
8 8818
1573 2529
39 8123
1433 8819
811 8051
144 174
636 79
8820 64
2756 8821
8822 21
4618 604
8 8823
1989 313
545 8824
3745 49
8 8825
64 7558
2216 60
6817 11
8 7497
8435 890
4237 360
8826 271
15 2591
129 8827
1098 8828
8829 1713
607 2267
46 8830
174 237
8 8831
8 2791
1433 8832
8 8833
120 8834
698 599
8835 5754
8 964
985 5880
111 5674
137 1595
105 775
2291 4862
1512 8836
136 8837
380 8838
46 5422
298 4733
8839 27
27 2889
598 8
137 2028
3681 77
2511 49
49 8046
624 1101
468 6498
825 1456
8465 2160
8 8840
15 8224
8 5491
94 6445
8 5944
5619 5348
648 886
8 8841
487 8842
314 3155
7904 39
721 8843
105 7231
2852 1762
7503 5045
27 887
5657 295
4 5368
39 5553
1065 7175
139 8844
331 3813
4611 39
8845 8701
39 7523
64 2440
8846 8
257 821
1337 578
5107 7740
46 2600
1093 6380
64 4380
64 2007
39 985
105 6352
8847 56
8848 883
8849 4537
136 8850
5132 3714
3190 295
2872 46
598 1902
4596 77
7272 8851
6487 11
39 7319
1804 6974
3581 5323
389 21
8852 622
8 8853
8854 15
27 3057
39 8855
102 2683
652 8856
347 3435
2368 8857
787 1178
2291 49
295 2262
3377 3481
8 968
4136 3065
257 8858
627 184
4426 49
39 8859
4306 331
811 6235
1405 7713
8 6543
369 8860
8 8861
5957 3648
1065 5405
137 8862
7629 2448
5429 985
8863 411
4723 21
1902 991
3952 21
27 8864
27 5065
8 199
67 8865
8866 7932
64 8867
344 8868
8243 1363
8869 3315
5913 926
1857 174
221 8870
1748 79
8197 176
94 7111
4075 8871
46 822
8872 332
8 4002
5792 112
8873 221
176 7799
487 5974
64 2026
94 8874
27 2608
3027 8875
156 17
8876 1852
4632 3187
1312 21
6009 478
377 2036
782 8877
8878 39
8879 60
8880 1762
7426 8
7120 77
65 15
27 5287
3671 2716
254 3025
1363 6504
8881 11
864 4710
3203 6207
8882 783
19 8883
602 8884
2674 8885
852 1099
8886 176
4006 184
8 8887
46 1509
1400 8474
2918 39
39 8888
94 3877
2732 2571
8 6767
33 77
5619 8889
8 8890
8891 210
7355 7759
7520 247
7786 39
72 3679
77 160
800 1229
657 5614
8892 2493
8893 176
5000 39
225 8894
180 8895
8896 1965
2018 237
8897 254
79 8898
1243 46
1937 5623
190 3565
3705 8899
136 3104
8900 8
60 120
4 8300
8 8901
2078 8902
1343 8903
46 786
3206 8904
8 8905
6222 4262
33 2631
174 8906
58 4227
4732 167
1370 8907
299 7989
8908 598
8 8909
4 730
132 8910
19 8724
39 8284
657 415
8911 8
8 8739
331 6697
2541 200
197 27
7449 21
675 8912
657 8913
2106 4711
8 5200
2088 176
64 449
7120 46
39 418
8914 11
27 7562
4659 8915
3025 6484
64 8916
1243 991
94 1957
64 150
8 4434
8917 8
177 8918
1192 39
3535 21
1139 6855
326 77
8919 21
39 3779
1337 722
46 592
8 8920
13 5241
292 261
8921 176
8510 478
8 1970
2008 8922
39 3408
7017 21
8 8923
1728 4727
2984 360
144 8439
8 4276
977 4182
27 6648
4555 783
8924 176
1072 11
7088 27
46 108
27 5924
105 5520
67 8925
8926 210
1237 21
8 2743
344 8927
136 991
105 79
585 8581
190 839
1373 8928
46 702
8 7503
39 5058
24 11
847 21
369 2775
8929 369
31 190
8930 2142
94 2816
8 6181
535 475
8 1344
8 8931
8932 39
137 5564
44 8933
1098 8934
8935 56
3671 8936
295 4327
5608 77
6089 696
392 4594
8937 285
129 3686
1714 184
7214 21
8 7180
114 8938
682 4436
64 8939
1512 499
747 1713
5859 1785
515 37
627 2407
331 11
123 5964
8 4323
4791 3521
6175 980
27 1536
5927 210
8940 60
5167 2237
225 271
5562 39
8 7983
8941 369
27 8942
8943 8
137 257
37 39
8 8944
8 3617
3394 344
44 3921
239 360
8 3314
8945 8946
8 215
136 123
94 4347
8947 8
4456 21
39 8478
4494 2332
4219 21
8948 15
1548 5054
7112 8949
64 8950
811 15
39 2542
8951 1234
1951 8
6646 295
8 2116
136 1566
462 8952
4073 393
657 8953
4277 598
39 423
39 8954
225 5202
79 1667
3312 176
733 741
4093 184
1282 39
8 8955
155 15
123 8956
160 3204
8957 176
3364 11
132 7379
2247 21
49 8958
303 8750
7182 1174
46 7858
326 8959
261 2805
3899 176
129 8960
515 8961
7967 1834
136 1932
8962 8
79 3737
33 8963
64 3374
987 3020
11 4435
855 39
271 2487
900 174
16 821
974 8082
618 6650
8964 132
8965 7340
847 8085
8966 39
100 8967
3057 92
8968 8
2813 1592
27 5085
648 46
1938 39
117 37
8556 77
8969 11
27 6691
8970 27
726 8971
715 56
1798 174
1457 176
3978 1147
8 3128
105 1294
105 3993
8972 21
587 843
3103 4820
369 8973
596 21
210 8974
8975 21
331 5091
8976 1353
722 1143
590 7405
27 1099
3404 1804
366 2135
7880 8
3255 1764
1650 3233
8 2402
2468 8977
2046 8978
137 5520
21 8979
8980 2851
3080 8981
747 4176
575 11
2404 6216
79 3076
587 1101
37 4129
8982 1295
64 8983
39 1691
3793 174
8 3605
4682 8
132 8984
31 4676
8985 8
8139 247
295 11
8986 2142
4280 190
27 7509
27 625
425 21
366 8987
4 8988
1227 2393
27 8989
39 1101
303 4744
1163 77
8990 39
590 137
886 3559
587 4836
291 174
67 4770
2008 8991
1941 8992
33 2948
33 39
627 2166
5051 4811
39 8015
1641 7816
27 187
1918 507
94 21
225 1422
8 8993
8 8994
137 2487
8 4190
991 7546
5374 5717
8995 21
2517 176
4072 696
8996 8997
4086 4373
60 8
877 8998
8999 652
8482 769
585 9000
27 1316
2134 210
1412 174
9001 117
197 9002
393 521
9003 11
1451 9004
39 72
237 5129
39 9005
675 486
8 9006
1342 360
3742 21
9007 5080
8 4410
994 8
2216 72
6701 235
8 5874
6510 1771
1093 9008
4091 27
94 884
2576 9009
768 9010
39 9011
4732 9012
5481 8
1603 9013
291 9014
39 9015
8 7474
6012 782
31 449
60 1512
2487 90
27 9016
1669 5266
3298 49
1013 360
8473 37
4521 6342
9017 21
9018 1020
4900 2600
7229 21
5736 8067
9019 21
9020 2669
64 9021
1093 9022
27 3042
393 3793
315 9023
99 8
46 4276
9024 46
3444 4677
9025 11
6279 21
834 9026
612 7764
2448 7865
46 2125
177 9027
9028 49
4293 8
39 9029
3043 349
2330 1474
39 9030
682 535
2460 558
94 9031
2106 9032
9033 1321
3942 1762
360 8028
9034 27
6798 9035
27 6096
254 9036
3046 9035
1281 176
2166 5836
67 2188
307 9037
2418 27
6693 7131
4938 49
8853 39
4727 100
9038 2142
8618 8
1481 39
136 1101
8780 8412
1294 9039
64 5946
1065 9040
9041 210
9042 21
9043 8
8 4555
49 5032
190 2561
8 5191
1071 9044
9045 21
4 9046
610 9047
652 4876
7948 1139
94 9048
479 9031
177 8885
8 9049
9050 39
366 2683
6 9051
33 8485
5997 861
94 9052
985 5125
1312 4409
515 9053
271 823
0 696
39 4735
551 1518
1311 242
4075 9054
2106 8201
2225 3845
355 3671
49 176
27 415
156 1059
1818 473
309 8690
1512 3895
236 77
9055 471
144 21
585 9056
2561 4672
991 2487
9057 1292
1285 261
9058 344
1804 270
923 190
27 7075
1130 7548
1285 271
344 9059
9060 678
225 2181
221 9061
5371 9062
31 3011
39 2756
79 1055
63 79
8 789
848 176
696 5879
2752 9063
3077 4811
9064 1321
136 11
8218 5674
27 8996
9065 87
3883 15
6473 8
8839 9066
9067 8
315 1298
254 228
8 4081
8649 21
8576 254
2276 4313
8935 473
144 7092
7748 15
5284 96
9068 72
64 9069
3084 11
179 1044
9070 392
314 8270
9071 21
6825 49
5681 4225
96 9072
253 46
783 7677
39 286
2561 360
67 9073
2829 9074
399 9075
46 410
8 2847
3190 11
9076 404
890 9077
37 3109
39 9078
8 9079
8 242
4713 8
3484 9080
1264 23
9081 11
64 9082
8 3453
8 9083
189 4632
63 2487
1388 21
7635 8
74 21
607 9084
139 8954
8 2182
7806 56
21 1438
314 1482
1512 13
8 9085
9086 8
5974 980
7261 39
39 8823
535 5333
9087 6073
9088 21
72 8806
8801 4681
657 1814
6620 2600
3466 360
9089 21
1612 9057
9068 9090
8 9091
3126 221
27 9092
4054 77
21 9093
137 2819
9094 775
8709 8
1399 9095
9096 21
1602 27
9097 966
1405 7474
496 8
943 174
46 6312
8 7229
9098 46
1991 2613
1476 49
137 9099
4073 174
1087 535
2422 39
2008 79
366 7148
522 2612
3403 1203
137 6533
9100 49
8 3391
7299 2189
9101 77
9102 604
2229 8
82 8027
3469 486
448 77
9103 50
9104 49
4 4739
4 5621
46 3652
663 9105
5096 49
915 291
1149 9106
8 9107
883 21
2276 8807
314 6712
6888 7685
607 2473
1570 473
37 9108
1728 1650
37 8072
39 5914
190 638
144 5380
8 8113
4578 11
331 13
292 855
1433 7368
3978 3962
1227 9109
137 4093
67 4855
847 625
15 9110
6384 4321
2254 2764
8883 604
8945 27
9111 8
136 2800
9112 2356
9113 561
4075 9114
37 9115
9103 8
9116 21
3058 1433
39 3250
9117 578
6272 333
4068 21
1698 1970
535 9118
2829 9119
3476 77
1941 3889
7078 465
67 7996
4802 4
8 1302
8185 270
9120 176
221 6934
4 9121
1119 174
3153 5418
462 9122
39 5255
39 9123
231 8327
8361 4
94 197
27 8191
5123 9124
1 2190
137 1715
347 15
39 4487
3029 846
8 9125
1294 9126
8 175
9127 176
8 2094
8 9128
3644 467
6074 27
39 7770
2436 744
811 21
657 9129
1669 7127
123 9130
6193 27
8 9131
8 9132
9133 87
49 1763
8609 77
3281 9134
120 50
8109 21
8 5150
120 2666
991 295
8 9135
39 1319
9136 449
46 2008
478 9137
9007 3764
1499 21
9138 8
652 9139
4842 15
8 9140
668 176
8 9141
966 959
3611 535
27 9142
971 2225
303 6449
210 9143
569 58
1081 9144
117 27
486 9145
2436 3257
8 3137
9146 3536
37 612
8 4767
313 9147
886 9148
39 4506
123 9149
9150 1764
5167 7778
6552 622
39 6084
120 7546
8 5095
2339 1880
60 247
37 1942
31 232
8 2371
366 6494
8896 39
8 9151
39 3842
46 782
9152 132
3434 27
864 2280
7797 21
331 3793
39 579
5946 9153
64 7690
2413 64
1911 160
120 716
1089 224
2730 9154
1229 49
137 1678
44 9155
8 9156
2858 21
5585 77
1243 120
1882 486
331 1170
123 7346
8398 21
239 9157
1985 6179
6055 15
137 4972
6457 49
210 3566
1669 4970
1429 176
6415 7988
583 1813
667 2385
2646 1117
6397 8
39 8021
7664 3681
3065 9158
94 9159
8 5740
1775 1097
64 9160
8482 1902
5085 21
39 6985
1433 6379
733 6524
585 6057
475 9161
2106 7759
692 9162
11 8979
9163 176
551 9164
94 2126
21 1475
2991 9165
355 3540
1728 988
2142 9166
94 3720
64 8245
607 9167
8 5316
667 7805
4182 9168
8596 210
1243 11
137 5140
9169 886
847 9170
27 9132
27 205
27 6741
120 8680
9171 247
79 1643
536 9172
94 1565
6888 9173
136 9174
896 5301
39 6320
9175 15
27 5637
1521 2664
8 9176
6873 39
7664 46
4629 77
8 1568
3520 2406
120 543
654 15
190 404
3077 46
120 900
39 5806
27 7873
94 9177
9178 4859
64 9179
39 50
1602 77
46 2819
16 5482
39 763
1216 3686
7969 6485
8 9180
8 1944
5734 1081
6195 428
4 11
139 46
7051 49
3286 9181
8 9182
366 2819
39 3939
94 9183
5398 3364
6086 8
1012 15
9184 9185
1909 9186
1081 6117
1728 2715
35 270
1623 9187
7541 160
8 6206
5475 160
9188 652
360 9189
366 9105
481 9190
9191 123
8 9192
31 7481
2310 136
136 1400
9193 176
8 8265
1054 2794
46 7987
6267 1047
988 8936
9194 49
137 1207
46 960
3033 9195
551 27
8609 190
4402 27
9196 9197
5674 6657
997 9198
46 2304
46 156
8 849
137 3104
64 3585
9199 8
8 3380
9200 247
94 8043
8 1009
1388 6568
8951 2460
369 285
8002 49
8713 1762
486 1078
487 9201
237 2792
108 9202
9203 27
3383 210
9204 8
2433 6135
4916 8
46 2145
9205 21
65 247
8 9206
3969 9207
5087 15
15 9208
39 5505
1792 176
291 9209
3793 15
4615 298
9210 1081
37 2883
94 8434
177 6813
7356 210
5292 347
1686 475
1909 5822
163 46
1433 9211
3428 8
487 2933
7021 27
64 9212
144 9213
377 9214
4748 2578
31 3927
177 9215
3183 8
8822 8
137 955
1641 8
9216 966
137 296
8116 13
2271 9217
578 1463
8 5226
2295 176
7281 176
39 170
144 7695
618 355
31 21
9218 136
9219 1178
8 836
7663 27
39 4662
33 4463
2094 6309
657 9220
3280 1043
177 8910
2330 5674
8 6554
27 8893
515 4489
4687 21
177 2570
9221 9222
46 9223
13 8837
732 176
31 9224
4871 6522
132 4535
9225 39
5123 1148
39 7209
4 9226
3994 456
6299 4226
39 9227
94 121
9228 176
9229 369
7049 846
3071 21
2467 210
117 4368
9230 1081
4949 518
657 2433
1296 210
331 5824
100 3349
3315 49
538 360
5836 8425
94 6931
1889 360
9231 21
1370 6686
8 9232
177 2644
6074 9233
3629 696
27 3804
47 9234
46 5142
9235 21
137 2096
4607 8
9236 98
67 9237
39 4796
5796 344
105 9238
331 271
102 184
137 455
7151 291
1087 8318
137 7798
2378 220
226 1
847 7430
680 7171
3153 9239
3960 344
210 9240
8 3067
568 58
9241 699
9242 21
4311 7901
9243 2571
8051 49
218 46
132 27
9244 8
6573 8
292 1602
1264 7693
94 9245
9246 777
271 6514
9247 21
2379 596
8 6928
593 2520
37 3505
966 9166
362 3620
1444 9248
247 9249
8 9250
3194 8915
105 15
120 6974
769 295
315 9251
7297 295
1857 27
9252 39
2450 9253
129 6176
39 9046
4577 13
1409 9254
1698 46
27 4852
94 6688
9255 8
94 6731
9256 11
476 883
369 6842
478 9257
137 232
8 39
9258 176
503 9233
4336 1947
4396 6315
597 9259
3486 9260
9261 6533
722 6751
394 661
105 1049
9262 8
700 9263
1669 6280
94 9264
8059 247
9265 298
6232 2529
5725 211
9266 247
3268 21
1093 1026
3649 2529
27 4413
811 9267
4 9268
667 8190
583 9269
190 9270
303 5973
366 8176
1623 9271
8162 596
96 5660
3669 46
475 360
9272 2276
7299 9273
137 551
1812 5627
2586 8438
4077 4
938 3348
4751 959
4022 15
9274 3957
4 9275
94 9276
1010 9277
139 120
39 290
9278 6697
7883 2711
9279 210
31 366
8 2857
1680 1819
4930 9280
27 8716
682 9281
5873 79
8 9282
610 6456
39 1272
94 2114
5761 7216
100 7749
174 3728
5343 27
607 178
9283 2269
9284 176
324 9285
27 7598
366 1305
8399 8726
3581 46
8293 21
9286 27
1609 8
4834 8
7853 5280
8 8975
8 9016
137 895
1652 9287
15 9288
1065 9289
79 23
27 5599
4675 377
8 9290
39 9183
371 9291
46 1583
177 9292
8 9293
9294 758
31 184
573 15
5006 1433
355 21
4 5687
775 7323
8034 295
39 4663
6303 46
1363 15
486 184
1209 4303
3206 9295
33 8036
326 3283
1409 9296
1602 9297
558 8421
5120 79
9298 137
1499 3612
7124 210
9299 7040
4 8779
9300 188
5118 583
3998 49
39 3307
680 3219
9301 1852
3371 696
39 9066
682 3622
9302 324
9303 176
1638 478
27 9275
94 4911
8 6442
86 866
8 9304
3660 573
7923 247
94 9305
6276 291
515 6764
13 7678
2018 9306
9307 21
822 9308
225 6532
42 271
8 2906
360 2439
648 137
39 9309
709 79
515 9310
9311 210
270 4679
535 9056
5556 39
27 2642
9312 39
3438 21
2309 7200
1134 6367
6169 4247
231 9313
978 1990
132 8794
7769 92
299 535
8 4885
94 170
27 6351
7711 604
855 5824
4276 77
77 8399
1477 3689
3644 249
2310 9314
733 1484
1620 1409
2272 137
39 9315
2752 9316
9045 285
2460 7070
137 314
7567 950
652 9317
1460 587
486 9318
505 39
515 6785
8 3010
58 5940
49 9319
5528 2328
9320 176
1716 1676
65 13
7973 1101
39 8685
21 1526
366 371
3129 9321
733 9014
72 2800
1153 471
536 404
1858 7890
305 210
341 5578
46 2674
163 2103
100 3646
188 5819
536 8619
49 6667
3749 8698
7981 11
8 4026
94 9322
7114 953
102 2819
2453 1487
136 619
7021 2351
27 9323
1235 77
39 9324
8 6561
9325 2225
9326 3505
3771 6063
7344 49
9327 8
8 2083
27 9328
4153 176
652 9329
1049 4596
2408 39
39 5422
46 8303
1058 79
132 9330
1512 4112
1602 90
79 78
9331 8036
9332 21
46 6455
60 5701
785 11
1798 11
4336 11
9238 324
3362 9333
137 4514
2179 190
7688 44
7440 11
3286 7849
847 5202
393 366
4306 1475
801 7559
94 1312
9334 20
2336 15
139 27
9335 392
39 7238
4266 6417
137 2150
2331 9336
332 7133
37 7781
2581 21
27 2887
1918 9337
9203 176
9338 8
9339 281
8034 11
13 7188
2459 7418
864 6128
1139 447
3385 473
94 332
239 6128
96 8195
9340 39
2805 15
47 190
4591 1915
2976 21
8 1957
4993 15
1209 27
1775 9341
9342 2285
27 1111
853 4048
1474 11
6412 39
722 9025
8900 210
366 9343
218 9344
8 751
9099 2980
5789 8
8 4009
4456 72
9345 3278
8 9346
1238 60
4396 270
9347 8
9348 1987
94 2754
39 9349
577 11
2200 9350
9351 1751
39 8637
39 6945
9352 2730
1047 8617
46 1772
8 3050
8198 21
79 9353
1225 377
8036 782
6717 886
9354 49
9355 6416
8 271
9356 15
1503 2571
2586 7080
8 46
7953 1669
2740 1184
79 9109
722 1474
3505 11
122 5175
27 9357
8 2573
3581 184
46 9065
1 9358
190 6606
9034 11
9359 27
9360 1356
406 314
156 188
726 4267
9361 1873
5276 15
9272 5419
5682 49
4925 6207
37 9362
303 21
9363 4190
9130 9364
334 5730
8 4813
8 716
583 3593
1782 46
1501 782
27 9293
1451 5694
2487 281
366 8303
9365 4027
239 2695
7811 8
1196 9366
144 9170
2473 9367
27 9368
9369 861
2585 285
1616 77
5781 1312
2363 271
64 9037
558 9370
2185 87
8 9371
9372 39
985 9373
3444 37
156 9374
847 8374
8540 21
331 296
1918 3123
136 2506
5265 8
9375 4534
9376 39
2907 39
9377 6757
6222 9378
1898 332
9024 604
6397 9379
8 8333
123 4270
64 6830
9380 2304
4701 1762
39 782
9381 1157
46 1517
6041 4785
138 360
27 5404
19 9382
9383 176
1987 6377
9384 39
137 8303
27 1403
39 7079
657 1474
5655 272
49 9385
292 155
27 7914
2309 210
4546 8755
9386 8241
9387 4828
6753 11
9388 8
9389 652
8 6188
377 8273
19 9390
526 39
8 6793
4306 7372
7732 210
773 821
36 8022
271 4323
9391 15
1857 331
4176 9392
8 7797
2600 9393
27 9394
1004 210
2722 27
61 77
5863 176
1167 77
700 535
355 7942
117 2738
72 9395
883 2194
39 2340
33 7815
189 9396
9397 846
94 2887
5104 344
137 2991
108 9398
823 4501
137 543
747 9246
1743 5327
481 9399
13 4441
9400 369
353 2160
769 7329
3077 9401
126 210
349 33
27 8747
46 2309
9402 5186
8 9403
1010 9404
4626 21
27 2085
39 5150
61 292
9405 176
5572 21
46 3298
9406 578
27 9407
3803 5198
657 2278
2819 79
5330 456
8 6760
597 1163
9408 619
2299 190
3848 176
9409 6157
2829 8204
2683 7296
122 9410
94 7644
1616 39
8 9411
132 9412
515 1675
79 839
9413 1880
137 1512
9414 176
9415 39
7945 1234
2 9416
177 9417
31 2315
9169 39
37 174
46 1929
369 9418
201 6699
19 6770
7842 1371
46 5179
3298 11
63 3657
27 1206
94 4073
49 4489
4 5098
587 7219
5520 360
332 3296
15 9419
39 1135
288 9420
1312 9421
9422 27
1312 8001
27 1407
2468 21
1413 27
721 8
94 1941
855 49
105 3938
94 7463
6427 545
760 604
3449 21
6459 49
811 9423
3495 4306
369 9424
3377 9425
1857 8
105 714
15 782
177 3499
3112 21
6327 285
6149 1521
8 1527
2819 9426
4972 237
5746 9427
8118 985
6683 9428
331 9342
9429 39
8 4724
137 9430
475 9431
164 597
8 7656
1294 9432
4 9156
3060 6069
8281 176
1192 37
94 37
2590 8759
2627 9402
1858 9433
27 9049
9434 578
27 4717
3375 5347
5092 3111
39 4495
4 8854
94 7126
4034 21
94 1857
9001 8
347 2250
39 3042
132 9435
1270 9436
6333 39
292 479
8 6548
9437 247
2730 9047
137 465
46 2979
27 917
64 5644
96 7757
503 3683
499 11
331 37
5874 11
9438 861
5854 699
27 593
8 9439
652 9440
4704 360
6640 6822
137 2935
7902 13
8303 77
129 8953
9441 237
39 11
782 1679
177 6161
2813 46
8634 558
1159 3129
270 23
9442 1196
9394 21
3609 456
4266 8
8 5640
3403 270
27 8587
1852 247
1013 77
5504 8
561 4818
94 5617
8 1394
2755 67
94 9443
7488 8
4382 9444
37 2332
39 5223
1169 270
206 573
2353 369
2759 5545
218 987
46 56
366 5381
607 5881
2142 1688
1783 39
1081 3840
3533 176
3286 7332
989 5226
9445 176
94 2233
1941 8722
9446 56
94 389
3268 27
7871 39
3330 79
79 4311
170 176
303 5425
117 8358
538 4301
15 5149
9420 9447
8781 696
9448 680
2377 883
5001 3245
247 49
696 9358
8 9449
137 1645
8 529
9450 8
177 7823
3429 9451
985 5131
39 2092
9452 96
61 90
27 1897
4791 8343
7092 11
7632 174
31 4047
7371 2542
4220 9453
886 9454
285 2509
2026 9455
331 4396
46 6641
314 7194
6604 5477
8 9456
847 6190
9457 176
9458 21
120 1016
8274 652
9459 27
8239 11
117 331
3682 49
37 5709
535 6275
9322 39
9450 221
1512 6447
3926 247
182 1478
27 6243
4646 386
39 7344
6455 77
366 718
9460 347
4 4772
9461 985
9462 21
503 46
296 120
8 4264
27 9463
360 3364
6548 5822
515 9464
2359 360
270 7899
210 174
355 344
4407 2085
60 644
137 479
156 9353
2610 39
2191 2805
4176 9465
50 650
367 883
5359 8
324 8131
9466 176
2 9467
79 1459
2560 4423
8 4508
137 3411
8 6633
9468 882
5048 8384
9469 77
27 2458
137 6164
4443 1669
39 3925
2971 1359
3169 9470
8 8364
46 9434
9369 791
3215 9471
515 7117
1980 49
37 1307
9301 578
1411 21
353 9472
1016 15
536 9473
64 7055
27 2235
9474 1987
9475 176
9476 3215
60 225
8 9477
393 839
64 8591
3058 9478
8 1477
9479 3278
27 3435
8 4851
618 190
64 3128
2071 478
2525 366
8 9480
5518 1141
7024 9481
4343 9482
4747 506
39 8833
271 9006
6629 270
5399 9483
60 1302
3758 4805
1147 8548
111 7048
8429 231
7972 176
5343 9484
108 9485
2289 210
4 8136
2452 11
1812 1081
39 9486
1617 2185
37 6743
9487 1764
722 1363
4091 15
3323 1093
1 9488
94 1798
94 2183
8 9489
515 3336
3863 4554
39 3399
991 313
9490 696
9491 13
655 366
9492 473
132 9493
9494 578
847 5392
5399 1294
2386 3356
1093 9495
8 9496
2331 428
8734 8
3669 90
8 7017
2662 6179
3936 21
156 8978
64 9497
1142 6456
462 9498
3077 1446
21 1510
4404 247
551 49
2674 8529
8 9499
8801 176
4097 2861
598 9500
2571 9501
1559 8
2646 8870
8 6946
6397 7597
303 8
39 2784
3669 15
4682 8689
67 9502
129 2571
1225 9503
27 596
31 1650
8 8586
9504 8175
8976 176
700 7596
2085 15
3764 9505
7101 21
8 9506
7812 270
8 9507
4681 49
27 8711
21 9508
8094 21
1010 6931
67 1304
1739 9509
137 174
4142 9510
1989 11
714 5145
218 1652
1595 270
79 367
37 1229
9511 39
1650 324
8 6104
1804 9512
102 431
9513 4040
190 536
886 9514
225 6884
4 8012
190 2935
8 9515
64 1764
3025 545
132 9367
64 7192
1293 174
27 9516
39 9517
15 1530
9518 242
5743 176
392 174
102 393
190 56
1318 4562
8 2635
9228 8
4608 678
8 4832
6582 39
3251 114
3069 6927
360 1713
4 148
702 538
105 9519
39 7774
6086 271
237 11
8 9520
9521 27
2544 360
120 11
39 2731
8 8312
627 9522
33 79
3444 487
7331 1407
292 7962
94 7195
42 331
8274 9523
27 9524
1620 587
225 49
3088 9329
3986 1804
592 9525
111 5327
5845 1154
9526 27
657 7558
331 7178
117 6331
222 596
5507 1147
27 6151
156 9527
137 521
1285 5842
2586 5217
1105 9453
5374 4656
722 577
3206 5256
6925 428
4789 489
8 8537
27 8651
4488 39
90 247
137 5486
324 9528
64 9529
27 8821
5189 392
2433 1381
219 1211
9530 247
144 90
7704 9531
64 9532
9533 8
1072 21
292 190
94 1795
60 8094
9534 176
239 9535
6693 2534
2378 1658
7913 21
60 3139
604 11
8 9536
129 9537
1147 9538
39 7489
39 8221
8 8886
4174 9539
9540 46
3129 5953
360 9057
27 242
3756 711
3020 39
9414 4306
1167 8770
8 8235
37 9541
210 2553
9542 3974
558 7394
2790 39
210 2073
27 5272
1785 395
132 2678
9543 1405
610 9154
2586 8226
9544 39
4 9545
1880 39
7926 8
1942 8295
7718 174
360 2683
215 176
4176 3377
994 90
604 9546
39 7687
46 174
46 1745
7478 21
8 3814
160 3901
9011 176
6279 9547
190 574
37 7394
6687 678
9548 1852
292 900
8 7043
8 2469
2078 6961
9549 77
855 15
190 5873
5280 9550
144 7510
33 3884
2738 9551
3812 21
5562 7831
3342 21
9552 8
535 4384
177 9553
8 8040
190 448
9336 3664
138 184
7509 176
6076 3206
27 8614
4813 39
9554 846
652 6847
15 6120
94 8182
9555 1198
39 2322
748 5534
7688 9556
410 9557
1857 60
64 9558
46 9559
9560 3686
2378 6353
94 100
253 137
224 9561
2829 9562
366 7977
61 13
8 1230
8801 21
5028 1866
590 271
179 9562
3579 1234
360 3938
9563 247
8234 696
1404 114
225 9564
9565 7927
3126 37
473 4012
9566 1790
1895 7044
1093 9567
5498 37
137 11
9568 9569
190 5993
8569 21
6922 8
1499 176
8 9570
9234 9571
1444 39
8 9572
360 2504
347 5951
590 90
1093 360
9573 27
8666 1078
2713 21
8945 117
9430 399
3769 11
136 9574
9575 271
60 15
977 9576
5194 9577
94 612
2689 15
331 6974
1370 4798
8 8014
2386 3304
9578 39
9579 3253
1451 9580
9581 5048
5520 77
257 2319
6151 176
6585 1751
8 8924
8 9582
9583 176
46 481
303 4226
8 7651
1819 9584
2357 27
5080 9055
2401 77
1509 8079
46 1642
2584 9585
136 9586
79 11
535 6513
5364 9587
3077 2069
4990 176
1312 9588
5389 1154
31 79
1432 39
476 32
39 8874
4 998
8 6306
27 9589
1967 39
177 2674
8278 39
2413 184
9590 21
9590 4
2741 39
8473 9591
136 190
1677 21
46 1587
27 3242
4277 3913
487 55
682 9592
8 4818
9593 8
8 9594
334 9595
505 9596
132 9026
261 15
27 6255
27 6575
7045 2315
94 1581
2126 11
137 5347
21 3958
39 3347
518 8759
9597 291
83 1424
535 1809
2531 27
7887 210
11 9598
1008 5298
2054 9599
5445 39
64 1745
9600 11
39 9601
8643 247
8 2278
37 1664
67 9374
5966 2499
39 9602
2863 7308
156 1913
9603 1602
8 2734
39 1914
4635 49
100 9230
9604 369
9605 696
9606 1751
7034 210
9607 247
292 189
7061 360
3002 596
5777 21
27 174
1013 9608
1400 8177
9609 4
700 9610
132 11
7944 176
3454 167
222 21
8212 247
6148 782
27 6978
292 46
9611 6092
7047 136
360 9612
6191 7832
1941 9613
331 2872
234 8755
137 6724
331 269
3736 176
27 125
144 9614
8 9615
8 4920
9616 8
1342 2358
452 471
6397 9617
39 6699
123 7980
366 2027
4884 15
9618 391
9619 678
7707 987
4455 15
210 9620
4119 176
2268 176
9621 573
406 4397
39 9207
15 2893
883 184
132 9622
4323 21
8 6584
519 27
8195 21
721 254
8 9623
79 697
366 4380
105 77
824 5482
2686 886
11 9624
307 11
8036 6925
782 7264
4228 9625
5392 176
8 7165
747 9626
987 235
3505 6111
8482 295
136 9627
7883 6458
9628 8
4998 21
132 9629
4299 9630
8 41
1851 324
3181 4526
8 1739
657 7898
27 5863
15 9631
242 2852
8527 993
6735 15
5048 190
8916 360
1570 39
177 5158
271 347
94 6806
270 3561
39 9632
60 65
8 9633
3519 1149
1231 9634
137 299
137 2401
8 2536
9635 6442
9636 4585
61 174
8473 1677
2933 314
726 9637
19 103
8917 1982
1409 270
6753 237
366 861
39 413
60 3796
180 9638
140 15
696 6671
7330 520
1372 587
1929 77
371 6632
37 864
27 9600
4814 777
1 1045
46 2551
39 7235
9639 692
811 9640
27 8640
27 2199
8279 225
9641 2142
5445 15
9642 518
7882 8
6584 49
8 9643
1812 2066
27 8351
46 6736
347 1977
9644 782
9645 4579
9646 247
46 1667
515 9647
314 9648
136 9649
6806 8501
39 9650
6446 27
6647 9651
1815 13
3863 8
4791 782
9652 763
1443 216
63 237
9372 197
9653 21
4943 21
123 9654
6333 1512
4696 77
177 8033
1114 72
64 5838
8436 247
2782 21
8 8309
657 7132
700 6127
898 190
8707 39
8 7990
9655 8
9656 2566
573 8402
31 942
7483 344
627 9657
210 7580
190 786
991 1476
6222 4121
225 5998
5471 247
39 9658
6976 21
9659 3599
2309 3768
8 9660
535 2437
314 4630
277 9661
1967 8636
8 9110
8056 21
499 295
3613 4258
950 9662
392 13
1745 9663
39 9664
1363 9494
132 9665
8 5569
271 9666
5508 696
1760 15
991 9667
39 9668
1989 8
94 2149
39 5667
6495 1583
1170 15
108 7739
9669 1174
3984 77
3950 652
7335 77
6936 1778
6282 8
8 9670
94 5444
137 1071
2302 8
415 21
486 9671
9672 39
5280 7157
9673 15
4822 9674
9130 811
197 3890
4 3995
8143 21
291 5203
39 3438
1243 292
579 3588
3467 614
1225 4674
337 2669
9675 861
426 3037
3671 9069
2984 77
515 3008
332 2587
726 36
2413 120
8 9676
39 8995
46 79
1139 1749
9677 696
9568 295
9678 966
42 9679
7758 344
5565 21
27 9680
9681 176
137 9682
5694 176
590 174
5978 9683
9684 176
1972 1180
94 9685
331 225
1065 5119
137 5331
65 49
245 593
9686 11
100 8868
70 4372
4982 27
39 2771
27 9687
218 9688
2730 5623
1529 15
13 8700
64 8642
8 9689
7934 21
39 1015
1669 5828
9690 471
60 3236
8 6402
39 9205
136 1999
2225 39
2026 7457
8 5264
1669 7106
4 3384
123 9691
139 9692
8679 1546
360 9693
9694 87
4392 1078
9677 1
1 5060
8 9695
64 9696
622 1545
8 3256
136 7042
1197 9697
8 7808
1243 331
411 5898
4 6139
39 3093
8 2698
1209 2427
21 1156
222 1839
9274 3613
94 9499
9552 19
137 225
7323 3281
9698 49
6184 782
3462 9406
6296 295
177 3066
163 1464
123 5501
9699 39
9700 3476
1602 49
39 433
782 2617
1939 210
6277 13
692 9701
27 8558
39 9702
9703 27
3607 49
79 3642
270 9704
27 2425
360 1050
50 9705
1701 4338
27 5056
39 9706
27 1607
3652 184
966 1688
137 3927
8 3350
105 7750
4416 7445
5647 360
716 21
72 4064
3758 9707
8652 835
8 2235
627 2
3694 108
4943 15
4881 4
9708 39
332 2539
94 1284
2631 21
8192 21
13 9709
1337 46
94 6757
3480 264
21 4750
432 176
7322 21
8845 7481
8417 573
3671 5713
8585 966
9710 5352
8 1470
11 9711
1495 176
3868 77
225 233
9712 4113
1 1637
39 486
4504 176
5439 11
39 6234
8 9713
5116 2613
177 8964
39 4467
177 9714
1268 473
190 183
9715 225
1142 9716
8 4506
587 7202
1285 77
2521 8
2106 7056
132 2570
3669 21
3311 4748
9717 176
1381 578
366 2452
8880 9718
3598 9719
27 8592
72 11
489 6729
94 6898
9300 2600
6532 7603
27 9720
2595 1487
9721 8679
8296 1101
222 9722
9723 27
5872 4198
1025 4
9284 27
6074 9724
102 46
132 6409
94 9262
8852 144
915 7170
4 826
4176 9725
27 9726
4311 9727
132 458
64 410
1203 404
9542 1373
39 9728
1065 9729
9730 4421
2507 475
46 543
9429 8
8887 176
1077 652
1512 364
6054 21
1848 9731
5399 3505
46 9390
9732 15
27 9733
50 15
247 1403
1116 1101
515 9734
411 5655
27 7855
2761 4
1719 285
288 6296
8 7279
3153 9735
1017 783
5463 4
39 4995
3556 190
1501 239
9304 176
151 21
535 1
123 9736
9737 8
1982 176
1007 3245
9738 271
27 9739
94 5843
9740 176
37 377
1850 77
1966 21
46 4578
7272 6098
56 1493
137 7546
27 5951
8009 39
94 165
9741 587
4560 77
8 5369
27 1526
9240 543
9742 11
9743 49
9744 8
3122 9745
8 5468
27 2583
189 174
9746 15
7299 295
190 2401
520 9747
8 918
163 39
72 5482
295 15
1728 190
27 9748
94 11
23 9749
5520 3476
4976 49
2026 6536
63 7194
4961 176
722 2975
37 9750
174 1689
3441 543
4 9751
8695 2501
2 9752
1982 49
137 6979
9753 15
6273 11
46 2499
280 49
332 9754
365 77
5913 137
369 9755
94 9756
587 613
129 8
94 9757
4639 8
6716 21
8 1072
3671 9758
94 3952
9759 678
8965 692
3206 471
94 1243
27 7655
1517 79
4 9206
889 3671
177 1825
4 2104
994 11
4 49
49 2707
3039 11
4 3985
1305 237
235 21
6912 21
27 4565
37 8800
9511 8
782 3279
4309 9760
39 609
4 5403
94 5410
8 8044
13 1302
39 49
8 7485
5040 11
8 9761
6935 270
9762 176
652 1546
4479 174
132 9763
847 1175
8 6056
3983 9764
39 7193
8359 21
1235 7610
4123 3754
39 6946
79 9765
4 9766
706 46
39 4567
123 7792
1205 8008
598 49
9743 21
9767 74
4086 8693
251 4778
1601 988
136 5446
2254 9768
5567 11
536 77
4418 21
366 804
27 2026
5836 6313
46 619
9769 2752
7271 15
37 3679
9770 176
886 6951
331 313
609 176
9771 176
137 355
974 9772
46 6222
503 5770
682 4088
197 39
46 4503
9773 176
27 2805
285 9704
1350 9059
4 4948
1719 9774
31 3377
2732 6940
4305 994
3434 347
295 49
94 763
337 475
4958 518
8 8811
9642 8687
896 15
1109 176
8814 112
117 4811
583 9775
27 7095
366 9776
9777 8
77 3585
8641 7604
19 3768
7707 56
4420 2764
94 96
9778 6215
39 683
6323 3206
102 218
27 8299
5261 1101
494 487
9779 11
3715 4
144 9421
79 465
366 6724
9780 4040
1405 2834
9781 1400
136 9782
1655 3696
8408 15
1139 9783
4696 156
8 3502
722 3407
79 1677
1409 128
535 3206
9784 285
5419 7026
137 392
9785 247
6455 184
331 210
362 1987
763 6861
607 247
39 9786
2627 135
137 638
3507 9787
6222 77
8950 344
346 9251
8114 27
4 4940
8 1935
11 1575
46 176
271 415
3468 11
9788 3764
6299 285
8 2348
49 2648
2765 578
411 6476
27 9789
8345 1154
271 247
164 77
8 5600
8 9790
1699 46
136 6381
19 4776
39 9791
2566 836
270 9792
1965 3947
8549 456
102 366
137 2477
1775 77
9793 21
8 9794
64 9795
6458 471
579 4668
137 1751
337 9796
2580 37
3362 404
27 3528
1735 609
915 1353
27 2049
4 7313
3158 11
1137 985
9540 176
9797 4
174 9798
3944 9799
156 9800
8 1117
56 2733
331 155
2857 21
64 6649
31 9377
27 9801
9802 176
8 4334
8 2425
314 7215
27 9803
94 9804
9232 917
9805 2602
8 619
9806 39
3133 21
102 79
9807 39
137 1302
1071 9808
27 9809
11 9810
6837 15
890 9811
634 190
100 4168
2633 176
3969 49
657 2401
7253 5870
9812 247
1931 27
775 9441
3215 7571
1699 21
9813 696
8609 184
6415 332
257 5224
9814 39
225 4196
657 9468
137 1979
811 9815
170 4333
137 1289
5215 473
46 3628
8 5515
1028 428
3011 77
2457 650
210 4452
5315 9816
105 360
985 9379
137 1484
8 486
994 945
2046 8877
2020 9584
8 6682
39 9817
2586 8851
3725 8286
7931 3281
974 3065
726 9818
8 9819
331 579
15 4692
4199 543
5364 9820
8 587
39 4961
21 9529
81 535
9666 21
4075 9821
132 9822
49 9823
5943 583
4874 473
486 21
39 9824
4892 270
9825 3119
27 3799
4 6186
21 4660
27 8957
366 2437
9826 295
331 404
156 535
136 60
4057 8128
9827 8
2378 9828
4013 9829
8 9830
207 21
2279 6207
3920 1704
1512 7965
9831 8399
64 2635
8 7276
5296 5891
988 6647
6997 478
190 4689
46 49
1234 8421
8251 174
5292 385
37 5957
4116 37
3546 9832
8621 176
8 3538
991 39
14 6113
15 5421
1512 37
94 5824
1173 21
4142 9833
225 9834
132 8885
7355 578
9103 4872
1982 9835
39 5518
4057 5762
9836 8
5685 4
2991 475
6279 7953
9837 295
9838 176
4525 411
332 9130
9839 8
9840 8
8 9841
8 8863
8 5831
9842 3111
545 21
39 5894
4306 15
271 1095
120 174
61 21
39 798
27 9843
2382 46
9844 7253
8 593
137 1401
8 9845
8 5374
4446 160
8 8800
505 9846
39 9847
1243 49
64 5086
39 9848
144 6776
4758 5051
9849 49
39 9850
9851 114
190 5980
8 3366
8 6246
977 6126
4 1244
137 3476
583 3690
1093 9852
27 782
60 46
64 535
1775 231
94 9853
321 1697
1318 2083
39 1302
9854 8839
132 8603
9855 11
1699 39
345 210
64 3182
369 2142
39 7487
1650 3595
8 9856
1065 8031
31 9857
49 8542
27 5035
974 642
777 7982
299 9858
27 6528
5866 8
367 7427
9777 176
225 15
5203 21
9859 3215
721 21
558 2777
8 7863
8 7055
5537 225
6265 39
7425 5527
829 11
9860 2813
9359 4
8993 176
5844 4
2026 9861
37 179
1472 9862
367 9863
254 9071
481 1644
657 7307
1357 8
5648 8
129 901
39 9864
6693 2535
39 5578
3126 9865
331 950
7371 270
2415 102
9866 1762
9867 2738
39 9516
8 5707
355 5909
9868 2142
3338 210
79 9869
8 9870
5862 9871
722 8
900 15
156 8498
7047 11
551 11
177 4507
5743 21
8 9872
8 1581
42 8
132 9873
366 9874
9875 49
1296 11
137 4914
8 9876
39 6656
6900 3011
9877 15
1202 9878
1289 706
39 8818
72 9879
9108 4970
64 4301
9880 247
8 8418
8225 1858
94 9881
994 49
8943 176
2954 37
39 1499
8 6658
190 1023
27 604
2794 9882
771 9883
37 5282
1745 21
64 9884
156 2317
2207 8
4682 37
137 9223
7157 11
9885 144
8386 2071
8 9886
377 6558
1171 9466
5771 11
1987 9887
8207 9888
4630 4502
8 3390
2008 77
144 249
9889 8
369 9890
7771 27
9891 11
1227 9344
680 9892
137 3602
8473 1716
9893 39
15 9482
254 5751
324 5586
123 977
6416 21
331 6935
8 7400
13 15
137 1064
2332 6426
4831 3589
9894 1576
8 9834
8 8209
3154 21
137 503
2046 7610
4513 176
5588 176
9895 8
1645 79
5312 21
8 8476
4613 163
1512 2309
94 2209
64 3225
39 9896
2008 9897
1728 9075
56 9898
46 4301
1721 324
137 399
137 173
8 1984
8 9899
2020 386
60 9900
27 5148
9901 39
1512 8319
777 4760
5926 49
1302 9902
2363 27
1739 39
6236 7439
1229 298
210 6666
5337 237
456 7473
558 9903
8 8020
9904 176
39 9905
9906 114
7679 3462
9196 8
314 79
8 6514
27 1320
136 883
515 9907
225 6333
49 5230
163 8854
8 5667
137 5995
94 6590
3863 261
1537 9658
1433 766
515 9908
9909 176
2018 184
2561 7140
366 2008
349 295
5736 15
8 207
79 9910
163 7246
900 1203
9911 27
332 9912
1304 1
9913 985
2349 247
1028 9914
847 9915
396 1007
292 3768
5485 2979
27 3775
136 616
2413 271
94 3543
3418 15
1904 39
8 9916
36 3215
1236 21
2672 344
5163 21
94 953
46 337
167 270
39 7441
9917 176
634 237
5865 176
8 1408
3669 13
27 8088
8839 176
9918 77
3752 8
94 551
3249 8
2437 9919
408 9920
299 9921
9922 8
9923 247
2473 174
94 3033
2408 210
21 9924
757 9925
94 543
27 9926
5522 1469
3142 27
9927 176
3271 77
2745 8
129 9928
1363 6135
2344 1553
37 9929
8 4857
5177 79
1512 7344
4375 578
64 327
8 7331
270 7765
604 9930
337 8423
2378 314
79 1207
225 9931
105 2989
8 4570
94 2535
129 9932
4548 49
4531 9933
833 132
5647 366
9517 210
9934 3749
991 2410
2379 1603
94 7577
2879 8132
64 9935
7239 3264
9936 21
369 9937
575 1583
108 1572
4233 1566
645 7134
9938 39
64 4061
5736 3602
123 9939
94 2517
120 2114
9940 15
79 8741
8461 21
4 4395
9941 846
8496 15
8656 21
597 2537
15 9942
227 8234
137 9943
2433 7726
602 9944
46 575
79 56
9668 21
9945 2517
8 9687
1623 9567
4 7817
8 9904
535 2716
9946 21
2852 49
332 15
9947 39
9948 176
1294 9949
31 5364
9950 2501
652 477
9951 49
27 7479
39 9952
94 8736
94 1020
1852 9953
8550 27
627 5076
553 366
6628 823
1070 8
94 1139
4311 9954
8 2808
473 9955
132 9503
518 4477
8 5702
9628 1008
1884 39
1735 21
132 6903
5303 478
7893 814
334 9956
5625 2450
137 5048
3819 6330
250 180
585 9957
4136 9958
9959 966
8 8480
11 2979
27 2283
9960 988
4306 21
254 27
9961 21
5845 8494
1321 9527
37 1680
2331 8102
8 8649
1855 21
1512 3050
1785 9962
8593 225
9705 210
6597 15
102 535
188 3868
6807 21
5964 9963
31 1013
27 9258
1243 1583
331 855
1775 7231
467 7094
92 4114
2674 6903
4087 3934
27 5941
1902 6735
652 9964
7274 667
1292 365
7958 39
3870 27
94 8038
9965 39
800 2145
5033 27
9966 966
8 8675
1858 9967
9968 254
406 3296
3476 4286
44 6630
4306 270
8 6877
9969 21
129 1813
4277 129
84 1796
1414 1433
722 174
627 4941
8 1360
1670 210
9970 27
27 176
1764 9285
6585 9971
33 4559
13 313
8330 614
79 9972
4914 184
46 2307
7138 49
2304 79
67 5417
1602 9973
9974 774
100 8950
8 9975
190 176
8 8335
1682 898
974 9976
331 1990
137 826
9977 4811
174 5663
39 9978
3977 1
39 4901
315 2566
4054 9979
9980 136
3129 7328
1043 9981
46 392
9113 11
987 2614
4619 6062
9982 8
360 5301
70 8063
5647 696
27 9983
8317 49
1178 1423
891 782
3965 15
8 8743
4701 1101
8 9984
37 3027
156 2401
8 8792
5914 11
37 9985
225 9986
8 9987
2715 77
9988 49
27 614
1970 190
9989 3714
1512 9990
9991 15
39 174
8 7413
706 15
108 7337
355 9992
8 2986
8 6660
37 8803
120 2298
1251 1715
39 9332
8 6351
515 9472
4857 176
27 756
160 5949
670 509
747 9993
21 9994
3486 8304
314 1268
303 6581
9995 2436
2992 11
137 2561
9996 1047
337 184
652 5349
8 5066
583 3153
31 102
8 9997
1130 9998
64 1911
9999 1047
2436 10000
997 5853
2232 9704
2814 288
2378 6247
137 1902
3271 7332
9506 11
15 10001
9957 4652
392 10002
366 10003
239 10004
652 6166
9409 4088
271 210
10005 1652
2382 2826
1512 9184
64 1149
8350 49
177 332
123 10006
2273 9185
3635 64
2754 4546
2743 21
4 1585
8 6693
4 7500
846 7094
783 6965
163 1284
39 10007
163 10008
1826 1147
296 10009
10010 515
692 3911
247 5786
2306 77
298 10011
199 39
33 10012
10013 10014
39 9209
5336 5836
39 5869
39 5747
6363 21
7178 5674
3699 366
225 9653
94 9128
331 49
4 9147
10015 23
8 10016
459 5739
811 7925
39 3991
8609 79
8 2979
8 10017
8 9015
1707 270
2413 13
1065 3296
607 6030
5297 5720
36 4689
64 898
63 174
137 6611
1493 10018
4 10019
7154 21
19 174
4861 21
10020 176
9581 156
39 7674
27 6412
27 10021
4056 37
64 3597
9603 8
120 7373
79 10022
8939 402
3813 174
271 207
288 11
94 307
49 4753
8994 21
3590 190
834 10023
94 7329
2586 10024
4748 191
10025 15
8491 21
2 10026
46 9948
9345 3286
326 10027
657 10028
332 7698
4833 176
46 9881
129 10029
8315 8
10030 344
1512 7081
6737 8125
84 9190
39 176
3192 190
39 8189
2779 27
46 2473
120 4299
7120 237
64 3278
60 8906
629 10031
652 452
5425 21
177 9665
278 2752
2852 1499
94 3218
4985 160
9988 39
7793 360
1134 9925
1652 820
137 1929
8 2497
1134 2616
10032 8
39 26
698 8980
1350 7061
10033 58
10034 7030
94 1358
8 1496
21 10035
4864 4
225 2611
332 9759
137 7590
10036 11
8 8448
94 314
8 5832
3085 49
199 49
314 10037
47 77
394 5288
1147 8165
2584 2024
8146 210
10038 966
1268 1920
8 4591
144 1136
607 8555
5166 210
46 3868
9760 11
8 5767
27 3151
46 10039
313 90
783 176
79 10040
137 1386
296 10041
10042 985
8 724
120 3922
9555 129
8 190
94 10043
585 7262
3486 3367
67 7359
77 184
8 10044
8 1141
2394 638
3750 8
386 9195
4693 21
137 7403
505 8
8 1101
64 10045
10003 79
2872 90
10046 392
39 6550
4075 10047
5964 8847
247 10048
8418 210
218 394
90 11
10049 176
6987 210
4093 190
10050 344
429 1494
1730 10051
4 10052
8 10053
27 2850
1 10054
11 7950
1835 5256
39 10055
1167 79
10056 176
27 8615
10057 928
79 8399
657 6993
4761 27
7784 852
8095 1915
8722 77
4938 11
10058 21
6394 10059
39 7655
1798 8
163 3069
129 3902
8 7881
174 160
4790 4214
4 9276
277 176
264 6155
10060 4113
2379 64
9442 6888
2382 2571
985 6501
27 9786
2078 5739
137 782
4 10061
604 10062
2545 1157
1858 6171
10063 1081
3927 77
7043 8859
1512 10064
46 1221
8675 49
8 10065
15 1583
1062 883
117 3748
10066 1135
247 1705
3360 247
67 6563
9347 11
476 11
221 1409
847 10067
218 10068
39 5511
7603 176
190 8352
5641 5174
39 10069
10070 344
475 5347
94 5701
985 3966
137 7036
1198 10071
974 10072
9468 3749
360 15
36 23
39 2148
1080 176
27 10073
9191 657
46 9264
177 6360
21 6421
39 1324
5535 10074
324 5146
2990 176
137 3644
324 3625
39 10075
10076 13
67 10077
755 4191
1707 9614
16 475
46 8596
7442 176
583 1029
136 1613
8 6434
46 1305
3168 15
137 222
782 9485
39 10078
8 6363
156 6942
9278 5674
197 11
39 2728
2423 114
598 39
360 948
2436 8
7393 1852
9893 144
366 7254
8 4673
2433 633
8 15
5761 8419
79 255
10079 8
21 8901
366 11
8853 10080
8 10081
4860 39
366 5024
10082 2473
518 9370
137 7836
4610 92
406 10083
10084 1
94 1915
137 3244
46 9943
3590 9558
5927 10085
4 10086
6696 478
254 9248
2016 11
431 5340
10087 1078
10088 142
67 3795
4116 10089
652 470
3267 11
2738 5945
10090 386
8 7095
2106 2379
210 10091
8 3298
7010 1
27 4919
8243 722
487 1570
225 10092
6415 123
8 4076
1512 27
65 116
27 3633
37 3610
4812 285
2863 629
8 8864
137 46
9896 4859
869 8
634 79
10093 176
8 1868
6711 144
1857 15
4226 10094
10095 1184
94 4070
137 2080
2523 10096
459 324
1481 2177
10097 49
371 190
27 440
1725 10098
60 13
598 174
9025 15
33 184
27 5050
203 210
8 8888
10099 3990
1047 267
27 1977
46 2254
6592 15
1071 9944
604 10100
551 174
137 1932
39 10101
3558 49
1270 10102
10103 2571
6943 27
129 9281
1725 10104
8 3039
1719 8
3581 596
64 5172
1125 8730
4250 8
234 39
94 6832
937 1081
5347 7608
136 331
299 7959
64 4628
217 77
6583 8
1243 137
46 7201
349 37
27 7365
515 10105
4842 1602
100 360
39 8650
7477 10106
94 5316
8 7094
4228 10107
9522 21
136 2563
1751 10108
65 8974
137 6192
587 2270
3546 10011
299 393
94 1301
1477 10109
1392 1041
8167 396
5518 11
4725 884
768 10110
10111 3699
346 10112
10113 307
9913 8
10114 1677
331 146
8314 176
210 6405
291 5922
10115 369
2971 10116
146 190
8342 247
27 9791
4 6574
5487 13
5707 4597
27 7028
307 7752
64 3507
822 190
39 4859
197 5160
94 6610
3486 4202
652 3764
559 10117
8326 369
137 4316
1299 650
1484 21
8750 176
39 10118
355 160
39 148
177 10119
10120 579
5344 1178
10121 247
4393 176
94 2174
706 10122
1602 190
1708 1544
4613 5581
27 752
67 2009
8 612
2433 770
2961 15
10123 270
6420 291
4461 21
8 9940
341 174
2110 77
8 2200
2002 4320
84 10124
4613 4162
366 5337
10125 604
6799 8
174 10126
1652 3809
39 10127
137 2416
2566 10128
1 4484
1857 21
2213 5401
10129 8
86 4447
8657 271
5194 21
94 8608
27 1806
1012 11
6436 46
360 3835
10124 49
39 2085
105 174
56 10130
7710 44
2829 10131
702 184
392 10132
174 49
7554 1829
627 5607
5435 67
27 5216
1680 473
8 6324
10133 668
2586 4781
7171 184
8 8285
579 49
763 15
1562 10134
5778 2669
4798 8206
2887 21
360 3278
137 4534
349 314
5891 4977
1296 8
10135 4190
10136 117
222 160
10137 811
1755 7590
27 6856
6724 638
27 1791
783 6302
190 1181
39 4438
64 2127
269 1203
46 2096
144 15
46 314
1602 7568
156 8991
454 21
64 10138
4 825
1092 8
3699 10139
1970 77
132 2718
8 8731
1 9863
105 8473
189 9973
515 9826
1130 15
2240 210
94 10140
8 8874
8 9586
27 7205
8 10141
6485 1101
144 1383
9373 21
476 79
2015 1499
807 3536
7153 46
314 10142
7295 540
6634 21
590 5580
4228 10143
10144 27
949 129
10145 27
8 2812
3298 15
4375 3568
56 5500
706 77
46 2910
46 5188
27 7725
39 7725
2121 2085
3469 10102
2580 15
257 4432
5676 8
39 10146
2795 176
332 678
102 1068
1043 9074
8 6025
10147 596
64 9687
627 889
8175 3046
696 2687
137 4044
883 10148
360 7744
1728 10149
21 2698
27 10150
1751 8355
37 2566
1601 298
46 4626
411 10151
94 2425
10152 176
8 558
1645 190
535 8096
428 10153
10154 1512
94 3502
10155 3129
2 639
886 3996
9445 39
1008 1867
8 1940
1298 1229
3077 6059
4 1800
1474 15
65 575
291 5824
94 242
2172 21
10156 1378
8 3320
2415 10157
4523 39
2722 210
94 279
1305 2294
535 79
8 9451
27 2622
15 7532
4181 5965
476 10158
7960 10159
8 7886
136 10160
313 49
5700 11
8 5099
2401 21
3163 39
10161 5167
545 15
5848 2160
5843 39
1982 5442
210 6689
847 6185
7120 360
991 196
3557 7103
884 11
7120 10162
6007 10163
4284 9428
314 1658
46 448
177 1199
227 360
1065 10164
197 8394
137 709
2026 1351
8 10165
4982 8
1225 309
10166 678
3752 39
4907 1762
31 360
187 1368
10167 862
7560 722
8241 8
1282 5768
27 392
331 90
8 7644
988 361
10168 11
2690 882
67 3943
8 2289
307 10169
137 5270
137 6320
10170 210
7089 4515
27 861
9632 176
136 10086
9926 21
27 3706
8 6029
123 4142
190 3298
1691 176
6518 49
9813 1
9595 456
9909 174
36 2600
3922 8
27 321
132 2825
8793 15
166 160
1167 8983
2318 98
10171 176
10172 247
807 2219
1673 176
7036 360
3686 3369
15 643
39 9760
1948 991
67 6463
27 1344
331 589
137 2537
4 9368
344 1082
9652 21
8 1034
3271 6216
7164 39
8 3397
347 190
2571 2733
10173 8
8 7682
3401 21
64 2278
9694 8
6068 46
2872 10022
237 2254
314 10174
1222 7541
46 15
8 10175
281 11
518 7415
7082 27
382 21
39 7367
1514 9969
8 5544
499 578
2743 9107
94 8750
2848 5186
349 8431
8 9468
8 10176
2697 247
1652 21
4036 77
64 2910
3705 428
1472 598
8813 6265
10177 8
8684 21
8004 661
4 5162
9991 11
715 777
2989 2013
4839 8
177 6254
337 8927
3296 540
10178 87
309 3123
27 5268
5230 4783
10179 112
3129 7044
636 1532
997 49
771 9370
79 4800
10180 3253
8 10181
535 360
3020 187
8 8260
10182 1523
602 9210
37 5923
94 9952
10183 652
65 5658
10184 39
1235 10185
2991 5594
39 8729
8 247
991 2979
578 174
991 10186
271 574
2779 2509
46 6533
27 8310
314 3232
396 657
314 778
10187 247
2310 3359
7357 176
15 4066
2581 77
7428 10188
27 2116
139 6869
8027 10189
8 10190
2299 366
5435 156
8517 15
292 551
21 10191
4 9713
136 6355
221 37
177 10192
2406 1328
27 4253
123 6589
9703 8
94 1424
1451 10193
10194 1525
9141 21
4556 21
94 4396
4320 39
392 2551
652 3497
8 3206
8243 5866
64 2683
1719 10195
27 1385
4 9810
1725 10196
39 9660
10197 49
587 2737
1462 667
855 10198
10199 8
1243 271
3778 21
8275 114
190 1157
39 1747
10200 21
7267 3185
7341 7953
4 10201
10202 247
188 3219
6206 9019
46 326
7085 4233
8 2673
462 7790
39 518
39 6398
167 3215
8728 225
8 252
27 1691
137 10203
331 167
3919 1920
27 8513
2105 5883
1641 4608
10204 678
5502 64
100 8884
10205 4237
39 1118
67 7098
15 10206
2756 4786
37 804
852 21
137 4301
8 5231
94 3729
9804 176
2072 8577
3383 7179
27 10176
627 4325
535 4600
722 10207
1669 8465
46 8399
5243 8349
10208 176
8 8809
508 2519
90 21
94 3793
9404 10209
657 3155
2805 49
386 11
1645 10210
4 1309
722 1852
4 10080
27 2747
8804 176
9380 136
46 1401
10211 3480
10212 51
2586 1541
65 46
592 184
1716 3388
27 4103
94 6151
49 10213
137 164
271 222
39 6660
10214 176
360 307
10215 324
3674 8
6164 77
10216 629
156 895
2489 2
2246 190
8 9630
10217 27
9302 2695
8120 8
10218 4567
314 1174
344 3274
137 2586
27 1299
10219 2085
5618 39
536 10220
597 2304
612 5186
8 347
64 10221
8 997
1602 271
950 1380
10222 678
9885 176
8 10223
748 9725
10039 77
64 2404
627 2393
2493 4340
10224 176
1394 21
747 10225
10226 9440
132 2321
369 10227
75 10228
129 7253
27 10229
39 380
5541 8
8494 428
9365 1451
10230 70
733 4141
8 7187
3611 10231
2991 5462
2812 8903
64 8898
8 7963
190 3650
10232 8
46 769
1858 10233
722 5075
27 3201
21 6545
6102 696
386 2446
10234 5347
136 10235
355 1974
39 10236
33 2605
597 10237
8 6213
4323 90
907 176
10238 4226
1016 2391
515 10239
8550 3033
8 7562
136 373
63 7254
1623 10240
117 7717
254 11
39 2273
8 9812
39 6689
409 21
5995 190
604 5767
9741 9781
8 9208
8680 11
291 1156
315 10241
8 10242
10243 176
4712 9439
10244 112
8 6809
137 4581
2586 77
5321 6498
1591 321
39 918
1941 105
1317 10245
5397 190
3807 2419
39 9748
64 160
10246 210
10247 678
1010 7807
1866 8230
19 10248
5764 176
39 5600
6074 9848
8 10249
585 5053
46 7486
39 10250
152 46
475 77
8 10251
225 6080
366 1123
39 1897
8 9104
5051 657
1775 10252
2599 39
27 457
1739 10253
6861 4458
10254 72
4547 8
70 7793
5410 39
39 578
8441 27
257 1572
1654 114
117 9515
221 2094
1570 21
144 8784
39 235
10255 270
2436 39
7007 210
331 1902
4116 10256
33 2026
10257 678
144 10258
494 10259
225 3434
1652 10260
8 10261
1812 338
94 9411
46 2311
39 10262
314 10263
3555 295
4299 1146
835 10264
607 10265
9222 1101
108 10266
9443 8
21 8981
590 190
2699 951
94 8253
15 9577
10267 1762
1524 39
6082 6979
8 10268
225 3398
1167 3340
132 5750
100 6972
8 3042
8 10269
360 7839
1093 840
39 10270
4306 90
1433 9478
347 77
64 5044
10136 19
10271 2142
46 10272
9639 1433
10273 49
480 15
197 1187
3075 56
551 4190
1650 190
6201 21
837 21
1751 5173
9575 8
9227 11
8 8454
10162 6611
222 332
1798 908
324 184
46 146
1840 10274
39 10275
1408 7799
105 1714
189 6739
2813 6485
27 3196
9542 404
3415 540
39 8831
994 7606
535 10276
4298 247
132 9027
1321 4355
84 136
7271 137
39 1421
170 21
10176 15
4277 10277
5636 1982
5059 1101
332 10278
8 2248
94 10279
39 10081
6646 8353
10280 11
33 27
2433 723
7219 1762
114 8311
682 100
1521 10281
2585 985
2738 3898
10282 1812
10283 1234
37 9105
10284 39
10285 21
8360 15
1602 11
9220 333
10286 118
994 77
190 3927
6320 21
10287 8
10288 285
137 210
648 10289
292 27
37 1295
10290 176
558 1295
8 4646
4302 72
137 117
4321 2880
7670 176
10291 8
27 10209
197 3342
10292 111
10293 170
11 9751
132 39
8186 2142
8 657
10294 3469
10295 21
2590 558
847 9046
7650 1853
7256 7655
3725 105
526 21
4596 360
8 77
6834 1331
7910 11
7851 49
355 8135
225 10296
15 884
4284 10297
5352 10298
1699 270
144 7864
2581 79
2339 4551
31 1959
1941 46
4301 10299
985 2831
332 306
8925 782
105 2047
966 10300
39 4407
65 3669
6229 8
1698 77
27 10301
46 2344
406 9828
254 10302
137 2394
479 10303
5995 77
1134 10304
60 8316
5326 21
39 4086
6299 10305
132 8240
8712 475
8 7063
2106 10306
67 10307
37 87
886 7620
64 8631
3554 8
292 210
10308 1101
9901 21
9841 21
6359 8
4785 862
10309 7982
39 2095
94 7880
2991 9378
90 49
136 8243
3863 120
129 10310
9317 478
27 2659
94 8914
46 1240
2436 271
994 1406
5720 8
4097 657
39 8825
1157 49
10311 657
4908 8799
337 6609
369 10312
406 599
2711 428
9430 64
2106 4106
8 9297
2437 7588
4732 800
8 1786
132 8346
535 8397
3271 8065
10313 37
2401 10314
392 4734
5290 295
132 9167
8 5228
602 2387
2537 79
4 9819
4014 10315
8 10316
428 7181
4682 10317
108 10318
137 2463
331 9116
2416 79
9089 27
105 21
303 10319
46 10320
5048 79
2197 991
271 49
94 105
314 174
2008 10321
64 942
10322 525
46 10323
10324 176
655 190
9305 39
722 21
1645 11
39 10325
137 6358
355 3204
177 10326
8 8006
13 247
553 1601
4391 190
87 5237
1652 10327
7059 2513
39 10328
37 2829
6333 8
6397 10329
2910 77
46 141
13 10330
8 6559
5897 8
5373 77
558 9883
219 473
1645 77
10331 176
13 8108
8695 6222
8 10332
10333 21
9854 8
4188 10334
8 10335
39 3149
994 174
700 3507
3727 49
8 10336
27 8519
137 2038
3671 10337
177 10338
1556 5547
1698 3395
8088 210
10339 8
96 9004
757 3078
3298 90
27 4700
3611 2937
355 10340
8 7397
94 6522
846 21
108 6981
4895 27
5971 5694
3725 777
7818 8
10341 1
1617 46
8 7572
6993 3033
102 146
65 3485
3758 10342
137 883
5532 15
1757 37
64 3454
64 3377
37 980
253 10343
6000 1602
332 6252
10344 1632
27 6985
8 991
39 10345
49 8460
535 7970
4 9799
487 979
218 366
1444 1855
4912 176
2359 188
2018 39
291 386
1523 210
9049 247
254 7748
1602 9081
8 2788
716 1583
285 8487
136 7743
2751 27
94 9091
6131 184
1461 39
1526 176
10346 360
129 174
31 9455
15 10347
136 8590
123 10348
4521 1537
1882 10349
10350 27
2872 271
4176 777
8 6449
1282 5799
8 295
39 7173
132 6892
10351 8
2491 49
39 4009
535 9000
393 10352
132 4104
8415 39
222 237
8215 696
3994 3041
1409 10188
487 10353
144 9877
10354 144
627 6986
8 6412
132 8115
5690 4448
33 5954
8 6796
8 5967
10355 369
3249 835
598 90
6046 105
2026 10356
7120 8535
39 10357
27 3150
10358 27
137 5608
10359 1498
9945 27
137 79
27 875
27 3071
33 5123
6368 176
177 6903
190 953
1941 10360
94 10361
2138 176
10362 247
8 1144
79 5993
1096 2756
7445 7346
8 7966
3011 2655
2390 9598
349 6064
86 10363
777 7336
291 210
2029 180
2711 10364
6400 696
10365 5316
1941 5010
3039 77
2008 8712
1294 10366
10367 21
75 10368
10369 678
883 77
8361 46
10370 176
1223 782
8 6713
10371 1101
991 4299
657 3686
822 7860
1302 174
225 10372
221 21
15 10373
2013 3919
10374 9180
1087 896
8180 985
39 1496
1989 72
1417 15
137 700
37 250
27 10375
37 778
2999 2513
8 884
3423 360
8 10073
56 3068
136 2311
8991 7264
675 10376
27 10118
5843 11
2907 8
607 15
5999 190
2071 9871
376 79
8 9952
896 3835
1645 160
2312 11
747 10377
94 46
5194 10378
120 1902
8 4762
974 9958
912 210
8 933
129 7295
257 77
8 10379
696 7558
10380 176
4877 10381
39 7291
94 6960
10382 39
4876 3702
1521 10096
8 5809
8 2505
156 8248
3863 174
7916 139
46 4514
366 1812
3354 15
9607 15
10172 8
2694 176
8 5861
1231 1371
10028 1634
27 579
1112 92
7000 49
10383 8
10097 11
8 10384
7893 324
5259 46
137 8459
331 1512
3340 190
1918 9214
6683 9696
132 10385
64 2401
8 1731
2331 10386
9786 49
270 112
94 475
251 10387
8 9684
4823 1117
5938 8
467 270
39 6817
132 10388
8 9789
1902 90
9449 21
65 163
1941 37
9921 696
27 10389
5224 237
1081 9082
94 10390
10391 1093
332 10392
360 3128
8122 5601
108 5695
5824 11
3886 111
3215 10393
974 10394
1630 696
4566 8
60 27
399 5771
2450 176
64 7541
369 10395
722 5498
6397 10017
8387 8
39 6107
2487 2894
188 4425
7913 174
900 1409
3813 5936
79 703
46 27
10396 11
94 3917
4654 1512
132 8690
8 10397
137 194
35 174
108 10398
5471 8
136 10399
117 3077
8228 11
7709 646
39 9724
8810 6416
37 8109
31 1479
39 767
94 6625
8 5285
190 9223
10003 298
766 7125
10345 21
535 9416
1065 8327
94 6678
27 4246
94 3300
6183 15
46 4972
7825 8679
23 4754
991 804
468 7233
27 2771
1987 37
8 9200
3271 10400
10111 726
37 210
10401 39
9983 2352
1327 1117
2551 11
4 5149
5545 10402
2378 10403
1630 11
137 4295
3700 39
271 295
7171 2349
5208 2023
657 2067
64 237
271 7097
8 5074
2179 79
108 6608
7428 1762
177 5723
94 10404
10405 8025
5711 11
137 16
950 7961
1334 8
347 90
10177 823
4 6827
194 77
4165 49
3387 27
10406 1701
366 415
1196 7464
288 4378
4473 27
8 5306
27 985
515 1166
27 9951
1775 410
2 9657
221 10407
314 7649
37 146
217 79
1899 39
3134 270
285 547
65 3999
8 2887
47 8978
2939 6806
174 10408
62 21
8 3363
224 8904
137 2391
1858 2270
296 15
901 473
9707 1704
10351 39
10409 247
8 7660
396 10410
39 215
2730 3048
3752 174
94 1630
5986 4142
230 4277
8 3827
8536 10411
4758 174
177 2403
64 10412
1130 9040
2276 777
10413 307
1690 39
8 9253
3739 11
7868 27
9747 21
6481 598
8 8553
1716 9591
1170 638
77 638
1198 4503
137 7200
1065 6968
39 10414
8 9100
3440 27
137 815
9825 10415
9715 39
3270 9899
137 1172
84 10416
2487 448
9534 270
8851 782
8 5194
120 355
726 8567
1512 3095
10417 3019
46 2949
4571 10418
800 366
132 7552
37 5690
782 2810
37 8775
900 111
1342 352
1225 10419
10420 176
2933 8138
6073 176
64 10003
1234 2566
10421 49
1989 144
10422 77
6212 176
2536 540
303 27
94 3077
8473 56
8 10423
4 10424
8 8988
1397 360
146 79
4302 21
271 313
60 2309
8 5643
8620 4
94 10425
67 9549
8 10426
1996 11
10427 2085
4 10428
7875 558
721 129
210 8640
8 1421
722 8034
65 90
1857 7358
10429 49
8 835
10430 8027
139 49
8801 8
2197 21
257 2915
3077 9977
811 10431
94 2858
64 2358
2404 10110
8 7703
6763 7492
6505 1101
331 176
5736 10432
6142 11
3957 10433
8 10434
8 412
1104 811
331 10435
10214 604
136 2304
8671 8
10436 478
598 4081
9175 8
9339 481
10437 72
8 4412
136 3194
610 9032
9246 8257
8 4684
1081 10438
355 4482
190 324
1840 261
37 4622
3787 247
8 5570
475 15
503 292
10439 2404
5788 21
132 9417
10440 573
1741 21
44 5557
8 8737
1081 10441
137 5824
2415 77
1512 10442
9708 4
39 7458
137 324
64 10443
2382 1504
10242 176
3372 15
8 8325
94 10444
8 1145
3405 10445
137 360
1288 49
347 8702
486 575
355 247
1174 3105
10063 344
247 968
955 10446
847 7783
210 90
3160 72
8 10447
163 10146
6397 210
486 4054
4641 1157
2450 8075
2340 49
177 10448
3437 21
3507 4382
7615 8
629 8762
1719 27
10449 21
8 10450
10451 861
4 7288
225 792
1512 9888
7146 11
1728 10452
10453 1589
94 10454
6131 21
8243 396
31 3119
2021 49
636 3395
1895 3566
8000 77
3863 137
1500 49
5375 8
7746 2478
9649 321
3581 8159
8392 6519
94 2904
117 46
39 2490
4 2093
46 4629
8 10455
1946 21
8714 1521
1512 10456
1167 535
1764 9587
27 8988
2501 190
122 8469
10457 225
585 10458
190 759
6169 5144
331 1595
190 5755
137 448
6753 8141
10459 11
10460 1400
8 9227
3671 8848
332 1583
1198 1852
535 1562
657 3916
5392 27
94 10461
1355 39
132 4281
587 3346
3270 3633
1745 184
1262 775
8 6430
9779 3463
21 6722
2566 49
27 5351
10462 11
1203 285
1651 4970
64 4851
3610 10463
355 10337
3797 1544
7156 247
3315 10464
1882 10465
10150 176
657 1211
9064 782
94 3050
355 77
10466 27
94 77
2988 77
39 1544
5352 8
503 8571
2195 9612
64 79
56 191
853 9012
39 8060
8838 21
193 8
627 8536
4374 2571
7050 49
19 1759
8 2498
3546 10467
553 8103
6904 51
652 10468
27 4740
3546 10469
39 10470
8553 39
1188 2803
8627 8
177 10471
39 7657
137 218
7919 1130
8 10472
366 2439
5843 27
561 10473
10474 237
77 6611
72 9197
8 9092
7793 777
46 1302
332 2429
1363 4598
94 337
288 10475
6806 176
10476 8
271 8106
123 5945
585 9697
369 10477
311 6382
10380 8
4546 5282
10478 8
225 10021
64 9259
5919 2683
27 6802
64 10479
366 6632
657 9729
27 4083
3175 46
4075 10226
8 774
60 347
10480 614
1447 2401
7664 5794
3155 6122
10481 21
27 3353
65 8160
657 6122
535 814
3462 10410
39 851
8 4021
27 5137
4682 10104
535 5836
8068 456
3027 10482
64 4804
10483 21
10484 176
6929 225
296 270
2028 77
8103 475
4306 225
64 10376
10485 515
100 7844
332 10486
1198 5295
49 10487
8268 8
295 1852
8 9711
5034 5965
94 1302
8 10488
27 2102
474 707
1830 1147
6845 5401
225 6771
123 10489
10490 247
5034 10491
8 8797
331 173
10492 8
197 3315
37 6417
8 7984
811 2852
10493 247
1295 10494
1745 10495
578 15
8 3241
890 10340
973 176
39 1612
44 10496
7911 349
10258 614
503 174
627 2635
10355 966
3014 1915
137 121
296 2551
10497 583
9683 428
136 10498
8817 5280
8 5335
10499 10206
331 578
27 9420
3200 11
583 1869
1602 10428
129 10500
37 10308
137 10501
137 1823
9583 21
163 9760
294 7738
212 699
3571 1803
10502 8386
2869 49
39 1809
42 15
177 8613
612 10267
369 10503
2250 21
4528 247
10043 11
883 10418
1965 1122
64 3540
218 782
94 6643
1035 535
94 7828
604 10504
8 10505
39 3128
2022 456
79 324
65 10120
108 952
652 10506
4 7453
7639 1321
10507 470
46 7342
10508 3129
10509 578
8826 11
8 10510
136 4522
21 5246
21 8086
27 10511
129 3690
10114 21
1147 7638
10512 380
4471 247
39 1205
9965 8
4174 10513
46 5736
1775 180
8 3324
10065 21
132 10514
225 10049
39 4777
3020 176
7679 9406
4814 661
604 3998
8399 9752
604 10420
137 10515
1205 176
64 10516
3049 49
288 9280
10517 4152
39 5743
8370 1704
5336 1
2806 883
10518 8
1010 39
156 1304
31 5482
7089 938
4120 21
847 1356
10013 4407
10519 176
27 1234
9702 176
190 2151
6436 39
369 10520
763 21
8 4740
10521 6107
2000 49
7706 2829
39 537
7213 6397
4 8784
94 3851
985 10522
8274 10523
988 21
94 10378
597 77
10524 176
2991 366
9698 176
3581 47
1501 553
4004 49
39 1762
27 689
94 61
3206 10436
657 6999
13 8786
7688 58
10065 11
8 3512
331 139
10525 247
6241 295
3652 360
8 3379
1065 10526
1880 180
2008 2355
8 9311
331 10527
27 160
39 9197
1783 92
8426 21
10327 861
39 2518
44 10528
8368 5894
355 4991
629 176
8 7360
3464 8
652 10529
315 1295
1280 197
10530 11
6069 37
9609 1895
392 8373
46 3927
8 7392
1645 360
583 1132
10531 176
39 185
3894 332
94 5253
8 8891
6131 77
10532 587
575 307
217 10533
366 3340
8 5864
3117 10534
2697 21
8682 4
8 1842
8 4333
137 10535
1296 1699
137 1305
8 8668
6842 10536
8104 1399
8946 543
1296 313
9235 8
3368 6291
314 10537
553 79
808 1229
6375 39
8818 11
10538 2595
27 6631
7941 344
1167 366
5477 6394
9570 15
8084 515
27 3400
2829 10539
177 979
132 8427
39 10206
9115 8775
2968 9857
1227 3176
10084 696
27 8381
137 4571
366 895
8889 5932
1544 21
94 798
1356 2209
6279 7106
10540 847
1303 39
117 302
10541 4295
105 465
682 5428
7586 176
27 10542
5250 49
5288 428
360 21
8 4363
3969 8
2406 4148
39 4070
2756 10543
10440 49
7871 27
1058 1157
102 1289
3507 1883
242 6111
9793 49
210 5743
3068 10544
10545 333
5645 1762
5083 285
9384 46
8 10546
7833 3817
355 1583
10050 1081
7142 176
8 7157
657 10547
94 1772
10548 27
10549 21
79 961
167 8022
1941 2865
10550 11
70 77
137 809
366 9831
94 1967
449 15
129 5957
3635 1049
3063 10551
292 5824
39 8955
5085 2648
7287 27
392 3592
13 4686
7325 225
39 10552
5108 11
50 5545
5915 1400
10553 1209
10101 11
6498 6603
9911 39
136 10554
117 406
8 3768
585 9442
6432 176
857 10555
247 10556
10557 411
39 9363
4303 1169
5994 8
8 10558
10559 518
4567 21
3727 21
2053 176
7662 4
177 8445
5838 21
714 5709
391 77
8 10560
8 812
257 46
11 10561
79 1181
974 10562
10563 8
331 4323
629 10564
535 3182
366 10565
10566 176
39 210
6811 543
2094 11
8062 39
27 7922
627 9467
647 783
607 9330
326 190
10567 2142
366 2304
108 9353
225 10301
618 5846
8 9945
4695 8
31 1304
10568 39
94 10569
682 3035
247 9362
7305 5389
39 545
8 2869
1600 21
10570 1147
2026 9265
377 9622
137 475
1235 160
10571 8
4301 15
46 1007
9932 1198
39 572
1481 9127
39 107
10572 1234
39 9802
578 10207
21 10573
10574 344
21 9447
5736 8551
137 8224
39 52
10575 2613
2683 10576
8 7557
5207 64
8 4567
360 8194
144 3472
21 7177
190 184
67 2767
37 800
1834 2193
39 10577
331 6086
190 10578
6154 108
105 2595
807 10239
8 10579
1204 117
8 10357
3077 10580
10502 1370
8 800
67 1907
8622 7899
1753 10581
87 1165
8 1036
5562 210
39 10501
879 10582
8757 39
4855 4769
8470 8
10583 15
366 9960
733 878
10466 8
3302 2016
8 2039
102 553
94 3451
27 4897
1336 344
46 2114
27 347
1167 10584
8 10585
1512 10508
5818 39
108 10586
39 277
10587 46
4381 1101
6894 39
292 21
393 2401
366 1149
132 1854
225 1387
6814 197
6397 10588
1848 10589
8 10590
620 8064
8 7344
5036 149
8 10591
2819 4316
64 2356
627 2417
234 6588
139 9131
39 9615
366 4600
6241 578
590 8
8 10275
7302 176
6848 9523
4933 1101
4431 11
94 1899
4911 8137
8 8117
2029 21
8846 27
271 261
7335 190
271 7493
1035 46
1949 221
696 8959
163 825
271 27
8938 6747
622 10592
1225 2412
494 9862
3080 10593
515 9146
6778 39
288 2527
4911 176
8 6916
4407 10427
1231 21
8 8208
15 247
920 39
9861 988
604 10594
10595 1142
6871 21
8040 39
3581 190
6869 5021
604 10596
366 8539
332 9576
35 190
4343 10597
9744 711
7259 21
27 8229
39 10598
210 21
8 7459
337 10599
1105 1308
137 190
974 7802
10509 295
7324 344
5708 2473
46 2561
4 8649
3015 8
10600 8
10601 21
975 2473
3703 210
8016 21
886 6642
1270 10602
6041 862
137 183
6008 360
10603 2212
700 4014
9686 8
610 578
8738 1109
846 7468
10604 56
10605 27
10606 176
3175 5523
234 8416
1967 6971
10607 27
137 2016
449 77
5549 64
8 7952
1014 49
1798 7611
411 7490
8 10608
592 79
1512 1325
3620 8391
360 10609
515 8
8 10610
39 10611
271 2300
1093 546
4 2887
8 7568
6553 144
4284 21
3480 360
27 1860
15 10242
1010 210
303 5105
210 5652
94 6244
657 1869
5437 10612
5516 21
2416 190
144 39
235 3589
190 247
1227 10613
331 2487
597 5248
811 1741
8 9620
10614 39
277 9504
81 10615
10616 8
8 1762
9460 27
7428 1701
81 10617
64 10618
1739 332
2173 696
360 49
579 90
396 1364
7197 15
3637 678
64 10619
755 2347
2685 39
657 10277
10620 11
977 3846
505 10621
39 386
7872 2433
137 7061
94 2116
31 10622
9867 678
10623 176
8 3146
3504 87
3671 10624
2189 2315
39 295
985 9961
955 4174
225 9143
6086 46
5034 657
46 9217
10625 136
291 2712
8 945
9889 176
2106 611
670 2546
8 1952
39 196
225 408
726 10626
4886 21
3613 10627
8 10140
3775 21
6759 39
8 9917
9388 136
7664 188
3418 49
94 10628
10629 10463
8 1943
726 10630
10631 6062
5467 285
132 4053
847 1525
39 8891
6086 543
37 5123
1219 3033
607 3269
137 3430
8 6345
64 9765
39 848
46 1823
9262 21
2090 3721
722 5387
2558 160
10632 1719
137 163
4072 879
8 10421
654 360
5513 811
46 197
10633 8
9605 1
10634 668
6596 160
3074 8
136 7879
648 174
7419 87
8 7381
94 313
355 190
8384 77
8 4722
6918 5167
94 155
1742 21
9135 247
847 7683
321 15
8 5601
667 5894
39 4385
27 5628
21 10635
3451 1762
8 8136
39 4205
210 8816
2332 1785
915 39
10636 189
2865 782
834 883
347 6807
2618 79
46 411
9623 15
31 1373
8 5772
10637 27
558 2997
8 1210
7073 39
627 10620
94 10638
3581 15
8947 27
225 10639
79 10640
9710 1899
60 10641
1097 39
10642 5940
2378 7761
10643 254
2974 670
4 1507
9364 5077
6684 696
8 10390
2786 176
3079 46
7870 774
3132 678
7231 4749
46 475
303 5233
9483 1298
8 1183
366 2955
7308 176
137 2730
63 120
46 1340
1035 79
9309 49
8 9990
123 10644
7445 4811
722 3838
105 10114
64 5669
8805 108
804 176
4 10579
8010 15
5055 10645
10646 540
1733 2851
9565 1409
2890 5186
10647 176
355 427
4494 1028
369 10648
27 6827
27 1807
39 3273
177 8272
6466 15
177 7921
991 2126
4966 985
1989 49
8 10649
8 9739
1501 10650
462 2613
1420 21
63 4542
8 5954
27 7099
315 7499
515 7107
3035 10651
8 2175
105 11
94 1691
60 1243
10652 4039
535 3278
2347 2166
9934 585
27 6545
156 10266
10653 242
657 5239
6066 15
49 10654
1262 10655
27 1138
46 898
137 3342
37 2702
39 6734
10656 1356
6194 21
39 8471
1775 3414
9068 49
4768 77
1451 8451
6908 5839
10657 11
254 5341
291 10658
10659 4874
9456 15
2013 2087
2404 3888
315 10660
250 2936
2859 72
8509 114
6108 2805
1234 7776
9099 79
8 10088
2590 7363
3315 10661
2288 344
7266 247
10662 77
3315 10663
46 3905
321 176
2912 13
913 176
10664 2106
94 10269
2711 10665
10666 8
137 326
9706 176
137 9673
170 10505
4299 15
8 3525
221 5754
6845 174
1902 46
6843 21
239 809
1342 6790
210 9766
6319 77
2872 190
657 1634
27 8231
123 10667
1071 10668
94 10669
15 6950
67 4768
1557 176
1874 8
607 10363
6518 39
607 974
6956 21
10670 11
156 21
5862 429
428 1639
15 3005
5647 190
10103 37
5399 315
321 6601
39 2488
10406 6653
3260 9010
1035 360
144 7997
46 6182
657 8450
4534 77
7707 235
782 10297
100 10671
39 4878
221 7936
1285 176
10672 8
1818 10673
132 932
72 176
4343 270
35 3671
10674 27
559 39
47 5858
1087 77
1952 10060
8 7155
123 10675
3613 10433
225 10676
726 5847
94 3863
1102 5077
136 4302
6767 176
722 2433
8 7784
652 6538
1525 176
991 1961
8 1741
137 347
4 2884
5904 27
515 10677
100 352
9255 39
331 6624
337 77
10678 5760
277 10679
10680 291
3514 11
221 7890
3081 8
4645 638
1512 4038
79 7957
583 8429
593 11
8 313
121 11
10553 4343
64 10599
2018 3971
9655 1790
1772 8992
8 7382
6936 3206
1043 21
7574 27
9191 7915
467 176
449 184
94 8
8 9370
10681 23
988 9529
9 49
8 10682
70 8378
10683 324
10684 247
8 10685
137 2979
657 9176
627 8109
31 6835
64 5605
46 578
598 11
4798 5783
4057 10686
1400 5132
4 7451
7253 3522
2768 176
94 2763
8 6741
2794 10687
988 10688
4 6013
7335 10689
4086 176
6397 10690
27 3384
224 3206
898 77
8851 5980
722 5290
137 8399
8 4415
2433 6646
10691 37
291 10272
64 3412
46 2489
64 8424
682 7352
1312 2852
37 8153
137 3182
2433 7994
7676 1965
10692 1778
5974 10259
974 10693
1149 10694
987 2717
9834 176
137 1293
652 10695
7740 2683
8 9328
46 2984
27 10481
2106 10696
8 9600
9352 578
60 49
137 4704
410 77
27 5912
657 9168
39 10697
7848 15
8 9864
1013 184
7709 5964
64 9122
8175 10679
10698 2437
1065 10699
39 3252
27 4893
8 7303
9408 46
94 4567
39 7424
991 1173
39 4035
39 2622
8985 27
132 10700
177 46
8 5511
10701 429
331 10702
27 5861
132 9292
299 46
120 77
8518 2404
137 3011
64 5963
9659 3126
49 10703
6173 1370
657 5775
39 8150
7497 176
1093 10704
1895 7416
1882 77
8 1858
10705 652
722 10696
2909 176
6172 811
10706 149
657 7460
2340 15
136 7168
8 10707
8780 10628
10708 307
46 8109
1253 7999
1982 8
4709 190
39 10564
1225 9772
4486 176
835 10709
21 10710
8 9879
515 10711
7309 4
39 6145
2819 15
94 5650
587 6705
486 10712
2045 3501
8921 39
3315 5440
657 10713
105 7613
8679 10087
8 9462
1093 5238
337 79
144 10714
23 10715
137 3175
10198 210
915 10243
8 7518
6103 1157
8 8780
2563 176
49 9357
39 51
137 1748
4 10716
483 4167
72 10717
27 7349
79 1929
27 903
3397 11
1858 5004
64 6968
8 8524
590 15
1402 1174
1923 3212
722 6736
292 3273
7742 160
27 8994
64 4047
10718 1101
144 9835
8 8779
1650 77
3126 10719
1043 682
331 15
37 10720
27 5292
332 7163
71 1
8384 6325
174 8804
94 622
94 355
892 15
3362 10721
508 853
2276 8819
39 10426
132 10448
1392 10722
607 4256
1978 122
94 9770
37 2113
392 77
8 850
27 10723
2584 9461
8127 699
515 10724
111 769
7315 9591
1227 8591
39 9113
2661 506
94 10725
2276 10726
10727 72
4005 456
8 8089
10256 10728
10729 39
10730 27
3181 5390
239 190
37 2075
46 5953
8 3703
10731 2375
46 476
137 2605
136 1863
1512 6704
6523 176
13 531
4814 3494
8 6862
19 2125
2370 21
9340 49
8 5165
27 9247
3984 1650
117 10732
4 10733
136 9226
137 196
4 10560
2586 3889
6805 4
27 7822
77 861
9850 21
2058 782
4974 77
46 883
602 682
136 6121
10734 15
769 7141
355 11
10735 39
321 21
10736 39
3905 10737
27 10738
8 7376
3581 49
114 8400
696 1668
396 7237
8 1476
852 176
137 5037
137 313
27 412
8 5346
598 2008
3680 176
515 11
108 9719
10739 74
10052 176
4926 8
27 1827
27 7317
10740 974
33 1081
8825 210
573 10741
465 10742
2008 1485
2433 7679
702 5486
473 10743
607 86
10744 6401
9874 1
27 8050
3210 49
6756 4075
4323 411
1973 21
6647 21
102 2439
10745 950
10746 1
6431 39
10747 4
27 10748
46 1207
755 10708
8 9063
314 9129
225 7497
10749 8
9550 176
39 10524
7171 79
8325 285
136 7201
953 4454
8 9692
7980 678
5765 8
79 4006
8 9309
470 3497
1196 167
10750 399
7969 587
6259 21
8 2853
10478 291
39 9477
5780 21
8610 1762
94 10649
530 190
39 10751
706 10752
722 10753
8220 11
7315 2392
3383 10370
315 9846
177 8506
79 9693
137 8776
7403 46
8 2309
9391 247
1363 2401
94 2909
39 10754
46 3350
4687 2419
21 1403
10755 180
27 142
1046 1298
8515 3695
132 10756
9565 2627
8 9564
5408 8
10757 176
6709 8
1650 1812
39 8890
1772 6632
39 4491
137 4592
2701 15
8575 8
8 1434
380 3954
79 360
1775 7445
369 10758
8 764
10759 23
10760 1174
10761 72
602 4288
1652 9675
1386 2683
9585 285
994 271
326 4072
3597 77
9369 324
271 578
2290 210
10762 402
974 10763
5704 1770
27 6482
27 1539
2450 10764
3476 4989
802 176
1243 90
296 111
10765 11
27 9728
39 7011
1856 21
9985 663
19 2580
762 247
1331 39
2191 4510
5539 49
39 313
27 10517
79 10766
331 174
10767 9704
35 23
991 347
590 9720
10768 21
3375 10234
8 1312
692 210
72 4953
10769 117
2577 4857
6462 77
271 6477
6750 190
2201 854
27 5229
65 1699
136 10596
4839 39
1892 21
37 4930
10190 21
10770 8
8 7783
9400 6618
10135 8
8338 668
9361 7915
10771 8
8493 1819
9844 3153
1660 10651
10255 285
3371 79
10309 264
6775 4
3546 10772
610 6091
4609 49
10480 847
129 4969
8 1140
550 49
61 15
3315 2419
10773 473
8 5321
137 2008
137 923
8 10774
4 10775
270 8368
10776 176
94 7913
689 176
3206 7040
39 13
8 5959
1200 11
114 10777
9992 160
8 4103
27 8579
46 926
6045 7659
9583 6944
105 6401
64 5519
39 92
39 10290
7710 58
7061 5337
393 1291
7824 15
46 1645
6858 678
46 969
2193 1835
10778 307
1093 6513
3826 21
9913 4
64 10779
326 366
39 7091
9282 176
6849 456
393 4316
8 10126
2590 1234
67 8858
9995 8
10780 4301
8 6824
7230 10781
1433 5385
5730 456
1812 8884
587 127
8 3615
331 120
8 9578
8 2052
9588 6905
486 366
8 9824
27 5654
2559 49
3830 176
5075 2262
94 7318
39 10510
8 3438
8 8137
39 3123
1182 77
3039 6199
27 10782
8479 291
3315 4500
9847 247
3863 271
8 10055
177 9873
6677 8
10783 1147
137 942
5429 210
4102 782
10784 210
977 10785
3444 6786
39 6780
64 7483
6635 3054
2327 112
7978 428
1139 4659
535 3508
9327 7497
8307 9222
120 3752
137 337
463 811
221 8
137 50
1065 10786
50 518
11 4205
79 3927
5738 49
1512 10787
1192 10407
8 6107
3762 27
7578 995
79 5746
1728 2006
8 174
1 7869
10237 4301
33 8761
210 10788
10789 392
8 10790
4042 377
5243 3507
94 811
6405 49
407 10791
10792 49
64 4989
27 763
716 174
10629 428
41 21
110 3315
10793 8
755 9776
120 991
2460 2167
360 8708
8390 210
10794 614
481 190
67 2978
8437 122
10121 21
1409 135
39 6250
94 6017
72 9785
1512 4195
702 314
767 210
2516 10795
7102 344
56 4576
8939 478
8 8859
8 7558
8 4748
10796 587
413 21
10797 21
1778 1154
10798 21
8 10799
8 10751
315 5432
1400 2045
392 15
31 367
46 6462
2601 10800
10801 2602
8 10802
39 3221
27 10361
966 10803
10804 7473
5260 8
9762 21
8 2385
117 9684
940 696
156 5163
94 7344
811 10805
8 2061
4732 1794
558 10806
27 1565
64 3327
8 8156
137 5341
10807 15
8743 21
3295 1101
6804 4136
404 77
4551 27
10808 966
132 10809
307 3406
1512 39
10810 114
369 10811
10684 15
10812 129
489 3123
515 10813
7016 696
369 6963
79 5319
3603 39
314 10814
1294 10815
4 1486
7407 39
2972 39
1882 10816
10817 39
39 5069
39 7873
67 2046
8 9589
37 10249
1292 10818
188 1808
366 4265
7787 210
1631 1018
1234 4477
2090 2861
61 1296
132 10819
27 1369
7462 10820
4 6196
2393 10821
10502 9124
337 8884
10389 49
46 222
137 1714
94 716
100 2672
137 8414
27 9924
10822 210
137 3365
369 10823
129 4682
1065 9560
10810 472
7709 9364
64 1678
137 2941
277 270
8 9307
8 1870
10045 298
5701 10593
3581 1163
94 4302
5435 10824
1433 10825
136 2109
6047 7481
10444 13
476 77
8 9617
108 6737
5280 10223
190 782
190 344
9563 884
517 27
6222 79
2026 10826
137 295
46 2487
481 8954
5183 21
9825 675
6730 49
10827 1918
10828 6790
5962 4
10829 176
8129 836
5347 6632
3627 39
4352 21
366 1889
100 419
231 5371
27 5834
271 1302
10830 1704
3155 9129
5744 1078
890 883
10831 8
1130 7876
15 5013
137 10832
10077 77
70 366
1543 46
129 2147
7708 8
10833 39
3838 295
4090 39
503 8409
8013 4908
15 3111
8983 4870
10028 3919
696 10834
94 5490
8867 2453
10835 515
7267 79
10766 1
4420 77
7267 190
771 2590
27 5790
750 2499
1405 39
4016 21
344 8069
1533 399
4136 1113
657 4715
1512 10408
189 9303
2660 39
332 3898
39 10836
10837 9404
415 10838
10839 1028
6935 2642
5207 883
1858 5132
10840 49
10841 3023
636 9137
8 6580
137 239
536 10842
72 10843
70 360
8431 473
476 4641
347 4799
6222 10844
177 10845
8 7259
8383 49
9602 21
8354 176
6977 8
399 9979
10817 19
4401 92
79 596
6868 9974
2363 49
3813 21
7816 678
2536 21
10846 8
815 21
10847 1008
602 3646
6192 5240
777 9929
10564 21
4136 608
7267 896
4 2852
3153 1634
955 535
3669 271
8 6418
64 6659
627 190
8 7388
8 10848
60 392
5402 163
2813 37
8963 1433
94 1452
105 517
3655 37
8 10561
4 8461
8 1627
3705 10849
3281 10850
9861 298
566 176
39 2323
8 9631
7363 1234
94 3298
9970 39
7986 11
8 5782
3073 1669
2033 21
123 3917
6573 4
4217 247
137 144
65 3292
64 2561
102 299
27 10851
1719 8407
41 6736
1101 38
156 10852
137 5142
46 5387
10853 6397
139 3293
39 10854
39 10682
177 3227
10855 5117
8 10601
3755 160
9491 136
991 160
8493 247
2413 46
10070 602
2514 77
10173 27
7011 176
10856 757
271 15
46 7913
487 10857
64 8321
10858 5569
10859 8
10860 114
8559 210
190 10613
367 7804
8490 5845
9335 21
1877 21
210 5656
67 10861
1289 46
10862 6534
8515 10863
602 2376
791 10864
132 4122
129 8842
277 8175
4276 1677
10865 344
156 366
8 793
8 8584
39 7984
27 10261
811 5716
1669 8961
70 8030
190 261
4210 156
9279 11
1512 10866
1902 49
72 8882
692 10867
64 10868
33 5100
657 4502
3323 366
1625 7112
337 3632
4791 682
6914 8
13 1438
94 176
761 21
5234 10767
56 9596
36 404
190 1
10869 49
777 10870
9138 19
37 1393
94 247
136 575
102 2872
5118 9289
8573 15
221 1630
303 77
27 5699
8 990
3020 27
271 10019
132 8173
8 176
94 2953
49 10871
4821 791
136 10872
221 11
1858 10371
10873 27
27 3101
9839 313
46 2094
64 1103
8 6050
8 2442
10874 429
10875 2354
8990 4
10876 21
10877 176
3507 6062
64 366
8 10048
3927 15
1512 3131
8 8824
94 6709
1340 473
270 10878
271 11
19 5953
314 56
1785 1396
1435 950
190 295
10879 5845
782 10495
8181 176
1746 10880
721 39
8 578
2682 779
960 702
10881 1178
173 1203
39 5110
4116 5841
3507 8027
1196 2794
2306 1124
3863 292
771 2460
2078 10882
864 77
94 2025
39 1603
9555 583
5954 10475
337 3327
565 4802
3963 6878
10883 344
8 6502
39 5752
117 6136
10884 247
657 9736
39 8010
46 10026
682 4284
174 782
726 4234
120 261
1831 593
10334 2125
1081 10885
10886 21
303 174
67 1202
5473 1157
15 7029
10887 23
37 4276
254 10732
190 3364
2487 5482
46 9025
3014 3998
712 11
8 4930
9668 176
218 1086
10195 6899
94 1809
61 331
49 3352
23 10888
8 5807
7050 176
847 136
295 883
10889 6894
2398 399
515 10890
10454 8399
10891 10206
3959 15
4581 237
393 4947
46 5520
9788 7306
2148 11
8 10892
8 9423
6934 1762
8 385
8 6720
3181 8
27 10893
1209 1011
9938 8
486 956
775 1934
726 10894
77 4047
10895 2142
10896 21
10897 2437
4 10051
2404 10898
39 8840
468 10899
597 4947
8986 369
366 1373
3065 10326
7445 123
979 10900
2522 49
5654 21
10901 5374
10902 1149
3055 21
39 10504
515 10903
326 7064
2732 8
9252 8
369 5509
27 9332
1870 9213
4 9399
6605 285
6693 39
270 8019
27 8562
504 285
94 10904
1793 225
930 176
13 425
10905 1353
1580 237
27 10906
10907 27
10908 862
64 4043
487 10909
271 8476
2771 21
3182 10910
8 5577
558 3692
6348 8
189 5942
366 2989
1130 6328
46 1739
4339 15
657 1662
136 132
94 1410
1331 4195
33 955
2584 285
8 9817
10333 176
39 357
8 7687
271 5482
23 10911
515 10912
27 2669
56 5677
551 15
8 10213
33 10913
10914 21
188 2280
27 8049
585 841
585 6911
39 6742
10915 4859
137 1961
5987 10916
7335 2603
37 2712
291 10917
156 1321
108 10918
403 10445
39 1945
5736 360
1745 535
10919 221
137 7471
37 529
1866 4630
39 1607
132 10338
139 9356
64 10688
94 1449
6750 360
5836 5784
271 10212
10920 15
5214 247
46 535
2645 8
2276 10921
10922 701
652 2293
27 10923
371 79
1067 176
8 2395
7450 1602
394 7978
8 7616
137 6222
39 8923
2584 270
4199 176
6167 3643
137 3330
2427 3189
10924 3126
1716 39
1074 456
6045 8421
137 9891
3722 49
668 783
100 4606
269 4413
8 2326
7632 8531
10925 4
39 7095
1312 15
1514 7304
10375 176
1857 77
10926 4086
190 4974
8 10425
39 2956
15 7556
120 392
27 5719
8 5276
39 3289
1196 8227
8454 21
10781 176
1251 184
1602 5281
27 990
8660 461
8 10927
72 10928
136 1438
21 9385
341 1982
9169 11
4 10420
160 3259
4300 21
67 10852
13 8647
535 10443
4 7518
8 10929
197 7100
56 7659
1433 8974
648 1293
3327 5553
8 10470
39 10156
8 1315
27 2495
1987 21
486 360
6354 11
558 10930
9616 543
4233 9546
94 3778
8 1425
4 9695
1047 10931
5504 176
8 10258
2493 6216
1397 190
27 8233
8 9486
8 4705
102 6164
578 49
10657 271
136 505
46 9930
10932 678
7841 79
8 5456
5667 11
2308 46
360 4379
46 5482
15 9717
1772 10933
6422 291
184 7957
221 420
331 39
39 2247
314 3023
64 10934
221 9536
5736 366
108 9613
332 10935
1910 558
94 3447
303 3877
8781 21
4283 578
2 428
6679 8
624 37
1005 176
520 318
2642 7178
1602 2296
1722 237
4891 21
132 3178
8392 289
4372 1
64 3244
8 1108
1112 604
10936 5987
1433 693
120 10937
94 1141
2240 247
8 7487
27 8926
1308 883
44 8691
2933 10938
137 393
8 50
8 2602
8007 1298
7541 883
39 9790
1198 7223
39 5788
210 6782
39 596
8061 15
1751 10939
6041 270
5345 629
64 10940
3505 210
1093 6169
2876 15
137 6489
8 7716
3315 10941
9968 8
5607 882
8 10942
46 2894
461 270
7129 60
6713 11
807 5235
1997 21
1433 9611
39 575
