16816 29312
0 1
0 2
0 3
4 1
4 5
6 2
6 5
7 8
7 9
7 10
11 12
11 13
14 15
14 16
17 1
17 3
18 2
18 3
19 20
19 21
19 22
23 24
23 5
25 24
25 3
26 20
26 21
27 28
27 29
30 1
30 2
30 5
31 8
31 32
33 8
33 34
35 36
35 12
35 13
37 38
37 39
40 41
40 42
43 44
43 45
46 47
46 48
46 49
50 47
50 49
51 48
51 49
52 53
52 48
52 54
55 56
55 57
58 59
58 57
58 49
60 59
60 57
61 57
61 49
62 63
62 64
62 65
66 67
66 65
68 56
68 69
68 57
70 56
70 69
71 63
71 72
73 64
73 72
73 63
74 75
74 76
74 64
77 64
77 72
78 79
78 80
81 82
81 83
81 84
85 86
85 87
88 89
88 90
88 91
92 93
92 90
94 89
94 90
95 89
95 91
96 90
96 97
98 90
98 99
98 97
100 101
100 102
100 99
103 90
103 99
104 101
104 99
105 102
105 99
106 107
106 108
109 107
109 110
111 108
111 112
111 113
114 112
114 113
115 116
115 117
118 113
118 116
119 110
119 120
121 113
121 116
121 117
122 110
122 120
122 123
124 110
124 123
125 42
125 126
127 128
127 129
127 130
131 86
131 87
131 132
133 134
133 135
136 137
136 138
136 126
139 138
139 126
140 141
140 142
143 141
143 144
143 145
146 147
146 144
146 145
148 147
148 145
149 141
149 145
150 141
150 144
151 144
151 152
153 144
153 154
155 147
155 144
156 144
156 154
156 152
157 158
157 159
160 161
160 162
160 163
164 165
164 166
167 168
167 165
169 1
169 170
171 1
171 170
171 172
173 174
173 172
175 174
175 170
176 174
176 172
176 170
177 174
177 166
178 1
178 166
179 1
179 174
179 166
180 181
180 182
180 183
184 185
184 186
187 161
187 162
188 189
188 190
188 191
192 193
192 194
195 196
195 197
198 199
198 200
201 202
201 200
203 204
203 199
205 206
205 204
205 199
207 208
207 209
210 209
210 208
210 200
211 202
211 199
211 200
212 208
212 200
213 214
213 208
215 214
215 216
217 190
217 191
218 219
218 220
221 222
221 223
221 224
225 226
225 227
228 229
228 230
231 232
231 229
233 234
233 235
236 237
236 234
238 239
238 235
240 241
240 239
240 235
242 243
242 230
244 243
244 230
244 234
245 237
245 234
245 235
246 230
246 234
247 248
247 249
250 226
250 251
252 253
252 254
255 256
255 257
258 226
258 227
258 259
260 261
260 262
263 264
263 265
263 261
266 264
266 261
267 265
267 261
268 269
268 270
271 262
271 270
272 128
272 261
272 262
273 128
273 262
274 275
274 276
277 269
277 262
277 270
278 279
278 257
280 281
280 226
280 251
282 283
282 284
285 283
285 284
285 286
287 288
287 289
290 288
290 289
290 291
292 289
292 291
292 293
294 288
294 291
295 288
295 286
295 293
296 283
296 286
297 288
297 286
298 286
298 293
299 300
299 301
302 303
302 300
304 303
304 305
304 306
307 303
307 305
308 309
308 300
308 310
311 309
311 310
312 309
312 300
313 303
313 300
313 301
314 281
314 251
315 316
315 310
317 316
317 300
318 319
318 320
318 321
322 323
322 324
325 326
325 324
325 327
328 323
328 324
328 329
330 331
330 329
332 333
332 334
335 336
335 337
338 339
338 340
341 331
341 342
343 344
343 345
346 331
346 324
346 329
347 348
347 349
350 351
350 349
352 67
352 72
353 351
353 354
355 351
355 356
357 354
357 358
359 354
359 360
359 358
361 348
361 356
362 348
362 354
362 356
363 351
363 354
363 356
364 348
364 354
365 366
365 367
368 367
368 369
368 370
371 366
371 367
371 370
372 366
372 370
373 374
373 369
375 366
375 374
376 374
376 377
378 366
378 374
378 369
379 374
379 380
379 377
381 380
381 377
382 383
382 44
384 383
384 385
386 387
386 385
388 64
388 65
389 44
389 390
389 45
391 387
391 44
392 393
392 394
392 395
396 63
396 65
397 398
397 399
400 401
400 402
403 404
403 402
403 405
406 404
406 402
407 402
407 405
408 401
408 402
408 409
410 401
410 409
411 412
411 413
411 414
415 416
415 417
418 419
418 420
421 422
421 423
421 424
425 426
425 427
428 429
428 430
428 431
432 431
432 433
434 433
434 435
436 431
436 433
436 435
437 430
437 435
438 429
438 430
438 435
439 429
439 431
440 441
440 442
443 444
443 441
445 446
445 442
447 448
447 446
447 442
449 450
449 451
452 444
452 441
452 442
453 186
453 441
454 426
454 455
456 457
456 458
459 460
459 461
459 457
462 460
462 457
462 458
463 460
463 458
464 465
464 466
464 457
467 460
467 461
468 461
468 457
469 461
469 470
471 458
471 470
472 473
472 474
475 473
475 345
475 474
476 474
476 477
478 477
478 479
480 474
480 477
480 479
481 482
481 474
483 482
483 479
484 482
484 474
484 479
485 486
485 482
487 486
487 477
488 489
488 490
491 489
491 492
491 490
493 489
493 494
495 494
495 496
497 489
497 494
497 496
498 499
498 494
500 501
500 499
502 501
502 499
502 494
503 504
503 499
505 504
505 506
507 419
507 508
507 420
509 510
509 423
509 511
512 513
512 514
512 515
516 517
516 518
516 519
520 521
520 522
523 518
523 519
524 525
524 526
527 517
527 519
528 529
528 530
531 517
531 532
531 533
534 535
534 256
536 537
536 538
539 511
539 423
540 529
540 541
540 530
542 517
542 532
543 544
543 545
546 547
546 548
546 545
549 550
549 544
549 545
551 550
551 544
552 553
552 554
552 548
555 554
555 548
556 547
556 545
557 548
557 545
558 559
558 560
561 532
561 562
563 564
563 565
566 564
566 544
567 529
567 568
567 569
570 560
570 571
572 573
572 393
574 575
574 576
574 577
578 579
578 580
578 190
581 582
581 583
584 582
584 576
584 583
585 575
585 586
587 575
587 586
587 588
589 575
589 576
590 580
590 591
592 593
592 576
594 593
594 583
595 596
595 597
598 596
598 599
598 600
601 602
601 596
601 597
603 602
603 597
604 605
604 606
607 597
607 605
608 597
608 609
610 597
610 605
610 606
611 606
611 597
611 609
612 606
612 609
613 614
613 615
616 336
616 337
616 617
618 619
618 333
620 621
620 622
620 623
624 309
624 625
626 627
626 625
628 309
628 627
628 629
630 309
630 629
631 629
631 632
631 625
633 629
633 632
634 632
634 625
635 309
635 627
635 625
636 637
636 638
639 638
639 632
640 641
640 333
642 643
642 614
644 645
644 646
647 645
647 648
647 646
649 646
649 648
649 650
651 645
651 648
652 645
652 653
652 650
654 655
654 653
656 645
656 653
657 653
657 650
658 659
658 660
661 655
661 662
663 655
663 662
663 653
664 665
664 666
667 668
667 669
670 668
670 671
672 673
672 671
672 674
675 673
675 671
676 671
676 674
677 678
677 674
677 679
680 674
680 679
681 678
681 674
682 678
682 673
682 679
683 673
683 679
684 660
684 685
684 686
687 688
687 424
687 689
690 619
690 641
690 333
691 692
691 693
691 694
695 693
695 694
696 697
696 698
699 698
699 694
700 660
700 685
701 692
701 702
703 692
703 694
704 705
704 692
704 702
706 707
706 708
709 697
709 698
709 694
710 688
710 689
711 712
711 713
714 316
714 300
714 310
715 716
715 717
715 713
718 719
718 720
718 721
722 723
722 724
725 726
725 723
725 724
727 728
727 726
727 723
729 726
729 724
730 728
730 731
730 724
732 731
732 733
734 731
734 724
735 728
735 731
736 737
736 733
738 737
738 731
738 733
739 740
739 741
739 742
743 744
743 745
746 747
746 152
748 749
748 747
748 152
750 749
750 751
750 752
753 749
753 747
754 749
754 751
755 749
755 752
756 757
756 758
756 759
760 761
760 762
760 763
764 765
764 766
764 767
768 769
768 770
771 772
771 773
774 775
774 772
776 772
776 777
778 775
778 772
778 773
779 772
779 777
779 780
781 777
781 780
782 783
782 784
785 777
785 783
786 777
786 787
788 777
788 783
788 784
789 790
789 712
791 792
791 793
794 525
794 526
794 795
796 197
796 797
798 799
798 800
801 802
801 803
804 802
804 805
804 806
807 802
807 808
807 803
809 808
809 803
810 811
810 812
810 805
813 811
813 805
814 802
814 806
815 802
815 805
816 817
816 818
819 803
819 818
820 190
820 793
821 822
821 823
824 825
824 822
824 823
826 827
826 825
826 828
829 825
829 823
830 825
830 828
831 827
831 825
832 827
832 822
833 827
833 822
833 828
834 835
834 685
834 686
836 823
836 837
838 181
838 196
838 839
840 841
840 842
843 842
843 844
843 845
846 847
846 848
849 850
849 844
849 851
852 850
852 844
853 842
853 845
854 842
854 844
855 856
855 851
857 851
857 858
859 844
859 851
860 856
860 851
860 858
861 862
861 863
861 864
865 866
865 867
868 869
868 870
868 867
871 872
871 873
874 872
874 875
876 875
876 877
876 878
879 875
879 878
880 875
880 877
881 878
881 877
881 873
882 878
882 873
883 877
883 873
884 885
884 886
884 877
887 886
887 877
888 889
888 890
891 892
891 889
893 894
893 895
896 892
896 897
898 899
898 900
901 900
901 902
903 904
903 905
906 904
906 907
906 905
908 909
908 907
908 905
910 904
910 907
911 912
911 904
911 909
913 912
913 914
915 916
915 917
918 912
918 909
919 920
919 914
921 922
921 923
924 925
924 926
927 925
927 926
927 928
929 930
929 931
929 932
933 926
933 928
934 930
934 931
935 931
935 932
936 926
936 922
936 923
937 938
937 939
940 941
940 942
940 943
944 945
944 946
947 948
947 946
949 950
949 951
952 945
952 948
952 946
953 954
953 950
953 951
955 954
955 951
956 954
956 957
958 959
958 957
960 954
960 950
960 957
961 605
961 609
961 962
963 964
963 965
966 967
966 968
966 969
970 967
970 968
971 972
971 973
974 975
974 976
974 977
978 977
978 979
980 975
980 977
981 975
981 976
982 983
982 984
985 983
985 986
985 984
987 988
987 989
987 986
990 983
990 986
991 988
991 989
992 993
992 994
992 995
996 997
996 998
999 997
999 1000
999 998
1001 1000
1001 1002
1003 1002
1003 997
1004 1000
1004 1005
1006 637
1006 1000
1007 637
1007 1000
1007 1005
1008 1009
1008 1010
1011 1012
1011 1013
1011 1014
1015 1000
1015 1002
1015 997
1016 1017
1016 1002
1018 1019
1018 1014
1020 1021
1020 57
1022 1023
1022 1021
1024 251
1024 1025
1026 69
1026 1027
1026 57
1028 1027
1028 69
1029 56
1029 1030
1031 1030
1031 1027
1032 1023
1032 49
1033 56
1033 1030
1033 1027
1034 1023
1034 59
1034 49
1035 1023
1035 59
1036 1037
1036 1038
1039 1040
1039 1041
1042 1041
1042 1043
1044 1045
1044 1046
1047 1048
1047 1037
1049 1050
1049 1051
1049 1052
1053 1050
1053 1051
1054 1055
1054 1051
1054 1056
1057 1055
1057 1051
1058 1051
1058 1056
1059 1060
1059 1061
1059 1056
1062 1050
1062 1052
1063 1055
1063 1052
1063 1056
1064 1055
1064 1052
1065 1052
1065 1056
1066 1067
1066 1068
1066 1069
1070 1071
1070 1072
1073 1072
1073 1074
1075 1076
1075 1077
1075 1074
1078 1077
1078 1074
1079 1076
1079 1074
1080 1081
1080 1082
1080 1083
1084 1081
1084 1083
1085 1081
1085 1082
1086 1087
1086 1072
1088 1071
1088 1072
1088 1074
1089 1090
1089 1091
1092 811
1092 1093
1094 811
1094 1093
1094 812
1095 1096
1095 1097
1098 1096
1098 1099
1098 1097
1100 803
1100 1101
1100 216
1102 1096
1102 1099
1103 1104
1103 1105
1106 1105
1106 1107
1108 1109
1108 209
1110 802
1110 209
1111 1112
1111 1113
1111 1114
1115 1093
1115 812
1116 862
1116 863
1117 1118
1117 1119
1120 1121
1120 1122
1123 1124
1123 1125
1123 1126
1127 1128
1127 943
1129 1130
1129 1131
1132 1133
1132 1134
1135 1130
1135 1136
1137 1138
1137 577
1139 1138
1139 1140
1141 1142
1141 1143
1144 1142
1144 1145
1144 1143
1146 1142
1146 1147
1148 1149
1148 1147
1150 1149
1150 1142
1150 1147
1151 1147
1151 1152
1153 1154
1153 1152
1155 1154
1155 1147
1155 1152
1156 1157
1156 1152
1158 1159
1158 1157
1160 1118
1160 1161
1160 1162
1163 1164
1163 1131
1165 1166
1165 1167
1165 1168
1169 1170
1169 1171
1172 1171
1172 1173
1174 1167
1174 1168
1175 1176
1175 1177
1178 1179
1178 1177
1180 1179
1180 1181
1182 1176
1182 1179
1182 1181
1183 1170
1183 1181
1184 1185
1184 1167
1186 1176
1186 1179
1186 1177
1187 1170
1187 1177
1188 1189
1188 1125
1190 1166
1190 1185
1191 1192
1191 1185
1193 1164
1193 1136
1194 1166
1194 1185
1194 1167
1195 1196
1195 1197
1198 1192
1198 1185
1198 1168
1199 1192
1199 1168
1200 1201
1200 1189
1200 1125
1202 1203
1202 1204
1205 1203
1205 1192
1206 1164
1206 1131
1206 1136
1207 1196
1207 1208
1209 1210
1209 377
1211 1212
1211 1213
1214 1215
1214 1216
1217 1218
1217 1216
1219 138
1219 1220
1221 1210
1221 1213
1222 1223
1222 1224
1225 1045
1225 1164
1226 1218
1226 1227
1228 380
1228 1229
1230 387
1230 159
1231 159
1231 45
1232 387
1232 159
1232 45
1233 1215
1233 1234
1235 1215
1235 1227
1236 1237
1236 1238
1239 1237
1239 1240
1239 1238
1241 1242
1241 1237
1243 1242
1243 1244
1245 1246
1245 1247
1248 1246
1248 1249
1250 1246
1250 1247
1250 1249
1251 1237
1251 1240
1252 374
1252 380
1252 1229
1253 1242
1253 1237
1253 1244
1254 1242
1254 1255
1256 209
1256 1257
1258 1196
1258 741
1259 1260
1259 1261
1259 1262
1263 1264
1263 1265
1266 1267
1266 1257
1268 1265
1268 1269
1270 209
1270 1257
1270 200
1271 1264
1271 1272
1273 1264
1273 1272
1273 1274
1275 1276
1275 1277
1275 1278
1279 741
1279 1280
1281 1264
1281 1269
1281 1282
1283 1284
1283 1285
1286 1284
1286 1285
1286 1287
1288 1289
1288 1287
1288 1290
1291 1285
1291 1287
1292 1293
1292 1285
1292 1294
1295 1296
1295 1293
1297 1293
1297 1285
1298 1293
1298 1294
1299 1296
1299 1300
1301 1296
1301 1293
1301 1300
1302 1303
1302 1304
1305 1303
1305 1304
1305 569
1306 541
1306 569
1306 530
1307 1304
1307 569
1308 569
1308 530
1309 541
1309 569
1310 190
1310 530
1311 579
1311 190
1311 530
1312 1313
1312 1314
1312 1315
1316 1314
1316 1315
1317 1313
1317 1315
1318 1319
1318 1320
1318 1313
1321 1322
1321 1315
1323 1324
1323 1325
1323 1315
1326 1324
1326 1325
1327 1325
1327 1315
1328 1322
1328 1324
1328 1315
1329 1322
1329 1324
1330 1331
1330 741
1332 1333
1332 1334
1335 1336
1335 1337
1338 1336
1338 1337
1338 1339
1340 1341
1340 1342
1340 1343
1344 1345
1344 1346
1347 1348
1347 1346
1349 1348
1349 1345
1349 1346
1350 1346
1350 1351
1352 1353
1352 1351
1354 1353
1354 1346
1354 1351
1355 1336
1355 1339
1356 1357
1356 917
1358 413
1358 1359
1360 1361
1360 1362
1360 1363
1364 1365
1364 1366
1367 1368
1367 1369
1367 1370
1371 1372
1371 1373
1374 1361
1374 1363
1375 1376
1375 1377
1378 1376
1378 1379
1378 1377
1380 1379
1380 1381
1380 1377
1382 1376
1382 1379
1383 728
1383 1384
1383 1385
1386 1387
1386 1140
1388 1376
1388 1389
1390 1389
1390 1381
1391 1392
1391 1140
1393 1392
1393 1387
1393 1140
1394 1395
1394 1396
1397 1398
1397 1399
1397 1395
1400 1399
1400 1395
1401 1398
1401 1395
1402 1398
1402 1399
1402 1403
1404 1399
1404 1403
1405 1398
1405 1403
1406 1398
1406 1407
1406 1408
1409 1398
1409 1408
1410 1398
1410 1407
1411 1412
1411 1413
1414 1412
1414 1415
1416 1417
1416 1418
1416 1419
1420 1418
1420 1419
1421 1422
1421 1413
1423 1413
1423 1419
1424 1415
1424 1419
1425 1422
1425 1413
1425 1419
1426 1415
1426 1422
1426 1419
1427 1415
1427 1422
1428 1429
1428 1430
1431 1432
1431 1433
1434 1435
1434 1436
1437 1438
1437 1439
1440 412
1440 1441
1440 1442
1443 1444
1443 1445
1446 1444
1446 1445
1446 1447
1448 1449
1448 1444
1450 1449
1450 1451
1452 1449
1452 1444
1452 1451
1453 1449
1453 1454
1455 1456
1455 1457
1458 1459
1458 1456
1460 21
1460 1461
1460 1462
1463 1464
1463 1457
1465 1459
1465 1464
1466 1459
1466 1464
1466 1457
1467 1461
1467 1468
1469 1468
1469 1461
1469 1470
1471 21
1471 1461
1472 21
1472 1462
1473 1474
1473 1475
1476 1474
1476 1477
1476 1478
1479 1477
1479 1478
1480 1474
1480 1477
1481 1482
1481 1483
1481 1474
1484 1482
1484 1474
1485 1483
1485 1474
1486 1487
1486 1483
1486 1488
1489 1490
1489 1491
1492 1493
1492 1494
1495 1474
1495 1475
1495 1478
1496 1475
1496 1478
1497 147
1497 1498
1497 80
1499 1500
1499 1501
1502 1503
1502 1501
1504 1503
1504 538
1504 1505
1506 1503
1506 538
1507 1503
1507 1505
1508 537
1508 1509
1508 1505
1510 1509
1510 1505
1511 537
1511 1505
1512 1513
1512 1514
1512 1515
1516 1514
1516 1515
1517 1498
1517 80
1518 1519
1518 1520
1521 1522
1521 1523
1521 806
1524 1522
1524 806
1525 1523
1525 806
1526 1527
1526 1523
1526 1528
1529 1530
1529 1531
1532 1533
1532 1534
1532 1535
1536 1537
1536 1538
1539 1540
1539 1538
1541 1542
1541 1543
1541 1534
1544 1542
1544 1534
1545 1527
1545 811
1545 1538
1546 1534
1546 1535
1547 1543
1547 1533
1548 1549
1548 1543
1550 1543
1550 1534
1551 1549
1551 1543
1551 1533
1552 1553
1552 1554
1552 1555
1556 1557
1556 1558
1559 1560
1559 1557
1559 1558
1561 1553
1561 1562
1563 1560
1563 1564
1565 1560
1565 1566
1567 1560
1567 1564
1567 1566
1568 1560
1568 1558
1569 1566
1569 1570
1569 1571
1572 1564
1572 1570
1573 1564
1573 1571
1574 1564
1574 1570
1574 1571
1575 1576
1575 1577
1578 1579
1578 1580
1581 1579
1581 1582
1581 1583
1584 1577
1584 1585
1586 1587
1586 1582
1588 1587
1588 1589
1588 1590
1591 1587
1591 1590
1592 1587
1592 1589
1593 1579
1593 1583
1594 1579
1594 1582
1595 1587
1595 1582
1595 1596
1597 1582
1597 1596
1598 1599
1598 1600
1601 1599
1601 1602
1603 1553
1603 1554
1604 1605
1604 1606
1607 1605
1607 1608
1609 1610
1609 1611
1609 1612
1613 1610
1613 1611
1614 1615
1614 1605
1614 1616
1617 1615
1617 1616
1618 1615
1618 1605
1619 1605
1619 1606
1619 1608
1620 1621
1620 1622
1623 1622
1623 1624
1625 1621
1625 1626
1627 1621
1627 1628
1627 1626
1629 1630
1629 1631
1629 1632
1633 1621
1633 1628
1634 1630
1634 1631
1635 1631
1635 1632
1636 899
1636 1637
1638 1639
1638 1640
1638 1637
1641 1621
1641 1622
1641 1624
1642 1643
1642 1644
1645 1646
1645 1647
1645 1648
1649 1648
1649 1650
1651 1628
1651 1652
1653 1628
1653 1654
1655 1647
1655 1500
1656 1647
1656 1500
1656 1657
1658 1647
1658 1648
1659 1646
1659 1648
1660 1661
1660 1662
1663 1661
1663 1509
1664 1661
1664 1509
1664 1662
1665 1647
1665 1657
1666 1667
1666 922
1666 1668
1669 1667
1669 1670
1671 1672
1671 1670
1673 1667
1673 1672
1673 1670
1674 1675
1674 1676
1674 1677
1678 931
1678 1679
1680 931
1680 1679
1680 1670
1681 1682
1681 1683
1681 1684
1685 1686
1685 1687
1688 1689
1688 1686
1688 1687
1690 1691
1690 1037
1690 1038
1692 1693
1692 1683
1692 1694
1695 412
1695 1359
1696 1693
1696 1694
1697 1698
1697 1699
1697 1700
1701 1702
1701 761
1703 1704
1703 761
1705 1704
1705 1702
1705 761
1706 1702
1706 1707
1708 1709
1708 1710
1708 1711
1712 1709
1712 1702
1713 1714
1713 1702
1715 1714
1715 1709
1715 1702
1716 1704
1716 1707
1717 1704
1717 1702
1717 1707
1718 1699
1718 1700
1719 1720
1719 1721
1722 1723
1722 1721
1724 168
1724 1725
1724 1723
1726 168
1726 1723
1727 1725
1727 1723
1728 48
1728 1729
1728 1725
1730 48
1730 1725
1731 1729
1731 1725
1732 1733
1732 1734
1732 1735
1736 1737
1736 1734
1738 1739
1738 1721
1740 1720
1740 1723
1740 1721
1741 1742
1741 1334
1741 1743
1744 1745
1744 1746
1744 1747
1748 1749
1748 1438
1750 1751
1750 1752
1750 1753
1754 1755
1754 763
1756 1714
1756 975
1756 1755
1757 1755
1757 1758
1757 763
1759 1758
1759 763
1760 1714
1760 975
1760 1758
1761 975
1761 1758
1762 975
1762 1755
1763 1714
1763 1755
1764 761
1764 1765
1766 763
1766 1765
1767 1768
1767 1769
1770 1771
1770 1772
1770 1769
1773 1774
1773 1768
1773 1769
1775 1774
1775 1768
1776 1777
1776 1778
1776 1779
1780 1778
1780 1779
1781 1771
1781 1769
1782 1772
1782 1769
1783 1784
1783 1785
1786 1768
1786 1785
1787 1675
1787 1788
1789 1676
1789 1788
1790 1791
1790 1788
1792 1675
1792 1676
1792 1788
1793 1791
1793 1677
1793 1788
1794 1791
1794 1677
1795 1796
1795 1797
1798 1799
1798 1800
1798 1797
1801 1802
1801 1803
1801 1804
1805 1803
1805 1804
1806 1799
1806 1800
1807 1800
1807 1797
1808 1802
1808 1809
1810 1809
1810 1811
1812 1802
1812 1804
1813 1802
1813 1809
1813 1811
1814 1815
1814 1816
1814 1817
1818 1819
1818 1820
1818 1821
1822 1819
1822 1820
1823 1824
1823 1821
1825 1826
1825 1821
1827 1820
1827 1821
1828 1824
1828 1826
1828 1821
1829 1826
1829 1830
1831 107
1831 1832
1831 1830
1833 1826
1833 116
1833 1830
1834 1826
1834 116
1835 1698
1835 1836
1837 1838
1837 1839
1837 1840
1841 1842
1841 1843
1844 1842
1844 1845
1846 1842
1846 1845
1846 1843
1847 1848
1847 1839
1849 1850
1849 1848
1849 1839
1851 1839
1851 1840
1852 1838
1852 1840
1853 1854
1853 1855
1856 1857
1856 1842
1858 1850
1858 1857
1859 1836
1859 1860
1859 1861
1862 1863
1862 1864
1862 998
1865 1866
1865 1867
1868 1698
1868 1836
1868 1869
1870 1871
1870 1872
1873 1269
1873 1282
1874 1875
1874 1876
1877 1875
1877 1878
1877 1876
1879 1880
1879 1528
1879 1881
1882 1878
1882 1876
1883 1537
1883 1876
1883 1884
1885 1886
1885 1887
1888 1537
1888 1876
1889 1537
1889 1884
1890 1439
1890 1891
1892 1886
1892 1893
1894 1886
1894 1887
1894 1893
1895 1896
1895 1897
1898 1896
1898 1899
1898 1897
1900 1815
1900 1901
1900 1902
1903 1904
1903 1905
1903 181
1906 1264
1906 1265
1906 1269
1907 1908
1907 1909
1910 1911
1910 1912
1913 1909
1913 1454
1914 1915
1914 1916
1914 1917
1918 1916
1918 1919
1920 1264
1920 1282
1921 1908
1921 1922
1923 1924
1923 1911
1923 1912
1925 1926
1925 1927
1928 1854
1928 1929
1930 241
1930 1143
1931 241
1931 1932
1931 1143
1933 1932
1933 1934
1933 1935
1936 1932
1936 1143
1937 1932
1937 1935
1938 1932
1938 1934
1939 1149
1939 235
1940 1149
1940 1941
1940 235
1942 241
1942 1941
1942 239
1943 1149
1943 1941
1944 1945
1944 1946
1944 1947
1948 1260
1948 1949
1950 1945
1950 1946
1951 1945
1951 1947
1952 1946
1952 1953
1954 1946
1954 1955
1954 1953
1956 1953
1956 1947
1956 1955
1957 1946
1957 1955
1958 1926
1958 1468
1958 1959
1960 1961
1960 1962
1963 1261
1963 1949
1964 1260
1964 1261
1964 1949
1965 1961
1965 1966
1965 1962
1967 75
1967 1968
1967 1969
1970 1971
1970 1962
1970 1657
1972 1646
1972 1657
1973 1646
1973 1500
1974 1975
1974 1282
1976 1977
1976 1978
1976 1979
1980 1981
1980 1978
1982 1983
1982 1984
1985 1977
1985 1979
1986 1981
1986 1987
1988 1987
1988 1979
1989 1990
1989 1991
1989 1992
1993 1994
1993 1995
1996 1981
1996 1987
1996 1979
1997 1998
1997 1987
1999 1867
1999 2000
1999 2001
2002 1201
2002 2000
2003 2004
2003 2005
2006 2007
2006 414
2008 1265
2008 1975
2009 2010
2009 1984
2011 2012
2011 1991
2013 2014
2013 2015
2016 2017
2016 2018
2019 2017
2019 2020
2021 2017
2021 2018
2021 2020
2022 2023
2022 2024
2025 2024
2025 2026
2027 2023
2027 2024
2027 2026
2028 2029
2028 2024
2030 2029
2030 2031
2032 2031
2032 2029
2032 2024
2033 2034
2033 2035
2036 1990
2036 1991
2037 2038
2037 2039
2040 2038
2040 2041
2042 2043
2042 2044
2045 2046
2045 2047
2045 2048
2049 2050
2049 2048
2051 2047
2051 2048
2052 2038
2052 2053
2054 2055
2054 2047
2056 2055
2056 2057
2056 2047
2058 2055
2058 2057
2058 2046
2059 2057
2059 2047
2060 2057
2060 2046
2061 2062
2061 2053
2063 2064
2063 1300
2063 1339
2065 1289
2065 2066
2067 2062
2067 2068
2069 1816
2069 2070
2071 1336
2071 2072
2073 2072
2073 1345
2074 1336
2074 2072
2074 1345
2075 2064
2075 2076
2077 2064
2077 2078
2079 2064
2079 2078
2079 2076
2080 2064
2080 1300
2081 1300
2081 1339
2082 2083
2082 2043
2084 2085
2084 2086
2084 2087
2088 2086
2088 2089
2090 2091
2090 2092
2093 2091
2093 2094
2093 2092
2095 2086
2095 2087
2096 2085
2096 2086
2097 2094
2097 2098
2099 2094
2099 2100
2101 2094
2101 2100
2101 2098
2102 2094
2102 2092
2103 2104
2103 2105
2103 2106
2107 2105
2107 2106
2108 2109
2108 2110
2111 2112
2111 2113
2111 2110
2114 2112
2114 2109
2114 2110
2115 2112
2115 2109
2116 2104
2116 2113
2117 2104
2117 2109
2118 2104
2118 2106
2119 2104
2119 2109
2119 2113
2120 2121
2120 2122
2120 2123
2124 2121
2124 2122
2125 2126
2125 2127
2128 2126
2128 2122
2129 2121
2129 2127
2130 2127
2130 2123
2131 2122
2131 2123
2132 2121
2132 2127
2132 2123
2133 2134
2133 1983
2135 2136
2135 2137
2138 2126
2138 2122
2138 2127
2139 2140
2139 2141
2142 1983
2142 2143
2144 2012
2144 2137
2145 2140
2145 2141
2145 2146
2147 2148
2147 2149
2150 2134
2150 1983
2150 2143
2151 2152
2151 2153
2154 2012
2154 2137
2154 1991
2155 1854
2155 1929
2155 2156
2157 2158
2157 2140
2159 1929
2159 2156
2160 1417
2160 1419
2161 1417
2161 2162
2161 2163
2164 2165
2164 2166
2164 289
2167 2168
2167 2169
2170 2168
2170 2171
2172 289
2172 2173
2174 2158
2174 2175
2176 2177
2176 289
2176 2173
2178 2166
2178 2173
2179 2166
2179 2177
2180 2181
2180 2182
2183 2165
2183 2166
2184 2165
2184 289
2185 1971
2185 2186
2187 2168
2187 2171
2187 2169
2188 2189
2188 2190
2188 914
2191 2192
2191 2193
2194 2195
2194 2196
2194 2197
2198 2199
2198 2200
2201 828
2201 2202
2201 2200
2203 828
2203 2200
2204 828
2204 2202
2205 2171
2205 2206
2205 2207
2208 827
2208 2202
2209 2158
2209 2140
2209 2175
2210 2171
2210 2206
2211 2212
2211 2199
2213 2199
2213 2202
2213 2200
2214 1490
2214 251
2214 1025
2215 2035
2215 2216
2215 2217
2218 2158
2218 2219
2220 2221
2220 2222
2220 2223
2224 2221
2224 2222
2225 2221
2225 2223
2226 2222
2226 2227
2226 2223
2228 2222
2228 2227
2229 2227
2229 2223
2230 2223
2230 2231
2230 2232
2233 2223
2233 2232
2234 2223
2234 2231
2235 2236
2235 2237
2235 2231
2238 2239
2238 2219
2240 2241
2240 1971
2240 2186
2242 2241
2242 2186
2243 2244
2243 2245
2246 2247
2246 2245
2248 2249
2248 41
2250 2158
2250 2239
2250 2219
2251 2249
2251 1220
2252 2249
2252 41
2252 1220
2253 2254
2253 2255
2256 387
2256 2257
2258 2259
2258 1543
2260 383
2260 387
2260 2257
2261 226
2261 259
2262 2263
2262 2264
2265 2263
2265 1677
2266 721
2266 2267
2268 1131
2268 2269
2270 2271
2270 2272
2273 2274
2273 2272
2275 2274
2275 2276
2277 2271
2277 2274
2277 2276
2278 2264
2278 2276
2279 2264
2279 2276
2279 2272
2280 2271
2280 2274
2280 2272
2281 2264
2281 2272
2282 2283
2282 2284
2282 2285
2286 2287
2286 2288
2286 2289
2290 2291
2290 1493
2292 2293
2292 2291
2294 2295
2294 2296
2297 2298
2297 2299
2297 2296
2300 2291
2300 2301
2300 2302
2303 2301
2303 2302
2304 2305
2304 2306
2304 2296
2307 2306
2307 2296
2308 257
2308 393
2309 2299
2309 2296
2310 2311
2310 2305
2312 2313
2312 2305
2314 2305
2314 2296
2315 2313
2315 2311
2315 2305
2316 2317
2316 2318
2319 2320
2319 2318
2321 2322
2321 2318
2323 2320
2323 2317
2323 2318
2324 773
2324 2325
2326 2327
2326 2328
2326 2325
2329 2330
2329 773
2329 2325
2331 2330
2331 773
2332 2322
2332 2318
2332 2328
2333 2322
2333 2328
2334 2335
2334 2336
2334 2337
2338 2335
2338 2337
2339 2340
2339 2341
2342 2343
2342 2344
2342 2345
2346 2343
2346 2345
2347 2344
2347 2345
2348 2349
2348 239
2348 2350
2351 2335
2351 2336
2352 1934
2352 2345
2352 2353
2354 1934
2354 2353
2355 1934
2355 2345
2356 1924
2356 1911
2357 817
2357 2358
2359 2360
2359 2361
2359 2358
2362 2363
2362 2364
2362 2365
2366 2363
2366 2365
2367 2368
2367 2340
2369 2370
2369 2371
2372 2373
2372 2370
2374 2370
2374 2375
2376 2373
2376 2370
2376 2371
2377 2378
2377 2370
2377 2375
2379 2378
2379 2375
2380 2360
2380 2358
2381 2364
2381 2382
2383 2384
2383 1579
2385 2386
2385 2387
2385 2388
2389 2390
2389 2384
2389 1579
2391 2390
2391 2384
2392 2393
2392 1580
2394 2384
2394 2393
2395 1582
2395 2396
2397 2384
2397 2393
2397 1580
2398 1582
2398 2396
2398 1583
2399 2396
2399 1583
2400 2401
2400 2402
2403 2404
2403 417
2405 417
2405 2402
2406 2404
2406 2401
2407 2404
2407 2408
2407 2401
2409 1610
2409 2410
2409 2411
2412 1610
2412 2410
2413 2414
2413 2415
2416 2414
2416 2410
2417 2418
2417 2419
2420 2414
2420 2410
2420 2415
2421 1615
2421 2418
2421 2419
2422 1615
2422 2419
2423 2411
2423 2424
2425 2419
2425 2424
2426 2427
2426 2428
2429 2430
2429 2428
2429 2431
2432 2433
2432 2434
2435 2427
2435 2436
2437 2430
2437 2431
2437 2436
2438 2431
2438 2436
2439 2428
2439 2431
2440 2430
2440 2428
2441 2442
2441 2443
2444 2427
2444 2442
2445 2446
2445 2447
2445 2448
2449 2368
2449 2450
2451 2452
2451 2453
2454 2455
2454 1553
2454 2456
2457 2458
2457 2453
2459 2460
2459 2458
2461 2460
2461 2458
2461 2453
2462 2463
2462 712
2464 2463
2464 745
2465 2463
2465 712
2465 745
2466 2467
2466 897
2468 899
2468 897
2468 902
2469 2470
2469 2269
2469 1975
2471 2472
2471 2473
2471 2474
2475 2472
2475 2473
2476 2472
2476 2474
2477 2247
2477 2478
2479 2480
2479 2247
2481 2482
2481 1377
2483 2484
2483 2247
2485 2244
2485 2484
2486 2244
2486 2484
2486 2247
2487 2488
2487 2489
2490 2491
2490 2492
2493 2494
2493 2495
2496 2497
2496 2498
2499 2500
2499 2501
2502 2500
2502 2501
2502 2495
2503 2500
2503 2488
2504 2494
2504 2500
2504 2488
2505 2494
2505 2501
2505 2495
2506 2507
2506 2508
2509 2510
2509 2497
2509 2498
2511 2455
2511 2456
2512 2513
2512 2498
2514 2515
2514 2341
2514 2450
2516 2455
2516 1553
2517 2518
2517 2519
2517 2520
2521 2519
2521 2520
2522 2523
2522 2524
2525 2519
2525 2523
2526 2527
2526 2518
2528 2529
2528 2518
2530 2518
2530 2519
2531 2529
2531 2518
2531 2527
2532 2533
2532 2534
2535 2341
2535 2450
2536 2523
2536 2537
2538 2519
2538 2523
2538 2524
2539 2533
2539 2540
2539 2541
2542 2543
2542 2544
2542 2545
2546 2545
2546 2547
2548 2549
2548 2550
2551 2550
2551 2552
2553 2549
2553 2554
2555 2549
2555 2554
2555 2556
2557 2552
2557 2558
2559 2549
2559 2552
2559 2558
2560 2549
2560 2550
2560 2552
2561 2562
2561 2563
2561 2564
2565 2566
2565 2567
2568 2515
2568 2341
2569 2570
2569 2558
2571 2550
2571 2570
2572 2573
2572 2574
2575 2576
2575 2577
2575 2567
2578 2577
2578 2567
2579 2580
2579 419
2581 1643
2581 2582
2583 2584
2583 2585
2586 2587
2586 2584
2588 2589
2588 2590
2588 2591
2592 2590
2592 2591
2593 2594
2593 2595
2596 2597
2596 2598
2599 2597
2599 2600
2601 2589
2601 2591
2602 2597
2602 2600
2602 2598
2603 2600
2603 2604
2605 2606
2605 2598
2605 2604
2607 2606
2607 2600
2607 2604
2608 2606
2608 2600
2609 2610
2609 2611
2612 2613
2612 2562
2614 2615
2614 1555
2616 1555
2616 2617
2618 2615
2618 2619
2620 2615
2620 2619
2620 2621
2622 2623
2622 2619
2624 2623
2624 2619
2624 1555
2625 2615
2625 1555
2625 2617
2626 2623
2626 1555
2627 2628
2627 3
2629 2628
2629 759
2630 951
2630 2595
2631 2610
2631 1377
2632 2633
2632 2634
2632 2635
2636 2637
2636 2633
2638 2637
2638 2639
2640 2637
2640 2639
2640 2633
2641 2642
2641 2643
2644 2642
2644 2645
2646 2642
2646 2645
2646 2643
2647 2642
2647 2648
2649 2635
2649 2648
2650 2642
2650 2635
2650 2648
2651 2652
2651 951
2653 2652
2653 2654
2655 2652
2655 951
2655 2654
2656 2657
2656 2564
2658 2659
2658 2660
2658 2661
2662 2659
2662 2661
2663 2660
2663 2661
2664 2659
2664 2665
2664 2660
2666 2667
2666 2668
2669 2665
2669 2668
2669 2661
2670 2665
2670 2668
2671 2668
2671 2661
2672 275
2672 2673
2674 2667
2674 2668
2674 983
2675 2667
2675 983
2676 2677
2676 2678
2676 1832
2679 2677
2679 1832
2680 2681
2680 2678
2682 2683
2682 2678
2684 2677
2684 2678
2685 2683
2685 2681
2685 2678
2686 2687
2686 2688
2689 107
2689 1832
2689 2688
2690 1830
2690 2687
2690 2688
2691 2687
2691 1830
2692 2693
2692 2694
2695 2696
2695 2693
2695 416
2697 2696
2697 416
2698 2699
2698 2700
2698 2701
2702 2703
2702 2704
2702 2693
2705 2704
2705 2693
2706 2703
2706 2693
2707 2708
2707 441
2709 2703
2709 2402
2710 2703
2710 2711
2712 2713
2712 2714
2712 398
2715 2716
2715 2717
2718 2719
2718 2716
2720 2719
2720 2721
2722 2719
2722 2723
2724 2723
2724 2725
2724 2726
2727 2563
2727 2564
2728 2719
2728 1803
2728 2717
2729 1803
2729 2717
2730 2719
2730 1803
2731 2719
2731 2723
2731 2721
2732 2269
2732 1975
2733 430
2733 431
2734 2735
2734 2736
2737 2738
2737 2739
2737 2740
2741 2562
2741 2563
2742 2699
2742 2743
2742 2744
2745 186
2745 2746
2747 2748
2747 2736
2749 1343
2749 451
2750 2751
2750 2752
2753 2754
2753 2751
2755 2756
2755 1848
2757 2756
2757 1848
2757 2758
2759 1845
2759 2760
2761 2751
2761 1845
2761 2760
2762 2754
2762 2751
2762 2752
2763 2751
2763 1845
2764 2765
2764 2766
2767 2765
2767 954
2768 2769
2768 2770
2771 2772
2771 2773
2774 2775
2774 2776
2777 2778
2777 2779
2777 2780
2781 2782
2781 2783
2781 2784
2785 2782
2785 2783
2786 2782
2786 2784
2787 2788
2787 2783
2789 2790
2789 2788
2789 2783
2791 2790
2791 2792
2791 2793
2794 2790
2794 2792
2795 2790
2795 2793
2796 2797
2796 2798
2799 2800
2799 1445
2801 2802
2801 1872
2803 513
2803 2748
2803 2735
2804 508
2804 2805
2804 2806
2807 508
2807 2806
2808 1284
2808 2797
2808 2798
2809 1875
2809 1878
2809 1884
2810 419
2810 508
2811 2812
2811 1422
2813 2814
2813 2815
2816 2817
2816 2818
2819 2820
2819 2821
2822 2820
2822 2823
2822 2824
2825 2826
2825 2820
2825 2821
2827 2826
2827 2821
2828 2826
2828 2823
2828 2824
2829 2817
2829 2830
2829 2831
2832 2820
2832 2823
2833 2820
2833 2824
2834 2835
2834 2775
2834 2836
2837 2817
2837 2830
2838 508
2838 2839
2838 420
2840 1878
2840 1893
2841 2839
2841 420
2842 504
2842 2831
2842 2843
2844 1878
2844 1884
2845 2846
2845 2847
2848 1878
2848 1887
2848 1893
2849 2850
2849 2851
2852 1611
2852 2851
2853 1611
2853 2850
2853 2851
2854 2846
2854 2850
2855 2856
2855 1438
2855 2857
2858 1855
2858 326
2859 1855
2859 326
2859 2856
2860 1855
2860 327
2860 2856
2861 326
2861 2856
2862 2863
2862 2257
2864 2257
2864 2863
2864 1987
2865 1639
2865 2866
2867 2868
2867 1639
2869 2868
2869 1639
2869 2866
2870 2863
2870 1987
2871 158
2871 159
2871 1216
2872 158
2872 2866
2873 2874
2873 2866
2875 158
2875 2874
2875 2866
2876 316
2876 309
2876 2877
2878 2879
2878 2880
2881 2470
2881 2882
2883 309
2883 2877
2884 316
2884 2877
2885 2877
2885 1005
2886 2887
2886 637
2886 2877
2888 2889
2888 2890
2888 1899
2891 2887
2891 637
2892 2893
2892 2020
2894 2895
2894 2893
2896 2020
2896 2897
2898 2031
2898 2020
2898 2897
2899 2023
2899 2031
2899 2026
2900 2031
2900 2020
2901 2023
2901 2031
2902 2031
2902 2026
2903 2023
2903 2904
2905 2023
2905 2904
2905 2906
2907 2908
2907 2909
2910 2908
2910 2911
2912 2433
2912 2779
2912 2434
2913 2914
2913 2433
2915 2778
2915 2434
2915 2780
2916 2779
2916 2780
2917 2778
2917 2779
2918 1203
2918 1192
2918 1204
2919 2920
2919 2921
2919 2922
2923 2920
2923 2921
2924 2925
2924 2921
2926 2925
2926 2922
2927 2911
2927 2925
2928 2925
2928 2921
2928 2922
2929 2920
2929 2911
2929 2925
2930 2920
2930 2911
2931 2932
2931 2933
2931 2934
2935 2936
2935 2937
2938 2937
2938 2939
2940 2909
2940 2939
2941 2942
2941 2909
2943 2936
2943 2909
2944 2936
2944 2942
2944 2909
2945 2909
2945 2937
2945 2939
2946 2947
2946 2085
2946 2948
2949 2950
2949 2100
2949 2951
2952 2950
2952 2100
2953 2100
2953 2951
2954 2947
2954 2085
2955 2085
2955 2948
2956 2947
2956 2957
2958 2947
2958 2957
2958 2959
2960 1436
2960 2289
2961 2962
2961 2289
2963 2964
2963 1436
2965 1435
2965 2964
2965 1436
2966 2287
2966 2288
2967 2962
2967 1436
2967 2289
2968 2288
2968 2289
2969 2970
2969 2289
2971 2972
2971 2973
2974 2973
2974 2975
2976 2972
2976 2977
2978 2972
2978 2977
2978 2979
2980 2981
2980 2982
2983 2981
2983 2982
2983 2973
2984 2972
2984 2973
2984 2975
2985 2981
2985 2973
2986 2890
2986 1899
2987 2889
2987 2890
2988 2989
2988 2981
2990 2989
2990 2991
2992 2889
2992 2993
2994 2995
2994 2996
2994 1896
2997 2889
2997 2993
2997 2998
2999 2889
2999 2998
3000 220
3000 2998
3001 3002
3001 3003
3004 3005
3004 399
3006 219
3006 3007
3006 220
3008 220
3008 3009
3008 2998
3010 3011
3010 3012
3010 3013
3014 3015
3014 3016
3014 3017
3018 3011
3018 3013
3019 3020
3019 3021
3019 3022
3023 3012
3023 3013
3024 3020
3024 3025
3026 3021
3026 3025
3027 2038
3027 2062
3027 2068
3028 3029
3028 3021
3030 3021
3030 3022
3031 3012
3031 1869
3031 3032
3033 3034
3033 3035
3036 3025
3036 3037
3038 3012
3038 1869
3039 3040
3039 3041
3042 3043
3042 3040
3042 3044
3045 3046
3045 3047
3048 3046
3048 3047
3048 3049
3050 3051
3050 3052
3050 3053
3054 3047
3054 3049
3055 3051
3055 3052
3056 3052
3056 3053
3057 3051
3057 3058
3059 3051
3059 3060
3059 3058
3061 3011
3061 1869
3061 3032
3062 3063
3062 3047
3064 3060
3064 3063
3065 3066
3065 3067
3068 3011
3068 3032
3069 3070
3069 3071
3069 3032
3072 3007
3072 3073
3072 3074
3075 3076
3075 3077
3078 799
3078 1128
3079 3016
3079 3017
3080 3077
3080 3081
3080 1743
3082 3083
3082 3084
3085 1908
3085 3086
3085 1454
3087 3007
3087 3073
3088 3089
3088 3090
3088 3091
3092 3093
3092 3094
3095 3096
3095 3097
3095 3098
3099 3094
3099 3100
3101 3102
3101 3103
3101 1387
3104 586
3104 3102
3105 3106
3105 1387
3105 3107
3108 3103
3108 3107
3109 1387
3109 3107
3110 3106
3110 1387
3111 3102
3111 3103
3112 3102
3112 1387
3113 3106
3113 3103
3114 3106
3114 3103
3114 3107
3115 3007
3115 220
3116 1905
3116 1684
3117 3118
3117 3100
3119 3094
3119 3100
3119 3120
3121 3034
3121 321
3121 3035
3122 3123
3122 3124
3125 3123
3125 1060
3126 3123
3126 1060
3126 3124
3127 3128
3127 3123
3129 3130
3129 3131
3132 3130
3132 3133
3134 3135
3134 3136
3137 3136
3137 3138
3139 3135
3139 3140
3139 3138
3141 3142
3141 3143
3144 3133
3144 3140
3144 3136
3145 3133
3145 3140
3146 3133
3146 3136
3147 3135
3147 3136
3147 3138
3148 3149
3148 3150
3151 3152
3151 2330
3151 3150
3153 3152
3153 3150
3154 2330
3154 3150
3155 3156
3155 3157
3158 3156
3158 3150
3159 3149
3159 3150
3159 3157
3160 3149
3160 3157
3161 3156
3161 784
3162 3156
3162 3150
3162 3157
3163 279
3163 3164
3163 3142
3165 3166
3165 3167
3168 3169
3168 783
3168 3170
3171 783
3171 3170
3172 2373
3172 2361
3173 3174
3173 2361
3173 1522
3175 3174
3175 2361
3176 3169
3176 783
3176 3177
3178 3177
3178 3179
3178 3170
3180 1528
3180 1522
3181 3182
3181 3183
3184 3179
3184 3183
3185 2378
3185 2371
3186 2373
3186 2378
3187 279
3187 3142
3187 3143
3188 3189
3188 3190
3191 279
3191 3143
3192 3193
3192 3194
3192 3195
3196 3194
3196 3195
3197 3193
3197 3195
3198 3193
3198 3199
3198 3200
3201 3193
3201 3200
3202 3193
3202 3199
3203 866
3203 3199
3203 3204
3205 866
3205 3199
3206 3199
3206 3204
3207 3208
3207 3204
3207 3209
3210 3211
3210 2541
3210 3212
3213 3211
3213 2541
3214 2541
3214 3212
3215 3216
3215 3212
3215 3217
3218 3219
3218 3220
3221 3211
3221 3220
3221 3212
3222 3211
3222 3220
3223 582
3223 576
3224 3219
3224 3220
3224 2541
3225 3219
3225 2541
3226 276
3226 3227
3228 3164
3228 395
3229 3230
3229 2453
3231 3230
3231 2460
3232 665
3232 2673
3233 665
3233 3234
3233 2673
3235 276
3235 2458
3236 276
3236 3230
3236 2458
3237 3230
3237 2460
3237 2453
3238 276
3238 3230
3239 3143
3239 395
3240 3241
3240 3242
3243 3241
3243 3244
3243 3242
3245 1675
3245 3241
3246 1675
3246 3247
3248 1675
3248 3241
3248 3247
3249 3241
3249 3250
3251 3250
3251 3247
3252 3241
3252 3250
3252 3247
3253 3250
3253 3254
3255 1675
3255 3254
3256 3257
3256 3258
3256 3259
3260 3257
3260 3259
3261 3262
3261 3263
3261 3264
3265 3262
3265 3264
3266 3262
3266 3263
3267 3268
3267 3259
3267 3263
3269 3270
3269 3271
3272 3273
3272 3274
3272 3275
3276 3273
3276 3277
3278 3273
3278 369
3279 3273
3279 3277
3279 369
3280 3277
3280 3275
3281 3275
3281 369
3282 3274
3282 3275
3283 3273
3283 3274
3284 3285
3284 1654
3284 3286
3287 3288
3287 3289
3290 1654
3290 3286
3291 3292
3291 3289
3293 3294
3293 3292
3295 2038
3295 2062
3295 2053
3296 3288
3296 3297
3296 3289
3298 3294
3298 3292
3298 3289
3299 3300
3299 3301
3302 3303
3302 3304
3305 2152
3305 3303
3306 1916
3306 1917
3307 1040
3307 3308
3309 422
3309 424
3310 3311
3310 3312
3310 3313
3314 424
3314 689
3315 1040
3315 293
3316 3317
3316 3318
3319 422
3319 511
3319 510
3320 189
3320 191
3321 3303
3321 3322
3323 1917
3323 3324
3325 2152
3325 3303
3325 3304
3326 3327
3326 3328
3329 161
3329 3330
3331 3332
3331 3333
3331 623
3334 1915
3334 1917
3334 3324
3335 3336
3335 3337
3335 1746
3338 3339
3338 91
3340 3308
3340 3341
3342 3343
3342 3344
3345 3346
3345 3347
3345 3344
3348 1915
3348 3349
3348 3350
3351 3346
3351 3352
3353 249
3353 3346
3354 249
3354 3347
3355 249
3355 3346
3355 3352
3356 249
3356 3352
3356 3347
3357 3352
3357 3347
3358 3346
3358 3344
3359 3347
3359 3344
3360 3361
3360 2677
3362 3361
3362 3363
3364 3339
3364 3365
3366 685
3366 3367
3368 3369
3368 3367
3370 3371
3370 3369
3370 1087
3372 1087
3372 3369
3373 3374
3373 3363
3373 3367
3375 3374
3375 3363
3376 3363
3376 3367
3377 685
3377 3369
3377 3367
3378 3379
3378 3380
3378 3381
3382 3379
3382 3381
3383 3384
3383 3385
3386 3381
3386 3385
3387 3381
3387 3388
3389 3384
3389 3381
3389 3385
3390 3384
3390 3381
3390 3388
3391 3384
3391 3388
3392 3393
3392 3385
3394 3393
3394 3388
3395 3396
3395 3397
3398 3399
3398 3083
3398 3084
3400 1915
3400 3349
3401 3402
3401 1212
3403 3404
3403 3405
3403 3292
3406 3407
3406 3408
3406 3397
3409 1632
3409 259
3409 3410
3411 1915
3411 3350
3412 3361
3412 3413
3412 2687
3414 3408
3414 3397
3415 3416
3415 1099
3415 1097
3417 3416
3417 1107
3418 1838
3418 1850
3419 1838
3419 1848
3420 1838
3420 1850
3420 1848
3421 1838
3421 1099
3422 1099
3422 3423
3424 1838
3424 1099
3424 3423
3425 3416
3425 1099
3426 3416
3426 1097
3427 3264
3427 3428
3429 3407
3429 3397
3430 3431
3430 1752
3432 3433
3432 1752
3434 3433
3434 3431
3434 1752
3435 3264
3435 3436
3435 3437
3438 2540
3438 3439
3438 3440
3441 3431
3441 3440
3442 3431
3442 3443
3444 3431
3444 3443
3444 3440
3445 3446
3445 515
3447 3433
3447 3448
3449 3433
3449 3448
3449 3431
3450 3451
3450 3452
3453 3454
3453 3455
3453 3456
3457 3264
3457 3436
3458 3446
3458 3397
3459 3460
3459 3461
3462 3463
3462 3464
3465 3448
3465 3312
3465 1752
3466 1917
3466 3467
3468 3469
3468 3463
3470 3471
3470 2951
3470 3472
3473 3474
3473 3472
3475 3471
3475 3472
3476 2951
3476 3472
3477 3471
3477 3478
3479 3480
3479 3471
3481 3480
3481 3471
3481 3478
3482 3471
3482 3483
3484 3485
3484 3464
3486 3487
3486 3488
3489 3490
3489 3485
3489 3464
3491 3492
3491 3493
3491 3488
3494 643
3494 3495
3494 3496
3497 3495
3497 3496
3498 643
3498 3495
3499 3500
3499 643
3499 614
3501 3502
3501 3503
3504 3492
3504 3488
3505 3493
3505 3488
3506 1742
3506 2007
3506 3507
3508 3492
3508 3493
3508 3509
3510 3492
3510 3509
3511 1204
3511 3512
3513 3514
3513 3515
3513 3516
3517 3515
3517 3518
3519 3493
3519 3509
3520 1192
3520 1204
3520 3512
3521 3522
3521 3514
3521 1167
3523 3514
3523 1204
3524 3522
3524 3514
3525 3514
3525 1167
3526 3514
3526 3515
3527 3515
3527 3516
3528 1204
3528 3516
3529 3514
3529 1204
3529 3516
3530 1192
3530 3512
3531 1203
3531 3532
3531 3512
3533 3532
3533 3534
3535 3532
3535 3512
3536 3537
3536 2447
3538 1203
3538 3532
3539 799
3539 3540
3539 3541
3542 3540
3542 3541
3543 3544
3543 3545
3543 3546
3547 3544
3547 3546
3548 3545
3548 3546
3549 3545
3549 3550
3549 3551
3552 799
3552 3540
3553 3534
3553 3554
3555 3551
3555 3556
3557 3556
3557 3546
3558 3532
3558 3534
3558 3554
3559 3560
3559 3561
3562 3560
3562 3563
3564 3560
3564 3561
3564 3563
3565 3560
3565 1583
3566 3567
3566 3568
3566 3569
3570 2390
3570 3568
3571 2390
3571 3572
3573 2390
3573 3572
3573 3568
3574 3567
3574 1583
3575 3560
3575 1583
3575 3567
3576 3577
3576 3578
3579 3580
3579 3581
3582 3577
3582 3578
3582 3583
3584 3577
3584 3585
3586 3587
3586 3588
3586 3589
3590 3591
3590 3588
3592 3591
3592 3593
3594 3595
3594 3596
3597 3589
3597 3585
3598 3577
3598 3589
3598 3585
3599 193
3599 3313
3600 3601
3600 3602
3603 3604
3603 3602
3605 3606
3605 3607
3608 3609
3608 3581
3608 3610
3611 3612
3611 3607
3613 3614
3613 3612
3613 3607
3615 3616
3615 3601
3617 3616
3617 3601
3617 3606
3618 3619
3618 3606
3618 3607
3620 3601
3620 3606
3621 2288
3621 1747
3622 2970
3622 2288
3622 1747
3623 2287
3623 2970
3623 2289
3624 2970
3624 1747
3625 1746
3625 3626
3625 1747
3627 3628
3627 3629
3630 3626
3630 1747
3631 1746
3631 3626
3632 1745
3632 1746
3633 3609
3633 3628
3633 3629
3634 3020
3634 3635
3634 3636
3637 3428
3637 3638
3639 3640
3639 3641
3642 3643
3642 3644
3642 1208
3645 3646
3645 1430
3647 3640
3647 2776
3648 916
3648 3646
3649 3650
3649 3651
3649 3652
3653 3654
3653 3655
3656 3657
3656 3655
3658 3654
3658 3657
3658 3655
3659 1303
3659 3655
3660 3661
3660 1303
3662 3661
3662 1303
3662 3655
3663 3664
3663 3665
3666 3664
3666 3667
3668 3664
3668 3667
3668 3665
3669 1131
3669 2882
3670 802
3670 808
3670 1101
3671 3672
3671 3423
3673 802
3673 1101
3674 3675
3674 716
3674 3676
3677 3675
3677 716
3678 716
3678 3676
3679 818
3679 3680
3679 3681
3682 3676
3682 1984
3683 2818
3683 3684
3685 717
3685 3686
3685 2998
3687 717
3687 2998
3688 818
3688 3681
3689 582
3689 3690
3691 790
3691 717
3692 3680
3692 3681
3693 817
3693 803
3693 3680
3694 3695
3694 3696
3697 3698
3697 3696
3697 3699
3700 3695
3700 3696
3700 3644
3701 817
3701 3680
3702 3643
3702 1562
3703 3695
3703 3643
3704 705
3704 692
3705 637
3705 2877
3706 2046
3706 2048
3707 3708
3707 3709
3710 3711
3710 3708
3712 3713
3712 3709
3714 3713
3714 3715
3714 3709
3716 3717
3716 3715
3716 3718
3719 3715
3719 3709
3720 3715
3720 3718
3721 3717
3721 3715
3722 3711
3722 3708
3722 3709
3723 3724
3723 3708
3725 3726
3725 2738
3727 2105
3727 3728
3729 3730
3729 3728
3731 3732
3731 3733
3731 3730
3734 3732
3734 3730
3735 3736
3735 3737
3735 3728
3738 3736
3738 3737
3739 3737
3739 3728
3740 2105
3740 3730
3740 3728
3741 3736
3741 3742
3743 3742
3743 3728
3744 3745
3744 3746
3747 3748
3747 3746
3747 3745
3749 3750
3749 3751
3752 1260
3752 3751
3753 1260
3753 3750
3753 3751
3754 3748
3754 3746
3755 3756
3755 1260
3755 3757
3758 3756
3758 3750
3759 3750
3759 3757
3760 3756
3760 3750
3760 3757
3761 792
3761 190
3761 793
3762 189
3762 793
3763 2818
3763 3764
3765 323
3765 329
3766 2818
3766 3764
3766 3767
3768 3769
3768 3770
3771 2152
3771 1491
3771 1025
3772 1784
3772 3773
3774 959
3774 3773
3775 1979
3775 3776
3777 959
3777 3778
3777 1784
3779 1771
3779 1979
3779 3776
3780 1771
3780 3776
3781 959
3781 951
3781 957
3782 959
3782 951
3783 3778
3783 1784
3784 959
3784 3778
3785 2083
3785 3786
3787 2083
3787 3786
3787 3788
3789 3790
3789 3791
3792 3788
3792 2044
3793 3786
3793 2044
3794 3786
3794 3788
3794 2044
3795 2083
3795 3788
3796 1365
3796 1224
3796 1366
3797 1365
3797 3788
3798 1223
3798 3788
3799 1223
3799 1365
3799 3788
3800 3801
3800 3802
3803 3804
3803 3802
3805 3806
3805 3807
3805 3804
3808 3806
3808 3804
3809 3807
3809 3804
3810 3811
3810 3807
3810 3812
3813 3811
3813 3807
3814 3807
3814 3812
3815 323
3815 331
3815 342
3816 323
3816 342
3817 3818
3817 3819
3820 3804
3820 3821
3822 3801
3822 3804
3822 3802
3823 3824
3823 3825
3823 3826
3827 3824
3827 3826
3828 3824
3828 3825
3829 3830
3829 3831
3829 3832
3833 3830
3833 3832
3834 3830
3834 3831
3835 3836
3835 3837
3835 3831
3838 3837
3838 3831
3839 3836
3839 3840
3841 3824
3841 3840
3842 3843
3842 1514
3844 538
3844 1514
3845 822
3845 3846
3845 837
3847 3848
3847 3849
3850 519
3850 3849
3851 3852
3851 3853
3851 3854
3855 3852
3855 3854
3856 537
3856 3857
3858 537
3858 3852
3859 517
3859 533
3860 537
3860 3852
3860 3857
3861 532
3861 562
3861 2349
3862 1509
3862 538
3863 3404
3863 3300
3864 3865
3864 3866
3867 3865
3867 3868
3867 3869
3870 3868
3870 3869
3871 3865
3871 3868
3872 3865
3872 2744
3872 3873
3874 3865
3874 2744
3875 3865
3875 3873
3876 3873
3876 2388
3876 3877
3878 3873
3878 2388
3879 3873
3879 3877
3880 3404
3880 3300
3880 3881
3882 3883
3882 3884
3885 3886
3885 3887
3888 3698
3888 3644
3888 3699
3889 719
3889 3890
3891 3892
3891 3893
3894 3698
3894 3644
3895 3896
3895 3897
3895 3898
3899 749
3899 79
3899 152
3900 1381
3900 3901
3902 3903
3902 655
3904 3905
3904 2456
3906 723
3906 3907
3908 2456
3908 3884
3909 3910
3909 1009
3911 3886
3911 2939
3912 3913
3912 1009
3914 3910
3914 1009
3914 1010
3915 2287
3915 1010
3916 2964
3916 3917
3916 1010
3918 3910
3918 2287
3918 1010
3919 3910
3919 2287
3920 3308
3920 1043
3921 1040
3921 3308
3921 293
3922 3308
3922 1043
3922 293
3923 1043
3923 293
3924 3913
3924 2287
3924 1009
3925 3913
3925 2287
3926 1041
3926 679
3927 1040
3927 1041
3927 1043
3928 3929
3928 1381
3928 3901
3930 2996
3930 3931
3930 3932
3933 723
3933 3934
3933 3907
3935 3936
3935 3937
3938 3939
3938 3887
3938 2939
3940 2186
3940 3941
3942 331
3942 324
3943 769
3943 3934
3943 3944
3945 3939
3945 3887
3946 3947
3946 2431
3948 3949
3948 3950
3951 723
3951 3934
3952 3939
3952 3886
3952 3953
3954 3955
3954 3956
3954 3957
3958 3955
3958 3956
3959 3960
3959 3961
3962 2701
3962 3960
3962 1797
3963 2701
3963 3960
3963 3961
3964 2701
3964 3961
3965 1797
3965 3957
3966 3961
3966 3957
3967 3955
3967 3957
3968 1797
3968 3961
3968 3957
3969 769
3969 3934
3970 3971
3970 3972
3973 3939
3973 3953
3974 3003
3974 577
3975 3934
3975 3944
3976 3977
3976 3978
3979 3980
3979 3981
3982 3980
3982 3981
3982 3983
3984 3886
3984 3953
3985 3986
3985 3983
3987 3988
3987 3983
3989 3986
3989 3988
3989 3983
3990 3980
3990 3983
3991 3818
3991 3992
3991 3819
3993 3819
3993 3994
3995 3297
3995 3994
3996 3297
3996 3819
3996 3994
3997 3998
3997 3999
3997 4000
4001 769
4001 4002
4003 3886
4003 3887
4003 2939
4004 4005
4004 4006
4007 4006
4007 4008
4009 510
4009 4008
4009 511
4010 511
4010 4008
4011 510
4011 4008
4012 4013
4012 4005
4012 689
4014 4005
4014 689
4015 4013
4015 4005
4016 4013
4016 4017
4016 4018
4019 4013
4019 4017
4020 3929
4020 3947
4021 3003
4021 1140
4021 577
4022 769
4022 4002
4022 770
4023 4024
4023 4025
4026 4002
4026 770
4026 3944
4027 4028
4027 4029
4027 4030
4031 4032
4031 4033
4031 4034
4035 4032
4035 4033
4036 4032
4036 4034
4037 4033
4037 4038
4037 4034
4039 4033
4039 4038
4040 4038
4040 4034
4041 4024
4041 4042
4041 4034
4043 4042
4043 4034
4044 4045
4044 4038
4046 4032
4046 4045
4047 4048
4047 3516
4049 3516
4049 4050
4051 4050
4051 4052
4053 4048
4053 3516
4053 4050
4054 4048
4054 4050
4054 4052
4055 4048
4055 4052
4056 3516
4056 4057
4058 4057
4058 4052
4059 4060
4059 4061
4062 3516
4062 4057
4062 4052
4063 1991
4063 1992
4064 994
4064 4065
4064 4066
4067 4068
4067 3268
4067 4069
4070 4068
4070 3268
4071 4068
4071 4069
4072 3268
4072 4069
4072 4073
4074 3268
4074 4073
4075 4069
4075 4073
4076 4077
4076 4078
4076 4069
4079 4077
4079 4069
4080 4078
4080 4069
4081 3955
4081 4082
4081 4078
4083 162
4083 163
4084 4065
4084 4066
4085 4086
4085 4087
4085 4088
4089 4090
4089 4088
4091 4092
4091 4093
4091 4094
4095 4094
4095 4096
4097 4093
4097 4094
4098 4092
4098 4094
4099 2012
4099 4093
4100 4101
4100 2012
4100 4093
4102 4101
4102 4092
4102 2012
4103 4101
4103 4093
4104 4096
4104 4105
4106 4094
4106 4096
4106 4105
4107 4087
4107 4088
4108 305
4108 306
4108 301
4109 4110
4109 2039
4109 4111
4112 303
4112 306
4113 4114
4113 4115
4116 4117
4116 4115
4118 193
4118 4114
4119 193
4119 3311
4119 4114
4120 4117
4120 4121
4122 4117
4122 4114
4122 4121
4123 4117
4123 4114
4123 4115
4124 4114
4124 4121
4125 4126
4125 1922
4125 1451
4127 4128
4127 4115
4129 4130
4129 3352
4131 4086
4131 4088
4132 1234
4132 950
4133 4110
4133 2039
4134 351
4134 4135
4136 2887
4136 4137
4138 305
4138 301
4139 4140
4139 2227
4141 4142
4141 4143
4144 4145
4144 4143
4146 4147
4146 4148
4149 4150
4149 4148
4149 4151
4152 4147
4152 4150
4152 4148
4153 4147
4153 4150
4154 4142
4154 4151
4155 4147
4155 4142
4156 4142
4156 4157
4158 4147
4158 4142
4158 4151
4159 4145
4159 4142
4159 4157
4160 4145
4160 4157
4161 3093
4161 3094
4161 4162
4163 499
4163 2991
4164 3100
4164 3120
4165 4166
4165 4167
4168 3094
4168 4162
4169 3093
4169 4162
4169 3120
4170 510
4170 4171
4172 4173
4172 2298
4174 4175
4174 2401
4176 4177
4176 4178
4179 4180
4179 344
4181 4182
4181 4183
4184 4177
4184 4185
4186 75
4186 64
4187 4188
4187 837
4189 1961
4189 1971
4190 4191
4190 4192
4190 4193
4194 1971
4194 1966
4195 76
4195 64
4196 4197
4196 4198
4196 4111
4199 920
4199 1662
4200 4201
4200 920
4202 3451
4202 4203
4204 4205
4204 3451
4204 1457
4206 3451
4206 4092
4206 4203
4207 4092
4207 4203
4208 4205
4208 4209
4208 4210
4211 4205
4211 4210
4212 3451
4212 1457
4213 4205
4213 3451
4214 4092
4214 3452
4215 4198
4215 4111
4216 4217
4216 3561
4216 4218
4219 3567
4219 3561
4220 3561
4220 4218
4221 4217
4221 3561
4222 3572
4222 3567
4223 3572
4223 3569
4224 3567
4224 3563
4225 3567
4225 3561
4225 3563
4226 3485
4226 3490
4226 3469
4227 3490
4227 3464
4228 3572
4228 3567
4228 3569
4229 3572
4229 3182
4230 3490
4230 4231
4232 3490
4232 4233
4232 4231
4234 3490
4234 3469
4235 3485
4235 3469
4236 4237
4236 4238
4236 4239
4240 2026
4240 4238
4241 4238
4241 4239
4242 4237
4242 4238
4243 4244
4243 4245
4246 4244
4246 4247
4248 4249
4248 2026
4250 4249
4250 2026
4250 4238
4251 4244
4251 4247
4251 4245
4252 2904
4252 4244
4253 3595
4253 4254
4253 4255
4256 3580
4256 3581
4256 4257
4258 3595
4258 4255
4259 3595
4259 4254
4260 4261
4260 4262
4263 4261
4263 4264
4263 4262
4265 4264
4265 4266
4265 214
4267 4261
4267 4264
4268 3609
4268 4269
4270 4269
4270 3629
4271 4272
4271 3596
4273 3595
4273 4272
4273 3596
4274 4275
4274 4276
4277 4276
4277 4173
4278 4279
4278 4280
4281 4282
4281 4279
4281 4280
4283 4173
4283 4280
4284 4285
4284 4173
4286 4285
4286 4173
4286 4280
4287 4275
4287 4280
4288 4275
4288 4285
4289 4275
4289 4285
4289 4280
4290 4291
4290 4292
4293 4294
4293 4295
4296 2430
4296 4297
4298 4299
4298 4300
4301 4294
4301 4302
4303 4302
4303 3737
4303 4304
4305 4302
4305 3737
4306 2340
4306 2725
4307 4308
4307 4309
4310 4294
4310 4311
4310 4312
4313 2368
4313 2340
4313 2341
4314 4315
4314 4316
4314 4317
4318 4319
4318 4320
4318 3200
4321 4294
4321 4311
4322 4319
4322 3200
4323 4294
4323 4302
4323 4295
4324 870
4324 867
4325 3896
4325 3897
4326 3897
4326 3898
4327 2995
4327 3932
4328 869
4328 867
4329 2995
4329 1896
4329 3932
4330 1896
4330 3932
4331 2996
4331 3931
4332 3380
4332 3381
4333 4334
4333 3931
4335 4320
4335 4336
4337 2615
4337 1554
4338 3905
4338 2456
4338 3884
4339 1863
4339 1969
4340 4341
4340 4320
4342 4343
4342 4344
4345 3580
4345 4346
4345 4347
4348 4320
4348 3200
4349 3216
4349 2784
4349 4350
4351 4341
4351 4320
4351 4336
4352 892
4352 900
4352 897
4353 3638
4353 4354
4355 4356
4355 4357
4358 4356
4358 4359
4358 4360
4361 3580
4361 4362
4361 3751
4363 4364
4363 4360
4363 4359
4365 4364
4365 4359
4366 4356
4366 4359
4367 4356
4367 4360
4368 4360
4368 2835
4369 4360
4369 4370
4371 4364
4371 4360
4372 4360
4372 4370
4372 2835
4373 4374
4373 3379
4373 3262
4375 614
4375 4376
4377 4175
4377 4376
4378 3717
4378 4379
4380 3717
4380 1721
4381 1739
4381 3713
4381 4382
4383 4379
4383 1723
4384 4379
4384 1720
4385 4379
4385 1720
4385 1723
4386 1021
4386 4382
4387 1021
4387 4382
4387 1721
4388 3713
4388 4382
4389 1739
4389 3713
4390 4391
4390 4392
4393 2552
4393 4394
4395 4396
4395 4397
4398 4399
4398 4400
4398 2537
4401 4402
4401 4312
4403 4294
4403 4402
4404 137
4404 138
4404 1220
4405 641
4405 4406
4407 4399
4407 4408
4409 4410
4409 4316
4409 4317
4411 4410
4411 4317
4412 4315
4412 4317
4413 4315
4413 4316
4414 4315
4414 4415
4416 4408
4416 2537
4417 4315
4417 4410
4417 4415
4418 4410
4418 4415
4419 1863
4419 998
4420 1863
4420 1864
4421 3580
4421 4347
4422 4423
4422 4424
4422 4425
4426 1863
4426 4427
4426 1969
4428 4427
4428 1969
4429 75
4429 1968
4430 1968
4430 1969
4431 3580
4431 3751
4432 4408
4432 4433
4434 4435
4434 4362
4434 4436
4437 3580
4437 4362
4438 4346
4438 4362
4438 3751
4439 4346
4439 4347
4440 4346
4440 4362
4441 4423
4441 4425
4442 4400
4442 4408
4442 4433
4443 4433
4443 4444
4445 1119
4445 1520
4446 912
4446 904
4447 4448
4447 4449
4450 4451
4450 4452
4453 4454
4453 4455
4456 4454
4456 4457
4458 4459
4458 4457
4458 4455
4460 4459
4460 4455
4461 4459
4461 4457
4462 4457
4462 954
4462 950
4463 4464
4463 4465
4466 4464
4466 4465
4466 4467
4468 4465
4468 4467
4468 2177
4469 4464
4469 4467
4470 4467
4470 2177
4471 4465
4471 2177
4472 4473
4472 4467
4474 4473
4474 4475
4474 4467
4476 4477
4476 4478
4476 4475
4479 926
4479 922
4480 2341
4480 4481
4482 4483
4482 2341
4482 4481
4484 4485
4484 394
4486 4487
4486 4485
4486 394
4488 4489
4488 4487
4488 394
4490 4487
4490 4485
4491 4489
4491 4483
4491 4485
4492 4483
4492 4481
4493 4483
4493 4485
4494 4489
4494 4483
4495 1218
4495 1234
4496 1234
4496 4497
4496 950
4498 4499
4498 646
4500 4499
4500 4501
4500 646
4502 662
4502 4499
4503 2704
4503 662
4504 4505
4504 4501
4506 4507
4506 4501
4508 4505
4508 4507
4508 4501
4509 4499
4509 4501
4510 42
4510 126
4510 1220
4511 2704
4511 662
4511 4499
4512 4513
4512 4499
4514 42
4514 1220
4515 4516
4515 4478
4517 4516
4517 4478
4517 4518
4519 1771
4519 4497
4520 4521
4520 4478
4522 4521
4522 4478
4522 4523
4524 419
4524 2839
4524 4523
4525 4478
4525 4523
4526 4521
4526 4518
4526 4523
4527 4516
4527 4518
4528 4518
4528 4523
4529 4521
4529 4518
4530 1234
4530 4497
4531 4532
4531 4533
4534 4535
4534 4532
4536 2856
4536 1438
4537 1749
4537 1438
4537 1439
4538 4539
4538 4535
4540 4541
4540 4539
4540 4542
4543 4539
4543 4535
4543 4544
4545 4535
4545 4544
4546 4541
4546 4542
4546 4544
4547 4542
4547 4544
4548 4542
4548 4539
4549 4541
4549 4539
4550 4551
4550 548
4552 544
4552 4553
4552 4554
4555 4556
4555 4557
4558 550
4558 4553
4558 545
4559 550
4559 4553
4560 544
4560 4554
4561 4553
4561 4554
4562 564
4562 4563
4564 4565
4564 4563
4566 4553
4566 545
4567 564
4567 4565
4567 4563
4568 4569
4568 4570
4571 600
4571 4569
4571 4572
4573 1012
4573 4574
4575 4576
4575 1012
4577 1399
4577 4574
4578 4576
4578 1012
4578 4574
4579 1399
4579 4574
4579 4580
4581 1399
4581 4580
4582 600
4582 4572
4583 600
4583 4569
4584 4585
4584 697
4586 4585
4586 697
4586 694
4587 4588
4587 4589
4587 4590
4591 4585
4591 694
4592 4588
4592 4589
4593 4589
4593 4590
4594 4595
4594 4588
4596 4595
4596 4588
4596 4597
4598 4599
4598 4600
4598 4597
4601 4588
4601 4597
4602 621
4602 623
4603 622
4603 623
4604 4605
4604 4606
4604 622
4607 4606
4607 622
4608 4605
4608 622
4609 4605
4609 621
4609 4606
4610 621
4610 4606
4611 4605
4611 621
4612 2491
4612 4017
4613 1644
4613 4614
4613 2582
4615 2582
4615 4614
4616 3332
4616 623
4617 97
4617 4618
4619 3337
4619 4618
4620 3337
4620 4621
4620 97
4622 4621
4622 97
4623 4624
4623 4621
4623 4618
4625 4624
4625 4621
4626 4370
4626 2775
4627 3337
4627 97
4627 4618
4628 4629
4628 4630
4628 3322
4631 3541
4631 4629
4632 4285
4632 89
4633 4285
4633 4624
4634 162
4634 4630
4635 162
4635 4630
4635 3330
4636 161
4636 163
4636 3330
4637 4630
4637 3330
4638 533
4638 532
4638 4639
4640 533
4640 4639
4641 517
4641 243
4642 4639
4642 243
4643 232
4643 519
4644 4645
4644 232
4646 532
4646 4639
4647 4645
4647 232
4647 519
4648 4649
4648 2349
4650 517
4650 4639
4650 243
4651 2510
4651 4652
4651 3317
4653 4654
4653 2547
4655 2510
4655 4652
4656 4657
4656 4658
4659 950
4659 957
4660 4661
4660 2545
4660 2547
4662 4661
4662 2547
4663 4664
4663 2497
4665 4664
4665 2148
4665 547
4666 4667
4666 4668
4666 4669
4670 4671
4670 4672
4673 4664
4673 547
4674 4664
4674 2148
4675 3848
4675 3869
4675 4676
4677 3848
4677 3869
4678 3848
4678 4676
4679 2387
4679 4680
4679 4676
4681 518
4681 4682
4683 841
4683 4682
4683 2393
4684 2393
4684 4682
4685 841
4685 4682
4686 518
4686 4680
4686 4682
4687 518
4687 4680
4688 4689
4688 4690
4691 4671
4691 4654
4692 4689
4692 4693
4694 894
4694 4695
4696 4457
4696 954
4697 4457
4697 950
4698 4699
4698 4700
4701 4702
4701 4703
4704 4705
4704 2001
4706 1867
4706 4705
4707 2202
4707 4708
4709 4710
4709 4711
4712 4713
4712 4714
4715 4702
4715 4297
4716 4717
4716 4714
4718 4719
4718 4717
4720 2043
4720 4721
4722 4719
4722 4717
4722 4714
4723 4475
4723 4467
4724 4721
4724 4725
4726 4727
4726 4728
4729 4730
4729 2554
4731 4006
4731 3949
4732 3971
4732 4733
4732 4734
4735 3384
4735 4736
4735 3638
4737 4738
4737 3583
4739 4738
4739 422
4740 4654
4740 4721
4741 4738
4741 422
4741 3583
4742 4738
4742 4743
4742 4734
4744 4743
4744 4734
4745 3971
4745 4733
4746 4733
4746 4734
4747 869
4747 4748
4749 4748
4749 4750
4749 4751
4752 869
4752 4753
4752 4748
4754 869
4754 4753
4755 138
4755 4750
4755 591
4756 138
4756 4750
4757 4748
4757 4751
4758 4748
4758 4750
4759 2043
4759 4721
4759 4725
4760 4341
4760 870
4761 869
4761 4341
4762 1799
4762 4763
4764 3769
4764 3770
4764 4765
4766 4767
4766 4768
4769 4768
4769 4770
4771 4767
4771 3352
4772 4767
4772 3352
4772 4773
4774 4775
4774 4130
4774 4773
4776 4767
4776 4773
4777 4775
4777 4773
4778 4130
4778 4773
4779 4767
4779 4768
4779 4770
4780 4781
4780 4767
4782 4783
4782 4784
4782 4785
4786 4783
4786 4785
4787 3363
4787 2677
4787 4788
4789 2677
4789 4788
4790 3363
4790 4788
4791 4792
4791 3413
4791 4793
4794 4792
4794 4793
4795 3413
4795 4793
4796 1362
4796 1363
4797 3413
4797 2687
4798 3361
4798 3413
4799 4800
4799 4801
4799 4061
4802 3396
4802 515
4802 3397
4803 4171
4803 4652
4803 3941
4804 4805
4804 4806
4804 4807
4808 3262
4808 4736
4809 4810
4809 4811
4809 4812
4813 4810
4813 4814
4815 4810
4815 4811
4816 4810
4816 4812
4817 4811
4817 2337
4818 4819
4818 4811
4818 2337
4820 4821
4820 721
4820 2241
4822 4819
4822 4811
4823 4821
4823 4814
4824 4810
4824 4821
4824 4814
4825 4826
4825 2554
4827 4828
4827 3428
4829 4727
4829 4830
4829 4831
4832 4727
4832 4210
4833 4828
4833 3436
4833 3437
4834 4830
4834 4835
4836 4830
4836 4837
4836 4835
4838 4727
4838 4830
4839 4727
4839 4831
4840 4831
4840 4837
4841 4828
4841 3264
4841 3428
4842 4831
4842 4837
4842 4835
4843 4830
4843 4837
4844 4311
4844 4312
4845 4846
4845 4847
4845 673
4848 4849
4848 4850
4848 4851
4852 4828
4852 3436
4853 4854
4853 2301
4853 2284
4855 4847
4855 4856
4857 4847
4857 4858
4859 4847
4859 4856
4859 4858
4860 4828
4860 3437
4861 4862
4861 673
4863 4862
4863 4847
4863 673
4864 4846
4864 4847
4865 4846
4865 673
4866 4867
4866 4868
4866 4850
4869 4868
4869 4850
4870 4871
4870 4872
4873 1576
4873 1577
4873 1585
4874 4875
4874 4876
4874 4877
4878 4879
4878 2200
4880 4879
4880 4881
4880 4882
4883 4879
4883 4882
4884 4879
4884 4881
4885 4881
4885 4886
4885 4887
4888 4881
4888 4887
4889 4881
4889 4886
4890 4882
4890 4886
4890 4887
4891 4882
4891 4887
4892 4882
4892 4886
4893 4894
4893 4895
4896 4897
4896 4898
4899 4894
4899 4900
4899 4805
4901 4894
4901 4900
4902 4900
4902 4805
4903 4904
4903 4905
4906 4876
4906 4877
4907 4908
4907 4909
4907 4910
4911 4908
4911 4898
4912 4904
4912 2843
4913 4908
4913 4910
4914 4904
4914 2843
4914 4915
4916 16
4916 4917
4918 2830
4918 2843
4919 4920
4919 1121
4921 4922
4921 358
4923 4924
4923 1968
4925 2914
4925 4926
4925 4927
4928 4929
4928 1121
4928 1122
4930 4926
4930 4927
4931 2914
4931 4926
4932 1478
4932 4927
4933 4934
4933 1478
4933 4927
4935 4934
4935 4936
4935 2434
4937 4934
4937 4927
4938 1749
4938 2857
4938 1439
4939 4940
4939 2914
4941 4940
4941 2914
4941 4927
4942 1749
4942 2857
4943 2857
4943 1439
4944 4945
4944 1439
4944 1891
4946 4947
4946 4948
4949 1501
4949 4947
4950 4951
4950 4952
4950 4953
4954 2648
4954 4955
4956 4945
4956 1439
4957 4958
4957 1515
4959 4952
4959 4960
4961 4958
4961 4962
4963 4964
4963 4233
4965 4958
4965 4962
4965 4966
4967 1503
4967 4948
4968 1500
4968 4948
4969 1500
4969 1503
4969 4948
4970 4971
4970 4972
4973 872
4973 4972
4974 4975
4974 4976
4974 4977
4978 4979
4978 3009
4980 4976
4980 4977
4981 4975
4981 4977
4982 4976
4982 4983
4984 4985
4984 4976
4984 4983
4986 4985
4986 4975
4986 4983
4987 4985
4987 4976
4988 4985
4988 4975
4989 4975
4989 4983
4990 4991
4990 4992
4993 4992
4993 200
4994 4995
4994 4996
4994 4255
4997 4991
4997 199
4998 4991
4998 202
4999 4991
4999 202
4999 199
5000 4996
5000 5001
5002 4996
5002 5003
5002 5001
5004 4995
5004 4996
5005 4995
5005 4255
5006 5007
5006 5008
5006 1121
5009 5010
5009 5011
5012 4444
5012 5010
5013 4868
5013 5014
5015 4868
5015 5016
5015 5017
5018 5019
5018 5020
5018 5011
5021 4876
5021 5011
5022 4444
5022 4876
5023 4444
5023 4876
5023 5011
5024 5016
5024 2714
5025 5026
5025 5017
5025 2714
5027 5026
5027 5017
5028 5017
5028 2714
5029 4868
5029 5017
5030 4868
5030 5016
5031 5016
5031 2714
5031 5026
5032 5016
5032 5026
5033 5007
5033 1121
5034 5035
5034 5036
5037 5035
5037 5038
5037 5036
5039 5040
5039 5041
5042 5043
5042 5038
5044 1134
5044 5038
5045 5043
5045 1134
5045 5038
5046 5035
5046 5038
5047 5048
5047 5049
5047 5050
5051 5049
5051 5036
5052 5053
5052 5036
5054 5053
5054 5049
5054 5036
5055 4334
5055 5056
5055 5057
5058 4334
5058 5057
5059 3407
5059 3408
5059 5060
5061 4929
5061 1122
5062 5063
5062 5064
5065 5066
5065 5063
5067 5066
5067 5068
5067 5069
5070 5056
5070 5057
5071 5056
5071 3897
5071 3931
5072 5056
5072 3897
5073 5056
5073 3931
5074 5075
5074 1799
5076 3408
5076 4700
5077 5075
5077 1799
5077 4763
5078 5079
5078 5080
5078 5081
5082 5079
5082 5081
5083 5084
5083 5079
5083 358
5085 5079
5085 358
5086 5084
5086 5079
5087 5088
5087 5084
5087 5089
5090 5080
5090 5081
5091 5084
5091 5080
5091 358
5092 5080
5092 358
5093 5084
5093 5080
5094 2012
5094 2136
5094 5095
5096 5097
5096 5098
5096 5099
5100 5101
5100 5102
5103 5102
5103 5104
5105 5106
5105 5095
5107 5108
5107 5095
5107 4105
5109 5108
5109 5106
5109 5095
5110 5111
5110 5098
5112 5113
5112 5114
5115 5114
5115 5116
5117 5118
5117 490
5119 5120
5119 5118
5119 490
5121 5122
5121 5123
5124 5122
5124 5114
5124 5123
5125 5113
5125 5114
5125 5116
5126 5122
5126 5114
5127 5128
5127 3718
5129 3717
5129 5128
5130 3713
5130 5131
5132 3708
5132 3058
5133 5134
5133 3708
5133 3058
5135 3046
5135 3709
5136 3709
5136 3046
5136 5131
5137 3713
5137 3715
5137 5131
5138 3046
5138 5131
5139 1276
5139 1278
5140 1276
5140 5141
5140 5142
5143 1276
5143 5142
5144 1276
5144 5141
5145 1277
5145 5141
5145 5142
5146 1277
5146 5142
5147 3013
5147 5099
5148 4308
5148 5099
5149 4308
5149 3013
5149 5099
5150 5008
5150 1121
5151 5097
5151 3013
5152 2920
5152 3910
5153 4308
5153 5097
5154 5075
5154 5155
5154 4763
5156 4308
5156 5097
5156 3013
5157 5097
5157 5098
5158 5098
5158 5099
5159 5160
5159 5008
5159 5161
5162 2920
5162 5163
5162 3910
5164 5165
5164 190
5166 5155
5166 3960
5167 2482
5167 5168
5167 1377
5169 5170
5169 3118
5171 2611
5171 2482
5172 2482
5172 2611
5172 5168
5173 1799
5173 3960
5174 2594
5174 5175
5176 2652
5176 2594
5176 2595
5177 2594
5177 5175
5177 5178
5179 5175
5179 5178
5180 705
5180 954
5181 5182
5181 470
5183 2594
5183 5184
5185 4459
5185 705
5185 954
5186 2594
5186 5184
5186 5178
5187 5184
5187 5178
5188 5189
5188 5190
5191 444
5191 5190
5192 444
5192 1269
5193 5189
5193 444
5193 1269
5194 5189
5194 4940
5194 4926
5195 5155
5195 1799
5195 3960
5196 5189
5196 4940
5197 5189
5197 4926
5198 5189
5198 444
5198 5190
5199 5190
5199 5200
5201 5202
5201 5203
5204 5202
5204 5205
5206 5202
5206 5203
5206 5205
5207 5202
5207 5208
5209 2
5209 5208
5210 5202
5210 2
5210 5208
5211 5212
5211 5208
5213 5214
5213 5215
5216 5212
5216 5208
5216 5217
5218 5212
5218 5219
5220 5221
5220 5222
5220 2567
5223 5222
5223 5224
5225 5226
5225 5227
5228 5229
5228 5226
5230 5231
5230 2806
5232 5231
5232 2806
5232 5226
5233 2805
5233 5226
5234 5231
5234 2805
5235 5236
5235 5237
5238 5239
5238 5240
5241 5242
5241 5170
5243 5242
5243 5244
5245 5246
5245 5247
5245 5248
5249 5246
5249 5248
5250 1357
5250 5251
5250 5248
5252 5251
5252 5248
5253 1357
5253 5248
5254 5255
5254 5256
5254 5257
5258 5246
5258 5247
5259 1357
5259 5251
5259 5247
5260 5251
5260 5247
5261 1357
5261 5247
5262 5263
5262 5236
5262 5264
5265 5266
5265 5267
5265 5268
5269 5270
5269 5271
5269 3840
5272 5270
5272 3840
5273 5274
5273 4563
5273 5275
5276 4563
5276 5275
5277 5274
5277 5275
5278 5274
5278 5279
5278 4554
5280 5270
5280 5271
5281 5282
5281 5271
5281 5275
5283 5282
5283 5271
5284 5271
5284 5275
5285 5286
5285 360
5287 5236
5287 5264
5288 5289
5288 3764
5290 1815
5290 5291
5292 4922
5292 360
5293 5263
5293 5236
5294 3011
5294 1869
5295 5296
5295 4595
5295 223
5297 5296
5297 39
5298 5286
5298 4922
5298 358
5299 4599
5299 5300
5301 4599
5301 223
5302 5263
5302 5303
5302 5304
5305 4599
5305 4595
5306 4595
5306 4600
5307 4599
5307 4595
5307 4600
5308 5296
5308 4595
5309 5296
5309 223
5310 5311
5310 5312
5313 988
5313 5237
5313 5312
5314 988
5314 5312
5315 5237
5315 5312
5316 5317
5316 1809
5318 5311
5318 5317
5319 5311
5319 5320
5319 5312
5321 5322
5321 5317
5323 5311
5323 5317
5323 1809
5324 5325
5324 5038
5326 5327
5326 5328
5329 5327
5329 5330
5331 5332
5331 3071
5331 5333
5334 5286
5334 358
5335 5336
5335 284
5337 5338
5337 5339
5337 5340
5341 5339
5341 5340
5342 5343
5342 5330
5344 5340
5344 5330
5345 5346
5345 5330
5347 5343
5347 5340
5347 5330
5348 5328
5348 5346
5348 5330
5349 5346
5349 5328
5350 533
5350 5351
5352 5351
5352 842
5352 5353
5354 5351
5354 5353
5355 5351
5355 842
5356 5357
5356 845
5358 5357
5358 844
5359 533
5359 841
5359 5351
5360 533
5360 841
5361 5357
5361 562
5362 5357
5362 844
5362 845
5363 5364
5363 1179
5365 1179
5365 5366
5367 5368
5367 5366
5369 5364
5369 1179
5369 5366
5370 5366
5370 5371
5372 5373
5372 5371
5372 5374
5375 5366
5375 5371
5375 5376
5377 5366
5377 5376
5378 4171
5378 2492
5379 1379
5379 284
5380 5364
5380 5368
5380 5366
5381 5364
5381 5368
5382 3211
5382 28
5383 5384
5383 4922
5383 5385
5386 5387
5386 5388
5386 5303
5389 5390
5389 4814
5391 5289
5391 3684
5391 3764
5392 1644
5392 4614
5393 521
5393 224
5394 1643
5394 1644
5394 2582
5395 423
5395 424
5396 2713
5396 1644
5397 3433
5397 5398
5399 3070
5399 5332
5400 5384
5400 4922
5401 5215
5401 5402
5401 4700
5403 5215
5403 5402
5404 5402
5404 4700
5405 390
5405 5215
5405 4700
5406 390
5406 5215
5407 2713
5407 5408
5407 1644
5409 5410
5409 3396
5409 3446
5411 1896
5411 1899
5412 5408
5412 1644
5413 390
5413 5414
5415 5402
5415 5414
5416 4702
5416 3433
5416 5398
5417 3070
5417 5333
5418 4922
5418 5385
5419 1166
5419 5420
5421 1166
5421 5422
5423 5422
5423 5424
5423 3628
5425 5422
5425 5424
5426 5420
5426 5424
5426 3628
5427 4733
5427 5428
5427 3950
5429 4733
5429 5428
5430 5428
5430 3950
5431 3949
5431 5432
5431 3950
5433 1815
5433 1817
5433 5291
5434 5435
5434 3583
5436 422
5436 5435
5437 5438
5437 5428
5437 5435
5439 4624
5439 4618
5440 162
5440 3541
5440 4629
5441 5442
5441 5443
5441 5444
5445 5442
5445 5444
5446 5442
5446 5443
5447 5448
5447 1600
5447 5449
5450 5451
5450 5452
5453 5454
5453 5442
5453 5455
5456 5454
5456 5455
5457 5454
5457 5442
5458 5459
5458 5460
5461 5462
5461 2491
5461 5460
5463 5464
5463 5451
5463 5452
5465 5464
5465 5452
5466 5467
5466 5274
5466 5468
5469 5467
5469 5274
5470 2491
5470 5460
5471 5462
5471 5460
5472 4629
5472 3322
5473 5474
5473 5475
5476 5477
5476 5475
5478 5479
5478 5480
5478 4397
5481 5479
5481 5474
5482 4033
5482 5474
5483 5479
5483 4033
5483 5474
5484 4033
5484 4397
5485 4033
5485 5480
5485 4397
5486 5479
5486 5480
5487 5479
5487 4397
5488 5489
5488 5490
5491 5390
5491 5492
5493 3818
5493 5494
5493 5495
5496 1778
5496 5497
5498 1774
5498 1778
5499 5500
5499 1772
5501 1772
5501 5502
5503 5504
5503 5502
5503 1227
5505 1227
5505 5502
5506 1774
5506 1771
5506 1772
5507 1774
5507 1771
5508 1774
5508 1772
5509 5500
5509 1772
5509 5502
5510 5511
5510 514
5512 4359
5512 5513
5514 3818
5514 5494
5515 1212
5515 5516
5515 1210
5517 5518
5517 5519
5520 5518
5520 5521
5522 134
5522 5523
5524 134
5524 135
5524 5523
5525 5526
5525 134
5527 5526
5527 5528
5529 5526
5529 134
5529 5528
5530 5526
5530 1691
5531 1691
5531 2267
5532 5526
5532 1691
5532 2267
5533 3270
5533 5534
5535 5536
5535 5534
5537 5538
5537 5513
5537 2836
5539 354
5539 360
5540 2577
5540 385
5540 5541
5542 1041
5542 679
5542 283
5543 4359
5543 5513
5543 5544
5545 5286
5545 4922
5545 360
5546 44
5546 390
5547 283
5547 679
5548 2544
5548 2545
5549 1571
5549 5550
5551 1571
5551 1959
5552 3071
5552 3032
5553 2584
5553 1959
5554 5555
5554 5556
5557 5555
5557 5558
5557 5556
5559 2584
5559 5550
5560 2584
5560 5556
5560 5550
5561 2584
5561 5556
5561 1959
5562 5556
5562 5550
5563 5556
5563 1959
5564 3070
5564 3032
5565 5566
5565 5567
5565 5568
5569 5567
5569 5570
5569 5571
5572 4210
5572 4209
5572 1457
5573 186
5573 2746
5573 441
5574 5575
5574 2473
5574 2474
5576 2788
5576 2793
5576 2792
5577 5578
5577 5579
5580 5581
5580 4962
5582 5581
5582 5583
5584 4218
5584 5581
5585 5586
5585 1069
5585 5587
5588 5589
5588 3487
5590 5581
5590 5583
5590 4962
5591 5589
5591 5592
5593 5586
5593 3978
5594 5583
5594 4947
5595 5586
5595 3978
5595 4693
5596 5586
5596 4693
5597 5598
5597 1069
5599 5589
5599 3487
5599 5592
5600 5586
5600 5587
5601 1501
5601 4947
5601 4948
5602 5064
5602 5068
5603 5069
5603 5064
5604 5069
5604 5064
5604 5068
5605 3487
5605 5606
5607 5608
5607 5609
5607 5610
5611 1961
5611 5583
5611 4947
5612 5068
5612 5613
5614 5608
5614 5068
5614 5613
5615 5606
5615 5592
5616 1961
5616 5583
5617 3084
5617 5613
5618 5064
5618 3084
5618 5613
5619 3487
5619 5606
5619 5592
5620 5621
5620 5606
5622 5589
5622 5621
5623 3443
5623 5624
5625 2140
5625 2146
5626 2141
5626 2175
5626 2146
5627 4247
5627 4239
5628 2758
5628 5629
5628 2760
5630 1848
5630 2758
5631 5632
5631 5633
5631 1699
5634 5632
5634 5635
5636 5637
5636 3423
5638 5632
5638 1699
5639 2758
5639 2760
5640 2758
5640 5629
5641 2756
5641 5642
5643 5644
5643 5642
5645 2756
5645 5644
5645 5642
5646 3423
5646 5642
5647 772
5647 5648
5647 3563
5649 5650
5649 5651
5652 5648
5652 3563
5653 772
5653 3563
5654 773
5654 5648
5655 775
5655 773
5655 5648
5656 777
5656 5657
5656 3569
5658 775
5658 5648
5659 5660
5659 3463
5661 5660
5661 3463
5661 5662
5663 5650
5663 2322
5664 5650
5664 2322
5664 5651
5665 5666
5665 5667
5668 4975
5668 5666
5669 4975
5669 5666
5669 5667
5670 3604
5670 5666
5671 4977
5671 5667
5671 3612
5672 5673
5672 5667
5674 4975
5674 5673
5675 4975
5675 5673
5675 5667
5676 5677
5676 5678
5679 3589
5679 3593
5680 3604
5680 5673
5681 3604
5681 5666
5681 5673
5682 5683
5682 5684
5685 5686
5685 5684
5687 5686
5687 5683
5687 5684
5688 5689
5688 5684
5690 5683
5690 5691
5690 3554
5692 5683
5692 2141
5693 5686
5693 2141
5694 5686
5694 5683
5694 2141
5695 5689
5695 2141
5696 5689
5696 5684
5696 2141
5697 5698
5697 5699
5697 5700
5701 5698
5701 5700
5702 5703
5702 5704
5702 5705
5706 5707
5706 4992
5708 5698
5708 3317
5709 3317
5709 5699
5710 5699
5710 5700
5711 5698
5711 3317
5711 5699
5712 206
5712 204
5712 5713
5714 5703
5714 5713
5715 206
5715 5713
5716 204
5716 5713
5717 5703
5717 5704
5718 5704
5718 5705
5719 5703
5719 199
5720 5703
5720 199
5720 5713
5721 1045
5721 1164
5721 1130
5722 2835
5722 5723
5724 3043
5724 3040
5725 5726
5725 5444
5727 5728
5727 5726
5727 5444
5729 1304
5729 5728
5729 3651
5730 5728
5730 5444
5731 1303
5731 569
5731 5732
5733 5464
5733 5732
5734 569
5734 5732
5735 1303
5735 5732
5736 5737
5736 3551
5738 3551
5738 5739
5740 5464
5740 1304
5741 5464
5741 1304
5741 5732
5742 5743
5742 5739
5744 2770
5744 5743
5744 943
5745 5743
5745 943
5746 2770
5746 5743
5747 5003
5747 5705
5748 3043
5748 5749
5748 5750
5751 5752
5751 917
5753 1104
5753 1105
5753 1107
5754 1109
5754 805
5755 1109
5755 806
5756 1109
5756 805
5756 806
5757 5758
5757 1104
5759 5758
5759 3416
5759 1104
5760 802
5760 1109
5760 209
5761 3416
5761 1104
5762 380
5762 5763
5762 5111
5764 380
5764 5111
5765 751
5765 5766
5767 5750
5767 5749
5767 3044
5768 5769
5768 2598
5768 5770
5771 3757
5771 5770
5772 3757
5772 1261
5773 3757
5773 1261
5773 5770
5774 3724
5774 5775
5776 2597
5776 5775
5777 2597
5777 3724
5777 5775
5778 3745
5778 5775
5779 5769
5779 3745
5780 5769
5780 3745
5780 5775
5781 5782
5781 5783
5781 733
5784 5783
5784 733
5785 5782
5785 5783
5786 5787
5786 5782
5786 733
5788 5789
5788 5790
5788 1168
5791 5790
5791 5792
5793 5794
5793 5795
5796 5749
5796 3044
5797 1961
5797 1971
5797 1966
5798 4710
5798 4717
5798 4711
5799 189
5799 1867
5800 1966
5800 1962
5801 4710
5801 4713
5802 5803
5802 951
5802 2654
5804 1866
5804 5805
5806 1866
5806 793
5807 4710
5807 4717
5808 189
5808 5805
5809 5810
5809 5811
5812 1433
5812 5810
5813 5814
5813 1432
5815 5814
5815 1432
5815 5810
5816 1433
5816 5810
5816 5811
5817 5814
5817 5810
5818 707
5818 5794
5819 707
5819 5820
5821 5822
5821 5823
5824 5142
5824 5823
5825 5822
5825 4198
5826 5822
5826 5827
5826 4198
5828 5142
5828 5827
5828 4198
5829 5822
5829 5827
5830 5142
5830 5827
5831 5142
5831 4198
5832 5827
5832 5833
5834 5827
5834 5835
5834 5833
5836 5837
5836 1136
5838 5837
5838 1136
5838 5839
5840 5839
5840 5841
5842 5843
5842 5839
5844 5843
5844 5839
5844 5841
5845 5837
5845 5839
5846 2470
5846 5847
5846 5841
5848 1136
5848 5841
5849 5843
5849 1136
5850 5843
5850 1136
5850 5841
5851 2979
5851 5852
5853 2977
5853 5852
5854 1962
5854 1657
5855 5856
5855 2972
5855 2975
5857 5856
5857 5858
5859 2973
5859 5858
5860 5856
5860 2973
5860 5858
5861 5862
5861 2981
5863 5862
5863 5864
5863 2981
5865 5856
5865 2972
5866 5856
5866 2975
5867 5820
5867 5795
5868 5869
5868 5870
5868 5871
5872 5869
5872 5873
5874 5869
5874 3467
5875 5869
5875 3467
5875 5876
5877 5869
5877 5870
5878 5870
5878 5871
5879 5876
5879 5880
5881 5882
5881 5876
5883 5882
5883 5876
5883 5880
5884 5869
5884 5876
5885 5255
5885 5886
5887 5888
5887 5255
5889 5890
5889 5888
5891 5888
5891 5255
5891 5886
5892 5890
5892 5888
5892 5886
5893 5890
5893 5886
5894 5895
5894 5255
5896 5890
5896 5895
5897 5895
5897 5257
5898 5890
5898 5895
5898 5255
5899 41
5899 797
5900 5901
5900 5902
5900 5903
5904 5902
5904 5903
5905 3830
5905 5906
5907 5270
5907 5906
5908 5909
5908 5906
5910 5270
5910 3830
5910 5906
5911 5912
5911 5909
5911 5906
5913 5912
5913 5909
5914 3840
5914 5915
5916 5915
5916 5271
5917 3769
5917 526
5917 795
5918 1456
5918 5766
5919 3675
5919 5920
5921 5922
5921 1911
5921 5920
5923 5922
5923 5920
5924 1459
5924 1456
5924 1457
5925 4086
5925 4087
5925 5926
5927 4086
5927 5926
5928 803
5928 3680
5929 5930
5929 5931
5929 5932
5933 5931
5933 5932
5934 5930
5934 5931
5935 5930
5935 2375
5935 818
5936 5930
5936 2375
5937 5930
5937 818
5938 5939
5938 5940
5938 5941
5942 5940
5942 5941
5943 5939
5943 5940
5944 5945
5944 5946
5947 5948
5947 4376
5949 751
5949 4203
5950 1646
5950 1500
5950 1657
5951 5952
5951 5953
5954 5955
5954 5952
5956 5955
5956 1370
5956 5953
5957 1370
5957 5953
5958 5955
5958 1370
5959 5955
5959 5960
5959 5961
5962 5955
5962 5961
5963 5955
5963 5960
5964 5965
5964 669
5966 5965
5966 5967
5968 5967
5968 3947
5968 5969
5970 5967
5970 3947
5971 2793
5971 3003
5971 3350
5972 2793
5972 3003
5973 5952
5973 5974
5975 5955
5975 5952
5975 5953
5976 3802
5976 5977
5978 964
5978 3802
5978 5977
5979 5980
5979 5977
5981 4150
5981 5980
5982 4150
5982 5980
5982 5977
5983 4145
5983 5980
5984 4145
5984 5985
5986 4145
5986 5985
5986 5980
5987 5988
5987 5980
5989 5988
5989 5985
5990 2543
5990 2545
5991 5992
5991 2336
5991 858
5993 2336
5993 858
5994 5995
5994 2343
5996 5995
5996 856
5996 858
5997 5995
5997 2343
5997 851
5998 2343
5998 851
5999 5992
5999 2241
6000 6001
6000 5992
6002 5992
6002 2336
6003 6001
6003 5992
6003 2241
6004 6005
6004 5161
6006 5161
6006 6007
6008 6009
6008 1173
6008 6007
6010 1173
6010 6007
6011 6012
6011 6005
6011 6007
6013 6012
6013 6005
6014 6012
6014 6007
6015 6005
6015 5161
6015 6007
6016 6017
6016 5161
6018 6012
6018 6017
6019 6020
6019 6021
6022 6020
6022 6023
6024 6020
6024 6023
6024 6021
6025 6020
6025 1068
6026 1068
6026 1069
6027 1067
6027 1069
6028 6029
6028 38
6028 6030
6031 6029
6031 38
6032 6033
6032 1871
6032 1872
6034 6035
6034 6036
6037 6035
6037 946
6038 6036
6038 39
6039 6036
6039 6029
6039 39
6040 6035
6040 6036
6040 946
6041 6042
6041 6043
6044 5422
6044 3628
6045 6046
6045 6047
6045 6048
6049 5410
6049 6050
6049 6051
6052 5410
6052 6051
6053 5571
6053 6054
6055 5571
6055 6051
6056 5571
6056 5568
6057 5571
6057 6051
6057 6054
6058 5571
6058 5570
6058 5568
6059 5570
6059 5568
6060 2473
6060 6054
6061 5568
6061 2473
6062 223
6062 224
6063 4738
6063 4734
6064 6065
6064 5490
6066 6067
6066 795
6068 795
6068 6069
6070 6071
6070 6069
6072 6071
6072 6067
6072 1947
6073 6071
6073 1947
6073 6069
6074 1947
6074 6069
6075 6071
6075 3887
6075 6076
6077 6071
6077 3887
6078 6067
6078 1947
6079 6071
6079 6067
6080 455
6080 3950
6081 455
6081 6082
6083 6082
6083 5432
6084 4013
6084 6085
6084 427
6086 6082
6086 3949
6086 5432
6087 6082
6087 3949
6088 4017
6088 6085
6088 4018
6089 4017
6089 6085
6090 4013
6090 427
6091 6085
6091 427
6092 5420
6092 3628
6093 3901
6093 2431
6094 5448
6094 6095
6096 6097
6096 6098
6096 6099
6100 6101
6100 6102
6103 6102
6103 6104
6103 5903
6105 5420
6105 5424
6106 6102
6106 6107
6108 6109
6108 6099
6110 6111
6110 6107
6112 6113
6112 6107
6114 6104
6114 5903
6115 2092
6115 6097
6116 5909
6116 6102
6116 6107
6117 2062
6117 6118
6117 6119
6120 2222
6120 6121
6122 6123
6122 2222
6122 6121
6124 3003
6124 1140
6125 2222
6125 6126
6127 6128
6127 2222
6127 6126
6129 6128
6129 6130
6129 2237
6131 6128
6131 2222
6132 6128
6132 6123
6132 6126
6133 6123
6133 6121
6134 6128
6134 6123
6135 6123
6135 6126
6136 6137
6136 6138
6139 6140
6139 6137
6141 6137
6141 6005
6142 6140
6142 6137
6142 6138
6143 3893
6143 6137
6143 6005
6144 3893
6144 6005
6145 3893
6145 6146
6147 6137
6147 6146
6148 6149
6148 6146
6150 3893
6150 6137
6150 6146
6151 1632
6151 259
6152 259
6152 3410
6153 1632
6153 6154
6155 1632
6155 6154
6155 6156
6157 3410
6157 6158
6157 6156
6159 1632
6159 6156
6160 1945
6160 2657
6160 6161
6162 1945
6162 2657
6163 6164
6163 1945
6165 6166
6165 6167
6165 6168
6169 6164
6169 6161
6170 1454
6170 6171
6172 6166
6172 6168
6173 6161
6173 6174
6175 6176
6175 2932
6177 6161
6177 3455
6178 6168
6178 2932
6179 2657
6179 6161
6180 6166
6180 6176
6181 6161
6181 3455
6181 6174
6182 6167
6182 6176
6183 5390
6183 1048
6183 6184
6185 6186
6185 5526
6187 5390
6187 1048
6188 6166
6188 6167
6188 6176
6189 6186
6189 6190
6191 6190
6191 1691
6192 2582
6192 6193
6194 4868
6194 2582
6194 6193
6195 6196
6195 6197
6195 6198
6199 4868
6199 6193
6200 5014
6200 6193
6200 6201
6202 6203
6202 6201
6204 6193
6204 6201
6205 5014
6205 6201
6206 6164
6206 2564
6207 6203
6207 398
6208 6203
6208 398
6208 6201
6209 6164
6209 1945
6209 6161
6210 2121
6210 6211
6210 835
6212 2078
6212 1339
6213 1339
6213 2076
6214 1345
6214 1339
6215 2078
6215 1339
6215 2076
6216 1289
6216 2076
6217 1289
6217 6218
6217 6219
6220 6221
6220 1289
6220 2076
6222 6221
6222 2076
6223 1345
6223 1337
6223 1339
6224 1345
6224 1337
6225 6226
6225 72
6225 6227
6228 6229
6228 6227
6230 6229
6230 6231
6232 6229
6232 6231
6232 6227
6233 6229
6233 6234
6235 319
6235 6234
6236 319
6236 6229
6236 6234
6237 6238
6237 6229
6239 319
6239 6238
6240 319
6240 6238
6240 6229
6241 6242
6241 4851
6243 3947
6243 3901
6243 2431
6244 6245
6244 6242
6246 9
6246 10
6247 4167
6247 6248
6247 6249
6250 4166
6250 6248
6251 4703
6251 2540
6252 9
6252 34
6253 4690
6253 822
6254 4690
6254 837
6255 2544
6255 6256
6255 6257
6258 2544
6258 6256
6259 2544
6259 6257
6260 6261
6260 4672
6260 6257
6262 4672
6262 6257
6263 6261
6263 4672
6264 34
6264 9
6264 32
6265 6266
6265 6267
6268 6266
6268 6269
6270 6271
6270 6269
6272 6271
6272 6269
6272 6267
6273 6271
6273 3074
6274 6266
6274 6271
6274 3074
6275 6266
6275 6269
6275 6267
6276 751
6276 4203
6276 5766
6277 3074
6277 219
6278 219
6278 3073
6279 6280
6279 4192
6279 6281
6282 4192
6282 4193
6283 1170
6283 1177
6283 1181
6284 2104
6284 6285
6286 2105
6286 6285
6287 6288
6287 6289
6287 6290
6291 6289
6291 6292
6293 6290
6293 6292
6294 6290
6294 6289
6294 6292
6295 6296
6295 6289
6297 6298
6297 6296
6297 6289
6299 6288
6299 6289
6300 6288
6300 6290
6301 6302
6301 6292
6303 6288
6303 6302
6304 6305
6304 6306
6307 6308
6307 6309
6310 6311
6310 6280
6312 6309
6312 1363
6313 6280
6313 6314
6315 4783
6315 4784
6316 1314
6316 6317
6318 6308
6318 6309
6318 1363
6319 6320
6319 6321
6322 6320
6322 5662
6323 6324
6323 6321
6325 6324
6325 6321
6325 6326
6327 5660
6327 6328
6327 6329
6330 6321
6330 6326
6331 6328
6331 6329
6332 5660
6332 6329
6333 6328
6333 3463
6334 6328
6334 3463
6334 5662
6335 1134
6335 5003
6336 6337
6336 1134
6336 5003
6338 6337
6338 6339
6338 3204
6340 6337
6340 5003
6341 4255
6341 5003
6341 5001
6342 4255
6342 4272
6343 4255
6343 5003
6344 4255
6344 5001
6345 6346
6345 6347
6348 6346
6348 6349
6350 4254
6350 4272
6351 4254
6351 4255
6351 4272
6352 6349
6352 6353
6354 6355
6354 6356
6354 6357
6358 4005
6358 4006
6358 4008
6359 6349
6359 6360
6361 3015
6361 6362
6361 6363
6364 6365
6364 1267
6366 6365
6366 3596
6367 6365
6367 1267
6367 3596
6368 3016
6368 6365
6369 3016
6369 6370
6371 3016
6371 6365
6371 6370
6372 3016
6372 5678
6373 3015
6373 5678
6374 3015
6374 3016
6374 5678
6375 4831
6375 4835
6376 340
6376 6377
6376 678
6378 678
6378 673
6379 6380
6379 6381
6379 6382
6383 6384
6383 6385
6386 5170
6386 3118
6386 6387
6388 1331
6388 6389
6388 1280
6390 6391
6390 6392
6393 6394
6393 6391
6395 6396
6395 5528
6395 6397
6398 6396
6398 6397
6399 5528
6399 6397
6400 6394
6400 6392
6400 6385
6401 6392
6401 6385
6402 3460
6402 6403
6404 6065
6404 6403
6404 6405
6406 6407
6406 6408
6409 6408
6409 6410
6411 6405
6411 5490
6412 6407
6412 6408
6412 6410
6413 6414
6413 6405
6413 5490
6415 6414
6415 6405
6416 6065
6416 6403
6417 6403
6417 6405
6418 3204
6418 3209
6419 3328
6419 4300
6420 869
6420 3209
6421 3327
6421 6422
6423 3327
6423 3328
6423 4300
6424 3327
6424 6425
6426 1449
6426 6425
6426 6171
6427 3327
6427 1454
6427 6425
6428 869
6428 6429
6428 3209
6430 1131
6430 2269
6430 2882
6431 3327
6431 4300
6431 6422
6432 526
6432 2725
6433 526
6433 2725
6433 6434
6435 2340
6435 6174
6435 6434
6436 6437
6436 6438
6439 6429
6439 4748
6440 4753
6440 6429
6441 75
6441 1969
6441 6442
6443 6437
6443 885
6444 866
6444 4341
6444 867
6445 4415
6445 4397
6446 5263
6446 5303
6447 4877
6447 6448
6449 6448
6449 6450
6451 899
6451 6452
6451 1637
6453 3247
6453 6454
6453 6248
6455 6456
6455 6457
6458 6459
6458 3534
6460 6459
6460 6461
6460 3534
6462 6461
6462 6463
6464 6463
6464 3534
6465 6461
6465 6463
6465 3534
6466 6459
6466 6461
6467 1203
6467 6468
6467 6469
6470 6461
6470 6469
6471 6461
6471 6472
6473 6461
6473 6472
6473 6469
6474 847
6474 1091
6475 6476
6475 847
6477 6478
6477 6479
6480 6478
6480 4130
6480 4481
6481 6478
6481 6482
6483 4489
6483 6482
6483 6484
6485 4489
6485 6482
6486 6482
6486 6484
6487 4130
6487 4481
6488 6478
6488 4130
6489 6478
6489 5477
6489 6482
6490 6478
6490 5477
6491 2962
6491 6492
6493 4391
6493 6492
6494 4391
6494 329
6494 4392
6495 6496
6495 2667
6495 6497
6498 4391
6498 329
6499 2962
6499 4391
6499 6500
6501 2962
6501 6500
6502 547
6502 2148
6502 2149
6503 4391
6503 6500
6504 2962
6504 4391
6504 6492
6505 6506
6505 6507
6508 4276
6508 6509
6508 6510
6511 6512
6511 6509
6513 4276
6513 6514
6515 4276
6515 6514
6515 6510
6516 6509
6516 6510
6517 4276
6517 6509
6518 6510
6518 6519
6520 6521
6520 6510
6522 6521
6522 6510
6522 6519
6523 6514
6523 6510
6524 3892
6524 3893
6524 6525
6526 6527
6526 6528
6529 6530
6529 5123
6529 5118
6531 5118
6531 6532
6533 5123
6533 5118
6534 6530
6534 5118
6535 5123
6535 5116
6536 5113
6536 5123
6536 5116
6537 5101
6537 5113
6537 5104
6538 6539
6538 6525
6540 5101
6540 5113
6541 3892
6541 6542
6543 2068
6543 6544
6545 2068
6545 6544
6545 6546
6547 6544
6547 6548
6549 6548
6549 4317
6550 6546
6550 4317
6551 2068
6551 4317
6552 2068
6552 6546
6552 4317
6553 6544
6553 6546
6554 6555
6554 6556
6557 6556
6557 2806
6558 6555
6558 6556
6558 2806
6559 6556
6559 6560
6561 6544
6561 6548
6561 4317
6562 4396
6562 6548
6563 6564
6563 6560
6565 419
6565 6564
6566 4451
6566 6567
6568 3052
6568 6569
6568 5219
6570 6569
6570 123
6571 6572
6571 123
6573 6569
6573 6572
6573 123
6574 112
6574 4435
6575 112
6575 4435
6575 6576
6577 6569
6577 5219
6578 3052
6578 6569
6579 6580
6579 6581
6582 6583
6582 6581
6584 6583
6584 4002
6585 6580
6585 6583
6585 4002
6586 5212
6586 6587
6588 3063
6588 6587
6589 6580
6589 6583
6589 6581
6590 6581
6590 6591
6592 6593
6592 6594
6595 6594
6595 6596
6597 6598
6597 6599
6600 6601
6600 6598
6602 5862
6602 6599
6603 5862
6603 6596
6603 6599
6604 6593
6604 5858
6605 6593
6605 5858
6605 6606
6607 6601
6607 6598
6607 6599
6608 6593
6608 6606
6609 6610
6609 6611
6612 6610
6612 6611
6612 6613
6614 6615
6614 6616
6617 6618
6617 6613
6619 6620
6619 6618
6619 6613
6621 6622
6621 6620
6621 6623
6624 6620
6624 6613
6625 6611
6625 6626
6625 6613
6627 6610
6627 6613
6628 822
6628 3846
6629 6626
6629 6611
6630 4753
6630 6631
6632 6633
6632 6634
6635 6636
6635 6634
6637 6638
6637 6639
6637 6636
6640 6639
6640 6636
6641 6638
6641 6636
6642 6638
6642 6633
6642 6639
6643 6633
6643 6639
6644 6638
6644 6633
6645 6638
6645 6646
6645 6647
6648 6638
6648 6646
6649 2254
6649 6631
6650 5467
6650 5468
6651 4554
6651 5468
6651 5279
6652 5468
6652 4554
6653 5468
6653 5279
6654 5275
6654 571
6654 6655
6656 571
6656 5275
6657 571
6657 6655
6658 5274
6658 4563
6658 6655
6659 4563
6659 6655
6660 5274
6660 6655
6661 2645
6661 6662
6663 1215
6663 1227
6663 1234
6664 6665
6664 2005
6666 6665
6666 2004
6666 2005
6667 79
6667 747
6667 80
6668 6669
6668 1189
6668 2740
6670 6671
6670 6672
6673 6674
6673 6672
6675 6674
6675 6676
6677 6674
6677 6678
6679 6680
6679 6678
6679 4090
6681 6680
6681 6678
6682 6671
6682 6674
6682 4580
6683 6671
6683 4580
6684 6674
6684 4580
6685 6674
6685 6678
6685 6676
6686 6687
6686 310
6686 2857
6688 2857
6688 310
6689 2857
6689 6690
6691 6687
6691 6690
6692 305
6692 6687
6693 6694
6693 6687
6695 6687
6695 310
6696 305
6696 6694
6696 6687
6697 6698
6697 6690
6699 2857
6699 6687
6699 6690
6700 6701
6700 6702
6700 6703
6704 6705
6704 6703
6706 6705
6706 6707
6708 6705
6708 6707
6708 6703
6709 6702
6709 6707
6710 6701
6710 6702
6710 6707
6711 6701
6711 6703
6712 6702
6712 6703
6713 6714
6713 6715
6716 1331
6716 741
6716 742
6717 2482
6717 6705
6718 6719
6718 2482
6720 6721
6720 2793
6722 6723
6722 6724
6725 6726
6725 6723
6727 6728
6727 6726
6727 6724
6729 6728
6729 6724
6730 6728
6730 6726
6731 6726
6731 2714
6731 398
6732 6726
6732 2714
6733 6734
6733 6714
6733 6715
6735 6728
6735 6736
6737 6723
6737 6736
6738 2936
6738 2942
6738 2937
6739 6740
6739 6741
6742 6743
6742 6744
6742 4887
6745 965
6745 6743
6746 6743
6746 6744
6747 6743
6747 4887
6748 4532
6748 4887
6748 6749
6750 6744
6750 6749
6751 6752
6751 486
6751 6753
6754 6755
6754 4915
6756 4905
6756 4915
6757 6758
6757 6759
6757 6760
6761 6758
6761 6760
6762 6758
6762 6763
6764 6759
6764 6763
6765 6763
6765 4905
6766 6758
6766 6759
6766 6763
6767 6763
6767 6760
6767 4905
6768 6760
6768 4905
6769 5184
6769 702
6770 5175
6770 702
6771 83
6771 84
6772 82
6772 83
6773 4588
6773 4590
6773 6774
6775 6774
6775 84
6776 4589
6776 84
6777 6774
6777 4589
6777 84
6778 6779
6778 82
6780 6781
6780 6779
6780 82
6782 4588
6782 6774
6783 4590
6783 6774
6784 6785
6784 6786
6784 514
6787 6785
6787 514
6788 6789
6788 6790
6791 6792
6791 6789
6793 659
6793 835
6794 5410
6794 6054
6795 6050
6795 6054
6796 6050
6796 6797
6796 2574
6798 6785
6798 6786
6799 5511
6799 2797
6799 6786
6800 2797
6800 6786
6801 5511
6801 6786
6802 1331
6802 742
6803 404
6803 1197
6804 5069
6804 6805
6806 5175
6806 693
6806 5795
6807 6808
6807 6809
6807 2851
6810 6809
6810 2851
6811 6812
6811 6813
6811 6808
6814 6812
6814 6808
6815 6813
6815 6808
6816 6817
6816 6813
6816 6818
6819 6808
6819 6809
6820 6808
6820 2936
6820 2851
6821 2936
6821 2851
6822 6808
6822 2936
6823 6824
6823 6825
6826 6827
6826 6824
6826 6828
6829 6824
6829 6828
6830 6827
6830 6824
6831 6827
6831 6832
6831 6329
6833 6827
6833 6329
6834 6827
6834 6832
6835 6836
6835 6832
6835 6320
6837 4945
6837 6838
6837 6694
6839 6824
6839 6825
6839 6840
6841 6840
6841 6825
6842 6843
6842 5941
6842 2450
6844 5451
6844 568
6845 6843
6845 2450
6846 138
6846 4751
6846 591
6847 6843
6847 393
6848 4751
6848 591
6849 6850
6849 573
6849 257
6851 6850
6851 573
6852 6853
6852 6854
6852 6855
6856 6853
6856 6854
6857 5464
6857 5443
6858 6843
6858 6859
6860 514
6860 515
6861 6862
6861 6863
6864 6862
6864 1429
6864 2550
6865 1429
6865 2550
6866 6862
6866 1429
6867 6862
6867 6868
6867 6869
6870 6862
6870 6868
6871 6862
6871 6869
6872 6869
6872 6873
6872 2554
6874 6869
6874 2554
6875 6869
6875 6873
6876 2802
6876 6877
6876 1872
6878 2802
6878 6879
6880 6881
6880 6882
6880 6883
6884 6881
6884 6882
6885 6882
6885 6883
6886 6887
6886 6883
6886 6309
6888 6883
6888 6309
6889 6887
6889 6883
6890 6140
6890 2206
6890 6891
6892 6140
6892 2206
6893 2206
6893 6891
6894 6881
6894 6895
6894 6891
6896 4435
6896 6572
6896 6897
6898 6899
6898 6900
6901 6902
6901 6899
6903 466
6903 457
6904 3052
6904 6572
6904 5219
6905 6906
6905 5852
6907 2977
6907 2979
6907 5852
6908 6190
6908 6909
6910 1048
6910 6909
6911 1048
6911 6190
6911 6909
6912 5521
6912 6909
6913 5495
6913 6914
6913 6915
6916 2972
6916 6906
6916 5852
6917 2189
6917 5519
6918 2189
6918 6915
6918 5519
6919 2972
6919 6906
6920 5521
6920 1037
6921 5521
6921 1037
6921 6909
6922 6203
6922 6923
6922 6197
6924 2634
6924 6923
6925 6926
6925 2634
6927 6926
6927 2634
6927 6923
6928 6929
6928 6930
6931 6929
6931 6932
6931 6930
6933 6203
6933 6923
6934 6923
6934 6197
6935 6936
6935 6201
6937 398
6937 6936
6938 6939
6938 6940
6941 3379
6941 6940
6942 3379
6942 1710
6943 3379
6943 6939
6943 1710
6944 977
6944 6945
6944 6939
6946 6939
6946 1710
6947 6945
6947 6939
6948 977
6948 6939
6949 6950
6949 6951
6949 6952
6953 6951
6953 6954
6955 3379
6955 6939
6955 6940
6956 6957
6956 6940
6958 2078
6958 6959
6960 6961
6960 6962
6960 6959
6963 6962
6963 6959
6964 6961
6964 6959
6965 6966
6965 6967
6968 6969
6968 6966
6970 6971
6970 2078
6970 6959
6972 6971
6972 2078
6973 6221
6973 6966
6974 6969
6974 6966
6974 6967
6975 3467
6975 5880
6976 6977
6976 5880
6976 583
6978 6977
6978 6979
6980 6981
6980 6979
6980 583
6982 6983
6982 6984
6985 3638
6985 6986
6985 6987
6988 6977
6988 6981
6988 6979
6989 6990
6989 6987
6991 6977
6991 6981
6992 6986
6992 6987
6993 6994
6993 6995
6996 4854
6996 2301
6997 3638
6997 6987
6998 4854
6998 2284
6999 4354
6999 6986
7000 744
7000 4851
7001 3428
7001 4354
7001 6986
7002 4862
7002 4847
7003 1040
7003 340
7004 6245
7004 744
7005 7006
7005 5041
7007 2814
7007 5385
7008 7006
7008 1577
7009 7010
7009 7006
7011 7010
7011 1576
7011 1585
7012 7010
7012 1585
7013 7014
7013 2814
7013 5385
7015 1304
7015 5726
7016 5726
7016 3651
7017 7018
7017 7019
7020 2263
7020 7021
7022 7023
7022 7021
7024 7021
7024 7025
7024 648
7026 7025
7026 648
7027 7021
7027 648
7028 7023
7028 7021
7028 2263
7029 6256
7029 7030
7031 7032
7031 7033
7034 7035
7034 7032
7036 7035
7036 7032
7036 7033
7037 7032
7037 6290
7038 7039
7038 7040
7038 7041
7042 7039
7042 7033
7043 7033
7043 7044
7045 7039
7045 7033
7045 7044
7046 7047
7046 7048
7049 7050
7049 7048
7051 7050
7051 7047
7051 7048
7052 7053
7052 7048
7054 7055
7054 6290
7056 7055
7056 7032
7056 6290
7057 7053
7057 1897
7058 7059
7058 7060
7058 535
7061 7062
7061 4110
7063 7064
7063 7065
7066 7065
7066 7067
7068 7064
7068 7069
7070 7064
7070 7069
7070 2193
7071 7072
7071 2893
7073 7072
7073 2893
7073 7065
7074 7064
7074 7065
7074 7067
7075 7072
7075 7065
7076 7077
7076 7065
7078 7077
7078 2893
7079 7080
7079 7081
7079 7082
7083 7084
7083 7080
7085 7084
7085 5985
7086 7087
7086 973
7088 7087
7088 7089
7090 972
7090 7089
7090 973
7091 7084
7091 7080
7091 5985
7092 972
7092 7089
7093 4658
7093 7089
7093 7094
7095 7094
7095 7089
7096 4658
7096 7089
7097 4945
7097 7084
7098 7087
7098 7099
7100 4945
7100 7101
7102 3073
7102 4983
7103 7104
7103 4983
7105 4945
7105 7084
7105 7101
7106 1953
7106 2414
7107 1953
7107 2414
7107 7108
7109 7110
7109 7108
7111 7110
7111 2414
7112 7110
7112 2414
7112 7108
7113 7110
7113 7114
7115 1953
7115 7114
7116 7110
7116 1953
7116 7114
7117 7006
7117 7118
7119 9
7119 4117
7120 4117
7120 7121
7122 7123
7122 4657
7124 4657
7124 7125
7126 7123
7126 7127
7128 7123
7128 7127
7128 7129
7130 7131
7130 6347
7130 4261
7132 7123
7132 7129
7133 7131
7133 6347
7134 7131
7134 4261
7135 6347
7135 6360
7136 6347
7136 6360
7136 6353
7137 3318
7137 7138
7139 7138
7139 7140
7141 7142
7141 2513
7141 2492
7143 7142
7143 2513
7144 7145
7144 2513
7146 7145
7146 2492
7147 7145
7147 7140
7148 7145
7148 2513
7148 2492
7149 7142
7149 7145
7149 7140
7150 7142
7150 7140
7151 128
7151 264
7151 265
7152 128
7152 264
7153 128
7153 265
7154 130
7154 7155
7154 265
7156 7157
7156 7158
7159 7160
7159 7161
7162 129
7162 130
7163 128
7163 129
7164 7165
7164 7157
7164 7158
7166 7165
7166 7158
7167 660
7167 686
7168 792
7168 7169
7170 617
7170 6357
7170 3544
7171 3550
7171 5739
7172 7173
7172 638
7172 7174
7175 638
7175 7174
7176 2152
7176 1025
7177 4894
7177 638
7178 7173
7178 4894
7179 7173
7179 7174
7180 7173
7180 4894
7180 638
7181 7173
7181 7182
7183 7182
7183 629
7183 7184
7185 7173
7185 7186
7185 7182
7187 7173
7187 7186
7188 7189
7188 3587
7190 3587
7190 7191
7192 7193
7192 7194
7192 6438
7195 7189
7195 7196
7197 7189
7197 7198
7199 7189
7199 7196
7199 7198
7200 7194
7200 7201
7202 7194
7202 7191
7202 7201
7203 7193
7203 7194
7204 7193
7204 6438
7205 1689
7205 7206
7207 1284
7207 2797
7208 2748
7208 5060
7208 4700
7209 2748
7209 4700
7210 513
7210 2735
7211 513
7211 2748
7212 3493
7212 7213
7214 3493
7214 7215
7216 7217
7216 7215
7218 2219
7218 7215
7219 7220
7219 7217
7221 7220
7221 7222
7221 7217
7223 2219
7223 7213
7224 2219
7224 7213
7224 7217
7225 2219
7225 7217
7225 7215
7226 7213
7226 7217
7227 197
7227 797
7227 7228
7229 1189
7229 2740
7230 196
7230 1090
7231 196
7231 197
7231 1090
7232 181
7232 196
7233 181
7233 839
7234 973
7234 3546
7235 2127
7235 7236
7235 7237
7238 7236
7238 7237
7239 2127
7239 7236
7240 7241
7240 968
7240 6219
7242 6219
7242 969
7243 7241
7243 969
7244 619
7244 7245
7244 767
7246 6532
7246 7247
7248 7249
7248 7247
7250 7249
7250 6532
7250 7247
7251 501
7251 7247
7252 7253
7252 7254
7252 7255
7256 7253
7256 506
7257 6755
7257 506
7258 7253
7258 6755
7258 506
7259 501
7259 7254
7260 501
7260 7254
7260 7247
7261 7262
7261 3049
7263 7262
7263 3049
7263 5205
7264 3060
7264 3049
7265 3046
7265 3060
7266 5205
7266 7267
7268 7269
7268 5205
7270 7269
7270 5205
7270 7267
7271 3049
7271 5205
7272 3046
7272 3060
7272 3049
7273 3053
7273 3060
7274 7275
7274 7276
7274 4066
7277 7275
7277 7278
7279 7275
7279 4066
7280 7275
7280 7276
7281 7278
7281 3736
7282 3736
7282 1181
7283 3732
7283 7278
7284 3732
7284 7275
7284 7278
7285 7278
7285 3736
7285 1181
7286 7278
7286 7287
7288 5516
7288 1210
7289 1212
7289 1210
7289 1213
7290 276
7290 3227
7290 2673
7291 7292
7291 7293
7294 7292
7294 7295
7296 7295
7296 7292
7296 7293
7297 7298
7297 7292
7299 7298
7299 7300
7301 7298
7301 7292
7301 7300
7302 2800
7302 7298
7303 2800
7303 7304
7305 2800
7305 7298
7305 7304
7306 7298
7306 7307
7308 5862
7308 6601
7308 6596
7309 7310
7309 6601
7311 7310
7311 7312
7313 7310
7313 6601
7313 7312
7314 5373
7314 7310
7315 5373
7315 7316
7317 5373
7317 7310
7317 7316
7318 7319
7318 7310
7320 7319
7320 7316
7321 7319
7321 7310
7321 7316
7322 4894
7322 4895
7322 4805
7323 2735
7323 2748
7323 2736
7324 600
7324 7325
7326 586
7326 6979
7327 4900
7327 7328
7329 7330
7329 7331
7329 7332
7333 6676
7333 599
7334 7245
7334 765
7335 7336
7335 7337
7338 7339
7338 7340
7341 7342
7341 7340
7343 6680
7343 1752
7343 1753
7344 6680
7344 1752
7345 1751
7345 1752
7346 1751
7346 1753
7347 1751
7347 4029
7348 7349
7348 808
7348 2361
7350 6680
7350 1751
7350 4029
7351 6680
7351 4029
7352 4028
7352 4030
7353 4029
7353 4030
7354 7355
7354 7356
7357 7358
7357 6979
7359 7360
7359 7355
7361 323
7361 4137
7361 997
7362 323
7362 997
7363 4137
7363 997
7364 2887
7364 4137
7364 7365
7366 7367
7366 7368
7369 323
7369 4137
7369 7368
7370 323
7370 7368
7371 4137
7371 7368
7372 7367
7372 7368
7372 997
7373 7367
7373 997
7374 7375
7374 7161
7376 7377
7376 7375
7376 7161
7378 7358
7378 3102
7379 7160
7379 7380
7381 7160
7381 7161
7381 7380
7382 7383
7382 7161
7384 7383
7384 7380
7385 7383
7385 7161
7385 7380
7386 7383
7386 7387
7388 7160
7388 7387
7389 1994
7389 1995
7389 7390
7391 817
7391 2373
7391 2358
7392 7393
7392 7390
7394 2800
7394 7393
7394 7395
7396 7393
7396 1445
7396 7390
7397 1445
7397 7390
7398 1994
7398 6171
7399 6171
7399 7390
7400 1995
7400 7390
7401 1994
7401 6171
7401 7390
7402 7403
7402 5248
7404 7405
7404 7403
7404 5248
7406 7403
7406 7407
7408 7407
7408 7409
7410 7405
7410 7409
7411 5248
7411 7409
7412 7405
7412 5248
7412 7409
7413 7405
7413 7403
7414 7415
7414 3443
7414 5624
7416 7403
7416 7407
7416 7409
7417 7418
7417 7407
7419 7330
7419 4533
7420 7421
7420 7422
7420 7423
7424 7422
7424 7423
7425 7426
7425 222
7427 7422
7427 222
7428 7426
7428 7423
7429 7421
7429 7426
7430 7421
7430 7422
7431 7421
7431 7426
7431 7423
7432 1376
7432 1389
7432 1381
7433 222
7433 223
7434 7426
7434 7422
7434 222
7435 3992
7435 3819
7436 1652
7436 3286
7436 3285
7437 4087
7437 1753
7438 7336
7438 4279
7438 7337
7439 4661
7439 2544
7440 2543
7440 4661
7440 2544
7441 20
7441 2543
7441 7442
7443 2543
7443 4661
7444 20
7444 2543
7445 2543
7445 7442
7446 2714
7446 4182
7446 4183
7447 5624
7447 1753
7448 4454
7448 4457
7448 4455
7449 1643
7449 4182
7449 4614
7450 2442
7450 7451
7452 4182
7452 4614
7453 1643
7453 4182
7454 7455
7454 1061
7454 142
7456 7457
7456 3483
7458 7457
7458 4871
7459 7457
7459 7460
7461 7457
7461 4871
7461 3483
7462 7457
7462 5286
7462 7460
7463 5286
7463 7460
7464 7465
7464 356
7466 356
7466 7460
7467 7460
7467 7468
7469 7465
7469 356
7469 7460
7470 2818
7470 7471
7472 1875
7472 1884
7473 7474
7473 1880
7475 1880
7475 1884
7476 2817
7476 2831
7477 1878
7477 1887
7478 504
7478 2831
7479 2831
7479 2843
7480 4909
7480 1880
7481 7474
7481 1880
7481 1884
7482 2817
7482 7483
7484 2817
7484 2818
7484 7471
7485 1061
7485 1056
7486 7487
7486 7488
7489 1060
7489 1056
7490 7491
7490 6320
7492 7491
7492 6836
7493 7494
7493 7495
7496 7497
7496 7498
7499 7498
7499 6832
7499 6329
7500 6827
7500 7497
7500 7498
7501 6827
7501 7497
7502 6824
7502 7503
7502 7504
7505 6824
7505 7503
7506 7498
7506 6329
7507 7498
7507 6832
7508 7509
7508 7510
7511 7512
7511 7510
7513 5459
7513 7512
7513 688
7514 688
7514 7512
7515 5459
7515 7512
7516 7517
7516 7518
7516 7519
7520 7517
7520 7518
7521 7518
7521 7519
7522 5467
7522 7509
7522 7519
7523 5467
7523 7519
7524 7525
7524 4652
7524 3941
7526 3077
7526 1743
7527 3077
7527 3081
7528 7529
7528 3081
7528 3098
7530 7529
7530 3081
7531 3081
7531 3098
7532 7525
7532 4652
7533 925
7533 1686
7534 7495
7534 3509
7535 6394
7535 4171
7536 7529
7536 3076
7536 3077
7537 7529
7537 3076
7538 6506
7538 5266
7538 5240
7539 6506
7539 7540
7541 6506
7541 5266
7542 6506
7542 5240
7543 7544
7543 7545
7546 7544
7546 1509
7547 7540
7547 5267
7548 6506
7548 7540
7548 5267
7549 4171
7549 4652
7550 7544
7550 1509
7550 7545
7551 7544
7551 1662
7552 4171
7552 3941
7553 4940
7553 4927
7554 7555
7554 7556
7554 7557
7558 7555
7558 7559
7560 7557
7560 7559
7561 7555
7561 7557
7561 7559
7562 7559
7562 995
7563 7556
7563 995
7564 7556
7564 7559
7564 995
7565 2112
7565 995
7566 2112
7566 994
7567 2112
7567 994
7567 995
7568 1693
7568 7569
7570 5296
7570 7571
7572 7573
7572 7237
7572 2123
7574 7575
7574 4309
7576 5521
7576 7577
7578 5519
7578 7577
7579 3818
7579 3297
7580 3818
7580 3992
7580 3297
7581 1048
7581 3992
7581 5492
7582 3992
7582 3297
7583 3992
7583 5492
7584 1048
7584 3992
7585 5492
7585 6184
7586 5390
7586 5492
7586 6184
7587 6346
7587 6355
7587 7588
7589 7590
7589 7591
7589 6929
7592 7591
7592 4231
7593 7590
7593 7591
7594 7591
7594 6929
7595 6929
7595 3485
7596 7590
7596 6929
7596 3485
7597 7590
7597 2639
7597 6930
7598 7590
7598 3485
7599 7590
7599 2639
7600 7590
7600 6930
7601 4394
7601 4826
7602 4394
7602 7603
7602 4826
7604 7603
7604 7605
7606 7603
7606 7607
7608 7603
7608 7605
7608 7607
7609 4394
7609 7603
7610 1704
7610 7605
7610 7611
7612 4826
7612 7605
7613 4826
7613 7607
7614 4826
7614 7605
7614 7607
7615 4801
7615 7616
7617 7618
7617 7616
7619 7620
7619 7621
7619 7622
7623 7620
7623 7622
7624 5945
7624 7625
7626 7625
7626 7627
7628 7629
7628 7625
7630 5945
7630 7625
7630 7627
7631 7629
7631 7625
7631 5946
7632 7629
7632 5946
7633 4162
7633 3120
7634 1519
7634 6611
7635 1519
7635 3903
7635 6622
7636 3903
7636 655
7636 7637
7638 2034
7638 7639
7638 1816
7640 1519
7640 6622
7641 1519
7641 3903
7642 6622
7642 655
7643 6622
7643 7637
7644 3903
7644 7637
7645 6622
7645 7637
7645 655
7646 6530
7646 7647
7648 6530
7648 7649
7650 7651
7650 7649
7650 7652
7653 7651
7653 7649
7654 7649
7654 7652
7655 7656
7655 7657
7658 7659
7658 1464
7660 4964
7660 5579
7660 4233
7661 7662
7661 7663
7664 4958
7664 1501
7664 1515
7665 7666
7665 1462
7665 7667
7668 1462
7668 7667
7669 6719
7669 1224
7670 7662
7670 7671
7672 7673
7672 752
7674 4964
7674 5579
7675 7673
7675 1464
7675 752
7676 7673
7676 1464
7677 4962
7677 4966
7678 4951
7678 4952
7679 4951
7679 4953
7680 7681
7680 7682
7680 1142
7683 7684
7683 7685
7686 7681
7686 7682
7687 7682
7687 1142
7688 7684
7688 7689
7690 7689
7690 1145
7691 7684
7691 6392
7692 7684
7692 7685
7692 6392
7693 994
7693 3764
7694 7684
7694 7689
7694 1145
7695 7689
7695 554
7696 7697
7696 994
7698 2158
7698 7699
7700 7701
7700 617
7702 2239
7702 7699
7703 1971
7703 1657
7704 7705
7704 4770
7704 7706
7707 7708
7707 7697
7707 7557
7709 5511
7709 2736
7710 4444
7710 873
7711 4433
7711 4444
7711 873
7712 7697
7712 7557
7713 2181
7713 5629
7713 4425
7714 7715
7714 1785
7716 5629
7716 4425
7717 2181
7717 5629
7718 4424
7718 4425
7719 4399
7719 4408
7719 2537
7720 5644
7720 2182
7720 2207
7721 4400
7721 4433
7722 5644
7722 2182
7723 5644
7723 2207
7724 4249
7724 4237
7725 4249
7725 4237
7725 4239
7726 4249
7726 4971
7727 7728
7727 7729
7727 7730
7731 7728
7731 7730
7732 7728
7732 7733
7734 4971
7734 7735
7736 7733
7736 4556
7737 7728
7737 7729
7737 7733
7738 7733
7738 7730
7738 4556
7739 7730
7739 4556
7740 6740
7740 4557
7741 4249
7741 4971
7741 7735
7742 4971
7742 7069
7743 872
7743 7069
7744 872
7744 4971
7744 7069
7745 7746
7745 7747
7748 7749
7748 2507
7748 7750
7751 2507
7751 7752
7753 7749
7753 2507
7754 2507
7754 7750
7755 7749
7755 4311
7756 7749
7756 7757
7756 4311
7758 7757
7758 7750
7758 4311
7759 7749
7759 7757
7760 3433
7760 4297
7761 3433
7761 4703
7761 4297
7762 4703
7762 2534
7762 2540
7763 3433
7763 4703
7764 4702
7764 4703
7764 4297
7765 4702
7765 5398
7766 7752
7766 7767
7768 2507
7768 7752
7768 7767
7769 7770
7769 7771
7769 7772
7773 7774
7773 1758
7773 1765
7775 7774
7775 1758
7776 7777
7776 7778
7779 7780
7779 7781
7779 6514
7782 7783
7782 3093
7784 7783
7784 4924
7785 7781
7785 6514
7786 1968
7786 3093
7787 7788
7787 3093
7789 7788
7789 7790
7789 7791
7792 7788
7792 7790
7793 4924
7793 7788
7793 1968
7794 7780
7794 7781
7795 4924
7795 7788
7796 7788
7796 3093
7796 1968
7797 3883
7797 7778
7798 5251
7798 1758
7798 1765
7799 3407
7799 5060
7800 3408
7800 5060
7801 3999
7801 3097
7801 1359
7802 3407
7802 4700
7803 3097
7803 1359
7804 3999
7804 3097
7805 4191
7805 4193
7806 3675
7806 2879
7806 2880
7807 7808
7807 7809
7810 7811
7810 7812
7810 7813
7814 42
7814 7815
7816 5325
7816 5038
7816 5036
7817 5325
7817 7812
7818 6626
7818 6613
7819 5325
7819 5036
7820 7811
7820 7812
7821 7811
7821 7813
7822 5035
7822 7812
7823 5325
7823 5035
7823 7812
7824 1128
7824 2770
7825 2769
7825 7826
7825 2770
7827 3021
7827 4312
7828 4444
7828 5010
7828 5011
7829 7826
7829 3076
7830 5338
7830 6753
7830 7831
7832 5338
7832 6753
7833 5343
7833 5339
7834 5338
7834 5343
7835 7836
7835 7831
7837 7831
7837 7838
7839 5338
7839 7831
7840 7836
7840 7831
7840 7838
7841 7826
7841 2770
7842 5338
7842 5340
7843 5338
7843 5343
7843 5339
7844 4714
7844 5414
7845 7846
7845 7847
7848 7846
7848 7847
7848 7663
7849 6758
7849 7255
7849 7850
7851 7847
7851 7663
7852 7853
7852 7249
7852 7847
7854 7671
7854 7647
7855 7249
7855 7847
7856 7853
7856 7249
7857 7858
7857 4876
7859 7860
7859 7671
7861 7860
7861 7671
7861 7647
7862 7858
7862 4876
7862 5010
7863 7864
7863 7865
7866 7864
7866 7865
7866 7867
7868 2023
7868 7869
7868 7870
7871 7865
7871 7867
7872 7869
7872 7870
7873 2023
7873 7869
7874 2904
7874 7870
7875 2904
7875 7870
7875 2906
7876 5589
7876 5621
7876 5606
7877 5621
7877 7557
7878 7879
7878 7865
7880 7879
7880 2906
7881 5007
7881 3636
7882 7883
7882 5007
7882 3636
7884 3640
7884 7885
7886 3640
7886 3641
7886 2776
7887 7885
7887 5723
7888 5339
7888 7885
7888 2835
7889 5339
7889 2835
7890 5339
7890 7885
7891 1171
7891 7892
7891 7893
7894 7883
7894 7892
7895 7883
7895 7896
7897 7883
7897 7892
7897 7896
7898 3020
7898 7883
7899 3020
7899 5007
7900 3020
7900 7883
7900 5007
7901 7883
7901 3636
7902 7903
7902 7904
7905 7903
7905 7906
7905 7904
7907 7903
7907 7906
7907 4299
7908 7906
7908 7904
7909 7906
7909 4299
7910 7903
7910 4299
7911 1994
7911 7906
7912 1994
7912 7913
7912 7906
7914 7913
7914 7915
7914 7916
7917 7913
7917 7906
7918 1449
7918 6425
7919 6425
7919 6171
7920 7921
7920 902
7922 7923
7922 1733
7924 7923
7924 1737
7925 1737
7925 1734
7925 1735
7926 1737
7926 1735
7927 7923
7927 3790
7927 4835
7928 3790
7928 4835
7929 7923
7929 4835
7930 7923
7930 1737
7930 1733
7931 3790
7931 7932
7933 7923
7933 7932
7934 2
7934 2617
7935 7936
7935 7937
7938 1449
7938 1454
7938 6171
7939 1935
7939 7940
7939 6396
7941 1
7941 172
7942 6176
7942 6168
7942 2932
7943 4862
7943 4572
7944 7945
7944 7946
7944 4030
7947 7946
7947 4030
7948 7945
7948 7946
7949 7945
7949 7950
7949 7951
7952 7945
7952 7951
7953 7950
7953 7951
7954 7950
7954 194
7954 2015
7955 7950
7955 194
7956 7950
7956 2015
7957 3130
7957 7958
7959 7960
7959 7958
7961 7962
7961 3140
7961 63
7963 3140
7963 63
7964 3140
7964 7965
7966 7962
7966 7965
7967 7965
7967 7960
7968 7962
7968 7965
7968 3140
7969 7965
7969 63
7969 7960
7970 63
7970 7960
7971 6280
7971 4192
7972 4192
7972 6281
7973 4191
7973 6281
7974 6280
7974 4191
7974 6281
7975 6311
7975 6280
7975 6314
7976 6280
7976 4191
7977 1325
7977 6317
7978 7979
7978 6317
7980 1325
7980 6317
7980 1314
7981 7979
7981 6317
7981 1373
7982 7979
7982 1373
7983 466
7983 7984
7985 7984
7985 7979
7986 7987
7986 7979
7988 466
7988 7984
7988 7979
7989 6380
7989 6381
7990 5408
7990 6381
7990 7991
7992 6728
7992 399
7993 7994
7993 6380
7993 2645
7995 7994
7995 2645
7996 7994
7996 6380
7997 7998
7997 4344
7999 7998
7999 8000
8001 8000
8001 4343
8002 8000
8002 4343
8002 4344
8003 4343
8003 8004
8005 7998
8005 4343
8005 8004
8006 7998
8006 8000
8006 4344
8007 7998
8007 8004
8008 8004
8008 8009
8010 8009
8010 5256
8011 2527
8011 6853
8011 6113
8012 8013
8012 6256
8014 8015
8014 8013
8014 6256
8016 2696
8016 8015
8016 2694
8017 8015
8017 6256
8018 8015
8018 2694
8019 2696
8019 8015
8020 416
8020 2694
8021 416
8021 2693
8021 2694
8022 8015
8022 8023
8024 8013
8024 8023
8025 5066
8025 5063
8025 5064
8026 8027
8026 8028
8029 6567
8029 8028
8030 8031
8030 4451
8030 6567
8032 8031
8032 6567
8033 6792
8033 8034
8035 521
8035 522
8035 8036
8037 522
8037 8036
8038 7517
8038 560
8039 8031
8039 8027
8039 4451
8040 8027
8040 8031
8041 3022
8041 7937
8041 7767
8042 5438
8042 3937
8042 3583
8043 1990
8043 8044
8045 2527
8045 6853
8046 5598
8046 8047
8048 5598
8048 8049
8048 8047
8050 790
8050 712
8050 713
8051 8052
8051 8049
8053 5598
8053 8052
8054 5598
8054 8052
8054 8049
8055 8049
8055 8047
8056 4689
8056 4693
8056 4690
8057 4689
8057 8049
8058 8059
8058 8049
8060 4689
8060 8059
8060 8049
8061 7127
8061 7125
8062 7129
8062 7125
8063 8064
8063 7129
8063 8065
8066 7129
8066 8065
8067 8064
8067 7129
8068 8064
8068 214
8068 3681
8069 8064
8069 3681
8070 8064
8070 214
8071 8072
8071 6500
8071 6492
8073 2527
8073 6113
8074 8075
8074 1992
8074 8044
8076 8077
8076 4272
8078 7127
8078 7129
8078 7125
8079 8080
8079 8081
8082 7041
8082 1152
8083 8084
8083 7041
8085 3135
8085 8072
8086 1147
8086 8084
8087 1157
8087 7044
8087 8088
8089 1154
8089 1147
8089 8084
8090 1154
8090 8084
8091 1152
8091 1159
8091 8088
8092 1159
8092 8088
8093 1157
8093 7044
8094 7044
8094 8088
8095 7618
8095 7627
8096 3480
8096 2814
8097 2975
8097 8098
8097 489
8099 2815
8099 5544
8099 7019
8100 2815
8100 5544
8101 2815
8101 7019
8102 7018
8102 7072
8102 7019
8103 7072
8103 7019
8104 7618
8104 4793
8105 7018
8105 5544
8105 7072
8106 7072
8106 5544
8107 7059
8107 4898
8107 8108
8109 7059
8109 8108
8110 7059
8110 4898
8111 4898
8111 535
8111 8108
8112 4908
8112 8113
8114 6855
8114 559
8115 7060
8115 535
8116 7059
8116 7060
8117 6971
8117 6961
8117 6962
8118 4908
8118 4897
8118 8113
8119 4897
8119 8113
8120 6971
8120 6962
8121 2975
8121 489
8122 6961
8122 6969
8122 6967
8123 5511
8123 513
8124 3550
8124 5737
8125 5737
8125 3550
8125 5739
8126 3853
8126 8127
8128 5239
8128 1242
8128 8127
8129 6357
8129 3544
8130 617
8130 3544
8131 8132
8131 6357
8133 337
8133 8132
8133 6357
8134 8135
8134 8136
8137 1246
8137 1255
8137 8136
8138 1246
8138 8136
8139 1255
8139 8136
8140 5239
8140 8127
8141 1242
8141 8127
8142 8143
8142 8135
8142 8136
8144 8143
8144 8135
8145 3384
8145 3638
8146 2480
8146 163
8146 2484
8147 7517
8147 560
8147 571
8148 3726
8148 8149
8148 7169
8150 2455
8150 3988
8151 8152
8151 8153
8154 8155
8154 8152
8156 8152
8156 8157
8158 8155
8158 8152
8158 8153
8159 8160
8159 8152
8159 8157
8161 3349
8161 582
8161 8162
8163 3349
8163 582
8164 1498
8164 1902
8165 5267
8165 8166
8167 3854
8167 5267
8168 7342
8168 2126
8168 7340
8169 8170
8169 1902
8171 1509
8171 7545
8171 8172
8173 8166
8173 8172
8174 8166
8174 1966
8175 8166
8175 1966
8175 8172
8176 1509
8176 1966
8177 1509
8177 7545
8177 1966
8178 7545
8178 8172
8179 1509
8179 8172
8180 582
8180 3350
8181 1679
8181 2489
8182 3350
8182 8162
8183 870
8183 8184
8185 5451
8185 870
8186 568
8186 8184
8187 1138
8187 577
8187 1140
8188 2010
8188 6166
8188 8189
8190 568
8190 4751
8190 8184
8191 7494
8191 8192
8191 7495
8193 5750
8193 7494
8194 7494
8194 8192
8195 5443
8195 4336
8195 5452
8196 8192
8196 3509
8197 3509
8197 8192
8197 8198
8199 3509
8199 7495
8199 8198
8200 8192
8200 8198
8201 7495
8201 8198
8202 4751
8202 8184
8203 2010
8203 2143
8204 1771
8204 8205
8204 950
8206 5443
8206 4336
8207 2134
8207 2010
8207 2143
8208 1815
8208 1902
8209 2701
8209 1797
8210 6095
8210 1606
8211 5566
8211 8212
8213 8214
8213 8212
8215 8216
8215 8217
8218 5566
8218 8214
8218 8212
8219 8220
8219 8214
8221 8220
8221 1639
8221 8222
8223 8220
8223 8214
8223 8224
8225 8214
8225 8224
8226 6785
8226 8216
8226 8217
8227 6785
8227 8217
8228 3339
8228 8229
8230 3339
8230 8229
8230 7706
8231 3454
8231 3455
8232 4770
8232 7706
8233 1606
8233 6109
8234 7705
8234 2721
8234 8235
8236 4750
8236 591
8237 3339
8237 8238
8237 7706
8239 8229
8239 7706
8240 8238
8240 7706
8241 3339
8241 8238
8242 2012
8242 5095
8243 5108
8243 4105
8244 5095
8244 4105
8245 1384
8245 4105
8246 1384
8246 5106
8247 811
8247 1538
8248 1540
8248 1537
8248 1538
8249 5882
8249 8250
8251 8250
8251 8252
8253 5882
8253 7025
8254 8255
8254 5882
8256 8255
8256 6981
8256 8257
8258 8255
8258 6981
8259 8255
8259 7025
8259 8252
8260 1533
8260 1535
8261 8255
8261 8252
8262 8255
8262 5882
8262 7025
8263 6752
8263 6753
8264 6752
8264 486
8265 6752
8265 8081
8266 1527
8266 811
8267 8080
8267 486
8268 486
8268 482
8268 477
8269 8080
8269 486
8269 6753
8270 8080
8270 6753
8271 6752
8271 8080
8271 8081
8272 8273
8272 8274
8275 7618
8275 6971
8275 4793
8276 8273
8276 5122
8276 8274
8277 7618
8277 6971
8278 8098
8278 492
8278 490
8279 8098
8279 490
8280 6971
8280 6961
8281 2975
8281 8098
8282 2977
8282 492
8283 8273
8283 2977
8284 7618
8284 4801
8284 7627
8285 4801
8285 7627
8286 1498
8286 8170
8286 1901
8287 1498
8287 1901
8288 8170
8288 1901
8289 8290
8289 8291
8289 8170
8292 8290
8292 8170
8293 8291
8293 8170
8294 3715
8294 5131
8295 5116
8295 3167
8296 2769
8296 3076
8297 553
8297 4652
8297 7689
8298 553
8298 548
8299 707
8299 5820
8299 5794
8300 8301
8300 554
8302 7682
8302 8301
8303 7682
8303 8301
8303 554
8304 550
8304 8301
8305 550
8305 8306
8307 550
8307 8301
8307 8306
8308 553
8308 7689
8309 553
8309 4652
8310 8311
8310 8312
8313 8314
8313 8315
8313 8316
8317 2196
8317 2169
8318 2196
8318 8319
8320 2196
8320 8319
8320 2169
8321 6149
8321 8314
8322 6149
8322 8314
8322 2197
8323 8314
8323 8315
8324 8315
8324 8316
8325 2195
8325 2196
8326 2195
8326 2197
8327 1277
8327 5141
8328 5141
8328 8329
8328 6952
8330 4060
8330 8331
8332 747
8332 80
8333 4060
8333 4061
8333 8331
8334 8335
8334 8336
8337 8338
8337 8339
8337 3556
8340 5945
8340 4050
8341 6035
8341 8342
8341 8343
8344 6035
8344 8342
8345 6616
8345 8343
8346 8347
8346 4783
8346 1362
8348 8342
8348 8343
8349 2365
8349 6825
8350 8351
8350 8352
8353 6036
8353 8351
8353 946
8354 6035
8354 8351
8354 8352
8355 4800
8355 4792
8356 8357
8356 4350
8358 2792
8358 4350
8359 2792
8359 8357
8359 4350
8360 2784
8360 4350
8361 3216
8361 2784
8362 4800
8362 8363
8364 8365
8364 4350
8366 3216
8366 8365
8367 3216
8367 8365
8367 4350
8368 2533
8368 8365
8369 4800
8369 4792
8369 8363
8370 6734
8370 8371
8372 6734
8372 8373
8372 8371
8374 182
8374 183
8375 2746
8375 8376
8375 8377
8378 8379
8378 8376
8380 2106
8380 8377
8381 2106
8381 8382
8381 8377
8383 8376
8383 8377
8384 2746
8384 8376
8385 2746
8385 8382
8386 2746
8386 2106
8387 2746
8387 8382
8387 2106
8388 8382
8388 8377
8389 3726
8389 8149
8390 8391
8390 7360
8390 7355
8392 8160
8392 8155
8392 8153
8393 7487
8393 3318
8393 7140
8394 4671
8394 8311
8394 8312
8395 5244
8395 6234
8396 8397
8396 8072
8398 8399
8398 2773
8400 5244
8400 8399
8400 6234
8401 8399
8401 6234
8401 2773
8402 6234
8402 2773
8403 5244
8403 2772
8404 8397
8404 2288
8405 253
8405 2772
8406 5244
8406 2772
8406 2773
8407 8397
8407 8072
8407 2288
8408 8397
8408 8409
8410 8411
8410 4947
8412 1961
8412 8411
8413 5581
8413 8414
8415 8416
8415 5581
8415 8414
8417 8416
8417 5583
8417 4962
8418 8416
8418 8414
8419 8416
8419 5583
8420 8416
8420 4962
8421 1590
8421 4218
8422 1590
8422 4218
8422 8423
8424 3135
8424 2288
8425 275
8425 276
8425 2673
8426 5570
8426 6452
8427 8217
8427 6452
8428 3135
8428 8409
8429 719
8429 720
8429 3890
8430 2866
8430 1640
8431 8397
8431 3135
8431 8409
8432 5570
8432 8217
8432 6452
8433 7339
8433 404
8433 7356
8434 2868
8434 2866
8434 1640
8435 6740
8435 4556
8435 4557
8436 2868
8436 1640
8437 7812
8437 8438
8439 8438
8439 7813
8440 7812
8440 8438
8440 7813
8441 8442
8441 8438
8443 5049
8443 8444
8443 7228
8445 1639
8445 1637
8446 797
8446 1090
8447 797
8447 1090
8447 7228
8448 1412
8448 8449
8450 1640
8450 1637
8451 8442
8451 7811
8452 8442
8452 7811
8452 8438
8453 162
8453 3541
8454 8455
8454 404
8454 1197
8456 2628
8456 2623
8456 757
8457 8449
8457 8312
8458 8455
8458 1197
8459 4819
8459 8460
8461 7295
8461 8462
8461 8463
8464 7304
8464 8462
8465 8462
8465 8463
8466 7295
8466 8462
8467 2232
8467 8463
8468 2232
8468 8469
8468 8463
8470 7295
8470 8469
8470 2232
8471 8469
8471 8463
8472 7295
8472 8469
8473 7295
8473 2232
8474 8475
8474 5104
8476 5104
8476 8477
8478 3066
8478 8479
8478 8480
8481 8479
8481 7656
8482 8479
8482 8480
8483 8477
8483 3166
8483 3167
8484 5364
8484 6539
8485 5364
8485 8486
8485 6539
8487 7652
8487 5116
8487 3167
8488 8489
8488 8475
8490 8491
8490 8475
8492 8491
8492 8489
8492 8475
8493 1652
8493 3285
8494 8495
8494 8496
8494 8497
8498 8499
8498 8496
8500 3732
8500 7276
8501 3732
8501 7276
8501 4066
8502 8497
8502 7169
8503 8497
8503 8504
8503 7169
8505 8496
8505 8497
8506 8495
8506 8496
8507 8504
8507 8508
8509 8504
8509 8510
8511 8510
8511 8504
8511 8508
8512 8497
8512 8504
8513 8514
8513 8515
8516 8517
8516 8515
8518 1652
8518 3286
8519 4629
8519 4630
8520 7746
8520 7747
8520 5328
8521 7746
8521 5328
8522 8514
8522 5089
8523 8514
8523 7746
8524 7746
8524 8517
8525 8514
8525 7746
8525 5089
8526 7746
8526 8517
8526 5089
8527 8517
8527 5089
8528 8529
8528 2567
8530 5221
8530 8529
8530 2567
8531 8529
8531 8532
8533 5222
8533 8532
8534 8535
8534 8536
8537 8536
8537 5224
8538 8535
8538 8536
8538 5224
8539 5221
8539 8529
8540 2446
8540 2447
8540 2452
8541 5222
8541 8529
8541 8532
8542 8532
8542 8543
8544 333
8544 8545
8544 8546
8547 2254
8547 5043
8548 7339
8548 404
8549 1498
8549 8170
8549 1902
8550 1679
8550 1670
8551 890
8551 8545
8552 1689
8552 1687
8553 8339
8553 3556
8554 4654
8554 4721
8554 2547
8555 8545
8555 8546
8556 1201
8556 1124
8556 1189
8557 8558
8557 2005
8557 6741
8559 8343
8559 8352
8560 333
8560 8545
8561 8558
8561 6741
8562 2134
8562 8189
8563 8564
8563 2134
8565 8566
8565 2143
8567 8568
8567 2143
8569 8570
8569 3619
8569 8189
8571 3619
8571 8189
8572 8564
8572 8570
8572 3619
8573 8564
8573 3619
8574 8564
8574 8570
8575 8566
8575 8568
8575 2143
8576 2587
8576 2299
8577 8578
8577 2587
8579 8578
8579 3034
8579 8580
8581 8578
8581 3034
8582 8578
8582 8580
8583 8580
8583 8584
8583 2306
8585 8580
8585 2306
8586 8580
8586 8584
8587 1899
8587 2993
8587 2998
8588 8578
8588 8589
8590 8578
8590 2587
8590 2299
8591 8373
8591 6715
8591 8371
8592 182
8592 8593
8594 6734
8594 8373
8595 8373
8595 6715
8596 6715
8596 8371
8597 8598
8597 8599
8597 8371
8600 2611
8600 5168
8601 6382
8601 8373
8602 615
8602 8603
8604 8605
8604 615
8604 8603
8606 8607
8606 8608
8606 8609
8610 8607
8610 615
8611 6633
8611 615
8612 8607
8612 6633
8612 615
8613 8607
8613 8605
8614 6633
8614 8605
8615 8607
8615 6633
8615 8605
8616 8605
8616 8603
8617 5168
8617 1377
8618 1742
8618 3507
8619 521
8619 4668
8620 521
8620 4668
8620 4669
8621 521
8621 4669
8622 4667
8622 4669
8623 4667
8623 224
8624 2020
8624 8625
8626 2895
8626 2893
8626 2020
8627 8628
8627 8629
8630 8631
8630 8632
8633 8632
8633 8634
8635 8632
8635 8636
8635 8634
8637 8628
8637 4895
8638 8632
8638 8628
8638 4895
8639 8631
8639 8632
8639 4895
8640 8641
8640 7101
8642 8641
8642 8643
8644 8643
8644 8645
8644 8646
8647 8643
8647 8645
8648 8649
8648 8650
8651 8641
8651 1749
8652 8641
8652 8643
8652 7101
8653 8654
8653 8065
8655 8656
8655 8657
8655 7108
8658 5931
8658 8654
8658 8065
8659 5931
8659 8654
8660 2424
8660 8657
8660 8661
8662 8657
8662 2424
8663 8656
8663 7108
8664 8656
8664 8657
8665 8052
8665 8666
8665 8047
8667 4849
8667 4851
8668 7994
8668 8669
8670 2573
8670 5541
8671 7994
8671 8669
8671 6662
8672 8673
8672 8669
8674 4897
8674 8675
8674 8676
8677 4897
8677 8675
8678 8673
8678 399
8679 8680
8679 8108
8681 8675
8681 8680
8681 1114
8682 8683
8682 8680
8682 8108
8684 8683
8684 8108
8685 1105
8685 8676
8686 8687
8686 8676
8688 4897
8688 8676
8689 8687
8689 1105
8689 8676
8690 8691
8690 8692
8693 8694
8693 8691
8693 8695
8696 8691
8696 8692
8696 8697
8698 8697
8698 8692
8699 7497
8699 8700
8701 8692
8701 8700
8702 8700
8702 8703
8704 7497
8704 8692
8704 8700
8705 7503
8705 8700
8705 8703
8706 7503
8706 8703
8707 8669
8707 6662
8708 8709
8708 4763
8708 8710
8711 8709
8711 4763
8712 2701
8712 3183
8713 8709
8713 2701
8714 2700
8714 8709
8715 8709
8715 2701
8715 3183
8716 2700
8716 8709
8716 3183
8717 2700
8717 3183
8718 2699
8718 2701
8719 2699
8719 2700
8720 7193
8720 4245
8721 6669
8721 1189
8722 5189
8722 1269
8723 1389
8723 8724
8723 8725
8726 1389
8726 8725
8727 8728
8727 8729
8730 8725
8730 8729
8731 1389
8731 8728
8732 8724
8732 8728
8733 8724
8733 8725
8734 1389
8734 8724
8734 8728
8735 8736
8735 8729
8737 8728
8737 8725
8737 8729
8738 2254
8738 792
8739 8149
8739 8740
8739 2001
8741 1959
8741 1571
8741 5550
8742 2846
8742 2847
8742 2851
8743 8744
8743 8745
8743 8149
8746 8744
8746 8149
8747 8745
8747 8149
8748 8149
8748 2001
8749 8740
8749 2001
8750 8744
8750 8745
8750 8740
8751 8744
8751 8740
8752 7342
8752 8455
8753 8455
8753 2126
8754 8755
8754 2798
8756 8755
8756 8757
8756 2798
8758 8757
8758 8759
8760 8755
8760 8759
8761 8755
8761 8757
8761 8759
8762 7342
8762 8759
8763 7342
8763 2798
8764 7342
8764 2798
8764 8759
8765 8766
8765 2847
8767 8768
8767 8769
8767 2048
8770 1867
8770 2000
8771 1733
8771 8772
8771 8773
8774 5221
8774 5222
8775 5222
8775 2567
8776 8777
8776 8778
8779 5221
8779 6900
8780 5221
8780 5214
8780 6900
8781 5214
8781 5215
8781 8782
8783 8768
8783 2048
8784 5221
8784 5214
8785 8786
8785 5544
8787 8786
8787 5513
8788 8789
8788 4028
8788 8790
8791 2739
8791 2740
8792 8793
8792 5320
8794 8795
8794 8793
8794 5320
8796 8793
8796 8797
8798 8797
8798 8238
8799 8793
8799 8797
8799 8238
8800 976
8800 4077
8801 976
8801 1800
8802 976
8802 1800
8802 4077
8803 8804
8803 4077
8805 8804
8805 1800
8806 2738
8806 2740
8807 7053
8807 1897
8807 4983
8808 8809
8808 8810
8811 8809
8811 5787
8812 2066
8812 1294
8812 2076
8813 7358
8813 586
8813 6979
8814 8815
8814 1385
8816 8815
8816 8817
8816 1385
8818 8815
8818 8810
8819 8810
8819 145
8820 8815
8820 8810
8820 145
8821 7455
8821 8810
8822 5787
8822 7455
8823 5787
8823 7455
8823 8810
8824 1899
8824 2998
8825 7358
8825 8826
8827 2699
8827 2744
8827 3956
8828 8826
8828 586
8829 2744
8829 3956
8830 8826
8830 586
8830 3102
8831 2699
8831 3956
8832 7860
8832 7663
8833 7663
8833 7647
8834 7651
8834 7652
8834 7647
8835 7651
8835 7647
8836 7652
8836 7647
8837 7652
8837 8477
8837 3166
8838 7652
8838 3166
8839 7652
8839 8477
8840 2743
8840 8841
8842 7853
8842 7663
8843 7860
8843 7663
8843 7647
8844 3106
8844 2034
8844 2035
8845 3106
8845 2035
8846 8826
8846 2217
8847 2743
8847 2744
8848 2035
8848 2216
8849 5244
8849 8399
8850 2699
8850 2743
8851 6979
8851 583
8852 6981
8852 583
8853 5388
8853 8449
8853 2821
8854 2743
8854 3956
8854 8841
8855 8856
8855 5346
8857 8856
8857 8858
8859 8860
8859 8858
8859 5346
8861 3956
8861 8841
8862 8856
8862 8860
8862 8863
8864 8860
8864 8863
8865 8856
8865 8863
8866 8856
8866 8858
8866 5346
8867 5961
8867 2156
8868 8863
8868 2156
8869 8782
8869 6900
8870 8871
8870 8782
8870 8872
8873 8782
8873 8872
8874 8871
8874 8782
8875 8876
8875 2979
8877 6900
8877 2979
8878 5215
8878 8782
8878 6900
8879 5215
8879 6900
8880 2972
8880 2979
8881 8876
8881 6900
8881 2979
8882 8883
8882 8884
8882 8885
8886 3587
8886 3589
8886 3593
8887 1734
8887 8885
8888 8889
8888 8890
8891 5242
8891 8889
8891 8892
8893 5242
8893 8889
8894 5170
8894 8892
8894 5244
8895 8883
8895 8885
8896 5170
8896 8892
8897 5242
8897 5170
8897 5244
8898 8884
8898 8885
8899 1733
8899 1734
8900 1733
8900 1735
8901 7033
8901 3826
8902 8903
8902 7033
8902 3826
8904 8903
8904 7039
8904 7044
8905 8903
8905 3826
8906 8903
8906 7039
8907 8903
8907 7044
8908 3837
8908 7032
8909 3837
8909 7032
8909 8910
8911 1734
8911 8885
8911 8773
8912 7040
8912 8913
8914 7041
8914 8913
8915 8338
8915 8339
8916 8917
8916 7415
8918 7780
8918 5264
8918 8919
8920 8921
8920 8922
8923 8315
8923 8922
8924 8315
8924 8925
8926 8921
8926 8925
8926 8315
8927 8928
8927 8925
8929 8928
8929 8925
8929 8922
8930 8921
8930 8315
8930 8922
8931 8928
8931 8922
8932 5388
8932 5303
8933 5387
8933 5303
8934 8935
8934 8936
8937 2195
8937 8935
8938 7774
8938 1765
8939 8940
8939 3934
8939 3907
8941 3405
8941 2452
8941 1626
8942 2177
8942 2166
8942 2173
8943 7487
8943 3318
8944 7487
8944 7140
8945 7245
8945 765
8945 766
8946 7245
8946 766
8947 1493
8947 8948
8949 765
8949 2498
8950 765
8950 8951
8952 8953
8952 8954
8952 8955
8956 8948
8956 8955
8957 8958
8957 22
8959 8673
8959 1494
8960 3005
8960 8673
8960 1494
8961 8954
8961 8955
8962 8953
8962 8955
8963 8964
8963 8965
8966 8964
8966 8967
8968 8969
8968 3124
8970 8971
8970 8967
8972 8967
8972 3041
8973 2778
8973 8971
8974 2778
8974 8975
8974 8971
8976 8965
8976 3041
8977 8965
8977 8971
8977 3041
8978 8971
8978 8967
8978 3041
8979 8965
8979 8971
8980 2452
8980 1626
8981 5229
8981 5226
8981 5227
8982 8983
8982 6298
8984 6298
8984 8985
8986 6296
8986 8985
8987 8983
8987 6296
8987 8985
8988 8983
8988 8989
8988 4354
8990 8983
8990 6296
8991 8983
8991 8989
8992 8983
8992 4354
8993 3043
8993 5749
8994 8983
8994 6298
8994 8985
8995 6298
8995 6289
8996 3405
8996 1626
8997 2806
8997 5226
8998 7053
8998 8568
8999 412
8999 1441
9000 9001
9000 9002
9003 1265
9003 9002
9003 9004
9005 4831
9005 1459
9005 9006
9007 1459
9007 9006
9008 1265
9008 1735
9008 9004
9009 1265
9009 1735
9010 1265
9010 9002
9011 9002
9011 9004
9012 8883
9012 9004
9013 9004
9013 9014
9015 1735
9015 9004
9016 8883
9016 9004
9016 9014
9017 2446
9017 2452
9018 9019
9018 4392
9018 9020
9021 7157
9021 941
9022 9023
9022 9024
9025 7157
9025 8343
9026 7157
9026 6615
9027 6616
9027 6615
9027 8352
9028 9029
9028 3304
9030 7053
9030 8568
9030 7048
9031 1333
9031 9032
9033 9032
9033 9024
9034 9029
9034 9035
9034 3304
9036 4392
9036 9020
9037 9038
9037 617
9039 9040
9039 9038
9039 942
9041 2576
9041 8205
9041 9042
9043 1490
9043 1025
9044 7770
9044 7771
9045 7771
9045 269
9046 7771
9046 269
9046 9035
9047 4448
9047 8036
9048 9019
9048 4392
9049 2494
9049 2501
9050 4886
9050 9051
9052 9019
9052 329
9053 5231
9053 2805
9053 5226
9054 7772
9054 9035
9055 6337
9055 6339
9056 6337
9056 3204
9057 7510
9057 9058
9059 511
9059 9058
9060 3199
9060 9061
9060 5001
9062 6339
9062 3209
9063 6339
9063 3208
9064 6339
9064 3209
9064 3208
9065 866
9065 9061
9066 866
9066 3204
9066 9061
9067 9061
9067 5001
9068 3199
9068 5001
9069 9070
9069 6583
9069 7752
9071 9072
9071 9070
9073 9072
9073 7752
9074 9072
9074 9070
9074 7752
9075 9070
9075 9076
9077 9070
9077 9076
9077 9078
9079 9070
9079 6583
9080 6583
9080 7752
9081 508
9081 2805
9082 9083
9082 9072
9084 9083
9084 6583
9085 8536
9085 8543
9085 9086
9087 9088
9087 9086
9089 9088
9089 9090
9091 9088
9091 9086
9091 9090
9092 45
9092 8543
9093 45
9093 8532
9093 8543
9094 8543
9094 9086
9095 8536
9095 9086
9096 8460
9096 2186
9097 6396
9097 2186
9097 3941
9098 9088
9098 9099
9100 9099
9100 6594
9101 8940
9101 3934
9102 7418
9102 9051
9102 7409
9103 1855
9103 1929
9103 9020
9104 7770
9104 7772
9104 9035
9105 9106
9105 7409
9107 3500
9107 9108
9109 9110
9109 9111
9112 9110
9112 9113
9112 9111
9114 7418
9114 9106
9114 7409
9115 9110
9115 9116
9117 9118
9117 9110
9117 9116
9119 9120
9119 9118
9119 2017
9121 9118
9121 9110
9122 9118
9122 9113
9122 9116
9123 9113
9123 9111
9124 9118
9124 9113
9125 9113
9125 9116
9126 5870
9126 9127
9126 29
9128 329
9128 9020
9129 9035
9129 3304
9130 2615
9130 2621
9131 1077
9131 9132
9131 2621
9133 1077
9133 2621
9134 2
9134 9135
9134 2617
9136 3247
9136 6248
9137 9135
9137 2617
9138 1077
9138 9132
9138 2619
9139 1077
9139 2619
9140 9132
9140 2619
9141 1929
9141 9020
9142 6789
9142 9143
9144 2993
9144 9145
9146 9147
9146 7790
9148 1562
9148 2456
9149 1855
9149 9020
9150 281
9150 161
9150 9151
9152 1553
9152 1562
9152 2456
9153 9154
9153 7328
9153 7790
9155 3495
9155 3502
9155 3503
9156 3609
9156 3581
9157 9158
9157 5163
9159 9160
9159 5163
9161 9162
9161 9160
9161 4135
9163 9160
9163 4135
9164 9162
9164 9160
9165 9162
9165 9158
9165 4135
9166 9158
9166 4135
9167 9162
9167 9158
9168 1917
9168 9127
9169 3495
9169 3503
9170 5163
9170 3910
9171 9158
9171 9160
9171 5163
9172 108
9172 123
9173 108
9173 120
9173 123
9174 9175
9174 120
9174 1083
9176 108
9176 120
9177 120
9177 1083
9178 9175
9178 120
9179 9180
9179 1083
9181 1071
9181 9180
9181 1083
9182 7339
9182 8455
9182 7340
9183 108
9183 117
9184 112
9184 117
9185 9186
9185 6245
9185 1493
9187 2615
9187 1554
9187 2617
9188 9189
9188 1272
9188 9014
9190 1272
9190 9014
9191 8883
9191 1272
9192 8883
9192 9189
9193 9189
9193 9014
9194 8883
9194 9189
9194 1272
9195 9189
9195 9196
9197 1482
9197 9196
9197 1477
9198 9189
9198 9196
9198 8884
9199 9189
9199 8884
9200 8860
9200 5346
9201 3609
9201 3628
9202 9203
9202 9204
9202 270
9205 9186
9205 6245
9206 1553
9206 1555
9207 5794
9207 9208
9209 1893
9209 9210
9209 9211
9212 1893
9212 9211
9213 9210
9213 9211
9214 9215
9214 1893
9216 9215
9216 9210
9217 5794
9217 9208
9217 2654
9218 9208
9218 2654
9219 6245
9219 1493
9220 1893
9220 9215
9220 9210
9221 9222
9221 9223
9224 9222
9224 9225
9226 9227
9226 9225
9228 9225
9228 2933
9229 9227
9229 9222
9229 9225
9230 9225
9230 9223
9230 2933
9231 9223
9231 2933
9232 2932
9232 2934
9233 2933
9233 2934
9234 4599
9234 5300
9234 223
9235 2162
9235 1418
9235 2163
9236 9237
9236 653
9238 9239
9238 420
9240 3120
9240 420
9241 3120
9241 9239
9241 420
9242 9243
9242 9239
9244 9243
9244 3120
9245 9243
9245 9239
9245 3120
9246 9243
9246 9247
9248 9247
9248 420
9249 9243
9249 9247
9249 420
9250 4521
9250 9247
9251 2613
9251 2562
9251 2564
9252 42
9252 7815
9252 191
9253 8680
9253 1114
9254 8675
9254 8680
9255 3454
9255 5940
9255 8650
9256 3454
9256 5940
9257 8687
9257 9258
9257 9259
9260 8687
9260 9259
9261 8675
9261 1105
9262 214
9262 208
9262 216
9263 3454
9263 8650
9264 8675
9264 8687
9264 1105
9265 8675
9265 8683
9265 1114
9266 8683
9266 1114
9267 1675
9267 1677
9268 5311
9268 5320
9269 2637
9269 4952
9269 4960
9270 5007
9270 5161
9271 8925
9271 9272
9273 9274
9273 9272
9275 9274
9275 9276
9277 8925
9277 9274
9277 9272
9278 9279
9278 1840
9280 9279
9280 9281
9282 9258
9282 9283
9282 9284
9285 9276
9285 9286
9287 4110
9287 9286
9288 9272
9288 9276
9288 9286
9289 6680
9289 1753
9290 4087
9290 5624
9290 1753
9291 9292
9291 1857
9293 9292
9293 9294
9295 9296
9295 4507
9297 2782
9297 8917
9298 4507
9298 1791
9299 3698
9299 3696
9300 2327
9300 8700
9301 2327
9301 9302
9303 9302
9303 8692
9303 7497
9304 9302
9304 7497
9305 9302
9305 8692
9306 9307
9306 3152
9306 8703
9308 3152
9308 8703
9309 9307
9309 3152
9310 9307
9310 7503
9310 8700
9311 9307
9311 7503
9312 925
9312 1689
9312 1686
9313 3461
9313 9314
9315 1610
9315 1612
9316 6098
9316 1616
9316 1612
9317 6098
9317 1612
9318 1616
9318 1612
9319 1616
9319 1611
9319 6098
9320 6098
9320 1611
9321 1616
9321 1611
9322 1606
9322 1608
9322 1616
9323 1606
9323 1616
9324 1608
9324 1616
9325 9326
9325 723
9325 8940
9327 4606
9327 6314
9328 4191
9328 4606
9329 8736
9329 8728
9329 2443
9330 9331
9330 9332
9333 4191
9333 9332
9333 6314
9334 9332
9334 6314
9335 4191
9335 9332
9336 9331
9336 9332
9336 4606
9337 9331
9337 4606
9338 9339
9338 9340
9341 9342
9341 8028
9343 522
9343 9342
9344 9345
9344 9208
9344 6048
9346 6047
9346 6048
9347 6046
9347 6047
9348 9349
9348 1320
9350 9349
9350 1320
9350 9351
9352 5789
9352 9353
9352 9351
9354 9349
9354 9351
9355 9349
9355 1319
9356 1319
9356 6472
9357 9345
9357 6048
9358 4400
9358 2537
9359 9208
9359 6048
9360 9361
9360 5637
9360 2168
9362 9363
9362 9364
9365 9364
9365 9366
9365 5019
9367 4875
9367 4877
9368 9363
9368 4875
9368 9366
9369 4875
9369 9366
9370 9363
9370 4875
9371 4399
9371 9372
9371 5635
9373 989
9373 8797
9374 989
9374 8797
9374 9375
9376 4399
9376 5635
9377 9378
9377 9379
9377 9380
9381 9375
9381 9380
9382 9375
9382 984
9383 9375
9383 9380
9383 984
9384 986
9384 9375
9385 8797
9385 986
9386 8797
9386 986
9386 9375
9387 989
9387 9375
9388 7355
9388 9389
9390 9391
9390 9389
9392 1562
9392 3988
9393 2455
9393 1562
9393 3988
9394 3986
9394 7356
9395 3986
9395 7356
9395 9389
9396 9391
9396 7355
9396 9389
9397 3986
9397 9389
9398 3986
9398 3981
9399 3981
9399 3988
9400 6164
9400 2657
9400 2564
9401 4882
9401 4708
9402 6174
9402 2725
9403 827
9403 4882
9404 925
9404 1689
9405 9406
9405 1284
9407 9406
9407 1287
9408 8491
9408 9409
9410 1294
9410 1285
9410 9409
9411 8491
9411 1293
9411 9409
9412 8491
9412 1293
9413 9414
9413 1296
9413 3166
9415 1296
9415 3166
9416 1294
9416 9409
9417 1285
9417 9409
9418 1171
9418 9419
9418 5160
9420 3467
9420 3690
9420 9421
9422 3467
9422 9421
9423 9424
9423 9425
9426 9427
9426 9424
9426 1901
9428 9427
9428 1901
9429 9427
9429 9424
9430 9431
9430 9432
9430 9424
9433 9432
9433 9424
9434 9431
9434 9424
9435 9431
9435 7673
9435 8290
9436 9431
9436 7673
9437 9431
9437 8290
9438 9439
9438 559
9438 9440
9441 9442
9441 9443
9444 9442
9444 9445
9446 744
9446 9447
9448 744
9448 9449
9448 9447
9450 5063
9450 5057
9450 3410
9451 9449
9451 9447
9452 5057
9452 3410
9453 5063
9453 3410
9454 6862
9454 2550
9454 6863
9455 2550
9455 6863
9456 1429
9456 9445
9457 6863
9457 9445
9458 9459
9458 9445
9460 1429
9460 6863
9460 9445
9461 9443
9461 9459
9461 9445
9462 9459
9462 9443
9463 489
9463 492
9464 5122
9464 8274
9464 492
9465 932
9465 9466
9467 3066
9467 8479
9468 9469
9468 8872
9470 9471
9470 8872
9472 8274
9472 8872
9473 9469
9473 9471
9473 8872
9474 9475
9474 8274
9474 8872
9476 9475
9476 8274
9477 5122
9477 492
9478 8274
9478 492
9479 7652
9479 5116
9480 1417
9480 2163
9481 8486
9481 9482
9481 7657
9483 9484
9483 9485
9486 8486
9486 6539
9487 8486
9487 7657
9488 8486
9488 9482
9489 3790
9489 2882
9490 9491
9490 9492
9493 4664
9493 2149
9493 2497
9494 5737
9494 3551
9494 5739
9495 2756
9495 5629
9496 2756
9496 5629
9496 2760
9497 3614
9497 9498
9497 8566
9499 5160
9499 5007
9500 3732
9500 4066
9501 1785
9501 9502
9501 2766
9503 2766
9503 2752
9504 954
9504 2752
9505 954
9505 2766
9505 2752
9506 2752
9506 2760
9507 2754
9507 2760
9508 2754
9508 2752
9508 2760
9509 2756
9509 2760
9510 7780
9510 6512
9510 9511
9512 994
9512 4066
9513 3764
9513 4065
9514 9511
9514 8919
9515 7697
9515 3764
9515 4065
9516 9511
9516 6512
9516 8919
9517 7697
9517 994
9517 3764
9518 9519
9518 4977
9518 3612
9520 6512
9520 6514
9521 7697
9521 4065
9522 6512
9522 6509
9522 6514
9523 3149
9523 3156
9523 784
9524 7780
9524 9511
9525 916
9525 1429
9525 917
9526 9527
9526 461
9526 9528
9529 9528
9529 9530
9531 2055
9531 9530
9532 2055
9532 9528
9532 9530
9533 9530
9533 8769
9534 9535
9534 8769
9536 9535
9536 9530
9536 8769
9537 9538
9537 9530
9539 9538
9539 9535
9540 9538
9540 9535
9540 9530
9541 7994
9541 894
9542 3616
9542 5667
9543 9544
9543 894
9543 895
9545 5408
9545 9544
9545 7991
9546 9544
9546 895
9547 1128
9547 5743
9547 5739
9548 510
9548 2148
9549 3150
9549 780
9550 6266
9550 3074
9551 9552
9551 510
9551 2148
9553 5264
9553 8919
9554 916
9554 1429
9555 9552
9555 4171
9555 2491
9556 7780
9556 5264
9557 9552
9557 2148
9558 1055
9558 9559
9558 9560
9561 1128
9561 5739
9562 9552
9562 2491
9563 5752
9563 1357
9563 917
9564 5707
9564 4992
9564 4995
9565 9566
9565 9567
9565 3211
9568 5707
9568 4995
9569 8809
9569 8810
9569 5787
9570 6363
9570 938
9571 1204
9571 3518
9572 1130
9572 3791
9572 8044
9573 3518
9573 5691
9573 7622
9574 3791
9574 8044
9575 3790
9575 9576
9575 3791
9577 9578
9577 9579
9580 1130
9580 3791
9580 9579
9581 6363
9581 5707
9581 938
9582 1904
9582 196
9582 839
9583 1904
9583 839
9584 181
9584 1905
9585 9586
9585 7777
9587 6781
9587 9588
9589 3518
9589 5691
9590 6781
9590 6779
9590 9588
9591 6779
9591 9588
9592 82
9592 9593
9594 1
9594 2
9594 9595
9596 6362
9596 5704
9597 2
9597 9595
9598 1441
9598 890
9599 1441
9599 890
9599 8545
9600 2291
9600 2301
9601 5388
9601 2821
9602 1357
9602 6868
9603 390
9603 4700
9604 1430
9604 917
9605 3698
9605 9135
9606 5410
9606 3396
9607 9586
9607 3698
9608 5410
9608 6050
9608 6054
9609 9610
9609 9611
9612 1596
9612 9613
9614 1587
9614 1596
9614 9613
9615 9613
9615 845
9616 1582
9616 845
9617 2396
9617 5353
9618 1579
9618 5353
9619 1579
9619 2396
9619 5353
9620 1587
9620 9613
9621 1582
9621 9613
9621 845
9622 9623
9622 1589
9624 2518
9624 9625
9626 9625
9626 2520
9627 2518
9627 9625
9627 2520
9628 9629
9628 9625
9630 2519
9630 2524
9630 9631
9632 886
9632 9631
9633 2523
9633 886
9634 2523
9634 886
9634 9631
9635 9636
9635 6626
9637 2769
9637 8342
9638 2519
9638 9629
9639 2519
9639 9629
9639 9625
9640 9641
9640 4630
9642 9643
9642 9644
9645 9646
9645 9644
9647 248
9647 9643
9648 9649
9648 9643
9648 248
9650 6639
9650 3346
9651 6639
9651 9644
9651 3346
9652 9646
9652 9643
9652 9644
9653 6639
9653 9644
9654 9655
9654 9644
9656 9655
9656 3346
9657 5500
9657 5504
9658 5500
9658 1227
9659 5504
9659 8543
9660 8543
9660 5504
9660 9661
9662 8336
9662 4784
9663 5500
9663 8336
9663 4784
9664 5500
9664 5504
9664 1227
9665 5500
9665 4784
9666 3270
9666 9667
9668 9669
9668 9667
9668 9670
9671 4784
9671 1362
9672 4785
9672 1362
9673 1961
9673 5536
9673 909
9674 1961
9674 5536
9675 9669
9675 9667
9676 9667
9676 9670
9677 9678
9677 9120
9679 9678
9679 9120
9679 9680
9681 9682
9681 8499
9683 9682
9683 7869
9684 9682
9684 8499
9684 7869
9685 9686
9685 9682
9687 9686
9687 9688
9689 9686
9689 9688
9689 9682
9690 9691
9690 8496
9692 9691
9692 7879
9693 6167
9693 6168
9694 6186
9694 6190
9694 1691
9695 32
9695 9696
9697 36
9697 13
9698 9699
9698 36
9698 9700
9701 9023
9701 3507
9702 2190
9702 9703
9704 9703
9704 1038
9705 9699
9705 9703
9706 2190
9706 9703
9706 1038
9707 9699
9707 9703
9707 12
9708 9699
9708 12
9709 36
9709 9700
9710 9699
9710 36
9711 9339
9711 2467
9712 6190
9712 1037
9713 2284
9713 6805
9714 9715
9714 6967
9716 3363
9716 6967
9717 3374
9717 9715
9718 3374
9718 9715
9718 3367
9719 3361
9719 4788
9719 6962
9720 9715
9720 3367
9721 4788
9721 6962
9722 3361
9722 6962
9723 3363
9723 9715
9723 6967
9724 9725
9724 3369
9726 54
9726 3606
9727 9728
9727 54
9727 3606
9729 9728
9729 3619
9729 3607
9730 9728
9730 54
9731 9728
9731 3607
9732 9728
9732 3619
9733 47
9733 3601
9734 47
9734 3601
9734 9735
9736 1017
9736 76
9737 75
9737 1017
9737 9738
9739 9738
9739 1017
9739 76
9740 9738
9740 76
9741 1017
9741 1002
9741 998
9742 1017
9742 998
9743 48
9743 54
9744 53
9744 48
9745 8826
9745 2216
9745 9746
9747 2254
9747 6631
9747 4753
9748 9746
9748 6981
9749 6414
9749 6065
9749 5490
9750 101
9750 102
9750 97
9751 102
9751 97
9752 4505
9752 4507
9752 646
9753 9754
9753 1824
9753 9755
9756 108
9756 113
9757 2254
9757 4753
9757 5043
9758 9754
9758 9759
9760 9754
9760 9759
9760 117
9761 9754
9761 1824
9762 1824
9762 9755
9763 9764
9763 1819
9765 1819
9765 3629
9766 9764
9766 1819
9766 3629
9767 9754
9767 117
9768 9023
9768 2007
9769 9770
9769 2264
9771 1166
9771 1168
9772 2263
9772 2264
9772 1677
9773 9774
9773 1535
9775 1166
9775 5422
9775 5420
9776 137
9776 6631
9776 5043
9777 1904
9777 196
9778 9779
9778 9774
9778 1535
9780 137
9780 1220
9781 9782
9781 370
9783 5099
9783 370
9784 3011
9784 9785
9784 9786
9787 9786
9787 9782
9788 9789
9788 9782
9790 3011
9790 9789
9791 3011
9791 9785
9791 9789
9792 9785
9792 9786
9793 3011
9793 9786
9794 8593
9794 9795
9794 1694
9796 2004
9796 9774
9797 1924
9797 165
9797 9798
9799 1924
9799 165
9800 1924
9800 9798
9801 168
9801 166
9801 9798
9802 168
9802 9798
9803 6380
9803 6662
9804 53
9804 6176
9804 1912
9805 53
9805 1912
9806 6176
9806 1912
9807 168
9807 165
9807 166
9808 5438
9808 5428
9809 2004
9809 9810
9811 2826
9811 1422
9812 6702
9812 8890
9813 6702
9813 9814
9813 8890
9815 9814
9815 9816
9815 9817
9818 6702
9818 9814
9819 9814
9819 9816
9820 9814
9820 9817
9821 5242
9821 9816
9822 5242
9822 9816
9822 9823
9824 5242
9824 9817
9824 9823
9825 9816
9825 9823
9826 202
9826 805
9827 1093
9827 202
9828 9829
9828 9830
9831 1093
9831 202
9831 805
9832 9829
9832 9830
9832 8031
9833 9829
9833 8031
9834 206
9834 812
9835 9829
9835 206
9836 206
9836 199
9837 9829
9837 206
9837 812
9838 6380
9838 2645
9838 6662
9839 1941
9839 239
9840 241
9840 1941
9841 1154
9841 9842
9841 234
9843 1154
9843 234
9844 1154
9844 9842
9845 9842
9845 237
9845 235
9846 9842
9846 237
9847 9842
9847 235
9848 9849
9848 1159
9848 230
9850 1159
9850 230
9851 9852
9851 923
9851 9853
9854 2982
9854 9855
9856 3227
9856 2673
9857 494
9857 2982
9858 83
9858 9795
9859 496
9859 9855
9860 489
9860 496
9860 9855
9861 9203
9861 262
9862 499
9862 2991
9862 9863
9864 489
9864 9855
9865 275
9865 9866
9865 3227
9867 351
9867 9868
9869 6408
9869 9870
9871 6403
9871 6408
9871 9870
9872 1170
9872 1171
9872 1173
9873 2991
9873 9863
9874 9641
9874 4630
9874 3322
9875 351
9875 5081
9875 9868
9876 7621
9876 4057
9877 3461
9877 9870
9878 9868
9878 2922
9879 4135
9879 2922
9880 269
9880 9203
9881 5081
9881 4135
9882 289
9882 293
9883 291
9883 293
9884 351
9884 5081
9884 4135
9885 9886
9885 9887
9885 3333
9888 9887
9888 3333
9889 9887
9889 9890
9891 5081
9891 9868
9892 9890
9892 291
9893 9886
9893 9887
9893 9890
9894 9890
9894 291
9894 3333
9895 291
9895 3333
9896 7659
9896 9897
9898 2330
9898 9899
9900 7673
9900 7659
9900 9897
9901 7940
9901 2344
9902 9903
9902 183
9902 848
9904 7940
9904 2335
9904 2344
9905 9906
9905 91
9905 9907
9908 4291
9908 2657
9908 2563
9909 4291
9909 2657
9910 2613
9910 9911
9910 2563
9912 241
9912 1935
9913 9897
9913 747
9913 8291
9914 688
9914 7509
9915 241
9915 1934
9916 5459
9916 7509
9917 2921
9917 9918
9917 2942
9919 2921
9919 2942
9920 9023
9920 2007
9920 3507
9921 5075
9921 2365
9922 349
9922 2921
9923 348
9923 349
9923 351
9924 6812
9924 349
9924 2921
9925 5075
9925 9926
9927 6812
9927 9918
9928 349
9928 9918
9929 9918
9929 2942
9930 6812
9930 349
9930 9918
9931 9932
9931 7813
9933 9934
9933 7813
9935 1133
9935 5043
9936 9932
9936 9934
9936 7813
9937 2255
9937 9934
9938 2249
9938 2255
9938 9932
9939 2249
9939 2255
9939 9934
9940 2249
9940 9934
9941 1170
9941 9419
9942 1133
9942 5043
9942 1134
9943 5459
9943 5460
9943 5279
9944 5459
9944 5279
9945 405
9945 7356
9946 7339
9946 405
9946 7356
9947 409
9947 9948
9949 3643
9949 409
9950 3643
9950 409
9950 9948
9951 7339
9951 405
9952 1208
9952 1280
9952 1197
9953 3695
9953 9948
9954 1562
9954 9948
9955 3695
9955 1562
9955 9948
9956 2717
9956 9906
9957 2717
9957 9958
9959 3091
9959 9853
9960 5420
9960 9353
9961 2717
9961 9958
9961 9906
9962 9958
9962 3953
9963 6067
9963 9906
9963 3953
9964 185
9964 8379
9964 9965
9966 8379
9966 9965
9967 6067
9967 9958
9967 3953
9968 3091
9968 9204
9968 9853
9969 185
9969 2708
9970 2708
9970 2746
9970 441
9971 185
9971 186
9971 2708
9972 6067
9972 9958
9973 5843
9973 8379
9974 185
9974 5843
9975 185
9975 9965
9976 185
9976 5843
9976 8379
9977 450
9977 7860
9977 9978
9979 450
9979 7860
9980 429
9980 7846
9980 451
9981 429
9981 7846
9982 7846
9982 451
9983 450
9983 1343
9983 451
9984 7860
9984 9978
9985 9986
9985 9978
9985 1351
9987 9978
9987 1351
9988 9986
9988 9978
9989 575
9989 588
9990 586
9990 588
9990 577
9991 588
9991 9992
9993 1392
9993 1387
9993 9992
9994 1392
9994 9992
9995 1387
9995 9992
9996 586
9996 577
9997 588
9997 577
9998 588
9998 1140
9998 9992
9999 588
9999 1140
10000 345
10000 10001
10002 1535
10002 9810
10003 344
10003 473
10003 10001
10004 473
10004 10001
10005 344
10005 473
10006 4180
10006 344
10006 7332
10007 344
10007 7332
10008 9779
10008 1535
10008 9810
10009 1530
10009 9779
10009 10010
10011 345
10011 474
10012 344
10012 345
10012 10001
10013 494
10013 9863
10014 10015
10014 10016
10014 504
10017 10015
10017 504
10018 10015
10018 10016
10019 10016
10019 499
10019 506
10020 10016
10020 506
10021 10016
10021 499
10022 504
10022 499
10022 506
10023 817
10023 2373
10024 501
10024 494
10024 9863
10025 501
10025 9863
10026 1530
10026 7114
10027 9610
10027 10028
10027 9611
10029 1530
10029 1531
10029 7114
10030 9296
10030 10031
10030 2408
10032 10033
10032 7488
10034 9296
10034 2408
10035 1128
10035 2770
10035 943
10036 9610
10036 1333
10037 3837
10037 3832
10038 3836
10038 3837
10038 3832
10039 3825
10039 10040
10041 3825
10041 564
10041 10040
10042 564
10042 544
10042 565
10043 3825
10043 564
10044 3836
10044 3825
10044 3826
10045 3836
10045 3832
10046 3836
10046 3825
10047 3836
10047 3826
10048 9610
10048 10028
10049 1396
10049 1013
10050 962
10050 1013
10050 1396
10051 1013
10051 1014
10052 1012
10052 1014
10053 609
10053 962
10054 605
10054 962
10055 3868
10055 3257
10056 962
10056 1013
10057 8342
10057 7826
10057 3076
10058 5332
10058 10059
10060 10061
10060 6126
10060 1278
10062 10063
10062 1278
10064 10031
10064 2408
10065 3769
10065 795
10066 10031
10066 3254
10066 6249
10067 720
10067 3890
10068 10069
10068 627
10070 1067
10070 627
10071 10069
10071 301
10072 10073
10072 10069
10072 301
10074 10073
10074 1067
10074 301
10075 10073
10075 10069
10076 10073
10076 1067
10077 1067
10077 301
10078 281
10078 259
10079 1067
10079 10069
10079 627
10080 627
10080 629
10081 9237
10081 662
10082 4316
10082 10063
10082 6126
10083 1118
10083 9237
10084 9237
10084 662
10084 653
10085 1118
10085 655
10085 9237
10086 1118
10086 655
10087 1119
10087 1161
10088 4410
10088 4316
10089 1118
10089 1162
10090 1118
10090 1119
10090 1161
10091 2714
10091 4183
10092 10093
10092 7545
10094 10093
10094 10095
10094 7545
10096 10093
10096 8598
10097 8598
10097 1238
10098 10093
10098 8598
10098 1238
10099 8953
10099 895
10100 8953
10100 7991
10101 10093
10101 10102
10103 576
10103 577
10104 7573
10104 10105
10106 889
10106 1333
10107 10108
10107 698
10109 10110
10109 10108
10109 698
10111 10110
10111 708
10111 10112
10113 10110
10113 10108
10114 10110
10114 708
10115 10110
10115 10112
10116 708
10116 10117
10118 707
10118 708
10118 10117
10119 10108
10119 10120
10121 10112
10121 10120
10122 9610
10122 889
10122 1333
10123 10124
10123 5108
10123 3944
10125 5108
10125 3944
10126 10127
10126 3944
10128 10124
10128 10127
10129 726
10129 10127
10130 10124
10130 10127
10130 3944
10131 726
10131 5108
10131 10127
10132 726
10132 5108
10133 728
10133 723
10134 728
10134 726
10135 80
10135 8969
10136 3626
10136 3131
10137 147
10137 80
10137 8969
10138 147
10138 8969
10139 147
10139 1498
10140 3131
10140 8409
10141 10142
10141 10143
10144 3626
10144 3131
10144 8409
10145 1915
10145 1916
10146 1693
10146 1683
10147 10148
10147 3626
10147 8409
10149 1683
10149 1684
10150 1682
10150 1683
10151 10142
10151 132
10152 10142
10152 86
10153 686
10153 10105
10154 8936
10154 2168
10155 10156
10155 10157
10158 899
10158 10156
10159 7337
10159 3131
10160 619
10160 4406
10161 619
10161 641
10161 4406
10162 4406
10162 334
10163 7337
10163 10148
10164 333
10164 4406
10164 334
10165 10157
10165 1637
10166 10157
10166 6452
10167 6452
10167 10157
10167 1637
10168 10169
10168 4966
10168 5651
10170 775
10170 5651
10171 4966
10171 5651
10172 10169
10172 5651
10173 4966
10173 1515
10174 1501
10174 4966
10174 1515
10175 1500
10175 1503
10175 1501
10176 1501
10176 4966
10177 775
10177 2322
10178 775
10178 2322
10178 5651
10179 1866
10179 189
10179 1867
10180 4000
10180 10181
10182 2460
10182 6879
10183 799
10183 2769
10184 7529
10184 3096
10184 3097
10185 7573
10185 10186
10185 7237
10187 413
10187 414
10188 8311
10188 10189
10188 1558
10190 8311
10190 1558
10191 1566
10191 10192
10193 10192
10193 1558
10194 1557
10194 10189
10195 1560
10195 10189
10196 8311
10196 10189
10197 1560
10197 1557
10197 10189
10198 9447
10198 1871
10199 822
10199 828
10200 1566
10200 10192
10200 1558
10201 10202
10201 9669
10203 10202
10203 9669
10203 10204
10205 1589
10205 856
10205 10206
10207 10202
10207 10204
10208 6001
10208 10202
10208 10209
10210 6001
10210 858
10211 6001
10211 10202
10212 6001
10212 10209
10213 2241
10213 858
10214 6001
10214 2241
10214 858
10215 7529
10215 3096
10216 10217
10216 886
10218 885
10218 10217
10218 886
10219 872
10219 875
10219 873
10220 885
10220 10217
10221 7735
10221 10217
10221 877
10222 6437
10222 10223
10224 7735
10224 10217
10225 7735
10225 877
10226 9629
10226 10223
10227 6437
10227 9629
10227 10223
10228 41
10228 191
10229 3096
10229 9339
10230 7903
10230 4038
10231 7903
10231 4038
10231 10232
10233 2190
10233 914
10234 2189
10234 2190
10235 2189
10235 5495
10235 6914
10236 2189
10236 5495
10237 2189
10237 6914
10238 10239
10238 6914
10238 914
10240 4042
10240 10241
10240 7915
10242 10241
10242 10243
10244 4042
10244 10243
10245 4042
10245 10241
10245 10243
10246 10243
10246 10232
10247 7915
10247 10232
10248 7915
10248 10243
10248 10232
10249 7903
10249 10232
10250 9088
10250 4785
10251 10252
10251 9088
10251 4785
10253 2000
10253 2001
10254 41
10254 42
10254 191
10255 10256
10255 9088
10255 6594
10257 1361
10257 10256
10258 1361
10258 9099
10259 1361
10259 10256
10259 9099
10260 10252
10260 9086
10261 10252
10261 9090
10262 10252
10262 9086
10262 9090
10263 10252
10263 4785
10264 4667
10264 521
10264 224
10265 1977
10265 1981
10266 8153
10266 3665
10266 10267
10268 3654
10268 3665
10269 3665
10269 10267
10270 8153
10270 3665
10271 8497
10271 10267
10272 10273
10272 8497
10272 10267
10274 10273
10274 7169
10274 8504
10275 10273
10275 10267
10276 10273
10276 8504
10277 10273
10277 7169
10278 10279
10278 10280
10281 3404
10281 3537
10281 3292
10282 3189
10282 3190
10282 9903
10283 10284
10283 10279
10285 945
10285 10279
10285 6042
10286 6042
10286 948
10287 10279
10287 6042
10288 3537
10288 3292
10289 3190
10289 948
10290 3190
10290 6042
10290 948
10291 2447
10291 3405
10292 7269
10292 7778
10292 24
10293 7269
10293 7778
10294 7778
10294 24
10295 3
10295 24
10295 5
10296 10297
10296 24
10298 170
10298 10299
10298 9223
10300 170
10300 10299
10301 10299
10301 9223
10302 2446
10302 3994
10303 7269
10303 10297
10303 24
10304 7269
10304 10297
10305 1961
10305 907
10306 3404
10306 3537
10307 4668
10307 8036
10307 2595
10308 3980
10308 2446
10308 3994
10309 189
10309 793
10309 5805
10310 4667
10310 4668
10311 1709
10311 1710
10312 1709
10312 1711
10313 1714
10313 1711
10314 975
10314 1711
10314 979
10315 1714
10315 1710
10315 1711
10316 1714
10316 1710
10317 976
10317 977
10317 979
10318 976
10318 979
10319 975
10319 1711
10320 1711
10320 979
10321 2283
10321 5609
10322 10323
10322 10324
10322 7569
10325 1672
10325 922
10325 1668
10326 2887
10326 2877
10326 1005
10327 2887
10327 1005
10328 2606
10328 2590
10328 10329
10330 1027
10330 57
10331 10332
10331 10329
10333 10332
10333 56
10333 10329
10334 2590
10334 10329
10335 2606
10335 2590
10336 2606
10336 56
10337 2606
10337 10332
10338 2606
10338 56
10338 10332
10339 56
10339 10329
10340 5609
10340 864
10341 4753
10341 2255
10342 939
10342 1668
10343 1542
10343 2259
10343 1543
10344 9180
10344 1082
10345 1071
10345 9180
10345 1082
10346 10347
10346 9175
10348 10347
10348 9175
10348 1083
10349 107
10349 110
10349 108
10350 10347
10350 1083
10351 2681
10351 10347
10351 120
10352 1071
10352 1082
10353 2681
10353 10347
10354 2681
10354 120
10355 2255
10355 9932
10356 9019
10356 329
10356 9020
10357 1493
10357 8948
10357 1494
10358 10359
10358 1745
10360 154
10360 4096
10361 154
10361 4096
10361 10362
10363 4096
10363 152
10363 10362
10364 154
10364 10362
10365 152
10365 10362
10366 4096
10366 152
10367 10362
10367 4203
10368 10362
10368 3452
10368 4203
10369 3451
10369 3452
10369 4092
10370 10362
10370 3452
10371 7729
10371 7733
10372 1577
10372 7380
10373 7380
10373 5041
10374 1977
10374 1981
10374 1978
10375 422
10375 510
10376 422
10376 511
10377 8631
10377 8629
10378 1490
10378 2484
10379 7870
10379 2906
10380 1850
10380 1839
10381 3672
10381 10382
10381 1099
10383 803
10383 216
10384 1101
10384 216
10385 3672
10385 1838
10385 3423
10386 808
10386 1101
10387 10382
10387 1099
10388 3672
10388 10382
10389 3416
10389 9259
10390 1096
10390 9259
10391 3672
10391 1838
10392 1096
10392 9259
10392 3416
10393 7138
10393 7488
10394 1490
10394 2484
10394 2245
10395 8631
10395 4895
10396 10397
10396 697
10398 10399
10398 7488
10400 10401
10400 10397
10400 697
10402 2113
10402 446
10403 7245
10403 10399
10403 7488
10404 3998
10404 10399
10405 2244
10405 2247
10405 2245
10406 10401
10406 10407
10408 3998
10408 7138
10409 10401
10409 3776
10410 8632
10410 8628
10411 10401
10411 10407
10411 3776
10412 10401
10412 697
10413 1224
10413 7667
10414 6384
10414 6391
10415 1490
10415 2245
10416 707
10416 10112
10417 10112
10417 10117
10418 8641
10418 1749
10418 8860
10419 707
10419 10112
10419 10117
10420 8654
10420 8649
10421 6394
10421 6391
10421 6392
10422 1490
10422 1491
10422 251
10423 4087
10423 3443
10424 3947
10424 1381
10425 10426
10425 770
10427 3929
10427 283
10427 10428
10429 3929
10429 283
10430 3929
10430 10428
10431 10428
10431 286
10431 284
10432 10428
10432 284
10433 1045
10433 10434
10433 10426
10435 8860
10435 10436
10437 3929
10437 3901
10438 3929
10438 3947
10438 1381
10439 6719
10439 1224
10439 7667
10440 9903
10440 847
10440 1126
10441 8641
10441 10436
10442 1045
10442 10434
10442 1046
10443 1630
10443 6156
10444 10434
10444 1046
10445 10446
10445 10447
10448 229
10448 10446
10449 10450
10449 10446
10451 229
10451 10446
10451 10447
10452 229
10452 10453
10454 232
10454 229
10454 230
10455 10447
10455 229
10455 10453
10456 10447
10456 10453
10457 306
10457 4157
10458 306
10458 4157
10458 4143
10459 306
10459 301
10460 1045
10460 10426
10461 10450
10461 10446
10461 10453
10462 10450
10462 10453
10463 4145
10463 4142
10463 4143
10464 306
10464 4143
10465 1176
10465 1181
10466 1176
10466 10467
10466 7276
10468 7276
10468 5376
10469 7276
10469 5289
10470 10467
10470 5289
10471 7276
10471 5289
10471 5376
10472 10467
10472 5289
10472 5376
10473 10467
10473 5376
10474 1176
10474 7276
10475 1176
10475 10467
10476 6850
10476 6843
10477 1491
10477 251
10478 2448
10478 2453
10479 2055
10479 2046
10480 5239
10480 6715
10480 5240
10481 2577
10481 10482
10483 2577
10483 2566
10483 10482
10484 10482
10484 5541
10485 10486
10485 10487
10488 9789
10488 10487
10489 9789
10489 10490
10491 10486
10491 9789
10491 10490
10492 367
10492 10490
10493 367
10493 10487
10493 10490
10494 10486
10494 9789
10494 10487
10495 367
10495 10487
10496 1771
10496 4497
10496 8205
10497 2573
10497 10482
10497 5541
10498 367
10498 369
10499 369
10499 370
10500 1771
10500 950
10501 8205
10501 950
10502 4497
10502 8205
10503 385
10503 5541
10504 1915
10504 3324
10505 7415
10505 4087
10506 2577
10506 385
10507 2452
10507 2448
10507 2453
10508 10509
10508 9699
10510 4846
10510 10511
10512 2480
10512 6389
10512 13
10513 1189
10513 839
10513 10514
10515 9186
10515 8948
10516 2072
10516 9986
10517 9986
10517 1296
10518 450
10518 9986
10519 2072
10519 9986
10519 1296
10520 450
10520 9986
10520 1351
10521 450
10521 1351
10522 429
10522 1343
10523 429
10523 450
10524 429
10524 435
10525 429
10525 450
10525 1343
10526 2480
10526 13
10527 2284
10527 2301
10527 6805
10528 10529
10528 8153
10528 10267
10530 10529
10530 8153
10531 579
10531 3665
10532 579
10532 10529
10533 3654
10533 541
10534 541
10534 3664
10535 10529
10535 10267
10536 3654
10536 541
10536 3664
10537 579
10537 530
10538 579
10538 10529
10538 3665
10539 10540
10539 465
10541 465
10541 10542
10543 10542
10543 466
10544 10540
10544 10542
10544 466
10545 10540
10545 1322
10545 1325
10546 10540
10546 466
10547 10540
10547 1322
10548 10540
10548 1325
10549 2480
10549 6389
10550 10540
10550 465
10550 10542
10551 465
10551 457
10552 3868
10552 10553
10554 665
10554 10555
10556 3868
10556 8841
10556 10553
10557 3437
10557 10553
10558 7142
10558 2491
10558 4017
10559 3257
10559 3437
10560 1341
10560 1343
10561 1342
10561 1343
10562 1353
10562 7629
10562 1342
10563 7629
10563 1342
10564 1353
10564 1342
10565 5686
10565 430
10565 10566
10567 5686
10567 430
10568 430
10568 10566
10569 1341
10569 10566
10569 7620
10570 7620
10570 10566
10571 6211
10571 659
10572 7405
10572 4541
10573 3868
10573 3257
10573 8841
10574 7415
10574 5624
10575 8841
10575 10553
10576 424
10576 10577
10578 5266
10578 5267
10579 7142
10579 4017
10580 7705
10580 7706
10581 5336
10581 284
10581 2165
10582 319
10582 321
10583 10584
10583 5336
10585 10584
10585 2165
10586 1379
10586 10584
10587 10584
10587 2165
10587 5336
10588 1379
10588 284
10588 10584
10589 320
10589 321
10590 1381
10590 1377
10591 1379
10591 1381
10592 1403
10592 606
10593 606
10593 1408
10594 1403
10594 1396
10595 1395
10595 1403
10595 1396
10596 602
10596 600
10597 602
10597 600
10597 599
10598 1403
10598 606
10598 1408
10599 602
10599 599
10600 596
10600 599
10601 596
10601 600
10602 5239
10602 10095
10603 619
10603 767
10604 4427
10604 998
10605 4427
10605 1864
10605 998
10606 1864
10606 10607
10608 638
10608 1864
10609 638
10609 1864
10609 10607
10610 4427
10610 1864
10611 637
10611 638
10611 632
10612 632
10612 10607
10613 637
10613 10607
10614 637
10614 632
10614 10607
10615 10181
10615 10616
10617 1130
10617 1131
10617 1136
10618 2788
10618 2793
10619 413
10619 10620
10619 3999
10621 668
10621 671
10621 669
10622 671
10622 10623
10624 669
10624 10623
10625 671
10625 669
10625 10623
10626 3313
10626 10623
10627 668
10627 3313
10628 668
10628 3313
10628 10623
10629 2788
10629 2792
10630 7415
10630 4087
10630 3443
10631 413
10631 10620
10632 3545
10632 3550
10633 3998
10633 10620
10633 4000
10634 3998
10634 10620
10635 7573
10635 2123
10636 3407
10636 10105
10637 10638
10637 10639
10637 3896
10640 3545
10640 3551
10641 7237
10641 2123
10642 412
10642 413
10642 1359
10643 1444
10643 1447
10644 1445
10644 1451
10644 1447
10645 1445
10645 1451
10646 1451
10646 1447
10647 10648
10647 733
10647 1447
10649 733
10649 1447
10650 10648
10650 1447
10651 737
10651 731
10651 10648
10652 737
10652 10648
10653 731
10653 10648
10654 1456
10654 1464
10654 5766
10655 1464
10655 5766
10656 3034
10656 10657
10658 4203
10658 752
10658 5766
10659 752
10659 4203
10660 752
10660 5766
10661 8027
10661 4451
10662 269
10662 9203
10662 262
10663 9203
10663 9204
10664 9204
10664 270
10665 3034
10665 321
10665 10657
10666 3091
10666 9204
10667 9586
10667 9595
10668 10156
10668 9611
10669 1513
10669 3843
10669 538
10670 1513
10670 1515
10671 899
10671 10156
10671 10157
10672 10169
10672 2320
10673 10169
10673 10674
10673 2320
10675 1513
10675 538
10676 1513
10676 3843
10677 10674
10677 1514
10678 10674
10678 10679
10680 10674
10680 10679
10680 1514
10681 10169
10681 10674
10682 334
10682 9611
10683 4895
10683 4805
10684 890
10684 10685
10686 7777
10686 9135
10686 9595
10687 892
10687 10685
10688 812
10688 9830
10689 812
10689 8031
10690 1540
10690 9830
10691 10692
10691 1540
10691 9830
10693 10692
10693 10694
10693 8036
10695 10692
10695 9830
10696 10692
10696 10694
10697 10692
10697 8036
10698 892
10698 890
10698 10685
10699 812
10699 9830
10699 8031
10700 812
10700 805
10701 10702
10701 10703
10704 10702
10704 417
10705 416
10705 10703
10705 417
10706 416
10706 10703
10707 10702
10707 1570
10707 416
10708 416
10708 1570
10709 10702
10709 1570
10710 10702
10710 10703
10710 417
10711 9586
10711 7777
10711 9595
10712 1566
10712 1571
10713 1566
10713 1570
10714 1589
10714 8414
10715 1589
10715 8414
10715 10209
10716 1961
10716 8411
10716 4947
10717 8411
10717 10204
10718 5583
10718 10204
10719 8411
10719 5583
10719 10204
10720 10209
10720 10204
10721 9669
10721 10209
10722 9669
10722 10209
10722 10204
10723 1589
10723 10209
10724 6437
10724 885
10724 9629
10725 885
10725 877
10726 3208
10726 3204
10727 7191
10727 6438
10728 6438
10728 7201
10729 4753
10729 6429
10729 4748
10730 6437
10730 10731
10732 6437
10732 10731
10732 6438
10733 866
10733 4341
10734 885
10734 9629
10735 7921
10735 8214
10736 5566
10736 7921
10737 899
10737 6452
10738 8212
10738 902
10739 7921
10739 8212
10739 902
10740 5566
10740 7921
10740 8214
10741 7025
10741 8252
10742 897
10742 902
10743 899
10743 897
10744 10745
10744 5240
10746 5266
10746 10745
10747 6507
10747 10745
10748 5266
10748 10745
10748 5240
10749 6506
10749 6507
10749 10745
10750 1661
10750 10751
10752 1648
10752 10751
10753 10754
10753 10751
10755 1661
10755 1648
10755 10751
10756 1372
10756 2057
10757 3089
10757 10758
10759 5677
10759 10758
10760 930
10760 10758
10761 3089
10761 5677
10761 10758
10762 5677
10762 10763
10764 3017
10764 5677
10764 5678
10765 3089
10765 5677
10765 10763
10766 3089
10766 10763
10767 1926
10767 1468
10768 930
10768 10763
10768 10758
10769 930
10769 10763
10770 1684
10770 5489
10771 2152
10771 2153
10771 3304
10772 1468
10772 1959
10773 7777
10773 9135
10774 7659
10774 752
10775 7701
10775 2153
10775 3303
10776 1069
10776 5587
10777 8745
10777 8740
10778 9135
10778 9595
10779 2549
10779 2556
10780 4826
10780 4730
10780 2556
10781 3977
10781 3978
10781 10782
10783 761
10783 1707
10783 4730
10784 761
10784 4730
10785 1707
10785 4730
10786 4826
10786 2556
10787 4730
10787 2556
10788 4730
10788 2554
10788 4826
10789 10790
10789 10791
10792 10793
10792 2585
10794 2587
10794 2584
10794 2585
10795 10793
10795 2585
10795 2587
10796 10793
10796 2587
10797 2162
10797 2584
10798 2162
10798 10793
10799 8883
10799 8773
10800 2162
10800 10793
10800 2584
10801 8883
10801 8884
10801 8773
10802 8884
10802 8773
10803 5598
10803 5586
10804 53
10804 1729
10805 53
10805 1729
10805 54
10806 10807
10806 47
10808 10807
10808 48
10808 47
10809 1023
10809 1021
10809 57
10810 10807
10810 48
10811 10807
10811 1720
10811 49
10812 1729
10812 54
10813 10807
10813 1720
10814 1720
10814 49
10815 5064
10815 3084
10816 5608
10816 5068
10817 10284
10817 945
10817 10280
10818 1866
10818 793
10818 5805
10819 2163
10819 10703
10820 2163
10820 10821
10822 1418
10822 2163
10823 7455
10823 1060
10823 142
10824 1061
10824 142
10825 7455
10825 1061
10826 2163
10826 10821
10826 10703
10827 147
10827 142
10828 141
10828 147
10828 142
10829 1417
10829 2162
10830 1714
10830 1758
10831 284
10831 2165
10832 1087
10832 759
10833 1087
10833 759
10833 1072
10834 2683
10834 1087
10835 2683
10835 1081
10836 2683
10836 1087
10836 1081
10837 2683
10837 1832
10838 2681
10838 1832
10839 2683
10839 2681
10839 1832
10840 1832
10840 1830
10841 107
10841 1830
10842 7220
10842 10843
10842 10542
10844 7220
10844 8778
10845 7220
10845 10843
10845 8778
10846 289
10846 2177
10847 10843
10847 1324
10848 339
10848 10849
10850 10843
10850 1324
10850 10851
10852 10853
10852 2654
10852 9294
10854 2654
10854 9294
10855 10843
10855 10542
10856 10857
10856 5178
10856 10858
10859 10857
10859 5178
10860 10857
10860 10858
10861 10853
10861 9294
10862 10853
10862 10857
10862 1843
10863 10853
10863 1843
10864 10853
10864 10857
10865 10866
10865 5555
10865 2772
10867 8777
10867 10542
10868 10869
10868 9284
10868 1880
10870 10869
10870 9284
10871 4909
10871 3174
10872 10869
10872 3174
10873 1884
10873 1881
10874 4909
10874 10869
10874 3174
10875 7474
10875 1884
10875 1881
10876 7474
10876 1881
10877 1880
10877 1528
10878 1528
10878 1881
10879 4983
10879 9145
10880 7053
10880 9145
10881 1926
10881 10866
10882 10791
10882 5635
10883 7191
10883 7196
10883 7198
10884 7191
10884 7198
10885 964
10885 10886
10885 965
10887 3349
10887 8162
10888 582
10888 3350
10888 8162
10889 1138
10889 8162
10890 7191
10890 7196
10891 1138
10891 3003
10891 8162
10892 3003
10892 8162
10893 646
10893 650
10894 3971
10894 10895
10894 7196
10896 2199
10896 2202
10897 5008
10897 5161
10898 1045
10898 1130
10899 5300
10899 222
10899 224
10900 5811
10900 8634
10901 5160
10901 5008
10902 10903
10902 10904
10902 1157
10905 10903
10905 10904
10906 10904
10906 1157
10907 1159
10907 1157
10907 1152
10908 10909
10908 10904
10910 10450
10910 8985
10910 10904
10911 10450
10911 8985
10912 8985
10912 10904
10913 10450
10913 10909
10913 10904
10914 10450
10914 10909
10915 827
10915 2202
10915 4708
10916 1955
10916 10917
10918 10917
10918 2415
10918 2847
10919 8766
10919 1955
10919 10917
10920 8766
10920 1955
10921 8766
10921 2415
10921 2847
10922 8766
10922 2415
10923 10917
10923 2415
10924 10917
10924 2847
10925 3955
10925 4078
10926 1953
10926 1947
10927 1947
10927 1955
10928 383
10928 2257
10929 9342
10929 10930
10929 10931
10932 4359
10932 5544
10933 964
10933 5977
10934 10930
10934 10931
10935 5538
10935 10936
10935 10937
10938 4150
10938 964
10938 3802
10939 9342
10939 10931
10940 5538
10940 10936
10941 4082
10941 4077
10942 5513
10942 2836
10943 5300
10943 222
10944 1433
10944 6456
10944 6457
10945 5538
10945 5513
10946 6047
10946 4600
10946 10931
10947 1904
10947 1905
10948 5870
10948 10949
10950 6047
10950 4600
10951 4600
10951 10931
10952 8205
10952 1978
10953 2874
10953 1977
10953 1218
10954 1977
10954 1218
10955 2874
10955 1977
10956 2874
10956 159
10956 1216
10957 2874
10957 159
10958 2874
10958 1216
10959 1215
10959 1216
10959 1218
10960 5811
10960 6457
10961 2470
10961 2882
10961 1975
10962 1771
10962 8205
10962 1978
10963 1771
10963 1978
10964 4753
10964 5043
10965 5632
10965 5633
10966 5637
10966 3423
10966 5642
10967 1201
10967 4705
10967 2000
10968 1201
10968 4705
10969 1124
10969 1189
10970 1201
10970 1124
10971 10280
10971 1124
10972 5633
10972 5902
10973 4705
10973 10280
10973 1124
10974 10280
10974 4705
10975 6836
10975 8143
10975 10976
10977 6836
10977 10976
10978 6836
10978 8143
10979 1246
10979 8143
10979 1255
10980 1246
10980 8143
10981 8143
10981 1255
10982 5239
10982 1242
10982 1255
10983 5239
10983 1255
10984 1699
10984 10985
10984 5902
10986 719
10986 1971
10986 2241
10987 6832
10987 6320
10988 6836
10988 6832
10989 2018
10989 2031
10990 2893
10990 9116
10990 8625
10991 2893
10991 9116
10992 9116
10992 8625
10993 2895
10993 2020
10993 8625
10994 2895
10994 8625
10995 2018
10995 2031
10995 2897
10996 2018
10996 2897
10997 4951
10997 1244
10997 1249
10998 1433
10998 6457
10999 2882
10999 1975
11000 1359
11000 2007
11000 414
11001 1249
11001 6326
11002 4964
11002 6326
11003 835
11003 686
11004 4964
11004 1249
11004 6326
11005 2778
11005 2434
11006 2434
11006 2780
11007 8768
11007 2780
11008 6326
11008 5662
11009 2050
11009 8768
11009 2780
11010 2050
11010 2780
11011 2050
11011 8769
11011 2048
11012 2050
11012 8769
11013 8768
11013 8769
11014 6324
11014 5662
11015 1265
11015 1975
11015 1282
11016 6324
11016 6326
11016 5662
11017 1289
11017 1287
11018 1287
11018 1290
11019 6218
11019 6219
11019 1290
11020 6219
11020 1290
11021 6218
11021 1290
11022 5660
11022 5662
11023 1294
11023 2076
11024 2066
11024 1294
11025 1289
11025 6221
11025 2066
11026 6221
11026 2066
11027 5726
11027 2087
11027 11028
11029 2087
11029 11028
11030 5726
11030 2087
11031 1304
11031 5726
11031 3651
11032 2091
11032 2098
11033 2085
11033 2087
11033 2098
11034 2085
11034 2098
11035 2087
11035 2098
11036 3317
11036 3318
11036 5700
11037 2091
11037 2100
11037 2098
11038 2091
11038 2100
11039 1319
11039 1313
11040 1320
11040 1313
11041 9378
11041 93
11041 89
11042 1319
11042 1314
11043 1320
11043 1314
11044 1319
11044 1320
11044 1314
11045 93
11045 91
11046 93
11046 90
11046 91
11047 9378
11047 93
11048 9378
11048 89
11049 3407
11049 7241
11050 11051
11050 3407
11050 7241
11052 1284
11052 11051
11052 10105
11053 11051
11053 7241
11054 11051
11054 10105
11055 1284
11055 11051
11056 1284
11056 3407
11057 1284
11057 3407
11057 10105
11058 7241
11058 968
11059 968
11059 6219
11060 3089
11060 3091
11061 5787
11061 4126
11061 5783
11062 3090
11062 9204
11062 9853
11063 3090
11063 9853
11064 137
11064 6631
11065 2515
11065 394
11066 3015
11066 3017
11067 5787
11067 4126
11068 2515
11068 394
11068 11069
11070 3017
11070 5677
11071 11072
11071 9887
11071 2173
11073 9887
11073 2173
11074 11072
11074 2173
11075 11072
11075 4177
11075 4473
11076 11072
11076 4473
11077 11072
11077 4177
11078 9887
11078 4177
11078 4473
11079 9887
11079 4473
11080 9887
11080 4177
11081 4177
11081 4185
11081 4178
11082 1407
11082 7325
11083 1407
11083 7325
11083 11084
11085 6676
11085 11086
11085 5926
11087 11086
11087 11084
11088 599
11088 11084
11089 11086
11089 599
11089 11084
11090 1408
11090 11084
11091 1408
11091 7325
11092 7325
11092 1408
11092 11084
11093 1407
11093 11084
11094 2368
11094 2515
11094 2450
11095 9051
11095 4708
11096 4882
11096 9051
11096 4708
11097 3801
11097 7808
11097 477
11098 1557
11098 1418
11099 1557
11099 1413
11099 1418
11100 1412
11100 1415
11100 1413
11101 1557
11101 1413
11102 827
11102 4882
11102 9051
11103 7808
11103 7809
11103 477
11104 3737
11104 4295
11104 4304
11105 827
11105 9051
11106 7809
11106 477
11107 3801
11107 11108
11109 11108
11109 7809
11110 11108
11110 7082
11111 1554
11111 2617
11112 5040
11112 7118
11113 3801
11113 11108
11113 7809
11114 137
11114 5043
11115 11116
11115 973
11117 8080
11117 11108
11117 7082
11118 11119
11118 6457
11120 823
11120 11121
11122 8080
11122 7082
11123 11119
11123 8634
11124 3318
11124 5700
11125 5787
11125 733
11126 10110
11126 11127
11128 11116
11128 973
11128 3546
11129 4507
11129 646
11130 7186
11130 4807
11130 11131
11132 3164
11132 3143
11132 395
11133 9770
11133 2264
11133 1677
11134 9770
11134 1677
11135 4505
11135 2263
11136 4505
11136 9770
11137 4505
11137 646
11138 4505
11138 9770
11138 2263
11139 2295
11139 2298
11140 2295
11140 2298
11140 2296
11141 8000
11141 2295
11142 8000
11142 2299
11143 8000
11143 2295
11143 2299
11144 1482
11144 1488
11145 1482
11145 1487
11146 1482
11146 1487
11146 1488
11147 1483
11147 1488
11148 1487
11148 1483
11149 1734
11149 8773
11150 394
11150 395
11151 241
11151 1935
11151 1934
11152 241
11152 235
11153 2328
11153 2325
11154 2327
11154 2325
11155 7940
11155 2335
11156 3152
11156 9899
11157 3149
11157 784
11158 1935
11158 7940
11159 1935
11159 6396
11160 9899
11160 3150
11160 780
11161 3152
11161 2330
11161 9899
11162 9899
11162 780
11163 394
11163 393
11164 1622
11164 9029
11165 1527
11165 1523
11166 1523
11166 1528
11167 2562
11167 9810
11168 10010
11168 2562
11169 7349
11169 3174
11169 1522
11170 7349
11170 808
11171 808
11171 2361
11172 9779
11172 9810
11173 1530
11173 9779
11174 9779
11174 10010
11175 7349
11175 1522
11176 7349
11176 3174
11177 2386
11177 11178
11179 2386
11179 11178
11179 1580
11180 11178
11180 2388
11180 1580
11181 2386
11181 1580
11182 2388
11182 1580
11183 11178
11183 2388
11184 2390
11184 1580
11185 2390
11185 1579
11185 1580
11186 9296
11186 3254
11187 1675
11187 3250
11187 3254
11188 9296
11188 3254
11188 6249
11189 9296
11189 6249
11190 10031
11190 6249
11191 10031
11191 3254
11192 2386
11192 2387
11193 2387
11193 2388
11194 4319
11194 11195
11196 5454
11196 11195
11197 5454
11197 4319
11197 11195
11198 11195
11198 3194
11199 1599
11199 1600
11199 1602
11200 1599
11200 11201
11202 11201
11202 1608
11203 1599
11203 11201
11203 1608
11204 1602
11204 3194
11205 1602
11205 11195
11205 3194
11206 11069
11206 395
11207 2460
11207 11208
11209 2802
11209 666
11209 11208
11210 6879
11210 2460
11210 11208
11211 1622
11211 1631
11211 9029
11212 1631
11212 9029
11213 666
11213 11208
11214 2802
11214 11208
11215 3096
11215 5575
11216 3096
11216 9339
11216 5575
11217 1432
11217 5811
11218 7529
11218 3097
11219 2446
11219 2448
11220 2447
11220 2448
11221 9339
11221 9340
11221 2467
11222 11069
11222 393
11223 909
11223 905
11224 909
11224 907
11225 2447
11225 2452
11226 327
11226 2856
11227 1646
11227 905
11228 1650
11228 905
11229 1661
11229 1648
11229 1650
11230 1661
11230 1650
11231 1961
11231 907
11231 1966
11232 2368
11232 2515
11233 907
11233 1966
11234 1646
11234 1650
11234 905
11235 1667
11235 922
11236 1667
11236 1668
11237 1577
11237 7380
11237 5041
11238 1672
11238 922
11239 6362
11239 939
11239 1668
11240 6362
11240 1668
11241 393
11241 11069
11241 395
11242 938
11242 939
11242 5704
11243 939
11243 5704
11244 1855
11244 327
11245 3396
11245 515
11246 2515
11246 11069
11247 6724
11247 4183
11248 7062
11248 2062
11248 8683
11249 3297
11249 3289
11250 412
11250 414
11251 2570
11251 9443
11252 2550
11252 2570
11252 2558
11253 10490
11253 2570
11253 9443
11254 10490
11254 9443
11255 11256
11255 10490
11257 2570
11257 11256
11258 3277
11258 11256
11259 2570
11259 11256
11259 10490
11260 3277
11260 11256
11260 9443
11261 3277
11261 9443
11262 1643
11262 6724
11263 7062
11263 6118
11263 8683
11264 1739
11264 1021
11265 1739
11265 1021
11265 1721
11266 1739
11266 2589
11267 2589
11267 1030
11268 1739
11268 2589
11268 1030
11269 2589
11269 2604
11270 2590
11270 2604
11271 2589
11271 2590
11271 2604
11272 2598
11272 2604
11273 2606
11273 2598
11274 67
11274 320
11274 7958
11275 320
11275 7958
11276 67
11276 320
11277 67
11277 319
11277 7958
11278 319
11278 7958
11279 67
11279 319
11280 3211
11280 6618
11281 2035
11281 8826
11282 6067
11282 795
11282 6069
11283 412
11283 1442
11284 28
11284 10949
11284 29
11285 3610
11285 11286
11287 2035
11287 8826
11287 2217
11288 2062
11288 6119
11289 2216
11289 2217
11290 4953
11290 4960
11291 7991
11291 2648
11291 4960
11292 7991
11292 4960
11293 2648
11293 4960
11294 5578
11294 4233
11295 4953
11295 4233
11296 2637
11296 4953
11296 4960
11297 2637
11297 4953
11298 3490
11298 4233
11299 5578
11299 4953
11299 4233
11300 6118
11300 6119
11301 5424
11301 11286
11302 3211
11302 9567
11303 5424
11303 11304
11303 11286
11305 9566
11305 9567
11306 2667
11306 9511
11307 9511
11307 2665
11308 2667
11308 6497
11309 6496
11309 983
11309 2668
11310 6496
11310 6497
11311 6496
11311 2668
11312 6496
11312 983
11313 6119
11313 279
11314 2667
11314 9511
11314 2665
11315 4423
11315 2181
11315 4424
11316 2181
11316 2207
11317 4423
11317 2181
11318 2181
11318 4424
11319 4423
11319 1779
11320 4423
11320 1785
11320 1779
11321 1784
11321 1768
11321 1785
11322 4423
11322 1785
11323 220
11323 3686
11323 3009
11324 3257
11324 3437
11324 10553
11325 3012
11325 3032
11326 6882
11326 2207
11327 2181
11327 6882
11327 2207
11328 1050
11328 2274
11328 3242
11329 11330
11329 1050
11331 1050
11331 2274
11332 2274
11332 3242
11333 11330
11333 1676
11334 1676
11334 2274
11335 11330
11335 3242
11336 11330
11336 1050
11336 3242
11337 11330
11337 1676
11337 2274
11338 1676
11338 1677
11339 11340
11339 11341
11342 7455
11342 1060
11343 4082
11343 4078
11344 3264
11344 3437
11345 3955
11345 4077
11346 3955
11346 4082
11346 4077
11347 4082
11347 1796
11347 1800
11348 4082
11348 1796
11349 4082
11349 1800
11350 1796
11350 1799
11351 1796
11351 1799
11351 1797
11352 2284
11352 2283
11353 2070
11353 11341
11354 11355
11354 11356
11354 11357
11358 11359
11358 1824
11358 1826
11360 11359
11360 8331
11361 11359
11361 1826
11362 11359
11362 1824
11363 4048
11363 1820
11364 4048
11364 1820
11364 11365
11366 1819
11366 11365
11366 1821
11367 4048
11367 11365
11368 11365
11368 1821
11369 1819
11369 11365
11370 11371
11370 11341
11372 2765
11372 10858
11373 2765
11373 2766
11373 954
11374 2765
11374 2752
11374 10858
11375 2752
11375 10858
11376 1843
11376 5178
11377 1843
11377 10858
11378 1850
11378 1843
11379 5178
11379 1843
11379 10858
11380 1850
11380 1845
11380 1843
11381 1850
11381 1845
11382 2298
11382 2299
11383 1749
11383 8860
11384 3274
11384 10001
11385 11386
11385 6305
11387 2070
11387 2217
11388 2540
11388 3440
11389 3439
11389 3440
11390 1477
11390 1475
11390 11391
11392 3439
11392 3443
11393 2782
11393 3439
11393 11394
11395 2540
11395 3439
11395 3443
11396 2540
11396 3443
11397 2783
11397 2784
11397 11394
11398 2784
11398 11394
11399 2782
11399 3439
11400 3439
11400 11394
11401 1816
11401 2070
11401 5291
11402 4128
11402 4121
11403 6305
11403 8546
11404 11405
11404 9782
11406 11340
11406 2070
11406 2217
11407 5099
11407 9782
11407 370
11408 6726
11408 6723
11408 6724
11409 11405
11409 9782
11409 5099
11410 8546
11410 1442
11411 11405
11411 5099
11412 380
11412 5763
11413 3257
11413 8841
11414 11405
11414 5763
11414 370
11415 6305
11415 8546
11415 1442
11416 1142
11416 1145
11417 7685
11417 1145
11417 6392
11418 6396
11418 11419
11420 7940
11420 11419
11421 7685
11421 11419
11422 7940
11422 6396
11422 11419
11423 1935
11423 7685
11423 11419
11424 1935
11424 7685
11425 1145
11425 6392
11426 7685
11426 1145
11427 6817
11427 11428
11427 6099
11429 6817
11429 6099
11430 6817
11430 11428
11431 7465
11431 11432
11431 11428
11433 11434
11433 2850
11435 11434
11435 11428
11435 6099
11436 11434
11436 6099
11437 11434
11437 11428
11438 6817
11438 11434
11438 2850
11439 6817
11439 2850
11440 1441
11440 8546
11441 253
11441 8889
11441 8890
11442 1441
11442 333
11443 253
11443 8890
11444 7142
11444 2492
11445 1264
11445 1274
11446 2613
11446 9911
11447 9911
11447 2563
11448 1998
11448 1987
11448 2257
11449 1998
11449 2257
11450 2573
11450 11451
11452 8889
11452 8892
11453 2868
11453 11451
11454 2573
11454 11451
11454 10482
11455 2868
11455 11451
11455 5541
11456 1441
11456 333
11456 8546
11457 158
11457 1216
11458 3726
11458 8157
11458 2739
11459 11391
11459 4926
11459 1274
11460 8892
11460 5244
11461 6095
11461 1606
11461 6109
11462 3675
11462 1984
11463 4710
11463 4713
11463 4714
11464 5455
11464 5449
11465 5449
11465 11466
11467 5455
11467 5449
11467 11466
11468 2520
11468 6107
11469 6095
11469 2089
11470 5448
11470 6095
11470 2089
11471 2023
11471 2906
11472 7864
11472 7867
11472 2906
11473 3591
11473 7867
11473 8510
11474 3591
11474 7867
11475 7864
11475 2906
11476 7867
11476 2906
11477 11478
11477 8510
11479 3585
11479 8510
11480 7867
11480 8510
11481 11478
11481 3585
11481 8510
11482 5789
11482 5790
11483 5789
11483 1168
11484 5790
11484 9353
11485 448
11485 442
11486 5790
11486 11487
11486 9353
11488 448
11488 11489
11490 11487
11490 5420
11490 11286
11491 11489
11491 8967
11492 11489
11492 2433
11493 444
11493 446
11494 444
11494 448
11495 448
11495 11489
11495 2914
11496 5790
11496 11487
11497 11487
11497 5420
11498 11487
11498 11286
11499 4671
11499 8312
11500 9111
11500 2950
11500 2948
11501 2950
11501 9111
11502 6067
11502 9906
11503 9906
11503 3953
11504 4126
11504 5783
11505 2948
11505 2959
11506 9678
11506 3650
11506 2959
11507 2948
11507 2957
11507 2959
11508 2948
11508 2957
11509 9111
11509 2951
11510 2948
11510 2951
11511 2950
11511 2948
11512 9111
11512 2948
11512 2951
11513 1368
11513 1370
11514 1368
11514 1369
11515 2113
11515 2110
11516 2112
11516 2113
11517 1435
11517 9019
11517 1368
11518 1435
11518 9019
11519 2962
11519 2964
11520 1435
11520 2962
11521 3040
11521 11522
11523 7556
11523 11522
11524 7556
11524 3041
11525 3040
11525 7556
11525 3041
11526 2110
11526 3041
11527 2110
11527 3041
11527 11522
11528 3040
11528 7556
11528 11522
11529 2110
11529 11522
11530 2989
11530 7471
11531 2365
11531 6825
11531 2382
11532 2989
11532 10015
11532 7471
11533 10015
11533 7471
11534 10015
11534 11535
11536 2989
11536 11535
11537 11535
11537 7316
11538 2989
11538 10015
11538 11535
11539 11535
11539 7471
11539 7316
11540 7471
11540 7316
11541 3675
11541 2879
11541 11542
11543 5787
11543 5782
11544 2879
11544 11542
11545 2365
11545 2382
11546 2879
11546 2934
11547 11548
11547 2879
11547 2934
11549 10010
11549 2562
11549 9810
11550 2363
11550 2364
11551 2364
11551 2382
11551 6825
11552 1899
11552 2993
11553 2364
11553 6825
11554 11555
11554 10181
11554 10616
11556 2361
11556 2358
11557 2573
11557 5215
11557 2574
11558 2175
11558 2141
11559 3495
11559 10821
11560 5155
11560 4763
11561 5948
11561 2401
11562 5948
11562 4376
11562 2401
11563 4175
11563 614
11563 4376
11564 2175
11564 2146
11565 3495
11565 10703
11565 5948
11566 10821
11566 5948
11567 10703
11567 5948
11568 3495
11568 10703
11569 2993
11569 1897
11570 2401
11570 2408
11570 2402
11571 2404
11571 2408
11572 2408
11572 2402
11573 1867
11573 4705
11573 2001
11574 3049
11574 5217
11575 5217
11575 11576
11577 5203
11577 7267
11578 3049
11578 5217
11578 11576
11579 5205
11579 11576
11580 3060
11580 3063
11580 3047
11581 7262
11581 5205
11581 11576
11582 7262
11582 11576
11583 11584
11583 3534
11583 2146
11585 7269
11585 5203
11585 7267
11586 7269
11586 5203
11587 2993
11587 9145
11587 1897
11588 2212
11588 828
11589 2212
11589 2199
11589 828
11590 4188
11590 2212
11591 4188
11591 4151
11592 4188
11592 2212
11592 4151
11593 2038
11593 2039
11593 2041
11594 4151
11594 11595
11596 2212
11596 11595
11596 4151
11597 11595
11597 11598
11599 4188
11599 11598
11600 11601
11600 86
11600 6029
11602 3534
11602 2146
11603 7053
11603 4983
11603 9145
11604 87
11604 132
11605 2038
11605 2068
11606 8132
11606 6356
11607 3448
11607 3431
11608 181
11608 182
11609 2236
11609 2231
11610 2237
11610 2231
11611 11584
11611 2146
11612 11613
11612 11614
11615 11613
11615 11616
11615 11614
11617 11613
11617 2236
11618 2236
11618 11619
11620 11613
11620 2236
11620 11619
11621 2236
11621 2232
11622 2237
11622 2232
11623 2236
11623 2237
11623 2232
11624 3189
11624 8593
11625 337
11625 8132
11625 6356
11626 3189
11626 182
11626 8593
11627 11628
11627 1392
11627 3107
11629 1392
11629 3107
11630 3532
11630 11584
11630 3554
11631 1392
11631 9427
11632 2610
11632 2611
11632 1377
11633 1392
11633 9427
11633 9432
11634 1392
11634 9432
11635 11628
11635 9432
11636 11628
11636 9427
11637 11628
11637 3107
11638 11628
11638 9432
11638 9427
11639 5075
11639 5155
11640 11584
11640 3554
11641 2427
11641 2428
11641 2436
11642 2271
11642 11340
11643 11644
11643 2271
11645 11644
11645 3128
11645 1051
11646 11644
11646 1051
11647 11340
11647 1051
11648 3128
11648 11340
11649 3532
11649 11584
11650 3365
11650 9907
11651 383
11651 44
11651 385
11652 7336
11652 4279
11653 1218
11653 1234
11653 1227
11654 2311
11654 4279
11655 11656
11655 6714
11655 11657
11658 5613
11658 5610
11659 5610
11659 2302
11660 2311
11660 7337
11660 4279
11661 863
11661 2285
11662 4849
11662 2285
11663 2311
11663 2306
11664 2313
11664 2311
11664 2306
11665 3130
11665 2313
11665 11666
11667 2311
11667 11668
11669 2313
11669 11666
11670 3130
11670 2313
11671 11666
11671 3131
11672 3133
11672 11666
11672 3131
11673 3130
11673 3133
11673 3131
11674 7336
11674 2311
11674 11668
11675 3843
11675 538
11675 1514
11676 2320
11676 1514
11677 10679
11677 2320
11678 10679
11678 2320
11678 1514
11679 2320
11679 2328
11680 2317
11680 2328
11681 2317
11681 2320
11681 2328
11682 2330
11682 2328
11683 2327
11683 2330
11684 2327
11684 2330
11684 2328
11685 7336
11685 11668
11686 11656
11686 11657
11687 11688
11687 9746
11687 8257
11689 11668
11689 2298
11690 3149
11690 11691
11692 3149
11692 11691
11692 2363
11693 3169
11693 11691
11694 3169
11694 9926
11695 9926
11695 2363
11696 3149
11696 9926
11697 3149
11697 9926
11697 2363
11698 11691
11698 2363
11699 3169
11699 11691
11699 9926
11700 3169
11700 3170
11701 573
11701 11702
11703 573
11703 11704
11703 11702
11705 8255
11705 8257
11706 7060
11706 573
11707 2378
11707 573
11707 7060
11708 2373
11708 2378
11708 2371
11709 2378
11709 573
11710 2378
11710 11704
11710 7060
11711 11704
11711 11702
11712 2378
11712 11704
11713 7060
11713 11704
11714 11715
11714 2595
11716 3005
11716 8669
11717 11201
11717 11718
11719 11201
11719 11718
11719 3195
11720 2411
11720 2419
11720 2424
11721 11718
11721 3195
11722 11718
11722 11723
11722 2418
11724 3193
11724 11725
11726 11718
11726 11723
11727 11723
11727 2418
11728 8593
11728 1694
11729 9795
11729 1694
11730 11725
11730 3194
11731 3193
11731 11725
11731 3194
11732 11733
11732 9795
11734 11733
11734 82
11734 84
11735 11733
11735 82
11736 11733
11736 84
11737 2430
11737 11738
11739 4291
11739 2563
11740 11738
11740 11741
11742 11738
11742 11741
11742 3219
11743 4297
11743 3219
11743 11741
11744 11738
11744 3219
11745 4297
11745 3219
11746 4297
11746 11741
11747 9340
11747 2472
11748 2430
11748 11738
11748 4297
11749 2430
11749 2436
11750 1650
11750 10754
11750 10751
11751 3234
11751 2673
11752 2446
11752 3234
11752 11753
11754 2446
11754 3234
11755 3234
11755 11753
11756 3980
11756 11753
11756 3994
11757 11753
11757 3994
11758 3980
11758 11753
11759 665
11759 2463
11759 666
11760 1000
11760 998
11761 665
11761 2463
11762 3936
11762 6789
11763 5495
11763 10754
11764 5528
11764 5523
11765 11451
11765 10482
11766 925
11766 2501
11767 8157
11767 2739
11768 5703
11768 11769
11770 9903
11770 1126
11771 5703
11771 5705
11771 11769
11772 9926
11772 11773
11774 5704
11774 2495
11775 2053
11775 3142
11776 6396
11776 135
11777 11656
11777 6714
11778 6669
11778 9143
11779 2868
11779 5541
11780 5495
11780 6507
11781 1909
11781 3244
11782 11783
11782 3244
11784 1909
11784 11783
11784 3242
11785 11786
11785 11787
11788 11783
11788 3242
11789 1055
11789 11783
11789 11790
11791 1055
11791 11783
11792 11783
11792 11790
11793 5075
11793 9926
11793 2365
11794 2480
11794 2247
11794 2478
11795 3241
11795 3244
11796 1909
11796 11783
11796 3244
11797 2537
11797 878
11798 2537
11798 11799
11798 878
11800 11801
11800 2523
11800 11799
11802 11799
11802 878
11803 2523
11803 11799
11804 11801
11804 11799
11805 11801
11805 2537
11806 11801
11806 2523
11806 2537
11807 2519
11807 9631
11808 2524
11808 9631
11809 3939
11809 11787
11810 163
11810 2484
11811 2480
11811 163
11812 1213
11812 479
11813 11814
11813 479
11815 11816
11815 10001
11815 11814
11817 10001
11817 11814
11818 11816
11818 11814
11819 3274
11819 11816
11819 377
11820 11816
11820 377
11821 3274
11821 11816
11822 3274
11822 10001
11822 377
11823 3939
11823 11786
11823 11787
11824 6389
11824 2478
11825 2244
11825 1624
11825 1654
11826 2244
11826 1654
11827 2244
11827 1624
11828 1624
11828 1628
11828 1626
11829 6512
11829 8919
11830 1624
11830 1628
11831 1628
11831 1652
11831 1654
11832 6389
11832 13
11832 2478
11833 13
11833 2478
11834 2589
11834 3711
11834 11835
11836 4382
11836 1721
11837 3711
11837 11835
11838 2589
11838 3711
11839 1030
11839 11835
11840 1739
11840 1030
11840 11835
11841 2604
11841 11842
11841 2591
11843 1739
11843 11835
11844 11842
11844 2591
11845 2604
11845 11842
11846 689
11846 10577
11846 4018
11847 4013
11847 4018
11848 2628
11848 757
11849 2628
11849 759
11849 3
11850 6158
11850 6156
11851 2623
11851 757
11852 2623
11852 11853
11854 2628
11854 11853
11855 11853
11855 3699
11856 2628
11856 2623
11856 11853
11857 11853
11857 757
11857 3699
11858 757
11858 3699
11859 2494
11859 2488
11860 4454
11860 10117
11861 9926
11861 2365
11861 11773
11862 2665
11862 2660
11863 2659
11863 2665
11864 11865
11864 4768
11864 3344
11866 11865
11866 2660
11867 3343
11867 2660
11868 3343
11868 11865
11868 2660
11869 3343
11869 4768
11870 3343
11870 4768
11870 3344
11871 11865
11871 3344
11872 2365
11872 11773
11873 1832
11873 2688
11874 107
11874 2688
11875 1826
11875 8363
11876 1826
11876 8363
11876 11877
11878 1830
11878 116
11878 11877
11879 8363
11879 11877
11880 1830
11880 11877
11881 116
11881 11877
11882 1821
11882 8331
11883 11359
11883 1821
11883 8331
11884 1802
11884 11885
11886 1802
11886 3770
11887 1802
11887 11885
11887 3770
11888 11885
11888 1811
11889 2719
11889 2716
11889 2717
11890 11885
11890 2716
11891 11885
11891 1803
11892 11885
11892 2716
11892 1803
11893 9296
11893 4507
11893 1791
11894 1791
11894 11895
11896 9296
11896 11895
11897 9296
11897 1791
11897 11895
11898 3770
11898 1811
11899 11885
11899 3770
11899 1811
11900 4507
11900 2711
11900 11895
11901 2704
11901 2711
11902 1433
11902 1432
11902 5811
11903 8948
11903 8599
11904 8948
11904 8599
11904 8955
11905 4126
11905 9560
11906 1872
11906 6154
11906 6879
11907 2149
11907 2513
11907 2498
11908 5231
11908 11909
11908 9239
11910 15
11910 6760
11910 16
11911 5231
11911 9239
11912 11913
11912 5814
11914 6760
11914 16
11915 11913
11915 5229
11916 5063
11916 5057
11916 6158
11917 3931
11917 3932
11918 3492
11918 6760
11919 1112
11919 1114
11920 1113
11920 1114
11921 8928
11921 1107
11921 1113
11922 8928
11922 1113
11923 1107
11923 1113
11924 8928
11924 1112
11924 1107
11925 8928
11925 1112
11926 1112
11926 1107
11927 5758
11927 3416
11927 1107
11928 5758
11928 1107
11929 15
11929 3492
11929 6760
11930 15
11930 7699
11931 2158
11931 2239
11931 7699
11932 15
11932 2219
11932 7699
11933 15
11933 2219
11934 3428
11934 3638
11934 4354
11935 5803
11935 5794
11936 193
11936 3312
11937 3312
11937 1752
11938 3448
11938 3312
11939 3311
11939 3313
11940 3311
11940 3312
11941 193
11941 3312
11941 3313
11942 5803
11942 2654
11943 5803
11943 5820
11943 5795
11944 3428
11944 6986
11945 2748
11945 5060
11946 5803
11946 5820
11947 5558
11947 11948
11947 10657
11949 3474
11949 3472
11949 3483
11950 3474
11950 11432
11951 5332
11951 11952
11953 7465
11953 11428
11954 11432
11954 11428
11955 6990
11955 11956
11955 11952
11957 7082
11957 8646
11958 11959
11958 7082
11958 8646
11960 7101
11960 8646
11961 8645
11961 7101
11962 11963
11962 2824
11964 11108
11964 11959
11965 11963
11965 11966
11967 3503
11967 11963
11967 11966
11968 3503
11968 2812
11969 8080
11969 11959
11970 444
11970 448
11970 446
11971 8080
11971 11108
11971 11959
11972 11959
11972 8646
11973 3522
11973 1820
11973 11974
11975 3522
11975 1820
11976 4269
11976 11974
11977 3609
11977 4269
11977 3629
11978 3628
11978 4269
11978 11974
11979 3628
11979 11974
11980 1820
11980 1167
11981 11974
11981 1167
11982 3522
11982 11974
11983 1820
11983 11974
11983 1167
11984 2942
11984 2937
11985 3407
11985 3408
11985 4700
11986 800
11986 6665
11986 11987
11988 9779
11988 9774
11989 11987
11989 3556
11990 8338
11990 11987
11990 3556
11991 6665
11991 11987
11992 448
11992 2914
11993 8338
11993 3540
11994 8338
11994 800
11995 8338
11995 3540
11995 800
11996 8338
11996 11987
11997 5575
11997 2474
11998 1998
11998 2474
11998 8224
11999 5438
11999 3937
12000 8222
12000 8224
12001 1998
12001 8222
12001 2863
12002 1998
12002 8222
12003 8222
12003 2863
12004 1998
12004 2474
12005 2474
12005 8224
12006 1639
12006 8222
12006 8224
12007 1639
12007 8224
12008 2549
12008 2558
12009 10332
12009 12010
12009 69
12011 10332
12011 69
12012 3587
12012 3588
12013 3588
12013 3589
12014 2576
12014 2566
12015 10332
12015 3602
12016 3604
12016 3601
12016 3602
12017 10332
12017 3602
12017 5673
12018 10332
12018 5673
12019 12010
12019 5673
12020 12010
12020 3602
12021 12010
12021 69
12022 12010
12022 3602
12022 5673
12023 10359
12023 3626
12024 6990
12024 6296
12025 3939
12025 102
12026 3939
12026 11786
12026 102
12027 10359
12027 4279
12027 4621
12028 4279
12028 4621
12029 4282
12029 4621
12030 10359
12030 4282
12031 12032
12031 2909
12033 2911
12033 12032
12033 2909
12034 2908
12034 2911
12034 2909
12035 2911
12035 12032
12036 2908
12036 11786
12036 12032
12037 11786
12037 102
12038 11786
12038 12032
12039 2908
12039 11786
12040 839
12040 1189
12041 2576
12041 2577
12042 6990
12042 6296
12042 6987
12043 3661
12043 9686
12043 3652
12044 9686
12044 3652
12045 3661
12045 3652
12046 2959
12046 12047
12046 11028
12048 2959
12048 11028
12049 12047
12049 11028
12050 9678
12050 3650
12050 12047
12051 9678
12051 12047
12052 3650
12052 3651
12053 3651
12053 3652
12054 1854
12054 1749
12054 10436
12055 2880
12055 12056
12057 11542
12057 12056
12058 11542
12058 2880
12058 12056
12059 3896
12059 12056
12060 220
12060 3686
12061 3686
12061 3009
12062 11489
12062 2433
12062 8967
12063 1698
12063 1869
12064 2566
12064 10482
12065 4308
12065 1699
12066 4308
12066 1698
12067 4831
12067 1459
12068 508
12068 2839
12069 1698
12069 1700
12070 1468
12070 1927
12070 8013
12071 4308
12071 1698
12071 1699
12072 1468
12072 8013
12073 9484
12073 9485
12073 7588
12074 1927
12074 8013
12075 1926
12075 1927
12075 1959
12076 1435
12076 1368
12077 1927
12077 1959
12078 5769
12078 1261
12079 5769
12079 3724
12079 2597
12080 5769
12080 2598
12080 1261
12081 2598
12081 1261
12082 3724
12082 11842
12082 3708
12083 3724
12083 11842
12084 5769
12084 2597
12085 5769
12085 3724
12086 2598
12086 5770
12087 5769
12087 5770
12088 7157
12088 7165
12088 941
12089 7165
12089 941
12090 6671
12090 6674
12090 6672
12091 8329
12091 5833
12092 8329
12092 3037
12092 5833
12093 3037
12093 6952
12093 5833
12094 8329
12094 3037
12095 3037
12095 6952
12096 6952
12096 5833
12097 3022
12097 3037
12098 3022
12098 3025
12098 3037
12099 5749
12099 9535
12100 5749
12100 9535
12100 5182
12101 321
12101 3035
12102 5141
12102 8329
12103 5141
12103 6952
12104 3053
12104 12105
12106 3756
12106 3746
12106 4436
12107 3756
12107 4436
12108 3746
12108 4436
12109 3748
12109 6897
12110 12105
12110 6897
12111 12112
12111 3053
12111 12105
12113 12112
12113 12105
12114 8786
12114 7014
12115 3051
12115 3060
12116 3748
12116 12105
12116 6897
12117 2585
12117 3035
12118 2585
12118 10657
12119 5811
12119 6457
12119 8634
12120 2585
12120 10657
12120 3035
12121 659
12121 660
12121 835
12122 2989
12122 2981
12122 2991
12123 10754
12123 1650
12124 6211
12124 758
12125 3545
12125 11116
12126 6211
12126 659
12126 758
12127 2121
12127 6211
12128 2121
12128 835
12129 11386
12129 1442
12130 1429
12130 1430
12130 917
12131 2995
12131 2996
12132 11386
12132 6306
12132 1442
12133 2996
12133 1896
12134 12135
12134 6306
12134 10181
12136 2995
12136 2934
12137 6306
12137 1442
12138 2995
12138 11542
12139 765
12139 767
12140 3778
12140 4455
12141 3778
12141 4455
12141 10397
12142 10397
12142 10407
12142 3776
12143 4455
12143 10397
12144 10397
12144 10407
12145 766
12145 767
12146 3778
12146 10407
12147 3778
12147 10407
12147 3773
12148 959
12148 1784
12148 3773
12149 3675
12149 11542
12150 619
12150 7245
12151 1119
12151 1366
12152 1162
12152 1366
12153 1223
12153 1224
12153 1366
12154 1223
12154 1366
12155 1119
12155 1162
12155 1366
12156 6492
12156 12157
12158 6492
12158 12157
12158 342
12159 12157
12159 3138
12160 3138
12160 12161
12162 342
12162 12161
12163 6492
12163 12161
12164 6492
12164 342
12164 12161
12165 12157
12165 342
12166 12157
12166 3138
12166 12161
12167 4198
12167 9272
12168 12169
12168 12170
12171 12170
12171 12169
12171 3832
12172 12173
12172 12169
12174 12173
12174 12175
12176 12175
12176 3832
12177 12175
12177 12170
12178 12170
12178 12175
12178 3832
12179 12169
12179 3832
12180 12173
12180 12169
12180 12175
12181 3836
12181 3831
12182 4645
12182 518
12183 4645
12183 517
12183 518
12184 8694
12184 3843
12184 12185
12186 3852
12186 3853
12187 3843
12187 12185
12188 8694
12188 3843
12189 8135
12189 12185
12190 3857
12190 8135
12190 12185
12191 8691
12191 10679
12191 12192
12193 3857
12193 12185
12194 10679
12194 12192
12195 3848
12195 519
12195 12196
12197 928
12197 923
12198 10694
12198 1886
12199 12200
12199 3179
12199 3182
12201 3182
12201 3179
12201 3183
12202 12200
12202 3179
12203 12200
12203 3877
12203 3183
12204 1540
12204 10694
12204 8036
12205 12200
12205 3877
12206 3877
12206 3183
12207 1527
12207 1540
12207 1537
12208 1527
12208 1522
12209 2744
12209 2388
12210 2744
12210 2388
12210 3877
12211 83
12211 11733
12211 9795
12212 8736
12212 12213
12212 6984
12214 932
12214 9484
12214 9466
12215 1610
12215 2415
12215 2411
12216 2410
12216 2411
12217 2418
12217 3195
12218 11201
12218 2418
12219 11201
12219 2418
12219 3195
12220 2411
12220 2418
12221 1615
12221 2411
12222 1615
12222 2411
12222 2418
12223 2415
12223 2411
12224 1610
12224 2415
12225 3212
12225 3217
12226 3216
12226 3212
12227 3090
12227 9204
12228 3216
12228 1919
12228 29
12229 9326
12229 8940
12230 29
12230 3217
12231 8736
12231 12232
12231 8729
12233 3324
12233 1919
12234 1916
12234 3324
12234 1919
12235 3216
12235 1919
12236 3216
12236 29
12237 12238
12237 7772
12237 9029
12239 7772
12239 9029
12240 1911
12240 5920
12241 9669
12241 9670
12241 3271
12242 3227
12242 7770
12243 11548
12243 2932
12244 3227
12244 7770
12244 2458
12245 7770
12245 2458
12246 1631
12246 12238
12247 1622
12247 12238
12248 12238
12248 7772
12249 11548
12249 2933
12250 12251
12250 2489
12252 12253
12254 12255
12254 1122
12256 3675
12256 5920
12256 1984
12257 6671
12257 4569
12258 6671
12258 12259
12260 4087
12260 5926
12261 6671
12261 12259
12261 4569
12262 8940
12262 3907
12263 12259
12263 12264
12265 7701
12265 9038
12265 617
12266 4569
12266 12264
12266 8790
12267 12259
12267 12264
12267 8790
12268 12259
12268 8790
12269 7771
12269 7772
12270 12271
12270 3638
12272 4736
12272 12271
12272 3638
12273 11086
12273 5926
12274 4805
12274 4806
12275 12135
12275 10616
12276 269
12276 9035
12277 737
12277 7300
12278 1498
12278 8969
12278 3124
12279 10509
12279 3285
12280 10509
12280 9699
12280 9700
12281 10509
12281 36
12281 3285
12282 36
12282 3285
12283 740
12283 742
12284 740
12284 741
12285 740
12285 3286
12286 4807
12286 11131
12287 740
12287 1331
12287 3286
12288 1331
12288 3286
12289 9326
12289 737
12290 3972
12290 5432
12291 1817
12291 3124
12292 4005
12292 12293
12294 4005
12294 4008
12294 12293
12295 11357
12295 12293
12296 4006
12296 11357
12297 4006
12297 11357
12297 12293
12298 4743
12298 422
12299 1817
12299 1060
12300 863
12300 2283
12301 9326
12301 723
12302 3073
12302 12303
12304 3495
12304 10821
12304 5948
12305 3374
12305 2683
12306 3374
12306 2683
12306 12307
12308 3371
12308 1072
12309 3371
12309 759
12310 1087
12310 12307
12311 12307
12311 1081
12312 1087
12312 12307
12312 1081
12313 3374
12313 12307
12314 248
12314 5475
12315 4045
12315 248
12315 5475
12316 4032
12316 4045
12316 4038
12317 4045
12317 248
12318 3371
12318 759
12318 1072
12319 3371
12319 3369
12320 4045
12320 12321
12322 12321
12322 5475
12323 10059
12323 7607
12324 10059
12324 3393
12324 7607
12325 3393
12325 3388
12325 3385
12326 3393
12326 7607
12327 3393
12327 12328
12327 10059
12329 12330
12329 12328
12331 3393
12331 12328
12332 12328
12332 10059
12333 10936
12333 10937
12333 2836
12334 12330
12334 7607
12335 12330
12335 12328
12335 7607
12336 4175
12336 6249
12337 5384
12337 2814
12338 4302
12338 4304
12339 5575
12339 9340
12340 4166
12340 4175
12341 1319
12341 12342
12343 12344
12343 12342
12345 1324
12345 12342
12346 5763
12346 370
12347 1319
12347 12344
12347 12342
12348 1324
12348 6463
12348 12342
12349 4166
12349 4167
12349 6248
12350 3128
12350 1817
12351 1324
12351 6463
12352 4096
12352 12353
12352 8817
12354 4096
12354 8817
12355 1385
12355 145
12356 8817
12356 145
12357 12353
12357 4105
12358 10851
12358 6463
12359 12353
12359 8817
12360 4094
12360 12353
12360 4105
12361 10851
12361 12342
12362 7222
12362 12363
12362 2175
12364 11405
12364 5763
12365 3002
12365 3350
12366 3128
12366 1817
12366 3123
12367 194
12367 4115
12368 4115
12368 4128
12368 4121
12369 193
12369 194
12369 4115
12370 4858
12370 12371
12372 340
12372 4858
12373 340
12373 4856
12374 340
12374 4858
12374 12371
12375 340
12375 4856
12375 12371
12376 4856
12376 12371
12377 4868
12377 4849
12378 4867
12378 4849
12379 4175
12379 614
12379 2401
12380 862
12380 6736
12381 4867
12381 4849
12381 4868
12382 862
12382 5017
12382 6736
12383 2783
12383 11394
12384 862
12384 5017
12385 12386
12385 650
12387 2793
12387 3350
12388 614
12388 2401
12389 2696
12389 2693
12390 5965
12390 5967
12390 669
12391 2703
12391 2711
12391 2402
12392 9108
12392 614
12392 615
12393 7198
12393 9440
12394 3500
12394 615
12395 3500
12395 9108
12395 615
12396 9108
12396 4167
12397 9108
12397 4167
12397 12398
12399 9108
12399 614
12400 12401
12400 7198
12400 9440
12402 3500
12402 643
12403 7518
12403 12404
12403 12401
12405 11116
12405 3544
12406 12401
12406 7198
12407 12404
12407 12401
12408 7518
12408 12401
12409 4166
12409 4175
12409 6249
12410 2529
12410 7201
12411 9439
12411 2529
12411 7201
12412 2212
12412 11595
12413 2254
12413 4753
12413 2255
12414 5511
12414 513
12414 2736
12415 4875
12415 4876
12415 12416
12417 10937
12417 12416
12418 2723
12418 2725
12419 67
12419 72
12419 65
12420 12363
12420 6463
12421 11178
12421 12422
12421 3182
12423 11178
12423 3182
12424 11178
12424 12422
12425 3572
12425 12426
12425 12422
12427 12426
12427 12422
12428 3572
12428 12422
12429 3572
12429 12426
12429 3182
12430 12426
12430 3182
12431 5231
12431 8629
12432 5538
12432 10937
12433 3568
12433 3569
12434 3567
12434 3568
12435 2895
12435 4972
12436 872
12436 4971
12436 4972
12437 2895
12437 4972
12437 7069
12438 2895
12438 7069
12439 12440
12439 7735
12441 12440
12441 4249
12442 12440
12442 2897
12443 12440
12443 4249
12443 7735
12444 12440
12444 4971
12444 2897
12445 4971
12445 2897
12446 7104
12446 3073
12446 4983
12447 3580
12447 3610
12448 3610
12448 4257
12449 4257
12449 1262
12449 1949
12450 6370
12450 1267
12451 4257
12451 1262
12452 1257
12452 200
12453 1261
12453 1262
12454 1260
12454 1262
12455 8631
12455 8628
12455 8629
12456 6396
12456 3941
12457 7220
12457 12363
12458 4996
12458 5003
12459 6370
12459 1267
12459 3596
12460 3581
12460 4257
12461 3580
12461 3610
12461 4257
12462 5660
12462 12463
12464 3890
12464 721
12464 2267
12465 1372
12465 12466
12465 2057
12467 787
12467 784
12468 12466
12468 2057
12469 12466
12469 7984
12469 1373
12470 12466
12470 1373
12471 12466
12471 7984
12472 1372
12472 7984
12472 1373
12473 6840
12473 3469
12474 1372
12474 7984
12475 4275
12475 4276
12475 4173
12476 787
12476 12426
12477 6459
12477 12363
12477 6463
12478 772
12478 5657
12479 783
12479 787
12479 12426
12480 772
12480 5657
12480 780
12481 513
12481 515
12482 5657
12482 780
12483 7220
12483 12363
12483 2175
12484 2890
12484 10639
12485 2890
12485 10639
12485 12056
12486 790
12486 716
12486 717
12487 10639
12487 12056
12488 2826
12488 2824
12489 10638
12489 3898
12490 10638
12490 10639
12491 10638
12491 3896
12492 790
12492 3898
12493 790
12493 10638
12493 3898
12494 3696
12494 3699
12495 5214
12495 8782
12496 7220
12496 2175
12497 2510
12497 3317
12498 2149
12498 2513
12499 6957
12499 1704
12499 3385
12500 6355
12500 6356
12501 6355
12501 6357
12502 168
12502 12503
12502 1725
12504 168
12504 12503
12505 12503
12505 1725
12506 3717
12506 4379
12506 1721
12507 12508
12507 3718
12509 12508
12509 12503
12509 1723
12510 12508
12510 1723
12511 12508
12511 12503
12512 1908
12512 9560
12513 1908
12513 1922
12513 9560
12514 170
12514 12508
12514 3718
12515 170
12515 3718
12516 4126
12516 1922
12517 1922
12517 1451
12518 9560
12518 1451
12519 4126
12519 9560
12519 1451
12520 197
12520 7228
12521 3029
12521 7896
12522 3029
12522 7896
12522 12523
12524 12523
12524 4312
12525 7896
12525 4312
12526 7896
12526 12523
12526 4312
12527 3029
12527 12523
12528 3736
12528 3742
12528 3728
12529 3742
12529 12523
12530 3737
12530 12523
12531 3737
12531 3742
12531 12523
12532 112
12532 6576
12533 6572
12533 6576
12533 6897
12534 1068
12534 12535
12536 4436
12536 12537
12538 4435
12538 12537
12539 9759
12539 12537
12540 4435
12540 4436
12540 12537
12541 4362
12541 9759
12541 12537
12542 4362
12542 9759
12543 6576
12543 6897
12544 6572
12544 6576
12545 3332
12545 621
12545 10849
12546 3332
12546 12371
12547 1435
12547 2962
12547 2964
12548 9
12548 4117
12548 7121
12549 12550
12549 12551
12552 3332
12552 621
12552 12371
12553 12550
12553 473
12554 621
12554 12371
12555 3811
12555 473
12556 3811
12556 473
12556 12551
12557 3811
12557 7808
12558 3811
12558 7808
12558 12550
12559 12550
12559 473
12559 12551
12560 3977
12560 1068
12561 7808
12561 12550
12562 3977
12562 6020
12562 1068
12563 4478
12563 4475
12564 4477
12564 4475
12565 4477
12565 4473
12566 4477
12566 2580
12566 6564
12567 4477
12567 4478
12567 4473
12568 4478
12568 4473
12569 2580
12569 419
12569 6560
12570 3801
12570 7808
12571 4477
12571 6564
12572 4477
12572 2580
12573 2723
12573 2726
12574 2725
12574 2721
12574 2726
12575 3801
12575 477
12576 6665
12576 800
12577 6036
12577 6029
12578 2341
12578 12579
12580 4483
12580 12579
12581 12579
12581 2726
12582 4483
12582 2341
12582 12579
12583 12579
12583 4481
12583 2726
12584 4481
12584 2726
12585 2725
12585 2721
12586 2721
12586 2726
12587 419
12587 4523
12588 2839
12588 4523
12589 2696
12589 8958
12590 12591
12590 8958
12592 2708
12592 2746
12593 12591
12593 662
12594 12591
12594 4513
12595 2704
12595 4513
12595 4499
12596 2704
12596 4513
12597 12591
12597 1161
12597 2696
12598 2696
12598 1161
12599 12591
12599 1161
12600 12591
12600 4513
12600 662
12601 3801
12601 3821
12602 3801
12602 3804
12602 3821
12603 3821
12603 7081
12604 3802
12604 7081
12605 3802
12605 3821
12605 7081
12606 5985
12606 7081
12607 5985
12607 7082
12608 5985
12608 7081
12608 7082
12609 7080
12609 7081
12610 7080
12610 7082
12611 326
12611 324
12612 327
12612 324
12613 12614
12613 10040
12615 12614
12615 10040
12615 564
12616 3824
12616 3840
12616 3836
12617 12614
12617 564
12618 3825
12618 12614
12618 5282
12619 544
12619 4565
12620 12614
12620 5282
12621 3825
12621 5282
12622 565
12622 4565
12623 565
12623 544
12623 4565
12624 4725
12624 12625
12626 239
12626 2350
12627 2349
12627 239
12628 4649
12628 237
12629 532
12629 237
12630 4649
12630 562
12631 4649
12631 562
12631 2349
12632 12633
12632 2350
12634 12633
12634 2353
12634 2350
12635 532
12635 4649
12635 237
12636 2353
12636 2350
12637 6281
12637 6560
12638 9132
12638 2621
12639 12625
12639 4725
12639 12640
12641 8212
12641 2467
12641 897
12642 12643
12642 12644
12645 12643
12645 3849
12646 3869
12646 3866
12647 3865
12647 3869
12647 3866
12648 3866
12648 12644
12649 3868
12649 12644
12650 3868
12650 3866
12650 12644
12651 3436
12651 12644
12652 3436
12652 3849
12653 3849
12653 3436
12653 12644
12654 12640
12654 6983
12654 7387
12655 4002
12655 3944
12656 5511
12656 514
12656 2797
12657 10323
12657 130
12658 4725
12658 12640
12659 2010
12659 1983
12659 1984
12660 3336
12660 3337
12661 3337
12661 1746
12662 3336
12662 12663
12664 3336
12664 3913
12664 12663
12665 3913
12665 1746
12665 12663
12666 7605
12666 7611
12667 3913
12667 1746
12668 12663
12668 1746
12669 3341
12669 623
12670 3341
12670 3333
12671 3332
12671 3333
12672 770
12672 3944
12673 3332
12673 3308
12674 3332
12674 3308
12674 3341
12675 3337
12675 4621
12676 12640
12676 6983
12677 719
12677 721
12678 12640
12678 7387
12679 10843
12679 8778
12680 6556
12680 6281
12680 6560
12681 841
12681 5353
12682 841
12682 842
12682 5353
12683 4680
12683 841
12684 4680
12684 2393
12685 4680
12685 841
12685 2393
12686 4680
12686 3869
12687 2387
12687 3869
12688 2387
12688 4680
12688 3869
12689 4680
12689 4676
12690 2387
12690 4676
12691 3258
12691 3268
12691 3257
12692 3258
12692 3259
12693 12694
12693 3956
12693 3957
12695 12694
12695 3258
12696 12694
12696 3957
12697 12694
12697 3956
12698 3258
12698 3268
12699 3268
12699 3257
12700 3955
12700 3258
12701 3955
12701 12694
12701 3258
12702 2738
12702 8157
12703 3726
12703 2738
12703 8157
12704 2738
12704 5805
12705 8160
12705 5805
12706 8160
12706 2738
12706 5805
12707 6050
12707 6797
12708 6050
12708 2574
12709 4713
12709 6797
12710 4713
12710 6797
12710 4699
12711 4713
12711 4699
12711 2574
12712 6797
12712 4699
12713 4699
12713 2574
12714 4713
12714 2574
12715 5215
12715 4699
12716 5215
12716 4699
12716 4700
12717 5040
12717 1223
12717 2044
12718 5040
12718 1223
12719 7451
12719 12720
12719 12721
12722 8059
12722 1433
12723 3404
12723 3881
12724 11644
12724 3128
12725 3300
12725 3981
12725 3301
12726 3300
12726 3981
12727 3404
12727 3405
12728 3128
12728 11340
12728 1051
12729 10426
12729 770
12729 1046
12730 5040
12730 2044
12731 9567
12731 11741
12732 6983
12732 12720
12733 2083
12733 2043
12733 2044
12734 11741
12734 6626
12735 5432
12735 3950
12736 9567
12736 11741
12736 6626
12737 4734
12737 3972
12738 9567
12738 9636
12739 511
12739 3949
12740 511
12740 4006
12740 3949
12741 4733
12741 5432
12742 4733
12742 3972
12742 5432
12743 3971
12743 4734
12743 3972
12744 770
12744 1046
12745 9567
12745 9636
12745 6626
12746 8052
12746 6456
12747 9636
12747 8724
12748 8059
12748 8052
12748 1433
12749 4775
12749 5475
12750 12751
12750 4775
12752 4775
12752 3352
12753 12751
12753 4775
12753 5475
12754 12751
12754 5474
12755 5474
12755 5475
12755 5477
12756 12751
12756 5474
12756 5477
12757 12751
12757 5477
12758 4775
12758 3352
12758 4130
12759 7220
12759 10542
12760 4140
12760 2221
12761 4140
12761 2221
12761 2227
12762 4042
12762 4140
12763 4042
12763 4025
12764 4042
12764 4140
12764 4025
12765 4024
12765 4140
12766 4024
12766 4140
12766 4025
12767 4024
12767 4034
12768 4792
12768 2687
12769 3361
12769 4792
12769 2687
12770 3361
12770 3363
12770 2677
12771 3361
12771 4792
12772 4061
12772 4792
12772 8363
12773 4061
12773 4050
12774 4061
12774 4792
12775 4061
12775 8363
12776 4201
12776 920
12776 1662
12777 4050
12777 8331
12778 4061
12778 4050
12778 8331
12779 7540
12779 4201
12780 7544
12780 4201
12781 7544
12781 7540
12781 1662
12782 12783
12782 7169
12782 4743
12784 10434
12784 10426
12785 4374
12785 3380
12785 3262
12786 12787
12786 3769
12788 720
12788 721
12789 12787
12789 525
12790 4068
12790 4374
12791 4374
12791 4073
12792 4068
12792 4374
12792 4073
12793 4374
12793 3379
12794 3262
12794 3379
12795 12787
12795 4765
12796 4374
12796 3380
12797 3262
12797 3380
12798 12787
12798 525
12798 3769
12799 6734
12799 6714
12800 2830
12800 12801
12802 525
12802 795
12803 2404
12803 417
12803 2402
12804 11656
12804 5610
12805 4336
12805 5452
12806 912
12806 920
12806 914
12807 5613
12807 5609
12808 5239
12808 10095
12808 6382
12809 12787
12809 4291
12809 4765
12810 5613
12810 5610
12810 5609
12811 4291
12811 4765
12812 2313
12812 2306
12813 4849
12813 863
12813 2285
12814 1992
12814 4728
12815 12816
12815 5592
12815 12817
12818 4727
12818 1992
12818 4210
12819 1992
12819 4210
12820 4101
12820 4728
12820 4210
12821 4101
12821 4210
12822 4101
12822 4728
12823 4727
12823 1992
12823 4728
12824 2012
12824 4092
12825 4101
12825 4092
12826 3133
12826 11666
12827 1909
12827 12828
12829 12816
12829 5592
12830 9186
12830 8948
12830 1494
12831 9186
12831 1494
12832 4028
12832 8790
12833 8789
12833 4028
12834 8789
12834 668
12834 10511
12835 8789
12835 668
12836 8789
12836 10511
12837 668
12837 8790
12837 10511
12838 668
12838 8790
12839 8790
12839 10511
12840 4846
12840 4862
12840 10511
12841 4862
12841 10511
12842 10028
12842 12843
12842 9611
12844 8273
12844 5122
12845 12816
12845 2830
12845 12846
12847 2293
12847 2291
12847 1493
12848 12828
12848 3247
12849 2830
12849 12846
12850 4879
12850 12851
12852 965
12852 12851
12853 965
12853 2200
12854 4879
12854 965
12854 2200
12855 4148
12855 2200
12856 4148
12856 12851
12856 2200
12857 4879
12857 965
12857 12851
12858 4148
12858 12851
12859 12816
12859 12846
12860 4148
12860 4151
12861 4150
12861 4151
12862 1212
12862 9366
12863 6387
12863 3100
12863 12864
12865 5170
12865 6387
12866 6387
12866 3100
12867 6387
12867 12864
12868 3118
12868 12864
12869 3118
12869 12864
12869 3100
12870 12816
12870 12801
12870 2830
12871 3402
12871 1212
12871 9366
12872 3402
12872 12873
12874 6119
12874 279
12874 535
12875 535
12875 279
12876 12843
12876 9611
12877 1478
12877 4936
12878 1488
12878 12879
12878 4936
12880 1478
12880 2434
12880 4936
12881 1478
12881 2434
12882 2050
12882 12883
12882 12879
12884 2050
12884 12879
12885 1488
12885 4936
12886 12879
12886 4936
12887 8598
12887 8954
12887 10102
12888 4934
12888 2434
12889 4934
12889 4936
12890 5160
12890 5007
12890 5161
12891 4209
12891 1457
12892 4210
12892 1457
12893 1459
12893 4209
12894 1459
12894 12895
12894 4209
12896 4831
12896 12895
12896 9006
12897 12895
12897 4209
12898 4831
12898 12895
12899 12895
12899 9006
12900 1125
12900 1126
12901 3086
12901 1454
12902 4205
12902 4209
12903 7062
12903 6118
12904 4218
12904 5581
12904 9492
12905 4218
12905 9492
12906 5578
12906 5579
12906 4953
12907 6111
12907 6113
12907 6107
12908 5579
12908 4953
12909 3490
12909 6324
12909 12910
12911 3490
12911 6324
12912 6324
12912 12910
12913 4231
12913 12910
12913 4233
12914 12910
12914 4231
12915 12910
12915 4233
12916 3469
12916 3463
12916 3464
12917 6118
12917 8683
12918 4977
12918 5667
12919 5667
12919 3612
12920 4249
12920 4239
12921 4247
12921 4245
12921 4239
12922 9498
12922 3612
12923 4985
12923 4979
12923 9498
12924 9498
12924 8566
12924 3612
12925 8566
12925 3612
12926 4979
12926 6269
12926 3009
12927 4979
12927 6269
12928 4985
12928 9498
12929 4979
12929 9498
12930 6363
12930 4995
12930 4992
12931 6363
12931 4995
12932 6363
12932 4992
12933 4991
12933 4992
12933 200
12934 12935
12934 5705
12936 6337
12936 12935
12936 1134
12937 12935
12937 1134
12938 6337
12938 12935
12939 12935
12939 5003
12939 5705
12940 5909
12940 6102
12941 5782
12941 1385
12942 5782
12942 12943
12942 1385
12944 2826
12944 2823
12945 942
12945 943
12946 941
12946 943
12947 129
12947 942
12948 129
12948 942
12948 12949
12950 941
12950 7158
12950 12949
12951 942
12951 12949
12952 7158
12952 12949
12953 941
12953 12949
12954 9419
12954 5160
12955 7157
12955 6615
12955 8343
12956 8342
12956 7826
12957 5019
12957 5011
12958 5020
12958 5011
12959 4400
12959 5019
12960 5019
12960 10790
12961 10790
12961 10791
12961 7575
12962 10790
12962 7575
12963 4400
12963 10790
12963 5020
12964 4400
12964 5020
12965 10790
12965 5020
12966 4400
12966 5019
12966 10790
12967 1171
12967 5160
12968 728
12968 1385
12969 988
12969 986
12970 5066
12970 5068
12971 5066
12971 5069
12972 3399
12972 4334
12972 2996
12973 9151
12973 3399
12974 9151
12974 3084
12975 9151
12975 3399
12975 3084
12976 4334
12976 3897
12977 4334
12977 3897
12977 3931
12978 3399
12978 4334
12979 3399
12979 2996
12980 1173
12980 9419
12981 3881
12981 742
12982 401
12982 742
12983 9576
12983 3791
12984 401
12984 3881
12984 742
12985 1170
12985 1173
12985 9419
12986 5088
12986 5084
12987 5084
12987 5089
12988 5088
12988 5384
12989 5088
12989 5384
12989 4357
12990 5384
12990 5089
12990 4357
12991 5088
12991 4357
12992 5089
12992 4357
12993 5384
12993 5089
12994 4364
12994 4357
12995 4356
12995 4364
12995 4357
12996 5120
12996 490
12997 6530
12997 5120
12997 5123
12998 6248
12998 6249
12999 4167
12999 6249
13000 12828
13000 6454
13001 3328
13001 6454
13002 3328
13002 12828
13002 6454
13003 6454
13003 6248
13004 13005
13004 7662
13006 13005
13006 5118
13007 13005
13007 496
13008 13005
13008 7662
13008 5118
13009 13005
13009 496
13009 6532
13010 496
13010 6532
13011 6530
13011 5120
13012 5120
13012 5123
13013 13014
13013 3718
13013 7267
13015 3718
13015 7267
13016 4346
13016 3751
13017 4459
13017 10117
13018 3399
13018 3083
13019 7262
13019 5128
13020 3717
13020 5128
13020 3718
13021 7262
13021 5128
13021 3715
13022 7262
13022 3715
13023 13014
13023 170
13024 13014
13024 12508
13025 13014
13025 7267
13026 13014
13026 170
13026 12508
13027 4304
13027 2106
13028 4304
13028 6285
13028 2106
13029 4295
13029 4304
13030 3737
13030 4295
13031 2104
13031 2105
13031 6285
13032 4304
13032 6285
13033 2846
13033 1611
13034 4489
13034 5477
13035 4489
13035 5477
13035 6484
13036 2846
13036 1611
13036 2850
13037 4396
13037 13038
13039 4396
13039 13038
13039 4415
13040 4396
13040 4415
13040 4397
13041 13038
13041 4415
13042 13038
13042 6484
13042 4397
13043 5477
13043 6484
13044 13038
13044 6484
13045 6484
13045 4397
13046 6226
13046 6442
13047 1968
13047 6226
13048 75
13048 6442
13049 2847
13049 2851
13050 72
13050 6231
13051 6226
13051 72
13051 6231
13052 1968
13052 6226
13052 6442
13053 6226
13053 6231
13054 6226
13054 6227
13055 72
13055 6227
13056 1850
13056 1857
13056 1842
13057 5175
13057 5184
13057 702
13058 702
13058 693
13059 13060
13059 5168
13061 13062
13061 13060
13061 6707
13063 693
13063 5795
13064 5175
13064 5795
13065 705
13065 693
13066 705
13066 702
13066 693
13067 13062
13067 5336
13068 4464
13068 13062
13068 2177
13069 13062
13069 2177
13070 4464
13070 13062
13071 13060
13071 6707
13072 13062
13072 13060
13073 13062
13073 5336
13073 6707
13074 5336
13074 6707
13075 5200
13075 5847
13076 186
13076 2470
13076 5200
13077 186
13077 5200
13077 5847
13078 186
13078 5847
13079 5190
13079 1269
13079 5200
13080 1269
13080 5200
13081 186
13081 2470
13082 2470
13082 5200
13083 2470
13083 5841
13084 5847
13084 5841
13085 8876
13085 6899
13086 4435
13086 6897
13087 4435
13087 6572
13088 8876
13088 6899
13088 6900
13089 3052
13089 6572
13090 6572
13090 5219
13091 5212
13091 3063
13091 5219
13092 3063
13092 5219
13093 2149
13093 2497
13094 6902
13094 6899
13094 2979
13095 6902
13095 2979
13096 4362
13096 4436
13097 4435
13097 4362
13098 13099
13098 5227
13100 5229
13100 13099
13100 8631
13101 5229
13101 8631
13102 5229
13102 13099
13103 13099
13103 11119
13103 5811
13104 13099
13104 5811
13105 13099
13105 11119
13106 11119
13106 6457
13106 8634
13107 5882
13107 3467
13107 5880
13108 5882
13108 3467
13109 8631
13109 13099
13109 5227
13110 8631
13110 5227
13111 8786
13111 5513
13111 5544
13112 7101
13112 1891
13113 7084
13113 7101
13113 1891
13114 3806
13114 3811
13115 3806
13115 3811
13115 3812
13116 4532
13116 13117
13116 3812
13118 3806
13118 3812
13119 13117
13119 3812
13120 4532
13120 3812
13121 4533
13121 13117
13122 4535
13122 4533
13122 13117
13123 4535
13123 4532
13123 4533
13124 4535
13124 13117
13125 5274
13125 5279
13126 5274
13126 4554
13127 4551
13127 547
13128 4551
13128 547
13128 548
13129 4551
13129 5462
13130 5462
13130 545
13131 4551
13131 5462
13131 545
13132 5462
13132 5279
13133 2491
13133 5279
13134 5462
13134 2491
13134 5279
13135 2301
13135 6805
13136 1487
13136 1372
13136 2046
13137 5239
13137 6382
13137 7545
13138 1487
13138 1372
13139 1487
13139 2046
13140 2298
13140 13141
13140 5886
13142 4359
13142 7014
13143 6394
13143 7525
13144 1412
13144 8449
13144 8312
13145 2298
13145 5886
13146 6676
13146 11086
13147 13141
13147 5886
13148 4570
13148 7325
13149 4173
13149 11668
13149 13141
13150 4572
13150 4570
13151 4569
13151 4572
13151 4570
13152 599
13152 5926
13153 6676
13153 599
13153 5926
13154 600
13154 4570
13154 7325
13155 4173
13155 13141
13156 11668
13156 13141
13157 8786
13157 4359
13157 7014
13158 5388
13158 8449
13159 4173
13159 11668
13159 2298
13160 6781
13160 82
13161 13162
13161 6781
13161 4600
13163 13162
13163 6047
13163 10931
13164 13162
13164 6047
13165 6781
13165 4600
13166 13162
13166 6781
13167 6779
13167 698
13168 4585
13168 6779
13169 13162
13169 10931
13170 4585
13170 6779
13170 698
13171 2427
13171 2442
13171 2443
13172 2427
13172 13173
13174 13173
13174 2443
13175 2427
13175 13173
13175 2443
13176 13173
13176 7451
13177 5384
13177 7014
13178 2442
13178 13173
13178 7451
13179 2442
13179 34
13180 34
13180 2436
13181 2442
13181 34
13181 2436
13182 1643
13182 6724
13182 4183
13183 6726
13183 398
13184 1314
13184 1373
13185 1314
13185 1325
13185 1373
13186 2659
13186 13187
13188 2659
13188 4285
13189 2659
13189 13187
13189 4285
13190 1325
13190 1373
13191 4285
13191 4624
13191 89
13192 13187
13192 4624
13193 13187
13193 89
13194 13187
13194 4624
13194 89
13195 842
13195 562
13196 5357
13196 842
13196 562
13197 851
13197 13198
13199 850
13199 13198
13200 850
13200 851
13200 13198
13201 12633
13201 13198
13202 12633
13202 844
13203 12633
13203 844
13203 13198
13204 5995
13204 858
13205 5995
13205 856
13206 9345
13206 9215
13207 4008
13207 12293
13208 10148
13208 3626
13209 3640
13209 7836
13209 7885
13210 5384
13210 7014
13210 2814
13211 3609
13211 3610
13212 9227
13212 9222
13212 9223
13213 1048
13213 6184
13214 7836
13214 7885
13215 7014
13215 5385
13216 6186
13216 2267
13217 6186
13217 5526
13217 2267
13218 648
13218 650
13219 4719
13219 9469
13220 4719
13220 9469
13220 5414
13221 2595
13221 2654
13222 390
13222 5402
13222 5414
13223 2908
13223 13224
13225 4714
13225 9469
13226 9469
13226 4714
13226 5414
13227 3396
13227 4711
13228 4711
13228 3408
13229 3396
13229 4711
13229 3408
13230 4719
13230 5414
13231 2500
13231 2495
13232 5704
13232 2495
13232 11769
13233 1909
13233 3242
13234 11356
13234 5438
13235 11356
13235 5438
13235 13236
13237 11356
13237 13238
13239 13238
13239 11357
13240 13236
13240 5435
13241 13236
13241 5428
13242 13236
13242 5428
13242 5435
13243 11356
13243 13236
13244 11356
13244 13238
13244 11357
13245 6085
13245 4018
13246 2501
13246 1687
13247 925
13247 2501
13247 1687
13248 5705
13248 11769
13249 3454
13249 6174
13249 3456
13250 3455
13250 3456
13251 6174
13251 3456
13252 3454
13252 6174
13253 3456
13253 2450
13254 3456
13254 6859
13254 2450
13255 6843
13255 5941
13255 6859
13256 3456
13256 6859
13257 3960
13257 1797
13258 13259
13258 6308
13258 13260
13261 2495
13261 11769
13262 5451
13262 870
13262 8184
13263 13259
13263 13260
13264 6121
13264 13265
13266 4410
13266 4025
13266 6121
13267 4410
13267 4025
13268 4025
13268 6121
13269 4025
13269 5480
13270 5480
13270 13265
13271 4410
13271 6121
13271 13265
13272 4410
13272 13265
13273 4033
13273 5480
13274 4025
13274 5480
13274 13265
13275 6895
13275 6527
13276 4800
13276 4801
13277 4801
13277 4061
13278 6895
13278 13260
13279 5497
13279 8335
13279 4784
13280 5504
13280 5502
13281 5497
13281 8335
13282 5497
13282 4784
13283 5945
13283 4060
13284 5500
13284 8335
13284 8336
13285 5945
13285 4060
13285 4050
13286 5500
13286 8335
13287 8347
13287 4783
13288 8347
13288 1362
13289 2778
13289 3044
13290 9339
13290 13291
13290 3507
13292 426
13292 641
13293 2576
13293 2566
13293 2567
13294 4819
13294 4812
13295 4819
13295 8460
13295 3941
13296 4819
13296 4812
13296 2337
13297 4812
13297 2337
13298 8460
13298 6396
13298 2186
13299 8460
13299 6396
13300 4819
13300 3941
13301 9544
13301 894
13301 4695
13302 4821
13302 2241
13303 4821
13303 721
13304 895
13304 11657
13305 9292
13305 1857
13305 9294
13306 6197
13306 6198
13307 6196
13307 6197
13308 7885
13308 2835
13308 5723
13309 10095
13309 6382
13310 5017
13310 6198
13311 6198
13311 5014
13312 4868
13312 2582
13312 5014
13313 2582
13313 5014
13314 5017
13314 6196
13314 5014
13315 5017
13315 6196
13316 6196
13316 5014
13317 5017
13317 6198
13317 5014
13318 6555
13318 13319
13320 4915
13320 12817
13320 4917
13321 12816
13321 12817
13322 12817
13322 4917
13323 12817
13323 4915
13324 5592
13324 4915
13325 4837
13325 8772
13325 9006
13326 4837
13326 9006
13327 4915
13327 5592
13327 4917
13328 3493
13328 7213
13328 7215
13329 1733
13329 9006
13330 3492
13330 16
13330 4917
13331 1733
13331 9006
13331 8773
13332 9006
13332 8773
13333 8772
13333 8773
13334 1733
13334 8772
13335 4837
13335 8772
13336 5592
13336 4917
13337 3492
13337 4917
13338 2573
13338 5215
13339 3071
13339 5333
13340 5608
13340 5609
13341 5608
13341 5610
13342 9292
13342 1875
13342 9281
13343 744
13343 13344
13345 9449
13345 13344
13346 4854
13346 9449
13346 6805
13347 9449
13347 6805
13348 5069
13348 13344
13348 6805
13349 3070
13349 5332
13349 5333
13350 5069
13350 13344
13351 744
13351 9449
13351 13344
13352 5332
13352 3071
13353 15
13353 3492
13354 10853
13354 13355
13356 5332
13356 11952
13356 10059
13357 9326
13357 13358
13359 9326
13359 737
13359 7300
13360 13355
13360 2654
13361 2914
13361 8967
13362 2914
13362 2433
13362 8967
13363 3681
13363 214
13363 8065
13364 3681
13364 8065
13365 2826
13365 2812
13365 1422
13366 7418
13366 9051
13367 9051
13367 7409
13368 7418
13368 9106
13369 214
13369 8065
13370 8675
13370 8687
13371 9154
13371 4162
13372 9154
13372 9147
13372 4162
13373 9147
13373 7328
13374 8675
13374 8683
13375 9147
13375 7328
13375 7790
13376 9147
13376 4162
13377 4900
13377 7328
13377 4895
13378 9154
13378 7328
13379 9154
13379 7790
13380 5931
13380 8650
13380 8065
13381 13382
13381 4128
13383 5931
13383 8650
13384 13385
13384 3907
13384 6591
13386 1978
13386 1979
13387 8650
13387 8065
13388 7293
13388 13389
13388 3907
13390 426
13390 641
13390 11555
13391 5758
13391 8935
13391 8921
13392 5758
13392 8921
13393 5758
13393 8935
13394 2195
13394 8935
13394 8936
13395 9361
13395 1097
13396 4399
13396 4400
13397 9361
13397 2168
13398 9361
13398 5637
13399 4399
13399 9372
13400 5632
13400 6104
13400 9372
13401 9361
13401 8936
13401 1097
13402 8936
13402 1097
13403 5632
13403 6104
13403 5635
13404 6104
13404 5635
13405 6104
13405 9372
13406 5632
13406 9372
13407 1244
13407 1240
13408 4960
13408 1240
13408 4955
13409 1244
13409 1240
13409 1238
13410 1244
13410 1238
13411 7991
13411 2648
13411 4955
13412 7991
13412 4955
13413 1240
13413 4960
13414 1240
13414 4955
13415 4951
13415 1249
13416 1244
13416 1249
13417 9484
13417 7588
13418 9482
13418 5373
13419 4958
13419 1501
13420 9491
13420 9492
13420 5651
13421 6346
13421 9485
13422 6355
13422 9485
13423 6346
13423 6355
13423 9485
13424 9482
13424 7319
13425 9491
13425 4966
13426 5650
13426 4217
13426 775
13427 775
13427 4217
13428 5650
13428 4217
13429 9492
13429 5651
13430 9175
13430 6587
13431 10169
13431 9491
13431 4966
13432 10169
13432 9491
13433 3614
13433 3607
13434 5212
13434 3063
13434 6587
13435 3616
13435 9519
13436 3067
13436 6601
13436 7312
13437 9519
13437 4977
13438 9519
13438 3612
13439 3614
13439 8566
13440 3614
13440 9498
13441 3616
13441 9519
13441 5667
13442 3067
13442 7312
13443 3015
13443 6363
13444 3015
13444 6362
13445 5683
13445 3554
13446 5683
13446 5691
13447 9552
13447 4171
13448 3066
13448 7310
13449 510
13449 2491
13450 510
13450 4171
13450 2491
13451 3554
13451 7622
13452 3518
13452 3554
13453 1204
13453 3515
13453 3518
13454 5707
13454 938
13455 6362
13455 938
13456 5691
13456 7622
13457 6362
13457 938
13457 5704
13458 3518
13458 3554
13458 7622
13459 2790
13459 2783
13460 3939
13460 2939
13461 2086
13461 2089
13461 2098
13462 2089
13462 2098
13463 13464
13463 11028
13465 13464
13465 5726
13466 11466
13466 13464
13467 11028
13467 13464
13467 5726
13468 11466
13468 2087
13468 13464
13469 11466
13469 2087
13470 5728
13470 3651
13471 1304
13471 5728
13472 10001
13472 377
13473 8351
13473 946
13474 5049
13474 5050
13475 10791
13475 4309
13475 5635
13476 13477
13476 6626
13478 5048
13478 5049
13479 3650
13479 12047
13480 13477
13480 6610
13481 3208
13481 6995
13482 11555
13482 641
13483 4753
13483 5048
13483 9932
13484 4753
13484 5048
13485 5053
13485 5050
13485 6995
13486 13477
13486 7375
13487 5050
13487 6995
13488 1624
13488 1626
13489 7474
13489 9279
13489 13490
13491 7474
13491 13490
13492 13477
13492 2610
13492 7375
13493 7474
13493 9279
13494 2610
13494 7375
13495 4308
13495 4309
13495 1700
13496 9279
13496 9281
13496 1840
13497 7377
13497 2610
13498 2947
13498 2959
13499 8925
13499 9274
13499 9276
13500 13477
13500 7377
13501 4309
13501 1700
13502 8925
13502 9276
13503 9272
13503 9286
13504 10791
13504 4309
13505 9258
13505 9284
13506 4135
13506 9868
13506 2922
13507 2920
13507 2922
13508 5555
13508 253
13509 7575
13509 5635
13510 5555
13510 253
13510 2772
13511 7575
13511 4309
13511 5635
13512 10866
13512 2772
13513 5134
13513 3711
13514 5134
13514 3709
13515 12112
13515 3724
13515 13516
13517 12112
13517 3724
13518 12112
13518 13516
13519 13516
13519 11842
13519 3708
13520 13516
13520 11842
13521 13516
13521 3708
13522 3790
13522 9001
13523 2136
13523 1991
13523 2137
13524 2136
13524 5095
13525 5420
13525 9353
13525 11286
13526 9353
13526 11286
13527 5134
13527 3058
13528 5134
13528 3711
13528 3709
13529 1926
13529 253
13530 1926
13530 10866
13530 253
13531 3770
13531 4765
13532 6126
13532 1278
13533 10061
13533 6126
13534 10061
13534 10063
13535 10061
13535 10063
13535 1278
13536 4316
13536 10063
13537 4316
13537 6126
13538 3545
13538 11116
13538 3544
13539 13540
13539 4292
13539 4765
13541 1682
13541 13542
13543 2287
13543 2970
13544 13540
13544 4765
13545 10577
13545 4018
13546 689
13546 4018
13547 688
13547 10577
13548 688
13548 424
13548 10577
13549 13540
13549 4292
13550 3675
13550 2880
13551 12625
13551 7118
13552 7006
13552 5040
13552 7118
13553 12625
13553 5041
13553 7118
13554 12625
13554 5041
13555 5598
13555 5586
13555 1069
13556 426
13556 455
13556 427
13557 10061
13557 13558
13557 6546
13559 10061
13559 6546
13560 12787
13560 4291
13560 4292
13561 13558
13561 2041
13562 13558
13562 5823
13563 13558
13563 6546
13564 13558
13564 5823
13564 2041
13565 10061
13565 5823
13566 5822
13566 5823
13566 5142
13567 10061
13567 5823
13567 2041
13568 10061
13568 2041
13569 13570
13569 5837
13571 5837
13571 10434
13571 9076
13572 10434
13572 9076
13573 5837
13573 10434
13574 6580
13574 10434
13575 13570
13575 6580
13576 13570
13576 5837
13576 9076
13577 13570
13577 9076
13578 758
13578 759
13579 6580
13579 4002
13580 13570
13580 6580
13580 10434
13581 757
13581 758
13582 13583
13582 7312
13584 2981
13584 13583
13584 2991
13585 13583
13585 2991
13586 2981
13586 13583
13587 2982
13587 5864
13588 2973
13588 5864
13589 2989
13589 13583
13589 7312
13590 2989
13590 7312
13591 5862
13591 5864
13592 2973
13592 2982
13592 5864
13593 5870
13593 6623
13594 5873
13594 6623
13595 5869
13595 5871
13595 5873
13596 5871
13596 5873
13597 6622
13597 6618
13597 6623
13598 6622
13598 6618
13599 6618
13599 6623
13600 5870
13600 5873
13600 6623
13601 6622
13601 6620
13602 6620
13602 6623
13603 13604
13603 1430
13605 5246
13605 13604
13605 1430
13606 4541
13606 13604
13607 12787
13607 4292
13608 7405
13608 5246
13609 7405
13609 1430
13610 7405
13610 5246
13610 1430
13611 5246
13611 13604
13612 7405
13612 4541
13612 13604
13613 4541
13613 4544
13614 5912
13614 5901
13615 5901
13615 12173
13616 5902
13616 12173
13617 5912
13617 5902
13617 12173
13618 5912
13618 5270
13618 3830
13619 5912
13619 5902
13620 5912
13620 5270
13621 5912
13621 3830
13622 5912
13622 5901
13622 12173
13623 5901
13623 5903
13624 4045
13624 12321
13624 5475
13625 5575
13625 9340
13625 2472
13626 6407
13626 7206
13626 6410
13627 514
13627 2797
13628 7206
13628 6410
13629 6407
13629 7206
13630 1498
13630 3124
13631 1689
13631 7206
13631 6408
13632 4191
13632 4606
13632 6314
13633 2713
13633 398
13634 2713
13634 2714
13635 9911
13635 5322
13635 13636
13637 5408
13637 398
13638 5408
13638 2714
13639 5408
13639 2714
13639 398
13640 5322
13640 13540
13641 5322
13641 5317
13641 13540
13642 5322
13642 13636
13643 9911
13643 13636
13644 4150
13644 3802
13645 4150
13645 964
13646 8514
13646 5960
13647 8514
13647 5960
13647 13648
13649 964
13649 10886
13650 3806
13650 10886
13650 6743
13651 3806
13651 10886
13652 10886
13652 6743
13653 5346
13653 13648
13654 5327
13654 5346
13654 13648
13655 5328
13655 5327
13655 5330
13656 5327
13656 13648
13657 8514
13657 5961
13657 13648
13658 5960
13658 13648
13659 5961
13659 13648
13660 8514
13660 5961
13661 6990
13661 11956
13661 10059
13662 11340
13662 2070
13662 11341
13663 12633
13663 2349
13663 2353
13664 532
13664 2349
13665 2349
13665 2353
13666 12633
13666 2349
13667 2343
13667 2353
13668 2343
13668 2344
13668 2353
13669 2344
13669 2336
13669 2337
13670 2344
13670 2353
13671 2344
13671 2336
13672 2344
13672 2337
13673 5373
13673 5376
13674 5374
13674 5373
13674 5376
13675 2818
13675 7483
13675 5374
13676 5374
13676 5376
13677 7483
13677 5374
13678 2818
13678 5374
13679 7471
13679 7483
13680 2817
13680 7471
13680 7483
13681 11340
13681 2217
13682 5371
13682 5374
13683 5373
13683 5371
13684 6990
13684 10059
13685 6676
13685 4090
13686 12321
13686 249
13687 6680
13687 6676
13688 4090
13688 5926
13689 4090
13689 4088
13689 5926
13690 3977
13690 6023
13690 6021
13691 3977
13691 6023
13692 3977
13692 6021
13693 837
13693 11121
13693 6021
13694 837
13694 6021
13695 11121
13695 6021
13696 4188
13696 823
13696 11121
13697 4188
13697 11121
13698 6990
13698 11952
13699 4188
13699 823
13699 837
13700 10108
13700 11127
13700 4590
13701 10108
13701 4590
13702 11127
13702 4590
13703 10110
13703 11127
13703 698
13704 11127
13704 698
13705 3846
13705 837
13706 5296
13706 10120
13706 39
13707 10120
13707 39
13708 4690
13708 822
13708 837
13709 4600
13709 4597
13710 4599
13710 4597
13711 45
13711 8205
13712 45
13712 390
13712 8205
13713 5568
13713 2473
13713 6054
13714 390
13714 8205
13715 45
13715 390
13715 9042
13716 2576
13716 9042
13717 390
13717 9042
13718 45
13718 9042
13719 2576
13719 8205
13720 4703
13720 2534
13721 11956
13721 11952
13722 2373
13722 2360
13722 2361
13723 3936
13723 6669
13723 9143
13724 7540
13724 1662
13725 7358
13725 8826
13725 3102
13726 3769
13726 526
13727 1210
13727 377
13727 1229
13728 5108
13728 5106
13729 3384
13729 11956
13730 387
13730 44
13730 385
13731 11286
13731 1949
13732 3610
13732 11286
13732 1949
13733 3610
13733 11304
13734 11304
13734 1949
13735 3610
13735 11304
13735 1949
13736 5424
13736 11304
13737 13238
13737 10616
13738 11355
13738 13238
13738 10616
13739 11956
13739 12271
13740 11355
13740 10616
13741 11355
13741 11356
13742 11355
13742 11357
13743 11555
13743 427
13744 11555
13744 455
13744 427
13745 455
13745 6082
13745 3950
13746 11555
13746 455
13747 11956
13747 10059
13748 1600
13748 5449
13749 5448
13749 1600
13750 6854
13750 6113
13751 6855
13751 6854
13751 6113
13752 7517
13752 6855
13752 571
13753 6855
13753 6113
13754 7517
13754 6855
13755 6855
13755 571
13756 7517
13756 5467
13757 7517
13757 5467
13757 7509
13758 5459
13758 7509
13758 688
13759 7517
13759 7509
13760 6128
13760 2237
13761 6128
13761 6130
13762 3384
13762 11956
13762 12271
13763 547
13763 2149
13764 11614
13764 6951
13764 6954
13765 11614
13765 6954
13766 1277
13766 2237
13767 6954
13767 2237
13768 6130
13768 6954
13769 1277
13769 6954
13769 2237
13770 6130
13770 6954
13770 1277
13771 6130
13771 1277
13772 6887
13772 6881
13773 6881
13773 6309
13774 6887
13774 6881
13774 6309
13775 6881
13775 6140
13776 1774
13776 1778
13776 5497
13777 1778
13777 6887
13778 8347
13778 6887
13779 8347
13779 1778
13779 6887
13780 6895
13780 6140
13781 6895
13781 6881
13781 6140
13782 374
13782 1229
13783 1527
13783 1528
13783 1522
13784 6097
13784 6109
13785 5528
13785 135
13785 5523
13786 1210
13786 1229
13787 5528
13787 135
13788 6396
13788 135
13788 2186
13789 11865
13789 4768
13790 135
13790 2186
13791 4812
13791 5523
13791 4814
13792 4812
13792 5523
13793 5523
13793 4814
13794 3040
13794 3044
13795 3020
13795 3022
13796 3043
13796 5750
13797 6932
13797 6930
13798 6926
13798 6932
13798 6198
13799 6926
13799 6929
13799 6198
13800 6929
13800 6198
13801 6932
13801 6198
13802 6926
13802 6932
13803 6926
13803 6197
13804 6203
13804 6926
13805 6926
13805 6929
13806 6203
13806 6926
13806 6197
13807 6429
13807 3209
13808 5750
13808 3044
13809 3029
13809 3021
13809 4312
13810 5558
13810 10657
13811 5558
13811 11948
13812 5555
13812 11948
13812 10657
13813 5555
13813 10657
13814 5555
13814 11948
13815 6238
13815 11948
13815 6234
13816 11948
13816 6234
13817 6238
13817 11948
13818 9349
13818 1319
13818 6472
13819 5558
13819 5556
13820 9349
13820 12344
13821 5212
13821 5217
13822 951
13822 2595
13822 2654
13823 5408
13823 6381
13824 3020
13824 3021
13824 3025
13825 6381
13825 7991
13826 2533
13826 2540
13827 13828
13827 8975
13827 3044
13829 6472
13829 12344
13830 2704
13830 2402
13831 9349
13831 6472
13831 12344
13832 2704
13832 2711
13832 2402
13833 9439
13833 7201
13834 2711
13834 11895
13835 4507
13835 2711
13836 10731
13836 13837
13838 2529
13838 2527
13838 13837
13839 3140
13839 3138
13840 4197
13840 4111
13841 7186
13841 4806
13841 11131
13842 12255
13842 4197
13842 9272
13843 5598
13843 11131
13843 5587
13844 2039
13844 4111
13845 11131
13845 5587
13846 5598
13846 11131
13847 4806
13847 11131
13848 7186
13848 4806
13849 7186
13849 4807
13850 4110
13850 2041
13850 4111
13851 3073
13851 13852
13853 13852
13853 8566
13854 8566
13854 12303
13855 3073
13855 13852
13855 8566
13856 3073
13856 8566
13856 12303
13857 4110
13857 2041
13858 13852
13858 6267
13859 6267
13859 12303
13860 6271
13860 6267
13861 13852
13861 6267
13861 12303
13862 2041
13862 4111
13863 9363
13863 9364
13863 5019
13864 9363
13864 5019
13865 5518
13865 9700
13865 3294
13866 4294
13866 4402
13866 4312
13867 10985
13867 13868
13867 1861
13869 10985
13869 1861
13870 10186
13870 686
13871 12175
13871 1861
13871 6302
13872 1861
13872 12175
13873 1861
13873 6302
13874 6288
13874 6302
13874 6292
13875 10985
13875 13868
13876 13868
13876 12175
13876 6302
13877 13868
13877 12175
13878 13868
13878 6302
13879 777
13879 787
13879 784
13880 5660
13880 6840
13880 3469
13881 783
13881 12426
13882 5660
13882 6840
13883 6840
13883 6828
13884 12463
13884 6828
13885 5660
13885 12463
13885 3469
13886 12463
13886 3469
13887 777
13887 3569
13888 5657
13888 3569
13889 6328
13889 5662
13890 6840
13890 12463
13890 6828
13891 13892
13891 13893
13894 13893
13894 4272
13895 13893
13895 8661
13896 13892
13896 13893
13896 4272
13897 13893
13897 11723
13897 8661
13898 11723
13898 8661
13899 7108
13899 2424
13900 7108
13900 8661
13901 1953
13901 7108
13902 2424
13902 7108
13902 8661
13903 4557
13903 7099
13903 9466
13904 337
13904 6356
13905 7099
13905 9466
13906 4557
13906 9466
13907 972
13907 7099
13908 972
13908 7087
13908 7099
13909 4261
13909 6353
13910 6353
13910 13911
13912 4264
13912 4262
13912 13911
13913 4262
13913 13911
13914 4264
13914 13911
13915 6370
13915 6360
13915 5678
13916 6370
13916 6360
13917 6360
13917 5678
13918 339
13918 12371
13918 10849
13919 339
13919 12371
13920 6347
13920 6353
13921 4261
13921 6353
13921 13911
13922 6384
13922 6391
13922 6385
13923 6384
13923 13924
13925 13924
13925 6397
13926 6384
13926 13924
13926 6397
13927 5698
13927 13924
13928 5698
13928 6385
13929 5698
13929 13924
13929 6385
13930 5699
13930 3941
13931 4652
13931 5699
13932 4652
13932 5699
13932 3941
13933 4805
13933 4807
13934 5536
13934 909
13935 9670
13935 3271
13936 1684
13936 6410
13937 13938
13937 1684
13937 6410
13939 9669
13939 3271
13940 6407
13940 9611
13941 6407
13941 13942
13941 9611
13943 13942
13943 10156
13943 334
13944 6407
13944 13942
13945 13938
13945 1905
13945 9593
13946 13938
13946 6410
13947 13938
13947 9593
13948 13938
13948 1905
13949 9670
13949 2186
13949 13950
13951 29
13951 1919
13951 3217
13952 5111
13952 13953
13952 5763
13954 3402
13954 13953
13955 13953
13955 5763
13956 5111
13956 13953
13957 3402
13957 380
13958 3402
13958 380
13958 13953
13959 835
13959 685
13960 6355
13960 7588
13961 5789
13961 6468
13962 6468
13962 5792
13963 5790
13963 1168
13963 5792
13964 1168
13964 5792
13965 1203
13965 6468
13965 6472
13966 1203
13966 6472
13967 6468
13967 6472
13968 5789
13968 6468
13968 5792
13969 1384
13969 5106
13969 4105
13970 1384
13970 1385
13971 1203
13971 6469
13972 6468
13972 6469
13973 1384
13973 12943
13974 728
13974 12943
13975 728
13975 1384
13975 12943
13976 5782
13976 12943
13977 6346
13977 7588
13978 932
13978 9484
13979 6346
13979 6349
13979 6347
13980 6349
13980 6360
13980 6353
13981 8442
13981 6476
13981 1090
13982 6377
13982 678
13983 340
13983 678
13984 1040
13984 6377
13985 339
13985 1040
13985 6377
13986 4895
13986 7328
13987 339
13987 340
13987 1040
13988 339
13988 6377
13989 13990
13989 9655
13989 6639
13991 13990
13991 6639
13992 13990
13992 9655
13993 9655
13993 9644
13993 3346
13994 13990
13994 6519
13995 6521
13995 13990
13995 3343
13996 6521
13996 3343
13997 6521
13997 13990
13998 3343
13998 13990
13998 6519
13999 3343
13999 6519
14000 6542
14000 6138
14001 6528
14001 6138
14002 7656
14002 6527
14002 6528
14003 7656
14003 6528
14004 5101
14004 3408
14004 14005
14006 5101
14006 3408
14007 6308
14007 13260
14008 6542
14008 6528
14008 6138
14009 8489
14009 14005
14010 14011
14010 14005
14012 5101
14012 14005
14013 8489
14013 14011
14013 14005
14014 14015
14014 14011
14016 8475
14016 5104
14016 8477
14017 2735
14017 14015
14017 14011
14018 2735
14018 14011
14019 79
14019 152
14020 3811
14020 12551
14021 6555
14021 6281
14021 2806
14022 6281
14022 2806
14023 6555
14023 6281
14024 11913
14024 6555
14024 13319
14025 11913
14025 6555
14026 4533
14026 7331
14026 12551
14027 5229
14027 5814
14027 13319
14028 5229
14028 13319
14029 5814
14029 13319
14030 11913
14030 5814
14030 5229
14031 4533
14031 12551
14032 4489
14032 394
14033 4489
14033 4487
14034 7331
14034 12551
14035 14036
14035 3164
14037 14036
14037 6548
14038 4396
14038 3164
14038 6548
14039 4396
14039 3164
14040 4487
14040 4396
14040 14036
14041 4487
14041 4396
14042 4487
14042 14036
14043 14036
14043 3164
14043 6548
14044 7295
14044 7300
14044 7293
14045 7300
14045 7295
14046 7331
14046 7332
14047 3234
14047 10555
14048 13389
14048 6591
14049 7330
14049 7331
14050 13385
14050 13389
14050 6591
14051 13385
14051 13389
14052 7293
14052 3907
14053 7293
14053 13389
14054 7300
14054 7293
14055 7330
14055 4533
14055 7332
14056 6596
14056 6599
14057 3066
14057 3067
14057 7310
14058 5212
14058 9180
14058 14059
14060 5212
14060 9180
14061 4533
14061 7332
14062 9175
14062 6587
14062 5219
14063 9175
14063 5219
14064 3067
14064 6601
14065 9482
14065 7319
14065 5373
14066 9180
14066 14059
14067 5208
14067 14059
14067 5217
14068 14059
14068 5217
14069 5208
14069 14059
14070 7377
14070 7161
14071 13477
14071 7377
14071 2610
14072 6701
14072 6707
14073 14074
14073 6701
14073 4465
14075 14074
14075 4516
14076 4516
14076 4465
14076 9817
14077 4465
14077 9817
14078 4516
14078 4465
14079 6701
14079 4465
14080 14074
14080 6701
14081 14074
14081 4516
14081 9817
14082 14074
14082 9817
14083 5895
14083 14084
14085 7781
14085 14084
14086 7781
14086 5257
14087 5895
14087 7781
14087 5257
14088 5304
14088 5257
14089 5304
14089 5257
14089 14084
14090 5895
14090 7781
14090 14084
14091 5304
14091 14084
14092 5256
14092 5257
14093 5255
14093 5256
14094 5271
14094 6854
14095 14096
14095 5271
14095 6854
14097 14096
14097 5275
14098 14096
14098 5282
14099 14096
14099 5282
14099 5275
14100 14096
14100 6854
14101 3840
14101 5915
14101 5271
14102 6111
14102 5915
14103 6111
14103 5270
14104 6111
14104 5270
14104 5915
14105 7858
14105 5010
14106 5053
14106 5050
14107 5939
14107 11702
14108 11702
14108 5939
14108 5932
14109 6680
14109 6676
14109 4090
14110 6678
14110 4090
14111 817
14111 803
14111 818
14112 5932
14112 818
14113 5932
14113 2375
14114 5932
14114 2375
14114 818
14115 5932
14115 5941
14116 11702
14116 5941
14117 11702
14117 5932
14117 5941
14118 5939
14118 5932
14119 717
14119 3686
14120 8034
14120 12783
14121 8034
14121 792
14122 1686
14122 10555
14123 12783
14123 7169
14124 679
14124 5969
14125 14126
14125 679
14125 5969
14127 669
14127 5969
14128 3947
14128 669
14129 1041
14129 14126
14130 283
14130 14126
14131 1041
14131 14126
14131 283
14132 14126
14132 5969
14133 4743
14133 792
14133 7169
14134 3947
14134 669
14134 5969
14135 5967
14135 5969
14136 12783
14136 4743
14137 1370
14137 5974
14138 5952
14138 1370
14138 5974
14139 2964
14139 5974
14140 9158
14140 2964
14141 9158
14141 2964
14141 5974
14142 5974
14142 3917
14143 9158
14143 3917
14144 9158
14144 5974
14144 3917
14145 3917
14145 1010
14146 2964
14146 1010
14147 4849
14147 2283
14148 4849
14148 863
14148 2283
14149 6382
14149 7991
14150 5408
14150 6382
14150 7991
14151 2283
14151 5609
14151 864
14152 5408
14152 6382
14153 4532
14153 4887
14154 4887
14154 6749
14155 3311
14155 4114
14156 14157
14156 6749
14158 14157
14158 7407
14158 4544
14159 7418
14159 14157
14159 6749
14160 7418
14160 6749
14161 7418
14161 7407
14161 4544
14162 7418
14162 4544
14163 14157
14163 4544
14164 14157
14164 7407
14165 13477
14165 6610
14165 6626
14166 6009
14166 14167
14166 6525
14168 6009
14168 6007
14169 1173
14169 6525
14170 1173
14170 14167
14170 6525
14171 6009
14171 14167
14172 6009
14172 6525
14173 14167
14173 5368
14174 14167
14174 1179
14175 14167
14175 5368
14175 1179
14176 1173
14176 14167
14177 8815
14177 8817
14178 2162
14178 1418
14179 3190
14179 6042
14179 6043
14180 3190
14180 6043
14181 948
14181 132
14182 132
14182 6043
14183 11601
14183 38
14184 948
14184 132
14184 6043
14185 11601
14185 38
14185 6030
14186 11601
14186 6030
14187 86
14187 6029
14188 11601
14188 86
14189 13344
14189 1871
14190 6785
14190 5570
14190 8216
14191 6050
14191 6051
14192 8034
14192 12783
14192 792
14193 8034
14193 6790
14194 4710
14194 8216
14195 14196
14195 4710
14195 8216
14197 5570
14197 8216
14198 6785
14198 5570
14199 14196
14199 4717
14200 14196
14200 4711
14201 14196
14201 4717
14201 4711
14202 14196
14202 8216
14203 3883
14203 10299
14203 3884
14204 1817
14204 1060
14204 3124
14205 8766
14205 14206
14205 6076
14207 6071
14207 6076
14208 14206
14208 6076
14209 8766
14209 6076
14210 8766
14210 3887
14211 8766
14211 14206
14211 3887
14212 2936
14212 6809
14212 14206
14213 14206
14213 3887
14214 6809
14214 14206
14215 2936
14215 14206
14216 8059
14216 6456
14217 5752
14217 14218
14219 8059
14219 8052
14219 6456
14220 14221
14220 6825
14222 14221
14222 6825
14222 14223
14224 6827
14224 7504
14225 6828
14225 7504
14226 6824
14226 14223
14227 6840
14227 14223
14228 6824
14228 6840
14228 14223
14229 14221
14229 14223
14230 6827
14230 6828
14230 7504
14231 7503
14231 7504
14232 6101
14232 11801
14232 6104
14233 14234
14233 6107
14235 5909
14235 14234
14236 5909
14236 14234
14236 6107
14237 6101
14237 5903
14238 6101
14238 6102
14238 5903
14239 6101
14239 11801
14240 11801
14240 6104
14241 1385
14241 8817
14241 145
14242 2524
14242 14234
14243 6102
14243 2524
14244 1212
14244 5516
14245 2696
14245 12591
14245 8958
14246 2089
14246 6109
14247 5448
14247 2089
14247 6109
14248 1917
14248 3690
14249 5455
14249 5444
14250 14251
14250 1112
14252 4110
14252 1112
14253 5455
14253 5443
14254 5455
14254 5448
14254 11466
14255 7062
14255 14251
14255 4110
14256 14251
14256 1112
14256 9286
14257 5448
14257 11466
14258 2637
14258 4952
14259 1917
14259 3690
14259 3467
14260 7084
14260 1891
14261 593
14261 3690
14262 3327
14262 1454
14263 593
14263 576
14263 583
14264 14265
14264 6140
14266 14265
14266 6138
14267 6149
14267 6005
14268 6149
14268 6005
14268 6146
14269 6137
14269 8319
14270 14265
14270 6137
14270 8319
14271 14265
14271 6140
14271 6138
14272 14265
14272 8319
14273 5057
14273 6158
14274 6877
14274 1871
14275 6881
14275 6891
14276 6895
14276 6891
14277 2802
14277 666
14277 6879
14278 666
14278 6879
14279 6154
14279 1872
14280 6154
14280 6879
14281 1992
14281 8044
14282 4300
14282 6422
14283 32
14283 7121
14284 10284
14284 945
14285 526
14285 6434
14286 2340
14286 6434
14287 14288
14287 5534
14287 6184
14289 14288
14289 6184
14290 4821
14290 14291
14292 4810
14292 14291
14293 5390
14293 14291
14294 6174
14294 6434
14295 2639
14295 2635
14296 2645
14296 2635
14296 2643
14297 2645
14297 2635
14298 2635
14298 2643
14299 6203
14299 6936
14299 2643
14300 6203
14300 2643
14301 6936
14301 2643
14302 398
14302 6936
14302 6201
14303 2340
14303 6174
14303 2725
14304 2639
14304 2634
14304 2635
14305 2639
14305 2634
14306 6957
14306 7611
14307 6957
14307 3385
14307 7611
14308 3385
14308 7611
14309 6957
14309 1710
14309 6940
14310 6957
14310 1710
14311 1704
14311 3385
14312 1704
14312 7605
14313 7936
14313 3022
14313 7937
14314 7936
14314 3022
14315 5686
14315 1341
14316 5686
14316 7620
14317 7629
14317 1341
14318 1353
14318 7629
14318 1341
14319 1353
14319 1345
14319 1348
14320 1353
14320 1341
14321 1353
14321 1345
14322 1353
14322 1348
14323 5686
14323 1341
14323 7620
14324 1341
14324 10566
14325 3135
14325 3140
14326 6877
14326 1871
14326 6033
14327 7465
14327 2091
14328 7465
14328 3474
14329 3474
14329 3483
14330 2091
14330 3474
14330 11432
14331 2091
14331 11432
14332 7465
14332 3474
14332 2091
14333 9
14333 32
14334 13344
14334 9447
14334 1871
14335 12663
14335 14336
14337 3846
14337 10782
14338 4690
14338 3846
14338 10782
14339 4693
14339 10782
14340 3977
14340 4693
14341 2908
14341 12663
14342 14343
14342 10638
14344 6450
14344 4877
14344 2776
14345 7050
14345 7047
14345 8568
14346 4877
14346 2776
14347 7047
14347 8568
14348 7047
14348 3073
14348 8566
14349 7047
14349 3073
14350 7047
14350 8566
14351 7050
14351 6271
14351 219
14352 6450
14352 2776
14353 7050
14353 219
14354 3074
14354 219
14354 3073
14355 1212
14355 12873
14355 6450
14356 2802
14356 6877
14357 1212
14357 6450
14358 12873
14358 6450
14359 3402
14359 9366
14359 12873
14360 9366
14360 12873
14361 7077
14361 14362
14363 7077
14363 7065
14363 2893
14364 7077
14364 7072
14364 14362
14365 7072
14365 14362
14366 3480
14366 9110
14367 3480
14367 14362
14368 14362
14368 3478
14369 3480
14369 14362
14369 9110
14370 9110
14370 14362
14370 3478
14371 9110
14371 3478
14372 7062
14372 2062
14373 749
14373 79
14374 2062
14374 8683
14375 4951
14375 1247
14375 1244
14376 4951
14376 1247
14377 2373
14377 2360
14378 1249
14378 14379
14380 6320
14380 6321
14380 5662
14381 4964
14381 1249
14381 14379
14382 4964
14382 14379
14383 6326
14383 10976
14384 10976
14384 14379
14385 1247
14385 1244
14386 6326
14386 10976
14386 14379
14387 7131
14387 4658
14388 14251
14388 9286
14389 13942
14389 10156
14390 3169
14390 3177
14391 4985
14391 6269
14391 3009
14392 5455
14392 5443
14392 5444
14393 4985
14393 3009
14394 4983
14394 14395
14394 3009
14396 4983
14396 3009
14397 14395
14397 3009
14398 7104
14398 3073
14398 14395
14399 5464
14399 5451
14399 5443
14400 3073
14400 14395
14401 2361
14401 1522
14402 9696
14402 5398
14403 5965
14403 7121
14403 5398
14404 5965
14404 7121
14405 4110
14405 1112
14405 9286
14406 8656
14406 1549
14406 8649
14407 8656
14407 1549
14408 5965
14408 9696
14408 5398
14409 5965
14409 9696
14410 7125
14410 1542
14411 7094
14411 1542
14412 1549
14412 8649
14413 7125
14413 7094
14413 1542
14414 4657
14414 7094
14415 7123
14415 4657
14415 7125
14416 7131
14416 4657
14416 7094
14417 5448
14417 6109
14418 2510
14418 8951
14419 2510
14419 8951
14419 2497
14420 5455
14420 5448
14421 2812
14421 2824
14422 14423
14422 6397
14424 6384
14424 14423
14424 6397
14425 3318
14425 7138
14425 7140
14426 7062
14426 14251
14427 13924
14427 766
14427 14423
14428 8951
14428 2497
14429 766
14429 14423
14430 13924
14430 766
14431 264
14431 3460
14431 6065
14432 10323
14432 7155
14433 7155
14433 14434
14435 10323
14435 7155
14435 14434
14436 3460
14436 6408
14437 3460
14437 6403
14437 6408
14438 264
14438 3460
14439 264
14439 6065
14440 3503
14440 2812
14440 11966
14441 7155
14441 265
14442 130
14442 265
14443 3503
14443 11963
14444 2812
14444 11966
14445 4542
14445 14446
14445 7330
14447 12398
14447 14448
14449 8609
14449 12398
14450 8609
14450 4167
14451 8609
14451 4167
14451 14448
14452 3328
14452 6422
14452 14448
14453 4167
14453 14448
14454 6422
14454 14448
14455 3328
14455 14448
14456 8609
14456 12398
14456 14448
14457 9108
14457 12398
14458 3971
14458 14459
14458 10895
14460 3971
14460 14459
14461 14459
14461 10895
14462 7189
14462 3587
14462 7191
14463 3578
14463 3589
14464 14459
14464 3578
14464 7196
14465 3578
14465 7196
14466 14459
14466 3578
14467 3578
14467 3589
14467 3583
14468 3589
14468 3583
14469 4370
14469 2836
14470 4370
14470 2775
14470 2836
14471 8442
14471 1090
14471 1091
14472 8442
14472 1091
14473 3410
14473 6156
14474 3093
14474 3120
14475 7222
14475 7217
14476 1260
14476 3757
14477 3756
14477 1260
14478 10509
14478 9700
14479 12112
14479 3748
14480 3748
14480 3053
14481 3053
14481 3060
14481 3058
14482 3053
14482 3058
14483 3756
14483 3748
14483 3745
14484 3756
14484 3745
14485 3756
14485 3748
14486 12112
14486 3748
14486 3053
14487 4130
14487 6479
14487 8235
14488 4770
14488 8235
14489 4770
14489 2721
14490 4770
14490 2721
14490 8235
14491 4481
14491 6479
14492 6478
14492 4481
14492 6479
14493 5063
14493 6158
14494 6389
14494 1280
14495 1331
14495 6389
14496 1284
14496 8757
14496 10105
14497 8757
14497 2798
14498 8755
14498 968
14499 8391
14499 8755
14499 968
14500 8757
14500 10105
14501 1284
14501 8757
14502 967
14502 8391
14503 967
14503 8391
14503 7236
14504 8391
14504 8755
14505 13852
14505 6167
14506 7253
14506 7255
14507 7253
14507 7254
14508 7249
14508 7254
14509 6532
14509 7254
14510 7662
14510 5118
14510 6532
14511 7662
14511 6532
14512 6755
14512 7255
14512 7254
14513 6755
14513 7255
14514 6755
14514 7254
14515 7249
14515 6532
14515 7254
14516 7278
14516 7287
14516 1181
14517 7287
14517 1181
14518 3736
14518 7893
14519 7287
14519 7893
14520 7896
14520 7893
14521 3736
14521 7287
14521 7893
14522 1171
14522 7896
14522 7893
14523 1171
14523 7896
14524 1171
14524 7892
14525 7892
14525 7893
14526 1994
14526 7915
14526 7916
14527 1994
14527 7915
14528 1994
14528 7916
14529 2800
14529 7916
14529 7307
14530 2800
14530 7916
14531 7916
14531 7307
14532 7298
14532 7304
14532 7307
14533 7304
14533 7307
14534 7913
14534 7915
14535 7913
14535 7916
14536 6606
14536 5858
14536 6596
14537 5858
14537 6596
14538 6606
14538 6596
14539 6906
14539 5224
14539 6606
14540 6906
14540 6606
14541 5224
14541 6606
14542 5222
14542 6902
14542 5224
14543 6902
14543 5224
14544 5862
14544 6601
14545 6601
14545 6596
14546 3646
14546 4542
14546 9459
14547 5888
14547 14548
14549 5888
14549 14548
14549 14550
14551 6633
14551 6636
14551 6634
14552 14548
14552 6634
14553 6521
14553 14548
14554 6521
14554 14548
14554 6634
14555 14550
14555 6634
14556 6521
14556 14550
14557 6521
14557 14550
14557 6634
14558 5888
14558 14550
14559 2050
14559 12883
14559 1488
14560 3646
14560 14446
14561 12883
14561 12879
14562 7770
14562 9035
14563 3220
14563 3212
14564 7544
14564 7540
14564 4201
14565 14566
14565 4574
14567 7946
14567 4574
14568 7946
14568 14566
14568 4574
14569 4576
14569 14566
14570 14446
14570 9459
14571 14566
14571 6672
14572 14566
14572 4580
14573 14566
14573 4580
14573 6672
14574 4576
14574 7946
14575 4576
14575 7946
14575 14566
14576 5803
14576 951
14577 14578
14577 2046
14579 14578
14579 1372
14580 14578
14580 1372
14580 2046
14581 4945
14581 6838
14581 305
14582 6838
14582 6694
14583 6838
14583 305
14584 14578
14584 12883
14585 4145
14585 6838
14586 4145
14586 5988
14586 6838
14587 5988
14587 5985
14587 5980
14588 5988
14588 6838
14589 1487
14589 12883
14590 2788
14590 2782
14590 8917
14591 4945
14591 6694
14592 1487
14592 14578
14592 12883
14593 11913
14593 1432
14593 6314
14594 1432
14594 6314
14595 11913
14595 6314
14596 7375
14596 7160
14596 12232
14597 12883
14597 1488
14598 7160
14598 12232
14599 7160
14599 7383
14599 7387
14600 2050
14600 1488
14601 6311
14601 11913
14601 1432
14602 6311
14602 1432
14603 6728
14603 6723
14603 6736
14604 6736
14604 864
14605 5017
14605 864
14606 5017
14606 6736
14606 864
14607 4182
14607 14608
14609 2714
14609 14608
14610 2714
14610 4182
14610 14608
14611 4867
14611 14608
14612 4867
14612 4183
14613 4867
14613 4183
14613 14608
14614 6017
14614 4929
14614 8316
14615 14616
14615 8004
14615 5256
14617 14616
14617 5256
14618 14616
14618 8004
14619 8004
14619 8009
14619 5256
14620 8009
14620 2823
14621 14616
14621 5387
14621 8009
14622 8027
14622 10930
14622 7423
14623 7421
14623 4448
14624 10930
14624 7423
14625 522
14625 10930
14626 522
14626 8028
14626 10930
14627 8027
14627 6567
14627 8028
14628 8028
14628 10930
14629 3341
14629 3333
14629 623
14630 7421
14630 204
14631 7421
14631 4448
14631 204
14632 2239
14632 6759
14632 14633
14634 6759
14634 6760
14635 2788
14635 8917
14636 2239
14636 5689
14636 435
14637 5689
14637 14633
14638 2239
14638 5689
14639 2239
14639 435
14640 6759
14640 14633
14641 2239
14641 6759
14642 14633
14642 435
14643 5689
14643 14633
14643 435
14644 5534
14644 6184
14645 5239
14645 8373
14646 21
14646 7442
14647 22
14647 7442
14648 20
14648 22
14649 21
14649 22
14649 7442
14650 1161
14650 8958
14650 22
14651 1161
14651 22
14652 12801
14652 3767
14653 38
14653 7571
14653 39
14654 6030
14654 83
14654 4589
14655 6030
14655 4589
14656 6030
14656 83
14657 4810
14657 4821
14657 14291
14658 38
14658 7571
14659 5296
14659 10120
14659 7571
14660 10120
14660 7571
14661 3096
14661 3098
14662 3097
14662 3098
14663 2788
14663 4086
14663 2782
14664 1124
14664 1126
14665 1742
14665 9024
14666 9023
14666 1742
14666 9024
14667 1334
14667 9024
14668 1333
14668 1334
14668 9024
14669 1334
14669 1743
14670 1742
14670 1743
14671 5300
14671 224
14672 356
14672 6818
14672 7468
14673 6812
14673 6818
14674 6812
14674 6817
14675 6812
14675 6817
14675 6818
14676 7465
14676 7468
14677 7465
14677 7460
14677 7468
14678 6818
14678 7468
14679 356
14679 6818
14680 6813
14680 6818
14681 6817
14681 6813
14682 4086
14682 2782
14683 1196
14683 1208
14683 1197
14684 8697
14684 6832
14685 8697
14685 7491
14685 6832
14686 7491
14686 6320
14686 6836
14687 8697
14687 7491
14688 14689
14688 8143
14688 10976
14690 14689
14690 8695
14691 14689
14691 8143
14692 14689
14692 10976
14693 3726
14693 7169
14694 6836
14694 8695
14695 14689
14695 6836
14695 8695
14696 6119
14696 256
14697 529
14697 541
14698 6119
14698 256
14698 535
14699 529
14699 568
14700 568
14700 569
14701 279
14701 256
14701 257
14702 579
14702 580
14703 580
14703 190
14704 573
14704 257
14704 393
14705 6850
14705 257
14706 6855
14706 559
14706 560
14707 7509
14707 7519
14708 3022
14708 7767
14709 7937
14709 7767
14710 4311
14710 4402
14710 7937
14711 4311
14711 7937
14712 6868
14712 2554
14713 6868
14713 6873
14713 2554
14714 717
14714 713
14715 716
14715 713
14716 744
14716 745
14716 6242
14717 4402
14717 7937
14718 745
14718 6242
14719 6245
14719 6242
14719 4851
14720 761
14720 763
14720 1765
14721 762
14721 763
14722 761
14722 762
14723 6957
14723 1704
14724 762
14724 6873
14725 6873
14725 1765
14726 762
14726 6873
14726 1765
14727 6868
14727 6873
14728 1777
14728 1774
14728 5497
14729 1777
14729 1779
14730 3892
14730 6542
14730 6539
14731 1778
14731 14732
14733 8347
14733 14732
14734 8347
14734 1778
14734 14732
14735 4424
14735 14732
14736 4424
14736 6887
14737 4424
14737 14732
14737 6887
14738 1777
14738 1774
14739 1777
14739 5497
14740 3893
14740 6525
14741 621
14741 10849
14742 6542
14742 6525
14743 9544
14743 4695
14744 5113
14744 5123
14745 3732
14745 2105
14746 3733
14746 2105
14747 2112
14747 993
14747 3733
14748 2112
14748 3733
14749 993
14749 3733
14750 6542
14750 6525
14750 6539
14751 993
14751 994
14752 993
14752 995
14753 4886
14753 9106
14753 9051
14754 5113
14754 5104
14755 3733
14755 3730
14756 3732
14756 3733
14756 2105
14757 1691
14757 1038
14758 419
14758 6564
14758 6560
14759 1048
14759 6190
14759 1037
14760 3332
14760 10849
14761 2190
14761 12
14761 1038
14762 2190
14762 12
14763 12
14763 1038
14764 2580
14764 6560
14765 5495
14765 6915
14766 6914
14766 6915
14767 5408
14767 9544
14768 9544
14768 7991
14769 2856
14769 2857
14770 2633
14770 2634
14771 2633
14771 2635
14772 7994
14772 894
14772 8673
14773 7591
14773 3485
14773 4231
14774 3485
14774 4231
14775 6930
14775 14776
14777 2639
14777 14776
14778 5578
14778 14776
14779 2639
14779 6930
14779 14776
14780 7590
14780 5578
14780 14776
14781 7590
14781 5578
14782 14783
14782 4394
14784 14785
14784 2552
14784 4394
14786 14785
14786 2552
14787 3767
14787 12846
14788 10486
14788 2552
14789 10486
14789 14783
14790 14785
14790 14783
14790 4394
14791 14785
14791 14783
14792 10486
14792 10490
14793 10486
14793 14783
14793 2552
14794 737
14794 13358
14794 7395
14795 1289
14795 6218
14796 1289
14796 6219
14797 1445
14797 7395
14798 14799
14798 14800
14798 7237
14801 14800
14801 6218
14802 6969
14802 6218
14803 14800
14803 6218
14803 6969
14804 6221
14804 6961
14805 6961
14805 6221
14805 6966
14806 14799
14806 14800
14807 14800
14807 7237
14808 7193
14808 14809
14810 2800
14810 1445
14810 7395
14811 14809
14811 3593
14812 7300
14812 13358
14813 1742
14813 2007
14814 2904
14814 4244
14814 4239
14815 9326
14815 7300
14815 13358
14816 2904
14816 4239
14817 13358
14817 7395
14818 7864
14818 14809
14818 4245
14819 737
14819 7395
14820 7864
14820 4245
14821 7864
14821 14809
14822 7193
14822 14809
14822 3593
14823 3268
14823 3263
14824 7339
14824 8455
14825 3259
14825 3263
14826 7393
14826 7395
14827 10359
14827 4279
14828 2800
14828 7393
14829 1119
14829 6611
14830 1519
14830 1119
14830 6611
14831 10359
14831 1745
14831 3626
14832 1519
14832 1119
14832 1520
14833 1576
14833 1520
14834 1576
14834 6611
14835 1576
14835 1520
14835 6611
14836 4282
14836 4280
14837 10359
14837 4282
14837 4621
14838 14839
14838 3264
14840 14839
14840 3263
14841 2249
14841 9932
14842 3907
14842 6591
14843 1468
14843 1462
14844 13385
14844 3907
14845 11688
14845 7023
14845 14846
14847 7023
14847 7025
14848 14846
14848 2276
14849 11371
14849 14846
14849 2276
14850 7023
14850 14846
14851 11688
14851 7023
14852 11688
14852 11371
14853 11688
14853 2276
14854 11688
14854 11371
14854 2276
14855 11371
14855 14846
14856 7040
14856 8306
14856 14857
14858 7040
14858 14857
14859 7040
14859 8306
14860 7682
14860 554
14860 8306
14861 7682
14861 8306
14862 554
14862 8306
14863 4652
14863 7689
14863 554
14864 4652
14864 554
14865 7039
14865 7041
14866 7039
14866 7040
14867 4094
14867 12353
14868 4002
14868 6591
14869 6581
14869 4002
14869 6591
14870 404
14870 7356
14871 5803
14871 5794
14871 5795
14872 2181
14872 6882
14872 2182
14873 6882
14873 2182
14874 7064
14874 2193
14875 7069
14875 2193
14875 7067
14876 7069
14876 7067
14877 2193
14877 7067
14878 4444
14878 2192
14878 2193
14879 4444
14879 2193
14880 2171
14880 2207
14881 4433
14881 2192
14881 873
14882 2192
14882 873
14883 4433
14883 2192
14884 7728
14884 8339
14884 11987
14885 5333
14885 6288
14886 7728
14886 8339
14887 7728
14887 11987
14888 7729
14888 2259
14889 7729
14889 1534
14890 1542
14890 2259
14891 14892
14891 5333
14893 7729
14893 2259
14893 1534
14894 7729
14894 7730
14895 1196
14895 741
14895 1280
14896 6990
14896 14897
14896 14892
14898 6990
14898 14892
14899 580
14899 591
14899 530
14900 14897
14900 14892
14901 2134
14901 2010
14902 14897
14902 6296
14902 6987
14903 11616
14903 7752
14903 2508
14904 11616
14904 7752
14905 11614
14905 11619
14906 11616
14906 11619
14907 7767
14907 2508
14908 14897
14908 6296
14909 11616
14909 2508
14910 2507
14910 7767
14910 2508
14911 2533
14911 2784
14911 8365
14912 2533
14912 2784
14913 2540
14913 2541
14914 14897
14914 6987
14915 11613
14915 11616
14916 11614
14916 11616
14916 11619
14917 2533
14917 2534
14917 2541
14918 2534
14918 2541
14919 3277
14919 3275
14919 369
14920 14892
14920 14921
14922 14892
14922 5333
14922 6288
14923 4886
14923 9106
14924 7006
14924 5040
14924 5041
14925 3285
14925 1654
14926 7182
14926 7184
14927 7182
14927 629
14928 7186
14928 629
14929 7186
14929 629
14929 7184
14930 1069
14930 12535
14930 7184
14931 7186
14931 7184
14932 12535
14932 7184
14933 1069
14933 7184
14934 1067
14934 12535
14935 1067
14935 1068
14935 12535
14936 1875
14936 9281
14937 5410
14937 3446
14938 3446
14938 515
14938 3397
14939 10853
14939 13355
14939 2654
14940 4854
14940 9449
14941 13355
14941 1887
14942 1130
14942 8044
14943 8564
14943 2134
14943 8189
14944 10142
14944 132
14944 86
14945 1130
14945 9579
14946 3190
14946 9903
14947 3189
14947 181
14947 183
14948 3189
14948 181
14949 3189
14949 183
14950 9903
14950 183
14951 183
14951 848
14952 1126
14952 847
14952 848
14953 1126
14953 848
14954 11548
14954 2879
14955 9588
14955 9593
14956 7853
14956 7846
14956 7663
14957 7853
14957 7846
14958 6758
14958 433
14959 6758
14959 7853
14960 7853
14960 7850
14961 6758
14961 7853
14961 433
14962 7853
14962 433
14962 7850
14963 433
14963 7850
14964 6758
14964 7255
14965 7255
14965 7850
14966 10186
14966 686
14966 10105
14967 8495
14967 7867
14968 8495
14968 14969
14970 3585
14970 8508
14971 8495
14971 14969
14971 7867
14972 14969
14972 8510
14973 7879
14973 7865
14973 2906
14974 3591
14974 14969
14974 8510
14975 3591
14975 14969
14976 510
14976 423
14977 11478
14977 3585
14977 8508
14978 11478
14978 8508
14979 3487
14979 3488
14979 3509
14980 3487
14980 3509
14981 7836
14981 2776
14982 7836
14982 3641
14982 2776
14983 5516
14983 3641
14983 1213
14984 7836
14984 3641
14985 5516
14985 3641
14986 3641
14986 1213
14987 5827
14987 5835
14988 5835
14988 3635
14988 1122
14989 5835
14989 1122
14990 5835
14990 3635
14991 5833
14991 3635
14991 1122
14992 5833
14992 1122
14993 5833
14993 3635
14994 783
14994 3177
14995 3020
14995 3635
14996 3635
14996 3636
14997 7573
14997 7237
14997 10105
14998 6638
14998 6647
14999 9646
14999 15000
14999 6647
15001 7573
15001 10186
15002 9646
15002 15000
15002 6646
15003 9646
15003 6646
15004 9646
15004 6647
15005 15000
15005 6647
15006 4299
15006 15000
15007 7904
15007 15000
15008 15000
15008 6646
15009 4299
15009 7904
15009 15000
15010 7237
15010 10105
15011 2890
15011 3896
15012 2890
15012 3896
15012 12056
15013 13238
15013 4000
15014 10186
15014 7237
15015 13238
15015 4000
15015 10181
15016 11548
15016 2933
15016 2932
15017 3999
15017 4000
15018 3998
15018 3999
15019 3177
15019 3179
15020 11555
15020 10181
15021 7337
15021 10148
15021 3131
15022 1686
15022 10555
15022 2673
15023 1686
15023 2673
15024 5880
15024 583
15025 4028
15025 2014
15026 4028
15026 4029
15026 2014
15027 8052
15027 1433
15028 4029
15028 2014
15029 4030
15029 2014
15029 2015
15030 7945
15030 2015
15031 6977
15031 5880
15032 4030
15032 2015
15033 7945
15033 194
15034 7945
15034 194
15034 2015
15035 11371
15035 11341
15035 2217
15036 9852
15036 3461
15037 3460
15037 3461
15037 9870
15038 8160
15038 8157
15039 9866
15039 9852
15039 3461
15040 3336
15040 3913
15041 413
15041 3999
15042 3179
15042 3170
15043 4137
15043 7365
15044 7191
15044 6438
15044 7201
15045 6698
15045 2887
15045 327
15046 6698
15046 7365
15047 327
15047 7365
15048 6698
15048 327
15048 7365
15049 6698
15049 310
15050 6698
15050 310
15050 6690
15051 6698
15051 2887
15052 2887
15052 327
15053 4185
15053 4193
15054 4193
15054 4178
15054 6564
15055 4185
15055 4193
15055 6564
15056 4185
15056 6564
15057 4178
15057 6564
15058 4193
15058 4178
15059 15060
15059 15061
15059 4299
15062 15061
15062 15063
15064 12816
15064 12801
15065 15060
15065 1995
15065 6171
15066 15060
15066 4300
15067 15060
15067 1995
15068 15060
15068 6171
15069 15060
15069 15061
15070 15061
15070 4299
15071 10148
15071 8409
15072 15060
15072 4300
15072 4299
15073 14548
15073 3496
15074 3496
15074 8603
15075 8603
15075 15076
15077 14548
15077 3496
15077 8603
15078 14548
15078 8603
15078 15076
15079 14548
15079 15076
15080 3496
15080 4344
15081 4344
15081 15076
15082 537
15082 1509
15082 538
15083 3496
15083 4344
15083 15076
15084 10192
15084 6257
15085 7030
15085 6257
15086 6261
15086 7030
15087 10192
15087 7030
15087 6257
15088 8023
15088 7030
15089 8013
15089 8015
15089 8023
15090 6256
15090 8023
15090 7030
15091 6261
15091 10192
15091 7030
15092 6261
15092 10192
15093 4448
15093 4452
15094 204
15094 4452
15095 4448
15095 204
15095 4452
15096 4690
15096 10782
15097 204
15097 4449
15098 4448
15098 204
15098 4449
15099 4451
15099 4449
15100 15101
15100 9331
15100 4178
15102 4451
15102 4449
15102 4452
15103 1815
15103 1816
15104 1816
15104 1817
15105 2488
15105 2489
15105 1679
15106 11371
15106 2217
15107 1815
15107 1901
15108 863
15108 864
15109 3977
15109 4693
15109 10782
15110 3978
15110 10782
15111 15101
15111 9331
15112 3786
15112 7442
15113 4661
15113 3786
15114 8059
15114 4693
15114 4690
15115 8059
15115 4690
15116 8059
15116 4693
15117 4661
15117 3786
15117 7442
15118 2070
15118 5291
15119 2092
15119 6099
15120 7055
15120 10909
15120 8985
15121 15122
15121 1157
15123 7055
15123 10909
15124 7055
15124 8985
15125 7035
15125 15122
15126 7035
15126 10904
15127 15122
15127 10903
15128 15122
15128 10903
15128 1157
15129 7035
15129 15122
15129 10904
15130 1152
15130 8088
15131 3480
15131 4872
15132 3480
15132 2815
15132 4872
15133 3480
15133 2814
15133 2815
15134 2815
15134 4872
15135 2814
15135 4871
15135 4872
15136 5286
15136 4871
15137 2814
15137 4871
15138 5286
15138 3483
15139 5286
15139 4871
15139 3483
15140 6755
15140 4905
15140 4915
15141 4908
15141 4897
15141 4898
15142 4904
15142 6755
15143 4904
15143 6755
15143 4905
15144 4908
15144 4909
15145 2843
15145 4915
15146 4909
15146 9284
15147 4909
15147 9284
15147 1880
15148 2830
15148 504
15149 2830
15149 504
15149 2843
15150 4898
15150 535
15151 535
15151 8108
15152 2311
15152 7337
15153 2652
15153 2594
15154 522
15154 9342
15154 8028
15155 8694
15155 8691
15156 8691
15156 8695
15157 2092
15157 6109
15157 6099
15158 799
15158 3541
15158 800
15159 3853
15159 1255
15160 3853
15160 8127
15160 1255
15161 3857
15161 3853
15162 3854
15162 3857
15163 3854
15163 3857
15163 3853
15164 8694
15164 3857
15165 8694
15165 8135
15166 8694
15166 3857
15166 8135
15167 2529
15167 559
15168 2529
15168 559
15168 9440
15169 7509
15169 7512
15169 7510
15170 7510
15170 12404
15171 511
15171 12404
15172 511
15172 7510
15172 12404
15173 12404
15173 9440
15174 7518
15174 9440
15175 7518
15175 12404
15175 9440
15176 2529
15176 9440
15177 5165
15177 792
15178 2092
15178 6097
15178 6109
15179 2254
15179 190
15180 2254
15180 792
15180 190
15181 2254
15181 8155
15182 2254
15182 8155
15182 5165
15183 5165
15183 792
15183 190
15184 3135
15184 8072
15184 2288
15185 8160
15185 8155
15186 8160
15186 8153
15187 6715
15187 5240
15188 3854
15188 5267
15188 8166
15189 6245
15189 744
15189 4851
15190 3854
15190 5268
15191 8166
15191 5268
15192 5266
15192 5268
15193 3854
15193 8166
15193 5268
15194 7050
15194 8568
15195 1267
15195 1257
15195 208
15196 6792
15196 11478
15197 6616
15197 8343
15197 8352
15198 6098
15198 6099
15199 7050
15199 6271
15200 7556
15200 7557
15201 7555
15201 7556
15202 1267
15202 208
15203 15204
15203 7555
15205 5589
15205 15204
15205 7494
15206 15204
15206 5750
15206 7555
15207 5750
15207 7555
15208 5589
15208 5750
15208 7494
15209 5589
15209 5750
15210 5589
15210 15204
15211 15204
15211 7494
15212 5494
15212 10754
15212 6507
15213 5494
15213 6507
15214 3818
15214 5495
15215 6097
15215 6098
15216 5494
15216 10754
15217 5518
15217 5521
15217 5519
15218 6370
15218 3596
15219 5566
15219 5568
15220 461
15220 458
15220 470
15221 5566
15221 5567
15222 5567
15222 5571
15223 5567
15223 5570
15224 5575
15224 2473
15225 9535
15225 470
15226 9535
15226 7495
15227 8220
15227 8222
15228 8220
15228 1639
15229 8795
15229 5320
15230 15231
15230 8795
15230 1804
15232 9535
15232 7495
15232 470
15233 15231
15233 8238
15234 15231
15234 8229
15235 15231
15235 8793
15236 15231
15236 8229
15236 8238
15237 15231
15237 8793
15237 1804
15238 8793
15238 1804
15239 8795
15239 1804
15240 15231
15240 8795
15241 4920
15241 12255
15241 1122
15242 7618
15242 1337
15243 7618
15243 15244
15243 1337
15245 5182
15245 7495
15245 470
15246 12255
15246 4198
15247 1348
15247 7627
15248 1348
15248 7616
15248 7627
15249 7618
15249 4801
15249 7616
15250 1348
15250 7616
15251 15244
15251 4793
15251 6971
15252 15244
15252 1337
15253 15244
15253 6971
15254 15244
15254 4793
15255 12255
15255 4198
15255 9272
15256 4920
15256 4929
15257 4920
15257 4929
15257 1121
15258 6035
15258 8352
15259 4920
15259 12255
15260 5789
15260 1320
15260 9353
15261 1320
15261 9353
15262 5789
15262 1320
15263 3339
15263 3365
15263 91
15264 12255
15264 4197
15265 5182
15265 7495
15266 4197
15266 9272
15267 4454
15267 4459
15267 10117
15268 3365
15268 9906
15268 9907
15269 7637
15269 5871
15270 7637
15270 12386
15270 5871
15271 12386
15271 8250
15271 650
15272 7637
15272 12386
15273 12386
15273 8250
15274 3365
15274 9906
15275 5871
15275 650
15276 5871
15276 8250
15276 650
15277 5882
15277 8250
15277 8252
15278 5871
15278 8250
15279 6719
15279 7666
15279 1462
15280 7666
15280 7667
15281 15282
15281 9814
15281 8890
15283 7666
15283 15282
15284 15282
15284 9814
15285 15282
15285 8890
15286 6719
15286 7666
15287 6719
15287 1462
15288 7666
15288 6702
15289 7666
15289 15282
15289 6702
15290 3806
15290 965
15291 3806
15291 965
15291 6743
15292 7681
15292 1145
15292 1143
15293 7681
15293 1143
15294 1147
15294 14857
15295 15296
15295 14857
15297 7681
15297 1145
15298 1147
15298 15296
15298 14857
15299 1142
15299 15296
15300 8084
15300 7041
15300 1152
15301 1149
15301 1142
15301 15296
15302 1149
15302 15296
15303 7487
15303 7138
15303 7488
15304 6744
15304 4532
15305 4532
15305 6744
15305 6749
15306 8212
15306 2467
15307 8314
15307 2197
15308 6149
15308 2197
15308 8316
15309 2197
15309 2169
15310 2206
15310 2207
15310 2169
15311 2206
15311 2169
15312 2207
15312 2169
15313 6149
15313 8316
15314 2197
15314 8316
15315 8319
15315 2197
15315 2169
15316 2197
15316 8319
15317 15318
15317 5098
15317 7575
15319 9364
15319 15318
15320 9364
15320 5111
15321 7245
15321 10399
15322 9364
15322 15318
15322 5111
15323 2004
15323 8558
15324 6665
15324 8558
15325 7165
15325 15326
15325 3077
15327 6615
15327 8352
15328 7165
15328 15326
15329 5111
15329 7575
15330 15326
15330 1743
15331 15326
15331 3081
15331 1743
15332 2769
15332 8342
15332 3076
15333 15326
15333 3081
15334 5111
15334 5098
15334 7575
15335 6721
15335 8357
15336 6721
15336 2792
15336 3324
15337 2792
15337 3324
15338 6721
15338 2792
15339 6721
15339 2793
15339 3002
15340 15318
15340 5098
15341 6721
15341 3002
15342 3002
15342 3003
15342 3350
15343 15318
15343 7575
15344 3005
15344 1494
15345 3005
15345 8669
15345 399
15346 6721
15346 3324
15346 8357
15347 3324
15347 8357
15348 15349
15348 4295
15350 15349
15350 8376
15351 8379
15351 4295
15351 8376
15352 8379
15352 4295
15353 15349
15353 8379
15353 7757
15354 8379
15354 7757
15355 15349
15355 7757
15356 15349
15356 4295
15356 8376
15357 7750
15357 4311
15358 7757
15358 7750
15359 1133
15359 6994
15360 14288
15360 5536
15361 14288
15361 3270
15362 3270
15362 9667
15362 3271
15363 4427
15363 7790
15364 4427
15364 7790
15364 15365
15366 7791
15366 15365
15367 4427
15367 7791
15368 7174
15368 15365
15369 4894
15369 15365
15370 4894
15370 7174
15370 15365
15371 7790
15371 15365
15372 4427
15372 7791
15372 15365
15373 7788
15373 7791
15374 5749
15374 5182
15375 3998
15375 7138
15375 10399
15376 6394
15376 7525
15376 4171
15377 7131
15377 4657
15377 4658
15378 967
15378 969
15379 13942
15379 334
15380 5438
15380 5435
15381 2136
15381 1991
15382 7241
15382 6219
15382 969
15383 4985
15383 6269
15384 9151
15384 3083
15384 227
15385 5049
15385 7228
15386 8444
15386 7228
15387 1683
15387 5490
15388 3208
15388 6994
15388 6995
15389 7815
15389 191
15390 422
15390 5435
15390 3583
15391 797
15391 7815
15392 5050
15392 8444
15393 41
15393 797
15393 7815
15394 5048
15394 5050
15394 8444
15395 5048
15395 8444
15396 1684
15396 1682
15396 5489
15397 6414
15397 6065
15398 4245
15398 4239
15399 7104
15399 14395
15400 1969
15400 6442
15401 1683
15401 5489
15401 5490
15402 15403
15402 7838
15402 479
15404 6753
15404 7838
15405 15403
15405 7838
15406 7838
15406 479
15407 15403
15407 1213
15408 15403
15408 1213
15408 11814
15409 1213
15409 11814
15409 479
15410 15403
15410 11814
15411 7193
15411 3593
15411 4245
15412 7836
15412 6753
15413 7836
15413 6753
15413 7838
15414 7121
15414 5398
15415 15416
15415 13385
15415 8469
15417 13385
15417 8469
15418 15416
15418 11619
15419 9083
15419 15416
15420 15416
15420 8469
15421 9083
15421 15416
15421 11619
15422 9083
15422 13385
15423 9083
15423 9072
15423 6583
15424 9083
15424 13385
15424 11619
15425 13385
15425 11619
15426 4542
15426 7330
15427 10256
15427 6594
15428 10256
15428 9088
15429 8477
15429 3167
15430 6530
15430 7649
15430 7647
15431 13259
15431 15432
15433 15432
15433 6598
15433 9099
15434 13259
15434 15432
15434 8480
15435 13259
15435 8480
15436 8479
15436 7656
15436 7657
15437 7662
15437 7671
15437 7663
15438 15432
15438 6598
15439 15432
15439 9099
15440 9688
15440 7869
15441 9688
15441 8499
15442 7879
15442 8499
15442 8496
15443 7879
15443 8499
15444 9120
15444 9688
15444 2029
15445 9120
15445 2029
15446 9120
15446 9688
15447 9688
15447 8499
15447 7869
15448 7708
15448 7697
15449 5621
15449 12801
15449 7708
15450 2017
15450 9118
15451 9120
15451 9118
15452 5621
15452 12801
15452 7557
15453 12801
15453 7557
15454 12801
15454 7708
15455 5621
15455 7708
15456 32
15456 9696
15456 7121
15457 4364
15457 15458
15457 7747
15459 3593
15459 4245
15460 4364
15460 5328
15461 4364
15461 15458
15461 5328
15462 15458
15462 7747
15463 4364
15463 7747
15464 15458
15464 5723
15465 5339
15465 15458
15466 5339
15466 15458
15466 5723
15467 15458
15467 5328
15468 7777
15468 3905
15469 916
15469 3646
15469 1430
15470 3905
15470 10299
15471 3905
15471 3883
15471 10299
15472 3883
15472 10297
15472 7778
15473 3905
15473 3883
15474 3883
15474 10297
15475 3646
15475 4542
15476 7131
15476 7094
15477 4542
15477 9459
15478 7777
15478 3905
15478 7778
15479 1
15479 9595
15480 8535
15480 5222
15480 6902
15481 8535
15481 6902
15482 6906
15482 5224
15482 15483
15484 6906
15484 15483
15485 5224
15485 15483
15486 6593
15486 6594
15486 6596
15487 8535
15487 5222
15488 6606
15488 15483
15488 9090
15489 6606
15489 9090
15490 15483
15490 9090
15491 3646
15491 14446
15491 9459
15492 14446
15492 7330
15493 3587
15493 3593
15494 6394
15494 6385
15495 2467
15495 13291
15496 7525
15496 3941
15497 6384
15497 14423
15498 1990
15498 8075
15498 8044
15499 8075
15499 1992
15500 7780
15500 6512
15501 1990
15501 8075
15502 7923
15502 3790
15502 7932
15503 8075
15503 7932
15504 8075
15504 4835
15505 8075
15505 4835
15505 7932
15506 1817
15506 5291
15507 4569
15507 12264
15508 4569
15508 8790
15509 10397
15509 3776
15510 53
15510 6167
15511 53
15511 13852
15511 6167
15512 4858
15512 4572
15513 4862
15513 4572
15513 4858
15514 4862
15514 15515
15516 4858
15516 15515
15517 4862
15517 4858
15517 15515
15518 12264
15518 15515
15519 12264
15519 4572
15520 12264
15520 4572
15520 15515
15521 10407
15521 3773
15522 9738
15522 7962
15522 15523
15524 7962
15524 63
15525 1359
15525 2007
15526 9738
15526 7367
15526 12161
15527 7367
15527 15523
15528 9738
15528 7367
15529 9738
15529 12161
15530 7962
15530 15523
15531 9738
15531 7962
15532 15523
15532 12161
15533 7367
15533 15523
15533 12161
15534 6792
15534 8034
15534 11478
15535 9527
15535 7987
15536 9527
15536 7984
15537 7987
15537 466
15538 466
15538 7987
15538 7979
15539 461
15539 2055
15540 461
15540 9527
15540 2055
15541 9527
15541 7987
15541 7984
15542 9527
15542 2055
15543 8034
15543 11478
15543 6790
15544 9527
15544 9528
15545 461
15545 9528
15546 11478
15546 6790
15547 3937
15547 3583
15548 8607
15548 8609
15549 8607
15549 8608
15550 8608
15550 15063
15550 6646
15551 8608
15551 6646
15552 8608
15552 15063
15553 8609
15553 15063
15553 6646
15554 8609
15554 6646
15555 8609
15555 15063
15556 15061
15556 4300
15556 15063
15557 4300
15557 15063
15558 4668
15558 2595
15559 4668
15559 8036
15560 9345
15560 6046
15561 6046
15561 9208
15562 9345
15562 9211
15563 9345
15563 9215
15563 9211
15564 4669
15564 9211
15565 4669
15565 6046
15565 9211
15566 9345
15566 6046
15566 9208
15567 4669
15567 6046
15568 6113
15568 15569
15570 6029
15570 6030
15571 8632
15571 8636
15572 8666
15572 4807
15572 8636
15573 8052
15573 8666
15574 8666
15574 8047
15575 8666
15575 8634
15576 6102
15576 2524
15576 14234
15577 8666
15577 4807
15577 8634
15578 4807
15578 8634
15579 4807
15579 8636
15580 8666
15580 8636
15581 13892
15581 8077
15582 13892
15582 8077
15582 4272
15583 8077
15583 4262
15584 13893
15584 4262
15585 13893
15585 8077
15585 4262
15586 4266
15586 208
15587 4266
15587 216
15588 4266
15588 208
15588 216
15589 4264
15589 4266
15590 4264
15590 214
15591 8673
15591 8669
15591 399
15592 894
15592 8673
15593 6111
15593 6113
15593 15569
15594 6728
15594 398
15594 399
15595 10284
15595 10279
15595 10280
15596 15597
15596 7018
15596 10936
15598 7018
15598 5544
15599 6111
15599 15569
15600 7858
15600 10936
15601 10936
15601 7067
15602 7858
15602 10936
15602 7067
15603 15597
15603 7858
15604 15597
15604 7067
15605 15597
15605 7858
15605 7067
15606 15597
15606 7018
15607 7018
15607 10936
15608 3936
15608 6789
15608 3937
15609 1161
15609 1162
15610 4908
15610 15611
15610 2360
15612 10869
15612 1880
15613 4910
15613 15611
15614 4909
15614 4910
15614 15611
15615 15611
15615 2360
15616 4908
15616 2360
15617 8113
15617 2371
15618 4898
15618 2371
15619 4898
15619 8113
15619 2371
15620 4909
15620 15611
15621 15622
15621 3157
15623 2382
15623 3157
15624 14221
15624 15622
15625 14221
15625 8703
15625 15622
15626 14221
15626 8703
15626 2382
15627 8703
15627 15622
15628 8703
15628 2382
15629 14221
15629 2382
15630 2382
15630 15622
15630 3157
15631 9307
15631 8700
15632 336
15632 9038
15632 7701
15633 336
15633 7701
15634 337
15634 617
15635 8132
15635 270
15636 3091
15636 8132
15637 336
15637 9038
15638 3091
15638 8132
15638 270
15639 337
15639 6357
15640 1365
15640 1224
15641 9127
15641 10949
15642 8745
15642 7169
15643 4743
15643 8745
15643 7169
15644 6705
15644 15645
15646 9143
15646 8744
15647 8744
15647 6790
15648 9143
15648 8744
15648 6790
15649 4743
15649 8745
15650 6792
15650 6789
15650 6790
15651 5870
15651 29
15652 9143
15652 3937
15653 6789
15653 9143
15653 3937
15654 7545
15654 1966
15655 6719
15655 6705
15655 15645
15656 1208
15656 1280
15657 1280
15657 1197
15658 281
15658 227
15659 1917
15659 9127
15659 9421
15660 9151
15660 227
15661 3083
15661 227
15662 9151
15662 161
15663 281
15663 161
15664 281
15664 227
15664 259
15665 9127
15665 29
15666 9127
15666 9421
15667 9432
15667 8290
15668 4743
15668 792
15669 6107
15669 2520
15669 15569
15670 15671
15670 460
15670 8198
15672 460
15672 8198
15673 460
15673 8777
15673 7215
15674 460
15674 7215
15675 460
15675 8777
15676 10542
15676 8777
15676 8778
15677 15671
15677 8198
15678 15671
15678 8777
15678 7215
15679 15671
15679 7215
15680 15671
15680 8777
15681 945
15681 6042
15682 6380
15682 6382
15683 15684
15683 6945
15685 15684
15685 977
15685 4073
15686 977
15686 4073
15687 15684
15687 977
15688 976
15688 8804
15688 15684
15689 976
15689 15684
15690 8804
15690 15684
15691 8804
15691 1800
15691 4077
15692 15684
15692 6945
15692 4073
15693 6945
15693 4073
15694 75
15694 9738
15695 5336
15695 5168
15696 75
15696 1017
15697 3936
15697 6669
15698 9559
15698 11790
15698 9560
15699 11790
15699 9560
15700 9559
15700 11790
15701 1055
15701 9560
15702 1055
15702 9559
15703 8809
15703 7455
15703 9559
15704 7455
15704 9559
15705 8809
15705 9559
15706 3537
15706 2447
15706 3405
15707 11688
15707 6981
15708 11688
15708 9746
15708 6981
15709 9746
15709 8257
15710 11688
15710 8257
15711 2216
15711 9746
15712 8826
15712 9746
15713 8858
15713 15714
15715 8858
15715 8645
15716 5343
15716 15714
15717 5343
15717 15714
15717 8081
15718 5343
15718 8645
15718 8081
15719 15714
15719 8081
15720 8645
15720 8081
15721 5343
15721 8645
15722 8858
15722 15714
15722 8645
15723 8860
15723 8858
15724 5946
15724 7627
15725 12196
15725 10447
15726 5945
15726 5946
15726 7627
15727 7622
15727 5946
15728 7622
15728 4057
15729 4057
15729 7622
15729 5946
15730 7621
15730 5946
15731 3849
15731 10447
15732 7621
15732 4057
15732 5946
15733 7620
15733 7621
15734 3726
15734 2739
15735 3849
15735 12196
15735 10447
15736 494
15736 2982
15736 9855
15737 8098
15737 492
15738 7659
15738 1464
15738 752
15739 5451
15739 568
15739 4751
15740 7673
15740 9897
15741 4645
15741 517
15742 9897
15742 8290
15743 8290
15743 747
15744 9897
15744 8290
15744 747
15745 5941
15745 2450
15746 747
15746 8291
15747 3848
15747 519
15747 3849
15748 5451
15748 4751
15749 5336
15749 13060
15749 5168
15750 519
15750 12196
15751 101
15751 12663
15752 6850
15752 6843
15752 393
15753 3848
15753 12196
15754 101
15754 13224
15755 138
15755 4751
15756 8691
15756 10679
15757 101
15757 97
15758 2520
15758 15569
15759 101
15759 13224
15759 12663
15760 6853
15760 6855
15761 13224
15761 14336
15762 591
15762 530
15763 2908
15763 12663
15763 14336
15764 4877
15764 6448
15764 6450
15765 7040
15765 565
15765 15766
15767 7040
15767 565
15768 2908
15768 13224
15768 14336
15769 2775
15769 6448
15770 7039
15770 10040
15770 8913
15771 7039
15771 10040
15772 10040
15772 8913
15773 7040
15773 7041
15773 8913
15774 565
15774 15766
15775 14857
15775 15766
15775 8306
15776 15766
15776 14857
15777 15766
15777 8306
15778 2775
15778 6448
15778 2776
15779 2835
15779 2775
15780 8072
15780 6492
15781 2835
15781 2836
15782 5637
15782 5644
15783 2756
15783 5637
15784 5637
15784 8936
15785 2756
15785 5637
15785 5644
15786 5637
15786 8936
15786 2168
15787 5941
15787 6859
15788 2195
15788 8921
15789 8936
15789 8921
15790 8921
15790 8925
15791 2195
15791 8936
15791 8921
15792 5451
15792 5443
15793 2613
15793 2564
15794 5236
15794 6497
15794 5237
15795 6497
15795 5237
15796 8072
15796 6500
15797 1090
15797 7228
15798 10323
15798 10324
15799 12200
15799 3182
15800 10694
15800 1878
15801 1333
15801 9032
15801 9024
15802 9032
15802 14434
15803 1334
15803 14434
15804 1334
15804 9032
15804 14434
15805 10143
15805 7569
15806 10694
15806 1886
15806 1878
15807 1693
15807 10143
15807 7569
15808 10323
15808 7569
15809 15810
15809 6714
15809 11657
15811 15810
15811 11657
15812 15810
15812 6714
15813 1540
15813 10694
15814 2293
15814 2302
15815 2293
15815 15810
15815 11656
15816 2293
15816 11656
15817 2293
15817 15810
15818 1540
15818 8036
15819 2293
15819 1493
15819 2302
15820 1493
15820 2302
15821 2744
15821 3877
15822 15823
15822 446
15822 8382
15824 446
15824 8382
15825 3980
15825 2446
15826 1527
15826 1540
15827 8964
15827 446
15828 8964
15828 8965
15828 8967
15829 8964
15829 2113
15829 446
15830 1527
15830 1537
15831 15823
15831 2113
15832 8964
15832 15823
15833 15823
15833 8382
15834 8964
15834 15823
15834 2113
15835 7165
15835 3077
15836 4354
15836 10453
15837 4354
15837 15838
15839 8989
15839 15838
15840 10453
15840 4354
15840 15838
15841 12643
15841 15838
15842 12643
15842 3849
15842 12644
15843 12643
15843 3436
15843 15838
15844 3436
15844 15838
15845 8989
15845 10453
15845 15838
15846 8989
15846 10453
15847 643
15847 3502
15847 3496
15848 3502
15848 3496
15849 643
15849 3502
15850 12864
15850 6231
15851 7783
15851 12864
15851 6231
15852 7783
15852 4924
15852 3093
15853 7783
15853 12864
15854 7783
15854 15855
15854 6231
15856 15855
15856 8399
15857 7783
15857 15855
15858 15855
15858 6231
15859 12864
15859 8399
15860 15855
15860 12864
15860 8399
15861 1590
15861 8423
15862 9492
15862 5581
15862 8423
15863 6459
15863 12363
15864 4217
15864 15865
15866 4218
15866 15865
15867 1596
15867 15865
15868 4217
15868 4218
15868 15865
15869 3561
15869 1596
15869 15865
15870 3561
15870 1596
15871 9492
15871 8423
15872 5581
15872 8423
15873 10028
15873 10685
15873 889
15874 10028
15874 889
15875 7222
15875 2175
15876 6669
15876 10514
15877 2152
15877 1491
15878 10514
15878 2740
15879 2470
15879 2269
15880 839
15880 10514
15881 7701
15881 2153
15882 7701
15882 3303
15883 2153
15883 3304
15884 6669
15884 10514
15884 2740
15885 9040
15885 129
15886 9040
15886 129
15886 12949
15887 3405
15887 3292
15888 9040
15888 12949
15889 9903
15889 847
15890 9040
15890 9038
15891 9038
15891 942
15892 6476
15892 847
15892 1091
15893 10284
15893 6476
15894 3303
15894 1491
15894 3322
15895 6476
15895 1090
15896 8442
15896 6476
15897 945
15897 10280
15898 6479
15898 8235
15899 10284
15899 7811
15899 6476
15900 10284
15900 7811
15901 1201
15901 1125
15902 4130
15902 8235
15903 666
15903 712
15904 9340
15904 13291
15905 87
15905 6616
15905 10324
15906 666
15906 745
15907 666
15907 712
15907 745
15908 1491
15908 3322
15909 6877
15909 6033
15910 2126
15910 7340
15911 7705
15911 8235
15912 7705
15912 2721
15913 15914
15913 3199
15915 11725
15915 13892
15915 3195
15916 13892
15916 3195
15917 11725
15917 13892
15918 3193
15918 4254
15919 15914
15919 4254
15920 15914
15920 3199
15920 3200
15921 15914
15921 3200
15922 3971
15922 7196
15923 10895
15923 7196
15924 3204
15924 9061
15925 15914
15925 4254
15925 3193
15926 10895
15926 9058
15927 511
15927 7510
15927 9058
15928 10895
15928 12404
15928 9058
15929 10895
15929 12404
15930 9391
15930 7356
15931 719
15931 1971
15932 719
15932 2241
15933 9070
15933 9078
15934 7750
15934 9078
15934 15935
15936 14288
15936 3270
15936 5536
15937 14288
15937 720
15938 720
15938 3271
15939 14288
15939 720
15939 3271
15940 9076
15940 15935
15941 5843
15941 9965
15941 15935
15942 5843
15942 15935
15943 9965
15943 15935
15944 7750
15944 9078
15945 9078
15945 15935
15946 7750
15946 9076
15946 15935
15947 7750
15947 9076
15948 9391
15948 7355
15948 7356
15949 5364
15949 9482
15949 7657
15950 5364
15950 9482
15951 6598
15951 9099
15951 8480
15952 6598
15952 8480
15953 9099
15953 8480
15954 9088
15954 9099
15954 6594
15955 5364
15955 7657
15956 3066
15956 8480
15956 7657
15957 3066
15957 7657
15958 8480
15958 7657
15959 9678
15959 9680
15960 9688
15960 2029
15960 9680
15961 8155
15961 5165
15962 2017
15962 15963
15964 9120
15964 15963
15965 15963
15965 2957
15966 9120
15966 2017
15966 15963
15967 9118
15967 15963
15967 2957
15968 9118
15968 2957
15969 2029
15969 9680
15970 9688
15970 9680
15971 9162
15971 5953
15972 9162
15972 5953
15972 15973
15974 5079
15974 5953
15975 5079
15975 8515
15975 5953
15976 8514
15976 8517
15976 8515
15977 8515
15977 5953
15978 5079
15978 8515
15978 15973
15979 9162
15979 15973
15980 8515
15980 15973
15981 5079
15981 15973
15982 9586
15982 3698
15982 9135
15983 7573
15983 3
15984 7573
15984 759
15985 7573
15985 759
15985 3
15986 15987
15986 3
15988 15987
15988 759
15989 15987
15989 759
15989 3
15990 15987
15990 9132
15991 7573
15991 9132
15992 7573
15992 15987
15992 9132
15993 5251
15993 1758
15994 3644
15994 3699
15995 163
15995 3330
15996 8391
15996 7355
15997 7451
15997 12720
15998 4459
15998 705
15999 8391
15999 7236
16000 12720
16000 12721
16001 1919
16001 3217
16002 1076
16002 16003
16002 5208
16004 1076
16004 5208
16005 1071
16005 1077
16006 1071
16006 1076
16007 16003
16007 2
16008 5202
16008 16003
16009 1076
16009 16003
16010 5202
16010 16003
16010 2
16011 7222
16011 12363
16012 1071
16012 1083
16013 1071
16013 1076
16013 1077
16014 3130
16014 7960
16014 7958
16015 16016
16015 7960
16017 3130
16017 16016
16018 3130
16018 16016
16018 7960
16019 16016
16019 8584
16020 8584
16020 7958
16021 16016
16021 8584
16021 7958
16022 3034
16022 8584
16023 3034
16023 2306
16024 3034
16024 8584
16024 2306
16025 6915
16025 5519
16026 10299
16026 3884
16027 1019
16027 7951
16028 899
16028 900
16028 902
16029 5251
16029 1765
16030 11715
16030 8036
16031 11715
16031 8036
16031 2595
16032 11715
16032 9210
16033 10112
16033 10108
16033 10120
16034 4448
16034 2595
16035 2433
16035 2779
16036 4448
16036 8036
16036 2595
16037 4448
16037 9210
16038 4448
16038 11715
16038 9210
16039 3551
16039 3556
16039 3546
16040 53
16040 16041
16042 53
16042 16041
16042 13852
16043 8570
16043 16041
16044 8570
16044 172
16045 172
16045 13852
16046 53
16046 172
16047 53
16047 172
16047 13852
16048 16041
16048 13852
16049 1631
16049 1622
16049 12238
16050 8570
16050 16041
16050 172
16051 8570
16051 8189
16052 9786
16052 9789
16052 9782
16053 11909
16053 9239
16054 9154
16054 11909
16054 8629
16055 9154
16055 11909
16056 11909
16056 8629
16057 5231
16057 9154
16057 8629
16058 5231
16058 9154
16059 3890
16059 2267
16060 8645
16060 7101
16060 8646
16061 8643
16061 8646
16062 7127
16062 8661
16063 7127
16063 8661
16063 16064
16065 13893
16065 11723
16065 16064
16066 7127
16066 16064
16067 13893
16067 16064
16068 11723
16068 16064
16069 8656
16069 1533
16070 8656
16070 8649
16070 1533
16071 8654
16071 8649
16071 8650
16072 8649
16072 1533
16073 166
16073 9798
16074 9578
16074 8044
16074 9579
16075 10382
16075 9283
16075 13490
16076 9283
16076 9284
16077 16078
16077 9259
16077 9258
16079 16078
16079 4910
16080 16078
16080 9258
16081 16078
16081 9259
16082 9283
16082 13490
16083 10382
16083 9283
16084 4910
16084 8687
16085 16078
16085 4910
16085 8687
16086 12192
16086 8695
16087 8694
16087 12192
16087 8695
16088 9578
16088 8044
16089 2317
16089 16090
16091 2317
16091 8692
16092 2317
16092 16090
16092 8692
16093 8694
16093 12192
16094 2327
16094 9302
16094 8700
16095 8691
16095 16090
16096 8697
16096 16090
16097 8691
16097 16090
16097 8697
16098 5075
16098 11773
16098 16099
16100 4763
16100 16099
16101 11773
16101 16099
16102 5075
16102 16099
16103 8710
16103 16099
16104 8710
16104 3170
16105 4763
16105 3170
16106 3170
16106 4763
16106 16099
16107 925
16107 928
16107 923
16108 925
16108 923
16109 3170
16109 8710
16109 16099
16110 8709
16110 8710
16111 9852
16111 928
16112 928
16112 9314
16113 9866
16113 3461
16113 9314
16114 9866
16114 9314
16115 8736
16115 6984
16116 7936
16116 6950
16117 12213
16117 12232
16117 8729
16118 12213
16118 6984
16119 12213
16119 8729
16120 12213
16120 12232
16121 8736
16121 12232
16122 6950
16122 7767
16123 7936
16123 6950
16123 7767
16124 8736
16124 2443
16125 8728
16125 2443
16126 6950
16126 11614
16127 11614
16127 6952
16128 6950
16128 11614
16128 6952
16129 3684
16129 3767
16130 6950
16130 6951
16131 3577
16131 3583
16132 6951
16132 6952
16133 2818
16133 3684
16133 3767
16134 5289
16134 3684
16135 12801
16135 3767
16135 12846
16136 3764
16136 3767
16137 10843
16137 10851
16138 6463
16138 10851
16138 12342
16139 3591
16139 3588
16139 3593
16140 10937
16140 2836
16141 10936
16141 2836
16142 10937
16142 4877
16143 10937
16143 4877
16143 12416
16144 4875
16144 12416
16145 4876
16145 12416
16146 9866
16146 9852
16147 9378
16147 9380
16148 9379
16148 9380
16149 9378
16149 9379
16149 984
16150 9378
16150 984
16151 9379
16151 984
16152 4781
16152 9379
16152 4768
16153 9379
16153 4768
16154 4781
16154 9379
16155 4781
16155 4767
16155 4770
16156 4781
16156 4770
16157 967
16157 7360
16158 6211
16158 16159
16158 9391
16160 6211
16160 9391
16161 16159
16161 9391
16162 16159
16162 758
16162 659
16163 16159
16163 758
16164 16159
16164 659
16165 7342
16165 8455
16165 2126
16166 967
16166 7360
16166 7236
16167 7360
16167 7236
16168 1477
16168 11391
16169 5239
16169 6382
16169 8373
16170 1475
16170 11391
16171 11391
16171 1272
16172 3606
16172 3619
16173 4926
16173 11391
16173 1272
16174 4926
16174 1272
16175 4926
16175 1274
16176 11391
16176 1274
16177 9406
16177 1284
16177 1287
16178 9406
16178 14015
16179 14015
16179 1285
16180 9406
16180 14015
16180 1285
16181 8489
16181 14015
16182 2735
16182 8489
16183 2735
16183 8489
16183 14015
16184 8489
16184 8477
16185 8491
16185 8477
16186 8491
16186 8489
16186 8477
16187 5633
16187 5902
16187 10985
16188 7639
16188 9425
16189 9427
16189 7639
16190 9425
16190 1901
16191 9424
16191 9425
16191 1901
16192 3106
16192 1816
16193 3106
16193 1816
16193 7639
16194 9427
16194 7639
16194 9425
16195 3106
16195 7639
16196 11741
16196 8724
16197 11741
16197 9636
16197 8724
16198 2034
16198 7639
16199 2034
16199 1816
16200 665
16200 3234
16200 10555
16201 1745
16201 1747
16202 9019
16202 1370
16203 9019
16203 1370
16203 1369
16204 5752
16204 14218
16204 6868
16205 16206
16205 1369
16207 1369
16207 2156
16208 16206
16208 1369
16208 2156
16209 9019
16209 1369
16210 5961
16210 8863
16210 2156
16211 16206
16211 8863
16212 16206
16212 5961
16213 16206
16213 5961
16213 8863
16214 3384
16214 4736
16215 8871
16215 9469
16216 8871
16216 9471
16216 9469
16217 5633
16217 10985
16218 16219
16218 8876
16220 8876
16220 8274
16221 16219
16221 8876
16221 8274
16222 8871
16222 9471
16223 8273
16223 2977
16223 492
16224 16219
16224 8872
16225 9475
16225 16219
16226 9475
16226 16219
16226 8872
16227 1468
16227 1462
16227 1470
16228 1461
16228 1470
16229 4736
16229 12271
16230 8889
16230 254
16231 14839
16231 3264
16231 3263
16232 253
16232 8889
16232 254
16233 254
16233 1470
16234 8890
16234 1470
16235 254
16235 8890
16235 1470
16236 1462
16236 1470
16237 14839
16237 4736
16238 1699
16238 10985
16239 14839
16239 3262
16239 4736
16240 7055
16240 16241
16242 7032
16242 16241
16243 16241
16243 12170
16244 7032
16244 16241
16244 7055
16245 16241
16245 6290
16245 12170
16246 6290
16246 12170
16247 7035
16247 8910
16248 7033
16248 8910
16249 3837
16249 8910
16250 7035
16250 7033
16250 8910
16251 3791
16251 9579
16252 1699
16252 5902
16253 10620
16253 4000
16254 5752
16254 6868
16255 9897
16255 8291
16256 6895
16256 13260
16256 6527
16257 4671
16257 4654
16257 4672
16258 1785
16258 2766
16259 9502
16259 2766
16260 1784
16260 1768
16260 9502
16261 1784
16261 9502
16262 1768
16262 9502
16263 2754
16263 7715
16263 4423
16264 2754
16264 4423
16265 2754
16265 7715
16266 7715
16266 1785
16266 1779
16267 7715
16267 1779
16268 1357
16268 14218
16268 6868
16269 892
16269 900
16270 6288
16270 14921
16271 2510
16271 2498
16272 6288
16272 14892
16272 14921
16273 14921
16273 1860
16274 8975
16274 3044
16275 13828
16275 8975
16276 13828
16276 2778
16276 3044
16277 5333
16277 1860
16278 13828
16278 2778
16279 9538
16279 13828
16279 8769
16280 13828
16280 8769
16281 9538
16281 13828
16282 4695
16282 11657
16283 5333
16283 14921
16283 1860
16284 4695
16284 895
16284 11657
16285 14218
16285 7774
16285 5251
16286 5239
16286 7545
16287 6382
16287 7545
16288 8975
16288 8971
16289 1869
16289 1860
16290 1869
16290 1861
16291 765
16291 8951
16291 2498
16292 1869
16292 1860
16292 1861
16293 1836
16293 1860
16294 1836
16294 1861
16295 1357
16295 14218
16296 2951
16296 3483
16297 14218
16297 7774
16298 11656
16298 5610
16298 2302
16299 9576
16299 2882
16300 9001
16300 9576
16300 2882
16301 3790
16301 9001
16301 2882
16302 9001
16302 9576
16303 9001
16303 1735
16304 9001
16304 9002
16304 1735
16305 3471
16305 2951
16305 3483
16306 1905
16306 1684
16306 9593
16307 82
16307 9588
16307 9593
16308 1684
16308 9593
16309 8593
16309 13542
16309 9795
16310 14218
16310 5251
16311 13542
16311 9795
16312 8593
16312 13542
16313 1682
16313 1694
16314 1682
16314 13542
16314 1694
16315 2010
16315 6166
16316 7010
16316 7006
16316 1577
16317 6166
16317 8189
16318 1277
16318 1278
16319 2995
16319 2934
16319 11542
16320 7010
16320 1576
16321 5920
16321 3676
16321 1984
16322 4171
16322 2491
16322 2492
16323 1855
16323 2156
16324 5390
16324 4814
16324 14291
16325 5920
16325 3676
16326 1060
16326 142
16327 130
16327 14434
16328 2527
16328 13837
16329 2529
16329 13837
16330 9439
16330 559
16331 9439
16331 9440
16332 10731
16332 13837
16332 2518
16333 10731
16333 2518
16334 16335
16334 4038
16336 16335
16336 10232
16337 16335
16337 9649
16338 16335
16338 4038
16338 10232
16339 7903
16339 16335
16339 9649
16340 7903
16340 9649
16341 248
16341 9646
16342 9649
16342 9646
16343 9649
16343 9643
16344 9649
16344 9646
16344 248
16345 6308
16345 1362
16346 4785
16346 4784
16346 1362
16347 1361
16347 6308
16347 1362
16348 1361
16348 6308
16349 13259
16349 6527
16350 6308
16350 6527
16351 6542
16351 6527
16352 13259
16352 6308
16352 6527
16353 6542
16353 7656
16353 6527
16354 6542
16354 7656
16355 9670
16355 2186
16356 790
16356 716
16357 1971
16357 2241
16357 13950
16358 9670
16358 13950
16359 1971
16359 13950
16360 2241
16360 13950
16361 16362
16361 3667
16363 8495
16363 16362
16363 8497
16364 8495
16364 16362
16365 16362
16365 8497
16366 9691
16366 3657
16366 8499
16367 3657
16367 8499
16368 9691
16368 3657
16369 9691
16369 7879
16369 8496
16370 1672
16370 1668
16371 16362
16371 8496
16371 3667
16372 8496
16372 3667
16373 1854
16373 1855
16373 2156
16374 2788
16374 4086
16375 10323
16375 130
16375 14434
16376 6403
16376 9870
16377 892
16377 889
16377 890
16378 3892
16378 6539
16379 3690
16379 9421
16380 4743
16380 3583
16381 5518
16381 9700
16382 1854
16382 10436
16383 4743
16383 3583
16383 422
16384 5518
16384 3288
16385 5518
16385 3288
16385 7577
16386 5521
16386 5519
16386 7577
16387 3288
16387 7577
16388 3288
16388 3294
16388 3297
16389 9700
16389 3294
16390 3288
16390 3294
16391 3294
16391 3297
16392 3695
16392 3644
16393 275
16393 9866
16394 9866
16394 3227
16395 2005
16395 6741
16396 8641
16396 8860
16396 10436
16397 3643
16397 1208
16398 11386
16398 10033
16399 3695
16399 3643
16399 1562
16400 7245
16400 10033
16400 7488
16401 14799
16401 6969
16402 9725
16402 14799
16402 3367
16403 14799
16403 6969
16403 7237
16404 6969
16404 7237
16405 9725
16405 685
16405 3369
16406 9725
16406 685
16407 14799
16407 3367
16408 9725
16408 14799
16409 6961
16409 6967
16410 6961
16410 6969
16411 6102
16411 6104
16412 3602
16412 59
16412 16413
16414 3602
16414 59
16415 3616
16415 9735
16416 9735
16416 3606
16417 3604
16417 16413
16418 3601
16418 16413
16419 59
16419 16413
16420 3601
16420 3604
16420 16413
16421 11386
16421 10033
16421 10399
16422 47
16422 9735
16423 3616
16423 9735
16423 3606
16424 10428
16424 286
16425 4850
16425 4851
16426 2284
16426 2285
16427 2004
16427 6665
16427 8558
16428 1854
16428 1749
16429 5163
16429 16430
16431 2920
16431 16430
16432 2920
16432 5163
16432 16430
16433 14336
16433 16430
16434 14336
16434 3910
16435 14336
16435 3910
16435 16430
16436 9759
16436 117
16436 9755
16437 9759
16437 9755
16438 117
16438 9755
16439 112
16439 108
16439 117
16440 9764
16440 9755
16441 4347
16441 9755
16441 3629
16442 4347
16442 3629
16443 9755
16443 3629
16444 593
16444 582
16444 3690
16445 9764
16445 4347
16445 9755
16446 9764
16446 4347
16447 10093
16447 10095
16448 9196
16448 1477
16449 1482
16449 9196
16450 1482
16450 8884
16451 1482
16451 8884
16451 1477
16452 2587
16452 8589
16452 11966
16453 8884
16453 1477
16454 8589
16454 11966
16455 2587
16455 11966
16456 2299
16456 8589
16457 8578
16457 2299
16457 8589
16458 13636
16458 6740
16458 6741
16459 3270
16459 5536
16459 5534
16460 4257
16460 1949
16461 4867
16461 4850
16462 13636
16462 6740
16463 12330
16463 16464
16465 14785
16465 12330
16465 3070
16466 14785
16466 3070
16467 14785
16467 12330
16468 14785
16468 9785
16469 9785
16469 16464
16470 3070
16470 12330
16470 16464
16471 3070
16471 16464
16472 9785
16472 9789
16473 14785
16473 9785
16473 16464
16474 7023
16474 7025
16474 2263
16475 9340
16475 2467
16475 13291
16476 5922
16476 1924
16476 1912
16477 5922
16477 9222
16478 5922
16478 1924
16479 2263
16479 7025
16480 9227
16480 172
16481 170
16481 9227
16482 9222
16482 165
16483 5922
16483 9222
16483 165
16484 170
16484 9227
16484 172
16485 9227
16485 9223
16486 9886
16486 9890
16487 2812
16487 11963
16487 2824
16488 5242
16488 9817
16489 9817
16489 9823
16490 16491
16490 9823
16492 3118
16492 16491
16492 9247
16493 4521
16493 16491
16493 9823
16494 4521
16494 9823
16495 3118
16495 4521
16495 9247
16496 4521
16496 3118
16497 3118
16497 16491
16498 16491
16498 9247
16499 3454
16499 1531
16500 16501
16500 3454
16500 1531
16502 10010
16502 1531
16503 10010
16503 7114
16504 16501
16504 8650
16505 16501
16505 5940
16506 16501
16506 5940
16506 8650
16507 16501
16507 1531
16508 10010
16508 1531
16508 7114
16509 8657
16509 8661
16510 10382
16510 9258
16510 13490
16511 8687
16511 9258
16512 1857
16512 9281
16512 9294
16513 13490
16513 9281
16514 9281
16514 9294
16515 1857
16515 9281
16516 9258
16516 13490
16517 10382
16517 9258
16518 13490
16518 1840
16519 13490
16519 9281
16519 1840
16520 9849
16520 243
16520 234
16521 9849
16521 1159
16522 10903
16522 229
16523 16524
16523 10903
16523 229
16525 9849
16525 234
16526 9849
16526 243
16527 16524
16527 230
16528 16524
16528 232
16529 16524
16529 232
16529 230
16530 16524
16530 10903
16531 4945
16531 305
16532 4929
16532 8316
16533 9292
16533 1875
16534 6012
16534 6017
16534 5161
16535 6017
16535 4929
16536 6017
16536 16537
16536 8316
16538 16537
16538 9274
16539 6017
16539 16537
16540 16537
16540 8316
16541 1887
16541 9294
16542 13355
16542 1887
16542 9294
16543 4929
16543 9274
16544 4929
16544 16537
16544 9274
16545 4086
16545 7415
16546 4086
16546 8917
16546 7415
16547 3328
16547 12828
16547 3247
16548 8953
16548 895
16548 7991
16549 3328
16549 3247
16550 1600
16550 1608
16551 1600
16551 1602
16551 1608
16552 3086
16552 12828
16553 869
16553 4341
16553 870
16554 4341
16554 4319
16555 4319
16555 4336
16556 4341
16556 4319
16556 4336
16557 4319
16557 1602
16558 5454
16558 1602
16559 5454
16559 4319
16559 1602
16560 1602
16560 1608
16561 6311
16561 11913
16562 1909
16562 3086
16562 12828
16563 9886
16563 15101
16563 4605
16564 9886
16564 3333
16565 3007
16565 3074
16566 15101
16566 4178
16567 1908
16567 3086
16568 9886
16568 15101
16569 9886
16569 4605
16570 4605
16570 9331
16571 4605
16571 4178
16572 4605
16572 9331
16572 4178
16573 1908
16573 1909
16573 1454
16574 7375
16574 12232
16575 248
16575 12321
16575 249
16576 2271
16576 2276
16577 3089
16577 3090
16578 9852
16578 9853
16579 5922
16579 1912
16580 9353
16580 9351
16581 5789
16581 9351
16582 1897
16582 4983
16583 923
16583 9853
16584 9364
16584 9366
16585 5019
16585 9366
16586 6994
16586 5053
16587 3208
16587 5053
16588 10866
16588 5555
16589 1133
16589 16590
16589 6994
16591 16590
16591 5043
16591 1134
16592 16590
16592 6994
16593 16590
16593 5043
16594 16590
16594 1134
16595 3208
16595 6994
16595 5053
16596 5048
16596 9932
16597 3644
16597 1208
16598 16599
16598 402
16600 3986
16600 3981
16600 3988
16601 16599
16601 402
16601 409
16602 16599
16602 409
16603 3301
16603 401
16604 16599
16604 3301
16605 3301
16605 3881
16606 16599
16606 3301
16606 401
16607 3301
16607 3981
16607 3881
16608 3981
16608 3881
16609 2004
16609 9774
16609 9810
16610 2053
16610 2068
16610 3142
16611 2068
16611 3142
16612 279
16612 3164
16613 3164
16613 3142
16614 799
16614 1128
16614 2769
16615 11644
16615 2271
16615 11340
16616 9852
16616 928
16616 9314
16617 9414
16617 1300
16617 1293
16618 9414
16618 3166
16619 9414
16619 1293
16620 9414
16620 1300
16621 7651
16621 9986
16622 7651
16622 9986
16622 16623
16624 2072
16624 16623
16624 1296
16625 7651
16625 16623
16626 16623
16626 1296
16627 2072
16627 16623
16628 7673
16628 9432
16629 7673
16629 9432
16629 8290
16630 11787
16630 9907
16631 5870
16631 9127
16631 10949
16632 28
16632 10949
16633 6719
16633 2482
16633 6705
16634 102
16634 9907
16635 6719
16635 15645
16636 1585
16636 15645
16637 2482
16637 1585
16638 2482
16638 1585
16638 15645
16639 11787
16639 102
16639 9907
16640 91
16640 9907
16641 9906
16641 91
16642 3541
16642 800
16643 6033
16643 1872
16644 14343
16644 6033
16644 3898
16645 4180
16645 3273
16646 4180
16646 3273
16646 16647
16648 14343
16648 790
16648 10638
16649 14343
16649 790
16650 6033
16650 3898
16651 14343
16651 6033
16652 9459
16652 16647
16653 9459
16653 9442
16653 16647
16654 9443
16654 9442
16654 9445
16655 9442
16655 16647
16656 3273
16656 16647
16656 7332
16657 4180
16657 16647
16658 16647
16658 7332
16659 3273
16659 7332
16660 5101
16660 9471
16661 5101
16661 16662
16661 9471
16663 9475
16663 5113
16664 9475
16664 5113
16664 5102
16665 5101
16665 5102
16665 5104
16666 9475
16666 5102
16667 16662
16667 3408
16667 14005
16668 16662
16668 9471
16669 16662
16669 14005
16670 16662
16670 3408
16671 334
16671 10156
16671 9611
16672 4343
16672 8009
16672 2823
16673 4343
16673 2823
16674 11386
16674 10399
16675 9641
16675 3322
16676 6983
16676 12720
16676 6984
16677 5263
16677 5304
16678 5387
16678 8009
16679 1019
16679 13382
16680 1019
16680 7951
16680 1014
16681 14616
16681 5387
16682 13382
16682 10
16682 12721
16683 10
16683 12721
16684 13382
16684 12721
16685 1019
16685 13382
16685 4128
16686 4157
16686 16687
16688 11598
16688 16687
16689 10073
16689 16687
16690 11598
16690 4157
16690 16687
16691 11598
16691 6023
16692 4188
16692 11595
16692 11598
16693 4157
16693 11598
16693 6023
16694 4157
16694 6023
16695 10073
16695 6023
16695 16687
16696 10073
16696 6023
16697 1689
16697 6408
16698 8027
16698 7423
16699 9641
16699 5737
16700 10028
16700 10685
16701 8953
16701 8954
16701 8599
16702 8953
16702 8599
16703 8954
16703 8599
16704 6812
16704 2921
16705 8598
16705 8954
16706 8954
16706 10102
16707 10093
16707 10102
16707 1238
16708 10102
16708 1238
16709 7245
16709 10033
16710 8598
16710 8371
16711 8599
16711 8371
16712 321
16712 10657
16713 4629
16713 5737
16714 11555
16714 12135
16714 10616
16715 9641
16715 4629
16715 5737
16716 11555
16716 12135
16717 16718
16717 1046
16719 9578
16719 16718
16719 1046
16720 16718
16720 10124
16721 2137
16721 10124
16722 9578
16722 2137
16723 2137
16723 1046
16724 9578
16724 2137
16724 1046
16725 9578
16725 16718
16726 2137
16726 16718
16726 10124
16727 10124
16727 5108
16728 5495
16728 10754
16728 6507
16729 912
16729 10239
16730 6036
16730 8351
16731 10239
16731 920
16732 1693
16732 10143
16732 10324
16733 6616
16733 10324
16734 87
16734 6616
16735 912
16735 10239
16735 920
16736 87
16736 10143
16737 10142
16737 87
16737 10143
16738 10143
16738 10324
16739 1693
16739 10324
16740 9566
16740 28
16740 6618
16741 6306
16741 10181
16742 12135
16742 6306
16743 9339
16743 3507
16744 13291
16744 3507
16745 137
16745 126
16746 7087
16746 7089
16746 973
16747 9566
16747 6618
16748 1682
16748 5489
16749 9610
16749 12843
16749 6414
16750 3009
16750 2998
16751 9566
16751 28
16752 10206
16752 8414
16752 10209
16753 10206
16753 8414
16754 10206
16754 10209
16755 9623
16755 850
16755 1587
16756 1587
16756 850
16757 9623
16757 850
16758 9623
16758 1589
16758 1590
16759 9623
16759 1590
16760 3211
16760 28
16760 6618
16761 10028
16761 12843
16762 1589
16762 856
16763 856
16763 10206
16764 885
16764 4237
16765 4237
16765 10223
16766 6438
16766 16767
16768 885
16768 4237
16768 10223
16769 10731
16769 6438
16769 16767
16770 10731
16770 16767
16771 6437
16771 4247
16772 4247
16772 16767
16773 7194
16773 7191
16774 6437
16774 4247
16774 16767
16775 9610
16775 6414
16776 12843
16776 6414
16777 4042
16777 7915
16778 10241
16778 7915
16779 16780
16779 7304
16779 10241
16781 7304
16781 10241
16782 16780
16782 10241
16783 16780
16783 2227
16783 8462
16784 16780
16784 2227
16785 16780
16785 8462
16786 7304
16786 2227
16786 8462
16787 7304
16787 2227
16788 10239
16788 6914
16789 6914
16789 914
16790 1630
16790 6154
16791 1630
16791 6154
16791 6156
16792 5504
16792 9661
16793 45
16793 8532
16793 9661
16794 45
16794 9661
16795 8532
16795 9661
16796 8336
16796 16797
16796 9086
16798 8336
16798 9086
16799 8336
16799 16797
16800 8536
16800 8543
16800 16797
16801 8536
16801 16797
16802 8543
16802 16797
16803 9678
16803 2959
16804 3650
16804 2959
16805 3661
16805 3650
16806 3661
16806 3654
16806 3657
16807 3661
16807 9686
16807 3650
16808 9686
16808 3650
16809 3654
16809 3667
16809 3665
16810 3654
16810 3667
16811 3661
16811 3657
16812 3661
16812 3654
16813 34
16813 8
16813 32
16814 11386
16814 6305
16814 6306
16815 8
16815 10
