10859 22747
0 1
0 2
0 3
0 4
0 5
0 6
0 7
0 8
0 9
0 10
0 11
0 12
0 13
0 14
0 15
0 16
0 17
0 18
0 19
0 20
0 21
0 22
0 23
0 24
0 25
0 26
0 27
0 28
0 29
0 30
0 31
0 32
0 33
0 34
0 35
0 36
0 37
0 38
0 39
0 40
0 41
0 42
0 43
0 44
0 45
0 46
0 47
0 48
0 49
0 50
0 51
0 52
0 53
0 54
0 55
0 56
0 57
0 58
0 59
0 60
0 61
0 62
0 63
0 64
0 65
0 66
0 67
0 68
0 69
0 70
0 71
0 72
0 73
0 74
0 75
0 76
0 77
0 78
0 79
0 80
0 81
0 82
0 83
0 84
0 85
0 86
0 87
0 88
0 89
0 90
0 91
0 92
0 93
0 94
0 95
0 96
0 97
0 98
0 99
0 100
0 101
0 102
0 103
0 104
0 105
0 106
0 107
0 108
0 109
0 110
0 111
0 112
0 113
0 114
0 115
0 116
0 117
0 118
0 119
0 120
0 121
0 122
0 123
0 124
0 125
0 126
0 127
0 128
0 129
0 130
0 131
0 132
0 133
0 134
0 135
0 136
0 137
0 138
0 139
0 140
0 141
0 142
0 143
0 144
0 145
0 146
0 147
0 148
0 149
0 150
0 151
0 152
0 153
0 154
0 155
0 156
0 157
0 158
0 159
0 160
0 161
0 162
0 163
0 164
0 165
0 166
0 167
0 168
0 169
0 170
0 171
0 172
0 173
0 174
0 175
0 176
0 177
0 178
0 179
0 180
0 181
0 182
0 183
0 184
0 185
0 186
0 187
0 188
0 189
0 190
0 191
0 192
0 193
0 194
0 195
0 196
0 197
0 198
0 199
0 200
0 201
0 202
0 203
0 204
0 205
0 206
0 207
0 208
0 209
0 210
0 211
0 212
0 213
0 214
0 215
0 216
0 217
0 218
0 219
0 220
0 221
0 222
0 223
0 224
0 225
0 226
0 227
0 228
0 229
0 230
0 231
0 232
0 233
0 234
0 235
0 236
0 237
0 238
0 239
0 240
0 241
0 242
0 243
0 244
0 245
0 246
0 247
0 248
0 249
0 250
0 251
0 252
0 253
0 254
0 255
0 256
0 257
0 258
0 259
0 260
0 261
0 262
0 263
0 264
0 265
0 266
0 267
0 268
0 269
0 270
0 271
0 272
0 273
0 274
0 275
0 276
0 277
0 278
0 279
0 280
0 281
0 282
0 283
0 284
0 285
0 286
0 287
0 288
0 289
0 290
0 291
0 292
0 293
0 294
0 295
0 296
0 297
0 298
0 299
0 300
0 301
0 302
0 303
0 304
0 305
0 306
0 307
0 308
0 309
0 310
0 311
0 312
0 313
0 314
0 315
0 316
0 317
0 318
0 319
0 320
0 321
0 322
0 323
0 324
0 325
0 326
0 327
0 328
0 329
0 330
0 331
0 332
0 333
0 334
0 335
0 336
0 337
0 338
0 339
0 340
0 341
0 342
0 343
0 344
0 345
0 346
0 347
0 348
0 349
0 350
0 351
0 352
0 353
0 354
0 355
0 356
0 357
0 358
0 359
0 360
0 361
0 362
0 363
0 364
0 365
0 366
0 367
0 368
0 369
0 370
0 371
0 372
0 373
0 374
0 375
0 376
0 377
0 378
0 379
0 380
0 381
0 382
0 383
0 384
0 385
0 386
0 387
0 388
0 389
0 390
0 391
0 392
0 393
0 394
0 395
0 396
0 397
0 398
0 399
0 400
0 401
0 402
0 403
0 404
0 405
0 406
0 407
0 408
0 409
0 410
0 411
0 412
0 413
0 414
0 415
0 416
0 417
0 418
0 419
0 420
0 421
0 422
0 423
0 424
0 425
0 426
0 427
0 428
0 429
0 430
0 431
0 432
0 433
0 434
0 435
0 436
0 437
0 438
0 439
0 440
0 441
0 442
0 443
0 444
0 445
0 446
0 447
0 448
0 449
0 450
0 451
0 452
0 453
0 454
0 455
0 456
0 457
0 458
0 459
0 460
0 461
0 462
0 463
0 464
0 465
0 466
0 467
0 468
0 469
0 470
0 471
0 472
0 473
0 474
0 475
0 476
0 477
0 478
0 479
0 480
0 481
0 482
0 483
0 484
0 485
0 486
0 487
0 488
0 489
0 490
0 491
0 492
0 493
0 494
0 495
0 496
0 497
0 498
0 499
0 500
0 501
0 502
0 503
0 504
0 505
0 506
0 507
0 508
0 509
0 510
0 511
0 512
0 513
0 514
0 515
0 516
0 517
0 518
0 519
0 520
0 521
0 522
0 523
0 524
0 525
0 526
0 527
0 528
0 529
0 530
0 531
0 532
0 533
0 534
0 535
0 536
0 537
0 538
0 539
0 540
0 541
0 542
0 543
0 544
0 545
0 546
0 547
0 548
0 549
0 550
0 551
0 552
0 553
0 554
0 555
0 556
0 557
0 558
0 559
0 560
0 561
0 562
0 563
0 564
0 565
0 566
0 567
0 568
0 569
0 570
0 571
0 572
0 573
574 575
1 26
1 576
577 578
579 31
579 39
579 580
579 87
581 582
583 65
583 584
585 586
587 588
587 589
587 590
591 592
591 208
593 588
593 589
593 590
593 594
595 26
596 31
596 597
598 599
598 597
600 588
600 589
600 87
600 590
601 602
601 603
601 208
604 27
604 605
604 308
604 597
606 607
608 588
608 589
608 590
609 21
609 610
611 576
612 22
612 578
2 7
2 63
2 613
2 121
2 614
2 615
2 616
2 607
617 31
617 63
617 65
617 121
617 172
618 106
618 597
619 620
619 208
3 26
3 621
3 65
3 72
3 121
3 172
3 308
3 597
622 27
623 26
623 589
624 26
625 588
625 197
625 199
626 578
4 627
4 208
4 432
628 31
629 26
629 81
630 578
631 632
633 634
633 635
633 104
633 131
633 636
633 637
633 597
638 26
638 54
638 91
638 308
638 597
639 26
6 588
6 86
6 610
7 16
7 31
7 640
7 199
641 642
641 643
641 644
641 645
646 647
648 649
648 650
648 171
651 57
651 652
653 31
654 21
654 31
654 39
654 655
654 656
654 597
654 657
654 658
659 208
660 620
660 208
661 199
661 662
663 588
663 65
663 199
8 664
8 208
9 31
665 588
665 590
666 667
668 588
669 670
671 672
647 31
647 39
647 65
647 673
647 674
647 199
647 208
647 675
647 676
647 677
647 597
647 678
647 679
647 680
647 681
647 682
647 683
647 684
685 39
685 610
10 26
10 686
10 63
10 65
10 87
10 594
10 308
10 597
687 688
687 104
687 597
687 689
687 690
11 31
11 691
11 37
11 39
11 46
11 55
11 199
692 21
692 576
693 88
694 39
694 199
695 31
695 131
695 199
696 22
696 27
696 578
697 578
698 699
698 208
700 701
700 702
700 703
700 704
12 31
13 31
13 199
588 705
588 706
588 26
588 31
588 664
588 686
588 707
588 708
588 621
588 709
588 710
588 711
588 712
588 86
588 713
588 714
588 590
588 715
588 716
588 717
588 586
588 718
588 636
588 719
588 652
588 154
588 171
588 192
588 720
588 721
588 308
588 610
588 597
588 722
588 723
588 724
588 725
726 208
727 37
727 728
727 729
727 730
727 731
727 732
727 644
727 733
727 734
14 31
14 39
735 29
735 736
15 21
15 26
15 308
15 597
737 738
737 199
739 88
740 741
740 56
740 127
740 742
16 21
16 743
16 744
16 31
16 745
16 39
16 746
16 747
16 46
16 49
16 748
16 749
16 750
16 751
16 61
16 63
16 65
16 76
16 752
16 87
16 88
16 94
16 753
16 754
16 108
16 731
16 111
16 755
16 121
16 756
16 757
16 124
16 758
16 138
16 759
16 760
16 761
16 762
16 763
16 764
16 765
16 766
16 767
16 768
16 171
16 173
16 769
16 189
16 770
16 196
16 199
16 771
16 772
16 773
16 774
16 775
16 776
16 777
16 267
16 778
16 779
16 780
16 781
16 782
16 783
16 268
16 784
16 271
16 785
16 786
16 787
16 788
16 789
16 790
16 316
16 318
16 319
16 791
16 792
16 793
16 794
16 795
16 796
16 347
16 797
16 798
16 799
16 800
16 801
16 802
16 371
16 803
16 804
16 805
16 806
16 807
16 808
16 809
16 394
16 396
16 810
16 811
16 812
16 813
16 814
16 815
16 816
16 817
16 818
16 819
16 820
16 821
16 822
16 823
16 824
16 825
16 826
16 440
16 441
16 827
16 828
16 829
16 830
16 831
16 832
16 833
16 834
16 835
16 836
16 837
16 838
16 839
16 840
16 841
16 842
16 843
16 844
16 845
16 846
16 847
16 848
16 849
16 850
16 851
16 852
16 853
16 854
16 855
16 856
16 857
16 858
16 859
16 860
16 861
16 862
16 863
16 864
16 865
16 522
16 866
16 867
16 868
16 869
16 870
16 871
16 872
16 873
16 874
16 875
16 876
16 877
16 878
16 879
16 880
16 881
16 882
16 883
16 884
16 885
16 886
16 887
16 888
16 889
16 890
16 891
16 892
16 893
16 894
895 208
896 610
897 26
897 88
705 688
705 597
705 690
706 26
706 898
706 747
706 899
706 900
706 578
706 597
901 902
901 199
18 31
18 903
18 904
18 905
18 906
18 907
18 908
18 909
18 910
18 911
18 912
18 913
19 914
19 915
20 916
20 917
918 197
919 664
21 920
21 743
21 921
21 26
21 922
21 923
21 29
21 31
21 924
21 39
21 925
21 43
21 710
21 46
21 926
21 927
21 47
21 928
21 929
21 930
21 931
21 916
21 57
21 932
21 61
21 933
21 934
21 63
21 65
21 935
21 936
21 937
21 72
21 76
21 81
21 87
21 88
21 92
21 938
21 939
21 940
21 107
21 108
21 941
21 942
21 943
21 118
21 944
21 945
21 946
21 131
21 947
21 138
21 140
21 948
21 949
21 950
21 143
21 951
21 952
21 953
21 954
21 955
21 956
21 957
21 958
21 155
21 959
21 960
21 164
21 166
21 961
21 614
21 962
21 171
21 172
21 963
21 964
21 965
21 966
21 185
21 967
21 968
21 969
21 970
21 599
21 971
21 972
21 973
21 974
21 975
21 976
21 197
21 199
21 977
21 200
21 978
21 979
21 980
21 203
21 981
21 211
21 212
21 216
21 982
21 233
21 234
21 983
21 984
21 985
21 986
21 987
21 250
21 251
21 988
21 989
21 990
21 991
21 257
21 258
21 259
21 260
21 265
21 268
21 992
21 993
21 994
21 995
21 996
21 997
21 998
21 999
21 1000
21 1001
21 576
21 1002
21 1003
21 1004
21 1005
21 304
21 1006
21 1007
21 1008
21 1009
21 1010
21 1011
21 315
21 316
21 317
21 318
21 319
21 1012
21 1013
21 1014
21 1015
21 1016
21 1017
21 1018
21 332
21 333
21 334
21 335
21 1019
21 1020
21 1021
21 1022
21 656
21 1023
21 1024
21 1025
21 350
21 578
21 607
21 1026
21 353
21 1027
21 354
21 1028
21 1029
21 1030
21 1031
21 1032
21 1033
21 1034
21 1035
21 1036
21 1037
21 1038
21 371
21 372
21 373
21 1039
21 1040
21 1041
21 1042
21 1043
21 1044
21 1045
21 1046
21 1047
21 1048
21 1049
21 1050
21 1051
21 1052
21 1053
21 1054
21 1055
21 1056
21 393
21 394
21 395
21 396
21 1057
21 1058
21 399
21 400
21 1059
21 1060
21 1061
21 401
21 1062
21 1063
21 1064
21 1065
21 1066
21 1067
21 1068
21 1069
21 1070
21 410
21 1071
21 1072
21 1073
21 1074
21 1075
21 1076
21 1077
21 417
21 1078
21 1079
21 1080
21 1081
21 1082
21 1083
21 420
21 421
21 422
21 423
21 424
21 425
21 426
21 427
21 428
21 429
21 430
21 1084
21 431
21 1085
21 1086
21 1087
21 1088
21 1089
21 1090
21 1091
21 1092
21 438
21 440
21 441
21 1093
21 1094
21 1095
21 1096
21 1097
21 1098
21 1099
21 1100
21 1101
21 1102
21 1103
21 1104
21 1105
21 1106
21 1107
21 1108
21 1109
21 1110
21 1111
21 1112
21 1113
21 831
21 1114
21 1115
21 1116
21 1117
21 1118
21 1119
21 1120
21 1121
21 1122
21 1123
21 1124
21 1125
21 1126
21 1127
21 1128
21 1129
21 1130
21 658
21 1131
21 1132
21 1133
21 1134
21 1135
21 1136
21 1137
21 1138
21 1139
21 1140
21 1141
21 1142
21 1143
21 1144
21 1145
21 464
21 1146
21 1147
21 1148
21 1149
21 1150
21 1151
21 1152
21 1153
21 1154
21 1155
21 1156
21 1157
21 1158
21 1159
21 1160
21 1161
21 1162
21 470
21 1163
21 1164
21 1165
21 1166
21 1167
21 1168
21 1169
21 1170
21 475
21 476
21 478
21 1171
21 1172
21 1173
21 1174
21 1175
21 1176
21 1177
21 1178
21 1179
21 1180
21 1181
21 1182
21 1183
21 1184
21 1185
21 1186
21 1187
21 1188
21 1189
21 1190
21 1191
21 1192
21 1193
21 1194
21 1195
21 1196
21 1197
21 1198
21 1199
21 1200
21 1201
21 1202
21 1203
21 1204
21 1205
21 1206
21 1207
21 1208
21 1209
21 1210
21 1211
21 1212
21 1213
21 1214
21 1215
21 1216
21 1217
21 1218
21 1219
21 1220
21 1221
21 1222
21 1223
21 1224
21 1225
21 1226
21 1227
21 1228
21 1229
21 1230
21 1231
21 1232
21 1233
21 1234
21 1235
21 1236
21 1237
21 1238
21 1239
21 1240
21 1241
21 1242
21 1243
21 1244
21 1245
21 1246
21 1247
21 504
21 1248
21 1249
21 1250
21 1251
21 1252
21 1253
21 1254
21 1255
21 1256
21 1257
21 1258
21 1259
21 1260
21 1261
21 1262
21 1263
21 1264
21 1265
21 865
21 1266
21 1267
21 1268
21 1269
21 519
21 1270
21 1271
21 1272
21 1273
21 1274
21 1275
21 1276
21 1277
21 1278
21 1279
21 1280
21 1281
21 1282
21 1283
21 1284
21 1285
21 1286
21 1287
21 1288
21 1289
21 1290
21 1291
21 1292
21 1293
21 1294
21 1295
21 1296
21 1297
21 1298
21 1299
21 1300
21 1301
21 1302
21 1303
21 1304
21 1305
21 1306
21 1307
21 1308
21 1309
21 1310
21 1311
21 1312
21 1313
21 1314
21 1315
21 1316
21 1317
21 1318
21 1319
21 1320
21 1321
21 1322
21 1323
21 1324
21 1325
21 1326
21 1327
21 1328
21 1329
21 1330
21 1331
21 1332
21 1333
21 1334
21 1335
21 1336
21 1337
21 1338
21 1339
21 1340
21 1341
21 1342
21 1343
21 1344
21 1345
21 1346
21 1347
21 555
21 1348
21 1349
21 1350
21 885
21 1351
21 1352
21 1353
21 1354
21 1355
21 1356
21 1357
21 1358
21 1359
21 1360
21 1361
21 1362
21 1363
21 1364
21 1365
21 1366
21 1367
21 1368
21 1369
21 1370
21 1371
21 1372
21 1373
21 1374
21 1375
21 1376
21 1377
21 1378
21 1379
21 1380
21 1381
21 1382
21 1383
21 1384
1385 104
1385 1386
1385 597
1387 664
1388 1389
1388 1390
1388 1391
1392 1393
1392 984
1392 597
22 63
22 65
22 1394
22 121
22 1395
22 1396
22 1397
22 1398
22 1399
22 172
22 1400
22 1401
1402 1403
1404 65
920 1405
920 26
920 1406
920 61
920 1407
920 65
920 88
920 107
920 143
920 171
920 172
920 597
920 1408
920 1313
920 1335
1405 39
1409 1410
1411 39
1412 208
1413 664
1414 208
1415 1416
1417 65
1418 166
1419 27
1419 1420
1421 1422
1421 171
1421 1423
1421 1424
1421 1425
1426 664
1427 65
1427 1428
1427 1429
1427 171
1427 1430
1427 1431
1427 1432
1427 1433
1427 1434
1427 1435
1427 1436
24 1437
24 1438
24 1439
743 1440
743 691
743 1441
743 1442
743 1443
743 1444
743 1445
743 46
743 1446
743 1447
743 1448
743 1449
743 1450
743 1451
743 1452
743 1453
743 53
743 1389
743 1454
743 1455
743 1456
743 1457
743 72
743 1458
743 1459
743 1460
743 1461
743 1462
743 1463
743 1464
743 88
743 1465
743 1466
743 1467
743 1468
743 1469
743 1470
743 1471
743 172
743 1472
743 1473
743 1474
743 1475
743 1476
743 1477
743 1478
743 1479
743 1480
743 1481
743 268
743 1482
743 1040
743 1483
743 1484
743 1485
743 1486
743 1487
743 1488
743 1489
743 1490
743 1491
743 1492
743 1493
743 1494
743 1495
743 1496
743 1497
743 1498
743 1499
743 1500
743 1501
743 1502
743 1503
743 1504
743 1505
743 1506
743 1507
1508 1509
1508 1510
1508 1511
1512 26
1513 26
26 27
26 1514
26 28
26 922
26 1515
26 29
26 592
26 1516
26 30
26 31
26 582
26 1517
26 686
26 39
26 747
26 45
26 47
26 1518
26 711
26 52
26 1519
26 55
26 1520
26 57
26 58
26 1390
26 1521
26 61
26 63
26 65
26 1522
26 72
26 75
26 76
26 1523
26 1524
26 1525
26 1526
26 1527
26 83
26 87
26 88
26 1528
26 613
26 100
26 106
26 107
26 108
26 1529
26 111
26 116
26 120
26 121
26 123
26 125
26 1530
26 131
26 137
26 138
26 640
26 143
26 594
26 1531
26 151
26 153
26 154
26 158
26 1532
26 164
26 768
26 169
26 1533
26 1534
26 614
26 171
26 172
26 1423
26 180
26 1535
26 1536
26 188
26 1537
26 199
26 1393
26 208
26 1538
26 1539
26 230
26 242
26 1540
26 248
26 704
26 271
26 1541
26 1542
26 1543
26 308
26 326
26 331
26 578
26 607
26 597
26 1544
26 1545
26 385
26 410
26 1546
1547 664
1547 166
27 31
27 39
27 1548
27 1549
27 747
27 1550
27 711
27 1551
27 61
27 63
27 65
27 76
27 88
27 108
27 111
27 121
27 1552
27 594
27 768
27 614
27 171
27 172
27 1423
27 189
27 199
27 231
27 268
27 1553
27 597
27 1420
1554 208
1555 578
1556 65
1556 584
602 1557
602 1558
602 1559
602 208
1560 208
744 171
744 1423
744 1424
744 1561
1514 1562
28 63
28 121
28 703
28 704
28 308
28 597
1563 664
699 664
1564 664
1565 1566
1567 664
1568 664
1569 1403
1570 1403
1566 50
1571 50
1572 664
1573 50
922 1517
922 1446
922 63
922 121
922 138
922 268
922 703
922 308
922 597
1440 1574
1440 1575
1440 72
1440 121
1440 1576
1440 1577
1440 1578
1440 172
1440 1579
1440 1580
1440 1581
1440 1582
1440 1583
1440 1584
1440 1585
1440 1586
1440 268
1440 1587
1440 1588
1440 1589
1440 1590
1440 1591
1440 1592
1440 1593
1440 1594
1440 1595
1440 1596
1440 1597
1440 1598
1440 1599
1440 1600
1440 1601
1440 1602
1440 1603
1440 1604
1440 1605
1440 1606
1607 208
1607 1608
1609 1610
1609 1611
1612 123
1410 923
1410 1613
1410 1614
1410 1615
1410 171
1410 1423
1410 1616
1410 1617
1410 1618
1410 1619
1410 1620
1574 72
1621 88
1621 208
1622 31
1622 576
1623 74
1623 1624
1623 1472
1623 1625
1623 268
1623 703
1623 704
1626 76
1627 1610
1515 664
1515 1403
1515 39
1515 1628
1515 747
1515 50
1515 61
1515 65
1515 88
1515 107
1515 1629
1515 768
1515 614
1515 172
1630 664
923 31
923 1631
923 1632
923 1633
923 39
923 1634
923 63
923 87
923 88
923 1635
923 121
923 1636
923 1637
923 171
923 172
923 1423
923 179
923 1638
923 1639
923 1640
923 1641
923 1642
923 1643
923 265
923 1644
923 1645
923 1646
923 1647
923 1648
923 1649
923 1650
923 1651
923 810
923 1652
923 1653
923 1654
923 1655
923 1656
923 1657
923 1658
923 1659
923 1660
923 1661
923 1662
923 1663
923 1664
923 1665
923 1666
923 1667
923 1668
923 1669
923 1670
923 1671
1672 1673
1674 208
29 39
29 1549
29 57
29 63
29 736
29 72
29 87
29 88
29 121
29 132
29 1675
29 268
29 308
29 1676
29 1677
29 1146
29 1678
1679 902
1680 1633
1680 1423
1680 1681
1682 1403
1683 664
1683 1684
1685 1403
1686 664
1686 1403
1687 1403
1688 31
1688 620
1689 50
1690 1691
592 39
592 747
592 65
592 88
592 111
592 1552
592 594
592 172
592 199
592 208
592 597
1692 1693
1692 1694
1695 1696
1695 1451
1509 1697
1509 1698
1509 72
1509 1576
1509 172
1509 189
1509 1699
1509 268
1509 703
1509 704
1509 1482
1509 1700
1509 1701
1702 126
1516 63
1516 65
1516 72
1516 87
1516 121
1516 132
1516 172
1516 1423
1516 231
1516 308
1516 597
1516 1703
1704 1638
1705 31
1705 1706
1705 1707
1705 1708
1705 1709
1705 1710
1705 1711
1705 1712
1705 1713
1705 1714
1705 1715
1705 1716
1705 1717
1705 1562
1705 1718
1705 1719
1705 1720
30 121
30 597
1721 199
31 691
31 741
31 1722
31 1723
31 32
31 33
31 1724
31 1725
31 1726
31 1727
31 1728
31 649
31 1729
31 39
31 1730
31 1731
31 1732
31 902
31 1733
31 43
31 1734
31 1735
31 1736
31 1737
31 44
31 1738
31 1739
31 747
31 1740
31 45
31 46
31 926
31 1741
31 670
31 1742
31 1743
31 1744
31 49
31 1745
31 1746
31 1747
31 1748
31 1749
31 1750
31 1751
31 52
31 1752
31 1753
31 930
31 931
31 1406
31 1754
31 1755
31 1756
31 1757
31 1758
31 55
31 916
31 1759
31 1760
31 57
31 58
31 59
31 738
31 1761
31 1762
31 1510
31 61
31 1763
31 1764
31 1765
31 1766
31 1767
31 63
31 1768
31 64
31 1769
31 1770
31 1771
31 65
31 935
31 1772
31 66
31 67
31 936
31 937
31 1773
31 1774
31 68
31 72
31 1460
31 76
31 77
31 1775
31 1776
31 80
31 1777
31 83
31 1778
31 84
31 1779
31 85
31 87
31 1780
31 1781
31 88
31 1528
31 1782
31 1783
31 89
31 1784
31 1785
31 1786
31 1787
31 1788
31 1789
31 92
31 713
31 1790
31 1791
31 1792
31 1793
31 1794
31 1795
31 94
31 1796
31 97
31 1797
31 99
31 1798
31 1799
31 1800
31 1801
31 100
31 1802
31 1803
31 1804
31 1805
31 1806
31 1807
31 1808
31 1809
31 102
31 1810
31 1811
31 105
31 106
31 1812
31 1813
31 753
31 107
31 1814
31 108
31 109
31 1815
31 1816
31 1817
31 1818
31 1529
31 1819
31 1820
31 111
31 1821
31 1822
31 1437
31 1823
31 1824
31 113
31 1825
31 114
31 1826
31 1827
31 115
31 1828
31 1829
31 116
31 117
31 1830
31 1831
31 1832
31 1833
31 1834
31 1835
31 1836
31 1837
31 1838
31 1839
31 1840
31 1841
31 1842
31 1843
31 1844
31 121
31 1845
31 122
31 1846
31 1847
31 1848
31 756
31 757
31 125
31 1849
31 1850
31 1851
31 1852
31 1853
31 1854
31 1855
31 644
31 126
31 1856
31 127
31 1857
31 945
31 1858
31 1859
31 1860
31 1861
31 1862
31 1863
31 946
31 1864
31 1865
31 1866
31 128
31 1867
31 1868
31 1869
31 1870
31 1871
31 1872
31 1873
31 1874
31 1875
31 1876
31 1877
31 1878
31 131
31 1879
31 1880
31 947
31 1881
31 586
31 1882
31 132
31 1883
31 1884
31 133
31 134
31 1885
31 1886
31 1887
31 138
31 1888
31 1889
31 139
31 1890
31 640
31 140
31 1891
31 1892
31 1893
31 1894
31 1895
31 1896
31 1897
31 1898
31 951
31 1899
31 1900
31 1901
31 144
31 146
31 1902
31 1903
31 1904
31 1905
31 1906
31 1907
31 1908
31 1909
31 1910
31 148
31 1911
31 1912
31 1913
31 1914
31 1915
31 1916
31 1917
31 1918
31 1552
31 1919
31 1920
31 1921
31 594
31 953
31 1922
31 1675
31 1923
31 1924
31 151
31 1925
31 152
31 955
31 1926
31 153
31 1927
31 956
31 1636
31 762
31 957
31 958
31 155
31 959
31 1928
31 1929
31 1930
31 1931
31 1932
31 156
31 1933
31 1934
31 157
31 1935
31 1936
31 1937
31 1532
31 764
31 1938
31 160
31 161
31 1939
31 1940
31 960
31 1941
31 1942
31 1943
31 1944
31 1945
31 1946
31 1637
31 1947
31 766
31 1948
31 767
31 1949
31 1950
31 1951
31 1952
31 1953
31 1954
31 1955
31 1956
31 1957
31 1958
31 1959
31 1960
31 1961
31 1962
31 1963
31 168
31 768
31 1964
31 169
31 1965
31 1966
31 1967
31 1968
31 1969
31 1970
31 170
31 1971
31 907
31 1972
31 1973
31 171
31 1974
31 1975
31 172
31 1976
31 173
31 1977
31 174
31 1978
31 1979
31 1980
31 1981
31 1982
31 1983
31 1984
31 1430
31 176
31 1985
31 1986
31 964
31 1987
31 1988
31 1989
31 1990
31 1991
31 1992
31 1424
31 178
31 1993
31 1994
31 1995
31 179
31 180
31 181
31 1996
31 183
31 1997
31 1998
31 184
31 965
31 1999
31 2000
31 2001
31 185
31 2002
31 2003
31 2004
31 2005
31 967
31 186
31 2006
31 1536
31 2007
31 188
31 189
31 2008
31 2009
31 190
31 968
31 969
31 2010
31 192
31 2011
31 2012
31 971
31 2013
31 2014
31 972
31 193
31 974
31 2015
31 2016
31 2017
31 194
31 2018
31 975
31 196
31 199
31 977
31 2019
31 2020
31 2021
31 2022
31 2023
31 2024
31 2025
31 2026
31 979
31 2027
31 2028
31 980
31 2029
31 2030
31 2031
31 2032
31 2033
31 2034
31 2035
31 2036
31 2037
31 203
31 2038
31 2039
31 2040
31 205
31 207
31 2041
31 2042
31 2043
31 210
31 2044
31 1538
31 213
31 2045
31 2046
31 2047
31 2048
31 2049
31 2050
31 2051
31 2052
31 215
31 2053
31 216
31 217
31 218
31 2054
31 2055
31 219
31 2056
31 2057
31 2058
31 220
31 2059
31 2060
31 2061
31 2062
31 222
31 2063
31 2064
31 223
31 2065
31 2066
31 2067
31 2068
31 2069
31 2070
31 2071
31 2072
31 226
31 2073
31 2074
31 2075
31 2076
31 228
31 2077
31 2078
31 982
31 2079
31 914
31 2080
31 2081
31 2082
31 2083
31 2084
31 2085
31 2086
31 2087
31 773
31 2088
31 234
31 2089
31 2090
31 2091
31 2092
31 2093
31 2094
31 1641
31 774
31 2095
31 1642
31 2096
31 235
31 2097
31 2098
31 2099
31 2100
31 2101
31 2102
31 984
31 2103
31 2104
31 2105
31 237
31 238
31 2106
31 2107
31 2108
31 2109
31 2110
31 2111
31 2112
31 2113
31 2114
31 2115
31 240
31 2116
31 2117
31 2118
31 242
31 243
31 2119
31 2120
31 2121
31 2122
31 1540
31 2123
31 2124
31 247
31 248
31 2125
31 249
31 2126
31 2127
31 2128
31 2129
31 2130
31 989
31 2131
31 2132
31 1684
31 2133
31 2134
31 253
31 2135
31 2136
31 2137
31 2138
31 2139
31 254
31 2140
31 2141
31 255
31 2142
31 261
31 2143
31 2144
31 2145
31 2146
31 2147
31 2148
31 2149
31 2150
31 2151
31 263
31 2152
31 2153
31 2154
31 2155
31 2156
31 2157
31 2158
31 2159
31 2160
31 2161
31 2162
31 1480
31 2163
31 2164
31 2165
31 2166
31 2167
31 2168
31 2169
31 2170
31 2171
31 268
31 269
31 270
31 704
31 2172
31 2173
31 2174
31 2175
31 2176
31 2177
31 2178
31 2179
31 2180
31 2181
31 2182
31 2183
31 2184
31 992
31 2185
31 2186
31 2187
31 2188
31 2189
31 2190
31 2191
31 2192
31 2193
31 2194
31 2195
31 2196
31 2197
31 2198
31 2199
31 2200
31 2201
31 2202
31 2203
31 2204
31 2205
31 275
31 2206
31 2207
31 2208
31 2209
31 2210
31 2211
31 2212
31 2213
31 2214
31 2215
31 2216
31 2217
31 2218
31 2219
31 2220
31 2221
31 281
31 2222
31 2223
31 2224
31 2225
31 995
31 2226
31 786
31 2227
31 2228
31 2229
31 2230
31 996
31 284
31 2231
31 2232
31 2233
31 2234
31 2235
31 2236
31 2237
31 2238
31 2239
31 632
31 2240
31 2241
31 2242
31 2243
31 287
31 2244
31 2245
31 288
31 289
31 2246
31 2247
31 2248
31 2249
31 1001
31 2250
31 2251
31 2252
31 2253
31 293
31 2254
31 2255
31 2256
31 2257
31 2258
31 2259
31 2260
31 2261
31 2262
31 2263
31 296
31 297
31 2264
31 1002
31 2265
31 2266
31 2267
31 2268
31 2269
31 2270
31 299
31 2271
31 2272
31 2273
31 2274
31 2275
31 2276
31 2277
31 2278
31 2279
31 1005
31 2280
31 2281
31 2282
31 2283
31 2284
31 2285
31 2286
31 2287
31 2288
31 1008
31 2289
31 309
31 2290
31 2291
31 310
31 2292
31 2293
31 2294
31 311
31 1009
31 1010
31 2295
31 2296
31 312
31 2297
31 2298
31 2299
31 2300
31 2301
31 2302
31 909
31 2303
31 2304
31 2305
31 2306
31 1011
31 2307
31 2308
31 2309
31 2310
31 2311
31 2312
31 315
31 2313
31 2314
31 316
31 317
31 318
31 319
31 2315
31 1012
31 2316
31 2317
31 320
31 2318
31 321
31 791
31 2319
31 2320
31 2321
31 2322
31 322
31 2323
31 2324
31 2325
31 2326
31 1013
31 2327
31 2328
31 2329
31 2330
31 2331
31 2332
31 2333
31 2334
31 2335
31 2336
31 2337
31 2338
31 2339
31 2340
31 2341
31 2342
31 2343
31 1016
31 2344
31 2345
31 1647
31 329
31 2346
31 2347
31 2348
31 2349
31 1018
31 330
31 2350
31 2351
31 2352
31 2353
31 2354
31 2355
31 2356
31 2357
31 2358
31 2359
31 2360
31 2361
31 2362
31 2363
31 2364
31 2365
31 2366
31 2367
31 2368
31 2369
31 2370
31 2371
31 2372
31 2373
31 2374
31 2375
31 2376
31 2377
31 2378
31 2379
31 2380
31 337
31 2381
31 2382
31 2383
31 2384
31 1022
31 2385
31 2386
31 2387
31 2388
31 2389
31 2390
31 1023
31 2391
31 2392
31 340
31 2393
31 2394
31 2395
31 341
31 2396
31 794
31 2397
31 2398
31 345
31 2399
31 2400
31 2401
31 2402
31 2403
31 2404
31 2405
31 795
31 2406
31 2407
31 2408
31 2409
31 2410
31 2411
31 347
31 2412
31 2413
31 2414
31 348
31 2415
31 2416
31 2417
31 351
31 2418
31 2419
31 2420
31 352
31 2421
31 2422
31 2423
31 2424
31 2425
31 2426
31 1026
31 2427
31 2428
31 2429
31 797
31 1027
31 2430
31 2431
31 798
31 2432
31 2433
31 357
31 2434
31 2435
31 2436
31 2437
31 2438
31 2439
31 1029
31 2440
31 2441
31 2442
31 2443
31 360
31 2444
31 2445
31 2446
31 575
31 2447
31 2448
31 2449
31 2450
31 2451
31 1031
31 2452
31 2453
31 2454
31 2455
31 2456
31 2457
31 2458
31 2459
31 2460
31 2461
31 2462
31 2463
31 2464
31 2465
31 2466
31 2467
31 2468
31 2469
31 2470
31 2471
31 364
31 1033
31 2472
31 2473
31 2474
31 2475
31 2476
31 2477
31 2478
31 2479
31 366
31 2480
31 2481
31 2482
31 2483
31 2484
31 367
31 722
31 2485
31 2486
31 2487
31 2488
31 2489
31 2490
31 2491
31 2492
31 1035
31 2493
31 2494
31 2495
31 2496
31 1036
31 2497
31 2498
31 2499
31 2500
31 2501
31 2502
31 2503
31 2504
31 2505
31 2506
31 2507
31 2508
31 2509
31 802
31 2510
31 2511
31 2512
31 2513
31 2514
31 369
31 2515
31 2516
31 2517
31 2518
31 2519
31 371
31 372
31 373
31 2520
31 374
31 2521
31 2522
31 2523
31 2524
31 2525
31 2526
31 2527
31 2528
31 2529
31 2530
31 2531
31 2532
31 2533
31 2534
31 1545
31 2535
31 377
31 2536
31 2537
31 2538
31 2539
31 2540
31 804
31 2541
31 2542
31 2543
31 2544
31 2545
31 2546
31 2547
31 2548
31 2549
31 2550
31 805
31 2551
31 2552
31 2553
31 2554
31 2555
31 2556
31 2557
31 2558
31 2559
31 2560
31 2561
31 2562
31 2563
31 2564
31 2565
31 386
31 2566
31 2567
31 2568
31 2569
31 1051
31 2570
31 387
31 388
31 2571
31 2572
31 2573
31 2574
31 390
31 1054
31 2575
31 391
31 2576
31 2577
31 2578
31 2579
31 808
31 2580
31 2581
31 2582
31 809
31 2583
31 2584
31 2585
31 2586
31 1056
31 2587
31 2588
31 393
31 394
31 395
31 396
31 2589
31 810
31 2590
31 2591
31 2592
31 2593
31 2594
31 2595
31 2596
31 2597
31 2598
31 2599
31 2600
31 811
31 2601
31 2602
31 2603
31 2604
31 2605
31 2606
31 2607
31 2608
31 2609
31 2610
31 2611
31 2612
31 1490
31 2613
31 2614
31 2615
31 2616
31 2617
31 2618
31 2619
31 2620
31 2621
31 2622
31 2623
31 406
31 2624
31 2625
31 2626
31 2627
31 408
31 2628
31 2629
31 2630
31 2631
31 2632
31 409
31 2633
31 1070
31 410
31 2634
31 412
31 2635
31 2636
31 2637
31 2638
31 2639
31 2640
31 2641
31 2642
31 1073
31 413
31 2643
31 2644
31 2645
31 2646
31 415
31 2647
31 2648
31 2649
31 1077
31 2650
31 2651
31 2652
31 2653
31 2654
31 2655
31 2656
31 2657
31 2658
31 2659
31 2660
31 2661
31 2662
31 2663
31 2664
31 2665
31 2666
31 2667
31 2668
31 2669
31 2670
31 2671
31 2672
31 2673
31 1081
31 2674
31 2675
31 2676
31 2677
31 2678
31 2679
31 820
31 1082
31 2680
31 2681
31 2682
31 2683
31 2684
31 2685
31 2686
31 2687
31 2688
31 2689
31 2690
31 2691
31 2692
31 2693
31 2694
31 2695
31 822
31 2696
31 2697
31 2698
31 2699
31 419
31 823
31 2700
31 2701
31 2702
31 2703
31 2704
31 2705
31 2706
31 2707
31 2708
31 2709
31 2710
31 1085
31 2711
31 2712
31 2713
31 434
31 2714
31 2715
31 2716
31 1088
31 2717
31 2718
31 2719
31 2720
31 825
31 2721
31 2722
31 436
31 2723
31 2724
31 1654
31 2725
31 437
31 2726
31 1092
31 438
31 439
31 440
31 441
31 2727
31 1093
31 2728
31 2729
31 2730
31 2731
31 2732
31 1094
31 445
31 2733
31 2734
31 2735
31 446
31 2736
31 2737
31 2738
31 448
31 449
31 2739
31 2740
31 1096
31 1097
31 2741
31 2742
31 1098
31 2743
31 829
31 2744
31 2745
31 2746
31 2747
31 2748
31 2749
31 2750
31 451
31 2751
31 1101
31 2752
31 2753
31 2754
31 452
31 2755
31 2756
31 2757
31 2758
31 2759
31 830
31 2760
31 2761
31 1103
31 2762
31 2763
31 1104
31 2764
31 2765
31 2766
31 2767
31 2768
31 2769
31 2770
31 2771
31 2772
31 2773
31 2774
31 2775
31 1108
31 2776
31 2777
31 1111
31 2778
31 2779
31 2780
31 1112
31 2781
31 2782
31 2783
31 831
31 2784
31 2785
31 2786
31 2787
31 2788
31 456
31 2789
31 2790
31 2791
31 2792
31 2793
31 2794
31 2795
31 2796
31 2797
31 2798
31 2799
31 2800
31 2801
31 1656
31 2802
31 2803
31 2804
31 1120
31 1123
31 2805
31 832
31 2806
31 2807
31 2808
31 2809
31 2810
31 2811
31 1126
31 2812
31 2813
31 459
31 2814
31 2815
31 833
31 2816
31 2817
31 2818
31 2819
31 2820
31 2821
31 1128
31 2822
31 2823
31 2824
31 2825
31 2826
31 2827
31 2828
31 2829
31 2830
31 2831
31 2832
31 2833
31 2834
31 2835
31 2836
31 2837
31 1133
31 2838
31 2839
31 2840
31 2841
31 2842
31 2843
31 2844
31 2845
31 2846
31 2847
31 2848
31 2849
31 2850
31 2851
31 2852
31 1143
31 2853
31 2854
31 2855
31 2856
31 1659
31 2857
31 2858
31 2859
31 2860
31 2861
31 2862
31 2863
31 1546
31 2864
31 2865
31 836
31 2866
31 2867
31 2868
31 2869
31 2870
31 465
31 1660
31 2871
31 1151
31 2872
31 466
31 2873
31 1154
31 2874
31 2875
31 2876
31 2877
31 2878
31 2879
31 2880
31 2881
31 838
31 2882
31 2883
31 2884
31 2885
31 839
31 2886
31 2887
31 470
31 2888
31 2889
31 2890
31 472
31 2891
31 2892
31 1662
31 2893
31 2894
31 473
31 2895
31 1166
31 2896
31 1167
31 2897
31 2898
31 2899
31 2900
31 2901
31 2902
31 2903
31 2904
31 2905
31 2906
31 475
31 476
31 477
31 478
31 2907
31 1172
31 2908
31 479
31 1174
31 2909
31 2910
31 2911
31 1175
31 1176
31 2912
31 2913
31 2914
31 2915
31 2916
31 2917
31 2918
31 1663
31 2919
31 2920
31 2921
31 2922
31 2923
31 2924
31 2925
31 1182
31 2926
31 2927
31 1183
31 2928
31 2929
31 2930
31 2931
31 2932
31 2933
31 2934
31 2935
31 1187
31 2936
31 1190
31 2937
31 2938
31 482
31 2939
31 1192
31 2940
31 2941
31 2942
31 2943
31 2944
31 2945
31 1198
31 483
31 2946
31 2947
31 2948
31 2949
31 2950
31 2951
31 2952
31 2953
31 1201
31 2954
31 2955
31 2956
31 2957
31 2958
31 2959
31 2960
31 2961
31 1204
31 2962
31 2963
31 1205
31 2964
31 2965
31 2966
31 2967
31 2968
31 2969
31 2970
31 1207
31 2971
31 1209
31 2972
31 1210
31 2973
31 2974
31 2975
31 1213
31 2976
31 1214
31 2977
31 2978
31 2979
31 2980
31 2981
31 2982
31 485
31 2983
31 2984
31 2985
31 2986
31 2987
31 2988
31 2989
31 2990
31 2991
31 2992
31 2993
31 2994
31 2995
31 2996
31 1216
31 1217
31 2997
31 2998
31 2999
31 1218
31 843
31 3000
31 487
31 3001
31 3002
31 3003
31 3004
31 3005
31 1220
31 3006
31 3007
31 3008
31 3009
31 3010
31 3011
31 3012
31 3013
31 3014
31 3015
31 3016
31 3017
31 3018
31 3019
31 3020
31 3021
31 3022
31 3023
31 3024
31 1425
31 3025
31 3026
31 3027
31 3028
31 3029
31 3030
31 3031
31 3032
31 3033
31 3034
31 3035
31 3036
31 3037
31 3038
31 3039
31 3040
31 3041
31 3042
31 3043
31 3044
31 3045
31 3046
31 3047
31 3048
31 3049
31 3050
31 3051
31 3052
31 492
31 3053
31 3054
31 3055
31 854
31 3056
31 3057
31 3058
31 3059
31 3060
31 3061
31 3062
31 3063
31 3064
31 3065
31 3066
31 3067
31 3068
31 3069
31 3070
31 3071
31 1231
31 3072
31 3073
31 495
31 3074
31 3075
31 1237
31 3076
31 3077
31 3078
31 3079
31 3080
31 3081
31 3082
31 3083
31 3084
31 3085
31 3086
31 3087
31 3088
31 3089
31 3090
31 3091
31 3092
31 3093
31 3094
31 3095
31 3096
31 3097
31 3098
31 3099
31 1242
31 3100
31 3101
31 3102
31 3103
31 3104
31 3105
31 500
31 3106
31 3107
31 3108
31 501
31 3109
31 3110
31 3111
31 3112
31 3113
31 3114
31 3115
31 3116
31 3117
31 3118
31 3119
31 503
31 3120
31 1247
31 3121
31 3122
31 506
31 1248
31 3123
31 508
31 3124
31 3125
31 3126
31 3127
31 3128
31 3129
31 3130
31 3131
31 3132
31 3133
31 3134
31 3135
31 3136
31 3137
31 3138
31 1250
31 3139
31 511
31 3140
31 3141
31 3142
31 3143
31 3144
31 513
31 3145
31 3146
31 3147
31 3148
31 1254
31 3149
31 3150
31 3151
31 1256
31 3152
31 3153
31 3154
31 3155
31 1258
31 3156
31 3157
31 3158
31 3159
31 3160
31 3161
31 862
31 3162
31 3163
31 3164
31 3165
31 3166
31 3167
31 3168
31 3169
31 3170
31 3171
31 518
31 3172
31 3173
31 3174
31 3175
31 3176
31 3177
31 3178
31 1261
31 3179
31 3180
31 3181
31 3182
31 3183
31 3184
31 3185
31 3186
31 3187
31 3188
31 3189
31 1264
31 3190
31 3191
31 3192
31 3193
31 3194
31 3195
31 3196
31 3197
31 865
31 3198
31 3199
31 3200
31 3201
31 3202
31 3203
31 3204
31 3205
31 3206
31 3207
31 1408
31 3208
31 3209
31 1269
31 3210
31 519
31 1270
31 3211
31 3212
31 3213
31 520
31 3214
31 521
31 3215
31 3216
31 3217
31 3218
31 3219
31 3220
31 3221
31 3222
31 3223
31 1272
31 3224
31 3225
31 3226
31 3227
31 3228
31 3229
31 3230
31 3231
31 1275
31 3232
31 3233
31 3234
31 3235
31 3236
31 1279
31 1280
31 3237
31 3238
31 3239
31 3240
31 3241
31 3242
31 3243
31 3244
31 3245
31 3246
31 3247
31 523
31 3248
31 3249
31 3250
31 3251
31 3252
31 3253
31 3254
31 3255
31 3256
31 3257
31 3258
31 3259
31 3260
31 3261
31 1287
31 3262
31 3263
31 3264
31 3265
31 3266
31 3267
31 3268
31 3269
31 525
31 3270
31 3271
31 3272
31 3273
31 3274
31 3275
31 3276
31 3277
31 3278
31 3279
31 3280
31 3281
31 3282
31 3283
31 3284
31 3285
31 3286
31 527
31 3287
31 3288
31 3289
31 3290
31 3291
31 3292
31 1291
31 3293
31 3294
31 3295
31 3296
31 870
31 3297
31 3298
31 3299
31 3300
31 1295
31 530
31 531
31 3301
31 3302
31 3303
31 3304
31 3305
31 3306
31 3307
31 3308
31 3309
31 3310
31 1302
31 3311
31 3312
31 3313
31 3314
31 3315
31 3316
31 3317
31 3318
31 3319
31 3320
31 3321
31 534
31 1304
31 3322
31 1305
31 3323
31 1306
31 3324
31 3325
31 1307
31 3326
31 3327
31 3328
31 3329
31 3330
31 3331
31 3332
31 3333
31 3334
31 3335
31 3336
31 3337
31 3338
31 539
31 3339
31 3340
31 3341
31 3342
31 540
31 3343
31 3344
31 873
31 3345
31 3346
31 1315
31 3347
31 3348
31 3349
31 3350
31 3351
31 1317
31 3352
31 3353
31 3354
31 3355
31 3356
31 3357
31 3358
31 3359
31 3360
31 3361
31 3362
31 3363
31 3364
31 3365
31 3366
31 3367
31 3368
31 3369
31 3370
31 541
31 3371
31 3372
31 3373
31 3374
31 3375
31 3376
31 3377
31 3378
31 1325
31 3379
31 3380
31 3381
31 877
31 3382
31 3383
31 3384
31 3385
31 3386
31 3387
31 3388
31 3389
31 1331
31 878
31 3390
31 3391
31 3392
31 548
31 879
31 3393
31 549
31 550
31 3394
31 3395
31 3396
31 3397
31 3398
31 1338
31 3399
31 3400
31 1341
31 3401
31 3402
31 3403
31 3404
31 3405
31 3406
31 3407
31 3408
31 1345
31 3409
31 3410
31 3411
31 3412
31 3413
31 1669
31 3414
31 3415
31 3416
31 3417
31 3418
31 3419
31 3420
31 3421
31 3422
31 3423
31 3424
31 556
31 3425
31 3426
31 3427
31 557
31 559
31 3428
31 3429
31 3430
31 3431
31 3432
31 3433
31 3434
31 3435
31 3436
31 3437
31 3438
31 3439
31 3440
31 1354
31 3441
31 3442
31 3443
31 3444
31 3445
31 1356
31 3446
31 3447
31 3448
31 3449
31 3450
31 3451
31 3452
31 3453
31 3454
31 3455
31 3456
31 3457
31 3458
31 886
31 3459
31 3460
31 3461
31 3462
31 3463
31 3464
31 3465
31 3466
31 564
31 3467
31 3468
31 1360
31 3469
31 3470
31 3471
31 3472
31 3473
31 3474
31 3475
31 3476
31 3477
31 3478
31 3479
31 3480
31 3481
31 3482
31 3483
31 3484
31 566
31 3485
31 1366
31 3486
31 3487
31 3488
31 3489
31 3490
31 3491
31 1619
31 3492
31 3493
31 3494
31 3495
31 3496
31 3497
31 3498
31 3499
31 3500
31 3501
31 3502
31 3503
31 3504
31 3505
31 3506
31 3507
31 3508
31 3509
31 3510
31 3511
31 3512
31 3513
31 3514
31 3515
31 3516
31 3517
31 3518
31 3519
31 3520
31 3521
31 3522
31 3523
31 3524
31 3525
31 3526
31 3527
31 3528
31 3529
31 3530
31 3531
31 3532
31 3533
31 3534
31 3535
31 570
31 3536
31 1380
31 3537
31 3538
31 3539
31 3540
31 3541
31 3542
31 3543
31 3544
31 3545
31 3546
31 3547
31 3548
31 3549
31 3550
31 3551
31 573
31 3552
31 1384
31 3553
31 3554
31 3555
31 3556
691 1723
691 3557
691 1575
691 746
691 1731
691 1444
691 3558
691 3559
691 1736
691 46
691 3560
691 3561
691 50
691 3562
691 53
691 3563
691 1390
691 1510
691 3564
691 3565
691 3566
691 64
691 3567
691 3568
691 3569
691 3570
691 3571
691 72
691 642
691 1458
691 1459
691 73
691 1460
691 74
691 3572
691 75
691 1464
691 3573
691 3574
691 1782
691 1783
691 3575
691 1794
691 3576
691 1875
691 3577
691 3578
691 1465
691 3579
691 135
691 3580
691 3581
691 3582
691 3583
691 3584
691 1468
691 3585
691 3586
691 3587
691 138
691 1611
691 3588
691 3589
691 645
691 3590
691 3591
691 3592
691 3593
691 3594
691 3595
691 3596
691 3597
691 3598
691 1977
691 179
691 3599
691 3600
691 3601
691 189
691 3602
691 3603
691 3604
691 3605
691 3606
691 3607
691 2009
691 3608
691 3609
691 3610
691 974
691 1639
691 3611
691 1476
691 3612
691 265
691 3613
691 3614
691 3615
691 3616
691 3617
691 3618
691 2161
691 3619
691 3620
691 1478
691 3621
691 3622
691 3623
691 3624
691 3625
691 3626
691 3627
691 3628
691 779
691 3629
691 3630
691 3631
691 3632
691 3633
691 3634
691 3635
691 3636
691 3637
691 3638
691 3639
691 3640
691 3641
691 3642
691 3643
691 3644
691 3645
691 3646
691 3647
691 3648
691 3649
691 3650
691 3651
691 3652
691 3653
691 3654
691 3655
691 3656
691 3657
691 3658
691 3659
691 3660
691 3661
691 3662
691 3663
691 3664
691 3665
691 268
691 3666
691 3667
691 3668
691 3669
691 3670
691 3671
691 3672
691 3673
691 3674
691 3675
691 3676
691 3677
691 1482
691 3678
691 3679
691 3680
691 3681
691 3682
691 3683
691 3684
691 3685
691 3686
691 3687
691 3688
691 3689
691 3690
691 3691
691 3692
691 3693
691 3694
691 3695
691 3696
691 3697
691 1013
691 3698
691 2599
691 1483
691 3699
691 3700
691 3701
691 3702
691 3703
691 3704
691 3705
691 3706
691 3707
691 3708
691 3709
691 1486
691 3710
691 3711
691 1489
691 3712
691 3713
691 3714
691 3715
691 3716
691 3717
691 3718
691 3719
691 3720
691 3721
691 3722
691 3723
691 3724
691 3725
691 3726
691 3727
691 3728
691 3729
691 3730
691 3731
691 3732
691 3733
691 3734
691 3735
691 3736
691 3737
691 3738
691 3739
691 3740
691 3741
691 3742
691 3743
691 3744
691 3745
691 3746
691 3747
691 815
691 3748
691 3749
691 3750
691 3751
691 3752
691 3753
691 3754
691 3755
691 3756
691 3757
691 3758
691 3759
691 3760
691 3761
691 3762
691 3763
691 3764
691 3765
691 3766
691 3767
691 3768
691 3769
691 3770
691 3771
691 3772
691 3773
691 3774
691 3775
691 3776
691 3777
691 3778
691 3779
691 3780
691 3781
691 3782
691 3783
691 3784
691 3785
691 3786
691 3787
691 3788
691 3789
691 3790
691 3791
691 3792
691 3793
691 1503
691 3794
691 3795
691 3796
691 3797
691 3798
691 3799
691 3800
691 3801
691 3802
691 3803
691 3804
691 3805
691 3806
691 3807
691 3808
691 3809
691 3810
691 3811
691 3812
691 3813
691 3814
691 3815
691 3816
691 3817
691 3818
691 3819
691 3820
691 3821
691 3822
691 3823
691 3824
691 3825
691 3826
691 3827
691 3828
691 3829
691 3830
691 3831
691 3832
691 3833
691 3834
691 3835
691 3836
691 3837
691 3838
691 3839
691 3840
691 3841
691 3842
691 3843
691 3844
691 3845
691 3846
741 1723
741 1403
741 3847
741 43
741 3848
741 1510
741 3849
741 3850
741 3851
741 1782
741 1783
741 1789
741 3852
741 3853
741 3854
741 3855
741 3856
741 3857
741 732
741 3858
741 3859
741 3860
741 734
741 3861
741 3862
741 3863
741 3864
741 3865
741 3866
741 3867
741 3868
741 3869
741 1973
741 2026
741 2038
741 3870
741 3871
741 3872
741 3873
741 3874
741 3875
741 3876
741 3877
741 3878
741 3879
741 3880
741 3881
741 3882
741 3883
741 3884
741 3885
741 3886
741 3887
741 3888
741 3889
741 3890
741 3891
741 3892
741 3893
741 3894
741 3895
741 3896
741 3897
741 3898
741 3899
741 3900
741 3901
741 3902
741 3697
741 3903
741 3904
741 3905
741 3906
741 2183
741 3907
741 3908
741 3909
741 3910
741 3911
741 915
741 3912
741 3913
741 3914
741 3915
741 908
741 3916
741 3917
741 3918
741 3919
741 3920
741 3921
741 3922
741 3923
741 3924
741 3925
741 3926
741 3927
741 3928
741 3929
741 3930
741 3931
741 3932
741 3933
741 3934
741 3935
741 3936
741 3937
741 3938
741 3939
741 3940
741 3941
741 3942
741 3943
741 3944
741 3313
741 3357
741 3467
741 3844
1723 1726
1723 2877
924 199
32 76
32 87
32 317
32 394
33 37
33 39
33 711
33 916
33 58
33 74
33 1781
33 88
33 3945
33 99
33 3946
33 3947
33 107
33 3948
33 120
33 121
33 122
33 1857
33 3949
33 3950
33 3951
33 1552
33 594
33 1637
33 614
33 1974
33 172
33 179
33 182
33 189
33 1537
33 3952
33 615
33 3953
33 3954
33 222
33 232
33 2116
33 242
33 244
33 2176
33 3955
33 2263
33 1002
33 3956
33 2408
33 2412
33 607
33 3957
33 361
33 367
33 3958
33 3959
33 385
33 388
33 3960
33 3961
33 3962
33 1654
33 3963
33 3964
33 3965
33 3966
3967 1441
3967 3574
3967 1472
664 3968
664 3969
664 3970
664 39
664 3971
664 3972
664 3973
664 3974
664 3975
664 3976
664 3977
664 3978
664 3979
664 3980
664 3981
664 3982
664 3983
664 3984
664 3985
664 3986
664 3987
664 3988
664 3989
664 3990
664 3991
664 3992
664 3993
664 3994
664 3995
664 3996
664 3997
664 3998
664 3999
664 4000
664 4001
664 4002
664 4003
664 4004
664 4005
664 4006
664 4007
664 4008
664 4009
664 4010
664 925
664 4011
664 4012
664 1745
664 4013
664 50
664 4014
664 4015
664 4016
664 4017
664 4018
664 4019
664 88
664 4020
664 4021
664 4022
664 4023
664 4024
664 1629
664 1914
664 4025
664 4026
664 4027
664 4028
664 4029
664 4030
664 4031
664 4032
664 1608
1403 4033
1403 4034
1403 4035
1403 4036
1403 4037
1403 4038
1403 4015
1403 4039
1403 4040
1403 4041
1403 4042
1403 4043
1403 4044
1403 4045
1403 4046
1403 4047
1403 4048
1403 4049
1403 1558
1403 4050
1403 4051
1403 199
3968 4052
3968 4053
3968 603
4054 65
4054 172
4054 199
4055 1696
4055 4056
4057 76
4058 1611
4059 4060
4059 2009
4059 703
4059 704
4059 4061
4059 4062
4059 3797
4059 4063
4064 1628
4065 4066
4067 1519
4068 1519
4069 4070
4069 1519
4071 1519
582 72
582 121
582 3583
582 171
582 172
582 1472
582 268
582 703
582 1482
582 597
1517 4070
1517 1519
1517 121
1441 1457
1441 4072
1441 4073
1441 1472
1441 4074
1441 4075
1441 4076
1441 4077
1441 4078
1441 4079
1441 4080
1441 4081
4082 76
1631 4083
1631 4084
1632 39
1632 1423
1614 4083
1724 1727
1725 4085
1727 4086
1727 4087
1727 4088
1727 4089
1727 1645
1727 4090
1727 4091
1727 1646
1727 4092
1727 4093
1727 4094
1727 4095
1727 4096
1727 4097
1727 4098
1727 4099
1727 4100
1727 4101
1727 4102
649 171
649 1423
4103 1634
745 749
4104 1425
4105 4106
4105 1729
4105 4107
4108 4109
4108 4091
4110 1788
4110 772
1729 39
1729 44
1729 4111
1729 107
1729 4112
1729 4113
1729 775
1729 4114
1729 4115
1729 4116
1729 4117
1729 4118
1729 4119
1729 4120
1729 4121
1729 4122
1633 4123
1633 4124
1633 4125
1633 1681
1633 4126
686 4127
686 4128
686 4129
686 4130
686 4131
686 1510
686 72
686 1464
686 121
686 1467
686 1889
686 154
686 208
686 230
686 1478
686 4132
686 268
686 703
686 1482
686 308
686 597
686 3722
686 4133
4134 1696
4135 1696
4136 1696
4137 1696
4138 1696
4138 1451
4138 72
4138 172
4138 268
1443 4129
1443 72
1443 1460
1443 1464
1443 121
1443 3594
1443 4139
1443 3614
1443 3617
1443 1478
1443 4140
1443 4132
1443 4141
1443 268
1443 1482
1443 3678
1443 4142
1443 3761
1443 4143
1443 3842
4129 121
4129 1467
4129 172
4129 1472
4130 1444
4130 1460
4130 1464
4130 172
4130 1472
4130 419
4144 1393
4144 597
4145 1696
707 586
708 586
3557 703
3557 704
36 76
36 768
36 199
4146 4147
37 49
37 4148
37 916
37 4149
37 4150
37 4151
37 65
37 729
37 4152
37 3946
37 1815
37 120
37 4153
37 644
37 4154
37 3862
37 3863
37 4155
37 4156
37 4157
37 4158
37 4159
37 945
37 1860
37 4160
37 4161
37 143
37 144
37 614
37 179
37 1537
37 4162
37 4163
37 229
37 914
37 4164
37 3873
37 4165
37 2080
37 4166
37 4167
37 4168
37 4169
37 4170
37 4171
37 4172
37 4173
37 4174
37 4175
37 4176
37 4177
37 4178
37 4179
37 4180
37 4181
37 4182
37 4183
37 4184
37 4185
37 4186
37 4187
37 2180
37 4188
37 4189
37 4190
37 4191
37 4192
37 4193
37 4194
37 4195
37 4196
37 4197
37 4198
37 4199
37 4200
37 4201
37 4202
37 4203
37 272
37 4204
37 3924
37 3932
37 4205
37 4206
37 4207
37 4208
37 4209
37 4210
37 4211
37 1002
37 2408
37 504
37 3966
37 4212
37 4213
37 4214
37 4215
37 4216
37 4217
37 4218
621 65
621 597
4219 88
38 747
4220 3946
4220 4221
4220 4222
4220 4223
4220 4224
4220 4225
4220 4226
4220 4227
39 902
39 43
39 1739
39 747
39 45
39 46
39 926
39 670
39 1743
39 1744
39 589
39 4228
39 4229
39 4230
39 47
39 49
39 4231
39 4232
39 52
39 4233
39 1757
39 1758
39 55
39 916
39 4234
39 57
39 58
39 4235
39 61
39 934
39 1766
39 1767
39 63
39 64
39 1769
39 1770
39 4236
39 65
39 4237
39 4238
39 73
39 74
39 75
39 76
39 4239
39 1775
39 4240
39 4241
39 79
39 4242
39 4243
39 81
39 4244
39 4245
39 83
39 4246
39 1779
39 85
39 87
39 1780
39 4247
39 88
39 1528
39 4248
39 4249
39 1787
39 4250
39 1788
39 4251
39 92
39 4252
39 4253
39 4254
39 939
39 99
39 4255
39 4256
39 4257
39 4258
39 1800
39 1802
39 4259
39 1806
39 1808
39 4260
39 102
39 4261
39 4262
39 103
39 4263
39 4264
39 1813
39 107
39 4265
39 4266
39 4267
39 108
39 4268
39 1815
39 1817
39 4269
39 4270
39 1819
39 4271
39 111
39 4272
39 1821
39 1823
39 1824
39 4273
39 114
39 4274
39 115
39 1829
39 116
39 117
39 1834
39 1842
39 4275
39 121
39 122
39 123
39 124
39 125
39 1850
39 1851
39 4276
39 4277
39 644
39 1857
39 4278
39 4158
39 945
39 1863
39 1865
39 1868
39 1530
39 1873
39 4279
39 131
39 4280
39 4281
39 586
39 4282
39 132
39 4283
39 133
39 134
39 4284
39 1466
39 4285
39 138
39 139
39 640
39 4286
39 4287
39 140
39 4288
39 4289
39 4290
39 1398
39 4291
39 4292
39 4293
39 4294
39 950
39 143
39 1901
39 144
39 146
39 4295
39 4296
39 760
39 1910
39 148
39 4297
39 4298
39 1915
39 1916
39 150
39 1920
39 1921
39 953
39 1924
39 4299
39 151
39 4300
39 955
39 4301
39 4302
39 4303
39 153
39 4304
39 956
39 762
39 4305
39 1929
39 1930
39 1931
39 1932
39 156
39 4306
39 157
39 1935
39 4307
39 1938
39 1939
39 960
39 4308
39 1943
39 1945
39 164
39 1947
39 766
39 4309
39 767
39 4310
39 4311
39 1951
39 1952
39 4312
39 1964
39 4313
39 1968
39 170
39 4314
39 907
39 4315
39 4316
39 171
39 1974
39 1975
39 172
39 4317
39 173
39 4318
39 1980
39 1982
39 176
39 1986
39 1989
39 1990
39 1992
39 177
39 1995
39 179
39 4319
39 4320
39 1998
39 4321
39 4322
39 186
39 2006
39 189
39 4323
39 2010
39 970
39 4324
39 971
39 2013
39 4325
39 4326
39 2017
39 2018
39 4327
39 196
39 4328
39 199
39 4329
39 2021
39 2022
39 2026
39 980
39 1393
39 4330
39 2031
39 2037
39 4331
39 4332
39 4333
39 4334
39 4335
39 208
39 4336
39 210
39 1538
39 4337
39 4338
39 4339
39 2049
39 4340
39 4341
39 2050
39 4342
39 4343
39 4344
39 219
39 4345
39 4346
39 4347
39 4348
39 2061
39 4349
39 4350
39 4351
39 2070
39 4352
39 2072
39 4353
39 4354
39 4355
39 4356
39 2080
39 4357
39 4172
39 4358
39 2085
39 4359
39 2088
39 232
39 4360
39 2091
39 2096
39 4361
39 4362
39 4363
39 984
39 2105
39 237
39 2106
39 2108
39 4364
39 240
39 4365
39 2118
39 2119
39 4366
39 4367
39 4368
39 4369
39 2123
39 4370
39 246
39 4371
39 249
39 2126
39 4372
39 252
39 2130
39 4373
39 4374
39 253
39 991
39 2135
39 2137
39 2140
39 4375
39 2142
39 4376
39 4377
39 4378
39 261
39 4379
39 4380
39 1434
39 4381
39 4382
39 4383
39 2160
39 268
39 269
39 4384
39 4385
39 4386
39 2200
39 4387
39 2203
39 4388
39 273
39 274
39 4389
39 2211
39 277
39 4390
39 2213
39 279
39 2214
39 4391
39 2224
39 4392
39 4393
39 282
39 2226
39 4394
39 4395
39 4396
39 996
39 4397
39 677
39 4398
39 2234
39 4399
39 2239
39 4400
39 2242
39 287
39 4401
39 4402
39 289
39 2250
39 2251
39 4403
39 2256
39 2259
39 4404
39 2262
39 4405
39 4406
39 4407
39 4408
39 298
39 2266
39 2271
39 300
39 4409
39 1004
39 2277
39 4410
39 2281
39 1006
39 2284
39 1007
39 4411
39 2285
39 2286
39 4412
39 4413
39 4414
39 4415
39 4416
39 310
39 2292
39 2294
39 4417
39 4418
39 4419
39 4420
39 2295
39 2296
39 312
39 2297
39 2298
39 2299
39 2300
39 2301
39 2302
39 4421
39 2306
39 4422
39 4423
39 2310
39 2311
39 4424
39 4425
39 4426
39 316
39 317
39 318
39 319
39 1012
39 2316
39 4427
39 320
39 2318
39 4428
39 4429
39 4430
39 4431
39 4432
39 322
39 2328
39 2329
39 2331
39 4433
39 1014
39 4434
39 4435
39 2337
39 2338
39 4436
39 4437
39 2342
39 4438
39 4439
39 4440
39 4441
39 4442
39 1017
39 2348
39 4443
39 4444
39 4445
39 4446
39 2354
39 4447
39 4448
39 4449
39 2359
39 4450
39 4451
39 4452
39 4453
39 4454
39 2374
39 2375
39 4455
39 4456
39 4457
39 4458
39 2385
39 1023
39 4459
39 4460
39 1024
39 340
39 2393
39 4461
39 4462
39 4463
39 4464
39 4465
39 347
39 2412
39 4466
39 2414
39 348
39 2416
39 4467
39 2418
39 2419
39 2420
39 2421
39 4468
39 4469
39 4470
39 4471
39 4472
39 4473
39 1028
39 4474
39 4475
39 357
39 2434
39 4476
39 2436
39 2437
39 4477
39 2438
39 4478
39 1029
39 4479
39 4480
39 911
39 2443
39 4481
39 4482
39 4483
39 2446
39 575
39 4484
39 2448
39 2449
39 4485
39 1030
39 2451
39 2452
39 4486
39 2453
39 4487
39 2455
39 2459
39 2463
39 4488
39 1033
39 4489
39 4490
39 365
39 2474
39 2475
39 2478
39 2482
39 2483
39 4491
39 2491
39 2492
39 4492
39 4493
39 2495
39 2498
39 2502
39 4494
39 4495
39 4496
39 4497
39 4498
39 4499
39 2515
39 4500
39 2519
39 371
39 372
39 373
39 2520
39 4501
39 2523
39 2525
39 4502
39 4503
39 2526
39 2527
39 2530
39 4504
39 4505
39 2538
39 4506
39 4507
39 4508
39 4509
39 2545
39 4510
39 4511
39 2551
39 4512
39 1045
39 4513
39 4514
39 2556
39 1046
39 4515
39 4516
39 1047
39 2562
39 4517
39 4518
39 4519
39 388
39 2571
39 2572
39 2574
39 4520
39 2575
39 4521
39 391
39 4522
39 4523
39 4524
39 2582
39 4525
39 4526
39 4527
39 4528
39 4529
39 393
39 394
39 395
39 396
39 397
39 2591
39 2592
39 4530
39 2593
39 4531
39 1057
39 400
39 4532
39 4533
39 4534
39 403
39 4535
39 4536
39 4537
39 2610
39 4538
39 2614
39 2621
39 1066
39 4539
39 1067
39 4540
39 1068
39 4541
39 2624
39 2626
39 2630
39 409
39 1070
39 4542
39 4543
39 4544
39 4545
39 4546
39 4547
39 4548
39 2639
39 4549
39 4550
39 413
39 2644
39 4551
39 2649
39 4552
39 4553
39 2651
39 2652
39 2654
39 2661
39 4554
39 4555
39 2666
39 4556
39 2671
39 4557
39 4558
39 2672
39 1081
39 2674
39 4559
39 2676
39 4560
39 4561
39 2683
39 4562
39 4563
39 2686
39 4564
39 2689
39 2696
39 2697
39 2702
39 1086
39 2714
39 4565
39 2715
39 4566
39 2720
39 4567
39 4568
39 4569
39 826
39 2722
39 436
39 4570
39 2724
39 4571
39 1654
39 4572
39 437
39 1092
39 438
39 439
39 440
39 441
39 2727
39 4573
39 4574
39 4575
39 2733
39 2735
39 2737
39 4576
39 2738
39 4577
39 4578
39 4579
39 4580
39 4581
39 1098
39 2743
39 4582
39 2744
39 2746
39 2747
39 4583
39 1100
39 2750
39 1101
39 4584
39 4585
39 4586
39 1105
39 4587
39 2769
39 4588
39 4589
39 4590
39 4591
39 2775
39 4592
39 4593
39 4594
39 4595
39 1108
39 4596
39 4597
39 4598
39 831
39 4599
39 456
39 2790
39 2791
39 1115
39 4600
39 1117
39 4601
39 4602
39 4603
39 2802
39 1119
39 4604
39 4605
39 4606
39 2811
39 4607
39 4608
39 4609
39 4610
39 2819
39 4611
39 1130
39 2823
39 2824
39 4612
39 4613
39 2825
39 4614
39 4615
39 4616
39 4617
39 4618
39 2830
39 2834
39 2835
39 2836
39 2838
39 1134
39 2841
39 2842
39 4619
39 4620
39 2844
39 4621
39 2854
39 4622
39 4623
39 4624
39 2859
39 462
39 4625
39 4626
39 1145
39 836
39 2866
39 4627
39 4628
39 1150
39 2871
39 4629
39 466
39 4630
39 1152
39 4631
39 4632
39 4633
39 1157
39 4634
39 2879
39 4635
39 4636
39 4637
39 4638
39 1160
39 4639
39 4640
39 4641
39 4642
39 2885
39 4643
39 4644
39 4645
39 4646
39 470
39 1163
39 1164
39 1165
39 4647
39 472
39 2894
39 2895
39 4648
39 4649
39 4650
39 2901
39 1168
39 4651
39 1169
39 4652
39 4653
39 475
39 476
39 477
39 478
39 4654
39 2907
39 4655
39 4656
39 4657
39 1176
39 4658
39 2918
39 4659
39 4660
39 4661
39 481
39 1181
39 2927
39 4662
39 2932
39 4663
39 2940
39 4664
39 4665
39 4666
39 4667
39 4668
39 4669
39 4670
39 4671
39 2951
39 1201
39 1202
39 4672
39 4673
39 2956
39 4674
39 1207
39 842
39 1210
39 4675
39 4676
39 4677
39 4678
39 4679
39 2982
39 4680
39 2983
39 4681
39 4682
39 4683
39 4684
39 2988
39 2990
39 2992
39 4685
39 4686
39 4687
39 4688
39 3002
39 3003
39 1219
39 3005
39 3007
39 4689
39 4690
39 4691
39 4692
39 3023
39 3024
39 1425
39 1223
39 3029
39 4693
39 3034
39 3035
39 3038
39 4694
39 489
39 4695
39 3044
39 4696
39 4697
39 4698
39 3052
39 4699
39 4700
39 4701
39 3061
39 4702
39 3064
39 3066
39 4703
39 1230
39 724
39 4704
39 4705
39 4706
39 3075
39 1238
39 3078
39 498
39 1239
39 4707
39 3083
39 3084
39 3086
39 3087
39 4708
39 3089
39 4709
39 3091
39 4710
39 3102
39 3104
39 4711
39 4712
39 3115
39 3118
39 506
39 4713
39 4714
39 4715
39 3135
39 3136
39 4716
39 3139
39 4717
39 3146
39 3150
39 1256
39 4718
39 4719
39 1257
39 3155
39 4720
39 4721
39 3159
39 4722
39 4723
39 3163
39 3164
39 863
39 3173
39 4724
39 4725
39 4726
39 3187
39 4727
39 4728
39 1264
39 4729
39 4730
39 4731
39 1265
39 913
39 3201
39 4732
39 4733
39 3209
39 1268
39 4734
39 519
39 4735
39 3223
39 3225
39 3226
39 4736
39 3233
39 4737
39 4738
39 3242
39 1281
39 4739
39 4740
39 4741
39 4742
39 4743
39 3255
39 4744
39 3270
39 4745
39 4746
39 3285
39 527
39 4747
39 3291
39 4748
39 4749
39 1292
39 3298
39 3300
39 532
39 4750
39 4751
39 4752
39 4753
39 533
39 4754
39 3311
39 4755
39 3316
39 1303
39 4756
39 4757
39 3328
39 4758
39 538
39 4759
39 540
39 3343
39 4760
39 4761
39 4762
39 3350
39 4763
39 3360
39 3363
39 3364
39 4764
39 3366
39 4765
39 4766
39 875
39 3373
39 4767
39 542
39 3379
39 3382
39 4768
39 1326
39 546
39 1330
39 4769
39 4770
39 1332
39 4771
39 1333
39 4772
39 4773
39 4774
39 4775
39 3395
39 4776
39 4777
39 3398
39 4778
39 4779
39 1339
39 4780
39 4781
39 4782
39 4783
39 4784
39 3405
39 3407
39 3408
39 4785
39 3416
39 4786
39 3420
39 4787
39 553
39 3424
39 556
39 4788
39 4789
39 1349
39 558
39 4790
39 4791
39 4792
39 4793
39 1352
39 4794
39 4795
39 4796
39 4797
39 4798
39 4799
39 1355
39 3442
39 4800
39 3444
39 3445
39 4801
39 4802
39 4803
39 3456
39 4804
39 3457
39 1359
39 4805
39 4806
39 4807
39 4808
39 4809
39 4810
39 4811
39 4812
39 4813
39 4814
39 4815
39 4816
39 3468
39 4817
39 4818
39 4819
39 3472
39 4820
39 1363
39 4821
39 4822
39 3480
39 4823
39 1369
39 3495
39 4824
39 4825
39 3496
39 3499
39 4826
39 3502
39 4827
39 892
39 4828
39 4829
39 4830
39 4831
39 4832
39 4833
39 3523
39 4834
39 4835
39 4836
39 1375
39 4837
39 3528
39 4838
39 4839
39 4840
39 4841
39 4842
39 4843
39 4844
39 4845
39 4846
39 4847
39 4848
39 4849
39 4850
39 4851
39 3550
39 3552
39 4852
4853 4854
4853 1478
4853 4855
4853 4856
4853 4857
4853 4858
4853 4859
4853 4860
4853 4861
4853 4862
4853 4863
4853 4864
4853 4865
4853 4866
4867 208
4868 4869
709 88
4870 88
4870 1624
4871 46
4871 47
4871 4872
4871 4873
4871 4874
4871 4875
4871 4876
4871 72
4871 4877
4871 4878
4871 1472
4871 4879
4871 4880
4871 268
4871 4881
4871 4882
4871 4883
4884 208
40 46
40 4885
40 71
40 72
40 121
40 4886
40 1473
40 4887
40 2008
40 4888
40 4889
40 1478
40 4890
40 4891
40 4892
40 4893
40 4894
40 4895
40 4896
40 268
40 4897
40 4898
40 4899
40 4900
40 4901
40 3707
40 4902
40 4903
40 4904
40 4905
40 4906
40 3731
40 4907
40 4908
40 3755
40 4909
40 4910
40 4911
40 4912
40 4913
40 4914
40 4915
40 4916
40 4917
40 4918
40 4919
40 4920
40 4921
40 4922
40 4923
1575 1447
1575 72
1575 4924
1575 1578
1575 4925
1575 4926
1575 4927
1575 4928
1575 4929
1575 4930
1575 4931
1575 4932
1575 4933
1575 1583
1575 4934
1575 4935
1575 4936
1575 4937
1575 4938
1575 4939
1575 4940
1575 4941
1575 4942
1575 4943
1575 4944
1575 4945
1575 4946
1575 4947
1575 4948
1575 4949
1575 4950
1575 4951
1575 4952
1575 4953
1575 4954
1575 4955
1575 4956
1575 4957
1575 4958
1575 4959
1575 4960
1575 4961
1575 4962
1575 4963
1575 4964
1575 4965
1575 4966
1575 4967
1575 4968
1575 4969
1575 4970
1575 4971
1575 4972
1575 4973
1575 4974
1575 4975
1575 4976
1575 2614
1575 4977
1575 4978
1575 4979
1575 4980
1575 4981
1575 4982
1575 4983
1575 4984
1575 4985
1575 1594
1575 1595
1575 1596
1575 4986
1575 1598
1575 4987
1575 4988
1575 4989
1575 4990
1575 4991
1575 4992
1575 4993
1575 4994
1575 4995
1575 4996
1575 4997
1575 4998
1575 4999
1575 5000
1575 5001
1575 5002
1575 5003
1575 5004
1575 5005
1575 5006
1575 5007
1575 5008
1575 5009
1575 5010
1575 5011
5012 1444
5012 46
5012 1447
5012 1510
5012 5013
5012 72
5012 1460
5012 1464
5012 88
5012 121
5012 5014
5012 1576
5012 1467
5012 5015
5012 5016
5012 4924
5012 172
5012 1472
5012 5017
5012 5018
5012 5019
5012 1478
5012 5020
5012 5021
5012 5022
5012 5023
5012 5024
5012 4935
5012 4936
5012 5025
5012 5026
5012 268
5012 1482
5012 4947
5012 3686
5012 5027
5012 5028
5012 1002
5012 5029
5012 5030
5012 4954
5012 5031
5012 1588
5012 5032
5012 5033
5012 5034
5012 5035
5012 5036
5012 5037
5012 5038
5012 4968
5012 5039
5012 4972
5012 5040
5012 4973
5012 5041
5012 2614
5012 4980
5012 5042
5012 5043
5012 5044
5012 5045
5012 5046
5012 5047
5012 5048
5012 5049
5012 5050
5012 5051
5012 4996
5012 5052
5012 5053
5012 5054
5012 5055
5012 5056
5012 5057
5012 5011
1697 5058
1697 1582
1697 704
1697 5059
1697 5060
1730 57
1730 108
1730 5061
1730 153
1730 614
1730 171
1730 172
1730 1537
1730 615
1730 2176
1730 2408
1730 5062
746 1444
746 1447
746 3564
746 64
746 3568
746 72
746 645
746 5063
746 265
746 1478
746 778
746 5064
746 268
746 3666
746 3677
746 1482
746 3679
746 5065
746 3718
746 5066
746 815
746 1499
746 5067
746 5068
746 5069
5070 5071
5070 1430
5070 5072
1731 199
3847 730
1444 3558
1444 46
1444 49
1444 5073
1444 4234
1444 5074
1444 5075
1444 5076
1444 580
1444 1457
1444 5077
1444 72
1444 642
1444 5078
1444 3572
1444 5079
1444 1464
1444 3574
1444 3577
1444 3578
1444 1465
1444 1466
1444 1467
1444 138
1444 5080
1444 3590
1444 5081
1444 5082
1444 1889
1444 4925
1444 4926
1444 170
1444 172
1444 1472
1444 5083
1444 5084
1444 2008
1444 3606
1444 5085
1444 3607
1444 5086
1444 5087
1444 3878
1444 5088
1444 5089
1444 2160
1444 5090
1444 267
1444 5091
1444 5092
1444 5093
1444 1478
1444 5094
1444 5095
1444 5096
1444 5097
1444 5098
1444 3629
1444 3631
1444 5099
1444 5100
1444 5101
1444 5102
1444 5103
1444 268
1444 269
1444 5104
1444 1482
1444 5105
1444 3706
1444 5106
1444 5107
1444 5108
1444 5109
1444 3720
1444 3721
1444 5110
1444 5111
1444 5112
1444 4538
1444 1064
1444 5113
1444 5114
1444 1497
1444 5115
1444 413
1444 3782
1444 5116
1444 5117
1444 5118
1444 5119
1444 3795
1444 5120
1444 5121
1444 5122
1444 5123
1444 5124
1444 5125
1444 5126
1444 3817
1444 5127
1444 5128
1444 5129
1444 5130
1444 5131
1444 5132
5133 1519
5134 4066
5134 642
5135 1519
5136 1519
5137 1519
4066 5138
4066 5139
4066 5140
4066 5141
5142 1393
5142 597
5143 4029
1706 1734
1707 5144
1707 1734
1708 1734
1709 1734
1709 1739
1709 5145
1710 1734
1711 1734
1711 5146
1712 1734
1712 5147
1712 113
1713 1734
5148 1734
1714 1734
1715 1734
1716 1734
1717 1734
1562 1734
1562 5149
1562 4263
5144 5150
5144 911
1445 1611
1445 1472
5151 984
5151 1084
5152 208
5153 208
5154 208
3978 208
3983 208
3992 208
4000 208
4006 208
5155 5156
5155 5157
5158 50
5159 50
5160 50
5161 50
5162 50
5163 5164
5163 50
5164 50
5165 50
925 5166
925 4029
3558 1390
3558 5167
3558 5168
3558 5169
3558 5170
3558 5171
3558 5172
3558 5173
3558 5174
3558 5175
3558 5176
3558 1457
3558 72
3558 121
3558 1467
3558 268
3558 5177
3558 5178
3558 5179
3558 5180
5181 4873
5182 208
5183 4253
5184 199
5184 5185
5184 5186
1718 1734
1733 1734
5187 1719
5188 1734
5188 5189
43 1737
43 916
43 63
43 87
43 88
43 121
43 5190
43 594
43 768
43 614
43 171
43 172
43 4162
43 199
43 1482
43 5191
43 2278
43 5192
43 5193
43 2925
3559 1734
3559 5194
1734 5195
1734 1719
1734 5196
5197 1719
1736 171
1736 5198
1736 5199
1736 5200
1736 2172
1736 5201
1736 5202
1736 5203
1736 5204
1736 5205
1736 5206
1736 5207
1736 5208
1736 5209
1736 5210
1736 5211
1736 5212
1736 5213
44 88
44 1422
44 171
44 172
44 5214
44 5215
44 1654
44 5216
44 5217
44 1661
44 5218
44 5219
44 5220
44 5221
44 5222
44 5223
1739 61
5224 4223
5225 4244
5225 104
5225 597
5225 5226
5139 1519
5227 1519
5228 1519
5229 1519
4038 4031
5230 5078
5231 1611
1628 50
5232 1610
5232 1472
747 45
747 47
747 52
747 55
747 57
747 58
747 5233
747 5234
747 63
747 65
747 75
747 4239
747 87
747 5235
747 107
747 108
747 5236
747 1529
747 111
747 5237
747 5238
747 1835
747 122
747 123
747 1876
747 135
747 1467
747 137
747 143
747 144
747 1552
747 151
747 153
747 171
747 172
747 199
747 208
747 720
747 5239
747 2158
747 5240
747 2212
747 2243
747 5241
747 5242
747 2304
747 4424
747 5243
747 2332
747 2341
747 5244
747 5245
747 5246
747 2403
747 5247
747 2457
747 2504
747 4508
747 2566
747 5248
747 1071
747 4572
747 2880
747 5249
747 5250
747 2977
747 5251
747 5252
747 5253
747 5254
747 5255
747 3155
747 5256
747 5257
747 5258
747 5259
747 5260
747 5261
747 5262
747 5263
747 5264
747 5265
747 5266
747 5267
747 3322
747 5268
747 5269
747 5270
747 5271
747 5272
747 5273
1610 1390
1610 5274
1610 1472
1610 5275
1610 5276
710 199
710 576
710 405
710 419
45 5277
45 63
45 65
45 72
45 76
45 108
45 121
45 1552
45 594
45 768
45 614
45 171
45 172
45 199
5278 5279
1698 5280
46 1741
46 1696
46 4872
46 4873
46 1447
46 4234
46 1390
46 5281
46 5282
46 65
46 5283
46 3571
46 73
46 1460
46 5284
46 1464
46 3574
46 76
46 88
46 107
46 121
46 3578
46 5285
46 1466
46 5286
46 5287
46 1467
46 5288
46 5289
46 136
46 1468
46 3586
46 138
46 5290
46 5081
46 5291
46 5292
46 5293
46 5294
46 5295
46 5296
46 5297
46 172
46 179
46 189
46 3603
46 5298
46 5299
46 2008
46 5300
46 3607
46 5301
46 3609
46 5302
46 5303
46 1476
46 2160
46 5090
46 5304
46 5305
46 5306
46 5307
46 5308
46 5309
46 5098
46 5310
46 5311
46 5312
46 5313
46 5314
46 5315
46 5316
46 5317
46 4132
46 5318
46 5319
46 5320
46 5321
46 5322
46 5323
46 5324
46 5325
46 5326
46 269
46 5327
46 5328
46 5329
46 5330
46 5331
46 1482
46 5332
46 3686
46 5333
46 5334
46 3690
46 5335
46 343
46 5336
46 4954
46 3701
46 5337
46 5338
46 5339
46 5340
46 5341
46 5342
46 5343
46 5344
46 5345
46 5346
46 5347
46 5348
46 3739
46 404
46 5349
46 5350
46 5351
46 5352
46 5353
46 5354
46 5355
46 5356
46 419
46 5357
46 3780
46 5358
46 5359
46 1503
46 3794
46 5360
46 5361
46 5362
46 490
46 5363
46 5364
46 5365
46 5366
46 5367
46 5368
46 5369
46 3822
46 5370
46 5371
46 5372
46 5373
926 199
1741 5374
1741 1611
1741 5082
1741 3594
1741 5375
1741 5376
670 5377
670 196
927 599
927 997
1742 199
5378 199
1743 169
1743 4383
1743 3415
5379 1696
5379 1451
5380 5381
5380 4029
5382 945
5382 4221
1744 87
1744 121
1744 5383
1744 5384
1744 5385
1744 172
1744 1985
1744 1991
1744 5386
1744 1540
1744 2206
1744 5387
1744 5388
1744 5389
1744 5390
1744 5391
1744 5392
1744 5393
1744 5394
1744 5395
589 63
589 5396
589 5397
589 5398
589 5399
589 1807
589 5400
589 717
589 1890
589 719
589 5401
589 199
589 5402
589 5403
589 2288
589 5404
589 5405
589 5406
589 5407
589 368
589 5408
589 5409
589 5410
589 5411
589 5412
589 5413
589 5414
589 5415
589 5416
589 2965
589 5417
589 3097
589 3129
589 5418
589 5419
589 3246
589 5420
589 5421
589 5422
589 5423
589 5424
5425 767
4230 4363
5426 5427
5428 65
5428 1795
5428 121
47 4872
47 5429
47 4873
47 3609
47 5430
5431 143
1518 1770
48 179
5432 1434
5432 5433
928 597
49 57
49 65
49 71
49 73
49 74
49 76
49 87
49 88
49 107
49 111
49 121
49 171
49 172
49 199
49 2160
49 2170
49 2522
49 5107
49 2616
49 5434
49 5435
49 504
49 5436
5437 1390
5437 5438
5437 73
5437 5439
1446 3562
1446 5440
1446 72
1446 74
1446 1466
1446 189
1446 5441
1446 1625
1446 5442
1446 5443
1446 5444
1446 5445
1446 3735
1446 5446
1446 5447
1446 3769
1446 5448
1446 419
1446 845
1446 5449
1446 3789
1446 5450
1446 3795
1446 5451
1446 5452
5453 5071
5453 1434
5453 1436
5454 667
711 61
711 87
711 121
711 594
711 614
711 172
711 208
3560 3566
3560 5455
3560 5456
3560 1639
3560 5457
3560 5458
3560 2599
3560 5459
3560 5460
3560 5461
3560 4980
3560 5462
3560 5463
3560 5069
5464 171
5464 5465
5466 578
5466 607
1696 1451
1696 5467
1696 72
1696 172
1696 5468
1696 5469
1696 5470
1696 268
1696 703
5471 730
5471 640
5471 199
5471 317
4872 4873
4873 5472
4873 5473
4873 1390
5473 1472
5474 1390
5474 1472
5474 5094
5474 5475
5474 5476
5474 5477
5474 5478
5474 5479
5474 5480
5474 5481
1447 580
1447 642
1447 1460
1447 645
1448 3565
1449 5482
1449 3693
1449 5483
1449 5484
1449 5485
1449 5486
1449 5487
1450 1478
1450 1482
1450 5488
1450 5489
1450 5490
1450 5491
1450 5492
1450 419
1450 5493
1451 72
1451 121
1451 5288
1451 5289
1451 172
1451 5468
1451 268
1451 5494
1451 5495
1451 5496
1451 3719
1451 5497
1451 5498
1451 5499
1451 5500
1451 5501
1451 419
1451 5502
1451 3827
1451 5503
1453 5504
1453 5505
1453 5506
1453 5507
1453 5508
5509 88
50 4015
50 5510
50 5511
50 5512
50 4041
50 5513
50 5514
50 5515
50 5516
50 5517
50 5518
50 5519
50 5520
50 5521
50 5522
50 5523
50 5524
50 5525
50 4021
50 5526
50 5527
50 5528
5529 5530
5529 5531
5529 88
5529 4396
5529 5532
5529 5533
5529 5534
5529 5535
5529 5536
4231 88
5537 5538
5537 5539
5537 5540
5537 703
5537 704
5537 5541
5542 87
5542 199
5543 1519
5544 1519
5545 1519
1416 1519
5546 1519
5547 5548
5549 5550
5549 5551
5549 5552
5549 5553
5549 5554
5549 5555
5549 5556
5549 703
5549 704
5557 160
5558 5559
5558 5560
929 88
929 199
5561 599
1746 199
1747 2024
1747 5562
1747 5563
1748 199
5564 1460
5565 644
5550 5566
5567 4288
4232 158
5568 1900
51 199
5569 5570
5569 2151
5569 2249
5569 5571
5569 5572
5569 5573
1751 1530
1751 767
1751 5574
5575 88
52 61
52 63
52 65
52 5576
52 76
52 87
52 88
52 4269
52 594
52 614
52 172
52 199
52 5577
52 5578
52 4485
52 5579
52 4593
52 5580
52 4717
5581 144
5581 171
5581 229
5581 5582
5581 5583
5584 2111
5585 5586
5587 2111
5587 5588
5589 5590
5591 1519
5145 703
5145 704
5592 5593
5592 703
5592 704
53 72
53 5594
53 3575
53 121
53 172
53 1472
53 1476
53 5595
53 5596
53 3771
53 5597
53 5598
1389 1457
1389 5599
1389 5600
1389 5301
1389 1478
1389 3692
1389 3745
1389 3747
1389 5601
1389 5602
1389 3768
1389 5603
1389 5604
5073 1762
5073 5605
5073 5606
5073 5607
5073 5608
5073 5609
5073 3626
5073 5098
5073 5610
5073 5611
5073 5612
5073 5613
5073 5614
5073 5615
5073 5616
5073 5617
5073 5618
5073 5619
5073 5620
5073 5621
5622 2160
5623 2163
5623 3653
5624 72
1454 5075
1454 3625
1454 5625
1454 3663
1454 5626
5627 5594
1753 104
1753 199
5628 2512
5629 5630
5629 5631
930 5240
930 578
930 607
5632 580
5633 1424
5633 1425
3563 5285
5634 1425
4148 914
5635 5285
1755 153
5636 1519
5636 5637
5590 1519
5638 138
1519 5639
1519 5640
1519 5641
1519 5642
1519 5643
1519 5644
1519 5548
1519 5645
1519 5646
1519 121
1519 138
1519 172
1519 703
1519 1482
1519 597
1519 5647
1519 5648
1757 2249
1757 2406
1758 4243
1758 5649
1758 5650
1758 5651
1758 5652
1758 3007
1758 3239
1758 5653
1758 3353
1758 5654
1758 5655
1758 5656
1758 1383
5374 5657
54 5658
54 87
54 121
54 132
54 5659
5660 199
5661 138
5662 72
5662 5663
5662 419
5664 5665
5664 5666
5664 4415
5664 1024
5664 5667
5664 2556
5664 5668
5665 1024
55 5669
55 5670
55 5671
55 61
55 63
55 65
55 72
55 76
55 88
55 5672
55 121
55 5673
55 5674
55 5675
55 734
55 5676
55 1552
55 768
55 614
55 172
55 1472
55 3875
55 5677
55 5678
55 5679
55 5680
55 5681
55 5682
55 5683
55 5684
55 5685
55 5686
55 5687
55 3885
55 5688
55 5689
55 5690
55 5691
55 5692
55 5693
55 5694
55 5695
55 5696
55 5697
55 5698
55 5699
55 5700
55 5701
55 5702
55 5703
55 5704
5705 5706
5707 5708
5707 5709
5707 5710
5707 5711
5707 56
5707 916
5707 5706
5707 5712
5707 5672
5707 5713
5707 5714
5707 5715
5707 172
5707 231
5707 5716
5708 5706
5717 5706
5717 1857
5709 5706
5709 5715
5709 3875
1520 5718
1520 5706
1520 5719
1520 5720
1520 5185
5710 5706
5710 5675
5710 5721
5711 5706
5722 5675
5723 916
5723 65
5723 87
5723 127
5723 172
5723 5724
5723 2607
5725 1857
5725 5678
5718 916
5718 5670
5718 5726
5718 5727
5718 5728
5718 5729
5718 231
5718 5730
5718 5731
5732 750
5732 5706
5732 65
5732 87
5732 88
5732 172
5732 5733
5732 5734
5732 5735
5732 5736
5732 5737
5732 5738
5732 5739
5732 5740
5669 172
916 3848
916 750
916 5671
916 5741
916 63
916 65
916 72
916 76
916 87
916 3946
916 1815
916 5712
916 5672
916 121
916 5742
916 5743
916 5744
916 5745
916 5746
916 5747
916 1857
916 5748
916 3864
916 4158
916 945
916 5749
916 5750
916 1863
916 768
916 171
916 172
916 1472
916 5751
916 5752
916 5753
916 5729
916 3875
916 5754
916 5681
916 5755
916 5756
916 4172
916 5757
916 5687
916 5758
916 5759
916 3885
916 5688
916 5760
916 5736
916 268
916 5761
916 5762
916 5763
916 2178
916 917
916 5764
916 5765
916 5766
916 5701
916 5767
916 5768
916 419
916 5769
3848 65
3848 87
3848 127
3848 138
3848 5729
3848 5770
5771 87
5771 172
5771 5763
5772 5706
750 751
750 127
750 5773
750 5730
750 5683
750 5774
750 5685
750 3885
750 5775
750 5762
750 5776
750 5777
750 5778
750 5699
5779 751
5780 3875
5671 172
5741 87
5741 5676
5741 5781
5741 5765
5741 5697
4234 72
4234 76
4234 121
4234 1467
4234 5782
4234 3583
4234 5783
4234 614
4234 172
4234 1472
4234 1478
4234 268
4234 1482
4234 5784
1760 87
5785 5786
5785 5787
57 61
57 934
57 63
57 5788
57 65
57 5789
57 72
57 76
57 83
57 87
57 88
57 1796
57 5790
57 5791
57 108
57 116
57 117
57 120
57 121
57 123
57 5792
57 1530
57 1881
57 132
57 135
57 5383
57 1897
57 951
57 148
57 1915
57 1552
57 594
57 1675
57 4299
57 1925
57 5793
57 5794
57 956
57 158
57 162
57 1953
57 768
57 169
57 614
57 4314
57 171
57 172
57 173
57 1977
57 1991
57 179
57 188
57 3607
57 974
57 199
57 4332
57 210
57 5795
57 5796
57 5797
57 5798
57 4347
57 4350
57 5799
57 227
57 1639
57 2086
57 5402
57 2101
57 237
57 2106
57 4364
57 2114
57 240
57 5403
57 5800
57 5801
57 2125
57 5802
57 5803
57 5804
57 5805
57 5806
57 5807
57 2210
57 280
57 2224
57 4397
57 5808
57 2250
57 5809
57 5810
57 5811
57 5812
57 2287
57 4413
57 2289
57 4425
57 5813
57 2331
57 5814
57 2358
57 2360
57 5815
57 2368
57 2369
57 5816
57 2373
57 2375
57 5817
57 2381
57 5818
57 2389
57 1023
57 4460
57 340
57 344
57 5819
57 5820
57 5821
57 5822
57 4469
57 3957
57 1026
57 5823
57 1027
57 5824
57 2432
57 4477
57 5825
57 2443
57 2445
57 2446
57 4486
57 2469
57 2472
57 5826
57 5827
57 5828
57 5829
57 4497
57 2513
57 374
57 5830
57 2523
57 2530
57 5831
57 2533
57 5832
57 2560
57 2564
57 2568
57 4523
57 2586
57 5833
57 5834
57 5835
57 4540
57 5836
57 2631
57 2632
57 5837
57 5838
57 2662
57 5839
57 2713
57 5840
57 436
57 5841
57 5842
57 2748
57 5843
57 5411
57 5844
57 5845
57 831
57 5846
57 5412
57 2813
57 5847
57 5848
57 2865
57 5849
57 5850
57 4656
57 2909
57 4659
57 2935
57 2945
57 2955
57 5851
57 2964
57 5852
57 5853
57 5854
57 3009
57 3015
57 5855
57 3044
57 5856
57 5857
57 5858
57 3127
57 5859
57 5860
57 3170
57 5861
57 5862
57 5863
57 3253
57 5864
57 3302
57 5865
57 874
57 5866
57 3453
57 5867
57 5868
57 5869
57 3533
57 5870
57 5871
5872 5071
5872 1430
5872 1436
58 61
58 63
58 65
58 72
58 76
58 88
58 108
58 117
58 121
58 1552
58 594
58 768
58 614
58 172
58 199
58 5873
58 314
58 2401
58 5874
58 2681
58 5875
58 3432
5876 4243
5876 5877
5876 968
5876 597
751 5878
5879 4333
5879 5880
5233 65
5233 76
5233 107
5233 1835
5233 3957
5233 5881
5233 5882
5233 2633
5234 76
5234 1465
932 5883
932 199
932 4339
932 1024
4235 199
1761 166
1762 5884
1762 5885
1762 5886
1762 5887
1762 5888
1762 5889
1762 5890
1762 5891
1762 5611
1762 5892
1762 5893
1762 5894
1762 5895
1762 5621
1762 5896
1762 5897
5898 3574
5899 5884
5074 5900
5074 3603
5074 5901
5074 5902
5074 5903
5074 5904
5074 5905
5074 5906
5074 5907
5908 5806
4885 5909
4885 209
4885 4897
5910 5911
5912 268
5912 703
5912 704
1390 5913
1390 72
1390 5914
1390 121
1390 171
1390 1472
1390 1478
1390 4879
1390 268
1390 703
1390 308
1390 597
5281 5915
5916 138
5916 2008
5917 3595
5918 72
5918 121
5918 138
5918 172
5918 1472
5918 5919
5918 268
5918 703
5918 5335
5918 5920
5918 5921
5922 3578
5922 5317
5922 5923
5924 199
60 108
60 1542
1521 933
5925 5630
5925 5926
1510 72
1510 88
1510 121
1510 1576
1510 172
1510 209
1510 268
1510 1482
1510 5927
688 79
688 1902
1634 5928
1634 1425
5630 5631
5630 5929
5630 5930
5630 5608
5630 5280
5630 5931
5630 5932
61 5075
61 4149
61 5933
61 63
61 76
61 83
61 87
61 88
61 105
61 106
61 107
61 108
61 1529
61 111
61 120
61 121
61 123
61 125
61 1530
61 1876
61 135
61 137
61 640
61 143
61 144
61 151
61 153
61 158
61 1532
61 768
61 169
61 614
61 171
61 172
61 173
61 1537
61 199
61 4332
61 2041
61 208
61 218
61 242
61 1540
61 289
61 385
61 2669
61 2685
61 2936
61 5934
61 3393
5075 72
5075 1464
5075 5935
5075 121
5075 1848
5075 1576
5075 1467
5075 5936
5075 5937
5075 645
5075 5938
5075 172
5075 5939
5075 1478
5075 5940
5075 2162
5075 5941
5075 5625
5075 268
5075 5942
5075 1482
5075 5943
5075 5497
5075 5944
5075 3730
5075 5945
5075 3740
5075 1494
5075 1701
5075 5946
5075 5947
5075 5948
5075 5949
5075 5950
5075 5951
5075 3830
5075 5952
5075 5953
5075 5954
5075 5955
5075 5956
4149 1856
4149 5957
4149 5958
4149 5959
4149 5960
5933 265
5933 5961
5962 5963
933 714
933 761
933 597
5666 1024
3849 644
3849 5762
3849 5964
5965 88
5966 199
934 5967
934 87
934 121
934 268
934 5968
934 5969
5530 5970
5531 5970
5971 1558
1764 620
1765 76
1765 956
1765 5972
1765 3213
4150 4151
4150 126
4150 4155
4150 914
4150 5973
4150 5974
4150 5975
4150 5976
4150 5977
4150 5978
4150 5979
4150 5980
4150 5981
4150 5982
4150 5983
4150 5984
4150 5985
4150 4179
4150 5986
4150 4180
4150 5987
4150 5988
4150 5989
4150 4186
4150 5990
4150 5991
4150 5992
4150 5993
4150 4192
4150 5994
4150 5995
4150 5996
4150 4200
4150 4203
4150 3928
4150 4207
4150 5997
4150 5998
4150 5999
4150 6000
4150 6001
4150 6002
4150 4217
4150 6003
4150 6004
4083 1793
4083 1636
4083 6005
4083 199
4083 2309
4083 2384
4083 6006
4083 6007
4083 6008
4083 6009
3564 65
3564 72
3564 1460
3564 1464
3564 121
3564 172
3564 1472
3564 6010
3564 268
3564 6011
3564 1482
3564 271
3564 6012
1455 5319
5076 6013
5076 5886
5076 2160
5076 6014
5076 6015
5076 6016
5076 6017
5076 6018
3565 3566
3565 5939
3565 6019
3565 6020
3565 6021
3565 1014
3565 6022
3565 6023
3565 2726
3565 5921
3565 847
3565 5950
3565 6024
3565 5951
3565 3313
63 6025
63 1407
63 65
63 1460
63 74
63 75
63 76
63 80
63 83
63 87
63 1781
63 88
63 3946
63 100
63 1809
63 105
63 106
63 107
63 754
63 108
63 1529
63 111
63 116
63 1838
63 120
63 121
63 122
63 123
63 124
63 6026
63 125
63 644
63 6027
63 127
63 3865
63 6028
63 1876
63 131
63 3577
63 134
63 1467
63 137
63 138
63 640
63 4288
63 1398
63 1895
63 143
63 6029
63 1399
63 144
63 1552
63 594
63 151
63 153
63 154
63 157
63 158
63 164
63 6030
63 768
63 169
63 1533
63 171
63 172
63 174
63 188
63 1537
63 199
63 208
63 1538
63 1400
63 229
63 6031
63 240
63 242
63 6032
63 6033
63 2176
63 6034
63 6035
63 2249
63 1002
63 6036
63 2322
63 2346
63 607
63 1040
63 388
63 451
63 6037
63 6038
63 2852
63 6039
63 2866
63 6040
63 6041
63 1178
63 4660
63 1196
63 6042
63 3051
63 6043
63 1232
63 6044
63 3114
63 6045
63 1249
63 6046
63 4722
63 6047
63 6048
63 6049
63 6050
63 6051
63 3462
63 6052
63 3498
63 6053
63 1381
63 3551
5172 616
6054 5103
6054 1496
5631 5885
5631 5608
5631 5926
5631 5932
5282 703
5282 704
1768 1611
6055 138
6055 1478
6055 5887
6055 6056
6055 6057
6055 6058
6055 6059
6055 6060
6055 6061
6055 6062
6055 6063
6055 6064
6055 6065
6055 6066
6055 6067
6055 6068
6055 6069
6055 6070
6055 6071
6055 6072
6055 6073
6055 5620
6055 6074
6055 6075
6055 6076
6055 6077
6055 6078
6055 6079
6055 6080
6055 6081
64 72
64 88
64 121
64 5377
64 5285
64 1466
64 5297
64 172
64 179
64 1472
64 6082
64 199
64 1478
64 6083
64 3639
64 6084
64 6085
64 6086
64 6087
64 3648
64 268
64 1482
64 3680
64 3695
64 2179
64 3733
64 3743
64 6088
64 6089
64 6090
64 6091
64 3765
64 6092
64 6093
64 6094
1456 6095
6096 138
6096 6097
6096 6098
6096 6099
6096 6100
6096 6101
6096 5487
4875 121
4875 1467
4875 1482
6102 3629
6103 72
6103 76
6103 121
6103 1576
6103 209
6103 1478
6103 6104
6103 6105
6103 6106
6103 6107
6103 6108
6103 268
6103 1482
6103 6109
6103 6110
6103 6111
6103 6112
6103 6113
4876 3571
4876 6114
4876 72
4876 5078
4876 3578
4876 138
4876 1472
4876 6115
4876 5090
4876 6116
4876 6117
4876 6118
5929 5608
6025 1528
1407 1528
5884 6119
5884 5926
5788 4245
1769 88
1769 1543
1769 1386
1769 6120
1769 6121
6122 104
6122 143
6122 597
1770 104
1770 4391
1770 2409
1770 6123
1770 6124
1770 3233
6125 597
6125 690
1771 6126
1771 171
1771 6127
1771 3612
1771 6128
1771 5825
1771 6129
1771 6130
1771 6131
1771 6132
1771 5954
5706 65
5706 6133
5706 5713
5706 5715
5706 6134
5706 231
5706 5716
5706 742
5706 1541
5706 597
4236 88
4236 199
65 6135
65 6136
65 72
65 73
65 74
65 75
65 76
65 6137
65 80
65 1525
65 83
65 87
65 88
65 6138
65 6139
65 6140
65 6141
65 1795
65 6142
65 6143
65 674
65 6144
65 105
65 106
65 6145
65 6146
65 6147
65 107
65 754
65 108
65 6148
65 1815
65 6149
65 1529
65 111
65 6150
65 1829
65 120
65 6151
65 121
65 122
65 123
65 584
65 125
65 1854
65 4277
65 6152
65 5742
65 6153
65 6154
65 127
65 5675
65 945
65 1876
65 3949
65 3577
65 135
65 1467
65 137
65 138
65 5294
65 6155
65 3950
65 640
65 5297
65 143
65 1897
65 6156
65 1913
65 1552
65 1921
65 594
65 6157
65 6158
65 151
65 153
65 763
65 155
65 6159
65 1934
65 1935
65 158
65 1532
65 6160
65 768
65 169
65 614
65 171
65 172
65 173
65 6161
65 6162
65 1535
65 188
65 1537
65 3952
65 6163
65 196
65 4328
65 199
65 977
65 6164
65 615
65 2034
65 208
65 1538
65 4341
65 6165
65 2062
65 6166
65 2066
65 224
65 4355
65 229
65 6167
65 6168
65 4357
65 5735
65 6169
65 6170
65 774
65 6171
65 6172
65 6173
65 240
65 242
65 6174
65 1540
65 4370
65 248
65 6175
65 253
65 2149
65 2150
65 6176
65 267
65 3638
65 268
65 269
65 5327
65 271
65 5335
65 5691
65 6177
65 2176
65 6178
65 6179
65 6180
65 6181
65 6182
65 6183
65 6184
65 6035
65 6185
65 994
65 2222
65 3955
65 287
65 6186
65 289
65 1002
65 1005
65 6187
65 5811
65 6188
65 6189
65 4413
65 6190
65 5390
65 6191
65 6192
65 6193
65 316
65 317
65 318
65 319
65 6194
65 6195
65 2328
65 6196
65 6197
65 6198
65 6199
65 6200
65 2357
65 2364
65 6201
65 2388
65 6202
65 6203
65 343
65 5819
65 2402
65 2408
65 2410
65 4467
65 6204
65 3957
65 2424
65 5823
65 1027
65 6205
65 6206
65 6207
65 4480
65 2444
65 361
65 2452
65 6208
65 2465
65 2467
65 6209
65 1036
65 6210
65 678
65 2510
65 6211
65 2516
65 371
65 372
65 373
65 6212
65 6213
65 5831
65 2532
65 5408
65 1042
65 2546
65 378
65 380
65 2561
65 385
65 388
65 6214
65 2573
65 6215
65 6216
65 393
65 394
65 396
65 397
65 5248
65 6217
65 2598
65 6218
65 6219
65 3741
65 3759
65 1498
65 6220
65 6221
65 4540
65 6222
65 818
65 6223
65 2645
65 2647
65 681
65 6224
65 4556
65 6225
65 6226
65 2690
65 2692
65 6227
65 6228
65 2720
65 6229
65 438
65 439
65 440
65 441
65 2728
65 6230
65 827
65 6231
65 2740
65 6232
65 6233
65 6234
65 6235
65 2782
65 6236
65 2784
65 6237
65 2795
65 2799
65 6238
65 6239
65 683
65 6240
65 2832
65 6241
65 6242
65 2872
65 6243
65 6244
65 6245
65 6246
65 6247
65 2903
65 6248
65 5392
65 475
65 476
65 478
65 2911
65 2912
65 2920
65 6249
65 1188
65 2962
65 842
65 4679
65 6250
65 6251
65 6252
65 6253
65 6254
65 6255
65 4698
65 6256
65 3067
65 3085
65 3088
65 3107
65 6257
65 3112
65 6258
65 3117
65 6259
65 6260
65 6261
65 4719
65 3175
65 3179
65 4730
65 519
65 3218
65 3228
65 6262
65 6263
65 6264
65 868
65 3268
65 6265
65 4747
65 6266
65 6267
65 6268
65 1310
65 6269
65 6270
65 3349
65 4763
65 6271
65 3365
65 3374
65 543
65 6272
65 6273
65 6274
65 547
65 3391
65 6050
65 6275
65 4775
65 554
65 6276
65 6277
65 558
65 3434
65 3438
65 3455
65 6278
65 4816
65 4820
65 6279
65 1368
65 6280
65 3512
65 6281
65 6282
65 6283
65 6284
65 6285
728 5712
728 6286
728 6287
728 6288
728 6289
728 144
728 6290
728 6291
728 5685
728 5762
728 5777
728 6292
728 6293
728 3914
728 6294
6295 580
6295 138
6295 6296
6295 6297
6295 6298
6299 2887
6300 200
4237 408
1772 951
1772 6301
6302 87
6302 6303
6304 5608
6304 6305
6304 5926
6304 6306
4238 88
4238 173
4238 199
6135 1530
6135 594
6135 768
6135 172
6135 6307
6135 6308
6135 6309
6135 6310
6135 6311
6312 88
3568 6313
6314 127
3569 189
3569 5034
3570 645
6313 1465
6313 4538
3850 914
736 6315
736 597
736 1678
6316 2151
6316 2170
6316 1035
6316 1345
5789 83
4017 4029
70 199
6317 6318
71 6319
71 72
71 6320
71 121
71 1576
71 172
71 5018
71 1478
71 268
71 5328
71 5033
71 4986
71 6321
71 6322
71 6323
71 6324
580 138
580 3612
580 6325
580 6326
580 6327
580 6328
580 6329
580 6330
580 6331
580 6332
580 6333
580 268
580 6334
580 6335
580 6336
580 6337
580 6338
580 6339
580 6340
580 5488
580 6341
580 6342
580 6343
580 6344
580 6345
580 6346
580 6347
580 6348
580 5489
580 6349
580 6350
580 5490
580 6351
580 6352
580 6353
580 6354
580 5648
580 6355
580 6356
580 6357
580 6358
580 6359
580 6360
580 6361
580 6362
580 6363
580 6364
580 6365
580 6366
580 6367
580 6368
580 6369
580 851
580 6370
580 6371
580 6372
580 6373
580 6374
580 5493
5283 6375
5283 5930
5283 6376
5283 3633
5283 6377
5283 6378
5283 6379
5283 6059
5283 6380
5283 3650
5283 3653
5283 6381
5283 5612
5283 6382
5283 5892
5283 6383
5283 6384
5283 5340
5283 6385
5283 6386
5283 6387
5283 6071
5283 2615
5283 6388
5283 5618
5283 5894
5283 6389
5283 6390
5283 6391
5283 6392
5283 6393
5283 6076
5283 6394
5283 6080
5885 5608
1457 4072
1457 3571
1457 72
1457 121
1457 5082
1457 1472
1457 5301
1457 3669
1457 3705
1457 6395
6396 5095
6397 72
6397 121
6397 2160
6397 6398
6397 6399
6397 6400
6397 6401
6402 6318
6402 6403
6402 6404
6405 5095
4072 6406
5013 6407
5013 6408
5438 73
6409 6410
6409 3676
6411 5539
6411 5540
6411 6412
6411 6098
6411 6099
6411 6413
6411 6100
6411 6101
6411 6414
6411 5487
6415 1460
6416 3578
6416 6417
6416 6418
3571 72
3571 1467
3571 6419
3571 1472
3571 1478
3571 6420
3571 268
3571 3705
3571 6421
3571 3742
3571 6422
3571 6423
3571 3838
6424 72
6424 121
6424 172
6424 5311
6424 6425
5077 1463
5077 171
5077 3603
6426 6427
6428 5095
6428 6429
6114 5913
6114 6430
6114 6431
6114 6432
6114 6433
6114 6434
6114 6435
6114 6436
6114 6437
6114 6438
6114 6117
6114 6439
6114 6440
6114 6441
6114 6442
6114 6443
6114 6444
6114 6445
6114 6446
6114 6265
5913 1496
72 642
72 1458
72 1459
72 73
72 6447
72 75
72 6448
72 5284
72 1464
72 3573
72 3574
72 6449
72 6450
72 76
72 80
72 87
72 1528
72 1797
72 100
72 105
72 106
72 107
72 4266
72 116
72 120
72 121
72 123
72 124
72 125
72 1876
72 131
72 132
72 3577
72 3578
72 1465
72 3579
72 6451
72 5285
72 135
72 6452
72 6453
72 6454
72 1466
72 5014
72 5286
72 6455
72 1576
72 1467
72 5782
72 5288
72 5289
72 6456
72 136
72 3583
72 137
72 3584
72 1468
72 4877
72 4285
72 3586
72 138
72 5290
72 1578
72 645
72 3590
72 6457
72 5081
72 5082
72 3591
72 3594
72 1889
72 5293
72 1470
72 5294
72 6155
72 5063
72 4139
72 4926
72 5296
72 640
72 5297
72 143
72 6458
72 594
72 953
72 153
72 158
72 768
72 169
72 614
72 172
72 186
72 6459
72 1472
72 6460
72 6461
72 187
72 5084
72 6462
72 189
72 1473
72 6463
72 6464
72 5298
72 6465
72 5919
72 4323
72 3605
72 6466
72 3607
72 6467
72 5301
72 5375
72 190
72 3608
72 6468
72 199
72 208
72 209
72 229
72 242
72 6308
72 246
72 1476
72 6469
72 6470
72 2160
72 5090
72 267
72 5019
72 3616
72 5304
72 6471
72 6472
72 5307
72 6473
72 5093
72 3624
72 6474
72 5308
72 4890
72 5309
72 6475
72 4931
72 5310
72 1479
72 5023
72 3627
72 3628
72 6476
72 5064
72 3629
72 5311
72 6477
72 5586
72 1583
72 6478
72 6479
72 4140
72 6480
72 5313
72 6420
72 6481
72 1584
72 6482
72 3638
72 6483
72 5315
72 6104
72 6484
72 5316
72 6485
72 6486
72 3643
72 782
72 783
72 6487
72 4132
72 6488
72 6489
72 6490
72 6491
72 5321
72 6106
72 4937
72 3656
72 5323
72 6492
72 6493
72 6494
72 4880
72 3661
72 3663
72 268
72 269
72 4943
72 6011
72 5327
72 3667
72 6495
72 270
72 3668
72 6496
72 3669
72 6021
72 4944
72 3673
72 5104
72 3677
72 5331
72 1482
72 4947
72 4899
72 6497
72 3685
72 6498
72 667
72 6499
72 5334
72 271
72 6500
72 6501
72 6502
72 5335
72 6503
72 331
72 385
72 2571
72 4952
72 6504
72 6505
72 5030
72 6506
72 6507
72 5496
72 5338
72 1485
72 6508
72 6509
72 6510
72 6511
72 5339
72 4960
72 3713
72 6512
72 1491
72 6513
72 6514
72 6515
72 6516
72 4964
72 6421
72 6517
72 6518
72 6219
72 3722
72 4970
72 6519
72 5348
72 6520
72 6521
72 3741
72 6522
72 6523
72 6524
72 1593
72 6525
72 3758
72 3759
72 5351
72 3763
72 6526
72 6527
72 6528
72 1498
72 5354
72 5355
72 5356
72 419
72 1654
72 6234
72 6529
72 6530
72 4991
72 5358
72 6531
72 6532
72 6533
72 6534
72 6535
72 6536
642 1782
642 3576
642 5287
642 6537
642 6538
642 2040
642 265
642 6326
642 6328
642 6539
642 6540
642 6329
642 6330
642 6331
642 6541
642 6332
642 6542
642 6543
642 6544
642 6545
642 6546
642 6339
642 6547
642 6342
642 6343
642 5141
642 6548
642 6344
642 6345
642 6549
642 6550
642 6347
642 6551
642 6552
642 3726
642 6350
642 6351
642 6353
642 6354
642 6298
642 5647
642 6553
642 5492
642 6554
642 6356
642 6357
642 6358
642 6555
642 6359
642 6360
642 6556
642 6363
642 6365
642 6557
642 6368
642 6369
642 6558
642 6559
642 6560
642 6561
642 6562
642 6373
642 6563
6564 6565
6566 3578
6566 6567
6566 6568
6566 6569
6566 6570
6566 6571
6566 6572
6566 6573
6566 6574
6566 6575
6566 6576
6566 6439
6566 6443
1458 5625
1458 6577
1459 1464
1459 121
1459 172
1459 1472
1459 268
1459 1482
6578 5914
6578 6579
6578 5607
6578 6580
6578 6581
6578 6582
6578 6583
6578 6584
6578 6585
6578 6071
6586 5786
6586 191
6587 6588
6587 6589
6587 5909
6587 6590
6587 189
6587 4887
6587 6591
6587 4888
6587 6592
6587 4891
6587 6593
6587 6594
6587 6595
6587 4894
6587 4896
6587 3664
6587 268
6587 4897
6587 6596
6587 6597
6587 6598
6587 6599
6587 784
6587 4901
6587 3707
6587 6600
6587 6601
6587 6602
6587 6603
6587 4902
6587 6604
6587 3712
6587 6605
6587 4903
6587 6606
6587 4905
6587 6607
6587 6608
6587 6609
6587 6610
6587 6611
6587 6612
6587 6613
6587 3755
6587 3756
6587 3757
6587 6614
6587 6615
6587 6616
6587 6617
6587 6618
6587 4909
6587 4911
6587 6619
6587 4914
6587 6620
6587 4916
6587 6621
6587 6622
6587 6623
6587 4919
6587 6624
6587 6625
6587 6626
6587 6627
6587 3832
6587 4922
6587 6628
6587 4923
6587 6629
6587 6630
6587 6401
6631 73
6632 1611
6633 5086
6634 6635
6636 6388
73 1464
73 87
73 88
73 121
73 1467
73 6637
73 172
73 6638
73 189
73 5919
73 3605
73 6639
73 1478
73 3635
73 3643
73 3656
73 3661
73 268
73 6640
73 6641
73 6642
73 3736
73 6643
73 6644
73 6645
73 6646
73 6647
73 3781
73 6648
73 3813
73 6649
6650 1889
1460 74
1460 1461
1460 643
1460 6651
1460 5284
1460 1464
1460 87
1460 88
1460 3577
1460 5014
1460 5286
1460 5782
1460 4285
1460 138
1460 5290
1460 3591
1460 172
1460 179
1460 6652
1460 6653
1460 6565
1460 3607
1460 6467
1460 4147
1460 6654
1460 190
1460 6655
1460 1581
1460 5310
1460 5023
1460 6656
1460 6657
1460 6658
1460 703
1460 5330
1460 6659
1460 3696
1460 6660
1460 5337
1460 5943
1460 6661
1460 5107
1460 6662
1460 812
1460 6663
1460 6664
1460 6665
1460 6666
1460 5348
1460 6667
1460 6668
1460 4982
1460 6669
1460 6670
1460 6671
1460 5118
1460 6672
1460 6673
5078 3590
5078 3612
5078 3629
5078 6674
5078 6675
5078 6676
5078 6677
5078 6678
6679 121
6679 3585
6679 6680
6679 4897
6679 3699
6679 4902
6679 6604
6679 3714
6679 6681
6679 6605
6679 4905
6679 6607
6679 6682
6679 3753
6679 6683
6679 6684
6679 6685
6679 6686
6679 6687
6679 6688
6679 6689
6679 6690
6679 6399
6679 6691
6679 6692
74 1464
74 76
74 87
74 88
74 121
74 3598
74 594
74 172
74 179
74 1472
74 189
74 3604
74 199
74 3613
74 5308
74 1391
74 779
74 5311
74 6479
74 6693
74 3649
74 5101
74 3655
74 5443
74 5025
74 6694
74 268
74 6695
74 6696
74 5332
74 3682
74 6697
74 6698
74 3700
74 3704
74 3708
74 5444
74 6699
74 3710
74 6700
74 6701
74 5445
74 6702
74 6703
74 814
74 5448
74 6704
74 3772
74 6705
74 5449
74 6706
74 6707
74 6708
74 6709
74 3814
74 3823
74 6710
74 6711
74 504
1461 3584
1461 6461
1461 6712
1461 6713
1461 1477
1461 6714
1461 6715
1461 3691
1461 6716
1461 419
1461 6717
643 121
643 172
643 6718
643 6481
643 6544
3572 268
5079 121
5079 1478
6375 5100
6447 121
6447 179
6447 209
6447 268
6447 4897
6447 6601
6447 3715
6447 6607
6447 6609
6447 6610
6447 6719
6447 6611
6447 6612
6447 4907
6447 6613
6447 4908
6447 3757
6447 6616
6447 6617
6447 6686
6447 6671
6447 6720
6447 4913
6447 6620
6447 6623
6447 3811
6447 6625
6447 6721
6447 6722
6447 6723
6447 6629
6447 6724
6725 5608
6725 6726
6725 6727
6725 5095
6725 6728
6725 6729
6725 5926
6725 6730
6430 5340
75 1464
75 76
75 87
75 6320
75 4266
75 121
75 5593
75 1576
75 6731
75 645
75 171
75 172
75 6732
75 6733
75 6734
75 199
75 1478
75 1699
75 6735
75 6736
75 6737
75 3641
75 4938
75 6738
75 4941
75 268
75 6739
75 4948
75 6740
75 6741
75 4950
75 4951
75 6742
75 6743
75 6744
75 6745
75 3716
75 6746
75 6747
75 6748
75 6749
75 6750
75 6751
75 1597
75 6752
75 6753
75 6754
75 6755
75 6756
75 1600
75 6757
75 6758
75 6759
75 6760
75 1603
75 6761
75 5050
75 6762
75 6763
75 6764
75 6765
75 6766
75 6767
6768 5786
1462 121
1462 5625
1462 3663
6769 5608
6770 6116
1463 6771
1463 6772
1463 6773
1463 4881
1463 6774
6448 121
6448 645
6448 172
6448 1472
6448 188
6448 1478
6448 6775
6448 6776
6448 268
6448 6777
6448 1482
6448 6502
6448 6778
6448 6779
6448 6780
6448 6781
6448 6782
6651 6654
6651 3634
6651 6783
6651 2532
6651 6784
6651 4862
5284 121
5284 172
5284 269
5284 3787
5284 6785
1464 121
1464 1465
1464 135
1464 6454
1464 1466
1464 1467
1464 5782
1464 6786
1464 137
1464 1468
1464 4285
1464 138
1464 6787
1464 3594
1464 6788
1464 4139
1464 5297
1464 172
1464 1472
1464 187
1464 6462
1464 189
1464 5919
1464 3607
1464 5301
1464 6789
1464 209
1464 2160
1464 267
1464 6472
1464 4140
1464 3638
1464 6790
1464 6791
1464 781
1464 4141
1464 5324
1464 4880
1464 268
1464 269
1464 3667
1464 3673
1464 1482
1464 3685
1464 5333
1464 5334
1464 5335
1464 6503
1464 1485
1464 6792
1464 5034
1464 6515
1464 6517
1464 813
1464 6793
1464 3759
1464 3766
1464 419
1464 5364
1464 6794
1464 6795
1464 6796
3573 6797
6798 5608
3574 1472
3574 4074
5935 6799
5935 5200
5935 5201
5935 6800
5935 6801
5935 6802
5935 6803
6804 5300
6804 6805
6449 778
6449 782
6450 121
6450 163
6450 172
6450 1472
6450 268
6450 1482
6450 6806
6450 6807
6450 6808
6809 1469
6809 6652
4060 5297
4060 6810
4060 5625
4060 3674
4060 6811
4060 6812
4060 6813
4060 3713
4060 5341
4060 1064
4060 3746
4060 6814
4060 5946
4060 817
4060 6815
4060 6816
4060 4062
4060 3797
4060 6817
4060 6818
4060 6819
6820 599
6820 6821
76 83
76 87
76 88
76 1528
76 1787
76 94
76 4254
76 3946
76 105
76 106
76 107
76 108
76 111
76 117
76 120
76 121
76 6822
76 123
76 125
76 6823
76 1857
76 6824
76 1530
76 1876
76 1878
76 6825
76 134
76 137
76 138
76 1889
76 3950
76 139
76 640
76 949
76 5297
76 143
76 1896
76 951
76 144
76 6826
76 148
76 1917
76 594
76 153
76 6827
76 1928
76 6828
76 158
76 767
76 768
76 169
76 1533
76 614
76 172
76 173
76 6829
76 964
76 6830
76 183
76 6831
76 2006
76 188
76 6832
76 2012
76 194
76 199
76 2022
76 6833
76 204
76 6834
76 208
76 210
76 1538
76 6835
76 2056
76 2063
76 6836
76 2070
76 2072
76 6301
76 6837
76 240
76 2116
76 2118
76 242
76 6838
76 6839
76 1540
76 6840
76 6032
76 2127
76 2129
76 988
76 6841
76 253
76 2137
76 6842
76 256
76 5088
76 267
76 268
76 1482
76 271
76 5762
76 2194
76 6843
76 286
76 2239
76 287
76 289
76 2253
76 6844
76 6845
76 6846
76 2258
76 300
76 2284
76 307
76 4413
76 6847
76 2318
76 325
76 6848
76 2361
76 6849
76 6850
76 6851
76 340
76 6852
76 2404
76 6853
76 351
76 6854
76 353
76 4477
76 6855
76 2465
76 2481
76 6856
76 6857
76 2495
76 6858
76 2516
76 6212
76 2526
76 2527
76 2532
76 2538
76 806
76 2558
76 6859
76 385
76 5248
76 1057
76 1058
76 399
76 400
76 6860
76 1059
76 1060
76 1061
76 6861
76 6862
76 401
76 2596
76 1063
76 6218
76 1064
76 2630
76 2631
76 6863
76 412
76 6864
76 6865
76 413
76 6866
76 6867
76 6868
76 2675
76 1083
76 2693
76 6869
76 6870
76 2705
76 2716
76 6871
76 6872
76 6873
76 2742
76 6874
76 6235
76 5434
76 6875
76 6876
76 6877
76 6878
76 2840
76 2842
76 6879
76 1140
76 6880
76 6881
76 6882
76 2848
76 6883
76 1149
76 6884
76 6885
76 1155
76 2874
76 2886
76 6886
76 2890
76 1166
76 6887
76 4650
76 6888
76 6889
76 6890
76 6891
76 1184
76 6892
76 6893
76 1191
76 1194
76 1195
76 6894
76 2966
76 6895
76 2984
76 2999
76 1218
76 6896
76 3010
76 6897
76 3030
76 6898
76 6899
76 6900
76 6901
76 6902
76 6903
76 6904
76 6905
76 6906
76 6907
76 6908
76 1229
76 6909
76 3069
76 6910
76 6911
76 6912
76 6913
76 6914
76 6915
76 6916
76 6917
76 6918
76 1246
76 3128
76 6919
76 6920
76 3194
76 6921
76 6922
76 519
76 6923
76 6924
76 6925
76 3290
76 6926
76 6927
76 528
76 6928
76 6929
76 5436
76 6930
76 6931
76 3368
76 3372
76 4768
76 6272
76 6273
76 3385
76 6932
76 6933
76 6934
76 6935
76 6936
76 6937
76 4789
76 6277
76 6938
76 4803
76 4811
76 4812
76 4813
76 563
76 6939
76 6940
76 4820
76 3477
76 6941
76 6942
76 6943
76 6944
76 6945
4111 4119
3851 6946
78 143
6947 88
6947 2848
6948 1776
6949 208
4241 316
4241 6950
6951 2137
5149 4263
6952 6953
6952 199
6954 88
5147 953
673 640
79 88
79 183
79 6955
79 6956
79 4472
79 2623
79 439
79 6957
79 4815
80 87
80 88
80 108
80 121
80 594
80 614
80 172
6958 6959
6958 272
6958 6002
1526 5728
1526 6376
6960 6208
6960 5668
4243 5877
4243 6961
1777 199
6962 4346
81 1542
6963 194
6963 1542
6964 1430
6964 1434
6964 1436
6965 199
5719 6966
729 6967
729 6968
729 6969
729 6970
729 6971
729 6972
729 6973
729 6974
729 6975
729 6976
729 2184
729 6977
729 6978
729 2488
729 6979
729 6980
729 6981
4244 87
4244 1954
4244 6982
4244 6983
4244 5226
6984 1963
6984 2133
6984 6985
6984 1542
4245 108
4245 1542
6986 1430
6986 1434
6986 5433
6986 1436
82 199
83 87
83 106
83 108
83 6987
83 121
83 644
83 132
83 6988
83 148
83 594
83 768
83 614
83 172
83 4326
83 6989
83 6990
83 6991
83 2848
83 2995
83 3339
83 6992
83 3381
83 6993
83 3525
1778 6994
1778 6995
1778 1651
1778 1661
1778 4125
1778 6996
1778 6997
4246 88
1779 199
6998 586
85 6999
5727 231
7000 87
86 610
4019 7001
7002 1430
87 1781
87 88
87 1528
87 99
87 3946
87 5790
87 103
87 105
87 4264
87 107
87 754
87 108
87 941
87 1529
87 111
87 7003
87 1437
87 4273
87 116
87 117
87 120
87 121
87 124
87 125
87 644
87 126
87 5743
87 5744
87 6153
87 7004
87 1857
87 5963
87 945
87 1876
87 6825
87 134
87 5014
87 136
87 138
87 640
87 5383
87 141
87 951
87 144
87 4295
87 1552
87 594
87 1675
87 5061
87 955
87 153
87 1928
87 6828
87 158
87 164
87 767
87 6160
87 1953
87 768
87 169
87 614
87 171
87 172
87 173
87 174
87 963
87 180
87 182
87 188
87 6462
87 189
87 2008
87 3605
87 4147
87 7005
87 7006
87 973
87 196
87 7007
87 7008
87 199
87 201
87 615
87 4333
87 3953
87 208
87 209
87 1538
87 2056
87 4348
87 7009
87 229
87 7010
87 6167
87 5754
87 5678
87 7011
87 7012
87 7013
87 2091
87 2101
87 7014
87 2114
87 240
87 242
87 244
87 7015
87 7016
87 6308
87 246
87 248
87 7017
87 253
87 261
87 265
87 6655
87 1478
87 5308
87 6331
87 3661
87 268
87 1482
87 7018
87 6500
87 5028
87 3894
87 5694
87 6179
87 7019
87 5778
87 5766
87 7020
87 2184
87 5701
87 7021
87 3924
87 7022
87 6843
87 279
87 4391
87 287
87 289
87 1002
87 300
87 2276
87 6188
87 7023
87 2311
87 316
87 317
87 319
87 1015
87 2340
87 6318
87 331
87 4447
87 2363
87 7024
87 2372
87 7025
87 6203
87 2394
87 7026
87 2408
87 352
87 6854
87 7027
87 911
87 575
87 4488
87 7028
87 362
87 363
87 2474
87 5827
87 7029
87 4494
87 370
87 7030
87 7031
87 7032
87 2538
87 2554
87 385
87 2571
87 7033
87 391
87 2576
87 6216
87 4525
87 4526
87 7034
87 7035
87 7036
87 6666
87 3731
87 1064
87 4982
87 3749
87 6089
87 5351
87 7037
87 7038
87 7039
87 1068
87 2623
87 406
87 1071
87 7040
87 4554
87 2670
87 2671
87 2686
87 2693
87 2694
87 419
87 2711
87 2720
87 7041
87 1654
87 440
87 7042
87 1099
87 830
87 7043
87 2760
87 7044
87 7045
87 7046
87 1108
87 6238
87 458
87 1123
87 5413
87 7047
87 5847
87 1129
87 2827
87 6038
87 2840
87 7048
87 4619
87 7049
87 7050
87 836
87 2866
87 5849
87 1150
87 7051
87 7052
87 1162
87 7053
87 2895
87 7054
87 7055
87 475
87 476
87 477
87 478
87 7056
87 7057
87 7058
87 5652
87 7059
87 1196
87 4668
87 4669
87 7060
87 2962
87 2972
87 7061
87 2978
87 6251
87 3022
87 5855
87 3024
87 7062
87 7063
87 7064
87 7065
87 7066
87 7067
87 7068
87 6690
87 7069
87 7070
87 7071
87 7072
87 3045
87 7073
87 7074
87 6900
87 7075
87 7076
87 6043
87 7077
87 7078
87 7079
87 1232
87 7080
87 7081
87 7082
87 7083
87 6917
87 3094
87 7084
87 3101
87 7085
87 7086
87 504
87 3126
87 7087
87 7088
87 3141
87 3152
87 1257
87 4723
87 7089
87 7090
87 7091
87 7092
87 7093
87 3225
87 7094
87 7095
87 7096
87 3249
87 3251
87 7097
87 7098
87 4744
87 7099
87 4752
87 7100
87 7101
87 6267
87 7102
87 7103
87 3342
87 7104
87 3367
87 7105
87 7106
87 7107
87 7108
87 7109
87 7110
87 7111
87 7112
87 6934
87 1333
87 6936
87 7113
87 7114
87 7115
87 7116
87 1357
87 7117
87 7118
87 7119
87 7120
87 7121
87 1364
87 7122
87 4826
87 1372
87 7123
87 7124
87 3541
87 7125
87 7126
87 7127
7128 7129
7128 231
7128 7130
7131 1393
7131 3250
1780 173
1780 7132
1780 2816
1781 121
1781 594
1781 171
1781 172
1781 7133
88 1528
88 7134
88 89
88 91
88 92
88 1791
88 7135
88 1795
88 94
88 7136
88 1802
88 7137
88 1808
88 4260
88 104
88 105
88 106
88 107
88 1814
88 4265
88 108
88 4268
88 7138
88 1815
88 7139
88 111
88 1821
88 7140
88 1825
88 114
88 1826
88 7141
88 4274
88 1834
88 1837
88 120
88 1839
88 121
88 122
88 123
88 125
88 7142
88 1851
88 7143
88 644
88 7144
88 7145
88 127
88 4278
88 5963
88 4158
88 7146
88 4160
88 1863
88 6028
88 7147
88 1876
88 131
88 947
88 1881
88 3949
88 4282
88 132
88 4283
88 133
88 134
88 1465
88 5593
88 6453
88 1466
88 7148
88 1468
88 1887
88 138
88 7149
88 645
88 1889
88 7150
88 640
88 5383
88 4286
88 140
88 1891
88 7151
88 143
88 1900
88 145
88 7152
88 1905
88 148
88 4297
88 5427
88 1915
88 1921
88 594
88 1531
88 953
88 151
88 7153
88 5061
88 7154
88 1925
88 4302
88 153
88 762
88 6828
88 157
88 158
88 7155
88 7156
88 960
88 4308
88 7157
88 4309
88 767
88 1950
88 1954
88 1968
88 170
88 7158
88 4315
88 1974
88 172
88 173
88 174
88 1981
88 1982
88 769
88 1430
88 176
88 1986
88 7159
88 1993
88 179
88 7160
88 7161
88 1998
88 184
88 7162
88 966
88 2003
88 7163
88 2004
88 7129
88 1536
88 7164
88 6461
88 7165
88 189
88 3607
88 2009
88 7166
88 3608
88 6567
88 7167
88 2013
88 7168
88 2014
88 2015
88 194
88 196
88 976
88 7169
88 7170
88 199
88 978
88 2030
88 7171
88 2032
88 2033
88 7172
88 7173
88 7174
88 2039
88 2040
88 7175
88 4336
88 2044
88 1538
88 4337
88 7176
88 7177
88 2050
88 2053
88 4343
88 6983
88 7178
88 7179
88 2060
88 4350
88 2068
88 7180
88 2070
88 2078
88 4353
88 4355
88 914
88 7181
88 2081
88 2083
88 7182
88 4360
88 7183
88 7184
88 236
88 7185
88 7186
88 2105
88 6171
88 7187
88 7188
88 985
88 986
88 240
88 7189
88 4369
88 2121
88 7190
88 1540
88 2123
88 245
88 2124
88 248
88 2127
88 4372
88 2130
88 7017
88 990
88 253
88 2135
88 2136
88 2138
88 6842
88 2140
88 2142
88 7191
88 4379
88 4380
88 2151
88 265
88 2157
88 6115
88 2160
88 1478
88 3622
88 5095
88 7192
88 6715
88 7193
88 5540
88 7194
88 7195
88 5025
88 3663
88 6811
88 7196
88 6062
88 7197
88 4386
88 7198
88 7199
88 5972
88 2184
88 2185
88 7200
88 3931
88 273
88 2204
88 7201
88 4389
88 7202
88 2211
88 278
88 7203
88 2215
88 7204
88 7205
88 7206
88 281
88 7207
88 282
88 2229
88 996
88 2235
88 7208
88 2241
88 2243
88 289
88 999
88 2246
88 1000
88 7209
88 293
88 4403
88 2258
88 7210
88 2260
88 7211
88 2268
88 7212
88 2271
88 2272
88 5810
88 1005
88 788
88 2281
88 5873
88 7213
88 4411
88 2286
88 4412
88 7023
88 7214
88 4417
88 7215
88 4419
88 909
88 4421
88 2304
88 2307
88 7216
88 316
88 317
88 318
88 319
88 7217
88 7218
88 5813
88 7219
88 2329
88 7220
88 7221
88 2330
88 4433
88 1014
88 7222
88 2335
88 2338
88 4437
88 7223
88 7224
88 4439
88 7225
88 7226
88 4446
88 2358
88 4448
88 5433
88 7227
88 7228
88 2363
88 2371
88 4455
88 5817
88 2377
88 2378
88 337
88 7229
88 7230
88 1386
88 2382
88 7231
88 4458
88 7232
88 2386
88 7233
88 656
88 2389
88 2390
88 6956
88 338
88 7234
88 1023
88 4459
88 340
88 2395
88 343
88 7235
88 2398
88 345
88 7236
88 1025
88 4463
88 2412
88 2415
88 2416
88 7237
88 578
88 607
88 7238
88 2417
88 6204
88 2425
88 4471
88 7239
88 2430
88 2431
88 2432
88 356
88 357
88 5406
88 2435
88 4478
88 2440
88 7240
88 4483
88 575
88 7241
88 2449
88 2453
88 1032
88 4487
88 7242
88 7243
88 2464
88 2468
88 1544
88 4489
88 7244
88 2473
88 7245
88 4490
88 7246
88 5826
88 7247
88 1034
88 367
88 5828
88 722
88 2485
88 2488
88 4492
88 1036
88 2497
88 1037
88 2508
88 4496
88 4498
88 2512
88 7248
88 4500
88 371
88 372
88 373
88 7249
88 4501
88 4503
88 7250
88 2530
88 2531
88 1041
88 7251
88 7252
88 803
88 2532
88 7253
88 7254
88 2538
88 2543
88 4508
88 2545
88 7255
88 4511
88 2547
88 2548
88 7256
88 2550
88 4512
88 7257
88 4515
88 7258
88 2557
88 1047
88 384
88 2561
88 2563
88 4517
88 7259
88 2570
88 388
88 2575
88 7260
88 3961
88 4521
88 7261
88 7262
88 5409
88 4524
88 4527
88 393
88 394
88 395
88 396
88 397
88 7263
88 7264
88 2591
88 4530
88 4531
88 2596
88 2597
88 1062
88 7265
88 7036
88 7266
88 4534
88 7267
88 2605
88 2607
88 2609
88 4537
88 2610
88 2611
88 7268
88 5034
88 6515
88 5893
88 6814
88 1066
88 1067
88 7269
88 2623
88 7270
88 4541
88 7271
88 2628
88 7272
88 4542
88 4543
88 2634
88 2639
88 7273
88 1072
88 7274
88 4550
88 413
88 5838
88 2648
88 1075
88 4553
88 7275
88 2655
88 7276
88 7277
88 2667
88 2668
88 7278
88 7279
88 4558
88 7280
88 1081
88 2683
88 4563
88 6226
88 2699
88 419
88 7281
88 7282
88 4565
88 2718
88 2719
88 436
88 7283
88 4572
88 2726
88 1091
88 1092
88 7284
88 438
88 439
88 440
88 441
88 7285
88 4573
88 444
88 4575
88 446
88 7286
88 4580
88 2745
88 7287
88 1105
88 4587
88 2767
88 7288
88 690
88 4595
88 1110
88 7289
88 2777
88 831
88 455
88 1114
88 7290
88 1116
88 4600
88 4601
88 7291
88 1125
88 4607
88 7292
88 459
88 1127
88 4618
88 6037
88 2834
88 5848
88 7293
88 1139
88 7294
88 6039
88 1144
88 4622
88 7295
88 7296
88 1145
88 463
88 7297
88 4628
88 466
88 4632
88 7298
88 2881
88 1159
88 4641
88 7299
88 470
88 1164
88 7300
88 2894
88 7301
88 4649
88 7302
88 6887
88 2899
88 4652
88 4653
88 7303
88 475
88 476
88 477
88 478
88 4654
88 2907
88 2908
88 4657
88 7304
88 1175
88 7305
88 2923
88 7306
88 6891
88 7307
88 7308
88 7057
88 7309
88 6892
88 7310
88 7311
88 2940
88 2941
88 4667
88 2946
88 7312
88 1203
88 4672
88 7313
88 7314
88 4674
88 5417
88 2971
88 1210
88 1212
88 7315
88 1215
88 2993
88 7316
88 7317
88 3006
88 7318
88 3012
88 7319
88 7320
88 7321
88 3780
88 7322
88 7323
88 5361
88 5370
88 7324
88 491
88 3058
88 7325
88 7326
88 7327
88 7328
88 7329
88 4704
88 1233
88 7330
88 1235
88 4706
88 7331
88 497
88 7332
88 7333
88 7334
88 7335
88 3094
88 7084
88 7336
88 7337
88 7338
88 3105
88 3106
88 7339
88 7340
88 7341
88 7342
88 506
88 3125
88 860
88 3138
88 7088
88 3139
88 7343
88 3148
88 1255
88 7344
88 6261
88 3155
88 4721
88 7345
88 5968
88 7346
88 3167
88 3192
88 3843
88 3206
88 3207
88 1408
88 3208
88 7347
88 6922
88 519
88 7348
88 3214
88 7349
88 7350
88 7351
88 7352
88 4736
88 1276
88 7353
88 3236
88 7354
88 7355
88 4742
88 1284
88 7356
88 7357
88 3269
88 3284
88 3299
88 7358
88 7359
88 7360
88 7361
88 3341
88 540
88 3344
88 873
88 7362
88 1316
88 3373
88 3380
88 7363
88 7364
88 547
88 7365
88 3386
88 7366
88 7367
88 7368
88 7369
88 1343
88 1344
88 7114
88 3409
88 3412
88 3413
88 4786
88 1347
88 1351
88 4795
88 3435
88 4797
88 3440
88 7370
88 7371
88 7372
88 7373
88 7374
88 5655
88 565
88 7375
88 7376
88 3478
88 3480
88 7377
88 4823
88 566
88 7378
88 7379
88 7380
88 5868
88 4829
88 3514
88 4830
88 7381
88 3518
88 3520
88 3521
88 4834
88 570
88 7382
88 7383
88 7384
88 7385
88 4846
88 7386
88 7387
1528 121
1528 768
1528 172
1528 1537
4248 215
4248 1151
1782 199
4249 199
7388 104
7388 196
7388 6077
89 5383
89 2143
6138 1795
6138 121
6138 7389
1784 1424
1785 199
1786 1542
1787 6171
4250 122
7390 1430
7390 1436
1693 7391
1693 7392
91 199
91 215
1788 1805
1788 107
1788 7393
1788 7394
1788 7395
1788 7396
1788 1894
1788 7397
1788 760
1788 1424
1788 4113
1788 1638
1788 2054
1788 7398
1788 2067
1788 4088
1788 7399
1788 1640
1788 7400
1788 4092
1788 7401
1788 6006
1788 5214
1788 7402
1788 7403
1788 810
1788 7404
1788 7405
1788 7406
1788 7407
1788 4117
1788 2785
1788 7408
1788 4097
1788 7409
1788 840
1788 4098
1788 7410
1788 4120
1788 3210
1788 3308
1788 4101
1788 5223
1788 7411
1788 7412
1788 6997
1788 7413
7414 171
4152 914
4251 3946
4251 7415
4251 4222
4251 7416
4251 7417
4251 7418
7419 730
92 199
3575 1468
5071 1430
6140 584
7420 1436
4252 199
7421 6946
7421 7422
6946 4266
6946 3852
6946 3853
6946 7423
6946 3856
6946 3883
6946 7424
7425 7426
7425 124
93 2061
93 7427
1792 2137
714 6141
714 121
714 761
714 308
1794 640
1794 199
7428 7429
7428 958
7428 597
7428 381
5398 590
3945 99
3945 121
3945 172
3945 6212
7135 316
1795 7430
1795 6150
1795 121
1795 7389
1795 7431
1795 7432
1795 6192
94 172
94 199
7433 4464
1796 2428
4253 4427
4253 7434
4253 7435
4253 7436
7437 125
7437 1538
96 172
96 7438
96 7439
96 3026
96 7440
939 2819
7441 4288
7441 172
97 1823
97 767
97 199
97 4484
97 5829
97 2986
98 199
620 7442
620 7443
620 7444
620 149
620 199
1797 121
1797 7445
1797 172
1797 1472
1797 199
1797 7446
1797 7447
1797 1478
1797 7448
1797 6128
1797 7449
1797 7450
1797 7451
1797 6129
1797 7452
1797 7453
1797 7454
1797 6131
1797 6132
1797 5954
1797 5955
1797 7455
99 172
99 2866
99 7335
99 7456
99 7457
7458 3946
7458 945
4256 4338
1798 240
1798 3134
590 5399
590 717
590 719
590 597
590 723
730 5377
730 7459
730 229
730 7460
730 7461
730 7462
730 3897
730 7463
730 7464
730 7465
730 3917
730 3919
730 5960
7466 199
4258 114
4258 767
650 1425
7136 2234
7442 122
7442 7467
7442 7468
7442 4658
7442 7469
6143 212
7470 3946
7470 945
3946 754
3946 121
3946 7471
3946 7472
3946 7473
3946 7474
3946 7475
3946 7476
3946 768
3946 614
3946 171
3946 172
3946 7477
3946 7478
3946 7479
3946 7480
3946 7481
3946 4222
3946 268
3946 3889
3946 2174
3946 7416
3946 2176
3946 7482
3946 7483
3946 7484
3946 7485
3946 7486
3946 7487
3946 7488
3946 7489
3946 7490
3946 7491
3946 7492
3946 7493
3946 7494
3946 7495
3946 7496
3946 7497
3946 7498
3946 7499
3946 7500
3946 7501
3946 7502
3946 7503
3946 7504
3946 7505
3946 7506
3946 7507
3946 7508
3946 7509
3946 7510
3946 7511
3946 7512
3946 7513
3946 7514
3946 7515
3946 7516
3946 7517
3946 7518
3946 7519
3946 7520
3946 7521
3946 7522
3946 7523
3946 7524
3946 7525
3946 7418
3946 7526
3946 7527
3946 7528
3946 7529
3946 7530
3946 7531
3946 7532
3946 7533
3946 6034
3946 7534
3946 7535
3946 7536
3946 7537
3946 7538
3946 7539
3946 7540
3946 7541
3946 7542
3946 7543
3946 7544
3946 7545
3946 7546
3946 7547
3946 7548
3946 7549
3946 7550
3946 7551
3946 7552
3946 7553
3946 7554
3946 7555
3946 7556
3946 7557
3946 7558
3946 7559
3946 7560
3946 7561
3946 7562
3946 7563
3946 7564
3946 7565
3946 7566
3946 7567
3946 7568
3946 7569
3946 7570
3946 7571
3946 7572
3946 7573
3946 7574
3946 7575
3946 7576
3946 7577
3946 7578
3946 7579
3946 7580
3946 7581
3946 7582
3946 7583
3946 7584
100 121
100 132
100 594
100 768
100 2219
100 3957
100 7585
100 1122
7586 7587
7586 138
7586 199
7586 6318
7586 2512
7588 584
7588 599
7589 408
7589 7590
7589 7591
1802 199
1803 594
1803 1936
1803 7592
7593 1430
7593 1434
1805 2054
7594 945
4259 767
1806 7595
1807 767
7596 945
1808 116
1808 1878
1808 5800
1808 2155
1808 1001
1808 2496
1808 7597
1808 1103
1808 1243
1394 172
6133 7598
6133 7599
7600 7601
1809 7602
1809 3863
101 143
101 6303
101 7058
102 7603
102 6173
102 7604
102 4571
102 7605
102 7606
4261 578
1810 7607
7426 116
7426 199
7426 4562
7426 4608
7426 4647
7426 4687
103 107
103 199
1811 199
7608 1434
104 110
104 4270
104 7603
104 964
104 2006
104 972
104 7609
104 6301
104 2084
104 6176
104 4398
104 4441
104 2431
104 7610
104 575
104 6208
104 2528
104 7611
104 2556
104 6862
104 6225
104 7612
104 2688
104 7613
104 7614
104 7615
104 7616
104 1123
104 4623
104 7298
104 7617
104 2916
104 7618
104 1200
104 1218
104 3042
104 3178
104 7619
104 1264
104 7620
104 4735
104 7621
104 7096
104 3271
104 7622
104 7623
104 7624
104 7625
104 7626
104 7627
104 7628
104 3458
104 7629
104 7630
7631 640
4263 597
105 121
105 594
105 768
105 614
105 172
105 268
105 2269
105 6956
105 7632
105 2701
105 7284
105 4585
105 4686
105 7633
1557 4044
7634 4160
7635 172
4264 5407
106 108
106 111
106 121
106 132
106 1552
106 594
106 768
106 614
106 172
106 199
106 268
7636 677
940 197
940 4340
940 258
940 2887
7637 116
107 108
107 1820
107 5712
107 6987
107 7638
107 121
107 945
107 1875
107 1878
107 4280
107 132
107 7639
107 1892
107 4288
107 594
107 7640
107 7641
107 955
107 7642
107 768
107 170
107 171
107 172
107 173
107 1977
107 7643
107 7644
107 7645
107 7646
107 199
107 7647
107 203
107 213
107 2046
107 7648
107 914
107 7649
107 2097
107 7650
107 6839
107 6308
107 2139
107 4132
107 268
107 2174
107 7651
107 2234
107 7652
107 2249
107 1002
107 2265
107 7653
107 7654
107 6847
107 313
107 2306
107 7655
107 7656
107 7657
107 911
107 2463
107 7028
107 7658
107 7659
107 7660
107 1036
107 7661
107 7662
107 388
107 7663
107 7664
107 7665
107 7666
107 7667
107 414
107 2660
107 2675
107 419
107 2721
107 1099
107 7668
107 7669
107 7670
107 7671
107 7672
107 7673
107 1151
107 2874
107 1157
107 1166
107 7674
107 2930
107 2937
107 7675
107 1191
107 7591
107 7676
107 5250
107 7677
107 7678
107 7679
107 3001
107 7680
107 7681
107 3014
107 5252
107 5253
107 3062
107 7682
107 5254
107 7683
107 5255
107 7684
107 3155
107 7685
107 5256
107 5257
107 5258
107 5394
107 5259
107 7686
107 7687
107 5260
107 5262
107 7093
107 5263
107 5264
107 5265
107 7688
107 7689
107 7690
107 5266
107 5267
107 7691
107 7692
107 7693
107 7694
107 7361
107 5268
107 5269
107 5270
107 3369
107 7108
107 7109
107 7110
107 7111
107 7695
107 7696
107 5272
107 3465
107 7697
107 5273
107 7698
1429 5433
754 7699
754 1862
754 7700
754 172
754 7701
754 7702
754 7485
754 7703
754 7704
754 7705
754 7505
754 7509
754 7518
754 7706
754 7526
754 7707
754 7708
754 7709
754 7534
754 7539
754 7710
754 7711
754 7712
754 7713
754 7547
754 7548
754 7554
754 7559
754 7714
754 7715
754 7573
754 7716
754 7717
754 7718
754 7719
754 7581
7720 958
7720 1955
7720 968
7720 969
7720 1684
4265 7379
7721 586
4266 7722
4266 7587
4266 7723
4266 121
4266 7724
4266 5713
4266 7725
4266 7726
4266 7727
4266 138
4266 5783
4266 7728
4266 7729
4266 7730
4266 4325
4266 4346
4266 7731
4266 5570
4266 7732
4266 7733
4266 7734
4266 7735
4266 3628
4266 2164
4266 3894
4266 2512
4267 1437
4267 7736
4267 7737
4267 7738
4267 4446
4267 7739
4267 7740
4267 7741
108 111
108 116
108 117
108 120
108 121
108 123
108 125
108 143
108 594
108 7742
108 153
108 158
108 160
108 172
108 3952
108 199
108 208
108 242
108 268
108 285
108 2247
108 7023
108 6847
108 2327
108 7743
108 388
108 7744
108 2618
108 7277
108 1141
108 1142
108 7745
108 7309
108 1193
108 7746
108 7747
108 4665
108 7748
108 1217
108 6255
108 3062
108 6044
108 7749
108 5860
108 7750
108 7751
108 7752
108 6931
108 3368
108 7753
108 7754
108 7755
108 7756
108 7757
109 640
941 1822
941 7758
941 2597
7759 131
731 7760
731 7761
731 3854
731 7762
731 644
731 7763
731 7764
731 7765
731 7766
731 7767
731 3870
731 7768
731 7424
731 7769
731 3899
731 3697
731 7770
731 7771
731 3907
731 7772
731 7773
731 7774
731 7775
731 7776
731 7777
731 7778
731 7779
731 3937
731 7780
731 7781
731 7782
715 586
715 199
1815 644
1815 7783
1815 7784
1815 171
1815 172
1815 196
1815 6966
1815 2175
1815 7785
1815 7786
1815 2186
1815 2938
7787 3858
7787 7727
7787 5762
6149 2164
6149 7196
1817 111
7788 4273
5236 1398
7139 7132
1529 117
1529 4926
1529 5190
1529 594
1529 768
1529 172
1529 7789
1529 7790
7791 116
4271 964
7792 677
7792 7793
5712 127
5712 5675
5712 734
5712 172
5712 5762
111 4273
111 7140
111 121
111 122
111 7794
111 157
111 7155
111 1953
111 4314
111 1974
111 172
111 4320
111 199
111 5577
111 7795
111 7796
111 4369
111 6841
111 5805
111 7797
111 7798
111 7799
111 2537
111 5835
111 2680
111 4605
111 4621
111 7800
111 1171
111 1264
111 3304
4272 984
7003 1932
6150 121
6150 7801
1822 4321
1437 7802
1437 7803
1437 171
1437 7804
1437 7805
1437 7806
1437 7807
1437 7808
1437 1438
1437 7809
1437 7810
1437 5768
1437 4396
1437 7811
1437 7812
1437 2237
1437 7813
1437 7814
1437 7815
1437 7816
1437 7817
1437 7818
1437 7819
1437 7025
1437 7820
1437 5970
1437 7821
1437 7822
1437 7823
1437 7824
1437 801
1437 7825
1437 7826
1437 7827
1437 7828
1437 7829
1437 7830
1437 7831
1437 7832
1437 7833
1437 7834
1437 6224
1437 7835
1437 828
1437 2742
1437 7836
1437 7837
1437 7838
1437 7293
1437 7839
1437 7840
1437 7841
1437 7842
1437 7843
1437 7844
1437 7845
1437 7846
1437 7847
1437 7848
1437 7849
1437 6918
1437 7850
1437 7851
1437 7852
1437 7853
1437 7854
1437 7855
1437 7856
1437 7857
1437 7858
1823 7859
1823 2063
1823 5822
1823 7860
7861 767
7861 199
7861 6200
7861 6853
4273 121
4273 172
4273 222
4273 7862
7863 1977
7863 186
7863 199
7863 7668
5238 7864
5238 199
5238 4347
5238 7061
5238 5934
7865 199
7865 413
7866 199
7867 199
7868 7391
7868 1866
7868 7869
7868 4346
7868 2114
7870 7144
7870 7871
7870 171
7870 199
7870 7872
7870 7599
7870 7873
7870 7874
7875 6308
114 7876
1826 1029
7877 144
7877 914
1828 199
1829 4655
1829 4739
3948 121
3948 172
3948 196
3948 7878
116 121
116 132
116 1907
116 768
116 172
116 6161
116 1472
116 199
116 248
116 268
116 4388
116 2249
116 662
116 6188
116 7238
116 7879
116 7257
116 4516
116 7263
116 7265
116 7880
116 4539
116 7881
116 7882
116 657
116 2705
116 7883
116 6229
116 7884
116 7885
116 7886
116 5651
116 7887
116 6246
116 7888
116 7889
116 1235
116 3090
116 1241
116 7890
116 7891
116 514
116 7892
116 3149
116 7345
116 7893
116 7090
116 3185
116 3238
116 7894
116 7895
116 7896
116 544
116 7897
116 7898
116 4802
116 5420
116 7374
116 7899
116 7900
117 640
117 614
117 172
117 194
117 316
1830 196
118 143
118 1531
118 1076
118 3470
1831 199
1832 199
7901 640
1833 767
1835 7902
1835 3957
1835 7903
1835 5882
1835 7904
1835 4726
7905 1929
7391 4346
7391 7906
1836 197
7907 199
7602 3863
7602 3881
7602 1639
7602 3915
7908 4158
7908 2249
7908 4505
120 121
120 132
120 594
120 768
120 172
120 1472
120 268
120 2279
1840 153
7909 1957
7909 1958
7909 1962
7909 2110
7909 7658
5672 614
7910 199
7394 171
7911 772
7911 1425
7912 640
7913 1430
7913 1434
6151 594
7914 125
1844 768
7395 767
7395 1424
7429 958
121 122
121 123
121 124
121 125
121 644
121 127
121 1857
121 7915
121 1530
121 131
121 3949
121 132
121 7916
121 3577
121 7917
121 3578
121 1465
121 6451
121 5285
121 135
121 6452
121 6453
121 6454
121 1466
121 5014
121 5286
121 6455
121 1576
121 5287
121 1467
121 5782
121 7918
121 5289
121 6456
121 136
121 3583
121 137
121 1468
121 3585
121 4285
121 3586
121 7919
121 138
121 5290
121 1578
121 645
121 1888
121 3590
121 6457
121 5081
121 5082
121 6787
121 3594
121 1889
121 6788
121 1470
121 5294
121 4925
121 6155
121 4139
121 5296
121 7920
121 3950
121 640
121 5297
121 4288
121 7921
121 143
121 951
121 1399
121 144
121 6458
121 594
121 953
121 5061
121 153
121 158
121 162
121 164
121 1637
121 6030
121 768
121 169
121 7922
121 614
121 1974
121 172
121 174
121 964
121 179
121 180
121 186
121 6459
121 1536
121 6590
121 1472
121 6460
121 1579
121 187
121 7923
121 5084
121 6462
121 189
121 1473
121 6463
121 5298
121 5919
121 4323
121 3605
121 3607
121 6467
121 5301
121 5375
121 190
121 6468
121 7167
121 1537
121 3952
121 199
121 615
121 4331
121 2042
121 208
121 209
121 1538
121 213
121 7176
121 222
121 1400
121 229
121 236
121 240
121 242
121 244
121 1540
121 6308
121 246
121 248
121 1476
121 253
121 991
121 6115
121 6469
121 6470
121 2160
121 267
121 7924
121 6472
121 5307
121 6473
121 3620
121 3624
121 6474
121 5308
121 6635
121 6475
121 5310
121 1479
121 5023
121 6328
121 6775
121 3628
121 6476
121 3629
121 5311
121 1583
121 6478
121 3631
121 6479
121 4140
121 5312
121 6481
121 7925
121 6482
121 7926
121 3638
121 6790
121 6791
121 5315
121 6104
121 6485
121 3643
121 6487
121 4132
121 6488
121 5101
121 4141
121 5318
121 6489
121 6490
121 5625
121 5320
121 5321
121 5322
121 3656
121 5323
121 3657
121 5324
121 6493
121 3660
121 7927
121 3661
121 7928
121 7929
121 268
121 269
121 6011
121 5327
121 3667
121 6495
121 270
121 4897
121 3668
121 6496
121 6597
121 3669
121 6021
121 5328
121 5329
121 3673
121 7930
121 5104
121 3675
121 3677
121 1482
121 6599
121 3685
121 6498
121 3686
121 5333
121 271
121 7931
121 6500
121 7932
121 6502
121 5335
121 5920
121 3696
121 2184
121 3955
121 289
121 2249
121 2263
121 1002
121 2291
121 6192
121 327
121 7933
121 331
121 2408
121 2412
121 607
121 3957
121 361
121 7934
121 3959
121 1040
121 2536
121 2559
121 385
121 2571
121 4520
121 7935
121 3961
121 7936
121 7937
121 7034
121 2596
121 7938
121 6504
121 6505
121 5030
121 6506
121 5663
121 7939
121 5337
121 3705
121 3706
121 1484
121 5338
121 1485
121 7940
121 6792
121 7941
121 5339
121 1489
121 1491
121 6779
121 5034
121 812
121 6513
121 6663
121 7942
121 6515
121 6517
121 7943
121 6219
121 1492
121 3722
121 6682
121 6665
121 7944
121 4906
121 7945
121 3731
121 3732
121 6519
121 3734
121 3737
121 5347
121 813
121 6793
121 5647
121 6520
121 3741
121 1064
121 5500
121 6022
121 3759
121 5351
121 3766
121 7946
121 6023
121 1497
121 1498
121 5355
121 5356
121 410
121 6223
121 419
121 1654
121 6233
121 7668
121 7947
121 6234
121 7948
121 7045
121 7949
121 2817
121 1546
121 7950
121 5062
121 4634
121 6246
121 7951
121 6529
121 7952
121 2920
121 3964
121 3965
121 7953
121 6530
121 3783
121 7954
121 5049
121 3787
121 7066
121 4133
121 7955
121 3803
121 6672
121 5364
121 7956
121 6533
121 6794
121 7957
121 7958
121 7959
121 6795
121 7960
121 7961
121 856
121 4708
121 504
121 3145
121 3170
121 3185
121 7962
121 3966
121 5419
121 7963
121 7964
121 3255
121 4746
121 7965
121 3441
121 7966
121 7457
121 7967
121 6796
7968 7969
7968 7724
7968 644
7968 3877
7968 7771
7968 7774
7968 7970
7968 7775
7968 7779
944 1090
7971 594
7971 767
1845 594
1845 576
7972 7973
7972 171
7972 231
7972 7974
7972 308
7972 597
122 1552
122 172
122 6983
122 987
122 273
122 7975
122 2253
122 1401
122 330
122 7976
122 2460
122 7977
122 7978
122 6212
122 4554
122 6227
122 1102
122 4590
122 4646
122 2907
122 7076
122 537
122 7979
122 7378
1846 4690
1847 336
123 132
123 1552
123 594
123 157
123 768
123 614
123 171
123 172
123 199
123 240
123 268
123 5335
1848 199
124 132
124 172
124 236
124 7980
124 7227
124 4457
124 7981
124 433
124 7982
124 7983
124 4651
124 7334
124 7984
6026 173
1395 594
1396 172
584 6165
584 597
584 7985
7986 7756
125 126
125 733
125 1861
125 7725
125 132
125 144
125 594
125 768
125 614
125 171
125 172
125 1978
125 6831
125 199
125 3884
125 7649
125 2096
125 268
125 4195
125 7987
125 7988
125 7989
125 7990
125 2386
125 2404
125 2563
125 7991
125 7992
125 6863
125 2640
125 2665
125 2703
125 2711
125 1096
125 7993
125 2814
125 2873
125 4635
125 7994
125 7995
125 2996
125 7336
125 7996
125 7997
125 7998
125 3332
125 3333
125 3334
125 3335
125 3336
125 3337
125 3338
125 7999
125 3482
125 8000
7142 371
6823 8001
1850 4332
4276 767
1852 371
1853 767
8002 268
8002 5358
1854 199
8003 1151
7389 6192
7389 597
8004 1903
8004 2029
7143 644
7143 8005
7143 2180
3854 7724
3854 644
8006 229
3855 644
3855 7727
8007 7144
8007 8008
8007 5676
8007 171
8007 8009
8007 8010
8007 8011
8007 8012
7601 7144
7601 7871
7601 171
7601 7598
7601 8013
7601 8009
7601 8014
8015 4505
8016 7724
8016 644
8016 5762
3857 644
732 5676
732 171
732 229
732 7460
732 8017
732 3914
732 3919
732 4505
732 8018
732 8019
3858 7724
3858 644
3858 144
3858 171
3858 5762
3858 3902
3858 8020
3858 8021
3858 8022
3858 3941
8023 914
8023 4165
8023 8024
8023 8025
7724 7422
7724 6152
7724 8026
7724 7764
7724 8027
7724 3870
7724 8028
7724 8029
7724 8030
7724 5762
7724 8031
7724 6033
7724 3894
7724 8032
7724 8033
7724 3905
7724 3913
7724 3920
7724 8021
7724 8034
7724 3935
7724 8035
644 7422
644 8036
644 6152
644 8037
644 8038
644 6967
644 7765
644 8039
644 1863
644 8040
644 8041
644 172
644 1472
644 6970
644 7768
644 8028
644 8042
644 8043
644 3878
644 8044
644 4172
644 3882
644 8030
644 3886
644 8045
644 3889
644 8046
644 8031
644 2173
644 6033
644 8047
644 8048
644 3899
644 8033
644 3697
644 7770
644 5964
644 7497
644 3905
644 8049
644 5958
644 5972
644 8050
644 8051
644 3909
644 992
644 3911
644 3912
644 8052
644 8053
644 3913
644 6180
644 8054
644 3918
644 3920
644 8055
644 8056
644 8057
644 8058
644 3931
644 8059
644 2436
644 8060
644 8061
644 3939
644 8062
644 8063
6152 8026
6152 171
6152 8064
6152 8049
6152 7772
6152 8065
6152 8066
6152 8067
6152 3938
6152 3943
126 172
126 3884
126 8068
126 8069
126 8070
126 8071
126 8072
126 8073
126 8074
126 8075
126 7987
126 8076
126 4213
8077 3913
7144 4278
7144 7146
7144 5676
7144 144
7144 171
7144 7477
7144 8078
7144 8079
7144 8080
7144 8081
7144 8082
7144 8083
7144 8084
7144 8085
7144 8086
7144 8087
7144 8088
7144 8056
733 172
733 229
733 8017
733 7462
733 8089
733 8090
733 7464
733 6180
733 8091
733 5960
733 8092
733 8093
7764 7727
7471 945
8094 144
1856 2180
7472 945
7472 7702
7472 8095
7472 8096
7472 8097
7472 419
6027 7145
6027 172
8098 945
8099 2174
7145 8100
7145 8101
7145 7493
7145 8102
7145 7515
7145 7707
7145 8103
7145 7711
7145 7546
7145 8104
7145 8105
7145 8106
7145 8107
7145 8108
7145 8109
8110 945
8110 7416
3859 127
3859 172
5744 127
6286 5713
6286 5755
6286 7181
6286 8111
8112 127
6287 8113
6287 1857
6287 138
6287 5781
6287 8114
6287 7011
6287 8089
8115 734
6153 127
3860 5713
3860 127
5673 5713
5673 127
5673 8116
5673 172
5713 5675
5713 6289
5713 138
5713 172
5713 229
5713 6290
5713 5696
6154 127
6154 172
5674 1857
7004 127
7004 172
7004 8117
7004 8118
127 5747
127 8119
127 5675
127 8120
127 172
127 179
127 229
127 3875
127 5678
127 7012
127 5690
127 5736
127 8121
127 5776
127 8122
127 5693
127 5763
127 5694
127 8123
127 8124
127 6292
127 6179
127 917
127 5766
127 8125
127 8126
127 8127
127 8128
127 5704
127 8118
127 8129
8130 5685
8130 3885
8131 5746
5745 8132
5746 8120
5746 8133
5746 8121
5746 3896
5746 8134
5747 171
8135 5675
8135 734
8136 734
8136 1857
5675 8116
5675 5730
5675 8121
5675 8122
5675 8137
5675 5878
5675 8138
5675 8126
5675 6196
5675 8139
734 172
734 8140
734 5754
734 8141
734 8122
734 8137
734 5700
734 8127
734 8142
734 8128
734 8143
5714 8008
5714 8144
5714 231
8145 5748
8146 1857
8146 614
8147 1857
8147 172
1857 594
1857 768
1857 172
1857 8148
1857 5733
1857 5755
1857 7011
1857 8141
1857 8149
1857 8150
1857 6293
1857 8151
1857 8152
1857 8153
1857 8154
1857 8155
1857 8142
1857 8156
6288 3875
5715 231
5748 5377
5748 5775
5748 8157
5748 8149
5748 5692
5748 8150
5748 5696
5748 8151
5748 8155
5748 8111
5748 8158
5748 8159
5748 8160
5748 8161
5748 8162
5748 8129
4154 914
4154 8163
4154 3915
4154 8164
8165 914
3862 8166
3862 8167
3862 7993
3863 4159
3863 3868
3863 8168
3863 7987
3863 8169
8170 171
8170 8010
4155 8171
4155 914
8172 1858
8172 8173
8172 8174
8172 785
8172 8175
8172 5972
4156 914
7474 7726
7474 8176
7474 8177
6967 6970
6967 8178
6967 2188
8179 945
4278 8014
4278 8011
4278 8180
4278 4505
4157 7725
5963 3864
5963 171
5963 2008
5963 229
5963 7197
5963 2179
5963 2182
5963 8181
5963 2187
5963 8182
5963 8183
5963 7200
5963 2195
5963 8184
5963 8185
5963 8186
5963 8187
5963 8188
5963 3257
5963 8189
5963 8190
5963 3258
5963 8191
5963 8192
5963 8193
5963 8194
8195 5972
4158 5750
4158 3866
4158 1466
4158 171
4158 229
4158 8196
4158 8197
7871 8198
4159 8199
4159 8071
4159 8200
4159 8201
4159 8202
4159 8203
4159 8075
4159 8204
7146 229
7146 8205
7146 4505
945 7699
945 7700
945 3949
945 171
945 172
945 199
945 7479
945 7480
945 7481
945 8206
945 8207
945 8208
945 8209
945 4223
945 8210
945 8211
945 8212
945 8213
945 8214
945 8215
945 8216
945 8217
945 7482
945 7483
945 8218
945 8219
945 8100
945 7485
945 7487
945 7488
945 7489
945 7491
945 7494
945 8220
945 7704
945 8221
945 8222
945 8223
945 7705
945 8224
945 7499
945 4224
945 8225
945 8102
945 7503
945 8226
945 8227
945 7508
945 8228
945 7510
945 7513
945 8229
945 8230
945 7519
945 8231
945 7520
945 8232
945 8233
945 7521
945 8234
945 7706
945 7524
945 8235
945 8236
945 8237
945 8238
945 8239
945 7707
945 8240
945 7529
945 7530
945 7531
945 7708
945 7533
945 8241
945 8242
945 7535
945 7541
945 8243
945 4225
945 8244
945 8245
945 8246
945 7545
945 8247
945 8248
945 8249
945 8250
945 8251
945 8252
945 8253
945 7550
945 7551
945 7552
945 7553
945 4226
945 8254
945 7555
945 7557
945 8255
945 8256
945 7562
945 7714
945 7566
945 7567
945 8106
945 8257
945 8258
945 8259
945 8260
945 8261
945 8262
945 7715
945 7571
945 8263
945 7574
945 8264
945 8265
945 7577
945 7719
945 7578
945 8266
945 8267
945 8108
945 8268
945 8269
945 7579
945 7580
945 8270
945 7582
945 8271
945 7583
8008 8198
3865 8272
3865 8273
3865 8274
3865 8275
3865 8276
3865 8277
3865 8073
3865 8278
3865 8200
3865 8201
3865 8168
3865 8279
8280 8278
8280 4201
8280 4202
8280 8281
5676 4160
5676 5750
5676 4302
5676 2186
1858 767
1858 172
1858 229
1858 5972
1858 8282
1858 8283
8198 144
8198 7872
8198 8284
8198 8010
8285 5061
8285 172
8285 6969
8285 2180
7915 172
7915 8286
7915 8287
7915 8288
7915 2180
1859 2180
8289 419
1860 172
1860 5979
1860 8290
1860 4185
1860 5993
1860 8291
1860 4206
1860 8292
1860 3942
1861 229
1861 2249
4160 144
4160 171
4160 229
4160 8293
4160 5582
4160 8294
4160 6183
4160 8295
4160 8296
7973 4356
7973 8297
1862 7564
1862 8298
8299 144
8144 3886
1863 144
1863 171
1863 8300
1863 8301
1863 8302
1863 8303
1863 8304
1863 8305
3866 4505
8306 229
8307 914
7725 914
7725 4168
7725 7987
7783 6966
7783 8308
7783 8309
7783 8302
7783 8303
7783 8304
7783 8310
7783 8311
7783 8312
7783 8313
7784 3905
7784 5958
8314 3905
3869 172
3869 5976
3869 8315
8316 4505
4161 4201
7726 3949
7726 138
7726 8317
7726 8318
7726 7520
7726 7712
7727 8031
7727 3894
7727 8319
7727 3905
7727 2186
7727 7773
7727 7022
7727 8320
7727 8321
7727 8322
946 1317
8323 2479
8323 1172
8323 8324
1866 5427
1866 171
1866 172
1866 2008
1866 7169
1866 8325
1866 8326
1866 7906
1866 8327
1866 8328
1866 8329
1866 8330
1866 8331
1866 8332
1866 1694
1866 8333
1866 8334
1866 8335
1866 8336
1866 8337
1866 8338
1866 8339
1866 8340
1866 8341
1866 8342
1866 8343
1866 820
1866 2742
1866 8344
1866 8345
1866 8346
128 199
8347 982
8347 1004
8348 1200
1870 199
1870 4666
8349 4346
8349 1694
1530 6988
1530 594
1530 8350
1530 768
1530 614
1530 4314
1530 172
1530 6162
1530 199
1530 2069
1530 2092
1530 8351
1530 6191
1530 2340
1530 2376
1530 7254
1530 7680
1530 8352
1530 8353
1530 5394
1530 5861
1530 8354
8355 7921
5377 1468
5377 1480
8356 768
8356 7064
1875 645
8357 640
8357 8358
1876 143
1876 594
1876 768
1876 172
1876 199
1876 218
1876 2076
1876 6193
1876 2783
1876 2855
1876 2976
1876 8359
1878 8360
1878 2890
1878 1374
131 132
131 199
131 216
131 2095
131 235
131 8361
131 8362
131 2216
131 8363
131 2223
131 8364
131 303
131 8365
131 315
131 1017
131 346
131 8366
131 8367
131 7271
131 7287
131 8368
131 8369
131 8370
131 4643
131 8371
131 7058
131 3066
131 7083
131 3083
131 8372
131 7348
131 8373
131 3297
131 8374
131 3326
131 1357
1879 173
947 353
947 6880
4280 8375
8376 6308
4281 640
1881 316
586 199
586 8377
586 597
586 8378
3949 8379
4282 640
4282 199
132 761
132 158
132 164
132 768
132 169
132 172
132 189
132 199
132 1538
132 236
132 8380
132 240
132 248
132 268
132 1007
132 327
132 331
132 2408
132 385
132 2571
627 208
7396 171
7396 8381
8382 169
8382 4497
8383 199
8171 199
1883 767
1883 7048
4283 5798
4283 597
8384 319
8384 373
7916 172
3577 5455
3577 594
3577 172
3577 1537
3577 199
3577 1538
3577 1478
3577 5458
3577 1482
3577 8091
3577 8385
3577 8386
3577 6093
3577 8387
3577 5069
3577 8388
134 172
134 7795
134 324
134 8389
8390 1924
7917 1885
7917 4762
6953 1885
8391 1885
8392 1885
1885 4762
8393 7745
904 911
4023 208
3578 1465
3578 1467
3578 1472
3578 6732
3578 3603
3578 8394
3578 6433
3578 1478
3578 8395
3578 8396
3578 8397
3578 5156
3578 8398
3578 8399
3578 8400
3578 8401
3578 8402
3578 8403
3578 8404
3578 8405
3578 8406
3578 8407
1465 1576
1465 1467
1465 3583
1465 8408
1465 645
1465 8409
1465 1889
1465 172
1465 1536
1465 1472
1465 6462
1465 5441
1465 4323
1465 190
1465 5751
1465 974
1465 3611
1465 6115
1465 8410
1465 1478
1465 6475
1465 6083
1465 8411
1465 3639
1465 6086
1465 268
1465 1482
1465 6497
1465 6813
1465 1484
1465 5460
1465 6675
1465 4538
1465 8412
1465 5066
1465 8413
1465 3765
1465 7038
1465 817
1465 8414
1465 3791
1465 7323
1465 8415
1465 8416
1465 8387
1465 3820
1465 8417
1465 8388
1465 8418
8419 6733
8420 7166
3579 1472
3579 268
8421 3585
8421 7944
8041 270
6451 5286
6451 172
6451 5311
6451 5586
6451 269
6451 8422
5605 8423
8424 5280
5285 8425
5285 172
5285 8426
5285 1478
5285 269
5285 1482
5285 5338
5285 5462
5285 8427
8428 780
8428 8429
8428 3646
8428 8430
8428 1483
135 1576
135 1467
135 138
135 594
135 768
135 171
135 172
135 1478
135 268
5593 2008
5593 8431
5593 8432
5593 8433
5593 8434
5593 8435
6452 268
6452 7930
6452 8436
6453 4886
6453 8437
6453 3616
6453 6592
6453 3644
6453 3657
6453 268
6453 4897
6453 8438
6453 5034
6453 6608
6453 6688
6453 8439
6453 8440
3580 5909
4886 189
8441 3627
6454 172
6454 1472
6454 268
1466 1467
1466 136
1466 3590
1466 8442
1466 1900
1466 144
1466 172
1466 1472
1466 8443
1466 8444
1466 8445
1466 189
1466 8446
1466 6733
1466 6567
1466 8447
1466 6789
1466 199
1466 1476
1466 5304
1466 1478
1466 8448
1466 6477
1466 5586
1466 6478
1466 8449
1466 5540
1466 7737
1466 7195
1466 5324
1466 3663
1466 268
1466 4897
1466 8450
1466 1482
1466 3689
1466 8451
1466 2179
1466 8452
1466 1013
1466 7939
1466 8453
1466 8454
1466 3729
1466 8455
1466 8456
1466 6523
1466 6524
1466 1494
1466 8457
1466 8458
1466 1495
1466 8459
1466 8460
1466 8461
1466 3792
1466 8462
1466 6092
1466 3805
1466 8463
1466 3807
1466 6094
1466 8464
1466 8465
1466 8466
1466 3288
5014 1576
5014 268
5720 5280
5286 8467
5286 172
5286 268
5286 8468
5504 8469
5786 8470
5786 4854
5786 8471
5786 6565
5786 8472
5786 8473
5786 8474
5786 8475
5786 4857
5786 8476
5786 8477
5786 8478
5786 8479
5786 8480
5786 8481
5786 8482
5786 703
5786 8483
5786 704
5786 8484
5786 8485
5786 8486
5786 8487
5786 5787
5786 4864
5786 4866
1576 1467
1576 6456
1576 136
1576 4285
1576 5290
1576 1578
1576 3591
1576 1889
1576 4926
1576 7920
1576 172
1576 6459
1576 1472
1576 187
1576 189
1576 6463
1576 8488
1576 5298
1576 3607
1576 5375
1576 6469
1576 2160
1576 267
1576 8489
1576 1478
1576 6474
1576 1581
1576 5310
1576 5023
1576 1583
1576 6478
1576 6479
1576 6482
1576 3643
1576 783
1576 4132
1576 5625
1576 3661
1576 8490
1576 269
1576 1482
1576 3685
1576 667
1576 7018
1576 6504
1576 5030
1576 5339
1576 4538
1576 5351
1576 1497
1576 8491
1576 419
1576 7953
1576 6530
5287 172
5287 1478
5287 5320
5287 268
8492 7925
8492 6490
8492 4538
1467 3583
1467 7919
1467 8493
1467 645
1467 5082
1467 1889
1467 172
1467 1472
1467 3605
1467 3607
1467 6470
1467 267
1467 6472
1467 6655
1467 5093
1467 1478
1467 3638
1467 6791
1467 269
1467 3667
1467 3669
1467 5104
1467 8494
8495 7029
8495 8496
8495 6427
8495 8497
8495 8498
7148 171
7148 1478
5782 1472
5782 268
6786 778
7918 172
7918 1472
7918 268
6419 1611
6419 4869
6417 6738
8499 8500
8499 5560
8499 8501
5288 172
5288 8502
5288 6528
5289 172
5289 268
5289 8503
5936 171
5936 191
5936 5112
6456 172
6456 1579
6456 269
6456 1482
6456 1040
6456 5036
8504 8505
136 138
136 171
136 172
136 4929
136 1583
136 6480
136 6482
136 4938
136 8506
136 268
136 8507
136 8508
136 4957
136 6510
136 4963
136 8509
136 8510
136 6750
136 8511
136 8512
136 1599
8513 5919
8513 268
8513 1482
5606 5608
3582 5376
3582 5612
5937 8514
6537 1478
6537 1482
3583 6155
3583 172
3583 1472
3583 268
8515 6727
137 1888
137 594
137 768
137 614
137 172
137 1472
137 5456
137 1478
137 268
137 1482
137 8516
137 8517
3584 1482
8518 138
8518 8519
1468 8520
1468 172
1468 1472
1468 3612
1468 8521
1468 8522
1468 3788
8523 5931
8524 5608
8524 5926
4073 1611
8525 5608
8526 1611
1469 8527
8528 8529
8530 5095
8531 8493
6731 8532
6731 8533
6731 171
6731 5566
6731 8534
6731 8535
6731 5317
6731 8536
6731 8537
1887 2008
1887 8538
1887 5201
1887 5203
1887 2612
1887 5204
1887 6800
1887 8539
1887 5207
1887 5208
1887 8540
1887 8541
1887 5213
1887 8542
8543 4877
4877 6637
4877 1478
4877 8544
4877 6498
4877 8545
4877 6641
4877 6642
4877 8546
4877 6644
4877 6647
4877 6648
4877 3803
4285 172
4285 268
4285 3738
4285 8547
8548 7165
8548 1496
3586 6425
3586 3710
3586 4912
3586 6691
7919 1478
8408 6318
8549 2008
3587 172
3587 419
8550 138
8550 6500
6680 8551
138 7149
138 6787
138 4298
138 7154
138 8552
138 8553
138 8554
138 171
138 172
138 8555
138 8556
138 7923
138 8557
138 6653
138 6406
138 6810
138 2008
138 8558
138 3609
138 191
138 6468
138 4346
138 8559
138 7012
138 7013
138 8560
138 5570
138 7732
138 7733
138 8561
138 4373
138 1476
138 8562
138 8563
138 1478
138 4855
138 8564
138 8565
138 8566
138 6737
138 7194
138 3645
138 2166
138 6738
138 2171
138 1482
138 8567
138 4389
138 4446
138 2569
138 5663
138 7941
138 1489
138 8568
138 8569
138 5944
138 8570
138 419
138 3780
138 1503
138 8571
138 8572
138 4743
138 8573
138 8574
8467 6533
8532 8575
1611 1472
1611 8576
5016 667
5080 8577
5080 5902
5080 8578
5080 8579
5080 8580
5080 8581
5080 8582
5080 8583
8493 6457
8493 8584
8493 7194
8493 8585
8493 5457
8493 1482
8493 5338
8493 5461
8493 8586
8493 8587
8493 8588
8493 6393
8493 8589
4924 8590
4924 8591
8592 171
8592 3603
8592 5103
8592 8593
5930 5893
8594 8595
8594 8596
3588 5297
3588 6101
3589 209
7149 7321
8597 5893
5290 172
5290 1478
5290 6491
5290 268
5290 1482
5290 1590
5290 4974
5290 8598
6771 8599
1578 172
1578 2160
1578 8600
1578 8601
1578 8602
1578 1482
1578 667
1578 8603
1578 8604
1578 1591
1578 6521
1578 8605
1578 8606
8607 5475
645 7151
645 1900
645 172
645 8608
645 267
645 1478
645 8609
645 268
645 269
645 1482
645 8610
645 6062
645 8611
645 8612
645 4980
645 8613
1888 172
8614 5095
8615 8460
3590 1472
3590 3612
3590 1478
3590 8616
3590 268
3590 4869
3590 8617
3590 6395
3590 6676
3590 8618
3590 6678
6457 172
6457 1478
8619 1482
8620 778
8620 5556
8621 5095
5783 8622
5783 8413
5608 8623
5608 8624
5608 8625
5608 5095
5608 8626
5608 8627
5608 8628
5608 8629
5608 8630
5608 8631
5608 8632
5608 8633
5608 8634
5608 8635
4878 6674
5081 172
5081 1472
5081 1478
5081 1482
5081 3717
5081 3770
5081 3801
8636 5618
8637 5095
8637 8638
5082 1472
5082 268
5082 8639
5291 8640
5291 8641
5291 8642
5291 8643
5291 8644
5291 8645
5291 8646
5291 8647
5291 8648
8649 3607
8649 5310
6787 1472
6787 6792
8650 8651
8650 2164
8650 8652
8650 7196
8650 2613
5292 8653
5292 8654
3594 1472
8655 8656
8657 2249
1889 172
1889 7164
1889 1474
1889 6718
1889 1478
1889 6327
1889 6481
1889 8658
1889 5320
1889 268
1889 6544
1889 8659
1889 6546
1889 8660
1889 1482
1889 5560
1889 8661
1889 8662
1889 8663
1889 5345
1889 6297
1889 8664
1889 6354
1889 8665
1889 6560
1889 8666
1889 8667
1889 8668
5293 172
5293 5311
5293 5494
5293 8669
5293 8670
5293 8671
6788 172
6788 1472
6788 8672
6788 268
6788 6011
6788 1482
8673 4538
1470 7923
1470 6593
1470 268
1470 8674
1470 3775
3595 8675
3595 8432
3595 8676
3595 8407
5294 172
5294 1472
5294 1478
5294 268
5294 1482
4925 172
4925 5298
4925 8677
1471 8678
1471 8679
1471 8680
1471 8681
1471 8682
1471 8683
1471 5349
1471 8684
1471 8685
1471 8686
1471 8687
6155 172
6155 1472
6155 8688
6155 6085
6155 8689
6155 268
6155 1482
6155 8690
6155 8691
6155 343
6155 6219
6155 8692
6155 8693
6155 8588
6155 8694
6155 8695
6589 5909
3596 171
5063 172
5063 1472
5063 1478
5063 268
4139 1472
4139 268
8696 8697
8696 5305
8696 1478
8697 171
8697 8698
8697 8699
8697 8700
8697 1478
8697 5097
8697 8701
8697 5475
8697 5099
8697 8702
8697 8703
8697 8704
8697 5105
8697 8705
8697 8706
8697 5109
8697 5480
8697 5110
8697 8707
8697 8708
8697 8709
8697 8710
8697 5113
8697 8711
8697 8712
8697 8713
8697 8714
8697 8715
8697 8716
8697 8717
8697 8718
8697 8719
8697 5120
8697 5125
8697 5126
8697 8720
8697 5128
8697 8721
8697 8722
8697 8723
8697 8724
8697 8725
8697 8726
8697 8727
8697 8728
4926 1579
4926 1482
3598 8557
8729 6789
6637 1478
8730 5482
5296 172
5296 268
8731 5304
7920 172
7920 8732
7920 209
7920 8733
3950 1552
3950 172
7150 7151
7150 171
7150 2249
7150 4446
718 597
6988 594
8734 2532
8734 8453
139 4394
139 3957
8735 1694
8735 7392
640 148
640 594
640 8736
640 5794
640 7155
640 1949
640 768
640 614
640 172
640 8737
640 1988
640 8738
640 1998
640 7006
640 7170
640 2031
640 2042
640 2074
640 4355
640 7016
640 8739
640 283
640 4399
640 8740
640 8741
640 8742
640 5562
640 8743
640 4441
640 8744
640 4454
640 8745
640 8746
640 4462
640 8747
640 2423
640 575
640 8748
640 5563
640 2506
640 7611
640 8749
640 6214
640 3961
640 8750
640 8751
640 6222
640 4547
640 8752
640 8753
640 6229
640 8754
640 4584
640 8755
640 2793
640 5580
640 4610
640 8756
640 8757
640 2851
640 8758
640 2867
640 8759
640 469
640 7054
640 8760
640 2919
640 8761
640 3063
640 8762
640 4703
640 8763
640 8764
640 3093
640 8765
640 8766
640 8767
640 3130
640 3206
640 8768
640 8769
640 3361
640 1320
640 6935
640 8770
640 8771
640 8772
640 3490
640 8773
640 4848
5383 1971
5383 8774
8775 607
8776 164
8776 767
8776 8777
8776 6274
4287 597
140 199
636 8778
636 8779
636 8780
948 199
948 4518
948 3378
949 8781
1891 8782
5297 172
5297 5298
5297 4140
5297 8783
5297 8784
5297 8585
5297 268
5297 1482
5297 8785
5297 8786
5297 6348
5297 7958
5297 8787
1892 172
8788 240
8788 2396
8788 4554
8788 8789
4288 155
4288 8790
4288 8791
4288 8792
4288 172
4288 8793
4288 2129
4288 4407
4288 8794
4288 6850
4288 2400
4288 2408
4288 4479
4288 2490
4288 2511
4288 2540
4288 2607
4288 2664
4288 1095
4288 6237
4288 8795
4288 7295
4288 7061
4288 8796
4288 8797
4288 8798
4288 7998
4288 8799
4288 8800
4288 1294
4288 3325
4288 8801
4288 3357
4288 3388
4288 6051
4288 4791
4288 3553
4289 4442
4289 7032
4289 8802
4289 7299
4289 8803
4289 3016
4289 1262
4289 8804
4290 7799
1398 8791
1398 7007
1398 198
1398 8805
1398 8806
1398 2252
1398 2262
1398 8807
1398 8808
1398 5244
1398 5579
1398 8809
1398 2488
1398 4519
1398 8810
1398 8811
1398 8812
1398 8802
1398 8813
1398 8814
1398 8815
1398 8816
1398 8817
1398 7324
1398 8818
1398 4715
1398 8819
1398 5259
1398 8820
1398 4744
1398 8799
1398 8821
1398 529
1398 8822
1398 4787
1398 6053
4291 8823
4291 2071
4291 2495
4291 7903
4291 8824
4291 1311
4291 8825
8826 240
8826 1135
4293 8827
4293 8828
4293 7075
4294 8829
4294 8830
4294 3314
1893 199
7151 971
7151 4389
7151 4446
7151 8831
7151 5034
7151 6258
7151 8832
7921 172
950 169
1894 8833
1894 1425
7869 1694
1895 951
1895 5242
1895 2884
1895 8834
1895 2956
8835 199
143 1916
143 1552
143 594
143 4300
143 768
143 4321
143 4322
143 8836
143 199
143 2019
143 8837
143 226
143 8838
143 8839
143 2099
143 4367
143 7016
143 7191
143 261
143 268
143 2210
143 8739
143 8840
143 6845
143 8841
143 4419
143 8842
143 8843
143 8844
143 8845
143 4439
143 8846
143 2372
143 1022
143 8745
143 5824
143 7610
143 8847
143 8367
143 3958
143 2518
143 3959
143 8848
143 8849
143 8850
143 7258
143 8851
143 2589
143 1057
143 8852
143 419
143 7282
143 8853
143 8854
143 5841
143 443
143 1101
143 6237
143 8756
143 8855
143 468
143 8856
143 8857
143 8858
143 841
143 2949
143 2966
143 8859
143 8860
143 3020
143 8861
143 491
143 7335
143 3100
143 3103
143 8862
143 3137
143 8863
143 8864
143 7343
143 3168
143 3186
143 3204
143 1272
143 8865
143 8866
143 7094
143 8867
143 8868
143 8869
143 8870
143 7103
143 3352
143 3376
143 1336
143 1340
143 8871
143 3406
143 8872
143 4817
143 3491
143 8873
143 8874
143 3537
143 6282
143 7900
143 7126
951 8875
951 1946
951 614
951 4441
951 8876
951 410
951 8767
951 3283
951 8822
951 8877
951 6279
6156 8878
8879 1900
8879 2249
1900 6126
1900 8880
1900 6127
1900 7446
1900 7447
1900 8881
1900 7449
1900 8882
1900 8883
1900 7450
1900 8884
1900 8885
1900 7451
1900 6129
1900 7452
1900 8886
1900 6132
1900 7741
1900 8887
1900 7455
5384 1172
8888 258
8889 7733
652 199
6029 6037
1399 172
144 594
144 614
144 172
144 2000
144 8890
144 199
144 615
144 229
144 4356
144 8891
144 6478
144 3676
144 8089
144 5972
144 7833
144 8189
8892 199
8893 199
7864 199
146 4296
146 8362
146 8894
146 8895
146 8366
146 8896
146 2628
146 2774
146 8897
146 8368
146 1147
146 8898
146 1252
146 3247
146 3303
146 1298
4295 8899
3951 607
8900 2742
905 911
8901 911
760 171
760 6994
760 8902
760 8903
760 8904
760 1665
8905 199
8905 7183
7802 171
1908 199
1910 2303
1910 7990
1910 7233
1910 7235
1910 8906
1910 4825
148 768
148 199
4298 2554
8907 4318
8908 208
8909 208
8910 431
5427 4346
5427 8911
5427 8345
4107 1424
952 8912
1916 153
1916 5241
1917 1107
1918 171
1918 1064
1552 172
1552 1537
6458 172
6458 1472
6458 190
6458 268
6458 1482
6458 8586
6458 4538
5401 1925
1921 158
1921 1538
8913 2063
8913 6308
594 153
594 157
594 158
594 768
594 169
594 614
594 172
594 173
594 179
594 180
594 188
594 189
594 1537
594 3952
594 201
594 615
594 208
594 1538
594 8914
594 240
594 242
594 1540
594 6308
594 246
594 7592
594 991
594 268
594 271
594 3955
594 326
594 2408
594 607
594 3957
594 6212
594 1040
594 385
594 388
594 7936
594 2596
594 8915
594 410
594 4708
594 3966
594 3248
1531 172
1531 2027
953 768
953 172
953 1472
953 8916
953 8917
953 5393
6126 8880
6126 5825
8918 1932
8880 7933
1922 1932
1922 2949
1675 7006
954 316
1923 4533
1924 1950
1924 199
1924 4436
1924 2491
1924 4502
1924 7320
1924 3094
1924 3123
1924 6259
1924 6276
8919 578
6158 767
7742 194
7742 1542
151 8920
151 768
151 171
151 172
151 2098
8736 6870
8736 4627
8736 8921
761 199
761 7629
5061 614
5061 172
5061 8206
7154 171
7154 4333
7154 2249
7154 7321
7154 8922
1925 8923
1925 8924
1925 4557
1925 5415
1925 8925
1925 2902
1925 4662
1925 3017
1925 3188
1925 3234
1925 8926
1925 8927
1925 7112
8928 8929
5794 8930
4300 2113
4300 1065
4300 8931
4300 1158
4300 8932
955 8933
955 8327
955 5970
955 7392
955 8344
955 8934
955 8935
955 8936
8937 767
8938 171
8938 1064
4301 153
4302 172
4302 8173
4302 5972
4302 7675
8939 8940
8939 199
4303 4502
4112 8941
153 6828
153 8942
153 1637
153 768
153 614
153 171
153 172
153 1424
153 199
153 202
153 203
153 2087
153 8943
153 4089
153 5334
153 7199
153 5701
153 287
153 8944
153 8945
153 8842
153 5815
153 8946
153 796
153 7632
153 7244
153 2486
153 802
153 7903
153 8947
153 2596
153 4532
153 8948
153 2640
153 1072
153 8949
153 8950
153 5839
153 8951
153 2664
153 2667
153 4556
153 2675
153 8952
153 8953
153 7291
153 8954
153 8955
153 2893
153 8956
153 2905
153 8957
153 6041
153 8958
153 5251
153 8959
153 7073
153 7079
153 7330
153 6044
153 6045
153 860
153 5859
153 8960
153 3195
153 6924
153 6928
153 8375
153 8961
153 4769
956 768
956 4330
956 8962
956 8963
956 7326
956 3292
8964 607
762 199
957 8965
957 276
957 7246
957 2606
957 8966
957 5860
957 1263
958 276
958 5812
958 381
958 4553
958 8967
958 4603
958 4657
958 8968
958 1286
958 8969
154 164
154 308
154 597
155 171
155 199
959 2308
959 3554
6159 1061
8970 175
8971 6308
6828 8972
6828 3077
4305 8973
4305 3040
4305 3488
1929 8974
1929 8748
1929 8975
1929 8760
1929 8976
1929 8766
1929 4798
1929 3534
1930 8977
1930 8978
1931 7211
1931 8979
1931 6271
1931 8980
1932 2117
1932 7239
1932 8981
1932 7078
1932 8982
1932 7979
1932 8983
156 8984
156 8978
4306 194
1933 768
6005 6007
1935 172
8985 199
8985 316
158 768
158 614
158 172
158 199
158 8986
158 268
158 4408
158 2290
158 5813
158 2367
158 6203
158 1028
158 4478
158 8987
158 2537
158 7258
158 2572
158 2574
158 1068
158 8853
158 8988
158 2762
158 7046
158 1677
158 8989
158 8990
158 7325
158 3080
158 3354
158 7364
158 1329
158 1373
1532 768
1532 172
1532 1393
1532 5804
1532 8991
637 4809
8992 1400
1938 4529
7155 8993
160 5969
161 199
1940 316
8994 4340
8995 5570
8995 1080
7156 199
1942 767
162 5385
162 172
162 1425
1944 199
1946 8974
164 199
164 225
164 4499
164 8996
164 3036
164 8997
164 8998
1637 171
1637 172
1637 7400
1637 2205
1637 4114
1637 4115
1637 5216
1637 7409
1637 8999
1637 4121
1637 9000
1637 9001
8552 199
8552 1434
766 394
8920 768
4309 199
4309 9002
4309 793
9003 1430
9003 1434
9003 5433
9003 1436
767 961
767 962
767 1972
767 172
767 7162
767 2001
767 6831
767 2024
767 7647
767 2035
767 7173
767 4342
767 2060
767 9004
767 9005
767 7796
767 2082
767 9006
767 232
767 4360
767 9007
767 1640
767 2099
767 237
767 239
767 7188
767 4369
767 2121
767 9008
767 2136
767 2153
767 9009
767 9010
767 9011
767 2220
767 2231
767 9012
767 1001
767 9013
767 292
767 6845
767 7797
767 7211
767 2272
767 4409
767 9014
767 301
767 9015
767 8807
767 2293
767 9016
767 2306
767 2308
767 2317
767 320
767 7218
767 2321
767 6195
767 7798
767 2330
767 2339
767 9017
767 9018
767 9019
767 4440
767 7604
767 6199
767 7228
767 6201
767 7024
767 9020
767 5816
767 2377
767 2379
767 7657
767 5818
767 5246
767 2391
767 6202
767 6203
767 9021
767 9022
767 8747
767 7238
767 2424
767 4470
767 9023
767 6207
767 9024
767 8847
767 2447
767 6855
767 2489
767 6856
767 2500
767 8987
767 6007
767 6212
767 1039
767 7031
767 9025
767 7597
767 2543
767 7256
767 9026
767 806
767 2561
767 2563
767 1053
767 4522
767 7664
767 2581
767 7936
767 6217
767 2595
767 2596
767 2600
767 7991
767 2609
767 2621
767 6220
767 9027
767 9028
767 4547
767 4548
767 2637
767 2641
767 3962
767 8950
767 8389
767 4561
767 2684
767 9029
767 2708
767 6227
767 2709
767 8853
767 2712
767 4566
767 5840
767 9030
767 7041
767 6229
767 436
767 2725
767 8917
767 2731
767 8754
767 7042
767 9031
767 9032
767 2768
767 4589
767 7289
767 2778
767 2781
767 457
767 2797
767 9033
767 2804
767 6239
767 8989
767 1128
767 2828
767 461
767 8795
767 5875
767 8979
767 5850
767 2876
767 2883
767 4639
767 9034
767 2889
767 2915
767 9035
767 7308
767 9036
767 5851
767 5854
767 6250
767 9037
767 3008
767 3021
767 3047
767 5856
767 9038
767 3059
767 6256
767 1228
767 1234
767 7081
767 4709
767 9039
767 859
767 3120
767 9040
767 7087
767 9041
767 9042
767 1253
767 9043
767 3166
767 3172
767 3191
767 3205
767 9044
767 4735
767 3219
767 7352
767 3232
767 9045
767 9046
767 3261
767 7622
767 3289
767 1290
767 9047
767 3299
767 9048
767 7101
767 4755
767 535
767 9049
767 9050
767 9051
767 9052
767 9053
767 3370
767 9054
767 6992
767 3379
767 9055
767 7897
767 3397
767 9056
767 3404
767 9057
767 9058
767 1346
767 553
767 8872
767 3429
767 1353
767 7115
767 3446
767 3448
767 561
767 9059
767 9060
767 9061
767 9062
767 9063
767 569
767 9064
767 7698
166 2090
166 9065
166 9066
166 3001
166 3548
7642 372
4310 1535
9067 1956
9067 1004
9067 597
906 597
8777 199
8777 2072
1952 2377
1952 6211
6030 172
1953 4318
1953 9068
1953 9069
4312 200
4312 632
4312 9070
4312 5874
4312 4606
4312 9071
4312 9038
4312 9039
167 172
1955 9072
1957 9073
1958 9074
1958 9075
1959 1187
1959 6999
1959 1350
1960 7239
1961 409
1961 9076
1961 9077
1961 506
1961 9078
1963 8837
8792 317
768 169
768 614
768 171
768 172
768 179
768 180
768 1535
768 7161
768 6831
768 1536
768 188
768 189
768 1537
768 199
768 1538
768 9079
768 2088
768 240
768 242
768 1540
768 6308
768 252
768 253
768 268
768 271
768 289
768 1001
768 2408
768 3957
768 575
768 2468
768 1033
768 1040
768 419
768 8854
768 8754
768 2757
768 6876
768 6821
768 1546
768 7590
768 7302
768 9080
768 1172
768 9081
768 9082
768 9077
768 9083
768 9084
768 3121
768 9040
768 3132
768 3144
768 3194
768 9085
768 1278
768 5864
768 8768
768 9086
768 3379
768 9087
768 9088
768 9089
768 7116
768 7119
768 9090
768 1365
1964 9091
8553 171
169 614
169 172
169 199
169 2045
169 2227
169 7213
169 9092
169 4444
169 9093
1965 199
8554 4333
8554 9094
4313 172
1967 288
1968 9095
1968 6253
1968 502
614 172
614 964
614 1536
614 1472
614 188
614 9096
614 3952
614 615
614 208
614 1538
614 229
614 242
614 7015
614 1540
614 5321
614 270
614 2176
614 2184
614 3957
614 385
614 2596
614 6234
614 2817
614 1546
614 9097
614 3170
614 3966
962 9062
1969 171
1969 9098
1969 9099
1969 2957
1969 9100
1969 9101
1969 9102
1969 9103
1969 1345
1969 9104
1969 8936
1969 9105
1969 9106
170 172
170 9107
170 316
170 317
1971 199
1971 2234
4314 6863
1972 9108
4315 172
9109 769
9109 4461
1973 3721
1973 815
171 172
171 1424
171 7163
171 7129
171 1536
171 6652
171 7165
171 9110
171 9111
171 2008
171 2009
171 7166
171 8447
171 4325
171 9112
171 7169
171 199
171 2040
171 9113
171 2054
171 4346
171 7399
171 9114
171 9115
171 8079
171 9116
171 2081
171 1641
171 2114
171 1643
171 1540
171 246
171 9117
171 253
171 9118
171 1478
171 5095
171 8565
171 5096
171 9119
171 5586
171 9120
171 3630
171 8566
171 1480
171 2164
171 5540
171 7737
171 9121
171 6738
171 5157
171 9122
171 270
171 9123
171 7196
171 5560
171 3889
171 3890
171 7197
171 6177
171 3894
171 6178
171 8451
171 7702
171 7198
171 8033
171 7417
171 2180
171 9124
171 8452
171 2182
171 3916
171 9125
171 9126
171 2195
171 7022
171 8169
171 2201
171 9127
171 9128
171 6995
171 1002
171 4091
171 9129
171 328
171 4446
171 8336
171 2383
171 7401
171 5189
171 343
171 9130
171 9131
171 2466
171 2526
171 5430
171 2558
171 7403
171 2569
171 388
171 2579
171 810
171 2602
171 7268
171 9132
171 8453
171 9133
171 9134
171 8505
171 9135
171 8456
171 7880
171 1064
171 5465
171 9136
171 2650
171 2659
171 2667
171 820
171 2742
171 1655
171 4597
171 4095
171 8001
171 4619
171 2856
171 9137
171 8904
171 9138
171 7739
171 7740
171 9139
171 9140
171 5880
171 9141
171 9142
171 9143
171 6255
171 9144
171 852
171 9145
171 3124
171 9146
171 3161
171 9147
171 3210
171 9148
171 3254
171 5769
171 1667
171 9149
171 3308
171 7411
171 9150
171 1671
1974 172
9151 1434
9151 9152
172 173
172 174
172 964
172 179
172 180
172 1535
172 182
172 7133
172 185
172 967
172 6459
172 1536
172 1472
172 6460
172 7164
172 187
172 188
172 5468
172 3601
172 5084
172 6462
172 189
172 6463
172 5298
172 6465
172 5919
172 4323
172 6466
172 3607
172 6467
172 5301
172 190
172 6468
172 5751
172 7438
172 1537
172 7008
172 199
172 4330
172 9153
172 615
172 9154
172 2042
172 208
172 209
172 9155
172 222
172 2069
172 9156
172 1400
172 229
172 3875
172 7010
172 6167
172 5754
172 5678
172 7181
172 3876
172 2080
172 3881
172 3884
172 7011
172 7012
172 7013
172 8827
172 232
172 7183
172 9157
172 8351
172 5690
172 240
172 242
172 244
172 4367
172 7439
172 6308
172 246
172 1476
172 253
172 991
172 9158
172 6469
172 2160
172 267
172 7924
172 6471
172 6472
172 6473
172 1478
172 6474
172 5308
172 8672
172 6635
172 5309
172 1582
172 6475
172 5310
172 1479
172 5023
172 3628
172 5064
172 5311
172 6477
172 5586
172 1583
172 6478
172 6479
172 5312
172 5313
172 6481
172 7925
172 3636
172 6482
172 3638
172 6790
172 6483
172 6791
172 5316
172 6485
172 3643
172 4132
172 6489
172 6490
172 5320
172 5321
172 5322
172 6493
172 7927
172 3661
172 7928
172 268
172 269
172 6011
172 3667
172 6495
172 270
172 6496
172 5328
172 3673
172 3677
172 1482
172 3685
172 667
172 3686
172 5333
172 5334
172 7018
172 271
172 9159
172 7932
172 6502
172 2174
172 2176
172 5693
172 5694
172 9160
172 9161
172 6179
172 8137
172 7019
172 5778
172 5766
172 7020
172 9162
172 5700
172 2184
172 9163
172 6034
172 2188
172 5702
172 7021
172 9164
172 5387
172 280
172 2240
172 289
172 2249
172 9013
172 8741
172 2263
172 1002
172 2291
172 6847
172 9165
172 6318
172 2362
172 9166
172 2408
172 2412
172 9167
172 3957
172 2432
172 9168
172 9169
172 911
172 9170
172 361
172 2463
172 1040
172 2532
172 7662
172 385
172 388
172 2571
172 3960
172 3961
172 810
172 9171
172 6504
172 6505
172 5030
172 5663
172 5496
172 7940
172 1491
172 6779
172 812
172 6663
172 6514
172 6515
172 3719
172 6517
172 6518
172 7943
172 6219
172 1492
172 3722
172 8502
172 6665
172 3731
172 6519
172 5499
172 813
172 5647
172 6520
172 3741
172 8494
172 6523
172 6524
172 6780
172 5500
172 3759
172 5351
172 3766
172 9172
172 1497
172 6528
172 9173
172 1498
172 410
172 414
172 2675
172 419
172 2710
172 1086
172 1654
172 9174
172 9175
172 9176
172 2817
172 2886
172 2890
172 2892
172 6246
172 1166
172 7951
172 9177
172 3964
172 4673
172 9178
172 7679
172 7680
172 9179
172 9097
172 9180
172 6530
172 3783
172 9181
172 5049
172 9182
172 3791
172 7955
172 9183
172 9184
172 5365
172 9185
172 9186
172 6795
172 5373
172 9187
172 1226
172 3077
172 499
172 4708
172 6310
172 504
172 512
172 3142
172 9188
172 3185
172 8797
172 9189
172 3966
172 8798
172 9190
172 9191
172 9192
172 9048
172 1312
172 6270
172 9193
172 9194
172 9195
172 4832
172 9196
4317 2291
173 964
173 184
173 199
173 9197
173 302
173 7743
173 2439
173 9198
173 9199
173 5830
173 1049
173 2807
173 2836
173 9200
173 8856
173 7055
173 9201
173 4688
173 3018
173 8763
173 3092
173 3162
173 4728
173 7621
173 9202
173 4745
173 3358
173 9203
173 9204
1977 199
9205 199
4318 7734
4318 9206
4318 9207
4318 9208
4318 9209
4318 9210
4318 9211
4318 9101
4318 9103
4318 9212
9213 8738
6161 597
1982 372
963 2289
1983 199
1983 257
8555 2249
6162 2555
9214 1430
9214 1434
175 371
9215 199
1430 9216
1430 9217
1430 9218
1430 9219
1430 9220
1430 1432
1430 9117
1430 9221
1430 9222
1430 9223
1430 9224
1430 9225
1430 9226
1430 9227
1430 820
1430 2742
1430 9228
1430 9229
1430 8001
1430 9230
1430 9231
1430 9232
1430 9233
1430 9234
1430 9148
1430 9235
1430 9236
1430 9089
1430 9237
1430 9238
1430 9239
176 1017
7728 7804
7728 9240
7728 7807
7728 7811
7728 8329
7728 7814
7728 9241
7728 9242
7728 7822
7728 820
7728 9243
7728 7838
7728 7846
7728 9244
7728 6918
7728 9245
7728 9246
1423 9247
1423 4123
1423 308
1423 9248
1423 9249
1423 4084
1423 597
1423 9250
1423 9251
1423 4119
964 199
964 9252
964 7234
964 9253
964 9254
964 6869
964 9255
964 9256
964 9257
964 1162
964 9258
964 9259
964 3053
964 9260
964 7092
964 9261
964 560
964 3485
964 9262
964 572
1988 8764
7859 199
7859 632
9263 911
7159 7734
7159 9264
9265 1425
1424 9266
1424 1645
1424 4114
1424 4091
1424 2580
1424 6009
1424 7407
1424 5216
1424 5217
1424 9267
1424 8903
1424 1657
1424 4118
1424 9268
1424 5219
1424 6924
1424 5221
1424 5222
1424 9269
1424 9270
1424 9271
1424 9272
1424 9273
1424 8941
179 6460
179 972
179 199
179 268
179 9274
179 2648
180 268
180 2583
180 9275
180 6311
1535 2907
4319 7756
9068 2008
9068 199
1996 7214
8940 9005
8940 9276
4320 199
183 9277
183 689
183 4567
183 9035
183 9278
183 7355
9279 199
9280 318
1998 199
184 4430
9281 2118
2000 9282
2002 610
9283 2790
2005 199
7129 8174
7129 8175
7129 2207
186 1472
8426 1482
9284 8640
6459 268
6459 1482
6459 343
6459 9285
1536 7928
6652 5330
6652 9286
9287 5095
8678 6318
8678 1483
8678 9288
8678 9289
8678 9290
8678 9291
8678 9292
8678 9293
5909 6590
5909 2008
5909 4889
5909 4893
5909 6596
5909 6598
5909 4900
5909 6600
5909 9294
5909 6681
5909 9295
5909 4904
5909 6719
5909 6612
5909 9296
5909 4907
5909 6613
5909 3762
5909 4910
5909 6687
5909 6620
5909 8440
5909 9297
1472 6462
1472 6406
1472 5919
1472 5441
1472 4323
1472 3605
1472 3606
1472 5301
1472 209
1472 229
1472 6308
1472 246
1472 6470
1472 5090
1472 1625
1472 5442
1472 6471
1472 6472
1472 8410
1472 6473
1472 5093
1472 5308
1472 3629
1472 3631
1472 4140
1472 7925
1472 3638
1472 6791
1472 6485
1472 5321
1472 9298
1472 5324
1472 5025
1472 6493
1472 7928
1472 268
1472 269
1472 3667
1472 270
1472 3669
1472 3673
1472 5104
1472 5331
1472 1482
1472 4869
1472 3686
1472 5333
1472 5334
1472 271
1472 7932
1472 6502
1472 5335
1472 6503
1472 2249
1472 3705
1472 5338
1472 6792
1472 1491
1472 9299
1472 5342
1472 6421
1472 6517
1472 3722
1472 9300
1472 3731
1472 5348
1472 3741
1472 4075
1472 8494
1472 1064
1472 6523
1472 5447
1472 3759
1472 3763
1472 3766
1472 3769
1472 9173
1472 1498
1472 5356
1472 419
1472 1654
1472 6234
1472 6246
1472 4077
1472 3783
1472 7954
1472 5049
1472 5358
1472 5276
1472 7066
1472 4133
1472 3789
1472 3795
1472 9301
1472 9302
1472 6794
1472 9303
8443 3663
9304 5096
6460 267
6460 1478
6460 3624
6460 6331
6460 6333
6460 268
6460 8659
6460 1482
6460 6499
6460 8662
6460 6548
6460 6552
6460 3726
6460 6349
6460 6554
6460 9305
6460 6555
6460 9183
6460 6367
6460 6559
6460 9306
6460 6562
6460 8667
6460 9307
6460 9308
2007 6646
2007 5439
7164 1478
9309 4897
9310 3630
9310 9311
9310 5893
1579 783
1579 5115
6461 268
6461 1482
7165 5087
7165 9312
7165 9313
6732 8487
9314 9315
9314 1496
9314 9316
6431 9317
6431 9318
6431 6441
6431 5124
6431 9319
187 268
187 1482
187 8508
187 7932
187 9320
187 5037
187 9321
187 7953
187 9285
6638 1478
8556 2008
9322 5305
9110 9323
188 199
8557 3613
8557 5331
8557 5337
8557 3723
8469 6464
8469 2160
8469 9324
8469 3786
8469 3802
8469 5508
9325 5300
8640 9326
8640 2160
8640 9327
8640 8641
8640 9328
8640 9329
8640 9330
5084 268
5084 1482
5084 6337
5084 343
5084 9331
5084 6371
6462 1478
6462 6104
6462 6485
6462 268
6462 1482
6462 6502
6462 9332
6462 4538
6462 419
6462 1502
189 3627
189 779
189 3632
189 3642
189 3647
189 3654
189 3658
189 6694
189 3662
189 268
189 6695
189 6696
189 3681
189 6697
189 9333
189 3696
189 6698
189 6700
189 6701
189 9334
189 3723
189 6702
189 9335
189 6703
189 814
189 3748
189 419
189 5502
189 6706
189 5450
189 6708
189 6709
189 9336
189 3812
189 9337
189 5451
189 9338
189 6710
189 9339
189 504
9111 9340
9111 5095
9111 9341
9111 9342
9111 5761
9111 6385
9111 5893
9111 9343
9344 3623
9344 3795
6463 9345
6463 6107
6463 269
6463 1482
6463 9346
3602 5107
3602 3834
6406 4074
9347 7933
3603 8577
3603 5901
3603 5089
3603 9348
3603 9349
3603 9350
3603 9351
8488 268
6810 2008
5298 5020
5298 9352
5298 4933
5298 8600
5298 6491
5298 268
5298 9353
5298 1482
5298 9354
5298 7018
5298 9355
5298 9356
5298 9357
5298 4985
5298 5043
5298 4988
5298 4992
9358 1478
1474 5304
5299 1478
5299 268
5299 1482
5299 8665
2008 8447
2008 4346
2008 8044
2008 2159
2008 5091
2008 2161
2008 7192
2008 5586
2008 9359
2008 6597
2008 9360
2008 7196
2008 7738
2008 5430
2008 1492
2008 9361
2008 8596
9362 343
8446 5311
9363 9364
9365 7196
9366 5103
6465 5919
6465 1478
6465 6327
6465 268
6465 9367
9368 5034
9369 5540
5919 229
5919 268
5919 1482
5919 5920
5919 9370
5441 9333
8698 5305
8698 6318
8698 9371
8698 9372
8698 8720
8698 9373
4323 268
9374 8600
9374 3643
3605 1478
3605 268
3605 9375
5300 8534
5300 9376
5300 3646
5300 5317
5300 9377
5300 9378
5300 9379
3606 5086
3606 8599
3606 9380
3606 9381
3606 4078
5085 5096
5085 9382
5085 5892
5085 9383
5085 5893
5085 9384
6466 5311
6565 4856
6565 9385
6565 6783
6565 9135
6565 9386
6565 4859
6565 9387
6565 9388
6565 4860
6565 9389
6565 4862
6565 9390
9391 5095
9391 9392
9391 6073
9391 9393
9391 9394
9395 6738
9395 9396
9326 3609
6538 9397
3607 6734
3607 268
3607 9398
3607 6109
3607 8591
3607 4979
3607 4994
3607 9399
3607 6763
3607 9400
9401 6379
9401 8401
9401 9402
9403 1480
2009 1478
2009 9404
2009 5499
2009 1064
8732 268
8732 9405
8732 9406
8732 9407
5086 9408
5086 6384
6733 9409
6733 9410
6733 9411
8500 199
8500 5560
9412 5095
9412 9413
6467 268
5301 9414
5301 1478
5301 8429
5301 6488
5301 268
5301 1482
5301 8669
5301 9415
5301 419
5375 1482
4147 199
4147 4720
6654 9416
6654 6318
9417 5349
7166 9418
7166 9419
7166 9420
7166 8399
7166 9421
7166 1496
7166 8406
7166 9422
190 6476
190 6487
190 268
190 1482
190 9423
190 9424
190 4538
190 9425
3608 269
3608 1482
3608 6717
6567 9426
6567 9427
5087 9318
5087 9428
5087 5617
8558 3615
8558 6716
9429 8562
9429 3652
9429 5486
9430 5095
9430 9431
3609 9432
3609 9433
9434 5095
9435 5095
9436 5095
9436 5893
9436 9437
9438 7941
191 9439
191 9132
191 9135
191 9440
191 5949
6726 6727
6468 9441
9442 9443
9442 3634
9442 9420
8447 9444
8447 9445
6727 9446
9447 5470
9317 6570
9317 6572
9317 6576
9317 1496
9317 9448
9317 9449
8651 9450
8651 3634
8651 2164
8651 7196
7167 5025
7167 9451
5751 6714
5751 6542
3610 5625
7730 5625
7730 268
9452 5107
5886 5931
9453 9349
9453 5904
2010 316
6832 317
6832 318
599 199
599 9454
599 5795
599 9455
599 8878
599 9456
599 9457
2011 199
1537 615
1537 246
1537 271
1537 4404
1537 1040
1537 2817
1537 5062
1537 3296
971 199
971 441
9096 6308
9096 246
972 199
973 346
3952 7190
3952 2263
3952 2958
2016 393
9458 6916
194 9459
194 9460
194 4474
194 9461
194 7744
194 9462
194 1075
194 9463
194 9464
4327 199
196 199
196 2048
196 9465
196 7219
196 9466
196 9467
196 4480
196 7243
196 6212
196 378
196 7663
196 6862
196 7992
196 9468
196 9469
196 7053
196 9470
196 7674
196 3965
196 6255
196 9471
196 8762
196 7085
196 3130
196 4733
196 9472
196 9473
196 3375
196 9474
196 9475
197 2347
197 9476
197 2494
197 725
197 3196
197 6936
197 9477
197 3527
9478 1425
9112 9128
7169 9479
7169 7734
7169 9480
7169 1064
7169 9481
7169 9482
7169 9208
7169 9483
7169 9484
7170 199
9485 199
9485 242
8836 9486
8836 199
8836 242
8836 7271
9486 199
9486 7271
199 2028
199 2029
199 7171
199 9459
199 7172
199 2034
199 2036
199 7174
199 9487
199 208
199 2043
199 210
199 9488
199 2048
199 9091
199 218
199 219
199 9489
199 4347
199 7178
199 2064
199 2065
199 9490
199 2070
199 2071
199 2072
199 6301
199 4355
199 2081
199 2082
199 2083
199 4359
199 7182
199 4361
199 5402
199 2102
199 984
199 6171
199 9491
199 8380
199 776
199 9492
199 4365
199 241
199 242
199 6174
199 2120
199 4368
199 2123
199 245
199 246
199 2125
199 4374
199 253
199 2135
199 254
199 9493
199 4380
199 9494
199 2151
199 1434
199 265
199 2157
199 3663
199 5185
199 3894
199 6178
199 8451
199 9495
199 2184
199 2194
199 2203
199 2206
199 4390
199 278
199 7203
199 2223
199 4392
199 7207
199 2227
199 4395
199 2230
199 2236
199 2237
199 7208
199 2242
199 8840
199 8740
199 288
199 289
199 2246
199 2247
199 1001
199 2255
199 6846
199 7210
199 8360
199 2261
199 2264
199 7468
199 2267
199 9496
199 2273
199 9014
199 2281
199 9497
199 302
199 6187
199 789
199 1007
199 6188
199 8944
199 307
199 9498
199 7214
199 311
199 9016
199 1009
199 909
199 2303
199 2305
199 2307
199 2308
199 7216
199 9499
199 2314
199 316
199 317
199 318
199 319
199 791
199 9500
199 4431
199 4432
199 2323
199 5404
199 2324
199 2325
199 2326
199 2329
199 4433
199 2334
199 4434
199 323
199 4436
199 1015
199 4437
199 6197
199 9501
199 9502
199 1017
199 2349
199 9503
199 7933
199 7226
199 2355
199 9504
199 4449
199 2359
199 5433
199 4450
199 4451
199 8973
199 1021
199 7230
199 9505
199 7232
199 9466
199 2387
199 5189
199 2392
199 340
199 2398
199 4461
199 9131
199 2407
199 2411
199 5821
199 2416
199 7238
199 2417
199 6120
199 353
199 7239
199 5824
199 4473
199 4475
199 357
199 358
199 2442
199 911
199 7241
199 8896
199 1031
199 2454
199 2456
199 9506
199 2461
199 2468
199 7585
199 8831
199 9507
199 9508
199 1676
199 7658
199 9509
199 7245
199 9510
199 2484
199 4491
199 9511
199 6210
199 2502
199 1037
199 2503
199 2507
199 2508
199 7248
199 369
199 4500
199 9199
199 372
199 373
199 7249
199 6213
199 4503
199 9512
199 2526
199 2527
199 9513
199 2530
199 4504
199 7251
199 7252
199 2534
199 8849
199 4505
199 9514
199 7981
199 4508
199 2544
199 7255
199 2549
199 1044
199 9515
199 379
199 1046
199 2557
199 6859
199 1049
199 9516
199 1050
199 2565
199 2567
199 1051
199 9517
199 8851
199 5650
199 7033
199 9518
199 7261
199 9519
199 2577
199 2578
199 808
199 392
199 1055
199 9520
199 2585
199 4525
199 9521
199 394
199 395
199 396
199 397
199 7264
199 2590
199 4530
199 2593
199 1058
199 9522
199 1059
199 6862
199 401
199 2594
199 2597
199 7265
199 2601
199 2604
199 7267
199 2605
199 2609
199 9523
199 7434
199 9524
199 7269
199 7270
199 4541
199 2627
199 407
199 9525
199 9526
199 5837
199 9527
199 2642
199 4551
199 9528
199 8949
199 1077
199 2653
199 2658
199 2662
199 2663
199 9529
199 7279
199 9530
199 7280
199 2672
199 8570
199 9531
199 2674
199 4559
199 418
199 4560
199 7612
199 2693
199 2695
199 821
199 9532
199 2698
199 2699
199 2701
199 2705
199 2707
199 9533
199 824
199 1085
199 9534
199 2716
199 1089
199 9535
199 2721
199 435
199 9536
199 436
199 2723
199 8811
199 9537
199 7427
199 2726
199 439
199 440
199 441
199 9538
199 442
199 2729
199 4574
199 7982
199 449
199 9539
199 7286
199 8812
199 2743
199 2745
199 2749
199 9540
199 9541
199 1101
199 2753
199 2754
199 2758
199 2761
199 9542
199 2771
199 2772
199 4588
199 4591
199 690
199 453
199 4594
199 454
199 4595
199 2776
199 9543
199 9544
199 5845
199 831
199 9545
199 2786
199 8975
199 2800
199 2801
199 2809
199 2812
199 9546
199 9547
199 4611
199 6037
199 2833
199 2839
199 460
199 8954
199 8370
199 1138
199 8929
199 2847
199 1140
199 6880
199 1142
199 2850
199 9548
199 2851
199 9549
199 2852
199 6039
199 2853
199 9550
199 2858
199 2862
199 7050
199 9551
199 9552
199 9553
199 1148
199 2870
199 4629
199 466
199 4630
199 6885
199 1155
199 1156
199 4632
199 9554
199 9555
199 9556
199 1159
199 1161
199 7617
199 4644
199 4645
199 470
199 2888
199 471
199 2896
199 4649
199 2897
199 2898
199 4650
199 9557
199 9558
199 6888
199 8371
199 475
199 476
199 477
199 478
199 1171
199 2907
199 7056
199 9559
199 8857
199 9560
199 2913
199 2914
199 9561
199 2917
199 9562
199 7745
199 1180
199 2921
199 2924
199 7307
199 9563
199 9564
199 9565
199 2934
199 9566
199 1187
199 7310
199 9567
199 2939
199 9568
199 1195
199 7747
199 4665
199 2943
199 5416
199 2952
199 2953
199 8898
199 9201
199 2960
199 9569
199 2966
199 1206
199 2968
199 2969
199 2970
199 6042
199 1207
199 9081
199 1211
199 4678
199 2977
199 2981
199 7995
199 5852
199 9570
199 4681
199 2985
199 4682
199 8859
199 9571
199 2987
199 6250
199 9572
199 4685
199 2998
199 9076
199 3000
199 9573
199 7317
199 1219
199 9574
199 7318
199 9575
199 3016
199 3019
199 3024
199 9576
199 3025
199 3027
199 9577
199 7063
199 7319
199 9578
199 3041
199 8462
199 6899
199 4696
199 3045
199 8761
199 9579
199 3056
199 7326
199 3060
199 3064
199 6256
199 855
199 493
199 9580
199 9581
199 494
199 6909
199 9582
199 3070
199 8353
199 3074
199 7332
199 6911
199 9583
199 9584
199 9585
199 1240
199 7633
199 9586
199 3095
199 3096
199 9587
199 7890
199 9588
199 9589
199 1244
199 4712
199 9590
199 9591
199 1245
199 9108
199 7342
199 4713
199 1248
199 6919
199 3138
199 9592
199 6046
199 3143
199 4718
199 516
199 3156
199 3157
199 7345
199 3166
199 7893
199 3169
199 9593
199 4724
199 3176
199 9594
199 3182
199 5862
199 4725
199 3189
199 5259
199 9595
199 4729
199 9596
199 9597
199 6921
199 1267
199 9598
199 9085
199 519
199 3211
199 3212
199 9599
199 3217
199 3220
199 8820
199 9600
199 9601
199 9602
199 9603
199 9604
199 9605
199 3224
199 3227
199 7094
199 4737
199 9606
199 3237
199 3241
199 7096
199 7354
199 9607
199 1282
199 6263
199 3252
199 8191
199 9608
199 7357
199 3273
199 3274
199 3275
199 3276
199 3277
199 3278
199 3279
199 3280
199 3282
199 4747
199 3288
199 9609
199 6927
199 3293
199 871
199 1293
199 7894
199 9047
199 3301
199 4751
199 7359
199 1296
199 3306
199 1300
199 3310
199 8769
199 7360
199 7102
199 4757
199 7751
199 9610
199 9611
199 8969
199 874
199 9612
199 1314
199 9613
199 7623
199 9051
199 3355
199 3357
199 9203
199 4764
199 1321
199 9614
199 9615
199 876
199 7105
199 5654
199 9074
199 9616
199 9617
199 547
199 6047
199 9618
199 9619
199 6048
199 7365
199 9620
199 9621
199 3393
199 4772
199 4774
199 9622
199 4778
199 4781
199 9623
199 8906
199 4782
199 9624
199 552
199 9625
199 3422
199 3424
199 1348
199 4788
199 557
199 7436
199 3428
199 4794
199 9626
199 3437
199 9627
199 3443
199 3445
199 4801
199 9628
199 9629
199 4803
199 9630
199 3454
199 7628
199 4806
199 4808
199 3461
199 9631
199 9632
199 3474
199 3476
199 9633
199 9634
199 5656
199 6052
199 9635
199 8000
199 9636
199 9637
199 891
199 7122
199 4827
199 3505
199 3506
199 3507
199 3508
199 3509
199 3510
199 3511
199 4828
199 9638
199 4831
199 4836
199 4837
199 3531
199 3540
199 3542
199 7385
199 9639
977 3014
200 6164
200 9640
200 9641
200 8352
2019 8863
2019 8870
9642 1425
2026 2428
8325 4346
8325 1694
5659 308
5659 597
1393 9643
1393 7209
1393 9066
1393 9644
1393 9645
1393 9646
1393 9647
1393 7368
1393 9648
1393 3532
9649 5433
9650 597
6164 316
615 229
615 2184
615 410
615 9651
615 3966
6833 318
9652 1434
1638 9653
4332 9454
4332 240
4332 1691
4332 379
4332 9538
4332 7288
4332 9654
4332 9655
4332 7353
4332 3464
4332 9656
4333 9120
4333 7193
4333 8922
2040 1480
4335 317
4335 1218
206 8934
9657 1218
2042 774
2042 7457
208 308
208 597
209 1478
209 6328
209 4934
209 5315
209 268
209 269
209 1482
209 6599
209 9658
209 7931
209 3695
209 5338
209 3750
209 6614
209 1498
209 3780
209 9659
209 1503
209 7956
209 9660
209 6630
209 493
981 9011
210 9661
212 9587
212 9052
1538 248
1538 5803
1538 9070
6961 597
213 9662
213 9663
2045 2113
4338 597
4339 240
4339 9508
4339 1222
4339 9664
4339 9665
4339 4771
2048 319
4340 9666
9667 7107
214 7651
214 7687
7177 397
4341 317
9079 4416
9668 316
9668 393
9155 6275
2050 4414
2050 1248
9091 2819
215 236
215 9496
215 306
215 7980
215 7224
215 4457
215 7247
215 4539
215 2792
215 8897
215 7047
215 2875
215 7062
215 7889
215 506
215 8374
2054 9669
2054 2785
8377 2436
9454 2066
9454 2312
9454 8831
9454 9670
9454 9671
9454 7316
9454 9672
5795 240
5795 1001
5795 9673
5796 240
5796 1153
5796 6256
5796 9586
5798 240
5798 1221
5798 1264
2056 9674
9489 316
4346 9675
4346 9676
4346 7906
4346 8328
4346 8329
4346 9677
4346 9678
4346 1694
4346 9679
4346 8336
4346 8338
4346 9680
4346 9681
4346 9682
4346 9683
4346 9684
4346 9685
4346 820
4346 9686
4346 9687
4346 8344
4346 492
4346 9688
5752 4357
5752 5972
9689 1064
9690 5433
9690 1436
2061 9691
2061 9692
2061 7427
2061 7060
222 9693
2063 9082
4350 4375
9694 318
9694 438
9694 441
720 578
2070 9695
2070 2904
2070 9696
9156 9697
4352 372
2072 2634
226 9666
1400 7086
9698 1434
5072 1434
9699 7392
9479 9700
9479 9482
9479 9104
9005 9701
9220 1434
9702 4698
8559 4446
5279 597
4354 9080
4355 312
4355 322
4355 2374
7477 229
7477 3916
7477 9703
7477 9704
7459 230
229 4165
229 8166
229 9705
229 3879
229 4172
229 5982
229 4174
229 268
229 1482
229 9706
229 9707
229 4183
229 2179
229 9124
229 9708
229 2182
229 2183
229 3909
229 3911
229 9709
229 8196
229 9710
229 3919
229 9711
229 9712
229 2190
229 2193
229 3923
229 8091
229 2195
229 3928
229 3929
229 2198
229 2199
229 3932
229 3933
229 9713
229 8188
229 9714
229 2249
229 9715
229 9716
229 9717
229 9718
229 9719
229 9720
229 9721
229 8197
914 9722
914 9723
914 4164
914 3874
914 4165
914 4168
914 9724
914 9725
914 9726
914 9727
914 9728
914 9729
914 5975
914 8166
914 5978
914 3880
914 9730
914 8290
914 9731
914 5984
914 9732
914 9733
914 9734
914 9735
914 9736
914 9737
914 4178
914 4179
914 9738
914 9739
914 4181
914 4182
914 4184
914 9740
914 9741
914 9742
914 4188
914 9743
914 5993
914 4190
914 9708
914 4191
914 9744
914 7199
914 9745
914 9746
914 4194
914 4195
914 4196
914 9747
914 4199
914 8291
914 4201
914 3915
914 9748
914 9749
914 4204
914 9750
914 3931
914 9751
914 4205
914 4209
914 4210
914 4211
914 4212
914 9752
914 9753
914 9754
914 4214
914 4216
914 9755
914 9756
914 9757
914 4218
9758 5990
6969 2180
9759 2180
9759 2188
9760 5983
9760 272
9114 2178
9114 5972
9114 5807
9114 4505
3872 5990
3872 9747
4356 8301
4356 3909
4356 8311
3874 9761
8028 6033
3875 5724
3875 5679
3875 5681
3875 5755
3875 9762
3875 5684
3875 5685
3875 5776
3875 8149
3875 9763
3875 5695
3875 9764
3875 9765
3875 8126
3875 5770
5724 3876
5724 5689
8148 3885
5754 5677
5754 5685
5754 3885
5754 5721
5677 8150
5678 8121
5678 8157
5678 9766
5678 8125
5678 8134
5678 8154
5678 8158
5678 8159
5678 8161
5678 8162
5681 8153
3876 5689
3876 8143
9767 6975
9768 9769
9768 2180
9768 9770
9768 2191
8286 2180
9771 2180
8287 2180
1539 5185
1539 308
1539 597
8042 5762
8042 2180
8042 9772
8042 9773
9774 5976
9774 9775
9774 4195
4165 9776
4165 5976
4165 9777
4165 9778
4165 9747
2080 9779
2080 9780
2080 5997
7415 9781
7415 7496
7415 9782
7415 7418
7415 9783
7415 8266
8079 7872
8079 9784
8079 8013
8079 3916
8079 2201
8043 5762
5974 272
9785 3878
9776 2249
8166 4169
8166 4170
8166 9786
8166 9787
8166 5987
8166 9775
8166 9788
8166 9789
8166 9790
8166 9791
8166 9792
8166 3928
8166 7993
3878 9793
9116 2249
7872 8011
5976 272
5977 3884
9794 3928
230 7461
230 8090
230 3897
230 7465
230 308
230 597
230 8093
6031 4201
8080 3916
8081 9094
8081 3916
3880 9795
3880 7993
3880 9796
3880 9797
8206 7703
8206 2660
4221 4223
4222 4223
4222 9781
4222 8217
4222 8227
4222 9798
4222 9799
9800 7418
9801 9802
4357 6177
4357 911
4357 4505
5979 3932
5979 7993
4171 2249
2081 2201
9803 3928
9730 3884
9804 2180
5982 3884
8083 8010
8083 8011
9769 9805
3884 4174
3884 9806
3884 4202
3884 9807
3884 9808
3884 4214
8017 3911
9809 3909
231 5757
231 4223
231 5731
231 308
231 597
5684 5686
5685 8138
5687 9810
5758 7019
3885 8152
3885 5698
9811 308
9811 597
5775 9812
9813 2249
9814 3928
9815 3887
9816 4384
9816 6850
8288 2189
3886 5762
3886 9817
3886 4505
9818 9819
1639 1425
9820 316
1438 9821
1438 7834
1438 9822
1438 492
9823 2431
234 317
7182 242
7182 909
6170 2300
6170 6240
2093 6226
9157 327
9157 9824
8351 2094
1641 1425
1642 1617
983 318
983 6212
2100 6684
984 6849
984 9825
984 9826
984 9552
984 9579
984 1337
984 7120
984 4840
984 7386
984 9827
605 610
9828 1434
6172 6308
239 1218
7188 317
7188 318
7014 4675
2109 7281
2110 4519
2110 1378
6173 1024
2114 8327
2114 8337
2114 8339
2114 9829
2114 9683
2114 9830
2114 9687
2114 7800
2114 9831
2114 9832
2114 9833
2114 9834
2115 7733
240 1434
240 268
240 3915
240 4416
240 2408
240 5820
240 9835
240 4500
240 5668
240 9836
240 6303
240 9837
2116 2130
2116 4406
242 4374
242 268
242 4390
242 7214
242 4433
242 9501
242 2398
242 7238
242 2417
242 7245
242 4508
242 2605
242 7269
242 7271
242 9530
9838 304
9838 420
5570 9839
5570 9833
9840 597
4368 2318
7190 4710
9841 4373
6010 6308
7016 2394
7732 9842
7732 9843
7733 9844
7733 9845
7733 9846
7733 9847
7733 9848
7733 2742
7733 4597
7733 9849
7733 8359
7733 9850
7733 9851
9008 3611
3611 9852
7734 9480
7734 790
7734 9853
7734 9481
7734 9854
7734 9855
7734 9856
7734 9102
7734 9857
7734 9484
8561 9858
9844 9845
9844 2650
6308 6485
6308 268
6308 316
6308 2596
6308 6228
6308 6234
6308 1166
6308 4670
6308 2959
6308 9859
6308 9043
6308 9860
6308 3522
246 5436
987 1401
987 2413
9117 5433
6840 3315
6840 9861
248 9862
2125 316
249 7276
249 2929
249 7337
249 8373
249 9863
249 9060
250 7035
251 9646
2126 7103
9864 1434
9865 7833
2130 9866
2130 9575
4373 9867
4373 9868
4373 9869
4373 5572
4373 5573
9870 8934
2133 551
2134 2650
1476 268
253 388
3612 3663
2137 262
2137 9871
2137 3080
2137 3267
2137 7895
4123 9872
257 4549
257 9873
261 8758
9158 9874
1433 1434
263 9097
8362 9875
264 394
1434 9221
1434 9222
1434 9876
1434 9877
1434 1435
1434 9878
1434 9223
1434 4475
1434 9226
1434 9879
1434 9228
1434 9229
1434 9231
1434 9880
1434 9234
1434 9881
1434 9235
1434 9882
1434 9883
1434 9884
1434 9237
9118 2205
2154 7200
2154 6865
2154 7667
7810 5532
7810 7816
7810 9885
7810 9241
7810 9886
7810 9242
7810 5970
7810 7822
7810 9887
7810 7826
7810 7831
7810 9888
7810 9889
7810 9890
7810 4743
5150 9891
5150 9892
9009 6854
9009 9893
9009 2806
9009 9894
9009 4852
2159 6074
6469 4932
6469 4939
6469 5026
6469 9895
6469 6740
6469 4949
6469 4958
6469 4965
6469 9896
6469 6748
6469 4975
6469 4978
6469 9897
6469 6750
6469 8491
6469 6690
6469 5003
6469 6324
6470 5090
6470 268
6712 1482
9898 1480
9898 2164
5058 667
9899 7925
4928 4936
9414 1482
2160 9327
2160 1478
2160 6635
2160 9900
2160 8616
2160 268
2160 9333
2160 9901
2160 9902
2160 9903
2160 9904
2160 9905
9906 4855
9906 2612
9906 9907
9906 9389
9908 5107
9909 778
267 1625
267 1478
267 9107
267 5625
267 268
267 6811
267 1482
267 667
267 6505
267 8785
267 9910
267 9911
267 9912
267 5111
267 4906
267 9913
3615 1482
5091 9914
5091 9384
9915 7268
5939 268
5304 1478
5304 9916
5304 5318
5304 268
5304 6334
5304 1482
5304 6338
5304 6340
5304 6354
4889 1478
1625 269
5442 1478
5442 3623
5442 9333
9917 3663
6014 5095
6014 9918
2161 8091
7924 268
7924 3752
5305 9919
5305 9920
5305 5097
5305 9921
5305 8703
5305 5478
5305 9922
5305 8705
5305 8706
5305 8708
5305 8709
5305 9923
5305 9924
5305 8711
5305 9925
5305 8714
5305 9926
5305 9927
5305 9928
5305 8718
5305 9929
5305 9930
5305 5122
5305 8720
5305 5129
5305 8722
5305 8723
5305 9931
5305 9932
6471 6790
6471 269
6471 5111
9933 5095
9934 3628
6472 268
6472 1482
6472 9935
8474 6318
9936 1482
6325 5332
9937 5475
5306 5319
6433 8496
6433 9938
6433 9939
3619 9940
3619 9941
9318 5893
5307 268
8699 9919
8699 5475
8562 5540
8410 9333
6473 1478
6473 1482
6473 6690
3620 268
3620 1482
3620 8568
9942 3627
8563 9943
8563 8527
8700 5475
8700 9944
5093 268
5093 6421
9945 8430
1477 9946
1477 6534
1478 6474
1478 9947
1478 5023
1478 6328
1478 6775
1478 3628
1478 5064
1478 9916
1478 6478
1478 6481
1478 6540
1478 8566
1478 3638
1478 5316
1478 782
1478 783
1478 4132
1478 5103
1478 5320
1478 6332
1478 5323
1478 8544
1478 9948
1478 9949
1478 9122
1478 6777
1478 9950
1478 4897
1478 3668
1478 9951
1478 3674
1478 1482
1478 8545
1478 6500
1478 5335
1478 8174
1478 9127
1478 1002
1478 6212
1478 5663
1478 8385
1478 8661
1478 9404
1478 7941
1478 6603
1478 9911
1478 6606
1478 6348
1478 9397
1478 6675
1478 9952
1478 3727
1478 7945
1478 5499
1478 5647
1478 8456
1478 7880
1478 3741
1478 9953
1478 9954
1478 6667
1478 1064
1478 5113
1478 5465
1478 8711
1478 9296
1478 6806
1478 9955
1478 9956
1478 3759
1478 6669
1478 9957
1478 9958
1478 9959
1478 7953
1478 5049
1478 9960
1478 6364
1478 5119
1478 6817
1478 3809
1478 9961
1478 9962
1478 5367
1478 9963
1478 9964
1478 9965
1478 8519
1478 6628
1478 9966
1478 3257
1478 9967
9968 3643
3621 6061
3624 1482
9969 4538
9969 9970
9971 5311
9971 667
5094 8707
5094 8710
5094 9972
5094 9927
5094 9973
5094 9974
5094 9975
5020 4971
5020 815
9976 778
9977 778
9978 4855
9979 5103
6474 6658
6474 9980
6474 268
6474 1482
6474 1588
6474 7953
9981 8430
9919 8716
9919 8721
9919 9982
9983 5475
9983 5480
5308 268
5308 1482
5308 3700
5308 6550
5308 9984
5887 6387
9985 1482
6635 268
6635 6520
4855 2162
4855 5941
4855 9986
4855 2393
4855 6660
4855 9987
4855 5118
4855 4861
8564 2393
8564 9988
8564 9989
8564 9990
5309 419
5095 9991
5095 3626
5095 9992
5095 6056
5095 5888
5095 6058
5095 9993
5095 9994
5095 6378
5095 5100
5095 5890
5095 6059
5095 6380
5095 9995
5095 9996
5095 9997
5095 9998
5095 9999
5095 10000
5095 6381
5095 5931
5095 10001
5095 6061
5095 5761
5095 10002
5095 5613
5095 5614
5095 8423
5095 7268
5095 9364
5095 10003
5095 10004
5095 10005
5095 10006
5095 6063
5095 10007
5095 10008
5095 10009
5095 10010
5095 8505
5095 10011
5095 10012
5095 10013
5095 6066
5095 10014
5095 10015
5095 10016
5095 6391
5095 10017
5095 8635
5095 10018
5095 5896
5095 10019
9419 8400
9419 10020
9419 1496
10021 1480
5376 5100
5376 6018
5376 10022
10023 9402
3626 5893
3626 6388
778 10024
778 781
778 782
778 783
778 5065
778 10025
778 5502
778 6705
10024 1482
10026 10027
10026 1483
10026 10028
5096 10029
5096 5893
5096 6390
5096 9302
5096 10030
4930 667
8395 2393
1582 4969
6475 1482
9107 6087
9107 3665
9107 6497
9107 3711
9107 10031
9107 6808
9107 3821
9107 8465
9107 10032
6714 667
9119 2166
10033 5911
5310 269
5310 6425
5310 9895
5310 6741
5310 3710
5310 10034
10035 5496
6056 10036
9352 4984
9352 6758
10037 2168
10037 5560
10037 7933
10037 10038
10037 10039
1479 268
4856 2162
10040 10041
10040 6738
10040 6318
10040 2393
10040 10042
5022 268
5022 4997
10043 3653
6057 7029
5888 10044
5023 10045
7192 1481
7192 10046
7192 6752
7192 6767
6775 4538
10047 3653
3627 10048
3628 268
3628 1482
3628 5459
3628 10049
3628 10050
3628 10051
3628 10052
3628 10053
6729 10054
10055 10056
10057 269
8396 10058
8396 10059
6476 4538
4932 6754
4932 10060
780 10061
5064 268
5064 1482
5064 6530
5911 10062
5911 5806
5911 5560
5911 6318
5911 10063
5911 10064
5911 8457
5911 10065
5911 10039
5911 10066
5911 10067
3629 268
3629 5106
5311 3636
5311 8514
5311 268
5311 5494
5311 10068
5311 3719
5311 8422
5311 5498
5311 6520
5311 10069
5311 10070
5311 10071
5311 3828
5311 10072
10073 8505
6058 10074
6477 5328
5586 5469
5586 5495
5586 8422
5586 10075
5586 8671
5586 8468
10076 10077
9120 7321
10078 5559
10078 10079
8701 5110
10080 7933
10081 5806
10081 10082
1583 268
1583 1482
1583 667
1583 1601
1583 10083
3630 10084
3630 5108
3630 10085
3630 10086
3630 5893
3630 10015
3630 10016
3630 10087
3630 10088
3630 6074
3630 6075
3630 10089
6478 6657
6478 268
6478 1482
6478 4955
6478 6110
6478 5038
6478 10090
6478 5052
6478 6765
6478 6766
6478 10091
3631 268
3631 8639
3631 6677
3631 10092
10093 5157
6479 1589
6479 10094
6479 10095
5024 1482
5889 9408
5889 6069
4140 268
10096 5103
10097 5560
3633 8656
5475 9921
5475 10098
5475 5478
5475 703
5475 10099
5475 704
5475 10100
5475 10101
5475 10102
5475 10103
9376 10104
9376 10105
10106 5806
10106 5560
10107 3653
9921 10108
2162 3634
2162 10109
6407 10110
3634 10111
3634 6569
3634 10112
3634 10113
3634 6427
3634 10114
5312 268
6015 10115
5559 10116
5559 5806
5559 5560
5559 10117
5559 10118
5559 10059
6480 1482
7193 5880
5313 268
6481 268
6481 1482
8566 9094
10119 8405
10120 9382
10121 6318
10121 3800
10122 1483
3635 5604
3635 10123
5941 2612
1480 10124
1480 10125
1480 8539
1480 10126
1480 5209
1480 10127
7925 8784
7925 7927
7925 7929
7925 268
7925 1482
7925 6497
7925 6779
5314 1496
6482 1482
6482 6508
6482 10128
8449 10075
2163 10129
1585 667
6656 9386
7926 6497
6736 4954
3638 268
3638 1482
3638 10130
3638 3783
3638 4133
2164 10131
2164 10132
2164 10124
2164 10056
2164 10133
2164 10134
2164 8569
2164 10135
2164 10126
2164 2613
2164 10136
2164 10137
2164 2616
2164 10138
2164 7322
2164 10139
2164 10140
2164 6801
2164 10141
2164 6802
2164 10142
2164 10143
6790 268
6790 4538
6790 10144
8514 10145
6379 5893
10146 9995
10084 3653
6791 268
5315 268
5100 10147
6104 10148
6484 3686
5476 5478
6059 10149
3641 269
6485 316
6485 419
10150 268
10150 667
3643 268
3643 1482
3643 8677
3643 10151
781 782
781 1482
10152 782
10152 268
782 783
782 1482
783 1482
5540 3652
5540 10153
5540 3672
5540 5482
5540 2383
5540 10154
5540 10155
5540 5486
5540 10156
5540 10157
9408 10149
8629 5926
2165 6738
2165 10158
2165 10159
2165 10160
2165 10161
2165 10162
6657 269
3645 8692
3645 10163
10164 5806
10164 5560
10164 6318
6105 1482
6105 667
10165 10166
10165 10167
9995 10168
9995 10169
9995 10170
9995 10171
5470 10072
2166 9122
2166 10172
2166 9133
8397 10173
8397 10174
10175 5806
10175 5560
5317 10176
5317 10177
5317 10178
5317 10179
5317 10104
5317 9289
5317 9290
5317 10180
5317 10181
5317 9292
5317 10182
5317 10183
5317 6404
4132 268
4132 1482
4132 2660
4132 10184
4132 7696
10185 5560
10166 10186
10166 9941
10166 6738
10166 10187
10166 10188
10166 10189
10166 1496
10166 10190
10166 10191
10062 5560
10062 10192
9349 10193
9349 10194
3649 5111
9997 10195
9997 10196
6488 268
5101 268
5101 5329
5101 6602
5101 6522
5101 8674
5101 10197
5101 6624
4141 268
4141 1482
5318 6318
6489 6492
6489 268
6489 1482
6490 1482
6490 8691
6490 6675
6490 8386
6490 10198
6490 8427
9940 6738
10111 5326
10111 10199
10111 10200
10111 9134
5280 10201
5280 10202
8689 9187
3651 419
7195 269
9359 5625
9359 268
9359 3684
9359 3702
9359 10203
9359 5344
9359 10204
9359 9957
9359 3790
9359 6816
9359 1506
9359 10205
5103 10206
5103 10207
5103 10208
5103 8529
3652 6414
4936 1482
4936 5027
4936 10090
1481 1482
3653 5893
3653 6389
3653 6072
3653 5895
3653 9302
3653 10209
3653 10089
2168 5560
2168 10210
2168 10174
5319 10211
9121 9094
5625 3663
5625 268
5625 7931
5625 3706
5625 1484
5625 5107
5625 1489
5625 5034
5625 3728
5625 5347
5321 268
5321 1482
5321 316
5321 10212
6116 10213
6116 10214
6116 10215
6116 1496
6116 6444
6116 10216
8602 10217
8609 6738
8609 9396
8609 10218
8609 2393
8609 10219
8609 10220
8609 10221
8609 10222
8703 8719
6434 5340
6434 8498
5323 6682
5323 3727
5323 7944
5323 10223
5323 4923
6107 1482
6107 5040
6492 4966
6492 1599
10153 1506
6060 5893
10224 10079
10224 5560
2170 2351
6543 5332
5324 268
5324 10225
5324 4143
3659 8724
5025 269
5025 5034
8585 419
6493 1482
6493 10226
4939 4940
4894 3739
5026 4943
6738 10112
6738 10042
6738 9135
6738 10227
6738 10228
10229 5560
10229 8457
7927 7929
4880 268
4880 1482
10079 5560
10079 6318
10079 10064
10079 10230
10079 10118
10079 10231
10232 9396
3661 10233
3661 1482
3661 4954
3661 4959
4896 4897
10234 1482
7928 1482
10235 2393
3663 6812
3663 7931
3663 6813
3663 3701
3663 10236
3663 1487
3663 5344
3663 3724
3663 10237
3663 9954
3663 9956
3663 9957
3663 6815
3663 3804
3663 6818
3663 10238
3663 10239
3663 10240
3663 10241
9446 5893
10242 2393
9922 8704
9922 8713
9922 10243
9922 10244
8521 268
8490 1482
268 269
268 3667
268 4897
268 3668
268 9951
268 5328
268 3673
268 5104
268 10245
268 1482
268 6659
268 3685
268 3686
268 5334
268 7018
268 271
268 5335
268 6742
268 6503
268 289
268 2249
268 3957
268 385
268 6505
268 5663
268 7939
268 5337
268 3705
268 6716
268 7940
268 6511
268 1491
268 10246
268 812
268 5342
268 6513
268 6663
268 6514
268 7943
268 3722
268 10247
268 6666
268 4906
268 813
268 5945
268 3741
268 8494
268 1064
268 6523
268 6395
268 5351
268 9172
268 6023
268 10248
268 9959
268 1498
268 1546
268 7953
268 6530
268 10249
268 3787
268 4133
268 10250
268 9182
268 7955
268 10251
268 3794
268 8733
268 6672
268 6533
268 9185
268 6690
268 10252
268 10253
268 10254
5326 10255
5761 6064
4942 10256
5157 10257
5805 5560
3666 419
10176 10177
10258 6497
1587 1482
1587 6744
269 8430
269 5328
269 1482
269 6504
269 1485
269 10259
269 5107
269 10260
269 3774
4943 1482
8652 7196
10261 9423
10261 419
10199 2532
3667 1482
10029 6016
10029 10262
10029 5893
6495 1482
9094 270
9094 10263
9094 8452
9094 10264
9094 10265
8704 10266
270 7321
9950 1482
4897 6600
4897 4906
4897 7945
4897 6684
4897 9659
4897 4922
9353 6504
9353 10267
10099 10268
9951 1482
6496 4538
6596 10269
3669 10092
8430 3683
8430 10270
8430 10271
5806 10272
5806 5560
5806 10117
5806 10273
5806 1496
5806 10274
5806 10275
5329 4906
5329 6669
10276 7933
10276 9288
10276 9323
10276 10277
10276 10182
704 597
3673 10278
10279 7933
10280 7933
3674 1482
10281 4953
8450 5560
3675 1482
3675 10282
10269 3676
10269 9295
10269 6621
10269 10283
9439 2249
9439 6318
6811 5034
10284 10054
1482 667
1482 5333
1482 9159
1482 7932
1482 6502
1482 6503
1482 2249
1482 307
1482 3698
1482 1014
1482 10285
1482 5030
1482 5663
1482 5338
1482 6716
1482 10259
1482 6511
1482 9370
1482 6513
1482 4969
1482 9397
1482 10151
1482 3725
1482 10286
1482 10287
1482 10288
1482 10289
1482 6352
1482 10290
1482 8664
1482 813
1482 5945
1482 5647
1482 10031
1482 4538
1482 9897
1482 3741
1482 10291
1482 10292
1482 10293
1482 5042
1482 1496
1482 3759
1482 5351
1482 10294
1482 1497
1482 5045
1482 10295
1482 5046
1482 1498
1482 1499
1482 1500
1482 1501
1482 10296
1482 7953
1482 3776
1482 3777
1482 10297
1482 6757
1482 10298
1482 10299
1482 7321
1482 6362
1482 6556
1482 1502
1482 5948
1482 6532
1482 5363
1482 5123
1482 9184
1482 5364
1482 6024
1482 1605
1482 6557
1482 1504
1482 6794
1482 8517
1482 10300
1482 5369
1482 10301
1482 7957
1482 5055
1482 3822
1482 3824
1482 10302
1482 3825
1482 9186
1482 10303
1482 10304
1482 10305
1482 7077
4869 10306
4869 10307
4869 4077
4869 10308
10309 6504
8679 6318
8679 10178
4945 10310
4945 10311
4946 4951
10112 10312
10112 10220
10112 10227
10112 10222
4947 5031
4947 5032
4947 1589
4947 10313
4947 6759
6812 5034
5332 6548
5332 9367
10314 6747
5105 10315
10316 10201
10316 7933
10317 9350
10318 5560
10318 2393
10318 10319
10100 8712
6497 6779
6497 10320
3685 6529
3685 10297
3685 10321
8423 5616
8423 5893
8423 10209
8423 10322
10101 10323
6740 5002
6740 5007
7196 10056
7196 10324
7196 10136
7196 10325
7196 10127
7196 10326
7196 10140
7196 10327
10068 8402
10068 10328
10068 10329
10068 8435
10068 10330
6498 6506
5560 10331
5560 10332
5560 10333
5560 10058
5560 10173
5560 10334
5560 10210
5560 5835
5560 8403
5560 10230
5560 10192
5560 8457
5560 10273
5560 10335
5560 10336
5560 10038
5560 10082
5560 10337
5560 10338
5560 10274
5560 10319
5560 10275
5560 8501
667 8603
667 10339
667 5059
667 10045
667 6110
667 6509
667 10340
667 5035
667 6111
667 4967
667 6749
667 6675
667 5039
667 10189
667 6751
667 816
667 4987
667 7039
667 8512
667 8605
667 6756
667 5047
667 10341
667 1602
667 6761
667 4993
667 6762
667 10342
667 10343
667 10344
667 4998
667 4999
667 10345
667 10346
667 5055
667 10347
667 10348
667 10349
667 10350
667 5008
667 10351
9396 10352
9396 1496
9396 10353
3686 4956
3686 4962
3686 10286
3686 10354
3686 5006
10310 6753
7018 5054
10355 493
10218 10221
10218 10356
10218 1496
10218 10190
10218 6418
9411 6318
9411 1496
10357 4954
9333 9299
9333 10358
9333 419
9333 10359
10256 4954
10360 8405
10360 1496
5482 5483
5482 3706
7932 10259
5335 3726
5335 3759
5028 10294
3696 5111
3888 5762
5762 3889
5762 6033
5762 10361
5762 3905
5762 7020
5762 8050
5762 2186
5762 3913
5762 6181
5762 10362
5762 10363
5762 7097
4384 10364
7467 911
3890 8187
6972 3905
8068 7987
3891 3913
3892 8452
3892 3924
10365 3909
10366 7993
10366 9756
5185 10367
10368 6000
4223 8215
4223 8218
4223 10369
8211 6034
10370 2176
2174 10371
2174 7487
2174 7493
2174 7494
2174 7508
2174 7517
2174 7521
2174 7525
2174 7536
2174 10372
2174 10373
2174 10374
9735 4195
10375 272
3893 272
6973 2180
9706 7993
6177 10376
6177 10377
9802 9718
8069 7987
3894 9772
3894 2186
10378 2180
7416 8215
7416 8222
7416 10379
7416 9798
7416 10380
7416 10381
7416 10382
7416 10383
2176 7489
2176 8317
2176 7491
2176 10384
2176 10385
2176 10386
2176 10387
2176 10388
2176 7502
2176 10369
2176 8318
2176 10389
2176 7513
2176 10390
2176 10391
2176 8233
2176 10392
2176 7521
2176 9799
2176 8242
2176 10393
2176 10394
2176 7710
2176 10395
2176 8260
2176 7570
2176 8263
2176 8267
2176 410
8070 10396
8070 8203
8047 9161
8047 2249
8047 4505
4180 10397
4386 2249
9707 9161
9707 2249
8071 10398
5694 5695
8319 3903
8319 3921
8319 10399
10400 2178
10400 5972
10400 4505
10400 10401
10402 3928
10402 2249
10403 7974
2177 2180
2177 2188
9160 2180
10404 911
8451 2201
8175 4505
4184 8025
4184 318
10405 4195
9161 4505
6974 2180
10406 7418
7702 10407
7702 8103
7702 10408
7702 8104
7702 10409
7702 8256
7702 7575
7702 7717
7702 419
10410 6000
8276 7987
8033 3260
5990 3915
10411 6034
7417 8241
7417 10412
2178 8282
2178 10413
2178 10414
2179 8186
2179 7356
2179 8193
2180 6975
2180 10415
2180 6977
2180 10416
2180 10417
9495 3798
3903 7777
3903 10418
8317 7522
8317 7523
8317 10419
10420 3928
9775 3904
2181 911
2181 7752
9788 2249
8167 7993
8452 9189
10421 2249
10384 8095
7497 10422
2182 4505
2182 9189
3905 10423
3905 2186
3905 10424
3905 3924
3905 7781
9765 5701
10425 272
9806 9747
5958 7970
5958 7780
10426 5972
5972 10427
5972 8283
9790 9718
5700 2191
6975 2428
8229 7418
3909 3918
3909 10428
992 8034
3911 3925
3911 10429
3911 3929
3911 3931
2185 911
7418 10430
7418 10431
7418 10432
7418 8259
7418 10433
7418 8264
7418 8271
10434 4505
10435 3928
8181 4505
2186 8302
2186 10436
2186 8034
10436 2192
10437 2192
10438 2192
10439 2192
9761 9718
10440 3928
3913 3922
10441 10442
10441 10443
10441 2428
10441 6979
10441 10444
8087 2249
3915 10445
908 911
7533 6034
6034 10446
6034 10447
6034 7576
6034 10448
6034 8109
6180 10449
6180 10450
10451 4505
7773 7782
3916 10452
9792 3928
8075 7987
3920 3930
2188 2189
9711 2249
9711 4505
7200 9184
9819 6000
10442 2488
2190 492
10453 6979
2191 10454
2191 419
9125 492
10455 9718
2192 4505
2192 10456
2192 10457
10458 4505
2194 8980
8128 866
3925 10459
7022 10460
10461 4505
10462 3928
3928 10463
3928 6536
10464 4505
10376 10459
8025 6002
3930 10465
10466 5342
10467 4505
8188 4505
10468 6002
6183 8296
8282 10414
2202 319
2202 7111
1644 1425
7201 2249
7906 1694
994 2476
9128 4446
7651 7071
9252 597
2215 2791
2217 9572
10469 597
6995 1649
6985 1542
8363 1151
2225 10470
2227 1022
2228 317
4396 9885
10471 5970
997 597
4397 10472
4397 10473
4397 10474
4397 4731
4397 9617
4397 6283
7811 10475
7811 1064
677 679
285 1542
2234 354
2234 3321
2238 316
632 597
9876 5433
8329 2470
287 5881
10476 4512
1542 10477
1542 597
1542 10478
1542 10479
1542 9462
1542 10480
8806 318
9480 2249
10481 1024
289 10482
999 437
2249 9152
2249 9131
2249 2532
2249 10483
2249 6436
2249 10484
2249 10485
2249 2680
2249 9228
2249 10486
2249 7452
2249 10487
2249 8571
2249 5212
2249 9292
2249 10488
2249 8935
2249 10489
2249 8283
2249 3362
2249 10490
10491 597
8741 2293
9877 5433
7738 5430
576 10492
576 597
576 10493
576 2620
576 10494
576 1132
2257 316
9152 2579
9152 10495
8742 312
7210 6212
5809 9018
4406 3959
4406 7456
4406 10496
10497 911
2263 10498
10499 4464
2267 318
1004 3000
4091 10500
662 597
9129 1425
301 10501
2281 372
9497 9836
9678 7392
302 10502
302 3231
10503 7756
1543 1386
7815 7822
9015 373
303 2299
2286 9192
2286 4847
10492 10504
10505 801
1008 7218
1008 10506
308 342
308 597
308 5926
6190 3139
4414 7314
4414 4824
4416 7255
4416 3466
1691 9595
7654 372
2291 9165
7989 4819
7214 9501
7214 4508
7214 10507
7214 10508
1646 810
8878 6209
7215 316
2296 10509
312 10510
312 6121
312 10511
2298 7239
2298 3125
2299 10509
2300 6240
2302 8860
1694 10512
1694 1064
1694 820
10513 2431
909 911
2304 10514
10515 5433
4423 8950
7216 394
2312 10516
5533 5970
5533 5536
5533 10517
9885 5970
9885 10518
9885 10519
2313 371
610 326
610 8912
610 10520
610 597
610 10521
610 10522
316 792
316 1020
316 337
316 6851
316 10523
316 10524
316 7659
316 1040
316 4513
316 806
316 7665
316 10525
316 2667
316 10526
316 10527
316 10528
316 4568
316 10529
316 10530
316 460
316 1149
316 2869
316 10531
316 4638
316 8955
316 6529
316 10532
316 2947
316 4673
316 2975
316 3001
316 10533
316 10534
316 3133
316 7346
316 3185
316 10535
316 10536
316 10537
316 10538
316 10539
316 3263
316 10540
316 10541
316 6929
316 7752
316 10542
316 3426
316 7966
316 6941
316 10543
316 10544
316 10545
317 9166
317 6851
317 1039
317 7661
317 4509
317 7666
317 2660
317 10546
317 6871
317 10547
317 7669
317 10548
317 1112
317 1113
317 2790
317 10549
317 7294
317 7296
317 10550
317 5849
317 10551
317 9177
317 6889
317 9561
317 10552
317 2930
317 1191
317 4673
317 3001
317 10553
317 7082
317 10554
317 7749
317 7964
317 10555
317 10556
317 10557
317 9192
317 1319
317 9054
317 6932
317 6049
317 10558
317 9195
318 8808
318 337
318 10559
318 10560
318 7028
318 6857
318 7030
318 9513
318 376
318 806
318 1060
318 2608
318 10561
318 2659
318 2730
318 2734
318 10562
318 8814
318 9468
318 4609
318 9563
318 10563
318 1208
318 10564
318 10565
318 3327
318 10364
318 7752
318 6937
318 3418
318 889
319 6851
319 10566
319 6857
319 2515
319 2542
319 806
319 400
319 2656
319 6874
319 9468
319 9551
319 7673
319 7800
319 7679
319 10567
319 10568
319 10569
319 10541
319 7755
7217 378
2318 10570
7990 2991
6194 470
9500 2374
2326 10571
7220 8959
8333 9832
2338 3240
8335 9832
325 10572
2343 394
6318 8595
6318 5336
6318 2680
6318 9831
6318 9139
6318 10573
6318 10574
6318 10575
6315 9501
10512 7392
4439 4620
6198 345
10576 2742
10577 1132
328 2554
10578 1656
10579 4698
672 1425
7933 10332
7933 10104
7933 10580
7933 10581
7933 10582
7933 10583
7933 10584
4446 7231
4446 3394
2352 372
332 6268
333 10585
333 9647
334 4484
334 3281
334 3538
2358 4700
2358 10586
5433 9225
5433 9226
5433 2742
5433 9230
5433 9232
5433 9234
5433 9148
5433 9883
5433 9239
2361 10587
4452 430
2373 10588
7595 8934
2380 1342
7229 10589
7229 10590
2382 4579
4115 4119
2384 10591
2384 4126
1022 3463
7231 7285
7231 10592
9066 597
10593 607
6956 6851
6851 371
6851 394
1024 597
1024 5667
1024 10594
1024 10595
10520 597
2393 10042
2393 10064
2393 10192
2393 10082
2393 10162
10596 401
342 597
343 6513
343 6517
343 5347
343 5358
343 10597
2397 1342
910 911
345 9027
345 2959
4461 10598
2406 9839
2406 9145
4464 7260
4464 8765
4464 545
347 9663
9167 9874
5970 10599
5970 10600
5970 10601
5970 9888
5970 5535
5970 7835
5970 9889
5970 9890
5970 10602
5970 7839
5970 10603
5970 7844
5970 492
5970 9244
5970 7853
5970 7854
5970 10604
5970 10605
578 607
578 597
607 597
2417 7267
6204 1162
10524 438
10566 1040
10606 2970
3957 1042
3957 7876
3957 9541
10591 1661
2426 4476
9871 4476
2427 439
353 394
353 6880
353 9059
2428 413
2428 7322
2428 3197
2428 10557
2428 9056
1027 395
2431 380
6205 9045
2432 6309
2433 394
6006 8833
356 2763
4476 1370
597 9253
597 9644
597 10607
597 5588
597 9645
597 5844
597 10608
597 10609
597 10610
597 10611
597 9647
597 1673
597 10612
597 1436
911 4602
911 9891
911 912
911 9892
9024 7108
10613 820
10613 7392
10614 10030
361 1654
2452 6913
10615 10616
4116 7405
4116 4097
4116 1425
4116 4101
2470 7833
2470 10617
10618 4096
7028 10619
10620 2974
9509 8990
6991 8000
7824 10517
2493 439
7029 2516
10621 7111
10622 441
10622 7069
2507 2529
368 411
2514 2568
2514 422
7450 7453
2516 9517
2516 8947
371 806
371 399
371 9535
371 10623
371 2739
371 7671
371 9468
371 2826
371 1546
371 6247
371 7682
371 3111
371 517
371 6925
371 10624
371 547
371 10625
372 806
372 1058
372 2619
372 7290
372 10616
372 475
372 9566
372 3410
373 806
373 1057
373 8753
373 2822
373 9553
373 7311
373 2974
373 5857
373 10626
374 9559
374 10627
10628 394
9692 5864
2528 1066
2531 7312
2532 10629
4505 10630
4505 8190
4505 10631
4505 10632
4508 10507
4508 7271
2546 683
7402 1671
7256 3404
2554 2569
2554 10633
2554 7739
2554 857
2554 4714
2555 540
9095 683
10634 3233
4124 1661
378 439
378 6231
806 393
806 1425
10635 7111
4094 10470
4094 10636
4094 1425
8595 8596
385 2571
388 504
2571 4586
3960 2866
8947 7108
3961 7627
3961 10637
10600 4743
10638 395
10638 1162
10483 2612
10607 690
9521 2991
4528 1106
393 6861
393 10527
393 6876
393 10639
393 10640
393 9585
393 10537
393 10641
394 6232
394 2779
394 5249
394 4692
394 7362
394 3356
394 3519
395 6880
395 10642
396 2933
396 10563
396 9568
396 2989
396 10564
396 3113
396 6262
396 8877
396 4790
397 9470
397 477
397 484
1057 7994
1057 7999
1058 10643
399 2883
399 10644
6860 439
1059 440
1061 438
1061 10645
1061 10646
401 10647
2597 9567
2602 2957
2602 1345
9830 820
8751 2636
10648 10649
10648 6427
10648 10650
7268 10202
7268 10651
1483 9377
1483 10652
1483 10653
10202 1496
10202 10651
6504 10654
6504 9321
6504 10311
6504 10655
6504 7953
6504 10656
10177 10657
10658 5499
4954 1700
4954 6510
4954 5053
6017 5893
5663 10659
8385 5461
3702 4061
3702 6577
10236 5107
3706 1484
3706 6669
10660 9313
10660 1496
1484 5626
1484 10661
5943 9135
5943 4863
5943 10662
8401 10663
8401 7880
8401 1496
8401 3798
8401 10664
8401 10665
8401 10666
3709 1496
9404 4063
5338 10667
1485 6792
1485 10668
1485 6793
1485 10252
1485 10669
6508 10034
8612 5340
1486 3728
5926 5932
3710 419
3710 9338
8785 10670
8785 10671
8785 10672
8785 10673
8785 10674
8785 5946
8785 10675
8785 10676
8785 10677
8785 10678
8785 6819
8785 3841
10679 5049
6511 6512
6661 419
5107 3728
5107 10670
5107 10204
5107 5360
5107 3819
4902 3739
1488 404
8706 10680
1591 10681
8454 5112
3714 3741
2612 10682
2612 10338
2612 10683
2612 10684
2612 9144
2612 10685
2612 8542
1490 10583
6681 3739
9911 5034
10686 9350
10687 9350
5340 8497
5340 10688
5340 9938
5340 10216
5034 6814
5034 6704
5034 5357
5034 846
5034 6708
5034 10689
5034 5452
5034 3835
5034 3843
9444 1496
5108 9394
10208 10690
7942 4906
9350 10691
4964 10345
10188 8405
6517 10254
5038 6760
7943 10692
7943 10693
7943 419
10694 5896
3720 10695
3721 9928
3721 8717
3721 8727
9134 10180
9134 9291
3722 6794
9912 10696
9912 3837
6551 9397
8502 6526
9896 6748
9896 10697
9896 10094
6748 8733
9397 6553
9397 6361
9397 10698
9397 9306
8591 10699
9286 419
10700 3759
8505 5893
8505 5896
8505 10701
6675 815
8682 9293
8586 4538
3726 5111
3726 419
9952 8596
9952 1505
3728 10702
10703 10289
10704 3734
10058 10063
10058 10705
10058 10067
5110 10706
10707 6427
5111 10708
5111 6707
5111 9301
5111 10709
4906 7945
4906 3734
4906 10710
4906 10711
4906 4909
4906 10712
4906 9297
4906 10713
4906 10714
10077 9302
5626 10661
8402 10715
3734 1064
3734 6612
3734 4920
4974 5000
10716 419
9988 1496
10034 1604
10034 10301
10034 10656
2613 10717
2613 10327
5112 4538
3739 4911
9913 5501
9913 5366
9913 10718
9913 10719
6067 6386
4538 1064
4538 1496
4538 10720
4538 9172
4538 9958
4538 3798
4538 6807
4538 8416
4538 10721
4538 10722
4538 6781
4538 10144
5041 10655
6521 1701
4142 3759
3741 10223
3741 6689
3741 8551
3741 10723
9924 493
9357 10724
6524 3787
5893 6388
5893 10725
815 419
815 10345
6780 10726
5447 419
10484 6427
9440 5953
1596 6764
8613 10487
8613 10727
10728 6074
1598 10729
2615 10730
6388 10731
6439 10732
5042 10733
6091 5068
1496 6427
1496 9402
1496 10731
1496 3043
1496 10734
1496 10735
1496 10736
1496 10737
1496 10738
3759 10739
3759 10740
5060 5351
5351 10741
9378 8460
10016 10742
6814 10743
6645 10690
7039 9301
6427 10744
6427 10745
6427 6265
6427 10746
1497 10747
9402 10581
5115 10748
5115 10348
1498 504
5356 10253
7404 1425
9523 438
1066 7605
5836 4553
5836 10749
7833 9822
7833 10602
7833 10750
7833 10751
7833 6918
7833 10752
7833 9147
7833 1439
7833 10604
9653 7409
7862 8762
408 9084
6009 1425
413 10753
10754 2709
10755 820
10755 7392
9528 9836
4553 9532
4553 2860
4553 5852
4553 3183
4553 7349
4553 4780
4553 10756
2650 10757
8950 8815
8950 3113
5588 10758
5588 10759
2664 7107
6866 7108
6868 1151
8752 4810
2673 9176
820 6918
820 9688
820 10760
820 10761
10762 1425
2694 5414
2694 5423
6869 1172
419 10763
419 1502
419 3795
419 10764
419 9441
419 9147
6870 439
2700 1425
421 7380
422 2848
423 3497
431 9598
2704 6251
2710 10765
10766 7069
10546 7071
4569 6892
9536 1151
1654 10767
1654 1657
1654 6255
1654 6926
437 4625
438 10529
438 10768
438 10749
438 6529
438 10769
438 484
438 9570
438 10770
438 10771
438 3073
438 10772
438 9188
438 10536
438 9044
438 3265
438 10542
438 4804
438 10543
438 6945
439 2759
439 2796
439 9260
440 9468
440 10773
441 6881
441 9256
441 4673
441 484
441 6910
441 3235
441 10774
441 10775
441 7440
1094 3075
1094 3104
7392 10776
7392 10617
7392 10777
7392 10778
828 9243
2742 2957
2742 7846
2742 10779
2742 10780
2742 10781
7669 7107
10782 475
451 9259
1102 8789
8988 10783
8988 10784
5668 6241
5668 1185
9836 10785
9836 4761
9228 1309
690 10611
1108 5271
10786 6892
10548 7107
10753 7107
9457 10787
5846 6900
7993 10788
10789 7800
2805 7069
7291 8958
9264 9207
9264 9208
9264 8936
459 3181
8991 3250
9547 4738
5847 6878
6037 1322
6037 10790
6303 6933
1132 10791
1132 10792
5848 2887
1658 1425
10470 4100
9674 8832
2848 5867
2848 8354
9548 476
9549 3331
9549 3351
2856 1345
10793 8959
1546 476
1546 3791
5651 1225
4097 10794
10795 1671
5849 7069
6884 1289
1151 8861
1151 9875
1151 4759
1151 10796
466 553
9687 2877
2877 9832
7409 9271
7800 10797
4640 3061
1162 9592
1162 9608
1162 4749
470 6894
470 10798
470 3330
470 3433
470 6278
10603 492
9138 9268
1166 7069
1166 9191
1166 7108
7054 9581
6529 10799
10800 7104
8956 10473
10801 7107
9470 10802
476 3165
476 3190
476 9192
476 3465
477 10803
478 3287
1172 5395
1172 8868
1172 10804
1172 3535
8957 7069
2919 2970
10552 7069
7844 4743
3964 504
9661 1425
5393 9083
5393 5863
5393 8324
5393 10805
5393 10806
1200 4792
1200 890
1200 10807
1200 9262
1200 8873
10808 7096
4673 7109
9201 10809
2957 10810
2957 9858
2969 3039
2969 4767
2970 8921
2970 10811
2970 7625
2970 7118
2970 8770
5218 1425
10812 3157
7410 10813
484 9651
9178 7107
7452 10814
7679 7069
7679 7111
2991 9827
7846 10815
7846 10752
7846 7854
9859 7108
3001 7069
8959 10586
3003 10816
4689 1222
4690 8372
6251 4756
6251 10756
6251 5421
1425 6909
1425 10817
1425 858
1425 1668
1425 10818
1425 10819
1425 10820
9577 10821
9482 9483
9482 9209
9482 9101
10822 9048
4910 10712
8460 10823
8529 10824
5880 8922
5880 8571
5049 4993
10729 10301
8461 10825
10826 10114
6074 10827
10828 8656
9143 9964
5481 8728
8733 10829
6255 10830
5121 5123
5122 10831
8596 1505
8596 10832
10487 10833
7069 4701
7069 7082
7069 10834
7069 10554
7069 3155
7069 3197
7069 10835
7069 8798
7069 10836
7069 10837
7070 7749
10727 10114
10838 10030
8618 5180
6782 10839
10840 3839
10839 8417
10751 4743
3050 10592
3061 10841
9583 6912
6912 7904
4707 6957
10842 7108
4708 10843
9588 3213
7085 10496
505 3492
505 10844
4713 7110
9855 8936
1251 4753
9072 3153
1673 10845
1673 10846
9234 1309
3224 10847
3231 7750
10848 10810
4741 3299
8798 7107
10849 10457
8189 8192
10850 6941
10851 8191
8191 7356
9718 10852
10853 10854
7965 9194
10810 10855
10854 7107
536 3468
9049 7107
7103 7110
6271 3435
6047 9619
6993 3525
1342 10856
1342 10857
1342 7382
555 10858
8936 9105
8936 9106
