11051 22724
0 1
0 2
0 3
0 4
0 5
0 6
0 7
0 8
0 9
0 10
0 11
0 12
0 13
0 14
0 15
0 16
0 17
0 18
0 19
0 20
0 21
0 22
0 23
0 24
0 25
0 26
0 27
0 28
0 29
0 30
0 31
0 32
0 33
0 34
0 35
0 36
0 37
0 38
0 39
0 40
0 41
0 42
0 43
0 44
0 45
0 46
0 47
0 48
0 49
0 50
0 51
0 52
0 53
0 54
0 55
0 56
0 57
0 58
0 59
0 60
0 61
0 62
0 63
0 64
0 65
0 66
0 67
0 68
0 69
0 70
0 71
0 72
0 73
0 74
0 75
0 76
0 77
0 78
0 79
0 80
0 81
0 82
0 83
0 84
0 85
0 86
0 87
0 88
0 89
0 90
0 91
0 92
0 93
0 94
0 95
0 96
0 97
0 98
0 99
0 100
0 101
0 102
0 103
0 104
0 105
0 106
0 107
0 108
0 109
0 110
0 111
0 112
0 113
0 114
0 115
0 116
0 117
0 118
0 119
0 120
0 121
0 122
0 123
0 124
0 125
0 126
0 127
0 128
0 129
0 130
0 131
0 132
0 133
0 134
0 135
0 136
0 137
0 138
0 139
0 140
0 141
0 142
0 143
0 144
0 145
0 146
0 147
0 148
0 149
0 150
0 151
0 152
0 153
0 154
0 155
0 156
0 157
0 158
0 159
0 160
0 161
0 162
0 163
0 164
0 165
0 166
0 167
0 168
0 169
0 170
0 171
0 172
0 173
0 174
0 175
0 176
0 177
0 178
0 179
0 180
0 181
0 182
0 183
0 184
0 185
0 186
0 187
0 188
0 189
0 190
0 191
0 192
0 193
0 194
0 195
0 196
0 197
0 198
0 199
0 200
0 201
0 202
0 203
0 204
0 205
0 206
0 207
0 208
0 209
0 210
0 211
0 212
0 213
0 214
0 215
0 216
0 217
0 218
0 219
0 220
0 221
0 222
0 223
0 224
0 225
0 226
0 227
0 228
0 229
0 230
0 231
0 232
0 233
0 234
0 235
0 236
0 237
0 238
0 239
0 240
0 241
0 242
0 243
0 244
0 245
0 246
0 247
0 248
0 249
0 250
0 251
0 252
0 253
0 254
0 255
0 256
0 257
0 258
0 259
0 260
0 261
0 262
0 263
0 264
0 265
0 266
0 267
0 268
0 269
0 270
0 271
0 272
0 273
0 274
0 275
0 276
0 277
0 278
0 279
0 280
0 281
0 282
0 283
0 284
0 285
0 286
0 287
0 288
0 289
0 290
0 291
0 292
0 293
0 294
0 295
0 296
0 297
0 298
0 299
0 300
0 301
0 302
0 303
0 304
0 305
0 306
0 307
0 308
0 309
0 310
0 311
0 312
0 313
0 314
0 315
0 316
0 317
0 318
0 319
0 320
0 321
0 322
0 323
0 324
0 325
0 326
0 327
0 328
0 329
0 330
0 331
0 332
0 333
0 334
0 335
0 336
0 337
0 338
0 339
0 340
0 341
0 342
0 343
0 344
0 345
0 346
0 347
0 348
0 349
0 350
0 351
0 352
0 353
0 354
0 355
0 356
0 357
0 358
0 359
0 360
0 361
0 362
0 363
0 364
0 365
0 366
0 367
0 368
0 369
0 370
0 371
0 372
0 373
0 374
0 375
0 376
0 377
0 378
0 379
0 380
0 381
0 382
0 383
0 384
0 385
0 386
0 387
0 388
0 389
0 390
0 391
0 392
0 393
0 394
0 395
0 396
0 397
0 398
0 399
0 400
0 401
0 402
0 403
0 404
0 405
0 406
0 407
0 408
0 409
0 410
0 411
0 412
0 413
0 414
0 415
0 416
0 417
0 418
0 419
0 420
0 421
0 422
0 423
0 424
0 425
0 426
0 427
0 428
0 429
0 430
0 431
0 432
0 433
0 434
0 435
0 436
0 437
0 438
0 439
0 440
0 441
0 442
0 443
0 444
0 445
0 446
0 447
0 448
0 449
0 450
0 451
0 452
0 453
0 454
0 455
0 456
0 457
0 458
0 459
0 460
0 461
0 462
0 463
0 464
0 465
0 466
0 467
0 468
0 469
0 470
0 471
0 472
0 473
0 474
0 475
0 476
0 477
0 478
0 479
0 480
0 481
0 482
0 483
0 484
0 485
0 486
0 487
0 488
0 489
0 490
0 491
0 492
0 493
0 494
0 495
0 496
0 497
0 498
0 499
0 500
0 501
0 502
0 503
0 504
0 505
0 506
0 507
0 508
0 509
0 510
0 511
0 512
0 513
0 514
0 515
0 516
0 517
0 518
0 519
0 520
0 521
0 522
0 523
0 524
0 525
0 526
0 527
0 528
0 529
0 530
0 531
0 532
0 533
0 534
0 535
0 536
0 537
0 538
0 539
0 540
0 541
0 542
0 543
0 544
0 545
0 546
0 547
0 548
0 549
0 550
0 551
0 552
0 553
0 554
0 555
0 556
0 557
0 558
0 559
0 560
0 561
0 562
563 564
1 26
1 565
566 567
568 31
568 37
568 569
568 83
570 571
572 62
572 573
574 575
576 577
578 579
578 580
578 581
582 583
582 196
584 579
584 580
584 581
584 585
586 26
587 31
587 588
589 590
589 588
591 579
591 580
591 83
591 581
592 593
592 594
592 196
595 27
595 596
595 292
595 588
597 598
599 580
599 581
600 21
600 601
602 565
603 22
603 567
2 7
2 60
2 604
2 116
2 605
2 606
2 598
607 31
607 60
607 62
607 83
607 116
607 163
608 101
608 588
609 610
609 196
3 26
3 611
3 62
3 69
3 116
3 163
3 292
3 588
612 27
613 26
613 580
614 26
615 579
615 186
615 188
616 567
4 196
4 415
617 31
618 26
618 77
619 567
620 621
622 623
622 624
622 99
622 125
622 625
622 626
622 588
627 26
627 51
627 87
627 292
627 588
628 26
6 579
6 601
7 16
7 31
7 629
7 630
7 188
7 631
632 633
632 634
632 635
636 637
638 639
638 640
638 162
641 54
641 642
643 31
644 21
644 31
644 37
644 645
644 588
644 646
644 647
644 648
649 196
650 610
650 196
651 188
651 652
653 579
653 62
653 188
8 654
8 196
9 31
655 579
655 581
656 657
658 579
659 660
661 662
637 31
637 37
637 62
637 663
637 664
637 188
637 196
637 665
637 666
637 667
637 588
637 668
637 669
637 670
637 671
637 672
637 673
637 674
675 37
675 601
10 26
10 60
10 62
10 83
10 585
10 292
10 588
676 99
676 588
676 677
11 31
11 678
11 679
11 37
11 44
11 52
11 188
680 21
680 565
681 84
682 37
682 188
683 31
683 125
683 188
684 22
684 27
684 567
685 567
686 687
686 196
688 689
688 690
688 691
688 692
12 31
13 31
13 188
579 693
579 26
579 31
579 654
579 694
579 695
579 696
579 577
579 697
579 698
579 699
579 700
579 701
579 702
579 703
579 575
579 704
579 625
579 705
579 642
579 181
579 706
579 292
579 601
579 588
579 707
579 708
579 709
579 710
711 196
712 679
712 713
712 714
712 715
712 716
712 717
712 634
712 718
712 719
14 31
14 37
720 29
720 721
15 21
15 26
15 292
15 588
722 723
722 188
724 84
725 726
725 53
725 121
725 727
16 21
16 728
16 729
16 31
16 678
16 730
16 37
16 731
16 732
16 44
16 47
16 733
16 734
16 735
16 736
16 58
16 60
16 62
16 73
16 737
16 83
16 84
16 90
16 738
16 739
16 103
16 716
16 106
16 740
16 116
16 741
16 742
16 743
16 137
16 744
16 745
16 746
16 747
16 748
16 749
16 750
16 751
16 752
16 162
16 753
16 179
16 754
16 188
16 755
16 756
16 757
16 758
16 759
16 760
16 761
16 253
16 762
16 763
16 764
16 254
16 765
16 257
16 766
16 767
16 768
16 769
16 770
16 771
16 772
16 773
16 774
16 775
16 776
16 777
16 778
16 779
16 780
16 781
16 782
16 783
16 784
16 785
16 786
16 787
16 788
16 789
16 790
16 791
16 792
16 793
16 794
16 795
16 796
16 797
16 798
16 799
16 800
16 801
16 802
16 803
16 804
16 805
16 806
16 807
16 808
16 809
16 810
16 811
16 812
16 813
16 814
16 815
16 816
16 817
16 818
16 819
16 820
16 821
16 822
16 823
16 824
16 825
16 826
16 827
16 828
16 829
16 830
16 831
16 832
16 833
16 834
16 835
16 836
16 837
16 838
16 839
16 840
16 499
16 841
16 842
16 843
16 844
16 505
16 845
16 846
16 847
16 848
16 849
16 850
16 851
16 852
16 523
16 853
16 854
16 855
16 856
16 857
16 858
16 859
16 860
16 861
16 862
16 863
16 864
16 865
16 866
16 867
16 868
16 869
16 870
16 871
16 872
16 873
16 874
16 875
16 876
16 877
16 878
879 196
880 601
881 26
881 84
882 883
882 588
882 677
693 26
693 884
693 732
693 885
693 886
693 567
693 588
887 188
18 31
18 888
18 889
18 890
18 891
18 892
18 893
18 894
18 895
18 896
18 897
19 898
19 899
20 900
901 186
902 654
21 903
21 728
21 26
21 27
21 904
21 905
21 906
21 29
21 31
21 907
21 37
21 908
21 41
21 577
21 909
21 910
21 45
21 911
21 912
21 913
21 914
21 915
21 916
21 58
21 917
21 918
21 60
21 62
21 919
21 920
21 921
21 69
21 73
21 77
21 83
21 922
21 84
21 88
21 923
21 924
21 925
21 102
21 103
21 926
21 927
21 928
21 929
21 113
21 930
21 119
21 931
21 932
21 125
21 933
21 132
21 134
21 934
21 935
21 936
21 937
21 938
21 939
21 940
21 941
21 942
21 943
21 944
21 146
21 945
21 946
21 155
21 157
21 947
21 948
21 162
21 163
21 949
21 950
21 951
21 952
21 953
21 175
21 954
21 955
21 956
21 957
21 590
21 958
21 959
21 960
21 961
21 962
21 963
21 186
21 187
21 188
21 964
21 189
21 965
21 966
21 967
21 192
21 968
21 199
21 200
21 204
21 969
21 220
21 221
21 970
21 971
21 972
21 973
21 974
21 975
21 236
21 237
21 976
21 977
21 978
21 979
21 243
21 244
21 245
21 246
21 980
21 981
21 982
21 983
21 984
21 985
21 986
21 987
21 988
21 989
21 565
21 990
21 991
21 992
21 993
21 289
21 994
21 995
21 996
21 997
21 998
21 300
21 301
21 302
21 303
21 999
21 1000
21 1001
21 1002
21 1003
21 1004
21 1005
21 317
21 318
21 319
21 320
21 1006
21 1007
21 1008
21 1009
21 1010
21 1011
21 1012
21 335
21 567
21 598
21 1013
21 339
21 1014
21 340
21 1015
21 1016
21 1017
21 1018
21 1019
21 1020
21 1021
21 1022
21 355
21 356
21 357
21 1023
21 1024
21 1025
21 1026
21 1027
21 1028
21 1029
21 1030
21 1031
21 1032
21 1033
21 1034
21 1035
21 1036
21 1037
21 1038
21 1039
21 377
21 379
21 380
21 1040
21 383
21 1041
21 1042
21 1043
21 384
21 1044
21 1045
21 1046
21 1047
21 1048
21 1049
21 1050
21 1051
21 1052
21 1053
21 1054
21 1055
21 1056
21 1057
21 1058
21 1059
21 1060
21 398
21 1061
21 1062
21 1063
21 1064
21 1065
21 401
21 402
21 403
21 404
21 406
21 407
21 408
21 409
21 410
21 411
21 412
21 1066
21 414
21 1067
21 1068
21 1069
21 1070
21 1071
21 1072
21 1073
21 1074
21 421
21 1075
21 1076
21 1077
21 1078
21 1079
21 1080
21 1081
21 1082
21 1083
21 1084
21 1085
21 1086
21 1087
21 1088
21 1089
21 1090
21 1091
21 1092
21 1093
21 1094
21 1095
21 811
21 1096
21 1097
21 1098
21 1099
21 1100
21 1101
21 1102
21 1103
21 1104
21 1105
21 1106
21 1107
21 1108
21 1109
21 1110
21 1111
21 1112
21 647
21 1113
21 1114
21 1115
21 1116
21 1117
21 1118
21 1119
21 1120
21 1121
21 1122
21 1123
21 1124
21 1125
21 1126
21 1127
21 1128
21 448
21 1129
21 1130
21 1131
21 1132
21 1133
21 1134
21 1135
21 1136
21 1137
21 1138
21 1139
21 1140
21 1141
21 1142
21 1143
21 1144
21 1145
21 1146
21 1147
21 1148
21 1149
21 1150
21 1151
21 460
21 462
21 1152
21 1153
21 1154
21 1155
21 1156
21 1157
21 1158
21 1159
21 1160
21 1161
21 1162
21 1163
21 1164
21 1165
21 1166
21 1167
21 1168
21 1169
21 1170
21 1171
21 1172
21 1173
21 1174
21 1175
21 1176
21 1177
21 1178
21 1179
21 1180
21 1181
21 1182
21 1183
21 1184
21 1185
21 1186
21 1187
21 1188
21 1189
21 1190
21 1191
21 1192
21 1193
21 1194
21 1195
21 1196
21 1197
21 1198
21 1199
21 1200
21 1201
21 1202
21 1203
21 1204
21 1205
21 1206
21 1207
21 1208
21 1209
21 1210
21 1211
21 1212
21 1213
21 1214
21 1215
21 1216
21 1217
21 1218
21 1219
21 1220
21 1221
21 1222
21 1223
21 1224
21 1225
21 1226
21 1227
21 489
21 1228
21 1229
21 1230
21 1231
21 1232
21 1233
21 1234
21 1235
21 1236
21 1237
21 1238
21 1239
21 1240
21 1241
21 1242
21 1243
21 844
21 1244
21 1245
21 1246
21 1247
21 503
21 1248
21 1249
21 1250
21 1251
21 1252
21 1253
21 1254
21 1255
21 1256
21 1257
21 1258
21 1259
21 1260
21 1261
21 1262
21 1263
21 1264
21 1265
21 1266
21 1267
21 1268
21 1269
21 1270
21 1271
21 1272
21 1273
21 1274
21 1275
21 1276
21 1277
21 1278
21 1279
21 1280
21 1281
21 1282
21 1283
21 1284
21 1285
21 1286
21 1287
21 1288
21 1289
21 1290
21 1291
21 1292
21 1293
21 1294
21 1295
21 1296
21 1297
21 1298
21 1299
21 1300
21 1301
21 1302
21 1303
21 1304
21 1305
21 1306
21 1307
21 1308
21 530
21 1309
21 1310
21 1311
21 1312
21 1313
21 1314
21 1315
21 1316
21 1317
21 1318
21 1319
21 1320
21 1321
21 1322
21 1323
21 1324
21 1325
21 1326
21 1327
21 538
21 1328
21 1329
21 1330
21 863
21 1331
21 1332
21 1333
21 1334
21 1335
21 1336
21 1337
21 1338
21 1339
21 1340
21 1341
21 1342
21 552
21 1343
21 1344
21 1345
21 1346
21 1347
21 554
21 1348
21 1349
21 1350
21 1351
21 1352
21 1353
21 1354
21 1355
21 1356
21 1357
21 1358
21 1359
21 1360
21 1361
21 1362
21 1363
21 1364
21 1365
21 1366
21 1367
21 1368
21 1369
21 1370
21 1371
21 1372
21 1373
21 1374
21 1375
21 1376
1377 37
1377 99
1377 1378
1377 1379
1377 588
1380 654
1381 1382
1381 1383
1381 1384
1385 1386
1385 972
1385 588
22 60
22 62
22 1387
22 116
22 1388
22 1389
22 1390
22 1391
22 1392
22 163
22 1393
22 1394
1395 1396
1397 62
903 1398
903 26
903 58
903 1399
903 62
903 79
903 84
903 137
903 162
903 163
903 588
903 1400
903 1293
903 1316
1398 37
1401 1402
1403 37
1404 196
1405 654
1406 196
1407 62
1408 157
1409 27
1409 1410
1411 1412
1411 162
1411 1413
1411 1414
1411 1415
1416 654
1417 62
1417 1418
1417 1419
1417 162
1417 1420
1417 1421
1417 1422
1417 1423
1417 1424
1417 1425
1417 1426
24 1427
24 1428
24 1429
728 1430
728 1431
728 1432
728 1433
728 1434
728 1435
728 44
728 1436
728 629
728 1437
728 1438
728 1439
728 1440
728 1441
728 1442
728 50
728 1382
728 1443
728 1444
728 1445
728 1446
728 69
728 1447
728 1448
728 1449
728 1450
728 1451
728 1452
728 84
728 1453
728 1454
728 1455
728 1456
728 1457
728 163
728 1458
728 1459
728 1460
728 1461
728 1462
728 1463
728 1464
728 1465
728 1466
728 1467
728 254
728 1468
728 1023
728 1469
728 1470
728 1471
728 1472
728 1473
728 1474
728 1475
728 1476
728 1477
728 1478
728 1479
728 1046
728 1480
728 1481
728 1482
728 1483
728 1484
728 1485
728 1486
728 1487
728 1488
728 1489
728 1490
728 1491
728 1492
728 1493
1494 1495
1494 1496
1494 1497
1498 62
1499 26
1500 26
26 27
26 1501
26 28
26 904
26 905
26 29
26 583
26 1502
26 30
26 31
26 571
26 37
26 732
26 43
26 45
26 1503
26 697
26 1504
26 52
26 1505
26 915
26 54
26 55
26 1383
26 1506
26 58
26 60
26 62
26 1507
26 69
26 72
26 73
26 1508
26 1509
26 1510
26 1511
26 1512
26 79
26 83
26 84
26 604
26 95
26 101
26 102
26 103
26 1513
26 106
26 111
26 115
26 116
26 118
26 119
26 1514
26 125
26 1515
26 131
26 132
26 630
26 1516
26 137
26 585
26 1517
26 1518
26 144
26 145
26 149
26 1519
26 155
26 752
26 160
26 1520
26 1521
26 1522
26 162
26 163
26 1413
26 171
26 178
26 1523
26 188
26 1386
26 196
26 1524
26 1525
26 217
26 227
26 1526
26 234
26 692
26 1527
26 1528
26 1529
26 292
26 311
26 316
26 567
26 598
26 588
26 1530
26 369
26 1052
26 1531
26 1532
1533 157
27 31
27 37
27 1534
27 1535
27 1536
27 732
27 1537
27 697
27 1538
27 58
27 60
27 62
27 73
27 83
27 84
27 103
27 116
27 1539
27 585
27 752
27 162
27 163
27 1413
27 188
27 218
27 254
27 1540
27 588
27 1410
1541 196
1542 567
1543 62
1543 573
593 1544
593 1545
593 1546
593 196
1547 196
729 162
729 1413
729 1414
729 1548
1501 1549
28 60
28 116
28 691
28 692
28 292
28 588
1550 654
687 654
1551 654
1552 1553
1554 654
1555 654
1556 1396
1557 1396
1553 48
1558 48
1559 654
1560 48
904 1561
904 60
904 116
904 254
904 691
904 292
904 588
1430 1562
1430 69
1430 116
1430 1563
1430 163
1430 1564
1430 1565
1430 1566
1430 1567
1430 1568
1430 1569
1430 254
1430 1570
1430 1468
1430 1571
1430 1572
1430 1573
1430 1574
1430 1575
1430 1576
1430 1577
1430 1578
1430 1579
1430 1580
1430 1581
1430 1582
1430 1583
1430 1584
1430 1585
1430 1586
1430 1587
1588 196
1588 1589
1590 1591
1592 31
1592 118
1402 906
1402 1593
1402 1594
1402 1595
1402 162
1402 1413
1402 1596
1402 1597
1402 1598
1402 1599
1402 1600
1562 1601
1602 84
1602 196
1603 31
1603 565
1604 71
1604 1605
1604 1606
1604 254
1604 691
1604 692
1604 400
1607 73
1608 1591
905 654
905 1396
905 37
905 1609
905 732
905 48
905 58
905 62
905 84
905 102
905 106
905 1610
905 752
905 163
1611 654
906 1612
906 31
906 1613
906 1614
906 1615
906 37
906 1616
906 60
906 83
906 84
906 1617
906 116
906 1618
906 1619
906 162
906 163
906 1413
906 170
906 1620
906 1621
906 1622
906 1623
906 1624
906 1625
906 251
906 1626
906 1627
906 1628
906 1629
906 1630
906 1631
906 1632
906 1633
906 793
906 1634
906 1635
906 1636
906 1637
906 1638
906 1639
906 1640
906 1641
906 1642
906 1643
906 1644
906 1645
906 1646
906 1647
906 1648
906 1649
906 1650
906 1651
906 1652
906 1653
1654 1655
1656 196
29 37
29 1536
29 60
29 721
29 69
29 83
29 84
29 116
29 126
29 585
29 1657
29 254
29 292
29 1658
29 1659
29 1129
29 1660
29 1661
29 1662
1663 1615
1663 1413
1663 1664
1665 1396
1666 654
1666 1667
1668 1396
1669 654
1669 1396
1670 1396
1671 31
1671 610
1672 48
1673 1674
583 37
583 732
583 62
583 84
583 106
583 585
583 163
583 188
583 196
583 588
1675 1676
1675 1677
1678 1679
1678 1440
1495 1680
1495 1681
1495 69
1495 163
1495 179
1495 1682
1495 1683
1495 254
1495 691
1495 692
1495 1468
1495 1684
1495 1685
1686 120
1502 60
1502 62
1502 69
1502 83
1502 116
1502 126
1502 585
1502 163
1502 218
1502 292
1502 588
1502 1532
1687 1620
1688 84
1689 31
1689 1690
1689 1691
1689 1692
1689 1693
1689 1694
1689 1695
1689 1696
1689 1697
1689 1698
1689 1699
1689 1700
1689 1701
1689 1549
1689 1702
1689 1703
1689 1704
1689 1705
30 116
30 588
1706 188
31 678
31 726
31 1707
31 1708
31 1709
31 32
31 1710
31 1711
31 1712
31 1713
31 1714
31 639
31 1715
31 37
31 1716
31 1717
31 1718
31 1719
31 1720
31 41
31 1721
31 1722
31 1723
31 1724
31 42
31 1725
31 1726
31 732
31 1727
31 43
31 44
31 909
31 1728
31 660
31 1729
31 1730
31 1731
31 47
31 1732
31 1733
31 1734
31 1735
31 1736
31 1737
31 1738
31 1504
31 1739
31 1740
31 913
31 914
31 1741
31 1742
31 1743
31 1744
31 1745
31 1746
31 52
31 915
31 1747
31 1748
31 54
31 55
31 56
31 723
31 1749
31 1750
31 1496
31 58
31 1751
31 1752
31 1753
31 1754
31 1755
31 1756
31 60
31 1757
31 61
31 1758
31 1759
31 1760
31 62
31 919
31 1761
31 63
31 64
31 920
31 921
31 1762
31 1763
31 65
31 69
31 1764
31 73
31 74
31 1765
31 1766
31 1767
31 1768
31 79
31 1769
31 80
31 1770
31 81
31 83
31 1771
31 922
31 84
31 1772
31 1773
31 85
31 1774
31 1775
31 1776
31 1777
31 1778
31 1779
31 88
31 699
31 1780
31 1781
31 1782
31 1783
31 1784
31 1785
31 90
31 1786
31 1787
31 1788
31 94
31 1789
31 1790
31 1791
31 1792
31 1793
31 95
31 1794
31 1795
31 1796
31 1797
31 1798
31 1799
31 1800
31 97
31 1801
31 1802
31 100
31 101
31 1803
31 1804
31 738
31 102
31 1805
31 103
31 104
31 1806
31 1807
31 1808
31 1809
31 1810
31 1513
31 1811
31 1812
31 1813
31 106
31 1814
31 1815
31 1427
31 1816
31 1817
31 108
31 1818
31 109
31 1819
31 1820
31 110
31 1821
31 1822
31 111
31 112
31 1823
31 1824
31 1825
31 1826
31 1827
31 1828
31 1829
31 1830
31 1831
31 115
31 1832
31 1833
31 1834
31 1835
31 1836
31 116
31 1837
31 117
31 1838
31 1839
31 118
31 1840
31 1841
31 741
31 119
31 1842
31 1843
31 1844
31 1845
31 1846
31 1847
31 1848
31 634
31 120
31 1849
31 121
31 1850
31 1851
31 931
31 1852
31 1853
31 1854
31 1855
31 1856
31 1857
31 932
31 1858
31 1859
31 1860
31 122
31 1861
31 1862
31 1863
31 1864
31 1865
31 1866
31 1867
31 1868
31 1869
31 1870
31 1871
31 1872
31 125
31 1873
31 1874
31 933
31 1875
31 1876
31 575
31 1877
31 126
31 1878
31 1879
31 127
31 128
31 1880
31 1881
31 132
31 1882
31 1883
31 133
31 1884
31 630
31 134
31 1885
31 1886
31 1887
31 1888
31 1889
31 1890
31 1891
31 937
31 1892
31 1893
31 1894
31 1895
31 1896
31 139
31 1897
31 1898
31 1899
31 1900
31 1901
31 1902
31 1903
31 1904
31 1905
31 140
31 1906
31 1907
31 1908
31 1909
31 1910
31 1911
31 1912
31 1913
31 1539
31 1914
31 1915
31 1916
31 585
31 939
31 1917
31 1657
31 1918
31 1919
31 1518
31 1920
31 143
31 941
31 1921
31 144
31 1922
31 942
31 1618
31 747
31 943
31 944
31 146
31 945
31 1923
31 1924
31 1925
31 1926
31 1927
31 147
31 1928
31 1929
31 148
31 1930
31 1931
31 1519
31 1932
31 151
31 152
31 1933
31 1934
31 946
31 1935
31 1936
31 1937
31 1938
31 1939
31 1619
31 1940
31 1941
31 1942
31 751
31 1943
31 1944
31 1945
31 1946
31 1947
31 1948
31 1949
31 1950
31 1951
31 1952
31 1953
31 1954
31 1955
31 1956
31 1957
31 1958
31 159
31 752
31 1959
31 160
31 1960
31 1961
31 1962
31 1963
31 1964
31 161
31 1965
31 892
31 1966
31 1967
31 162
31 1968
31 1969
31 163
31 1970
31 164
31 1971
31 165
31 1972
31 1973
31 1974
31 1975
31 1976
31 1977
31 1978
31 1420
31 167
31 1979
31 1980
31 950
31 1981
31 1982
31 1983
31 1984
31 1985
31 1986
31 1414
31 169
31 1987
31 1988
31 1989
31 170
31 172
31 1990
31 1991
31 174
31 1992
31 1993
31 952
31 1994
31 1995
31 1996
31 175
31 1997
31 1998
31 1999
31 2000
31 176
31 2001
31 2002
31 2003
31 178
31 179
31 2004
31 2005
31 2006
31 955
31 956
31 2007
31 181
31 2008
31 2009
31 958
31 2010
31 2011
31 959
31 182
31 961
31 2012
31 2013
31 2014
31 183
31 2015
31 962
31 185
31 2016
31 188
31 964
31 2017
31 2018
31 2019
31 2020
31 2021
31 2022
31 2023
31 966
31 2024
31 2025
31 967
31 2026
31 2027
31 2028
31 2029
31 2030
31 2031
31 2032
31 2033
31 2034
31 192
31 2035
31 2036
31 2037
31 2038
31 195
31 2039
31 2040
31 2041
31 198
31 2042
31 1524
31 201
31 2043
31 2044
31 2045
31 2046
31 2047
31 2048
31 2049
31 203
31 2050
31 204
31 205
31 206
31 2051
31 2052
31 2053
31 2054
31 2055
31 208
31 2056
31 2057
31 2058
31 2059
31 210
31 2060
31 2061
31 211
31 2062
31 2063
31 2064
31 2065
31 2066
31 2067
31 2068
31 2069
31 214
31 2070
31 2071
31 2072
31 2073
31 215
31 2074
31 2075
31 969
31 2076
31 898
31 2077
31 2078
31 2079
31 2080
31 2081
31 2082
31 2083
31 2084
31 2085
31 757
31 2086
31 221
31 2087
31 2088
31 2089
31 2090
31 2091
31 2092
31 2093
31 1623
31 2094
31 2095
31 1624
31 2096
31 222
31 2097
31 2098
31 2099
31 2100
31 2101
31 2102
31 972
31 2103
31 2104
31 224
31 225
31 2105
31 2106
31 2107
31 2108
31 2109
31 2110
31 2111
31 2112
31 2113
31 2114
31 226
31 2115
31 2116
31 2117
31 227
31 228
31 2118
31 2119
31 2120
31 2121
31 2122
31 1526
31 2123
31 2124
31 233
31 234
31 2125
31 235
31 2126
31 2127
31 2128
31 2129
31 2130
31 977
31 2131
31 2132
31 1667
31 2133
31 2134
31 239
31 2135
31 2136
31 2137
31 2138
31 2139
31 240
31 2140
31 2141
31 241
31 2142
31 247
31 2143
31 2144
31 2145
31 2146
31 2147
31 2148
31 2149
31 2150
31 2151
31 249
31 2152
31 2153
31 2154
31 2155
31 2156
31 2157
31 2158
31 2159
31 2160
31 2161
31 2162
31 1466
31 2163
31 2164
31 2165
31 2166
31 2167
31 2168
31 2169
31 254
31 255
31 256
31 692
31 2170
31 2171
31 2172
31 2173
31 2174
31 2175
31 2176
31 2177
31 2178
31 2179
31 2180
31 2181
31 980
31 2182
31 2183
31 2184
31 2185
31 2186
31 2187
31 2188
31 2189
31 2190
31 2191
31 2192
31 2193
31 2194
31 2195
31 2196
31 2197
31 2198
31 2199
31 2200
31 2201
31 2202
31 261
31 2203
31 2204
31 2205
31 2206
31 2207
31 2208
31 2209
31 2210
31 2211
31 2212
31 2213
31 2214
31 2215
31 2216
31 2217
31 2218
31 2219
31 2220
31 2221
31 2222
31 983
31 2223
31 767
31 2224
31 768
31 2225
31 2226
31 984
31 270
31 2227
31 2228
31 2229
31 2230
31 2231
31 2232
31 2233
31 2234
31 2235
31 2236
31 621
31 2237
31 2238
31 2239
31 2240
31 273
31 2241
31 2242
31 274
31 275
31 2243
31 2244
31 2245
31 2246
31 2247
31 2248
31 2249
31 2250
31 277
31 279
31 2251
31 2252
31 2253
31 2254
31 2255
31 2256
31 2257
31 2258
31 282
31 283
31 2259
31 990
31 2260
31 2261
31 2262
31 2263
31 2264
31 2265
31 285
31 2266
31 2267
31 2268
31 2269
31 2270
31 2271
31 2272
31 2273
31 2274
31 993
31 2275
31 2276
31 2277
31 2278
31 2279
31 2280
31 2281
31 2282
31 2283
31 995
31 2284
31 293
31 2285
31 2286
31 294
31 295
31 2287
31 2288
31 296
31 996
31 997
31 2289
31 2290
31 297
31 2291
31 2292
31 2293
31 2294
31 2295
31 2296
31 2297
31 2298
31 2299
31 2300
31 998
31 2301
31 2302
31 2303
31 2304
31 2305
31 2306
31 300
31 2307
31 2308
31 2309
31 301
31 302
31 303
31 304
31 773
31 999
31 2310
31 2311
31 305
31 2312
31 306
31 774
31 2313
31 2314
31 2315
31 2316
31 2317
31 2318
31 2319
31 2320
31 1000
31 2321
31 307
31 2322
31 2323
31 2324
31 2325
31 2326
31 2327
31 2328
31 2329
31 2330
31 2331
31 2332
31 2333
31 2334
31 2335
31 2336
31 1003
31 2337
31 2338
31 2339
31 1628
31 314
31 2340
31 2341
31 2342
31 2343
31 1005
31 315
31 2344
31 2345
31 2346
31 2347
31 2348
31 2349
31 2350
31 2351
31 2352
31 2353
31 2354
31 2355
31 2356
31 2357
31 2358
31 2359
31 2360
31 2361
31 2362
31 2363
31 2364
31 2365
31 2366
31 2367
31 2368
31 2369
31 2370
31 2371
31 2372
31 2373
31 322
31 2374
31 2375
31 2376
31 2377
31 1008
31 2378
31 2379
31 2380
31 2381
31 2382
31 2383
31 1010
31 2384
31 2385
31 326
31 2386
31 327
31 2387
31 777
31 2388
31 2389
31 331
31 2390
31 2391
31 2392
31 2393
31 2394
31 2395
31 2396
31 778
31 2397
31 2398
31 2399
31 2400
31 333
31 2401
31 2402
31 2403
31 2404
31 2405
31 2406
31 2407
31 336
31 2408
31 2409
31 2410
31 337
31 2411
31 2412
31 2413
31 2414
31 2415
31 2416
31 2417
31 1013
31 2418
31 2419
31 2420
31 780
31 1014
31 2421
31 2422
31 781
31 2423
31 2424
31 341
31 2425
31 2426
31 2427
31 2428
31 2429
31 2430
31 1016
31 2431
31 2432
31 2433
31 2434
31 344
31 2435
31 2436
31 2437
31 564
31 2438
31 2439
31 2440
31 2441
31 2442
31 1017
31 2443
31 2444
31 2445
31 2446
31 2447
31 2448
31 2449
31 2450
31 2451
31 2452
31 2453
31 2454
31 2455
31 2456
31 2457
31 2458
31 2459
31 2460
31 2461
31 2462
31 1018
31 2463
31 2464
31 2465
31 2466
31 2467
31 2468
31 2469
31 2470
31 350
31 2471
31 2472
31 2473
31 2474
31 2475
31 351
31 707
31 2476
31 2477
31 2478
31 2479
31 2480
31 2481
31 2482
31 2483
31 2484
31 1020
31 2485
31 2486
31 2487
31 2488
31 2489
31 2490
31 2491
31 2492
31 2493
31 2494
31 2495
31 2496
31 2497
31 2498
31 2499
31 2500
31 2501
31 2502
31 785
31 2503
31 2504
31 2505
31 2506
31 2507
31 353
31 2508
31 2509
31 2510
31 2511
31 2512
31 355
31 356
31 357
31 2513
31 358
31 2514
31 2515
31 2516
31 2517
31 2518
31 2519
31 2520
31 2521
31 2522
31 2523
31 2524
31 2525
31 2526
31 2527
31 1530
31 2528
31 361
31 2529
31 2530
31 2531
31 2532
31 2533
31 2534
31 787
31 2535
31 2536
31 2537
31 2538
31 2539
31 2540
31 2541
31 2542
31 2543
31 2544
31 788
31 2545
31 2546
31 2547
31 2548
31 2549
31 2550
31 2551
31 2552
31 2553
31 2554
31 2555
31 2556
31 2557
31 2558
31 370
31 2559
31 2560
31 2561
31 2562
31 1034
31 2563
31 371
31 372
31 2564
31 2565
31 2566
31 2567
31 374
31 1036
31 2568
31 375
31 2569
31 2570
31 2571
31 2572
31 791
31 2573
31 2574
31 2575
31 792
31 2576
31 2577
31 1038
31 2578
31 1039
31 2579
31 2580
31 377
31 378
31 379
31 380
31 2581
31 793
31 2582
31 2583
31 2584
31 2585
31 2586
31 2587
31 2588
31 2589
31 2590
31 2591
31 2592
31 794
31 2593
31 2594
31 2595
31 2596
31 2597
31 2598
31 2599
31 2600
31 2601
31 2602
31 2603
31 2604
31 1476
31 2605
31 2606
31 2607
31 2608
31 2609
31 2610
31 2611
31 2612
31 2613
31 2614
31 2615
31 389
31 2616
31 2617
31 2618
31 2619
31 391
31 2620
31 2621
31 2622
31 2623
31 2624
31 2625
31 1051
31 1052
31 2626
31 393
31 2627
31 2628
31 2629
31 2630
31 2631
31 2632
31 2633
31 2634
31 1056
31 394
31 2635
31 2636
31 2637
31 2638
31 396
31 2639
31 2640
31 2641
31 1060
31 2642
31 2643
31 2644
31 2645
31 2646
31 2647
31 2648
31 2649
31 2650
31 2651
31 2652
31 2653
31 2654
31 2655
31 2656
31 2657
31 2658
31 2659
31 2660
31 2661
31 2662
31 2663
31 2664
31 2665
31 2666
31 2667
31 2668
31 2669
31 2670
31 2671
31 2672
31 801
31 1064
31 2673
31 2674
31 2675
31 2676
31 2677
31 2678
31 2679
31 2680
31 2681
31 2682
31 2683
31 2684
31 2685
31 2686
31 2687
31 2688
31 803
31 2689
31 2690
31 2691
31 2692
31 400
31 804
31 2693
31 2694
31 2695
31 2696
31 2697
31 2698
31 2699
31 2700
31 2701
31 2702
31 2703
31 1067
31 2704
31 2705
31 2706
31 417
31 2707
31 2708
31 2709
31 1069
31 2710
31 2711
31 2712
31 2713
31 806
31 2714
31 2715
31 2716
31 2717
31 419
31 2718
31 2719
31 1636
31 2720
31 420
31 2721
31 1074
31 421
31 422
31 423
31 424
31 2722
31 2723
31 2724
31 2725
31 2726
31 2727
31 2728
31 2729
31 1075
31 428
31 2730
31 2731
31 429
31 2732
31 2733
31 2734
31 431
31 432
31 2735
31 2736
31 1078
31 1079
31 2737
31 2738
31 1080
31 2739
31 2740
31 2741
31 2742
31 2743
31 2744
31 2745
31 2746
31 2747
31 2748
31 2749
31 434
31 2750
31 1083
31 2751
31 2752
31 2753
31 435
31 2754
31 2755
31 2756
31 2757
31 2758
31 2759
31 810
31 2760
31 2761
31 1086
31 2762
31 2763
31 2764
31 2765
31 2766
31 2767
31 2768
31 2769
31 2770
31 2771
31 2772
31 2773
31 2774
31 2775
31 2776
31 1090
31 2777
31 2778
31 1093
31 2779
31 2780
31 2781
31 1094
31 2782
31 2783
31 2784
31 811
31 2785
31 2786
31 2787
31 2788
31 2789
31 440
31 2790
31 2791
31 2792
31 2793
31 2794
31 2795
31 2796
31 2797
31 2798
31 2799
31 2800
31 2801
31 1638
31 2802
31 2803
31 2804
31 1102
31 1105
31 2805
31 812
31 2806
31 2807
31 2808
31 2809
31 2810
31 2811
31 2812
31 1108
31 2813
31 2814
31 2815
31 443
31 2816
31 2817
31 813
31 2818
31 2819
31 2820
31 2821
31 2822
31 2823
31 1110
31 2824
31 2825
31 2826
31 2827
31 2828
31 2829
31 2830
31 2831
31 2832
31 2833
31 2834
31 2835
31 2836
31 2837
31 2838
31 2839
31 1115
31 2840
31 2841
31 2842
31 2843
31 2844
31 2845
31 2846
31 2847
31 2848
31 2849
31 2850
31 2851
31 2852
31 2853
31 2854
31 2855
31 1125
31 2856
31 2857
31 2858
31 2859
31 1641
31 2860
31 2861
31 2862
31 2863
31 2864
31 1531
31 2865
31 2866
31 816
31 2867
31 2868
31 2869
31 2870
31 631
31 1642
31 2871
31 1133
31 2872
31 450
31 2873
31 1136
31 2874
31 2875
31 2876
31 2877
31 2878
31 2879
31 2880
31 2881
31 2882
31 818
31 2883
31 2884
31 2885
31 2886
31 2887
31 819
31 2888
31 2889
31 454
31 2890
31 2891
31 2892
31 456
31 2893
31 2894
31 1644
31 2895
31 2896
31 457
31 2897
31 1147
31 2898
31 1148
31 2899
31 2900
31 2901
31 2902
31 2903
31 2904
31 2905
31 2906
31 2907
31 2908
31 2909
31 459
31 460
31 461
31 462
31 2910
31 1153
31 2911
31 463
31 1155
31 2912
31 2913
31 2914
31 1156
31 1157
31 2915
31 2916
31 2917
31 2918
31 2919
31 2920
31 1645
31 2921
31 2922
31 2923
31 2924
31 2925
31 2926
31 2927
31 1163
31 2928
31 1164
31 2929
31 2930
31 2931
31 2932
31 2933
31 2934
31 2935
31 2936
31 1168
31 2937
31 1171
31 2938
31 467
31 2939
31 1173
31 2940
31 2941
31 2942
31 2943
31 2944
31 2945
31 2946
31 1178
31 468
31 2947
31 2948
31 2949
31 1180
31 2950
31 2951
31 2952
31 1182
31 2953
31 2954
31 2955
31 2956
31 2957
31 2958
31 2959
31 2960
31 1185
31 2961
31 2962
31 1186
31 2963
31 2964
31 2965
31 2966
31 2967
31 2968
31 2969
31 1188
31 2970
31 1189
31 2971
31 1190
31 2972
31 2973
31 2974
31 1193
31 2975
31 1194
31 2976
31 2977
31 2978
31 2979
31 2980
31 2981
31 470
31 2982
31 2983
31 2984
31 2985
31 2986
31 2987
31 2988
31 2989
31 2990
31 2991
31 2992
31 2993
31 2994
31 2995
31 2996
31 1196
31 1197
31 2997
31 2998
31 1198
31 822
31 2999
31 471
31 3000
31 3001
31 3002
31 3003
31 3004
31 1200
31 3005
31 3006
31 3007
31 3008
31 3009
31 3010
31 3011
31 3012
31 3013
31 3014
31 3015
31 3016
31 3017
31 3018
31 3019
31 3020
31 3021
31 3022
31 3023
31 1415
31 3024
31 3025
31 3026
31 3027
31 3028
31 3029
31 3030
31 3031
31 3032
31 3033
31 3034
31 3035
31 3036
31 3037
31 3038
31 3039
31 3040
31 3041
31 3042
31 3043
31 3044
31 3045
31 3046
31 3047
31 3048
31 3049
31 3050
31 477
31 3051
31 3052
31 3053
31 834
31 3054
31 3055
31 3056
31 3057
31 3058
31 3059
31 3060
31 3061
31 3062
31 3063
31 3064
31 3065
31 3066
31 3067
31 3068
31 3069
31 1211
31 3070
31 481
31 3071
31 3072
31 1216
31 3073
31 3074
31 3075
31 3076
31 3077
31 3078
31 3079
31 3080
31 3081
31 3082
31 3083
31 3084
31 3085
31 3086
31 3087
31 3088
31 3089
31 3090
31 3091
31 3092
31 3093
31 3094
31 3095
31 3096
31 3097
31 1221
31 3098
31 3099
31 3100
31 3101
31 3102
31 3103
31 485
31 3104
31 3105
31 3106
31 3107
31 486
31 3108
31 3109
31 1224
31 3110
31 3111
31 3112
31 3113
31 3114
31 3115
31 3116
31 3117
31 488
31 3118
31 1227
31 3119
31 3120
31 491
31 1228
31 3121
31 493
31 3122
31 3123
31 3124
31 3125
31 3126
31 3127
31 3128
31 3129
31 3130
31 3131
31 3132
31 3133
31 3134
31 3135
31 3136
31 1230
31 3137
31 496
31 3138
31 3139
31 3140
31 3141
31 3142
31 840
31 3143
31 3144
31 3145
31 3146
31 1234
31 3147
31 3148
31 1236
31 3149
31 3150
31 3151
31 3152
31 3153
31 3154
31 3155
31 3156
31 3157
31 3158
31 3159
31 3160
31 841
31 3161
31 3162
31 3163
31 3164
31 3165
31 3166
31 3167
31 3168
31 3169
31 3170
31 502
31 3171
31 3172
31 3173
31 3174
31 3175
31 3176
31 3177
31 3178
31 3179
31 3180
31 3181
31 3182
31 3183
31 3184
31 3185
31 3186
31 3187
31 3188
31 1242
31 3189
31 3190
31 3191
31 3192
31 3193
31 3194
31 3195
31 3196
31 844
31 3197
31 3198
31 3199
31 3200
31 3201
31 3202
31 3203
31 3204
31 3205
31 1400
31 3206
31 3207
31 1247
31 3208
31 503
31 1248
31 3209
31 3210
31 3211
31 504
31 3212
31 3213
31 3214
31 3215
31 3216
31 3217
31 3218
31 3219
31 3220
31 3221
31 3222
31 1250
31 3223
31 3224
31 3225
31 3226
31 3227
31 3228
31 3229
31 3230
31 3231
31 1254
31 3232
31 3233
31 3234
31 3235
31 3236
31 1258
31 1259
31 3237
31 3238
31 3239
31 3240
31 3241
31 3242
31 3243
31 3244
31 3245
31 3246
31 3247
31 506
31 3248
31 3249
31 3250
31 3251
31 3252
31 3253
31 3254
31 3255
31 3256
31 3257
31 3258
31 3259
31 3260
31 3261
31 1267
31 3262
31 3263
31 3264
31 3265
31 3266
31 508
31 848
31 3267
31 3268
31 3269
31 3270
31 3271
31 3272
31 3273
31 3274
31 3275
31 3276
31 3277
31 3278
31 3279
31 3280
31 3281
31 3282
31 3283
31 510
31 3284
31 3285
31 3286
31 3287
31 3288
31 1269
31 3289
31 3290
31 3291
31 1271
31 3292
31 3293
31 3294
31 3295
31 849
31 3296
31 3297
31 3298
31 3299
31 1275
31 512
31 513
31 3300
31 3301
31 3302
31 3303
31 3304
31 3305
31 3306
31 3307
31 3308
31 3309
31 3310
31 1282
31 3311
31 3312
31 3313
31 3314
31 3315
31 3316
31 3317
31 3318
31 3319
31 3320
31 3321
31 516
31 1284
31 3322
31 1285
31 3323
31 1286
31 3324
31 1287
31 3325
31 3326
31 3327
31 3328
31 3329
31 3330
31 3331
31 3332
31 3333
31 3334
31 3335
31 3336
31 3337
31 521
31 3338
31 3339
31 3340
31 3341
31 522
31 3342
31 3343
31 852
31 3344
31 3345
31 1295
31 3346
31 3347
31 3348
31 3349
31 3350
31 1298
31 3351
31 3352
31 3353
31 3354
31 3355
31 3356
31 3357
31 3358
31 3359
31 3360
31 3361
31 3362
31 3363
31 3364
31 3365
31 3366
31 3367
31 3368
31 3369
31 3370
31 524
31 3371
31 3372
31 3373
31 3374
31 3375
31 3376
31 3377
31 3378
31 1306
31 3379
31 3380
31 855
31 3381
31 3382
31 3383
31 3384
31 3385
31 3386
31 3387
31 3388
31 1312
31 856
31 3389
31 3390
31 3391
31 3392
31 857
31 3393
31 532
31 533
31 3394
31 3395
31 860
31 3396
31 3397
31 3398
31 3399
31 1319
31 3400
31 3401
31 1322
31 3402
31 3403
31 3404
31 3405
31 3406
31 3407
31 3408
31 3409
31 3410
31 1326
31 3411
31 3412
31 3413
31 3414
31 3415
31 1651
31 3416
31 3417
31 3418
31 3419
31 3420
31 3421
31 3422
31 3423
31 3424
31 539
31 3425
31 3426
31 3427
31 862
31 3428
31 541
31 543
31 3429
31 3430
31 3431
31 3432
31 3433
31 3434
31 3435
31 3436
31 3437
31 3438
31 3439
31 3440
31 1333
31 3441
31 3442
31 3443
31 3444
31 3445
31 3446
31 1335
31 3447
31 3448
31 3449
31 3450
31 3451
31 3452
31 3453
31 3454
31 3455
31 3456
31 3457
31 3458
31 3459
31 3460
31 864
31 3461
31 3462
31 3463
31 3464
31 3465
31 3466
31 3467
31 3468
31 3469
31 3470
31 550
31 3471
31 3472
31 1339
31 3473
31 3474
31 3475
31 3476
31 3477
31 3478
31 3479
31 3480
31 3481
31 3482
31 3483
31 3484
31 1344
31 3485
31 553
31 3486
31 554
31 3487
31 3488
31 3489
31 3490
31 3491
31 3492
31 3493
31 3494
31 1599
31 3495
31 3496
31 3497
31 3498
31 3499
31 3500
31 3501
31 3502
31 3503
31 3504
31 3505
31 3506
31 3507
31 3508
31 3509
31 3510
31 3511
31 3512
31 3513
31 3514
31 3515
31 3516
31 3517
31 3518
31 3519
31 3520
31 3521
31 3522
31 3523
31 3524
31 3525
31 3526
31 3527
31 3528
31 3529
31 3530
31 3531
31 3532
31 3533
31 3534
31 3535
31 3536
31 3537
31 3538
31 3539
31 3540
31 3541
31 3542
31 558
31 3543
31 3544
31 1362
31 3545
31 3546
31 3547
31 3548
31 3549
31 3550
31 3551
31 3552
31 3553
31 3554
31 3555
31 3556
31 3557
31 3558
31 3559
31 3560
31 3561
31 3562
31 3563
31 3564
31 562
31 3565
31 3566
31 1370
31 3567
31 3568
31 3569
31 3570
31 3571
31 3572
31 3573
31 3574
31 3575
31 1373
31 3576
31 3577
31 3578
31 1374
31 3579
31 3580
31 3581
31 3582
31 3583
31 3584
31 3585
31 3586
31 3587
31 3588
31 3589
31 3590
678 1708
678 3591
678 1601
678 1717
678 1434
678 1435
678 3592
678 3593
678 1723
678 44
678 3594
678 3595
678 48
678 3596
678 50
678 3597
678 1496
678 3598
678 3599
678 3600
678 3601
678 3602
678 3603
678 3604
678 3605
678 69
678 633
678 1447
678 1448
678 70
678 71
678 3606
678 1452
678 3607
678 3608
678 1772
678 1773
678 3609
678 1784
678 3610
678 3611
678 1869
678 3612
678 3613
678 3614
678 3615
678 129
678 3616
678 3617
678 3618
678 3619
678 3620
678 3621
678 3622
678 132
678 3623
678 3624
678 635
678 3625
678 3626
678 3627
678 3628
678 3629
678 3630
678 3631
678 3632
678 1971
678 170
678 3633
678 3634
678 3635
678 179
678 3636
678 3637
678 3638
678 3639
678 3640
678 3641
678 2005
678 3642
678 961
678 1621
678 3643
678 3644
678 3645
678 251
678 3646
678 3647
678 3648
678 3649
678 3650
678 3651
678 2161
678 3652
678 1463
678 3653
678 3654
678 3655
678 3656
678 3657
678 3658
678 3659
678 763
678 3660
678 3661
678 3662
678 3663
678 3664
678 3665
678 3666
678 3667
678 3668
678 3669
678 3670
678 3671
678 3672
678 3673
678 3674
678 3675
678 3676
678 3677
678 3678
678 3679
678 3680
678 3681
678 3682
678 3683
678 3684
678 3685
678 3686
678 3687
678 3688
678 3689
678 3690
678 3691
678 3692
678 3693
678 3694
678 254
678 3695
678 3696
678 3697
678 3698
678 3699
678 3700
678 3701
678 3702
678 3703
678 3704
678 3705
678 3706
678 3707
678 1468
678 3708
678 3709
678 3710
678 3711
678 3712
678 3713
678 3714
678 3715
678 3716
678 3717
678 3718
678 3719
678 3720
678 3721
678 3722
678 3723
678 3724
678 3725
678 3726
678 3727
678 1000
678 3728
678 2591
678 1469
678 3729
678 3730
678 3731
678 3732
678 3733
678 3734
678 3735
678 3736
678 3737
678 3738
678 3739
678 1472
678 3740
678 3741
678 1475
678 3742
678 3743
678 3744
678 3745
678 3746
678 3747
678 3748
678 3749
678 3750
678 3751
678 3752
678 3753
678 3754
678 3755
678 3756
678 3757
678 3758
678 3759
678 3760
678 3761
678 3762
678 3763
678 3764
678 3765
678 3766
678 3767
678 3768
678 3769
678 3770
678 3771
678 3772
678 3773
678 3774
678 3775
678 3776
678 3777
678 3778
678 796
678 3779
678 3780
678 3781
678 3782
678 3783
678 3784
678 3785
678 3786
678 3787
678 3788
678 3789
678 3790
678 3791
678 3792
678 3793
678 3794
678 3795
678 3796
678 3797
678 3798
678 3799
678 3800
678 3801
678 3802
678 3803
678 3804
678 3805
678 3806
678 3807
678 3808
678 3809
678 3810
678 3811
678 3812
678 3813
678 3814
678 3815
678 3816
678 3817
678 3818
678 3819
678 3820
678 3821
678 3822
678 3823
678 3824
678 3825
678 3826
678 3827
678 3828
678 3829
678 1489
678 3830
678 3831
678 3832
678 3833
678 3834
678 3835
678 3836
678 3837
678 3838
678 3839
678 3840
678 3841
678 3842
678 3843
678 3844
678 3845
678 3846
678 3847
678 3848
678 3849
678 3850
678 3851
678 3852
678 3853
678 3854
678 3855
678 3856
678 3857
678 3858
678 3859
678 3860
678 3861
678 3862
678 3863
678 3864
678 3865
678 3866
678 3867
678 3868
678 3869
678 3870
678 3871
678 3872
678 3873
678 3874
678 3875
678 3876
678 3877
678 3878
678 3879
678 3880
678 3881
678 3882
678 3883
678 3884
678 3885
678 3886
678 3887
678 3888
678 3889
678 3313
678 3890
678 3891
678 3892
678 3893
678 3894
678 3895
678 3896
678 3897
678 3898
678 3899
726 1708
726 1396
726 3900
726 41
726 3901
726 1496
726 3902
726 3903
726 3904
726 1772
726 1773
726 1779
726 3905
726 3906
726 3907
726 3908
726 3909
726 3910
726 717
726 3911
726 3912
726 3913
726 719
726 3914
726 3915
726 3916
726 3917
726 3918
726 3919
726 3920
726 3921
726 3922
726 1967
726 2023
726 2035
726 3923
726 3924
726 3925
726 3926
726 3927
726 3928
726 3929
726 3930
726 3931
726 3932
726 3933
726 3934
726 3935
726 3936
726 3937
726 3938
726 3939
726 3940
726 3941
726 3942
726 3943
726 3944
726 3945
726 3946
726 3947
726 3948
726 3949
726 3950
726 3951
726 3952
726 3953
726 3954
726 3955
726 3956
726 3957
726 3958
726 3727
726 3959
726 3960
726 3961
726 3962
726 3963
726 3964
726 3965
726 3966
726 3967
726 899
726 3968
726 3969
726 3970
726 3971
726 893
726 3972
726 3973
726 3974
726 3975
726 3976
726 3977
726 3978
726 3979
726 3980
726 3981
726 3982
726 3983
726 3984
726 3985
726 3986
726 3987
726 3988
726 3989
726 3990
726 3991
726 3992
726 3993
726 3994
726 3995
726 3996
726 3997
726 3998
726 3999
726 4000
726 4001
726 4002
726 4003
726 4004
726 4005
726 4006
726 3313
726 3356
726 3471
726 4007
1708 1712
1708 2879
907 188
1709 73
1709 83
1709 302
1709 378
32 37
32 697
32 915
32 55
32 71
32 922
32 84
32 4008
32 94
32 4009
32 4010
32 102
32 4011
32 115
32 116
32 117
32 1850
32 4012
32 1516
32 4013
32 1539
32 585
32 1619
32 1522
32 1968
32 163
32 170
32 173
32 179
32 1523
32 4014
32 605
32 4015
32 4016
32 210
32 219
32 2115
32 227
32 229
32 2173
32 4017
32 4018
32 990
32 2399
32 2401
32 598
32 338
32 345
32 351
32 4019
32 4020
32 369
32 372
32 4021
32 4022
32 4023
32 1636
32 4024
32 4025
32 4026
32 3220
4027 1431
4027 3608
654 4028
654 4029
654 4030
654 37
654 4031
654 4032
654 4033
654 4034
654 4035
654 4036
654 4037
654 4038
654 4039
654 4040
654 4041
654 4042
654 4043
654 4044
654 4045
654 4046
654 4047
654 4048
654 4049
654 4050
654 4051
654 4052
654 4053
654 4054
654 4055
654 4056
654 4057
654 4058
654 4059
654 4060
654 4061
654 4062
654 4063
654 4064
654 4065
654 4066
654 4067
654 4068
654 4069
654 4070
654 4071
654 908
654 4072
654 4073
654 1732
654 4074
654 48
654 4075
654 4076
654 4077
654 1753
654 4078
654 4079
654 84
654 4080
654 4081
654 4082
654 4083
654 4084
654 1610
654 1909
654 4085
654 4086
654 4087
654 4088
654 4089
654 4090
654 4091
654 4092
654 4093
654 1589
1396 4094
1396 4095
1396 4096
1396 4097
1396 4098
1396 4099
1396 4076
1396 4100
1396 4101
1396 4102
1396 4103
1396 4104
1396 4105
1396 4106
1396 4107
1396 4108
1396 4109
1396 4110
1396 4111
1396 1545
1396 4112
1396 4113
1396 188
4028 4114
4028 4115
4028 594
4116 679
4116 188
4117 1679
4117 4118
4119 73
4120 4121
4122 2005
4122 691
4122 692
4122 4123
4122 4124
4122 3834
4122 4125
4126 1609
4127 4128
4129 4130
571 1434
571 69
571 116
571 1453
571 3618
571 162
571 163
571 254
571 691
571 1468
571 588
1561 4130
1561 116
1431 4131
1431 1446
1431 4132
1431 4133
1431 4134
1431 4135
1431 4136
1431 4137
1431 4138
1431 4139
1431 4140
1431 4141
4142 73
1613 4143
1613 1415
1614 37
1614 1413
1594 4144
1710 1713
1711 4145
1713 4146
1713 4147
1713 4148
1713 4149
1713 1626
1713 4150
1713 4151
1713 1627
1713 4152
1713 4153
1713 4154
1713 4155
1713 4156
1713 4157
1713 4158
1713 4159
1713 4160
1713 4161
1713 4162
639 162
639 1413
4163 1616
730 734
4164 1415
4165 4166
4165 1715
4165 4167
4168 4169
4168 4151
4170 1778
4170 756
1715 37
1715 42
1715 4171
1715 102
1715 4172
1715 4173
1715 758
1715 4174
1715 4175
1715 4154
1715 4176
1715 4177
1715 4178
1715 4179
1715 4180
1715 4181
1715 4182
1615 4183
1615 4184
1615 4185
1615 4186
4187 4188
4187 4189
4187 4190
4187 4191
4187 4192
4187 1496
4187 69
4187 1452
4187 116
4187 1453
4187 1883
4187 1463
4187 4193
4187 254
4187 691
4187 1468
4187 588
4187 4194
4195 1679
4196 1679
4197 1679
4198 1679
4199 1679
4199 69
4199 116
4199 163
4199 254
1433 4190
1433 69
1433 1764
1433 1452
1433 116
1433 4200
1433 3647
1433 3650
1433 1463
1433 4201
1433 4193
1433 4202
1433 254
1433 1468
1433 3708
1433 4203
1433 3794
1433 4204
1433 3888
4190 116
4190 1453
4190 163
4191 1434
4191 1764
4191 1452
4191 163
4191 4205
4191 400
4206 1386
4206 588
4207 1679
694 575
695 575
3591 691
3591 692
35 73
35 752
35 188
4208 4209
679 4210
679 915
679 4211
679 4212
679 4213
679 62
679 714
679 4214
679 4009
679 1807
679 4215
679 634
679 4216
679 3915
679 3916
679 4217
679 4218
679 1851
679 4219
679 931
679 1854
679 4220
679 1896
679 170
679 4221
679 4222
679 216
679 898
679 4223
679 3926
679 4224
679 2077
679 4225
679 4226
679 4227
679 4228
679 4229
679 4230
679 4231
679 4232
679 4233
679 4234
679 4235
679 4236
679 4237
679 4238
679 4239
679 4240
679 4241
679 4242
679 4243
679 2178
679 4244
679 4245
679 4246
679 4247
679 4248
679 4249
679 4250
679 4251
679 4252
679 4253
679 4254
679 4255
679 4256
679 4257
679 258
679 4258
679 3979
679 4259
679 4260
679 4261
679 4262
679 4263
679 4264
679 4265
679 489
679 4266
679 4267
679 4268
679 4269
679 4270
679 4271
679 4002
679 4272
679 4273
611 62
611 588
4274 84
4274 4275
36 732
4276 162
4276 4277
4276 4278
4276 4279
4276 4280
4276 4281
4276 4282
4276 4283
4276 4284
4276 4285
4276 4286
4276 4287
4276 4288
4276 4289
4290 37
37 1719
37 41
37 1726
37 43
37 44
37 909
37 660
37 1730
37 1731
37 580
37 4291
37 4292
37 4293
37 45
37 47
37 4294
37 4295
37 1504
37 4296
37 1745
37 1746
37 52
37 915
37 4297
37 54
37 55
37 4298
37 58
37 918
37 1754
37 1755
37 1756
37 60
37 61
37 1758
37 1759
37 4299
37 62
37 4300
37 4301
37 70
37 71
37 72
37 73
37 4302
37 1765
37 4303
37 4304
37 4305
37 76
37 4306
37 4307
37 77
37 4308
37 4309
37 79
37 4310
37 1770
37 81
37 83
37 1771
37 4311
37 84
37 4312
37 4313
37 4314
37 1778
37 4315
37 88
37 4316
37 4317
37 4318
37 924
37 94
37 4319
37 4320
37 4321
37 4322
37 1791
37 1794
37 4323
37 1797
37 1799
37 4324
37 97
37 4325
37 4326
37 98
37 4327
37 4328
37 1804
37 102
37 4329
37 4330
37 4331
37 103
37 4332
37 1807
37 1809
37 4333
37 4334
37 1811
37 4335
37 106
37 4336
37 1814
37 1816
37 1817
37 4337
37 109
37 4338
37 110
37 1822
37 111
37 112
37 1827
37 1834
37 4339
37 116
37 117
37 118
37 119
37 1843
37 1844
37 4340
37 4341
37 634
37 1850
37 4342
37 1851
37 931
37 1857
37 1859
37 1862
37 1514
37 1867
37 4343
37 125
37 4344
37 4345
37 575
37 4346
37 126
37 4347
37 127
37 128
37 4348
37 4349
37 4350
37 132
37 133
37 630
37 4351
37 4352
37 134
37 4353
37 4354
37 4355
37 1391
37 4356
37 4357
37 4358
37 4359
37 936
37 137
37 1894
37 1896
37 139
37 4360
37 4361
37 745
37 1905
37 140
37 4362
37 4363
37 1910
37 1911
37 142
37 1915
37 1916
37 939
37 1919
37 4364
37 4365
37 941
37 4366
37 144
37 4367
37 942
37 747
37 4368
37 1924
37 1925
37 1926
37 1927
37 147
37 4369
37 148
37 4370
37 149
37 1932
37 1933
37 946
37 4371
37 1937
37 1939
37 155
37 1940
37 1941
37 4372
37 751
37 4373
37 1944
37 1946
37 1947
37 4374
37 752
37 1959
37 4375
37 1963
37 161
37 4376
37 892
37 4377
37 4378
37 162
37 1968
37 1969
37 163
37 4379
37 164
37 4380
37 1974
37 1976
37 167
37 1980
37 1983
37 1984
37 1986
37 168
37 1989
37 170
37 4381
37 4382
37 4383
37 4384
37 176
37 2001
37 4385
37 2007
37 957
37 4386
37 958
37 2010
37 4387
37 4388
37 2014
37 2015
37 4389
37 185
37 4390
37 188
37 4391
37 2018
37 2019
37 967
37 1386
37 4392
37 2028
37 2034
37 4393
37 4394
37 4395
37 4396
37 4397
37 196
37 4398
37 198
37 1524
37 4399
37 4400
37 4401
37 2046
37 4402
37 4403
37 2047
37 4404
37 4405
37 4406
37 207
37 4407
37 4408
37 4409
37 4410
37 2058
37 4411
37 4412
37 4413
37 2067
37 4414
37 2069
37 4415
37 4416
37 4417
37 4418
37 2077
37 4231
37 4419
37 2082
37 2083
37 2086
37 219
37 4420
37 2089
37 2096
37 4421
37 4422
37 4423
37 972
37 2104
37 224
37 2105
37 2107
37 4424
37 226
37 4425
37 2117
37 2118
37 4426
37 4427
37 4428
37 4429
37 2123
37 4430
37 232
37 4431
37 235
37 2126
37 4432
37 238
37 2130
37 4433
37 4434
37 239
37 979
37 2135
37 2137
37 2140
37 4435
37 2142
37 4436
37 4437
37 4438
37 247
37 4439
37 4440
37 1424
37 4441
37 4442
37 4443
37 2160
37 254
37 255
37 4444
37 4445
37 2174
37 2179
37 2197
37 4446
37 2200
37 4447
37 259
37 260
37 4448
37 2209
37 263
37 4449
37 2211
37 265
37 2212
37 4450
37 2222
37 4451
37 4452
37 268
37 2223
37 4453
37 4454
37 984
37 2228
37 667
37 4455
37 4456
37 4457
37 2236
37 4458
37 2239
37 273
37 4459
37 4460
37 4461
37 275
37 2247
37 2248
37 4462
37 2253
37 2256
37 4463
37 4464
37 4465
37 4466
37 4467
37 4468
37 284
37 2261
37 2266
37 286
37 4469
37 992
37 2272
37 4470
37 2276
37 994
37 2279
37 4471
37 4472
37 2280
37 2281
37 4473
37 4474
37 4475
37 4476
37 4477
37 294
37 2288
37 4478
37 4479
37 4480
37 4481
37 2289
37 2290
37 297
37 2291
37 2292
37 2293
37 4482
37 2294
37 2295
37 4483
37 2300
37 4484
37 4485
37 2304
37 2305
37 4486
37 4487
37 2308
37 301
37 302
37 303
37 304
37 999
37 2310
37 4488
37 305
37 2312
37 4489
37 4490
37 4491
37 4492
37 4493
37 2317
37 307
37 2322
37 2324
37 4494
37 1001
37 4495
37 2330
37 2331
37 4496
37 4497
37 2335
37 4498
37 4499
37 4500
37 4501
37 4502
37 1004
37 2342
37 4503
37 4504
37 4505
37 2347
37 4506
37 4507
37 2352
37 4508
37 4509
37 4510
37 4511
37 4512
37 2367
37 2368
37 4513
37 4514
37 4515
37 4516
37 2378
37 1010
37 4517
37 4518
37 1011
37 326
37 4519
37 4520
37 4521
37 4522
37 4523
37 4524
37 333
37 2401
37 4525
37 2403
37 2404
37 2406
37 4526
37 2408
37 2409
37 2410
37 2411
37 4527
37 4528
37 4529
37 4530
37 4531
37 4532
37 1015
37 4533
37 4534
37 341
37 2425
37 4535
37 2427
37 2428
37 4536
37 2429
37 4537
37 1016
37 4538
37 4539
37 895
37 2434
37 4540
37 4541
37 4542
37 2437
37 564
37 4543
37 2439
37 2440
37 4544
37 4545
37 2442
37 2443
37 4546
37 2444
37 4547
37 2446
37 2450
37 2454
37 4548
37 4549
37 4550
37 4551
37 349
37 2465
37 2466
37 2469
37 2473
37 2474
37 4552
37 2483
37 2484
37 4553
37 4554
37 2487
37 2491
37 2495
37 4555
37 4556
37 4557
37 4558
37 4559
37 4560
37 2508
37 4561
37 2512
37 355
37 356
37 357
37 2513
37 4562
37 2516
37 2518
37 4563
37 4564
37 2519
37 2520
37 2523
37 4565
37 4566
37 2532
37 4567
37 4568
37 4569
37 4570
37 4571
37 2539
37 4572
37 4573
37 2545
37 4574
37 1028
37 4575
37 4576
37 2549
37 1029
37 4577
37 4578
37 1030
37 2555
37 4579
37 4580
37 372
37 2564
37 2565
37 2567
37 4581
37 2568
37 375
37 4582
37 4583
37 4584
37 2575
37 4585
37 4586
37 4587
37 4588
37 4589
37 377
37 378
37 379
37 380
37 381
37 2583
37 2584
37 4590
37 2585
37 4591
37 4592
37 4593
37 4594
37 4595
37 386
37 4596
37 4597
37 4598
37 2602
37 4599
37 2606
37 2613
37 4600
37 4601
37 1048
37 4602
37 1049
37 4603
37 2616
37 4604
37 2618
37 2622
37 392
37 1051
37 4605
37 4606
37 4607
37 4608
37 1053
37 4609
37 4610
37 2631
37 4611
37 4612
37 4023
37 394
37 2636
37 4613
37 2641
37 4614
37 2643
37 2644
37 2646
37 2653
37 4615
37 4616
37 2658
37 4617
37 2663
37 4618
37 4619
37 2664
37 2666
37 2667
37 4620
37 4621
37 2669
37 801
37 4622
37 4623
37 2676
37 4624
37 4625
37 2679
37 4626
37 2682
37 4627
37 2689
37 2690
37 2695
37 1068
37 4628
37 2708
37 4629
37 2713
37 4630
37 4631
37 4632
37 807
37 2717
37 419
37 4633
37 2719
37 4634
37 1636
37 4635
37 420
37 1074
37 421
37 422
37 423
37 424
37 2722
37 4636
37 4637
37 4638
37 4639
37 2731
37 2733
37 4640
37 2734
37 4641
37 1076
37 4642
37 4643
37 4644
37 1080
37 2739
37 4645
37 2741
37 2743
37 2746
37 4646
37 1082
37 2749
37 1083
37 4647
37 4648
37 4649
37 4650
37 1087
37 4651
37 2770
37 4652
37 4653
37 4654
37 4655
37 2776
37 4656
37 4657
37 4658
37 4659
37 1090
37 4660
37 4661
37 4662
37 811
37 4663
37 440
37 2791
37 2792
37 1097
37 4664
37 1099
37 4665
37 4666
37 4667
37 2802
37 1101
37 4668
37 4669
37 2808
37 2812
37 4670
37 4671
37 4672
37 4673
37 2821
37 4674
37 1112
37 2825
37 2826
37 4675
37 4676
37 2827
37 4677
37 4678
37 4679
37 4680
37 4681
37 2832
37 2836
37 2837
37 2838
37 2840
37 1116
37 2844
37 4682
37 4683
37 2846
37 4684
37 2857
37 4685
37 4686
37 4687
37 446
37 4688
37 4689
37 1128
37 816
37 2867
37 4690
37 4691
37 1132
37 2871
37 4692
37 450
37 4693
37 1134
37 4694
37 4695
37 4696
37 1139
37 4697
37 2881
37 4698
37 4699
37 4700
37 4701
37 1142
37 4702
37 4703
37 4704
37 2887
37 4705
37 4706
37 4707
37 4708
37 454
37 1144
37 1145
37 1146
37 4709
37 456
37 2896
37 2897
37 4710
37 4711
37 4712
37 2903
37 1149
37 4713
37 1150
37 4714
37 4715
37 459
37 460
37 461
37 462
37 4716
37 2910
37 4717
37 4718
37 4719
37 1157
37 4720
37 2920
37 4721
37 4722
37 4723
37 466
37 4724
37 1162
37 2928
37 4725
37 2933
37 4726
37 2938
37 2940
37 4727
37 4728
37 4729
37 2942
37 4730
37 4731
37 4732
37 4733
37 2950
37 1182
37 1183
37 4734
37 4735
37 2955
37 4736
37 1188
37 821
37 1190
37 4737
37 4738
37 4739
37 4740
37 4741
37 2981
37 4742
37 2982
37 4743
37 4744
37 4745
37 4746
37 2988
37 2990
37 2992
37 4747
37 4748
37 4749
37 4750
37 4751
37 3001
37 3002
37 1199
37 3004
37 3006
37 4752
37 4753
37 4754
37 4755
37 4756
37 3022
37 1415
37 1203
37 3027
37 4757
37 3032
37 3033
37 3036
37 3039
37 474
37 4758
37 3042
37 4759
37 4760
37 4761
37 3050
37 4762
37 4763
37 4764
37 3059
37 3062
37 3064
37 4765
37 1210
37 709
37 4766
37 4767
37 4768
37 3072
37 1217
37 3074
37 4769
37 1218
37 4770
37 3079
37 3080
37 3082
37 3083
37 4771
37 3086
37 4772
37 3088
37 4773
37 3100
37 3102
37 4774
37 4775
37 3113
37 3116
37 491
37 4776
37 4777
37 4778
37 3133
37 3134
37 4779
37 3137
37 4780
37 3144
37 1236
37 4781
37 4782
37 1237
37 3153
37 4783
37 4784
37 3158
37 4785
37 4786
37 3162
37 3163
37 842
37 3172
37 4787
37 4788
37 4789
37 3186
37 4790
37 4791
37 1242
37 4792
37 4793
37 4794
37 1243
37 897
37 3200
37 4795
37 4796
37 3207
37 4797
37 503
37 4798
37 3222
37 3224
37 3225
37 4799
37 3233
37 4800
37 4801
37 3242
37 1260
37 4802
37 4803
37 4804
37 4805
37 4806
37 4807
37 3256
37 4808
37 4809
37 3267
37 4810
37 4811
37 3282
37 510
37 4812
37 3288
37 4813
37 4814
37 1272
37 3297
37 3299
37 514
37 4815
37 4816
37 4817
37 4818
37 3307
37 515
37 1279
37 4819
37 3311
37 4820
37 3316
37 1283
37 3321
37 4821
37 4822
37 4823
37 3327
37 4824
37 520
37 4825
37 522
37 3342
37 4826
37 4827
37 4828
37 4829
37 3349
37 4830
37 3359
37 3362
37 3363
37 4831
37 3365
37 4832
37 4833
37 853
37 3373
37 525
37 4834
37 4835
37 3381
37 4836
37 1307
37 3383
37 529
37 530
37 1311
37 4837
37 4838
37 1313
37 4839
37 4840
37 4841
37 4842
37 4843
37 3395
37 4844
37 4845
37 3399
37 4846
37 4847
37 4848
37 1320
37 4849
37 4850
37 4851
37 4852
37 4853
37 3407
37 3409
37 3410
37 4854
37 4855
37 4856
37 3420
37 4857
37 536
37 3424
37 539
37 4858
37 540
37 1329
37 542
37 4859
37 4860
37 4861
37 4862
37 1332
37 4863
37 4864
37 4865
37 4866
37 4867
37 4868
37 4869
37 1334
37 3443
37 4870
37 3445
37 3446
37 4871
37 4872
37 4873
37 3458
37 4874
37 3459
37 1338
37 4875
37 4876
37 4877
37 4878
37 4879
37 4880
37 4881
37 4882
37 4883
37 4884
37 4885
37 4886
37 3472
37 4887
37 4888
37 3476
37 4889
37 1343
37 4890
37 4891
37 4892
37 4893
37 1350
37 3499
37 4894
37 4895
37 3500
37 3503
37 4896
37 3505
37 3507
37 4897
37 874
37 4898
37 4899
37 4900
37 3523
37 4901
37 4902
37 4903
37 3528
37 4904
37 4905
37 4906
37 1357
37 4907
37 3534
37 4908
37 4909
37 4910
37 4911
37 4912
37 1363
37 4913
37 4914
37 4915
37 4916
37 4917
37 4918
37 4919
37 4920
37 3560
37 4921
37 4922
37 1368
37 4923
37 4924
37 4925
37 3563
37 3565
37 4926
37 3569
37 1371
37 4927
37 4928
37 4929
37 4930
37 4931
37 4932
37 4933
37 4934
37 3585
37 4935
37 3586
37 4936
4937 4938
4937 1463
4937 4939
4937 4940
4937 4941
4937 4942
4937 4943
4937 4944
4937 4945
4937 4946
4937 4947
4937 4948
4937 4949
4937 4950
4937 4951
4937 4952
4953 196
4131 4954
696 84
4955 84
4955 1605
4956 44
4956 45
4956 4957
4956 4958
4956 4959
4956 69
4956 4960
4956 4961
4956 4962
4956 4963
4956 254
4956 4964
4956 4965
4956 4966
4967 196
1535 4968
38 44
38 4969
38 68
38 69
38 116
38 4970
38 1459
38 4971
38 2004
38 4972
38 4973
38 1463
38 4974
38 4975
38 4976
38 4977
38 4978
38 4979
38 254
38 4980
38 4981
38 4982
38 4983
38 3737
38 4984
38 4985
38 4986
38 4987
38 4988
38 3762
38 4989
38 4990
38 3787
38 400
38 4991
38 4992
38 4993
38 4994
38 4995
38 4996
38 4997
38 4998
38 4999
38 5000
38 5001
38 5002
38 5003
38 5004
1601 629
1601 69
1601 5005
1601 5006
1601 5007
1601 5008
1601 5009
1601 5010
1601 5011
1601 5012
1601 5013
1601 5014
1601 5015
1601 5016
1601 5017
1601 5018
1601 5019
1601 5020
1601 5021
1601 5022
1601 5023
1601 5024
1601 5025
1601 5026
1601 5027
1601 5028
1601 5029
1601 5030
1601 5031
1601 5032
1601 5033
1601 5034
1601 5035
1601 5036
1601 5037
1601 5038
1601 5039
1601 5040
1601 5041
1601 5042
1601 5043
1601 5044
1601 5045
1601 5046
1601 5047
1601 5048
1601 5049
1601 5050
1601 5051
1601 5052
1601 5053
1601 5054
1601 5055
1601 5056
1601 5057
1601 5058
1601 2606
1601 5059
1601 5060
1601 5061
1601 5062
1601 5063
1601 5064
1601 5065
1601 5066
1601 1575
1601 1576
1601 1577
1601 5067
1601 1579
1601 5068
1601 5069
1601 5070
1601 5071
1601 5072
1601 5073
1601 5074
1601 5075
1601 5076
1601 5077
1601 5078
1601 5079
1601 5080
1601 5081
1601 5082
1601 5083
1601 5084
1601 5085
1601 5086
1601 5087
1601 5088
1601 5089
1601 5090
1601 5091
1601 5092
5093 1434
5093 44
5093 629
5093 1440
5093 1496
5093 5094
5093 69
5093 1764
5093 1452
5093 84
5093 116
5093 5095
5093 1453
5093 5096
5093 5097
5093 5005
5093 163
5093 1682
5093 5098
5093 5099
5093 1463
5093 5100
5093 5101
5093 5102
5093 5103
5093 5016
5093 5104
5093 5105
5093 5106
5093 254
5093 1468
5093 5028
5093 3716
5093 990
5093 5107
5093 5108
5093 5035
5093 5109
5093 5110
5093 5111
5093 5112
5093 5113
5093 5114
5093 5115
5093 5116
5093 5117
5093 5050
5093 5118
5093 5054
5093 5119
5093 5055
5093 5120
5093 2606
5093 5062
5093 5121
5093 5122
5093 5123
5093 5124
5093 5125
5093 5126
5093 5073
5093 5127
5093 5128
5093 5129
5093 5130
5093 5077
5093 5131
5093 5132
5093 5133
5093 5134
5093 5135
5093 5136
5093 5137
1680 5138
1680 1464
1680 5139
1716 54
1716 922
1716 103
1716 5140
1716 144
1716 1522
1716 162
1716 163
1716 1523
1716 605
1716 2173
1716 2399
1716 5141
731 629
731 3598
731 61
731 3602
731 69
731 635
731 5142
731 251
731 1463
731 762
731 5143
731 254
731 3695
731 1468
731 3709
731 5144
731 3748
731 5145
731 796
731 1485
731 5146
731 5147
731 5148
731 3870
5149 1420
5149 5150
1717 188
3900 715
1434 3592
1434 44
1434 47
1434 5151
1434 4297
1434 5152
1434 5153
1434 5154
1434 569
1434 1446
1434 5155
1434 69
1434 633
1434 4960
1434 3606
1434 5156
1434 1452
1434 3608
1434 3612
1434 3613
1434 3614
1434 5157
1434 4349
1434 1453
1434 132
1434 5158
1434 3625
1434 5159
1434 5160
1434 1883
1434 5007
1434 3631
1434 161
1434 163
1434 5161
1434 5162
1434 2004
1434 3640
1434 5163
1434 3641
1434 5164
1434 5165
1434 3932
1434 5166
1434 2160
1434 5167
1434 253
1434 5168
1434 5169
1434 5170
1434 1463
1434 5171
1434 5172
1434 5173
1434 5174
1434 5175
1434 3660
1434 3661
1434 5176
1434 5177
1434 5178
1434 5179
1434 5180
1434 254
1434 255
1434 1468
1434 5181
1434 3736
1434 5182
1434 5183
1434 5184
1434 5185
1434 3751
1434 3752
1434 5186
1434 5187
1434 5188
1434 4599
1434 1046
1434 5189
1434 5190
1434 1483
1434 5191
1434 394
1434 3816
1434 5192
1434 5193
1434 5194
1434 5195
1434 5196
1434 3832
1434 5197
1434 5198
1434 5199
1434 5200
1434 5201
1434 5202
1434 5203
1434 3858
1434 5204
1434 5205
1434 5206
1434 3875
1434 5207
1434 5208
1434 5209
1434 5210
1434 5211
5212 633
4128 5213
4128 5214
4128 5215
5216 1386
5216 588
5217 4089
1690 1721
1691 5218
1691 1721
1692 1721
1693 1721
1693 1726
1693 5219
1694 1721
1695 1721
1696 1721
1696 5220
1696 108
1697 1721
5221 1721
1699 1721
1700 1721
1701 1721
1549 1721
1549 4305
1549 4327
5218 5222
1435 4121
5223 972
5223 1066
5224 196
4033 196
5225 196
4039 196
4044 196
4053 196
4061 196
4067 196
5226 5227
5226 5228
5229 48
5230 48
5231 48
5232 48
5233 48
5234 48
5235 5236
5235 48
5236 48
5237 48
908 5238
908 4089
3592 1383
3592 5239
3592 5240
3592 5241
3592 5242
3592 5243
3592 5244
3592 5245
3592 5246
3592 5247
3592 5248
3592 69
3592 116
3592 1453
3592 254
3592 5249
3592 5250
3592 5251
3592 5252
5253 196
5254 4317
5255 188
5255 2178
5255 5256
1702 1721
1720 1721
5257 1703
5258 1721
5258 5259
41 1724
41 5260
41 915
41 60
41 83
41 84
41 102
41 116
41 5261
41 585
41 752
41 162
41 163
41 4221
41 188
41 1463
41 5262
41 2273
41 5263
41 5264
41 2927
3593 1721
3593 5265
1721 5266
1721 1703
1721 5267
5268 1703
1723 5269
1723 162
1723 5270
1723 5271
1723 5272
1723 5273
1723 2170
1723 5274
1723 5275
1723 5276
1723 5277
1723 5278
1723 5279
1723 5280
1723 5281
1723 5282
1723 5283
1723 5284
1723 5285
1723 5286
42 84
42 1412
42 102
42 162
42 163
42 1625
42 5287
42 5288
42 1636
42 5289
42 5290
42 1643
42 5291
42 5292
42 5293
42 5294
42 5295
42 5296
1726 58
1726 450
5297 4279
5298 4308
5298 99
5298 588
5298 5299
5214 4130
5300 4130
4099 4092
5301 4960
5302 4121
1609 48
5303 1591
732 43
732 45
732 1504
732 52
732 54
732 55
732 5304
732 60
732 62
732 72
732 5305
732 102
732 103
732 5306
732 1513
732 106
732 5307
732 5308
732 117
732 118
732 1870
732 129
732 131
732 137
732 1896
732 1539
732 144
732 162
732 163
732 188
732 196
732 2158
732 5309
732 2210
732 5310
732 5311
732 2298
732 5312
732 2325
732 2334
732 5313
732 5314
732 5315
732 2394
732 5316
732 2448
732 2497
732 4570
732 5317
732 1054
732 5318
732 2809
732 2882
732 5319
732 5320
732 2976
732 5321
732 5322
732 5323
732 5324
732 3153
732 5325
732 5326
732 5327
732 5328
732 5329
732 5330
732 5331
732 5332
732 5333
732 5334
732 5335
732 5336
732 5337
732 3322
732 5338
732 5339
732 5340
732 5341
732 5342
732 5343
732 5344
1591 1383
1591 5345
1591 5346
1591 5347
577 188
577 565
577 388
577 400
43 5348
43 60
43 62
43 69
43 73
43 83
43 103
43 116
43 1539
43 585
43 752
43 162
43 163
43 188
5349 5350
1681 5351
44 1728
44 1679
44 5352
44 5353
44 5354
44 629
44 4297
44 1383
44 5355
44 5356
44 62
44 5357
44 3605
44 70
44 1764
44 72
44 5358
44 1452
44 3608
44 84
44 102
44 116
44 3613
44 5157
44 4349
44 5359
44 5360
44 5361
44 5362
44 130
44 3618
44 1454
44 3621
44 132
44 5363
44 5159
44 5364
44 5365
44 5366
44 5367
44 5368
44 1516
44 752
44 163
44 170
44 179
44 3637
44 5369
44 5370
44 2004
44 5371
44 3641
44 5372
44 3642
44 5373
44 5374
44 3644
44 2160
44 5167
44 5375
44 5376
44 5377
44 5378
44 5379
44 5380
44 5175
44 5381
44 5382
44 5383
44 5384
44 5385
44 5386
44 5387
44 5388
44 5389
44 4193
44 5390
44 5391
44 5392
44 5393
44 5394
44 5395
44 5396
44 5397
44 5398
44 255
44 5399
44 3696
44 5400
44 5401
44 5402
44 5403
44 1468
44 5404
44 3716
44 5405
44 3717
44 3721
44 5406
44 5407
44 329
44 5408
44 5035
44 3731
44 5409
44 5410
44 5411
44 5412
44 5413
44 5414
44 5415
44 5416
44 5417
44 5418
44 5419
44 5420
44 5421
44 5422
44 3770
44 387
44 5423
44 5424
44 1046
44 5425
44 5426
44 5427
44 5428
44 5429
44 5430
44 5431
44 400
44 3811
44 3814
44 5432
44 5433
44 1489
44 3830
44 5434
44 5435
44 5436
44 475
44 5437
44 5438
44 5439
44 5440
44 5441
44 5442
44 3865
44 5443
44 5444
44 5445
44 5446
44 5447
44 5448
44 5449
909 188
1728 5450
1728 4121
1728 5160
1728 5451
1728 5452
1728 5453
660 3611
660 185
910 590
910 985
1729 188
5454 188
1730 160
1730 4443
1730 3417
5455 1679
5455 1440
5456 5457
5456 4089
5458 931
5458 4279
1731 83
1731 116
1731 5459
1731 5460
1731 5461
1731 163
1731 1979
1731 1985
1731 5462
1731 1526
1731 2203
1731 5463
1731 5464
1731 5465
1731 5466
1731 5467
1731 5468
1731 5469
1731 5470
1731 5471
580 60
580 5472
580 5473
580 5474
580 5475
580 1798
580 5476
580 703
580 1884
580 705
580 5477
580 188
580 5478
580 5479
580 5480
580 2283
580 5481
580 5482
580 5483
580 5484
580 5485
580 352
580 5486
580 5487
580 5488
580 5489
580 5490
580 5491
580 5492
580 5493
580 2964
580 5494
580 5495
580 3094
580 3127
580 5496
580 5497
580 3246
580 3319
580 5498
580 5499
580 5500
580 5501
580 5502
5503 751
4293 4423
5504 5505
5506 62
5506 1785
5506 116
45 5352
45 5507
45 5353
45 3642
45 5508
5509 137
1503 1759
46 170
5510 1424
5510 2353
911 588
47 54
47 62
47 68
47 70
47 71
47 73
47 83
47 84
47 102
47 106
47 116
47 162
47 163
47 188
47 2160
47 2168
47 2515
47 5183
47 2608
47 5511
47 5512
47 489
47 5513
5514 1383
5514 5515
5514 70
5514 5516
1436 3596
1436 5517
1436 69
1436 4349
1436 179
1436 5518
1436 1606
1436 5519
1436 5520
1436 5521
1436 5522
1436 3766
1436 5523
1436 5524
1436 3803
1436 5525
1436 400
1436 824
1436 5526
1436 3825
1436 5527
1436 3832
1436 5528
1436 5529
1436 5530
5531 5532
5531 1424
5531 1426
5533 657
697 58
697 83
697 116
697 585
697 163
697 196
3594 3600
3594 3611
3594 5534
3594 5535
3594 1621
3594 5536
3594 2591
3594 5537
3594 5538
5539 5540
5541 567
5541 598
1679 5542
1679 69
1679 163
1679 5543
1679 5544
1679 5545
1679 254
1679 691
1679 400
5546 715
5546 630
5546 188
5546 302
5352 5353
5353 5547
5353 5354
5353 1383
5354 69
5548 1383
5548 5549
5548 5550
5548 5551
5548 5552
5548 5553
629 569
629 633
629 1764
629 635
1438 3724
1438 5554
1438 3793
1439 1463
1439 1468
1439 5555
1439 5556
1439 5557
1439 5558
1439 5559
1439 400
1439 5560
1440 69
1440 116
1440 5361
1440 5362
1440 163
1440 5543
1440 254
1440 5561
1440 5562
1440 5563
1440 5564
1440 5565
1440 3749
1440 5566
1440 5567
1440 5568
1440 5569
1440 5570
1440 400
1440 5571
1440 3873
1440 5572
1440 5573
1442 5574
1442 5575
1442 5576
1442 5577
1442 5578
5579 84
48 4076
48 5580
48 5581
48 5582
48 4102
48 5583
48 5584
48 5585
48 5586
48 5587
48 5588
48 5589
48 5590
48 5591
48 5592
48 5593
48 5594
48 4081
48 5595
48 5596
48 5597
5598 5599
5598 5600
5598 84
5598 5601
5598 5602
5598 5603
5598 5604
5598 5605
4294 84
5606 5607
5606 5608
5606 5609
5606 691
5606 692
5606 5610
5611 83
5611 188
5612 4130
5613 4130
5614 5615
5614 5616
5614 5617
5614 5618
5614 5619
5614 5620
5614 691
5614 692
5621 151
5622 5623
5622 5624
912 84
912 188
5625 590
1733 188
1734 137
1734 2021
1734 5626
1734 2731
1735 188
5627 1764
5628 634
5615 5629
5630 4353
4295 149
5631 1893
49 188
5632 2151
1738 1514
1738 751
5633 84
1504 58
1504 60
1504 62
1504 5634
1504 73
1504 83
1504 84
1504 4333
1504 116
1504 585
1504 163
1504 5635
1504 188
1504 5636
1504 4657
1504 5637
1504 4780
5638 1896
5638 162
5638 5639
5638 5640
5641 2110
5642 5643
5644 2110
5644 5645
5646 5647
5219 691
5219 692
5648 5649
5648 691
5648 692
50 69
50 5650
50 3609
50 116
50 163
50 3644
50 5651
50 5652
50 3805
50 5653
50 3881
1382 1446
1382 5654
1382 5655
1382 1463
1382 3776
1382 5656
1382 5657
1382 5658
1382 5659
5151 5660
5151 5661
5151 5662
5151 5663
5151 5664
5151 3657
5151 5665
5151 5666
5151 5667
5151 5668
5151 5669
5151 5670
5151 5671
5151 5672
5151 5673
5151 5674
5151 5675
5151 5676
5677 2160
5678 2163
5678 3682
5679 69
1443 5153
1443 3656
1443 3693
1443 1475
1443 5680
5681 5650
1740 99
1740 188
5682 2505
5683 5684
5683 5685
913 5309
913 567
913 598
5686 569
5687 1414
5687 1415
5688 5689
3597 5157
5690 1415
4210 898
5691 5157
1743 144
5647 4130
5692 132
4130 116
4130 132
4130 163
4130 691
4130 1468
1744 84
1745 2246
1745 2397
1746 4307
1746 5693
1746 5694
1746 5695
1746 5696
1746 3006
1746 3239
1746 5697
1746 3352
1746 5698
1746 5699
1746 5700
1746 1367
1746 3577
5450 5701
51 5702
51 83
51 116
51 126
51 5703
51 254
5704 188
5705 132
5706 5707
5706 400
5708 5709
5708 5710
5708 4476
5708 1011
5708 5711
5708 2549
5708 5712
5709 1011
52 5713
52 5714
52 5715
52 58
52 60
52 62
52 69
52 73
52 84
52 5716
52 116
52 5717
52 5718
52 719
52 5719
52 5720
52 1539
52 752
52 163
52 3928
52 5721
52 5722
52 5723
52 5724
52 5725
52 5726
52 5727
52 5728
52 5729
52 5730
52 5731
52 3940
52 5732
52 5733
52 971
52 5734
52 5735
52 5736
52 5737
52 5738
52 5739
52 5740
52 5741
52 5742
52 5743
52 5744
52 5745
52 5746
52 5747
52 5748
5749 5750
5751 5752
5751 5753
5751 5754
5751 5755
5751 53
5751 915
5751 5750
5751 5756
5751 5716
5751 5757
5751 5758
5751 5759
5751 163
5751 218
5752 5750
5760 5750
5760 1850
5753 5750
5753 5759
5753 3928
1505 5761
1505 5750
1505 5762
1505 5763
1505 5764
5754 5750
5754 5765
5754 5766
5755 5750
5767 5765
5767 163
5768 915
5768 62
5768 83
5768 121
5768 163
5768 5769
5768 2599
5770 1850
5770 5722
5761 915
5761 5714
5761 5771
5761 5772
5761 5773
5761 5774
5761 218
5761 5775
5761 5776
5777 735
5777 5750
5777 62
5777 83
5777 84
5777 163
5777 5778
5777 5779
5777 5780
5777 5781
5777 5782
5777 5783
5777 5784
5713 163
915 3901
915 735
915 5715
915 5785
915 60
915 62
915 69
915 73
915 83
915 4009
915 1807
915 5756
915 5716
915 116
915 5786
915 5787
915 5788
915 5789
915 5790
915 5791
915 1850
915 5792
915 3917
915 1851
915 5720
915 4220
915 1857
915 132
915 585
915 752
915 162
915 163
915 5793
915 5794
915 5795
915 5774
915 3928
915 5796
915 5725
915 3929
915 5797
915 4231
915 5798
915 5731
915 5799
915 5800
915 3940
915 5732
915 5801
915 5781
915 254
915 5802
915 5735
915 5803
915 2176
915 900
915 5804
915 5805
915 5806
915 5745
915 5807
915 5808
915 400
915 5809
3901 62
3901 83
3901 121
3901 132
3901 163
3901 5774
5810 83
5810 163
5810 5803
5811 5750
735 736
735 132
735 5812
735 5775
735 5727
735 5813
735 5729
735 3940
735 5814
735 5735
735 5815
735 5816
735 5743
5817 736
5818 3928
5715 163
5785 83
5785 5719
5785 5819
5785 5805
5785 5741
4297 69
4297 73
4297 116
4297 3614
4297 1453
4297 5820
4297 3618
4297 5821
4297 163
4297 1463
4297 254
4297 1468
4297 5822
1748 83
5823 5824
54 58
54 60
54 5825
54 62
54 5826
54 69
54 73
54 83
54 84
54 1786
54 5827
54 5828
54 103
54 111
54 112
54 116
54 5829
54 126
54 5459
54 1890
54 937
54 140
54 1910
54 1539
54 585
54 1657
54 4364
54 1920
54 5830
54 5831
54 942
54 153
54 751
54 1948
54 752
54 162
54 163
54 1971
54 1985
54 188
54 4394
54 198
54 5832
54 5833
54 5834
54 5835
54 4409
54 5836
54 5837
54 1621
54 2084
54 971
54 5479
54 2101
54 224
54 2105
54 226
54 5480
54 5838
54 5839
54 5840
54 5841
54 5842
54 5843
54 5844
54 5845
54 2208
54 266
54 2222
54 2228
54 4459
54 2247
54 5846
54 5847
54 5848
54 5849
54 2282
54 4474
54 2284
54 4487
54 5850
54 2324
54 5851
54 2351
54 2354
54 5852
54 2362
54 2363
54 5853
54 2366
54 2368
54 5854
54 2374
54 5855
54 2382
54 1010
54 4518
54 326
54 330
54 5856
54 5857
54 5858
54 5859
54 4528
54 1013
54 5860
54 1014
54 5861
54 2423
54 4536
54 5862
54 2434
54 2436
54 2437
54 2460
54 2463
54 5863
54 5864
54 5865
54 4558
54 2506
54 358
54 5866
54 2516
54 2523
54 5867
54 5868
54 2553
54 2557
54 2561
54 4583
54 2578
54 5869
54 5870
54 5871
54 4602
54 5872
54 2623
54 2624
54 5873
54 5874
54 2654
54 5875
54 2706
54 5876
54 419
54 5877
54 5878
54 2747
54 5879
54 5488
54 5880
54 5881
54 811
54 5882
54 5489
54 2814
54 5883
54 1113
54 5884
54 2866
54 5885
54 5886
54 5887
54 4718
54 2912
54 4721
54 2936
54 2946
54 5888
54 2954
54 5889
54 2963
54 5890
54 5891
54 5892
54 3008
54 3014
54 5893
54 3042
54 5894
54 5895
54 3125
54 5896
54 5897
54 3169
54 5898
54 5899
54 5900
54 3254
54 5901
54 3301
54 5902
54 523
54 5903
54 3396
54 3455
54 5904
54 5905
54 5906
54 3538
54 877
54 5907
54 5908
5909 1420
55 58
55 60
55 62
55 69
55 73
55 83
55 84
55 103
55 112
55 116
55 1539
55 585
55 752
55 163
55 188
55 299
55 2392
55 5910
55 5911
55 3433
55 5912
5913 4307
5913 5914
5913 955
5913 588
736 5915
5916 5917
5918 62
5918 73
5918 102
5918 1828
5918 188
5918 338
5918 5919
5918 5920
5918 2625
5304 73
5304 3614
5304 5921
916 5922
916 188
916 4401
916 1011
4298 188
1749 157
1750 5923
1750 5924
1750 5925
1750 5926
1750 5927
1750 5928
1750 5929
1750 5666
1750 5930
1750 5931
1750 5932
1750 5675
1750 5933
1750 5934
1750 5935
5936 3608
5937 5923
5152 5938
5152 3637
5152 5939
5152 5940
5152 5941
5152 5942
5152 5943
5944 5844
4969 5945
4969 5946
4969 197
4969 5689
5947 5948
5949 254
5949 691
5949 692
1383 5950
1383 69
1383 5951
1383 116
1383 162
1383 1463
1383 5952
1383 254
1383 691
1383 292
1383 588
5355 5953
5954 132
5954 2004
5955 3628
5956 69
5956 116
5956 132
5956 162
5956 5957
5956 254
5956 691
5956 5406
5956 5958
5956 3812
5959 3613
5959 5389
5959 5960
5961 188
57 103
57 1528
1506 917
5962 5963
1496 69
1496 84
1496 116
1496 585
1496 163
1496 197
1496 254
1496 1468
1496 5964
883 1897
1616 5965
1616 1415
5684 5966
5684 5663
5684 5351
5684 5967
5684 5968
58 5153
58 4211
58 5969
58 60
58 73
58 79
58 83
58 84
58 100
58 101
58 102
58 103
58 1513
58 106
58 115
58 116
58 118
58 119
58 1514
58 1870
58 129
58 131
58 630
58 137
58 1896
58 1518
58 144
58 149
58 1519
58 752
58 160
58 1522
58 162
58 163
58 164
58 1523
58 188
58 4394
58 196
58 206
58 227
58 1526
58 275
58 369
58 2661
58 2678
58 2937
58 1171
58 5970
58 3393
5153 1760
5153 69
5153 1452
5153 5971
5153 83
5153 116
5153 1840
5153 1453
5153 5972
5153 5973
5153 132
5153 635
5153 1456
5153 5974
5153 163
5153 188
5153 5975
5153 1463
5153 5976
5153 2162
5153 5977
5153 4193
5153 254
5153 5978
5153 1468
5153 5979
5153 5566
5153 5980
5153 3761
5153 3771
5153 1480
5153 1685
5153 5981
5153 5982
5153 5983
5153 5984
5153 3839
5153 5985
5153 5986
5153 5987
5153 5988
5153 5573
5153 5970
5153 5989
5153 5990
5153 5991
5153 5992
5153 5993
4211 3911
4211 1849
4211 5994
4211 5995
4211 5996
4211 5997
5969 251
5998 5999
5998 2198
917 700
917 746
917 588
5710 1011
3902 3911
3902 634
3902 5735
3902 6000
3902 6001
3902 6002
6003 84
6004 188
918 6005
918 83
918 116
918 254
918 6006
918 6007
5599 6008
5599 6009
5600 6008
1752 188
6010 1545
1753 610
1754 73
1754 942
1754 3211
4212 4213
4212 120
4212 898
4212 6011
4212 6012
4212 6013
4212 6014
4212 6015
4212 6016
4212 6017
4212 6018
4212 6019
4212 6020
4212 6021
4212 6022
4212 6023
4212 3949
4212 6024
4212 4236
4212 6025
4212 4237
4212 6026
4212 6027
4212 6028
4212 4243
4212 6029
4212 6030
4212 6031
4212 6032
4212 6033
4212 4247
4212 6034
4212 6035
4212 6036
4212 6037
4212 4257
4212 4261
4212 6038
4212 6039
4212 6040
4212 6041
4212 6042
4212 6043
4212 4271
4212 6044
4212 6045
4212 6046
4144 1783
4144 1618
4144 6047
4144 188
4144 2303
4144 2377
4144 6048
4144 6049
4144 6050
4144 6051
4144 1415
4144 6052
6053 188
3598 62
3598 69
3598 1764
3598 1452
3598 116
3598 163
3598 6054
3598 6055
3598 254
3598 6056
3598 1468
3598 257
3598 6057
1444 5391
5154 6058
5154 5925
5154 2160
5154 6059
5154 6060
5154 6061
5154 6062
5154 6063
3599 3600
3599 5975
3599 6064
3599 1001
3599 2721
3599 826
60 1399
60 62
60 1764
60 71
60 72
60 73
60 79
60 83
60 922
60 84
60 4009
60 95
60 1800
60 100
60 101
60 102
60 739
60 103
60 106
60 111
60 1831
60 115
60 116
60 117
60 118
60 742
60 6065
60 119
60 634
60 6066
60 121
60 3918
60 6067
60 1870
60 125
60 128
60 1453
60 132
60 630
60 4353
60 1391
60 6068
60 137
60 1895
60 1392
60 1896
60 1539
60 585
60 144
60 145
60 148
60 149
60 155
60 6069
60 752
60 160
60 1520
60 162
60 163
60 165
60 178
60 1523
60 188
60 196
60 1524
60 2055
60 1393
60 216
60 6070
60 226
60 227
60 6071
60 6072
60 2173
60 6073
60 6074
60 990
60 6075
60 598
60 1023
60 372
60 434
60 6076
60 6077
60 6078
60 2855
60 6079
60 2867
60 6080
60 6081
60 1159
60 4722
60 1177
60 6082
60 3049
60 6083
60 1212
60 6084
60 6085
60 1229
60 6086
60 4785
60 6087
60 6088
60 6089
60 6090
60 6091
60 3465
60 3502
60 6092
60 1364
60 3564
5244 606
6093 5180
6093 1482
5685 5663
5685 6094
5685 5968
5356 691
5356 692
1757 4121
6095 132
6095 1463
6095 5926
6095 6096
6095 6097
6095 6098
6095 6099
6095 6100
6095 6101
6095 6102
6095 6103
6095 6104
6095 6105
6095 6106
6095 6107
6095 6108
6095 6109
6095 6110
6095 6111
6095 6112
6095 6113
6095 6114
6095 5674
6095 6115
6095 6116
6095 6117
6095 6118
6095 6119
6095 6120
6095 6121
6095 6122
61 69
61 84
61 116
61 3611
61 4349
61 1516
61 163
61 170
61 6123
61 188
61 1463
61 6124
61 3668
61 6125
61 6126
61 6127
61 6128
61 3677
61 254
61 1468
61 3710
61 3726
61 3764
61 3774
61 6129
61 6130
61 6131
61 6132
61 3798
61 3000
61 6133
61 6134
1445 6135
6136 132
6136 6137
6136 6138
6136 6139
6136 6140
6136 6141
4958 116
4958 1453
4958 1468
6142 3660
6143 69
6143 73
6143 116
6143 197
6143 1463
6143 5014
6143 6144
6143 6145
6143 6146
6143 6147
6143 6148
6143 254
6143 1468
6143 6149
6143 6150
6143 6151
6143 6152
6143 6153
6143 6154
4959 3605
4959 69
4959 4960
4959 3613
4959 3614
4959 132
4959 6155
4959 5167
4959 6156
4959 6157
4959 6158
4959 6159
4959 6160
6161 5663
6162 84
5923 6163
5923 5663
5825 4309
1758 84
1758 1529
1758 1379
1758 6164
1758 6165
1758 6166
6167 99
6167 137
6167 588
1759 99
1759 4450
1759 6168
1759 6169
1759 6170
1759 3233
6171 588
6171 677
1760 1788
1760 6172
1760 6173
1760 6174
1760 162
1760 6175
1760 6176
1760 6177
1760 6178
1760 6179
1760 5862
1760 6180
1760 6181
1760 6182
1760 6183
1760 6184
1760 6185
1760 6186
1760 5989
1760 6187
1760 6188
5750 62
5750 5757
5750 5759
5750 6189
5750 218
5750 6190
5750 727
5750 1527
5750 588
4299 84
4299 188
62 6191
62 6192
62 69
62 70
62 71
62 72
62 6193
62 73
62 6194
62 1510
62 79
62 83
62 84
62 6195
62 6196
62 6197
62 6198
62 1785
62 6199
62 6200
62 664
62 6201
62 100
62 101
62 6202
62 6203
62 6204
62 6205
62 102
62 739
62 103
62 6206
62 1807
62 6207
62 1513
62 106
62 6208
62 1822
62 4011
62 115
62 6209
62 116
62 117
62 118
62 573
62 119
62 1847
62 4341
62 634
62 6210
62 5786
62 6211
62 6212
62 5765
62 931
62 1862
62 1870
62 4012
62 3612
62 129
62 1453
62 131
62 1454
62 132
62 5367
62 6213
62 6214
62 630
62 1516
62 137
62 1890
62 6215
62 1908
62 1539
62 1916
62 585
62 6216
62 6217
62 144
62 748
62 146
62 6218
62 1929
62 149
62 1519
62 6219
62 752
62 160
62 1522
62 162
62 163
62 164
62 6220
62 6221
62 178
62 3641
62 1523
62 4014
62 185
62 4390
62 188
62 964
62 6222
62 605
62 2031
62 196
62 1524
62 4403
62 6223
62 2059
62 6224
62 2063
62 212
62 4417
62 216
62 6225
62 6226
62 6227
62 5779
62 5780
62 6228
62 6229
62 2094
62 6230
62 6231
62 6232
62 226
62 227
62 6233
62 1526
62 4430
62 234
62 6234
62 239
62 2149
62 2150
62 6235
62 253
62 3667
62 6236
62 254
62 255
62 5399
62 3705
62 5406
62 5734
62 6237
62 2173
62 6238
62 6239
62 6240
62 6241
62 6242
62 5921
62 6243
62 6074
62 6244
62 982
62 2220
62 4017
62 273
62 6245
62 275
62 990
62 993
62 6246
62 5848
62 6247
62 6248
62 4474
62 6249
62 5466
62 6250
62 6251
62 6252
62 301
62 302
62 303
62 304
62 6253
62 6254
62 307
62 6255
62 6256
62 6257
62 6258
62 6259
62 2350
62 2358
62 2381
62 6260
62 6261
62 329
62 5856
62 2393
62 2399
62 4526
62 6262
62 338
62 2415
62 5860
62 1014
62 6263
62 6264
62 6265
62 4539
62 2435
62 345
62 2443
62 6266
62 2456
62 2458
62 6267
62 2489
62 6268
62 668
62 2503
62 6269
62 2509
62 355
62 356
62 357
62 6270
62 5867
62 5486
62 1025
62 2540
62 362
62 364
62 2554
62 369
62 372
62 6271
62 2566
62 6272
62 6273
62 377
62 378
62 380
62 381
62 5317
62 6274
62 2590
62 6275
62 3772
62 3791
62 1484
62 6276
62 6277
62 4602
62 799
62 6278
62 2637
62 2639
62 671
62 6279
62 4617
62 2662
62 6280
62 2683
62 2685
62 6281
62 6282
62 2713
62 6283
62 421
62 422
62 423
62 424
62 2725
62 6284
62 808
62 6285
62 2736
62 6286
62 6287
62 6288
62 6289
62 6290
62 2783
62 6291
62 2785
62 6292
62 2795
62 2799
62 6293
62 6294
62 673
62 6295
62 2834
62 6296
62 6297
62 2872
62 6298
62 6299
62 6300
62 454
62 6301
62 6302
62 2906
62 6303
62 5468
62 459
62 460
62 462
62 2914
62 2915
62 2922
62 6304
62 1169
62 2961
62 821
62 4741
62 6305
62 6306
62 6307
62 6308
62 6309
62 6310
62 4761
62 6311
62 3065
62 3081
62 3084
62 3105
62 3106
62 1224
62 6312
62 3115
62 489
62 6313
62 6314
62 6315
62 4782
62 3179
62 503
62 3216
62 3227
62 6316
62 6317
62 6318
62 847
62 3265
62 6319
62 4812
62 6320
62 6321
62 6322
62 6323
62 1290
62 6324
62 6325
62 3348
62 4830
62 6326
62 3364
62 3374
62 526
62 6327
62 6328
62 530
62 3390
62 6090
62 6329
62 4843
62 537
62 6330
62 3425
62 6331
62 542
62 3435
62 6332
62 3457
62 6333
62 4886
62 4889
62 6334
62 1349
62 6335
62 3518
62 6336
62 6337
62 6338
62 6339
62 6340
62 6341
62 6342
713 5756
713 6343
713 6344
713 6345
713 6346
713 1896
713 6347
713 6348
713 5729
713 5735
713 5815
713 6349
713 6350
713 3970
713 6351
6352 569
6352 132
6352 6353
6352 6354
6355 2889
6356 189
4300 391
1761 937
1761 6357
6358 83
6358 6359
6360 5663
6360 6361
6360 6362
4301 84
4301 164
4301 188
6191 1514
6191 585
6191 163
6191 6363
6191 6364
6191 231
6191 6365
6191 6366
6191 6367
6368 84
3602 6369
6370 121
3603 71
3603 179
3604 635
6369 84
6369 3614
6369 4599
3903 898
721 6371
721 588
721 1660
6372 2151
6372 2168
6372 1020
6372 1326
1418 1424
5826 79
4078 4089
67 188
6373 162
6373 6374
68 6375
68 69
68 6376
68 116
68 163
68 5098
68 1463
68 254
68 5400
68 5112
68 5067
68 6377
68 6378
68 6379
68 6380
569 6381
569 132
569 3645
569 6382
569 6383
569 6384
569 6385
569 6386
569 6387
569 6388
569 6389
569 6390
569 6391
569 6392
569 6393
569 6394
569 6395
569 6396
569 6397
569 5555
569 6398
569 6399
569 6400
569 6401
569 6402
569 6403
569 5556
569 6404
569 6405
569 5557
569 6406
569 6407
569 6408
569 6409
569 6410
569 6411
569 6412
569 6413
569 6414
569 6415
569 6416
569 6417
569 6418
569 6419
569 6420
569 6421
569 6422
569 6423
569 6424
569 831
569 6425
569 6426
569 6427
569 6428
569 6429
569 6430
569 5560
569 6431
5357 6432
5357 5966
5357 6433
5357 5164
5357 6434
5357 3663
5357 6435
5357 6436
5357 6437
5357 6099
5357 6438
5357 3679
5357 3682
5357 6439
5357 6440
5357 6441
5357 5930
5357 6442
5357 6443
5357 5413
5357 6444
5357 6445
5357 6446
5357 6112
5357 2607
5357 6447
5357 5672
5357 6448
5357 6449
5357 6450
5357 6451
5357 6452
5357 6453
5357 6117
5357 6454
5357 6455
5357 6121
5357 6456
5924 5663
1446 4132
1446 3605
1446 69
1446 1764
1446 116
1446 5160
1446 3735
1446 6457
6458 5172
6459 69
6459 116
6459 2160
6459 6460
6459 6461
6459 6462
6459 6463
6464 1457
6464 6374
6464 6465
6464 6466
6467 5172
4132 6468
5094 6469
5094 6470
5094 6471
5515 70
6472 6473
6472 3707
6474 5608
6474 6475
6474 5609
6474 6476
6474 6138
6474 6374
6474 6139
6474 6477
6474 6140
6474 6141
6474 6478
6474 3861
6479 1764
6480 3613
6480 6481
6480 6482
3605 69
3605 1453
3605 6483
3605 1463
3605 6484
3605 3735
3605 6485
3605 6486
3605 3883
6487 69
6487 116
6487 163
6487 5382
5155 162
6488 6489
6488 6490
6488 6491
6469 5172
6469 6492
6493 5950
6493 6494
6493 6495
6493 6496
6493 6497
6493 6498
6493 6499
6493 6500
6493 6501
6493 6502
6493 6157
6493 6503
6493 6504
6493 6505
6493 6506
6493 6507
6493 6508
6493 6509
6493 6319
6493 6510
6493 6160
5950 1482
5950 6511
69 1447
69 1448
69 70
69 1764
69 6512
69 72
69 6193
69 5358
69 1452
69 3607
69 3608
69 6513
69 73
69 83
69 1788
69 95
69 100
69 101
69 102
69 4330
69 111
69 115
69 116
69 118
69 742
69 119
69 634
69 1870
69 125
69 126
69 3612
69 3613
69 3614
69 3615
69 6514
69 5157
69 129
69 6515
69 6516
69 6517
69 4349
69 5095
69 5359
69 6518
69 6519
69 1453
69 5820
69 5361
69 5362
69 6520
69 130
69 3618
69 131
69 3619
69 1454
69 4961
69 4350
69 3621
69 132
69 5363
69 5006
69 635
69 3625
69 6521
69 5159
69 5160
69 3626
69 5451
69 1883
69 5366
69 5367
69 6213
69 5142
69 4200
69 3631
69 5368
69 630
69 1516
69 137
69 6522
69 585
69 939
69 144
69 149
69 752
69 160
69 1522
69 163
69 176
69 6523
69 1458
69 6524
69 177
69 6525
69 179
69 1459
69 6526
69 6527
69 5369
69 5957
69 4385
69 3639
69 6528
69 3641
69 6529
69 5372
69 5452
69 4209
69 2006
69 6530
69 6531
69 5098
69 188
69 196
69 197
69 216
69 227
69 231
69 232
69 3644
69 6155
69 6532
69 6533
69 4205
69 2160
69 5167
69 253
69 5099
69 3649
69 6534
69 6535
69 5378
69 6536
69 5170
69 6537
69 5379
69 4974
69 5380
69 5011
69 5381
69 1465
69 5102
69 3658
69 3659
69 5143
69 3660
69 5382
69 6538
69 5643
69 5014
69 6539
69 6540
69 4201
69 6541
69 5385
69 6484
69 1567
69 6542
69 3667
69 6543
69 5387
69 5388
69 6544
69 3672
69 6545
69 4193
69 6546
69 6547
69 6548
69 6549
69 5393
69 6146
69 5017
69 3686
69 5395
69 6550
69 6236
69 6551
69 4963
69 3691
69 3693
69 254
69 255
69 5399
69 3696
69 6552
69 256
69 3697
69 3698
69 3699
69 5025
69 3704
69 5403
69 1468
69 5028
69 4981
69 6553
69 3715
69 6554
69 657
69 6555
69 3717
69 257
69 6556
69 6557
69 6558
69 5406
69 6559
69 316
69 369
69 2564
69 5033
69 6560
69 6561
69 5108
69 6562
69 6563
69 5565
69 6564
69 1471
69 6565
69 6566
69 6567
69 5411
69 5041
69 3743
69 6568
69 1477
69 6569
69 6570
69 6571
69 6572
69 5046
69 6485
69 6573
69 6574
69 6275
69 3753
69 5052
69 3759
69 6575
69 5422
69 6576
69 6577
69 6578
69 3772
69 6579
69 6580
69 6581
69 1574
69 6582
69 3790
69 3791
69 5426
69 3796
69 6583
69 6584
69 6585
69 1484
69 5429
69 5431
69 400
69 1636
69 6288
69 6586
69 6587
69 5072
69 5432
69 6588
69 6589
69 6590
69 6591
69 6592
69 6593
633 1772
633 3610
633 5360
633 6594
633 2037
633 251
633 6383
633 6385
633 6595
633 6596
633 6386
633 6387
633 6388
633 6597
633 6389
633 6598
633 6390
633 6599
633 6600
633 6601
633 6396
633 6602
633 6399
633 6603
633 5215
633 6604
633 6400
633 6401
633 6605
633 6606
633 6402
633 6607
633 6608
633 3757
633 6405
633 6406
633 6408
633 6409
633 6354
633 6576
633 6609
633 5559
633 6610
633 6412
633 6413
633 6414
633 6611
633 6415
633 6416
633 3816
633 6612
633 6419
633 6421
633 6613
633 6423
633 6424
633 6614
633 6615
633 6616
633 6617
633 6618
633 6428
633 6429
633 6619
633 6620
633 6431
633 6621
6622 6623
6624 3613
6624 6625
6624 6626
6624 6627
6624 6628
6624 6629
6624 6630
6624 6631
6624 6632
6624 6633
6624 6503
6624 6634
1447 6635
1448 1452
1448 116
1448 163
1448 254
1448 1468
6636 5951
6636 6637
6636 5662
6636 6638
6636 6639
6636 6640
6636 6641
6636 6642
6636 6643
6636 6112
6644 5824
6644 180
6645 6646
6645 6647
6645 5946
6645 6648
6645 6649
6645 4972
6645 6650
6645 6651
6645 6652
6645 6653
6645 4979
6645 254
6645 5689
6645 6654
6645 6655
6645 765
6645 4983
6645 6656
6645 6657
6645 6658
6645 6659
6645 6660
6645 6661
6645 3742
6645 6662
6645 4986
6645 6663
6645 4987
6645 6664
6645 3765
6645 6665
6645 6666
6645 6667
6645 6668
6645 3787
6645 3788
6645 3789
6645 6669
6645 6670
6645 6671
6645 6672
6645 6673
6645 6674
6645 6675
6645 4992
6645 3831
6645 4995
6645 6676
6645 6677
6645 6678
6645 6679
6645 4999
6645 6680
6645 6681
6645 3877
6645 5002
6645 6682
6645 5003
6645 5004
6645 6683
6645 6463
6645 6684
6645 6685
6686 70
6687 4121
6688 5164
6689 6447
70 1452
70 83
70 84
70 116
70 1453
70 6690
70 163
70 6691
70 179
70 5957
70 3639
70 6692
70 1463
70 3665
70 3672
70 3686
70 3691
70 254
70 6693
70 1468
70 6694
70 6695
70 3767
70 6696
70 6697
70 6698
70 6699
70 6700
70 3815
70 6701
70 3854
70 6702
6381 1883
1764 71
1764 1449
1764 6703
1764 6704
1764 5358
1764 1452
1764 83
1764 84
1764 3612
1764 5095
1764 5359
1764 5820
1764 4350
1764 132
1764 5363
1764 3626
1764 163
1764 170
1764 6705
1764 6706
1764 6623
1764 6529
1764 4209
1764 6707
1764 6708
1764 1566
1764 5102
1764 6709
1764 6710
1764 691
1764 5402
1764 6711
1764 6712
1764 5409
1764 5979
1764 5183
1764 6713
1764 6714
1764 6715
1764 6716
1764 6717
1764 6718
1764 5422
1764 6719
1764 6720
1764 5064
1764 6721
1764 6722
1764 6723
1764 5194
1764 6724
1764 6725
4960 3625
4960 3645
4960 3660
4960 6726
4960 6727
4960 6728
4960 6729
4960 4966
4960 6730
6731 116
6731 3620
6731 6732
6731 3729
6731 4984
6731 6661
6731 3744
6731 6733
6731 6662
6731 4987
6731 6734
6731 6735
6731 3784
6731 6736
6731 6737
6731 6738
6731 6739
6731 6740
6731 6741
6731 6742
6731 6743
6731 6461
6731 6744
6731 6745
71 1452
71 73
71 83
71 84
71 116
71 3632
71 585
71 163
71 170
71 179
71 3638
71 188
71 5379
71 1384
71 763
71 5382
71 6540
71 6746
71 3678
71 5178
71 3685
71 5520
71 5105
71 6747
71 254
71 6748
71 6749
71 5404
71 6750
71 3730
71 3734
71 3738
71 5521
71 6751
71 3740
71 6752
71 6753
71 5522
71 6754
71 6755
71 6756
71 6757
71 5525
71 6758
71 3806
71 6759
71 5526
71 6760
71 6761
71 5130
71 6762
71 3855
71 3866
71 6763
71 6764
71 6765
71 489
1449 3619
1449 6524
1449 6766
1449 6767
1449 1462
1449 6768
1449 6769
1449 3722
1449 6770
1449 3775
1449 400
1449 6771
6703 116
6703 163
6703 6772
6703 6599
3606 5655
3606 254
5156 116
5156 1463
6432 5177
6512 116
6512 4349
6512 1456
6512 170
6512 197
6512 254
6512 6657
6512 3745
6512 6734
6512 6665
6512 6773
6512 6774
6512 6666
6512 6667
6512 4989
6512 6668
6512 4990
6512 3789
6512 6671
6512 6672
6512 6739
6512 6723
6512 6775
6512 6776
6512 6678
6512 3851
6512 6680
6512 6777
6512 6778
6512 6682
6512 6683
6512 6779
6780 5663
6780 6781
6780 6782
6780 5172
6780 6783
6780 6784
6780 6785
6494 5413
72 1452
72 73
72 83
72 6376
72 4330
72 116
72 5649
72 6786
72 635
72 5366
72 162
72 163
72 6787
72 6788
72 188
72 1463
72 1683
72 6789
72 6790
72 6791
72 3670
72 5018
72 6792
72 5021
72 254
72 6793
72 5029
72 6794
72 6795
72 5031
72 5032
72 6796
72 6797
72 6798
72 6799
72 3746
72 6800
72 6801
72 5049
72 6802
72 6803
72 6804
72 6805
72 1578
72 6806
72 6807
72 6808
72 6809
72 6810
72 1581
72 6811
72 6812
72 6813
72 6814
72 1584
72 6815
72 5128
72 6816
72 6817
72 6818
72 6819
72 6820
72 6821
6822 5824
1450 116
1450 3693
6823 5663
6824 6156
1451 6825
1451 6826
1451 6827
1451 4964
1451 6828
6193 116
6193 635
6193 163
6193 178
6193 1463
6193 6829
6193 6830
6193 254
6193 6831
6193 1468
6193 6832
6193 6833
6193 6834
6193 6835
6193 6836
6704 6623
6704 6707
6704 3664
6704 6837
6704 2525
6704 6838
5358 116
5358 163
5358 255
5358 3822
5358 6839
1452 116
1452 3614
1452 129
1452 6517
1452 4349
1452 1453
1452 5820
1452 131
1452 1454
1452 4350
1452 132
1452 6840
1452 5451
1452 6841
1452 4200
1452 1516
1452 163
1452 1458
1452 177
1452 6525
1452 179
1452 5957
1452 3641
1452 5372
1452 6842
1452 197
1452 4205
1452 2160
1452 253
1452 6535
1452 4201
1452 3667
1452 6843
1452 6844
1452 6845
1452 4202
1452 5396
1452 4963
1452 254
1452 255
1452 3696
1452 3704
1452 1468
1452 3715
1452 5405
1452 3717
1452 5406
1452 6559
1452 6846
1452 1471
1452 6847
1452 5113
1452 6571
1452 6573
1452 795
1452 6848
1452 3791
1452 3799
1452 400
1452 5436
1452 5437
1452 6849
1452 6850
1452 6851
3607 6852
6853 5663
3608 2004
3608 4134
5971 6854
5971 6855
5971 5273
5971 5274
5971 6856
5971 6857
5971 6858
6859 5371
6859 6860
6861 762
6861 6862
6513 116
6513 154
6513 163
6513 254
6513 1468
6513 6863
6513 6864
6513 6865
6866 1455
6866 6705
6867 1516
6867 6868
6867 6869
6867 3705
6867 6870
6867 6871
6867 6872
6867 3743
6867 5414
6867 1046
6867 6873
6867 5981
6867 798
6867 6874
6867 6875
6867 4124
6867 3834
6867 6876
6867 6877
6867 6878
6879 590
6879 6880
73 79
73 83
73 84
73 1777
73 90
73 4318
73 4009
73 100
73 101
73 102
73 103
73 106
73 112
73 115
73 116
73 6881
73 118
73 119
73 6882
73 1850
73 6883
73 1514
73 1870
73 1872
73 6884
73 128
73 131
73 132
73 133
73 630
73 935
73 1516
73 137
73 1889
73 937
73 1896
73 6885
73 140
73 1912
73 585
73 144
73 6886
73 1923
73 6887
73 149
73 751
73 752
73 160
73 1520
73 1522
73 163
73 164
73 6888
73 950
73 6889
73 174
73 6890
73 2001
73 178
73 6891
73 2009
73 183
73 188
73 2019
73 6892
73 193
73 6893
73 196
73 198
73 1524
73 6894
73 2053
73 2060
73 6895
73 2067
73 2069
73 1393
73 6357
73 6896
73 216
73 226
73 2115
73 2117
73 227
73 6897
73 6898
73 1526
73 231
73 6899
73 6071
73 2127
73 2129
73 976
73 6900
73 239
73 2137
73 6901
73 242
73 5166
73 253
73 254
73 1468
73 257
73 5735
73 2189
73 2191
73 6902
73 6903
73 272
73 2236
73 273
73 275
73 2250
73 6904
73 6905
73 6906
73 2255
73 286
73 2279
73 6907
73 4474
73 6908
73 2312
73 310
73 6909
73 2355
73 6910
73 6911
73 324
73 326
73 6912
73 2395
73 6913
73 336
73 2412
73 339
73 4536
73 6914
73 2456
73 2472
73 6915
73 2487
73 6916
73 2509
73 6270
73 2519
73 2520
73 2525
73 2532
73 789
73 2551
73 6917
73 369
73 5317
73 4592
73 1040
73 383
73 6918
73 1041
73 1043
73 384
73 2588
73 1045
73 6919
73 1046
73 2622
73 2623
73 6920
73 393
73 6921
73 6922
73 6923
73 6924
73 6925
73 2668
73 1065
73 6926
73 6927
73 6928
73 2698
73 2709
73 6929
73 2724
73 6930
73 6931
73 2738
73 6932
73 6289
73 5511
73 6933
73 6934
73 6935
73 438
73 6936
73 2842
73 2844
73 6937
73 1122
73 6938
73 6939
73 2850
73 6940
73 1131
73 6941
73 6942
73 1137
73 2876
73 2888
73 6943
73 2892
73 1147
73 6944
73 4712
73 6945
73 6946
73 4724
73 6947
73 1165
73 6948
73 6949
73 1172
73 6950
73 1175
73 2965
73 6951
73 2983
73 6952
73 1198
73 3009
73 6953
73 3028
73 6954
73 6955
73 6956
73 6957
73 6958
73 6959
73 6960
73 6961
73 6962
73 6963
73 6964
73 1209
73 6965
73 3067
73 6966
73 6967
73 6968
73 6969
73 6970
73 6971
73 6972
73 6973
73 6974
73 1226
73 3126
73 6975
73 6976
73 3193
73 6977
73 6978
73 503
73 3230
73 6979
73 6980
73 3287
73 6981
73 6982
73 511
73 6983
73 6984
73 5513
73 6985
73 6986
73 6987
73 3367
73 3372
73 4836
73 6327
73 6328
73 3384
73 6988
73 6989
73 6990
73 6991
73 540
73 6331
73 6992
73 4873
73 4881
73 4882
73 4883
73 548
73 549
73 551
73 4889
73 6993
73 6994
73 6995
73 6996
73 6997
73 6998
73 6999
73 6339
73 7000
73 7001
4171 4178
4302 188
3904 7002
75 137
7003 84
7003 2850
7004 1766
7005 196
4304 301
4304 4834
7006 2137
4305 4327
1767 7007
1767 188
7008 84
5220 939
663 630
76 84
76 7009
76 7010
76 4531
76 4577
76 2615
76 7011
76 422
76 7012
76 4885
76 555
7013 103
7013 137
7013 585
7013 1523
7014 7015
7014 258
7014 6043
1511 5773
1511 6433
7016 6266
7016 5712
4307 5914
4307 7017
7018 188
7019 4408
77 1528
7020 183
7020 1528
1768 1420
1768 1424
1768 1426
7021 188
714 7022
714 7023
714 7024
714 7025
714 7026
714 7027
714 7028
714 2181
714 7029
714 7030
714 2480
714 7031
714 7032
714 7033
4308 83
4308 1949
4308 7034
4308 7035
4308 5299
7036 1958
7036 2133
7036 7037
7036 1528
7038 7039
4309 103
4309 1528
7040 1420
7040 1424
78 188
79 83
79 101
79 103
79 7041
79 106
79 116
79 634
79 126
79 7042
79 585
79 1519
79 752
79 163
79 4388
79 964
79 7043
79 7044
79 7045
79 7046
79 2878
79 2995
79 3338
79 7047
79 3380
79 7048
79 3530
1769 7049
1769 7050
1769 1633
1769 1643
1769 4185
1769 7051
1769 7052
4310 84
1770 188
7053 84
7053 575
81 7054
5772 218
7055 83
82 601
4103 7056
4103 5238
7057 1420
83 922
83 84
83 94
83 4009
83 5827
83 98
83 100
83 4328
83 101
83 102
83 739
83 103
83 1807
83 1513
83 106
83 7058
83 1427
83 4337
83 111
83 112
83 115
83 116
83 742
83 119
83 634
83 120
83 5787
83 5788
83 6211
83 7059
83 1850
83 5999
83 931
83 1870
83 125
83 6884
83 128
83 5095
83 130
83 132
83 630
83 5459
83 1885
83 135
83 937
83 1896
83 4360
83 1539
83 585
83 1657
83 5140
83 941
83 144
83 1923
83 6887
83 155
83 751
83 6219
83 1948
83 752
83 160
83 1522
83 162
83 163
83 164
83 165
83 949
83 171
83 173
83 178
83 6525
83 179
83 2004
83 3639
83 4209
83 7060
83 7061
83 960
83 185
83 2016
83 188
83 190
83 605
83 4395
83 4015
83 196
83 197
83 1524
83 2053
83 4410
83 7062
83 216
83 7063
83 6225
83 5796
83 5722
83 7064
83 7065
83 7066
83 2089
83 2101
83 7067
83 2113
83 226
83 227
83 229
83 7068
83 7069
83 231
83 232
83 234
83 7070
83 239
83 247
83 251
83 6708
83 1463
83 5379
83 5609
83 6388
83 7071
83 3691
83 254
83 1468
83 7072
83 6556
83 5407
83 3950
83 5738
83 3959
83 6239
83 5805
83 7073
83 5816
83 5806
83 7074
83 2181
83 3966
83 5745
83 3969
83 7075
83 3979
83 7076
83 6902
83 265
83 4450
83 273
83 275
83 990
83 286
83 2271
83 6247
83 7077
83 2305
83 301
83 302
83 304
83 1002
83 2333
83 6374
83 316
83 7078
83 2357
83 7079
83 2365
83 7080
83 6261
83 2386
83 7081
83 2399
83 337
83 2412
83 7082
83 895
83 564
83 4548
83 7083
83 346
83 347
83 2465
83 5864
83 4555
83 354
83 7084
83 7085
83 7086
83 2532
83 2548
83 369
83 2564
83 7087
83 375
83 2569
83 6273
83 4586
83 7088
83 7089
83 7090
83 6718
83 3762
83 3770
83 1046
83 5064
83 3780
83 6130
83 5426
83 7091
83 7092
83 7093
83 1049
83 2615
83 1054
83 4615
83 2663
83 2679
83 2686
83 2687
83 400
83 2704
83 2713
83 7094
83 1636
83 423
83 7095
83 1081
83 810
83 7096
83 2760
83 7097
83 7098
83 7099
83 1090
83 6293
83 442
83 1105
83 5490
83 5883
83 1111
83 2829
83 6077
83 2842
83 7100
83 4682
83 7101
83 7102
83 816
83 2867
83 5885
83 1132
83 7103
83 7104
83 1143
83 7105
83 2897
83 7106
83 7107
83 459
83 460
83 461
83 462
83 7108
83 4723
83 7109
83 7110
83 5696
83 7111
83 1177
83 4731
83 7112
83 2961
83 2971
83 7113
83 2977
83 6306
83 3021
83 5893
83 3023
83 7114
83 7115
83 7116
83 7117
83 7118
83 7119
83 7120
83 6743
83 7121
83 7122
83 7123
83 7124
83 5136
83 3043
83 7125
83 7126
83 6956
83 7127
83 7128
83 6083
83 7129
83 7130
83 7131
83 7132
83 1212
83 7133
83 7134
83 7135
83 7136
83 6973
83 3091
83 3097
83 3099
83 7137
83 7138
83 489
83 3124
83 7139
83 7140
83 3139
83 3149
83 1237
83 4786
83 7141
83 7142
83 7143
83 7144
83 7145
83 3224
83 7146
83 7147
83 7148
83 3249
83 3252
83 7149
83 7150
83 7151
83 4809
83 7152
83 4817
83 7153
83 7154
83 6322
83 7155
83 7156
83 3341
83 7157
83 7158
83 3366
83 7159
83 7160
83 7161
83 7162
83 7163
83 7164
83 7165
83 7166
83 6989
83 1314
83 6991
83 7167
83 7168
83 7169
83 7170
83 7171
83 1336
83 7172
83 7173
83 3468
83 7174
83 7175
83 1345
83 7176
83 7177
83 4896
83 3521
83 1353
83 7178
83 7179
83 3550
83 7180
83 7181
83 7182
83 3562
83 4934
83 7183
83 7184
7185 7186
7185 218
7185 7187
7188 1386
7188 3251
1771 7189
1771 2818
922 116
922 585
922 162
922 163
922 7190
84 7191
84 85
84 87
84 88
84 7192
84 1785
84 90
84 1793
84 1794
84 7193
84 1799
84 4324
84 99
84 100
84 101
84 102
84 1805
84 4329
84 103
84 4332
84 7194
84 1807
84 7195
84 106
84 1814
84 7196
84 1818
84 109
84 1819
84 7197
84 4338
84 1827
84 1830
84 115
84 7198
84 116
84 117
84 118
84 119
84 7199
84 1844
84 7200
84 634
84 7201
84 121
84 4342
84 5999
84 1851
84 7202
84 4220
84 1857
84 6067
84 7203
84 1870
84 125
84 933
84 1876
84 4012
84 4346
84 126
84 4347
84 127
84 128
84 3614
84 5649
84 6516
84 4349
84 7204
84 1454
84 1881
84 132
84 7205
84 635
84 1883
84 7206
84 630
84 5459
84 4351
84 134
84 1885
84 7207
84 137
84 1893
84 138
84 7208
84 1900
84 140
84 4362
84 1910
84 1916
84 585
84 1517
84 939
84 1518
84 7209
84 5140
84 7210
84 1920
84 7211
84 144
84 747
84 6887
84 148
84 149
84 7212
84 7213
84 946
84 4371
84 7214
84 4372
84 751
84 1945
84 1949
84 1963
84 161
84 7215
84 4377
84 1968
84 163
84 164
84 165
84 1975
84 753
84 1420
84 167
84 1980
84 7216
84 1987
84 170
84 7217
84 1993
84 7218
84 953
84 1998
84 7219
84 1999
84 7186
84 2002
84 7220
84 6524
84 7221
84 179
84 3641
84 2005
84 7222
84 6530
84 6626
84 7223
84 2010
84 7224
84 2011
84 2012
84 183
84 185
84 963
84 7225
84 7226
84 188
84 965
84 2027
84 7227
84 2029
84 2030
84 7228
84 7229
84 7230
84 2036
84 2037
84 7231
84 4398
84 2042
84 1524
84 4399
84 7232
84 7233
84 7234
84 2047
84 2050
84 4405
84 7035
84 7235
84 7236
84 2057
84 4412
84 2065
84 7237
84 2067
84 2075
84 4415
84 4417
84 898
84 7238
84 2078
84 2080
84 7239
84 4420
84 7240
84 2093
84 223
84 7241
84 7242
84 2104
84 6230
84 7243
84 7244
84 973
84 974
84 226
84 7245
84 4429
84 2121
84 7246
84 1526
84 2123
84 230
84 2124
84 234
84 2127
84 4432
84 2130
84 7070
84 978
84 239
84 2135
84 2136
84 2140
84 2142
84 7247
84 4439
84 4440
84 2151
84 251
84 2157
84 6155
84 2160
84 1463
84 3654
84 5172
84 7248
84 6769
84 7249
84 5609
84 7250
84 7251
84 5105
84 3693
84 6870
84 7252
84 6103
84 7253
84 2174
84 7254
84 7255
84 7256
84 2181
84 2182
84 7257
84 3987
84 259
84 2201
84 7258
84 4448
84 7259
84 2209
84 4449
84 264
84 2213
84 7260
84 7261
84 7262
84 267
84 7263
84 268
84 2225
84 984
84 2231
84 7264
84 2240
84 275
84 987
84 2243
84 988
84 7265
84 279
84 4462
84 2255
84 7266
84 2257
84 7267
84 2263
84 7268
84 2266
84 2267
84 5847
84 993
84 770
84 2276
84 7269
84 7270
84 4472
84 4473
84 7077
84 7271
84 4478
84 7272
84 4480
84 2296
84 4483
84 2298
84 2301
84 7273
84 301
84 302
84 303
84 304
84 7274
84 7275
84 5850
84 7276
84 307
84 2322
84 7277
84 7278
84 2323
84 4494
84 1001
84 7279
84 2328
84 2331
84 4497
84 7280
84 7281
84 4499
84 7282
84 7283
84 4505
84 2350
84 2351
84 4506
84 2353
84 7284
84 2357
84 7285
84 4513
84 5854
84 2370
84 2371
84 322
84 7286
84 7287
84 1379
84 2375
84 7288
84 4516
84 7289
84 2379
84 7290
84 1009
84 2382
84 2383
84 7010
84 323
84 7291
84 1010
84 4517
84 326
84 7292
84 329
84 7293
84 2389
84 331
84 7294
84 1012
84 4522
84 2401
84 2405
84 2406
84 7295
84 567
84 598
84 7296
84 2407
84 6262
84 2416
84 4530
84 7297
84 2421
84 2422
84 7298
84 341
84 5483
84 2426
84 4537
84 2431
84 7299
84 4542
84 564
84 7300
84 2440
84 2444
84 7301
84 4547
84 7302
84 7303
84 2455
84 2459
84 7304
84 4550
84 7305
84 2464
84 7306
84 4551
84 7307
84 7308
84 1019
84 351
84 5865
84 707
84 2476
84 2480
84 4553
84 2489
84 2490
84 1021
84 2501
84 4557
84 4559
84 2505
84 7309
84 4561
84 355
84 356
84 357
84 7310
84 4562
84 4564
84 7311
84 2523
84 2524
84 1024
84 7312
84 7313
84 786
84 2525
84 7314
84 7315
84 2532
84 2537
84 4570
84 2539
84 7316
84 4573
84 2541
84 2542
84 7317
84 2544
84 4574
84 7318
84 4577
84 7319
84 2550
84 1030
84 368
84 2554
84 2556
84 4579
84 7320
84 2563
84 372
84 2568
84 4022
84 7321
84 7322
84 7323
84 4584
84 4587
84 377
84 378
84 379
84 380
84 381
84 7324
84 2583
84 4590
84 4591
84 2588
84 2589
84 1044
84 7325
84 7090
84 7326
84 7327
84 7328
84 2597
84 2599
84 2601
84 4598
84 2602
84 2603
84 7329
84 5113
84 6571
84 5931
84 6873
84 4600
84 1048
84 7330
84 2615
84 7331
84 4603
84 7332
84 2620
84 7333
84 4606
84 2626
84 2631
84 7334
84 1055
84 7335
84 4612
84 394
84 5874
84 2640
84 1058
84 4614
84 7336
84 2647
84 2649
84 7337
84 7338
84 2659
84 2660
84 7339
84 7340
84 4619
84 7341
84 2666
84 2676
84 4625
84 6280
84 400
84 7342
84 7011
84 4628
84 2711
84 2712
84 419
84 7343
84 4635
84 2721
84 1073
84 1074
84 7344
84 421
84 422
84 423
84 424
84 7345
84 4636
84 2726
84 427
84 4638
84 429
84 7346
84 4643
84 2742
84 2744
84 1087
84 4651
84 1088
84 677
84 4659
84 1092
84 7347
84 2778
84 811
84 4663
84 439
84 1096
84 7348
84 1098
84 4664
84 4665
84 7349
84 1107
84 4670
84 7350
84 443
84 1109
84 4681
84 6076
84 2836
84 5884
84 7351
84 1119
84 1121
84 7352
84 6079
84 1126
84 4685
84 7353
84 7354
84 1128
84 447
84 7355
84 4691
84 450
84 4695
84 7356
84 1141
84 4703
84 7357
84 454
84 1145
84 7358
84 2896
84 7359
84 4711
84 7360
84 6944
84 2901
84 4714
84 4715
84 7361
84 459
84 460
84 461
84 462
84 4716
84 2910
84 2911
84 4719
84 7362
84 1156
84 7363
84 2925
84 7364
84 6947
84 7365
84 7366
84 7109
84 7367
84 6948
84 7368
84 7369
84 2940
84 2941
84 4730
84 2947
84 7370
84 1184
84 4734
84 7371
84 7372
84 4736
84 5494
84 2970
84 1190
84 1192
84 7373
84 1195
84 7374
84 2993
84 7375
84 7376
84 472
84 3005
84 7377
84 3011
84 7378
84 7379
84 6309
84 3814
84 7380
84 7381
84 5435
84 5443
84 7382
84 476
84 3056
84 7383
84 7384
84 7385
84 7386
84 7387
84 4766
84 1213
84 7388
84 7389
84 4768
84 7390
84 483
84 7391
84 7392
84 7393
84 7394
84 3091
84 3097
84 7395
84 7396
84 7397
84 3104
84 7398
84 7399
84 7400
84 491
84 3123
84 839
84 3136
84 7140
84 3137
84 7401
84 3146
84 1235
84 7402
84 6315
84 3153
84 4784
84 6006
84 7403
84 3166
84 3191
84 3889
84 3204
84 3205
84 1400
84 3206
84 7404
84 6978
84 503
84 7405
84 3212
84 7406
84 7407
84 7408
84 4799
84 1255
84 7409
84 3236
84 7410
84 7411
84 7412
84 4806
84 1264
84 7413
84 7414
84 3266
84 3281
84 7415
84 3298
84 7416
84 7417
84 7418
84 7419
84 3340
84 522
84 852
84 7420
84 1296
84 3373
84 3379
84 7421
84 7422
84 530
84 7423
84 3385
84 7424
84 7425
84 7426
84 7427
84 1324
84 7428
84 1325
84 7168
84 3411
84 3414
84 3415
84 4856
84 7429
84 1331
84 4864
84 3436
84 4867
84 7430
84 7431
84 3448
84 7432
84 7433
84 3463
84 7434
84 5699
84 552
84 7435
84 3481
84 4892
84 4893
84 553
84 7436
84 7437
84 7438
84 5905
84 4899
84 3520
84 3521
84 4900
84 3524
84 7439
84 3526
84 4904
84 558
84 7440
84 7441
84 7442
84 559
84 7443
84 4917
84 4921
84 7444
84 4925
84 7445
84 7446
84 7447
84 7448
84 7449
84 7450
4312 203
4312 1133
1772 188
4313 188
7451 99
7451 185
7451 6118
85 5459
85 2143
6195 1785
6195 116
6195 7452
1774 1414
1775 188
1776 1528
1777 6230
7453 1420
7453 1426
1676 7454
1676 7455
87 188
87 203
1778 1796
1778 102
1778 7456
1778 7457
1778 7458
1778 1888
1778 7459
1778 1414
1778 4173
1778 1620
1778 2051
1778 7460
1778 2064
1778 4148
1778 7461
1778 7462
1778 4152
1778 7463
1778 6048
1778 5287
1778 7464
1778 793
1778 7465
1778 7466
1778 7467
1778 4176
1778 2786
1778 7468
1778 4157
1778 7469
1778 7470
1778 4158
1778 7471
1778 4179
1778 3208
1778 3308
1778 7472
1778 5296
1778 7473
1778 7474
1778 7051
1778 7052
1778 3561
1778 7475
7476 162
4214 898
4315 4009
4315 931
4315 7477
4315 4278
4315 4279
4315 7478
4315 7479
4315 7480
7481 715
88 188
3609 1454
5532 1420
6197 573
7482 1426
4316 188
7483 7002
7483 3911
7483 7484
7002 4330
7002 3905
7002 3906
7002 7485
7002 3909
7002 3937
7002 7486
7487 7488
7487 742
89 2058
89 7489
1782 2137
700 6198
700 116
700 746
700 292
1784 630
1784 188
7490 7491
7490 944
7490 588
7490 365
5474 581
4008 94
4008 116
4008 163
4008 6270
7192 301
1785 7492
1785 6208
1785 116
1785 7452
1785 7493
1785 7494
1785 6251
90 163
90 188
7495 4523
1786 2419
4317 4488
4317 7496
4317 7497
4317 7498
7499 119
7499 1524
92 163
92 7500
92 7501
92 7502
92 7503
924 2821
7504 4353
7504 163
1787 1816
1787 188
1787 4543
1787 2479
1787 2986
93 188
610 7505
610 7506
610 7507
610 141
610 188
1788 116
1788 6174
1788 163
1788 188
1788 7508
1788 6177
1788 1463
1788 7509
1788 6179
1788 7510
1788 7511
1788 7512
1788 2525
1788 6181
1788 6182
1788 7513
1788 7514
1788 7515
1788 6185
1788 6186
1788 5989
1788 5990
1788 7516
1788 5991
94 116
94 163
94 2867
94 7394
94 7517
94 7518
7519 4009
7519 931
4320 4400
1789 226
581 5475
581 703
581 705
581 588
581 708
715 3611
715 7520
715 216
715 7521
715 7522
715 7523
715 3953
715 7524
715 7525
715 7526
715 3973
715 7527
715 5997
7528 188
4322 109
4322 751
640 1415
1790 7529
1790 4007
1793 2143
7505 117
7505 7530
7505 7531
7505 4720
7505 7532
6200 200
7533 4009
7533 931
4009 739
4009 116
4009 7534
4009 7535
4009 7536
4009 7537
4009 7538
4009 7539
4009 752
4009 162
4009 163
4009 7540
4009 7541
4009 7542
4009 7543
4009 7544
4009 7545
4009 254
4009 3944
4009 2171
4009 7478
4009 2173
4009 7546
4009 7547
4009 7548
4009 7549
4009 7550
4009 7551
4009 7552
4009 7553
4009 7554
4009 7555
4009 7556
4009 7557
4009 7558
4009 7559
4009 7560
4009 7561
4009 7562
4009 7563
4009 7564
4009 7565
4009 7566
4009 7567
4009 7568
4009 7569
4009 7570
4009 7571
4009 7572
4009 7573
4009 7574
4009 7575
4009 7576
4009 7577
4009 7578
4009 7579
4009 7580
4009 7581
4009 7582
4009 7583
4009 7584
4009 7585
4009 7586
4009 7587
4009 7588
4009 7589
4009 7480
4009 7590
4009 7591
4009 7592
4009 7593
4009 7594
4009 7595
4009 7596
4009 7597
4009 6073
4009 7598
4009 7599
4009 7600
4009 7601
4009 7602
4009 7603
4009 7604
4009 7605
4009 7606
4009 7607
4009 7608
4009 7609
4009 7610
4009 7611
4009 7612
4009 7613
4009 7614
4009 7615
4009 7616
4009 7617
4009 7618
4009 7619
4009 7620
4009 7621
4009 7622
4009 7623
4009 7624
4009 7625
4009 7626
4009 7627
4009 7628
4009 7629
4009 7630
4009 7631
4009 7632
4009 7633
4009 7634
4009 7635
4009 7636
4009 7637
4009 7638
4009 7639
4009 7640
4009 7641
4009 7642
4009 7643
4009 7644
4009 7645
4009 7646
4009 7647
4009 7648
95 116
95 126
95 585
95 752
95 163
95 2217
95 338
95 7649
95 1104
7650 7651
7650 132
7650 188
7650 6374
7650 2505
7652 573
7652 590
7653 391
7653 7654
7653 7655
1794 188
7656 585
7656 1930
7656 7657
7658 1420
7658 1424
7658 2353
1796 2051
7659 931
4323 751
1797 7660
1798 751
7661 931
1799 111
1799 1872
1799 7662
1799 5838
1799 2155
1799 989
1799 2488
1799 7663
1799 1086
1799 1222
1799 6321
1799 3506
1799 7664
1387 163
7665 7666
7665 218
7665 7667
7665 7668
7669 7670
1800 3916
96 6359
96 7110
97 7671
97 2017
97 6232
97 7672
97 4634
97 7673
97 7674
4325 567
1801 7675
4010 179
7488 111
7488 188
7488 4624
7488 4671
7488 4709
7488 4749
98 102
98 188
1802 188
7676 1424
99 105
99 4334
99 7671
99 950
99 2001
99 959
99 961
99 7677
99 6357
99 2081
99 6235
99 4455
99 4501
99 2422
99 7678
99 564
99 2521
99 7679
99 2549
99 7680
99 2662
99 7681
99 2681
99 7682
99 2723
99 7683
99 7684
99 1105
99 4686
99 7685
99 2918
99 7686
99 1181
99 1198
99 3041
99 1218
99 3177
99 7687
99 1242
99 7688
99 4798
99 7689
99 7148
99 3269
99 7690
99 7691
99 7692
99 7693
99 7694
99 7695
99 7696
99 7697
99 3460
99 7698
99 7699
99 7700
99 7701
7702 630
4327 588
100 116
100 585
100 752
100 163
100 254
100 2264
100 7010
100 7703
100 2694
100 7344
100 4648
100 4748
100 4771
100 7704
1544 4106
7705 4220
7706 163
4328 5879
101 103
101 106
101 116
101 126
101 1539
101 585
101 752
101 163
101 188
101 254
7707 667
5828 163
7708 119
925 186
925 4402
925 236
925 244
925 2889
7709 111
102 103
102 1813
102 5756
102 7041
102 7710
102 116
102 931
102 1869
102 1872
102 125
102 4344
102 126
102 7711
102 1886
102 585
102 7712
102 7713
102 941
102 7714
102 752
102 161
102 162
102 163
102 1971
102 7715
102 7716
102 7717
102 188
102 7718
102 192
102 201
102 2044
102 7719
102 7720
102 2097
102 7721
102 6898
102 231
102 2139
102 242
102 4193
102 254
102 2171
102 4237
102 6903
102 7722
102 2246
102 990
102 2260
102 7723
102 7724
102 6908
102 298
102 2300
102 7725
102 7726
102 7727
102 7728
102 895
102 2454
102 7083
102 7729
102 7730
102 7731
102 2489
102 7732
102 7733
102 372
102 7734
102 7735
102 7736
102 7737
102 7738
102 395
102 2652
102 2668
102 400
102 2715
102 1081
102 7739
102 7740
102 7741
102 7742
102 1133
102 2876
102 1147
102 7743
102 7744
102 7745
102 1172
102 7655
102 7746
102 5320
102 7747
102 7748
102 7374
102 3000
102 7749
102 7750
102 3013
102 5321
102 7121
102 5322
102 3060
102 5323
102 7751
102 5324
102 7752
102 3153
102 7753
102 5325
102 5326
102 5327
102 5470
102 5328
102 7754
102 7755
102 5329
102 5331
102 7145
102 5332
102 5333
102 5334
102 5335
102 7756
102 7757
102 5336
102 5337
102 7758
102 7759
102 7760
102 7761
102 5338
102 5339
102 5340
102 3368
102 7160
102 7161
102 7162
102 7163
102 7164
102 7165
102 5342
102 7762
102 5343
102 3469
102 7763
102 5344
102 7764
1419 2353
739 7765
739 1856
739 7766
739 163
739 7767
739 7549
739 7768
739 7769
739 7770
739 7569
739 7573
739 7580
739 7582
739 7771
739 7590
739 7772
739 7773
739 7774
739 7598
739 7603
739 7775
739 7776
739 7777
739 7609
739 7615
739 7778
739 7620
739 7779
739 7780
739 7634
739 7781
739 7782
739 7783
739 7784
739 7643
7785 944
7785 1950
7785 955
7785 956
7785 1667
4329 7437
7786 575
4330 7787
4330 7651
4330 7788
4330 116
4330 3911
4330 5757
4330 7789
4330 7790
4330 7791
4330 132
4330 5821
4330 7792
4330 7793
4330 7794
4330 4387
4330 4408
4330 7795
4330 7796
4330 7797
4330 7798
4330 760
4330 7799
4330 3659
4330 2164
4330 2505
7788 132
4331 7800
4331 7801
4331 7802
4331 4505
4331 7803
4331 7513
4331 7804
103 106
103 111
103 112
103 115
103 116
103 118
103 119
103 137
103 585
103 7805
103 144
103 149
103 151
103 163
103 4014
103 188
103 196
103 227
103 254
103 271
103 2244
103 7077
103 6908
103 2321
103 7806
103 2487
103 372
103 7807
103 2610
103 7338
103 1123
103 1124
103 7808
103 7367
103 1174
103 4729
103 7809
103 1197
103 6310
103 6084
103 7810
103 5897
103 7811
103 7812
103 7813
103 6987
103 3367
103 7814
103 7815
103 7816
103 7817
103 7818
104 630
926 7819
927 125
716 7820
716 7821
716 3907
716 7822
716 3911
716 634
716 7823
716 7824
716 7825
716 7826
716 7827
716 3923
716 7828
716 7486
716 7829
716 3955
716 3727
716 7830
716 7831
716 3964
716 7832
716 7833
716 7834
716 7835
716 7836
716 6001
716 7837
716 7838
716 7839
716 3995
716 7840
716 7841
716 7842
716 7843
701 575
701 188
1807 634
1807 7844
1807 7845
1807 162
1807 163
1807 179
1807 185
1807 7846
1807 7847
1807 7848
1807 2183
1807 2189
7849 7850
7849 7791
7849 5735
6207 2164
6207 7252
1809 106
3905 6072
7851 4337
5306 1391
7195 7189
1513 112
1513 3631
1513 5261
1513 585
1513 752
1513 163
1513 7852
1513 7853
1812 111
4335 950
7854 667
7854 7855
5756 121
5756 5765
5756 719
5756 1869
5756 163
106 4337
106 7196
106 116
106 117
106 7856
106 148
106 7212
106 1948
106 1968
106 163
106 4382
106 188
106 7857
106 7858
106 7859
106 4429
106 6900
106 5843
106 981
106 7860
106 7861
106 7862
106 2531
106 5871
106 2673
106 4669
106 4684
106 5887
106 1152
106 1242
106 3304
4336 972
7058 1927
6208 116
6208 7863
1815 4383
1427 7864
1427 7865
1427 162
1427 7866
1427 7867
1427 7868
1427 7869
1427 7870
1427 1428
1427 7871
1427 7872
1427 5808
1427 7873
1427 7874
1427 7875
1427 2233
1427 7876
1427 7877
1427 7878
1427 7879
1427 7880
1427 7881
1427 7882
1427 7080
1427 7883
1427 6008
1427 7884
1427 7885
1427 7886
1427 7887
1427 7888
1427 7889
1427 7890
1427 7891
1427 7892
1427 7893
1427 7894
1427 7895
1427 7896
1427 809
1427 2738
1427 7897
1427 7898
1427 7899
1427 7351
1427 7900
1427 6009
1427 7901
1427 7902
1427 7903
1427 7904
1427 7905
1427 7906
1427 7907
1427 7908
1427 7909
1427 6974
1427 7910
1427 7911
1427 7912
1427 7913
1427 7914
1427 7915
1427 7916
1427 7917
1427 7918
1427 7919
1816 7920
1816 2060
1816 5859
1816 7921
1816 7922
7923 751
7923 6259
7923 6913
4337 116
4337 163
4337 210
4337 7924
7925 1971
7925 176
7925 188
7925 7739
7925 7926
5308 7927
5308 188
5308 4409
5308 7113
5308 3000
5308 5970
7928 188
7929 188
7930 188
7931 7454
7931 1860
7931 7932
7931 4408
7931 2113
7933 7934
7933 7935
7933 162
7933 188
7933 7668
7933 7936
7933 7937
7938 231
109 7939
1819 1016
4338 751
7940 1896
7940 898
1821 188
1822 4802
4011 116
4011 163
4011 185
4011 7941
4011 6188
111 116
111 126
111 1902
111 752
111 163
111 6220
111 188
111 234
111 254
111 4447
111 2246
111 652
111 6247
111 7296
111 895
111 5484
111 7318
111 4578
111 7325
111 4601
111 7942
111 7943
111 646
111 2698
111 7944
111 6283
111 7945
111 5490
111 7946
111 7947
111 5695
111 7948
111 6301
111 7949
111 7950
111 7389
111 3087
111 1220
111 7951
111 7952
111 498
111 7953
111 7142
111 3184
111 3238
111 7954
111 7955
111 1297
111 527
111 7956
111 7957
111 4872
111 5498
111 7958
111 3556
111 4914
111 7959
111 7960
111 7961
111 7962
111 7963
111 7964
111 7965
112 630
112 163
112 183
112 301
1823 185
113 137
113 1517
113 1059
113 3474
1824 188
1825 188
7966 630
1826 751
1828 7967
1828 338
1828 7968
1828 5920
1828 7969
1828 4789
7970 1924
7970 1242
7454 4408
7454 7971
1829 186
7972 188
7973 3916
7973 3935
7973 1621
7973 3971
7974 1851
7974 2246
7974 4566
115 116
115 126
115 585
115 752
115 163
115 254
115 2274
115 489
1832 144
7975 1952
7975 1953
7975 1957
7975 2109
7975 7729
7975 7976
5716 1522
7977 188
7978 162
7979 756
7979 1415
7980 1420
7980 1424
6209 585
7981 119
1836 752
7457 751
7457 1414
7491 944
116 117
116 118
116 742
116 1388
116 119
116 634
116 121
116 1850
116 7982
116 1514
116 125
116 4012
116 126
116 7983
116 3612
116 1515
116 3613
116 3614
116 6514
116 5157
116 129
116 6515
116 6516
116 6517
116 4349
116 5095
116 5359
116 6518
116 6519
116 5360
116 1453
116 5820
116 7984
116 5362
116 6520
116 130
116 3618
116 131
116 3619
116 1454
116 3620
116 4350
116 3621
116 7985
116 132
116 5363
116 5006
116 635
116 1882
116 3625
116 6521
116 5159
116 5160
116 6840
116 1883
116 6841
116 1456
116 5367
116 5007
116 6213
116 5142
116 4200
116 5368
116 7986
116 6214
116 630
116 1516
116 4353
116 7987
116 137
116 937
116 1392
116 1896
116 6522
116 585
116 939
116 5140
116 144
116 149
116 153
116 155
116 1619
116 752
116 160
116 7988
116 1522
116 1968
116 163
116 165
116 950
116 170
116 171
116 7989
116 176
116 6523
116 2002
116 6648
116 1458
116 7990
116 1564
116 177
116 178
116 7991
116 5162
116 6525
116 179
116 1459
116 6526
116 5369
116 7992
116 5957
116 4385
116 3639
116 3641
116 6529
116 5372
116 5452
116 2006
116 6531
116 7223
116 5098
116 1523
116 4014
116 188
116 605
116 4393
116 2040
116 196
116 197
116 1524
116 201
116 210
116 1393
116 216
116 219
116 223
116 226
116 227
116 229
116 1526
116 231
116 232
116 234
116 3644
116 239
116 979
116 6155
116 6532
116 6533
116 6766
116 4205
116 2160
116 253
116 3649
116 7993
116 6535
116 5378
116 6536
116 7994
116 3655
116 6537
116 5379
116 4974
116 7995
116 7996
116 7997
116 1566
116 7998
116 5381
116 1465
116 5102
116 6385
116 6829
116 3659
116 6055
116 5143
116 3660
116 5382
116 6538
116 5014
116 6539
116 3661
116 6540
116 4201
116 5384
116 5385
116 7999
116 8000
116 3666
116 6542
116 8001
116 3667
116 6843
116 6844
116 5387
116 6144
116 6544
116 3672
116 8002
116 6126
116 4193
116 6546
116 5178
116 4202
116 5390
116 6547
116 6548
116 6869
116 5392
116 5393
116 5394
116 3686
116 5395
116 3687
116 5396
116 6236
116 3690
116 8003
116 3691
116 8004
116 8005
116 254
116 255
116 6056
116 5399
116 3696
116 6552
116 256
116 5689
116 3697
116 8006
116 6655
116 3698
116 3699
116 5400
116 5401
116 3704
116 8007
116 3706
116 1468
116 8008
116 4981
116 3715
116 6554
116 3716
116 5405
116 257
116 8009
116 6556
116 8010
116 6558
116 5406
116 6559
116 5958
116 2181
116 6903
116 4017
116 275
116 2246
116 4018
116 990
116 2286
116 6251
116 312
116 8011
116 316
116 6911
116 2399
116 2401
116 567
116 598
116 338
116 345
116 8012
116 4020
116 1023
116 2529
116 2552
116 369
116 2564
116 4581
116 8013
116 4022
116 8014
116 8015
116 7089
116 2588
116 8016
116 6560
116 6561
116 5108
116 6562
116 5707
116 3730
116 8017
116 5409
116 3735
116 3736
116 1470
116 5565
116 5410
116 1471
116 8018
116 6847
116 8019
116 5411
116 1475
116 1477
116 6833
116 5113
116 6714
116 6569
116 6715
116 5416
116 6571
116 3749
116 6573
116 8020
116 6275
116 1478
116 3753
116 6735
116 6717
116 8021
116 4988
116 8022
116 3762
116 3763
116 8023
116 3765
116 6575
116 3768
116 5421
116 795
116 5422
116 6848
116 6576
116 6577
116 3772
116 1046
116 6580
116 6581
116 5569
116 3786
116 3791
116 5426
116 3799
116 8024
116 8025
116 1483
116 1484
116 5430
116 5431
116 1052
116 2627
116 6278
116 400
116 1636
116 6287
116 7739
116 8026
116 6288
116 8027
116 7098
116 8028
116 2819
116 1531
116 8029
116 5141
116 6301
116 8030
116 6586
116 8031
116 2922
116 4025
116 4026
116 6587
116 3817
116 5127
116 3822
116 7118
116 4194
116 8032
116 8033
116 3841
116 6724
116 5437
116 8034
116 6590
116 6849
116 8035
116 8036
116 8037
116 6850
116 8038
116 8039
116 836
116 4771
116 489
116 3143
116 3169
116 3184
116 8040
116 3220
116 5497
116 8041
116 8042
116 8043
116 3256
116 4811
116 8044
116 3442
116 8045
116 7518
116 8046
116 1369
116 8047
116 6851
8048 3911
8048 634
8048 3931
8048 7831
8048 7834
8048 8049
8048 7835
8048 7839
8050 585
8050 751
1837 585
1837 565
8051 8052
8051 162
8051 218
8051 8053
8051 2189
8051 588
117 1539
117 7035
117 975
117 259
117 8054
117 1394
117 315
117 8055
117 2451
117 8056
117 6270
117 4615
117 6281
117 1084
117 4654
117 4708
117 2910
117 7128
117 3228
117 3437
117 8057
117 7436
1838 4754
1839 321
118 126
118 1539
118 585
118 148
118 752
118 162
118 163
118 188
118 226
118 254
118 5406
1840 188
742 126
742 163
742 223
742 8058
742 8059
742 4515
742 8060
742 416
742 8061
742 4713
742 7393
742 8062
6065 164
1388 163
1389 163
573 6223
573 588
573 8063
8064 7817
119 120
119 718
119 1855
119 7789
119 126
119 1896
119 585
119 752
119 162
119 163
119 1972
119 6890
119 188
119 3938
119 7720
119 2096
119 254
119 8065
119 8066
119 8067
119 8068
119 8069
119 2379
119 2395
119 2556
119 8070
119 8071
119 8072
119 6920
119 2632
119 2657
119 2696
119 2704
119 1078
119 8073
119 2816
119 2873
119 4698
119 8074
119 8075
119 2996
119 7395
119 8076
119 8077
119 8078
119 8079
119 3331
119 3332
119 3333
119 3334
119 3335
119 3336
119 3337
119 8080
119 3484
119 8081
119 7181
7199 355
6882 8082
1843 4394
1844 8083
4340 751
1845 355
1846 751
8084 254
8084 5432
1847 188
8085 1133
7452 6251
7452 588
8086 1898
8086 2026
7200 634
7200 8087
3907 3911
3907 634
8088 216
3908 634
3908 7791
3908 6070
8089 7934
8089 7666
8089 5719
8089 162
8089 8090
8089 8091
8089 8092
8089 8093
8089 8094
7670 7934
7670 7935
7670 7667
7670 8095
7670 8090
7670 8096
7670 8097
7670 7936
8098 4566
8099 3911
8099 634
8099 5735
3910 634
717 5719
717 162
717 7521
717 3939
717 3970
717 7527
717 4566
717 6002
717 8100
7850 3911
7850 634
7850 8101
7850 5735
7850 3958
7850 8102
7850 8103
7850 3999
8104 898
8104 4224
8104 8105
8104 3985
3911 634
3911 7484
3911 6210
3911 7824
3911 8106
3911 170
3911 3923
3911 8107
3911 8108
3911 8109
3911 8110
3911 8111
3911 5735
3911 8112
3911 3947
3911 6072
3911 3950
3911 8113
3911 8114
3911 8115
3911 3959
3911 3961
3911 8116
3911 8117
3911 8118
3911 3969
3911 3974
3911 3975
3911 5996
3911 8103
3911 3982
3911 3986
3911 8119
3911 7836
3911 3993
3911 8120
3911 8121
3911 8122
3911 8123
634 7484
634 8124
634 6210
634 8125
634 8126
634 8127
634 7825
634 8128
634 1857
634 8129
634 163
634 7024
634 7828
634 8107
634 8108
634 8130
634 3932
634 8131
634 4231
634 3936
634 8111
634 8132
634 3944
634 8133
634 8134
634 8135
634 6072
634 8136
634 8137
634 3955
634 8115
634 3727
634 7830
634 6000
634 7561
634 3961
634 8138
634 5995
634 7256
634 8116
634 8117
634 3966
634 8139
634 3968
634 8140
634 8118
634 3969
634 6240
634 8141
634 3974
634 3975
634 8142
634 8143
634 8144
634 8145
634 3987
634 8146
634 2427
634 8147
634 8148
634 3997
634 8149
634 8150
634 8151
6210 8152
6210 162
6210 8153
6210 5994
6210 8138
6210 7832
6210 8154
6210 8155
6210 7149
6210 3996
6210 4004
120 163
120 3938
120 8156
120 8157
120 8158
120 8159
120 8160
120 8161
120 8162
120 8066
120 8163
120 4267
8164 3969
7934 4342
7934 7202
7934 5719
7934 1896
7934 162
7934 7540
7934 8165
7934 8166
7934 8167
7934 8168
7934 8169
7934 8170
7934 8171
7934 8172
7934 8173
7934 8092
7934 8174
7934 8143
718 163
718 216
718 7523
718 8175
718 8176
718 7525
718 6240
718 8177
718 5997
718 8178
718 8179
7534 931
8180 1896
1849 2178
7535 8181
7535 8182
7535 8183
7535 400
6066 7201
6066 163
8184 931
8185 2171
7201 8186
7201 8187
7201 7556
7201 8188
7201 7579
7201 7772
7201 8189
7201 7776
7201 8190
7201 8191
7201 8192
7201 7631
7201 8193
8194 931
5787 163
3912 121
3912 163
5788 121
6343 5757
6343 7238
6343 8195
8196 121
6344 8197
6344 1850
6344 132
6344 5819
6344 8198
6344 7064
6344 8175
8199 719
6211 121
3913 5757
3913 121
5717 121
5717 5765
5717 8200
5717 163
5757 5765
5757 6346
5757 132
5757 163
5757 216
5757 6347
5757 5740
6212 121
6212 163
5718 1850
7059 121
7059 163
7059 8201
7059 8202
121 5791
121 8203
121 5765
121 8204
121 163
121 170
121 3928
121 5722
121 7065
121 971
121 5781
121 8205
121 8206
121 8207
121 5737
121 5803
121 5738
121 8208
121 6349
121 6239
121 900
121 5806
121 8209
121 8210
121 8211
121 8212
121 5748
121 8202
121 8213
8214 5729
8214 3940
8215 5790
5789 8216
5790 8204
5790 8217
5790 8205
5790 3952
5790 8218
5791 162
8219 5765
8219 719
8220 719
8220 1850
5765 5724
5765 5775
5765 8205
5765 8207
5765 8221
5765 5915
5765 8222
5765 8210
5765 6255
5765 8223
5765 8224
719 163
719 8225
719 5796
719 5721
719 8226
719 8221
719 5744
719 8211
719 8227
719 8212
719 8228
719 8229
5758 7666
5758 8230
8231 5792
8232 1850
8232 163
1850 585
1850 752
1850 163
1850 5778
1850 3929
1850 8226
1850 8233
1850 8234
1850 6350
1850 8235
1850 8236
1850 8237
1850 8238
1850 8239
1850 8227
1850 8240
1850 8229
6345 3928
5759 218
5792 3611
5792 163
5792 5814
5792 8241
5792 8233
5792 5736
5792 8234
5792 5740
5792 8235
5792 8239
5792 8195
5792 8242
5792 8243
5792 8244
5792 8245
5792 8246
5792 8213
4216 898
4216 8247
4216 3971
4216 8248
8249 898
3915 8250
3915 8073
3916 4219
3916 3921
3916 8066
3916 8251
8252 162
8252 8091
8252 4566
8253 1852
8253 8254
8253 766
8253 8255
8253 7256
4217 898
7537 7790
7537 8256
8127 7024
8127 8257
8127 2185
8258 931
4342 8097
4342 8093
4342 8259
4342 4566
4218 7789
5999 3917
5999 162
5999 2004
5999 7253
5999 2177
5999 2180
5999 8260
5999 2184
5999 8261
5999 8262
5999 7257
5999 2192
5999 8263
5999 8264
5999 8265
5999 8266
5999 8267
5999 3258
5999 8268
5999 8269
5999 3259
5999 8270
5999 8271
5999 8272
5999 8273
8274 1852
8274 162
8274 7256
1851 8275
1851 3919
1851 4349
1851 162
1851 216
1851 8276
1851 8277
7935 8278
4219 8279
4219 8280
4219 8281
4219 8282
4219 8283
4219 8284
4219 8162
4219 8285
7202 216
7202 8286
7202 8287
7202 4566
931 7765
931 7766
931 4012
931 162
931 163
931 188
931 7542
931 7543
931 7544
931 7545
931 8288
931 8289
931 8290
931 8291
931 8292
931 8293
931 8294
931 8295
931 8296
931 8297
931 8298
931 8299
931 7546
931 7547
931 8300
931 8301
931 7548
931 8186
931 7549
931 7550
931 7551
931 7552
931 7553
931 7554
931 7557
931 8302
931 7769
931 8303
931 8304
931 7560
931 7770
931 4280
931 8305
931 7564
931 4281
931 8306
931 8188
931 7568
931 8307
931 8308
931 7569
931 8309
931 8310
931 7572
931 8311
931 7574
931 7575
931 7577
931 7580
931 7581
931 8312
931 8313
931 8314
931 7582
931 7583
931 8315
931 7584
931 8316
931 8317
931 7585
931 8318
931 7771
931 7588
931 7589
931 8319
931 8320
931 8321
931 8322
931 7592
931 8323
931 7772
931 4282
931 7593
931 8324
931 7594
931 7595
931 7773
931 7774
931 8325
931 8326
931 7598
931 7599
931 7601
931 7602
931 7603
931 7605
931 8327
931 4283
931 8328
931 7776
931 8329
931 4284
931 8330
931 8331
931 8332
931 8333
931 8334
931 8335
931 8336
931 8337
931 8338
931 7611
931 7612
931 8339
931 7614
931 8340
931 8341
931 7616
931 7618
931 4285
931 7620
931 8342
931 8343
931 8344
931 7623
931 7779
931 7624
931 8183
931 8345
931 8346
931 7626
931 7627
931 7628
931 8192
931 4286
931 8347
931 8348
931 8349
931 7780
931 7632
931 8350
931 7635
931 8351
931 8352
931 7638
931 7784
931 7639
931 8353
931 8354
931 7640
931 8355
931 8356
931 8357
931 4288
931 8358
931 7644
931 8359
931 7645
931 7648
7666 8278
3918 8156
3918 8157
3918 8360
3918 8361
3918 8362
3918 8363
3918 8364
3918 8365
3918 8160
3918 8366
3918 8281
3918 8282
3918 8367
3918 8368
8369 4255
8369 4256
8369 8370
5719 4220
5719 7211
5719 2183
1852 751
1852 216
1852 7256
1852 8371
1852 8372
1852 8373
8278 1896
8278 8286
8278 8096
8278 8091
8278 8259
8374 5140
8374 163
8374 7023
8374 2178
7982 163
7982 8375
7982 8376
7982 2178
1853 2178
1853 8377
8378 400
1854 163
1854 6017
1854 8379
1854 4242
1854 6033
1854 8380
1854 4260
1854 8381
1854 4003
1855 216
1855 2246
4220 1896
4220 162
4220 8382
4220 8383
4220 5639
4220 8384
4220 5921
4220 8385
8052 4418
8052 8386
8052 2183
8052 2189
1856 7625
1856 8387
8388 1896
8230 3941
1857 1896
1857 162
1857 8389
1857 8390
1857 8391
1857 8392
1857 2189
3919 4566
8393 3927
8394 216
8395 898
7789 898
7789 4227
7789 8066
7844 7846
7844 8396
7844 8397
7844 8391
7844 8398
7844 8399
7844 8400
7844 8401
7844 8402
7844 8403
7844 8404
7844 8405
8406 3961
8406 5995
7845 8407
8408 3961
3922 163
3922 6014
3922 8409
8410 4566
8411 898
8411 4255
7790 132
7790 8412
7790 8413
7790 7584
7790 7777
7791 8134
7791 8414
7791 3961
7791 2183
7791 7833
7791 7076
7791 8119
7791 8415
7791 8416
7791 8417
8418 4566
932 1298
8419 2470
8419 1153
8419 8420
1860 5505
1860 162
1860 163
1860 2004
1860 7225
1860 8421
1860 8422
1860 7971
1860 8423
1860 8424
1860 8425
1860 8426
1860 8427
1860 8428
1860 1677
1860 8429
1860 8430
1860 8431
1860 8432
1860 8433
1860 8434
1860 8435
1860 8436
1860 8437
1860 8438
1860 8439
1860 801
1860 2738
1860 8440
1860 8441
1860 8442
1860 8443
1860 8444
122 188
8445 969
8445 992
8446 1181
1864 188
8447 4408
8447 1677
1514 7042
1514 6522
1514 585
1514 8448
1514 752
1514 4376
1514 163
1514 6221
1514 188
1514 2066
1514 2090
1514 8449
1514 6250
1514 2333
1514 2369
1514 7315
1514 4732
1514 8450
1514 8451
1514 5470
1514 5898
1514 8452
8453 7987
3611 1454
3611 1466
8454 752
1869 635
8455 630
1870 137
1870 585
1870 752
1870 163
1870 179
1870 188
1870 206
1870 2073
1870 6252
1870 2784
1870 2858
1870 2975
1870 8456
1872 8457
1872 1356
125 126
125 188
125 204
125 2095
125 222
125 8458
125 8459
125 2214
125 8460
125 2221
125 8461
125 288
125 8462
125 300
125 1004
125 332
125 8463
125 8464
125 7332
125 2620
125 2744
125 8465
125 8466
125 8467
125 4705
125 8468
125 7110
125 3064
125 7136
125 3079
125 8469
125 7405
125 8470
125 3296
125 8471
125 3325
1873 164
933 339
933 8472
4344 8473
8474 231
4345 630
1876 301
575 188
575 8475
575 588
575 8476
4012 8477
4346 630
4346 188
126 585
126 746
126 149
126 155
126 752
126 160
126 179
126 188
126 1524
126 223
126 8478
126 226
126 234
126 254
126 4471
126 312
126 316
126 2399
126 338
126 369
126 2564
4968 196
7458 162
7458 8479
8480 188
8481 188
1878 751
1878 7100
4347 5835
4347 588
8482 304
8482 357
7983 163
3612 1453
3612 5534
3612 585
3612 163
3612 1523
3612 1524
3612 1463
3612 3703
3612 1468
3612 8177
3612 8483
3612 8484
3612 6133
3612 8485
3612 3870
3612 8486
127 188
128 163
128 7858
128 309
128 8487
128 8488
8489 1919
1515 1880
1515 8490
7007 1880
8491 1880
8492 1880
8493 7808
889 895
4083 196
3613 1453
3613 8494
3613 8495
3613 6497
3613 1463
3613 8496
3613 8497
3613 8498
3613 5227
3613 8499
3613 8500
3613 8501
3613 8502
3613 8503
3613 8504
3613 8505
3613 8506
3613 8507
3614 1453
3614 3618
3614 8508
3614 635
3614 8509
3614 1883
3614 163
3614 2002
3614 6525
3614 5518
3614 4385
3614 2006
3614 5793
3614 3643
3614 6155
3614 1606
3614 5519
3614 1463
3614 7998
3614 6124
3614 8510
3614 3668
3614 6127
3614 254
3614 1468
3614 6553
3614 1470
3614 5537
3614 6727
3614 4599
3614 8511
3614 5145
3614 8512
3614 3798
3614 7092
3614 798
3614 8513
3614 3827
3614 7381
3614 8514
3614 8515
3614 8516
3614 8485
3614 3863
3614 8517
3614 8486
3614 8518
3614 8519
8520 6787
8521 7222
3615 254
8522 3620
8522 8021
8129 256
6514 5359
6514 163
6514 255
6514 8523
5660 8524
8525 5351
5157 8526
5157 163
5157 8527
5157 1463
5157 255
5157 1468
5157 5410
5157 3801
5157 8528
8529 764
8529 8530
8529 8531
8529 1469
129 1453
129 132
129 585
129 752
129 162
129 163
129 1463
129 254
5649 2004
5649 8532
5649 8533
5649 8534
5649 8535
5649 8536
6515 254
6515 8007
6515 8537
6516 4970
6516 8538
6516 1456
6516 3649
6516 6650
6516 3673
6516 3687
6516 254
6516 8539
6516 5113
6516 6664
6516 6667
6516 6741
6516 8540
6516 8541
6516 8542
3616 5946
4970 1456
4970 179
8543 3658
6517 1516
6517 163
6517 254
4349 1453
4349 130
4349 3625
4349 8544
4349 1893
4349 1896
4349 163
4349 8545
4349 8546
4349 8547
4349 179
4349 8548
4349 6787
4349 6626
4349 5165
4349 8549
4349 6842
4349 188
4349 3644
4349 5375
4349 1463
4349 7997
4349 8550
4349 6538
4349 5643
4349 6539
4349 8551
4349 5609
4349 7801
4349 7251
4349 5396
4349 3693
4349 254
4349 5689
4349 8552
4349 1468
4349 3720
4349 8553
4349 2177
4349 8554
4349 1000
4349 8017
4349 8555
4349 8556
4349 3760
4349 8557
4349 8558
4349 6580
4349 6581
4349 1480
4349 8559
4349 8560
4349 1481
4349 8561
4349 8562
4349 8563
4349 3828
4349 8564
4349 8565
4349 3844
4349 3847
4349 6134
4349 8566
4349 8567
5095 254
5763 5351
5359 8568
5359 163
5359 254
5359 8569
5574 8570
5574 8571
5824 8572
5824 4938
5824 8573
5824 6623
5824 8574
5824 8575
5824 8576
5824 8577
5824 4941
5824 8578
5824 8579
5824 8580
5824 8581
5824 8582
5824 8583
5824 8584
5824 691
5824 4943
5824 692
5824 8585
5824 8586
5824 8587
5824 8588
5824 8589
5824 4950
5824 4952
6519 1453
6519 163
6519 1458
6519 8590
6519 1463
6519 8591
6519 1468
6519 4599
6519 8592
5360 163
5360 1463
5360 5392
5360 254
8593 8000
8593 6548
8593 4599
1453 3618
1453 131
1453 7985
1453 8594
1453 635
1453 5160
1453 1883
1453 3631
1453 163
1453 1458
1453 179
1453 5957
1453 3639
1453 3641
1453 6533
1453 4205
1453 253
1453 6535
1453 6708
1453 5170
1453 1463
1453 3667
1453 6844
1453 255
1453 3696
1453 3698
1453 1468
1453 8595
1453 1483
8596 8597
8596 8598
8596 6490
8596 8599
8596 8600
7204 162
7204 1463
5820 254
7984 163
7984 254
6483 4121
6483 4954
6481 8601
8602 8603
8602 5624
8602 8604
8602 8605
5361 163
5361 8606
5361 6585
5361 400
5362 163
5362 254
5362 8607
5972 180
6520 163
6520 255
6520 1468
6520 8608
8609 8610
130 132
130 163
130 1463
130 5009
130 5014
130 6541
130 6542
130 5018
130 8611
130 254
130 5024
130 8612
130 5038
130 6566
130 5044
130 5045
130 8613
130 6804
130 5068
130 8614
130 1580
8615 5957
8615 254
8615 1468
8615 400
5661 5663
8616 5453
8616 6440
5973 8617
6594 1463
6594 1468
3618 6213
3618 163
3618 254
8618 6782
131 1882
131 585
131 752
131 163
131 5535
131 1463
131 254
131 1468
131 8513
131 5538
131 8619
131 8620
3619 8621
5096 6547
8622 132
8622 8623
1454 8624
1454 163
1454 3645
1454 8625
1454 8626
1454 3823
8627 5967
8628 5663
8629 5663
1455 8630
8631 8632
8633 5172
8634 8594
6786 8635
6786 8636
6786 8637
6786 162
6786 5629
6786 8638
6786 8639
6786 5389
6786 8640
6786 400
6786 8641
1881 5269
1881 2004
1881 8642
1881 5276
1881 2604
1881 5277
1881 6856
1881 5280
1881 8643
8644 4961
4961 6690
4961 1463
4961 8645
4961 6554
4961 8646
4961 6694
4961 6695
4961 8647
4961 6697
4961 6700
4350 163
4350 254
4350 3769
4350 8648
8649 7221
8649 1482
3621 4993
3621 6744
7985 1463
8508 6374
8650 2004
3622 163
3622 400
8651 132
8651 6556
132 7205
132 6840
132 4363
132 7210
132 8652
132 8653
132 8654
132 162
132 163
132 8655
132 8656
132 7991
132 8657
132 6706
132 6468
132 6868
132 2004
132 8621
132 8658
132 3642
132 180
132 6531
132 7794
132 4408
132 8659
132 7065
132 7066
132 8660
132 7796
132 7797
132 7798
132 7799
132 4433
132 3644
132 8661
132 1463
132 4939
132 8662
132 8663
132 8664
132 6791
132 7250
132 3674
132 2165
132 6792
132 2169
132 1468
132 3718
132 8665
132 4448
132 4505
132 2562
132 5707
132 8019
132 1475
132 8666
132 8667
132 5980
132 8668
132 400
132 3814
132 1489
132 8669
132 8670
132 4807
132 8671
132 8672
8568 6590
8635 8673
4121 8674
5097 657
5158 8675
5158 5940
5158 8676
5158 8677
5158 8678
5158 8679
5158 8680
5158 8681
5158 8682
5158 8683
5158 8684
8594 6521
8594 8685
8594 7250
8594 8686
8594 5536
8594 1468
8594 5410
8594 3750
8594 8687
8594 8688
8594 8689
8594 6453
8594 8690
8594 8691
5005 8692
5005 8693
8694 162
8694 3637
8694 5180
8694 8695
5966 5931
8696 8697
8696 8698
3623 1516
3623 6141
3624 197
7205 6309
8699 5931
5363 163
5363 1463
5363 6549
5363 254
5363 1468
5363 1571
5363 5056
5363 8700
6825 8701
5006 163
5006 2160
5006 8702
5006 8703
5006 8704
5006 8705
5006 1468
5006 657
5006 8706
5006 8707
5006 1572
5006 6578
5006 8708
5006 8709
8710 5549
635 7207
635 1893
635 163
635 6525
635 8711
635 253
635 1463
635 5173
635 3683
635 254
635 255
635 1468
635 8712
635 8713
635 8714
635 5062
635 8715
635 8716
1882 163
8717 5172
8718 8562
3625 3645
3625 1463
3625 8719
3625 254
3625 4954
3625 8720
3625 6457
3625 6728
3625 8721
3625 6730
6521 163
6521 1463
8722 1468
8636 762
8636 5620
8723 5172
5821 8724
5821 8512
5663 8725
5663 8726
5663 8727
5663 8728
5663 5172
5663 8729
5663 8730
5663 5665
5663 8731
5663 8732
5663 8733
5663 8734
5663 8735
5663 8736
5663 8737
5663 8738
5663 8739
5663 8740
5663 8741
5663 8742
4962 6726
5159 163
5159 1463
5159 1468
5159 3747
5159 3804
5159 3838
8743 5672
8744 5172
8744 8745
5160 254
5160 8746
3626 1564
5364 8747
5364 8748
5364 8749
5364 8750
5364 8751
5364 8752
5364 8753
8754 3641
8754 5381
6840 6847
5269 8755
5269 7252
5365 8756
5365 8757
5451 3667
8758 8759
8760 2246
1883 163
1883 7220
1883 1460
1883 6772
1883 6384
1883 7999
1883 8761
1883 5392
1883 254
1883 6599
1883 8762
1883 8763
1883 1468
1883 5624
1883 8764
1883 8765
1883 8766
1883 5419
1883 6353
1883 8767
1883 6409
1883 8768
1883 8769
1883 6616
1883 8770
1883 8771
1883 6619
1883 8772
1883 8773
5366 163
5366 253
5366 5382
5366 5561
5366 8774
5366 8775
5366 8776
6841 163
6841 7995
6841 254
6841 6056
6841 1468
6625 8777
8778 4599
1456 8546
1456 7991
1456 6651
1456 254
1456 8779
1456 400
1456 3809
3628 8780
3628 8533
3628 8781
3628 8782
5367 163
5367 1463
5367 254
5367 1468
5007 5369
1457 8783
1457 8784
1457 8785
1457 8786
1457 8787
1457 5424
1457 8788
1457 8789
1457 5444
1457 8790
1457 8791
6213 163
6213 8792
6213 6126
6213 8793
6213 254
6213 1468
6213 8794
6213 8795
6213 329
6213 6275
6213 8796
6213 3824
6213 8689
6213 8797
6213 8690
6213 8798
6647 5946
3629 162
5142 163
5142 1463
5142 254
4200 254
8799 8800
8799 5376
8799 1463
8800 162
8800 8801
8800 8802
8800 8803
8800 1463
8800 5174
8800 8804
8800 5176
8800 8805
8800 8806
8800 8807
8800 5181
8800 8808
8800 8809
8800 5185
8800 8810
8800 5186
8800 8811
8800 8812
8800 8813
8800 8814
8800 5189
8800 8815
8800 8816
8800 8817
8800 8818
8800 8819
8800 8820
8800 8821
8800 8822
8800 8823
8800 5197
8800 8824
8800 5202
8800 5203
8800 8825
8800 8826
8800 8827
8800 8828
8800 8829
8800 8830
8800 8831
8800 8832
8800 8833
8800 8834
8800 5211
3631 1564
3631 1468
3632 8657
8835 6842
6690 1463
8836 8837
8838 3642
5368 163
5368 254
8839 5375
7986 163
7986 8840
7986 197
7986 1468
7986 8841
6214 1539
6214 163
7206 7207
7206 162
7206 2246
7206 4505
704 588
7042 585
8842 2525
8842 8555
133 4453
133 338
8843 1677
8843 7455
630 140
630 585
630 8844
630 5831
630 7212
630 1943
630 752
630 163
630 1378
630 1982
630 5635
630 1993
630 7061
630 7226
630 2028
630 2040
630 2071
630 4417
630 8845
630 269
630 4457
630 8846
630 8847
630 8848
630 5626
630 8849
630 4501
630 8850
630 4512
630 8851
630 8852
630 4521
630 8853
630 2414
630 564
630 8854
630 8855
630 2499
630 7679
630 8856
630 6271
630 4022
630 8857
630 8858
630 8072
630 4609
630 8859
630 8860
630 6283
630 8861
630 4647
630 2754
630 5637
630 4673
630 8862
630 8863
630 2854
630 8864
630 2868
630 8865
630 451
630 453
630 7106
630 8866
630 2918
630 2921
630 8867
630 3061
630 4765
630 8868
630 8869
630 3090
630 8870
630 8871
630 8872
630 3128
630 3204
630 8873
630 8874
630 3360
630 1301
630 6990
630 8875
630 8876
630 8877
630 8081
630 8878
630 3493
630 8879
630 4903
630 8880
630 4920
630 6342
5459 1965
5459 8881
8882 598
8883 155
8883 751
8883 8884
8883 8885
4352 588
134 188
625 8886
625 8887
625 8888
934 188
934 4580
934 3378
935 8889
1885 8890
1516 585
1516 752
1516 163
1516 5369
1516 4201
1516 8891
1516 8892
1516 254
1516 8893
1516 8894
1516 8036
1516 8895
1886 163
8896 226
8896 4615
8896 8897
4353 146
4353 8898
4353 8899
4353 8900
4353 163
4353 8901
4353 2129
4353 4467
4353 8902
4353 6911
4353 2391
4353 2399
4353 4538
4353 2482
4353 2504
4353 2534
4353 2599
4353 2656
4353 1077
4353 6292
4353 8903
4353 7353
4353 8904
4353 8905
4353 8043
4353 8079
4353 8906
4353 7415
4353 1274
4353 8907
4353 8908
4353 3356
4353 3387
4353 6091
4353 4860
4353 1337
4353 3535
4353 3567
4354 4502
4354 7086
4354 8909
4354 7357
4354 4726
4354 3015
4354 1240
4354 4275
4355 7862
1391 8899
1391 8910
1391 8911
1391 2249
1391 4464
1391 8912
1391 8913
1391 5313
1391 5636
1391 8914
1391 2480
1391 8915
1391 6928
1391 8916
1391 8917
1391 8909
1391 8918
1391 8919
1391 8920
1391 8921
1391 8922
1391 7382
1391 8923
1391 4778
1391 8924
1391 5328
1391 8925
1391 4809
1391 8906
1391 3291
1391 8926
1391 8927
1391 4857
1391 6995
1391 6092
4356 8928
4356 2068
4356 7968
4356 2904
4356 1291
4356 8875
4356 8929
8930 226
8930 1117
4358 8931
4358 8932
4358 7127
4359 8933
4359 8934
4359 3314
1887 188
7207 958
7207 4448
7207 4505
7207 8935
7207 6312
7207 8936
7987 163
936 160
1888 8937
1888 1415
7932 1677
6068 937
6068 8938
6068 2955
8939 188
137 1911
137 1539
137 585
137 4365
137 752
137 4383
137 8940
137 188
137 8941
137 8942
137 7677
137 214
137 8943
137 8944
137 2099
137 4427
137 7069
137 7247
137 247
137 254
137 2208
137 8845
137 8945
137 6905
137 8946
137 4480
137 8947
137 8948
137 8949
137 8950
137 4499
137 2338
137 2365
137 1008
137 8851
137 5861
137 7678
137 8951
137 8464
137 2511
137 4020
137 8952
137 8953
137 7319
137 8954
137 4021
137 7088
137 2581
137 8955
137 400
137 7011
137 8956
137 8957
137 5877
137 426
137 1083
137 6292
137 8862
137 8958
137 452
137 8959
137 8960
137 8961
137 820
137 2949
137 2965
137 8962
137 8963
137 3019
137 8964
137 476
137 7394
137 3098
137 3101
137 8965
137 3135
137 8966
137 8967
137 7401
137 3167
137 3185
137 1251
137 8968
137 7146
137 8969
137 8970
137 4822
137 8971
137 7156
137 3351
137 3376
137 1317
137 1321
137 8972
137 3408
137 8973
137 8974
137 4887
137 3494
137 8975
137 8976
137 3545
137 6337
137 7959
137 7182
137 8977
137 3589
937 5140
937 8978
937 8979
937 4501
937 8980
937 8872
937 3280
937 8981
937 6334
6215 8982
6172 1893
6172 2246
1893 6173
1893 8983
1893 6175
1893 7508
1893 6177
1893 8984
1893 7510
1893 7511
1893 6180
1893 7512
1893 8985
1893 6181
1893 6182
1893 7514
1893 8986
1893 6186
1893 7804
1893 8987
5460 1153
8988 244
8989 7798
642 188
1895 6076
1392 163
1896 585
1896 1522
1896 163
1896 1995
1896 8101
1896 8990
1896 188
1896 605
1896 216
1896 4418
1896 8991
1896 6539
1896 3707
1896 8175
1896 7256
1896 7895
1896 8268
8992 188
8993 188
7927 188
139 4361
139 8459
139 8994
139 8995
139 8463
139 8996
139 2620
139 2775
139 8997
139 8465
139 1130
139 8998
139 1232
139 3247
139 3303
139 1278
139 8999
4360 9000
4013 598
9001 2738
890 188
890 895
9002 895
745 162
745 7049
745 9003
745 9004
745 9005
745 1647
745 9006
9007 188
9007 7240
7864 162
9008 3137
1903 188
1905 2297
1905 8069
1905 7290
1905 9009
1905 4895
140 752
140 188
4362 2949
4363 2548
9010 9011
9012 196
9013 196
9014 414
5505 4408
5505 9015
5505 9016
5505 8442
4167 1414
938 9017
1911 144
1911 5310
1912 1089
1913 162
1913 1046
1539 163
1539 1523
6522 163
6522 254
6522 1468
6522 8687
6522 4599
5477 1920
1916 149
9018 2060
9018 231
585 144
585 148
585 1930
585 149
585 752
585 160
585 1522
585 163
585 164
585 170
585 171
585 178
585 179
585 1523
585 4014
585 190
585 605
585 196
585 1524
585 226
585 227
585 1526
585 231
585 232
585 7657
585 979
585 254
585 4017
585 275
585 311
585 2399
585 598
585 338
585 6270
585 1023
585 369
585 372
585 2564
585 8014
585 2588
585 1052
585 9019
585 4771
585 3220
585 3248
585 9020
1517 2024
939 752
939 163
939 9021
939 338
939 1072
939 5469
6173 8983
6173 5862
9022 1927
8983 8011
1657 7061
940 301
1918 4595
1919 1945
1919 188
1919 4496
1919 2483
1919 4563
1919 7379
1919 3091
1919 3121
1919 6313
1919 6330
9023 567
6217 751
7805 183
7805 1528
1518 9024
1518 752
1518 163
8844 6927
8844 4690
8844 9025
746 188
746 7698
5140 163
5140 7545
7210 162
7210 4395
7210 6309
7210 9026
1920 264
1920 9027
1920 9028
1920 4618
1920 5492
1920 9029
1920 2905
1920 4725
1920 3016
1920 3234
1920 4813
1920 9030
1920 7166
1920 9031
9032 9033
5831 9034
4365 2112
4365 1047
4365 9035
4365 1140
4365 9036
941 9037
941 8423
941 328
941 6008
941 7455
941 8441
941 9038
941 9039
941 9040
9041 751
9042 162
9042 1046
9043 144
7211 163
7211 8254
7211 7256
7211 7745
7211 9044
9045 9046
9045 188
4366 4563
4172 9047
144 6887
144 9048
144 1619
144 752
144 162
144 163
144 188
144 191
144 192
144 2085
144 9049
144 4149
144 3717
144 7255
144 5745
144 9050
144 9051
144 8947
144 5852
144 9052
144 779
144 7703
144 2477
144 785
144 7968
144 9053
144 2588
144 4594
144 9054
144 9055
144 2632
144 1055
144 1057
144 9056
144 9057
144 5875
144 9058
144 2656
144 2659
144 4617
144 2668
144 9059
144 9060
144 7349
144 9061
144 9062
144 2895
144 9063
144 2908
144 9064
144 6081
144 9065
144 9066
144 9067
144 7125
144 7132
144 7388
144 3111
144 6085
144 839
144 5896
144 3194
144 6979
144 6983
144 8473
144 9068
144 4837
942 752
942 4392
942 2120
942 9069
942 7384
942 3290
942 9070
9071 598
747 188
943 9072
943 7307
943 2598
943 9073
943 5897
943 1241
944 5849
944 365
944 4614
944 1085
944 4667
944 4719
944 9074
944 1266
944 4915
145 155
145 292
145 588
146 162
146 188
945 2302
6218 1043
9075 166
9076 231
6887 7529
4368 9077
4368 3038
4368 3490
1924 9078
1924 8871
1924 4868
1924 3541
1925 9079
1925 9080
1926 7267
1926 9081
1926 6326
1926 9082
1927 2116
1927 7297
1927 9083
1927 7131
1927 9084
1927 8057
1927 9085
1927 8878
147 9080
4369 183
1928 752
6047 6049
9086 163
9086 423
9087 188
9087 301
149 752
149 163
149 188
149 9088
149 254
149 4468
149 2285
149 5850
149 6261
149 4537
149 9089
149 2531
149 7319
149 2565
149 2567
149 1049
149 8956
149 9090
149 2762
149 7099
149 1659
149 9091
149 9092
149 6950
149 7383
149 3353
149 7422
149 1310
149 1354
1519 752
1519 5842
1519 9093
1519 9094
9095 1415
9096 1393
1932 4589
7212 9097
151 6007
1933 9098
1934 301
9099 4402
9100 7796
9100 1063
7213 188
1936 751
153 5461
153 163
153 1415
1938 188
155 163
155 188
155 213
155 4560
155 9101
155 3034
155 9102
155 6320
1619 162
1619 163
1619 7462
1619 2202
1619 9103
1619 5289
1619 7469
1619 4180
1619 9104
1619 9105
1619 9106
1940 3574
8652 188
8652 1424
1941 751
1941 378
9024 752
4372 188
4372 9107
4372 776
9108 1420
9108 1424
9108 2353
9108 1426
751 947
751 948
751 1966
751 163
751 7218
751 1996
751 6890
751 2021
751 7718
751 2032
751 7229
751 4404
751 2057
751 9109
751 9110
751 7859
751 2079
751 9111
751 219
751 4420
751 9112
751 1622
751 2099
751 224
751 7244
751 4429
751 2121
751 9113
751 2136
751 248
751 2153
751 9114
751 9115
751 9116
751 2218
751 2227
751 9117
751 9118
751 278
751 6905
751 7860
751 7267
751 2267
751 4469
751 9119
751 9120
751 9121
751 8912
751 2287
751 9122
751 2300
751 2302
751 2311
751 7275
751 2315
751 6254
751 7861
751 2323
751 2332
751 9123
751 9124
751 9125
751 4500
751 7672
751 6258
751 7284
751 9126
751 7079
751 9127
751 5853
751 2370
751 2372
751 7727
751 5855
751 5315
751 2384
751 6260
751 9128
751 9129
751 8853
751 7296
751 2415
751 4529
751 9130
751 6265
751 9131
751 8951
751 2438
751 6914
751 2481
751 6915
751 2493
751 9089
751 6049
751 6270
751 4020
751 9132
751 7085
751 9133
751 7663
751 2537
751 7317
751 9134
751 9135
751 789
751 2554
751 2556
751 1035
751 4582
751 7735
751 2574
751 6274
751 2587
751 2588
751 2592
751 8070
751 2601
751 2613
751 6276
751 9136
751 9137
751 4609
751 4610
751 2629
751 2633
751 9057
751 8488
751 4623
751 2677
751 9138
751 2701
751 6281
751 2702
751 8956
751 2705
751 4629
751 5876
751 9139
751 7094
751 6283
751 419
751 2720
751 1072
751 2728
751 8861
751 7095
751 2745
751 9140
751 4653
751 7347
751 2779
751 2782
751 441
751 2797
751 2804
751 6294
751 9091
751 1110
751 2830
751 445
751 8903
751 5911
751 9081
751 5886
751 2878
751 2884
751 9141
751 2891
751 9142
751 7361
751 9143
751 7366
751 9144
751 5889
751 5892
751 6305
751 9145
751 3007
751 3020
751 3045
751 5894
751 9146
751 3057
751 6311
751 1208
751 1214
751 4772
751 9147
751 838
751 3118
751 9148
751 7139
751 9149
751 9150
751 1233
751 3165
751 3171
751 3190
751 3203
751 9151
751 4798
751 3217
751 3232
751 9152
751 4805
751 9153
751 9154
751 3261
751 7690
751 3286
751 9155
751 3298
751 9156
751 7154
751 4820
751 7418
751 517
751 9157
751 9158
751 9159
751 9160
751 9161
751 3369
751 9162
751 7047
751 4835
751 9163
751 7956
751 3397
751 9164
751 3405
751 3406
751 6991
751 1327
751 536
751 8974
751 3430
751 9165
751 7169
751 3447
751 3450
751 546
751 9166
751 9167
751 9168
751 7958
751 3476
751 4890
751 9169
751 9170
751 3492
751 3531
751 557
751 9171
751 7764
751 7445
751 3587
751 3588
157 2038
157 2088
157 9172
157 9173
157 3000
157 473
157 3558
7714 356
4373 9174
9175 1951
9175 992
9175 588
891 588
8884 188
8884 2069
1947 2370
1947 6269
1948 4380
1948 1990
1948 9176
4374 189
4374 621
4374 9177
4374 5910
4374 2808
4374 9178
4374 9146
4374 9147
158 163
1950 262
1950 9179
1952 7976
1953 9180
1953 9181
1954 1168
1954 7054
1954 1330
1955 7297
1956 392
1956 9182
1956 9183
1956 491
1956 9184
1958 8942
8900 302
752 160
752 1522
752 162
752 163
752 171
752 9174
752 7217
752 6890
752 178
752 179
752 1523
752 188
752 1524
752 9185
752 2086
752 226
752 227
752 1526
752 231
752 238
752 239
752 254
752 275
752 989
752 2399
752 338
752 564
752 2459
752 1018
752 1023
752 1054
752 400
752 8957
752 8861
752 2757
752 6934
752 6880
752 1531
752 7654
752 7360
752 9186
752 1153
752 9187
752 9188
752 9189
752 1415
752 9183
752 9190
752 9191
752 3119
752 9148
752 3130
752 3142
752 3193
752 9192
752 1257
752 5901
752 8873
752 9193
752 4835
752 9194
752 9195
752 9196
752 7170
752 3468
752 1340
752 1347
752 9197
1959 9198
8653 162
160 163
160 188
160 2043
160 2224
160 7270
160 9199
160 4504
160 4558
160 9200
1960 188
4147 1023
4147 1415
8654 4395
8654 9201
4375 163
1962 274
1963 9202
1963 487
1522 163
1522 1458
1522 7068
1522 6288
948 9169
9203 162
9203 9204
9203 9205
9203 9206
9203 2956
9203 9207
9203 9208
9203 9209
9203 9210
9203 1326
9203 9211
9203 9212
9203 9040
9203 9213
161 9214
161 301
161 302
161 2419
1965 188
4376 6920
1966 9215
4377 163
9216 753
9216 4520
1967 3752
1967 796
162 163
162 1414
162 7219
162 7186
162 6705
162 7221
162 9217
162 179
162 9218
162 2004
162 2005
162 7222
162 8549
162 4387
162 4014
162 9219
162 7225
162 188
162 2037
162 9220
162 2051
162 7461
162 9221
162 9222
162 8166
162 9223
162 2078
162 1623
162 2113
162 1625
162 1526
162 232
162 9224
162 239
162 9225
162 1463
162 5172
162 8663
162 5173
162 9226
162 5643
162 9227
162 9228
162 8664
162 1466
162 2164
162 5609
162 7801
162 9229
162 6792
162 2169
162 5228
162 9230
162 256
162 9231
162 7252
162 5624
162 3944
162 3945
162 7253
162 6237
162 3950
162 6238
162 9232
162 8553
162 8181
162 7254
162 7479
162 2178
162 9233
162 8554
162 2180
162 3961
162 3972
162 8377
162 9234
162 2192
162 7076
162 9235
162 8251
162 2198
162 9236
162 9237
162 7050
162 990
162 4151
162 9238
162 313
162 4505
162 8432
162 2376
162 7463
162 5259
162 329
162 9239
162 9240
162 2457
162 2519
162 5508
162 2551
162 7464
162 2562
162 372
162 2572
162 793
162 2594
162 7329
162 9241
162 9242
162 9243
162 9244
162 8558
162 9245
162 1046
162 5540
162 9246
162 2642
162 2651
162 2659
162 801
162 1637
162 4661
162 4155
162 8082
162 4682
162 2859
162 9005
162 9247
162 7803
162 7513
162 9248
162 5917
162 9249
162 6310
162 9250
162 832
162 9251
162 4777
162 3122
162 9252
162 3160
162 9253
162 3208
162 9254
162 3255
162 5809
162 1649
162 9255
162 3308
162 9256
162 7473
162 9257
162 1653
162 9258
1968 163
9259 1424
9259 9260
1969 9261
1969 9144
163 164
163 950
163 170
163 171
163 173
163 7190
163 175
163 954
163 6523
163 2002
163 1458
163 7990
163 7220
163 177
163 178
163 5543
163 3635
163 5162
163 6525
163 179
163 6526
163 5369
163 7992
163 5957
163 4385
163 6528
163 3641
163 6529
163 5372
163 2006
163 6531
163 5793
163 5098
163 7500
163 1523
163 9262
163 188
163 4392
163 9263
163 605
163 9264
163 2040
163 196
163 197
163 9265
163 210
163 2066
163 6176
163 1393
163 216
163 3928
163 7063
163 6225
163 5796
163 5722
163 7238
163 3930
163 2077
163 3935
163 3938
163 7064
163 7065
163 7066
163 8931
163 219
163 7240
163 9266
163 8449
163 971
163 223
163 226
163 227
163 229
163 4427
163 7501
163 231
163 232
163 3644
163 239
163 979
163 9267
163 6532
163 2160
163 253
163 7993
163 6534
163 6535
163 6536
163 1463
163 6537
163 5379
163 7995
163 7996
163 7997
163 5380
163 1464
163 7998
163 5381
163 1465
163 5102
163 3659
163 5143
163 5382
163 6538
163 5643
163 6830
163 5014
163 6539
163 6540
163 5384
163 5385
163 7999
163 8000
163 3666
163 6542
163 3667
163 6843
163 6543
163 6844
163 5388
163 6544
163 3672
163 6126
163 4193
163 6547
163 6548
163 5392
163 5393
163 5394
163 6236
163 8003
163 3691
163 8004
163 254
163 255
163 6056
163 3696
163 6552
163 256
163 9268
163 8006
163 5400
163 3704
163 1468
163 3715
163 657
163 3716
163 5405
163 3717
163 7072
163 257
163 9269
163 8010
163 6558
163 2171
163 2173
163 8205
163 5737
163 5738
163 9270
163 9271
163 6239
163 8221
163 7073
163 5816
163 5806
163 7074
163 9272
163 5744
163 2181
163 9273
163 6073
163 2185
163 5746
163 7075
163 9274
163 5463
163 266
163 2237
163 275
163 2246
163 9118
163 8847
163 4018
163 990
163 6908
163 9275
163 6374
163 2356
163 6911
163 9276
163 2399
163 2401
163 9277
163 567
163 338
163 2423
163 9278
163 7045
163 895
163 9279
163 345
163 2454
163 1023
163 2525
163 7733
163 369
163 372
163 2564
163 4021
163 4022
163 793
163 9280
163 6560
163 6561
163 5108
163 5707
163 5565
163 8018
163 1477
163 6833
163 6714
163 6715
163 6570
163 6571
163 3749
163 6573
163 6574
163 8020
163 6275
163 1478
163 3753
163 8606
163 6717
163 3762
163 8023
163 5568
163 6575
163 795
163 6576
163 6577
163 3772
163 8595
163 6580
163 6581
163 6834
163 5569
163 3791
163 5426
163 3799
163 9281
163 1483
163 6585
163 9282
163 1484
163 1052
163 395
163 400
163 2703
163 1068
163 1636
163 9283
163 9284
163 9285
163 2819
163 1531
163 2888
163 2892
163 2894
163 6301
163 1147
163 8030
163 9286
163 4025
163 4735
163 9287
163 7374
163 7749
163 9288
163 9289
163 9290
163 6587
163 3817
163 9291
163 5127
163 9292
163 8032
163 9293
163 9294
163 9295
163 9296
163 6850
163 5572
163 5446
163 9297
163 9298
163 1206
163 9299
163 484
163 4771
163 6366
163 489
163 497
163 3140
163 9300
163 3169
163 3184
163 8905
163 9301
163 3220
163 8043
163 9302
163 9303
163 9304
163 9156
163 1292
163 6325
163 9305
163 9306
163 9307
163 9308
163 9309
163 4902
163 9310
163 3547
163 9311
163 6851
4379 2286
164 950
164 188
164 9312
164 287
164 7806
164 2430
164 9313
164 9314
164 5866
164 9315
164 1032
164 9316
164 2807
164 2838
164 9317
164 8959
164 7107
164 9318
164 4751
164 3017
164 8868
164 3089
164 3161
164 4791
164 3219
164 7689
164 9319
164 4810
164 3357
164 9320
1971 188
9321 188
4380 9322
4380 9323
4380 9208
4380 9210
4380 9324
9325 5635
6220 588
1976 356
949 2284
1977 188
1977 243
8655 2246
6221 9326
9327 1420
9327 1424
166 355
9328 188
1420 9329
1420 9330
1420 9331
1420 9332
1420 9333
1420 1422
1420 9224
1420 9334
1420 9335
1420 9336
1420 9337
1420 9338
1420 9339
1420 9340
1420 801
1420 2738
1420 9341
1420 9342
1420 8082
1420 9343
1420 9344
1420 9345
1420 9346
1420 9347
1420 9254
1420 9348
1420 9349
1420 9196
1420 9350
1420 9351
1420 9352
167 1004
7792 7866
7792 9353
7792 7869
7792 7874
7792 7877
7792 9354
7792 9355
7792 801
7792 7899
7792 6009
7792 7906
7792 9356
7792 9357
7792 9358
1413 9359
1413 4183
1413 292
1413 9360
1413 9361
1413 4143
1413 328
1413 588
1413 9362
1413 9363
1413 4178
950 188
950 605
950 9364
950 7291
950 9277
950 9365
950 9366
950 6926
950 808
950 9367
950 9368
950 9369
950 1143
950 9370
950 2972
950 9371
950 3051
950 9372
950 7144
950 7412
950 9373
950 545
950 3486
950 9374
950 561
7920 188
7920 621
9375 895
7216 760
7216 9376
9377 1415
1414 9378
1414 7070
1414 251
1414 1626
1414 4151
1414 4174
1414 2573
1414 6051
1414 7467
1414 5289
1414 5290
1414 9379
1414 9004
1414 1639
1414 4177
1414 9380
1414 1646
1414 5292
1414 6979
1414 5294
1414 5295
1414 9381
1414 9382
1414 9383
1414 9104
1414 9384
1414 9006
1414 9385
1414 9386
1414 9047
170 959
170 188
170 254
170 9387
170 2640
171 254
171 2576
171 9388
171 6367
9174 2910
4381 7817
1990 2004
1990 188
1991 7271
9046 9110
9046 9389
4382 188
174 9390
174 9391
174 4630
174 9143
174 9392
9393 188
9394 303
1993 188
7989 4491
7989 9395
9396 2117
1995 9397
1997 601
9398 2791
1999 379
2000 188
7186 9232
7186 8255
7186 7187
7186 2204
8527 1468
9399 8747
6523 254
6523 1468
6523 329
6523 9400
6705 5402
6705 9401
9402 5172
8783 6374
8783 1469
8783 9403
8783 9404
8783 9405
8783 9406
8783 9407
8783 9408
5946 6648
5946 2004
5946 4973
5946 4977
5946 6654
5946 9409
5946 4982
5946 6733
5946 9410
5946 4986
5946 6774
5946 6667
5946 9411
5946 4989
5946 6668
5946 4991
5946 6740
5946 6776
5946 8541
5946 9412
1458 9413
1458 254
1458 9414
1458 9282
1458 4137
1458 9415
1458 3869
8545 3693
9416 5173
7990 253
7990 1463
7990 3655
7990 6388
7990 9417
7990 254
7990 8762
7990 1468
7990 6555
7990 8765
7990 6604
7990 6608
7990 3757
7990 6404
7990 6610
7990 9418
7990 6611
7990 9293
7990 6422
7990 6615
7990 9419
7990 6618
7990 9420
7990 8771
7990 9421
7990 6620
7990 9422
7990 6621
2003 6699
2003 5516
7220 1463
9423 5689
9424 5931
1564 6545
1564 5191
6524 254
6524 1468
6524 5113
6524 400
7221 5165
7221 9425
7221 9426
7221 9427
8494 3664
8494 8588
9428 9429
9428 1482
9428 9430
6495 9431
6495 9432
6495 6505
6495 5201
6495 9433
177 254
177 1468
177 8612
177 8010
177 9434
177 5116
177 9435
177 9400
177 9436
6691 1463
8656 2004
9437 5376
178 188
8657 3646
8657 5403
8657 5409
8657 3754
5543 400
8570 6527
8570 2160
8570 9438
9439 5371
8747 9440
8747 2160
8747 9441
8747 8748
8747 5953
8747 9442
8747 9443
8747 9444
5162 254
5162 1468
5162 6394
5162 329
5162 9445
5162 6426
6525 1463
6525 6144
6525 6544
6525 254
6525 1468
6525 6558
6525 9446
6525 4599
6525 400
6525 6309
6525 1488
179 3658
179 763
179 5643
179 3662
179 3671
179 3676
179 3684
179 3688
179 6747
179 3692
179 254
179 6748
179 6749
179 5403
179 3711
179 6750
179 9447
179 9448
179 2173
179 9449
179 6752
179 6753
179 9450
179 3754
179 6754
179 6755
179 6756
179 6757
179 3779
179 400
179 5571
179 6760
179 5527
179 6762
179 9451
179 3852
179 3853
179 5528
179 9452
179 6763
179 9453
179 489
179 9454
9218 9455
9218 5172
9218 9456
9218 9457
9218 5802
9218 6444
9218 5931
9218 9458
9459 3832
6526 9460
6526 9461
6526 6147
6526 255
6526 1468
6526 9462
3636 5183
3636 3878
9463 8011
9463 5424
3637 8675
3637 5939
3637 9464
3637 9465
3637 9466
3637 9467
3637 9468
9469 254
6868 2004
5369 9470
5369 9471
5369 5013
5369 8702
5369 6549
5369 254
5369 9472
5369 1468
5369 9473
5369 7072
5369 5111
5369 9474
5369 9475
5369 9476
5369 9477
5369 9478
5369 5122
5369 5070
5369 5074
5369 1586
5369 9479
5369 9480
9481 1463
1460 5375
1460 6601
5370 1463
5370 8761
5370 254
5370 1468
5370 1023
5370 8768
2004 8549
2004 4408
2004 8131
2004 2159
2004 5168
2004 2161
2004 7248
2004 5643
2004 9482
2004 6655
2004 7252
2004 7802
2004 5508
2004 1478
2004 3808
2004 9483
2004 9484
2004 8698
8548 5382
9485 9486
9487 7252
9488 5180
7992 5957
7992 1463
7992 6384
7992 254
7992 9489
9490 5113
9491 5609
5957 216
5957 254
5957 1468
5957 5958
5957 9492
5518 9447
8801 5376
8801 6374
8801 9493
8801 9494
8801 8825
8801 9495
4385 254
9496 3672
3639 1463
3639 9497
5371 8638
5371 9498
5371 9499
5371 9500
3640 5164
3640 8701
3640 9501
3640 9502
3640 4138
3640 3892
5163 9503
5163 5930
5163 5931
5163 9504
6528 5382
6623 8577
6623 4940
6623 9505
6623 6837
6623 9244
6623 9506
6623 4944
6623 4945
6623 9507
6623 4946
6623 9508
6623 9509
9510 5172
9510 6114
9510 9511
9510 9512
8601 6792
8601 9513
9440 3642
9514 9515
3641 6788
3641 254
3641 9516
3641 6149
3641 8693
3641 5061
3641 9517
3641 9518
3641 6817
3641 9519
9520 6437
9520 8501
9520 9521
6854 1466
2005 1463
2005 6564
2005 5568
2005 1046
8840 254
8840 9522
8840 9523
8840 9524
5164 9525
5164 6443
6787 9526
6787 9527
6787 9528
8603 188
8603 5624
8603 9529
9530 5172
9530 9531
6529 254
5372 4205
5372 1463
5372 8530
5372 6546
5372 254
5372 1468
5372 8774
5372 9532
5372 400
5372 9533
5452 1468
4209 188
4209 4783
6707 9534
6707 6374
6707 9535
9536 5424
7222 9537
7222 6489
7222 9538
7222 9539
7222 8500
7222 6501
7222 9540
7222 1482
7222 8506
7222 9541
7222 9542
2006 6055
2006 8002
2006 254
2006 1468
2006 9543
2006 9544
2006 4599
2006 9545
6530 255
6530 6771
6626 9546
6626 9547
5165 9432
5165 9548
5165 5671
8621 6770
8658 3793
9549 5172
9549 9550
3642 9551
3642 9552
6434 5172
9553 5172
9554 5172
9554 5931
9554 9555
9556 8019
180 9557
180 9241
180 9244
180 9558
180 5984
6781 6782
6531 9559
9560 3664
9560 9539
8549 9561
8549 9562
8549 9563
6782 9564
9565 5545
9431 6629
9431 6630
9431 9566
9431 6631
9431 8777
9431 6633
9431 1482
9431 9567
9431 9568
9569 9570
9569 3664
9569 2164
9569 7252
7223 5105
7223 9571
5793 6768
5793 9572
9573 254
7794 254
9574 5183
9575 9466
9575 5942
2007 301
6891 302
6891 303
590 188
590 9576
590 5832
590 9577
590 8982
590 9578
590 9579
2008 188
1523 605
1523 257
1523 4463
1523 1023
1523 2819
1523 5141
1523 9580
1523 489
1523 3295
958 188
958 424
9581 231
9581 232
959 188
960 332
4014 7246
4014 4018
4014 7097
4014 2957
2013 377
9582 6972
183 9583
183 9584
183 4533
183 9585
183 7807
183 9586
183 1058
183 9587
183 7444
4389 188
185 188
185 9588
185 9589
185 7276
185 9590
185 9591
185 4539
185 7303
185 6270
185 362
185 7734
185 7680
185 8071
185 9592
185 7105
185 9593
185 7743
185 4026
185 6310
185 9594
185 9595
185 7137
185 3128
185 4796
185 9596
185 9597
185 3375
185 9598
185 9599
186 2341
186 9600
186 2486
186 710
186 3195
186 6991
186 9601
186 3533
9602 1415
9219 9237
7225 9011
7225 760
7225 1046
7225 9603
7225 9604
7225 7130
7225 9605
7225 9606
7226 188
7226 7158
9607 188
9607 227
8940 9608
8940 188
8940 227
9608 188
9608 7332
9608 9609
188 2023
188 2025
188 2026
188 7227
188 9583
188 7228
188 2031
188 2033
188 7230
188 9610
188 2039
188 196
188 2041
188 198
188 9611
188 9588
188 9198
188 206
188 207
188 9612
188 4409
188 7235
188 2061
188 2062
188 9613
188 2067
188 2068
188 2069
188 6357
188 4417
188 2078
188 2079
188 2080
188 2083
188 7239
188 9614
188 4421
188 5479
188 2102
188 972
188 6230
188 9615
188 8478
188 759
188 9616
188 4425
188 9617
188 227
188 4426
188 6233
188 2119
188 4428
188 2123
188 230
188 232
188 2125
188 4434
188 239
188 2135
188 240
188 9618
188 4440
188 9619
188 2151
188 1424
188 251
188 2157
188 5764
188 3950
188 6238
188 8553
188 9620
188 2181
188 2191
188 2200
188 2203
188 4449
188 264
188 9621
188 7260
188 2221
188 4451
188 7263
188 2224
188 4454
188 2226
188 4457
188 2232
188 2233
188 2235
188 7264
188 2239
188 8945
188 2240
188 8846
188 274
188 275
188 2243
188 2244
188 989
188 2252
188 6906
188 7266
188 8457
188 2258
188 2259
188 7531
188 2262
188 9622
188 2268
188 2275
188 9119
188 2276
188 9623
188 287
188 6246
188 771
188 4471
188 6247
188 9050
188 9624
188 7271
188 296
188 9122
188 996
188 2297
188 2299
188 2301
188 2302
188 7273
188 9625
188 2309
188 301
188 302
188 303
188 304
188 774
188 9626
188 4492
188 4493
188 2318
188 5481
188 9627
188 2319
188 2320
188 2322
188 4494
188 2327
188 9628
188 7279
188 308
188 4496
188 1002
188 4497
188 6256
188 9629
188 9630
188 1004
188 2343
188 9631
188 8011
188 7283
188 2348
188 9632
188 4507
188 2352
188 2353
188 4508
188 4509
188 9077
188 1007
188 7287
188 9633
188 7289
188 9590
188 2380
188 5259
188 2385
188 326
188 2389
188 4520
188 9240
188 2398
188 2400
188 5858
188 7296
188 2407
188 6164
188 339
188 7297
188 5861
188 4532
188 4534
188 341
188 342
188 2433
188 895
188 7300
188 8996
188 4544
188 1017
188 2445
188 2447
188 9634
188 2452
188 2459
188 7649
188 8935
188 9635
188 9636
188 1658
188 7729
188 9637
188 7306
188 9638
188 2475
188 4552
188 9639
188 6268
188 2495
188 1021
188 2500
188 2501
188 7309
188 353
188 9314
188 356
188 357
188 7310
188 9640
188 4564
188 2519
188 2520
188 9641
188 2523
188 7312
188 7313
188 2527
188 8953
188 4566
188 2530
188 8060
188 4568
188 4570
188 2538
188 7316
188 2543
188 1027
188 9642
188 363
188 1029
188 2550
188 6917
188 1032
188 9643
188 1033
188 2558
188 2559
188 2560
188 1034
188 9644
188 8954
188 5694
188 7087
188 9645
188 1036
188 7322
188 9646
188 2570
188 2571
188 791
188 376
188 1037
188 9647
188 1038
188 4585
188 9648
188 378
188 379
188 380
188 381
188 9649
188 2582
188 4590
188 2585
188 1040
188 4593
188 1041
188 9650
188 7680
188 384
188 2586
188 2589
188 7325
188 2593
188 2596
188 7328
188 2597
188 2601
188 9651
188 7496
188 9652
188 7330
188 7331
188 4603
188 7332
188 2619
188 390
188 9653
188 5873
188 9654
188 2634
188 4613
188 9655
188 9056
188 1060
188 2645
188 2650
188 2654
188 2655
188 9656
188 7340
188 9657
188 7341
188 2664
188 8668
188 9658
188 2667
188 2668
188 4620
188 399
188 4622
188 7681
188 2686
188 2688
188 802
188 9659
188 2691
188 2692
188 2694
188 2698
188 2700
188 9660
188 805
188 1067
188 9661
188 2709
188 1070
188 9662
188 2715
188 418
188 2716
188 419
188 2718
188 8916
188 9019
188 7489
188 422
188 423
188 424
188 425
188 2726
188 4637
188 8061
188 432
188 9663
188 7346
188 8917
188 2739
188 2742
188 2748
188 5318
188 9664
188 1083
188 2752
188 2753
188 2758
188 2761
188 9665
188 2772
188 2773
188 4652
188 4655
188 6934
188 677
188 436
188 4658
188 437
188 4659
188 2777
188 9666
188 9667
188 5881
188 811
188 2787
188 9668
188 2800
188 2801
188 2810
188 2813
188 9669
188 9670
188 4674
188 6076
188 2835
188 2841
188 444
188 9061
188 8467
188 1120
188 9033
188 2849
188 1122
188 8472
188 6938
188 1124
188 6939
188 2853
188 9671
188 2854
188 6078
188 2855
188 6079
188 2856
188 9672
188 2861
188 2864
188 7102
188 9673
188 9674
188 9675
188 631
188 449
188 4692
188 450
188 4693
188 6942
188 1137
188 1138
188 4695
188 2875
188 9676
188 9677
188 9678
188 1141
188 9679
188 9680
188 7685
188 4706
188 4707
188 454
188 2890
188 455
188 2898
188 4711
188 2899
188 2900
188 4712
188 9681
188 9142
188 6945
188 8468
188 459
188 460
188 461
188 462
188 1152
188 2910
188 7108
188 9682
188 1154
188 8960
188 464
188 2916
188 2917
188 9683
188 2919
188 9684
188 1160
188 7808
188 1161
188 2923
188 2926
188 7365
188 9685
188 9686
188 9687
188 2935
188 9688
188 1168
188 7368
188 1171
188 9689
188 2939
188 1174
188 7686
188 9690
188 1175
188 1176
188 9691
188 4729
188 2944
188 5493
188 2951
188 2952
188 8998
188 9318
188 2959
188 9692
188 2965
188 1187
188 2967
188 2968
188 2969
188 6082
188 1188
188 9188
188 1191
188 4740
188 2976
188 2980
188 8075
188 5890
188 9693
188 4743
188 2985
188 4744
188 8962
188 9694
188 2987
188 6305
188 9695
188 4747
188 2998
188 9182
188 2999
188 4750
188 7376
188 1199
188 9696
188 7377
188 9697
188 3015
188 3018
188 3023
188 9698
188 3024
188 3025
188 9699
188 7115
188 7378
188 9700
188 3040
188 8564
188 6955
188 4759
188 3043
188 8867
188 9701
188 3054
188 7384
188 3062
188 6311
188 835
188 478
188 7922
188 9702
188 479
188 6965
188 480
188 9703
188 8451
188 3071
188 7391
188 6967
188 9704
188 9705
188 3078
188 9706
188 1219
188 7704
188 9707
188 3091
188 3092
188 3093
188 9708
188 7951
188 9709
188 9710
188 1223
188 4775
188 3112
188 9711
188 1225
188 9215
188 7400
188 491
188 4776
188 1228
188 6975
188 3136
188 9712
188 6086
188 3138
188 3141
188 4781
188 500
188 3155
188 3156
188 3165
188 7953
188 3168
188 9713
188 4787
188 3175
188 9714
188 1240
188 3182
188 5899
188 4788
188 3188
188 5328
188 9715
188 4792
188 9716
188 9717
188 6977
188 1245
188 9718
188 9192
188 503
188 3209
188 3210
188 9719
188 3215
188 3218
188 8925
188 9720
188 9721
188 9722
188 9723
188 9724
188 9725
188 3223
188 3226
188 7146
188 4800
188 9726
188 3237
188 3241
188 7148
188 7411
188 1661
188 1261
188 9727
188 1262
188 6317
188 3253
188 8270
188 9728
188 7414
188 3271
188 3272
188 3273
188 3274
188 3275
188 3276
188 3277
188 3278
188 509
188 4812
188 3285
188 9729
188 6982
188 3292
188 850
188 1273
188 7954
188 9155
188 3300
188 4816
188 7417
188 1276
188 3306
188 1280
188 3309
188 851
188 3310
188 8874
188 1284
188 7419
188 7155
188 8907
188 8927
188 4823
188 7812
188 9730
188 9731
188 9732
188 9733
188 523
188 9734
188 1294
188 9735
188 7691
188 9159
188 3354
188 3356
188 9320
188 4831
188 1302
188 9736
188 8490
188 854
188 7159
188 5698
188 9180
188 9737
188 9738
188 9739
188 530
188 6087
188 9740
188 9741
188 6088
188 7423
188 9742
188 3392
188 3393
188 4840
188 4842
188 9743
188 4846
188 4847
188 4850
188 9744
188 9009
188 4851
188 9745
188 7428
188 3416
188 535
188 9746
188 9211
188 3422
188 3424
188 1328
188 4858
188 541
188 7498
188 3429
188 4863
188 9747
188 3438
188 9748
188 3444
188 3446
188 4871
188 9749
188 7171
188 9750
188 4873
188 9751
188 7432
188 3456
188 7697
188 4876
188 4878
188 3464
188 3467
188 9752
188 548
188 9753
188 9754
188 3478
188 3480
188 9755
188 9756
188 9757
188 5700
188 9758
188 3488
188 7176
188 9759
188 8081
188 9760
188 9761
188 871
188 7177
188 4897
188 9762
188 3510
188 3511
188 3512
188 3513
188 3514
188 3515
188 3516
188 3517
188 4898
188 9763
188 9764
188 4901
188 4906
188 1662
188 4907
188 3536
188 6336
188 4911
188 3549
188 3551
188 3552
188 9765
188 7443
188 6999
188 7960
188 4926
188 9766
188 3571
188 9609
188 4928
188 9197
188 9767
188 7962
188 9768
188 7664
188 9769
188 3579
188 3582
964 3013
189 6222
189 9770
189 9771
189 8450
8941 8966
2019 8947
9772 1415
8421 4408
8421 1677
5703 292
5703 588
967 7475
1386 9773
1386 7265
1386 9173
1386 9774
1386 9775
1386 9776
1386 9777
1386 7426
1386 9778
1386 3537
1386 7447
9779 1424
9779 2353
9780 588
6222 301
605 216
605 2181
605 1052
605 9298
605 3220
8942 1154
6892 303
9781 1424
1620 9782
4394 9576
4394 226
4394 1674
4394 363
4394 9783
4394 9784
4394 9785
4394 9786
4394 7409
4394 8973
4394 9787
4394 9788
4395 9227
4395 7249
2037 1466
4397 302
4397 1198
9789 1198
2040 2094
196 292
196 588
197 1463
197 6385
197 5015
197 5387
197 254
197 255
197 1468
197 8008
197 9790
197 8009
197 3726
197 5410
197 3781
197 6669
197 1484
197 3814
197 9791
197 1489
197 8034
197 9792
197 9793
197 478
968 9116
200 9708
200 9160
1524 234
1524 5841
1524 9177
7017 588
201 9794
201 9795
2043 2112
4400 588
4401 226
4401 9636
4401 1202
4401 9796
4401 9797
4401 4839
9588 304
4402 9798
4402 275
7233 7161
202 6903
202 7755
7234 381
4403 302
9185 4477
9799 301
9799 377
9265 6329
2047 4475
9198 2821
203 223
203 9622
203 291
203 8058
203 7281
203 4515
203 7308
203 4601
203 2793
203 8997
203 2877
203 7114
203 7950
203 491
203 8471
2051 9800
2051 2786
8475 2427
9576 2063
9576 2306
9576 8935
9576 9801
9576 7375
9576 9802
5832 9803
5833 226
5833 1135
5833 9707
5835 226
5835 1201
5835 1242
2053 9804
9612 301
4408 9805
4408 9806
4408 7971
4408 8424
4408 8425
4408 9807
4408 9808
4408 9809
4408 8432
4408 8434
4408 9810
4408 9811
4408 9812
4408 9813
4408 9814
4408 9815
4408 801
4408 8440
4408 2874
4408 8441
4408 477
4408 9016
4408 9816
5794 6227
5794 7256
9817 1046
9818 2353
2058 9819
2058 9820
2058 7489
2058 7112
2058 7965
210 9821
2060 9189
4412 4435
9822 303
9822 421
9822 424
9823 567
2067 9824
2067 2907
6176 6183
4414 356
214 9798
1393 7138
9825 1424
5150 1424
9805 7455
9011 9205
9011 9826
9011 9604
9011 9212
9110 9827
9333 1424
9828 4761
8659 4505
5350 588
4416 9186
4417 297
4417 2317
4417 2367
7540 216
7540 3972
7540 9829
7540 9830
7520 217
216 4224
216 6013
216 9831
216 3933
216 4231
216 6020
216 9832
216 9833
216 254
216 1468
216 9834
216 9835
216 4240
216 2177
216 9233
216 9836
216 2180
216 3963
216 3966
216 8139
216 9837
216 9838
216 9839
216 9840
216 9841
216 2187
216 2190
216 3978
216 8177
216 2192
216 2194
216 3983
216 3984
216 2195
216 2196
216 3988
216 3989
216 9842
216 8267
216 9843
216 9844
216 2246
216 9845
216 9846
216 9847
216 9848
216 9849
216 9850
216 9851
216 8276
216 9852
216 8277
216 9853
898 9854
898 9855
898 4223
898 4224
898 4227
898 9856
898 9857
898 9858
898 9859
898 9860
898 9861
898 9862
898 6013
898 6016
898 3934
898 9863
898 8379
898 9864
898 6022
898 9865
898 9866
898 9867
898 9868
898 9869
898 9870
898 4235
898 4236
898 4237
898 9871
898 9872
898 4238
898 4239
898 4241
898 9873
898 9874
898 4244
898 9875
898 6033
898 4245
898 9836
898 4246
898 9876
898 7255
898 9877
898 9878
898 4250
898 8065
898 4251
898 9879
898 4254
898 8380
898 4255
898 3971
898 9880
898 9881
898 4258
898 9882
898 3987
898 9883
898 4263
898 4264
898 4265
898 9884
898 9885
898 9886
898 9887
898 4268
898 9888
898 4000
898 9889
898 9890
9891 9892
9891 6029
7023 2178
9893 2178
9893 2185
9894 6021
9894 258
9221 6237
9221 2176
9221 7256
9221 5845
9221 4566
3925 6029
4418 8390
4418 3966
4418 8400
4418 2189
3927 9895
8107 6072
3928 5769
3928 5723
3928 5725
3928 3929
3928 5728
3928 5729
3928 8206
3928 8233
3928 9896
3928 5739
3928 9897
3928 9898
3928 8210
3928 6351
5769 3930
5769 5733
9899 3940
5796 5721
5796 5729
5796 3940
5796 5766
5721 5732
5721 8234
5722 8205
5722 8241
5722 9900
5722 8209
5722 8218
5722 8238
5722 8242
5722 8243
5722 8245
5722 8246
5725 8237
5797 489
3930 5733
3930 8228
9901 7027
9902 9903
9902 2178
9902 9904
8375 2178
8375 2186
9905 2178
9906 2178
1525 5764
1525 292
1525 588
8108 5735
8108 2178
8108 9907
8108 8415
8108 9908
9909 6014
9909 9910
9909 8065
4224 9911
4224 6014
4224 9912
4224 9913
4224 9914
4224 9879
2077 6030
2077 9915
2077 6038
7477 9916
7477 7480
7477 8324
8166 9917
8166 8095
8166 3972
8130 5735
6012 258
8109 3932
8109 8122
9911 2246
6013 4228
6013 4229
6013 9912
6013 9918
6013 9919
6013 9920
6013 9921
6013 6037
6013 9922
6013 9923
6013 3983
6013 8073
6013 6041
3932 8112
9223 2246
6014 4252
6014 258
6015 3938
217 7522
217 8176
217 3953
217 7526
217 292
217 588
217 8179
6070 4255
8167 3972
8168 3972
3934 9924
3934 8073
3934 9925
3934 9852
7795 9926
7545 7768
7545 2652
4277 4279
4278 4279
4278 9927
4278 8299
4278 9928
4278 9929
4278 9930
4278 7591
4278 8349
9931 7480
9932 9933
6227 6237
6227 895
6227 4566
6017 8073
4230 2246
2078 2198
9934 3983
8396 2189
9863 3938
9935 2178
6020 8073
8170 8091
8170 8093
3938 9832
3938 4249
3938 4256
3938 9936
3938 9937
3938 4268
9938 3966
218 5798
218 4279
218 5776
218 292
218 588
5728 5730
5729 8222
5731 9939
5799 7073
3940 8236
3940 5742
9940 292
9940 588
5814 9941
9942 2246
9943 3983
9944 3942
8376 2178
8376 2186
8376 9945
3941 5735
3941 9946
3941 4566
9947 9948
9949 227
9949 7296
1621 1415
9950 301
1428 9951
1428 9952
1428 477
9953 2422
221 302
7239 227
7239 2296
6228 1198
6229 4482
6229 6295
2091 6280
9266 312
9266 9954
8449 2092
1623 1415
1624 1597
970 6270
2100 6737
2100 421
2100 7345
972 6910
972 4621
972 9955
972 9674
972 9701
972 1318
972 7174
972 9956
972 7446
972 9957
596 601
9958 1424
6231 231
9959 1198
7244 302
7244 303
7067 4737
2108 7342
2109 8915
2109 1360
2109 1376
6232 1011
2113 8433
2113 8435
2113 9960
2113 9813
2113 9961
2113 2874
2113 9962
2113 9963
2113 9964
2114 7798
226 1424
226 254
226 3971
226 4477
226 2399
226 5857
226 9965
226 5712
226 7039
226 6359
226 9966
2115 2130
2115 4466
227 4434
227 254
227 4449
227 7271
227 4494
227 9629
227 2389
227 7296
227 2407
227 7306
227 4570
227 2597
227 7330
227 7332
227 9657
9967 289
9967 401
7796 9968
7796 9969
7796 9970
9971 588
4428 2312
7246 4773
6898 3030
6898 9020
2123 420
9098 4433
6054 231
7069 2386
7797 9972
7797 9973
7798 9974
7798 9975
7798 9976
7798 9977
7798 9978
7798 2738
7798 4661
7798 9979
7798 8456
7798 9980
7798 9981
7798 9982
3643 3859
9833 6240
4149 1415
760 9983
760 772
760 9984
760 9603
760 9985
760 9986
760 9209
760 9987
760 9606
760 9988
7799 9989
9974 2642
231 6544
231 254
231 257
231 301
231 2588
231 6282
231 6288
231 1147
231 4732
231 2958
231 9990
231 9580
231 9991
231 9992
231 3527
231 3543
232 5513
975 2402
9224 2353
6899 3315
6899 9993
234 9994
2125 301
235 7337
235 2930
235 7396
235 8470
235 9995
235 9167
236 9996
237 9776
2126 7156
9997 1424
9998 7895
2130 9999
2130 9697
4433 10000
4433 10001
4433 10002
4433 10003
4433 10004
10005 9038
2133 534
2134 2642
3644 3645
3644 254
239 372
3645 3693
2136 4604
2137 10006
2137 3076
2137 3264
2137 7955
243 4611
243 10007
247 8864
9267 10008
1423 1424
2151 10009
249 9289
8459 10010
250 378
1424 9334
1424 9335
1424 10011
1424 10012
1424 1425
1424 10013
1424 9336
1424 4534
1424 9339
1424 10014
1424 9341
1424 9342
1424 9344
1424 10015
1424 9347
1424 10016
1424 9348
1424 10017
1424 10018
1424 10019
1424 9350
2154 7257
2154 6922
2154 7738
7872 5601
7872 7879
7872 10020
7872 9354
7872 10021
7872 9355
7872 6008
7872 7885
7872 10022
7872 7889
7872 7894
7872 10023
7872 10024
7872 10025
7872 4807
5222 10026
5222 10027
9114 2412
9114 10028
9114 2806
9114 10029
9114 4866
9114 4927
2159 6115
6155 254
6532 5012
6532 5014
6532 5019
6532 5106
6532 10030
6532 5030
6532 5039
6532 5047
6532 10031
6532 6802
6532 5057
6532 5060
6532 10032
6532 6804
6532 8592
6532 6743
6532 5084
6532 6380
6532 5089
6533 5167
6533 254
6766 1468
10033 1466
10033 2164
5138 657
10034 8000
10035 5104
4205 254
4205 1468
2160 9441
2160 1463
2160 7997
2160 10036
2160 8719
2160 254
2160 9447
2160 10037
2160 10038
2160 10039
2160 10040
10041 4939
10041 2604
10041 10042
10041 9535
10043 5183
10044 762
253 1606
253 1463
253 9214
253 254
253 6870
253 1468
253 657
253 8893
253 10045
253 10046
253 5187
253 4988
253 10047
3648 1468
5168 5172
5168 10048
5168 9504
10049 7329
5975 254
5375 1463
5375 10050
5375 5390
5375 254
5375 6391
5375 8763
5375 1468
5375 6395
5375 6397
5375 6409
5375 6427
4973 1463
1606 255
10051 1463
10051 9447
10052 3693
6059 5172
6059 10053
2161 8177
7993 254
5376 8803
5376 10054
5376 10055
5376 5174
5376 10056
5376 8806
5376 10057
5376 10058
5376 8808
5376 8809
5376 8812
5376 8813
5376 10059
5376 10060
5376 8815
5376 10061
5376 8818
5376 10062
5376 10063
5376 10064
5376 10065
5376 10066
5376 8822
5376 10067
5376 10068
5376 5199
5376 8825
5376 5206
5376 8827
5376 8828
5376 10069
5376 10070
5376 10071
6534 255
6534 5187
6534 400
10072 5172
10073 3659
6535 254
6535 1468
6535 10074
10075 1468
6382 5404
10076 5549
5377 5391
6497 8598
6497 10077
6497 6510
3652 10078
3652 10079
9432 5931
9432 5934
5378 254
8802 10054
8802 5549
5519 9447
6536 1463
6536 1468
6536 6743
7994 1468
7994 8666
10080 3658
8661 10081
8661 8630
8803 5549
8803 10082
5170 254
5170 6485
10083 8531
1462 10084
1462 6591
1463 6537
1463 10085
1463 5102
1463 6385
1463 6829
1463 3659
1463 5143
1463 10050
1463 6539
1463 7999
1463 6596
1463 8664
1463 5388
1463 6862
1463 4193
1463 5180
1463 5392
1463 6389
1463 5395
1463 8645
1463 10086
1463 10087
1463 9230
1463 6831
1463 10088
1463 5689
1463 3697
1463 9268
1463 3705
1463 1468
1463 8646
1463 6556
1463 5406
1463 9232
1463 9236
1463 990
1463 6270
1463 5707
1463 8483
1463 8764
1463 6564
1463 8019
1463 6659
1463 3743
1463 10089
1463 6663
1463 6403
1463 9515
1463 6727
1463 10090
1463 3758
1463 8022
1463 5568
1463 6576
1463 8558
1463 9245
1463 3772
1463 10091
1463 10092
1463 6719
1463 1046
1463 5189
1463 5540
1463 8815
1463 9411
1463 6863
1463 10093
1463 10094
1463 3791
1463 6721
1463 10095
1463 10096
1463 10097
1463 5127
1463 10098
1463 5193
1463 6420
1463 5196
1463 6876
1463 3849
1463 10099
1463 10100
1463 5440
1463 10101
1463 10102
1463 10103
1463 8623
1463 5003
1463 10104
1463 10105
1463 3258
1463 10106
9460 3672
3653 6101
3654 2246
3654 10107
3655 1468
10108 10109
10108 4599
10108 10107
10110 5382
10110 657
5171 8811
5171 8814
5171 10064
5171 10111
5171 10112
5171 10113
9470 5053
9470 796
10114 762
10115 762
10116 4939
10117 5180
6537 7071
6537 10118
6537 254
6537 1468
6537 5407
6537 5110
10119 8531
10054 8820
10054 8826
10054 10120
10121 5549
10121 8810
5379 254
5379 1468
5379 3730
5379 6606
5379 6765
4974 6685
5926 6446
7996 1468
7997 254
7997 6577
7997 10122
4939 2162
4939 5977
4939 10123
4939 4519
4939 6712
4939 10124
4939 5194
8662 4519
8662 10125
8662 10126
8662 10127
5380 400
5172 10128
5172 3657
5172 10129
5172 6096
5172 10130
5172 6098
5172 10131
5172 10132
5172 6436
5172 5177
5172 5928
5172 6099
5172 6438
5172 10133
5172 10134
5172 10135
5172 10136
5172 10137
5172 10138
5172 6439
5172 5967
5172 10139
5172 6101
5172 5802
5172 10140
5172 5667
5172 5668
5172 8524
5172 7329
5172 9486
5172 10141
5172 10142
5172 10143
5172 10144
5172 6105
5172 10145
5172 10146
5172 10147
5172 10148
5172 8610
5172 10149
5172 10150
5172 10151
5172 6108
5172 10152
5172 10153
5172 10154
5172 6451
5172 10155
5172 9555
5172 10156
5172 10157
5172 10158
5172 5933
5172 10159
5172 6454
5172 10160
5172 10161
9538 10162
9538 10163
9538 1482
10164 1466
5453 9228
5453 9415
5453 10165
10166 9521
3657 10145
3657 5931
3657 6447
762 6845
762 6862
762 6545
762 10167
762 5571
762 6759
10168 1468
10169 10170
10169 1469
10169 10171
5173 10172
5173 5931
5173 6450
5173 9415
5173 10173
5010 657
8496 4519
1464 5051
7998 3659
7998 1468
9214 6128
9214 10174
9214 6553
9214 3741
9214 10175
9214 10176
9214 10177
9214 4025
9214 8716
9214 6865
9214 3864
9214 8567
9214 10178
6768 657
9226 2165
10179 5948
5381 255
5381 10030
5381 1468
5381 6795
5381 3740
5381 10180
10181 5565
6096 10182
9471 5066
9471 6812
9471 10183
10184 2167
10184 5624
10184 8011
10184 10185
10184 10186
1465 254
4940 2162
10187 10188
10187 6792
10187 6374
10187 4519
10187 10189
5101 254
5101 10190
5101 5078
10191 3682
6097 8597
10130 10192
10130 10193
5102 10194
7248 1467
7248 10195
7248 6806
7248 6821
6829 4599
10196 3682
3658 10197
3658 400
3659 254
3659 1468
3659 10198
3659 10199
3659 10200
3659 10201
3659 10202
3659 10203
6784 10204
10205 255
8497 10206
8497 10207
6055 4599
5012 6808
5012 10208
5012 10209
5012 10210
764 10211
5143 254
5143 9268
5143 1468
5948 5844
5948 5624
5948 6374
5948 10212
5948 10213
5948 9529
5948 10186
5948 10214
5948 10215
3660 254
3660 5182
5382 3666
5382 8617
5382 254
5382 5561
5382 3749
5382 8523
5382 5567
5382 6577
5382 10216
5382 10217
5382 10218
5382 3874
5382 10219
5382 10220
10221 8610
6098 10222
6538 5400
5643 8617
5643 5544
5643 5563
5643 8523
5643 10223
5643 8776
5643 5572
5643 8569
10224 10225
9227 2246
9227 6309
10226 5623
10226 10227
8804 5186
10228 8011
10229 5844
10229 10230
5014 1468
5014 1582
9228 10231
9228 5184
9228 10232
9228 10233
9228 5931
9228 10153
9228 10154
9228 10234
9228 6115
9228 6116
9228 5204
9228 10235
6539 6710
6539 254
6539 1468
6539 5036
6539 6150
6539 5117
6539 10236
6539 5131
6539 6819
6539 6820
6539 10237
6539 10238
3661 254
3661 8746
3661 6729
3661 10239
10240 5228
6540 10241
6540 10242
6540 10243
5103 1468
5927 9525
5927 6110
4201 254
10244 5180
10245 5624
3663 8759
5549 10056
5549 8805
5549 10246
5549 10057
5549 691
5549 10247
5549 692
5549 10248
5549 10249
5549 10250
5549 10251
10252 5844
10252 5624
10253 3682
10056 10254
2162 3664
2162 10255
6470 10256
3664 10257
3664 6628
3664 10258
3664 10259
3664 6490
3664 10260
5384 254
6060 10261
5623 5844
5623 5624
5623 10207
6541 1468
5385 254
7999 254
7999 1468
8664 9201
10262 3683
10262 8505
10263 9503
10264 10195
10264 6374
10265 1469
3665 5659
3665 10266
5977 2604
1466 10267
1466 10268
1466 10269
1466 5282
1466 10270
1466 10271
8000 8892
8000 6126
8000 8003
8000 8005
8000 254
8000 1468
8000 6553
8000 6833
5386 1482
6542 1468
6542 6565
6542 10272
6542 10243
8551 10223
1568 657
6709 9506
6709 5987
8001 6553
6790 5035
3667 254
3667 3817
2164 10273
2164 10274
2164 10267
2164 8642
2164 10275
2164 10276
2164 8667
2164 5277
2164 10277
2164 10269
2164 2605
2164 10278
2164 10279
2164 5280
2164 2608
2164 8643
2164 10280
2164 7380
2164 10271
2164 10281
2164 10282
2164 6857
2164 10283
2164 10284
2164 10285
2164 10286
2164 10287
6843 254
6843 4599
6843 10288
8617 10289
6437 5931
10290 10133
10231 3682
6844 254
5387 254
5177 10291
6144 10292
5550 10057
6099 6454
3670 255
3670 10293
6544 301
6544 400
10294 254
10294 657
3672 254
3672 1468
3672 10295
3672 10296
6845 6862
6845 1468
10297 6862
10297 254
6862 6545
6862 1468
6545 1468
5609 3681
5609 10298
5609 3702
5609 8837
5609 2376
5609 10299
5609 10300
5609 10301
5609 3793
5609 10302
5609 10303
8733 6094
10304 6792
10304 10305
10304 10306
10304 10307
10304 10308
10304 10309
6710 255
3674 8796
3674 5148
10310 5844
10310 5624
6145 1468
6145 657
10311 10312
10311 10258
10133 10313
10133 10314
10133 10315
10133 6121
5545 10219
2165 9230
2165 10316
2165 9242
8498 10317
8498 8604
10318 5844
10318 5624
5389 10319
5389 10320
5389 10321
5389 10322
5389 10323
5389 10324
5389 10325
5389 9404
5389 9405
5389 10326
5389 10327
5389 9407
5389 10328
5389 10329
5389 6466
4193 254
4193 1468
4193 2652
4193 10330
4193 10331
4193 7762
10332 5624
10312 10333
10312 10079
10312 6792
10312 10334
10312 10335
10312 1482
10312 10336
10312 10337
10312 10338
10339 5624
9466 10340
9466 10341
3678 5187
7071 1483
10135 10342
10135 10343
6546 254
5178 254
5178 5401
5178 6658
5178 6579
5178 8779
5178 6679
5178 10344
4202 254
4202 1468
6547 6550
6547 254
6547 1468
6548 1468
6548 8795
6548 6727
6548 8484
6548 10345
6548 8528
10078 6792
10257 5398
10257 10346
10257 10347
5351 10348
5351 10349
8793 9297
3680 400
7251 255
9482 254
9482 3714
9482 3732
9482 10350
9482 5418
9482 10351
9482 10352
9482 3826
9482 6875
9482 1492
9482 10353
9482 10354
5180 10355
5180 10356
5180 10357
5180 8632
5104 1468
5104 10358
5104 10236
1467 1468
3682 5931
3682 6449
3682 6113
3682 5932
3682 9415
3682 10359
3682 10235
2167 5624
6869 254
5393 254
5393 1468
5393 301
5393 10360
6156 10361
6156 10362
6156 10363
6156 1482
6156 6507
6156 10364
6156 10365
3683 6792
3683 9513
3683 10366
3683 10367
3683 4519
3683 10368
3683 10369
3683 10370
3683 10371
8806 8823
8806 10372
6498 5413
6498 8600
10373 5843
5395 6735
5395 3758
5395 8021
5395 10374
5395 3807
5395 5004
6147 1468
6147 5119
6550 5048
6550 1580
10298 1492
6100 5931
10375 10227
10375 5624
2168 2344
6598 5404
5396 254
5396 10376
5396 4204
3689 8830
5105 255
5105 5113
8686 1468
8686 400
6236 1468
6236 10109
5019 5020
5019 5082
10377 3770
5106 5023
6792 10258
6792 10189
6792 9244
6792 10378
6792 10379
10380 5624
10380 8559
8003 8005
4963 254
4963 1468
10227 5624
10227 6374
10227 10213
10227 10381
10227 10382
10227 10383
10384 9513
3691 10385
3691 1468
3691 5035
3691 5040
4979 5689
10386 1468
8004 1468
10387 4519
3693 6871
3693 6872
3693 3731
3693 10388
3693 1473
3693 5418
3693 3755
3693 10389
3693 10092
3693 10094
3693 10352
3693 6874
3693 3843
3693 6877
3693 10390
3693 10391
3693 10392
3693 10393
9564 5931
10058 8807
10058 8817
10058 10394
10058 8829
10174 1468
8625 254
8591 1468
254 255
254 3696
254 5689
254 3697
254 9268
254 5400
254 3704
254 10395
254 1468
254 6711
254 3716
254 3717
254 7072
254 5406
254 6796
254 6559
254 275
254 2246
254 338
254 369
254 6561
254 5707
254 8017
254 5409
254 3735
254 6770
254 8018
254 6567
254 1477
254 10396
254 6714
254 5415
254 6569
254 6715
254 6571
254 8020
254 3753
254 10397
254 6718
254 4988
254 5421
254 795
254 3772
254 8595
254 1046
254 6580
254 6457
254 5426
254 8025
254 10176
254 10096
254 1484
254 1531
254 6587
254 6152
254 3822
254 4194
254 10398
254 9292
254 8032
254 10399
254 6724
254 6590
254 9295
254 6743
254 10400
254 10401
254 10402
5398 10403
5802 6106
5022 10404
5228 10405
5843 5624
3695 400
10319 10320
10406 6553
1570 1468
1570 6798
255 8531
255 5400
255 1468
255 6560
255 1471
255 9474
255 5183
255 5190
255 10407
255 3808
5023 1468
8755 7252
10408 9543
10408 400
10346 2525
10172 10409
10172 10149
10172 5931
6552 1468
9201 256
9201 10410
9201 8554
9201 10411
9201 10412
9201 8271
9201 10413
8807 10414
256 6309
10088 1468
5689 6719
5689 6675
5689 9791
5689 10415
5689 5002
9472 10416
9472 6560
9472 10417
10247 10418
8006 4599
6654 10419
3698 10239
8531 3713
8531 10420
5844 10421
5844 10422
5844 5624
5844 10423
5844 10424
5844 10425
5844 1482
5844 10426
5844 10427
5401 4988
5401 6721
10428 8011
10428 10429
10428 10430
10428 10328
5025 6152
692 588
3704 10431
10432 8011
10433 8011
3705 1468
10434 5034
8552 5624
3706 10435
10419 3707
10419 9410
10419 10436
10419 10437
9557 2246
9557 6374
6870 5113
5963 10204
1468 657
1468 5405
1468 9269
1468 8010
1468 6558
1468 6559
1468 2246
1468 6907
1468 3728
1468 1001
1468 10438
1468 5108
1468 5707
1468 6770
1468 9474
1468 6567
1468 9492
1468 6569
1468 6573
1468 3753
1468 5051
1468 9515
1468 10296
1468 3756
1468 10439
1468 10440
1468 10441
1468 10442
1468 6407
1468 10443
1468 8767
1468 795
1468 10444
1468 5422
1468 6576
1468 10175
1468 4599
1468 10032
1468 3772
1468 10445
1468 1480
1468 8715
1468 10446
1468 10447
1468 5121
1468 1482
1468 3791
1468 5426
1468 10448
1468 8769
1468 3799
1468 1483
1468 5124
1468 10177
1468 5125
1468 1484
1468 1485
1468 1486
1468 1487
1468 10449
1468 10450
1468 3810
1468 10451
1468 6587
1468 6811
1468 10452
1468 10453
1468 6309
1468 6418
1468 6612
1468 5193
1468 1488
1468 5983
1468 6589
1468 10454
1468 5200
1468 9294
1468 5437
1468 3842
1468 1586
1468 6613
1468 1490
1468 6849
1468 8620
1468 10455
1468 10456
1468 5442
1468 10457
1468 8035
1468 5134
1468 3865
1468 3867
1468 10458
1468 3871
1468 9296
1468 10459
1468 10460
1468 10461
1468 9297
1468 6592
1468 7129
1468 10462
1468 10463
1468 10464
4954 10465
4954 10466
4954 4137
4954 10467
10416 6560
8784 6374
8784 10321
5026 10468
5026 10469
5027 5032
10258 10470
10258 10378
10258 10305
10258 10371
10258 10471
5028 5109
5028 5111
5028 10241
5028 10472
6871 5113
5404 6604
5404 9489
10473 6801
5181 10070
10474 10348
10474 8011
10475 9467
10422 5624
10422 4519
10422 10476
10248 8816
6553 6833
6553 10477
3715 6586
3715 10451
3715 10478
8524 6105
8524 5670
8524 5931
8524 10359
8524 10479
10249 8824
7252 8642
7252 10480
7252 10481
7252 10270
7252 10482
7252 10286
7252 10483
5564 8502
5564 10484
5564 10485
5564 8536
5564 8782
6554 6562
5624 10486
5624 10487
5624 10488
5624 10206
5624 10317
5624 10489
5624 10490
5624 5871
5624 8503
5624 10381
5624 10491
5624 8559
5624 10424
5624 10425
5624 10492
5624 10185
5624 10230
5624 10493
5624 10494
5624 10426
5624 10476
5624 10427
5624 8605
5624 10383
657 8706
657 10495
657 10496
657 10194
657 6150
657 10497
657 10498
657 5114
657 6151
657 5049
657 6803
657 6727
657 5118
657 10499
657 6805
657 797
657 5069
657 7093
657 8614
657 8708
657 6810
657 5126
657 1583
657 6815
657 5075
657 6816
657 10500
657 10501
657 10502
657 5079
657 5080
657 10209
657 10503
657 5134
657 10504
657 10505
657 10506
657 10507
657 10508
657 10509
9513 10510
9513 1482
9513 10511
3716 5037
3716 5043
3716 10439
3716 10512
3716 5087
10468 6807
7072 5133
10513 478
10366 10370
10366 10514
10366 1482
10366 10336
10366 6482
10366 10338
6556 10515
9528 6374
9528 1482
10516 5035
9447 10517
9447 10518
9447 400
9447 9451
9447 10519
10404 5035
10367 8505
10367 1482
8837 3736
8010 9474
5406 3757
5406 3791
3725 394
5407 10448
7025 2186
3943 5735
5735 3944
5735 6072
5735 8114
5735 3961
5735 8116
5735 2183
5735 3969
5735 7833
5735 2189
5735 6241
5735 10520
5735 10521
5735 7150
5735 10522
4444 6911
4444 10523
7530 895
3945 8266
9926 3961
8156 8066
3946 3969
3947 8554
3947 3979
10524 3966
9892 8073
9892 9848
9892 4000
5764 10525
10526 6041
6072 10527
4279 8300
4279 8310
8292 6073
8295 2173
2171 2173
2171 10528
2171 7550
2171 7556
2171 7557
2171 7572
2171 7581
2171 7585
2171 7589
2171 7600
2171 8339
2171 10529
2171 10530
9868 8065
9870 258
3948 3951
3948 258
7026 2178
9834 8073
6237 9235
6237 10531
9933 9848
8157 8066
3950 9907
3950 2183
3950 8155
10532 2178
7478 10533
7478 8193
7478 10534
2173 7552
2173 8412
2173 7554
2173 10535
2173 10536
2173 8305
2173 10537
2173 10538
2173 7567
2173 8310
2173 8413
2173 10539
2173 7577
2173 10540
2173 8317
2173 10541
2173 7585
2173 9930
2173 7597
2173 8326
2173 10542
2173 10543
2173 7775
2173 10544
2173 10545
2173 10546
2173 10547
2173 10548
2173 7630
2173 7631
2173 8350
2173 8354
2173 1052
2173 7647
8158 10549
8158 8284
8136 9271
8136 2246
8136 4566
4237 10550
2174 2246
9835 9271
9835 2246
8280 10551
8205 9900
8207 10552
5738 5739
8414 3959
8414 3976
8414 10553
8414 3260
10554 2176
10554 7256
10554 4566
10554 10555
10556 3983
10556 2246
10557 8053
2175 2178
2175 2185
9270 2178
10558 895
766 2176
8553 2198
8553 8273
10559 4566
8255 4566
4241 3985
4241 303
4241 1023
10560 8065
9271 4566
10561 7480
8181 10562
8181 8189
8181 10563
8181 8190
8181 10564
8181 7636
8181 7782
8181 400
8181 10565
10566 6041
8364 8066
8115 3260
6029 3971
10567 6073
7479 10568
2176 8371
2176 9044
2176 10569
2177 8272
2178 7027
2178 10570
2178 7029
2178 10571
2178 10572
2178 7032
9620 3835
3959 7837
3959 7841
8412 7587
8412 10573
10574 3983
9910 3960
2179 895
2179 7813
9919 2246
8250 8073
8554 9301
10575 2246
7561 10576
2180 4566
2180 9301
3961 10577
3961 10578
3961 3979
3961 8119
3961 7842
5915 489
9898 5745
10579 258
4249 9879
5995 8049
5995 7840
10580 7256
7256 10581
7256 8372
7256 8373
9921 3983
9921 9848
5744 2188
7027 2419
10582 6073
8313 7480
3966 3974
3966 3977
3966 10583
980 8119
8139 3980
8139 10584
8139 3984
8139 3987
8139 9849
2182 895
7480 10585
7480 10586
7480 8348
7480 4287
7480 8359
10587 4566
10588 3983
8260 4566
2183 8391
2183 10589
2183 2189
2183 8119
8398 2189
10589 2189
10590 2189
10591 2189
10592 2189
9895 9848
10593 3983
3969 3977
3969 8123
3969 10594
10595 10596
10595 10597
10595 2419
10595 7031
10595 10598
8092 2246
3971 10599
3971 10600
893 895
6073 10601
6073 10546
6073 7637
6073 10573
6073 10602
6073 10565
6240 10603
6240 4001
10604 4566
7833 7843
3972 10605
3972 3979
9923 9848
8162 8066
3975 3986
2185 2186
9840 2246
9840 4566
7257 9294
9948 6041
10596 2480
2187 477
10606 7031
2188 10607
8377 477
10608 9848
2189 4566
2189 10609
2189 10610
2189 10611
2189 10612
2190 5640
10613 4566
2191 9082
8212 845
3980 10614
7076 10615
10616 4566
10617 3983
3983 10618
3983 4273
3983 6593
3983 10619
9235 10614
3985 6043
3986 10620
10621 5415
10622 4566
10623 400
8267 4566
10624 6043
5921 10625
8371 10569
2199 304
2199 7165
2200 3441
2200 10626
9274 6277
10627 1415
7258 2246
7971 1677
2206 2398
982 2467
9237 4505
6903 7123
8423 7455
9364 588
2213 2792
2215 459
10628 588
7050 1630
7037 1528
8460 1133
10629 10630
2223 2462
2224 1008
768 302
10631 6008
10631 7906
985 588
2228 10632
2228 10633
2228 10634
2228 4794
2228 9739
2228 6338
7874 10635
7874 1046
667 669
271 1528
2234 301
621 588
769 10636
769 7157
10011 2353
8425 2461
8425 7895
273 5919
10637 4574
1528 10638
1528 588
1528 10639
1528 10640
1528 9586
1528 10641
9983 2246
10642 1011
275 8435
275 10643
987 420
2246 9260
2246 9240
2246 7728
2246 2525
2246 10644
2246 6500
2246 10645
2246 10646
2246 2673
2246 10647
2246 9341
2246 10648
2246 7514
2246 10649
2246 8669
2246 5285
2246 9407
2246 10650
2246 9039
2246 10651
2246 8372
2246 10652
2246 3361
2246 10653
2246 9970
10654 588
8847 2287
10012 2353
7802 5508
565 10655
565 588
565 10656
565 2612
565 10657
565 1114
2254 301
9260 2572
9260 10658
8848 297
7266 6270
8457 10659
5846 9124
4466 4020
4466 7517
4466 10660
10661 895
990 489
10662 4523
2262 303
992 2999
4151 10663
652 588
9238 1415
9120 4649
2276 356
9623 7039
287 3231
10664 2893
10664 7817
9121 357
288 2293
2281 9304
2281 4918
10655 10665
10666 784
995 7275
995 9187
995 10667
292 588
292 6094
292 4289
6249 3137
4475 7372
4475 4894
4477 7316
4477 3470
1674 9715
2284 1309
7724 356
2286 9275
8068 10668
7271 9629
7271 4570
7271 10669
7271 9609
1627 793
8982 6267
7272 301
2290 10670
297 6165
297 6166
297 10671
297 8879
2292 7297
2292 3123
2293 10670
4482 6295
2295 8963
1677 10672
1677 1046
1677 801
10673 2422
2296 895
2298 10674
10675 2353
4485 9057
7273 378
2306 10676
2306 9979
5602 6008
5602 4807
5602 5605
5602 10677
10020 6008
10020 10678
10020 10679
2307 355
601 311
601 9017
601 588
601 10680
601 10681
301 775
301 10682
301 322
301 324
301 10683
301 10684
301 7730
301 1023
301 4575
301 789
301 7736
301 10685
301 10686
301 2659
301 10687
301 10688
301 4627
301 4631
301 10689
301 10690
301 444
301 1131
301 2870
301 10691
301 4701
301 9062
301 6586
301 10692
301 10693
301 4735
301 2974
301 3000
301 5495
301 3131
301 7403
301 3184
301 10694
301 10695
301 10696
301 10697
301 10698
301 10699
301 10700
301 6984
301 7813
301 10701
301 10702
301 10703
301 3427
301 9749
301 8045
301 10704
301 6994
301 10705
301 10706
301 10707
301 7926
302 2314
302 9276
302 9132
302 7732
302 4571
302 7737
302 2652
302 10708
302 6929
302 10709
302 7740
302 10710
302 1094
302 1095
302 2791
302 10711
302 7352
302 7354
302 10712
302 5885
302 10713
302 9286
302 9683
302 10714
302 2931
302 4735
302 3000
302 10715
302 7135
302 10716
302 7810
302 8042
302 10717
302 10718
302 10719
302 10720
302 1300
302 9162
302 10721
302 6089
302 10722
302 9309
303 8913
303 322
303 10723
303 10724
303 7083
303 10725
303 7084
303 9641
303 360
303 789
303 1042
303 2600
303 10726
303 2651
303 2727
303 2730
303 10727
303 8919
303 4672
303 9685
303 10728
303 10729
303 10730
303 10731
303 10732
303 3326
303 10523
303 7813
303 10733
303 10734
303 868
304 324
304 10735
304 10725
304 2508
304 2536
304 789
304 10736
304 6932
304 9673
304 10737
304 5887
304 7374
304 3107
304 10738
304 10739
304 10700
304 10740
304 7816
304 10741
304 3521
7274 362
2312 10742
8069 2991
6253 454
9626 2367
7277 9067
8429 9963
10743 801
2331 3240
8431 9963
310 10744
2336 378
6374 8697
6374 5408
6374 2673
6374 2984
6374 10745
6374 10746
6374 10747
6371 9629
10672 7455
4499 4683
6257 331
10748 2738
10749 1114
313 2548
10750 1638
10751 4761
662 1415
8011 10487
8011 10324
8011 10752
8011 10753
8011 10754
8011 10755
4505 7288
4505 10647
4505 3394
2345 356
317 6323
318 10756
318 9777
319 4543
319 3279
319 3546
319 10757
2351 4763
2351 10758
2353 9337
2353 9338
2353 9339
2353 2738
2353 9343
2353 9345
2353 9347
2353 9254
2353 10018
2353 9349
2353 10759
2353 9352
2355 10760
4510 412
2366 10761
7660 9038
2373 1323
7286 10762
7286 10763
2375 4642
4174 4178
2376 10651
2377 10764
1008 3466
7288 7345
7288 10765
9173 588
10766 598
1009 2577
1009 3133
2383 2525
324 378
1011 588
1011 5711
1011 10767
1011 10768
10769 588
4519 10189
4519 10213
4519 10230
4519 10309
10770 384
328 588
329 6569
329 6573
329 5421
329 5432
329 8033
2388 1323
894 895
331 9136
331 2958
4520 10771
2397 9968
2397 9251
2397 9981
7081 6359
2399 489
4523 10772
4523 8870
4523 528
333 9795
9277 10008
6008 10773
6008 10774
6008 6279
6008 5604
6008 10775
6008 10024
6008 10025
6008 10776
6008 7900
6008 10777
6008 7904
6008 9356
6008 7913
6008 10778
6008 10779
6008 10780
567 598
567 588
598 588
2407 7328
6262 1143
10684 421
10735 1023
10781 2969
338 1025
338 7939
338 9664
10764 1643
2417 4535
10006 4535
2418 422
339 2526
339 378
339 8472
339 9166
2419 394
2419 7380
2419 3196
2419 10719
2419 9164
1014 379
2422 364
6263 9152
2423 6365
2424 378
7298 2763
4535 1351
588 9365
588 9774
588 10782
588 5645
588 9775
588 5880
588 10783
588 10784
588 10785
588 10786
588 9777
588 1655
588 10787
588 1426
895 4666
895 10026
895 896
895 10027
9131 7162
10788 801
9978 9256
10789 10173
345 1636
2443 6969
10790 10791
10792 801
4175 7466
4175 4157
4175 1415
4175 7472
2456 3289
2461 10793
2461 9211
1631 4156
7083 10794
10795 2973
10000 9970
9637 9092
7046 8081
7887 10677
10796 10775
1020 9015
2485 422
8597 2509
10797 7165
784 809
784 4807
10798 424
10798 7121
2500 2522
352 10799
2507 2561
2507 403
2509 9644
2509 9053
355 789
355 383
355 9662
355 10800
355 2735
355 10801
355 2828
355 1531
355 6302
355 10802
355 10803
355 501
355 6980
355 10804
355 530
355 9752
355 10805
356 789
356 1040
356 2611
356 7348
356 10791
356 459
356 9688
356 3412
357 789
357 4592
357 8860
357 2824
357 9675
357 7369
357 2973
357 10806
357 10807
358 9682
358 10808
9820 5901
2521 4600
2524 7370
2525 2673
2525 10809
4566 10810
4566 8269
4566 10811
4566 10652
4566 10812
4570 10669
4570 7332
2540 673
10813 1653
7317 3405
9134 2968
2548 2562
2548 10814
2548 7803
2548 4777
9326 522
9202 673
9315 3233
4184 1643
362 422
362 6285
789 377
789 1415
10815 7165
4154 10630
4154 10816
4154 1415
8697 8698
369 2564
2561 9094
372 489
2564 4650
4021 2867
9053 7162
4022 7696
4022 10817
10773 4807
10818 379
10818 1143
10644 2604
10782 677
9648 2991
4588 1088
377 9650
377 10688
377 6934
377 10819
377 10820
377 9706
377 10696
377 10821
377 10822
378 6286
378 5319
378 1147
378 4756
378 7420
378 3355
378 10823
379 8472
379 10824
379 4787
380 2934
380 9690
380 2989
380 10731
380 3110
380 6316
380 8981
380 4859
381 9593
381 461
381 469
2582 10825
4592 8074
4592 8080
1040 10826
383 2884
383 9759
6918 422
1041 423
1043 421
1043 10827
1043 10828
384 10829
384 10830
2589 9689
2589 9747
2594 2956
2594 1326
9961 801
8858 2628
10831 10832
10831 6490
10831 10833
7329 10349
10438 6846
1469 9498
1469 10834
1469 10835
10349 1482
10349 10836
6560 10837
6560 9435
6560 10469
6560 10838
6560 10097
6560 9479
10839 5568
5035 1684
5035 6566
5035 5132
6062 5931
5707 10840
8483 3750
3732 4123
3732 6635
3733 4984
5409 5530
10388 5183
3736 6721
10841 9426
10841 1482
1470 5680
1470 10842
5979 9244
5979 4949
5979 9508
8501 10843
8501 9245
8501 1482
8501 3835
8501 10844
8501 10845
3739 1482
6564 1475
6564 4125
5410 10846
1471 6847
1471 10847
1471 6848
1471 10400
1471 10848
6565 10180
8714 5413
1472 3759
6094 5968
6657 3770
3740 400
8893 10849
8893 10850
8893 10851
8893 10852
8893 10853
8893 10854
8893 10855
8893 10856
8893 10857
8893 6878
8893 3887
8893 5448
10858 5127
6567 6568
10859 9562
5183 3759
5183 10849
5183 10351
5183 5434
5183 3862
4984 3770
1474 387
8809 10860
8809 10861
1572 10862
8556 5188
3744 3772
2604 10278
2604 10863
2604 10864
2604 10865
2604 10866
2604 10867
1476 10754
6733 3770
10089 5113
8678 9467
10868 9467
5413 10869
5413 10077
5413 10364
5413 10870
5113 6873
5113 6758
5113 3811
5113 825
5113 10871
5113 5529
5113 3879
5113 3889
9562 1482
10357 10872
5416 4988
9467 10873
9467 10874
5046 10209
10335 8505
6573 10402
5117 6814
8020 10875
8020 10876
10877 5933
3751 10878
3752 10065
3752 8821
3752 8833
9243 10326
9243 9406
9243 8790
10046 10879
10046 3882
6607 9515
8606 6583
10031 6802
10031 10880
10031 10242
6802 8841
9515 6609
9515 6417
9515 10881
9515 9419
9515 9420
8693 10882
9401 400
10883 3791
8610 5931
8610 5933
8610 10884
6727 796
8787 10102
8787 9408
8687 4599
3757 5187
3757 400
10090 8698
10090 1491
3759 10354
10885 10442
10886 3765
10206 10212
10206 10887
10206 10215
5186 10888
10889 6490
5187 10890
5187 6761
5187 10891
5187 10892
4988 8022
4988 3765
4988 10893
4988 10894
4988 6675
4988 4994
4988 9484
4988 9412
4988 10895
4988 10896
10225 9415
5680 10842
8502 10897
3765 1046
3765 5000
10125 1482
10180 1585
10180 10457
2605 10898
2605 10483
2605 10899
5188 4599
3770 4992
10047 5570
10047 5439
10047 10122
10047 10900
10901 6445
9245 10902
4599 1046
4599 10903
4599 9281
4599 10095
4599 3835
4599 6864
4599 8515
4599 8516
4599 10904
4599 10905
4599 6835
4599 10288
4599 5208
5120 10838
6578 1685
4203 3791
3772 10374
3772 6742
3772 10906
3772 10907
10060 478
10060 10908
9477 10909
6581 3822
10278 5285
5931 6447
5931 10910
5931 10911
5931 5676
5931 10912
10491 8559
796 400
5066 6814
6834 10913
5524 400
10645 6490
9558 5988
1577 6818
8715 10649
8715 10914
1578 6379
10915 6471
10916 6115
2607 10917
6447 10918
5121 10919
10259 10649
6132 5147
1482 6490
1482 9521
1482 10918
1482 10920
1482 10921
1482 9427
1482 10922
1482 10923
1482 10924
3791 10925
3791 10926
5139 5426
5426 10183
9499 8562
10154 10927
6873 10928
6698 10872
7093 10891
6490 10929
6490 10930
6490 6319
6490 10931
10932 10157
1483 10933
9521 10753
9521 6158
9521 10934
6585 400
5191 10935
5191 10505
10753 6511
5431 10401
9972 2879
9651 421
4600 7673
5872 4614
5872 9261
7895 9952
7895 10776
7895 10936
7895 6974
7895 10937
7895 9253
7895 1429
7895 10779
7895 9211
9782 7469
7924 9595
391 9191
10938 9040
6051 1415
10939 2702
10940 801
10940 7455
9655 7039
4614 9659
4614 2862
4614 5890
4614 7406
4614 4849
2642 10941
9057 8920
9057 3110
5645 10942
5645 10943
7338 7109
2656 7161
6923 7162
6925 1133
8859 4880
2665 9285
801 6974
801 9016
801 10944
801 10945
10946 7471
10947 1415
2687 5491
2687 5501
400 10948
400 3825
400 1488
400 3832
400 10949
400 9559
400 9253
6927 422
2693 1415
402 7438
403 2850
404 3501
414 9718
2697 6306
2703 10950
8956 9090
10951 7121
10708 7123
4632 6948
2716 1133
1636 10952
1636 1639
1636 10663
1636 1415
1636 6310
1636 6981
420 4688
421 10689
421 10953
421 9261
421 6586
421 10954
421 469
421 9693
421 10955
421 10956
421 10957
421 9300
421 10695
421 9151
421 3262
421 10703
421 4874
421 10705
421 10706
421 6998
422 2759
422 2796
422 469
422 9372
423 10958
424 6938
424 9368
424 4735
424 6966
424 3235
424 10959
424 7503
1075 3072
1075 3102
7455 10960
7455 10793
7455 10961
7455 10962
7455 9040
2736 9680
809 10963
2738 2956
2738 10964
2738 10793
2738 10965
2738 10966
10952 1415
10967 459
434 9371
1084 8897
9090 10968
9090 10969
5712 6296
5712 1166
7039 10970
7039 4827
9341 1289
677 10786
1090 5341
10971 6948
9579 10972
5882 6956
8073 10973
10974 5887
7349 9065
443 3181
443 8076
443 9753
9093 3251
9670 4801
5883 6936
6076 1303
6076 10975
6076 10976
6359 6988
6359 7701
1114 10977
1114 10978
5884 2889
1640 1415
10630 4161
9804 8936
2850 3014
2850 5904
2850 8452
9671 460
6078 3023
6078 3330
6078 3350
2859 1326
10979 9067
1531 460
1531 3827
5695 1205
4157 10980
10981 1653
1133 8964
1133 10010
1133 4825
1133 10982
450 536
2874 2879
2879 9963
7469 9104
5887 10983
5887 9969
4702 3059
1143 1415
1143 9728
1143 7157
1143 4162
1143 10984
454 10985
454 10986
454 3329
454 3434
454 6333
9247 9380
1643 1664
1643 6052
1147 7121
1147 9303
1147 7162
7106 9702
7106 10987
6586 8121
10636 7157
9063 10633
10988 7161
9593 10989
460 3164
460 3189
460 10990
460 9304
460 3469
461 10991
462 3284
462 869
462 3525
1153 1179
1153 5471
1153 8970
1153 10992
1153 3542
9064 7121
2921 2969
10714 7121
7904 4807
4025 489
5469 9190
5469 5900
5469 8420
5469 10993
5469 10994
1181 4861
1181 870
1181 10995
1181 8975
10996 7148
4735 7163
2956 10997
2956 9989
9380 1415
2968 3037
2968 10998
2969 7688
2969 9025
2969 7693
2969 7694
2969 7173
2969 8876
5291 1415
10999 3156
2973 11000
7471 11001
469 9298
2984 7817
7514 11002
7374 7165
2991 9957
7906 11003
7906 10937
7906 10778
9990 7162
3000 7121
9067 10758
4751 4771
3002 11004
4752 1202
4754 8469
6306 4821
6306 11005
6306 5499
10816 3320
1415 6965
1415 4159
1415 3109
1415 837
1415 3208
1415 1650
1415 11006
1415 7474
1415 3454
1415 11007
1415 11008
9699 11009
9604 9605
9604 9323
9604 11010
9604 9208
4991 9484
8562 11011
6309 10100
3814 11012
6838 9509
8632 11013
5917 9026
5917 8669
5127 5075
11014 10457
8563 11015
11016 8759
6115 10870
1489 3256
5129 9480
11017 8759
8841 5091
6310 6979
6310 11018
5198 5200
5199 11019
8698 1491
8698 11020
10649 11021
10649 10929
7121 4764
7121 7135
7121 11022
7121 3196
7121 8043
7121 11023
7121 11024
7122 7810
10364 11025
11026 10173
3875 5445
8721 5252
6836 11027
11028 3884
8829 478
11027 8517
4758 7183
11029 4807
3048 10765
7130 11030
7976 1360
7976 1361
3059 9737
3059 11031
9704 6968
6968 7969
6968 1277
11032 9970
4770 7012
11033 7162
4771 11034
9709 3211
7137 10660
10957 7162
490 11035
4776 7164
10807 8078
9963 11036
9986 9040
3137 3489
1231 4818
9179 3150
1655 11037
1655 11038
4786 9766
9347 1289
11039 9212
1429 4807
3231 7811
11040 10997
4804 3298
8043 7161
11041 10611
8268 8271
11042 8272
11042 6994
8270 7413
10552 6985
8044 9308
8873 6990
10997 11043
6985 7161
518 3472
9157 7161
7156 7164
6326 3436
6328 11044
6087 9741
6087 5912
9741 11045
7048 3530
6990 4916
1323 11046
1323 11047
1323 7440
10004 9970
538 11048
9040 11049
9760 11050
10260 10934
