13942 28342
0 1
2 3
4 5
6 7
8 9
10 11
12 13
14 15
16 17
18 19
20 21
22 23
24 25
26 27
28 29
30 31
32 33
34 35
36 37
38 39
40 41
42 43
44 45
46 47
48 49
50 51
52 53
54 55
56 57
58 59
60 61
62 63
64 65
66 67
68 69
70 71
72 73
74 75
76 77
78 79
80 81
82 83
84 85
86 87
88 89
90 91
92 93
94 95
96 97
98 99
100 101
102 103
104 105
106 107
108 107
109 110
111 112
113 114
115 116
117 118
119 120
121 122
123 124
125 126
127 31
128 35
129 130
131 132
133 134
135 136
137 138
139 140
141 142
143 144
145 146
147 148
149 150
151 152
153 154
155 156
157 158
159 160
161 162
163 164
165 166
167 168
169 170
171 172
173 174
175 176
177 178
179 180
181 182
183 184
185 186
187 188
189 190
191 192
193 194
195 196
197 198
199 200
201 202
203 204
205 206
207 208
209 210
211 212
213 214
215 216
217 166
218 219
220 221
222 223
224 225
226 227
228 229
230 231
232 233
234 235
236 237
238 239
240 241
242 243
244 245
246 247
248 249
250 251
252 253
254 255
256 257
258 259
260 261
262 263
264 265
266 267
268 214
269 270
271 17
272 130
273 118
274 275
276 277
278 279
280 281
282 283
284 285
286 287
288 289
290 291
292 293
294 295
296 297
298 299
300 301
302 303
304 305
306 307
308 309
310 311
312 313
314 315
316 317
318 319
320 5
321 322
323 324
10 105
325 326
327 328
329 330
331 35
332 333
334 335
336 337
338 307
339 340
341 342
343 344
345 346
347 348
349 350
351 352
353 354
355 356
357 358
359 360
361 362
363 364
365 366
367 368
369 370
371 372
373 374
375 376
377 378
379 380
381 1
382 383
384 385
386 387
388 389
390 391
392 393
394 395
396 397
398 399
400 401
402 403
404 405
406 407
408 409
410 5
411 412
413 414
415 416
417 418
419 420
421 422
423 424
425 73
426 427
428 429
430 431
432 433
434 435
436 186
437 438
439 372
329 440
441 442
443 444
445 446
447 120
448 449
450 451
452 453
454 455
456 457
458 459
460 461
462 463
464 465
466 467
468 469
470 471
472 473
474 475
476 170
477 478
479 480
481 482
483 484
485 35
486 487
488 5
489 490
491 492
493 494
495 393
496 497
498 499
500 501
502 275
503 17
504 140
505 196
506 507
508 509
510 511
512 513
514 515
516 118
517 518
26 519
520 521
522 523
524 350
525 526
527 528
529 530
531 532
533 534
535 536
537 405
538 539
540 541
542 543
40 544
545 79
546 547
548 478
549 550
551 552
553 554
555 556
557 558
559 35
560 561
52 562
563 564
565 566
567 568
569 570
571 572
573 574
575 576
577 130
578 579
580 103
581 582
583 584
585 586
506 140
587 588
589 590
591 592
593 594
595 596
597 281
598 599
600 601
602 603
604 287
605 606
607 480
608 376
609 610
611 612
613 61
614 615
616 617
618 619
620 621
622 507
623 624
625 626
627 628
629 630
631 632
633 166
634 19
108 635
636 637
638 639
640 641
642 643
644 645
646 647
648 166
649 650
651 152
652 653
654 655
656 657
658 659
660 661
662 663
664 178
665 25
666 667
668 669
670 93
671 672
102 673
674 442
675 676
677 678
679 680
681 682
683 684
685 686
687 688
689 690
691 692
693 694
695 696
697 698
699 700
701 702
703 704
705 706
707 708
709 710
711 372
712 713
460 714
715 716
717 718
719 720
721 722
430 723
460 724
725 726
727 728
729 730
731 732
733 734
735 736
737 738
739 740
741 742
743 744
745 746
747 748
749 750
751 752
753 166
754 755
756 757
758 759
760 146
761 762
763 764
765 766
767 768
769 770
771 772
773 582
774 775
776 777
778 728
779 356
460 780
781 782
783 784
785 786
787 788
789 790
791 792
793 794
795 796
797 798
799 800
801 802
803 376
804 805
806 610
807 808
809 810
811 812
813 814
815 816
817 818
819 820
821 822
823 824
825 826
827 828
829 830
831 43
832 833
834 835
836 837
838 839
840 841
842 237
843 738
844 845
846 847
848 849
850 851
852 853
854 855
856 857
858 859
860 861
862 863
864 865
866 867
868 869
870 871
872 873
874 875
876 387
877 878
879 880
881 882
883 166
884 885
886 887
888 120
611 889
890 891
892 893
894 895
896 57
897 898
899 900
901 902
903 904
595 105
905 138
906 166
907 908
909 910
911 912
913 914
915 916
917 918
919 35
920 376
921 922
923 924
925 317
926 927
928 826
929 889
930 931
932 933
934 869
935 936
937 938
939 940
941 942
943 944
945 869
946 818
947 948
949 950
951 661
952 953
954 955
956 845
957 958
959 960
961 962
963 871
964 965
966 967
968 969
970 971
972 973
974 975
976 977
978 979
980 981
982 983
984 985
986 987
988 989
990 309
460 991
992 993
994 995
996 997
998 999
1000 1001
1002 1003
1004 335
1005 1006
1007 1008
1009 1010
1011 1012
903 1013
1014 1015
1016 1017
1018 1019
1020 1021
1022 166
1023 833
1024 309
1025 515
1026 1027
1028 1029
1030 1031
1032 1033
1034 1035
1036 1037
1038 1039
1040 1041
1042 1043
1044 1045
1046 1047
1048 1049
1050 1051
1052 1053
1054 1055
1056 1057
1058 1059
1060 1061
1062 1063
1064 1065
1066 1067
1068 1069
1070 1071
1072 1073
1074 1075
1076 140
1077 166
1078 1079
1080 950
1081 1017
1082 1083
1084 1085
1086 1087
1088 898
1089 615
1090 1091
1092 1093
1094 1095
1096 174
1097 1098
1099 1100
1101 1102
1103 1104
1105 1106
1107 1108
1109 1110
1111 1112
1113 395
1114 376
1115 1116
1117 1118
668 1119
1120 1121
1122 1123
1124 1125
1126 1039
1127 1128
1129 1130
1131 1132
1133 1134
1135 1136
1137 1138
1139 1140
1141 1142
1143 1144
1145 1146
1147 1148
1149 1150
1151 1152
1153 1041
1154 1155
1156 1144
1157 912
1158 1159
1160 1161
1162 1093
1163 1164
1165 1166
1167 1168
1169 796
1170 1171
1172 176
1173 1174
1175 287
1176 1177
1178 1179
1180 1181
1182 1183
1184 969
1185 1186
1187 586
1188 1189
1190 558
1191 146
1192 1193
1194 1195
1196 1197
1198 1199
1200 287
1201 368
1202 1203
1204 97
1205 1206
1207 340
1208 1209
1210 1211
1212 1213
1214 1215
1216 1217
1218 1219
1220 1221
1222 1223
1224 1225
1226 509
1227 19
1228 1229
1230 1231
1232 1233
1234 1235
1236 1237
1238 1239
1240 908
1241 1242
1243 1244
1245 1246
1247 1248
1249 594
1250 576
1251 1252
1253 1013
1254 1255
1256 152
1257 1108
1258 960
460 1259
825 1260
1261 1262
1263 192
234 1264
1265 1266
1267 473
1268 1269
1270 1271
1272 1273
1274 370
1275 1276
1277 1278
1279 83
1280 1281
1282 1283
1284 1285
1286 800
1287 1288
1289 1290
1291 1292
1293 103
1294 1010
1295 1296
1297 1298
1299 1083
1300 865
1301 768
1302 1303
1304 1305
1306 1307
1308 1309
1310 1311
1312 1313
1314 1013
1315 1316
1317 1318
1319 1320
1321 1322
1323 1324
1325 1326
1327 1017
1328 1329
1330 955
183 1331
1332 1333
1334 1335
992 1336
1337 1338
760 1013
1339 87
1340 1341
1342 1343
1344 1345
1346 59
1347 1348
1349 1350
1351 757
1352 403
1353 1354
1355 1356
1357 1358
1359 523
1360 1361
1362 1363
1364 1365
1016 1366
1367 1368
1369 1370
1371 1372
1373 1374
1375 1376
1377 1378
1379 1380
1381 1382
1383 728
1384 1385
1173 1386
1387 1388
1389 484
1390 1391
1392 1393
1394 507
1395 861
1396 1397
1398 1399
1400 1401
1402 229
1403 1404
1405 1406
1407 1408
1409 1410
1411 1091
1412 1413
1414 1152
1415 1416
1417 1418
1419 1420
1421 1422
1423 1424
1425 1426
1427 1428
1429 1430
1431 1432
1433 1434
1435 1436
1437 841
1438 1439
1440 166
1158 1441
1442 1443
1444 1445
1446 1447
739 1448
1449 1450
1451 1452
623 1453
1454 1455
1456 1457
1458 1459
1460 635
1461 35
1462 891
1463 1464
1465 1466
1467 487
1468 1469
1470 1471
1472 1473
1474 166
1475 1476
1477 1478
1479 1480
1481 1482
1483 1484
996 1485
1486 1487
1488 1416
1489 1490
1491 1492
1493 326
1494 1393
1495 1496
1497 1498
1499 1391
1500 1501
1502 1503
1504 1505
1506 1507
1508 1509
620 1510
1511 1512
1513 1031
1514 1515
1516 981
1517 1518
1519 1520
1521 89
1522 1523
1524 1525
1526 1527
1528 1529
34 255
1530 1531
1532 1533
1534 1535
1536 1537
1538 1539
1540 1541
248 393
1542 1071
1543 79
1544 1545
1546 1547
1548 1549
1550 1013
1551 955
1552 1553
1554 713
1555 1498
1556 1557
1558 1559
1560 912
460 1561
485 1562
1563 1045
1564 556
1565 1566
1567 1017
1568 35
1569 405
1570 1571
1572 1573
1574 1575
1576 1577
1578 1579
1580 1581
1582 1583
1584 702
1585 158
1586 71
288 1587
1588 1589
1590 530
1591 955
1592 1593
1594 1595
1596 592
1597 1598
671 1599
1600 1601
1602 1603
1604 1492
1605 1606
1607 561
1608 1609
504 1338
1002 1017
1610 492
1611 1612
1613 1614
1615 1616
1617 1618
1619 1533
1620 1621
1622 1623
1624 433
1625 1010
1626 1627
1628 690
1629 1630
1631 757
1632 1633
1634 1635
1636 1637
1638 1244
1639 1640
1641 433
264 1642
1643 1644
1645 530
1646 1647
1648 1649
1650 1651
181 1652
1653 1654
1655 1656
1657 1658
1659 1660
1661 1662
1663 1664
1665 1666
193 1667
1668 1428
1669 1498
1670 863
1671 1672
662 1673
1674 1675
1676 1677
1678 270
1679 1680
1681 1013
100 869
1682 1683
1684 55
737 1685
1686 1687
1688 916
1689 1690
1691 1692
1693 335
1694 429
1695 1370
1696 1697
1698 690
1699 1700
1701 1702
1703 1704
1705 1706
1707 1708
1709 1108
1710 1711
1712 1713
1714 501
1715 67
1044 156
1716 1717
1718 1719
1720 227
1721 1722
1641 1606
1723 1724
1725 768
1726 1727
984 1428
1728 1130
1729 494
1730 621
1731 1732
1733 1013
1734 1623
1735 1736
1737 1043
1738 1739
1740 1741
1742 1108
1743 1168
1744 251
1745 1746
1353 637
1747 1748
1749 1750
1751 541
1752 1753
1754 1755
1016 1333
1756 586
1757 1758
1759 1760
1761 1762
1763 1764
1765 1766
1767 1768
1769 1770
1771 1772
1773 1774
1775 955
1776 1777
1778 107
1779 1039
1780 1781
1782 1783
1784 453
1785 1786
1787 55
1788 1789
1790 1791
1792 1793
1794 1181
1795 1796
1797 1798
1082 1799
1733 1800
1801 340
1802 1803
1804 1805
1806 1807
1808 1809
1810 281
1811 1812
1429 1667
1813 847
1814 120
1815 1152
1816 1290
1817 1818
1819 1820
1821 399
1822 1823
1824 1825
1826 916
1827 1828
1829 1366
1830 1831
1832 1833
1834 1835
1836 1837
1838 1839
1840 637
1841 1557
1842 309
1113 1843
1844 1845
1846 1847
1848 1849
1850 1851
1852 871
1853 1854
1855 1856
1857 1858
1859 507
1860 1861
1862 1863
1864 1100
1865 393
1866 1203
963 999
1867 35
1868 1869
1870 1473
1871 1872
1873 1874
1875 1809
1876 1877
1878 1879
1880 1881
1882 112
1883 1884
1885 1886
1887 845
1888 1889
1890 1891
1892 1893
1749 1894
1895 440
1896 1897
1898 1899
1900 845
1901 103
460 1902
1903 1904
1905 1906
1907 1908
1909 1910
1911 1912
1913 1914
1915 1916
683 880
1917 1918
1919 453
1920 1921
1922 1923
1924 1925
1926 1150
1927 1928
1929 219
578 1322
1930 214
1931 35
1932 1933
411 484
454 628
1934 1935
1936 1937
1938 1939
1940 1941
1942 1943
1944 1945
1946 1947
1948 267
1949 1950
1951 1952
1953 15
1954 1933
1955 1956
1957 1958
1959 1960
1961 1484
1962 1963
1964 1965
1966 1967
1968 335
1969 1724
1970 1736
1971 1861
1972 1973
1974 1975
1976 35
1977 1978
1979 1980
1981 1982
1983 647
1984 1985
1986 1987
1272 1988
1989 1990
1991 1992
1993 1766
1994 122
1995 1996
1997 1998
1999 2000
2001 1195
2002 140
2003 1006
2004 2005
2006 2007
2008 2009
2010 2011
2012 2013
2014 1877
2015 17
2016 2017
2018 1937
2019 2020
2021 372
2022 2023
2024 2025
460 2026
2027 2028
2029 2030
2031 1861
2032 2033
2034 1722
2035 2036
2037 2038
2039 2040
2041 23
2042 2043
2044 780
2045 2046
2047 1152
2048 2049
2050 1445
2051 1637
2052 2053
2054 2055
2056 2057
2058 582
2059 2060
2061 480
2062 547
2063 2064
2065 1651
2066 2067
2068 2069
2070 2071
2072 2073
2074 2075
2076 847
2077 2078
2079 2080
2081 2082
2083 2084
2085 1053
2086 1537
2087 1697
1903 1262
2088 427
2089 2090
2091 2092
2093 2094
2095 2096
2097 2098
2099 2100
2101 2102
2103 1717
2104 1087
2105 118
2106 2107
2108 2109
2110 1473
2111 2112
2113 333
2114 2115
2116 2117
2118 1557
2119 2120
2121 1724
2122 2080
2123 2124
2125 1399
2126 2127
2128 544
2129 1809
2130 1413
2131 1264
2132 160
2133 2134
2135 463
2136 2137
2138 2139
2140 2141
2142 2143
2144 2145
2146 2147
2148 2149
2150 2151
2152 214
2153 2154
2155 2156
2157 857
1516 2158
2159 2160
2161 2162
2163 1326
2164 2165
2166 1430
2167 15
2168 1941
2169 1803
2170 57
2171 2172
2173 2174
2175 2176
2177 2178
2179 1902
2180 2181
2182 265
2183 2184
2185 2186
2187 2188
2189 2190
2191 1119
2192 2193
2194 2195
2196 449
2197 1348
2198 2199
2200 816
2201 1818
2202 2203
2204 2205
2206 2207
2208 1658
2209 1333
2210 2211
2212 1796
2213 2214
2215 2080
2216 444
2217 2218
2219 2220
2221 1093
2222 1482
2223 2224
2225 2226
2227 2228
2229 81
2230 2231
2232 184
143 1106
2233 2234
2235 2236
2237 2238
2239 2240
2241 2242
2243 469
2244 2245
2246 2247
2248 2249
1769 969
2250 2251
2252 2253
2254 2255
2256 2257
2258 301
2259 188
2260 2255
2261 178
2262 2263
2264 2265
2266 2267
2268 2269
2270 2271
2272 2273
218 1152
2274 2275
2276 1073
2277 2278
1314 2279
2280 1368
2281 2282
2283 2284
2285 2286
2287 2288
2289 1017
2290 2291
2292 2293
1286 2165
2294 2295
2296 1057
2297 2298
2299 1561
2300 2301
2302 1333
2303 2304
2305 2306
2307 2023
2308 2309
2310 1102
614 2311
2312 2313
2314 1132
2315 2316
2317 2318
2319 2320
2321 2322
2323 2324
2325 2326
2327 2036
1030 2328
1058 2329
2330 2331
2332 342
2333 2334
2335 1298
2336 166
2337 1211
2338 2339
2340 1039
2341 969
1710 1303
2342 1372
2343 1818
2344 11
2345 1947
2346 166
2347 2348
2349 35
2350 2351
2352 1667
2353 2354
2355 2356
310 2145
2357 851
2358 2359
2360 1791
2361 2362
2363 2364
2365 2366
2367 2368
1277 2369
2370 482
2371 2026
2372 368
2373 2374
2375 1690
2376 875
2377 908
2378 2379
2380 2381
2382 2383
2384 2385
2386 2387
1915 478
2388 2389
2390 223
2391 2234
2392 1874
2393 2394
2395 2396
2397 871
2398 2399
2400 2401
2402 933
2403 2404
2405 2406
2407 2408
2409 1606
2410 2411
2412 2413
1824 1055
2414 134
2415 2416
98 2417
2418 2419
2420 2421
2422 389
2423 2245
2424 196
2425 2426
2427 2428
2429 2430
2431 2432
2433 47
2434 1484
2435 1786
2436 2437
2438 2439
2440 2441
2442 2278
2443 1017
2444 2445
2446 1001
681 1687
2447 2448
2449 2450
2451 2452
2453 1947
2454 1443
2455 2456
2457 1982
2458 2459
2460 2461
2462 2463
2464 2465
2466 2467
2468 2469
2470 889
2471 2472
2473 2141
2474 2475
2476 223
2477 2478
2479 2480
2481 869
2482 1492
2378 2483
2484 2485
2486 2487
2488 2489
2490 2491
2492 164
2493 1091
2494 1598
2495 2496
2497 2498
2499 2500
2501 766
2502 1455
531 2503
2504 2505
2506 1013
2507 2508
2509 1193
2510 558
2511 97
2512 2513
2514 360
2515 2516
2517 2518
2519 2520
2521 2428
2522 1755
2523 2524
2525 2526
1038 2527
2528 2529
2530 2531
2532 2533
2534 2535
2536 2537
2538 1093
2539 424
2540 1963
2541 2542
2543 2544
937 2545
2546 2547
2548 2549
2550 19
2551 2552
2553 2554
2555 1331
2556 2557
2558 1385
2559 1937
926 1503
2560 509
2561 2562
2563 2564
2565 1537
2566 1492
2567 1307
2568 639
2569 360
1574 2570
2571 2572
2573 790
2574 2575
2576 2577
2578 2249
2579 225
2580 2581
2582 2253
460 2583
2584 2585
2586 808
2587 2588
2589 2590
2473 2591
2592 2043
2593 1010
2594 140
2595 1209
2596 2597
2598 2599
2600 1647
2601 1845
2602 405
2603 2604
2357 2531
2605 442
2606 2607
2608 2184
2609 650
2610 1839
2611 2612
2613 407
2614 51
2615 2616
2617 2618
2619 621
1241 2620
2621 1750
919 2622
2623 2624
2625 1303
2626 2627
2628 2383
1205 2629
2630 1750
2631 2535
2632 2633
1414 17
2634 1215
2635 2636
2637 2638
2639 1183
2164 800
2640 35
2641 1672
2642 2478
717 2643
2644 184
2645 13
2646 2647
1499 2629
2648 728
410 140
2649 2650
2651 2652
2653 2654
2655 933
2656 889
2657 2658
2659 245
2660 2661
2662 2038
1922 1921
2663 1897
2664 1246
2665 2666
2667 2456
2668 2669
2670 2036
2671 1897
2672 1358
2673 27
2674 57
2675 2676
2187 2677
2678 2679
341 471
2312 772
2680 2681
2682 2683
2684 2685
2686 2687
2688 2689
2690 2691
2692 1183
2693 1093
2694 2695
2696 2697
2698 2699
2700 2701
2702 1303
1655 617
2703 1727
2704 1831
2705 2706
2707 1457
2708 275
2380 1112
1650 2033
2709 465
2710 590
2711 2712
2713 1136
1896 2714
2715 2716
2717 1010
2718 2719
2720 267
2721 2722
2723 1614
2724 372
2725 2417
2272 2726
2727 1675
2728 2036
2729 424
2730 2731
2732 2257
2733 1492
2734 2735
2736 57
2737 1119
2738 2739
2740 2162
2741 1370
2742 2743
2744 2745
2746 1248
2747 11
2748 2749
2750 2751
2752 2508
2753 1166
2754 2755
2756 2757
2758 17
2759 2760
2761 2060
2762 2763
2764 2765
2766 27
2767 2768
2769 2765
2770 2432
2771 2772
2773 2774
2775 2245
2776 1945
2777 2778
2779 2780
2781 23
2782 2783
2784 120
2785 2786
2787 2788
2377 2789
1844 2790
2791 2049
2792 2793
2693 1372
2794 2795
2796 696
2797 2798
2799 344
2800 2801
2802 103
2803 2804
2805 2806
2807 1950
573 2808
2809 2176
2810 1812
2811 2812
2813 1918
2814 1717
2815 1075
2816 2817
434 2818
2819 2820
2821 2822
2823 822
2824 1918
2825 174
2826 1599
2827 2828
2829 2830
2831 845
2832 2833
2834 657
2835 2681
2836 1231
56 2837
2838 2783
2839 2840
2841 2842
2843 2844
2845 2846
2847 2848
2849 2850
2851 2852
2853 2854
2142 762
2855 1711
2856 2857
1394 2858
2859 2860
2861 2862
2863 1652
2864 299
2865 639
2866 2529
2867 1313
2868 2869
2870 1492
2871 138
2872 1566
2873 1219
2874 2875
2876 17
2877 2416
2878 818
2879 700
2880 2881
2882 405
2883 35
2884 1285
2885 478
2886 2666
1801 2887
2888 1093
308 847
2889 1492
2890 2616
2891 59
2892 2893
272 893
2894 122
2895 2896
2897 845
2898 146
2899 1343
2900 938
2901 385
2902 2903
2904 2905
1873 2906
2907 1001
2565 1408
2908 2909
2910 1418
310 2911
2912 233
2913 49
2914 2915
2916 2917
1615 2918
2919 2920
2921 1823
2922 2374
2923 2924
2925 2926
2927 1029
2928 2929
2930 1599
2931 1708
2932 2933
2934 2935
2936 192
2937 2938
2939 1333
2940 1612
2941 2942
2943 1593
2944 2102
2945 1430
2946 2947
2948 385
2949 2950
2951 2952
2953 281
2954 2955
2956 2957
2958 1354
2959 1203
2960 2961
481 2962
1582 2963
2964 2965
2966 2967
2375 1553
2968 2969
2970 1391
1842 847
2971 2127
2972 900
2973 2974
2975 2976
2977 2978
2979 2980
2981 2982
2983 487
2984 1168
2985 2986
2987 991
2550 35
2988 2989
2990 1652
2991 2992
2993 2043
2994 2995
2996 1630
2997 407
2998 2999
3000 1739
3001 564
2515 501
3002 3003
3004 3005
3006 657
3007 299
3008 3009
3010 1408
3011 283
3012 3013
3014 3015
2355 3016
3017 1484
3018 680
3019 2389
3020 1358
3021 3022
3023 3024
3025 2570
3026 3027
3028 3029
3030 3031
3032 940
3033 3034
3035 3036
3037 2362
3038 3039
3040 3041
3042 3043
1289 61
1344 927
3044 3045
3046 3047
3048 3049
3050 3051
3052 3053
3054 3055
3056 3057
3058 3059
3060 3061
1696 3062
3063 1348
448 1015
3064 3065
3066 554
3067 3068
548 3069
3070 617
3071 3072
3073 3074
3075 3076
3077 3078
3079 3080
2077 3081
3082 3083
3084 3085
3086 1211
3087 669
3088 3089
3090 3091
437 1108
3092 166
3093 2920
3094 1978
3095 3096
3097 1616
3098 3099
3100 344
3101 1484
3102 221
3103 225
3104 287
3105 3106
3107 3108
3109 3110
3111 2489
3112 1879
3113 405
3114 473
3115 3116
3117 3118
3119 239
3120 3121
3122 3123
3124 3125
3126 518
3127 3128
3129 579
3130 3131
3132 3133
3134 138
3135 3136
3137 3138
3139 3140
3141 3016
3142 3143
3144 1159
3145 166
3146 3147
3148 1385
3149 3150
3151 1943
1295 3152
3153 247
3154 3155
3156 416
3157 3158
3159 344
3160 3161
3162 1818
3163 2275
3164 233
3165 3166
3167 1108
2601 1958
3168 3169
2673 2607
3170 2544
3171 3172
3173 2160
3174 3175
3176 3177
3178 1664
3179 867
3180 3099
3181 3182
3183 3184
3185 39
3186 1799
3187 635
3188 3189
3190 374
3191 3192
3193 3194
1421 3195
3196 1320
3197 3198
3199 3200
3201 3202
3203 1485
3204 3205
3124 3206
3207 3208
3209 570
3210 1937
3211 1045
3212 3213
3214 275
3215 3216
3217 184
3218 3219
3220 2109
3221 3222
3223 3224
3225 1316
3226 3227
3228 1937
3229 3230
3231 3232
3233 3234
3235 3236
3237 3238
3239 3240
2907 2533
3241 3242
3243 482
3244 3106
3245 3246
3247 3248
3249 3250
38 2783
3251 93
3252 3253
3254 3255
3256 3257
3258 1711
3259 1372
3260 3031
1775 482
3261 3262
3263 2387
3264 3265
3266 680
3267 3268
3269 3270
3271 3272
3273 857
2709 2145
3274 2013
2395 3275
3071 826
3276 3277
551 893
3278 3279
3280 720
2294 993
3281 3282
3283 1727
3284 3285
3286 3287
968 3288
3289 3290
3291 1361
3292 3293
3294 969
3295 507
3296 1372
3297 2840
3298 3299
3300 3301
3302 3303
3304 140
3305 287
1236 3306
3307 3308
3309 2428
2035 3310
3311 405
3312 3313
3314 2666
3315 3316
3317 1559
3318 3319
1846 849
3320 433
3321 869
3322 3323
3324 1630
3325 2854
3326 3327
3328 206
959 3329
2222 122
3330 1341
3331 3332
3333 1637
3334 1329
3335 3336
3337 499
3338 1768
3339 1217
3340 784
3341 2218
3342 1013
2932 969
3343 3344
3345 2498
3185 2860
3346 3347
3348 3349
3350 3351
3352 1667
3353 1057
3354 3355
3356 3357
3358 200
3359 3360
2594 3361
3362 2251
3363 845
3364 630
3365 3366
3367 1809
3368 247
3369 1937
817 208
3370 3371
3324 847
3372 539
3373 3374
3375 3376
3377 3378
3379 233
2890 3380
1398 1045
3381 110
3382 3383
3384 3385
3386 3387
3388 407
3389 3390
1384 1372
3391 3392
3393 2249
3394 1231
3395 3396
3397 3398
3399 2178
3400 835
3401 2896
450 3402
3403 564
3404 2485
3405 1637
3406 120
3407 3408
1207 3409
2919 405
2750 900
3410 902
3411 3412
3413 126
3414 3255
3415 2055
3416 1303
3417 376
3418 3419
3420 2322
3421 596
3422 2789
3423 1937
3203 3257
3424 3425
3426 1309
1819 544
3427 3428
3429 3430
3431 1013
460 3432
3433 2421
3434 17
3435 2531
3436 372
3437 3438
3439 3440
3441 2226
3442 1941
3443 1727
3444 539
460 610
3445 2439
3446 1013
3447 1132
3448 3449
3450 2485
3451 3452
3453 3454
3455 3456
852 405
3457 3458
3459 775
3460 1420
3170 3461
3462 1368
3463 3464
3465 592
3466 374
3467 3468
3469 3470
3471 3472
3473 140
3474 3475
3476 3477
3478 3479
3480 3481
2208 3482
3483 1947
3484 405
3485 1455
3486 3487
3488 889
3489 857
3490 3491
3492 3493
2939 1366
3494 3495
3496 3497
3498 1372
3499 3500
3501 3502
3503 3504
3505 1017
3506 3507
3508 2516
3509 3510
1327 3511
3512 3513
3514 3515
3516 2020
3517 3518
2663 3519
3520 2837
3521 446
3522 3523
3524 2995
3525 3526
3527 75
3528 3529
3530 1015
3531 3532
3533 3534
3535 67
3536 1017
3537 3538
3539 639
3540 944
3541 3236
491 1217
3542 3031
3543 2160
3544 65
3545 3546
3547 3548
1682 3549
3550 1388
3551 3552
3553 249
3554 3555
3556 3557
3558 3559
3560 1186
3561 3562
3563 2716
3564 1906
3565 1108
3566 2117
3567 1262
3568 3234
3569 3150
3570 3571
3572 3573
3574 295
3575 3576
3577 3578
3579 3580
3581 3582
3583 3584
3585 497
3586 285
3587 601
3588 3013
3589 3590
1050 3591
3592 1736
3593 3594
3595 3596
3597 376
3598 3515
3599 1008
3600 724
3601 3602
3603 3604
3605 1889
3606 3255
3607 3608
3609 762
460 3610
3611 895
3612 3613
3614 3615
3616 3518
3617 582
3618 3619
3620 107
3621 150
3622 3623
3624 348
3625 3626
3627 3628
3629 3630
3631 3632
3633 3634
3635 3636
3637 3638
3639 1902
3640 17
1227 1899
3641 3642
3643 35
3644 3645
3646 3647
3648 1512
2435 1255
3649 1231
3650 3651
3652 960
1160 2318
3653 1209
3654 3655
3656 3131
3657 103
3658 3659
3660 969
3661 1603
3662 1246
1070 962
3663 152
129 893
1194 3664
3665 3513
3666 3667
3668 3065
3669 372
2657 3670
3671 3672
2248 140
3673 3674
3675 130
3676 1168
3677 661
3678 422
3679 3680
3681 93
3682 482
460 1343
3683 3684
3685 405
3686 3687
3688 1231
3689 3690
3691 3692
3693 3694
3695 3696
3697 3698
3699 3700
3701 2599
3702 1739
3703 3704
3705 3706
3707 1416
3708 3709
2490 2366
1543 3710
1000 3711
3712 3713
3714 2463
3715 3716
3717 3205
3718 3719
3720 196
3721 3722
3723 1043
3724 1013
2632 3725
3726 3727
3728 1897
3729 1013
3730 1809
3731 3732
3733 2719
2514 3734
3735 3110
3736 2064
3737 35
3738 3739
3372 3740
3629 3741
3742 2735
3743 3744
3745 2658
3746 3747
3748 3749
3750 3751
3752 3753
3754 35
3755 2013
3756 2544
3757 1186
3758 1818
3759 1736
3760 3761
106 3762
3763 2313
3764 2291
3765 1856
3766 1770
3767 1666
3759 940
3768 3287
3769 3770
3771 245
3772 457
3773 3774
3775 3776
3607 3072
3777 3290
3778 3779
3780 2109
3781 790
191 138
3782 3636
3783 57
3784 3785
2758 1316
3786 374
2879 3069
3787 3788
3789 1577
3790 2291
3791 2716
3792 3793
3794 3795
3796 3797
264 3798
3799 2858
3800 1075
890 3801
3802 281
3803 3804
2365 3805
3806 3005
3807 3808
3809 3810
3811 1897
3812 1231
3813 3248
3814 3815
3816 3817
3818 3208
3819 1914
3820 3821
2880 465
3822 3823
654 3824
3825 2963
3826 3049
3827 2298
3828 405
3829 3830
3831 3069
3832 407
3833 3005
3834 3043
3835 3836
3837 796
3838 2465
3839 969
3840 3841
3842 247
3843 3844
2541 3845
3846 3847
3848 17
3849 3850
3337 3851
3852 857
3853 3854
3855 3856
3857 3858
3859 624
3860 270
3861 837
3862 3863
3864 267
3865 229
3866 3867
3868 1945
3869 3870
3871 3872
3873 3874
3875 759
3876 3877
3878 3879
3880 3798
3881 376
3882 3883
3884 1017
3885 2547
3886 3887
3888 3041
282 478
3889 360
3890 895
3891 857
3892 138
3893 2669
3894 3319
3895 3797
3896 3897
3898 3899
1390 1798
3900 3901
3902 3903
3904 397
3135 3905
3906 3907
3908 2801
3909 621
3910 3911
3912 1063
3913 3914
3915 3916
3917 1557
3918 2518
3919 1662
3920 41
2923 3921
3922 1947
3923 857
3924 800
3925 3926
3927 1047
3928 330
3929 3248
3930 3931
3932 3933
3934 372
3935 3936
3937 2428
3938 3306
3939 889
3940 3941
3942 1633
3943 424
3944 1533
2182 3798
3945 509
460 3810
3946 550
3947 1418
3948 2043
3949 1219
3950 3951
3952 3953
3441 2160
1565 1732
3954 2381
3955 116
3956 3957
3165 3487
3958 378
3959 3456
3960 1426
3961 3962
3963 3964
3965 857
3966 552
3967 3968
3969 3970
3971 3972
3973 1649
3974 3975
3976 2862
3977 1428
3978 3491
3979 3980
3981 140
3982 3983
3984 3700
3985 3110
3986 1106
3987 3988
3989 1013
3990 3630
3991 3992
3993 895
3994 746
854 3995
2208 233
3996 3360
3997 3998
3577 3684
3999 4000
4001 4002
4003 418
4004 140
4005 4006
4007 1651
2742 1649
4008 4009
537 1943
4010 2364
4011 4012
4013 4014
4015 3096
4016 4017
4018 3698
4019 1146
4020 2581
4021 4022
4023 4024
4025 4026
4027 4028
4029 4030
4031 4032
3742 4033
3754 4034
4035 4036
4037 4038
4039 4040
3889 4041
4042 453
4043 4044
4045 672
4046 958
4047 2459
4048 122
3892 4049
4050 2404
4051 4052
4053 933
4054 4055
4056 4057
4058 4059
2016 2309
4060 4061
4062 895
3917 4063
4064 4065
801 4066
3544 79
4067 4068
4069 882
4070 2599
460 861
3663 1152
4071 4072
4073 4074
4075 5
4076 1075
4077 2967
4078 4079
2113 4080
4081 3905
4082 4083
1855 3425
4084 4085
54 698
4086 845
119 4087
4088 4089
4090 1748
4091 267
4092 1350
4093 2154
4094 1496
4095 1233
3388 3779
4096 3143
4097 427
4098 2483
4099 1372
4100 2145
4101 2368
2580 3941
4102 2995
4103 1818
4104 2313
4105 2224
4106 313
4107 4108
4109 3250
4110 4111
4112 716
3896 4113
4114 4115
4116 3538
4117 1973
4118 4119
4120 4121
4122 4123
4124 3808
4125 3897
4126 962
4127 2909
1192 4113
4128 2017
4129 4130
4131 4132
2106 1455
4133 449
4134 4135
4136 140
4137 704
4138 2286
4139 4140
3974 543
583 95
4141 2535
4142 3347
4143 1781
1555 35
4144 4145
4146 4147
445 2999
4148 4149
4150 2043
4151 2322
4152 4153
3418 2903
4154 259
4155 4156
4157 116
4158 1547
4159 4160
4161 2023
1460 2284
3966 4162
4163 1856
3517 1292
4164 1298
4165 541
4166 3856
4167 4168
4169 4052
2346 4170
4171 2557
3048 2830
4172 863
4173 4174
4175 4176
4177 3219
4178 698
4179 29
4180 3143
4181 676
4182 4183
4184 391
4185 1484
4186 4187
4188 4189
4190 3110
4191 140
4192 4193
4194 9
4195 1316
4196 3128
4197 4198
4199 2638
4200 2082
4201 4202
4203 4204
4205 3795
4206 762
4207 1897
2423 4208
4209 2306
956 558
4210 2774
4211 1213
4212 953
4213 17
4214 3279
3137 4215
4216 4217
4218 4219
4220 1303
4221 4222
4223 4224
4225 4226
4227 2060
4228 2356
4229 4230
4231 4232
4233 4234
4235 4236
4237 2240
4238 1264
4239 1303
4240 469
4241 3529
4242 1562
4243 4244
4245 4246
4247 4248
640 120
4249 4250
2297 1093
4251 4252
4253 885
2737 2496
4254 3043
4255 4256
4257 140
4258 4259
4260 1118
4261 4262
4263 4034
4264 4265
4266 156
4267 4268
4269 768
2641 2112
4270 4271
4272 4273
4274 4275
4276 1473
4277 4278
4279 1345
4280 4281
3439 4282
2534 1248
4283 1904
4284 4285
4286 4287
4288 4289
4290 612
4291 4292
4293 1484
4294 3123
4295 2404
4296 4297
4298 824
540 2020
4299 81
4300 1833
4301 3582
4302 582
292 4303
4304 4305
4306 2683
4307 2554
1475 1013
2001 4308
4309 4310
4311 4312
4313 768
4314 4315
4316 2478
3888 2100
1932 2745
4317 2999
4318 190
4319 2636
4320 4246
4321 1672
1339 1683
4322 4323
4324 4325
4326 216
2606 3452
4327 732
4328 4329
4330 4331
4332 4333
104 2416
4334 239
4335 4336
4337 122
4338 4339
4340 1711
4341 1539
4342 4343
4344 4345
4346 475
4347 3470
4348 1533
4349 4350
4351 4352
4353 4354
4355 366
4356 4357
4358 1017
2305 912
4359 4360
4361 122
4362 4363
4364 977
4365 4366
4367 4368
4369 122
4370 4371
3878 4354
4349 2301
4372 3287
4373 120
4374 4331
4375 2211
4376 4377
4378 800
4379 4380
4381 4382
4383 478
4384 564
4385 698
4386 4387
4388 405
2035 4389
2200 4390
4391 407
4392 3360
4393 1413
4394 4395
4396 4397
4398 4399
4400 120
4401 3277
4402 1361
4403 4404
4405 4406
3539 3692
1429 4407
4408 480
2709 2516
4409 2719
4410 4411
4412 45
4413 2238
3721 4414
4415 1545
4416 4156
4417 1618
4418 2139
4419 4248
4420 4421
4422 2038
4423 287
4424 748
4425 4426
4427 263
4428 2722
4429 4430
4431 1614
4432 418
4433 985
4434 170
2333 969
4435 3805
4436 3255
4437 4438
4439 4022
4440 4441
4442 1017
4443 4444
4445 2869
4446 3152
4447 1313
4448 4449
3129 4343
4450 4451
4452 734
4453 1545
4454 4455
2212 93
1099 4456
2870 2100
4457 4458
691 1807
4459 3472
4460 120
2089 4461
4462 405
4463 728
4464 4465
4466 4467
2727 3192
4468 2205
4469 4470
4471 983
4472 1029
4473 4176
4474 4475
4476 4477
4478 4479
4480 2577
381 2318
4481 4449
4482 1075
4483 3250
4484 955
4485 4486
4487 295
4488 4489
4490 4491
2018 4492
4493 4494
4495 4496
3339 492
4497 4498
3539 4499
4500 3374
4501 1341
4502 4503
4504 2643
4505 918
2161 615
4506 4507
4508 2581
4509 891
4510 2472
4511 2790
4512 2298
4513 4514
4515 4516
4517 1307
4403 4518
4519 4520
3765 3591
4521 4522
1844 162
4523 2291
2809 4524
4525 4526
4527 3823
4528 3236
4529 1609
4530 4343
1493 4259
4155 694
4531 562
1740 2564
4532 1285
4533 3336
4534 1753
4535 4536
4537 4538
4539 4444
4540 3992
4541 4542
4543 2489
4544 4545
4546 2351
4185 1039
4547 473
4548 4549
3307 4550
4551 3216
4552 4553
4172 1762
4554 2478
4555 4556
4557 4558
4559 1372
1513 1452
4560 4561
4562 4563
4564 4565
850 35
4566 4567
4568 4569
4570 35
4571 4572
4573 1031
4574 2544
4575 4576
4577 4578
4579 4580
1657 1960
4581 2924
4582 4583
4584 4585
4586 918
4260 473
4587 2726
4588 1967
4589 4590
4591 4592
4593 4594
4595 3175
4596 2441
512 4597
4598 4599
4600 757
4601 4602
4603 4569
4604 4605
4606 4607
4608 4609
4610 4160
4611 1492
4612 2049
4613 3615
4614 770
4615 2818
4616 4617
3393 4618
4619 4620
4621 3147
4622 1577
4623 3817
4624 4315
1379 4625
4626 17
4627 1055
4628 2500
3467 2896
4629 4630
4631 3106
4632 4633
2939 1017
4634 3361
4635 467
4636 3069
4637 4638
4639 2572
4640 4641
4642 4643
4644 4503
4645 1541
4646 4647
4648 4336
4649 4650
4651 4652
4653 2160
4654 4226
2571 376
892 1264
2715 2288
4655 393
4656 407
4657 3110
4658 4659
4660 4661
1795 453
4662 4663
4664 4665
2885 3385
4666 4667
4668 4395
4669 736
4670 3081
4671 1116
4672 1382
4673 1803
4674 1193
4675 4676
4677 4678
4679 1333
4680 45
4681 1623
4493 4682
4683 4684
4685 1469
4686 4687
4688 4689
4690 4691
4692 2459
4693 895
4694 4695
4696 1937
4697 2316
4698 3634
4699 1422
3606 3287
4700 4701
4702 3360
460 1445
4703 124
4704 4275
3025 4705
4706 4028
4707 1980
4708 1627
4709 1447
4050 3055
4710 526
2595 3128
4711 4712
4713 405
4714 1171
4715 4716
4717 4718
4719 3604
4720 4721
4722 3655
4723 3133
4724 2965
4725 1777
4726 4352
4727 2057
3127 1209
4728 4729
4730 4345
4731 4732
646 3482
2384 2255
4733 342
4734 4597
2628 1939
4735 1071
4736 4026
4737 1750
4738 2633
1190 1303
4739 3376
4740 4741
4742 4743
4744 4745
4746 231
4747 1416
1024 1630
4748 1656
4749 4750
4751 2817
4752 2581
4753 3613
2834 2026
4754 2117
4755 4024
4756 4115
4757 4758
4759 2911
3033 4760
633 4761
4762 3482
4763 3200
4764 4765
4766 4767
4768 1496
4769 29
4770 4771
4772 4773
4774 4775
4776 330
4777 4778
4779 4650
4780 4781
4782 424
1460 3255
4783 2469
4784 4785
4786 1818
4787 2552
4788 4026
4789 924
4790 4791
4792 1537
4793 4794
4795 1006
4796 592
634 3998
4797 4798
4799 156
1742 4800
4165 2145
4801 708
4802 3659
4610 824
4803 880
4804 3456
4805 4806
3052 4807
3898 4808
4809 1027
4810 2203
432 1091
4811 214
2656 81
697 4812
4813 1719
4814 2896
4722 227
4069 2188
4815 1316
4816 4032
4817 4818
4819 3776
2930 107
4820 1781
4821 4822
4823 1985
4824 1326
4825 1492
316 3863
4826 4827
4828 378
4829 1762
2142 4830
4831 114
4832 4833
4834 1209
4835 3615
4836 667
829 1416
4837 1921
3141 2356
4838 4839
4840 1329
4841 4842
3894 4843
4844 2465
4845 4585
4846 3081
4847 4458
4848 4849
4850 4851
4852 4202
4853 17
3876 4854
4855 1013
4856 770
4857 4858
460 4538
2756 4849
4859 4860
4861 2218
1312 541
4862 2419
4863 261
4864 455
4865 4866
4867 4868
4869 2158
4870 4115
4871 2695
4872 4873
4874 480
1234 4553
4875 4876
4877 4878
2388 4879
4880 51
4881 4882
4883 405
2129 1662
4884 3519
4885 144
4886 1326
4887 4888
4889 372
4890 3005
460 4308
2628 4891
4892 4893
4894 4895
1367 1100
4896 4897
4898 940
4899 372
4900 3582
4901 513
4902 4903
4904 3562
4905 120
4906 1281
4907 4908
4909 4287
4910 655
4911 4912
4913 2622
4914 2205
1300 4915
4916 4917
4918 4919
4920 955
460 805
4921 2193
4922 2139
4923 501
4924 4925
4926 433
4927 4928
4929 2098
1000 2599
4930 4931
4932 661
4933 2992
4934 1053
4935 4661
4936 4937
4938 4939
4940 3608
4941 35
3563 1108
4942 1651
4943 4778
4944 4945
2563 4946
4947 4948
4949 4950
4951 2726
4738 3725
2056 4952
4953 4954
4955 1809
3551 89
4956 65
4957 4958
4959 1899
4960 1186
4961 3475
4722 2846
4962 4963
4964 4965
4966 2293
2168 2329
4967 4968
4969 2288
2035 1363
2206 4970
2956 2013
4971 2439
4972 1807
4973 1441
4790 4390
4974 4975
4976 4750
4977 680
4978 281
4979 4492
4980 4981
4982 45
2397 4983
4984 136
4985 4986
458 507
4987 239
4301 4988
4989 4990
4991 4992
4993 4994
4086 1354
4995 2554
4996 1498
4997 808
1261 4998
2216 4999
2029 700
5000 5001
5002 5003
4288 1161
128 4028
5004 4641
2458 3706
1407 1818
5005 5006
5007 5008
288 5009
5010 3856
5011 5012
5013 2240
5014 1231
5015 324
5016 5017
5018 5019
5020 4771
3187 107
5021 3797
5022 726
5023 424
115 5024
5025 138
1560 1366
5026 4389
5027 5028
5029 5030
3782 4594
5031 4162
5032 360
5033 5034
5035 570
5036 519
5037 692
5038 4878
5039 4458
5040 1013
5041 301
4586 1252
5042 5043
5044 3479
5045 5046
5047 4851
5048 5049
5050 105
2414 156
131 5
5051 5052
4466 1219
5053 5054
5055 5056
1801 5057
5058 5059
5060 1093
1297 723
5061 955
5062 869
5063 3793
5064 4968
2876 3303
5065 1168
5066 4123
5067 83
5068 5069
5070 405
5071 539
4050 170
563 4687
5072 5073
5074 1760
5075 5076
1462 114
5077 3200
5078 2309
5079 2846
5080 4208
5081 3830
5082 5083
5084 5085
0 2459
5086 1587
3715 1623
5087 5088
5089 2633
1169 3571
5090 5091
5092 1206
5093 1303
5094 5095
5096 2607
5097 5098
5099 4912
5100 859
5101 2751
4188 5102
5103 755
5104 5105
2035 2271
5106 2040
1977 889
5107 499
5108 1762
5109 738
715 723
5110 626
3042 259
5111 5112
5113 977
5114 5115
1187 5116
5117 5118
5119 2100
5120 5121
5122 1793
5123 3125
5124 1255
5125 5126
5127 2049
5128 2354
5129 5130
5131 405
3682 3361
5132 4217
5133 5134
5135 3841
5136 2416
1407 5137
5138 2033
5139 3248
3223 5140
5141 2689
5142 5143
5144 3089
3993 2154
2077 178
5145 1326
5146 3303
5147 5148
5136 3883
2138 473
5149 182
5150 3057
5151 166
5152 2739
5153 5154
5155 5156
2754 35
5157 5158
5159 2524
5160 5161
5162 2120
5163 3232
5164 5165
5166 5167
3350 1215
5168 1426
3453 9
5169 142
3141 4839
5170 5171
5172 1753
5173 405
860 740
5174 1531
5175 1484
5176 5098
5177 166
5178 166
5179 1967
5180 2778
5181 2278
2586 5182
5183 5184
5185 5186
5187 178
2347 307
2567 1013
1400 2583
5188 3815
5189 3255
5190 4395
5191 5192
5193 5194
5195 5196
5197 307
5198 5199
5200 2666
5201 3003
4660 4287
5202 5102
5203 5204
5205 1618
5206 4578
5207 5208
5209 5210
5211 5212
5213 808
5214 2869
5215 35
3111 2060
5216 4641
5217 4441
5218 5219
5220 463
5221 5222
5223 5224
5225 837
5226 3287
5227 993
5228 5229
5230 2419
5231 895
5232 5233
5234 556
5235 889
5236 5237
5238 5239
5240 3133
3496 5241
5242 3287
4245 2909
5243 1690
1694 1978
5244 225
5245 407
5246 908
5247 5248
5249 2020
4845 4854
5250 5251
5252 5253
5254 405
565 4325
5255 2714
5256 3856
5257 1828
5258 3847
5259 5260
5261 1017
5262 5263
3840 5264
858 2293
5265 3290
2068 2359
3314 1269
5266 249
5267 1630
1591 5268
5269 5233
5270 2426
2061 5271
5272 393
5273 5274
1113 630
649 855
5275 1259
5276 1450
5277 4198
5278 5279
5280 287
5281 2389
4151 200
5282 5283
4095 1029
5284 1229
5285 1326
5286 2364
5287 5288
5289 5290
5291 5292
5293 4345
5294 5295
5296 5297
5298 2267
5299 5300
5301 5302
5303 5304
5305 708
5272 4992
5306 3970
5307 5308
5309 5310
5311 5312
701 645
1810 5313
5314 4012
3311 1029
5315 1967
3873 5316
4231 1992
5317 5318
2431 1017
5319 4952
5320 924
2314 5321
5322 1803
3075 2577
5323 5324
4746 5325
5326 3432
3943 1285
5327 370
5328 4684
4099 1416
5329 3931
5330 5331
5332 837
3535 1183
5333 69
312 1849
5334 5335
5336 4382
5337 41
5338 5339
5340 3287
5341 5342
2811 467
199 5343
2493 1998
2634 1069
5344 5345
2515 1093
5346 1704
5347 5158
5348 914
5349 5350
5351 17
1162 1877
5352 960
4071 1719
5353 1424
5354 4854
5355 4599
5356 4561
5357 5358
5359 639
5360 1579
5361 4395
5362 3419
5363 1492
5364 4741
5365 1781
1785 2564
5366 5367
5368 166
5369 1358
5370 376
5371 4908
5372 5373
5374 5375
5376 5377
5378 3844
5379 5380
5381 196
5382 1043
240 1764
5383 588
5384 5385
5386 4491
5387 3360
5109 3262
5388 734
5309 2257
5389 453
5390 184
4242 4638
4856 5019
2901 2552
5391 4421
5392 2924
5393 3883
371 200
5394 51
5395 1764
1267 2426
5396 2906
5397 1047
919 5398
5399 212
5400 348
5401 3698
4051 5271
2323 1835
5402 576
5403 1271
5404 5076
5405 3740
5406 2478
5407 192
5408 4585
5409 1704
3088 4968
5410 3016
5411 5335
5412 5
5413 5414
2241 5415
5416 5194
5417 107
5418 4226
508 3608
5419 1354
5420 5421
5422 1388
5423 5424
5425 471
5426 4275
4270 1697
306 241
5427 3883
5428 5429
5430 299
3514 2739
5431 5432
5433 599
5434 875
5435 5436
5437 1382
320 4215
5438 5439
5440 1863
5441 5442
5443 5444
5445 5446
1222 5447
5448 2020
3384 3576
5449 5450
5451 5452
5453 1361
5454 3182
5455 2328
5456 5385
5457 5458
5459 2279
5460 5461
5462 2714
5463 3022
5464 5465
4679 63
1258 2147
5466 5467
5468 2231
5469 1958
5470 4741
5471 1150
5472 405
4417 1361
5473 5474
5475 5476
2853 1378
5477 297
5478 5479
5480 463
3767 1455
5481 4479
5482 3975
5483 1677
1014 449
5484 2011
4019 2679
5485 5486
2555 184
5487 3921
1842 1213
5488 1416
5489 3713
5490 3458
5491 5492
5493 2844
5494 5495
5496 2572
5497 17
5498 4998
1838 849
4374 1958
5499 120
5500 4354
5501 2612
4047 1420
5502 924
5503 5154
5504 4451
5505 5506
5507 1523
4562 5508
5509 3470
3382 307
5510 5511
5512 2812
5513 1408
5514 11
5515 5516
3217 2385
5517 5518
5519 845
961 1071
5520 5521
5025 1432
5522 1837
5523 1140
5524 619
3338 2288
580 1193
5525 5526
5527 3797
5528 5529
4097 1285
5530 4994
5531 2461
5532 5533
2589 1029
5534 1690
5535 3823
5536 374
5537 5538
3164 4130
636 5539
925 4919
2317 1161
5540 5541
5542 3175
5543 2043
2648 4878
5544 3360
5545 2995
5546 5547
5548 4278
5549 4818
5550 3123
5551 478
4764 518
1743 1484
5552 655
5553 2351
5554 5555
1733 5556
5557 1746
5558 385
5559 3642
5560 5561
5562 5563
5564 2366
1395 762
3843 5565
5566 5567
5568 5569
5570 5571
5572 5533
5573 3883
5574 5575
5576 1336
5577 5578
5579 802
5580 857
5581 1029
5582 2178
5583 845
5584 5585
5586 2293
5587 1967
5588 5589
5590 772
5591 898
5592 1285
5593 1358
5594 233
5595 5596
5597 1537
5598 981
5599 3116
5600 1945
5601 706
947 4903
5602 5264
5603 5604
5605 1539
5606 5607
5608 5609
5610 3116
5611 1484
5612 5613
5614 3288
5615 4055
5616 5617
5618 3504
5619 1410
5620 1416
5621 5622
5623 3402
5624 5625
5626 3387
5627 5567
5628 3921
5629 541
5630 2359
5631 1017
5632 5633
5634 1093
5635 5636
5637 2485
5638 1793
5639 2401
5640 89
5641 1354
5642 2214
5643 5644
5645 621
104 3883
5122 969
5646 317
5647 132
5648 340
5649 2749
5650 2896
5651 243
5652 1677
5653 2624
5654 5655
5656 5657
5658 5659
5660 3801
5661 5662
5663 5664
5665 1019
4804 5666
5667 1980
5667 2033
3641 4168
5668 4721
3071 3623
5669 1047
5670 5671
2609 1531
1530 519
5672 360
5673 5674
5675 2735
5676 1448
3676 376
5677 991
5678 3396
5679 2245
3435 35
5680 698
5681 138
5682 196
5683 643
5684 3169
5685 828
5686 1704
5687 3059
5688 615
2578 3316
5011 3552
4410 2650
5689 1003
5690 5671
2035 2383
5691 5692
5693 5476
4754 910
5694 5695
5696 5697
5698 1382
5699 5700
5670 5701
5702 5703
5704 5705
5706 1211
5707 5674
5708 513
5709 140
5710 3316
3289 281
5711 5712
5713 372
5714 5563
5715 5716
5717 635
5718 847
2649 2679
1204 5719
5720 5721
3445 4800
5722 2526
699 4491
5723 370
5724 5725
5726 342
5727 1601
5728 3696
5729 118
5730 431
3966 893
5731 1013
5732 2236
593 2795
5733 4778
5734 2324
3415 5735
5736 5737
5738 239
5739 2020
911 2306
5740 480
4626 2306
5741 1448
5742 5743
5744 4041
5745 5746
5747 192
5748 5749
5750 2503
5751 692
5752 1045
5753 5754
5755 1071
5756 669
5757 5248
4293 5758
5759 449
5760 5761
5762 4908
5763 5764
3912 5765
5040 936
5766 461
5767 4705
5768 2483
5769 2518
5770 5771
5772 2804
5773 5774
5775 5776
500 1539
4742 3213
5777 1269
5778 1469
5412 5779
5780 696
5781 313
2449 3055
5782 5783
625 3208
5784 924
4517 1181
3112 156
5785 5786
5787 5043
4129 3475
5788 3287
5676 2176
5789 1967
5790 5791
5792 3250
5793 953
5794 3899
310 5795
5796 103
5797 1372
5798 440
5799 5800
5801 1812
5425 594
5802 2428
5803 5804
1853 484
5805 5806
5807 233
5808 5809
2163 5810
5811 5812
3082 2478
5813 700
4783 3047
2035 798
1328 5814
4090 202
5815 4123
4717 1621
1120 5816
4995 987
5817 5818
5819 5820
5821 1828
5822 3532
5823 1166
5824 5825
1212 65
2219 1623
5530 5826
5827 764
2675 5828
5829 1223
5830 372
5831 4352
5832 4123
4263 5833
5834 1916
5835 824
5836 1378
5837 2518
5838 5839
2035 5840
5841 4156
5842 3477
5843 3078
5844 5662
5299 5571
4669 4741
5845 3005
3829 5846
493 2535
5847 5848
2095 2529
5849 2005
5850 3287
5851 4382
5852 4014
3902 5853
5854 5855
5856 3192
5857 624
5858 5859
5860 3255
5861 5105
5862 497
5863 1041
5805 5864
5865 1739
5866 5867
4600 720
5868 5869
5870 768
5871 5156
5872 270
5873 1732
5874 5219
1025 1732
2119 5875
5876 723
4753 5126
2213 3385
5877 3213
5878 15
2940 166
5879 5880
5579 5881
608 1055
5882 4572
4840 5883
5884 586
5885 1354
5886 4132
5887 4477
5888 1753
5889 2518
4398 5820
5129 3546
5748 5890
5690 857
5891 2716
5892 1894
5893 1510
5894 5321
5895 2374
5896 2139
5897 4771
3178 2320
5898 1683
4792 1408
5899 1231
5900 5901
5902 5903
5904 863
5905 5906
5907 1053
5908 3762
5909 2599
5910 1181
5911 2906
5912 3195
3735 3899
5913 1652
5914 867
5915 4303
5916 1100
5917 55
5918 5030
5919 122
5920 5921
3439 5922
5923 17
3363 2387
5924 1305
5925 574
2696 5725
5926 152
5927 5928
5929 2428
5930 5931
5932 1891
5933 5934
5935 475
5936 3150
5937 5938
5939 5864
4584 5940
5941 5942
460 3638
1076 5943
5944 1075
5945 35
5946 5947
5948 5949
5950 138
5951 5052
1312 3110
5952 5953
5954 704
1536 4550
5679 3456
5955 2629
4929 1943
5956 5957
5958 895
5959 2999
5960 3452
5488 17
5961 482
4154 2020
3104 4160
5962 55
5797 2288
5291 855
2222 615
171 3213
5963 15
1696 469
5964 5965
5966 2172
3780 5967
5968 1683
5969 1803
5970 2186
5971 5972
5973 366
5974 1303
5975 5976
5977 444
5978 440
5979 5980
1776 5828
5981 3770
2122 849
5982 5983
5984 184
5985 2570
5986 5987
5988 2485
5989 170
1720 5990
3228 5633
5379 5934
5991 15
3625 5076
5992 2448
5993 4467
5994 5995
5996 1397
5997 2060
5998 4119
5999 3630
6000 519
6001 4160
460 1789
6002 5786
6003 317
6004 6005
466 6006
6007 5292
6008 2448
3631 1557
6009 1329
6010 871
6011 5
6012 6013
6014 1017
6015 606
6016 6017
6018 3851
6019 1271
5739 1766
5821 6020
6021 6022
6023 5297
1092 3169
6024 6025
6026 3538
5710 2992
6027 2082
6028 2881
6029 3096
6030 2245
6031 6032
6023 6033
6034 4750
6035 2652
6036 3615
6037 6038
6039 4278
6040 2622
6041 5279
6042 6043
6044 820
6045 6046
4092 1935
6047 2304
1228 5085
6048 6049
6050 794
6051 2915
6052 4187
6053 1484
6054 2726
6055 2275
6056 6057
6058 6059
5215 4022
1020 4576
6060 871
6061 6062
6063 1354
6064 999
6065 1110
6066 5251
6067 2774
6068 4954
6069 1397
6070 6071
6072 5839
5181 6073
5937 6074
4742 3638
6075 2379
6076 4149
6077 2516
6078 3704
930 3594
6079 2439
6080 3041
6081 2257
6082 6083
6084 6085
6086 4285
6087 6088
6089 2478
6090 1523
6091 4542
3803 6092
6093 83
6094 6095
6096 5009
6097 2253
6098 6099
6100 4878
6101 861
6102 3510
6103 5719
6104 5424
6105 6106
6107 2406
6108 4818
6109 122
2183 4750
6110 4074
4546 1952
6111 4052
6112 6113
6114 2257
218 1428
6115 4498
6116 2854
6117 4572
4653 6118
6119 647
6120 6121
6122 940
6123 6124
6125 166
4393 2938
4131 1047
6126 1897
6127 6118
6128 6129
5742 393
6130 457
6131 3349
6132 810
6133 1029
2280 574
6134 2145
2390 1561
6135 2478
6136 5297
6137 2790
6138 1741
6139 6140
6141 1739
6142 6143
6144 152
6145 1341
6146 6147
3536 6148
5051 4496
2375 6149
6150 4193
6151 2967
6152 6153
6154 1818
6155 5922
6156 853
6157 6158
5879 6159
3446 2279
6160 710
6161 6162
1396 1789
6163 140
4639 376
6164 2467
6165 6166
6167 2184
6168 2286
6169 1029
6170 1203
6171 6172
6173 924
6174 6175
4886 1231
6176 2986
6177 1087
2393 3036
6178 360
6157 1164
6179 6180
6181 6182
6183 1637
6184 1805
6185 4404
6186 2176
6187 2854
6188 1071
6189 6190
6191 376
3001 482
6192 6193
6194 6195
6196 3016
6197 372
1040 1967
6198 1943
6199 4732
6200 6201
460 6038
6202 6203
1600 3692
6204 69
3678 784
6205 4986
6206 4576
6207 6208
5605 501
6209 969
638 6210
6211 154
6212 1013
6213 6214
6215 5253
5362 4465
888 1320
6216 6217
6218 6219
6220 2389
6221 6222
6223 6224
6225 6226
6227 2211
6228 3262
6229 2090
6230 6231
3923 5091
5440 851
3399 772
6232 635
6233 1159
6234 5339
6235 1583
6142 1809
411 1854
4838 140
952 1937
1596 5644
6236 534
6237 6238
6239 118
6240 6241
6242 1017
6243 3016
6244 2432
6245 3557
6246 2107
6247 140
6248 3089
3982 1935
6249 5859
6250 6251
6252 140
1855 6253
6254 107
6255 6256
6257 3456
6258 6259
460 6260
6261 734
486 6092
6262 6263
6264 997
6265 1164
6266 6267
6268 1283
2619 4678
6269 1015
6270 3015
6271 4946
6272 2322
6273 6274
4398 4842
6275 140
6276 1106
6277 5118
1025 6278
6279 5
6280 3216
2021 1378
6281 4065
6282 13
6283 1303
6284 1692
6285 6286
6287 453
4753 2186
6288 3797
6289 105
6290 1603
62 2286
6291 659
6292 6293
6294 11
6295 4771
6296 4659
6297 6298
6299 742
6300 2622
6301 35
6302 1316
6303 3224
6304 4135
6305 4667
6306 626
6307 3290
3187 6308
5770 6309
6082 6310
4267 6311
6312 1879
6313 3995
6314 2844
98 6315
6316 3293
6317 57
460 3874
6318 1010
6319 3613
6320 6321
6322 4954
6323 5076
6324 1706
6325 933
6326 3158
6327 6328
3196 5385
2984 1484
6329 3497
6330 2677
6331 3608
224 6332
6333 1809
6334 1884
6335 1017
6336 1910
5847 1828
6337 120
6338 431
6339 2245
6340 5855
6341 4193
6342 4399
6343 1356
3226 6344
6345 275
3324 6346
153 71
3832 6347
6348 6267
6349 431
6350 6351
6352 1106
6353 1428
5755 4174
6354 6355
2528 2269
6356 4494
3646 6357
6358 3751
6359 6360
6361 875
6362 6363
6364 360
6365 1010
6366 5725
4106 1849
6367 1051
1287 6153
6368 2124
6369 4014
6370 6371
6372 2304
6373 6374
6375 1553
6376 6377
6378 6379
6380 6381
6382 885
6383 1484
4777 4652
6384 6385
6386 6113
268 3557
6387 2102
6388 6175
3164 3475
6389 1766
563 6390
1249 471
6391 6217
5055 6351
6392 118
3611 2590
6393 6394
6395 5942
5374 5295
6396 2186
6397 4667
6398 174
5724 166
1483 2585
1208 5398
1173 5295
6399 6400
6401 2387
6402 6403
6404 1013
4428 120
6405 4407
6406 2691
6407 3136
6408 6409
6410 1231
6411 4343
6412 6413
1790 2801
6414 6415
6416 5633
4615 1385
6417 628
6418 372
6419 6420
631 3290
6421 3810
6422 6423
2360 2801
6424 372
6425 6426
6427 3877
2964 2174
6428 6429
1184 6032
6430 1281
6431 5987
6432 5300
6433 3557
6434 1197
6435 118
6436 720
2424 5444
6437 4390
6438 1633
6439 5949
6440 2500
6441 4089
6442 1354
2748 6443
6444 6445
6446 5657
6447 624
6448 2320
6449 6450
6451 405
6427 507
6452 6453
2476 4602
5777 6454
6455 2017
460 1525
1185 5321
5857 1476
6456 6457
6458 3275
870 3692
6459 4998
6460 2706
6461 1603
4693 6462
4396 4006
6463 6464
6465 6363
6466 4380
6467 3815
6468 818
6469 6470
6471 2401
6472 444
627 2139
5811 1799
6473 416
3915 3608
6474 4946
6475 1432
460 1649
2703 1492
6476 1021
5250 6351
6477 6478
516 4352
4853 239
6479 2751
6480 5967
6481 6195
6115 103
6482 6483
6484 5046
1632 202
6485 2783
6486 714
6487 4135
6488 1372
6489 3694
2070 857
3146 6490
6491 3380
2083 4156
6492 6493
6494 6495
4588 969
4902 3851
6496 1161
1693 6497
6498 6172
6499 1697
6500 1713
6501 6502
296 405
6503 1248
3597 969
6504 6505
6506 6507
6508 1764
1506 3428
2202 6509
6510 6511
6512 2218
6513 6514
6515 1727
6516 3216
6517 6518
6519 6520
6521 1259
6522 3798
6216 5644
6523 6524
6525 6526
6527 2356
349 5541
6528 3128
6529 1233
6530 35
6531 6532
3104 2783
6533 6534
6535 6536
6537 1503
6538 393
6539 5199
2 6540
4722 6260
6541 2666
6542 1037
6543 1354
6544 6545
6546 6547
6548 317
6549 6550
6551 6552
6553 3804
6554 6006
6555 6556
832 6049
6557 1539
6558 71
6559 898
2035 2701
1493 6560
6561 650
581 2518
6562 619
6563 287
6564 4785
6565 4265
6566 6567
5389 792
1698 6568
6569 4036
6570 1324
3566 5006
6571 3290
6572 1159
6573 539
6574 6575
6576 1331
890 1960
6577 156
6578 3557
6579 6580
6581 2190
6582 3150
6583 6584
6585 6586
6587 603
6588 5596
6589 166
5790 6172
5599 6590
6591 1947
6592 4553
6593 3216
3685 2489
6594 2793
6595 1990
3756 6596
6597 6598
6599 19
6600 6601
6602 15
6603 2489
6604 736
6605 2862
6606 1296
5185 4687
6607 5056
2923 6608
6609 4135
6610 376
6611 4479
6612 2428
6613 3770
4598 2211
6614 3594
5125 499
6615 433
6616 1138
6617 507
6618 3931
6619 4012
6620 6580
4154 3043
6621 1140
6622 6623
6624 564
6625 6626
284 6511
6627 2174
3665 698
6628 6629
6630 6631
6632 2716
6633 2178
6634 176
2899 3430
2217 6635
6401 1372
4402 6636
6637 6638
6639 3140
4706 6640
6641 519
6642 405
6643 673
6644 5444
6151 3706
6645 5057
6646 1408
6647 6648
6649 275
6650 1093
6651 6652
6653 6278
4233 140
6654 722
6655 1093
4127 6656
6657 5556
6658 2203
3144 6659
6660 3502
6661 1561
1832 297
6662 5130
4768 684
230 138
6663 1937
5647 5
6664 6665
928 3623
6666 924
5598 449
5346 6667
2209 1017
6668 2768
6669 356
6670 2112
6671 247
6672 6095
5669 6673
6674 1828
6675 6676
6353 1503
6677 1324
6678 6679
6680 2950
6681 3458
6682 3069
4247 3481
6683 5538
6616 6497
6684 6685
6686 6687
6688 5414
3527 484
6689 3347
6690 6691
2662 975
6692 6159
6693 6694
6695 3257
6696 6697
5672 6698
6699 5589
6700 2597
6701 6702
447 2938
6703 4377
6704 4576
6705 6706
6707 5167
6708 2461
6709 348
1056 5130
6710 6711
6712 6713
6714 5953
6715 1093
6716 6717
2670 1223
5162 1252
6549 2854
6718 6719
6720 5644
6721 333
5658 405
6722 566
139 987
6723 4499
6724 2478
6725 983
6726 4055
6727 3713
6728 3538
6729 3024
205 6730
68 4397
6731 5222
5042 532
6732 6733
6734 2120
6735 3055
6736 1361
6737 6738
6739 2920
6740 2572
6741 29
5169 912
6742 405
6065 5779
6743 360
6744 1965
6745 2220
6746 1136
6747 3921
6748 6749
6750 6385
6751 4520
6752 2516
6753 2381
1974 3739
6754 3779
6755 67
5349 307
6756 4553
6757 698
6758 465
6759 2389
6760 1764
6761 6762
6763 6764
6765 2255
6766 1599
6767 5846
6768 424
6769 5644
571 6770
1191 800
167 6771
6690 192
3291 5056
6772 3310
6773 975
4210 1408
578 873
6774 2980
5862 3513
6775 1021
6776 2211
6777 6778
6779 1422
6780 1296
3976 2092
6781 1923
1550 6782
6783 6784
6785 5268
6786 4609
6787 5083
6788 6789
6790 2293
6791 6792
6793 3106
6794 5976
6795 17
6796 6797
6798 2789
6799 6800
6801 1029
6802 981
6803 6804
6805 3481
6806 6590
6807 5806
6808 3461
6809 1863
6810 6811
6812 6355
6813 6814
6815 138
6816 6817
6063 1877
6818 6819
6820 2706
6821 3194
6822 166
6823 2677
6824 6825
6826 1708
6827 1996
6828 6502
6829 3232
6830 3219
6831 342
6832 1305
6833 107
6834 1732
5454 1372
6758 3043
6835 6601
6836 895
2595 6837
6838 4741
6839 3438
6840 4998
6841 4507
6842 5555
6843 1766
6844 2716
6845 3059
6846 6719
6847 465
6848 2552
6849 122
359 4041
6850 1093
1185 1095
6851 3376
6852 885
6655 558
3476 389
6853 6854
5623 120
6855 6856
6857 4187
6858 772
3724 6782
6859 2980
6860 619
228 1093
6861 4758
877 5335
6862 4123
6144 1766
6863 1010
1188 6864
6865 5446
6866 3905
6867 839
5179 845
6868 6869
6870 6871
1876 1093
6583 420
6872 130
6873 6552
6874 2139
6875 35
6876 678
6877 849
4362 5116
6878 6879
6880 376
6881 2597
6882 1055
6883 214
6884 6885
1668 219
2573 2160
6886 5316
6887 2364
6888 4830
6889 706
6890 2117
6891 969
2388 1583
2227 6892
4871 6893
6894 6895
6896 3482
6897 1049
6898 2757
6899 6518
6900 3804
6901 4491
559 6902
6903 3110
577 6904
6905 1356
6906 124
2425 473
1373 2526
6907 4931
6908 6909
5157 6910
6911 1354
6912 6175
6913 184
6914 6915
6916 933
2197 3121
6917 1800
6918 6919
3558 265
6920 307
6921 1825
6830 6922
6923 2387
6924 158
1953 5251
6925 1063
6926 2926
6927 895
6928 2238
6438 225
6929 4198
6930 3083
6931 722
6932 120
3947 5424
6933 657
4722 3432
3535 6934
5352 805
6935 6936
6937 849
6938 3136
6939 1382
6940 6278
6941 405
6942 4278
5207 35
6943 3255
6944 435
6945 2666
6946 2284
6947 2926
6948 635
3894 1318
6949 5003
6950 2139
6951 6952
6953 1168
6954 1719
6955 1965
769 4983
6956 1724
6957 103
3269 6958
6959 4475
6960 5076
3748 4479
6961 1484
6962 6963
6619 1008
620 2181
6964 4791
6965 1045
6966 1017
4581 3921
6967 1579
6485 6453
6968 2416
6969 6970
1257 6971
3111 6972
6973 6974
6975 3741
6976 35
6977 118
6978 4252
6979 6980
4351 6981
4188 3854
6982 2186
6983 541
2390 6984
367 25
5417 1599
5708 696
6985 5421
5285 3205
6986 1397
6982 2067
1751 1378
6987 2238
6988 303
767 6659
6989 465
6990 2025
6991 1416
4010 3347
6992 893
6181 6993
6994 6995
2809 4323
6996 6997
6998 2780
6999 7000
7001 4609
7002 1391
1251 3634
7003 1799
7004 1579
2673 1087
5993 626
7005 1168
7006 7007
2921 865
7008 3412
4875 7009
7010 440
6123 1541
3035 7011
7012 5263
4509 933
1752 340
7013 950
7014 7015
7016 7017
7018 752
7019 4465
7020 4350
7021 1774
7022 2677
7023 541
7024 1013
7025 7026
7027 924
7028 7029
7030 7031
1014 4065
7032 2381
4621 6490
4527 1589
7033 1106
7034 31
7035 7036
7037 2820
7038 3177
7039 7040
6662 5716
7041 7042
7043 895
7044 5196
5193 7045
7046 5749
7047 1055
2579 7048
7049 590
7050 6159
7051 1910
7052 1161
2182 1642
1693 7053
3101 7054
7055 3182
7056 1065
7057 7058
4660 5571
7059 2190
7060 2806
7061 401
1277 2145
7062 6190
1046 1219
7063 1174
7064 1791
7065 708
1141 7066
7067 752
6796 4160
602 6854
7068 7069
7070 857
7071 1285
7072 1492
791 364
7073 1863
864 4915
7074 1104
7075 2974
7076 1644
7077 637
7078 1209
7079 7080
7081 5335
7082 5565
7083 3761
7084 1935
929 3795
7085 818
7086 3684
7087 6099
7088 223
2576 7089
2646 1017
7090 7091
7092 3059
7093 337
1310 7094
7095 7096
1060 1073
7097 2387
7098 969
4172 1075
7099 4583
7100 7101
7102 678
7103 7104
7105 4667
7106 3555
7107 1424
6645 340
4396 4729
7108 7109
7110 7111
72 324
7112 1057
244 1727
3885 4721
7012 118
598 7113
7114 530
7115 1083
7116 3899
7117 1017
7118 1839
7119 287
1367 7120
7121 5617
4801 3804
7122 1013
7123 2100
7124 5571
7125 1561
1026 1933
7126 3854
7127 7128
7129 1603
5733 5398
2512 7130
7131 1727
7132 3582
7133 7134
7135 4620
6932 592
7136 267
7137 6490
7138 7139
7140 3851
7141 1579
7142 6166
6508 7143
7144 5556
4623 7145
6041 3684
7067 1599
7146 7147
7148 2666
5534 572
7149 1155
2698 7150
7151 5765
4076 424
1972 6656
2536 837
1251 7152
4541 4289
7153 7036
7154 1354
7155 1599
7156 3106
7157 473
6655 541
2514 4061
7158 5538
7141 4465
2608 433
7159 188
1790 661
7160 1285
5430 3158
7161 1685
7162 7163
1917 1877
7164 5746
7165 358
7166 5674
7167 764
7168 6351
4769 7169
1887 2218
7170 7171
7172 1537
4552 7173
7174 112
5727 7175
7176 871
7177 948
7178 7179
7180 3005
7181 7182
5491 863
7183 2772
6574 3546
7184 275
7185 1087
5523 9
1607 5474
3819 385
7186 166
4719 4822
7187 933
7188 2267
7189 2231
7190 1633
7191 482
2494 7192
3095 7175
5365 3983
7193 449
7194 5556
7195 4467
7196 4273
7197 5105
7198 4545
7199 3684
7200 1566
7201 3824
5401 2822
7202 346
7203 2765
7204 3412
6969 3623
6508 2652
5770 3065
7205 3136
7206 4583
3625 7207
7204 7208
2116 43
3649 2456
7013 7209
7210 2533
2152 3477
7211 759
7212 5719
7213 6409
1437 7214
7215 7216
7217 7218
7219 2172
1028 7220
4548 885
2150 1013
7221 1406
7222 1093
286 784
7223 7224
6499 469
7225 3559
7226 3847
7227 5526
7228 7229
6650 2428
7230 1732
2216 5839
1808 7231
7232 1809
5799 107
2556 5167
2373 7094
6654 89
5387 1017
7233 2324
7234 1644
6585 1893
5998 6550
7235 1505
7236 1764
7237 328
1865 7238
1645 7239
7240 788
7241 5126
7242 3361
7243 7244
7245 1313
7246 4232
7247 4170
4196 5052
7248 2676
7249 1673
5150 950
7250 4226
7251 2387
7252 7253
7254 5779
6378 3604
7255 3108
7256 889
7257 1553
5962 3150
7258 1485
7259 7260
7261 7262
2229 889
7263 991
7264 3288
7265 713
7266 4354
7267 1159
2436 4470
7268 112
6671 2284
1848 212
7269 7270
7271 7272
7273 1910
7274 772
7275 2348
7276 2854
1555 944
7277 453
7278 6203
7279 2293
7280 2789
7281 3402
6007 1531
7282 3926
7283 7284
5258 1017
2105 4915
7285 7286
4177 1579
4574 1298
1954 7287
42 7288
7289 385
7290 7291
2488 3672
2093 2255
7292 1484
7293 7294
7295 7296
171 372
3646 2552
6131 2139
7297 2067
7298 5761
4530 1322
7299 948
7300 6203
7301 2854
6372 1017
7302 5716
2863 6099
2734 2109
7303 1197
7304 405
7305 263
7306 5186
7307 1496
4165 2428
5287 4620
7308 1847
7243 3219
7309 5008
7310 3883
7311 451
7312 7313
7314 6762
1240 2295
6808 1677
1167 7315
7316 2134
6366 2697
7317 3692
460 4999
7318 1073
7319 7320
7321 2199
4326 4945
7322 4072
5568 5972
5103 1013
7323 7324
7325 3409
7326 7327
7076 6719
7328 1093
7329 7330
7331 3043
460 7332
7333 2801
7334 2304
7335 289
1360 4580
7336 1271
2641 521
7337 5749
7338 979
7339 7340
4500 1273
4688 1269
7341 694
7342 7343
7344 3674
7345 6749
7346 2487
7347 975
4749 7348
7349 4406
7350 955
6708 2583
7351 7352
135 5335
1867 5398
7353 922
7354 5268
7355 2969
5630 2069
7356 7262
7357 1015
7073 7358
2343 3698
7359 7360
7361 1017
7362 7363
6668 1285
7364 2905
7365 3636
7366 7367
7368 2348
7369 3360
1821 3360
7370 1647
7371 4336
7372 6224
7373 3497
1569 1053
7374 7375
7376 3655
7377 7378
6306 435
7379 383
7380 1510
7381 6635
7382 1539
5923 210
7383 1571
7384 4055
4698 405
4708 124
7385 4638
7386 6379
7387 7388
5157 4514
7389 3753
7390 3428
7391 31
7392 7393
7394 7000
7395 1485
7396 1692
7397 582
7398 5953
7399 989
7400 513
7401 3195
3616 1343
6897 7327
7402 5324
7403 971
7404 7405
7406 1244
7407 1803
7408 4162
7409 2652
7410 3303
5497 2009
3090 4115
2682 746
7411 2535
3878 463
7412 299
4151 5343
3967 867
801 5003
7413 424
7414 4176
6705 7415
7416 3698
7417 3299
4511 7418
7419 3747
7420 214
7421 7214
7422 969
7423 2354
7424 7378
7425 7111
7426 7427
4322 5529
7428 7429
7430 2583
4570 1992
7431 3515
1249 4998
7432 5814
4394 2426
7433 3957
7434 1799
7435 2139
7436 2735
7437 698
7438 3594
7439 3253
7440 7441
7442 5102
7443 6936
7444 722
3857 118
5463 6505
2384 7445
4409 7446
7447 4986
7448 5204
3648 1965
7362 7449
460 5518
7450 7451
7452 2214
7453 3634
151 114
3945 3916
4829 1075
7454 7455
7456 7457
6823 7458
7459 376
2302 7460
7461 1599
5369 405
3372 5059
6802 17
7462 2666
3773 3841
1096 2808
7463 4475
7464 1803
7465 3003
7466 2974
7467 204
7468 405
7469 4449
7470 7471
2592 257
7472 855
5740 3608
7473 698
7474 4839
1517 3360
7475 2467
6042 590
877 136
7476 1654
7477 7478
7479 1203
7480 5158
7481 7036
7482 2178
7483 210
7484 5833
7485 1469
6875 7486
7487 19
1817 5385
7488 455
571 6073
7489 5840
7490 1233
7491 4395
2035 4040
7492 1897
7493 1027
7494 7495
7496 645
7497 6673
7498 6697
6368 7499
7500 3500
7501 7502
7503 2935
7504 7505
375 1069
7506 7507
3370 482
7235 1897
7508 4108
7509 7510
3603 362
5213 487
7511 2143
6852 3053
4434 7512
7513 7296
7514 344
7515 7296
6200 2094
7516 7517
7518 983
7519 4563
7520 352
3842 3555
7521 7522
7523 4652
7524 7525
7526 2214
7527 639
7528 7529
2167 4643
7530 2205
7531 2224
7532 4549
1287 5495
6425 7533
6240 6175
7534 19
7535 5521
549 2141
7536 7537
7538 993
2775 7539
1202 1372
7540 378
5427 7541
7542 7543
7544 1520
7545 526
4136 4496
7546 6071
7547 3360
7548 1019
7549 2064
7550 1906
7551 1589
3531 7552
7553 2428
7554 7555
7249 7556
7557 7558
7559 594
7560 1719
7561 5343
7562 7563
6100 728
7564 4912
434 626
7565 7566
7567 6676
7568 7569
3787 6507
6480 19
7570 478
7571 97
7157 7572
7573 7574
7575 283
7576 3123
7577 2976
220 7578
7579 3495
7580 6360
7581 3529
7582 916
2825 878
7583 2581
5892 7584
7585 5274
7586 1529
7587 1168
7588 71
7589 395
2307 424
7590 2531
7591 7592
7593 120
7594 7595
5685 2267
7596 7597
2325 7284
3326 7598
7599 7029
7600 2220
7601 770
7602 1561
4560 7603
193 3744
7604 5671
3422 908
7605 1168
7606 1803
7607 7608
7609 3808
4911 871
7610 2271
774 1051
7611 1219
7612 1013
7389 1512
7613 1311
7614 3810
6305 7563
7615 73
7616 7617
7618 3518
7619 887
7620 216
5393 3753
7621 1687
5437 4839
7622 4397
7623 3301
7624 3801
7625 3121
7626 7036
7627 2080
1157 5143
3742 4232
7628 1013
7371 5563
7629 5165
7630 1902
7631 635
7632 138
7314 2134
74 484
7633 837
2227 4572
7634 1063
7635 2127
5925 5465
7636 2518
7637 2795
7638 7639
7640 5922
7641 1764
7642 4602
7643 3879
7644 372
7645 7646
7647 4002
7648 1273
7649 7650
7651 7652
7653 3518
7654 7655
7656 7657
7658 55
250 1203
7659 6524
7660 820
7661 4925
7662 1702
7663 3051
3896 7664
7665 7666
2973 2284
7667 7017
7668 2520
7669 3680
7670 4563
7671 7315
7672 1623
7673 865
7674 7675
1427 985
7676 810
7677 4617
2319 1664
7678 3310
6489 7330
1513 2328
7679 7680
7681 7682
7683 7015
7684 1498
7685 6497
7686 2906
7687 2969
1610 372
7688 7689
7690 1837
7691 3184
7692 2669
1997 71
4005 4397
7693 3049
7694 1091
7695 7696
2934 1719
7697 19
7698 1748
7699 7700
7701 4592
6254 2430
7702 7703
7704 1183
7705 1914
7706 5194
7707 1823
7708 6995
4534 3089
7709 6984
937 766
7710 1719
7711 7712
806 2242
7713 138
298 1809
1930 7714
7715 291
5281 5735
5491 3349
6729 4426
7716 4590
3802 1404
7717 156
7718 342
7719 5990
2737 3914
2314 4421
7720 1975
445 3941
7721 1539
7722 3497
7723 480
7724 2636
7105 2313
7725 2687
7726 221
6546 7727
7728 772
7729 4891
1392 3883
7730 7731
7302 3166
7601 1335
1705 1967
5131 2489
7732 7733
7734 2837
7735 166
7736 1912
7737 393
6983 2661
2235 7040
7738 4983
7739 170
7740 3953
6133 7220
7741 1356
7742 7743
7744 2408
7745 7746
7747 2428
7748 4860
7749 2218
7750 2820
7475 1123
6134 7751
5908 107
7752 4849
7753 7754
7755 6074
7756 1388
7757 1796
2035 3830
7758 3036
230 35
1876 1941
7759 7760
4974 568
7761 1809
7762 5452
7763 1343
7764 5659
7765 1303
6962 2172
7766 2526
5191 1845
7767 7768
1715 7007
7769 1003
7770 1322
7771 1609
7772 1902
7773 1015
7774 3062
2659 1533
7775 3808
7776 2278
7777 4331
7778 2269
7779 768
7756 4089
7780 424
7781 5774
7782 1093
5355 2211
7783 1093
7116 4808
7784 4366
7785 7786
7787 7788
7789 2465
7790 7791
5005 2117
7792 1533
7793 7794
7795 319
7796 6073
7797 2531
7798 507
7799 2253
7800 166
7801 7584
5247 9
339 7457
7802 837
7803 880
7804 2430
905 307
7805 140
7806 446
7807 2084
3906 1764
7808 6073
7809 124
1734 6267
2584 478
7810 702
7811 465
7812 7813
5232 924
7814 1067
7562 4650
7815 81
7816 1231
7817 3355
7818 1702
7819 7820
7821 7332
7822 818
7823 7824
7825 1518
7826 2529
7702 6770
7827 3275
7828 574
7829 2028
6024 1285
6503 7830
7831 87
7832 1313
7833 5657
7834 1125
7835 6219
7836 7837
7838 4285
7839 35
4027 2887
7734 857
5407 6814
7840 871
7841 1746
7842 1255
4947 1388
7305 7272
5482 6263
10 596
7843 299
7844 7845
6795 1093
7846 1680
7847 190
2794 594
7848 1361
7849 1266
2525 4928
7850 2218
7390 2677
7851 2545
7852 3841
7853 4578
7854 1448
7855 1029
7856 955
7857 1386
7858 6673
7859 393
6069 7574
3407 4503
7860 110
7861 7862
3617 830
7863 7864
242 7865
3989 7866
7867 1758
7868 2396
7869 2298
7870 5783
7871 194
7872 2529
7873 4878
2215 6910
7874 7875
7876 3158
7877 1354
7878 4153
7347 120
7879 7517
7880 1549
7881 1029
7882 17
2122 5158
5944 4297
7883 3779
5482 4499
7884 7885
460 6483
7886 1845
7887 4414
7137 4275
7627 849
7888 5248
7889 3931
3934 7522
7890 1055
4359 1029
7891 6631
1158 202
604 784
6516 7866
7892 3684
7893 7894
7895 120
7021 2025
7896 1612
7897 5154
7898 7899
7900 5325
7901 7902
4811 440
7903 2293
7904 4036
7905 740
7906 1487
7907 7908
7909 29
7910 31
6007 519
7911 2905
5802 1093
7912 6426
5739 4641
7913 1589
7914 7214
2816 303
7915 5700
7916 307
7917 7918
7919 6804
6933 1732
7920 1445
7921 57
1871 1248
7922 4404
7923 2518
460 3962
7924 1561
7925 7926
7927 4438
7928 1484
6570 509
7929 2513
6632 4758
7930 7931
7932 180
7933 802
7477 7294
7934 5444
2717 4160
4971 140
7935 3785
3067 2926
7936 6713
7937 5233
7938 1235
2277 3845
7939 5644
1414 3694
7940 641
7941 7045
7942 5506
7943 3557
7944 6293
7945 692
7946 4712
7947 6464
7948 6524
7949 2691
2546 376
4509 114
6100 2544
7950 15
7951 17
7952 3700
7953 319
7954 1805
7955 405
7956 7332
1458 5518
5663 7543
7957 3774
3494 2275
7958 7824
7959 7960
7961 61
7962 2461
4015 3709
7963 1649
7964 7965
7966 2092
7275 4014
7967 7968
2984 2145
7969 7330
2259 2588
7970 2469
7971 2362
7024 4939
7972 3327
7973 7029
7974 5343
7975 1106
7976 7977
7978 1503
7979 2331
7980 7981
7982 1933
7983 132
7984 122
4508 453
7985 7555
3736 1013
5443 1616
6503 6088
7986 2282
7987 1271
7988 107
7989 19
4372 702
7990 166
7991 4689
5443 7992
7993 5268
7994 3936
3799 4585
7995 5312
7996 2316
5334 17
3244 7997
7998 2359
6643 4113
6029 6143
4841 4399
7999 5105
8000 6771
3446 1303
8001 863
4653 405
8002 5444
8003 5479
8004 5165
8005 6697
8006 6892
8007 3874
8008 1420
8009 1537
5330 1075
8010 8011
7064 3836
4581 6608
5305 6092
8012 918
6663 541
8013 1071
8014 1496
8015 6904
8016 3576
6410 1326
8017 465
8018 140
3289 5373
868 5700
8019 393
8020 1368
8021 1326
8022 4721
8023 6033
8024 5056
8025 4494
8026 295
3484 3166
8027 863
6583 138
8028 4599
2835 5518
4801 6092
8029 889
8030 8031
685 8032
8033 6636
8034 344
8035 2478
8036 8037
8038 8039
8040 8041
8042 845
8043 1825
8044 2739
2692 67
8045 6162
6362 1809
8046 922
6305 4650
3876 8047
4358 1559
8048 2149
8049 2478
8050 5001
8051 1203
8052 2218
7453 1252
96 764
8053 1073
8054 57
8055 3751
8056 507
6417 455
8057 7505
4997 5182
8058 1057
8059 2098
6933 204
1362 7824
8060 6190
8061 1424
8062 1385
6539 7584
7756 1762
8063 619
8064 1925
8065 3016
8066 301
8067 5953
8068 5721
8069 6046
8070 7558
2538 590
8071 8072
443 824
7585 3062
7621 6702
8073 8074
8075 1045
7711 1947
4887 5446
5896 849
8076 2947
8077 6534
8078 4843
8079 1623
6726 1125
8080 1937
8081 364
6884 344
8082 8083
8084 8085
7233 2203
3772 3184
8086 8087
8088 1937
8089 6837
8090 1093
8091 465
8092 275
8093 8094
4107 7429
8090 7733
4463 4878
8095 863
972 1013
8096 857
3923 6717
8097 1021
5234 140
8098 1512
1870 5754
8099 4576
8100 3608
8101 3371
4619 1897
8102 738
8103 8104
5682 698
8105 4072
8106 6568
8107 4232
8108 55
8109 1732
8110 1108
1989 4986
8111 2139
8112 6819
8113 4336
8114 4689
8115 8116
8117 8118
2059 8119
3750 17
8024 1618
8120 8121
8122 385
2268 4080
8123 6711
6965 156
3661 8124
6414 4387
8125 3361
8126 8127
8027 2518
8128 855
8129 4339
8130 8131
2762 4115
4814 1566
8132 3192
6160 1683
8133 5816
8134 1809
8135 326
460 5725
6728 4193
8136 1690
5075 480
8137 4990
7317 871
7871 1667
8138 8139
8140 4441
8141 893
5164 1071
8142 156
1548 233
8143 2218
8040 3557
8144 853
7060 991
8145 2896
278 120
8146 8147
5231 2590
8148 1664
5626 2817
8149 1492
7359 3234
3683 49
8150 2293
555 3361
1175 7650
8151 1501
8152 2092
2943 824
8153 2840
4612 8154
823 7965
3400 174
8155 4822
3720 8156
4466 3208
8157 8116
8158 8159
3752 105
2196 3390
8160 975
8161 639
7803 8162
4517 4079
974 8163
8164 360
6242 57
8165 1313
8166 8167
1775 208
8014 880
8168 645
8169 2060
8170 3287
8171 8172
8173 4771
8174 3096
1224 4849
7745 8175
5280 204
5568 8176
8177 8178
966 7495
6890 7646
3011 1963
8179 3749
8180 4352
8181 1520
5114 1271
8182 1225
8183 5248
7842 120
8184 19
262 6462
3271 5779
8185 7324
8186 4160
8187 1774
7222 352
8188 3727
8189 8190
6816 2293
3728 7296
8191 2679
8192 2094
8193 4873
6642 4903
8194 4791
1931 8195
8196 1772
8197 882
8198 5671
883 2181
7956 6919
8199 8200
5454 3110
8201 2293
8202 1812
7850 356
8203 4014
2353 2090
8204 1660
8205 1045
8206 3684
8207 239
8208 3408
8209 5367
8210 6679
8211 1533
5317 800
3352 5302
7338 5906
6101 3053
5110 435
3994 6879
8212 107
8213 2387
8214 4888
8215 635
6271 2564
4871 5855
4335 5695
8216 3532
8217 393
8218 1616
8219 3360
8220 1252
8221 4162
8222 8223
8224 8225
8226 17
8227 3133
8228 8229
8230 2145
7385 4271
8231 5828
3707 5671
2648 2544
3102 6355
8174 3709
7665 1614
8232 4590
8233 8234
8235 4108
6653 4465
7191 8236
8237 8238
2230 7171
3364 5776
8239 5928
8240 8241
273 837
8242 3208
8243 5820
8111 2487
8244 4323
5504 57
8245 8246
8247 4202
8248 6274
4901 8249
5673 5049
8250 8251
1058 4585
7038 172
2803 3479
8252 1393
8253 3161
7711 3557
2836 8254
8255 8256
8257 6083
8258 307
8259 2544
8260 6993
8261 5506
1299 1799
4832 955
8262 2273
8263 4176
8264 2348
8265 1652
527 2318
8266 3051
7691 2491
8267 1772
8268 8269
8270 4289
8271 8272
280 7727
8273 4202
7707 4915
8274 8275
8276 2487
7744 3005
3100 337
8277 1378
8278 99
4587 385
8279 3091
8280 4550
460 1035
8281 1803
8282 6153
8283 6626
2340 2527
8284 2554
8285 8286
8287 5947
8288 5928
8289 3964
8290 552
8291 8292
8293 3031
8294 3477
8295 3905
8296 482
5789 1998
8297 7733
4 1361
6844 1108
8298 8299
8300 45
2615 1664
8301 3805
8302 833
8303 8304
6058 8305
8306 4576
5801 4592
6313 8307
8308 3213
8309 4912
1241 4140
8310 3823
1007 6702
1670 1937
7605 1935
2759 8311
1631 1925
8312 5814
8313 4121
8314 99
8315 1132
8316 2590
8317 6490
157 8318
1438 2109
4521 5943
8319 8176
8320 2226
8321 914
8322 192
8323 4842
6886 2025
1983 156
5395 8324
8325 8326
8327 4149
8328 5154
8329 6073
8330 2518
8278 8331
8332 3836
8333 875
5808 2995
8334 2190
6801 6697
8335 5571
8336 6514
8337 2774
3919 4352
8338 403
8339 6074
8340 5343
496 1013
6987 2706
679 1372
8341 5604
8342 21
8343 4022
8344 4389
3605 2257
8345 606
8346 6121
8347 2788
8348 2265
8349 2359
8350 5034
8351 397
8352 4262
6468 8236
8353 8094
8354 637
8355 429
7047 8299
8356 2854
8357 8358
1389 75
8359 3449
8360 1809
5896 1847
8361 835
8362 1104
8363 1273
8364 2967
3920 544
8365 2145
3508 8116
8366 835
3771 1727
8367 8368
2665 1677
8369 2120
8370 3877
5480 4354
8371 166
8300 267
872 2661
8372 8373
7132 3390
8374 2496
6303 1854
4427 6059
8375 3327
8376 6958
8377 1027
5807 35
8378 8379
8380 433
7972 2475
8381 326
1279 8041
3927 1206
8382 6085
8383 2102
8384 1108
8385 1017
7826 1083
8386 313
8387 47
8388 8389
8390 8251
1238 397
8391 8392
8393 6140
8394 4925
8395 1877
2720 889
8396 1764
8397 5563
7205 895
3404 7171
1779 4193
8398 2255
5689 3753
8399 4271
6725 3903
3564 2585
3326 285
8400 4851
7961 259
683 8162
3814 116
6700 1017
8401 4390
8402 3005
793 1322
5623 641
8403 1658
8404 1008
956 6698
6317 8405
7647 3957
8406 8407
8408 1476
8409 1345
8410 5186
1468 7696
8411 1071
2734 8412
8413 120
8414 1828
1042 2214
8415 1525
36 6394
5587 1998
8416 1140
8417 5864
8418 1075
7818 3303
6587 5318
8419 2643
8420 405
3550 4089
8421 2774
8422 574
8423 5875
8424 6892
8425 5791
8426 2124
2831 1354
8427 1235
8428 1269
3554 7794
3996 3931
8429 2096
8430 2722
8431 1242
4595 4292
8432 59
8433 7287
5072 1774
3806 1075
8434 3192
1657 2124
8135 5539
8435 5239
2843 6099
8436 182
5392 6608
5103 1303
8437 3380
8438 5820
8265 6738
8439 8238
8440 6719
8441 140
8442 2986
8443 782
147 1965
8444 8445
5265 1285
8446 1269
8447 5028
8448 3615
8449 5148
8450 2334
8451 1372
4003 5812
8452 2489
7534 1764
7780 6166
8453 3150
8454 8455
3411 4745
2470 6371
8456 3975
8457 2188
8458 8459
8460 8461
8462 1049
8463 814
1826 1937
4056 4479
8464 3081
6522 8465
8466 1593
8467 7680
8468 8469
8470 3613
8471 3216
8472 405
8473 3879
8474 3510
2444 376
8475 8476
8477 2572
6325 7231
8478 8479
7004 7552
8480 455
8481 2176
8482 6293
8483 2141
8484 2795
8485 8455
8486 8487
8488 8489
8490 8491
8492 698
8493 7284
8494 3270
2871 192
8495 588
8496 2604
3330 5083
8497 8498
4420 166
8499 6017
8500 4729
8501 8502
8503 4843
3094 267
8504 3268
8505 39
8506 2995
8507 8508
8509 418
8510 1255
8511 5607
8512 45
8513 5279
8514 1049
5099 871
8515 1809
6731 3351
7170 2231
6951 1803
6846 8516
7671 118
1997 1967
8517 3257
8518 449
6987 8519
8028 2965
2440 1093
4601 4252
5591 7918
8520 4641
8521 7541
8522 2516
8523 7894
8524 3287
3505 6033
8525 4893
8526 7007
5406 2224
8527 2450
8528 845
8529 473
8530 57
3348 1071
8531 4682
7174 372
1383 1298
5808 3293
717 1589
8008 8532
2035 3523
4436 2218
6146 1764
8533 8534
2108 8412
8535 1029
6163 7446
343 376
4099 3138
8536 4507
6458 140
8537 3076
8538 2069
8512 4773
8539 3200
8540 8541
1650 120
8542 8131
8543 5571
8544 7089
1369 2354
8545 8546
3414 8547
8548 4333
8549 2257
8550 619
8551 2518
4829 863
4453 3805
6655 229
8552 6219
5793 5290
8553 3716
8554 3815
8555 1309
8556 837
8557 8558
6820 1244
8559 1329
460 8560
8561 8562
8563 2995
222 4602
8564 5208
349 6673
3904 6226
8565 1108
8566 4741
8567 2028
8568 4553
8569 3700
8570 5012
8571 6495
8372 3080
8572 1687
8573 8574
4635 2318
8575 3065
3835 8576
8577 7918
1162 1183
8578 8579
7685 8580
8555 170
8581 5186
6670 521
8582 227
2553 4839
8583 200
8584 7486
6867 37
4454 5539
8585 2982
8586 1430
458 15
3644 2366
8587 1818
1951 1649
8588 2207
8463 380
8589 5828
8590 35
8591 372
7941 1225
8592 1380
8593 1063
8594 6381
4078 8175
8595 8596
7797 828
8597 1055
8598 2706
8599 4352
8600 5415
4559 1166
5125 2401
8601 2850
8602 8041
4865 1408
8603 8604
8605 255
2237 83
4669 8606
7789 7229
8607 3739
2118 841
5026 8608
994 8609
8610 1071
8611 1093
8612 3360
8613 8614
8615 2915
8616 2790
2035 7128
8464 1609
8617 1923
8618 8619
8620 1108
1966 6507
5418 35
8621 4807
8622 2417
8623 158
1773 3430
8624 6073
3588 4477
2229 8625
8626 6550
8627 5848
8628 8629
8630 1303
8631 1015
5603 420
8632 3998
7851 744
8633 2957
8634 3774
8635 3907
8636 513
7725 188
108 6308
8637 5095
8342 528
8638 8639
5830 1372
8640 3083
8641 5662
8642 6667
8643 259
8644 4009
8645 8646
8647 8648
8649 6814
8650 536
5681 307
4727 7525
8651 5452
8652 541
3203 6038
8561 8653
1984 1869
8654 4665
7408 893
8655 720
6660 8656
8657 2588
8658 4833
6996 588
8659 4339
1153 1967
3796 895
2825 1017
8660 871
7770 366
6077 2145
3944 8661
8662 7977
8663 1537
1208 4778
4885 8664
8665 3027
8666 1869
5932 2288
8667 227
1970 372
8668 6534
8669 5864
8670 5853
6548 3863
5036 1531
8671 3975
8672 4132
8673 513
7842 1786
6588 5377
8674 558
8675 1365
8676 6972
8677 5224
1671 3698
8678 2516
8679 1799
8680 1039
5269 924
6395 661
8681 3158
6078 871
6531 8580
6115 698
8682 523
8683 1333
8684 482
6412 6909
8685 6443
8393 8686
8687 482
8688 2043
8689 1408
8690 6904
7227 1271
8296 77
4608 6814
3839 3288
8691 405
982 257
3592 112
4218 1271
4046 5380
3087 1897
7952 2830
8692 229
8693 863
8694 772
8695 1213
4245 2094
7707 865
2987 7899
8696 5003
8697 1116
8208 1700
7779 5625
5897 7522
8698 1029
8699 1213
8700 3039
8701 7192
8702 1001
8703 4222
8704 2701
8705 7066
8706 1914
8707 734
8708 7315
7084 1168
8709 2840
8452 405
8710 8711
8712 3440
8713 8714
8715 732
8716 969
4280 8717
2984 2666
8718 490
8719 2381
6881 5116
7509 1029
7102 5444
8720 7000
8721 922
3134 307
8722 5938
5513 2840
8723 2124
8724 6217
8065 1464
7463 8725
8726 1879
8727 8728
8729 6062
8730 1845
8731 35
8732 7367
8509 1537
8733 845
8734 2013
8735 2158
8736 5657
8065 2562
8737 1093
8738 3013
8739 6814
593 6311
6686 3710
8740 8741
6868 788
3247 8742
1868 3747
3566 8743
6923 692
8744 21
8745 8746
3621 4507
3079 810
8747 2564
6044 837
4446 3749
266 480
8748 3747
7967 2251
8749 124
3375 8750
8751 7320
8752 1313
2899 8753
4364 5761
7742 2275
7805 8754
6319 8445
8755 1515
8756 6347
8757 8758
5769 5492
3207 845
3682 556
7962 2583
8759 393
8760 1428
2370 2211
8761 1001
1862 5585
3537 4661
7373 8762
8763 2236
8764 5148
7974 2963
8765 6952
7439 1947
8766 3043
5232 6251
5296 6033
1773 2025
7188 5561
8767 849
8264 138
8768 8769
8770 5432
8771 2575
8772 641
1730 166
4896 8773
8774 140
5832 6400
8775 6648
8776 4057
8777 5474
8778 35
111 4545
8779 8780
8781 5806
8782 2757
651 1152
8783 3602
4623 7343
5998 3518
8784 1110
8785 4879
8786 6241
3745 8121
3542 4851
8421 1408
920 8787
8788 192
8789 2967
8790 8791
8258 3336
8792 1535
3581 4988
8793 1736
7985 8794
8205 5161
8795 1123
8796 1206
1254 2739
8797 453
6838 4765
8798 5116
2960 635
8799 6984
8174 116
8800 311
8801 1599
8802 3511
8803 7238
8804 120
8721 1047
8805 7510
7183 2652
6850 582
1214 8806
8807 5302
8679 2096
8808 2581
8809 2489
5220 4354
5441 1420
2068 372
8810 3110
5152 5102
8811 7639
8812 5820
8813 5271
8814 6892
8815 3158
8816 2408
1084 482
0 8817
8818 4678
7325 340
2983 6092
4776 700
8819 3788
8820 3957
3981 3316
8821 8822
1968 8124
8823 5743
8824 2533
8825 1702
8826 4426
8827 7522
7660 837
8828 5716
8829 4458
8830 1453
4078 2406
8831 7330
8832 4160
5887 3306
4744 1774
8833 3710
6326 7441
8834 8835
8836 2896
8837 4750
8838 122
8839 8840
8841 845
8842 4475
8843 8489
8844 5547
8845 6195
8846 1507
8847 3213
3932 57
7193 981
8848 405
8849 3152
6943 7009
1620 93
8850 2654
6486 2535
8851 1812
7361 1469
6977 8852
8853 845
8854 112
2204 3962
8855 150
5557 4456
8856 7229
8857 5003
4186 8225
8858 6005
8859 4897
460 4170
2898 1013
8860 17
8861 7045
5542 4678
7759 31
8862 8863
8864 738
8865 632
8866 166
8867 5633
250 2218
8868 1093
8869 8608
8870 1921
8472 8871
1072 6464
1682 120
8872 1313
3286 1484
8873 6984
2497 889
8874 2909
8875 582
5151 2557
8876 3409
8877 112
8878 7209
8879 297
8880 3029
2455 2498
8881 501
8882 3085
8883 1019
8884 7286
8885 4663
8886 8887
8888 8083
8889 532
8890 7992
8891 214
2766 519
8892 8863
419 5604
8893 8502
62 7460
123 673
8894 4368
8895 8516
8896 1255
6266 1623
7411 7830
8897 8898
8354 999
8899 8900
4640 3143
8901 194
8902 8225
8903 3964
460 4377
8904 8905
8906 4467
747 3166
8907 6095
8908 8909
7076 4329
8910 5248
8911 603
8912 2279
7715 8913
8360 1469
1467 2542
8914 2624
4551 2255
2185 2275
6557 7229
8915 5
7232 3493
8916 1599
8917 5380
1802 1644
4383 2585
8918 2751
8919 1017
8920 867
8921 1835
8922 2020
8923 8924
8925 1908
8267 5421
7878 6095
8926 1616
2054 3903
8927 2369
4348 8928
946 208
8929 8930
8931 5446
6466 6426
2479 5
8932 3502
2724 5167
8451 1877
8933 1061
8934 313
8935 8936
1643 6719
8937 8938
8939 5928
8940 6251
8941 8461
3627 6904
8942 4998
7492 3080
2931 8943
8944 4350
7750 6586
3304 3711
2367 1043
8945 8946
8947 7
8948 4187
8949 6457
7158 7574
3087 3914
6791 3301
811 1164
8950 8951
8952 5839
8953 2862
4448 9
8954 403
8955 1051
8956 4246
5217 4303
8957 3195
8958 1225
8959 8072
8960 871
1898 2190
8961 3487
6501 8195
8962 2082
8963 1231
8964 5212
6710 8965
5905 6351
8966 1073
8967 2995
8361 8968
8969 2518
8970 5130
8971 2685
2724 3936
8406 3951
5775 39
7456 2098
8972 7584
8973 8534
8974 420
6891 8975
6473 6400
7907 1285
5865 2516
6442 845
8976 4121
8977 5804
8978 130
1080 812
8979 975
8980 279
8981 845
6 2513
8982 969
2261 7572
8538 11
8983 2218
8050 5526
8984 1579
5067 164
8985 103
8986 2547
8987 2226
8797 8988
8989 239
8990 3055
8991 7291
7397 1711
8992 8993
4029 2743
2233 1748
8994 1764
8995 742
8996 2485
8997 5965
460 5569
8998 3797
8999 6210
9000 5091
9001 742
9002 869
5498 6085
9003 9004
8140 5644
9005 1886
9006 1835
8894 3408
9007 4983
5807 7486
3054 2450
9008 1071
9009 405
6966 210
7591 3230
7679 5210
9010 889
9011 7445
9012 9013
9014 1937
4134 4234
2827 1539
5663 2025
9015 6195
9016 8753
9017 1512
9018 1285
9019 3504
9020 1945
9021 7209
9022 3110
6035 255
9023 7820
7154 1203
7701 2067
8201 1764
6519 1812
5537 3532
9024 7455
9025 433
9026 6344
4543 3059
9027 5444
9028 1928
9029 2967
9030 6497
2594 9031
9032 9033
165 3810
4091 4897
9034 682
9035 558
9036 2976
9037 3897
9038 1937
9039 3313
9040 2544
9041 7786
9042 3951
9043 7363
5201 1166
9044 5126
9045 2017
2336 861
9046 4873
9047 6792
9048 4052
9049 4561
9050 3169
5007 1428
9051 7499
5524 7845
9052 8311
9053 442
9054 1248
9055 9056
9057 1623
6275 4522
9058 275
9059 9060
9061 140
9062 3080
9063 5561
211 1849
9064 4072
8594 170
9065 1642
5802 845
6168 2306
9066 1331
9067 2156
2443 2304
9068 3242
731 4236
9069 35
9070 2774
9071 9072
7881 5881
9073 2763
9074 8975
1707 7286
7734 57
8117 2184
9075 1278
9076 9077
3605 8508
9078 2774
4867 2379
2121 1535
5278 8229
9079 7179
185 2439
9080 3557
9081 35
6086 4682
5404 1501
64 79
8739 1150
9082 5990
9083 9084
9085 3299
4334 4065
3982 2265
9086 3510
9087 4965
7901 1029
9088 772
6448 6267
9089 845
9090 3907
489 2322
9091 2293
9092 4771
9093 255
9094 9095
9096 541
9097 57
9098 9099
9100 1724
437 4585
4471 3903
1631 9101
6832 9102
2522 5251
9103 5208
9104 672
8426 7499
9105 1006
5190 4682
7879 6679
9106 3096
9107 2149
9108 513
8336 497
9109 2938
7046 1831
5757 2612
5930 9110
9111 7011
5449 4297
7593 2722
3620 635
9112 2806
9113 3559
9114 1523
5893 2328
7377 6694
4793 5134
9115 5705
7936 1408
9116 2195
9117 7499
3159 1492
9118 6825
6272 1732
9119 5901
9120 1967
9121 5444
9122 6560
9123 7446
6985 1772
8414 168
9124 2828
2851 7537
749 708
9125 8625
7395 997
1725 3250
9126 403
9127 2053
9128 360
9129 9130
9131 6800
8189 473
9132 1091
9133 75
1931 6502
9134 2788
1926 9135
9136 865
3382 333
9137 8817
6927 969
5907 3526
9138 8094
9139 7209
9140 2385
9141 4329
6366 1027
4898 4202
9142 501
9143 1736
516 4915
9144 2057
7976 6536
609 5415
9145 3270
2861 194
9146 1292
9147 3549
7195 1219
52 6099
4152 8746
5407 871
9148 5414
4253 1047
7115 2075
5501 3793
9149 9072
9150 7794
9151 9152
2823 3615
9153 7239
9154 5812
5616 1603
4577 9155
9156 120
1302 6328
7621 4975
829 582
9157 5302
1735 541
9158 1750
9159 3619
5708 2218
7432 3774
7404 1203
9160 1978
9161 1910
9162 588
4053 7566
8113 140
8772 2774
9163 507
9164 3710
9165 1183
9166 8725
9107 8725
7430 1982
1585 107
9167 3034
6589 4827
9168 8746
6108 9169
314 5987
2732 1889
8880 5210
9170 933
3350 7130
9171 9172
4403 9173
9174 1281
8226 2009
5490 9175
9176 1967
7098 405
9177 2564
9178 422
8856 2647
9179 1818
8683 1366
1373 180
3209 9180
9181 4605
4473 3823
8136 676
9182 9183
6964 4390
9184 120
2072 433
9185 8905
8630 2518
9186 1108
6237 6124
9187 2485
8207 8614
3654 4000
9188 8175
9189 9190
2341 1770
5494 1336
7857 1292
8845 3287
9191 1799
5535 6764
9192 5695
9193 3664
9194 9195
9196 1722
9197 780
9198 9199
9200 9031
8228 3684
3153 8619
9201 4479
5117 5076
9202 1260
9203 9204
5119 1547
9205 270
7915 2428
9206 6631
9207 6706
9208 8311
6654 1273
5677 826
538 5059
9209 8139
9210 4937
7925 405
6541 219
7643 463
8849 7689
9211 5521
7852 576
9212 9213
9017 8195
9214 2060
5874 9215
9216 9217
9218 166
3633 405
9219 4049
9220 482
6670 1672
9221 166
6318 4160
646 1424
9222 7238
4228 4945
7419 9223
9224 235
9225 6143
9226 1183
129 118
9227 160
9228 6713
2563 120
9229 7760
9230 4633
5209 3029
9231 3257
9232 1937
9233 352
1405 405
9234 2151
7077 6560
9235 9236
9118 3573
2407 1108
2688 2139
7346 1413
9237 67
7553 2661
8112 4475
9238 3255
9239 3916
9240 9241
9242 9243
9244 35
3130 5432
6246 9245
5090 9246
9247 2496
7444 376
5457 908
9248 9249
9250 6071
9251 841
9252 5165
9253 1106
7587 1015
8611 5008
4627 1854
2614 118
9254 6106
7247 9255
9256 3059
9257 7042
9258 1566
9259 1786
6950 7572
9260 35
5512 1
9261 6046
8336 4411
6087 7830
9262 4536
9263 659
6956 4256
9264 4553
6275 6567
9265 3856
8718 5312
9266 120
3010 5859
6737 3481
7801 1894
9267 393
9268 9269
9270 1658
1355 3009
9271 1469
9272 5373
6742 31
9273 4948
9274 6483
9275 1273
998 1492
1089 7664
9276 348
2849 69
9277 120
9278 7899
5138 1651
9279 6934
9280 4538
9281 5754
5170 3879
6407 8835
8716 9282
8869 9283
373 2452
3909 4678
9284 904
9285 2419
5177 6483
3853 4492
8351 7992
8146 507
9286 4014
9287 6784
9288 7214
4118 9289
9290 5194
5396 3722
9291 136
8239 798
9292 2271
9293 7862
3786 8178
7063 2962
9294 3608
7474 3980
9295 5771
9296 9297
9264 7680
1052 4271
9298 4119
9299 4678
6537 1345
9300 1492
3759 1217
8399 1697
9301 5424
9302 2518
9303 6893
9304 3610
9305 3169
9306 4625
9307 2544
4158 6706
9308 2828
9309 9310
9311 3287
9312 3
2925 5662
9313 9314
6297 8326
280 1285
6185 3232
719 9101
2116 7646
7051 4006
9315 3477
1460 1484
4126 1071
9316 9317
9318 118
1671 5644
9319 2218
9320 770
2014 1059
9321 845
460 7244
9322 4806
9323 871
9324 837
9325 2009
9001 3680
9326 1116
9327 2719
9328 1100
8955 2697
7827 2288
9329 6601
2506 4089
5505 4917
9330 4516
9331 461
9332 399
9333 1012
4138 9
9334 3360
9335 5786
9336 4647
6380 3774
9337 7639
5413 8238
9338 2354
9339 4839
9340 3106
9341 1847
9342 2661
9343 6309
9344 3202
9116 5947
8423 376
3006 2026
9345 1075
9346 2500
9347 1854
9348 6915
9349 475
8232 4663
7383 3823
9350 7360
9351 1100
5163 4404
9352 837
9353 5943
2723 9135
460 227
3405 9354
4991 5743
9355 2162
9356 4945
9357 7981
8018 3538
9358 6311
9359 3138
6634 3440
9360 4215
9361 4842
5315 969
9362 1391
8458 1017
9363 3287
9364 223
8294 3511
4884 1897
8314 8331
5438 2765
1247 2535
9365 1593
9366 344
587 859
9367 4339
1815 4204
460 8746
9368 509
9369 3698
4786 9370
9191 4538
9371 1736
4188 7786
9372 1010
9373 405
2589 895
9374 4999
2507 6691
1497 206
9375 1464
9376 1385
9377 2854
9378 6193
9379 346
9380 2516
9381 9382
8795 5003
5216 210
9383 7902
9384 2205
9385 837
4700 4147
9386 4650
9387 2478
9388 2961
1461 192
9389 6971
9390 7109
9391 9392
9393 2952
9394 5008
9395 3684
6905 8558
9141 9396
9397 1809
9398 2439
9399 5758
9400 5342
2427 1010
7565 5116
9401 214
9402 35
9403 29
9404 4461
9405 3596
9406 8787
2593 1350
9407 1001
1780 3596
426 1285
48 4952
4668 5331
4692 8817
9408 1947
4302 2818
5689 1017
1178 645
9409 8195
9410 2124
9411 409
9412 1492
1170 7655
9413 2009
3193 21
8923 3711
9414 9415
9416 1106
9417 2760
7594 9418
9419 4458
9420 9421
9422 501
9423 6253
9424 482
3607 480
4045 1599
2659 9425
9373 393
9426 5034
9427 6640
9428 5375
9429 8609
1558 5701
7966 1231
8767 2722
1645 7363
9430 124
4892 4607
1446 5976
9431 2257
9432 871
4913 8324
9433 118
6437 9434
9435 4970
9436 4785
7548 1013
3423 1013
9437 4569
7303 4377
4906 285
6872 6904
9438 6797
2473 550
9439 438
8398 2942
9440 412
2287 3275
9441 2020
1332 442
7001 7696
7289 2273
9442 940
7290 4771
9443 2478
7568 8195
9444 5017
9445 399
1327 2647
8737 442
5485 107
9446 1033
9447 6083
9448 1863
9449 2533
9450 122
6407 9451
9452 9370
9453 9454
9455 6153
9456 9457
9458 1428
9459 5030
4820 9460
9461 7446
1222 9462
9367 4305
585 7120
1411 663
3833 1075
9463 4224
1355 9464
9465 4282
9466 3308
9467 4089
9468 2381
9469 5903
3278 120
9470 1155
8844 463
9471 192
4369 9472
9473 871
2900 17
9474 6762
9475 3293
9476 740
9477 45
7097 8407
5891 9478
9479 509
9480 9481
9482 6817
6498 3504
9406 4659
9483 6140
9484 2284
9485 4458
3320 2448
4293 214
9486 243
7466 3061
9487 2911
9488 4661
1636 7598
9489 2542
3415 2389
9490 2413
410 132
1878 235
6597 2401
338 9491
4318 1858
9492 9169
9366 3287
9493 2652
9494 582
7688 3279
6026 5009
9495 192
9496 35
2543 3461
7489 7885
6832 9497
7793 5840
4318 6426
8125 556
9498 2073
693 4156
9499 2249
9500 287
9501 275
3309 3182
1099 1746
8068 3692
2041 15
9502 1652
2582 6590
2281 1965
9503 4336
9504 1273
1425 3310
7345 9505
9506 8580
5187 8047
2164 1013
9507 372
1101 7066
9508 558
8427 3905
9509 5001
9510 6321
8920 8241
4195 5008
583 4895
3601 7529
9511 1633
4847 9169
9512 3432
9513 1223
9514 5424
9515 1322
8430 2542
9516 2783
9517 6148
9518 4567
5933 3546
879 865
7365 9519
7719 9520
2703 9521
9522 2714
9523 3287
8641 4308
9524 1492
9525 4761
9526 7128
9527 1013
9528 1854
9529 9472
9530 372
9531 969
9532 3150
1743 1203
9533 898
9534 5942
4446 1013
1738 158
1491 8307
8960 9535
9536 4937
8315 4421
6961 330
9537 2102
9538 2858
3701 3711
9539 7015
9540 9541
9542 1559
9302 1372
9543 2359
9544 4202
9545 1372
6290 9546
3302 1861
4733 372
9547 9548
8526 5839
7849 424
8818 5043
9549 2722
8708 7751
9550 989
6868 4652
6757 3513
9551 6222
9552 465
3330 1271
4635 1380
9553 1455
9554 6013
7312 6626
3934 5508
2349 5248
7354 6415
9555 4456
751 1599
9556 869
9557 1350
9558 122
1359 1921
9436 4430
9559 5003
8480 9560
9561 1692
1204 4470
1563 156
9562 1350
9563 582
9564 1800
9565 2411
9566 6238
84 9567
9568 4494
9569 7315
9570 7163
9571 4285
5133 3248
9572 9573
5574 5222
9574 3216
1042 9575
9576 655
4664 4333
6940 515
1135 9577
6416 9246
2968 2432
9578 372
9579 6445
9580 1455
9581 3390
252 142
9582 2535
460 2526
9583 4761
9211 3041
6605 2092
9584 5565
9585 5239
9586 1303
3244 1553
9587 8758
9588 6020
9278 8794
9589 6638
7790 617
4016 2788
9507 5194
9590 5476
9591 449
8815 299
3498 9592
9593 755
4726 6454
6279 140
9594 4411
6120 6453
9595 1798
1890 2288
9596 7229
5228 2242
2540 283
9597 3175
2555 424
8295 584
9598 9599
464 2881
9600 1213
4227 9392
9601 6495
9602 2513
8362 7595
9603 1675
9604 6659
9605 2500
9606 532
2443 837
1230 1478
8295 2461
9607 97
9608 7700
7310 105
9609 9610
9611 4641
6802 2158
6517 1434
8859 480
9612 3747
9613 9614
648 5312
9615 4080
9616 603
1352 9183
9617 541
6164 5596
9618 2526
4863 1748
9619 2181
3073 1897
6341 1039
9620 2906
3807 3277
1540 6124
9621 7224
9622 7415
4595 9623
9624 8898
9625 3975
2481 5571
9626 3189
9480 4729
8588 433
9627 1869
9628 2854
6244 2969
82 8041
3307 1537
1308 9629
9394 1503
8695 2040
9630 9631
9632 8190
727 9633
9634 196
8149 344
9635 1918
3444 8852
9340 845
1122 2467
9053 51
9636 1372
4725 2043
9637 2585
9638 1719
1046 885
9639 5825
9640 3734
8974 6652
6064 637
9641 2080
9642 960
9643 1484
9644 1309
3952 9645
4473 1589
4159 200
9646 9647
9648 5783
1218 4467
9649 6017
4929 405
9650 5073
6768 2844
304 1520
6045 3198
9651 2801
9652 158
3302 1702
9653 9195
9654 1713
9294 1331
4955 9655
9656 1206
9657 3152
7996 8037
9658 539
9659 8304
502 440
9660 568
9661 5890
5496 376
7483 7977
9662 1835
8577 4411
9663 35
9664 405
9665 9666
9327 8648
7762 3195
7898 1581
5608 2978
8062 5869
9667 1043
9668 6711
3820 4226
9669 1083
9670 6733
2166 4052
9671 4798
9672 8993
5236 9370
8962 3798
7615 4303
2779 822
6906 9673
9674 3029
9675 3548
9676 3158
2921 4915
9147 4705
6768 635
8583 4085
9677 3031
5086 6217
4677 9678
9679 3710
5914 6180
9680 955
460 2374
6529 1029
9681 869
9682 3529
613 259
6809 8871
5915 550
2700 4663
9683 3647
4961 9684
8102 7091
9685 4079
9686 1935
4941 8234
3223 7360
3220 1439
9687 788
3509 3636
9688 2322
9689 4716
4223 7173
9690 2043
2050 6415
9691 35
9692 7253
9693 7130
9694 9695
9696 5867
613 2158
8279 4115
9697 1482
9698 3647
7217 3432
7971 120
390 295
3346 2364
9699 2043
9700 4217
2201 1320
2899 9215
9701 5288
9702 3571
9703 1372
8157 2428
9704 948
9705 2293
9706 2145
1814 2139
9707 342
9708 6443
9709 4411
2435 120
6880 1029
9710 497
1282 293
9711 991
9712 9713
2344 4767
9714 9573
5104 9666
9715 6713
9716 55
1082 2096
9717 2326
8734 4794
9718 6885
6373 9415
9719 8039
8345 9629
5466 2679
9720 5783
5960 1142
9721 9713
9620 6025
2747 4767
5416 372
7565 2980
9722 6049
9723 1796
9724 1329
9725 5846
9726 6231
5847 6020
9727 3674
9728 927
9137 1
2300 7608
6165 1075
9323 3692
9729 140
9730 9056
9700 3487
9731 322
6705 1466
9732 71
9733 9734
6282 5983
2538 6697
9735 1408
6928 2706
9736 3468
8524 1055
2173 2965
9737 2999
460 766
9738 4578
9739 5749
6090 7791
8303 9740
8081 1621
9741 206
1479 714
6168 1017
4385 9742
9743 7522
9744 2311
8308 4950
7230 4202
8693 1372
9591 1354
986 4839
2357 35
9745 2404
6680 2789
9746 9747
6672 973
9748 1484
9749 1164
3589 615
7989 871
5658 2416
6345 9750
9751 3290
6684 4226
9752 2757
7016 7330
9753 2903
9754 1673
9755 1833
9756 6478
5790 3504
9757 1523
8180 1823
9758 2854
3315 140
6799 1281
4901 3287
6985 5
9759 6596
9760 71
8803 2508
9761 1045
6592 5934
5676 5312
5420 1772
9762 424
9763 9764
9765 3216
9766 4380
8387 9767
9768 7053
9769 4998
9770 3970
9771 936
1500 5076
9772 3926
538 3740
9773 718
9774 5921
6928 4024
3191 1675
9775 9776
9777 1336
6790 6032
9778 3456
3445 3182
9258 112
9779 2017
9780 766
1172 5922
9781 2917
9782 1764
6179 867
8158 898
1191 3089
9783 1063
7872 8938
5653 3824
9784 4496
9785 307
9786 1378
3790 7689
9787 305
9788 9789
9790 3255
9791 2211
3413 465
8979 1928
7064 8576
1920 4833
5775 991
9792 9793
5926 6534
9794 550
970 8154
9795 845
8778 9
6136 6033
7662 880
9796 2139
8082 7066
964 6371
737 120
9797 8178
4720 2467
9798 2421
9799 9740
9745 170
7589 1843
6603 3288
9800 6502
9801 1847
7283 3392
4672 5083
454 9802
355 2218
7118 3747
9803 3110
9804 8806
9805 515
9806 6631
8045 4986
9807 8711
6628 35
9808 2117
9809 6394
9810 1877
9811 2633
9812 7239
4242 5880
9813 2533
8726 6159
9814 6400
8517 6409
9815 826
9816 5054
7183 4273
2904 5304
8979 8163
9817 7471
9307 6311
3609 8246
3162 796
9818 1422
9819 429
9820 9821
5813 330
6176 1533
9822 8806
9823 1654
6435 893
2560 9824
9825 9826
9827 3313
9828 9829
8527 6497
5624 1708
2899 5219
5065 6904
9830 480
9831 1672
9832 5810
5189 2666
9833 6652
5775 4937
9834 1690
9413 4743
9835 704
9836 19
6078 3475
9837 2508
9838 6904
8150 393
38 2860
9839 4522
9840 3805
9841 5492
9658 9842
9843 9382
6246 734
9844 4682
2792 822
9845 4516
3743 1667
7772 576
9846 324
9847 3931
9848 4520
9849 5239
3474 6454
9850 297
2074 2366
9851 962
9852 1599
2977 1980
9853 3022
9854 1309
797 9855
9674 7173
9856 7675
3806 2516
9857 4590
2486 1413
2425 4395
9858 374
7739 6381
2204 2786
9859 772
9860 275
9861 1739
430 900
133 156
163 645
5878 459
88 8469
9030 7053
5958 1739
5128 9862
9863 857
7257 3584
9296 2383
8569 3049
6051 2570
9864 9865
7898 1260
4019 4399
6527 3016
9866 166
50 442
4728 4006
9867 1445
9868 610
5456 2139
9869 3177
8530 1017
9870 122
9871 4882
460 2557
9872 1225
5197 35
9158 4032
5169 1525
9873 4950
9874 7652
9875 307
9876 202
9877 4833
8043 8299
8184 138
7174 5947
5782 7058
9878 1051
9879 2681
6669 184
9880 4406
5898 87
9881 924
1337 140
4497 6713
8470 4538
9882 2115
6312 235
9883 7089
9884 3526
9885 5703
9886 1877
9887 1884
2370 1085
7166 5806
4608 1150
9888 3475
5574 2263
9889 3774
9890 259
6052 8225
9891 6608
9784 5052
5860 1484
9892 9893
8957 107
9894 2145
8901 4561
4848 342
9895 122
4356 5283
9896 1031
2270 9897
9801 849
2746 1872
9898 4458
5068 7218
3838 2828
9899 9900
9901 6702
9902 202
9903 3287
9904 3091
9905 237
8145 4230
8505 2783
9906 5313
9907 243
8056 4630
8802 3477
9908 247
9909 8898
9910 1013
7910 3045
7676 1897
7121 2278
9911 830
8554 9912
6225 1271
7161 2406
1220 9913
9914 4882
1323 2043
9915 8728
9916 8047
9917 993
4855 1856
9918 3863
9919 3479
9920 2887
4418 5633
5603 2537
4704 467
8668 2134
9921 1108
9922 7512
7560 8225
6070 8822
8529 8190
3777 3698
9923 8104
8243 1627
5147 6274
9924 3175
9925 1296
9926 9927
7230 372
9928 166
4642 2719
9929 2203
4191 2249
9306 1380
4654 6685
3986 3376
9930 9573
9931 2456
9932 5840
9933 2679
8385 399
9272 6547
9934 3125
5252 9935
2454 1341
9936 7031
9937 5921
9938 4576
9939 9519
9260 1498
9940 2124
9941 9942
7934 196
9943 3175
8123 4038
856 9944
9945 4981
9405 1781
5101 478
9946 4729
778 9633
9947 1017
9948 7231
3496 3189
9134 639
4979 1303
1352 3216
9660 4975
7851 9949
6836 1029
9950 977
9348 4333
9951 393
9952 9953
6040 5398
9954 1106
5900 480
9955 9956
9957 372
9958 2255
9959 55
7606 103
9960 9961
7292 449
9962 3005
9069 2622
9963 107
2567 2406
9386 3497
9964 3110
1830 5749
4171 4663
5696 4794
1712 1727
9965 7262
9616 4285
2372 536
9966 9967
3758 9968
8640 539
5469 1606
7112 1746
9969 1171
9970 612
9971 2554
9972 1897
8859 267
9973 9974
9975 5764
9933 7918
9976 3182
9977 519
9978 3706
5663 7340
9979 969
7337 3964
9980 5800
9981 6623
9982 120
4826 5561
7014 174
9103 5057
9983 3080
2856 3240
4007 5134
7285 6420
9984 1897
9136 3667
6301 6629
9985 2109
9986 969
9987 9988
9989 1925
2101 5972
6923 558
7670 5508
9990 4721
9991 2028
9992 1766
9993 3096
9709 7918
2990 6099
3235 57
6028 2963
9994 5953
1617 1464
4447 2719
9995 122
9996 2107
9997 9998
2841 8047
7896 3232
6442 1385
5927 5436
9999 4839
6966 6869
10000 6222
10001 2439
10002 2513
10003 8195
6530 1764
10004 10005
10006 1484
10007 714
10008 4222
10009 3638
6107 7746
10010 497
10011 1278
2352 4407
10012 3152
10013 5526
8151 480
8816 2516
10014 9217
10015 1017
3333 9354
10016 2676
2400 10017
10018 7120
10019 5339
10020 768
9600 8392
9293 67
7172 5186
3997 1899
10021 3557
10022 1439
4141 348
4091 480
8466 395
10023 837
3669 3580
10024 5575
10025 10026
10027 1627
10028 166
10029 7960
10030 4954
10031 1496
10032 1106
8889 4912
10033 8175
8931 4888
5016 5474
10034 8116
8329 6770
10035 1764
10036 19
8781 10037
10038 1818
7019 8596
10039 5818
8545 4842
10040 6819
666 10041
10042 1043
4249 2542
10043 1803
10044 1159
10045 313
6605 194
6104 3684
10046 2624
8760 845
10047 5008
2212 2691
10048 2992
10049 3222
10050 202
758 824
6324 3975
2569 4467
5969 5903
10051 138
3924 3089
495 7733
2072 2184
10052 9056
5226 4278
10053 7696
10054 4526
10055 6568
10056 45
10057 6567
4548 3053
9132 433
10058 6711
6535 210
583 4217
10059 5749
1723 10060
10061 1401
6924 5001
4316 3336
10062 1027
10063 6311
773 1727
10064 2306
10065 7109
1866 10066
3260 4851
10067 9633
10068 6771
5590 1298
10069 5644
4862 2689
10070 3901
1895 5224
5546 463
9162 6997
711 3936
2839 6545
8173 4618
8561 2199
10071 1559
10072 8229
10073 4040
10074 5076
6185 9740
8752 10075
10076 582
10077 2478
5299 869
10078 6148
6942 2284
6619 6702
10079 6713
3881 5622
8283 7313
9960 5304
9534 2156
6056 395
5740 6626
803 1739
8216 1789
10080 1428
10081 166
9495 6814
2522 2211
6459 168
10082 2205
9702 796
7691 3313
6441 1013
712 3610
10083 5199
3861 1809
10084 2154
10085 7664
5759 981
8036 8711
4920 482
10086 1237
7020 10087
654 2760
10088 3518
2668 3810
10089 4040
8542 2366
3489 5091
8879 160
9601 405
10090 1812
10091 405
8166 1447
10092 1271
8453 845
10093 1213
1268 7286
3134 6995
8485 9912
10094 5604
1412 2419
10095 3255
10096 1487
10097 8299
10098 83
7282 307
795 3507
6615 7556
6209 1711
10099 4507
6651 420
9685 8175
10100 5674
9424 3299
7736 1213
10101 6719
10102 4578
10103 484
5284 5085
6247 289
1314 1303
9378 2439
9701 1231
10104 2544
9663 1992
10105 628
4872 170
10106 3608
10107 1732
6709 2535
10108 1219
10109 1017
3661 335
10110 7313
10111 1455
8764 4265
5231 1029
10112 5432
8146 7036
6896 1424
7870 2354
10113 6143
9819 6371
10114 1142
10115 9004
10116 8116
3939 4592
10117 2817
3483 7760
10118 3327
10119 3029
8605 33
9833 420
10120 4599
2748 10121
1323 3608
10122 1307
6729 8686
1986 1063
10000 7455
10123 5212
10124 1579
9144 49
2746 3571
10125 3169
173 5335
2398 3664
9074 1252
5053 1356
10126 5538
7160 424
10114 3452
2499 3206
9078 1408
4361 1482
9353 492
10127 4350
5979 5881
9475 10128
10129 2432
10130 490
10131 9629
10132 8085
10133 10134
7212 4377
8520 1766
10135 166
6280 3074
7083 2683
9071 3299
10136 482
10137 8558
8053 1061
2022 4939
4213 10138
10139 3874
10140 7375
155 1424
4445 8560
357 4000
4328 6719
1433 9310
10141 4404
7796 572
3145 3744
10142 2846
8333 8743
10143 912
6513 1013
10144 6278
9439 1108
7980 2156
7057 1008
6925 1116
10145 11
10146 1660
8644 1296
10147 5953
10148 2572
10149 875
7647 1035
7582 3216
5646 1309
8537 2439
8617 7418
8122 2255
9121 397
10150 2267
10151 1537
8409 900
10152 8379
9686 3844
4349 7608
5856 2318
44 10153
6769 5976
5950 192
10154 3711
2889 999
8316 1029
6664 1017
4852 3177
10155 5754
10156 9967
10157 2989
8854 5947
10158 3995
10159 120
10160 4868
8637 3751
10161 2218
10162 1331
10163 2643
3943 7908
6482 784
5598 1677
10164 1093
10165 7486
141 7446
10166 15
7921 1017
10167 10168
5329 3360
10169 6113
10170 6409
2966 9101
8142 1967
10171 1155
7233 1835
10172 6698
10173 196
10174 166
6787 1341
9285 2139
3726 2120
10175 2211
8958 7045
10176 2416
10177 4465
4190 1918
10178 3072
10179 7541
1853 412
460 166
8446 1484
10180 1354
8395 1093
10181 10182
7867 621
10183 2842
4379 10184
10013 1168
8710 178
2361 2906
4887 2326
331 255
4809 1933
10185 405
5566 8608
5267 309
10186 405
6444 1667
10187 1345
10188 107
10189 1424
1330 10190
8181 1305
9831 2112
9003 2755
9693 3351
8034 4721
9828 7499
10191 120
10192 401
6710 7324
5147 1800
7086 4426
9993 3709
10193 1432
7708 307
10194 5538
1936 1013
10195 10196
10197 10198
9710 6514
8697 1013
9923 1229
8820 7270
10199 4430
4762 10200
4515 6856
271 558
5823 10201
6572 1906
10202 7664
10203 4113
10204 3344
10205 9968
7568 2282
10206 19
5246 8604
8738 3143
2482 637
3474 1662
3443 5883
10207 5776
10208 5442
8582 7173
8100 5655
10209 6241
7670 5569
7653 4119
3341 3734
9504 1179
14 8476
1064 9673
9544 2516
4826 7089
1216 1736
9076 2533
10210 1755
545 6687
10211 6596
8038 2084
10212 6381
8830 863
10213 1722
4047 8532
8382 3983
10214 830
10215 6148
10216 4514
10217 2134
7920 6415
4593 7646
5262 3169
5369 5585
10218 8646
10219 4426
10220 4858
10221 393
4060 3734
7838 1118
9079 10222
2321 989
6773 4174
7202 610
7802 118
10223 7455
10224 1719
9153 9974
9117 2677
10225 5980
2509 4113
7933 5881
8232 8746
7027 5233
9389 2716
10226 1750
9187 3687
10019 467
4871 1087
4573 1452
3107 8031
10227 1335
10228 1755
10229 10230
9600 6997
10062 2697
10231 5976
3829 5712
10232 1484
10233 6099
10234 4594
10172 214
10235 617
9163 2858
5551 283
10167 3988
10236 5890
9057 2798
4431 7682
994 1664
10237 8743
4373 738
10238 777
10055 10239
10240 9912
8259 927
1605 4331
460 10241
1514 5318
5092 1047
10227 1492
10242 1766
10243 8596
10244 1199
9641 4550
9274 784
10245 3360
9984 1231
3803 708
4295 3529
6866 2461
9704 3851
6440 2755
7394 10246
10247 5059
9726 3192
10248 6013
3925 10249
5023 10250
7077 4597
2937 1413
10251 3009
735 4765
2912 7486
10252 1478
10253 5182
8899 9935
10254 1138
10255 950
6752 2145
10256 424
10257 6698
3326 2240
10258 2251
10224 7563
10259 440
10260 977
10261 8047
2225 1770
10262 1854
6943 4876
10263 8946
10264 5385
10265 403
6563 5268
10266 768
10007 494
10267 8562
10268 7152
10269 2942
5954 10270
3252 31
1714 57
6152 4268
9549 2291
10271 7529
10272 8794
6313 10273
6862 7053
10274 802
10275 140
10276 698
10277 10278
9556 2854
10279 158
10280 1237
9568 5754
10281 507
5173 1410
10282 574
10283 582
4334 8614
10284 635
8712 857
363 1621
10285 8039
10286 3557
10287 7171
10288 931
10289 6552
6872 914
2787 1507
10290 6379
8013 120
10291 2881
3375 10026
5109 6217
9404 3727
8232 9056
8468 3851
10292 2846
10293 7026
996 1
10294 3083
5834 10295
10296 8326
2764 1055
7705 1858
3831 700
1864 1746
9205 4491
7518 257
10297 942
5966 9942
5792 10298
6853 4395
4680 10299
10300 7152
2042 3608
1634 4712
10301 3502
10302 342
10303 5380
6696 7902
10304 10305
3842 2284
10306 7965
3567 4998
10307 1719
10308 3366
4861 251
6145 2974
9140 6547
6338 723
2308 1174
9669 1799
8313 3610
10309 4312
10310 1487
10311 10312
7538 166
10313 1397
6300 3926
10314 1480
10315 2652
7649 4002
10316 5049
10317 1537
8071 360
10318 1484
7772 1012
8371 8753
660 2801
10319 142
10320 9180
6822 10321
7580 4860
10322 10323
10324 281
6489 7017
7932 10325
1030 1452
5728 297
10326 845
7895 698
8132 9314
10327 6507
10328 637
10329 10330
3809 2669
4710 9541
9997 7128
8015 130
7721 501
10331 10026
10332 6514
4980 698
10333 178
1676 845
10334 3089
8831 2505
10335 5088
10336 2428
8332 661
4405 960
10337 8085
5307 453
6289 9998
6294 5049
10338 3573
8864 7091
2891 4226
10339 4193
10340 7260
2802 8579
9193 2399
10341 2428
10342 2295
10343 453
10344 1343
10345 2524
8715 10346
8631 449
10347 4135
4258 9241
10348 515
10349 4638
10350 6532
10351 889
10352 9
7409 255
10353 9829
7571 764
1126 1271
3160 2893
4694 1203
10354 1490
10355 5171
10356 10357
10358 233
10359 4395
6460 2238
10360 3430
6198 1753
10361 6909
10362 871
10363 6310
10364 1858
10365 1424
1953 6351
10366 2581
10367 3972
4797 8489
10368 1348
7702 8516
5854 453
10369 1144
10370 643
10371 3623
10372 1537
5723 7296
2672 4659
5207 5057
5834 478
10373 9897
10374 2419
1544 3933
6559 7918
3037 6095
10375 8234
4977 23
6069 3140
10376 6403
4077 5436
9488 5571
886 9004
6747 5575
8012 3727
10377 1215
6609 6667
10378 9215
10379 4281
8818 3175
4802 190
5061 2588
10380 5758
10381 4390
4277 3287
9783 1019
10382 1434
10383 301
10384 1045
10385 4585
10386 401
5353 3482
10387 2854
10388 5253
10389 9297
10390 8791
943 6219
10391 4252
10392 541
2610 3747
4508 3941
8142 134
6839 10393
7897 35
10394 2329
10395 1215
10396 617
10397 1206
302 3246
10398 9183
6689 1908
7462 344
5871 1303
10399 4310
10400 7555
5078 5375
7304 859
7811 5008
1556 841
7462 1484
7442 2139
9672 5664
3846 368
10401 397
5107 5126
9329 4426
4029 6638
8385 3360
10402 10403
5722 740
10404 5666
7357 3043
10405 6526
4619 1231
6302 5335
3455 2245
10406 2483
6016 4928
1344 1503
4933 1529
6955 839
10407 6099
5513 7539
9823 7288
8825 219
10408 3110
10409 3238
10410 7712
5637 2231
10411 3477
10412 5069
7028 1448
10413 3874
10414 2812
10415 229
10116 2145
6714 2478
6599 138
10416 6095
8446 1354
10417 953
3199 10418
6755 10419
5391 5321
10420 552
10421 1242
4819 8791
10029 1053
2495 3074
8320 1770
5544 3366
10349 2852
10422 5003
8888 5358
6562 9764
10423 2284
6042 837
7769 1965
8623 7751
9978 2459
925 3863
10424 156
3252 7760
9626 1171
5392 3921
10425 1285
5999 2013
10426 4153
7938 3546
5581 6764
10427 5901
10428 714
8795 6789
3139 7574
8644 2278
8601 2064
10429 1372
10430 3856
10431 9912
10432 4336
9012 5076
7586 710
7833 6556
10433 5279
6323 3626
6221 7262
4460 3344
3249 768
10434 17
10435 3147
10436 166
2343 1843
10437 5655
10438 3110
3060 2974
10439 1043
2125 1045
10440 3798
10441 7054
7477 2685
10001 4800
10442 5375
10443 3425
8893 2618
10444 2236
620 610
3274 3349
2665 845
10445 515
10446 6871
10447 7569
10448 10449
8939 5436
10450 4712
10451 7652
10285 1851
10452 2735
10453 2381
9452 3392
10056 267
8503 5274
10454 120
10455 8769
460 2251
5977 5839
8089 1209
3848 3805
6396 5126
8708 118
8735 17
9393 1719
10456 873
5863 6507
9409 2282
10457 1739
1026 2745
10458 3270
8038 1195
10459 742
10460 3753
9854 9629
5404 480
6063 1391
10461 465
10462 5308
10463 6214
10464 2629
10465 3392
10466 723
3828 3672
10467 6344
3174 7458
7799 7352
10468 176
10469 8943
10470 10471
6230 3808
10472 39
4657 1736
1009 372
10473 1947
10474 6274
6551 6584
10475 2073
5693 3438
6151 5436
4376 166
6754 2480
7068 1013
8955 775
10476 6970
10477 1755
8616 162
2065 3248
9572 2588
8503 1697
10478 2399
6367 7069
10479 376
10480 8127
10481 1777
2813 438
3321 5571
2990 2844
10482 1606
7581 3055
10483 2387
7326 5316
3520 229
897 1144
10484 626
6402 6032
10107 372
9972 3216
10485 6017
2972 1916
10486 1001
10487 8625
7210 10488
10020 4038
10489 969
5619 9213
1284 5017
3190 10490
7748 4667
10491 1652
10492 440
10141 3232
2877 1130
9239 2094
7596 5268
2019 17
8685 4536
10493 2978
10494 10495
10404 4208
9683 3329
10496 2812
10497 3497
3658 190
10498 3138
4813 7563
10499 3402
6076 1239
4751 4085
1272 10500
10501 10273
10502 156
10503 8717
2423 7768
10504 6511
10505 6172
1752 1943
9200 3361
10506 1269
8805 6552
8810 1278
10507 584
9811 3725
10508 893
10509 1872
9290 7045
10510 1690
9304 380
1543 6687
10511 1823
4100 6904
763 3216
3050 2017
10512 2505
8128 1531
665 1017
6173 9072
7632 19
9100 7837
5037 10513
7612 9647
10514 4222
10515 2658
4713 9213
1064 1783
10516 5446
10517 5210
10518 4121
9387 8938
10519 8331
10520 9520
9378 140
10521 1630
10522 2828
5929 3711
1986 6106
2484 5764
9704 4903
6628 307
10523 1358
2966 6394
10524 1354
10525 1376
2872 2265
10526 2309
10527 9491
5639 2269
460 6310
1115 1013
10528 2881
2133 985
4636 700
3066 1345
2660 5922
1342 2017
10529 5890
10297 615
10530 4224
8505 2860
10531 501
10532 5644
7297 2186
8328 704
3426 154
10533 5539
10534 1791
7635 1159
8177 2301
10535 2354
8282 993
7276 7169
1591 7578
10536 1484
1767 3275
10537 1215
10538 645
10539 8711
10540 3202
9523 8249
10541 4395
4212 775
10542 405
10543 1796
10544 997
10545 4036
5640 8469
9844 4494
9910 85
10546 5358
10547 822
10548 1447
10549 9013
10550 420
384 4246
3654 3632
10551 9842
8470 7058
10552 10553
8800 1739
7545 653
9699 2406
10554 6963
10555 3694
10556 1581
10557 148
10558 4891
5488 1523
8258 2478
9271 6363
10559 216
10560 10561
10562 1159
7227 5001
3212 2009
4735 473
10563 10564
10565 1739
2347 138
10257 4451
7888 3336
8538 3883
10566 3425
4985 6162
10567 3150
10568 259
6620 2328
8506 480
10569 1281
2761 8119
10570 469
5536 2452
3989 5076
6334 453
4737 295
10571 2947
7982 10490
10572 3110
5573 1130
5817 10573
10574 6059
1740 10575
8177 405
5255 5288
5445 6377
685 2924
10576 160
990 1630
4483 4990
6027 936
8233 10577
260 1748
10578 6892
10579 8787
5787 2677
10580 893
565 4684
3855 10037
10581 3698
6847 1579
10582 6804
10583 1630
6726 2247
10584 1134
10585 2033
5402 1902
8703 2529
10586 2267
10385 2329
10587 344
4485 1579
10588 1015
10589 10590
10021 3287
7328 5818
10591 7358
10592 659
4173 1537
10593 5375
10594 1583
8129 2909
5707 5049
9529 3548
10595 2394
9372 372
10596 2472
10597 6635
10598 4323
10599 3753
8635 2293
2953 5313
7549 2850
4320 385
10600 1630
10601 10575
209 8094
9543 3883
8099 297
7627 5158
6369 1956
10602 1877
10603 6909
1060 8951
10604 10605
10606 2218
8730 162
4722 780
6101 8946
1267 4395
10521 10607
5594 1549
10608 1739
8597 3526
10609 898
10610 3081
10611 451
6476 2184
396 7992
10612 10613
10614 5439
4751 2833
2003 770
4809 2745
3646 3329
10615 2057
10616 6241
10617 1061
10618 93
10619 3045
10347 3306
10620 10621
1392 3856
7454 7262
10622 372
3703 160
8415 912
9746 1029
12 1764
1936 1501
8199 1581
8919 2156
10623 2158
10624 2545
10625 4526
10626 10627
8509 4550
10628 871
10629 3584
1300 1823
1868 3106
1020 297
9771 977
10630 263
9159 6789
10631 2909
10632 5415
5917 497
10633 9199
10634 7429
8680 1203
10635 2772
6531 7348
5907 7960
2698 10201
10636 6540
10637 5609
10638 1889
10639 9684
10640 3500
1022 1290
10641 3867
8219 3931
8237 229
10642 465
2847 1537
10643 2654
1321 873
7440 3158
10644 2527
5646 170
10193 1739
10645 1083
10646 768
133 1967
3209 669
5523 10647
10648 2957
6104 8534
8184 2046
6015 7253
5766 3013
10649 5112
9758 759
4388 2489
3890 1527
10650 3903
6167 2073
10651 29
9756 10652
10331 7332
8120 2583
8525 6071
443 759
9945 698
10653 1937
10654 2318
10655 6085
8803 5716
10656 2929
1584 3287
10657 1013
2827 5804
10658 700
7729 3744
3811 3216
8521 1130
10659 2854
10660 1537
10661 9548
4214 120
10662 10184
10663 4701
10664 3850
2900 3133
10665 4968
5830 558
9499 140
5020 7522
10666 6256
10667 1017
10668 9505
2455 3495
9729 5
2704 1601
10669 9767
10018 1498
10188 4149
10670 1452
5801 1666
10529 5749
10671 4771
9022 1385
10672 6298
8097 297
10673 6450
10674 9425
2148 6749
6595 2469
10675 3355
10676 142
5819 10677
262 2933
10678 33
5756 5809
3587 630
6708 1401
10679 1047
4568 1061
10680 166
6914 4333
10681 10682
10683 3390
10031 865
10684 4041
10685 7104
10686 650
4442 3847
8721 399
5656 6556
9769 6085
6870 1941
9502 6738
6285 873
191 653
10687 5105
10688 2195
10689 2518
7683 1469
3530 8769
8369 9217
5608 1980
10690 1043
10247 2478
3450 5764
10691 1484
5433 6590
10692 969
2981 405
10693 2463
5984 1627
10694 4605
10409 1013
10695 808
6576 184
4642 1313
10696 10697
6558 1335
6386 10698
4299 1013
2022 4426
6786 6814
10699 5331
4982 672
10309 3138
1538 7229
10700 5957
10701 5826
10702 1505
10703 6656
2390 4421
10704 1727
10705 7441
6081 8508
10706 1017
6009 9521
10707 1093
10708 2691
9828 2830
10653 3005
9964 1935
7305 2485
10709 9826
8903 5749
5593 7926
8181 75
10275 2719
10710 2080
10711 4470
10712 1424
6863 168
10713 1941
1076 4522
10714 360
1054 3526
10640 376
5066 5774
10131 7253
9450 6309
10715 1445
10716 10717
9362 7657
7661 9573
5945 7486
7752 342
1521 499
9766 5828
3999 3632
4501 1271
10718 1361
7739 3774
9528 412
10719 4063
10720 732
10721 2544
10722 53
10723 4572
1346 3821
10724 550
4346 582
10725 184
32 255
563 3371
10726 2437
8426 2677
10727 2743
10728 453
10641 1863
7814 3580
4375 5571
10729 170
10730 2965
9367 805
271 1093
10731 5229
10732 5088
9453 4732
6047 1496
5536 33
10733 1904
10734 6534
10735 225
10736 257
10737 10738
10739 2661
10740 422
10615 2650
1607 10741
5505 7731
10742 8541
5837 558
3215 6049
10000 4244
10743 1215
9078 5069
10744 7109
10745 1963
6627 2381
10746 1803
8114 366
10747 2025
4286 3844
10748 5049
10749 4470
10750 3236
1695 1231
8433 405
8523 1244
9493 8074
5637 10738
7278 1484
10751 3475
10752 10753
10754 4585
10579 4659
10755 35
10756 5052
10757 372
5591 5321
10758 1356
8954 4745
10759 626
9086 3636
6859 1017
10760 9944
10761 7727
10762 3684
10763 1146
10764 2253
2979 5116
10765 1108
10766 2926
6510 1380
10767 6507
771 2178
10768 1947
565 882
6876 5444
10769 3690
10770 867
7382 9434
5876 2313
10771 1408
4463 2544
10772 3392
10773 4028
10657 1937
7426 6217
711 5167
10774 1408
10775 1874
3852 5701
8253 8773
7071 120
10776 895
7917 4411
8090 1490
6107 2043
232 4781
10777 2976
6594 1856
10778 287
10779 4798
6644 107
10208 4289
10780 2265
10781 1889
2206 4331
10782 393
10783 1886
9827 2491
3256 9855
10784 4041
2153 969
10785 7229
10786 1401
1442 5446
6051 10787
10788 2854
10361 1244
2721 849
10789 112
6361 5006
2510 6698
649 5292
10790 5414
10791 8116
10792 7332
10793 2369
4493 5331
10794 10795
10101 8516
10796 1937
10797 3242
10798 10799
4116 4287
10800 10801
7633 3169
10802 5302
10803 7134
10804 5212
8144 1849
9126 2862
7055 4800
10805 4705
10806 9541
9271 1809
3820 59
8297 1416
10807 7327
9145 6958
807 3402
175 8714
10235 1523
10808 118
10809 1713
2702 8304
10810 3883
2891 3821
3886 7712
8101 4687
1882 372
4573 2328
10242 10495
10364 6426
10811 10812
460 3497
7258 1
6927 2154
10813 10814
10815 6083
2866 2096
7277 950
3587 10230
3625 5118
10816 1430
8418 424
10817 8686
2276 6936
10818 2701
9597 2677
10819 9199
3086 3216
4736 362
1143 2650
7841 5716
3191 10820
7530 10821
7557 2267
10822 3043
6858 723
10386 1140
10823 4550
10824 1851
1304 75
8049 3099
2327 1106
8008 4583
10825 4945
7337 1719
4531 1616
10826 5486
6324 1967
9176 3526
10827 2520
10828 6526
10829 99
9300 1335
10830 3336
8616 1845
10831 1255
4892 1651
10832 7471
10833 10834
3811 764
10835 10836
10837 991
7778 4080
1622 2798
8878 7262
10838 2275
10839 1766
4821 6980
3885 2467
7107 647
10840 4204
4443 2374
10841 1276
7738 770
10842 3511
8545 1146
9092 777
10843 746
10844 342
8996 7272
2458 9243
10845 7875
10846 8741
2908 4246
6127 1849
10847 3412
1494 1155
10848 4661
10849 6203
1250 10850
10851 1017
10852 6385
6192 2439
5723 346
3969 3150
4850 2073
4400 4946
10853 5446
943 1221
10854 1774
10855 4160
7248 1303
4247 713
8890 1616
10856 3557
10857 4002
460 3744
460 2309
10858 3080
9690 6201
3012 3143
10859 10860
5707 140
5517 166
10861 6256
7604 1559
9718 3287
8191 2760
8179 1013
6116 9033
7437 4498
5360 6762
4037 6679
10862 1441
10863 2228
10864 5091
4164 728
10865 1067
10866 2387
3540 6219
1115 1019
10867 1029
7684 9913
8456 1998
8285 8272
9605 688
10868 1941
10869 6869
6174 6241
7692 10870
9807 178
2210 1755
6382 1047
10871 1573
9068 1385
10872 6293
10873 2311
10874 1108
9174 1161
10547 3615
8880 3519
10875 1587
10876 2995
10877 3246
10878 768
9914 513
8944 2301
3488 81
3201 10134
10879 405
4736 10880
10881 9520
7506 10882
10883 1116
10884 1877
1951 5765
5676 740
4081 584
10885 7510
7252 2526
7190 202
2889 871
10886 889
1151 841
10887 5754
10888 6854
9487 311
10889 1031
9219 5325
10890 424
8263 2115
10891 5508
10892 3830
9367 2817
1392 11
10893 1897
3757 10894
8040 1947
5675 6286
2344 1393
10895 796
9965 7209
3356 1128
6178 10278
10896 3475
6898 845
6050 4343
10897 7192
10898 3265
10899 1260
7350 482
3369 6253
4088 1980
4468 9199
284 1281
7919 4520
4316 307
357 8606
10900 10901
575 9793
10902 3962
10903 2165
10904 2143
5741 4919
10905 4778
10906 2463
10907 1065
8829 8412
10908 1471
4195 465
1294 4202
8250 1071
10345 6902
1481 869
10909 5444
10910 3275
879 9204
9431 3667
5641 10066
10911 424
10912 10913
6700 933
8370 3899
10749 5719
10914 2060
7190 5212
10525 1209
658 7754
46 8498
10915 4036
460 1290
10916 5539
10917 10918
9503 140
5145 1231
9555 6074
10129 6665
9469 1553
8494 3491
5256 1800
10919 5444
2037 1071
9587 7457
10920 6540
10135 6038
10921 2469
10922 6263
10923 2475
1263 8541
10924 9013
4751 10925
10926 1010
10927 2193
8382 1781
10928 7543
10929 1537
10930 1675
10931 10932
868 1482
10154 1372
10933 405
5941 10934
10935 2090
6130 3227
1398 2478
10936 1498
10937 7388
5455 6580
10938 2145
7535 871
10939 10940
10941 10918
10942 944
6008 4970
9086 3690
7259 2965
4989 582
8590 6640
8929 6374
4969 3110
10943 1055
2883 1764
10944 6556
6304 6667
10945 6505
7607 2301
2532 9077
10662 7533
4020 1125
6986 6922
10946 6071
10947 1623
10948 1159
10949 2165
10668 1649
10566 8491
10950 118
10951 10952
10953 1343
10954 889
10955 3615
10956 1075
6968 5659
7406 1635
10957 1520
3014 780
10958 10513
3558 7997
7093 160
10959 1914
5788 1599
9181 6046
9982 1320
2210 5251
7716 5167
10960 1484
7812 863
10961 10201
10962 4563
8736 3785
2272 385
1669 944
8926 1285
3873 2025
10963 2676
6512 2666
10964 1278
10186 4271
460 1473
10965 10697
8004 2906
10966 6685
10967 2467
10968 2875
10969 8305
10970 3085
10971 1673
10972 2205
10973 120
2512 7
2797 10974
2239 3327
10370 5980
10975 2278
5577 478
6250 3287
10976 7054
10977 9633
10978 307
10089 10979
10980 650
10981 2903
7688 3152
5678 732
7473 3202
10982 5746
9941 2683
2741 2354
10983 10984
4054 453
7532 6762
2884 120
9449 1001
9171 650
3977 4486
10416 3722
9201 4057
10985 6450
8896 1987
9723 93
10986 35
1551 4833
520 7163
10987 1010
10988 2220
7023 3110
7472 5292
8084 550
1731 818
10623 259
10989 469
10990 1642
1312 558
6828 5659
9725 3830
10991 1303
10992 7239
6091 8905
4614 1335
266 4897
3714 9678
10427 9370
2345 845
4796 120
10993 7646
1342 3518
10994 2545
10995 257
10996 3351
10997 511
10998 2009
5950 8541
10999 6596
11000 837
11001 845
11002 192
321 2995
5084 4830
11003 1075
5612 688
5916 3534
7314 6534
10348 784
707 10860
8620 2408
10057 3081
8113 4234
11004 1525
11005 3074
10915 9382
2718 140
3653 3128
11006 2652
7884 2666
8998 5325
8956 2909
4654 1509
3963 1348
7626 507
4478 8124
10958 924
5788 1203
10081 1448
11007 2788
11008 5279
11009 6351
5677 1128
11010 9961
11011 6804
11012 1452
11013 1017
11014 1013
1228 6457
11015 8131
11016 878
123 1404
2180 1958
11017 395
9395 11018
11019 1413
11020 11021
1784 3941
7947 1073
11022 405
9761 2478
524 6175
6775 5105
11023 615
8352 11024
8976 3610
4544 112
1898 8459
1243 2706
11025 519
11026 889
11027 4333
11028 7563
11029 4721
11030 3347
6827 1087
4995 2588
9185 5556
8257 2417
9506 7348
11005 3914
11031 2478
8076 11032
2796 513
11033 4963
1613 7666
10905 11034
11035 2220
11036 2654
10518 8032
183 424
11037 893
11038 4395
11039 794
11040 3360
11041 4014
10106 6547
11042 2518
6330 1507
11043 2982
11044 1368
11045 372
185 140
9642 2147
11046 2527
11047 1706
325 6022
11048 188
1023 3216
11049 8758
6325 1269
8824 9077
11050 4055
6641 1087
2058 11051
7265 7
336 160
11052 438
7816 1326
6889 8379
11053 4915
131 140
5558 6357
5096 4952
3918 23
10898 3175
9149 924
11054 307
7119 7650
695 3150
11055 5118
11056 6778
2372 3847
10310 1724
6843 1093
11057 5248
11058 3287
11059 9481
8315 5321
6397 11060
11061 6993
1133 3081
4506 8190
10195 1085
5702 3351
9985 5967
11062 830
8429 2529
11063 2387
10178 3608
11064 49
11065 1013
5982 368
11066 4778
8922 1766
4535 7429
7586 87
5381 8249
7534 5967
4237 6490
11067 140
11068 480
11069 2612
3442 6871
11070 857
8926 4888
11071 5335
11072 1391
11073 7733
9466 1537
7765 11074
1188 3507
7886 162
5566 8176
9349 299
11075 5492
10404 2995
9553 5810
5267 4470
11076 5318
10665 7592
11077 2231
7887 6095
11078 2288
11079 2828
11080 1106
9530 342
11081 10138
11082 10564
7379 4839
11083 5625
10329 5192
11084 2757
11085 5274
11086 6915
6451 8178
2897 1203
4403 7393
11087 10488
8298 5692
11088 1399
3691 871
11089 3804
9051 2124
11090 955
11091 1329
2959 4455
6741 8162
11092 7441
827 35
4284 603
10120 10196
11093 3
5911 120
1797 1809
11094 9255
11095 2291
11096 688
6137 322
10861 4363
11097 8286
11098 2683
8727 5
7581 8580
7403 4908
8026 4219
11099 162
10523 5585
11100 1800
11101 1980
11102 5158
11103 6224
11104 5833
11105 1598
6527 4839
10906 2604
11106 112
11107 4246
10425 1071
4528 2441
5651 7101
5760 4858
6018 2401
16 9961
11108 3412
11109 1557
6761 7109
11110 4198
9795 1093
3259 2428
187 4741
11111 1408
1280 6511
5727 4345
1546 6706
3391 7284
11068 5271
11112 5325
11113 478
3881 5737
3985 541
2027 1798
11114 2326
11115 166
11116 2518
11117 3968
11118 11119
3963 4072
1681 1640
11120 1445
8023 1017
4795 847
3729 973
4313 6635
4015 116
8847 372
7773 8769
11079 7094
11121 3555
11122 6854
9142 1956
4927 8254
11123 1223
11124 11125
8603 908
11126 166
1552 11127
9901 4975
30 7760
988 1225
3585 7931
11128 8039
11129 1203
9885 1029
11130 8412
11031 19
9262 1640
11131 2577
7452 2638
9736 3184
4918 2324
8081 93
11132 2228
11133 6879
8360 3493
11134 17
11135 235
10722 1285
11136 9633
11048 955
11137 11138
5775 6687
11139 645
11140 10312
2511 5719
7793 7885
6521 166
11141 1017
5909 122
2680 5518
11142 3557
11143 9855
11144 5219
5388 511
10769 734
11145 9245
10736 983
8001 1937
9254 2564
2741 2456
11146 2293
3292 5137
58 3118
11147 9631
3624 59
11148 463
11149 1453
11150 352
10729 3055
10212 3774
11151 530
11152 7458
5549 9169
11153 2064
8010 5105
11154 645
11155 3779
1272 1179
11156 140
11157 19
11158 11159
11160 1385
5273 469
11161 880
5146 17
11162 4149
11163 1420
6615 5506
321 2790
11164 8822
460 5312
11165 3287
10125 6665
11166 615
3312 3184
4307 5194
11167 120
10140 4569
10338 3801
11168 8131
9015 1045
1268 893
10382 385
4613 11169
4951 385
8267 5
11170 837
7008 1211
11171 5511
11172 196
5819 4842
8499 4928
9550 2387
11173 2554
11174 2924
11175 1921
11176 9935
5643 3698
11177 10814
4662 4590
11178 405
11179 1450
6668 281
1475 624
11180 10323
2047 841
1395 8246
8899 9789
5509 1719
11181 1623
7395 1
7725 4741
491 372
11182 3246
11183 1967
11184 650
11185 2145
7435 3349
8732 6972
11186 7696
11187 3349
6212 8175
11188 859
11189 3751
2949 2178
9001 7320
4797 1722
8109 2322
8451 3110
11190 798
11191 6490
9976 2516
4139 4750
2895 1732
11192 10753
11193 2178
11027 8773
6579 208
8889 2028
6692 1879
11194 653
10232 2145
4725 5828
6061 7320
5092 1031
8647 140
8316 895
8067 9535
5730 723
11195 3387
10544 2459
7877 3096
11196 4038
2490 8131
1751 3110
4367 5324
7236 192
2715 9478
11197 1998
11098 6879
11198 2253
11068 4333
7212 3121
8043 5692
11199 4545
10173 8249
597 1193
8678 3110
8984 3219
4864 624
1757 967
10232 4491
11200 3150
10755 231
11201 4121
7990 6687
2851 5764
1238 1616
325 4882
11202 5043
11203 11125
244 6679
4242 3378
11204 10795
1200 372
11205 5700
11206 3659
11207 4259
11208 1408
8782 4160
11209 2697
10106 1331
3416 3152
1679 3230
10397 9623
4532 5017
4936 9418
11210 4585
929 5828
11211 9541
3663 4204
11212 5931
11213 6694
1927 3361
11214 1374
1500 480
11215 5957
4025 10880
11216 482
11217 950
11218 140
4723 2020
9093 2652
4409 140
10378 8614
2824 438
9863 5701
11219 1013
8793 4477
1256 1152
6686 79
8695 7192
11220 1146
11221 3216
11222 1872
11223 4994
9656 3265
2710 6697
11224 7556
9908 2284
11225 501
11226 3041
10985 720
11227 4323
11228 184
11229 3293
3266 15
11230 5833
11231 1755
11232 7603
10865 3076
10472 166
8279 2763
8672 3532
5693 1363
836 5263
6763 1029
8470 10821
1334 364
819 352
9446 740
11233 592
11234 229
7900 231
1275 6095
3424 8491
6587 800
11235 2852
1695 1326
11236 1108
9849 3692
11237 8032
9509 1271
6291 9826
10296 3810
1216 940
11238 2716
10483 4963
9179 1408
9404 2090
10945 4617
8683 1017
9091 1177
6258 1937
9391 2060
388 3511
9580 107
10394 1941
9019 6172
11239 1106
11240 744
11241 3425
11242 7700
11243 9491
11244 1498
11245 9497
10045 1849
9273 2013
11246 6514
5286 4057
9367 7163
9461 142
6900 6092
7545 2508
11247 10647
11248 5126
6269 1702
3864 4665
11249 528
11250 166
10124 4204
4324 3360
11251 1856
9931 3495
7050 5880
5378 5565
11252 19
9104 45
11253 9392
11254 55
8914 2679
5257 5848
5863 4576
11255 5931
6186 740
11256 637
11257 3306
8023 857
7929 7
8510 1847
9667 2214
3721 6095
11258 7091
687 4458
11259 7163
11260 5295
11261 1978
11262 319
11263 2862
3545 4236
10681 7830
11264 5779
8566 3655
11265 4712
11266 2712
1742 122
226 7173
11267 9913
5939 4265
11268 4931
4527 4176
10583 1213
11269 107
11270 4079
10804 261
11271 9747
11272 9004
7407 6952
11273 8331
11274 3303
7755 3456
3834 1015
11275 3555
11276 9821
11277 10184
11278 8200
11279 863
11280 2830
11281 5279
11282 4876
10025 11283
11155 6550
6992 118
11284 3696
11285 1422
11286 8373
5139 6219
10197 5210
11287 5547
11288 2139
11289 7556
3204 4975
8868 2145
11290 3493
5142 253
9518 4057
5122 307
11096 5613
11291 3121
7126 11292
8443 3532
11293 750
11282 4775
11294 7332
9029 6394
6326 9084
11295 11296
11297 7997
2525 7253
11298 1809
10358 3482
11299 2247
11300 1393
6707 4701
8301 1545
10413 9297
5490 5812
8990 6526
11301 6241
10666 233
6913 845
9574 1897
7142 2850
8483 4868
8640 2478
8888 8639
6988 2817
4469 97
6701 4975
11302 11303
3325 8900
5600 2969
3985 1385
268 1484
10772 8900
11304 5976
10721 17
11305 35
11306 11125
11307 3057
11308 723
2042 1324
7571 669
11309 1029
10707 835
11310 9961
11152 4331
4225 8234
11311 7617
7309 1316
9383 19
11312 10418
11313 11314
5494 7216
460 7320
11315 9592
9298 2854
567 10222
11316 4633
5078 657
82 2238
9263 7754
11317 1547
7623 9169
11318 5264
5099 3250
11319 1385
9363 1055
11320 2760
11321 8993
8130 2491
11322 6749
9887 11024
7100 7865
11323 1559
9658 8852
3895 405
11324 9472
9625 8256
2740 2218
10363 8037
11325 1916
11326 5511
9385 3360
11327 4395
5183 10134
11328 1406
5647 140
1920 10190
11329 7751
1944 186
3637 8822
9479 6201
4429 1378
11330 2188
11331 1017
10034 5604
4737 678
11332 7360
8916 10299
11333 650
3569 1553
11334 1372
10597 768
9399 1345
8343 6902
11335 11336
11337 11338
3090 6608
6614 6493
4484 902
11339 1535
1114 5140
11340 3559
8983 2162
7200 1732
11341 3779
11342 979
8636 4597
2365 3645
11343 2249
11344 59
11345 9173
9723 2691
1379 6511
10943 3224
11346 6534
4582 9243
3343 5474
11347 4407
9569 118
11348 4868
5856 757
11349 10812
5744 57
5975 1537
11350 7192
11351 4806
11352 8358
8018 4661
6827 1213
10694 10787
11353 6814
3439 176
5060 501
3400 7015
11354 9246
5675 3713
9883 4827
8209 299
6973 8653
3930 2156
11355 2577
11356 11357
11358 7837
323 4879
2254 2385
3545 732
8496 5965
11359 4545
11017 8368
11360 1455
11361 7216
7550 700
3028 1897
11362 2533
1564 3361
8551 3725
8003 6547
3766 376
5925 8127
9500 372
11363 35
7905 5312
11364 8275
1400 2461
9128 5995
6801 2428
10504 2475
2776 11365
11366 7960
11367 5461
11368 4357
11369 1285
4670 8711
9545 1941
10815 2228
4340 1793
3260 5774
6269 219
10206 8502
11370 7703
11371 1106
8096 6717
2946 414
4790 73
11049 2982
2330 8625
5684 2145
11372 6524
8512 5184
11373 7238
11374 1509
11375 1211
8897 4285
11376 1547
11377 19
10884 1727
11378 1093
4338 4305
2559 4395
11379 140
11380 2485
10645 2075
11381 5196
5962 3970
8290 637
3340 1098
2355 4839
11382 7352
1876 582
9073 3091
7674 1982
11383 1203
5314 4059
11384 6038
10904 4807
11385 2109
2035 1033
4476 3013
7030 1673
8535 7902
11323 11386
11387 8269
11388 7865
11389 103
2632 122
11390 9764
9837 7238
5013 6490
7873 8275
10983 136
11391 19
1024 4470
11392 5088
11280 2620
2438 186
10997 5279
26 1213
11393 2094
10501 855
11394 7320
10232 214
3377 6159
11395 7096
11111 6713
10719 515
3592 4545
11396 2591
4845 507
4327 2929
9778 780
11397 4323
11398 4958
10742 192
11399 1921
11400 4773
1319 1818
3267 3250
11401 9255
5391 1132
11402 2585
11403 11404
3976 194
10049 10449
3473 15
11405 5444
7871 3744
11406 2245
7397 1793
11407 3610
5081 1106
11408 9776
11409 7238
3492 1469
10290 3776
1841 4063
11410 1029
8950 7584
9778 4456
6449 3808
7304 2293
10482 2207
8003 424
11411 3031
11412 1601
6428 1660
11190 11413
7528 3396
5570 2591
11414 2329
4058 5783
11415 5662
11416 5105
7844 11417
11237 686
3435 828
3909 2463
3391 9255
447 1413
11418 1652
7978 1345
11419 6429
10563 8871
10359 1877
2303 837
5162 4461
11420 11421
11422 7042
11423 35
6820 7220
4269 5957
1371 55
11424 5116
1819 4981
4811 845
11425 2428
11426 1013
5745 19
10050 9575
11073 2518
10103 75
11427 7824
10584 140
3967 6208
10064 63
11428 166
11429 5444
1769 376
9763 619
10826 4842
11430 1043
7353 17
7252 4928
413 4421
8342 5442
4254 126
6044 1809
8021 11431
3839 2293
11432 4382
3403 482
11433 5290
11434 3808
11435 3216
4740 3655
9138 1017
9137 2459
11436 8743
7693 9236
11437 1434
7003 9175
9224 1045
11438 1781
11439 4602
3764 7150
951 3836
2664 11119
8330 582
11440 1996
3223 11441
4495 140
11442 166
11443 8717
658 221
1169 1818
4178 55
11120 8455
5685 5561
2807 2716
7362 216
7953 10882
11444 2774
6911 6904
2879 3158
8273 3936
11445 374
10319 912
9087 2995
10533 513
11446 2368
4191 4618
5002 1123
6080 10273
5346 6556
2721 120
10410 3557
11447 2017
9131 2475
8583 4160
11448 1614
11449 4842
3530 1766
11450 1476
3103 2581
11451 3824
4249 3804
11452 9095
11113 5578
11453 9204
11454 667
6740 2478
1754 6351
11455 3332
11456 5476
11457 1899
11458 3034
8703 8938
11459 301
6011 2480
7999 1021
11460 1017
3157 11461
179 10325
1241 4750
11462 3815
388 3477
10101 5182
11463 1861
595 11
9879 7655
5813 7714
11464 9734
5536 2575
1431 1278
9302 424
11465 10577
8597 1967
11466 192
11467 1290
4231 5833
3093 5764
11468 10312
8677 9750
11469 4052
11470 5003
11471 138
10924 3216
11472 4893
11052 2249
4094 865
452 3123
11473 1630
11474 8167
5493 424
587 453
9156 5134
11475 3045
1888 8508
11476 333
11477 5248
3814 4366
7424 295
11478 7537
5817 10918
9303 11024
11076 2165
9754 10241
11479 845
460 1448
11480 2986
8434 1675
4179 5253
11481 11482
9426 6518
5252 3548
6499 3062
10642 17
11483 9421
11484 10153
6863 372
3967 8241
11485 736
2733 7220
6781 1921
5528 4323
1536 418
11486 5102
3450 3687
4997 487
11487 9289
11488 8625
3455 5666
6288 405
11489 11490
10771 10305
11491 11492
1994 5771
3728 1231
9011 184
11493 7675
3373 2120
1554 3610
1364 4111
11494 287
6661 6984
11495 2963
7197 3155
11496 6936
11497 1358
10269 3710
460 5436
799 3089
10452 5533
2865 6210
11498 2030
11033 214
187 2687
11499 7788
10904 8946
10165 5116
5687 3288
3627 118
2360 661
10214 1490
11500 2513
7838 4691
11501 3716
6189 6910
4413 7666
11502 10250
11503 1296
11504 6310
8540 1498
11505 10821
11506 10066
6119 307
11507 985
11508 1382
11509 7700
11510 1690
2388 243
11511 2893
11512 2137
331 6902
11222 1248
4805 45
11513 1037
5767 3549
10571 5921
1340 122
11514 10196
10043 11127
11515 3234
7307 865
9870 615
5981 4087
10334 4968
5197 1577
11516 7009
11076 9647
5371 1980
5010 1130
743 2228
11517 4609
1131 1095
11518 2218
11519 10605
11291 6856
11520 7207
5872 700
7268 1566
11521 8238
6252 3275
11522 118
11523 11492
11524 9269
10263 861
9612 5828
5974 3106
11525 6784
355 2284
11526 7743
9840 2366
8563 5666
11527 1123
11528 5786
2024 3874
3067 2893
9300 71
11529 5953
6433 3887
4847 6792
11208 6713
11530 10321
5981 5761
11531 140
11532 8905
9397 4352
1759 6226
2799 6885
11533 7543
11534 6697
9484 184
11535 3327
9531 1093
8493 9255
11536 4208
10673 3808
1139 9
9836 3355
11537 606
3183 3468
5519 1457
8495 8392
6501 35
4046 3905
4300 5432
1463 2562
8586 1667
3520 8094
11538 9645
11539 11540
11541 6355
9414 11542
11543 5953
7285 1708
11544 1791
2110 5754
2913 2057
11545 186
3426 543
10846 8131
11546 975
11547 166
4681 6162
9839 140
11548 2687
11549 6871
11550 814
11551 2354
5927 6038
11552 1075
8816 3005
3007 1183
11553 140
9480 2875
9015 1055
7724 7865
11554 2282
7779 1045
5815 7244
11555 3376
11556 1598
6718 3402
9211 11557
3859 1453
5483 5758
11013 878
2294 1336
11558 57
9938 1041
11559 10134
5610 6590
8937 2529
10001 3182
7084 3110
11560 816
1859 4430
6944 3242
9955 5325
11561 3150
11562 2915
3488 8625
6406 6974
11484 10134
11150 820
11563 1748
9730 4676
11564 6214
9467 1762
3985 1372
9365 2854
11565 7332
2384 5479
11566 166
2592 5828
11108 5219
11130 2735
11360 275
1194 4308
11567 469
11568 2616
11569 750
8838 2311
10996 1215
5360 7109
7316 1385
8847 172
8515 626
11570 1329
9465 176
11571 1687
10475 2184
5552 2247
11572 650
1517 1469
5029 6556
11573 11574
11575 2995
2901 2255
11162 10168
2446 5848
9724 3268
9400 688
11576 3696
3160 11577
2035 11578
8378 5735
11579 8163
6156 2226
2705 1244
7951 465
7250 1509
5544 57
10341 3169
11580 140
3220 4232
11581 2195
11582 9173
11583 1285
11584 6374
5364 4765
10141 9740
11585 5046
8688 7746
10014 3374
11586 6608
11587 11588
2621 4032
11589 2812
7416 9968
4035 7875
11590 1189
9174 4289
6979 7089
7648 722
3142 4641
5638 969
7782 71
6549 3779
5386 3858
535 368
2637 554
8896 120
7234 4329
8654 4333
11591 51
609 2242
5351 8769
8756 3272
11592 1106
11593 6819
6607 6351
11594 1213
10532 3698
9932 4775
11595 574
11596 2763
10369 898
9615 333
11597 11598
11599 3899
6012 5171
11600 2160
11601 9314
11602 4303
1684 8223
11603 1215
9549 2542
3561 2172
4857 3980
11604 4297
11556 4036
1419 997
9361 10677
11605 663
10909 1616
10954 612
11606 7584
11607 9521
5366 2028
11608 1045
4148 6308
7407 849
2674 6698
7472 650
2390 2795
11609 4066
11610 3456
11611 5538
11612 10490
5841 4308
11571 11613
7072 9821
11539 2366
2659 8928
4529 11614
2970 1206
11615 922
10337 4868
10319 1525
10829 6315
11616 101
4555 900
1761 863
300 5758
7927 2203
11617 4310
10371 4044
5201 530
7236 6147
8581 796
11618 724
8357 2726
11122 1075
9480 1276
2936 6147
4424 3670
9436 11314
11619 1967
11620 1818
3170 2860
7468 4903
11621 1061
11622 11623
1149 9575
8529 1071
4504 3823
6212 7746
9702 1818
11624 1168
2403 3055
4913 3926
11625 6013
5643 1672
7148 344
10528 2963
11626 376
11627 9974
8691 393
11466 4609
11628 8547
10685 6797
7184 9750
9081 4028
11629 869
11630 895
5418 8234
8520 2020
2605 118
10480 11631
11632 11588
6016 8254
11633 2145
11634 2334
3201 796
6261 3690
9016 11635
11636 225
11637 3121
11638 368
932 1017
4603 2387
9388 3798
3335 5248
11639 11413
11268 427
11640 5853
1489 7733
10169 617
5062 2854
11641 8742
4361 615
4671 1063
2851 2920
11642 1772
10159 3549
707 9829
11100 3883
11643 7388
11644 1322
11645 3158
9538 4522
3547 2854
9941 2172
11646 6071
11647 35
11648 2687
7848 6464
1743 3110
11649 15
5464 574
11650 4132
5527 5325
11651 59
9379 6129
7103 6797
2866 4080
1580 8200
5838 7007
11652 1217
8152 194
3611 1029
3476 3511
11653 297
6975 3349
11254 698
11654 393
10726 11655
10010 4411
11591 57
10406 4868
7503 4252
5351 2306
4309 9546
557 1755
11015 2075
6842 1045
6072 7007
9534 1017
9854 3863
11656 3371
1081 6869
664 7572
8220 3719
9149 15
7110 1894
11657 4399
11658 2918
10025 7332
5294 1174
2912 35
11659 3138
11660 8162
11661 2527
5152 2139
11662 2257
9558 11663
7155 55
11664 2518
11665 4135
10617 4569
11666 3470
11667 4851
11668 11578
8575 3182
10290 4827
11669 4667
11670 219
1056 5716
1994 1108
6989 2881
11671 3710
11672 4224
4291 1047
11304 4578
11673 120
11674 2793
5387 399
10919 8318
11233 120
11675 11578
11409 2508
9729 6005
11676 1413
6959 17
11677 2288
11678 317
11679 2364
11680 2854
11681 1341
7994 5167
1499 1206
6857 768
9287 7733
8850 6381
10537 3351
11682 3081
9235 3700
10104 422
9820 6963
9263 221
4623 11683
7609 4625
1864 4456
11684 376
8235 1476
689 3078
4178 9742
11685 3709
11686 9789
11687 279
2956 4794
7470 11688
11467 61
3891 2837
11689 2480
11690 11159
11691 582
11123 10820
5482 8256
11692 4168
3527 11693
6139 2624
8615 7592
11694 1372
7215 2295
7753 1818
4274 2318
11695 5148
6128 2654
11696 1727
11697 1947
8747 8648
11698 3761
11699 772
11700 4647
9408 8928
1034 166
4179 7169
11701 839
6794 4441
7524 4411
11702 4204
11327 2426
11703 5921
11704 4808
11562 7592
2865 6648
9455 1288
8706 1858
11705 10940
3044 405
11435 6049
4624 1708
5914 2531
4991 8993
11706 5432
4306 2172
6281 1015
11707 541
7579 2275
11708 5073
10350 2184
1227 3998
6012 5274
10126 3532
11202 2677
11709 927
11710 7096
6131 2487
2194 3219
3736 973
1449 3856
7873 6771
290 11711
9866 324
11210 1918
460 3121
11712 1708
207 482
6877 1803
11713 7754
8921 1231
11536 977
11714 1484
4935 5571
11392 4486
11715 4000
11716 576
2132 9684
11717 2469
11189 1559
5108 863
11567 2154
11718 461
4728 4397
11719 3344
6322 655
6117 2228
9024 8225
11720 2638
5968 8190
1852 4912
8129 718
11721 6377
11722 1482
6242 3645
8197 4049
11723 3805
11174 166
11724 601
2655 7017
11725 2030
8213 1455
10068 9631
2280 1498
10503 4281
8212 5486
4393 120
4757 1372
11726 3642
11727 6193
8927 1278
11728 1967
11729 543
8527 8580
10176 105
11730 10738
11594 1912
10806 1498
10778 784
3809 983
11731 2134
11732 2366
11733 10795
7376 4000
11734 10834
9532 1203
11735 716
11736 11737
6405 166
6146 192
3600 4475
11738 1264
6133 1492
8297 393
10163 1589
9580 9245
9210 2989
4836 4006
8676 3672
11739 8596
11740 9110
10669 7182
11741 991
8974 4028
10332 55
11667 4750
11742 156
11743 4945
11576 3155
2099 1492
11744 299
4789 7375
11745 1455
11362 5848
7258 997
11746 1812
10554 160
8853 4580
9312 7096
11747 6172
11748 6371
8274 4878
11062 1490
3154 297
10123 7048
460 3613
10957 5662
2418 9802
10111 5810
10384 2478
7956 4761
2642 4222
10729 2450
11749 3166
10648 1071
9332 1047
11750 7968
1297 716
6239 7751
5829 2812
11751 1303
137 895
11712 9004
11752 3240
11753 1168
9253 798
11754 3194
6833 547
5991 2699
11755 9767
10109 3511
3098 5953
7853 9223
11756 4580
11757 2013
1109 5779
3778 9289
5781 11758
5430 6934
460 2924
11759 4234
11760 8311
4328 1644
11761 981
8287 372
4991 7139
11762 2531
8169 8119
6313 855
10692 2154
6077 1739
10735 1837
11763 7746
11764 4057
11376 7415
3993 969
7963 10814
147 7541
7618 1343
11765 9172
11766 352
11767 2681
11768 1013
3540 1221
11493 378
10748 140
11769 1017
11650 3532
6766 2430
8428 3158
11770 1206
11771 120
8969 11051
11772 5297
11773 6478
9066 424
11774 4017
6117 6892
6039 635
11775 3936
11776 1039
11777 10066
8297 582
11778 2151
5074 1382
3521 4055
4770 2249
7660 1809
11779 5561
392 9451
11780 11314
11781 7931
9748 3555
8015 914
7088 4602
11782 4520
11783 7231
11784 6784
11785 1484
2350 1952
3395 166
8584 586
5206 979
2352 1430
2044 166
9368 6811
9443 645
11486 2739
10923 8930
11786 6698
11340 3150
6171 10799
11787 1770
11788 3739
5856 3194
238 17
10318 219
6109 1341
4759 3310
9877 1921
7737 2293
10440 8465
11789 7499
11790 8047
5780 103
11373 895
8377 2697
10086 140
11791 7036
11792 3432
10426 6478
6299 8913
11793 11283
10308 57
652 138
11794 1800
11795 11303
11796 3205
2252 7352
10752 2369
11797 1013
11798 3470
9652 107
11050 1125
1815 152
11799 5444
11800 9678
11801 1889
7559 471
11802 4198
1210 403
6075 2211
4047 997
6710 11461
9887 1132
11803 4308
11804 2518
11805 6797
7716 4701
1417 2057
2464 7094
10294 5555
9950 11125
4690 4285
6824 9236
11806 2552
11807 4259
11560 5804
11808 2757
11809 1939
1004 8124
11810 2846
11811 2428
10509 6915
1565 2205
3866 1863
3394 1914
11483 5901
9231 1485
11812 1436
11813 11296
11814 469
9700 5716
6727 873
4423 4119
8766 1428
10244 10182
6229 5825
3054 170
3259 372
952 3425
7212 6483
8856 3582
11815 114
11816 2869
11817 11024
2027 7657
7466 1341
6500 5814
10050 1150
10780 2387
3572 4041
11230 2905
3405 2240
11818 1033
10936 206
5861 4781
11819 2666
262 6059
11820 120
10280 5052
11821 2218
11822 11074
11823 1285
10180 449
11824 1656
8165 10075
3816 855
11825 810
11826 714
11827 5345
11828 4667
6948 4760
4428 849
11829 11830
11831 9541
11832 9077
11833 895
11834 6415
6939 3255
7201 10974
7599 180
11835 991
3471 3706
5532 8479
10364 190
11836 1013
4996 586
11837 1303
11838 9084
4932 5942
4811 2218
9847 2156
3008 2896
11247 5248
3114 2139
11839 3805
11840 4496
8564 2102
5549 2618
7491 3972
11841 5735
4769 5253
11842 5140
8079 6267
2170 3236
11843 8311
11668 6022
6620 1510
9501 10393
11844 1439
11845 4765
5168 10801
11846 810
2644 1627
11847 4917
11197 1967
3215 833
11848 1762
10522 2465
11849 4219
11850 6895
11851 5754
11852 4585
11853 5184
5519 637
11583 6025
8151 5076
11854 1708
4692 1
9687 4778
7306 796
6205 4602
11855 4395
5123 4176
11278 6687
11856 11857
1962 283
9595 1809
3358 4868
5837 23
11858 639
681 3719
5951 2938
7532 1579
347 110
8710 120
10272 10230
11859 1877
11860 8541
11861 3670
5645 1722
10348 287
9757 7791
11862 2929
8381 5539
408 6129
11717 9077
11863 1874
11864 5467
8391 2293
11865 4202
11866 3216
10950 3628
9989 3192
11867 6837
11868 1203
9062 1897
7668 10553
11869 6995
10237 875
7241 499
3033 10250
10103 11693
8945 10196
11870 6532
6234 2812
398 3360
7576 2695
580 281
1321 579
6307 11663
11871 2298
460 5705
11872 315
11873 140
6588 2513
11874 3538
5238 582
9891 2924
11368 9255
460 6837
11875 1877
11173 372
7523 8094
10360 2025
1972 2909
6206 1041
8669 5049
11876 2401
9032 140
11877 4565
3681 6623
11878 4507
2076 309
11879 11880
9025 5461
9429 1664
11881 3192
1801 6640
11204 1108
9373 10270
5459 1296
11882 1087
11883 7754
11779 4827
11884 7286
11885 4858
11886 1013
6801 1093
11887 1303
9634 3202
10650 10870
5011 3727
10408 3240
1900 3255
11723 1093
9664 11888
1709 2408
11889 420
2035 3376
365 4689
11890 2658
11891 10652
6084 1781
11892 10321
10327 6879
1070 1075
11893 9396
8338 4745
11894 2643
11895 3698
11896 3634
11897 2316
1570 9747
5558 2094
11898 164
2085 2920
11077 7171
9918 9629
7549 6166
11899 10278
10035 5967
9708 120
11900 3911
10992 7045
8033 1361
254 2575
11901 3161
2367 5987
8012 1252
9127 1910
11902 9912
11903 2238
11904 3751
8446 845
4480 2906
278 698
10506 1037
8906 3208
11905 55
9380 2288
1251 8975
11906 5024
11907 3175
9737 4036
11908 2369
8585 8758
6538 7608
11909 3184
11081 3390
2690 1197
11910 732
11911 1047
9309 7101
11912 1343
6485 6321
11913 7388
3541 2441
7422 6059
11914 4395
6463 1361
6860 7145
11915 7418
6715 435
10146 2607
2752 3136
11916 3774
11917 9541
4596 1093
11918 933
11919 8951
3859 455
9069 9392
945 5571
9751 3698
10716 122
11920 2098
7443 3897
11921 2452
11922 5938
6060 4130
5021 5325
8890 5444
11923 35
2859 3461
11881 2318
11924 6536
7331 1015
8740 1083
11925 3623
11926 1223
8663 1189
10335 3461
11927 422
11928 1764
11929 3380
11930 1807
11931 2195
11932 5003
4894 5716
11933 6694
2732 8508
9907 7101
6431 8604
2568 6733
9667 9575
11934 1276
10320 3293
11935 261
11883 221
11936 4248
11420 4063
10773 6652
11937 6088
11010 366
3860 118
10082 1566
11938 1029
11939 5578
10475 433
7435 2487
7159 2588
10583 10607
4611 393
10771 1537
6389 8769
1074 10932
11940 3096
11234 2837
6130 3468
7189 4843
11029 9610
5752 768
9096 2293
11941 1466
9818 3195
11942 4265
11943 7104
5270 2518
11944 4333
5502 11945
4385 55
6693 4842
11833 8835
11946 416
11947 2478
7629 5771
1691 2293
5374 1480
7295 1231
11948 11949
4730 626
10555 1152
10678 35
11950 2421
7891 3024
3942 225
10344 5219
4899 3711
7223 8272
7333 6046
11951 3175
11952 5976
11648 188
11953 7101
5389 364
11954 3719
2130 120
11955 166
6252 2396
11956 11945
11957 643
11958 1166
11259 5533
5935 299
9235 7552
7785 3854
6646 7539
9659 1303
11959 3751
10574 8305
11164 6071
11960 2387
7590 35
10969 6462
11961 10984
11962 122
11963 7026
11525 393
11964 615
3643 7358
8622 166
11965 5373
11026 4592
10366 1125
11010 1322
11966 497
11967 7733
1892 2374
7730 1091
3386 4343
8069 4605
11968 2980
11969 8887
10818 10041
11117 3169
10727 1881
4487 7375
11970 5088
2910 5424
11971 2450
2651 6147
8976 2924
8770 1833
11972 4083
11973 5436
8689 5859
11344 3821
11974 6379
11007 2677
10855 824
7467 1732
11975 1013
11976 3845
11977 3475
8676 7367
11978 10913
2325 1818
8933 1073
1585 3005
6411 3387
11979 461
11980 3580
11981 1616
10690 9575
7095 7218
2813 2249
11982 4310
5605 3366
7836 1487
9281 9283
11983 849
3298 482
325 11578
5593 405
11984 2795
4488 5279
8971 352
6004 140
11985 2768
11986 2545
9542 11386
3721 2362
6955 1003
11987 5019
11733 1918
11988 1075
10900 7552
6890 43
10796 9013
3176 4477
11989 319
11990 3138
546 734
8059 2590
472 4691
8394 2687
9707 515
6161 8936
4504 2147
1481 5700
7959 3911
1502 1345
10378 4633
7784 116
1962 3493
8980 6804
6439 637
836 118
5347 11296
7767 810
11991 6667
8005 7908
7341 6371
11992 5186
11993 204
11994 1316
2771 1469
11995 120
11996 4849
10876 10627
11997 433
11998 214
11046 11999
6125 4590
12000 796
10725 2218
10225 6495
500 3366
9993 116
12001 1884
12002 35
2466 802
9398 4800
5002 6789
12003 7218
12004 403
2047 17
11736 3222
11604 4397
6813 871
11274 1702
10255 3057
3586 5928
11643 3392
7328 9592
12005 6885
12006 1361
12007 2115
5548 1616
4890 8318
10926 1350
12008 6413
12009 2749
10786 2049
6264 1
3913 669
12010 1067
12011 2236
12012 9548
2453 6679
5927 285
11599 2858
3404 263
8650 857
12013 9695
6677 509
9090 1739
12014 2924
5766 3143
6356 1515
12015 1259
12016 140
8410 1537
1160 2359
12017 989
12018 8863
4112 1298
12019 734
10773 420
620 1722
12020 10346
10618 2691
12021 11404
10207 630
12022 9961
10169 1656
2671 12023
9795 1385
7966 403
4649 3497
11416 1021
10398 3216
12024 4426
2447 4331
12025 6083
9670 3692
11460 11386
7106 6885
5851 2969
3622 6057
8615 4968
9449 5848
64 1164
12026 2812
12027 772
2392 2577
12028 1374
10194 1789
3656 405
12029 2145
12030 166
11228 1783
12031 2098
11517 11557
12032 6038
12033 8580
7198 372
351 7294
8986 4721
12034 8519
10370 3998
5428 397
3124 534
12035 8946
12036 871
12037 1492
12038 17
11468 3013
11560 9434
439 172
12039 5442
3554 12040
12041 4308
12042 10017
3132 17
7159 955
11149 1937
5668 9610
12043 4226
12044 11949
60 1290
2144 5091
12045 3732
5831 1809
6331 1331
11025 1912
9268 5335
384 2255
7311 6770
3668 1108
11975 6514
8497 6526
1460 3287
12046 6182
12047 1910
11257 372
12048 291
167 4998
1920 8236
12049 2518
6249 221
12050 1093
460 4761
1590 4945
7580 12051
12052 2542
8543 2591
4101 315
10428 166
10822 3303
616 3051
12053 2069
5856 467
12007 960
9394 1428
12054 6332
11136 728
12055 11303
5730 900
6582 544
8684 5054
12056 1717
10360 1774
1143 7525
12057 5339
12053 372
5900 9421
9301 9567
6066 15
5014 2092
10253 8516
12058 772
9594 7525
12059 3438
5981 977
12060 1093
12061 1492
12062 9072
1160 2812
1946 1055
12063 2251
11869 8305
4828 7675
3218 7244
12043 10577
12064 6175
10851 933
11685 3096
8582 4553
12065 6971
10914 405
12066 8936
12067 15
660 1791
9765 1541
10058 3250
7843 6871
12068 2162
11305 6629
12069 7343
2065 5134
12070 2374
12071 724
12072 1100
6946 1484
12073 2915
12074 10627
12075 7415
2015 3133
12076 6811
12077 1623
2105 4352
12078 8286
4048 5771
498 5126
12079 4701
11744 3158
12080 166
10975 4250
12081 3548
5420 5
4344 1601
7667 7330
12082 1539
12083 2989
12084 307
6011 5779
11915 1408
7749 3734
10556 7899
5668 5121
7589 630
11743 2356
8109 10196
460 8275
9774 414
1619 1213
12085 5533
11645 10561
10220 2774
11551 1370
12086 4605
9794 8167
8626 4119
12087 9695
1360 251
1319 5385
11656 482
4984 10984
5178 9215
12019 9245
6272 490
9754 7031
4197 2469
12088 3072
10012 9865
2342 1772
9603 3194
4266 3692
8621 2143
4099 1203
884 4549
1605 1958
12089 4503
11167 6443
7888 2612
7789 1539
12090 12091
7698 6332
1117 4285
5257 6020
12092 8625
10167 1239
12093 3041
11714 214
7212 2413
12094 35
11815 6825
4521 140
12095 1466
7792 245
10714 4061
2596 1017
4367 7163
11192 2516
11177 1525
12096 2955
8343 2524
2095 4080
11617 6590
5858 3293
10100 5806
8441 4893
12097 484
10756 10121
9880 805
11178 1053
12098 2531
7683 3360
8613 657
12099 1727
6035 6147
10243 6278
8967 480
2829 2677
12100 1203
12101 1071
12102 2633
12103 1675
6079 3076
5211 2751
9791 77
11003 81
5661 1520
12104 2265
121 9472
6082 766
7484 4232
10268 1252
12105 5666
9094 1298
8892 3740
7164 176
11665 3108
12106 2456
12107 4028
3715 4520
3119 6113
12108 3232
6943 247
8253 8292
12109 2830
10214 1469
5276 1130
12110 2743
12111 3856
9203 865
6712 6636
12112 9491
7345 12113
12114 5521
11279 1385
12115 3573
332 6629
12061 344
12116 694
11931 5947
6739 405
12117 1119
9524 999
7988 5486
11380 263
10922 639
3245 5324
4710 138
12118 2463
12119 4371
11640 3810
11774 6175
11071 1017
6531 8118
10473 3253
10144 1732
12120 1996
7724 10738
2179 166
7637 6311
2133 1428
3183 3962
10739 873
7983 4198
9628 7169
9977 1213
12121 3065
11358 5003
848 12122
10092 6226
12123 650
12124 1146
11453 3667
6903 12125
11559 196
9721 2284
4163 3425
7819 10357
622 4643
4920 208
2794 6311
10376 7367
12036 7894
10576 9535
12126 1102
915 3216
932 7017
4622 35
10420 1484
5830 1166
12127 2364
11974 4827
11824 110
12128 3299
864 1823
7177 3383
9057 1664
161 2995
12129 8311
6894 4970
3524 889
6542 1269
9232 1303
12130 5662
5214 1259
12131 478
8932 6665
3353 5432
1806 15
1558 5671
9157 3234
12132 1861
460 4421
12133 1075
675 6770
12134 3817
12135 3970
12136 2172
10742 138
7949 1197
12137 6497
7999 2184
11497 3867
2548 83
12138 657
3084 10490
9342 4282
2015 938
10945 11283
2091 403
10816 9183
371 3844
12139 1271
6593 2942
10130 1732
3490 805
5717 2961
8575 1108
12140 5987
12141 1818
12126 7066
12016 507
11738 9900
12142 3628
6562 1561
11722 5700
7166 4542
6716 541
11266 1559
12143 1112
12095 1614
12144 114
12145 5461
12146 19
2985 1164
12147 4479
12148 837
12149 11421
479 10128
11337 4494
12150 6310
11198 6590
12151 839
2035 1436
6265 65
12152 4310
12153 11557
2878 515
12057 5447
12154 11635
7602 619
7821 8762
9861 10753
9359 955
12155 6057
450 5182
12156 6804
12157 889
3421 105
5793 3972
8488 1902
10971 7031
12158 1854
10867 405
5475 275
12159 2500
12160 2881
12161 3166
2944 5972
12162 1013
12163 2691
12164 1393
7417 4230
12165 1884
359 57
5431 4363
6383 2974
12166 1941
11605 433
3451 2607
10758 3009
12167 1700
12168 1583
7023 9246
8073 192
3994 2683
10951 12169
11459 9199
1347 4072
12170 4368
6689 8465
12171 755
8291 2084
4270 4638
12172 8750
6745 1750
12173 9060
11936 713
1694 965
12174 4567
12175 3680
11265 2685
8306 8011
9184 1255
3388 2480
5359 156
8554 8455
6680 5987
11077 3659
12176 2554
12177 2359
11917 1518
12178 6719
8024 4329
9743 940
10073 2413
11718 3143
12179 2043
12180 6158
5413 2071
12181 849
11734 835
12182 3562
10543 453
12183 1324
11028 3470
11310 981
9052 1266
3949 4549
12184 5385
6523 1523
8022 1069
7498 2633
6000 1213
2693 10573
4631 275
11560 4390
6430 1161
10506 4689
12185 7284
12186 4033
12187 7451
12188 5795
8077 6762
7112 5716
11035 1623
8294 389
6828 7569
1187 7486
12189 2604
4221 8938
12190 3883
12191 3749
11443 455
8567 871
11085 3062
12192 5001
5642 3576
12193 6357
11702 3219
12194 4236
5220 3879
12195 372
1984 11074
11349 5158
11378 1372
10668 1612
6664 2432
11793 10026
7380 1722
7903 541
3960 1739
10373 3491
4759 1426
9874 9152
9489 4250
12196 7053
8007 2026
12197 7451
8860 8769
1568 307
375 4721
5475 7639
12198 1982
10300 969
9042 8407
12199 2207
12124 1079
460 4503
5768 7094
9516 2860
6658 3795
9996 6694
5509 6360
7847 1858
11865 172
12200 6711
215 4945
11099 889
9679 79
3090 833
11251 7069
12201 4712
6473 4732
8170 1354
12202 4549
6279 132
1151 17
10817 3684
10710 4550
11287 3582
11350 1654
4229 3468
145 1013
9892 360
12203 10323
12204 12205
10464 1809
12206 2875
12207 301
2201 5385
3620 6308
12208 5446
10234 8750
3239 3110
10759 7175
426 5165
7753 1408
12118 621
3733 4643
12209 6381
6693 5486
4951 2273
460 621
6957 1644
9228 6636
12210 1013
12211 372
4288 1281
12212 1719
10352 10647
12213 12214
10691 635
12215 7163
12216 3899
4658 8787
7318 6936
12217 12218
12219 1803
5648 7457
66 7007
12220 6357
8232 4827
11277 5828
12221 1055
7542 5302
12222 8541
8589 257
9197 3
12223 1221
11001 214
5676 2526
10770 3968
7276 3548
11072 1354
1686 6702
6382 1219
12224 3877
10955 2078
12225 1764
10494 3313
6387 4705
12226 1719
1860 4002
4355 1322
9010 12227
4353 35
12228 10652
3122 6893
12229 3591
12230 405
11684 1055
10383 10495
9022 2516
5917 7931
12231 225
9151 8254
533 3125
8761 2599
12232 2172
12233 4839
7241 2401
7391 3206
12234 9421
12235 7556
11997 5506
8870 10305
1394 4585
4405 805
12236 4198
12237 2677
12238 7017
12239 6172
6798 772
1299 2096
709 1683
9607 2437
12158 3083
11680 5253
12240 3870
11155 2854
12241 3549
11618 6819
11754 467
3105 6149
12242 7152
12243 1783
12061 8629
2907 8609
12154 3068
12244 9614
12245 89
10703 3491
8437 1623
11453 2257
4985 1623
12246 3047
4942 1338
12247 12248
9542 1017
7020 7143
12249 281
6171 10419
12250 12251
10077 8574
2815 11338
8186 287
6110 8887
12252 4781
12253 4115
7070 1017
9068 863
11722 869
3077 1612
5097 2102
5249 259
6066 6351
5670 1559
6482 422
12254 1845
12255 1045
12256 295
11038 1937
9320 237
11845 518
9909 4507
9530 471
10507 2461
6177 2607
7988 1455
11452 2681
3574 5115
4959 3355
12257 3968
2035 8389
10871 1719
6991 1963
7910 405
12258 63
9646 1013
11868 1464
12259 3983
10661 4170
12260 440
10267 4377
4023 3992
11584 9415
6599 6652
3186 5812
5554 539
3114 7572
12261 229
12262 4325
1970 287
12263 2652
10745 845
10258 2496
3058 11021
10143 5143
3875 444
12264 3016
9693 1215
10461 1579
11950 889
12265 626
12266 9575
12267 2978
12268 4022
12269 8461
2051 3323
12270 210
12271 5869
80 889
12272 1266
11527 2467
12192 1271
1661 4352
8463 686
3718 1252
5894 4421
12273 9666
12274 6782
763 1897
8857 7837
9467 1388
6555 166
10512 574
12255 5161
11220 2679
12275 3957
10127 8087
6206 6507
12276 4287
12244 1106
12277 6172
464 1766
6600 7875
5514 2069
1392 1800
3565 5940
12278 4176
2814 7597
12279 8087
12280 19
12281 2780
10011 12125
10720 3546
3295 9033
2814 221
9277 12282
12107 35
9688 200
12283 722
4295 7352
8603 2178
10223 1719
8380 2184
2870 393
8467 4553
765 6083
12109 7499
12284 7522
11298 3709
2035 5358
12285 2679
12286 376
8052 8407
1054 1967
11933 11296
9999 2356
12287 4891
4283 2533
460 5783
12288 170
12289 405
7439 1055
10444 1017
7790 1523
9240 326
12290 4486
10784 3573
6692 235
11972 750
8678 1372
11823 2768
12291 2381
7513 346
7916 1764
6265 79
11513 893
12292 3147
12293 348
4233 4336
12294 17
7188 828
8148 995
11356 12248
9886 3899
12295 11034
11432 8656
1301 1947
9896 1206
8692 2145
11050 2247
9335 8758
11946 2253
11706 3131
12296 1904
12297 1193
12298 3608
9516 39
8168 2478
460 4590
12299 120
6416 3005
10809 3774
12300 2478
7200 2205
8247 372
3233 1667
4067 8139
7687 2432
12301 4998
6924 3110
1611 3232
12302 4438
2376 5006
11599 4522
6897 1939
94 405
12303 9169
6487 6536
10700 7760
12304 364
12305 871
4175 10940
6855 10246
9391 12251
9851 1075
12306 11119
1688 1937
6852 4549
12307 3110
10679 3049
12308 3734
12309 839
12310 2265
11369 1616
7984 8924
5592 1616
9985 176
7893 1244
1463 3016
6658 6509
11766 7294
12146 6180
12311 4687
12312 6495
1888 2257
9034 3727
7279 969
8044 7786
8775 626
6132 8373
12313 1680
6262 3975
8729 1704
8346 444
4877 2544
7893 730
6968 405
6939 1168
12314 1071
8572 3719
10881 5990
4450 1424
12210 5609
12315 19
9076 2469
9537 5972
12316 5947
12317 2445
12318 6429
3460 5442
11438 9460
5472 5881
9899 235
12319 405
8568 1235
896 118
12320 4230
12321 1372
6019 5115
12322 9173
12323 11018
12324 6694
10791 328
3533 3546
12325 857
12326 6575
12327 2716
2010 1343
11225 2516
8567 12328
12329 10717
12330 1269
7577 5644
5665 4518
2725 99
12331 2141
12206 6095
456 3227
3469 5212
12172 5589
9229 1825
8217 7608
8772 4858
7335 6217
11686 5253
8917 3905
1602 8124
12332 231
12333 3511
1089 6936
3517 1386
9752 6085
3928 1484
7848 615
12334 499
12335 8498
12336 8307
12337 1599
12338 2599
1470 837
12339 2383
8419 2147
2530 867
6442 1093
2457 166
12340 1071
12341 5636
8355 267
9334 1518
11093 3015
1196 10128
12342 5204
12242 405
7119 5253
12343 615
3528 3055
11809 7327
2894 1482
4956 1213
11153 2850
12344 6738
12345 11711
8448 3591
4408 182
10160 2483
12346 518
6513 55
12347 1100
12348 6153
12349 5049
11824 10698
2744 249
12350 9130
20 5442
12351 11365
12352 10241
7861 67
12353 5373
5050 3147
12354 10325
4973 645
12355 1283
8836 482
12356 265
12357 118
8655 757
8203 307
6529 4659
12358 4633
6736 2562
10434 4701
12104 3983
2422 360
10292 10198
6565 5148
5376 2513
12359 6088
12360 7837
12361 9269
6947 5662
12362 6711
5862 3027
4337 11663
11783 1269
10390 1647
12363 5671
10260 4087
12364 4676
2550 3355
8709 5069
11813 7378
11308 772
7927 1914
3363 2218
12365 55
8413 7427
4877 728
10656 10346
8815 7324
6558 1492
12366 2417
12367 7287
12368 4638
2878 1732
6591 768
7776 4009
10394 1372
9735 1537
12198 748
10192 2564
10058 7517
1312 1372
12369 7360
12370 873
12047 10564
12371 12372
8470 3962
10612 2053
2845 780
10609 5321
10426 8746
7279 3288
8735 981
3426 1706
11764 2364
10063 4268
12373 3216
9050 1093
10226 295
11768 9567
12374 1571
12375 7315
8325 5853
11315 1372
3122 11024
6335 4988
3695 4576
12376 4119
9510 2860
8501 19
12377 572
10384 5059
7124 6797
11040 8405
12378 6971
8613 2026
7035 507
11494 4633
2410 1652
6677 6811
2462 621
7671 7751
11671 7313
6485 4999
12379 1168
12380 893
9182 1430
7414 2643
10028 7053
12381 1266
8009 5529
12382 1455
640 3402
12383 202
11294 166
8106 10239
11890 3670
2123 1658
9990 2467
3249 4187
11048 2588
12384 3313
2888 1372
569 480
12385 3580
12386 10682
12387 1404
12388 6462
6010 3250
7710 6360
6391 7427
7114 7449
460 6919
8617 2790
10089 2413
11464 6121
7588 1335
9328 1746
1608 120
5562 6214
12389 1017
3142 17
11879 6315
8828 6575
12390 987
9377 3779
10981 6278
9143 287
11721 1341
689 10814
10746 103
12391 9913
12230 2351
10864 9246
12392 3456
12393 1918
10491 182
11211 6691
12394 8083
3384 2214
12395 3596
12396 596
11553 987
1761 1075
9615 6629
12397 2652
12398 4876
2479 5779
4627 3224
392 2508
12399 3250
5329 837
12400 3582
12178 808
7970 4198
7699 1075
7667 3694
6188 1118
4922 3626
5997 12401
12402 2211
12403 1535
11606 4032
5997 8119
2880 1766
3646 8461
2584 3069
10335 1677
12404 5765
12405 5795
12242 969
460 3430
12406 10017
3393 140
11000 2685
12407 1803
12314 3349
9092 140
12408 4569
12409 10801
9880 960
12404 11574
2177 8604
8812 4489
939 1372
12410 3975
4206 490
12411 1455
5673 140
11301 4524
3819 1858
12412 6470
5933 5380
12413 6462
12414 2854
10888 4285
2975 509
6411 579
12415 8318
3058 10249
8771 4022
2380 889
12416 405
1167 1739
12417 11688
12418 368
11794 1013
10644 5779
5580 5701
2816 3387
11224 1673
1002 3753
4510 7101
6472 5839
8642 6536
2175 5085
5587 71
6281 449
662 7556
10871 5749
12419 208
4799 3651
12420 7505
199 2322
12421 3972
7575 478
12422 2419
11477 35
11733 1108
12304 770
1966 3761
12423 4350
4384 4687
12138 204
5029 11737
11323 1017
8186 2783
11812 4798
12424 7981
6467 2544
9669 2096
12425 983
6487 6667
2363 265
12426 2687
8977 4390
11422 11888
6475 1278
4916 433
12179 7533
9711 1128
34 6902
12279 2293
12427 3182
12428 3272
6016 4438
12429 405
10889 1047
1097 422
9134 6733
8013 4174
4347 7563
1522 1416
2773 5069
12430 1877
12399 4912
76 2965
12431 2830
12432 1248
9360 5
11756 513
12433 83
12093 3039
7678 1106
10549 5076
12434 6193
7869 17
1127 3357
1813 309
11095 9865
5338 467
6923 1372
11748 429
4651 1017
10949 1013
11250 7320
12435 360
5411 136
12436 1017
8356 3548
12437 297
10747 5316
7761 626
12438 5268
8726 235
2035 9241
5827 669
8548 8773
10916 637
12439 650
677 5158
12440 156
8751 3680
12441 9897
8233 704
10618 1796
7942 7556
12142 6904
8204 2607
5113 319
8698 1093
12442 9912
10626 2995
12443 6017
8862 1520
12444 2666
12008 1029
6870 1093
9963 5444
12439 3817
9544 3110
9198 301
10671 1791
12445 6308
12446 4083
4435 558
8577 2679
4799 1045
10719 11421
12447 544
12448 6552
12449 1199
11601 9462
12229 1856
7024 1266
12450 1313
10377 3351
12451 166
12452 8249
12453 1061
602 4285
2601 2181
7137 2240
11943 303
6452 6321
12347 11404
12454 9101
12455 2755
3105 3150
12456 6208
1107 5940
2843 1652
7364 9961
6012 12457
804 4305
12458 5565
12459 11169
2730 333
9562 5194
4076 5450
5913 480
9266 2139
5498 3983
12460 2935
12461 1285
12462 10984
74 11693
11295 5158
12463 880
12464 3619
9966 596
12021 574
986 140
7129 5617
1665 1303
12245 2401
12465 75
9883 5561
5872 118
12209 2654
12466 5569
12467 893
12468 1063
1694 2862
4529 2078
11703 1288
1222 2036
12085 1439
12469 368
9492 5613
12470 122
6408 1485
785 1138
6365 4160
5654 2043
1964 7541
7462 3287
6349 900
12471 6158
12472 6974
12473 999
11565 7646
11902 116
4011 9862
12474 120
12475 6497
8908 1361
9351 1057
4133 6534
12476 4558
12370 1471
12477 376
8053 9460
8226 1316
9032 507
8612 1469
12478 3425
2170 2441
12479 3121
3763 723
7008 8646
11913 2326
10774 5137
9123 142
12480 184
1532 65
12201 7894
11320 655
12290 1452
10102 5976
12481 55
12482 3470
5055 1361
12483 6450
2153 895
12484 5028
8252 2416
12485 5085
2035 9614
8655 3257
9951 10273
7170 3659
7929 7130
10430 1130
9958 7445
12486 4652
11789 9829
11773 8746
4537 10697
4317 1213
11147 1459
3994 3761
12487 144
12471 2986
3050 6113
12488 2143
9445 922
12489 330
11005 2193
12490 2666
8569 2830
11214 180
425 4303
7436 4033
12491 3227
12492 4202
9165 8965
488 6347
12493 977
7796 6770
3665 120
12494 12251
9568 1515
175 1764
12495 5571
12496 626
11248 12497
11746 1666
3569 3584
12498 6371
12321 1010
11056 1963
10279 376
203 1732
7921 3645
10686 855
334 786
5485 1455
10823 2080
11367 2207
12499 655
12013 2348
347 2535
12500 948
2792 3615
3880 3762
8222 4806
9529 7054
6945 3953
12501 178
12502 4063
12503 8487
3671 7367
12504 7471
8748 1303
10610 2078
10669 47
12505 251
12506 3349
1628 3232
5227 1336
11133 6507
11185 1015
12507 374
3113 7139
7984 3711
11777 6022
12508 4331
9227 9535
9163 4585
445 12509
11764 1642
7573 782
2684 352
9596 2647
11172 8249
12168 2963
318 1690
8602 1947
12300 5121
11791 8147
11834 4387
3156 10860
12510 2009
10554 344
11243 8574
8530 3645
7008 5073
11717 2533
2611 5516
3335 2612
10599 1003
6369 8405
3855 3883
6660 4647
12108 6568
9022 2288
5784 10513
12511 1085
12333 12372
6388 6673
5333 2850
5632 2139
6557 9434
9533 6162
7240 8094
4018 2822
4468 10821
12512 1531
10191 5134
386 839
10582 8754
3906 2293
4184 295
12155 395
12513 166
5738 4065
4764 7214
11985 1285
8738 461
12514 362
12515 4395
8244 5529
9668 8225
8549 10060
4320 2255
8457 2677
4177 4204
12516 10357
11122 4395
11550 686
11383 1464
3929 5134
10547 2793
5926 1766
2157 837
9139 1128
11732 8131
7531 4659
7917 2679
5794 4522
8361 1469
12517 2654
12518 6792
9884 1053
3849 822
9463 5210
5512 3194
12519 1106
11920 405
12520 4273
12521 4024
12522 200
7123 1547
12523 89
7896 10239
6831 204
11567 8305
11011 4812
3033 6049
3100 1492
12524 451
3283 8928
12525 4689
12526 867
5477 3155
9868 346
10308 3360
3168 1168
12527 962
3000 2293
9867 8455
12528 3571
9739 3964
12529 4526
7687 4382
12530 1520
2667 12227
12531 1950
11637 1348
12278 3125
12532 4945
10477 1372
1526 10403
8810 12125
12533 889
12534 4079
7546 372
9984 7296
9690 509
5344 6679
5042 2677
11006 7143
8446 2666
460 8753
12535 8871
10059 1719
10178 480
6314 424
12536 4030
6554 467
12537 8195
8798 586
4276 166
12538 1262
12539 1436
4880 57
12540 3275
12516 7820
11004 2149
8788 393
8203 4068
4637 1697
5775 4999
9837 5716
6348 2320
10443 12541
9823 43
9485 5613
11638 2952
5794 2858
12542 5779
9517 1017
2791 7813
1384 3177
3834 12214
10474 5148
10479 8787
11131 1067
12543 826
12544 4219
6098 10250
11744 6934
11606 7111
12545 7563
6370 6864
10941 5818
12546 2618
9329 3684
12547 1152
12548 3096
2640 6730
12549 6308
11797 85
12550 9354
12551 12552
7923 1416
4358 11386
10806 8541
10363 2524
8135 7405
9689 532
12074 810
6500 5883
11671 2942
11277 4380
7913 4176
2492 768
11791 507
1788 166
12553 1093
10986 3821
11235 4638
8348 112
12554 845
12555 4592
12556 12557
6566 140
7370 4147
7001 6363
5108 1075
10211 10799
7832 1372
4402 5
3512 497
1165 372
8221 893
9061 1108
12077 10974
687 5342
8767 120
3127 6837
12558 8840
12559 1001
12560 6640
4525 492
11897 6315
10675 1899
12561 4123
10843 969
11309 1492
10415 8094
8095 5492
7440 9084
4205 2203
2927 1406
11253 2622
11735 4667
2268 2529
12562 1203
10998 8560
12563 5263
12216 1372
12215 521
9896 1047
12564 3511
7010 4061
10061 2049
4696 9246
11512 3779
12565 3036
5919 6309
12566 2903
12567 453
10875 4287
12568 11540
9845 9826
12569 202
12570 10901
7146 2612
12571 12572
12573 9110
12574 376
4502 9110
12575 3150
9948 933
8620 12125
5796 5903
12576 10037
6191 10613
11965 281
12577 21
12578 944
1556 1316
8188 5012
9812 9974
5243 6149
12341 170
11444 641
3434 5008
2087 4843
4577 849
10684 3573
8880 4224
12579 1764
10852 3980
12580 1221
3876 4808
7588 1492
7815 1075
10883 1013
12581 7405
11239 11711
12582 5571
3787 3172
12092 7080
12583 174
2035 4565
12584 8909
899 9633
2737 3074
8745 362
11241 953
5542 5043
12578 35
12585 2364
7889 8116
6283 6520
20 528
11484 698
12316 2195
12586 11
12343 1361
12587 2156
2031 3303
10754 1059
11532 5049
11533 2025
5832 599
12588 10652
7027 6251
1778 3110
6861 3242
7565 2597
12589 8119
12590 8172
12591 1603
11002 35
11008 8229
8860 4475
11324 7054
9860 10812
12592 9944
12147 4057
12593 4248
8293 4851
5803 2828
460 993
2855 2518
10803 10393
3781 3454
10422 5377
10877 12594
7034 7760
4982 267
12595 2562
6173 15
7030 10241
11771 5697
10743 2513
12596 3555
12597 5208
821 2417
12071 10814
10655 2757
3088 1753
1624 7348
4416 694
7501 2109
10317 418
9114 17
12598 4992
7167 669
6593 2255
4776 7714
12599 10330
12600 7296
12601 2098
10038 5237
6174 4524
5061 188
12602 3692
12295 2060
3789 3383
7339 7360
10804 3470
11755 2172
8959 6698
7719 7529
5886 9236
12603 3059
9120 5439
6469 1027
8756 10134
12604 942
6028 10138
11837 849
1156 2057
7263 826
8268 5474
3226 10697
10374 3349
7995 490
8595 6278
6961 440
12605 6214
2166 9183
9946 4006
2323 2203
2250 2496
11139 1988
5978 702
5683 35
5287 2714
11580 1166
7371 6214
12606 152
11144 7208
12607 5059
8422 586
7803 684
7102 5158
12608 5324
4802 2389
12609 35
5058 539
12610 19
12611 9967
12612 3306
4255 1724
8868 5671
5477 5105
6283 1812
10747 3874
12613 1093
1585 1168
8601 6166
12146 2478
6082 2228
5408 4808
10798 6172
9800 1155
12614 2478
12615 1372
8515 3709
12616 7405
821 2780
8701 1213
2904 5833
1236 140
10225 405
1738 1168
12617 403
12618 1766
10424 1967
8206 3578
11498 4222
7470 2320
12366 822
9934 5692
12619 103
12620 3698
9552 126
11575 4958
6735 6526
6911 1484
12621 933
8851 11431
7061 1140
12528 1818
12622 1296
9248 10325
947 3851
3922 1727
12586 12623
8657 2554
12624 3798
11384 11413
12593 6049
12398 3255
12625 420
12626 1098
9306 6511
3697 3290
4944 7449
300 1015
12627 4542
6760 192
11539 3313
12628 4234
12196 335
6089 8574
11217 6679
479 2995
12629 1736
2782 287
11257 4477
11226 10273
12446 9829
10365 8072
12630 6893
12631 3867
7391 2500
2471 1914
7267 645
12632 1269
6284 405
12633 5318
12618 1093
12634 698
4186 6711
5612 9169
5954 75
1126 11999
12635 7360
1882 5947
12636 3872
10091 7152
12035 3053
11076 1515
12121 5165
12294 1766
2337 3216
2126 3158
12637 405
7983 2469
5963 140
12420 7592
9166 2149
11641 6219
11354 8147
12048 3680
1325 3205
7426 120
12638 3398
12639 738
12640 156
3531 4132
12641 6601
10951 7128
10009 166
5282 11830
11097 744
12642 3158
9070 641
12643 1809
12644 4785
6339 4866
6103 11119
12135 544
11679 4057
12645 1391
12646 3713
10803 214
2066 4592
7404 1354
9047 2643
12647 10471
11988 4297
3787 9927
9027 1616
2951 1764
9514 3684
9158 2220
6336 4006
8364 11542
1364 9289
7747 352
7448 8445
8537 3580
8353 7977
12648 5928
6824 114
5512 1675
12649 11614
6202 5779
9228 4312
9915 5
7043 9776
2283 12040
8180 6981
10255 6679
12650 1523
5459 3152
12651 6586
12652 826
12653 10880
11603 5222
12654 6869
205 9913
9853 2804
12456 837
11903 1547
8517 9855
12655 3195
12656 3110
12450 558
12657 2394
3263 692
12658 399
9895 9472
12495 2211
7025 1150
12659 4986
12660 11034
3117 59
12661 4919
8007 3744
3733 1313
12136 9942
6978 11032
1377 2854
4482 5450
12662 9953
12663 2957
10598 4524
12664 2329
5000 3110
11864 8686
12665 6509
12666 5703
1232 4659
12667 319
1548 35
2617 9169
10289 6584
12668 12328
6745 4032
12263 2772
12669 2666
5235 2421
9705 4818
3397 2193
12670 9956
7107 3482
12671 6149
7136 694
12330 4352
5435 6374
6111 12672
3691 1831
9070 4858
10429 4395
6194 1045
9046 170
12157 12227
12673 4222
12674 2691
12675 1579
6446 4536
9836 35
12404 6638
8986 2467
9727 166
5669 4549
1135 3619
145 603
12676 5432
4648 5563
8143 134
7428 624
9743 4202
9979 4903
12677 5446
10734 1766
12678 6203
12679 7015
11541 1818
12680 1975
2566 5814
3086 403
9006 1231
1405 1029
12069 1531
12681 9101
6237 2806
12682 2842
12683 387
12684 10087
7797 35
12685 5712
9665 1960
8365 3240
7323 6711
12686 4407
10630 2636
8678 1877
12408 4219
7129 8780
8907 973
12687 12122
12688 71
10636 358
12689 6864
11765 83
10065 1579
12690 9633
12691 4998
12692 985
6660 2267
6287 8988
12693 12040
3490 9897
10462 7262
10585 1980
7167 97
3020 5585
7149 1130
10963 5828
12694 5980
12695 6856
4634 372
9424 4230
4978 1285
12696 6033
12697 140
12698 3698
12699 2020
4039 1106
12700 372
5946 7239
8025 5331
9925 2279
10006 1350
12315 6180
4229 2896
7701 889
3755 4794
12701 2716
674 1093
6779 196
3556 8041
12702 7824
10668 1525
11731 6762
8990 9942
8848 393
11750 6346
9813 1781
9668 4187
8934 10239
12030 8560
11633 376
12703 1894
9889 170
12704 118
6471 3552
9915 5779
246 2284
10459 7367
12705 295
12706 3106
12319 9213
9276 59
5572 1439
12707 7209
12708 3608
12709 5212
8374 1119
6829 9740
12710 1121
10164 5008
5706 3412
12711 368
1433 7101
9188 1013
10658 2127
8075 3651
4342 3387
2431 6665
12712 2461
213 3557
12713 518
9589 5765
9797 374
2832 10925
12714 5274
11971 6497
2022 2627
4207 370
2611 7147
7882 3147
915 7866
12715 9789
5346 7320
8633 1071
7724 7272
12716 6231
12717 1
5472 1029
12249 103
4478 4057
12718 154
12719 8167
10062 5725
10446 299
5763 2485
2462 4678
12720 4248
5507 1017
12721 8162
12722 7689
12723 5283
12342 2000
9809 6450
6237 11857
8110 4585
12724 7727
12713 174
12725 1889
11832 1336
5618 601
2991 710
2274 2186
5985 4705
12726 6719
3685 12401
7086 6601
3624 3740
5543 5655
3917 6260
11215 7760
12727 1365
1968 1603
11804 6697
12728 6782
10291 10138
3938 372
12464 9577
3188 1459
7374 4569
6498 5791
6953 4569
8093 1017
10571 414
12729 17
12730 1809
12219 3106
3533 5130
915 9013
12731 7150
12732 1108
12733 11441
9209 138
2655 1017
12734 6470
11826 494
8323 8546
12735 219
10067 3043
12736 3905
12737 3753
1810 103
4852 172
12738 1777
5936 12023
12739 4426
8193 8580
1580 6687
11259 521
1878 6159
12715 2854
12740 6817
7385 1697
10967 5377
12741 166
3900 3430
12742 2293
6438 7048
12743 3287
9966 10952
12744 3232
12714 3062
9150 12040
12745 455
12746 204
12662 690
11501 4986
11676 6443
7049 837
12740 2745
474 582
11462 4366
9657 3279
2872 112
12747 5820
9651 8176
8956 2094
12748 11758
11488 7080
10794 4507
11996 1203
8998 433
5111 3751
9620 5165
12749 6919
5977 4999
5860 7054
4699 196
3296 1010
8757 10403
11479 989
2114 3823
10767 1041
6365 2757
10856 8041
6595 2533
6500 3774
3679 742
12750 4312
10162 6547
12751 1958
80 8625
7730 7556
12252 233
1942 1753
5736 313
11944 11336
4269 1708
8911 9647
6772 2911
12752 3845
12161 748
11644 579
10238 140
12753 3313
9760 5239
9428 2011
2994 570
5306 2995
11242 12754
12600 1897
5320 6251
11941 2238
12755 463
5235 5828
5821 5848
12756 2211
12757 1231
12758 5432
8947 3610
8713 176
5718 6346
7757 453
978 1755
8660 10298
10754 2329
5036 5292
11172 1599
12759 1700
10275 7446
5176 2102
6255 5116
12758 6256
8737 558
11377 6652
11908 2145
12760 1484
7941 5194
4137 10270
8672 7552
10152 243
7056 8229
11433 775
12761 6013
3869 1017
1701 219
11329 2145
9994 2478
3406 3626
12762 333
12442 3815
11082 7926
9450 3182
12065 2013
11208 4498
12763 5182
3233 5302
2865 9893
6277 120
6003 1309
6610 8787
12764 6423
8281 12765
12275 1035
12766 1106
12767 2139
5951 3128
12768 1498
12769 796
7643 4354
12770 10200
11057 3336
10854 4745
4547 8047
12771 397
3996 837
12035 861
12435 893
11107 385
9600 1692
11963 1614
6343 7743
5460 433
3802 4113
5025 895
5399 2160
8219 837
8365 3110
6795 2298
12737 7569
12772 3519
2930 2430
12773 8392
10399 4567
11312 4168
10455 1015
12774 752
5416 11421
4277 2284
1887 1203
12775 1614
9906 103
7423 2090
2708 5233
9127 10564
460 3396
2884 3344
7946 2234
12776 3921
9154 1356
9576 3824
12777 393
11804 7908
9194 12778
1477 1939
9522 4798
2008 8560
12779 5622
7020 8074
12780 2926
7468 969
8550 7145
6750 4839
5661 11693
10016 3747
9636 6214
2189 2298
5048 8905
12781 5008
6759 3659
618 7845
11301 6175
9115 1861
3237 1013
4101 4262
2707 1809
12782 11421
3156 5774
10406 2379
2653 6381
12769 3202
12459 1051
858 405
12544 5115
11802 1416
4784 1378
10333 11614
9815 3072
4772 698
11181 3716
12783 9249
2196 6534
10386 9505
2340 5779
12350 849
9751 2768
8449 120
5918 11737
12784 5617
12785 6049
12786 1106
12787 2092
12788 6286
5512 2318
10240 8455
12789 1104
6292 10575
9442 1877
11330 882
8227 938
7829 1798
6960 7866
1903 2533
4537 7788
12790 880
10990 265
1066 140
12144 9236
1534 4371
5500 6159
12510 1316
11269 9245
12791 2942
12792 2145
7943 440
10541 6854
12681 720
11043 2098
12120 1213
4837 10190
12793 1881
1202 1416
10282 9190
12794 2636
12795 11949
11876 2269
12136 2683
892 360
9608 1388
4419 6049
12796 2989
12797 4329
9834 319
9661 6623
4717 1630
1176 6403
4637 4271
756 467
3046 1262
2777 599
12798 10060
12377 319
12799 3360
12363 1093
12800 97
7423 5783
12801 1960
7694 1998
12802 385
12803 11441
1822 1484
12804 11482
12361 1221
6887 1642
9062 8373
11008 3684
6748 12113
4708 5820
9874 6017
2260 7595
12500 4903
11616 2112
1866 6022
5340 635
6613 4858
8187 3430
1804 140
12805 1380
7199 8534
1763 8324
2727 10820
6861 1372
4157 772
9755 3562
12806 657
9840 3645
113 3573
9371 3177
12807 2149
11091 2207
3738 1975
6859 3694
12808 3349
9798 7031
10221 3995
12809 405
12810 4232
12811 4569
9108 8249
5149 3619
12812 433
12311 3507
10961 1166
7289 2726
11287 3511
10959 1985
12813 120
10003 7569
10204 5474
11328 405
12788 2735
4143 5199
9598 6713
10195 8946
8492 4812
6435 8852
12814 814
2874 6095
6606 6073
10024 3351
2035 7208
10508 3158
6026 140
12554 6534
2753 3003
6675 2524
3639 5229
9153 5538
7381 2218
4603 1168
5468 1318
10790 229
12815 8741
5394 442
12392 5666
11398 370
3822 4176
8556 1809
12816 8324
9055 1910
6123 10621
12817 11540
7822 955
12818 11830
9305 5263
12819 7015
6775 2184
11570 12328
12820 2840
11028 1719
12821 1091
2502 2107
12822 4012
12823 10882
3838 7094
7958 10393
12777 895
269 118
9762 2151
12824 1828
12825 889
11120 6415
12826 835
12601 6552
5583 3555
3317 5095
6637 4030
6063 1093
11101 5609
9398 3182
12106 2498
7672 4520
9894 4491
8982 582
12827 12778
7771 3081
12073 10787
10837 1128
5493 635
11405 8318
9973 5538
6571 11663
1948 480
11282 9713
1479 2399
12828 3078
11720 554
807 6719
3796 405
10047 1316
12829 182
3679 7320
2235 7981
6441 5609
7828 5465
9526 1106
12830 2854
6932 738
7653 6550
9646 603
7706 6993
9749 812
4902 948
8247 1732
9343 5165
2035 10321
11698 6507
12831 1683
9697 5700
12832 562
3612 7058
3165 748
6081 1889
11927 1098
7353 2516
109 3740
5974 11074
3537 140
9468 2174
11249 2318
8921 1914
8707 8229
6179 2531
12833 11024
8556 820
6588 4066
7392 1013
12834 2112
12835 2854
9698 4305
8222 403
12836 895
6621 9505
6642 969
12664 1372
9557 5194
10389 7603
12837 9998
12049 1711
11494 204
11231 845
5507 6685
3254 8619
8989 4065
8362 9418
12076 1121
6990 5664
9908 3555
3800 7813
11179 12169
5445 1443
1009 168
12782 4063
6929 5
2810 4592
11591 118
12376 287
12838 9927
11782 8159
6602 4643
12839 328
4863 202
10909 7992
9977 27
12840 541
12841 6526
11244 5465
12303 688
12622 2279
12842 4998
11428 2309
12843 6702
7630 1012
11400 196
12844 4536
2948 1914
9594 898
12234 480
7998 3323
1245 10979
11103 9577
7591 7505
11140 3464
5868 2716
1101 1142
12845 79
12816 3926
12174 1603
12846 9451
7006 6596
12847 4650
1634 19
3422 772
1747 4712
12848 10182
9105 11138
8966 1061
12849 11588
9992 558
12588 4153
11937 1248
10887 5786
9326 1013
11863 7089
9939 9764
12850 3962
12087 2348
6544 955
3506 4687
12179 10184
12753 301
7718 1372
12548 7175
9136 1496
8242 214
1699 8479
8348 1566
9566 931
12851 1531
12852 225
9391 11034
12683 37
12687 849
11970 3461
10125 5263
7034 3253
7508 4281
11139 4222
12853 2028
4715 2677
10569 4289
9618 4928
11781 5424
3032 1736
4869 4343
12854 3854
10789 2322
9823 2040
12855 3555
1976 6159
12837 9967
1738 2145
6240 4524
12856 8773
10740 985
6908 1492
10810 3753
3331 2247
4554 12572
12857 480
520 5533
3643 2267
4369 1341
10314 2399
2248 4618
11412 5749
4628 688
12828 9953
10332 1013
6447 1013
5964 2181
12838 1424
12858 11542
11992 494
11827 768
1502 927
12859 3238
9513 10820
9954 1363
5904 9560
10498 8909
8618 2666
12860 243
12267 2658
8276 1413
11331 9961
2799 5953
8395 5088
6850 969
5383 8392
8335 4287
4539 1893
11438 2533
8422 11404
7301 5268
4825 344
12861 4556
12862 4494
7245 2719
7570 1916
9940 4140
12863 67
9507 11421
9779 1174
10524 1428
12780 8773
2128 1820
3209 5809
10149 6909
1086 6893
4540 1975
11923 882
4419 3216
7843 475
12864 6556
12505 4580
11418 2844
2576 1874
11978 10198
12090 2181
12865 5575
4944 530
2415 405
7032 5828
11545 1945
5902 1553
12866 7666
11449 6694
6475 1739
12867 10138
1137 335
10785 9434
8436 5901
10399 12868
7817 1487
7295 1897
8843 5229
12752 487
7079 1071
12869 4248
12870 572
3640 5297
6440 4034
11363 9004
9433 6208
10591 851
8759 6817
4110 1872
10637 1980
189 2389
12050 590
1850 3744
12441 805
11840 4336
4530 794
1440 285
4846 8711
9787 59
5652 5758
10048 777
3151 2098
12562 407
12871 1469
12428 10134
11757 6971
12872 184
4907 1013
256 983
12383 6332
8329 572
12636 1899
10762 49
12873 4461
12412 2697
9744 3290
2873 5541
3197 4563
11709 2544
12874 11283
6681 5046
5656 8119
7425 4032
11243 5350
9619 1958
10971 10241
9810 1183
12875 4643
7317 4983
10910 6071
10518 4565
4560 1851
11512 6390
10962 126
11031 6180
12876 5776
6810 9110
8610 1285
12877 11613
10161 134
8679 1083
11243 5622
11863 2577
12878 4536
10878 4187
9129 1303
12879 5846
5172 1943
12223 6730
1355 5054
3829 10918
11361 5495
12880 4113
12881 283
11939 2178
10067 1428
12882 6426
12224 507
12883 9077
10843 1967
12094 1221
12307 4202
11950 5828
5584 1863
12884 376
7545 6691
10732 3461
1184 2293
12631 10564
9432 5953
10111 1303
12315 2478
8819 156
6542 4689
460 6687
3466 8178
7344 3619
9318 4352
12885 6636
3286 275
11674 1856
12886 863
9586 1455
8345 7253
5022 3128
10460 1017
12887 3055
11416 2184
12888 2293
12889 7147
12890 544
11798 5212
9208 2760
12891 975
12892 4572
8641 4156
4443 5343
12656 1313
11786 845
12893 10500
12894 1818
12197 4542
10039 2518
3825 4444
10805 3549
12036 4712
12304 1335
5159 6902
12049 9130
12637 2301
12895 3680
4210 4866
3381 10698
6931 1273
12896 9541
4703 198
9698 2271
10310 8508
12897 105
1564 482
12898 10134
5080 5666
12899 8251
6618 8116
9438 303
12869 3216
8035 4256
12900 11857
4707 91
12614 8938
11904 1017
10752 3360
7515 346
10705 2218
8462 2862
12901 11880
10032 4565
8797 950
11643 2326
6967 4549
12902 4014
11673 3344
3179 6180
12903 855
10372 6864
9864 120
10379 3680
11994 7214
567 11613
7061 9505
10608 3907
10353 7499
9813 9460
12432 1872
12904 144
12905 4268
8684 3299
4084 1290
10869 210
12906 6351
7939 5867
8086 2293
6548 4919
12907 9451
2565 7418
12299 279
10258 7968
9640 4061
10006 3255
6199 786
12096 6457
1716 955
7118 9223
6350 8407
2412 4377
1133 4526
2035 1106
11892 166
2167 507
12265 435
7721 3366
10185 10490
8839 10222
12908 3762
5174 6706
12645 299
12726 7703
12550 1637
12611 1130
6282 588
8500 9481
9054 8753
529 4945
12909 2731
8359 1221
6559 5321
12910 319
12911 9155
6412 4360
12494 2622
6218 1221
12912 10821
12840 1739
8877 1372
12913 5429
5309 1487
11844 2735
12009 1413
11528 9283
12499 6919
4311 6713
12914 4489
3861 7478
12915 10222
10468 5746
226 4553
6289 9967
7319 6062
12916 7182
5127 1401
6504 3022
12917 285
9930 955
2897 6936
12878 5657
1848 853
12160 10138
12078 744
11299 1125
12403 2917
1346 4226
10833 3360
3276 3808
2864 7657
1092 2145
10530 3080
11390 8639
12918 12919
12920 9802
12921 6214
11928 12922
3563 1768
8731 6159
2668 983
10995 2043
5141 455
8126 3432
11351 45
2223 867
5775 2806
12864 11737
12923 4089
8098 5659
11319 2134
12924 8304
9071 692
1170 6020
12925 9283
2838 287
5747 1764
12166 582
308 1213
12926 83
4979 1937
12573 5613
10326 1464
2883 13
10446 475
12746 4633
3950 6351
5277 8754
3768 7714
12422 1950
1084 2211
12927 1372
12504 3479
2824 2249
11573 1952
3146 17
7702 451
4086 1093
12928 2137
10030 3332
733 8229
1971 1702
12929 405
3570 1818
12930 7239
9494 5712
9257 170
781 3532
8568 5934
10789 989
12931 1410
10893 3914
3505 857
12932 95
9656 1047
12933 6800
5438 3687
5426 467
9042 6351
7165 8606
7316 1093
12934 1159
4824 568
12587 1017
2993 257
1402 541
12935 4827
6218 944
4867 2483
12931 5432
460 6702
12936 39
4709 10184
12937 2046
3424 12541
11794 5556
12486 8094
9437 3110
6921 5692
7321 11119
2810 1666
6886 3874
10681 494
12938 4986
3120 659
5788 1484
10737 7865
6052 6711
12939 11127
12940 4721
12388 263
6301 307
872 1471
12438 902
8383 1575
12941 2020
12942 3371
10505 4244
7300 4695
2024 5316
12943 1770
9133 10270
4122 1789
8674 1166
9835 10577
12944 166
12945 4928
9259 1255
9179 7754
12946 6993
12691 168
11055 120
5041 10495
12947 492
11986 1217
10210 11598
6196 6182
11919 1073
481 3779
12948 11598
12485 4830
12949 5492
12950 6698
6160 2992
5726 1372
12951 2952
6948 424
4715 532
12952 4760
5562 4336
11288 1937
12953 3293
10435 3883
1871 3571
12954 5268
12831 3549
11851 1515
8861 2195
12955 2533
12039 528
6402 9282
12956 5056
96 669
10819 2205
12717 2459
12957 12958
12959 857
9807 120
12960 1533
377 12778
12961 11018
9691 2731
11063 8407
6183 3323
6937 2080
8043 12962
8612 7015
2136 1174
1792 582
7508 3680
12358 9215
11605 1091
10219 2627
10545 4761
3410 6415
3849 10590
12963 9110
9197 3015
7987 924
8273 1010
6167 433
11397 6457
12367 2301
11912 2017
9694 4791
10031 684
12964 2214
8141 9842
966 2903
2928 3396
6139 5467
12965 120
2856 311
9473 5019
10213 2181
12966 4563
11855 5290
11646 2396
12833 1884
12538 1336
3210 8717
1626 3150
6296 1595
6767 5818
9093 6147
9603 8817
11285 7091
5515 442
12967 4395
12779 5737
12968 1307
4462 5585
2187 882
11942 8905
7338 11598
3565 4585
4883 5659
10595 7011
460 4407
12969 4399
7082 342
6220 4879
12970 1285
6836 1527
12971 1271
7125 166
12867 2881
2546 344
12972 2544
12973 6596
1205 1391
9387 645
4825 337
8881 1956
12974 8176
12975 6797
12976 1013
5527 433
4304 4503
10645 8741
7956 5518
12977 6210
4683 3360
1332 51
4683 1017
12978 2298
8876 8758
9068 1372
10832 2320
12979 1285
12980 6782
12480 1783
5802 352
9543 11
12259 1935
2299 619
11355 1874
4381 12214
12981 1420
12982 1285
11263 7327
10078 4689
6075 5571
5649 4536
12983 6811
1465 1531
11493 1982
6826 1045
8805 1029
12246 2469
12984 4750
12289 5325
9338 2456
10447 839
1911 7845
9663 9004
5163 9740
12948 1755
11180 700
12508 7458
4889 2545
12462 8822
5039 4033
8649 4609
8430 2291
12465 484
12985 2364
12156 120
1568 6629
12986 5444
9105 237
10775 2906
12987 3374
12988 904
1497 35
12989 849
12990 4479
9427 340
12991 9614
10973 2906
8670 2055
12992 7997
12993 5671
6941 3409
747 3487
6704 1021
2342 7733
12477 1055
8183 3454
460 9056
600 3504
8091 1766
10263 3053
7781 4851
8340 1583
12994 5339
4300 297
6314 635
12995 10005
11694 1711
5244 2706
9208 2679
9202 3357
5363 8629
12996 6970
12997 4281
10483 214
12621 6825
7987 11945
625 6648
12998 9223
7156 2676
1678 8131
5553 405
11956 1061
627 3349
8891 7714
3708 1809
10368 3121
2097 2590
1924 3194
11534 1029
12285 1144
9458 219
12235 4017
9000 857
12195 4287
9216 376
3363 275
10797 863
12999 4068
4679 2306
1188 6371
8363 722
10481 6426
5080 2995
6788 3674
12259 2265
9144 4952
8330 5818
3077 4030
13000 6310
1688 1013
9441 2145
12042 4080
10412 1408
5568 4968
13001 4132
13002 2677
12857 4897
5611 9645
460 1660
6176 1164
13003 2647
5368 2374
10160 2379
10027 5820
3018 1711
13004 3255
11142 645
9795 3208
7480 391
10497 5241
9498 4851
7178 2456
349 6175
13005 2661
11026 2067
9432 4130
10336 1029
7488 1453
12511 8946
12591 4567
8761 3711
13006 5840
5058 3740
1942 340
6430 4289
11537 170
8470 6702
1701 1015
7946 1748
12054 202
9606 5043
13007 4390
9849 71
13008 12218
11810 227
13009 582
8507 1487
460 5972
3231 1612
10174 805
11254 9742
78 1164
8160 1537
10259 9750
10643 6129
13010 692
11353 192
13011 2828
753 5436
13012 2366
13013 12552
10987 1350
4571 492
5960 4952
10093 2040
12622 3152
7202 2654
10658 3158
13014 2298
13015 2929
13016 315
12744 1612
12454 2967
1263 138
12899 2850
11255 9110
8867 3005
10454 1683
3368 4876
11911 5541
13017 7703
8899 3392
13018 2650
9638 1043
3333 2240
13019 3573
13020 5983
13021 166
7037 1311
5242 6251
2951 35
7989 2234
13022 5034
11293 10418
13023 9573
6082 5725
10631 2094
12411 3287
1062 1116
10400 5776
9788 3392
13024 1093
3543 6118
9628 3548
13025 8147
13026 8993
8266 914
11047 3975
6752 1093
11295 5444
13027 4176
10486 995
10707 1416
2644 3150
13028 9633
13029 4895
11207 1354
6234 467
11112 895
11197 71
4330 4716
10602 2518
10148 1739
13030 4800
11695 120
11435 4248
2155 10934
11905 1416
13031 570
7947 6936
11185 1168
1940 2426
11084 4849
4517 2273
13032 122
10916 513
8821 3638
12969 2679
10651 5253
12993 541
8283 6970
5882 492
13033 3824
13034 4308
5193 1225
5227 2295
13035 777
12811 11945
6826 4315
4422 8625
13036 2503
11140 3013
12274 5657
13037 3692
11117 118
11054 5350
5364 3655
9990 2547
13038 2383
8788 6784
560 3711
12692 1428
13039 1356
712 7
11410 2293
13040 3953
13041 1269
13042 6357
7878 973
4131 9236
13043 12541
8510 2739
11677 9478
10825 2356
12300 1535
11564 1385
10764 2778
1653 2999
8729 291
11306 319
7757 364
3251 4718
13044 706
12291 7031
3656 297
799 146
8961 95
12764 9764
4257 9031
12350 1303
11456 275
1340 9472
8687 10196
369 322
7087 2918
452 1884
4374 1606
844 942
4 8909
6432 9317
3266 23
10933 10270
10065 6762
12762 1545
10165 586
13045 5444
12078 8272
12876 630
5289 1937
7775 387
10415 2837
13046 6638
9677 10357
13047 8292
7799 47
12419 6580
2888 10573
12187 5806
345 2654
13048 4052
6333 299
2784 2139
13049 2293
7795 1013
12855 5260
13050 5980
5159 4022
13051 1562
11703 223
11480 2989
13052 4063
12629 940
8276 2419
12324 391
13053 2643
13054 6856
9919 6919
9157 1667
13055 2445
11741 166
460 4968
8211 8661
1898 3872
9256 969
6633 5578
11925 9968
9045 1174
9536 6238
5680 103
9112 4999
12340 1118
3469 261
13056 975
8120 11357
13057 10795
10398 403
13058 626
3568 8993
6964 73
8107 2109
13045 7378
13059 603
13060 6226
13061 908
13062 1662
10254 6497
2631 1248
11090 3138
6479 5212
13063 15
13064 1764
4126 1075
3304 561
11496 3255
2770 1017
13065 7595
13066 9998
10990 3798
12897 1393
5338 2812
11788 1975
11556 2999
9319 696
12305 3704
2256 5310
10592 7754
6617 9033
4239 3106
2815 4285
8846 2677
809 4224
11436 2117
11732 2075
13067 9217
13068 871
13069 3272
5215 2452
9440 1055
12907 2508
12716 2318
4593 7332
13070 1800
7243 2195
11910 4236
2684 837
13071 3430
7013 453
13072 8988
9367 4503
1090 3975
5688 942
11392 1428
5051 1237
11563 7048
6466 1777
13073 4108
8089 3128
12723 4145
8702 2533
13074 871
7861 6596
460 243
10015 4382
9662 2203
13075 7214
9995 140
11282 9614
7052 2812
7160 7908
7088 4252
5540 1047
12115 6698
8435 3692
10437 2094
12058 2178
888 2139
13076 4578
10645 11540
1721 1902
13077 8104
13078 1459
11545 3580
4803 2339
12409 3005
1256 4204
5699 1372
13079 1393
11921 35
13080 2137
13081 3557
441 1168
13082 10647
60 4085
13066 105
12966 17
3115 8465
9005 2840
7098 4903
9799 8304
13083 682
11620 2326
3286 2387
11977 4130
5728 4576
2424 5196
10137 3308
7353 2145
9267 2100
12949 3349
10546 1106
7283 9255
3514 10075
4439 5112
8063 6423
3952 4352
7859 2293
3977 5088
2702 3854
13084 395
7752 515
5910 8175
6911 2145
8802 389
12048 8913
11662 1724
13085 5764
10696 3227
9547 4145
12368 5880
12520 5671
13086 166
13087 3194
12475 2450
2958 352
12357 4352
4904 5380
4469 5719
11993 4119
7802 5263
12053 2359
6994 138
5720 1601
11065 1800
13088 4542
8196 5
4629 507
8334 1899
12447 4981
3990 2013
905 2348
8507 1724
12935 4663
12619 6713
3950 8407
13089 2597
3973 1952
6027 3238
2035 12248
11454 1910
13090 358
10043 4329
13091 518
3044 31
8865 6547
1294 3936
7835 1259
3294 2933
13092 3
9205 8131
11895 1672
2308 2017
13048 5271
754 1013
9085 9072
12995 57
6009 2207
4051 4665
9790 8619
9256 9282
12564 5547
9728 908
4157 9912
5266 4350
13093 6088
10629 265
6926 2893
13094 1562
1827 10488
7986 1965
2194 7244
11504 166
11884 1269
5889 5869
7444 3557
5732 5208
12563 6665
2089 3727
13095 8968
6570 6811
13096 688
7914 2808
7349 960
13091 7214
7124 9317
7082 204
6266 3380
7628 11169
12129 6140
149 1918
10432 3306
5653 2679
13097 6172
460 285
11427 2387
6732 3692
8783 3015
13098 997
5503 192
6424 3213
8752 507
13099 6608
5688 2162
13100 1547
13101 3078
7644 3013
1381 1760
10803 9988
6373 11542
5952 4130
5383 2293
8057 1473
10972 1732
13094 463
10969 895
10908 2661
3895 895
50 1333
13102 4895
13103 174
13041 6420
10713 4990
990 4470
10466 9095
2150 424
12068 3255
10147 9610
10503 6259
8404 8840
5250 15
13104 6580
12360 1487
13105 2109
13106 12091
12512 519
8424 3751
12191 3152
1782 3150
13051 4638
4935 4287
3148 3242
2266 5561
9486 4879
8586 4407
12926 1947
1808 4352
5915 4441
7677 11283
10265 1049
11152 4716
7226 857
12013 4014
13017 3402
5077 3140
9527 1276
11388 6518
5203 12497
10808 3793
13107 738
1506 7556
11983 4189
8628 2172
10256 5479
7801 1750
12581 1354
12819 835
13108 688
12313 1753
3431 5609
6002 8758
12349 5864
12875 15
7816 568
11099 2995
4313 1947
10395 2263
10663 12214
13109 8614
22 558
976 11125
11638 1719
13088 5674
7774 5274
13012 2491
12936 2806
12273 1960
5590 11060
10919 107
13110 845
10070 3430
12666 5980
13111 2156
2556 4147
6200 3916
5356 7603
11459 10495
13112 6347
13113 4193
11525 192
7055 2439
13114 2043
10920 3432
6337 7080
3748 755
6494 3351
7488 624
13115 204
11666 12051
10367 4395
10930 1
4731 6400
9275 5875
13116 35
13043 473
1090 1998
4918 1448
6709 110
9857 4701
13027 5692
12841 3155
6655 2145
13117 2368
13118 1996
12593 3216
11062 1469
3124 9060
7266 35
7356 453
11967 9742
4740 4765
8095 3349
8607 875
11246 497
13119 6552
8107 1439
10388 287
3362 166
5403 924
8961 405
9430 673
4589 5167
13120 4438
13121 6219
1377 9033
3575 478
3007 8965
8781 4767
2066 889
13122 1035
13123 6224
13124 2013
7980 1017
11409 5716
10448 5657
13125 1155
2593 7650
11252 730
10115 5833
1759 5429
12522 4160
5552 6919
2414 1967
4018 2112
5660 1960
13126 5052
6428 1102
12539 1722
644 2549
8901 6445
11806 6357
13127 8835
8827 5508
10112 1057
9247 2251
6649 10812
9423 1856
4386 10246
503 1766
10450 1635
6105 1255
11347 2394
13108 3301
3212 8560
436 3580
13128 7830
13129 8787
11007 6241
11134 239
4284 6854
5382 4262
3775 6379
10640 344
8531 4285
1201 2952
7658 2518
4666 7563
5970 5126
5131 12401
11238 507
13130 4063
3522 3438
5119 3041
11423 13
10902 3468
7551 718
9230 9215
13131 1854
13132 1910
1934 5565
9385 3931
4062 7042
9562 1935
1004 1603
10938 442
1062 5765
7811 1316
12104 1935
5973 9961
13133 2139
12149 5194
9363 637
13134 3804
6183 2359
13135 885
13136 10075
2904 6148
1586 11138
7854 4919
13137 1108
12306 2199
9008 120
591 6217
5988 7171
10608 9246
6515 1941
8578 4329
907 5458
10175 1755
10431 116
4235 5380
13138 3059
6114 2339
460 2417
460 8596
2609 7343
11817 5855
7856 7578
11030 3798
9786 4785
13139 643
3853 1019
8944 7608
6003 170
6734 1252
13140 1372
12681 6450
12466 4563
13141 3854
1364 1872
9355 942
10479 1029
13142 4602
10673 1380
9284 1231
8191 8311
6327 9740
13143 2969
13144 10812
9681 101
13145 7460
2672 8787
12207 9199
13146 3546
11861 748
4996 5465
8976 1035
13147 1492
274 12765
1613 3123
1900 1372
7560 5791
9368 1324
12395 7584
4962 214
11658 1616
13148 2278
7308 2139
8906 1219
260 202
11762 851
13149 6032
9632 1683
10536 692
11745 5158
9280 166
7347 10471
8207 4065
2123 1960
6354 3293
13121 3248
7758 6445
13150 7053
2855 558
13151 2529
236 847
7810 3557
831 2117
11719 3380
13152 1839
11847 1091
9083 3555
13153 4798
8543 2211
2558 3208
8014 2339
5453 1618
6161 8159
4472 4360
13154 6260
10108 1047
5628 13155
3965 2071
7893 1635
13156 11711
13157 7360
10171 6502
12353 3290
13158 4113
10205 1818
12946 5511
12010 140
12692 2134
6815 1432
8235 1640
6001 4085
13159 971
11909 3313
12571 4659
9762 1013
460 1982
8966 9460
7023 1937
11900 7960
9420 6738
11511 11577
3560 5321
1615 5446
9109 5052
10857 287
10552 7031
9604 83
1389 11693
13137 1928
2173 5976
298 2629
6171 7862
13160 4919
13161 4839
13162 558
13163 2583
13164 7529
9831 521
13165 303
12453 8951
9397 7231
10603 1244
9515 873
13166 5165
8425 1719
7780 1075
9129 849
4870 3216
10054 4522
9018 12282
11419 1102
13167 19
13104 7495
10216 12122
4077 3706
3399 2950
13168 6789
4114 3216
7559 4998
12842 168
8719 7260
13169 802
6875 233
12272 8269
13170 3161
9323 1831
5886 1047
4500 3557
10197 2846
8599 9645
12415 3005
4823 3747
7948 4226
12451 4999
13171 2577
13172 1818
12034 2706
7245 4643
9710 4411
12419 818
12130 11693
5603 328
11210 150
398 1017
10526 4891
9583 8762
7251 214
12929 1410
7912 4380
13096 3045
13173 7539
11982 3116
4674 4113
12210 4089
9109 3128
11554 839
2438 140
1584 440
12293 59
567 3205
3243 3779
1991 4232
11083 768
2121 4256
13174 635
7355 11365
8408 4108
12803 7360
2925 8773
6245 9217
13175 969
10980 875
8196 5421
11370 6770
671 55
7093 297
11690 420
7976 210
8705 1561
2736 7147
13176 35
4128 1386
12548 626
8 10647
12902 9099
13177 1914
10343 588
12921 5563
13178 5158
8718 7109
10071 5701
1959 3482
8785 8389
7882 6490
13179 4080
13029 405
7640 857
5687 2489
11289 7731
10661 4145
12584 5
9338 1370
9508 3236
11625 9695
9825 1348
11113 283
9936 10553
8873 5358
8807 9497
12775 3123
12880 3590
11701 37
13180 8822
6155 857
5849 12958
10197 10913
10635 857
13181 3687
4900 17
6602 507
8566 4765
13182 297
7935 10449
4142 3116
13183 3202
10085 6936
2515 558
5550 7666
13182 405
12597 2102
3486 6730
911 1366
3261 2406
9692 7652
11374 1017
6110 6837
6612 3725
12326 1100
12138 1732
4636 3158
13184 12248
9359 8909
2281 839
11104 1992
12004 1478
10157 4937
13185 374
12297 281
11379 1134
13186 5636
5202 3854
7798 2716
13187 17
3932 3805
6289 12623
10226 678
11747 4244
11819 3953
508 3916
4086 1963
12208 2918
4457 9110
778 1345
13188 233
3547 8900
5877 172
8103 1229
963 1492
3718 2120
90 8154
6835 7875
13189 2881
11858 9893
13190 10979
2637 283
139 4839
11171 6182
8894 1700
13125 2416
5741 2324
3433 2381
8449 4265
5713 3361
13191 4489
6672 4153
4601 223
12961 9519
13192 3749
11731 6534
13193 1106
10793 3360
12821 7731
2501 2545
13194 2699
11186 4609
11261 267
5146 3043
13195 3262
13196 4743
8903 1719
6715 3242
3267 2028
13197 1213
8877 558
11916 6895
11094 3392
9991 4912
9979 405
4844 7229
11935 202
9206 3636
13198 1434
4124 387
10242 17
1554 7
3274 4948
4347 1719
13199 8469
6841 10795
4086 1416
4439 2712
13200 8863
13201 281
9328 4456
7868 140
7235 12023
9412 9821
11311 1899
5994 360
11769 2712
13202 5126
13203 1142
11001 1484
3832 5
12317 2053
3235 2441
12375 1168
7673 3667
10944 5657
10675 1487
12322 1019
4523 2699
8518 3390
6829 4404
843 7091
2035 144
5170 4390
13204 1793
11704 8047
5861 10200
12286 1854
12320 3299
13205 5556
5120 2478
12729 922
4355 9961
3908 166
1403 281
13206 1967
13207 2413
7368 4014
3826 9236
12739 3024
13208 9829
7741 9464
11078 1385
9053 1333
689 9953
13209 6934
13210 8498
10274 2467
11316 9215
13211 10814
11420 515
12531 11482
10775 120
8080 455
13212 9464
9376 2518
11834 3285
12470 1443
13213 3161
13214 1587
13215 2025
6058 969
13216 663
106 635
12185 2326
5470 2687
13217 2607
12838 307
9884 7960
4820 2533
10283 2818
9654 1492
2561 3016
13023 2840
13218 3061
8659 166
13219 541
5370 5737
13220 576
13221 4189
13222 5828
3012 461
10947 10974
12679 3360
12969 1146
13223 3428
13224 467
6572 10561
13225 8305
489 1732
10004 333
9477 1599
12925 5786
1018 4492
4254 465
5419 12919
13226 5806
10000 7262
6276 10198
1284 5474
11837 9130
332 4080
9285 2689
7263 1128
4109 7517
11178 4271
11463 4002
12186 4458
5734 4919
12724 281
11899 360
956 214
1767 2288
13227 2078
11308 9095
11918 3573
8981 3138
12725 9255
7500 8806
11033 2387
3677 5942
6053 1599
3273 1469
13228 9695
12534 2273
13229 7968
5584 6478
2183 8118
9118 933
3783 2071
11085 2669
4632 287
7103 303
7467 2137
2936 1764
238 5008
819 1916
9876 7682
4896 4333
11271 2618
12241 4705
11473 4718
13230 267
4787 2255
13231 7054
6477 5585
4093 8305
1588 718
9192 5052
13232 916
13233 5697
10991 2279
13234 3378
12151 3808
13235 3096
13236 6789
4805 55
3162 11336
11115 9354
9965 1128
2948 2472
13237 4732
12443 1231
11775 372
8553 4986
10284 1616
8658 482
13238 2064
4774 8619
1959 10200
10508 1037
10029 3526
12117 3216
3550 1762
10083 8951
10828 9942
9402 7617
8995 8913
7447 1990
13239 4022
13240 4275
1357 7926
13241 467
6472 4999
8883 4492
11233 738
7168 5906
13124 9478
12537 6502
483 1520
13242 4119
11801 4357
11022 8178
7895 279
13243 174
11346 214
9969 6020
10145 596
13244 1741
11229 10128
11299 4055
6364 4467
8473 9695
13245 4781
13246 4252
5096 1660
6207 867
4953 655
10810 6490
2569 626
1709 12125
10098 8041
8431 2830
13247 1809
13248 2906
1064 198
5985 1575
7014 835
13249 3198
13250 5622
11775 5167
10191 4794
11681 5429
8137 1727
10296 5853
6759 190
8240 3169
10510 6149
12472 8653
13201 356
5994 57
13251 1803
11343 7291
7855 2293
13252 10820
10538 3557
10849 4695
6650 3043
12663 4794
13232 1013
9712 2284
10399 9546
12773 1213
11014 2151
421 2544
8312 1329
2805 4937
13253 669
11132 166
5899 2331
11706 1057
5757 3336
13254 863
9496 790
11909 2491
11813 391
9983 3519
7511 4830
7338 4578
4294 2695
10100 4542
11035 7584
13255 3580
1611 10239
5438 7864
2016 1174
12449 2011
10362 192
12691 6771
13163 2869
13256 2544
12861 1916
1592 395
8435 71
13257 5264
11424 6256
8690 893
2626 1266
2587 2687
13258 10564
13259 1447
12809 534
2252 47
6447 6782
9602 5575
10102 6952
8593 6106
6432 2112
6940 1732
3871 837
12329 7054
12296 4986
12764 8639
13260 4087
3650 7960
6034 2620
13261 3242
13099 3091
8137 3250
8187 2025
7547 10834
8349 2069
4629 6214
13262 3275
4365 10605
3167 8163
428 2862
12694 5703
9325 4743
10002 4066
486 2542
6463 615
8447 7555
4921 1119
13263 4583
6060 5953
10027 124
11108 3901
8168 8938
10975 12205
8133 3408
4770 7291
12582 2379
11799 7091
12949 863
12583 1017
1576 948
2415 5659
4098 2820
9892 626
9445 1047
12585 1908
7129 4009
11005 1119
9043 3804
13264 360
13265 25
8279 833
10492 275
10139 166
13266 4153
11359 112
12689 1537
13267 4068
12414 4111
9800 2416
6144 6534
13268 2978
439 6071
13269 10561
7176 12328
3654 4063
3407 5816
4082 9829
7907 424
13270 3694
6849 8924
10895 11336
12512 5292
7884 8547
4673 5903
1794 1013
6920 10249
12500 3851
13271 845
13120 1914
10872 10575
11778 8311
13272 740
13273 8487
10409 319
8992 5302
13274 1015
12254 2181
12165 3123
11625 3879
7099 5442
4004 4522
13275 3636
12915 11613
4158 1614
8842 8725
13276 770
2059 12401
2197 659
5032 4041
9768 9454
5346 461
7235 41
1036 893
9554 9695
5827 97
8846 2788
4120 4565
5245 2480
13277 1881
11535 285
9917 2295
13278 12594
13279 6020
2111 5300
7521 940
8504 3250
12209 6895
10235 7791
11899 3477
6342 4842
13280 10128
6247 4287
13281 5385
13282 1473
8044 849
6233 1441
13283 10325
11697 3057
9488 4287
5780 3150
9716 1416
577 914
12325 837
2934 1043
12370 2661
13284 1960
2675 3747
3467 4230
614 122
10061 8154
13285 2009
4462 1358
13286 75
8688 2406
11962 4800
12805 4625
2159 1952
12486 1017
9512 7218
13287 3905
13211 1612
12062 924
8999 3208
2101 4705
2988 6158
7849 2627
5075 1501
13152 849
3570 796
11538 3953
4317 7288
6835 8686
11053 118
9492 688
11669 12051
11532 4542
6438 6332
12228 4026
12558 7058
3973 5765
11887 4492
11434 839
11995 4414
12839 420
4004 5943
3064 3182
13288 2109
8377 5725
12606 1152
12215 5533
13131 484
11129 845
13289 324
4401 6231
13290 2701
406 1372
7266 6159
13026 7340
2711 1017
4955 1269
4976 8118
9556 759
13291 11357
460 2181
13292 1947
8259 908
11080 8389
1139 10647
11984 594
3629 1388
13293 4315
13294 5516
11375 1774
10313 2195
13295 55
13296 800
9279 1183
1122 802
12505 1361
11474 5644
10289 2046
8388 4183
2621 2220
13297 4524
13298 936
11544 4771
3321 7104
13229 10607
13069 5779
13299 1255
12018 110
11939 554
1686 4975
12072 5716
13300 521
5842 1354
5400 2535
12697 15
13301 10182
7631 4278
9406 1358
13002 2620
6145 3061
7540 13302
10159 1683
222 4252
12747 1627
3827 1017
189 3659
9648 4059
11689 3779
13303 7864
4587 2273
3196 1818
13304 7700
6036 1609
4844 1539
13305 3150
7564 532
13306 1017
11114 5237
3868 2969
13135 3053
12292 17
5315 1041
3040 1547
12118 4678
4711 2234
4255 1535
2409 1958
13307 962
9650 3216
8814 7224
13251 3106
425 324
13308 307
3789 948
13091 4765
12645 7657
4872 8580
7162 4368
9889 9793
3614 2793
13309 12023
5667 5697
13310 8965
13311 955
6512 3555
8347 4017
13134 12205
11350 2999
13063 5906
7800 2526
9749 5308
11646 8822
7758 1430
8192 8461
3712 2735
3701 1001
7822 10190
13312 7169
8755 9647
13313 4773
11740 4458
12116 889
9576 2760
13314 2806
13076 11598
12139 1110
12845 6493
9288 9190
5287 1012
8036 3081
12511 10196
6466 7533
6704 297
13315 10403
7892 2057
3485 5486
1819 9599
636 513
13316 19
10794 5940
1052 405
12873 3727
5070 5743
11832 1262
4442 857
5291 650
11001 2666
8649 1150
6805 713
13317 10741
13318 344
6883 1148
9503 4234
12988 1075
7275 9695
11171 383
11814 3062
7351 4873
12942 3779
13319 1189
10110 4044
13320 8275
1860 5705
2237 8041
11642 7733
9483 3824
12281 10590
13321 5725
7506 2364
8340 2963
4043 3623
9624 1071
6897 1478
7903 9246
5888 1680
8536 4691
8878 1128
7732 6784
11936 3481
7193 1677
3780 176
5845 962
13322 3951
11465 192
8599 3953
2551 3647
11661 7091
9369 9824
4850 4750
8912 1013
10432 5695
13323 7478
5047 2073
10167 4149
9358 927
10206 1764
6369 9099
1737 2935
2004 401
7547 835
9926 6507
13306 1469
6815 895
13324 1361
7281 808
11425 6043
119 3402
12835 7597
12278 5692
4974 7179
1836 1975
4327 3396
4394 473
11339 6981
2050 8455
13325 311
13326 1601
11743 6993
3729 2064
3781 2160
7808 5607
6380 170
432 663
13154 4063
8149 337
9738 5906
13327 11683
12953 5137
5971 10787
10659 955
13328 3914
11478 4638
13329 11357
13330 2112
84 5424
12219 12765
13039 4550
13331 582
9638 2935
8108 8223
10438 3240
2603 9678
11105 2999
13332 1527
7642 2947
9353 4572
2882 2351
9675 7054
3653 6837
13333 7058
8518 6534
10749 97
12701 4758
11687 6804
3633 948
3180 4721
13334 393
9222 2508
13244 6293
9291 8822
3566 910
13335 482
10866 4569
2209 7460
5478 6547
13336 5700
8194 73
7998 1637
3032 1217
13337 6804
9234 1266
13338 160
10129 1017
13037 156
6239 7315
11649 10201
13339 166
8824 2469
6368 2677
11984 6311
10550 19
10989 3319
11707 2145
2718 8648
10854 5073
10757 7522
5939 8905
6982 2275
7032 6509
6465 4609
13107 1685
11763 2406
10059 3964
11058 4162
5499 5052
3767 1303
5027 6453
7585 2669
12492 172
12967 6253
5772 6919
5860 1372
9214 6972
4051 12672
13340 8714
7019 6278
9302 6697
9279 67
11547 6667
7641 8324
10117 4305
4685 830
10433 10677
11770 9623
6136 772
13341 6936
4756 6608
5015 6298
9107 6819
8872 541
13342 4794
12390 2554
2511 4470
12840 6717
4557 3290
4742 4950
1011 4620
12984 433
12917 6511
5691 12962
12988 1013
1528 2992
12264 1464
7536 1053
11219 7866
5709 122
815 7229
13343 9747
10858 3798
11213 4842
4533 2478
12525 5304
4167 10418
12537 35
4699 7091
13344 7128
10788 3779
5180 6590
928 3072
8421 5069
10306 824
9411 346
13057 1918
10243 4465
13345 4360
5330 4395
1028 1492
8870 2463
3969 55
9925 3152
7127 10952
13346 4339
11128 2084
12079 12214
10765 1768
9238 2757
5097 5208
11826 2535
7564 2028
9010 2275
9986 11758
3939 2067
10872 140
361 8746
13347 6910
13348 523
6938 895
7354 902
12748 5622
5018 871
1607 8924
2349 790
13349 2176
6610 1029
13350 1599
13351 4085
4885 6083
7497 4549
13143 1945
6866 584
8885 9056
12052 2291
12246 1262
5668 3099
6528 5052
13352 1104
2736 442
11342 6351
9846 6298
12908 3798
3040 2100
8704 10041
12613 1391
13353 10577
1570 3823
11316 8614
13354 3744
10684 6698
11284 6526
13355 2552
12268 2524
13356 9764
9261 5508
9232 6328
11898 645
13357 6403
13358 10419
5955 299
6302 17
13359 6804
11324 3548
12735 2666
365 1017
10845 8686
5753 5786
11363 1992
13360 9519
3673 11830
8359 3870
11582 1063
7075 1341
8882 1933
1670 1453
1201 1719
761 861
9483 8311
13361 4259
9907 7865
9571 11338
7957 9793
13079 3856
8744 5442
11882 27
9367 1290
1301 6635
741 6403
13362 8822
13363 1047
12196 6497
13364 2622
5023 6099
12946 4839
13141 1019
8079 3380
1821 1017
5234 1108
13365 4382
12435 389
13366 871
8588 1606
8709 7218
12994 5447
13367 6685
2246 6919
11302 7968
6666 8476
8444 3613
12381 12282
12088 480
10965 6344
11141 8656
5964 12091
10948 202
9904 3481
8216 5538
11332 7543
6821 3277
9679 6687
3959 780
11146 1571
8935 898
12309 3808
7409 6147
13203 4952
9909 1071
13168 3674
13238 2875
13368 1947
8138 4014
10442 2309
3598 1313
9184 1786
4670 8037
12406 1083
13369 5268
2372 25
13370 8074
13224 3277
1444 2413
9917 1336
4881 5949
9459 726
12609 5116
982 10184
460 5774
6740 376
7117 7791
1572 5749
1638 6413
3148 582
13371 5028
12277 7862
12710 6958
11163 9243
8300 672
6723 3692
5531 1401
13372 1507
12797 11127
1840 1484
6727 4343
12101 3630
10474 1800
7075 3061
5153 35
11457 8459
13047 5662
10453 2421
11199 6293
10439 2368
4591 1812
921 566
11889 2537
9869 1736
874 650
13373 5561
2761 12401
4235 3905
5354 507
13321 8664
2559 6253
8153 5069
8675 2854
4450 8072
6901 1168
4654 6524
11700 6665
13374 1914
705 12218
8723 1658
7991 1017
13375 2478
11070 2837
6897 8646
13376 802
7761 3709
5680 4498
10068 1459
8169 12401
1078 1750
8362 1541
8123 768
7809 5313
10189 5995
5690 9944
7131 4990
460 9505
1890 1108
2838 4160
3637 136
5882 5943
1544 10005
13377 1690
13378 397
3553 4350
7602 9764
9237 7007
13071 5219
13379 4189
2258 1015
12390 2588
9458 1152
2198 8653
5203 2186
13380 1203
12097 9102
13381 35
8224 6222
9701 370
13082 5248
12418 12922
12058 5458
6008 6895
2264 3983
7212 2251
8587 1843
9858 3085
12502 1557
10264 11314
477 431
9106 845
7580 4055
11325 431
11699 10799
5524 7145
11825 2929
1196 3293
12768 5465
13201 184
13192 4479
6739 1053
10578 4572
6458 2396
9595 1391
2914 2570
12045 4794
11687 4520
7504 5567
9082 10913
11081 17
5341 4458
13324 2562
2913 4952
9476 9152
11738 235
2058 5712
13382 389
127 534
5311 7109
1957 5192
11572 5006
10989 1697
11053 4352
8958 5194
13113 5779
13383 4542
1726 1492
11980 186
6840 3983
8401 9695
12655 13384
2769 3687
13385 1654
1883 1132
8967 10128
9059 2500
2052 1233
5406 867
6796 200
8451 3899
13386 5345
823 869
13387 7327
10266 6659
12616 326
6891 948
12699 2145
11193 5458
11652 372
13388 650
1870 5786
9808 43
11866 4052
10368 659
10740 2544
9501 440
5469 4331
2635 2231
12832 1285
3228 2139
10036 2234
9019 5791
11449 5486
1182 3158
13389 5820
8542 2491
13390 9695
6888 762
4909 372
4067 8305
2010 1199
11500 7
13391 12251
2602 11888
11702 1579
8474 5279
8248 1800
3652 3329
8344 8176
5417 2430
2932 895
10818 4676
12566 967
6572 2127
7259 1537
3600 6819
8584 5116
10204 3380
3657 1820
7476 43
13122 8162
13392 319
10929 418
13393 3041
12906 1361
1597 1213
9808 7646
5434 6413
13001 9236
13394 3704
11084 6085
11806 4406
13395 10305
11730 2231
4365 5024
13396 5657
11202 532
9737 1598
10718 4312
1641 2207
12086 5972
13397 2322
12587 5942
13398 3380
12288 1309
846 11138
13341 845
10995 5828
13399 4491
13011 7229
9262 1013
10864 2145
1192 4032
9124 10138
11776 11999
3109 8147
13400 3206
8367 395
8436 3619
12067 5251
13401 7150
7434 5812
9044 2186
12440 6733
9336 4382
12312 5980
460 1510
11841 2055
2266 828
2063 973
13402 9204
789 5248
11238 5563
8322 6784
12727 1872
12291 2421
11689 407
6455 3051
8786 2788
10262 1399
9393 368
13403 120
4733 471
5448 5008
102 4113
1279 2238
11092 2666
10702 55
10304 1921
11954 2120
8942 168
11561 3970
7413 1075
6407 3905
5895 7094
7919 279
11466 3039
2155 7040
6801 582
10425 6025
5675 794
9439 4585
5787 532
11647 5098
10377 7130
9290 1225
9820 8629
5455 1510
12583 878
13404 3863
13405 2478
11696 4990
10928 7360
10688 3219
7482 5458
9772 2071
10104 985
11326 4839
11145 1455
13188 3482
6476 5105
8565 556
6732 156
5963 3003
13406 3425
12240 174
10784 6698
2770 6665
2392 7089
10533 637
7490 2053
4551 1541
2130 2938
5553 2226
7972 8930
5545 544
2191 669
13306 1509
10562 202
6614 3710
10374 9802
2264 1935
13346 718
7774 2669
10183 2139
13407 5295
1328 1492
3593 6493
2310 1660
13408 4842
3583 3150
13409 1923
4103 1843
12787 403
4796 738
4874 3623
7583 4055
11290 1809
13004 184
13410 4689
11183 1055
12188 3110
4180 4641
9259 120
6290 4479
6273 1393
6793 3150
13411 4183
2051 2359
8000 4878
12522 4085
10953 1199
7062 6910
9131 6511
8339 4456
12134 7145
13412 10393
2363 1908
3318 2231
13413 2926
9698 9897
11427 1148
13241 1380
10157 9418
13414 12509
7269 1861
12391 3487
5191 10330
4408 1652
2861 2092
10792 4594
12151 4625
1993 17
7293 4712
9790 2666
13415 3727
13416 8131
13298 1013
12369 5140
5793 775
7318 6464
4163 6253
11514 2322
13417 3555
8283 4044
6931 89
5087 1428
13418 174
13419 10627
10776 11888
13420 507
11003 1013
10854 1211
12334 89
9356 7449
1154 2416
13421 4149
1814 1320
13175 746
12127 10882
10935 4461
9916 7572
1124 453
5038 9631
4603 1484
6086 4395
13419 810
12904 8664
7521 4202
13422 3106
7969 2505
7817 1899
9626 1459
9999 3016
9088 723
13117 5987
4906 6511
12430 475
10558 3874
7940 120
10856 1947
11452 1298
6689 3116
4081 2461
11961 13423
2259 955
7180 1739
10562 1441
12824 4998
8854 372
4612 1401
9470 1130
13424 9541
4464 3419
13425 6328
2470 965
8632 5980
8322 393
10601 140
9805 1732
13010 1372
4481 35
13426 11492
1245 2251
11267 1498
9020 2557
12336 3041
7880 35
11009 1464
1813 1213
13427 2965
13428 1796
11344 4226
2619 2463
622 15
6232 3255
13429 1621
2971 700
9557 1935
6398 835
3639 8489
12335 2683
12426 515
5145 1370
13430 7
10568 61
3305 7650
5355 10196
12373 2942
7632 6652
1254 1847
7195 3208
10366 453
7619 5833
3379 9666
5802 1354
6884 5953
7403 8154
13431 2564
13432 1492
8886 6837
12123 7343
4192 1271
4165 1093
6828 1512
7349 805
12862 5754
13433 2844
12784 6073
13434 9519
6714 4256
4070 140
4005 4729
3443 1329
4035 4761
11854 9004
7906 1724
10523 405
5032 57
12137 335
10499 120
12229 3615
496 9567
3730 4352
13435 1727
7661 2840
10728 7209
13436 2145
8310 9747
2243 2154
10052 166
32 35
13437 7270
5752 5625
13438 9101
8218 7992
9358 2544
11917 10834
10689 2426
13439 4975
10247 1045
11657 1146
11552 1013
2899 2926
10315 192
11935 1748
1427 2134
1857 385
12687 5158
8985 3150
10914 8172
13440 3192
11798 261
11220 4399
6030 4965
9242 8532
13441 4087
13218 3255
4639 2478
13442 4607
13115 2137
13443 7352
341 372
12736 3546
4181 2364
10518 2763
9870 1482
4706 35
12952 635
11803 4891
13444 2618
12271 2716
11716 1902
6039 1616
4793 120
4116 1587
13445 6214
13177 9310
2922 4879
13446 372
10639 3475
7254 5
7366 742
4133 3390
13447 140
10873 615
3278 849
8185 299
3149 3106
1754 979
13448 2806
13449 275
4688 1037
3359 2537
13450 2516
6718 808
13349 4524
12760 3477
13451 700
12785 3034
13452 849
13453 3472
11446 11024
10646 5625
7783 1963
12790 684
12546 1571
2292 859
6938 2508
13454 3659
13455 1372
13408 4399
4817 2293
8776 4479
10140 924
13456 1430
10783 2840
13457 10196
10942 1221
12630 3123
12681 387
8206 4426
11075 3242
12928 2962
5698 3110
6632 5869
7851 2228
13458 1350
483 9497
11695 4265
9376 5869
13459 7294
9372 168
10527 2478
10539 8037
7108 490
5187 7572
9435 2207
4910 6919
13460 7231
5255 10850
7903 2145
9097 9099
4957 2995
13461 8742
12846 3905
8991 2992
12417 4650
2897 3255
11399 10305
13462 2909
5784 692
13114 3608
13463 5421
3178 6267
5254 5716
5245 3779
10097 1947
11929 5474
13464 3402
8571 1406
13089 933
5484 8614
9696 5976
5064 1753
11713 1408
13465 3150
13466 2896
11770 1452
13153 4620
3473 3003
12055 10607
13467 120
618 7145
12376 204
13468 293
9929 2324
13469 5719
9609 1535
5762 8154
7630 576
9905 770
12740 8087
13470 6140
1993 10495
5838 6596
9294 6547
7228 3582
13471 1945
11455 2247
11911 1219
9218 3962
12551 7
10845 6601
9030 335
8143 440
13234 4638
5577 283
7934 8156
4459 11542
920 1029
5606 1296
6196 6993
12633 603
6040 35
7001 6778
2299 9764
12535 1863
13472 61
12311 796
1726 9521
12802 6357
10867 5881
13473 1675
813 713
7518 10184
11090 8909
11678 1309
9792 170
12798 5003
9511 5212
8600 12091
7496 1441
3542 5774
13446 5508
13474 120
11412 1831
6624 2137
3019 166
10721 2020
10929 4550
8375 8930
13475 3821
10287 263
10886 4958
13476 403
7321 5719
9938 6507
11529 9610
11709 6311
13477 3548
12041 5662
10760 2652
6306 2818
725 1376
13465 1505
12200 11461
10604 772
6331 6547
13478 7712
10486 1828
11900 3651
11761 17
3987 5444
11805 200
28 354
11824 3282
10444 10934
13479 5607
3375 8762
12266 202
13248 1874
11429 678
10591 1863
11027 4897
502 10393
8808 225
1590 9974
12963 6811
961 1075
13480 7139
5015 6586
13450 4202
8006 3751
13033 2798
13016 1719
6402 1177
13481 3559
11943 6797
3281 914
11848 1388
3726 682
13482 4503
7056 734
7722 2320
8024 9396
13483 6057
8731 4354
11788 7192
13245 3482
9552 3043
9251 1152
11957 19
12445 319
13336 3255
13187 938
525 2508
13484 393
12873 2090
3384 2638
12171 1303
52 2918
12927 1093
537 2098
12066 1623
12338 1001
13151 2096
12149 372
1838 1803
2705 7220
13485 7595
10690 2214
13344 12169
4541 5442
11242 2049
5278 3684
10514 10323
9065 3798
2180 1845
3063 3964
9066 184
11369 4888
7672 3716
9611 17
13486 2188
11835 7899
3702 6717
12024 6601
2625 1937
3723 4262
4182 4879
2422 893
161 889
3794 889
13487 7569
8934 1849
12668 2028
4182 8389
9875 156
6776 77
2442 12205
12032 11413
12513 610
2244 7539
9448 5585
13488 9505
12872 9673
11792 2846
12056 955
7092 9282
5835 444
8598 8519
5627 4389
10231 4578
12734 12557
6752 8116
10166 3515
13489 6667
13490 1244
2829 2620
1542 473
13491 6420
13492 1872
12366 2780
10353 2830
7607 4350
4546 2160
9613 4775
4784 140
6818 4475
6918 8762
13493 4325
5751 3299
13494 3118
1519 1305
12901 8286
7063 2137
12080 1525
1467 6092
13495 344
3884 3872
13496 4421
8416 9505
5999 1071
2103 221
6364 626
12711 35
12770 1960
10708 1796
1111 2203
4020 453
946 6580
1347 3964
4104 716
5240 5008
10124 3219
6401 558
11385 7502
12867 2963
13497 1322
12892 8272
10245 3366
13489 1704
3214 3951
8978 118
201 7026
11751 6520
4589 4701
13498 1203
12542 4695
6956 1535
5769 3242
8506 10128
12107 5098
10007 2535
10831 1987
10466 772
1725 4187
6917 1393
8418 6166
8061 3788
1663 2798
8224 6172
12736 1235
8765 5976
13499 4360
4152 6478
13226 4767
2530 6180
13500 9519
12489 7714
10891 4563
9682 8580
13231 9472
10108 885
7484 1992
9975 7537
13230 12672
13382 893
5242 2387
12359 3068
7690 2238
4836 10041
843 8156
4201 372
5755 120
9574 764
13501 5237
5337 55
5781 5737
13345 1492
498 2401
6304 6536
9386 2320
12424 1017
9882 3823
12465 9102
7717 307
8440 7703
8380 2073
5679 5666
4611 2100
9512 8127
9947 6033
5753 1473
10840 1579
7554 8794
13237 9454
7561 1893
12231 3992
13502 2257
10535 5825
13503 5953
13363 1452
4519 3716
12264 2562
1949 507
8910 35
5322 12765
13504 1106
12173 405
13505 1283
8813 4333
10592 221
12639 8156
13503 9535
13244 2719
13506 4937
3084 1933
11498 3858
3447 11024
12026 3323
12523 3851
9363 1354
11268 8251
13507 2661
1865 895
13508 166
8218 5444
13509 8178
10293 202
9025 2207
13510 3361
2081 3080
13111 1017
13406 1856
13058 9893
2686 11421
7909 13511
5635 7253
12252 3482
2994 480
5652 1345
13044 8379
11951 4292
11828 4860
10077 2612
3434 239
13512 5976
173 3449
13513 263
13372 7556
13514 4516
4143 1061
1182 11461
4544 1736
1999 4059
462 1562
1596 6217
13515 2188
11900 11623
11406 7768
10847 8646
1852 3250
9067 7040
7401 2430
13516 1252
6724 5059
8007 4308
13517 10198
13388 875
13518 1727
10155 8608
13519 3194
12937 19
4209 2286
10534 8576
10851 7017
9258 2265
12608 10925
3791 1768
5564 3805
7951 1579
13520 4518
13521 6124
5293 1809
7728 11060
13522 6049
5357 8639
13523 3870
6446 6782
5836 9033
9363 1484
13169 5596
9775 895
5336 17
12379 107
3258 2441
5463 4761
13524 7048
13525 8368
8569 10901
5843 4030
7062 849
1744 1361
6288 895
7681 1614
2031 1702
12559 995
9947 857
4099 845
13442 1651
923 9072
10421 2124
7973 2520
6914 277
13526 1755
7606 1644
6989 1766
8902 7455
10600 309
13527 95
12871 830
8948 6711
12561 416
12786 8840
6612 2518
13528 6580
13529 107
7604 5701
13530 393
13531 12958
597 103
7219 9942
9111 3901
13242 4111
6600 8686
1626 184
11236 12125
12389 7791
11152 2503
12628 3306
12167 8479
12365 1013
8150 7608
12877 1687
12708 3072
3297 5069
9020 2969
12967 1937
8274 6771
13317 140
10779 10850
11211 192
771 5458
12494 4778
11411 5607
12934 2549
9661 1573
12460 4252
12920 455
4730 1809
11151 7363
11507 3815
13532 1982
4346 1877
10022 2109
11430 2214
9237 772
10098 2238
13533 6149
7681 7026
2748 4536
6194 1055
6769 4441
7234 6719
10596 5034
9298 4111
8007 714
13255 372
13146 3534
9597 7458
13534 2577
7904 2999
10700 4315
9818 5196
8287 112
13535 9614
13249 6046
13261 4758
13536 6502
13481 265
12703 1146
9476 1374
12359 11635
2250 7968
13537 975
12203 118
13295 3970
13538 3850
1560 2306
1830 1601
404 7512
6951 849
2232 2385
12257 3169
6484 8445
13498 1484
11382 2253
11549 1093
13539 4882
13106 5965
2631 8753
11275 5260
12972 3815
1074 8625
11964 4558
11477 10647
88 3851
12064 5541
11691 7902
2587 4925
13097 5791
9146 3518
10148 158
5650 3299
7483 6536
11188 453
503 10495
10040 372
6724 1045
7920 8455
2460 5826
12314 2957
9593 4479
5346 6837
10670 4292
4069 2677
9225 1809
12236 372
6165 424
3441 212
10473 1055
7237 837
10648 3349
8097 4576
8341 8116
2814 7578
3320 4331
12878 6782
3606 3061
3489 6717
2391 871
11893 6351
1578 4486
12166 4990
6746 9577
12174 4057
11600 2351
394 11490
10865 2577
6122 1877
2571 2478
6375 7997
12578 1498
11288 5633
3354 19
13126 2749
7297 2275
2034 8596
4505 1687
8736 10449
3394 1835
4023 1837
11372 1469
13251 12765
13111 5942
1689 7507
8976 3674
13536 35
10660 5976
6911 1168
3021 4954
12954 287
13540 4465
13541 4939
13340 2618
12321 2428
9251 17
3478 5241
2753 530
12893 1273
9873 9195
12413 8305
8201 3907
460 39
9785 3172
13542 7120
11940 1385
13440 757
13027 3125
13543 8562
13446 7522
9637 10561
4474 17
656 5375
4013 8405
11780 140
6389 1015
1829 2306
7459 1055
1734 3380
12065 9478
10734 152
294 678
7839 11034
13544 5302
8952 9734
12678 1484
9832 11431
9350 7340
10115 887
10224 3470
1625 372
12103 10820
12914 10677
5893 6580
3720 5444
13545 6629
10385 1059
7325 405
13400 31
10535 9862
10824 8039
4391 1484
10522 7094
13285 8560
5945 233
11334 1303
8092 440
3345 4592
4199 283
13370 4350
13021 6702
4008 1603
9712 5260
9459 8887
1353 1492
8581 1537
1875 6778
5259 9713
13398 1664
11707 5297
3641 10357
12515 2518
13546 442
11742 235
13547 3901
2977 5609
7749 214
13548 2633
320 3138
9002 7965
6535 7977
1534 2917
7430 3638
11597 15
3799 507
12316 7045
11680 9789
13447 8754
7615 324
787 210
2493 3975
3730 7231
13549 568
4686 5186
4734 6560
12626 7000
11797 55
13139 35
13390 4791
7465 140
13550 15
13551 2485
10669 8498
12908 5800
8774 3538
13552 6679
10550 11159
13553 4965
10586 7358
7694 3975
12959 536
11694 680
13554 1013
13368 7712
13157 8993
4848 515
12674 6974
13555 1947
11718 3013
11672 3029
8600 10330
12005 5953
12340 473
13556 3725
8397 2716
13557 2178
13510 3110
11692 5774
11849 1271
4973 768
5505 3863
417 1356
1295 2279
5181 5617
8994 35
2290 10201
12926 9172
11065 5556
12287 714
12708 480
13221 3854
12742 6764
3305 4002
8284 1805
9816 3299
6418 200
13558 3753
531 3175
128 5098
13559 444
7828 8127
10664 8331
3889 57
10839 4641
11372 1523
2540 3493
4439 5095
6758 126
12070 7094
5004 3143
12283 376
12696 772
6838 3655
10022 4232
9635 2516
205 3487
13162 969
899 1345
10519 5725
3474 9655
7840 5953
2481 7104
12642 8943
13560 6984
276 1872
2335 9095
6295 1791
11016 136
13561 9101
12026 2318
10676 5143
906 2795
13562 2722
12349 5806
3778 4119
3869 174
10014 2120
7527 4499
2517 7908
2811 5339
13069 407
6625 480
7408 552
11383 2387
13144 5158
10907 3690
11224 663
11576 6526
12906 2562
4834 1376
4971 186
9753 6278
7928 5233
7430 8560
7110 1146
13563 120
4890 158
6187 869
13564 9956
5811 4538
1472 8176
4148 319
7369 922
9863 1469
382 3016
8209 1809
4279 5758
13565 8491
6422 619
13566 7598
774 2697
460 5776
11948 6005
2598 122
3463 10312
460 6667
956 1093
11811 582
2779 2417
13567 2666
1508 1469
13568 482
13569 2989
11740 5613
10628 3692
13570 8562
12027 10799
13571 126
13544 1667
7264 3059
11063 2218
2063 1013
13280 3293
13559 6121
9233 820
13572 6904
4472 1492
8349 372
13038 1939
13360 9764
12143 889
10746 1644
13573 568
13326 7175
13574 1760
8067 871
6002 10403
4632 204
269 700
13575 3360
12996 480
6517 5034
476 3055
13532 2978
13576 120
4169 1430
11627 4945
11806 8461
7412 5367
5205 4329
12955 8609
10757 5508
9170 3573
10411 9900
4972 6910
5632 1937
3002 530
12756 1085
7835 3248
5966 2683
2608 6532
12046 5182
13305 184
12604 2284
13577 5161
9586 1666
2081 3798
9185 5148
11394 742
7298 4858
13578 4507
13391 2060
10112 3131
13579 507
13428 453
13580 12457
10179 1965
13444 8714
8048 253
13581 4684
6925 5765
13179 10017
13582 989
13583 7478
12787 1231
13260 120
12705 678
1486 3355
13584 3968
13585 1656
11904 5112
10208 4542
9230 8614
13586 2413
5729 1823
13587 19
5586 9246
11877 8032
2784 3626
13460 933
10539 3081
1570 6764
13588 5957
8858 6804
7465 15
11632 1673
9035 112
12759 521
268 440
13589 1990
9783 9173
3708 626
11987 1601
5403 11945
12977 3208
13590 9314
13591 9988
8706 385
13444 8502
7041 5325
7492 8373
8552 8742
7381 3555
5638 307
4813 3470
13592 10934
1433 2472
1162 2666
8734 2957
6914 11336
1383 2544
4655 1093
258 2158
13136 2739
13013 814
12155 3698
12547 114
13081 376
460 7053
13593 1329
779 184
695 103
12250 2622
12506 3741
6563 515
460 9354
10671 4618
10668 10814
6243 4839
13594 3143
9963 8318
13595 10196
11012 2328
12397 4273
6805 4248
13596 1708
2052 10613
13597 958
12690 3043
4117 718
7825 1469
3649 7179
9416 11857
12688 3242
6138 6293
4453 1017
8486 2328
13598 8087
13599 5325
12510 17
13600 255
13220 10850
9267 1492
3058 241
10382 6426
3597 1770
11785 4569
1946 3253
7469 2160
12772 7173
12079 17
6780 6073
13299 6106
12682 8047
12859 2082
12532 530
12982 632
4031 2220
4962 2387
10402 7510
11064 3684
1900 2428
5425 4998
4452 511
13601 3285
13602 453
13603 6118
6939 3110
7122 1501
7570 431
8831 174
12639 7091
10133 8728
9403 1035
6116 1378
13012 8131
10309 1361
7265 3610
3553 393
13298 977
12908 2961
12393 2249
7274 2950
12017 112
4169 9183
10390 3776
12194 5380
8245 7109
11956 4569
11271 1029
6349 723
10946 8822
3480 6049
5286 1642
12502 6260
7575 5578
13560 1660
4416 6371
9442 1372
7577 2112
9316 6797
13604 497
4240 1697
9903 6885
13187 3133
4353 6159
13605 8292
11650 7552
9814 416
12830 7169
11371 5840
5619 3562
589 837
13606 732
13390 3879
13607 7239
13377 6770
9186 1891
12680 3739
10096 5310
11551 2456
3961 3184
13608 3184
10838 12227
7410 17
13609 9949
12698 9824
11973 6374
7892 11018
13419 4965
12849 1673
4910 2247
12469 1719
6582 12023
13415 3552
9305 6665
8540 9541
11232 1851
11607 1492
13564 882
5276 12169
12731 140
1909 2053
10142 6260
11451 655
13610 7794
2473 8085
12979 424
7930 55
2678 5467
8243 124
12016 11314
11106 989
13611 10901
13612 1061
10708 93
13212 2896
460 10860
12711 5983
12258 1333
12463 684
10079 1820
10156 10952
7267 2549
8589 2043
1969 1487
9760 3692
8848 10270
4717 792
11587 10553
12526 19
5582 5578
10911 2023
2378 4868
13613 3899
13614 2459
13277 12113
6579 818
13268 748
13581 882
12730 12919
9649 9152
13329 2583
2704 5749
13402 880
11458 635
13337 3027
13086 6260
2868 12248
5150 6679
3017 1269
7399 4849
12833 1132
5185 494
9198 10495
10863 6892
10463 4630
12697 3003
13615 5308
10786 8154
1293 698
12004 1231
13616 10934
1715 772
2219 7584
8841 1183
9250 172
12440 3692
13617 73
4200 3798
460 6556
699 2030
5785 8758
11660 29
6300 8324
3745 7675
7964 395
11107 2255
1120 6958
12991 4876
12910 10882
8266 617
13618 5171
13619 766
5255 4620
13620 5465
8002 10168
13621 849
7614 2669
8182 5194
8784 7091
7693 1047
9881 1271
6954 8225
9770 544
4104 4667
12577 2812
11182 303
13622 7525
8724 3262
9063 2267
1456 1809
1876 1727
7991 366
6528 2938
13623 1213
13049 3907
13253 9180
3875 824
13624 8200
13625 57
9703 7054
13319 6371
10830 2478
13626 5186
8327 2961
8800 3005
13627 4057
890 9457
9903 3555
11330 2677
13628 340
3777 2768
9377 1365
1018 3854
11184 3887
10181 8753
6813 192
10842 12372
4166 6274
3816 650
7766 4928
2868 4994
9811 122
5372 6547
12416 4895
8904 5556
8774 4661
12675 1452
2523 8037
1780 1073
8866 2583
12598 8993
8337 4866
6530 2952
12746 287
12303 5613
12966 126
2674 4451
10625 3081
11981 562
13629 4950
11952 2848
10056 672
7648 89
13627 12868
3218 2195
5473 561
13123 9577
12761 5274
9634 698
10858 2082
12466 5508
2035 11711
13147 1713
6010 10298
9260 944
2332 5565
907 2295
13630 3059
1735 3110
7155 672
12493 13631
327 8116
5566 4389
8915 6005
13356 9519
13008 3659
6603 3059
8058 3534
1887 3150
10271 5990
13454 7171
9122 9241
6791 2643
13522 4760
11064 5424
9444 1266
12060 3043
7514 6963
12256 5444
13632 845
3978 6656
13633 1727
10342 7216
13607 5947
3961 3468
10750 582
13112 10134
13634 1664
12683 6394
10313 6922
12001 3123
12705 1750
12965 4414
12643 820
11611 7574
13289 73
5939 7451
10228 5251
13635 4036
13636 1935
13637 9243
12374 2293
751 107
10095 8547
13140 112
7498 1372
12109 9829
10704 3057
6187 759
5877 372
7501 4232
1834 1231
12072 6575
9843 4617
8235 7429
8748 1985
13638 3526
11590 1537
11710 11631
7576 453
12141 7754
10830 307
12309 4625
11453 2339
13639 6363
6048 3091
177 11614
10452 1439
7516 6711
13640 6811
13641 2846
9827 3184
3886 9172
2602 895
11580 7150
12776 2263
8940 2387
5255 4798
13330 2822
13145 9
5236 5901
5230 4630
11738 10278
11260 1386
7644 4477
13642 6113
10083 3596
954 8909
7551 2643
11871 1496
13588 768
10852 4858
3746 9155
8425 8225
11958 530
4804 2245
5332 1471
9588 2681
460 4339
11445 33
12647 975
11725 4222
510 3636
13643 869
6525 9767
5822 4132
1938 8646
3280 757
9201 8124
4930 5165
12579 8714
8416 401
13644 12962
11763 2043
9344 10134
12924 3854
10549 1937
4579 251
13645 5474
8289 1348
12085 2735
10706 7460
6070 2396
12863 772
3340 1445
11061 2356
7916 8324
8480 863
13646 2082
13360 3636
13647 4507
12829 3619
8029 2995
10048 3316
11835 8794
9320 1492
10822 17
12360 1724
13648 1065
6591 6635
7264 2489
2246 655
12204 487
13431 401
11092 2218
693 6371
7544 3118
5686 7320
11150 1916
13448 5776
11487 3779
9080 3887
3522 9988
10216 1812
7513 370
4342 579
3818 6648
4383 3069
11109 3632
460 2389
10766 5219
4815 5335
10137 2275
9856 8121
4883 2416
11753 1382
7158 782
13642 2017
10655 4849
4474 8769
12394 5358
12592 5671
10542 5716
13649 12623
4964 2995
11932 2467
6410 1370
12696 5297
13650 4522
1984 1914
12084 3383
5588 7646
10441 10717
4155 6371
11415 1520
460 5719
13651 1239
3284 8455
11548 6545
13183 10134
10498 955
13568 9464
13652 4647
6744 148
6787 1271
13314 6687
4512 2304
9471 10087
3221 11737
5041 9199
5144 3230
12362 8965
13095 9541
159 6963
12484 7555
4724 4599
11376 2238
13653 1303
11087 2533
13654 1537
10391 11032
12783 4919
12605 11482
12489 700
12425 2669
8544 5561
12940 5121
13655 446
4934 7537
11814 1697
5265 632
727 1345
9417 2679
9694 3879
12017 2322
6741 1035
11213 5486
9276 3740
13379 849
8111 3349
9852 513
8591 4477
8338 4052
13159 4089
7035 8147
5747 10087
13208 10860
10088 6550
8557 4550
5614 2293
8874 718
11610 4456
1240 5458
7309 465
7334 837
1600 5721
7065 10860
9545 4395
3338 3275
13628 2887
86 800
10641 1358
6785 7578
10424 134
8786 2677
12638 7968
11818 9152
11947 9491
12325 3440
13656 166
10926 7650
9160 2862
9355 615
741 7367
2464 2828
13297 2955
9730 10880
7448 2000
6751 8936
9943 4678
1353 2218
13397 200
117 5516
12888 2145
11842 1854
11105 4036
11335 1818
12923 5609
13657 45
10948 1441
11286 3080
12800 11655
12544 295
13658 2430
13491 3158
4735 8190
13395 1537
13483 8368
12876 3504
10840 7552
339 2098
13659 235
4835 11614
10358 1658
13186 1309
9089 989
6573 3628
3273 5701
13634 10488
1468 1963
11538 4352
11977 233
11746 4592
13660 1326
13661 91
10440 265
4237 4275
12879 9592
8696 6789
6699 8750
13549 10222
9344 796
13339 10860
4241 7352
12635 3224
5729 4371
11883 659
10859 9829
13087 1
2960 4149
13662 2334
1765 152
13663 3293
6401 845
12667 6308
11995 2577
12055 7968
3731 4794
10611 5182
9154 418
11161 3303
13663 480
8264 307
12163 4377
7450 5806
13664 10393
11235 405
2821 509
2110 5786
13665 4222
13666 8445
8424 11386
460 1612
11707 17
10686 5292
9596 3582
13394 3475
9419 6792
9286 8139
1765 6534
6197 3844
12524 3402
8066 5758
1569 4271
13667 7566
5574 3921
9697 869
9902 1150
8917 4236
12532 9974
8949 2955
7949 4377
2834 8614
3940 2999
894 2516
13061 5458
8922 4641
13668 615
11465 4226
10099 4691
6850 1711
10008 3858
10811 1455
5873 204
5537 1789
10600 4470
10672 6586
13669 2783
3567 471
11755 6526
9023 4851
876 720
12132 4002
10493 748
2539 5450
10461 17
318 572
10068 5518
7685 2450
2003 71
10216 6190
195 8156
604 515
396 3402
13258 8871
11664 11051
11714 1354
11600 1952
11569 708
9045 2309
5868 4758
13554 9481
10970 374
9185 7451
9168 4663
13670 3562
6108 2618
12884 2547
12268 6902
4697 8037
1495 2304
10438 2145
11667 2073
13671 4563
7827 1768
729 1244
6900 708
941 2284
1103 3216
7872 4222
12301 6085
5941 661
3525 1053
12799 10753
12507 2780
13488 12113
2192 3914
2785 9199
13205 1013
1493 9241
1133 6567
2076 1213
11437 385
13303 1055
5885 1963
4838 3980
13672 4028
7889 2156
5844 2926
12941 17
11485 8606
13673 519
9189 7330
1528 120
8092 10393
12289 7512
10144 515
7616 35
12471 2989
11761 2158
13674 12962
13675 1195
6027 13631
13643 7104
13676 1055
3813 13302
10014 5875
13222 3795
13651 1616
12141 1408
9085 692
13677 75
3239 2145
13490 2706
8105 10605
6356 5754
10736 10184
13678 2186
13679 1975
13509 2301
4184 5158
10489 307
13183 796
11955 1510
11637 659
5082 1271
13680 5725
10581 1843
2797 2616
12604 845
12271 4758
13097 3504
12338 3711
6205 3716
11968 3694
8271 7224
11325 478
529 9974
9281 8608
4370 1535
1588 2643
11612 374
8987 212
8460 4406
10897 1213
12565 6445
9475 1197
8918 900
11872 11024
6412 875
13681 10894
13575 8405
8811 440
12183 2043
4841 5820
6722 1017
8438 10677
13312 29
8001 1453
3363 3106
8411 4931
13682 3031
10827 10553
8657 987
8400 7820
13466 4230
10565 1426
13295 3150
7249 663
12274 4536
4476 372
11979 1704
5160 7760
13683 1244
13049 1764
1511 3753
3480 3091
4240 3062
1153 969
13380 6022
5063 57
1163 6158
11647 4028
6248 146
13684 53
5359 6263
84 7931
3413 3043
12160 2963
9795 214
12103 3192
12140 2950
6674 995
13174 3034
3522 5224
13116 4034
13520 4404
13408 5820
8406 6351
8992 5664
4755 2238
6255 233
4437 2203
11168 270
5045 7788
11510 319
3618 182
9212 3562
2466 5596
9758 869
12829 5901
5835 759
12763 383
12230 2226
13486 138
8668 6762
6850 558
4337 5700
10695 5182
12658 1047
2867 3515
8764 120
1524 142
2758 2009
12148 3440
13474 178
10496 21
13685 376
3026 120
11439 4986
8217 2293
5195 3195
10868 4395
13686 1952
13001 1047
10455 1766
3688 7179
3416 5156
2289 10005
9777 1262
8281 3106
7090 13384
9982 2139
11575 889
6896 647
8573 2612
13586 5719
13387 5316
11002 3821
11816 3638
4977 15
6553 12205
7481 3005
6348 1664
10788 6550
6295 4618
13633 1492
7437 103
12044 5
10921 132
1066 3580
11442 5569
12269 3647
10207 3504
10931 904
12777 8835
3243 2962
11183 2765
13479 2278
13687 2188
13065 7313
4388 12401
3421 11
13418 878
13688 5121
2189 837
13689 4695
13690 10241
10203 1193
9895 1341
8432 3740
10084 8305
13691 1269
8110 438
7745 1013
8544 4827
1678 4491
11434 4625
8789 5436
12744 10239
3437 3523
11153 6166
13692 4620
13217 1087
1625 168
4810 1231
12371 1017
13693 849
8730 2790
10436 4968
8591 3013
11300 4767
9059 405
13694 4888
1317 5274
3148 1093
9830 10128
8702 5848
6806 416
8250 1285
3079 4224
3516 3133
12232 9821
13695 397
13696 166
1646 2557
5911 2362
9806 3024
5969 103
2388 324
3431 4089
9539 3360
10591 7558
6233 202
3525 7960
7967 2496
3755 2957
3865 558
8359 9269
4098 1311
13697 12497
6161 898
12826 2516
5851 2432
2501 938
5013 4275
9864 2291
13632 4580
12339 4891
12968 2406
5225 4282
13698 4350
6072 6596
11146 2618
11912 3518
957 4553
7396 1213
10205 3698
9315 9900
7686 5165
11917 8968
760 603
9295 1108
12170 3408
13699 3043
13122 29
8652 6214
5062 11490
13507 2145
7937 275
12529 4522
6094 4153
8244 2965
8194 4390
13700 3546
8749 184
12343 6464
4552 227
10202 4113
10939 2643
12217 706
6 7130
12617 1478
7815 1013
11286 1897
13475 192
6699 4594
12971 11999
12943 2226
2645 588
12455 2500
6657 5148
12550 2240
9806 3578
13318 5953
11276 160
13130 11421
10502 3651
13526 2387
1745 1057
12266 1150
11795 847
13166 427
980 1677
8166 5867
11108 7208
11101 2978
12725 4170
9611 210
13083 1687
7994 372
5155 3152
11849 4569
12028 2526
4763 10860
10039 582
3949 350
1092 2428
5861 9666
11782 4986
7196 5671
13433 635
9369 5644
4923 1539
3156 4123
11505 166
12105 4208
13626 4687
10859 708
10931 2331
3837 277
11862 810
13414 4055
5884 5465
13352 7313
13061 2295
11088 2478
1737 1719
5409 6556
12545 4667
10339 1039
13279 5518
104 1130
5927 9354
954 3138
5457 2295
6578 1484
12260 4061
13701 11857
8477 1739
12517 6895
12501 120
8028 77
7334 1017
13702 2666
6054 8358
12865 3351
3311 5881
5629 5297
10707 2516
9221 10241
8941 2255
2086 1923
6204 424
9711 826
7740 9645
12533 5828
12886 3349
13536 8195
11209 1051
7186 8746
5520 3041
9641 6910
13287 4236
3760 1967
3533 6575
327 837
13703 2544
8673 637
13704 635
7268 2265
13705 2924
7723 12672
13706 6580
10912 227
1964 148
5301 9102
2453 9425
5543 3608
1415 372
5456 7207
9794 5644
9041 849
13629 3638
4738 122
13707 3108
13393 11557
13200 3118
11905 1372
4606 6071
5402 1012
13708 3936
13709 528
8280 3308
12437 3131
13275 4594
6307 2311
7567 2316
2244 1886
7787 10697
11129 4849
7223 4572
12199 1606
8823 405
13710 11
12150 2524
13711 2271
9383 1029
13165 3387
13712 7145
4203 7552
6257 4456
13713 1341
8221 552
12834 9317
8471 9183
6581 2298
6569 4761
3717 10222
9381 4036
6227 1085
13236 1136
40 55
9736 3962
834 1093
8270 5442
12977 360
7945 558
13714 158
10175 5251
8170 4162
12820 4925
5597 7418
13715 9418
6794 5644
10581 1818
13716 3877
4889 1217
13506 2989
13215 7340
13530 4992
1530 5292
460 223
13717 8769
5107 2401
11537 3863
13082 35
4513 6910
13031 2995
9436 5385
13134 487
901 955
13718 409
11166 1361
72 4303
7369 4325
8937 4222
13444 5746
11049 3409
10316 140
12373 2255
8057 5567
13612 5199
13719 2982
12000 1872
3499 1215
4562 5569
6973 1197
10016 5828
13616 17
13720 2719
9622 1531
13656 4937
9330 659
12799 2369
591 5644
7909 354
12207 10495
5909 140
13721 3883
12280 871
4105 12572
13722 6241
3822 1589
7922 7393
5530 1401
12998 4578
4905 3513
1387 12754
4644 166
8570 2401
573 9190
9525 6505
6467 985
6228 738
7950 1807
12781 1503
9231 6038
10975 3845
13723 5700
4579 1361
11851 4494
12771 7992
13014 2428
7903 1739
4953 3332
5454 2516
12823 6770
2651 255
6765 5479
12474 1529
13724 120
8415 142
7140 5012
12110 1881
13156 6062
7906 8508
13725 10607
4211 8661
3572 6698
5884 1498
11304 6952
12225 11021
5534 319
1679 3089
2981 2098
10731 409
2630 1079
9933 4411
4306 7182
13726 6778
5213 5182
13189 2828
8008 9243
13056 4174
8050 1271
4568 11945
5217 550
5176 5208
3675 914
13258 3867
10910 4607
13373 6980
13727 3674
12842 6771
10545 7875
8171 2060
11450 1013
9962 7036
1129 9967
2519 7029
3447 1884
12581 1203
1438 4232
9384 10821
2070 57
7641 307
12545 4650
13728 4006
13729 8946
11057 2612
4932 10934
11561 55
8665 497
6678 9425
10105 3349
13474 8711
1585 3110
5004 17
11779 7089
13144 1455
2871 8541
4959 1487
11544 4618
4031 1750
3401 1732
13730 424
7400 6203
13577 768
13219 3899
1757 621
6828 2282
104 1393
8386 11758
7366 6403
9098 501
7117 1469
5464 8127
13270 7566
12323 2057
13075 1316
13387 1478
11822 1914
3666 1496
13463 2518
934 5300
10454 3549
11439 3716
2975 2822
5489 4343
10728 950
6876 5158
12194 3905
8723 1960
8696 1123
4447 4643
9540 6691
1989 3047
6947 8773
13135 4549
1293 4498
3912 1116
4047 4583
10802 5664
11815 9236
13731 5253
4936 2989
13700 5934
13688 1535
3902 2055
13231 3548
5236 7388
9132 663
12337 8223
11244 586
13213 11577
9226 11461
9270 3482
11508 3255
7962 1401
8138 138
9105 847
13585 110
11016 5335
11836 7393
9890 4343
8627 6020
10540 196
9346 4034
13072 950
12944 724
12002 4363
8103 10241
12852 2581
13732 8286
7336 5779
13733 2618
9720 2354
13531 2005
13734 9354
11045 3844
6899 7865
343 2547
9374 5839
4533 307
776 4771
7940 3402
11245 484
6486 494
12757 7327
10628 1831
6606 8780
9500 1736
13154 1557
3954 1112
12733 376
10701 4994
779 281
5996 3140
2614 57
13735 2107
2018 1303
13736 192
7434 4538
11618 4475
11948 8754
13737 2137
13738 2788
11242 7813
6671 3555
13739 11292
460 324
11061 4945
3723 1719
3424 2842
12015 6219
10302 5565
13059 146
11381 5444
1834 1914
12836 2933
5984 3150
7255 8031
13451 3158
10543 364
13130 515
12382 1303
2032 120
13724 4174
11510 7507
2185 2067
5831 7231
13683 6413
6541 1484
5273 1318
10137 7743
3342 1856
1880 2005
13740 4074
13158 1404
10441 122
13741 11758
10528 10138
6959 8769
13742 8532
13382 360
12054 1748
8397 507
3738 7192
13055 4659
6564 5385
13079 6274
4515 13743
8055 6892
2767 3290
10865 6193
13548 1372
11526 1537
4165 2661
7676 3029
11896 948
11865 3177
12693 2284
10794 150
13593 9521
13744 7449
8302 2763
10848 140
9495 871
10252 5316
8526 6596
9014 863
11749 748
13745 8936
13540 1579
13746 6390
5650 3009
4290 370
12607 3740
6808 5088
4381 17
4575 5105
7110 1079
10294 1399
13638 1967
9448 6478
13227 178
13668 4558
11685 116
6132 2929
10551 6904
5600 2557
8261 3863
460 2795
2204 6344
6543 1055
6141 7315
11312 5774
9485 9110
6461 9546
13515 138
12533 2421
12485 2176
10957 11693
5211 4556
10552 11588
1720 10913
12983 1324
8471 403
3254 2666
8398 3216
13404 7731
12115 4041
1578 4465
13381 9004
3241 5239
11227 2176
5454 2428
5989 11888
13583 1809
664 8047
7876 299
8134 5367
8796 3265
10580 9900
13747 2489
6777 4609
13748 471
12602 71
13749 1083
6965 1879
4173 975
12199 433
10899 1581
2898 603
13416 4491
10656 9520
13613 4522
11766 1809
7108 5312
6284 2293
1887 513
13669 6453
12445 4149
11885 3770
12238 7330
7308 849
13750 5297
13751 1273
10848 3538
9957 5194
8874 4339
12442 8455
13752 863
4365 4072
10704 1947
6725 10870
13684 5446
7410 3043
11411 2278
13282 5567
10692 895
1779 3538
7461 1203
12128 692
8086 4350
4817 1029
13753 35
9867 6415
9857 5167
13754 1484
10638 4170
12825 694
1729 10682
9339 1382
3731 1651
13085 2852
12973 3461
12222 1498
5781 2334
10927 3074
8949 4323
11515 8993
13755 9462
2407 12125
2521 7054
9473 1601
7684 1221
13132 2053
13565 2139
2916 118
3705 2967
13379 2139
13486 35
831 7646
7705 385
9763 1561
9722 10250
13119 2046
10107 4202
1253 9481
13694 1285
5715 4217
1202 407
8277 3110
8681 7324
13499 875
13756 4040
13300 7163
12677 6377
11998 6534
13064 3926
8985 696
10676 253
13040 3287
6223 2007
3231 10239
10445 2687
11262 6308
1981 2869
11391 1029
3595 1073
7626 8147
7016 3694
12738 2043
2230 3659
12789 7313
5894 1132
8126 7218
10460 1003
10145 105
12039 21
13757 10590
13758 3085
13759 837
9848 8159
13205 1800
13760 5030
12679 1469
7256 2498
7735 3655
9222 5716
4634 2516
11216 5054
6783 192
11855 1937
11309 7220
8919 5942
13396 6556
12100 1354
4759 2857
8776 8124
13761 4461
12813 1987
3541 57
9661 93
7242 2516
8553 4602
12957 1140
2010 4633
13279 2681
4321 2112
10532 1672
9581 10138
12089 5816
9119 2411
11920 1943
1351 9101
11558 1017
12006 3590
13762 5795
2434 2265
12262 922
3295 140
12689 796
10401 1239
11759 3306
11585 7788
13334 7238
11629 11490
9401 9988
7656 2028
10083 7584
6613 3402
11648 4741
6806 2253
12102 6697
8908 5
5451 2726
13485 7313
9731 4958
13425 1937
5714 2716
6618 2156
3910 156
13587 35
1915 431
5306 544
9818 13384
9220 3779
13734 2240
4104 11060
11126 7244
6622 4072
11221 1897
11714 3477
668 3216
7763 166
286 515
13763 5444
5744 360
6916 7566
7720 4024
10769 1065
13096 2500
6848 385
13347 8476
13105 5967
3092 4308
1924 3192
4831 9236
13764 10330
8077 2134
6037 3257
7953 6770
13765 372
10973 1874
13732 11880
1995 7845
7420 1967
1745 5716
10947 3380
4595 3265
13766 5659
11922 3602
10181 11635
7070 6033
11670 1702
9898 7502
12830 3548
5348 3051
6264 1485
4459 2967
203 657
10294 1854
13068 4609
2161 942
11046 1110
13605 5662
2258 5758
2429 8175
13376 5980
13432 845
9000 6717
13278 3387
3514 459
7924 8083
11579 140
13633 9521
6319 5046
12177 3323
13493 882
13288 176
2386 1464
1811 11431
4484 2854
2433 7352
6163 2719
8372 1897
840 1152
7823 2387
9477 10299
5218 8753
10090 4514
5372 632
10735 2238
13441 3402
13760 726
7834 2581
12791 2255
12310 1484
13767 3470
3348 2957
4864 1453
4923 3366
12951 1764
13500 11018
12882 1858
7520 1916
9832 1326
2449 170
3769 977
4090 261
12978 8459
7622 5450
10316 5674
12538 9077
13365 12214
11772 536
10633 2786
13459 1809
6154 8368
4261 1719
12454 6394
10489 1793
4272 1469
13131 412
6359 4055
13768 9297
9843 7875
5973 1322
13333 4538
13769 1350
12400 5547
2300 4350
13537 2038
13748 1262
10375 704
11773 4153
721 3557
13770 3125
6021 5539
7554 10230
12112 5622
4675 9056
7302 405
10885 10403
10392 1378
9564 5148
11038 6253
7840 4130
6868 4778
1848 6118
13771 5398
12463 8162
6907 2850
7065 9829
6372 837
7191 818
10819 10821
7430 2869
8690 9842
10783 2774
4987 6113
3955 9912
11827 3250
13655 2999
7568 1512
4124 839
7611 350
6336 9056
9658 3628
7890 7960
10730 7260
1969 8508
2853 9033
12970 12282
12284 940
6939 1484
4547 12541
9081 5098
10465 9370
13753 7358
4859 4055
10879 2852
2983 2542
6950 473
8055 11386
11853 196
13039 8558
12615 424
5033 9310
2420 5828
8042 4849
13093 3068
10750 558
7211 2854
4703 3150
13385 7192
13552 7517
13772 4992
377 13302
12713 7330
11714 845
3979 140
8749 9673
12650 1093
4697 6676
1351 1925
4251 2935
13682 2278
12075 2238
5592 4888
6935 3897
10288 6238
11444 4858
5078 2011
5200 1823
13401 1166
12553 5088
11187 9802
10937 3392
7285 8943
10991 1013
13742 1161
7462 3555
7059 837
11222 3571
616 914
13773 6910
12661 3863
3503 5776
13475 35
11422 7512
7704 1093
11619 154
12771 3402
7583 12509
9833 4028
3427 2677
13445 2716
13774 6771
13727 4121
271 3805
11651 3740
3748 5156
12270 7977
12389 1469
2006 3674
9126 1049
10762 5424
8091 2881
6889 5735
10962 17
7884 247
13102 584
6877 6952
13544 3234
11463 5705
10614 1967
13030 122
13060 1382
13288 5967
4373 592
9871 11578
9287 582
4685 1490
13582 4849
13772 704
9044 3613
5510 5182
4855 2793
13167 6180
10837 826
12076 5931
7181 2683
1602 335
8595 4465
13535 9713
4634 3110
7831 120
13523 1017
5390 7445
9490 6483
4978 2768
1226 2976
10505 1719
13624 931
13435 1093
13736 653
9757 617
9094 2681
13775 4121
13366 730
2140 5571
13776 1469
12588 4026
6340 11024
7806 453
13025 9246
13133 628
13721 10037
4102 5809
10151 7743
12070 2483
4649 2320
5326 166
1461 3821
972 2064
12031 2590
6621 401
13596 5625
5319 2607
13776 8968
13777 4687
5850 3061
11969 5030
9717 5237
8475 15
13778 12051
11143 11413
10229 630
13129 1029
12905 993
13779 1916
6170 6936
13780 9505
4575 8011
827 2531
13781 17
8198 2145
725 3128
11895 5644
13782 5171
12927 10573
11414 4585
9337 440
11079 2465
1040 969
10538 702
13603 405
13783 9175
13293 7760
13784 2516
3261 7427
4811 1967
12700 471
11158 19
9039 11540
13411 8379
13518 1947
6617 140
8739 4609
13658 3195
12247 2869
5639 6598
13269 2585
13785 3194
12793 2005
5275 12778
11341 6550
5435 8930
6041 8229
13473 9462
10188 5800
7669 4108
5676 861
13046 11574
10660 2848
7362 3804
13786 9060
5132 584
11104 4232
197 1065
11845 7214
11767 9095
13483 3623
12034 2238
13125 6502
13787 9310
10921 4198
13235 1093
13397 5343
12909 35
3292 5859
8598 2238
7464 849
4053 3694
13706 1510
8757 5786
4216 3487
9707 4849
12752 2542
12719 550
13788 1823
13019 9457
11195 12594
2477 3099
10862 768
13464 3770
3448 1221
12005 344
8202 12122
8029 162
2771 857
11659 1372
3894 2231
10981 1510
5961 2962
13789 8094
11871 2304
9952 1106
13778 4667
6054 5452
10841 6095
8634 5883
12606 114
12684 1764
12156 3027
13668 5700
11318 170
10695 487
179 7029
5545 3970
2335 2681
11670 1015
141 6293
896 51
8160 4174
12990 12868
10469 893
4299 1075
4723 5008
13790 8532
13791 5208
8035 5953
13195 2406
12496 360
11856 6238
7808 1296
13792 5345
11515 7360
7669 4281
13755 2036
12496 4467
4457 5613
11546 1928
13502 9204
10835 10196
3334 10298
9145 4339
9065 265
6577 8256
13691 845
5388 5279
12980 624
13246 2935
5462 1012
10484 4345
8638 6423
2333 376
7185 5855
3420 1732
12576 5806
1756 7120
4570 9004
11297 265
6517 9310
8891 3287
11601 1675
8980 4520
12709 4556
2332 204
3120 1348
11860 1498
11247 35
7051 9056
3353 3131
13793 1697
11624 1039
5449 4397
13648 9673
2717 2757
11980 1945
3179 2531
13570 2199
13794 2572
5580 1469
9735 10305
6627 2848
7194 5864
9121 3988
8228 5279
9224 11623
506 9033
9379 409
13795 700
9469 11127
13781 2544
9357 2156
8678 1918
9994 4256
9731 612
555 482
9805 6278
11705 960
1974 7192
13487 5659
6832 5302
10599 1017
5866 10184
13796 4208
8017 2516
2831 1428
8559 3268
13797 1914
2663 3080
5094 4022
7138 8993
5188 10605
256 10184
10313 1789
8821 136
3948 7533
12357 4915
9714 955
12292 6490
7328 5846
4766 10037
6488 1918
13717 17
12567 4718
3292 6355
3699 7552
12012 354
7737 6817
11713 1818
8227 17
10813 9953
12482 261
2797 3824
6399 7113
13292 1055
10080 4486
8064 9101
9238 845
745 1967
10023 8241
12177 1637
13798 263
13759 7478
11143 5928
9162 405
12003 8127
13371 6121
13445 11482
7387 5901
11055 5385
1971 3303
8182 6993
6533 449
9104 267
9922 5325
6055 8558
8161 2788
13690 7031
13799 3222
12897 148
13800 1027
8440 3402
11094 7284
10381 12457
12346 174
12649 120
8288 9354
2169 1839
13801 120
6014 366
12720 3481
9822 4721
4194 63
1143 2057
10897 1598
10499 641
11839 3933
2937 120
11209 775
3618 5901
11867 166
6202 4695
12038 9961
8687 10836
4940 6626
2008 3213
13802 5705
8514 5316
12582 2211
12628 4135
13529 547
12856 4897
8070 2267
5681 2348
10412 2774
7846 3230
9618 7253
13803 5633
4314 1045
13680 6083
5944 2850
9876 2214
13324 6351
10369 2679
13804 4208
12189 5965
2696 1027
608 412
7722 4650
13286 9102
13805 6377
7944 4545
13513 7272
6064 2218
12094 6730
11634 376
12438 6415
13806 7968
5610 4310
1212 1533
13807 4281
13774 8275
10376 742
7812 1075
3132 3751
10727 1649
11639 9415
13808 3817
4001 3957
9971 6385
13084 1843
6096 6217
13782 5274
4519 1623
10042 2935
9476 1033
11754 3277
13142 2947
454 2689
13068 11557
10715 166
11212 1121
11844 5533
12433 3887
11592 4389
13693 9130
7807 8292
13809 3732
6512 1947
13259 5976
7359 8993
13810 5208
7384 1125
8884 893
11890 2978
7805 4198
8722 3456
1454 11431
8970 1057
7493 2745
10158 1492
8473 4791
7008 4745
13811 3150
1900 5700
12131 554
4506 1683
11157 871
11610 780
12382 1666
13812 9927
2045 138
3840 576
13813 4684
12960 9425
13814 8817
13127 393
11838 7441
9878 11169
13562 2291
12570 7552
2138 7572
10453 7031
11447 1386
8363 89
13702 7441
6000 27
6949 6789
758 444
12478 2842
13496 10894
10816 4052
11742 3911
12863 7007
11866 5073
13439 7179
7833 8119
7506 676
4201 1732
13690 1673
7012 837
12661 317
13664 3438
13643 5571
13795 7714
10651 7169
3465 6217
9748 9645
11621 9460
9675 9472
9159 3674
3340 7000
2543 2860
988 4849
5824 2090
13815 11623
4454 4259
7481 541
11066 12251
10317 4550
1129 3856
923 15
10654 1380
1759 397
12128 9072
13637 2459
3153 4775
6754 407
5031 1354
8808 8519
12976 11169
13188 1658
476 2450
2708 1484
5249 3043
13816 2207
11901 8292
11566 2026
6812 1818
6946 2974
5332 857
12226 4244
12808 4948
10122 1013
9080 83
13817 7445
12042 1083
10622 2545
9752 4849
7057 10222
5135 6895
6120 5028
13546 558
1873 120
13178 4514
4916 1091
12791 3216
8645 2025
8594 3774
13741 969
4159 4085
11828 1719
4485 1452
13304 2049
10825 6993
5400 110
13064 11021
6510 4625
12943 5622
7389 1965
10407 562
1280 285
11914 6854
12743 6195
3693 17
9324 857
13811 198
8088 3110
6008 5461
842 1492
13682 5607
8309 2028
12407 9223
2680 6020
10040 4545
1353 845
13539 5949
12001 453
7973 1448
10817 11492
8231 6509
6707 4590
7187 3573
12542 6203
13147 1727
3971 3425
12939 1803
12025 6310
12364 2701
11191 3753
11176 3392
1375 726
2486 2419
8833 2942
10311 4074
6653 8596
7764 6502
13818 1914
13558 7569
9779 2309
13512 1537
13289 4303
470 594
9617 1736
6957 1803
11615 2145
6803 4520
11708 3412
13819 1055
13820 2102
13599 433
3886 650
10981 3419
13709 1675
12767 4189
10857 7650
12894 7284
9632 4507
12283 3557
9874 4438
5568 1473
18 1635
8733 9084
13821 103
8766 9633
4045 55
11427 10393
13737 1174
11622 7960
9715 698
10147 1535
11218 2439
13822 3779
12632 9655
11543 4256
12245 3552
13248 120
13301 11635
7995 7109
11862 8373
423 2428
10849 5779
13471 8791
4816 1079
5269 6251
10862 645
13443 2404
3011 3493
8861 5947
2876 3043
10354 1093
12881 1963
6976 2188
13466 3468
10589 3850
12421 775
13823 118
10765 2716
7401 8175
8019 895
2341 376
2157 1471
2556 1647
4279 1677
13617 293
13572 1354
4433 422
16 981
12114 192
1094 1186
13685 2445
2079 849
10693 1921
11608 5555
13824 251
4415 1017
5020 372
6878 969
13825 1651
6720 9824
2502 6694
4007 3248
11042 9742
13609 938
767 1159
13283 9249
3884 837
7686 6025
13034 4156
13461 13302
13412 9988
13594 3464
10476 7313
6809 405
8402 311
4064 6113
3935 1010
8662 1017
13826 4123
9423 3425
13769 1484
12807 6819
9116 7045
4161 1013
6398 7015
11887 1937
2048 12754
7859 7608
400 1786
10468 19
13677 10270
1875 1963
4243 7262
12458 1484
11873 7446
6761 1579
13827 37
8153 7218
8452 3672
13828 322
8857 5310
2056 49
13532 748
884 3053
13003 3582
5624 9004
7078 4778
11516 2666
13011 816
13654 5976
4490 2030
6436 757
5525 3005
7206 4542
13327 855
9724 10298
10723 5943
11359 1736
12782 515
13287 5380
13207 2251
13829 10184
10761 1285
4924 2588
12718 71
7762 1599
13129 376
10387 1593
5614 969
13830 344
6068 3022
11333 1975
9339 5083
13829 8167
1806 692
13194 140
13831 1269
5615 12051
8451 541
681 918
5471 9135
9948 1269
11037 8943
13832 1553
13833 9183
3298 4230
13575 57
7911 1017
10177 4486
2353 5783
5576 5495
7281 6719
9234 8311
8691 10270
11817 453
417 5812
3857 4491
10458 4339
12345 1704
13834 3189
12086 10787
13835 2585
13836 12922
13837 9246
3959 4456
13818 1231
13670 5380
1315 1557
3483 12962
56 857
13834 5241
10015 8656
3126 4765
13469 166
13838 1717
10888 603
13357 9282
11229 1197
6682 478
7006 5839
2605 5516
8232 2557
4943 1209
10852 1805
6937 5158
8410 796
7640 2661
11426 7069
11783 933
1989 1904
11519 3815
11394 3680
3417 5875
207 955
13258 7926
13837 3907
13151 4080
9578 6819
9607 11655
11509 1388
10150 8656
1275 1013
11795 1213
11662 10060
12384 8741
4603 3110
11205 11663
13839 1685
4134 3306
10632 12091
5626 303
13840 8780
6735 9942
4502 6811
7890 7864
8779 1603
3261 1685
4070 122
12429 853
6728 1039
5487 13155
13311 2854
9937 223
11467 4085
4392 2369
840 17
5993 360
9021 453
9761 5059
13456 4407
7477 4712
6285 1322
13752 7813
13256 3461
4495 4336
13757 2780
2039 43
8879 337
9847 8116
870 1831
10639 5953
1369 2456
6760 6147
12437 405
6786 1150
217 5972
7600 7584
13841 1140
559 255
13636 5194
8112 724
3686 7864
9801 2139
1291 10182
4197 132
7755 5938
4196 2938
13798 2933
4898 7522
6436 3257
7904 1598
13842 11880
13595 8946
9564 6274
12396 10952
11953 1434
7049 6043
7939 5976
9987 7134
11990 1416
13580 5274
881 566
5599 4310
7438 931
11568 3824
1929 1152
11589 1
1451 9623
6807 5674
13843 933
12914 5279
5320 5233
4239 2676
9528 484
13844 4407
13589 2533
7485 7791
5180 599
13845 3385
12690 1428
13652 2267
3924 146
13813 1017
13181 5439
5789 71
11121 9645
13614 9243
6320 2860
6791 5342
5621 8574
460 9215
13032 10741
11408 6552
4621 17
9371 4477
3503 630
9759 2544
11994 841
3343 3380
13374 9310
2729 1013
5471 2214
5198 1781
12853 3268
1913 8254
11543 2478
3958 12778
10609 7918
12358 8614
13816 9521
9313 9462
3056 1947
12755 5880
11022 2301
12774 107
8635 1764
13176 5057
7356 5308
11959 11386
3896 3590
9384 9199
11471 6584
4378 1529
5956 1708
12589 3785
4043 3608
5280 4633
7123 3041
7766 7253
7956 8275
10970 2301
11069 5350
13424 10834
12889 57
9732 1385
13354 194
11886 4908
13226 10037
6647 639
1787 7733
9878 3591
10935 3727
11981 1285
3163 3308
9335 10403
11154 1179
2140 4868
11352 107
13359 11949
12137 7053
13846 696
13552 5345
13847 4426
11133 969
13316 2478
8989 8614
9901 1687
7085 515
2574 4022
13528 7495
10228 2211
5836 2854
9891 3921
11149 863
13550 140
4956 1533
12980 1013
460 2228
13848 3310
2941 3710
302 12594
3922 3057
11340 3106
13849 7441
13386 3250
909 1975
8262 1181
4768 865
1474 223
7681 9135
6061 3222
3599 4012
5352 4406
13819 11441
13620 574
12164 148
6680 8604
13835 214
8827 372
10231 6952
3757 6429
13576 279
12596 6635
13569 10621
13478 650
8260 5511
4228 6993
8751 742
8396 368
5305 3804
8060 1812
12580 3870
12722 2291
11430 9575
12751 5192
3984 9236
11678 170
11522 700
11020 3926
3478 7471
9304 6224
13845 554
11377 138
4322 2965
12792 1823
13449 3951
9311 4695
11175 8236
135 878
12956 4329
13375 2224
9581 17
2944 4705
4914 6344
12911 4578
7590 828
4779 2320
10072 734
12671 3150
10808 57
13695 7992
11679 1642
10519 8664
3457 5812
6200 5655
11848 4089
8631 4065
12238 3694
6213 3110
12056 2854
12963 4503
12624 5800
10113 1601
12320 482
11910 3546
13850 5518
5667 3732
12087 4014
10792 7646
12436 57
7613 7094
12611 3856
12866 1547
8851 1455
11790 12541
3782 6631
13428 364
3888 1547
11070 57
3588 372
7384 2247
5051 5695
6491 10974
12869 6049
8888 6984
2350 2160
12015 3248
13514 13743
13313 698
11045 200
10199 507
5412 2480
13851 1298
9138 7977
5068 2840
6197 200
13852 3481
13842 6310
4885 12557
677 5444
12997 9560
12941 2544
13363 4292
13728 10041
11929 3344
4635 6490
1795 364
4319 7865
6243 383
8317 1380
945 7104
5986 315
10287 2485
11852 4854
12237 4140
2767 3698
1198 4633
242 7101
1544 333
12648 6038
12471 8661
13274 2145
8563 4208
13217 27
10578 2228
5449 69
4501 5083
1638 1029
13774 4878
522 2790
10824 3744
8205 768
12595 6351
7341 4156
13582 1225
12498 3507
13283 2324
2506 971
8069 8576
12530 9497
9817 11688
573 2505
12775 7666
12945 4438
670 1573
13640 1121
8539 10418
10993 4594
12256 7378
1270 5429
13817 424
7005 5526
7368 9695
2613 1416
11825 8373
12319 297
10192 1786
13003 7229
10047 465
8350 8389
12913 1271
10700 5161
1270 1341
1816 4305
13410 1037
4870 3481
11044 1498
9796 3349
2261 8047
8834 3905
13200 1520
11654 3995
13694 1616
13853 1973
13765 5194
13854 8127
13855 2218
5327 2714
5579 5980
9299 3175
13676 7760
13206 2218
9606 2677
13708 4202
4221 2529
12111 10037
13080 6390
10507 3905
2630 4032
13825 4893
5124 2739
9107 1525
2800 661
13856 247
10622 1217
7810 645
12987 1273
10082 1732
4656 3272
11349 1455
5437 5083
13761 1252
3658 2389
9680 6545
11628 7885
10356 3642
607 9180
11518 12919
4401 3808
13566 1637
12144 6825
12213 17
3297 7218
8853 513
1862 6478
7135 1897
13791 7040
10072 1065
8114 1017
2307 1013
8912 1303
13722 4524
12047 2053
12862 1515
8278 3850
4213 3390
6533 3390
8122 4246
7459 412
10743 2263
5021 433
13645 8924
3985 6214
9270 233
12568 1083
7661 6545
13857 10295
4106 10239
5898 120
11716 1012
11749 3487
13281 4430
12273 233
1470 857
7248 3106
4192 5779
1096 7214
3601 3396
10088 4119
2474 6800
7520 820
9291 3638
121 1341
5876 772
6834 2137
4664 267
9545 2518
8054 5995
3354 35
2707 12919
623 455
949 812
7624 933
12165 453
7944 372
3561 5380
2823 2793
8925 3116
13407 1480
10620 6124
6341 3538
10768 1055
8346 9734
12970 120
8457 882
4720 2547
7023 3005
11986 372
13562 2542
8345 5636
12749 166
1986 4946
8140 5976
4056 12868
1905 700
7421 9190
11307 6679
8048 6749
6342 5820
3568 7360
7631 1616
3991 2706
9585 582
10587 8629
13346 2909
13449 845
7688 9865
6999 1445
13785 757
12448 11159
6683 7239
7479 4455
13614 3706
7863 7960
10972 1566
12507 8178
1334 770
13199 3727
4752 12509
292 1283
6246 547
10874 438
6318 2757
12637 7287
2393 7011
13858 346
11960 7134
8297 1093
8030 6536
4412 5184
1718 8225
8204 4952
7357 12214
12193 2094
10291 2828
13084 630
13606 10346
6257 780
1880 12113
13850 8762
9773 1973
9299 5043
13833 403
13647 1683
2409 4331
13590 3192
13485 2255
3280 3257
8490 473
13710 12623
13859 6560
7398 9684
12618 558
12178 3402
13729 3053
13059 1013
460 1583
10045 10239
8130 2366
12082 5804
10988 7584
13714 5001
13350 5452
10631 4246
12898 10153
5372 7727
3946 4441
13860 7885
6477 1863
11298 626
12574 2547
9676 6934
13462 718
7399 1225
13262 4607
4105 4659
13824 1203
11948 6804
8763 10934
4702 837
9049 194
4604 8576
12098 7558
8844 4988
1829 912
13490 7220
4264 7451
4938 1266
12811 1061
9207 1614
8161 6733
12700 342
11813 6694
13672 5208
11402 845
10516 4888
3171 156
9148 857
11198 416
13725 1213
12627 8532
13240 6490
13422 2387
9006 1914
1919 588
5709 2599
13738 6733
10531 2145
10297 2162
13077 2520
6734 4461
4907 1980
12854 1937
12327 1950
12597 5098
7870 2090
8809 6972
5483 1345
12707 1128
13351 10925
2131 360
505 8156
10457 3005
6929 11949
5381 1599
9115 4002
12673 10500
11157 730
13607 7045
1495 2298
9399 1677
5311 490
13567 7009
12590 7367
10593 1480
8284 140
2494 1213
13457 1732
4375 2379
7038 4202
11071 9269
7342 7145
2941 7313
13861 796
8826 3578
10274 1123
1415 1372
13862 6915
5035 669
11451 2760
13768 3874
9957 2554
12020 9520
12646 873
6082 2417
13649 9998
1291 1199
13034 5662
3935 4202
8034 8806
12495 2379
10964 895
10209 2677
13764 5415
8707 1065
12576 4767
4413 1547
5480 3879
11059 2064
12680 7192
9191 5812
4934 4638
13398 2616
10968 4729
5390 424
5844 8773
7557 2531
3558 3584
11846 8373
9670 156
6565 120
8964 10295
1919 859
13730 2518
10890 6697
13705 4121
10978 647
10227 71
13434 1418
10863 4572
3459 1051
10220 641
10496 3194
4880 118
12884 344
8420 3797
5422 863
11916 3841
12182 2172
12444 1947
13863 229
11347 11577
11502 424
4960 6429
10232 1168
9781 4352
13164 3602
7413 6166
13864 938
4200 3080
2225 5622
10960 1382
7210 1828
11778 1266
12176 2588
13696 5776
9570 4305
3129 3387
6068 2804
7636 9130
10818 4663
12769 10134
8046 2516
13865 1003
7651 9152
5333 424
2984 1823
10408 2145
8610 6025
468 1318
11727 2577
11384 9415
12452 196
5823 15
8611 1416
4321 521
1751 372
13458 3255
62 9
9227 9684
13228 3879
13574 397
6037 1485
10917 10573
3930 8116
10430 9967
12702 1148
4443 1893
8464 120
13036 4331
11595 2808
11697 1727
2035 11857
5961 3779
6123 7595
8864 8156
13516 2120
3956 9548
12883 1336
2534 8753
13866 2817
12721 13511
7372 380
9514 49
3042 2020
4023 1975
460 4937
7955 8172
5395 307
7562 4667
11636 2581
13867 6453
13868 241
11201 1035
2113 6629
11393 6201
13268 1982
5573 7541
992 2295
9991 532
11041 1956
11657 2679
10963 3747
9584 1203
1247 8753
11931 7045
5448 3133
13756 2193
12600 1231
5651 7865
12928 1174
9850 3696
11930 10513
11373 393
11607 1727
4792 10305
5870 1441
5303 5833
413 10894
11019 5052
9021 950
6031 969
1137 786
12241 2992
13717 4475
13264 6210
10720 4236
11196 6711
10186 1053
13869 3206
6358 3133
10842 1017
13870 6445
2899 4407
12344 480
13828 2995
6807 4542
7847 6426
12651 2820
8447 5776
5860 2428
10024 2513
12890 9599
7738 5721
11726 4168
12683 6450
7473 196
6392 3858
2882 2226
9349 6871
12870 6073
1846 2139
6569 7875
1349 7650
13243 2808
3225 1557
3484 5716
13338 297
13853 6656
9390 8246
10976 3255
10044 1906
460 7163
13860 247
8434 10820
13871 6676
9147 2992
13285 3213
9347 5555
13468 73
13773 10513
13872 3788
13807 6259
13873 2739
11106 2322
13571 4563
1163 1213
12851 11683
8895 6770
3678 6483
7519 126
6780 5607
4846 8037
10146 4952
1934 3844
9881 11945
10568 2158
13257 6895
9588 5518
1147 214
9027 10168
10485 2203
13255 3936
12162 11125
1594 19
10723 492
2274 2067
13070 11
9341 1255
13309 544
4748 6113
13225 8139
13598 2745
12055 6346
240 307
11902 772
6090 617
10451 7253
109 8863
8366 8968
10337 2211
6847 17
4440 5976
6873 7510
12531 4630
9791 482
5164 4931
11829 4145
11135 3911
13874 1206
4674 4032
10565 10801
13875 1095
4150 6201
12516 3031
10151 1356
8454 3285
153 1967
8789 3706
7157 2139
13482 9110
12860 4183
11403 586
1740 8648
4746 4049
13246 5987
12253 3481
4646 6665
5189 8619
13876 3053
7156 1303
4628 3045
10805 2992
8997 1758
9182 4052
13823 837
66 772
11472 6071
7277 7209
13786 2500
3673 2007
13579 4585
4810 6017
13290 1106
3737 5983
11767 1298
6703 8562
12265 2818
8756 8728
2315 11880
10092 1382
6248 800
6945 3287
7482 772
12858 3472
12989 3279
2509 4032
11583 1071
3614 822
12212 1573
10307 4860
2484 3687
11405 107
5979 802
6455 6113
209 788
8417 4265
4460 1285
13877 772
272 118
1180 8175
7500 1069
10707 2145
7978 927
11559 5184
8948 8225
6633 554
11696 3250
3786 2780
8222 10299
10567 513
12003 3432
2781 15
8880 7680
13878 1988
11049 7457
1922 1537
11073 9742
2243 8305
9089 2387
13653 3106
6538 2293
12423 10087
10080 5088
12527 3005
7310 3147
6880 10613
3792 118
703 405
8868 1416
8994 2952
316 4919
2807 507
9832 6520
13540 4486
12964 7682
12805 6511
8881 3360
13276 5721
12555 3495
2642 10500
10711 2437
3807 6231
13685 4659
13867 4999
13713 1760
11859 1391
8496 1758
1124 2581
11046 7091
8942 6771
12527 1278
7430 1259
8978 893
2874 2064
9872 6993
11982 6590
13515 35
163 768
8478 5533
10301 1017
7307 684
4904 2172
10908 873
9782 8502
181 480
984 2134
6418 3844
12239 6222
12108 690
12856 4333
10638 9255
4610 287
12714 2669
8255 3692
11440 1912
11143 798
1411 433
7187 3801
6126 41
11217 3057
13062 3475
12669 2585
7628 3615
9364 6984
8694 5024
12182 5380
4648 6214
9798 2381
13879 1288
3103 8519
4298 287
11168 4491
13256 2860
5551 3576
9470 1393
1068 376
2729 2151
2750 478
3149 6149
11721 7054
5986 1719
9921 140
13100 2238
6352 11578
9715 9599
12670 35
5870 645
12875 507
13410 1269
9995 10741
9851 1071
13658 8175
13563 10121
13711 4305
5595 2513
5405 305
1659 166
13320 166
6177 27
4067 6995
13863 857
11123 6006
629 395
10036 871
12399 871
13587 3355
7713 4049
2646 3511
1395 490
3038 4609
13531 401
8651 3195
7663 2017
6054 752
13868 1764
13074 7894
13132 10564
13880 818
8855 4585
14 924
13881 1075
8004 6025
13296 710
2586 487
4073 3108
1991 5833
10293 1150
6954 5791
2093 8461
7618 2017
5734 1448
12479 2413
10173 1599
5093 5810
12921 4336
2376 650
1200 1736
1955 3360
12895 4108
5353 647
13882 8162
1983 307
9178 784
13180 3638
13280 1197
10659 902
4410 2679
11399 2463
6988 3387
11170 6043
11873 2719
13619 2545
273 6208
2993 5828
13869 3125
8962 3080
13198 6426
8353 1017
9939 3636
13022 1434
8783 5938
10445 11421
12750 3138
2052 2445
9559 5310
8279 13155
2740 3255
12059 1363
11426 1856
4251 5987
13784 2408
7280 5987
10994 938
7282 10249
4054 446
5955 1809
6703 13743
8237 57
6014 4689
7717 647
13676 1825
11188 588
6077 895
1258 2115
5261 3511
9040 6311
13678 5204
11875 5088
12302 9152
13876 4807
9312 6540
13726 1809
11407 380
9206 4594
13578 5940
13228 4791
13601 4387
6353 5008
11368 5283
5602 576
9543 5049
12180 1213
8155 7089
9640 360
3705 5436
5763 3687
294 1750
4666 4650
9007 3692
12740 249
3420 490
11882 2607
3211 1055
13641 3396
7860 3282
345 610
1857 1914
9875 3172
6244 4382
11799 13384
13209 67
5397 4132
3358 2322
9699 7746
12425 3810
9091 3059
7777 4970
8152 2862
11947 307
4892 1338
9959 85
13591 3523
1524 912
901 2854
2819 2483
11569 4083
10874 4585
9924 2503
11228 3150
2497 4592
12992 3106
6803 279
13426 6631
12132 5705
10071 5671
4341 7229
7665 3123
10048 7291
7057 8840
935 2082
10456 6286
11499 4538
6376 1341
10236 93
10603 1492
4600 3257
4874 6970
7433 9548
11513 3158
11362 1001
12903 8307
8697 1019
13506 9418
12377 1690
6517 2472
13456 1667
9739 1719
12544 7375
12483 1380
11331 2905
6184 2554
8096 5091
6611 5156
13030 1108
13770 9060
7475 802
10892 10918
13883 6092
1841 6260
9170 6825
9709 2679
6291 4516
4341 2465
10132 4868
8432 348
7246 7502
13884 2627
3433 7031
12153 871
10634 624
5550 1614
13348 1408
2232 6547
7331 12214
13885 4123
13561 757
12695 3121
2728 5447
12994 10820
5620 393
10343 859
11558 10005
4616 9382
13871 2524
5606 6073
10380 214
1817 1320
12575 55
13167 2478
3337 89
3516 5008
11306 1013
7278 513
12912 7058
13766 2282
13864 9949
5470 188
12563 3169
12986 11296
4746 9956
13157 3234
12652 3357
12866 2238
2894 615
9943 5043
11102 12122
13719 405
9869 4477
9517 4689
13635 4761
11118 1246
9681 6797
13240 2240
11800 4678
13846 103
12999 8305
13254 12754
4094 684
6882 1484
7961 2158
4702 2537
12806 8614
5631 1333
5011 8469
6949 1123
13886 5901
11346 845
8215 2284
8793 3177
11789 2830
12660 35
6844 1768
8214 2326
2561 1464
10324 184
10569 1161
13208 708
12720 713
11914 1075
3616 2017
9474 4549
12671 3106
415 166
12599 1845
11380 7171
1929 1428
13335 8236
10315 8074
11389 4981
3494 4592
8099 1021
9161 9056
6150 1271
5572 2735
8676 8172
13887 7147
13223 7556
10074 7207
6001 200
8833 7313
11037 3158
12147 8124
9888 9655
11171 5182
10042 1719
12063 10979
11926 6006
13387 1049
13637 3706
4392 10753
8801 672
2371 4891
2296 1746
13886 2411
5738 8614
11160 3177
12818 2007
13778 3470
13247 9655
7039 10934
2782 4160
13265 1017
13706 2328
13793 3319
9321 3477
10823 6910
13789 2837
11148 12372
12318 10894
10828 3055
13654 5529
10602 1059
10069 5867
10744 1579
2773 1408
4974 3205
7154 7405
8080 8717
12482 5212
6102 1065
7503 5987
12887 6526
3579 3936
12918 2218
13877 67
5378 1935
13670 2172
13050 7617
13838 2854
12501 8711
13307 1278
5970 3613
6134 158
12641 7875
3006 8614
6773 1537
12923 1013
13143 2557
9037 4113
13689 1203
12203 700
12540 1338
13599 3797
2296 5716
8979 9031
2391 19
5912 8358
13888 2318
13889 10925
2802 4329
13035 2992
11636 8519
12330 6454
12665 2381
9637 3158
5244 3992
5322 3106
13724 1071
2287 1768
8230 895
8439 57
13018 4411
3724 624
2388 3810
3556 1947
13626 494
4779 3497
13890 2833
12402 8085
1145 7111
11067 561
8016 283
8765 4578
9688 5343
4480 3722
13891 3741
6459 1828
11500 7130
13367 1017
12685 3830
4021 5112
12014 8032
1907 265
24 5297
13557 5578
12975 101
2358 5049
3956 354
7322 4366
5948 637
11576 8011
13666 2000
6456 1229
13451 3069
3766 969
5254 3166
10517 3519
10588 5758
8268 120
3898 4585
4640 17
5682 3202
9920 5208
123 5313
11501 4602
917 3727
1532 1213
12011 1017
12651 1893
13665 1988
545 3710
9119 1652
13462 4339
13889 2817
6401 1755
10379 4108
8064 757
155 3788
6451 2301
12284 4202
13715 1104
1486 1899
8173 1791
9196 610
7759 3253
12022 5304
3806 3110
13692 1231
13592 126
9009 2351
13263 4542
13892 2174
477 1916
13525 3623
6774 1017
6644 8318
7839 4778
13561 1925
13436 465
7361 7791
3094 889
8737 1168
6682 2585
589 6043
6979 4822
13323 4712
2244 4866
7329 518
8511 6073
13437 1861
9803 3182
13679 8743
13000 2524
13007 73
12666 1029
12293 3740
10464 299
6810 4503
9768 3642
12883 1262
3352 3234
4658 1358
13454 2231
11320 3824
6756 7173
10493 1982
2945 3036
6743 9893
470 4998
8931 2326
12933 1281
10763 8546
6236 405
13020 588
13418 1017
12998 1803
13795 330
13794 158
11124 977
10402 1527
11626 3500
12346 7330
11322 253
9545 1877
11227 4524
9113 3150
13893 4741
13092 7096
8602 3557
2720 694
12270 6536
651 4204
11218 186
3328 3487
9970 2790
13894 35
12334 3851
13895 971
1597 7192
1582 5343
7638 5476
1802 103
4432 1356
7975 7113
10811 5158
6639 3200
3860 700
11724 10230
6496 2359
10046 3824
12031 6552
10215 5833
460 2176
13896 5300
5693 7824
11959 6892
12492 3177
11469 4665
13897 8532
7329 174
976 4208
10099 473
11307 950
12950 1093
5531 2583
6150 5779
6594 1013
9417 8311
11924 8031
10187 728
6839 4963
9274 422
13006 7794
10683 10138
11258 11999
6093 2549
3791 1108
8390 1071
5070 393
13898 10471
3946 4303
5696 120
9919 2804
9815 3623
10284 4278
5778 2772
6701 1687
13788 6981
6268 8326
12543 3623
10516 2326
8798 7486
13899 1541
11005 3398
13052 4000
13573 1231
11089 4250
3259 3711
2088 2850
5323 4368
12847 11688
4564 2763
8484 6984
5397 9236
6024 1071
1604 11138
460 3674
400 2564
5952 871
11364 8762
13893 8606
1491 3041
5975 5529
3322 2318
3812 10932
12717 8817
12886 5492
6658 1112
2766 1213
11488 10471
8442 1533
13148 4250
8565 140
4671 5765
13900 1799
3156 7244
10768 8299
1668 1152
13901 11303
2476 4252
7740 4352
13660 6520
9211 3039
13182 3131
13271 1457
5100 2293
2713 6789
13508 1649
13843 7017
13674 1947
8212 1455
11475 2500
6688 3926
5499 10121
13484 9451
2305 1366
10470 120
629 1843
3070 914
10637 2978
9708 1413
9806 11492
13703 908
11596 13155
5319 1660
949 7262
10033 7746
12848 1292
8976 5705
542 71
10617 11945
8403 2124
13672 2887
9717 1818
5348 617
1648 5765
11593 4545
13615 1164
10345 4022
12701 5869
13308 1577
10966 1523
13902 1388
3151 405
10035 19
12006 615
10414 3323
13312 5253
4722 3396
4788 4153
4433 2544
8233 5154
12222 9541
1551 482
13053 5342
13541 4426
10052 13903
13737 2962
7485 1017
7838 8898
11821 3106
2733 1029
11226 393
12887 9942
7654 2681
12871 1490
12857 267
10370 7617
1840 552
7180 311
6198 340
13406 6253
4060 360
13884 424
9438 7104
9374 444
5832 7113
13866 166
11530 1106
4425 2023
8947 713
9834 572
4886 1370
7183 9944
6440 887
12816 2622
13647 8190
998 871
10642 1579
13361 4455
13790 997
13476 10299
12385 3076
13078 6771
11103 2007
8351 3402
9161 4006
7131 3250
13904 2120
13905 3238
12186 8412
13718 5229
7883 6390
12520 1469
7526 9135
9860 3287
12260 845
9331 166
10261 4854
13460 1269
11410 4818
12850 7058
10245 57
10853 53
2388 2374
8456 1091
1423 4451
11181 4520
5895 2483
5149 5901
10210 15
6641 11417
12603 241
13396 8119
13501 5901
3186 4538
5865 10753
11796 2456
12481 4806
13299 2564
2303 1017
11110 1372
13906 2218
12584 1361
7874 4617
11769 1559
13762 2911
9820 2172
10233 53
12133 3110
3852 1469
9365 824
2504 174
8662 8094
13005 1093
11527 802
5862 4812
5047 4750
10094 3360
13745 1623
7350 208
3429 166
10986 192
12549 635
2262 2513
1747 2234
336 297
733 1065
5694 3306
9308 816
11860 9541
13826 7113
6752 2428
12536 2743
5751 9072
2664 11655
1563 1879
7118 9155
13806 3398
11938 582
12810 4033
8007 4891
7050 463
6544 2687
9565 3481
7046 1601
13907 2448
7974 1583
3367 12919
13779 10295
13908 2472
13765 11421
92 4718
10800 3005
12723 11830
5079 3655
9902 9575
12556 2697
13161 140
5798 134
517 174
9671 5288
13830 3500
7826 6598
12914 8546
7198 6819
2146 3823
8607 650
11881 6231
10033 1013
7100 243
4071 6623
6756 227
7464 6952
9407 8609
12195 3844
4766 5806
11971 8580
13909 8975
13687 35
9769 3983
3662 11655
169 606
9579 1667
12276 289
1592 7965
4332 277
5127 8154
13098 4583
10269 7313
6337 1071
8799 993
13910 4963
2600 3776
8482 142
10674 1947
13792 768
2892 3068
5639 10017
13731 9935
12654 4778
13138 10249
13483 9968
11673 1285
8902 1719
6874 473
10624 744
2079 5158
10076 6697
8825 1015
10988 1623
8335 4661
5188 772
12644 140
7633 8241
11831 526
1218 3208
6067 1886
10013 3005
7228 2647
11784 582
13671 3198
10710 6910
13896 5571
11843 5467
5583 9084
13686 11574
10251 3299
13273 7495
7018 2726
9859 10419
13831 1354
6651 4028
11281 1065
7620 7239
11736 10449
8700 192
13891 1071
4180 17
13911 5571
7841 1057
1506 4017
460 2801
9612 2676
2972 4556
12620 6057
12041 4156
13849 3158
13349 4323
8059 6552
8836 9464
12150 8037
9040 927
8626 3518
13239 2712
13377 676
177 120
137 1432
10987 7650
13600 35
10510 1553
13480 704
11586 833
11520 2139
13912 7655
12233 1382
6842 539
2446 2533
8973 5424
13858 7296
13897 1161
13913 6598
12436 3645
13429 1630
12105 2995
2012 1891
4881 513
11366 5439
7494 967
8801 55
11531 4234
13602 2695
13914 10901
6307 4558
7913 3823
13482 6811
11023 7664
9352 4282
8617 523
9026 3962
9177 10575
10942 6219
8535 19
13356 3636
13584 118
13555 9172
30 3253
8049 5953
2455 12227
7616 1899
10520 2929
10248 3879
5175 5758
9193 10682
11894 3301
838 1965
8102 8156
10511 1168
9410 2677
3023 8686
9185 5864
10478 714
12745 9560
12874 6505
1446 550
12384 8131
11036 610
13915 4215
3030 2278
12667 4149
5582 554
11246 4411
8210 245
12469 2952
11476 3933
13315 9776
4528 57
2582 416
13551 10738
3501 6665
6705 1531
2041 680
567 7179
3714 2604
6783 393
2653 6895
5071 9842
12796 10621
10542 3166
13739 9740
8214 5446
2395 140
11327 473
3010 221
6093 164
4436 2284
6432 101
12352 8104
7151 1649
5873 657
13529 6694
5082 1341
2855 1303
6695 6038
11719 5474
10423 356
12895 4281
2091 1231
8128 11683
12930 7363
11116 1059
12477 11441
10739 1471
6935 1361
7795 11125
9733 5839
13625 3933
8720 10246
1785 401
9266 1320
12815 3313
10781 4170
838 1003
2532 2469
13914 1047
2970 2629
2319 6267
13747 405
258 4343
8792 1724
13216 1673
11715 358
13916 116
8493 3392
13917 4745
12812 4917
7818 880
8166 10184
10807 1231
10355 4390
13907 433
10933 393
12882 190
11488 2038
13741 5622
12432 3571
12243 1065
13646 13631
2656 8625
11234 8094
10492 10393
3211 6195
553 1503
12640 6263
2835 6020
13416 270
6097 2778
9244 9392
13364 8324
5500 35
13746 4687
7659 1469
9643 4491
13492 9289
2694 1087
5100 405
2997 6347
1948 12672
13604 4812
13789 229
11787 5622
2628 9297
13202 12497
1909 10564
11321 5743
5045 3458
8883 3854
13419 7768
1619 65
8512 10153
7271 7865
7299 2731
2996 792
874 3739
1456 12919
7213 1485
1175 4002
1265 5017
5296 772
4450 5995
13364 3926
13761 2120
13409 2790
4980 103
6812 221
721 376
13738 639
813 12552
13029 5716
13172 5137
5502 1271
3806 1278
11223 12248
1149 202
13524 1748
3629 4948
9088 9095
8548 4897
10614 7960
7431 2739
13733 4818
1592 11490
11923 9956
10328 1457
5559 9454
10548 550
10954 2790
9014 6259
10431 772
2553 6385
13395 1408
11273 8664
5223 3523
10529 4072
13618 3879
11203 1013
5110 2818
12794 263
11221 764
13177 6426
13812 307
5114 924
7614 983
6112 10698
11194 2508
1032 1374
11617 3116
10541 1075
3644 3805
11395 7218
8341 3360
6236 31
11112 7042
7868 3275
8550 7845
8744 528
11274 1861
13524 5212
13537 1071
8957 8358
8666 3106
7217 8127
6235 4879
6630 3578
4534 4968
13453 3706
13872 6507
8145 3468
13369 6415
5568 2801
2611 3793
12974 5972
7970 132
13865 1965
13913 2529
10826 6694
13856 4775
1665 1455
1538 2465
5453 1464
2405 7427
4266 6733
13512 5529
10619 405
6742 3045
13325 2857
10136 10836
13881 904
11448 1466
5704 166
13840 1296
3148 71
4566 4310
7344 6789
5522 225
3063 4072
3107 4135
9227 3704
12681 37
11165 10812
7491 3425
10667 922
9324 1471
9051 2677
11136 1345
10118 7598
13918 924
1718 5791
6912 3428
8019 7238
6998 822
13780 10814
11333 910
10559 3804
4058 2000
13550 2699
10616 2677
13848 2857
1162 845
1180 1013
6395 10934
13600 6902
7923 5421
11189 5095
9068 2518
7936 4498
12499 2247
13919 8988
4093 469
9705 1029
5124 1847
2859 2544
12192 5526
12083 8661
1077 243
6093 6659
6023 772
13920 967
10362 5521
1604 71
13882 13511
10793 10753
10667 566
5678 2929
8868 541
12183 3608
12116 267
4103 3698
13642 3051
8945 1085
10668 724
9585 3242
5560 6980
10199 1378
58 110
7300 5779
4911 3250
13362 13423
13675 3664
7593 849
5166 1647
9973 7239
12595 1361
436 1945
12947 1134
8729 11711
5262 6665
13214 3538
13090 6540
10179 148
4075 1361
6387 5972
11111 4498
8850 6895
13197 6997
3097 10168
10276 10153
2623 8686
8450 969
3501 1017
10152 4183
8485 3815
12795 4198
6216 592
10560 1159
13597 3905
10980 3739
11460 1559
866 1595
8009 5976
5064 3089
12574 344
10537 7130
12881 3493
12434 140
2035 7113
4493 11338
11396 2211
10467 2786
12518 9169
783 7000
13431 1786
7306 1537
125 17
6930 539
3697 2768
13877 10419
6818 724
13000 8037
9028 1108
3060 1341
12162 319
12625 6584
9022 1372
8701 1598
4144 4170
6270 3602
12900 6124
5968 4507
11672 7173
13775 4170
3112 1045
13438 6394
13558 839
5123 5692
7804 8175
9605 3045
9133 704
2886 7885
11846 2929
3181 6309
5411 878
10054 492
6215 7650
11594 519
7417 482
620 1902
12573 4458
4105 1595
9797 2780
1349 1010
1088 7918
2468 1990
2035 10198
13204 969
7854 2324
2692 6934
296 3131
3056 1727
9086 511
9453 786
6094 973
6424 172
1412 2487
10221 1492
4182 5034
7668 8104
13644 7760
9819 267
9220 2962
5631 1366
9178 6483
13921 10979
6112 914
3403 2137
7645 5589
13477 8900
9048 5073
13623 11303
10019 2812
4529 3615
9156 4794
13777 1189
13919 1164
9009 2226
5014 403
5087 4486
13613 2858
9029 9101
4686 494
13417 1947
7392 1063
9052 2151
4512 1496
13851 11060
13822 1365
11166 6464
3784 8119
10283 1385
6334 3123
113 9457
2027 5367
13509 405
11506 1354
817 6580
514 342
5988 263
12332 138
10993 7332
3199 750
10902 3184
8804 5134
10597 1947
4483 1727
9524 871
13527 3487
12460 5987
9644 1706
12167 521
4926 6532
12356 8465
11418 6099
11565 4594
10557 105
6604 4765
6316 5809
11123 2812
12163 1197
9578 4545
4129 233
2756 6085
12790 8162
5634 3208
13073 1640
11946 6590
13383 5442
13216 7556
2598 140
13553 810
10594 166
3251 453
3756 3461
13252 5447
7713 882
6860 7845
10731 2242
13105 176
13160 9249
13878 645
1435 8489
7901 19
10994 766
13358 6172
7339 8993
11019 2749
13912 1171
11630 138
12211 6293
2910 2057
10699 1075
13300 5533
12135 2995
12119 1823
2954 4524
13701 2806
10347 4234
504 3275
3937 3043
2235 5208
10630 2231
13754 1455
7261 812
6923 1484
12686 5219
9780 166
12819 174
6992 130
12254 1958
12431 1242
12100 7405
5173 5432
8592 37
9838 1484
6857 3250
12732 4800
11807 5539
13381 1992
5788 513
12186 7502
12380 3158
705 190
12152 12868
1901 673
13852 9421
2315 6315
6312 6159
13800 6470
1224 989
1504 1897
6077 1278
12348 594
13804 7768
4454 1354
13576 698
11481 2419
6481 1055
12491 3468
125 10934
13922 166
11652 2545
10515 8121
12024 3684
3955 772
460 416
12643 837
8513 8546
12184 5118
9008 4174
3789 2731
11391 7902
2390 993
13233 1980
6736 6351
13284 891
13455 3177
5528 2965
9582 7830
13081 722
10217 1093
7610 3647
13494 110
13747 12401
10396 3282
1771 1372
12801 9457
9302 2428
517 7330
12095 2238
11440 7845
7078 5398
8093 7977
8528 352
5759 1677
4075 8909
9210 9418
7211 869
5731 4939
12621 3573
13716 8047
12380 1037
10931 1231
13768 7603
2523 6310
9410 4140
12233 5083
2776 8791
288 6217
7428 4536
12462 13423
7493 1933
10636 3432
1669 35
11236 2408
8768 2306
10289 11159
10334 1753
10944 8119
13892 5976
13708 1010
7487 12572
4714 3189
11630 1432
2321 112
12531 2419
9741 35
6788 3619
13200 305
3369 4395
5243 1553
13653 2676
10171 2416
13621 6190
9461 6293
13921 1246
11651 305
3781 4449
12335 6526
10281 10075
13611 2830
11674 1013
9307 927
1738 376
13103 3449
4125 1361
13470 3824
5564 3645
13732 6310
1743 1039
13879 5495
10163 718
12732 122
2568 2788
6609 6536
13421 3988
6460 8519
4436 184
5113 13631
13888 757
9804 344
8633 3349
8431 2124
8643 3043
11313 507
13809 1651
7336 4193
13620 8127
3276 6231
5672 8072
605 3863
9978 9243
10688 7244
13695 3402
11918 6825
10540 698
7022 4716
12202 350
10187 9633
930 8200
11874 5009
8671 71
5935 6871
10839 2020
7781 3031
5770 5165
12062 15
12523 499
11672 3519
13895 1013
7303 2691
9288 7330
13844 2394
3524 162
13861 6864
4073 10312
13265 5297
9061 556
12503 2328
12280 2234
12549 107
3840 9793
13923 166
13924 1741
10807 2862
13925 200
7390 6175
13403 9865
10744 6762
8428 6420
13808 855
8642 4135
13650 6567
11262 4149
13015 3396
12461 8251
6537 554
10714 3734
13926 1863
11378 10573
12610 1764
9608 1075
13915 6713
13533 1690
7402 3246
7601 364
1763 307
13927 1492
2868 11357
7600 1623
460 4827
4853 5008
13630 11021
13622 898
9619 1845
13174 6099
3466 2780
11491 8686
6396 3613
6627 7260
4101 11024
12612 1237
9036 5644
9194 1259
13722 6175
10383 3313
10322 118
12514 10880
10693 10305
3492 1809
7044 196
3862 4917
13720 1741
13928 4323
926 1345
12159 887
9058 2218
48 2057
12676 1549
13305 1627
7386 3604
11305 307
2998 7288
4042 792
8618 3255
11001 2585
12528 796
11700 4382
4253 1219
11522 270
11086 1818
3084 7287
10777 2112
4614 364
10853 1285
9868 2654
11989 7507
1306 2273
1648 1952
12088 3608
4432 5812
3386 579
11156 5009
11930 6910
3689 3636
12187 4542
12870 6770
8066 1015
3190 405
11264 8728
9326 1019
9509 5526
13841 12958
3790 849
13596 9004
12467 8852
8778 4449
9537 4705
12706 11074
12452 1599
5768 2374
7807 4156
13024 5846
13193 1436
12634 9599
4739 8750
12905 6153
3485 107
11682 1134
11268 2850
5497 1316
1629 6346
12961 8534
13745 4520
11660 1035
13173 2840
4137 75
2382 1106
8401 12457
7021 3430
13498 5565
11290 1469
13318 6885
4964 2245
8481 166
13094 35
2800 1791
13849 9084
6669 281
12657 11577
13750 2145
9591 1484
2402 891
7709 4421
10491 480
6639 10860
3367 1457
5413 3926
12781 1428
6793 6149
12641 8686
13657 4773
1867 2622
5481 9546
13291 8121
13170 8773
13538 822
12365 6514
11355 7089
8333 1975
13399 214
9420 3481
10623 61
2433 2253
460 2926
1154 6502
11536 11125
13767 6360
9403 8162
7663 6113
12569 7682
13518 8928
13870 4561
12570 1047
2215 4550
12351 2969
5044 5241
13854 11631
12741 3610
4092 5194
13763 13384
13438 2967
11906 4072
195 5444
13343 2618
8737 2145
12822 4059
8376 5816
11332 5302
9799 6328
13467 5761
11475 688
12310 2387
9167 6099
12052 2722
10457 311
13543 13743
7168 15
3675 6904
8910 10647
12938 8159
11170 590
8164 893
5426 2318
13210 2683
6393 387
5992 6895
9749 8988
13547 7208
7697 138
9054 2535
13865 839
11341 2854
13322 845
8663 4687
7414 10940
3410 5268
13204 307
2062 6694
11083 1045
8777 10741
12843 7058
12000 277
13405 1179
7172 796
13771 2622
6858 9095
13659 11623
11992 4687
10878 3250
10781 9255
13929 9130
13420 459
13930 4357
1289 4085
10089 2193
5773 166
13452 9155
9345 10932
7232 1469
11415 11693
4967 8176
7206 5442
13827 720
2373 2483
5247 3454
13931 1416
7496 768
11621 1073
11684 412
13906 1492
6721 3383
3300 688
11870 8580
12476 5700
8533 9519
11739 166
7081 3449
13814 3194
13855 1947
12299 698
12844 10121
10402 9776
2171 7182
12602 5239
8492 6804
12297 103
13916 772
13294 2612
13067 376
13369 902
620 8596
12827 9195
13699 12214
10619 31
5733 1209
13516 4461
6481 1045
5619 1833
13699 1015
8115 1093
13007 4791
9841 2518
11823 281
10685 303
8399 4638
9676 299
13545 4080
13929 1711
13196 4950
448 4065
6753 2848
1944 3580
13433 424
1315 841
9830 2995
8293 5774
3882 5049
13639 1469
12756 482
8555 317
11620 7284
2625 4492
6695 1485
10053 1963
8933 9460
12468 7393
13932 9695
12663 2013
2690 4377
12427 1372
11609 802
1105 1033
10657 1501
7695 1469
2118 1316
7647 7270
7769 839
1728 12169
10946 2396
7634 1987
13519 1925
3462 1100
8571 5703
11820 8269
9447 144
8 1140
12896 1518
4993 1401
12806 2026
7151 1952
11124 4208
13883 487
1088 5321
13823 5263
10405 8011
3004 107
11096 9169
13608 457
3030 5607
2515 2145
10703 3270
3346 3798
13673 11417
11675 326
8482 7446
13857 478
2136 2962
4543 3288
12780 5662
10212 170
9662 2324
5410 6182
5270 1941
10883 1019
12037 8307
7002 845
1567 3872
11345 4404
9028 3361
6840 6085
8837 1242
12029 2911
12386 3664
10579 1358
7221 3351
11036 346
8248 5148
4326 7239
13887 442
11154 2478
5298 3502
5441 1161
1885 2245
11429 5158
13922 3613
6227 482
2099 393
12521 2706
13149 6403
6831 5565
9420 2411
12789 3216
7273 667
11808 3255
11699 6596
10304 2463
13552 4038
3401 1566
2002 289
8189 1071
9929 1835
7855 4818
13497 6286
4497 1408
13310 299
2285 1017
7403 91
8423 1273
12917 1281
2738 459
13521 7595
3743 194
10482 433
2390 1660
246 3555
8270 4542
11701 1380
3683 5424
13933 1781
13209 1183
6766 107
4146 4701
6282 12922
2292 405
514 4849
4943 5398
3893 10870
6404 4518
9706 835
12331 5571
13890 61
10889 1206
12831 120
4220 1985
1072 6936
13934 7143
13528 8487
13579 2858
12405 3110
6045 2801
12619 1820
9003 35
13114 1324
3929 1651
11137 1492
10459 6403
10351 965
12712 5826
9333 5288
7858 1047
2826 3287
13883 2542
9539 1469
13783 3458
11203 319
9188 7746
13025 3110
9225 3096
10487 10932
13353 192
13909 948
3389 17
8782 1010
1542 8190
1516 17
12961 1418
6976 138
11811 6043
13885 10860
10998 3213
852 2226
11838 3158
6480 1764
4672 4839
13698 7143
1979 3732
10996 5222
5822 7552
6683 9974
5423 85
9075 1075
10977 1428
12979 7908
10724 2591
11970 1677
12891 9031
9139 7262
8907 4153
13916 5024
2035 9953
2451 4022
3544 1164
8682 1408
13348 1921
2420 889
402 8223
11489 2854
5221 3921
9143 372
8832 6797
12704 4371
9972 3074
8564 5098
8627 1828
12298 4044
10584 492
5714 507
13930 1889
8437 6267
13925 4868
13742 4542
9058 12765
10680 7163
1534 6981
8384 8163
1048 1939
3868 2557
4084 61
10209 2788
7956 3497
7346 2419
7738 5019
9563 2518
13862 1818
12412 12557
10999 7862
5601 190
12894 2326
13917 4052
1866 5539
3423 1501
8972 7111
6018 5012
731 3546
460 3655
6047 2298
10896 233
9590 1363
13899 9418
13636 1350
11907 9623
460 2817
1643 4329
5630 372
13101 1612
10434 12214
9176 1055
6512 845
6853 1075
10861 1549
527 1675
3581 1017
9916 178
3944 1213
5852 4068
11503 4009
13836 588
10119 810
9799 11292
9125 2331
1092 1168
6211 1309
13427 10836
6506 3172
3229 7505
4797 1436
5445 10717
5767 2992
2975 9824
2338 1496
8356 7169
10339 3538
10733 1262
6845 1177
8671 543
13933 2533
10286 3374
12652 1260
11383 845
460 10821
3827 8459
8792 4256
12221 637
7793 4775
11745 10812
9252 6025
9714 2588
9719 1195
1409 3562
3465 5644
2863 2844
8320 5622
10240 3815
12487 12557
13505 8326
10977 3043
9653 13423
10203 4032
12817 2366
6763 2293
12393 438
1714 9099
13832 8579
11759 4135
8624 8780
13920 1758
1961 344
3843 1935
10109 2647
548 2585
13292 3253
7804 3195
10194 3532
10663 17
7515 370
13707 4074
13015 732
12526 1595
13354 1667
268 3287
13316 12572
9228 4215
9456 114
551 4162
913 3282
2574 255
13839 120
9980 4149
9452 1818
6063 845
13905 319
13110 4061
7530 9199
5261 2647
7609 839
6135 10500
6442 3096
994 10488
11382 47
3173 3454
13338 337
13928 2965
9164 3594
9686 5565
11013 174
10352 1140
13150 9454
1265 12282
10687 10200
10130 2322
3286 1455
13935 3477
13389 4489
2902 1510
642 5980
12659 3047
8953 965
9123 6293
9878 7069
13880 10190
5328 3360
10162 3608
12560 4028
6109 1443
10982 2618
8830 1937
13799 6062
11256 6195
13874 1391
3156 1789
3264 1047
11395 11631
10616 2788
10588 301
10303 958
10302 204
6998 2417
6421 4879
11930 8476
12959 5297
12473 2218
9443 8938
10978 156
12065 1891
8845 637
2114 4176
6254 1599
13936 9767
13619 938
4003 1356
5711 11051
13926 7558
11962 1108
5496 2478
7247 1889
12490 1677
10572 1039
13904 682
12609 4363
10778 515
11729 1309
12175 291
12288 5636
11854 5625
13894 3378
7142 2064
9341 2739
13846 3150
13818 8254
5133 1651
12220 3647
6350 3951
11091 9521
13141 4492
11470 4066
6338 900
8051 3138
13918 5115
4782 4760
3598 15
4088 91
3389 3582
13874 2629
9551 8225
2035 8840
3459 2697
13847 3684
13334 895
7219 2683
13161 987
4096 3464
12517 6381
9038 11292
12814 713
2019 2544
11387 5474
8511 1296
9731 370
8402 1739
13787 6426
2429 3195
11850 5264
5488 1093
8470 5783
13751 1988
12607 539
8309 532
6230 3277
13542 1100
9499 4618
12629 1217
12181 7689
3927 1031
4831 6825
5548 635
8673 5539
7798 5563
4571 5943
13257 170
13815 1045
6329 166
11760 2151
11495 4444
8000 8275
7141 4486
5007 1503
11985 281
11653 9213
13311 902
11602 4441
11521 3926
7956 8762
7251 4963
3245 10925
12985 7507
11440 11417
13332 1029
13902 3630
6851 8762
2968 4382
379 686
12168 5343
7548 4518
13901 847
13735 734
1976 3378
1684 1599
6887 4057
10598 2176
7876 6934
10649 1017
12161 3487
6384 4858
913 617
11498 10323
4747 5421
2928 732
13821 8579
5089 122
2759 2679
11317 7415
13266 6478
9502 480
8125 482
1883 11024
6576 424
13376 5881
7881 405
11134 5008
13430 12552
3130 1057
4711 1748
13681 414
12145 6895
9627 3747
3119 4065
12488 8946
10709 1348
8164 389
13088 5806
13734 1637
8007 2309
6874 8491
5750 532
8522 1075
5841 5662
7897 192
11958 3003
9440 376
12543 3072
12983 509
3002 1166
13331 6043
9469 8579
1674 8817
11787 2226
2097 6552
11878 8898
10956 11338
70 1006
5074 1341
7500 1215
6065 1271
11524 1017
13687 138
12392 2245
10503 9560
8420 895
9950 4208
12766 9241
4016 6175
9616 6854
13479 3031
7365 9764
2233 4712
11012 1031
4436 845
9724 12328
13937 6922
9563 5818
8804 4794
12224 3899
9352 2661
7933 5980
968 2293
13781 2020
7519 17
7074 6124
11553 4839
13184 1106
9981 1719
10767 4576
6169 10613
13663 9180
7886 2790
2639 2666
10896 4130
13740 8887
13168 3619
7136 889
5240 2020
9538 3899
1258 10940
9777 9077
6795 2428
1274 5288
1036 3158
5211 10295
8078 5274
7834 453
11193 772
4966 1177
7770 9961
7726 7597
9482 2745
3677 10934
13938 6997
12308 214
8028 10836
4418 1937
11052 1918
10277 235
10626 4208
13805 7054
12984 7348
8857 10060
13733 9169
7133 2387
13931 835
8875 71
13180 136
7144 7451
6139 8686
13545 333
4596 1711
11281 3510
4780 5105
13190 4040
11891 6478
9063 828
9921 556
1265 8269
9770 2995
5010 9967
5959 12509
12653 4676
11555 10026
8367 1818
3754 5833
2135 4988
13875 1132
12099 5883
9064 5890
5557 1100
703 7139
13595 1085
2104 11417
3370 3779
12804 2716
9292 1106
10748 5674
13388 3739
13935 10278
12885 5
3919 1809
11240 9949
13571 17
9796 2487
8667 166
9187 5764
5106 7192
5172 340
5089 3725
8319 5569
11523 3684
6119 156
9630 4878
11991 10312
13900 9175
4207 2714
11164 2396
13267 307
11903 7666
78 65
13924 2564
13797 1869
11934 4729
11422 170
13056 1537
4295 4873
11353 871
13042 4406
13938 405
10606 12765
6123 1104
12747 124
13383 4289
4296 2850
13677 704
13939 1388
9351 3534
13533 1553
9252 2906
3831 3158
13355 4406
9960 4689
13139 19
5139 1259
10177 1579
13933 9460
5924 5302
13661 4089
353 13511
54 9742
13816 1329
12261 8238
8384 140
1488 5008
13937 3219
13908 385
13250 5350
12728 5657
13556 2428
12951 35
1550 624
13378 3988
8587 3698
10712 9927
12387 124
13662 313
12682 2139
10570 3319
6492 79
10951 9998
3070 3051
13939 3741
13820 1575
13697 5204
11932 5377
1005 770
13928 5529
9839 5943
7649 287
6561 910
7071 3344
9375 9396
13113 1271
12614 645
13843 1017
8396 12922
2698 2291
10782 582
13557 554
9569 7751
12728 4536
13191 1146
12378 2716
12198 2978
493 714
11905 2518
7979 1013
8321 10698
4949 9195
13833 3216
12707 7262
11291 10246
1202 1484
10810 105
13898 8625
11593 372
5394 1333
11712 5625
7718 1416
9441 541
11348 2322
12176 987
11014 424
12730 1457
11414 1059
13758 2301
4141 110
505 5444
5913 182
13689 3287
7773 1766
13911 9317
13067 3557
980 449
9515 579
6975 1071
9117 2124
6448 1664
2908 2094
2781 680
7122 1937
13693 1303
13413 166
10340 1537
3365 3360
8643 2020
13472 2833
10010 6514
10844 1416
5285 2456
13859 637
7550 2585
13936 2172
12301 3983
13934 1764
9332 922
12658 922
10417 1937
12601 2590
8020 574
11009 9396
9812 5538
12981 1161
8571 3351
581 5818
361 3604
13635 7875
7993 515
13504 7208
12475 8580
13037 8256
12190 2069
9639 9862
11728 440
13534 4414
12610 5967
312 10239
9720 2090
3225 841
9621 6892
5272 704
12286 5140
8705 8083
8844 12372
12067 6351
13313 196
8790 11365
4238 893
13121 1259
3635 4594
13128 10682
1703 6837
9265 1450
4591 1666
9318 2917
13009 3236
8963 5288
3436 4771
10903 1515
13704 3762
9775 6552
3176 1736
10891 5569
12932 584
12918 1354
13109 2011
13932 12457
3312 2491
11270 2406
12854 11292
1744 4580
13638 1055
9928 9505
1415 4198
13342 5697
12575 1505
9874 8254
13862 1872
3185 2783
12909 333
13910 3438
7033 3523
5785 10403
13275 6631
3635 6631
2330 1013
9561 405
7225 3106
8720 4387
13801 7080
5384 7207
10218 2025
6333 2629
13927 1354
8984 4204
13495 3555
8699 7288
12213 4701
12185 1818
10259 5224
9233 1916
10861 5432
7637 594
11272 2755
7697 6652
12905 594
13729 861
9315 893
9873 13423
13863 5414
11752 2857
11472 140
9566 4937
13810 7981
862 6259
12354 2324
11581 1397
13165 2817
9412 160
111 1736
13749 6598
13940 1361
10683 17
10887 1473
3342 2793
6045 5508
9422 558
13118 1087
13185 2575
12130 1520
11627 530
12081 9935
9247 7968
3126 7214
13923 5783
3315 2249
8812 1146
701 3557
13771 35
5422 12754
12852 8519
1932 1027
13667 5116
9911 1416
8289 4072
12131 3385
10170 9855
12294 10495
3156 7053
13554 2064
7954 4858
6744 7541
1521 3851
13858 370
7301 7597
13610 3555
3660 8975
13796 10627
10051 526
9946 4397
5361 5290
1367 11404
7203 1967
11206 12218
13941 198
8429 4080
5349 2612
11644 873
13392 13631
9934 4176
1639 4536
8403 1960
10646 1045
12822 9862
13802 4121
12916 47
11552 81
12249 1193
3020 405
7153 541
4440 5644
7386 4822
13940 3590
5760 120
8006 11386
11200 2218
11140 6667
13723 845
12768 586
10324 356
12355 4303
11039 2735
7254 2480
2617 4818
12033 8118
421 985
11760 1266
10732 1677
13266 8746
3891 57
6268 6298
13171 3722
12825 267
1044 1879
3300 9169
10751 6454
4645 2255
11966 9567
2678 8311
10084 469
585 1498
13028 900
13873 7786
8568 958
1243 7220
8976 4170
13593 2207
13847 6601
6434 8653
7586 800
11602 550
5727 6143
2159 2351
11531 4336
13744 3804
13054 13743
3247 13302
6419 1708
7212 1445
10126 1789
13142 11032
11975 55
3159 337
5920 1288
7625 166
4588 1041
9322 403
13100 7666
13941 124
2276 6464
11142 702
11401 5283
2855 1372
10070 7011
3364 3504
12410 4499
6865 10717
13517 5210
13272 10241
10076 7902
2221 435
11976 487
13328 2496
282 5578
5676 10241
6474 1063
9055 4006
13712 11683
12378 1108
3365 57
11905 7733
9498 4750
13803 9246
