19362 32081
0 1
0 2
3 4
3 5
6 7
6 8
9 10
9 11
12 13
12 14
15 16
15 17
18 19
18 20
21 22
21 23
24 25
24 26
27 28
27 29
30 31
30 32
33 34
33 35
36 37
36 38
39 40
39 41
42 43
42 44
45 46
45 47
48 49
48 50
51 52
51 53
54 55
54 56
57 58
57 59
60 61
60 62
63 64
63 65
66 67
66 68
69 70
69 71
72 73
72 74
75 76
75 77
78 79
78 80
81 82
81 83
84 85
84 86
87 88
87 89
90 91
90 92
93 94
93 95
96 97
96 98
99 100
99 101
102 103
102 104
105 106
105 107
108 109
108 110
111 112
111 113
114 115
114 116
117 118
117 119
120 121
120 122
123 124
123 125
126 127
126 128
129 130
129 131
132 133
132 134
135 136
135 137
138 139
138 140
141 142
141 143
144 145
144 146
147 148
147 149
150 151
150 152
153 154
153 155
156 157
156 158
159 160
159 161
162 163
162 164
165 166
165 167
168 169
168 170
171 172
171 173
174 175
174 176
177 178
177 179
180 181
180 182
183 184
183 185
186 187
186 188
189 190
189 191
192 193
192 194
195 196
195 197
198 199
198 200
201 202
201 203
204 205
204 206
207 208
207 209
210 211
210 212
213 214
213 215
216 217
216 218
219 220
219 221
222 223
222 224
225 226
225 227
228 229
228 230
231 232
231 233
234 235
234 236
237 238
237 239
240 241
240 242
240 243
240 244
240 245
240 246
240 247
240 248
240 249
240 250
240 251
240 252
240 253
240 254
240 255
240 256
240 257
240 258
240 259
240 260
240 261
240 262
240 263
240 264
240 265
240 266
240 267
240 268
240 269
240 270
240 271
240 272
240 273
240 274
240 275
240 276
240 277
240 278
240 279
240 280
240 281
240 282
240 283
240 284
240 285
240 286
240 287
240 288
240 289
240 290
240 291
240 292
240 293
240 294
240 295
240 296
240 297
240 298
240 299
240 300
240 301
240 302
240 303
240 304
240 305
240 306
240 307
240 308
240 309
240 310
240 311
240 312
240 313
240 314
240 315
240 316
240 317
240 318
240 319
240 320
240 321
1 322
1 241
1 323
322 324
322 242
322 325
324 326
324 243
324 327
326 328
326 244
326 329
328 330
328 245
328 331
330 332
330 246
330 333
332 334
332 247
332 335
334 336
334 248
334 337
336 338
336 249
336 339
338 250
338 340
338 341
4 342
4 343
4 344
342 345
342 346
342 347
345 348
345 349
345 350
348 351
348 352
348 353
351 354
351 355
351 356
354 357
354 358
354 359
357 360
357 361
357 362
360 363
360 364
360 365
363 366
363 367
363 368
366 369
366 370
366 371
7 372
7 373
7 374
372 375
372 376
372 377
375 378
375 379
375 380
378 381
378 382
378 383
381 384
381 385
381 386
384 387
384 388
384 389
387 390
387 391
387 392
390 393
390 394
390 395
393 396
393 397
393 398
396 399
396 400
396 401
10 402
10 403
10 404
402 405
402 406
402 407
405 408
405 409
405 410
408 411
408 412
408 413
411 414
411 415
411 416
414 417
414 418
414 419
417 420
417 421
417 422
420 423
420 424
420 425
423 426
423 427
423 428
426 429
426 430
426 431
13 432
13 433
13 434
432 435
432 436
432 437
435 438
435 439
435 440
438 441
438 442
438 443
441 444
441 445
441 446
444 447
444 448
444 449
447 450
447 451
447 452
450 453
450 454
450 455
453 456
453 457
453 458
456 459
456 460
456 461
16 462
16 463
16 464
462 465
462 466
462 467
465 468
465 469
465 470
468 471
468 472
468 473
471 474
471 475
471 476
474 477
474 478
474 479
477 480
477 481
477 482
480 483
480 484
480 485
483 486
483 487
483 488
486 489
486 490
486 491
19 492
19 493
19 494
492 495
492 496
492 497
495 498
495 499
495 500
498 501
498 502
498 503
501 504
501 505
501 506
504 507
504 508
504 509
507 510
507 511
507 512
510 513
510 514
510 515
513 516
513 517
513 518
516 519
516 520
516 521
22 522
22 523
22 524
522 525
522 526
522 527
525 528
525 529
525 530
528 531
528 532
528 533
531 534
531 535
531 536
534 537
534 538
534 539
537 540
537 541
537 542
540 543
540 544
540 545
543 546
543 547
543 548
546 549
546 550
546 551
25 552
25 553
25 554
552 555
552 556
552 557
555 558
555 559
555 560
558 561
558 562
558 563
561 564
561 565
561 566
564 567
564 568
564 569
567 570
567 571
567 572
570 573
570 574
570 575
573 576
573 577
573 578
576 579
576 580
576 581
28 582
28 583
28 584
582 585
582 586
582 587
585 588
585 589
585 590
588 591
588 592
588 593
591 594
591 595
591 596
594 597
594 598
594 599
597 600
597 601
597 602
600 603
600 604
600 605
603 606
603 607
603 608
606 609
606 610
606 611
241 343
241 323
343 373
343 344
373 403
373 374
403 433
403 404
433 463
433 434
463 493
463 464
493 523
493 494
523 553
523 524
553 583
553 554
583 584
583 612
242 346
242 325
346 376
346 347
376 406
376 377
406 436
406 407
436 466
436 437
466 496
466 467
496 526
496 497
526 556
526 527
556 586
556 557
586 587
586 613
243 349
243 327
349 379
349 350
379 409
379 380
409 439
409 410
439 469
439 440
469 499
469 470
499 529
499 500
529 559
529 530
559 589
559 560
589 590
589 614
244 352
244 329
352 382
352 353
382 412
382 383
412 442
412 413
442 472
442 443
472 502
472 473
502 532
502 503
532 562
532 533
562 592
562 563
592 593
592 615
245 355
245 331
355 385
355 356
385 415
385 386
415 445
415 416
445 475
445 446
475 505
475 476
505 535
505 506
535 565
535 536
565 595
565 566
595 596
595 616
246 358
246 333
358 388
358 359
388 418
388 389
418 448
418 419
448 478
448 449
478 508
478 479
508 538
508 509
538 568
538 539
568 598
568 569
598 599
598 617
247 361
247 335
361 391
361 362
391 421
391 392
421 451
421 422
451 481
451 452
481 511
481 482
511 541
511 512
541 571
541 542
571 601
571 572
601 602
601 618
248 364
248 337
364 394
364 365
394 424
394 395
424 454
424 425
454 484
454 455
484 514
484 485
514 544
514 515
544 574
544 545
574 604
574 575
604 605
604 619
249 367
249 339
367 397
367 368
397 427
397 398
427 457
427 428
457 487
457 458
487 517
487 488
517 547
517 518
547 577
547 548
577 607
577 578
607 608
607 620
250 369
250 340
369 399
369 370
399 429
399 400
429 459
429 430
459 489
459 460
489 519
489 490
519 549
519 520
549 579
549 550
579 609
579 580
609 610
609 621
341 622
341 251
341 623
622 624
622 252
622 625
624 626
624 253
624 627
626 628
626 254
626 629
628 630
628 255
628 631
630 632
630 256
630 633
632 634
632 257
632 635
634 636
634 258
634 637
636 638
636 259
636 639
638 260
638 640
638 641
371 642
371 643
371 644
642 645
642 646
642 647
645 648
645 649
645 650
648 651
648 652
648 653
651 654
651 655
651 656
654 657
654 658
654 659
657 660
657 661
657 662
660 663
660 664
660 665
663 666
663 667
663 668
666 669
666 670
666 671
401 672
401 673
401 674
672 675
672 676
672 677
675 678
675 679
675 680
678 681
678 682
678 683
681 684
681 685
681 686
684 687
684 688
684 689
687 690
687 691
687 692
690 693
690 694
690 695
693 696
693 697
693 698
696 699
696 700
696 701
431 702
431 703
431 704
702 705
702 706
702 707
705 708
705 709
705 710
708 711
708 712
708 713
711 714
711 715
711 716
714 717
714 718
714 719
717 720
717 721
717 722
720 723
720 724
720 725
723 726
723 727
723 728
726 729
726 730
726 731
461 732
461 733
461 734
732 735
732 736
732 737
735 738
735 739
735 740
738 741
738 742
738 743
741 744
741 745
741 746
744 747
744 748
744 749
747 750
747 751
747 752
750 753
750 754
750 755
753 756
753 757
753 758
756 759
756 760
756 761
491 762
491 763
491 764
762 765
762 766
762 767
765 768
765 769
765 770
768 771
768 772
768 773
771 774
771 775
771 776
774 777
774 778
774 779
777 780
777 781
777 782
780 783
780 784
780 785
783 786
783 787
783 788
786 789
786 790
786 791
521 792
521 793
521 794
792 795
792 796
792 797
795 798
795 799
795 800
798 801
798 802
798 803
801 804
801 805
801 806
804 807
804 808
804 809
807 810
807 811
807 812
810 813
810 814
810 815
813 816
813 817
813 818
816 819
816 820
816 821
551 822
551 823
551 824
822 825
822 826
822 827
825 828
825 829
825 830
828 831
828 832
828 833
831 834
831 835
831 836
834 837
834 838
834 839
837 840
837 841
837 842
840 843
840 844
840 845
843 846
843 847
843 848
846 849
846 850
846 851
581 852
581 853
581 854
852 855
852 856
852 857
855 858
855 859
855 860
858 861
858 862
858 863
861 864
861 865
861 866
864 867
864 868
864 869
867 870
867 871
867 872
870 873
870 874
870 875
873 876
873 877
873 878
876 879
876 880
876 881
611 882
611 883
611 884
882 885
882 886
882 887
885 888
885 889
885 890
888 891
888 892
888 893
891 894
891 895
891 896
894 897
894 898
894 899
897 900
897 901
897 902
900 903
900 904
900 905
903 906
903 907
903 908
906 909
906 910
906 911
251 643
251 623
643 673
643 644
673 703
673 674
703 733
703 704
733 763
733 734
763 793
763 764
793 823
793 794
823 853
823 824
853 883
853 854
883 884
883 912
252 646
252 625
646 676
646 647
676 706
676 677
706 736
706 707
736 766
736 737
766 796
766 767
796 826
796 797
826 856
826 827
856 886
856 857
886 887
886 913
253 649
253 627
649 679
649 650
679 709
679 680
709 739
709 710
739 769
739 740
769 799
769 770
799 829
799 800
829 859
829 830
859 889
859 860
889 890
889 914
254 652
254 629
652 682
652 653
682 712
682 683
712 742
712 713
742 772
742 743
772 802
772 773
802 832
802 803
832 862
832 833
862 892
862 863
892 893
892 915
255 655
255 631
655 685
655 656
685 715
685 686
715 745
715 716
745 775
745 746
775 805
775 776
805 835
805 806
835 865
835 836
865 895
865 866
895 896
895 916
256 658
256 633
658 688
658 659
688 718
688 689
718 748
718 719
748 778
748 749
778 808
778 779
808 838
808 809
838 868
838 839
868 898
868 869
898 899
898 917
257 661
257 635
661 691
661 662
691 721
691 692
721 751
721 722
751 781
751 752
781 811
781 782
811 841
811 812
841 871
841 842
871 901
871 872
901 902
901 918
258 664
258 637
664 694
664 665
694 724
694 695
724 754
724 725
754 784
754 755
784 814
784 785
814 844
814 815
844 874
844 845
874 904
874 875
904 905
904 919
259 667
259 639
667 697
667 668
697 727
697 698
727 757
727 728
757 787
757 758
787 817
787 788
817 847
817 818
847 877
847 848
877 907
877 878
907 908
907 920
260 669
260 640
669 699
669 670
699 729
699 700
729 759
729 730
759 789
759 760
789 819
789 790
819 849
819 820
849 879
849 850
879 909
879 880
909 910
909 921
641 922
641 261
641 923
922 924
922 262
922 925
924 926
924 263
924 927
926 928
926 264
926 929
928 930
928 265
928 931
930 932
930 266
930 933
932 934
932 267
932 935
934 936
934 268
934 937
936 938
936 269
936 939
938 270
938 940
938 941
671 942
671 943
671 944
942 945
942 946
942 947
945 948
945 949
945 950
948 951
948 952
948 953
951 954
951 955
951 956
954 957
954 958
954 959
957 960
957 961
957 962
960 963
960 964
960 965
963 966
963 967
963 968
966 969
966 970
966 971
701 972
701 973
701 974
972 975
972 976
972 977
975 978
975 979
975 980
978 981
978 982
978 983
981 984
981 985
981 986
984 987
984 988
984 989
987 990
987 991
987 992
990 993
990 994
990 995
993 996
993 997
993 998
996 999
996 1000
996 1001
731 1002
731 1003
731 1004
1002 1005
1002 1006
1002 1007
1005 1008
1005 1009
1005 1010
1008 1011
1008 1012
1008 1013
1011 1014
1011 1015
1011 1016
1014 1017
1014 1018
1014 1019
1017 1020
1017 1021
1017 1022
1020 1023
1020 1024
1020 1025
1023 1026
1023 1027
1023 1028
1026 1029
1026 1030
1026 1031
761 1032
761 1033
761 1034
1032 1035
1032 1036
1032 1037
1035 1038
1035 1039
1035 1040
1038 1041
1038 1042
1038 1043
1041 1044
1041 1045
1041 1046
1044 1047
1044 1048
1044 1049
1047 1050
1047 1051
1047 1052
1050 1053
1050 1054
1050 1055
1053 1056
1053 1057
1053 1058
1056 1059
1056 1060
1056 1061
791 1062
791 1063
791 1064
1062 1065
1062 1066
1062 1067
1065 1068
1065 1069
1065 1070
1068 1071
1068 1072
1068 1073
1071 1074
1071 1075
1071 1076
1074 1077
1074 1078
1074 1079
1077 1080
1077 1081
1077 1082
1080 1083
1080 1084
1080 1085
1083 1086
1083 1087
1083 1088
1086 1089
1086 1090
1086 1091
821 1092
821 1093
821 1094
1092 1095
1092 1096
1092 1097
1095 1098
1095 1099
1095 1100
1098 1101
1098 1102
1098 1103
1101 1104
1101 1105
1101 1106
1104 1107
1104 1108
1104 1109
1107 1110
1107 1111
1107 1112
1110 1113
1110 1114
1110 1115
1113 1116
1113 1117
1113 1118
1116 1119
1116 1120
1116 1121
851 1122
851 1123
851 1124
1122 1125
1122 1126
1122 1127
1125 1128
1125 1129
1125 1130
1128 1131
1128 1132
1128 1133
1131 1134
1131 1135
1131 1136
1134 1137
1134 1138
1134 1139
1137 1140
1137 1141
1137 1142
1140 1143
1140 1144
1140 1145
1143 1146
1143 1147
1143 1148
1146 1149
1146 1150
1146 1151
881 1152
881 1153
881 1154
1152 1155
1152 1156
1152 1157
1155 1158
1155 1159
1155 1160
1158 1161
1158 1162
1158 1163
1161 1164
1161 1165
1161 1166
1164 1167
1164 1168
1164 1169
1167 1170
1167 1171
1167 1172
1170 1173
1170 1174
1170 1175
1173 1176
1173 1177
1173 1178
1176 1179
1176 1180
1176 1181
911 1182
911 1183
911 1184
1182 1185
1182 1186
1182 1187
1185 1188
1185 1189
1185 1190
1188 1191
1188 1192
1188 1193
1191 1194
1191 1195
1191 1196
1194 1197
1194 1198
1194 1199
1197 1200
1197 1201
1197 1202
1200 1203
1200 1204
1200 1205
1203 1206
1203 1207
1203 1208
1206 1209
1206 1210
1206 1211
261 943
261 923
943 973
943 944
973 1003
973 974
1003 1033
1003 1004
1033 1063
1033 1034
1063 1093
1063 1064
1093 1123
1093 1094
1123 1153
1123 1124
1153 1183
1153 1154
1183 1184
1183 1212
262 946
262 925
946 976
946 947
976 1006
976 977
1006 1036
1006 1007
1036 1066
1036 1037
1066 1096
1066 1067
1096 1126
1096 1097
1126 1156
1126 1127
1156 1186
1156 1157
1186 1187
1186 1213
263 949
263 927
949 979
949 950
979 1009
979 980
1009 1039
1009 1010
1039 1069
1039 1040
1069 1099
1069 1070
1099 1129
1099 1100
1129 1159
1129 1130
1159 1189
1159 1160
1189 1190
1189 1214
264 952
264 929
952 982
952 953
982 1012
982 983
1012 1042
1012 1013
1042 1072
1042 1043
1072 1102
1072 1073
1102 1132
1102 1103
1132 1162
1132 1133
1162 1192
1162 1163
1192 1193
1192 1215
265 955
265 931
955 985
955 956
985 1015
985 986
1015 1045
1015 1016
1045 1075
1045 1046
1075 1105
1075 1076
1105 1135
1105 1106
1135 1165
1135 1136
1165 1195
1165 1166
1195 1196
1195 1216
266 958
266 933
958 988
958 959
988 1018
988 989
1018 1048
1018 1019
1048 1078
1048 1049
1078 1108
1078 1079
1108 1138
1108 1109
1138 1168
1138 1139
1168 1198
1168 1169
1198 1199
1198 1217
267 961
267 935
961 991
961 962
991 1021
991 992
1021 1051
1021 1022
1051 1081
1051 1052
1081 1111
1081 1082
1111 1141
1111 1112
1141 1171
1141 1142
1171 1201
1171 1172
1201 1202
1201 1218
268 964
268 937
964 994
964 965
994 1024
994 995
1024 1054
1024 1025
1054 1084
1054 1055
1084 1114
1084 1085
1114 1144
1114 1115
1144 1174
1144 1145
1174 1204
1174 1175
1204 1205
1204 1219
269 967
269 939
967 997
967 968
997 1027
997 998
1027 1057
1027 1028
1057 1087
1057 1058
1087 1117
1087 1088
1117 1147
1117 1118
1147 1177
1147 1148
1177 1207
1177 1178
1207 1208
1207 1220
270 969
270 940
969 999
969 970
999 1029
999 1000
1029 1059
1029 1030
1059 1089
1059 1060
1089 1119
1089 1090
1119 1149
1119 1120
1149 1179
1149 1150
1179 1209
1179 1180
1209 1210
1209 1221
941 1222
941 271
941 1223
1222 1224
1222 272
1222 1225
1224 1226
1224 273
1224 1227
1226 1228
1226 274
1226 1229
1228 1230
1228 275
1228 1231
1230 1232
1230 276
1230 1233
1232 1234
1232 277
1232 1235
1234 1236
1234 278
1234 1237
1236 1238
1236 279
1236 1239
1238 280
1238 1240
1238 1241
971 1242
971 1243
971 1244
1242 1245
1242 1246
1242 1247
1245 1248
1245 1249
1245 1250
1248 1251
1248 1252
1248 1253
1251 1254
1251 1255
1251 1256
1254 1257
1254 1258
1254 1259
1257 1260
1257 1261
1257 1262
1260 1263
1260 1264
1260 1265
1263 1266
1263 1267
1263 1268
1266 1269
1266 1270
1266 1271
1001 1272
1001 1273
1001 1274
1272 1275
1272 1276
1272 1277
1275 1278
1275 1279
1275 1280
1278 1281
1278 1282
1278 1283
1281 1284
1281 1285
1281 1286
1284 1287
1284 1288
1284 1289
1287 1290
1287 1291
1287 1292
1290 1293
1290 1294
1290 1295
1293 1296
1293 1297
1293 1298
1296 1299
1296 1300
1296 1301
1031 1302
1031 1303
1031 1304
1302 1305
1302 1306
1302 1307
1305 1308
1305 1309
1305 1310
1308 1311
1308 1312
1308 1313
1311 1314
1311 1315
1311 1316
1314 1317
1314 1318
1314 1319
1317 1320
1317 1321
1317 1322
1320 1323
1320 1324
1320 1325
1323 1326
1323 1327
1323 1328
1326 1329
1326 1330
1326 1331
1061 1332
1061 1333
1061 1334
1332 1335
1332 1336
1332 1337
1335 1338
1335 1339
1335 1340
1338 1341
1338 1342
1338 1343
1341 1344
1341 1345
1341 1346
1344 1347
1344 1348
1344 1349
1347 1350
1347 1351
1347 1352
1350 1353
1350 1354
1350 1355
1353 1356
1353 1357
1353 1358
1356 1359
1356 1360
1356 1361
1091 1362
1091 1363
1091 1364
1362 1365
1362 1366
1362 1367
1365 1368
1365 1369
1365 1370
1368 1371
1368 1372
1368 1373
1371 1374
1371 1375
1371 1376
1374 1377
1374 1378
1374 1379
1377 1380
1377 1381
1377 1382
1380 1383
1380 1384
1380 1385
1383 1386
1383 1387
1383 1388
1386 1389
1386 1390
1386 1391
1121 1392
1121 1393
1121 1394
1392 1395
1392 1396
1392 1397
1395 1398
1395 1399
1395 1400
1398 1401
1398 1402
1398 1403
1401 1404
1401 1405
1401 1406
1404 1407
1404 1408
1404 1409
1407 1410
1407 1411
1407 1412
1410 1413
1410 1414
1410 1415
1413 1416
1413 1417
1413 1418
1416 1419
1416 1420
1416 1421
1151 1422
1151 1423
1151 1424
1422 1425
1422 1426
1422 1427
1425 1428
1425 1429
1425 1430
1428 1431
1428 1432
1428 1433
1431 1434
1431 1435
1431 1436
1434 1437
1434 1438
1434 1439
1437 1440
1437 1441
1437 1442
1440 1443
1440 1444
1440 1445
1443 1446
1443 1447
1443 1448
1446 1449
1446 1450
1446 1451
1181 1452
1181 1453
1181 1454
1452 1455
1452 1456
1452 1457
1455 1458
1455 1459
1455 1460
1458 1461
1458 1462
1458 1463
1461 1464
1461 1465
1461 1466
1464 1467
1464 1468
1464 1469
1467 1470
1467 1471
1467 1472
1470 1473
1470 1474
1470 1475
1473 1476
1473 1477
1473 1478
1476 1479
1476 1480
1476 1481
1211 1482
1211 1483
1211 1484
1482 1485
1482 1486
1482 1487
1485 1488
1485 1489
1485 1490
1488 1491
1488 1492
1488 1493
1491 1494
1491 1495
1491 1496
1494 1497
1494 1498
1494 1499
1497 1500
1497 1501
1497 1502
1500 1503
1500 1504
1500 1505
1503 1506
1503 1507
1503 1508
1506 1509
1506 1510
1506 1511
271 1243
271 1223
1243 1273
1243 1244
1273 1303
1273 1274
1303 1333
1303 1304
1333 1363
1333 1334
1363 1393
1363 1364
1393 1423
1393 1394
1423 1453
1423 1424
1453 1483
1453 1454
1483 1484
1483 1512
272 1246
272 1225
1246 1276
1246 1247
1276 1306
1276 1277
1306 1336
1306 1307
1336 1366
1336 1337
1366 1396
1366 1367
1396 1426
1396 1397
1426 1456
1426 1427
1456 1486
1456 1457
1486 1487
1486 1513
273 1249
273 1227
1249 1279
1249 1250
1279 1309
1279 1280
1309 1339
1309 1310
1339 1369
1339 1340
1369 1399
1369 1370
1399 1429
1399 1400
1429 1459
1429 1430
1459 1489
1459 1460
1489 1490
1489 1514
274 1252
274 1229
1252 1282
1252 1253
1282 1312
1282 1283
1312 1342
1312 1313
1342 1372
1342 1343
1372 1402
1372 1373
1402 1432
1402 1403
1432 1462
1432 1433
1462 1492
1462 1463
1492 1493
1492 1515
275 1255
275 1231
1255 1285
1255 1256
1285 1315
1285 1286
1315 1345
1315 1316
1345 1375
1345 1346
1375 1405
1375 1376
1405 1435
1405 1406
1435 1465
1435 1436
1465 1495
1465 1466
1495 1496
1495 1516
276 1258
276 1233
1258 1288
1258 1259
1288 1318
1288 1289
1318 1348
1318 1319
1348 1378
1348 1349
1378 1408
1378 1379
1408 1438
1408 1409
1438 1468
1438 1439
1468 1498
1468 1469
1498 1499
1498 1517
277 1261
277 1235
1261 1291
1261 1262
1291 1321
1291 1292
1321 1351
1321 1322
1351 1381
1351 1352
1381 1411
1381 1382
1411 1441
1411 1412
1441 1471
1441 1442
1471 1501
1471 1472
1501 1502
1501 1518
278 1264
278 1237
1264 1294
1264 1265
1294 1324
1294 1295
1324 1354
1324 1325
1354 1384
1354 1355
1384 1414
1384 1385
1414 1444
1414 1415
1444 1474
1444 1445
1474 1504
1474 1475
1504 1505
1504 1519
279 1267
279 1239
1267 1297
1267 1268
1297 1327
1297 1298
1327 1357
1327 1328
1357 1387
1357 1358
1387 1417
1387 1388
1417 1447
1417 1418
1447 1477
1447 1448
1477 1507
1477 1478
1507 1508
1507 1520
280 1269
280 1240
1269 1299
1269 1270
1299 1329
1299 1300
1329 1359
1329 1330
1359 1389
1359 1360
1389 1419
1389 1390
1419 1449
1419 1420
1449 1479
1449 1450
1479 1509
1479 1480
1509 1510
1509 1521
1241 1522
1241 281
1241 1523
1522 1524
1522 282
1522 1525
1524 1526
1524 283
1524 1527
1526 1528
1526 284
1526 1529
1528 1530
1528 285
1528 1531
1530 1532
1530 286
1530 1533
1532 1534
1532 287
1532 1535
1534 1536
1534 288
1534 1537
1536 1538
1536 289
1536 1539
1538 290
1538 1540
1538 1541
1271 1542
1271 1543
1271 1544
1542 1545
1542 1546
1542 1547
1545 1548
1545 1549
1545 1550
1548 1551
1548 1552
1548 1553
1551 1554
1551 1555
1551 1556
1554 1557
1554 1558
1554 1559
1557 1560
1557 1561
1557 1562
1560 1563
1560 1564
1560 1565
1563 1566
1563 1567
1563 1568
1566 1569
1566 1570
1566 1571
1301 1572
1301 1573
1301 1574
1572 1575
1572 1576
1572 1577
1575 1578
1575 1579
1575 1580
1578 1581
1578 1582
1578 1583
1581 1584
1581 1585
1581 1586
1584 1587
1584 1588
1584 1589
1587 1590
1587 1591
1587 1592
1590 1593
1590 1594
1590 1595
1593 1596
1593 1597
1593 1598
1596 1599
1596 1600
1596 1601
1331 1602
1331 1603
1331 1604
1602 1605
1602 1606
1602 1607
1605 1608
1605 1609
1605 1610
1608 1611
1608 1612
1608 1613
1611 1614
1611 1615
1611 1616
1614 1617
1614 1618
1614 1619
1617 1620
1617 1621
1617 1622
1620 1623
1620 1624
1620 1625
1623 1626
1623 1627
1623 1628
1626 1629
1626 1630
1626 1631
1361 1632
1361 1633
1361 1634
1632 1635
1632 1636
1632 1637
1635 1638
1635 1639
1635 1640
1638 1641
1638 1642
1638 1643
1641 1644
1641 1645
1641 1646
1644 1647
1644 1648
1644 1649
1647 1650
1647 1651
1647 1652
1650 1653
1650 1654
1650 1655
1653 1656
1653 1657
1653 1658
1656 1659
1656 1660
1656 1661
1391 1662
1391 1663
1391 1664
1662 1665
1662 1666
1662 1667
1665 1668
1665 1669
1665 1670
1668 1671
1668 1672
1668 1673
1671 1674
1671 1675
1671 1676
1674 1677
1674 1678
1674 1679
1677 1680
1677 1681
1677 1682
1680 1683
1680 1684
1680 1685
1683 1686
1683 1687
1683 1688
1686 1689
1686 1690
1686 1691
1421 1692
1421 1693
1421 1694
1692 1695
1692 1696
1692 1697
1695 1698
1695 1699
1695 1700
1698 1701
1698 1702
1698 1703
1701 1704
1701 1705
1701 1706
1704 1707
1704 1708
1704 1709
1707 1710
1707 1711
1707 1712
1710 1713
1710 1714
1710 1715
1713 1716
1713 1717
1713 1718
1716 1719
1716 1720
1716 1721
1451 1722
1451 1723
1451 1724
1722 1725
1722 1726
1722 1727
1725 1728
1725 1729
1725 1730
1728 1731
1728 1732
1728 1733
1731 1734
1731 1735
1731 1736
1734 1737
1734 1738
1734 1739
1737 1740
1737 1741
1737 1742
1740 1743
1740 1744
1740 1745
1743 1746
1743 1747
1743 1748
1746 1749
1746 1750
1746 1751
1481 1752
1481 1753
1481 1754
1752 1755
1752 1756
1752 1757
1755 1758
1755 1759
1755 1760
1758 1761
1758 1762
1758 1763
1761 1764
1761 1765
1761 1766
1764 1767
1764 1768
1764 1769
1767 1770
1767 1771
1767 1772
1770 1773
1770 1774
1770 1775
1773 1776
1773 1777
1773 1778
1776 1779
1776 1780
1776 1781
1511 1782
1511 1783
1511 1784
1782 1785
1782 1786
1782 1787
1785 1788
1785 1789
1785 1790
1788 1791
1788 1792
1788 1793
1791 1794
1791 1795
1791 1796
1794 1797
1794 1798
1794 1799
1797 1800
1797 1801
1797 1802
1800 1803
1800 1804
1800 1805
1803 1806
1803 1807
1803 1808
1806 1809
1806 1810
1806 1811
281 1543
281 1523
1543 1573
1543 1544
1573 1603
1573 1574
1603 1633
1603 1604
1633 1663
1633 1634
1663 1693
1663 1664
1693 1723
1693 1694
1723 1753
1723 1724
1753 1783
1753 1754
1783 1784
1783 1812
282 1546
282 1525
1546 1576
1546 1547
1576 1606
1576 1577
1606 1636
1606 1607
1636 1666
1636 1637
1666 1696
1666 1667
1696 1726
1696 1697
1726 1756
1726 1727
1756 1786
1756 1757
1786 1787
1786 1813
283 1549
283 1527
1549 1579
1549 1550
1579 1609
1579 1580
1609 1639
1609 1610
1639 1669
1639 1640
1669 1699
1669 1670
1699 1729
1699 1700
1729 1759
1729 1730
1759 1789
1759 1760
1789 1790
1789 1814
284 1552
284 1529
1552 1582
1552 1553
1582 1612
1582 1583
1612 1642
1612 1613
1642 1672
1642 1643
1672 1702
1672 1673
1702 1732
1702 1703
1732 1762
1732 1733
1762 1792
1762 1763
1792 1793
1792 1815
285 1555
285 1531
1555 1585
1555 1556
1585 1615
1585 1586
1615 1645
1615 1616
1645 1675
1645 1646
1675 1705
1675 1676
1705 1735
1705 1706
1735 1765
1735 1736
1765 1795
1765 1766
1795 1796
1795 1816
286 1558
286 1533
1558 1588
1558 1559
1588 1618
1588 1589
1618 1648
1618 1619
1648 1678
1648 1649
1678 1708
1678 1679
1708 1738
1708 1709
1738 1768
1738 1739
1768 1798
1768 1769
1798 1799
1798 1817
287 1561
287 1535
1561 1591
1561 1562
1591 1621
1591 1592
1621 1651
1621 1622
1651 1681
1651 1652
1681 1711
1681 1682
1711 1741
1711 1712
1741 1771
1741 1742
1771 1801
1771 1772
1801 1802
1801 1818
288 1564
288 1537
1564 1594
1564 1565
1594 1624
1594 1595
1624 1654
1624 1625
1654 1684
1654 1655
1684 1714
1684 1685
1714 1744
1714 1715
1744 1774
1744 1745
1774 1804
1774 1775
1804 1805
1804 1819
289 1567
289 1539
1567 1597
1567 1568
1597 1627
1597 1598
1627 1657
1627 1628
1657 1687
1657 1658
1687 1717
1687 1688
1717 1747
1717 1718
1747 1777
1747 1748
1777 1807
1777 1778
1807 1808
1807 1820
290 1569
290 1540
1569 1599
1569 1570
1599 1629
1599 1600
1629 1659
1629 1630
1659 1689
1659 1660
1689 1719
1689 1690
1719 1749
1719 1720
1749 1779
1749 1750
1779 1809
1779 1780
1809 1810
1809 1821
1541 1822
1541 291
1541 1823
1822 1824
1822 292
1822 1825
1824 1826
1824 293
1824 1827
1826 1828
1826 294
1826 1829
1828 1830
1828 295
1828 1831
1830 1832
1830 296
1830 1833
1832 1834
1832 297
1832 1835
1834 1836
1834 298
1834 1837
1836 1838
1836 299
1836 1839
1838 300
1838 1840
1838 1841
1571 1842
1571 1843
1571 1844
1842 1845
1842 1846
1842 1847
1845 1848
1845 1849
1845 1850
1848 1851
1848 1852
1848 1853
1851 1854
1851 1855
1851 1856
1854 1857
1854 1858
1854 1859
1857 1860
1857 1861
1857 1862
1860 1863
1860 1864
1860 1865
1863 1866
1863 1867
1863 1868
1866 1869
1866 1870
1866 1871
1601 1872
1601 1873
1601 1874
1872 1875
1872 1876
1872 1877
1875 1878
1875 1879
1875 1880
1878 1881
1878 1882
1878 1883
1881 1884
1881 1885
1881 1886
1884 1887
1884 1888
1884 1889
1887 1890
1887 1891
1887 1892
1890 1893
1890 1894
1890 1895
1893 1896
1893 1897
1893 1898
1896 1899
1896 1900
1896 1901
1631 1902
1631 1903
1631 1904
1902 1905
1902 1906
1902 1907
1905 1908
1905 1909
1905 1910
1908 1911
1908 1912
1908 1913
1911 1914
1911 1915
1911 1916
1914 1917
1914 1918
1914 1919
1917 1920
1917 1921
1917 1922
1920 1923
1920 1924
1920 1925
1923 1926
1923 1927
1923 1928
1926 1929
1926 1930
1926 1931
1661 1932
1661 1933
1661 1934
1932 1935
1932 1936
1932 1937
1935 1938
1935 1939
1935 1940
1938 1941
1938 1942
1938 1943
1941 1944
1941 1945
1941 1946
1944 1947
1944 1948
1944 1949
1947 1950
1947 1951
1947 1952
1950 1953
1950 1954
1950 1955
1953 1956
1953 1957
1953 1958
1956 1959
1956 1960
1956 1961
1691 1962
1691 1963
1691 1964
1962 1965
1962 1966
1962 1967
1965 1968
1965 1969
1965 1970
1968 1971
1968 1972
1968 1973
1971 1974
1971 1975
1971 1976
1974 1977
1974 1978
1974 1979
1977 1980
1977 1981
1977 1982
1980 1983
1980 1984
1980 1985
1983 1986
1983 1987
1983 1988
1986 1989
1986 1990
1986 1991
1721 1992
1721 1993
1721 1994
1992 1995
1992 1996
1992 1997
1995 1998
1995 1999
1995 2000
1998 2001
1998 2002
1998 2003
2001 2004
2001 2005
2001 2006
2004 2007
2004 2008
2004 2009
2007 2010
2007 2011
2007 2012
2010 2013
2010 2014
2010 2015
2013 2016
2013 2017
2013 2018
2016 2019
2016 2020
2016 2021
1751 2022
1751 2023
1751 2024
2022 2025
2022 2026
2022 2027
2025 2028
2025 2029
2025 2030
2028 2031
2028 2032
2028 2033
2031 2034
2031 2035
2031 2036
2034 2037
2034 2038
2034 2039
2037 2040
2037 2041
2037 2042
2040 2043
2040 2044
2040 2045
2043 2046
2043 2047
2043 2048
2046 2049
2046 2050
2046 2051
1781 2052
1781 2053
1781 2054
2052 2055
2052 2056
2052 2057
2055 2058
2055 2059
2055 2060
2058 2061
2058 2062
2058 2063
2061 2064
2061 2065
2061 2066
2064 2067
2064 2068
2064 2069
2067 2070
2067 2071
2067 2072
2070 2073
2070 2074
2070 2075
2073 2076
2073 2077
2073 2078
2076 2079
2076 2080
2076 2081
1811 2082
1811 2083
1811 2084
2082 2085
2082 2086
2082 2087
2085 2088
2085 2089
2085 2090
2088 2091
2088 2092
2088 2093
2091 2094
2091 2095
2091 2096
2094 2097
2094 2098
2094 2099
2097 2100
2097 2101
2097 2102
2100 2103
2100 2104
2100 2105
2103 2106
2103 2107
2103 2108
2106 2109
2106 2110
2106 2111
291 1843
291 1823
1843 1873
1843 1844
1873 1903
1873 1874
1903 1933
1903 1904
1933 1963
1933 1934
1963 1993
1963 1964
1993 2023
1993 1994
2023 2053
2023 2024
2053 2083
2053 2054
2083 2084
2083 2112
292 1846
292 1825
1846 1876
1846 1847
1876 1906
1876 1877
1906 1936
1906 1907
1936 1966
1936 1937
1966 1996
1966 1967
1996 2026
1996 1997
2026 2056
2026 2027
2056 2086
2056 2057
2086 2087
2086 2113
293 1849
293 1827
1849 1879
1849 1850
1879 1909
1879 1880
1909 1939
1909 1910
1939 1969
1939 1940
1969 1999
1969 1970
1999 2029
1999 2000
2029 2059
2029 2030
2059 2089
2059 2060
2089 2090
2089 2114
294 1852
294 1829
1852 1882
1852 1853
1882 1912
1882 1883
1912 1942
1912 1913
1942 1972
1942 1943
1972 2002
1972 1973
2002 2032
2002 2003
2032 2062
2032 2033
2062 2092
2062 2063
2092 2093
2092 2115
295 1855
295 1831
1855 1885
1855 1856
1885 1915
1885 1886
1915 1945
1915 1916
1945 1975
1945 1946
1975 2005
1975 1976
2005 2035
2005 2006
2035 2065
2035 2036
2065 2095
2065 2066
2095 2096
2095 2116
296 1858
296 1833
1858 1888
1858 1859
1888 1918
1888 1889
1918 1948
1918 1919
1948 1978
1948 1949
1978 2008
1978 1979
2008 2038
2008 2009
2038 2068
2038 2039
2068 2098
2068 2069
2098 2099
2098 2117
297 1861
297 1835
1861 1891
1861 1862
1891 1921
1891 1892
1921 1951
1921 1922
1951 1981
1951 1952
1981 2011
1981 1982
2011 2041
2011 2012
2041 2071
2041 2042
2071 2101
2071 2072
2101 2102
2101 2118
298 1864
298 1837
1864 1894
1864 1865
1894 1924
1894 1895
1924 1954
1924 1925
1954 1984
1954 1955
1984 2014
1984 1985
2014 2044
2014 2015
2044 2074
2044 2045
2074 2104
2074 2075
2104 2105
2104 2119
299 1867
299 1839
1867 1897
1867 1868
1897 1927
1897 1898
1927 1957
1927 1928
1957 1987
1957 1958
1987 2017
1987 1988
2017 2047
2017 2018
2047 2077
2047 2048
2077 2107
2077 2078
2107 2108
2107 2120
300 1869
300 1840
1869 1899
1869 1870
1899 1929
1899 1900
1929 1959
1929 1930
1959 1989
1959 1960
1989 2019
1989 1990
2019 2049
2019 2020
2049 2079
2049 2050
2079 2109
2079 2080
2109 2110
2109 2121
1841 2122
1841 301
1841 2123
2122 2124
2122 302
2122 2125
2124 2126
2124 303
2124 2127
2126 2128
2126 304
2126 2129
2128 2130
2128 305
2128 2131
2130 2132
2130 306
2130 2133
2132 2134
2132 307
2132 2135
2134 2136
2134 308
2134 2137
2136 2138
2136 309
2136 2139
2138 310
2138 2140
2138 2141
1871 2142
1871 2143
1871 2144
2142 2145
2142 2146
2142 2147
2145 2148
2145 2149
2145 2150
2148 2151
2148 2152
2148 2153
2151 2154
2151 2155
2151 2156
2154 2157
2154 2158
2154 2159
2157 2160
2157 2161
2157 2162
2160 2163
2160 2164
2160 2165
2163 2166
2163 2167
2163 2168
2166 2169
2166 2170
2166 2171
1901 2172
1901 2173
1901 2174
2172 2175
2172 2176
2172 2177
2175 2178
2175 2179
2175 2180
2178 2181
2178 2182
2178 2183
2181 2184
2181 2185
2181 2186
2184 2187
2184 2188
2184 2189
2187 2190
2187 2191
2187 2192
2190 2193
2190 2194
2190 2195
2193 2196
2193 2197
2193 2198
2196 2199
2196 2200
2196 2201
1931 2202
1931 2203
1931 2204
2202 2205
2202 2206
2202 2207
2205 2208
2205 2209
2205 2210
2208 2211
2208 2212
2208 2213
2211 2214
2211 2215
2211 2216
2214 2217
2214 2218
2214 2219
2217 2220
2217 2221
2217 2222
2220 2223
2220 2224
2220 2225
2223 2226
2223 2227
2223 2228
2226 2229
2226 2230
2226 2231
1961 2232
1961 2233
1961 2234
2232 2235
2232 2236
2232 2237
2235 2238
2235 2239
2235 2240
2238 2241
2238 2242
2238 2243
2241 2244
2241 2245
2241 2246
2244 2247
2244 2248
2244 2249
2247 2250
2247 2251
2247 2252
2250 2253
2250 2254
2250 2255
2253 2256
2253 2257
2253 2258
2256 2259
2256 2260
2256 2261
1991 2262
1991 2263
1991 2264
2262 2265
2262 2266
2262 2267
2265 2268
2265 2269
2265 2270
2268 2271
2268 2272
2268 2273
2271 2274
2271 2275
2271 2276
2274 2277
2274 2278
2274 2279
2277 2280
2277 2281
2277 2282
2280 2283
2280 2284
2280 2285
2283 2286
2283 2287
2283 2288
2286 2289
2286 2290
2286 2291
2021 2292
2021 2293
2021 2294
2292 2295
2292 2296
2292 2297
2295 2298
2295 2299
2295 2300
2298 2301
2298 2302
2298 2303
2301 2304
2301 2305
2301 2306
2304 2307
2304 2308
2304 2309
2307 2310
2307 2311
2307 2312
2310 2313
2310 2314
2310 2315
2313 2316
2313 2317
2313 2318
2316 2319
2316 2320
2316 2321
2051 2322
2051 2323
2051 2324
2322 2325
2322 2326
2322 2327
2325 2328
2325 2329
2325 2330
2328 2331
2328 2332
2328 2333
2331 2334
2331 2335
2331 2336
2334 2337
2334 2338
2334 2339
2337 2340
2337 2341
2337 2342
2340 2343
2340 2344
2340 2345
2343 2346
2343 2347
2343 2348
2346 2349
2346 2350
2346 2351
2081 2352
2081 2353
2081 2354
2352 2355
2352 2356
2352 2357
2355 2358
2355 2359
2355 2360
2358 2361
2358 2362
2358 2363
2361 2364
2361 2365
2361 2366
2364 2367
2364 2368
2364 2369
2367 2370
2367 2371
2367 2372
2370 2373
2370 2374
2370 2375
2373 2376
2373 2377
2373 2378
2376 2379
2376 2380
2376 2381
2111 2382
2111 2383
2111 2384
2382 2385
2382 2386
2382 2387
2385 2388
2385 2389
2385 2390
2388 2391
2388 2392
2388 2393
2391 2394
2391 2395
2391 2396
2394 2397
2394 2398
2394 2399
2397 2400
2397 2401
2397 2402
2400 2403
2400 2404
2400 2405
2403 2406
2403 2407
2403 2408
2406 2409
2406 2410
2406 2411
301 2143
301 2123
2143 2173
2143 2144
2173 2203
2173 2174
2203 2233
2203 2204
2233 2263
2233 2234
2263 2293
2263 2264
2293 2323
2293 2294
2323 2353
2323 2324
2353 2383
2353 2354
2383 2384
2383 2412
302 2146
302 2125
2146 2176
2146 2147
2176 2206
2176 2177
2206 2236
2206 2207
2236 2266
2236 2237
2266 2296
2266 2267
2296 2326
2296 2297
2326 2356
2326 2327
2356 2386
2356 2357
2386 2387
2386 2413
303 2149
303 2127
2149 2179
2149 2150
2179 2209
2179 2180
2209 2239
2209 2210
2239 2269
2239 2240
2269 2299
2269 2270
2299 2329
2299 2300
2329 2359
2329 2330
2359 2389
2359 2360
2389 2390
2389 2414
304 2152
304 2129
2152 2182
2152 2153
2182 2212
2182 2183
2212 2242
2212 2213
2242 2272
2242 2243
2272 2302
2272 2273
2302 2332
2302 2303
2332 2362
2332 2333
2362 2392
2362 2363
2392 2393
2392 2415
305 2155
305 2131
2155 2185
2155 2156
2185 2215
2185 2186
2215 2245
2215 2216
2245 2275
2245 2246
2275 2305
2275 2276
2305 2335
2305 2306
2335 2365
2335 2336
2365 2395
2365 2366
2395 2396
2395 2416
306 2158
306 2133
2158 2188
2158 2159
2188 2218
2188 2189
2218 2248
2218 2219
2248 2278
2248 2249
2278 2308
2278 2279
2308 2338
2308 2309
2338 2368
2338 2339
2368 2398
2368 2369
2398 2399
2398 2417
307 2161
307 2135
2161 2191
2161 2162
2191 2221
2191 2192
2221 2251
2221 2222
2251 2281
2251 2252
2281 2311
2281 2282
2311 2341
2311 2312
2341 2371
2341 2342
2371 2401
2371 2372
2401 2402
2401 2418
308 2164
308 2137
2164 2194
2164 2165
2194 2224
2194 2195
2224 2254
2224 2225
2254 2284
2254 2255
2284 2314
2284 2285
2314 2344
2314 2315
2344 2374
2344 2345
2374 2404
2374 2375
2404 2405
2404 2419
309 2167
309 2139
2167 2197
2167 2168
2197 2227
2197 2198
2227 2257
2227 2228
2257 2287
2257 2258
2287 2317
2287 2288
2317 2347
2317 2318
2347 2377
2347 2348
2377 2407
2377 2378
2407 2408
2407 2420
310 2169
310 2140
2169 2199
2169 2170
2199 2229
2199 2200
2229 2259
2229 2230
2259 2289
2259 2260
2289 2319
2289 2290
2319 2349
2319 2320
2349 2379
2349 2350
2379 2409
2379 2380
2409 2410
2409 2421
2141 2422
2141 311
2141 2423
2422 2424
2422 312
2422 2425
2424 2426
2424 313
2424 2427
2426 2428
2426 314
2426 2429
2428 2430
2428 315
2428 2431
2430 2432
2430 316
2430 2433
2432 2434
2432 317
2432 2435
2434 2436
2434 318
2434 2437
2436 2438
2436 319
2436 2439
2438 320
2438 2440
2171 2441
2171 2442
2171 2443
2441 2444
2441 2445
2441 2446
2444 2447
2444 2448
2444 2449
2447 2450
2447 2451
2447 2452
2450 2453
2450 2454
2450 2455
2453 2456
2453 2457
2453 2458
2456 2459
2456 2460
2456 2461
2459 2462
2459 2463
2459 2464
2462 2465
2462 2466
2462 2467
2465 2468
2465 2469
2201 2470
2201 2471
2201 2472
2470 2473
2470 2474
2470 2475
2473 2476
2473 2477
2473 2478
2476 2479
2476 2480
2476 2481
2479 2482
2479 2483
2479 2484
2482 2485
2482 2486
2482 2487
2485 2488
2485 2489
2485 2490
2488 2491
2488 2492
2488 2493
2491 2494
2491 2495
2491 2496
2494 2497
2494 2498
2231 2499
2231 2500
2231 2501
2499 2502
2499 2503
2499 2504
2502 2505
2502 2506
2502 2507
2505 2508
2505 2509
2505 2510
2508 2511
2508 2512
2508 2513
2511 2514
2511 2515
2511 2516
2514 2517
2514 2518
2514 2519
2517 2520
2517 2521
2517 2522
2520 2523
2520 2524
2520 2525
2523 2526
2523 2527
2261 2528
2261 2529
2261 2530
2528 2531
2528 2532
2528 2533
2531 2534
2531 2535
2531 2536
2534 2537
2534 2538
2534 2539
2537 2540
2537 2541
2537 2542
2540 2543
2540 2544
2540 2545
2543 2546
2543 2547
2543 2548
2546 2549
2546 2550
2546 2551
2549 2552
2549 2553
2549 2554
2552 2555
2552 2556
2291 2557
2291 2558
2291 2559
2557 2560
2557 2561
2557 2562
2560 2563
2560 2564
2560 2565
2563 2566
2563 2567
2563 2568
2566 2569
2566 2570
2566 2571
2569 2572
2569 2573
2569 2574
2572 2575
2572 2576
2572 2577
2575 2578
2575 2579
2575 2580
2578 2581
2578 2582
2578 2583
2581 2584
2581 2585
2321 2586
2321 2587
2321 2588
2586 2589
2586 2590
2586 2591
2589 2592
2589 2593
2589 2594
2592 2595
2592 2596
2592 2597
2595 2598
2595 2599
2595 2600
2598 2601
2598 2602
2598 2603
2601 2604
2601 2605
2601 2606
2604 2607
2604 2608
2604 2609
2607 2610
2607 2611
2607 2612
2610 2613
2610 2614
2351 2615
2351 2616
2351 2617
2615 2618
2615 2619
2615 2620
2618 2621
2618 2622
2618 2623
2621 2624
2621 2625
2621 2626
2624 2627
2624 2628
2624 2629
2627 2630
2627 2631
2627 2632
2630 2633
2630 2634
2630 2635
2633 2636
2633 2637
2633 2638
2636 2639
2636 2640
2636 2641
2639 2642
2639 2643
2381 2644
2381 2645
2381 2646
2644 2647
2644 2648
2644 2649
2647 2650
2647 2651
2647 2652
2650 2653
2650 2654
2650 2655
2653 2656
2653 2657
2653 2658
2656 2659
2656 2660
2656 2661
2659 2662
2659 2663
2659 2664
2662 2665
2662 2666
2662 2667
2665 2668
2665 2669
2665 2670
2668 2671
2668 2672
2411 2673
2411 2674
2411 2675
2673 2676
2673 2677
2673 2678
2676 2679
2676 2680
2676 2681
2679 2682
2679 2683
2679 2684
2682 2685
2682 2686
2682 2687
2685 2688
2685 2689
2685 2690
2688 2691
2688 2692
2688 2693
2691 2694
2691 2695
2691 2696
2694 2697
2694 2698
2694 2699
2697 2700
2697 2701
311 2442
311 2423
2442 2471
2442 2443
2471 2500
2471 2472
2500 2529
2500 2501
2529 2558
2529 2530
2558 2587
2558 2559
2587 2616
2587 2588
2616 2645
2616 2617
2645 2674
2645 2646
2674 2675
2674 2702
312 2445
312 2425
2445 2474
2445 2446
2474 2503
2474 2475
2503 2532
2503 2504
2532 2561
2532 2533
2561 2590
2561 2562
2590 2619
2590 2591
2619 2648
2619 2620
2648 2677
2648 2649
2677 2678
2677 2703
313 2448
313 2427
2448 2477
2448 2449
2477 2506
2477 2478
2506 2535
2506 2507
2535 2564
2535 2536
2564 2593
2564 2565
2593 2622
2593 2594
2622 2651
2622 2623
2651 2680
2651 2652
2680 2681
2680 2704
314 2451
314 2429
2451 2480
2451 2452
2480 2509
2480 2481
2509 2538
2509 2510
2538 2567
2538 2539
2567 2596
2567 2568
2596 2625
2596 2597
2625 2654
2625 2626
2654 2683
2654 2655
2683 2684
2683 2705
315 2454
315 2431
2454 2483
2454 2455
2483 2512
2483 2484
2512 2541
2512 2513
2541 2570
2541 2542
2570 2599
2570 2571
2599 2628
2599 2600
2628 2657
2628 2629
2657 2686
2657 2658
2686 2687
2686 2706
316 2457
316 2433
2457 2486
2457 2458
2486 2515
2486 2487
2515 2544
2515 2516
2544 2573
2544 2545
2573 2602
2573 2574
2602 2631
2602 2603
2631 2660
2631 2632
2660 2689
2660 2661
2689 2690
2689 2707
317 2460
317 2435
2460 2489
2460 2461
2489 2518
2489 2490
2518 2547
2518 2519
2547 2576
2547 2548
2576 2605
2576 2577
2605 2634
2605 2606
2634 2663
2634 2635
2663 2692
2663 2664
2692 2693
2692 2708
318 2463
318 2437
2463 2492
2463 2464
2492 2521
2492 2493
2521 2550
2521 2522
2550 2579
2550 2551
2579 2608
2579 2580
2608 2637
2608 2609
2637 2666
2637 2638
2666 2695
2666 2667
2695 2696
2695 2709
319 2466
319 2439
2466 2495
2466 2467
2495 2524
2495 2496
2524 2553
2524 2525
2553 2582
2553 2554
2582 2611
2582 2583
2611 2640
2611 2612
2640 2669
2640 2641
2669 2698
2669 2670
2698 2699
2698 2710
320 2468
320 2440
2468 2497
2468 2469
2497 2526
2497 2498
2526 2555
2526 2527
2555 2584
2555 2556
2584 2613
2584 2585
2613 2642
2613 2614
2642 2671
2642 2643
2671 2700
2671 2672
2700 2701
2700 2711
31 2712
31 612
31 2713
2712 2714
2712 613
2712 2715
2714 2716
2714 614
2714 2717
2716 2718
2716 615
2716 2719
2718 2720
2718 616
2718 2721
2720 2722
2720 617
2720 2723
2722 2724
2722 618
2722 2725
2724 2726
2724 619
2724 2727
2726 2728
2726 620
2726 2729
2728 621
2728 2730
2728 2731
34 2732
34 2733
34 2734
2732 2735
2732 2736
2732 2737
2735 2738
2735 2739
2735 2740
2738 2741
2738 2742
2738 2743
2741 2744
2741 2745
2741 2746
2744 2747
2744 2748
2744 2749
2747 2750
2747 2751
2747 2752
2750 2753
2750 2754
2750 2755
2753 2756
2753 2757
2753 2758
2756 2759
2756 2760
2756 2761
37 2762
37 2763
37 2764
2762 2765
2762 2766
2762 2767
2765 2768
2765 2769
2765 2770
2768 2771
2768 2772
2768 2773
2771 2774
2771 2775
2771 2776
2774 2777
2774 2778
2774 2779
2777 2780
2777 2781
2777 2782
2780 2783
2780 2784
2780 2785
2783 2786
2783 2787
2783 2788
2786 2789
2786 2790
2786 2791
40 2792
40 2793
40 2794
2792 2795
2792 2796
2792 2797
2795 2798
2795 2799
2795 2800
2798 2801
2798 2802
2798 2803
2801 2804
2801 2805
2801 2806
2804 2807
2804 2808
2804 2809
2807 2810
2807 2811
2807 2812
2810 2813
2810 2814
2810 2815
2813 2816
2813 2817
2813 2818
2816 2819
2816 2820
2816 2821
43 2822
43 2823
43 2824
2822 2825
2822 2826
2822 2827
2825 2828
2825 2829
2825 2830
2828 2831
2828 2832
2828 2833
2831 2834
2831 2835
2831 2836
2834 2837
2834 2838
2834 2839
2837 2840
2837 2841
2837 2842
2840 2843
2840 2844
2840 2845
2843 2846
2843 2847
2843 2848
2846 2849
2846 2850
2846 2851
46 2852
46 2853
46 2854
2852 2855
2852 2856
2852 2857
2855 2858
2855 2859
2855 2860
2858 2861
2858 2862
2858 2863
2861 2864
2861 2865
2861 2866
2864 2867
2864 2868
2864 2869
2867 2870
2867 2871
2867 2872
2870 2873
2870 2874
2870 2875
2873 2876
2873 2877
2873 2878
2876 2879
2876 2880
2876 2881
49 2882
49 2883
49 2884
2882 2885
2882 2886
2882 2887
2885 2888
2885 2889
2885 2890
2888 2891
2888 2892
2888 2893
2891 2894
2891 2895
2891 2896
2894 2897
2894 2898
2894 2899
2897 2900
2897 2901
2897 2902
2900 2903
2900 2904
2900 2905
2903 2906
2903 2907
2903 2908
2906 2909
2906 2910
2906 2911
52 2912
52 2913
52 2914
2912 2915
2912 2916
2912 2917
2915 2918
2915 2919
2915 2920
2918 2921
2918 2922
2918 2923
2921 2924
2921 2925
2921 2926
2924 2927
2924 2928
2924 2929
2927 2930
2927 2931
2927 2932
2930 2933
2930 2934
2930 2935
2933 2936
2933 2937
2933 2938
2936 2939
2936 2940
2936 2941
55 2942
55 2943
55 2944
2942 2945
2942 2946
2942 2947
2945 2948
2945 2949
2945 2950
2948 2951
2948 2952
2948 2953
2951 2954
2951 2955
2951 2956
2954 2957
2954 2958
2954 2959
2957 2960
2957 2961
2957 2962
2960 2963
2960 2964
2960 2965
2963 2966
2963 2967
2963 2968
2966 2969
2966 2970
2966 2971
58 2972
58 2973
58 2974
2972 2975
2972 2976
2972 2977
2975 2978
2975 2979
2975 2980
2978 2981
2978 2982
2978 2983
2981 2984
2981 2985
2981 2986
2984 2987
2984 2988
2984 2989
2987 2990
2987 2991
2987 2992
2990 2993
2990 2994
2990 2995
2993 2996
2993 2997
2993 2998
2996 2999
2996 3000
2996 3001
612 2733
612 2713
2733 2763
2733 2734
2763 2793
2763 2764
2793 2823
2793 2794
2823 2853
2823 2824
2853 2883
2853 2854
2883 2913
2883 2884
2913 2943
2913 2914
2943 2973
2943 2944
2973 2974
2973 3002
613 2736
613 2715
2736 2766
2736 2737
2766 2796
2766 2767
2796 2826
2796 2797
2826 2856
2826 2827
2856 2886
2856 2857
2886 2916
2886 2887
2916 2946
2916 2917
2946 2976
2946 2947
2976 2977
2976 3003
614 2739
614 2717
2739 2769
2739 2740
2769 2799
2769 2770
2799 2829
2799 2800
2829 2859
2829 2830
2859 2889
2859 2860
2889 2919
2889 2890
2919 2949
2919 2920
2949 2979
2949 2950
2979 2980
2979 3004
615 2742
615 2719
2742 2772
2742 2743
2772 2802
2772 2773
2802 2832
2802 2803
2832 2862
2832 2833
2862 2892
2862 2863
2892 2922
2892 2893
2922 2952
2922 2923
2952 2982
2952 2953
2982 2983
2982 3005
616 2745
616 2721
2745 2775
2745 2746
2775 2805
2775 2776
2805 2835
2805 2806
2835 2865
2835 2836
2865 2895
2865 2866
2895 2925
2895 2896
2925 2955
2925 2926
2955 2985
2955 2956
2985 2986
2985 3006
617 2748
617 2723
2748 2778
2748 2749
2778 2808
2778 2779
2808 2838
2808 2809
2838 2868
2838 2839
2868 2898
2868 2869
2898 2928
2898 2899
2928 2958
2928 2929
2958 2988
2958 2959
2988 2989
2988 3007
618 2751
618 2725
2751 2781
2751 2752
2781 2811
2781 2782
2811 2841
2811 2812
2841 2871
2841 2842
2871 2901
2871 2872
2901 2931
2901 2902
2931 2961
2931 2932
2961 2991
2961 2962
2991 2992
2991 3008
619 2754
619 2727
2754 2784
2754 2755
2784 2814
2784 2785
2814 2844
2814 2815
2844 2874
2844 2845
2874 2904
2874 2875
2904 2934
2904 2905
2934 2964
2934 2935
2964 2994
2964 2965
2994 2995
2994 3009
620 2757
620 2729
2757 2787
2757 2758
2787 2817
2787 2788
2817 2847
2817 2818
2847 2877
2847 2848
2877 2907
2877 2878
2907 2937
2907 2908
2937 2967
2937 2938
2967 2997
2967 2968
2997 2998
2997 3010
621 2759
621 2730
2759 2789
2759 2760
2789 2819
2789 2790
2819 2849
2819 2820
2849 2879
2849 2850
2879 2909
2879 2880
2909 2939
2909 2910
2939 2969
2939 2940
2969 2999
2969 2970
2999 3000
2999 3011
2731 3012
2731 912
2731 3013
3012 3014
3012 913
3012 3015
3014 3016
3014 914
3014 3017
3016 3018
3016 915
3016 3019
3018 3020
3018 916
3018 3021
3020 3022
3020 917
3020 3023
3022 3024
3022 918
3022 3025
3024 3026
3024 919
3024 3027
3026 3028
3026 920
3026 3029
3028 921
3028 3030
3028 3031
2761 3032
2761 3033
2761 3034
3032 3035
3032 3036
3032 3037
3035 3038
3035 3039
3035 3040
3038 3041
3038 3042
3038 3043
3041 3044
3041 3045
3041 3046
3044 3047
3044 3048
3044 3049
3047 3050
3047 3051
3047 3052
3050 3053
3050 3054
3050 3055
3053 3056
3053 3057
3053 3058
3056 3059
3056 3060
3056 3061
2791 3062
2791 3063
2791 3064
3062 3065
3062 3066
3062 3067
3065 3068
3065 3069
3065 3070
3068 3071
3068 3072
3068 3073
3071 3074
3071 3075
3071 3076
3074 3077
3074 3078
3074 3079
3077 3080
3077 3081
3077 3082
3080 3083
3080 3084
3080 3085
3083 3086
3083 3087
3083 3088
3086 3089
3086 3090
3086 3091
2821 3092
2821 3093
2821 3094
3092 3095
3092 3096
3092 3097
3095 3098
3095 3099
3095 3100
3098 3101
3098 3102
3098 3103
3101 3104
3101 3105
3101 3106
3104 3107
3104 3108
3104 3109
3107 3110
3107 3111
3107 3112
3110 3113
3110 3114
3110 3115
3113 3116
3113 3117
3113 3118
3116 3119
3116 3120
3116 3121
2851 3122
2851 3123
2851 3124
3122 3125
3122 3126
3122 3127
3125 3128
3125 3129
3125 3130
3128 3131
3128 3132
3128 3133
3131 3134
3131 3135
3131 3136
3134 3137
3134 3138
3134 3139
3137 3140
3137 3141
3137 3142
3140 3143
3140 3144
3140 3145
3143 3146
3143 3147
3143 3148
3146 3149
3146 3150
3146 3151
2881 3152
2881 3153
2881 3154
3152 3155
3152 3156
3152 3157
3155 3158
3155 3159
3155 3160
3158 3161
3158 3162
3158 3163
3161 3164
3161 3165
3161 3166
3164 3167
3164 3168
3164 3169
3167 3170
3167 3171
3167 3172
3170 3173
3170 3174
3170 3175
3173 3176
3173 3177
3173 3178
3176 3179
3176 3180
3176 3181
2911 3182
2911 3183
2911 3184
3182 3185
3182 3186
3182 3187
3185 3188
3185 3189
3185 3190
3188 3191
3188 3192
3188 3193
3191 3194
3191 3195
3191 3196
3194 3197
3194 3198
3194 3199
3197 3200
3197 3201
3197 3202
3200 3203
3200 3204
3200 3205
3203 3206
3203 3207
3203 3208
3206 3209
3206 3210
3206 3211
2941 3212
2941 3213
2941 3214
3212 3215
3212 3216
3212 3217
3215 3218
3215 3219
3215 3220
3218 3221
3218 3222
3218 3223
3221 3224
3221 3225
3221 3226
3224 3227
3224 3228
3224 3229
3227 3230
3227 3231
3227 3232
3230 3233
3230 3234
3230 3235
3233 3236
3233 3237
3233 3238
3236 3239
3236 3240
3236 3241
2971 3242
2971 3243
2971 3244
3242 3245
3242 3246
3242 3247
3245 3248
3245 3249
3245 3250
3248 3251
3248 3252
3248 3253
3251 3254
3251 3255
3251 3256
3254 3257
3254 3258
3254 3259
3257 3260
3257 3261
3257 3262
3260 3263
3260 3264
3260 3265
3263 3266
3263 3267
3263 3268
3266 3269
3266 3270
3266 3271
3001 3272
3001 3273
3001 3274
3272 3275
3272 3276
3272 3277
3275 3278
3275 3279
3275 3280
3278 3281
3278 3282
3278 3283
3281 3284
3281 3285
3281 3286
3284 3287
3284 3288
3284 3289
3287 3290
3287 3291
3287 3292
3290 3293
3290 3294
3290 3295
3293 3296
3293 3297
3293 3298
3296 3299
3296 3300
3296 3301
912 3033
912 3013
3033 3063
3033 3034
3063 3093
3063 3064
3093 3123
3093 3094
3123 3153
3123 3124
3153 3183
3153 3154
3183 3213
3183 3184
3213 3243
3213 3214
3243 3273
3243 3244
3273 3274
3273 3302
913 3036
913 3015
3036 3066
3036 3037
3066 3096
3066 3067
3096 3126
3096 3097
3126 3156
3126 3127
3156 3186
3156 3157
3186 3216
3186 3187
3216 3246
3216 3217
3246 3276
3246 3247
3276 3277
3276 3303
914 3039
914 3017
3039 3069
3039 3040
3069 3099
3069 3070
3099 3129
3099 3100
3129 3159
3129 3130
3159 3189
3159 3160
3189 3219
3189 3190
3219 3249
3219 3220
3249 3279
3249 3250
3279 3280
3279 3304
915 3042
915 3019
3042 3072
3042 3043
3072 3102
3072 3073
3102 3132
3102 3103
3132 3162
3132 3133
3162 3192
3162 3163
3192 3222
3192 3193
3222 3252
3222 3223
3252 3282
3252 3253
3282 3283
3282 3305
916 3045
916 3021
3045 3075
3045 3046
3075 3105
3075 3076
3105 3135
3105 3106
3135 3165
3135 3136
3165 3195
3165 3166
3195 3225
3195 3196
3225 3255
3225 3226
3255 3285
3255 3256
3285 3286
3285 3306
917 3048
917 3023
3048 3078
3048 3049
3078 3108
3078 3079
3108 3138
3108 3109
3138 3168
3138 3139
3168 3198
3168 3169
3198 3228
3198 3199
3228 3258
3228 3229
3258 3288
3258 3259
3288 3289
3288 3307
918 3051
918 3025
3051 3081
3051 3052
3081 3111
3081 3082
3111 3141
3111 3112
3141 3171
3141 3142
3171 3201
3171 3172
3201 3231
3201 3202
3231 3261
3231 3232
3261 3291
3261 3262
3291 3292
3291 3308
919 3054
919 3027
3054 3084
3054 3055
3084 3114
3084 3085
3114 3144
3114 3115
3144 3174
3144 3145
3174 3204
3174 3175
3204 3234
3204 3205
3234 3264
3234 3235
3264 3294
3264 3265
3294 3295
3294 3309
920 3057
920 3029
3057 3087
3057 3058
3087 3117
3087 3088
3117 3147
3117 3118
3147 3177
3147 3148
3177 3207
3177 3178
3207 3237
3207 3208
3237 3267
3237 3238
3267 3297
3267 3268
3297 3298
3297 3310
921 3059
921 3030
3059 3089
3059 3060
3089 3119
3089 3090
3119 3149
3119 3120
3149 3179
3149 3150
3179 3209
3179 3180
3209 3239
3209 3210
3239 3269
3239 3240
3269 3299
3269 3270
3299 3300
3299 3311
3031 3312
3031 1212
3031 3313
3312 3314
3312 1213
3312 3315
3314 3316
3314 1214
3314 3317
3316 3318
3316 1215
3316 3319
3318 3320
3318 1216
3318 3321
3320 3322
3320 1217
3320 3323
3322 3324
3322 1218
3322 3325
3324 3326
3324 1219
3324 3327
3326 3328
3326 1220
3326 3329
3328 1221
3328 3330
3328 3331
3061 3332
3061 3333
3061 3334
3332 3335
3332 3336
3332 3337
3335 3338
3335 3339
3335 3340
3338 3341
3338 3342
3338 3343
3341 3344
3341 3345
3341 3346
3344 3347
3344 3348
3344 3349
3347 3350
3347 3351
3347 3352
3350 3353
3350 3354
3350 3355
3353 3356
3353 3357
3353 3358
3356 3359
3356 3360
3356 3361
3091 3362
3091 3363
3091 3364
3362 3365
3362 3366
3362 3367
3365 3368
3365 3369
3365 3370
3368 3371
3368 3372
3368 3373
3371 3374
3371 3375
3371 3376
3374 3377
3374 3378
3374 3379
3377 3380
3377 3381
3377 3382
3380 3383
3380 3384
3380 3385
3383 3386
3383 3387
3383 3388
3386 3389
3386 3390
3386 3391
3121 3392
3121 3393
3121 3394
3392 3395
3392 3396
3392 3397
3395 3398
3395 3399
3395 3400
3398 3401
3398 3402
3398 3403
3401 3404
3401 3405
3401 3406
3404 3407
3404 3408
3404 3409
3407 3410
3407 3411
3407 3412
3410 3413
3410 3414
3410 3415
3413 3416
3413 3417
3413 3418
3416 3419
3416 3420
3416 3421
3151 3422
3151 3423
3151 3424
3422 3425
3422 3426
3422 3427
3425 3428
3425 3429
3425 3430
3428 3431
3428 3432
3428 3433
3431 3434
3431 3435
3431 3436
3434 3437
3434 3438
3434 3439
3437 3440
3437 3441
3437 3442
3440 3443
3440 3444
3440 3445
3443 3446
3443 3447
3443 3448
3446 3449
3446 3450
3446 3451
3181 3452
3181 3453
3181 3454
3452 3455
3452 3456
3452 3457
3455 3458
3455 3459
3455 3460
3458 3461
3458 3462
3458 3463
3461 3464
3461 3465
3461 3466
3464 3467
3464 3468
3464 3469
3467 3470
3467 3471
3467 3472
3470 3473
3470 3474
3470 3475
3473 3476
3473 3477
3473 3478
3476 3479
3476 3480
3476 3481
3211 3482
3211 3483
3211 3484
3482 3485
3482 3486
3482 3487
3485 3488
3485 3489
3485 3490
3488 3491
3488 3492
3488 3493
3491 3494
3491 3495
3491 3496
3494 3497
3494 3498
3494 3499
3497 3500
3497 3501
3497 3502
3500 3503
3500 3504
3500 3505
3503 3506
3503 3507
3503 3508
3506 3509
3506 3510
3506 3511
3241 3512
3241 3513
3241 3514
3512 3515
3512 3516
3512 3517
3515 3518
3515 3519
3515 3520
3518 3521
3518 3522
3518 3523
3521 3524
3521 3525
3521 3526
3524 3527
3524 3528
3524 3529
3527 3530
3527 3531
3527 3532
3530 3533
3530 3534
3530 3535
3533 3536
3533 3537
3533 3538
3536 3539
3536 3540
3536 3541
3271 3542
3271 3543
3271 3544
3542 3545
3542 3546
3542 3547
3545 3548
3545 3549
3545 3550
3548 3551
3548 3552
3548 3553
3551 3554
3551 3555
3551 3556
3554 3557
3554 3558
3554 3559
3557 3560
3557 3561
3557 3562
3560 3563
3560 3564
3560 3565
3563 3566
3563 3567
3563 3568
3566 3569
3566 3570
3566 3571
3301 3572
3301 3573
3301 3574
3572 3575
3572 3576
3572 3577
3575 3578
3575 3579
3575 3580
3578 3581
3578 3582
3578 3583
3581 3584
3581 3585
3581 3586
3584 3587
3584 3588
3584 3589
3587 3590
3587 3591
3587 3592
3590 3593
3590 3594
3590 3595
3593 3596
3593 3597
3593 3598
3596 3599
3596 3600
3596 3601
1212 3333
1212 3313
3333 3363
3333 3334
3363 3393
3363 3364
3393 3423
3393 3394
3423 3453
3423 3424
3453 3483
3453 3454
3483 3513
3483 3484
3513 3543
3513 3514
3543 3573
3543 3544
3573 3574
3573 3602
1213 3336
1213 3315
3336 3366
3336 3337
3366 3396
3366 3367
3396 3426
3396 3397
3426 3456
3426 3427
3456 3486
3456 3457
3486 3516
3486 3487
3516 3546
3516 3517
3546 3576
3546 3547
3576 3577
3576 3603
1214 3339
1214 3317
3339 3369
3339 3340
3369 3399
3369 3370
3399 3429
3399 3400
3429 3459
3429 3430
3459 3489
3459 3460
3489 3519
3489 3490
3519 3549
3519 3520
3549 3579
3549 3550
3579 3580
3579 3604
1215 3342
1215 3319
3342 3372
3342 3343
3372 3402
3372 3373
3402 3432
3402 3403
3432 3462
3432 3433
3462 3492
3462 3463
3492 3522
3492 3493
3522 3552
3522 3523
3552 3582
3552 3553
3582 3583
3582 3605
1216 3345
1216 3321
3345 3375
3345 3346
3375 3405
3375 3376
3405 3435
3405 3406
3435 3465
3435 3436
3465 3495
3465 3466
3495 3525
3495 3496
3525 3555
3525 3526
3555 3585
3555 3556
3585 3586
3585 3606
1217 3348
1217 3323
3348 3378
3348 3349
3378 3408
3378 3379
3408 3438
3408 3409
3438 3468
3438 3439
3468 3498
3468 3469
3498 3528
3498 3499
3528 3558
3528 3529
3558 3588
3558 3559
3588 3589
3588 3607
1218 3351
1218 3325
3351 3381
3351 3352
3381 3411
3381 3382
3411 3441
3411 3412
3441 3471
3441 3442
3471 3501
3471 3472
3501 3531
3501 3502
3531 3561
3531 3532
3561 3591
3561 3562
3591 3592
3591 3608
1219 3354
1219 3327
3354 3384
3354 3355
3384 3414
3384 3385
3414 3444
3414 3415
3444 3474
3444 3445
3474 3504
3474 3475
3504 3534
3504 3505
3534 3564
3534 3535
3564 3594
3564 3565
3594 3595
3594 3609
1220 3357
1220 3329
3357 3387
3357 3358
3387 3417
3387 3388
3417 3447
3417 3418
3447 3477
3447 3448
3477 3507
3477 3478
3507 3537
3507 3508
3537 3567
3537 3538
3567 3597
3567 3568
3597 3598
3597 3610
1221 3359
1221 3330
3359 3389
3359 3360
3389 3419
3389 3390
3419 3449
3419 3420
3449 3479
3449 3450
3479 3509
3479 3480
3509 3539
3509 3510
3539 3569
3539 3540
3569 3599
3569 3570
3599 3600
3599 3611
3331 3612
3331 1512
3331 3613
3612 3614
3612 1513
3612 3615
3614 3616
3614 1514
3614 3617
3616 3618
3616 1515
3616 3619
3618 3620
3618 1516
3618 3621
3620 3622
3620 1517
3620 3623
3622 3624
3622 1518
3622 3625
3624 3626
3624 1519
3624 3627
3626 3628
3626 1520
3626 3629
3628 1521
3628 3630
3628 3631
3361 3632
3361 3633
3361 3634
3632 3635
3632 3636
3632 3637
3635 3638
3635 3639
3635 3640
3638 3641
3638 3642
3638 3643
3641 3644
3641 3645
3641 3646
3644 3647
3644 3648
3644 3649
3647 3650
3647 3651
3647 3652
3650 3653
3650 3654
3650 3655
3653 3656
3653 3657
3653 3658
3656 3659
3656 3660
3656 3661
3391 3662
3391 3663
3391 3664
3662 3665
3662 3666
3662 3667
3665 3668
3665 3669
3665 3670
3668 3671
3668 3672
3668 3673
3671 3674
3671 3675
3671 3676
3674 3677
3674 3678
3674 3679
3677 3680
3677 3681
3677 3682
3680 3683
3680 3684
3680 3685
3683 3686
3683 3687
3683 3688
3686 3689
3686 3690
3686 3691
3421 3692
3421 3693
3421 3694
3692 3695
3692 3696
3692 3697
3695 3698
3695 3699
3695 3700
3698 3701
3698 3702
3698 3703
3701 3704
3701 3705
3701 3706
3704 3707
3704 3708
3704 3709
3707 3710
3707 3711
3707 3712
3710 3713
3710 3714
3710 3715
3713 3716
3713 3717
3713 3718
3716 3719
3716 3720
3716 3721
3451 3722
3451 3723
3451 3724
3722 3725
3722 3726
3722 3727
3725 3728
3725 3729
3725 3730
3728 3731
3728 3732
3728 3733
3731 3734
3731 3735
3731 3736
3734 3737
3734 3738
3734 3739
3737 3740
3737 3741
3737 3742
3740 3743
3740 3744
3740 3745
3743 3746
3743 3747
3743 3748
3746 3749
3746 3750
3746 3751
3481 3752
3481 3753
3481 3754
3752 3755
3752 3756
3752 3757
3755 3758
3755 3759
3755 3760
3758 3761
3758 3762
3758 3763
3761 3764
3761 3765
3761 3766
3764 3767
3764 3768
3764 3769
3767 3770
3767 3771
3767 3772
3770 3773
3770 3774
3770 3775
3773 3776
3773 3777
3773 3778
3776 3779
3776 3780
3776 3781
3511 3782
3511 3783
3511 3784
3782 3785
3782 3786
3782 3787
3785 3788
3785 3789
3785 3790
3788 3791
3788 3792
3788 3793
3791 3794
3791 3795
3791 3796
3794 3797
3794 3798
3794 3799
3797 3800
3797 3801
3797 3802
3800 3803
3800 3804
3800 3805
3803 3806
3803 3807
3803 3808
3806 3809
3806 3810
3806 3811
3541 3812
3541 3813
3541 3814
3812 3815
3812 3816
3812 3817
3815 3818
3815 3819
3815 3820
3818 3821
3818 3822
3818 3823
3821 3824
3821 3825
3821 3826
3824 3827
3824 3828
3824 3829
3827 3830
3827 3831
3827 3832
3830 3833
3830 3834
3830 3835
3833 3836
3833 3837
3833 3838
3836 3839
3836 3840
3836 3841
3571 3842
3571 3843
3571 3844
3842 3845
3842 3846
3842 3847
3845 3848
3845 3849
3845 3850
3848 3851
3848 3852
3848 3853
3851 3854
3851 3855
3851 3856
3854 3857
3854 3858
3854 3859
3857 3860
3857 3861
3857 3862
3860 3863
3860 3864
3860 3865
3863 3866
3863 3867
3863 3868
3866 3869
3866 3870
3866 3871
3601 3872
3601 3873
3601 3874
3872 3875
3872 3876
3872 3877
3875 3878
3875 3879
3875 3880
3878 3881
3878 3882
3878 3883
3881 3884
3881 3885
3881 3886
3884 3887
3884 3888
3884 3889
3887 3890
3887 3891
3887 3892
3890 3893
3890 3894
3890 3895
3893 3896
3893 3897
3893 3898
3896 3899
3896 3900
3896 3901
1512 3633
1512 3613
3633 3663
3633 3634
3663 3693
3663 3664
3693 3723
3693 3694
3723 3753
3723 3724
3753 3783
3753 3754
3783 3813
3783 3784
3813 3843
3813 3814
3843 3873
3843 3844
3873 3874
3873 3902
1513 3636
1513 3615
3636 3666
3636 3637
3666 3696
3666 3667
3696 3726
3696 3697
3726 3756
3726 3727
3756 3786
3756 3757
3786 3816
3786 3787
3816 3846
3816 3817
3846 3876
3846 3847
3876 3877
3876 3903
1514 3639
1514 3617
3639 3669
3639 3640
3669 3699
3669 3670
3699 3729
3699 3700
3729 3759
3729 3730
3759 3789
3759 3760
3789 3819
3789 3790
3819 3849
3819 3820
3849 3879
3849 3850
3879 3880
3879 3904
1515 3642
1515 3619
3642 3672
3642 3643
3672 3702
3672 3673
3702 3732
3702 3703
3732 3762
3732 3733
3762 3792
3762 3763
3792 3822
3792 3793
3822 3852
3822 3823
3852 3882
3852 3853
3882 3883
3882 3905
1516 3645
1516 3621
3645 3675
3645 3646
3675 3705
3675 3676
3705 3735
3705 3706
3735 3765
3735 3736
3765 3795
3765 3766
3795 3825
3795 3796
3825 3855
3825 3826
3855 3885
3855 3856
3885 3886
3885 3906
1517 3648
1517 3623
3648 3678
3648 3649
3678 3708
3678 3679
3708 3738
3708 3709
3738 3768
3738 3739
3768 3798
3768 3769
3798 3828
3798 3799
3828 3858
3828 3829
3858 3888
3858 3859
3888 3889
3888 3907
1518 3651
1518 3625
3651 3681
3651 3652
3681 3711
3681 3682
3711 3741
3711 3712
3741 3771
3741 3742
3771 3801
3771 3772
3801 3831
3801 3802
3831 3861
3831 3832
3861 3891
3861 3862
3891 3892
3891 3908
1519 3654
1519 3627
3654 3684
3654 3655
3684 3714
3684 3685
3714 3744
3714 3715
3744 3774
3744 3745
3774 3804
3774 3775
3804 3834
3804 3805
3834 3864
3834 3835
3864 3894
3864 3865
3894 3895
3894 3909
1520 3657
1520 3629
3657 3687
3657 3658
3687 3717
3687 3688
3717 3747
3717 3718
3747 3777
3747 3748
3777 3807
3777 3778
3807 3837
3807 3808
3837 3867
3837 3838
3867 3897
3867 3868
3897 3898
3897 3910
1521 3659
1521 3630
3659 3689
3659 3660
3689 3719
3689 3690
3719 3749
3719 3720
3749 3779
3749 3750
3779 3809
3779 3780
3809 3839
3809 3810
3839 3869
3839 3840
3869 3899
3869 3870
3899 3900
3899 3911
3631 3912
3631 1812
3631 3913
3912 3914
3912 1813
3912 3915
3914 3916
3914 1814
3914 3917
3916 3918
3916 1815
3916 3919
3918 3920
3918 1816
3918 3921
3920 3922
3920 1817
3920 3923
3922 3924
3922 1818
3922 3925
3924 3926
3924 1819
3924 3927
3926 3928
3926 1820
3926 3929
3928 1821
3928 3930
3928 3931
3661 3932
3661 3933
3661 3934
3932 3935
3932 3936
3932 3937
3935 3938
3935 3939
3935 3940
3938 3941
3938 3942
3938 3943
3941 3944
3941 3945
3941 3946
3944 3947
3944 3948
3944 3949
3947 3950
3947 3951
3947 3952
3950 3953
3950 3954
3950 3955
3953 3956
3953 3957
3953 3958
3956 3959
3956 3960
3956 3961
3691 3962
3691 3963
3691 3964
3962 3965
3962 3966
3962 3967
3965 3968
3965 3969
3965 3970
3968 3971
3968 3972
3968 3973
3971 3974
3971 3975
3971 3976
3974 3977
3974 3978
3974 3979
3977 3980
3977 3981
3977 3982
3980 3983
3980 3984
3980 3985
3983 3986
3983 3987
3983 3988
3986 3989
3986 3990
3986 3991
3721 3992
3721 3993
3721 3994
3992 3995
3992 3996
3992 3997
3995 3998
3995 3999
3995 4000
3998 4001
3998 4002
3998 4003
4001 4004
4001 4005
4001 4006
4004 4007
4004 4008
4004 4009
4007 4010
4007 4011
4007 4012
4010 4013
4010 4014
4010 4015
4013 4016
4013 4017
4013 4018
4016 4019
4016 4020
4016 4021
3751 4022
3751 4023
3751 4024
4022 4025
4022 4026
4022 4027
4025 4028
4025 4029
4025 4030
4028 4031
4028 4032
4028 4033
4031 4034
4031 4035
4031 4036
4034 4037
4034 4038
4034 4039
4037 4040
4037 4041
4037 4042
4040 4043
4040 4044
4040 4045
4043 4046
4043 4047
4043 4048
4046 4049
4046 4050
4046 4051
3781 4052
3781 4053
3781 4054
4052 4055
4052 4056
4052 4057
4055 4058
4055 4059
4055 4060
4058 4061
4058 4062
4058 4063
4061 4064
4061 4065
4061 4066
4064 4067
4064 4068
4064 4069
4067 4070
4067 4071
4067 4072
4070 4073
4070 4074
4070 4075
4073 4076
4073 4077
4073 4078
4076 4079
4076 4080
4076 4081
3811 4082
3811 4083
3811 4084
4082 4085
4082 4086
4082 4087
4085 4088
4085 4089
4085 4090
4088 4091
4088 4092
4088 4093
4091 4094
4091 4095
4091 4096
4094 4097
4094 4098
4094 4099
4097 4100
4097 4101
4097 4102
4100 4103
4100 4104
4100 4105
4103 4106
4103 4107
4103 4108
4106 4109
4106 4110
4106 4111
3841 4112
3841 4113
3841 4114
4112 4115
4112 4116
4112 4117
4115 4118
4115 4119
4115 4120
4118 4121
4118 4122
4118 4123
4121 4124
4121 4125
4121 4126
4124 4127
4124 4128
4124 4129
4127 4130
4127 4131
4127 4132
4130 4133
4130 4134
4130 4135
4133 4136
4133 4137
4133 4138
4136 4139
4136 4140
4136 4141
3871 4142
3871 4143
3871 4144
4142 4145
4142 4146
4142 4147
4145 4148
4145 4149
4145 4150
4148 4151
4148 4152
4148 4153
4151 4154
4151 4155
4151 4156
4154 4157
4154 4158
4154 4159
4157 4160
4157 4161
4157 4162
4160 4163
4160 4164
4160 4165
4163 4166
4163 4167
4163 4168
4166 4169
4166 4170
4166 4171
3901 4172
3901 4173
3901 4174
4172 4175
4172 4176
4172 4177
4175 4178
4175 4179
4175 4180
4178 4181
4178 4182
4178 4183
4181 4184
4181 4185
4181 4186
4184 4187
4184 4188
4184 4189
4187 4190
4187 4191
4187 4192
4190 4193
4190 4194
4190 4195
4193 4196
4193 4197
4193 4198
4196 4199
4196 4200
4196 4201
1812 3933
1812 3913
3933 3963
3933 3934
3963 3993
3963 3964
3993 4023
3993 3994
4023 4053
4023 4024
4053 4083
4053 4054
4083 4113
4083 4084
4113 4143
4113 4114
4143 4173
4143 4144
4173 4174
4173 4202
1813 3936
1813 3915
3936 3966
3936 3937
3966 3996
3966 3967
3996 4026
3996 3997
4026 4056
4026 4027
4056 4086
4056 4057
4086 4116
4086 4087
4116 4146
4116 4117
4146 4176
4146 4147
4176 4177
4176 4203
1814 3939
1814 3917
3939 3969
3939 3940
3969 3999
3969 3970
3999 4029
3999 4000
4029 4059
4029 4030
4059 4089
4059 4060
4089 4119
4089 4090
4119 4149
4119 4120
4149 4179
4149 4150
4179 4180
4179 4204
1815 3942
1815 3919
3942 3972
3942 3943
3972 4002
3972 3973
4002 4032
4002 4003
4032 4062
4032 4033
4062 4092
4062 4063
4092 4122
4092 4093
4122 4152
4122 4123
4152 4182
4152 4153
4182 4183
4182 4205
1816 3945
1816 3921
3945 3975
3945 3946
3975 4005
3975 3976
4005 4035
4005 4006
4035 4065
4035 4036
4065 4095
4065 4066
4095 4125
4095 4096
4125 4155
4125 4126
4155 4185
4155 4156
4185 4186
4185 4206
1817 3948
1817 3923
3948 3978
3948 3949
3978 4008
3978 3979
4008 4038
4008 4009
4038 4068
4038 4039
4068 4098
4068 4069
4098 4128
4098 4099
4128 4158
4128 4129
4158 4188
4158 4159
4188 4189
4188 4207
1818 3951
1818 3925
3951 3981
3951 3952
3981 4011
3981 3982
4011 4041
4011 4012
4041 4071
4041 4042
4071 4101
4071 4072
4101 4131
4101 4102
4131 4161
4131 4132
4161 4191
4161 4162
4191 4192
4191 4208
1819 3954
1819 3927
3954 3984
3954 3955
3984 4014
3984 3985
4014 4044
4014 4015
4044 4074
4044 4045
4074 4104
4074 4075
4104 4134
4104 4105
4134 4164
4134 4135
4164 4194
4164 4165
4194 4195
4194 4209
1820 3957
1820 3929
3957 3987
3957 3958
3987 4017
3987 3988
4017 4047
4017 4018
4047 4077
4047 4048
4077 4107
4077 4078
4107 4137
4107 4108
4137 4167
4137 4138
4167 4197
4167 4168
4197 4198
4197 4210
1821 3959
1821 3930
3959 3989
3959 3960
3989 4019
3989 3990
4019 4049
4019 4020
4049 4079
4049 4050
4079 4109
4079 4080
4109 4139
4109 4110
4139 4169
4139 4140
4169 4199
4169 4170
4199 4200
4199 4211
3931 4212
3931 2112
3931 4213
4212 4214
4212 2113
4212 4215
4214 4216
4214 2114
4214 4217
4216 4218
4216 2115
4216 4219
4218 4220
4218 2116
4218 4221
4220 4222
4220 2117
4220 4223
4222 4224
4222 2118
4222 4225
4224 4226
4224 2119
4224 4227
4226 4228
4226 2120
4226 4229
4228 2121
4228 4230
4228 4231
3961 4232
3961 4233
3961 4234
4232 4235
4232 4236
4232 4237
4235 4238
4235 4239
4235 4240
4238 4241
4238 4242
4238 4243
4241 4244
4241 4245
4241 4246
4244 4247
4244 4248
4244 4249
4247 4250
4247 4251
4247 4252
4250 4253
4250 4254
4250 4255
4253 4256
4253 4257
4253 4258
4256 4259
4256 4260
4256 4261
3991 4262
3991 4263
3991 4264
4262 4265
4262 4266
4262 4267
4265 4268
4265 4269
4265 4270
4268 4271
4268 4272
4268 4273
4271 4274
4271 4275
4271 4276
4274 4277
4274 4278
4274 4279
4277 4280
4277 4281
4277 4282
4280 4283
4280 4284
4280 4285
4283 4286
4283 4287
4283 4288
4286 4289
4286 4290
4286 4291
4021 4292
4021 4293
4021 4294
4292 4295
4292 4296
4292 4297
4295 4298
4295 4299
4295 4300
4298 4301
4298 4302
4298 4303
4301 4304
4301 4305
4301 4306
4304 4307
4304 4308
4304 4309
4307 4310
4307 4311
4307 4312
4310 4313
4310 4314
4310 4315
4313 4316
4313 4317
4313 4318
4316 4319
4316 4320
4316 4321
4051 4322
4051 4323
4051 4324
4322 4325
4322 4326
4322 4327
4325 4328
4325 4329
4325 4330
4328 4331
4328 4332
4328 4333
4331 4334
4331 4335
4331 4336
4334 4337
4334 4338
4334 4339
4337 4340
4337 4341
4337 4342
4340 4343
4340 4344
4340 4345
4343 4346
4343 4347
4343 4348
4346 4349
4346 4350
4346 4351
4081 4352
4081 4353
4081 4354
4352 4355
4352 4356
4352 4357
4355 4358
4355 4359
4355 4360
4358 4361
4358 4362
4358 4363
4361 4364
4361 4365
4361 4366
4364 4367
4364 4368
4364 4369
4367 4370
4367 4371
4367 4372
4370 4373
4370 4374
4370 4375
4373 4376
4373 4377
4373 4378
4376 4379
4376 4380
4376 4381
4111 4382
4111 4383
4111 4384
4382 4385
4382 4386
4382 4387
4385 4388
4385 4389
4385 4390
4388 4391
4388 4392
4388 4393
4391 4394
4391 4395
4391 4396
4394 4397
4394 4398
4394 4399
4397 4400
4397 4401
4397 4402
4400 4403
4400 4404
4400 4405
4403 4406
4403 4407
4403 4408
4406 4409
4406 4410
4406 4411
4141 4412
4141 4413
4141 4414
4412 4415
4412 4416
4412 4417
4415 4418
4415 4419
4415 4420
4418 4421
4418 4422
4418 4423
4421 4424
4421 4425
4421 4426
4424 4427
4424 4428
4424 4429
4427 4430
4427 4431
4427 4432
4430 4433
4430 4434
4430 4435
4433 4436
4433 4437
4433 4438
4436 4439
4436 4440
4436 4441
4171 4442
4171 4443
4171 4444
4442 4445
4442 4446
4442 4447
4445 4448
4445 4449
4445 4450
4448 4451
4448 4452
4448 4453
4451 4454
4451 4455
4451 4456
4454 4457
4454 4458
4454 4459
4457 4460
4457 4461
4457 4462
4460 4463
4460 4464
4460 4465
4463 4466
4463 4467
4463 4468
4466 4469
4466 4470
4466 4471
4201 4472
4201 4473
4201 4474
4472 4475
4472 4476
4472 4477
4475 4478
4475 4479
4475 4480
4478 4481
4478 4482
4478 4483
4481 4484
4481 4485
4481 4486
4484 4487
4484 4488
4484 4489
4487 4490
4487 4491
4487 4492
4490 4493
4490 4494
4490 4495
4493 4496
4493 4497
4493 4498
4496 4499
4496 4500
4496 4501
2112 4233
2112 4213
4233 4263
4233 4234
4263 4293
4263 4264
4293 4323
4293 4294
4323 4353
4323 4324
4353 4383
4353 4354
4383 4413
4383 4384
4413 4443
4413 4414
4443 4473
4443 4444
4473 4474
4473 4502
2113 4236
2113 4215
4236 4266
4236 4237
4266 4296
4266 4267
4296 4326
4296 4297
4326 4356
4326 4327
4356 4386
4356 4357
4386 4416
4386 4387
4416 4446
4416 4417
4446 4476
4446 4447
4476 4477
4476 4503
2114 4239
2114 4217
4239 4269
4239 4240
4269 4299
4269 4270
4299 4329
4299 4300
4329 4359
4329 4330
4359 4389
4359 4360
4389 4419
4389 4390
4419 4449
4419 4420
4449 4479
4449 4450
4479 4480
4479 4504
2115 4242
2115 4219
4242 4272
4242 4243
4272 4302
4272 4273
4302 4332
4302 4303
4332 4362
4332 4333
4362 4392
4362 4363
4392 4422
4392 4393
4422 4452
4422 4423
4452 4482
4452 4453
4482 4483
4482 4505
2116 4245
2116 4221
4245 4275
4245 4246
4275 4305
4275 4276
4305 4335
4305 4306
4335 4365
4335 4336
4365 4395
4365 4366
4395 4425
4395 4396
4425 4455
4425 4426
4455 4485
4455 4456
4485 4486
4485 4506
2117 4248
2117 4223
4248 4278
4248 4249
4278 4308
4278 4279
4308 4338
4308 4309
4338 4368
4338 4339
4368 4398
4368 4369
4398 4428
4398 4399
4428 4458
4428 4429
4458 4488
4458 4459
4488 4489
4488 4507
2118 4251
2118 4225
4251 4281
4251 4252
4281 4311
4281 4282
4311 4341
4311 4312
4341 4371
4341 4342
4371 4401
4371 4372
4401 4431
4401 4402
4431 4461
4431 4432
4461 4491
4461 4462
4491 4492
4491 4508
2119 4254
2119 4227
4254 4284
4254 4255
4284 4314
4284 4285
4314 4344
4314 4315
4344 4374
4344 4345
4374 4404
4374 4375
4404 4434
4404 4405
4434 4464
4434 4435
4464 4494
4464 4465
4494 4495
4494 4509
2120 4257
2120 4229
4257 4287
4257 4258
4287 4317
4287 4288
4317 4347
4317 4318
4347 4377
4347 4348
4377 4407
4377 4378
4407 4437
4407 4408
4437 4467
4437 4438
4467 4497
4467 4468
4497 4498
4497 4510
2121 4259
2121 4230
4259 4289
4259 4260
4289 4319
4289 4290
4319 4349
4319 4320
4349 4379
4349 4350
4379 4409
4379 4380
4409 4439
4409 4410
4439 4469
4439 4440
4469 4499
4469 4470
4499 4500
4499 4511
4231 4512
4231 2412
4231 4513
4512 4514
4512 2413
4512 4515
4514 4516
4514 2414
4514 4517
4516 4518
4516 2415
4516 4519
4518 4520
4518 2416
4518 4521
4520 4522
4520 2417
4520 4523
4522 4524
4522 2418
4522 4525
4524 4526
4524 2419
4524 4527
4526 4528
4526 2420
4526 4529
4528 2421
4528 4530
4528 4531
4261 4532
4261 4533
4261 4534
4532 4535
4532 4536
4532 4537
4535 4538
4535 4539
4535 4540
4538 4541
4538 4542
4538 4543
4541 4544
4541 4545
4541 4546
4544 4547
4544 4548
4544 4549
4547 4550
4547 4551
4547 4552
4550 4553
4550 4554
4550 4555
4553 4556
4553 4557
4553 4558
4556 4559
4556 4560
4556 4561
4291 4562
4291 4563
4291 4564
4562 4565
4562 4566
4562 4567
4565 4568
4565 4569
4565 4570
4568 4571
4568 4572
4568 4573
4571 4574
4571 4575
4571 4576
4574 4577
4574 4578
4574 4579
4577 4580
4577 4581
4577 4582
4580 4583
4580 4584
4580 4585
4583 4586
4583 4587
4583 4588
4586 4589
4586 4590
4586 4591
4321 4592
4321 4593
4321 4594
4592 4595
4592 4596
4592 4597
4595 4598
4595 4599
4595 4600
4598 4601
4598 4602
4598 4603
4601 4604
4601 4605
4601 4606
4604 4607
4604 4608
4604 4609
4607 4610
4607 4611
4607 4612
4610 4613
4610 4614
4610 4615
4613 4616
4613 4617
4613 4618
4616 4619
4616 4620
4616 4621
4351 4622
4351 4623
4351 4624
4622 4625
4622 4626
4622 4627
4625 4628
4625 4629
4625 4630
4628 4631
4628 4632
4628 4633
4631 4634
4631 4635
4631 4636
4634 4637
4634 4638
4634 4639
4637 4640
4637 4641
4637 4642
4640 4643
4640 4644
4640 4645
4643 4646
4643 4647
4643 4648
4646 4649
4646 4650
4646 4651
4381 4652
4381 4653
4381 4654
4652 4655
4652 4656
4652 4657
4655 4658
4655 4659
4655 4660
4658 4661
4658 4662
4658 4663
4661 4664
4661 4665
4661 4666
4664 4667
4664 4668
4664 4669
4667 4670
4667 4671
4667 4672
4670 4673
4670 4674
4670 4675
4673 4676
4673 4677
4673 4678
4676 4679
4676 4680
4676 4681
4411 4682
4411 4683
4411 4684
4682 4685
4682 4686
4682 4687
4685 4688
4685 4689
4685 4690
4688 4691
4688 4692
4688 4693
4691 4694
4691 4695
4691 4696
4694 4697
4694 4698
4694 4699
4697 4700
4697 4701
4697 4702
4700 4703
4700 4704
4700 4705
4703 4706
4703 4707
4703 4708
4706 4709
4706 4710
4706 4711
4441 4712
4441 4713
4441 4714
4712 4715
4712 4716
4712 4717
4715 4718
4715 4719
4715 4720
4718 4721
4718 4722
4718 4723
4721 4724
4721 4725
4721 4726
4724 4727
4724 4728
4724 4729
4727 4730
4727 4731
4727 4732
4730 4733
4730 4734
4730 4735
4733 4736
4733 4737
4733 4738
4736 4739
4736 4740
4736 4741
4471 4742
4471 4743
4471 4744
4742 4745
4742 4746
4742 4747
4745 4748
4745 4749
4745 4750
4748 4751
4748 4752
4748 4753
4751 4754
4751 4755
4751 4756
4754 4757
4754 4758
4754 4759
4757 4760
4757 4761
4757 4762
4760 4763
4760 4764
4760 4765
4763 4766
4763 4767
4763 4768
4766 4769
4766 4770
4766 4771
4501 4772
4501 4773
4501 4774
4772 4775
4772 4776
4772 4777
4775 4778
4775 4779
4775 4780
4778 4781
4778 4782
4778 4783
4781 4784
4781 4785
4781 4786
4784 4787
4784 4788
4784 4789
4787 4790
4787 4791
4787 4792
4790 4793
4790 4794
4790 4795
4793 4796
4793 4797
4793 4798
4796 4799
4796 4800
4796 4801
2412 4533
2412 4513
4533 4563
4533 4534
4563 4593
4563 4564
4593 4623
4593 4594
4623 4653
4623 4624
4653 4683
4653 4654
4683 4713
4683 4684
4713 4743
4713 4714
4743 4773
4743 4744
4773 4774
4773 4802
2413 4536
2413 4515
4536 4566
4536 4537
4566 4596
4566 4567
4596 4626
4596 4597
4626 4656
4626 4627
4656 4686
4656 4657
4686 4716
4686 4687
4716 4746
4716 4717
4746 4776
4746 4747
4776 4777
4776 4803
2414 4539
2414 4517
4539 4569
4539 4540
4569 4599
4569 4570
4599 4629
4599 4600
4629 4659
4629 4630
4659 4689
4659 4660
4689 4719
4689 4690
4719 4749
4719 4720
4749 4779
4749 4750
4779 4780
4779 4804
2415 4542
2415 4519
4542 4572
4542 4543
4572 4602
4572 4573
4602 4632
4602 4603
4632 4662
4632 4633
4662 4692
4662 4663
4692 4722
4692 4693
4722 4752
4722 4723
4752 4782
4752 4753
4782 4783
4782 4805
2416 4545
2416 4521
4545 4575
4545 4546
4575 4605
4575 4576
4605 4635
4605 4606
4635 4665
4635 4636
4665 4695
4665 4666
4695 4725
4695 4696
4725 4755
4725 4726
4755 4785
4755 4756
4785 4786
4785 4806
2417 4548
2417 4523
4548 4578
4548 4549
4578 4608
4578 4579
4608 4638
4608 4609
4638 4668
4638 4639
4668 4698
4668 4669
4698 4728
4698 4699
4728 4758
4728 4729
4758 4788
4758 4759
4788 4789
4788 4807
2418 4551
2418 4525
4551 4581
4551 4552
4581 4611
4581 4582
4611 4641
4611 4612
4641 4671
4641 4642
4671 4701
4671 4672
4701 4731
4701 4702
4731 4761
4731 4732
4761 4791
4761 4762
4791 4792
4791 4808
2419 4554
2419 4527
4554 4584
4554 4555
4584 4614
4584 4585
4614 4644
4614 4615
4644 4674
4644 4645
4674 4704
4674 4675
4704 4734
4704 4705
4734 4764
4734 4735
4764 4794
4764 4765
4794 4795
4794 4809
2420 4557
2420 4529
4557 4587
4557 4558
4587 4617
4587 4588
4617 4647
4617 4618
4647 4677
4647 4648
4677 4707
4677 4678
4707 4737
4707 4708
4737 4767
4737 4738
4767 4797
4767 4768
4797 4798
4797 4810
2421 4559
2421 4530
4559 4589
4559 4560
4589 4619
4589 4590
4619 4649
4619 4620
4649 4679
4649 4650
4679 4709
4679 4680
4709 4739
4709 4710
4739 4769
4739 4740
4769 4799
4769 4770
4799 4800
4799 4811
4531 4812
4531 2702
4531 4813
4812 4814
4812 2703
4812 4815
4814 4816
4814 2704
4814 4817
4816 4818
4816 2705
4816 4819
4818 4820
4818 2706
4818 4821
4820 4822
4820 2707
4820 4823
4822 4824
4822 2708
4822 4825
4824 4826
4824 2709
4824 4827
4826 4828
4826 2710
4826 4829
4828 2711
4828 4830
4561 4831
4561 4832
4561 4833
4831 4834
4831 4835
4831 4836
4834 4837
4834 4838
4834 4839
4837 4840
4837 4841
4837 4842
4840 4843
4840 4844
4840 4845
4843 4846
4843 4847
4843 4848
4846 4849
4846 4850
4846 4851
4849 4852
4849 4853
4849 4854
4852 4855
4852 4856
4852 4857
4855 4858
4855 4859
4591 4860
4591 4861
4591 4862
4860 4863
4860 4864
4860 4865
4863 4866
4863 4867
4863 4868
4866 4869
4866 4870
4866 4871
4869 4872
4869 4873
4869 4874
4872 4875
4872 4876
4872 4877
4875 4878
4875 4879
4875 4880
4878 4881
4878 4882
4878 4883
4881 4884
4881 4885
4881 4886
4884 4887
4884 4888
4621 4889
4621 4890
4621 4891
4889 4892
4889 4893
4889 4894
4892 4895
4892 4896
4892 4897
4895 4898
4895 4899
4895 4900
4898 4901
4898 4902
4898 4903
4901 4904
4901 4905
4901 4906
4904 4907
4904 4908
4904 4909
4907 4910
4907 4911
4907 4912
4910 4913
4910 4914
4910 4915
4913 4916
4913 4917
4651 4918
4651 4919
4651 4920
4918 4921
4918 4922
4918 4923
4921 4924
4921 4925
4921 4926
4924 4927
4924 4928
4924 4929
4927 4930
4927 4931
4927 4932
4930 4933
4930 4934
4930 4935
4933 4936
4933 4937
4933 4938
4936 4939
4936 4940
4936 4941
4939 4942
4939 4943
4939 4944
4942 4945
4942 4946
4681 4947
4681 4948
4681 4949
4947 4950
4947 4951
4947 4952
4950 4953
4950 4954
4950 4955
4953 4956
4953 4957
4953 4958
4956 4959
4956 4960
4956 4961
4959 4962
4959 4963
4959 4964
4962 4965
4962 4966
4962 4967
4965 4968
4965 4969
4965 4970
4968 4971
4968 4972
4968 4973
4971 4974
4971 4975
4711 4976
4711 4977
4711 4978
4976 4979
4976 4980
4976 4981
4979 4982
4979 4983
4979 4984
4982 4985
4982 4986
4982 4987
4985 4988
4985 4989
4985 4990
4988 4991
4988 4992
4988 4993
4991 4994
4991 4995
4991 4996
4994 4997
4994 4998
4994 4999
4997 5000
4997 5001
4997 5002
5000 5003
5000 5004
4741 5005
4741 5006
4741 5007
5005 5008
5005 5009
5005 5010
5008 5011
5008 5012
5008 5013
5011 5014
5011 5015
5011 5016
5014 5017
5014 5018
5014 5019
5017 5020
5017 5021
5017 5022
5020 5023
5020 5024
5020 5025
5023 5026
5023 5027
5023 5028
5026 5029
5026 5030
5026 5031
5029 5032
5029 5033
4771 5034
4771 5035
4771 5036
5034 5037
5034 5038
5034 5039
5037 5040
5037 5041
5037 5042
5040 5043
5040 5044
5040 5045
5043 5046
5043 5047
5043 5048
5046 5049
5046 5050
5046 5051
5049 5052
5049 5053
5049 5054
5052 5055
5052 5056
5052 5057
5055 5058
5055 5059
5055 5060
5058 5061
5058 5062
4801 5063
4801 5064
4801 5065
5063 5066
5063 5067
5063 5068
5066 5069
5066 5070
5066 5071
5069 5072
5069 5073
5069 5074
5072 5075
5072 5076
5072 5077
5075 5078
5075 5079
5075 5080
5078 5081
5078 5082
5078 5083
5081 5084
5081 5085
5081 5086
5084 5087
5084 5088
5084 5089
5087 5090
5087 5091
2702 4832
2702 4813
4832 4861
4832 4833
4861 4890
4861 4862
4890 4919
4890 4891
4919 4948
4919 4920
4948 4977
4948 4949
4977 5006
4977 4978
5006 5035
5006 5007
5035 5064
5035 5036
5064 5065
5064 5092
2703 4835
2703 4815
4835 4864
4835 4836
4864 4893
4864 4865
4893 4922
4893 4894
4922 4951
4922 4923
4951 4980
4951 4952
4980 5009
4980 4981
5009 5038
5009 5010
5038 5067
5038 5039
5067 5068
5067 5093
2704 4838
2704 4817
4838 4867
4838 4839
4867 4896
4867 4868
4896 4925
4896 4897
4925 4954
4925 4926
4954 4983
4954 4955
4983 5012
4983 4984
5012 5041
5012 5013
5041 5070
5041 5042
5070 5071
5070 5094
2705 4841
2705 4819
4841 4870
4841 4842
4870 4899
4870 4871
4899 4928
4899 4900
4928 4957
4928 4929
4957 4986
4957 4958
4986 5015
4986 4987
5015 5044
5015 5016
5044 5073
5044 5045
5073 5074
5073 5095
2706 4844
2706 4821
4844 4873
4844 4845
4873 4902
4873 4874
4902 4931
4902 4903
4931 4960
4931 4932
4960 4989
4960 4961
4989 5018
4989 4990
5018 5047
5018 5019
5047 5076
5047 5048
5076 5077
5076 5096
2707 4847
2707 4823
4847 4876
4847 4848
4876 4905
4876 4877
4905 4934
4905 4906
4934 4963
4934 4935
4963 4992
4963 4964
4992 5021
4992 4993
5021 5050
5021 5022
5050 5079
5050 5051
5079 5080
5079 5097
2708 4850
2708 4825
4850 4879
4850 4851
4879 4908
4879 4880
4908 4937
4908 4909
4937 4966
4937 4938
4966 4995
4966 4967
4995 5024
4995 4996
5024 5053
5024 5025
5053 5082
5053 5054
5082 5083
5082 5098
2709 4853
2709 4827
4853 4882
4853 4854
4882 4911
4882 4883
4911 4940
4911 4912
4940 4969
4940 4941
4969 4998
4969 4970
4998 5027
4998 4999
5027 5056
5027 5028
5056 5085
5056 5057
5085 5086
5085 5099
2710 4856
2710 4829
4856 4885
4856 4857
4885 4914
4885 4886
4914 4943
4914 4915
4943 4972
4943 4944
4972 5001
4972 4973
5001 5030
5001 5002
5030 5059
5030 5031
5059 5088
5059 5060
5088 5089
5088 5100
2711 4858
2711 4830
4858 4887
4858 4859
4887 4916
4887 4888
4916 4945
4916 4917
4945 4974
4945 4946
4974 5003
4974 4975
5003 5032
5003 5004
5032 5061
5032 5033
5061 5090
5061 5062
5090 5091
5090 5101
61 5102
61 3002
61 5103
5102 5104
5102 3003
5102 5105
5104 5106
5104 3004
5104 5107
5106 5108
5106 3005
5106 5109
5108 5110
5108 3006
5108 5111
5110 5112
5110 3007
5110 5113
5112 5114
5112 3008
5112 5115
5114 5116
5114 3009
5114 5117
5116 5118
5116 3010
5116 5119
5118 3011
5118 5120
5118 5121
64 5122
64 5123
64 5124
5122 5125
5122 5126
5122 5127
5125 5128
5125 5129
5125 5130
5128 5131
5128 5132
5128 5133
5131 5134
5131 5135
5131 5136
5134 5137
5134 5138
5134 5139
5137 5140
5137 5141
5137 5142
5140 5143
5140 5144
5140 5145
5143 5146
5143 5147
5143 5148
5146 5149
5146 5150
5146 5151
67 5152
67 5153
67 5154
5152 5155
5152 5156
5152 5157
5155 5158
5155 5159
5155 5160
5158 5161
5158 5162
5158 5163
5161 5164
5161 5165
5161 5166
5164 5167
5164 5168
5164 5169
5167 5170
5167 5171
5167 5172
5170 5173
5170 5174
5170 5175
5173 5176
5173 5177
5173 5178
5176 5179
5176 5180
5176 5181
70 5182
70 5183
70 5184
5182 5185
5182 5186
5182 5187
5185 5188
5185 5189
5185 5190
5188 5191
5188 5192
5188 5193
5191 5194
5191 5195
5191 5196
5194 5197
5194 5198
5194 5199
5197 5200
5197 5201
5197 5202
5200 5203
5200 5204
5200 5205
5203 5206
5203 5207
5203 5208
5206 5209
5206 5210
5206 5211
73 5212
73 5213
73 5214
5212 5215
5212 5216
5212 5217
5215 5218
5215 5219
5215 5220
5218 5221
5218 5222
5218 5223
5221 5224
5221 5225
5221 5226
5224 5227
5224 5228
5224 5229
5227 5230
5227 5231
5227 5232
5230 5233
5230 5234
5230 5235
5233 5236
5233 5237
5233 5238
5236 5239
5236 5240
5236 5241
76 5242
76 5243
76 5244
5242 5245
5242 5246
5242 5247
5245 5248
5245 5249
5245 5250
5248 5251
5248 5252
5248 5253
5251 5254
5251 5255
5251 5256
5254 5257
5254 5258
5254 5259
5257 5260
5257 5261
5257 5262
5260 5263
5260 5264
5260 5265
5263 5266
5263 5267
5263 5268
5266 5269
5266 5270
5266 5271
79 5272
79 5273
79 5274
5272 5275
5272 5276
5272 5277
5275 5278
5275 5279
5275 5280
5278 5281
5278 5282
5278 5283
5281 5284
5281 5285
5281 5286
5284 5287
5284 5288
5284 5289
5287 5290
5287 5291
5287 5292
5290 5293
5290 5294
5290 5295
5293 5296
5293 5297
5293 5298
5296 5299
5296 5300
5296 5301
82 5302
82 5303
82 5304
5302 5305
5302 5306
5302 5307
5305 5308
5305 5309
5305 5310
5308 5311
5308 5312
5308 5313
5311 5314
5311 5315
5311 5316
5314 5317
5314 5318
5314 5319
5317 5320
5317 5321
5317 5322
5320 5323
5320 5324
5320 5325
5323 5326
5323 5327
5323 5328
5326 5329
5326 5330
5326 5331
85 5332
85 5333
85 5334
5332 5335
5332 5336
5332 5337
5335 5338
5335 5339
5335 5340
5338 5341
5338 5342
5338 5343
5341 5344
5341 5345
5341 5346
5344 5347
5344 5348
5344 5349
5347 5350
5347 5351
5347 5352
5350 5353
5350 5354
5350 5355
5353 5356
5353 5357
5353 5358
5356 5359
5356 5360
5356 5361
88 5362
88 5363
88 5364
5362 5365
5362 5366
5362 5367
5365 5368
5365 5369
5365 5370
5368 5371
5368 5372
5368 5373
5371 5374
5371 5375
5371 5376
5374 5377
5374 5378
5374 5379
5377 5380
5377 5381
5377 5382
5380 5383
5380 5384
5380 5385
5383 5386
5383 5387
5383 5388
5386 5389
5386 5390
5386 5391
3002 5123
3002 5103
5123 5153
5123 5124
5153 5183
5153 5154
5183 5213
5183 5184
5213 5243
5213 5214
5243 5273
5243 5244
5273 5303
5273 5274
5303 5333
5303 5304
5333 5363
5333 5334
5363 5364
5363 5392
3003 5126
3003 5105
5126 5156
5126 5127
5156 5186
5156 5157
5186 5216
5186 5187
5216 5246
5216 5217
5246 5276
5246 5247
5276 5306
5276 5277
5306 5336
5306 5307
5336 5366
5336 5337
5366 5367
5366 5393
3004 5129
3004 5107
5129 5159
5129 5130
5159 5189
5159 5160
5189 5219
5189 5190
5219 5249
5219 5220
5249 5279
5249 5250
5279 5309
5279 5280
5309 5339
5309 5310
5339 5369
5339 5340
5369 5370
5369 5394
3005 5132
3005 5109
5132 5162
5132 5133
5162 5192
5162 5163
5192 5222
5192 5193
5222 5252
5222 5223
5252 5282
5252 5253
5282 5312
5282 5283
5312 5342
5312 5313
5342 5372
5342 5343
5372 5373
5372 5395
3006 5135
3006 5111
5135 5165
5135 5136
5165 5195
5165 5166
5195 5225
5195 5196
5225 5255
5225 5226
5255 5285
5255 5256
5285 5315
5285 5286
5315 5345
5315 5316
5345 5375
5345 5346
5375 5376
5375 5396
3007 5138
3007 5113
5138 5168
5138 5139
5168 5198
5168 5169
5198 5228
5198 5199
5228 5258
5228 5229
5258 5288
5258 5259
5288 5318
5288 5289
5318 5348
5318 5319
5348 5378
5348 5349
5378 5379
5378 5397
3008 5141
3008 5115
5141 5171
5141 5142
5171 5201
5171 5172
5201 5231
5201 5202
5231 5261
5231 5232
5261 5291
5261 5262
5291 5321
5291 5292
5321 5351
5321 5322
5351 5381
5351 5352
5381 5382
5381 5398
3009 5144
3009 5117
5144 5174
5144 5145
5174 5204
5174 5175
5204 5234
5204 5205
5234 5264
5234 5235
5264 5294
5264 5265
5294 5324
5294 5295
5324 5354
5324 5325
5354 5384
5354 5355
5384 5385
5384 5399
3010 5147
3010 5119
5147 5177
5147 5148
5177 5207
5177 5178
5207 5237
5207 5208
5237 5267
5237 5238
5267 5297
5267 5268
5297 5327
5297 5298
5327 5357
5327 5328
5357 5387
5357 5358
5387 5388
5387 5400
3011 5149
3011 5120
5149 5179
5149 5150
5179 5209
5179 5180
5209 5239
5209 5210
5239 5269
5239 5240
5269 5299
5269 5270
5299 5329
5299 5300
5329 5359
5329 5330
5359 5389
5359 5360
5389 5390
5389 5401
5121 5402
5121 3302
5121 5403
5402 5404
5402 3303
5402 5405
5404 5406
5404 3304
5404 5407
5406 5408
5406 3305
5406 5409
5408 5410
5408 3306
5408 5411
5410 5412
5410 3307
5410 5413
5412 5414
5412 3308
5412 5415
5414 5416
5414 3309
5414 5417
5416 5418
5416 3310
5416 5419
5418 3311
5418 5420
5418 5421
5151 5422
5151 5423
5151 5424
5422 5425
5422 5426
5422 5427
5425 5428
5425 5429
5425 5430
5428 5431
5428 5432
5428 5433
5431 5434
5431 5435
5431 5436
5434 5437
5434 5438
5434 5439
5437 5440
5437 5441
5437 5442
5440 5443
5440 5444
5440 5445
5443 5446
5443 5447
5443 5448
5446 5449
5446 5450
5446 5451
5181 5452
5181 5453
5181 5454
5452 5455
5452 5456
5452 5457
5455 5458
5455 5459
5455 5460
5458 5461
5458 5462
5458 5463
5461 5464
5461 5465
5461 5466
5464 5467
5464 5468
5464 5469
5467 5470
5467 5471
5467 5472
5470 5473
5470 5474
5470 5475
5473 5476
5473 5477
5473 5478
5476 5479
5476 5480
5476 5481
5211 5482
5211 5483
5211 5484
5482 5485
5482 5486
5482 5487
5485 5488
5485 5489
5485 5490
5488 5491
5488 5492
5488 5493
5491 5494
5491 5495
5491 5496
5494 5497
5494 5498
5494 5499
5497 5500
5497 5501
5497 5502
5500 5503
5500 5504
5500 5505
5503 5506
5503 5507
5503 5508
5506 5509
5506 5510
5506 5511
5241 5512
5241 5513
5241 5514
5512 5515
5512 5516
5512 5517
5515 5518
5515 5519
5515 5520
5518 5521
5518 5522
5518 5523
5521 5524
5521 5525
5521 5526
5524 5527
5524 5528
5524 5529
5527 5530
5527 5531
5527 5532
5530 5533
5530 5534
5530 5535
5533 5536
5533 5537
5533 5538
5536 5539
5536 5540
5536 5541
5271 5542
5271 5543
5271 5544
5542 5545
5542 5546
5542 5547
5545 5548
5545 5549
5545 5550
5548 5551
5548 5552
5548 5553
5551 5554
5551 5555
5551 5556
5554 5557
5554 5558
5554 5559
5557 5560
5557 5561
5557 5562
5560 5563
5560 5564
5560 5565
5563 5566
5563 5567
5563 5568
5566 5569
5566 5570
5566 5571
5301 5572
5301 5573
5301 5574
5572 5575
5572 5576
5572 5577
5575 5578
5575 5579
5575 5580
5578 5581
5578 5582
5578 5583
5581 5584
5581 5585
5581 5586
5584 5587
5584 5588
5584 5589
5587 5590
5587 5591
5587 5592
5590 5593
5590 5594
5590 5595
5593 5596
5593 5597
5593 5598
5596 5599
5596 5600
5596 5601
5331 5602
5331 5603
5331 5604
5602 5605
5602 5606
5602 5607
5605 5608
5605 5609
5605 5610
5608 5611
5608 5612
5608 5613
5611 5614
5611 5615
5611 5616
5614 5617
5614 5618
5614 5619
5617 5620
5617 5621
5617 5622
5620 5623
5620 5624
5620 5625
5623 5626
5623 5627
5623 5628
5626 5629
5626 5630
5626 5631
5361 5632
5361 5633
5361 5634
5632 5635
5632 5636
5632 5637
5635 5638
5635 5639
5635 5640
5638 5641
5638 5642
5638 5643
5641 5644
5641 5645
5641 5646
5644 5647
5644 5648
5644 5649
5647 5650
5647 5651
5647 5652
5650 5653
5650 5654
5650 5655
5653 5656
5653 5657
5653 5658
5656 5659
5656 5660
5656 5661
5391 5662
5391 5663
5391 5664
5662 5665
5662 5666
5662 5667
5665 5668
5665 5669
5665 5670
5668 5671
5668 5672
5668 5673
5671 5674
5671 5675
5671 5676
5674 5677
5674 5678
5674 5679
5677 5680
5677 5681
5677 5682
5680 5683
5680 5684
5680 5685
5683 5686
5683 5687
5683 5688
5686 5689
5686 5690
5686 5691
3302 5423
3302 5403
5423 5453
5423 5424
5453 5483
5453 5454
5483 5513
5483 5484
5513 5543
5513 5514
5543 5573
5543 5544
5573 5603
5573 5574
5603 5633
5603 5604
5633 5663
5633 5634
5663 5664
5663 5692
3303 5426
3303 5405
5426 5456
5426 5427
5456 5486
5456 5457
5486 5516
5486 5487
5516 5546
5516 5517
5546 5576
5546 5547
5576 5606
5576 5577
5606 5636
5606 5607
5636 5666
5636 5637
5666 5667
5666 5693
3304 5429
3304 5407
5429 5459
5429 5430
5459 5489
5459 5460
5489 5519
5489 5490
5519 5549
5519 5520
5549 5579
5549 5550
5579 5609
5579 5580
5609 5639
5609 5610
5639 5669
5639 5640
5669 5670
5669 5694
3305 5432
3305 5409
5432 5462
5432 5433
5462 5492
5462 5463
5492 5522
5492 5493
5522 5552
5522 5523
5552 5582
5552 5553
5582 5612
5582 5583
5612 5642
5612 5613
5642 5672
5642 5643
5672 5673
5672 5695
3306 5435
3306 5411
5435 5465
5435 5436
5465 5495
5465 5466
5495 5525
5495 5496
5525 5555
5525 5526
5555 5585
5555 5556
5585 5615
5585 5586
5615 5645
5615 5616
5645 5675
5645 5646
5675 5676
5675 5696
3307 5438
3307 5413
5438 5468
5438 5439
5468 5498
5468 5469
5498 5528
5498 5499
5528 5558
5528 5529
5558 5588
5558 5559
5588 5618
5588 5589
5618 5648
5618 5619
5648 5678
5648 5649
5678 5679
5678 5697
3308 5441
3308 5415
5441 5471
5441 5442
5471 5501
5471 5472
5501 5531
5501 5502
5531 5561
5531 5532
5561 5591
5561 5562
5591 5621
5591 5592
5621 5651
5621 5622
5651 5681
5651 5652
5681 5682
5681 5698
3309 5444
3309 5417
5444 5474
5444 5445
5474 5504
5474 5475
5504 5534
5504 5505
5534 5564
5534 5535
5564 5594
5564 5565
5594 5624
5594 5595
5624 5654
5624 5625
5654 5684
5654 5655
5684 5685
5684 5699
3310 5447
3310 5419
5447 5477
5447 5448
5477 5507
5477 5478
5507 5537
5507 5508
5537 5567
5537 5538
5567 5597
5567 5568
5597 5627
5597 5598
5627 5657
5627 5628
5657 5687
5657 5658
5687 5688
5687 5700
3311 5449
3311 5420
5449 5479
5449 5450
5479 5509
5479 5480
5509 5539
5509 5510
5539 5569
5539 5540
5569 5599
5569 5570
5599 5629
5599 5600
5629 5659
5629 5630
5659 5689
5659 5660
5689 5690
5689 5701
5421 5702
5421 3602
5421 5703
5702 5704
5702 3603
5702 5705
5704 5706
5704 3604
5704 5707
5706 5708
5706 3605
5706 5709
5708 5710
5708 3606
5708 5711
5710 5712
5710 3607
5710 5713
5712 5714
5712 3608
5712 5715
5714 5716
5714 3609
5714 5717
5716 5718
5716 3610
5716 5719
5718 3611
5718 5720
5718 5721
5451 5722
5451 5723
5451 5724
5722 5725
5722 5726
5722 5727
5725 5728
5725 5729
5725 5730
5728 5731
5728 5732
5728 5733
5731 5734
5731 5735
5731 5736
5734 5737
5734 5738
5734 5739
5737 5740
5737 5741
5737 5742
5740 5743
5740 5744
5740 5745
5743 5746
5743 5747
5743 5748
5746 5749
5746 5750
5746 5751
5481 5752
5481 5753
5481 5754
5752 5755
5752 5756
5752 5757
5755 5758
5755 5759
5755 5760
5758 5761
5758 5762
5758 5763
5761 5764
5761 5765
5761 5766
5764 5767
5764 5768
5764 5769
5767 5770
5767 5771
5767 5772
5770 5773
5770 5774
5770 5775
5773 5776
5773 5777
5773 5778
5776 5779
5776 5780
5776 5781
5511 5782
5511 5783
5511 5784
5782 5785
5782 5786
5782 5787
5785 5788
5785 5789
5785 5790
5788 5791
5788 5792
5788 5793
5791 5794
5791 5795
5791 5796
5794 5797
5794 5798
5794 5799
5797 5800
5797 5801
5797 5802
5800 5803
5800 5804
5800 5805
5803 5806
5803 5807
5803 5808
5806 5809
5806 5810
5806 5811
5541 5812
5541 5813
5541 5814
5812 5815
5812 5816
5812 5817
5815 5818
5815 5819
5815 5820
5818 5821
5818 5822
5818 5823
5821 5824
5821 5825
5821 5826
5824 5827
5824 5828
5824 5829
5827 5830
5827 5831
5827 5832
5830 5833
5830 5834
5830 5835
5833 5836
5833 5837
5833 5838
5836 5839
5836 5840
5836 5841
5571 5842
5571 5843
5571 5844
5842 5845
5842 5846
5842 5847
5845 5848
5845 5849
5845 5850
5848 5851
5848 5852
5848 5853
5851 5854
5851 5855
5851 5856
5854 5857
5854 5858
5854 5859
5857 5860
5857 5861
5857 5862
5860 5863
5860 5864
5860 5865
5863 5866
5863 5867
5863 5868
5866 5869
5866 5870
5866 5871
5601 5872
5601 5873
5601 5874
5872 5875
5872 5876
5872 5877
5875 5878
5875 5879
5875 5880
5878 5881
5878 5882
5878 5883
5881 5884
5881 5885
5881 5886
5884 5887
5884 5888
5884 5889
5887 5890
5887 5891
5887 5892
5890 5893
5890 5894
5890 5895
5893 5896
5893 5897
5893 5898
5896 5899
5896 5900
5896 5901
5631 5902
5631 5903
5631 5904
5902 5905
5902 5906
5902 5907
5905 5908
5905 5909
5905 5910
5908 5911
5908 5912
5908 5913
5911 5914
5911 5915
5911 5916
5914 5917
5914 5918
5914 5919
5917 5920
5917 5921
5917 5922
5920 5923
5920 5924
5920 5925
5923 5926
5923 5927
5923 5928
5926 5929
5926 5930
5926 5931
5661 5932
5661 5933
5661 5934
5932 5935
5932 5936
5932 5937
5935 5938
5935 5939
5935 5940
5938 5941
5938 5942
5938 5943
5941 5944
5941 5945
5941 5946
5944 5947
5944 5948
5944 5949
5947 5950
5947 5951
5947 5952
5950 5953
5950 5954
5950 5955
5953 5956
5953 5957
5953 5958
5956 5959
5956 5960
5956 5961
5691 5962
5691 5963
5691 5964
5962 5965
5962 5966
5962 5967
5965 5968
5965 5969
5965 5970
5968 5971
5968 5972
5968 5973
5971 5974
5971 5975
5971 5976
5974 5977
5974 5978
5974 5979
5977 5980
5977 5981
5977 5982
5980 5983
5980 5984
5980 5985
5983 5986
5983 5987
5983 5988
5986 5989
5986 5990
5986 5991
3602 5723
3602 5703
5723 5753
5723 5724
5753 5783
5753 5754
5783 5813
5783 5784
5813 5843
5813 5814
5843 5873
5843 5844
5873 5903
5873 5874
5903 5933
5903 5904
5933 5963
5933 5934
5963 5964
5963 5992
3603 5726
3603 5705
5726 5756
5726 5727
5756 5786
5756 5757
5786 5816
5786 5787
5816 5846
5816 5817
5846 5876
5846 5847
5876 5906
5876 5877
5906 5936
5906 5907
5936 5966
5936 5937
5966 5967
5966 5993
3604 5729
3604 5707
5729 5759
5729 5730
5759 5789
5759 5760
5789 5819
5789 5790
5819 5849
5819 5820
5849 5879
5849 5850
5879 5909
5879 5880
5909 5939
5909 5910
5939 5969
5939 5940
5969 5970
5969 5994
3605 5732
3605 5709
5732 5762
5732 5733
5762 5792
5762 5763
5792 5822
5792 5793
5822 5852
5822 5823
5852 5882
5852 5853
5882 5912
5882 5883
5912 5942
5912 5913
5942 5972
5942 5943
5972 5973
5972 5995
3606 5735
3606 5711
5735 5765
5735 5736
5765 5795
5765 5766
5795 5825
5795 5796
5825 5855
5825 5826
5855 5885
5855 5856
5885 5915
5885 5886
5915 5945
5915 5916
5945 5975
5945 5946
5975 5976
5975 5996
3607 5738
3607 5713
5738 5768
5738 5739
5768 5798
5768 5769
5798 5828
5798 5799
5828 5858
5828 5829
5858 5888
5858 5859
5888 5918
5888 5889
5918 5948
5918 5919
5948 5978
5948 5949
5978 5979
5978 5997
3608 5741
3608 5715
5741 5771
5741 5742
5771 5801
5771 5772
5801 5831
5801 5802
5831 5861
5831 5832
5861 5891
5861 5862
5891 5921
5891 5892
5921 5951
5921 5922
5951 5981
5951 5952
5981 5982
5981 5998
3609 5744
3609 5717
5744 5774
5744 5745
5774 5804
5774 5775
5804 5834
5804 5805
5834 5864
5834 5835
5864 5894
5864 5865
5894 5924
5894 5895
5924 5954
5924 5925
5954 5984
5954 5955
5984 5985
5984 5999
3610 5747
3610 5719
5747 5777
5747 5748
5777 5807
5777 5778
5807 5837
5807 5808
5837 5867
5837 5838
5867 5897
5867 5868
5897 5927
5897 5898
5927 5957
5927 5928
5957 5987
5957 5958
5987 5988
5987 6000
3611 5749
3611 5720
5749 5779
5749 5750
5779 5809
5779 5780
5809 5839
5809 5810
5839 5869
5839 5840
5869 5899
5869 5870
5899 5929
5899 5900
5929 5959
5929 5930
5959 5989
5959 5960
5989 5990
5989 6001
5721 6002
5721 3902
5721 6003
6002 6004
6002 3903
6002 6005
6004 6006
6004 3904
6004 6007
6006 6008
6006 3905
6006 6009
6008 6010
6008 3906
6008 6011
6010 6012
6010 3907
6010 6013
6012 6014
6012 3908
6012 6015
6014 6016
6014 3909
6014 6017
6016 6018
6016 3910
6016 6019
6018 3911
6018 6020
6018 6021
5751 6022
5751 6023
5751 6024
6022 6025
6022 6026
6022 6027
6025 6028
6025 6029
6025 6030
6028 6031
6028 6032
6028 6033
6031 6034
6031 6035
6031 6036
6034 6037
6034 6038
6034 6039
6037 6040
6037 6041
6037 6042
6040 6043
6040 6044
6040 6045
6043 6046
6043 6047
6043 6048
6046 6049
6046 6050
6046 6051
5781 6052
5781 6053
5781 6054
6052 6055
6052 6056
6052 6057
6055 6058
6055 6059
6055 6060
6058 6061
6058 6062
6058 6063
6061 6064
6061 6065
6061 6066
6064 6067
6064 6068
6064 6069
6067 6070
6067 6071
6067 6072
6070 6073
6070 6074
6070 6075
6073 6076
6073 6077
6073 6078
6076 6079
6076 6080
6076 6081
5811 6082
5811 6083
5811 6084
6082 6085
6082 6086
6082 6087
6085 6088
6085 6089
6085 6090
6088 6091
6088 6092
6088 6093
6091 6094
6091 6095
6091 6096
6094 6097
6094 6098
6094 6099
6097 6100
6097 6101
6097 6102
6100 6103
6100 6104
6100 6105
6103 6106
6103 6107
6103 6108
6106 6109
6106 6110
6106 6111
5841 6112
5841 6113
5841 6114
6112 6115
6112 6116
6112 6117
6115 6118
6115 6119
6115 6120
6118 6121
6118 6122
6118 6123
6121 6124
6121 6125
6121 6126
6124 6127
6124 6128
6124 6129
6127 6130
6127 6131
6127 6132
6130 6133
6130 6134
6130 6135
6133 6136
6133 6137
6133 6138
6136 6139
6136 6140
6136 6141
5871 6142
5871 6143
5871 6144
6142 6145
6142 6146
6142 6147
6145 6148
6145 6149
6145 6150
6148 6151
6148 6152
6148 6153
6151 6154
6151 6155
6151 6156
6154 6157
6154 6158
6154 6159
6157 6160
6157 6161
6157 6162
6160 6163
6160 6164
6160 6165
6163 6166
6163 6167
6163 6168
6166 6169
6166 6170
6166 6171
5901 6172
5901 6173
5901 6174
6172 6175
6172 6176
6172 6177
6175 6178
6175 6179
6175 6180
6178 6181
6178 6182
6178 6183
6181 6184
6181 6185
6181 6186
6184 6187
6184 6188
6184 6189
6187 6190
6187 6191
6187 6192
6190 6193
6190 6194
6190 6195
6193 6196
6193 6197
6193 6198
6196 6199
6196 6200
6196 6201
5931 6202
5931 6203
5931 6204
6202 6205
6202 6206
6202 6207
6205 6208
6205 6209
6205 6210
6208 6211
6208 6212
6208 6213
6211 6214
6211 6215
6211 6216
6214 6217
6214 6218
6214 6219
6217 6220
6217 6221
6217 6222
6220 6223
6220 6224
6220 6225
6223 6226
6223 6227
6223 6228
6226 6229
6226 6230
6226 6231
5961 6232
5961 6233
5961 6234
6232 6235
6232 6236
6232 6237
6235 6238
6235 6239
6235 6240
6238 6241
6238 6242
6238 6243
6241 6244
6241 6245
6241 6246
6244 6247
6244 6248
6244 6249
6247 6250
6247 6251
6247 6252
6250 6253
6250 6254
6250 6255
6253 6256
6253 6257
6253 6258
6256 6259
6256 6260
6256 6261
5991 6262
5991 6263
5991 6264
6262 6265
6262 6266
6262 6267
6265 6268
6265 6269
6265 6270
6268 6271
6268 6272
6268 6273
6271 6274
6271 6275
6271 6276
6274 6277
6274 6278
6274 6279
6277 6280
6277 6281
6277 6282
6280 6283
6280 6284
6280 6285
6283 6286
6283 6287
6283 6288
6286 6289
6286 6290
6286 6291
3902 6023
3902 6003
6023 6053
6023 6024
6053 6083
6053 6054
6083 6113
6083 6084
6113 6143
6113 6114
6143 6173
6143 6144
6173 6203
6173 6174
6203 6233
6203 6204
6233 6263
6233 6234
6263 6264
6263 6292
3903 6026
3903 6005
6026 6056
6026 6027
6056 6086
6056 6057
6086 6116
6086 6087
6116 6146
6116 6117
6146 6176
6146 6147
6176 6206
6176 6177
6206 6236
6206 6207
6236 6266
6236 6237
6266 6267
6266 6293
3904 6029
3904 6007
6029 6059
6029 6030
6059 6089
6059 6060
6089 6119
6089 6090
6119 6149
6119 6120
6149 6179
6149 6150
6179 6209
6179 6180
6209 6239
6209 6210
6239 6269
6239 6240
6269 6270
6269 6294
3905 6032
3905 6009
6032 6062
6032 6033
6062 6092
6062 6063
6092 6122
6092 6093
6122 6152
6122 6123
6152 6182
6152 6153
6182 6212
6182 6183
6212 6242
6212 6213
6242 6272
6242 6243
6272 6273
6272 6295
3906 6035
3906 6011
6035 6065
6035 6036
6065 6095
6065 6066
6095 6125
6095 6096
6125 6155
6125 6126
6155 6185
6155 6156
6185 6215
6185 6186
6215 6245
6215 6216
6245 6275
6245 6246
6275 6276
6275 6296
3907 6038
3907 6013
6038 6068
6038 6039
6068 6098
6068 6069
6098 6128
6098 6099
6128 6158
6128 6129
6158 6188
6158 6159
6188 6218
6188 6189
6218 6248
6218 6219
6248 6278
6248 6249
6278 6279
6278 6297
3908 6041
3908 6015
6041 6071
6041 6042
6071 6101
6071 6072
6101 6131
6101 6102
6131 6161
6131 6132
6161 6191
6161 6162
6191 6221
6191 6192
6221 6251
6221 6222
6251 6281
6251 6252
6281 6282
6281 6298
3909 6044
3909 6017
6044 6074
6044 6045
6074 6104
6074 6075
6104 6134
6104 6105
6134 6164
6134 6135
6164 6194
6164 6165
6194 6224
6194 6195
6224 6254
6224 6225
6254 6284
6254 6255
6284 6285
6284 6299
3910 6047
3910 6019
6047 6077
6047 6048
6077 6107
6077 6078
6107 6137
6107 6108
6137 6167
6137 6138
6167 6197
6167 6168
6197 6227
6197 6198
6227 6257
6227 6228
6257 6287
6257 6258
6287 6288
6287 6300
3911 6049
3911 6020
6049 6079
6049 6050
6079 6109
6079 6080
6109 6139
6109 6110
6139 6169
6139 6140
6169 6199
6169 6170
6199 6229
6199 6200
6229 6259
6229 6230
6259 6289
6259 6260
6289 6290
6289 6301
6021 6302
6021 4202
6021 6303
6302 6304
6302 4203
6302 6305
6304 6306
6304 4204
6304 6307
6306 6308
6306 4205
6306 6309
6308 6310
6308 4206
6308 6311
6310 6312
6310 4207
6310 6313
6312 6314
6312 4208
6312 6315
6314 6316
6314 4209
6314 6317
6316 6318
6316 4210
6316 6319
6318 4211
6318 6320
6318 6321
6051 6322
6051 6323
6051 6324
6322 6325
6322 6326
6322 6327
6325 6328
6325 6329
6325 6330
6328 6331
6328 6332
6328 6333
6331 6334
6331 6335
6331 6336
6334 6337
6334 6338
6334 6339
6337 6340
6337 6341
6337 6342
6340 6343
6340 6344
6340 6345
6343 6346
6343 6347
6343 6348
6346 6349
6346 6350
6346 6351
6081 6352
6081 6353
6081 6354
6352 6355
6352 6356
6352 6357
6355 6358
6355 6359
6355 6360
6358 6361
6358 6362
6358 6363
6361 6364
6361 6365
6361 6366
6364 6367
6364 6368
6364 6369
6367 6370
6367 6371
6367 6372
6370 6373
6370 6374
6370 6375
6373 6376
6373 6377
6373 6378
6376 6379
6376 6380
6376 6381
6111 6382
6111 6383
6111 6384
6382 6385
6382 6386
6382 6387
6385 6388
6385 6389
6385 6390
6388 6391
6388 6392
6388 6393
6391 6394
6391 6395
6391 6396
6394 6397
6394 6398
6394 6399
6397 6400
6397 6401
6397 6402
6400 6403
6400 6404
6400 6405
6403 6406
6403 6407
6403 6408
6406 6409
6406 6410
6406 6411
6141 6412
6141 6413
6141 6414
6412 6415
6412 6416
6412 6417
6415 6418
6415 6419
6415 6420
6418 6421
6418 6422
6418 6423
6421 6424
6421 6425
6421 6426
6424 6427
6424 6428
6424 6429
6427 6430
6427 6431
6427 6432
6430 6433
6430 6434
6430 6435
6433 6436
6433 6437
6433 6438
6436 6439
6436 6440
6436 6441
6171 6442
6171 6443
6171 6444
6442 6445
6442 6446
6442 6447
6445 6448
6445 6449
6445 6450
6448 6451
6448 6452
6448 6453
6451 6454
6451 6455
6451 6456
6454 6457
6454 6458
6454 6459
6457 6460
6457 6461
6457 6462
6460 6463
6460 6464
6460 6465
6463 6466
6463 6467
6463 6468
6466 6469
6466 6470
6466 6471
6201 6472
6201 6473
6201 6474
6472 6475
6472 6476
6472 6477
6475 6478
6475 6479
6475 6480
6478 6481
6478 6482
6478 6483
6481 6484
6481 6485
6481 6486
6484 6487
6484 6488
6484 6489
6487 6490
6487 6491
6487 6492
6490 6493
6490 6494
6490 6495
6493 6496
6493 6497
6493 6498
6496 6499
6496 6500
6496 6501
6231 6502
6231 6503
6231 6504
6502 6505
6502 6506
6502 6507
6505 6508
6505 6509
6505 6510
6508 6511
6508 6512
6508 6513
6511 6514
6511 6515
6511 6516
6514 6517
6514 6518
6514 6519
6517 6520
6517 6521
6517 6522
6520 6523
6520 6524
6520 6525
6523 6526
6523 6527
6523 6528
6526 6529
6526 6530
6526 6531
6261 6532
6261 6533
6261 6534
6532 6535
6532 6536
6532 6537
6535 6538
6535 6539
6535 6540
6538 6541
6538 6542
6538 6543
6541 6544
6541 6545
6541 6546
6544 6547
6544 6548
6544 6549
6547 6550
6547 6551
6547 6552
6550 6553
6550 6554
6550 6555
6553 6556
6553 6557
6553 6558
6556 6559
6556 6560
6556 6561
6291 6562
6291 6563
6291 6564
6562 6565
6562 6566
6562 6567
6565 6568
6565 6569
6565 6570
6568 6571
6568 6572
6568 6573
6571 6574
6571 6575
6571 6576
6574 6577
6574 6578
6574 6579
6577 6580
6577 6581
6577 6582
6580 6583
6580 6584
6580 6585
6583 6586
6583 6587
6583 6588
6586 6589
6586 6590
6586 6591
4202 6323
4202 6303
6323 6353
6323 6324
6353 6383
6353 6354
6383 6413
6383 6384
6413 6443
6413 6414
6443 6473
6443 6444
6473 6503
6473 6474
6503 6533
6503 6504
6533 6563
6533 6534
6563 6564
6563 6592
4203 6326
4203 6305
6326 6356
6326 6327
6356 6386
6356 6357
6386 6416
6386 6387
6416 6446
6416 6417
6446 6476
6446 6447
6476 6506
6476 6477
6506 6536
6506 6507
6536 6566
6536 6537
6566 6567
6566 6593
4204 6329
4204 6307
6329 6359
6329 6330
6359 6389
6359 6360
6389 6419
6389 6390
6419 6449
6419 6420
6449 6479
6449 6450
6479 6509
6479 6480
6509 6539
6509 6510
6539 6569
6539 6540
6569 6570
6569 6594
4205 6332
4205 6309
6332 6362
6332 6333
6362 6392
6362 6363
6392 6422
6392 6393
6422 6452
6422 6423
6452 6482
6452 6453
6482 6512
6482 6483
6512 6542
6512 6513
6542 6572
6542 6543
6572 6573
6572 6595
4206 6335
4206 6311
6335 6365
6335 6336
6365 6395
6365 6366
6395 6425
6395 6396
6425 6455
6425 6426
6455 6485
6455 6456
6485 6515
6485 6486
6515 6545
6515 6516
6545 6575
6545 6546
6575 6576
6575 6596
4207 6338
4207 6313
6338 6368
6338 6339
6368 6398
6368 6369
6398 6428
6398 6399
6428 6458
6428 6429
6458 6488
6458 6459
6488 6518
6488 6489
6518 6548
6518 6519
6548 6578
6548 6549
6578 6579
6578 6597
4208 6341
4208 6315
6341 6371
6341 6342
6371 6401
6371 6372
6401 6431
6401 6402
6431 6461
6431 6432
6461 6491
6461 6462
6491 6521
6491 6492
6521 6551
6521 6522
6551 6581
6551 6552
6581 6582
6581 6598
4209 6344
4209 6317
6344 6374
6344 6345
6374 6404
6374 6375
6404 6434
6404 6405
6434 6464
6434 6435
6464 6494
6464 6465
6494 6524
6494 6495
6524 6554
6524 6525
6554 6584
6554 6555
6584 6585
6584 6599
4210 6347
4210 6319
6347 6377
6347 6348
6377 6407
6377 6378
6407 6437
6407 6408
6437 6467
6437 6438
6467 6497
6467 6468
6497 6527
6497 6498
6527 6557
6527 6528
6557 6587
6557 6558
6587 6588
6587 6600
4211 6349
4211 6320
6349 6379
6349 6350
6379 6409
6379 6380
6409 6439
6409 6410
6439 6469
6439 6440
6469 6499
6469 6470
6499 6529
6499 6500
6529 6559
6529 6530
6559 6589
6559 6560
6589 6590
6589 6601
6321 6602
6321 4502
6321 6603
6602 6604
6602 4503
6602 6605
6604 6606
6604 4504
6604 6607
6606 6608
6606 4505
6606 6609
6608 6610
6608 4506
6608 6611
6610 6612
6610 4507
6610 6613
6612 6614
6612 4508
6612 6615
6614 6616
6614 4509
6614 6617
6616 6618
6616 4510
6616 6619
6618 4511
6618 6620
6618 6621
6351 6622
6351 6623
6351 6624
6622 6625
6622 6626
6622 6627
6625 6628
6625 6629
6625 6630
6628 6631
6628 6632
6628 6633
6631 6634
6631 6635
6631 6636
6634 6637
6634 6638
6634 6639
6637 6640
6637 6641
6637 6642
6640 6643
6640 6644
6640 6645
6643 6646
6643 6647
6643 6648
6646 6649
6646 6650
6646 6651
6381 6652
6381 6653
6381 6654
6652 6655
6652 6656
6652 6657
6655 6658
6655 6659
6655 6660
6658 6661
6658 6662
6658 6663
6661 6664
6661 6665
6661 6666
6664 6667
6664 6668
6664 6669
6667 6670
6667 6671
6667 6672
6670 6673
6670 6674
6670 6675
6673 6676
6673 6677
6673 6678
6676 6679
6676 6680
6676 6681
6411 6682
6411 6683
6411 6684
6682 6685
6682 6686
6682 6687
6685 6688
6685 6689
6685 6690
6688 6691
6688 6692
6688 6693
6691 6694
6691 6695
6691 6696
6694 6697
6694 6698
6694 6699
6697 6700
6697 6701
6697 6702
6700 6703
6700 6704
6700 6705
6703 6706
6703 6707
6703 6708
6706 6709
6706 6710
6706 6711
6441 6712
6441 6713
6441 6714
6712 6715
6712 6716
6712 6717
6715 6718
6715 6719
6715 6720
6718 6721
6718 6722
6718 6723
6721 6724
6721 6725
6721 6726
6724 6727
6724 6728
6724 6729
6727 6730
6727 6731
6727 6732
6730 6733
6730 6734
6730 6735
6733 6736
6733 6737
6733 6738
6736 6739
6736 6740
6736 6741
6471 6742
6471 6743
6471 6744
6742 6745
6742 6746
6742 6747
6745 6748
6745 6749
6745 6750
6748 6751
6748 6752
6748 6753
6751 6754
6751 6755
6751 6756
6754 6757
6754 6758
6754 6759
6757 6760
6757 6761
6757 6762
6760 6763
6760 6764
6760 6765
6763 6766
6763 6767
6763 6768
6766 6769
6766 6770
6766 6771
6501 6772
6501 6773
6501 6774
6772 6775
6772 6776
6772 6777
6775 6778
6775 6779
6775 6780
6778 6781
6778 6782
6778 6783
6781 6784
6781 6785
6781 6786
6784 6787
6784 6788
6784 6789
6787 6790
6787 6791
6787 6792
6790 6793
6790 6794
6790 6795
6793 6796
6793 6797
6793 6798
6796 6799
6796 6800
6796 6801
6531 6802
6531 6803
6531 6804
6802 6805
6802 6806
6802 6807
6805 6808
6805 6809
6805 6810
6808 6811
6808 6812
6808 6813
6811 6814
6811 6815
6811 6816
6814 6817
6814 6818
6814 6819
6817 6820
6817 6821
6817 6822
6820 6823
6820 6824
6820 6825
6823 6826
6823 6827
6823 6828
6826 6829
6826 6830
6826 6831
6561 6832
6561 6833
6561 6834
6832 6835
6832 6836
6832 6837
6835 6838
6835 6839
6835 6840
6838 6841
6838 6842
6838 6843
6841 6844
6841 6845
6841 6846
6844 6847
6844 6848
6844 6849
6847 6850
6847 6851
6847 6852
6850 6853
6850 6854
6850 6855
6853 6856
6853 6857
6853 6858
6856 6859
6856 6860
6856 6861
6591 6862
6591 6863
6591 6864
6862 6865
6862 6866
6862 6867
6865 6868
6865 6869
6865 6870
6868 6871
6868 6872
6868 6873
6871 6874
6871 6875
6871 6876
6874 6877
6874 6878
6874 6879
6877 6880
6877 6881
6877 6882
6880 6883
6880 6884
6880 6885
6883 6886
6883 6887
6883 6888
6886 6889
6886 6890
6886 6891
4502 6623
4502 6603
6623 6653
6623 6624
6653 6683
6653 6654
6683 6713
6683 6684
6713 6743
6713 6714
6743 6773
6743 6744
6773 6803
6773 6774
6803 6833
6803 6804
6833 6863
6833 6834
6863 6864
6863 6892
4503 6626
4503 6605
6626 6656
6626 6627
6656 6686
6656 6657
6686 6716
6686 6687
6716 6746
6716 6717
6746 6776
6746 6747
6776 6806
6776 6777
6806 6836
6806 6807
6836 6866
6836 6837
6866 6867
6866 6893
4504 6629
4504 6607
6629 6659
6629 6630
6659 6689
6659 6660
6689 6719
6689 6690
6719 6749
6719 6720
6749 6779
6749 6750
6779 6809
6779 6780
6809 6839
6809 6810
6839 6869
6839 6840
6869 6870
6869 6894
4505 6632
4505 6609
6632 6662
6632 6633
6662 6692
6662 6663
6692 6722
6692 6693
6722 6752
6722 6723
6752 6782
6752 6753
6782 6812
6782 6783
6812 6842
6812 6813
6842 6872
6842 6843
6872 6873
6872 6895
4506 6635
4506 6611
6635 6665
6635 6636
6665 6695
6665 6666
6695 6725
6695 6696
6725 6755
6725 6726
6755 6785
6755 6756
6785 6815
6785 6786
6815 6845
6815 6816
6845 6875
6845 6846
6875 6876
6875 6896
4507 6638
4507 6613
6638 6668
6638 6639
6668 6698
6668 6669
6698 6728
6698 6699
6728 6758
6728 6729
6758 6788
6758 6759
6788 6818
6788 6789
6818 6848
6818 6819
6848 6878
6848 6849
6878 6879
6878 6897
4508 6641
4508 6615
6641 6671
6641 6642
6671 6701
6671 6672
6701 6731
6701 6702
6731 6761
6731 6732
6761 6791
6761 6762
6791 6821
6791 6792
6821 6851
6821 6822
6851 6881
6851 6852
6881 6882
6881 6898
4509 6644
4509 6617
6644 6674
6644 6645
6674 6704
6674 6675
6704 6734
6704 6705
6734 6764
6734 6735
6764 6794
6764 6765
6794 6824
6794 6795
6824 6854
6824 6825
6854 6884
6854 6855
6884 6885
6884 6899
4510 6647
4510 6619
6647 6677
6647 6648
6677 6707
6677 6678
6707 6737
6707 6708
6737 6767
6737 6738
6767 6797
6767 6768
6797 6827
6797 6798
6827 6857
6827 6828
6857 6887
6857 6858
6887 6888
6887 6900
4511 6649
4511 6620
6649 6679
6649 6650
6679 6709
6679 6680
6709 6739
6709 6710
6739 6769
6739 6740
6769 6799
6769 6770
6799 6829
6799 6800
6829 6859
6829 6830
6859 6889
6859 6860
6889 6890
6889 6901
6621 6902
6621 4802
6621 6903
6902 6904
6902 4803
6902 6905
6904 6906
6904 4804
6904 6907
6906 6908
6906 4805
6906 6909
6908 6910
6908 4806
6908 6911
6910 6912
6910 4807
6910 6913
6912 6914
6912 4808
6912 6915
6914 6916
6914 4809
6914 6917
6916 6918
6916 4810
6916 6919
6918 4811
6918 6920
6918 6921
6651 6922
6651 6923
6651 6924
6922 6925
6922 6926
6922 6927
6925 6928
6925 6929
6925 6930
6928 6931
6928 6932
6928 6933
6931 6934
6931 6935
6931 6936
6934 6937
6934 6938
6934 6939
6937 6940
6937 6941
6937 6942
6940 6943
6940 6944
6940 6945
6943 6946
6943 6947
6943 6948
6946 6949
6946 6950
6946 6951
6681 6952
6681 6953
6681 6954
6952 6955
6952 6956
6952 6957
6955 6958
6955 6959
6955 6960
6958 6961
6958 6962
6958 6963
6961 6964
6961 6965
6961 6966
6964 6967
6964 6968
6964 6969
6967 6970
6967 6971
6967 6972
6970 6973
6970 6974
6970 6975
6973 6976
6973 6977
6973 6978
6976 6979
6976 6980
6976 6981
6711 6982
6711 6983
6711 6984
6982 6985
6982 6986
6982 6987
6985 6988
6985 6989
6985 6990
6988 6991
6988 6992
6988 6993
6991 6994
6991 6995
6991 6996
6994 6997
6994 6998
6994 6999
6997 7000
6997 7001
6997 7002
7000 7003
7000 7004
7000 7005
7003 7006
7003 7007
7003 7008
7006 7009
7006 7010
7006 7011
6741 7012
6741 7013
6741 7014
7012 7015
7012 7016
7012 7017
7015 7018
7015 7019
7015 7020
7018 7021
7018 7022
7018 7023
7021 7024
7021 7025
7021 7026
7024 7027
7024 7028
7024 7029
7027 7030
7027 7031
7027 7032
7030 7033
7030 7034
7030 7035
7033 7036
7033 7037
7033 7038
7036 7039
7036 7040
7036 7041
6771 7042
6771 7043
6771 7044
7042 7045
7042 7046
7042 7047
7045 7048
7045 7049
7045 7050
7048 7051
7048 7052
7048 7053
7051 7054
7051 7055
7051 7056
7054 7057
7054 7058
7054 7059
7057 7060
7057 7061
7057 7062
7060 7063
7060 7064
7060 7065
7063 7066
7063 7067
7063 7068
7066 7069
7066 7070
7066 7071
6801 7072
6801 7073
6801 7074
7072 7075
7072 7076
7072 7077
7075 7078
7075 7079
7075 7080
7078 7081
7078 7082
7078 7083
7081 7084
7081 7085
7081 7086
7084 7087
7084 7088
7084 7089
7087 7090
7087 7091
7087 7092
7090 7093
7090 7094
7090 7095
7093 7096
7093 7097
7093 7098
7096 7099
7096 7100
7096 7101
6831 7102
6831 7103
6831 7104
7102 7105
7102 7106
7102 7107
7105 7108
7105 7109
7105 7110
7108 7111
7108 7112
7108 7113
7111 7114
7111 7115
7111 7116
7114 7117
7114 7118
7114 7119
7117 7120
7117 7121
7117 7122
7120 7123
7120 7124
7120 7125
7123 7126
7123 7127
7123 7128
7126 7129
7126 7130
7126 7131
6861 7132
6861 7133
6861 7134
7132 7135
7132 7136
7132 7137
7135 7138
7135 7139
7135 7140
7138 7141
7138 7142
7138 7143
7141 7144
7141 7145
7141 7146
7144 7147
7144 7148
7144 7149
7147 7150
7147 7151
7147 7152
7150 7153
7150 7154
7150 7155
7153 7156
7153 7157
7153 7158
7156 7159
7156 7160
7156 7161
6891 7162
6891 7163
6891 7164
7162 7165
7162 7166
7162 7167
7165 7168
7165 7169
7165 7170
7168 7171
7168 7172
7168 7173
7171 7174
7171 7175
7171 7176
7174 7177
7174 7178
7174 7179
7177 7180
7177 7181
7177 7182
7180 7183
7180 7184
7180 7185
7183 7186
7183 7187
7183 7188
7186 7189
7186 7190
7186 7191
4802 6923
4802 6903
6923 6953
6923 6924
6953 6983
6953 6954
6983 7013
6983 6984
7013 7043
7013 7014
7043 7073
7043 7044
7073 7103
7073 7074
7103 7133
7103 7104
7133 7163
7133 7134
7163 7164
7163 7192
4803 6926
4803 6905
6926 6956
6926 6927
6956 6986
6956 6957
6986 7016
6986 6987
7016 7046
7016 7017
7046 7076
7046 7047
7076 7106
7076 7077
7106 7136
7106 7107
7136 7166
7136 7137
7166 7167
7166 7193
4804 6929
4804 6907
6929 6959
6929 6930
6959 6989
6959 6960
6989 7019
6989 6990
7019 7049
7019 7020
7049 7079
7049 7050
7079 7109
7079 7080
7109 7139
7109 7110
7139 7169
7139 7140
7169 7170
7169 7194
4805 6932
4805 6909
6932 6962
6932 6933
6962 6992
6962 6963
6992 7022
6992 6993
7022 7052
7022 7023
7052 7082
7052 7053
7082 7112
7082 7083
7112 7142
7112 7113
7142 7172
7142 7143
7172 7173
7172 7195
4806 6935
4806 6911
6935 6965
6935 6936
6965 6995
6965 6966
6995 7025
6995 6996
7025 7055
7025 7026
7055 7085
7055 7056
7085 7115
7085 7086
7115 7145
7115 7116
7145 7175
7145 7146
7175 7176
7175 7196
4807 6938
4807 6913
6938 6968
6938 6939
6968 6998
6968 6969
6998 7028
6998 6999
7028 7058
7028 7029
7058 7088
7058 7059
7088 7118
7088 7089
7118 7148
7118 7119
7148 7178
7148 7149
7178 7179
7178 7197
4808 6941
4808 6915
6941 6971
6941 6942
6971 7001
6971 6972
7001 7031
7001 7002
7031 7061
7031 7032
7061 7091
7061 7062
7091 7121
7091 7092
7121 7151
7121 7122
7151 7181
7151 7152
7181 7182
7181 7198
4809 6944
4809 6917
6944 6974
6944 6945
6974 7004
6974 6975
7004 7034
7004 7005
7034 7064
7034 7035
7064 7094
7064 7065
7094 7124
7094 7095
7124 7154
7124 7125
7154 7184
7154 7155
7184 7185
7184 7199
4810 6947
4810 6919
6947 6977
6947 6948
6977 7007
6977 6978
7007 7037
7007 7008
7037 7067
7037 7038
7067 7097
7067 7068
7097 7127
7097 7098
7127 7157
7127 7128
7157 7187
7157 7158
7187 7188
7187 7200
4811 6949
4811 6920
6949 6979
6949 6950
6979 7009
6979 6980
7009 7039
7009 7010
7039 7069
7039 7040
7069 7099
7069 7070
7099 7129
7099 7100
7129 7159
7129 7130
7159 7189
7159 7160
7189 7190
7189 7201
6921 7202
6921 5092
6921 7203
7202 7204
7202 5093
7202 7205
7204 7206
7204 5094
7204 7207
7206 7208
7206 5095
7206 7209
7208 7210
7208 5096
7208 7211
7210 7212
7210 5097
7210 7213
7212 7214
7212 5098
7212 7215
7214 7216
7214 5099
7214 7217
7216 7218
7216 5100
7216 7219
7218 5101
7218 7220
6951 7221
6951 7222
6951 7223
7221 7224
7221 7225
7221 7226
7224 7227
7224 7228
7224 7229
7227 7230
7227 7231
7227 7232
7230 7233
7230 7234
7230 7235
7233 7236
7233 7237
7233 7238
7236 7239
7236 7240
7236 7241
7239 7242
7239 7243
7239 7244
7242 7245
7242 7246
7242 7247
7245 7248
7245 7249
6981 7250
6981 7251
6981 7252
7250 7253
7250 7254
7250 7255
7253 7256
7253 7257
7253 7258
7256 7259
7256 7260
7256 7261
7259 7262
7259 7263
7259 7264
7262 7265
7262 7266
7262 7267
7265 7268
7265 7269
7265 7270
7268 7271
7268 7272
7268 7273
7271 7274
7271 7275
7271 7276
7274 7277
7274 7278
7011 7279
7011 7280
7011 7281
7279 7282
7279 7283
7279 7284
7282 7285
7282 7286
7282 7287
7285 7288
7285 7289
7285 7290
7288 7291
7288 7292
7288 7293
7291 7294
7291 7295
7291 7296
7294 7297
7294 7298
7294 7299
7297 7300
7297 7301
7297 7302
7300 7303
7300 7304
7300 7305
7303 7306
7303 7307
7041 7308
7041 7309
7041 7310
7308 7311
7308 7312
7308 7313
7311 7314
7311 7315
7311 7316
7314 7317
7314 7318
7314 7319
7317 7320
7317 7321
7317 7322
7320 7323
7320 7324
7320 7325
7323 7326
7323 7327
7323 7328
7326 7329
7326 7330
7326 7331
7329 7332
7329 7333
7329 7334
7332 7335
7332 7336
7071 7337
7071 7338
7071 7339
7337 7340
7337 7341
7337 7342
7340 7343
7340 7344
7340 7345
7343 7346
7343 7347
7343 7348
7346 7349
7346 7350
7346 7351
7349 7352
7349 7353
7349 7354
7352 7355
7352 7356
7352 7357
7355 7358
7355 7359
7355 7360
7358 7361
7358 7362
7358 7363
7361 7364
7361 7365
7101 7366
7101 7367
7101 7368
7366 7369
7366 7370
7366 7371
7369 7372
7369 7373
7369 7374
7372 7375
7372 7376
7372 7377
7375 7378
7375 7379
7375 7380
7378 7381
7378 7382
7378 7383
7381 7384
7381 7385
7381 7386
7384 7387
7384 7388
7384 7389
7387 7390
7387 7391
7387 7392
7390 7393
7390 7394
7131 7395
7131 7396
7131 7397
7395 7398
7395 7399
7395 7400
7398 7401
7398 7402
7398 7403
7401 7404
7401 7405
7401 7406
7404 7407
7404 7408
7404 7409
7407 7410
7407 7411
7407 7412
7410 7413
7410 7414
7410 7415
7413 7416
7413 7417
7413 7418
7416 7419
7416 7420
7416 7421
7419 7422
7419 7423
7161 7424
7161 7425
7161 7426
7424 7427
7424 7428
7424 7429
7427 7430
7427 7431
7427 7432
7430 7433
7430 7434
7430 7435
7433 7436
7433 7437
7433 7438
7436 7439
7436 7440
7436 7441
7439 7442
7439 7443
7439 7444
7442 7445
7442 7446
7442 7447
7445 7448
7445 7449
7445 7450
7448 7451
7448 7452
7191 7453
7191 7454
7191 7455
7453 7456
7453 7457
7453 7458
7456 7459
7456 7460
7456 7461
7459 7462
7459 7463
7459 7464
7462 7465
7462 7466
7462 7467
7465 7468
7465 7469
7465 7470
7468 7471
7468 7472
7468 7473
7471 7474
7471 7475
7471 7476
7474 7477
7474 7478
7474 7479
7477 7480
7477 7481
5092 7222
5092 7203
7222 7251
7222 7223
7251 7280
7251 7252
7280 7309
7280 7281
7309 7338
7309 7310
7338 7367
7338 7339
7367 7396
7367 7368
7396 7425
7396 7397
7425 7454
7425 7426
7454 7455
7454 7482
5093 7225
5093 7205
7225 7254
7225 7226
7254 7283
7254 7255
7283 7312
7283 7284
7312 7341
7312 7313
7341 7370
7341 7342
7370 7399
7370 7371
7399 7428
7399 7400
7428 7457
7428 7429
7457 7458
7457 7483
5094 7228
5094 7207
7228 7257
7228 7229
7257 7286
7257 7258
7286 7315
7286 7287
7315 7344
7315 7316
7344 7373
7344 7345
7373 7402
7373 7374
7402 7431
7402 7403
7431 7460
7431 7432
7460 7461
7460 7484
5095 7231
5095 7209
7231 7260
7231 7232
7260 7289
7260 7261
7289 7318
7289 7290
7318 7347
7318 7319
7347 7376
7347 7348
7376 7405
7376 7377
7405 7434
7405 7406
7434 7463
7434 7435
7463 7464
7463 7485
5096 7234
5096 7211
7234 7263
7234 7235
7263 7292
7263 7264
7292 7321
7292 7293
7321 7350
7321 7322
7350 7379
7350 7351
7379 7408
7379 7380
7408 7437
7408 7409
7437 7466
7437 7438
7466 7467
7466 7486
5097 7237
5097 7213
7237 7266
7237 7238
7266 7295
7266 7267
7295 7324
7295 7296
7324 7353
7324 7325
7353 7382
7353 7354
7382 7411
7382 7383
7411 7440
7411 7412
7440 7469
7440 7441
7469 7470
7469 7487
5098 7240
5098 7215
7240 7269
7240 7241
7269 7298
7269 7270
7298 7327
7298 7299
7327 7356
7327 7328
7356 7385
7356 7357
7385 7414
7385 7386
7414 7443
7414 7415
7443 7472
7443 7444
7472 7473
7472 7488
5099 7243
5099 7217
7243 7272
7243 7244
7272 7301
7272 7273
7301 7330
7301 7302
7330 7359
7330 7331
7359 7388
7359 7360
7388 7417
7388 7389
7417 7446
7417 7418
7446 7475
7446 7447
7475 7476
7475 7489
5100 7246
5100 7219
7246 7275
7246 7247
7275 7304
7275 7276
7304 7333
7304 7305
7333 7362
7333 7334
7362 7391
7362 7363
7391 7420
7391 7392
7420 7449
7420 7421
7449 7478
7449 7450
7478 7479
7478 7490
5101 7248
5101 7220
7248 7277
7248 7249
7277 7306
7277 7278
7306 7335
7306 7307
7335 7364
7335 7336
7364 7393
7364 7365
7393 7422
7393 7394
7422 7451
7422 7423
7451 7480
7451 7452
7480 7481
7480 7491
91 7492
91 5392
91 7493
7492 7494
7492 5393
7492 7495
7494 7496
7494 5394
7494 7497
7496 7498
7496 5395
7496 7499
7498 7500
7498 5396
7498 7501
7500 7502
7500 5397
7500 7503
7502 7504
7502 5398
7502 7505
7504 7506
7504 5399
7504 7507
7506 7508
7506 5400
7506 7509
7508 5401
7508 7510
7508 7511
94 7512
94 7513
94 7514
7512 7515
7512 7516
7512 7517
7515 7518
7515 7519
7515 7520
7518 7521
7518 7522
7518 7523
7521 7524
7521 7525
7521 7526
7524 7527
7524 7528
7524 7529
7527 7530
7527 7531
7527 7532
7530 7533
7530 7534
7530 7535
7533 7536
7533 7537
7533 7538
7536 7539
7536 7540
7536 7541
97 7542
97 7543
97 7544
7542 7545
7542 7546
7542 7547
7545 7548
7545 7549
7545 7550
7548 7551
7548 7552
7548 7553
7551 7554
7551 7555
7551 7556
7554 7557
7554 7558
7554 7559
7557 7560
7557 7561
7557 7562
7560 7563
7560 7564
7560 7565
7563 7566
7563 7567
7563 7568
7566 7569
7566 7570
7566 7571
100 7572
100 7573
100 7574
7572 7575
7572 7576
7572 7577
7575 7578
7575 7579
7575 7580
7578 7581
7578 7582
7578 7583
7581 7584
7581 7585
7581 7586
7584 7587
7584 7588
7584 7589
7587 7590
7587 7591
7587 7592
7590 7593
7590 7594
7590 7595
7593 7596
7593 7597
7593 7598
7596 7599
7596 7600
7596 7601
103 7602
103 7603
103 7604
7602 7605
7602 7606
7602 7607
7605 7608
7605 7609
7605 7610
7608 7611
7608 7612
7608 7613
7611 7614
7611 7615
7611 7616
7614 7617
7614 7618
7614 7619
7617 7620
7617 7621
7617 7622
7620 7623
7620 7624
7620 7625
7623 7626
7623 7627
7623 7628
7626 7629
7626 7630
7626 7631
106 7632
106 7633
106 7634
7632 7635
7632 7636
7632 7637
7635 7638
7635 7639
7635 7640
7638 7641
7638 7642
7638 7643
7641 7644
7641 7645
7641 7646
7644 7647
7644 7648
7644 7649
7647 7650
7647 7651
7647 7652
7650 7653
7650 7654
7650 7655
7653 7656
7653 7657
7653 7658
7656 7659
7656 7660
7656 7661
109 7662
109 7663
109 7664
7662 7665
7662 7666
7662 7667
7665 7668
7665 7669
7665 7670
7668 7671
7668 7672
7668 7673
7671 7674
7671 7675
7671 7676
7674 7677
7674 7678
7674 7679
7677 7680
7677 7681
7677 7682
7680 7683
7680 7684
7680 7685
7683 7686
7683 7687
7683 7688
7686 7689
7686 7690
7686 7691
112 7692
112 7693
112 7694
7692 7695
7692 7696
7692 7697
7695 7698
7695 7699
7695 7700
7698 7701
7698 7702
7698 7703
7701 7704
7701 7705
7701 7706
7704 7707
7704 7708
7704 7709
7707 7710
7707 7711
7707 7712
7710 7713
7710 7714
7710 7715
7713 7716
7713 7717
7713 7718
7716 7719
7716 7720
7716 7721
115 7722
115 7723
115 7724
7722 7725
7722 7726
7722 7727
7725 7728
7725 7729
7725 7730
7728 7731
7728 7732
7728 7733
7731 7734
7731 7735
7731 7736
7734 7737
7734 7738
7734 7739
7737 7740
7737 7741
7737 7742
7740 7743
7740 7744
7740 7745
7743 7746
7743 7747
7743 7748
7746 7749
7746 7750
7746 7751
118 7752
118 7753
118 7754
7752 7755
7752 7756
7752 7757
7755 7758
7755 7759
7755 7760
7758 7761
7758 7762
7758 7763
7761 7764
7761 7765
7761 7766
7764 7767
7764 7768
7764 7769
7767 7770
7767 7771
7767 7772
7770 7773
7770 7774
7770 7775
7773 7776
7773 7777
7773 7778
7776 7779
7776 7780
7776 7781
5392 7513
5392 7493
7513 7543
7513 7514
7543 7573
7543 7544
7573 7603
7573 7574
7603 7633
7603 7604
7633 7663
7633 7634
7663 7693
7663 7664
7693 7723
7693 7694
7723 7753
7723 7724
7753 7754
7753 7782
5393 7516
5393 7495
7516 7546
7516 7517
7546 7576
7546 7547
7576 7606
7576 7577
7606 7636
7606 7607
7636 7666
7636 7637
7666 7696
7666 7667
7696 7726
7696 7697
7726 7756
7726 7727
7756 7757
7756 7783
5394 7519
5394 7497
7519 7549
7519 7520
7549 7579
7549 7550
7579 7609
7579 7580
7609 7639
7609 7610
7639 7669
7639 7640
7669 7699
7669 7670
7699 7729
7699 7700
7729 7759
7729 7730
7759 7760
7759 7784
5395 7522
5395 7499
7522 7552
7522 7523
7552 7582
7552 7553
7582 7612
7582 7583
7612 7642
7612 7613
7642 7672
7642 7643
7672 7702
7672 7673
7702 7732
7702 7703
7732 7762
7732 7733
7762 7763
7762 7785
5396 7525
5396 7501
7525 7555
7525 7526
7555 7585
7555 7556
7585 7615
7585 7586
7615 7645
7615 7616
7645 7675
7645 7646
7675 7705
7675 7676
7705 7735
7705 7706
7735 7765
7735 7736
7765 7766
7765 7786
5397 7528
5397 7503
7528 7558
7528 7529
7558 7588
7558 7559
7588 7618
7588 7589
7618 7648
7618 7619
7648 7678
7648 7649
7678 7708
7678 7679
7708 7738
7708 7709
7738 7768
7738 7739
7768 7769
7768 7787
5398 7531
5398 7505
7531 7561
7531 7532
7561 7591
7561 7562
7591 7621
7591 7592
7621 7651
7621 7622
7651 7681
7651 7652
7681 7711
7681 7682
7711 7741
7711 7712
7741 7771
7741 7742
7771 7772
7771 7788
5399 7534
5399 7507
7534 7564
7534 7535
7564 7594
7564 7565
7594 7624
7594 7595
7624 7654
7624 7625
7654 7684
7654 7655
7684 7714
7684 7685
7714 7744
7714 7715
7744 7774
7744 7745
7774 7775
7774 7789
5400 7537
5400 7509
7537 7567
7537 7538
7567 7597
7567 7568
7597 7627
7597 7598
7627 7657
7627 7628
7657 7687
7657 7658
7687 7717
7687 7688
7717 7747
7717 7718
7747 7777
7747 7748
7777 7778
7777 7790
5401 7539
5401 7510
7539 7569
7539 7540
7569 7599
7569 7570
7599 7629
7599 7600
7629 7659
7629 7630
7659 7689
7659 7660
7689 7719
7689 7690
7719 7749
7719 7720
7749 7779
7749 7750
7779 7780
7779 7791
7511 7792
7511 5692
7511 7793
7792 7794
7792 5693
7792 7795
7794 7796
7794 5694
7794 7797
7796 7798
7796 5695
7796 7799
7798 7800
7798 5696
7798 7801
7800 7802
7800 5697
7800 7803
7802 7804
7802 5698
7802 7805
7804 7806
7804 5699
7804 7807
7806 7808
7806 5700
7806 7809
7808 5701
7808 7810
7808 7811
7541 7812
7541 7813
7541 7814
7812 7815
7812 7816
7812 7817
7815 7818
7815 7819
7815 7820
7818 7821
7818 7822
7818 7823
7821 7824
7821 7825
7821 7826
7824 7827
7824 7828
7824 7829
7827 7830
7827 7831
7827 7832
7830 7833
7830 7834
7830 7835
7833 7836
7833 7837
7833 7838
7836 7839
7836 7840
7836 7841
7571 7842
7571 7843
7571 7844
7842 7845
7842 7846
7842 7847
7845 7848
7845 7849
7845 7850
7848 7851
7848 7852
7848 7853
7851 7854
7851 7855
7851 7856
7854 7857
7854 7858
7854 7859
7857 7860
7857 7861
7857 7862
7860 7863
7860 7864
7860 7865
7863 7866
7863 7867
7863 7868
7866 7869
7866 7870
7866 7871
7601 7872
7601 7873
7601 7874
7872 7875
7872 7876
7872 7877
7875 7878
7875 7879
7875 7880
7878 7881
7878 7882
7878 7883
7881 7884
7881 7885
7881 7886
7884 7887
7884 7888
7884 7889
7887 7890
7887 7891
7887 7892
7890 7893
7890 7894
7890 7895
7893 7896
7893 7897
7893 7898
7896 7899
7896 7900
7896 7901
7631 7902
7631 7903
7631 7904
7902 7905
7902 7906
7902 7907
7905 7908
7905 7909
7905 7910
7908 7911
7908 7912
7908 7913
7911 7914
7911 7915
7911 7916
7914 7917
7914 7918
7914 7919
7917 7920
7917 7921
7917 7922
7920 7923
7920 7924
7920 7925
7923 7926
7923 7927
7923 7928
7926 7929
7926 7930
7926 7931
7661 7932
7661 7933
7661 7934
7932 7935
7932 7936
7932 7937
7935 7938
7935 7939
7935 7940
7938 7941
7938 7942
7938 7943
7941 7944
7941 7945
7941 7946
7944 7947
7944 7948
7944 7949
7947 7950
7947 7951
7947 7952
7950 7953
7950 7954
7950 7955
7953 7956
7953 7957
7953 7958
7956 7959
7956 7960
7956 7961
7691 7962
7691 7963
7691 7964
7962 7965
7962 7966
7962 7967
7965 7968
7965 7969
7965 7970
7968 7971
7968 7972
7968 7973
7971 7974
7971 7975
7971 7976
7974 7977
7974 7978
7974 7979
7977 7980
7977 7981
7977 7982
7980 7983
7980 7984
7980 7985
7983 7986
7983 7987
7983 7988
7986 7989
7986 7990
7986 7991
7721 7992
7721 7993
7721 7994
7992 7995
7992 7996
7992 7997
7995 7998
7995 7999
7995 8000
7998 8001
7998 8002
7998 8003
8001 8004
8001 8005
8001 8006
8004 8007
8004 8008
8004 8009
8007 8010
8007 8011
8007 8012
8010 8013
8010 8014
8010 8015
8013 8016
8013 8017
8013 8018
8016 8019
8016 8020
8016 8021
7751 8022
7751 8023
7751 8024
8022 8025
8022 8026
8022 8027
8025 8028
8025 8029
8025 8030
8028 8031
8028 8032
8028 8033
8031 8034
8031 8035
8031 8036
8034 8037
8034 8038
8034 8039
8037 8040
8037 8041
8037 8042
8040 8043
8040 8044
8040 8045
8043 8046
8043 8047
8043 8048
8046 8049
8046 8050
8046 8051
7781 8052
7781 8053
7781 8054
8052 8055
8052 8056
8052 8057
8055 8058
8055 8059
8055 8060
8058 8061
8058 8062
8058 8063
8061 8064
8061 8065
8061 8066
8064 8067
8064 8068
8064 8069
8067 8070
8067 8071
8067 8072
8070 8073
8070 8074
8070 8075
8073 8076
8073 8077
8073 8078
8076 8079
8076 8080
8076 8081
5692 7813
5692 7793
7813 7843
7813 7814
7843 7873
7843 7844
7873 7903
7873 7874
7903 7933
7903 7904
7933 7963
7933 7934
7963 7993
7963 7964
7993 8023
7993 7994
8023 8053
8023 8024
8053 8054
8053 8082
5693 7816
5693 7795
7816 7846
7816 7817
7846 7876
7846 7847
7876 7906
7876 7877
7906 7936
7906 7907
7936 7966
7936 7937
7966 7996
7966 7967
7996 8026
7996 7997
8026 8056
8026 8027
8056 8057
8056 8083
5694 7819
5694 7797
7819 7849
7819 7820
7849 7879
7849 7850
7879 7909
7879 7880
7909 7939
7909 7910
7939 7969
7939 7940
7969 7999
7969 7970
7999 8029
7999 8000
8029 8059
8029 8030
8059 8060
8059 8084
5695 7822
5695 7799
7822 7852
7822 7823
7852 7882
7852 7853
7882 7912
7882 7883
7912 7942
7912 7913
7942 7972
7942 7943
7972 8002
7972 7973
8002 8032
8002 8003
8032 8062
8032 8033
8062 8063
8062 8085
5696 7825
5696 7801
7825 7855
7825 7826
7855 7885
7855 7856
7885 7915
7885 7886
7915 7945
7915 7916
7945 7975
7945 7946
7975 8005
7975 7976
8005 8035
8005 8006
8035 8065
8035 8036
8065 8066
8065 8086
5697 7828
5697 7803
7828 7858
7828 7829
7858 7888
7858 7859
7888 7918
7888 7889
7918 7948
7918 7919
7948 7978
7948 7949
7978 8008
7978 7979
8008 8038
8008 8009
8038 8068
8038 8039
8068 8069
8068 8087
5698 7831
5698 7805
7831 7861
7831 7832
7861 7891
7861 7862
7891 7921
7891 7892
7921 7951
7921 7922
7951 7981
7951 7952
7981 8011
7981 7982
8011 8041
8011 8012
8041 8071
8041 8042
8071 8072
8071 8088
5699 7834
5699 7807
7834 7864
7834 7835
7864 7894
7864 7865
7894 7924
7894 7895
7924 7954
7924 7925
7954 7984
7954 7955
7984 8014
7984 7985
8014 8044
8014 8015
8044 8074
8044 8045
8074 8075
8074 8089
5700 7837
5700 7809
7837 7867
7837 7838
7867 7897
7867 7868
7897 7927
7897 7898
7927 7957
7927 7928
7957 7987
7957 7958
7987 8017
7987 7988
8017 8047
8017 8018
8047 8077
8047 8048
8077 8078
8077 8090
5701 7839
5701 7810
7839 7869
7839 7840
7869 7899
7869 7870
7899 7929
7899 7900
7929 7959
7929 7930
7959 7989
7959 7960
7989 8019
7989 7990
8019 8049
8019 8020
8049 8079
8049 8050
8079 8080
8079 8091
7811 8092
7811 5992
7811 8093
8092 8094
8092 5993
8092 8095
8094 8096
8094 5994
8094 8097
8096 8098
8096 5995
8096 8099
8098 8100
8098 5996
8098 8101
8100 8102
8100 5997
8100 8103
8102 8104
8102 5998
8102 8105
8104 8106
8104 5999
8104 8107
8106 8108
8106 6000
8106 8109
8108 6001
8108 8110
8108 8111
7841 8112
7841 8113
7841 8114
8112 8115
8112 8116
8112 8117
8115 8118
8115 8119
8115 8120
8118 8121
8118 8122
8118 8123
8121 8124
8121 8125
8121 8126
8124 8127
8124 8128
8124 8129
8127 8130
8127 8131
8127 8132
8130 8133
8130 8134
8130 8135
8133 8136
8133 8137
8133 8138
8136 8139
8136 8140
8136 8141
7871 8142
7871 8143
7871 8144
8142 8145
8142 8146
8142 8147
8145 8148
8145 8149
8145 8150
8148 8151
8148 8152
8148 8153
8151 8154
8151 8155
8151 8156
8154 8157
8154 8158
8154 8159
8157 8160
8157 8161
8157 8162
8160 8163
8160 8164
8160 8165
8163 8166
8163 8167
8163 8168
8166 8169
8166 8170
8166 8171
7901 8172
7901 8173
7901 8174
8172 8175
8172 8176
8172 8177
8175 8178
8175 8179
8175 8180
8178 8181
8178 8182
8178 8183
8181 8184
8181 8185
8181 8186
8184 8187
8184 8188
8184 8189
8187 8190
8187 8191
8187 8192
8190 8193
8190 8194
8190 8195
8193 8196
8193 8197
8193 8198
8196 8199
8196 8200
8196 8201
7931 8202
7931 8203
7931 8204
8202 8205
8202 8206
8202 8207
8205 8208
8205 8209
8205 8210
8208 8211
8208 8212
8208 8213
8211 8214
8211 8215
8211 8216
8214 8217
8214 8218
8214 8219
8217 8220
8217 8221
8217 8222
8220 8223
8220 8224
8220 8225
8223 8226
8223 8227
8223 8228
8226 8229
8226 8230
8226 8231
7961 8232
7961 8233
7961 8234
8232 8235
8232 8236
8232 8237
8235 8238
8235 8239
8235 8240
8238 8241
8238 8242
8238 8243
8241 8244
8241 8245
8241 8246
8244 8247
8244 8248
8244 8249
8247 8250
8247 8251
8247 8252
8250 8253
8250 8254
8250 8255
8253 8256
8253 8257
8253 8258
8256 8259
8256 8260
8256 8261
7991 8262
7991 8263
7991 8264
8262 8265
8262 8266
8262 8267
8265 8268
8265 8269
8265 8270
8268 8271
8268 8272
8268 8273
8271 8274
8271 8275
8271 8276
8274 8277
8274 8278
8274 8279
8277 8280
8277 8281
8277 8282
8280 8283
8280 8284
8280 8285
8283 8286
8283 8287
8283 8288
8286 8289
8286 8290
8286 8291
8021 8292
8021 8293
8021 8294
8292 8295
8292 8296
8292 8297
8295 8298
8295 8299
8295 8300
8298 8301
8298 8302
8298 8303
8301 8304
8301 8305
8301 8306
8304 8307
8304 8308
8304 8309
8307 8310
8307 8311
8307 8312
8310 8313
8310 8314
8310 8315
8313 8316
8313 8317
8313 8318
8316 8319
8316 8320
8316 8321
8051 8322
8051 8323
8051 8324
8322 8325
8322 8326
8322 8327
8325 8328
8325 8329
8325 8330
8328 8331
8328 8332
8328 8333
8331 8334
8331 8335
8331 8336
8334 8337
8334 8338
8334 8339
8337 8340
8337 8341
8337 8342
8340 8343
8340 8344
8340 8345
8343 8346
8343 8347
8343 8348
8346 8349
8346 8350
8346 8351
8081 8352
8081 8353
8081 8354
8352 8355
8352 8356
8352 8357
8355 8358
8355 8359
8355 8360
8358 8361
8358 8362
8358 8363
8361 8364
8361 8365
8361 8366
8364 8367
8364 8368
8364 8369
8367 8370
8367 8371
8367 8372
8370 8373
8370 8374
8370 8375
8373 8376
8373 8377
8373 8378
8376 8379
8376 8380
8376 8381
5992 8113
5992 8093
8113 8143
8113 8114
8143 8173
8143 8144
8173 8203
8173 8174
8203 8233
8203 8204
8233 8263
8233 8234
8263 8293
8263 8264
8293 8323
8293 8294
8323 8353
8323 8324
8353 8354
8353 8382
5993 8116
5993 8095
8116 8146
8116 8117
8146 8176
8146 8147
8176 8206
8176 8177
8206 8236
8206 8207
8236 8266
8236 8237
8266 8296
8266 8267
8296 8326
8296 8297
8326 8356
8326 8327
8356 8357
8356 8383
5994 8119
5994 8097
8119 8149
8119 8120
8149 8179
8149 8150
8179 8209
8179 8180
8209 8239
8209 8210
8239 8269
8239 8240
8269 8299
8269 8270
8299 8329
8299 8300
8329 8359
8329 8330
8359 8360
8359 8384
5995 8122
5995 8099
8122 8152
8122 8123
8152 8182
8152 8153
8182 8212
8182 8183
8212 8242
8212 8213
8242 8272
8242 8243
8272 8302
8272 8273
8302 8332
8302 8303
8332 8362
8332 8333
8362 8363
8362 8385
5996 8125
5996 8101
8125 8155
8125 8126
8155 8185
8155 8156
8185 8215
8185 8186
8215 8245
8215 8216
8245 8275
8245 8246
8275 8305
8275 8276
8305 8335
8305 8306
8335 8365
8335 8336
8365 8366
8365 8386
5997 8128
5997 8103
8128 8158
8128 8129
8158 8188
8158 8159
8188 8218
8188 8189
8218 8248
8218 8219
8248 8278
8248 8249
8278 8308
8278 8279
8308 8338
8308 8309
8338 8368
8338 8339
8368 8369
8368 8387
5998 8131
5998 8105
8131 8161
8131 8132
8161 8191
8161 8162
8191 8221
8191 8192
8221 8251
8221 8222
8251 8281
8251 8252
8281 8311
8281 8282
8311 8341
8311 8312
8341 8371
8341 8342
8371 8372
8371 8388
5999 8134
5999 8107
8134 8164
8134 8135
8164 8194
8164 8165
8194 8224
8194 8195
8224 8254
8224 8225
8254 8284
8254 8255
8284 8314
8284 8285
8314 8344
8314 8315
8344 8374
8344 8345
8374 8375
8374 8389
6000 8137
6000 8109
8137 8167
8137 8138
8167 8197
8167 8168
8197 8227
8197 8198
8227 8257
8227 8228
8257 8287
8257 8258
8287 8317
8287 8288
8317 8347
8317 8318
8347 8377
8347 8348
8377 8378
8377 8390
6001 8139
6001 8110
8139 8169
8139 8140
8169 8199
8169 8170
8199 8229
8199 8200
8229 8259
8229 8230
8259 8289
8259 8260
8289 8319
8289 8290
8319 8349
8319 8320
8349 8379
8349 8350
8379 8380
8379 8391
8111 8392
8111 6292
8111 8393
8392 8394
8392 6293
8392 8395
8394 8396
8394 6294
8394 8397
8396 8398
8396 6295
8396 8399
8398 8400
8398 6296
8398 8401
8400 8402
8400 6297
8400 8403
8402 8404
8402 6298
8402 8405
8404 8406
8404 6299
8404 8407
8406 8408
8406 6300
8406 8409
8408 6301
8408 8410
8408 8411
8141 8412
8141 8413
8141 8414
8412 8415
8412 8416
8412 8417
8415 8418
8415 8419
8415 8420
8418 8421
8418 8422
8418 8423
8421 8424
8421 8425
8421 8426
8424 8427
8424 8428
8424 8429
8427 8430
8427 8431
8427 8432
8430 8433
8430 8434
8430 8435
8433 8436
8433 8437
8433 8438
8436 8439
8436 8440
8436 8441
8171 8442
8171 8443
8171 8444
8442 8445
8442 8446
8442 8447
8445 8448
8445 8449
8445 8450
8448 8451
8448 8452
8448 8453
8451 8454
8451 8455
8451 8456
8454 8457
8454 8458
8454 8459
8457 8460
8457 8461
8457 8462
8460 8463
8460 8464
8460 8465
8463 8466
8463 8467
8463 8468
8466 8469
8466 8470
8466 8471
8201 8472
8201 8473
8201 8474
8472 8475
8472 8476
8472 8477
8475 8478
8475 8479
8475 8480
8478 8481
8478 8482
8478 8483
8481 8484
8481 8485
8481 8486
8484 8487
8484 8488
8484 8489
8487 8490
8487 8491
8487 8492
8490 8493
8490 8494
8490 8495
8493 8496
8493 8497
8493 8498
8496 8499
8496 8500
8496 8501
8231 8502
8231 8503
8231 8504
8502 8505
8502 8506
8502 8507
8505 8508
8505 8509
8505 8510
8508 8511
8508 8512
8508 8513
8511 8514
8511 8515
8511 8516
8514 8517
8514 8518
8514 8519
8517 8520
8517 8521
8517 8522
8520 8523
8520 8524
8520 8525
8523 8526
8523 8527
8523 8528
8526 8529
8526 8530
8526 8531
8261 8532
8261 8533
8261 8534
8532 8535
8532 8536
8532 8537
8535 8538
8535 8539
8535 8540
8538 8541
8538 8542
8538 8543
8541 8544
8541 8545
8541 8546
8544 8547
8544 8548
8544 8549
8547 8550
8547 8551
8547 8552
8550 8553
8550 8554
8550 8555
8553 8556
8553 8557
8553 8558
8556 8559
8556 8560
8556 8561
8291 8562
8291 8563
8291 8564
8562 8565
8562 8566
8562 8567
8565 8568
8565 8569
8565 8570
8568 8571
8568 8572
8568 8573
8571 8574
8571 8575
8571 8576
8574 8577
8574 8578
8574 8579
8577 8580
8577 8581
8577 8582
8580 8583
8580 8584
8580 8585
8583 8586
8583 8587
8583 8588
8586 8589
8586 8590
8586 8591
8321 8592
8321 8593
8321 8594
8592 8595
8592 8596
8592 8597
8595 8598
8595 8599
8595 8600
8598 8601
8598 8602
8598 8603
8601 8604
8601 8605
8601 8606
8604 8607
8604 8608
8604 8609
8607 8610
8607 8611
8607 8612
8610 8613
8610 8614
8610 8615
8613 8616
8613 8617
8613 8618
8616 8619
8616 8620
8616 8621
8351 8622
8351 8623
8351 8624
8622 8625
8622 8626
8622 8627
8625 8628
8625 8629
8625 8630
8628 8631
8628 8632
8628 8633
8631 8634
8631 8635
8631 8636
8634 8637
8634 8638
8634 8639
8637 8640
8637 8641
8637 8642
8640 8643
8640 8644
8640 8645
8643 8646
8643 8647
8643 8648
8646 8649
8646 8650
8646 8651
8381 8652
8381 8653
8381 8654
8652 8655
8652 8656
8652 8657
8655 8658
8655 8659
8655 8660
8658 8661
8658 8662
8658 8663
8661 8664
8661 8665
8661 8666
8664 8667
8664 8668
8664 8669
8667 8670
8667 8671
8667 8672
8670 8673
8670 8674
8670 8675
8673 8676
8673 8677
8673 8678
8676 8679
8676 8680
8676 8681
6292 8413
6292 8393
8413 8443
8413 8414
8443 8473
8443 8444
8473 8503
8473 8474
8503 8533
8503 8504
8533 8563
8533 8534
8563 8593
8563 8564
8593 8623
8593 8594
8623 8653
8623 8624
8653 8654
8653 8682
6293 8416
6293 8395
8416 8446
8416 8417
8446 8476
8446 8447
8476 8506
8476 8477
8506 8536
8506 8507
8536 8566
8536 8537
8566 8596
8566 8567
8596 8626
8596 8597
8626 8656
8626 8627
8656 8657
8656 8683
6294 8419
6294 8397
8419 8449
8419 8420
8449 8479
8449 8450
8479 8509
8479 8480
8509 8539
8509 8510
8539 8569
8539 8540
8569 8599
8569 8570
8599 8629
8599 8600
8629 8659
8629 8630
8659 8660
8659 8684
6295 8422
6295 8399
8422 8452
8422 8423
8452 8482
8452 8453
8482 8512
8482 8483
8512 8542
8512 8513
8542 8572
8542 8543
8572 8602
8572 8573
8602 8632
8602 8603
8632 8662
8632 8633
8662 8663
8662 8685
6296 8425
6296 8401
8425 8455
8425 8426
8455 8485
8455 8456
8485 8515
8485 8486
8515 8545
8515 8516
8545 8575
8545 8546
8575 8605
8575 8576
8605 8635
8605 8606
8635 8665
8635 8636
8665 8666
8665 8686
6297 8428
6297 8403
8428 8458
8428 8429
8458 8488
8458 8459
8488 8518
8488 8489
8518 8548
8518 8519
8548 8578
8548 8549
8578 8608
8578 8579
8608 8638
8608 8609
8638 8668
8638 8639
8668 8669
8668 8687
6298 8431
6298 8405
8431 8461
8431 8432
8461 8491
8461 8462
8491 8521
8491 8492
8521 8551
8521 8522
8551 8581
8551 8552
8581 8611
8581 8582
8611 8641
8611 8612
8641 8671
8641 8642
8671 8672
8671 8688
6299 8434
6299 8407
8434 8464
8434 8435
8464 8494
8464 8465
8494 8524
8494 8495
8524 8554
8524 8525
8554 8584
8554 8555
8584 8614
8584 8585
8614 8644
8614 8615
8644 8674
8644 8645
8674 8675
8674 8689
6300 8437
6300 8409
8437 8467
8437 8438
8467 8497
8467 8468
8497 8527
8497 8498
8527 8557
8527 8528
8557 8587
8557 8558
8587 8617
8587 8588
8617 8647
8617 8618
8647 8677
8647 8648
8677 8678
8677 8690
6301 8439
6301 8410
8439 8469
8439 8440
8469 8499
8469 8470
8499 8529
8499 8500
8529 8559
8529 8530
8559 8589
8559 8560
8589 8619
8589 8590
8619 8649
8619 8620
8649 8679
8649 8650
8679 8680
8679 8691
8411 8692
8411 6592
8411 8693
8692 8694
8692 6593
8692 8695
8694 8696
8694 6594
8694 8697
8696 8698
8696 6595
8696 8699
8698 8700
8698 6596
8698 8701
8700 8702
8700 6597
8700 8703
8702 8704
8702 6598
8702 8705
8704 8706
8704 6599
8704 8707
8706 8708
8706 6600
8706 8709
8708 6601
8708 8710
8708 8711
8441 8712
8441 8713
8441 8714
8712 8715
8712 8716
8712 8717
8715 8718
8715 8719
8715 8720
8718 8721
8718 8722
8718 8723
8721 8724
8721 8725
8721 8726
8724 8727
8724 8728
8724 8729
8727 8730
8727 8731
8727 8732
8730 8733
8730 8734
8730 8735
8733 8736
8733 8737
8733 8738
8736 8739
8736 8740
8736 8741
8471 8742
8471 8743
8471 8744
8742 8745
8742 8746
8742 8747
8745 8748
8745 8749
8745 8750
8748 8751
8748 8752
8748 8753
8751 8754
8751 8755
8751 8756
8754 8757
8754 8758
8754 8759
8757 8760
8757 8761
8757 8762
8760 8763
8760 8764
8760 8765
8763 8766
8763 8767
8763 8768
8766 8769
8766 8770
8766 8771
8501 8772
8501 8773
8501 8774
8772 8775
8772 8776
8772 8777
8775 8778
8775 8779
8775 8780
8778 8781
8778 8782
8778 8783
8781 8784
8781 8785
8781 8786
8784 8787
8784 8788
8784 8789
8787 8790
8787 8791
8787 8792
8790 8793
8790 8794
8790 8795
8793 8796
8793 8797
8793 8798
8796 8799
8796 8800
8796 8801
8531 8802
8531 8803
8531 8804
8802 8805
8802 8806
8802 8807
8805 8808
8805 8809
8805 8810
8808 8811
8808 8812
8808 8813
8811 8814
8811 8815
8811 8816
8814 8817
8814 8818
8814 8819
8817 8820
8817 8821
8817 8822
8820 8823
8820 8824
8820 8825
8823 8826
8823 8827
8823 8828
8826 8829
8826 8830
8826 8831
8561 8832
8561 8833
8561 8834
8832 8835
8832 8836
8832 8837
8835 8838
8835 8839
8835 8840
8838 8841
8838 8842
8838 8843
8841 8844
8841 8845
8841 8846
8844 8847
8844 8848
8844 8849
8847 8850
8847 8851
8847 8852
8850 8853
8850 8854
8850 8855
8853 8856
8853 8857
8853 8858
8856 8859
8856 8860
8856 8861
8591 8862
8591 8863
8591 8864
8862 8865
8862 8866
8862 8867
8865 8868
8865 8869
8865 8870
8868 8871
8868 8872
8868 8873
8871 8874
8871 8875
8871 8876
8874 8877
8874 8878
8874 8879
8877 8880
8877 8881
8877 8882
8880 8883
8880 8884
8880 8885
8883 8886
8883 8887
8883 8888
8886 8889
8886 8890
8886 8891
8621 8892
8621 8893
8621 8894
8892 8895
8892 8896
8892 8897
8895 8898
8895 8899
8895 8900
8898 8901
8898 8902
8898 8903
8901 8904
8901 8905
8901 8906
8904 8907
8904 8908
8904 8909
8907 8910
8907 8911
8907 8912
8910 8913
8910 8914
8910 8915
8913 8916
8913 8917
8913 8918
8916 8919
8916 8920
8916 8921
8651 8922
8651 8923
8651 8924
8922 8925
8922 8926
8922 8927
8925 8928
8925 8929
8925 8930
8928 8931
8928 8932
8928 8933
8931 8934
8931 8935
8931 8936
8934 8937
8934 8938
8934 8939
8937 8940
8937 8941
8937 8942
8940 8943
8940 8944
8940 8945
8943 8946
8943 8947
8943 8948
8946 8949
8946 8950
8946 8951
8681 8952
8681 8953
8681 8954
8952 8955
8952 8956
8952 8957
8955 8958
8955 8959
8955 8960
8958 8961
8958 8962
8958 8963
8961 8964
8961 8965
8961 8966
8964 8967
8964 8968
8964 8969
8967 8970
8967 8971
8967 8972
8970 8973
8970 8974
8970 8975
8973 8976
8973 8977
8973 8978
8976 8979
8976 8980
8976 8981
6592 8713
6592 8693
8713 8743
8713 8714
8743 8773
8743 8744
8773 8803
8773 8774
8803 8833
8803 8804
8833 8863
8833 8834
8863 8893
8863 8864
8893 8923
8893 8894
8923 8953
8923 8924
8953 8954
8953 8982
6593 8716
6593 8695
8716 8746
8716 8717
8746 8776
8746 8747
8776 8806
8776 8777
8806 8836
8806 8807
8836 8866
8836 8837
8866 8896
8866 8867
8896 8926
8896 8897
8926 8956
8926 8927
8956 8957
8956 8983
6594 8719
6594 8697
8719 8749
8719 8720
8749 8779
8749 8750
8779 8809
8779 8780
8809 8839
8809 8810
8839 8869
8839 8840
8869 8899
8869 8870
8899 8929
8899 8900
8929 8959
8929 8930
8959 8960
8959 8984
6595 8722
6595 8699
8722 8752
8722 8723
8752 8782
8752 8753
8782 8812
8782 8783
8812 8842
8812 8813
8842 8872
8842 8843
8872 8902
8872 8873
8902 8932
8902 8903
8932 8962
8932 8933
8962 8963
8962 8985
6596 8725
6596 8701
8725 8755
8725 8726
8755 8785
8755 8756
8785 8815
8785 8786
8815 8845
8815 8816
8845 8875
8845 8846
8875 8905
8875 8876
8905 8935
8905 8906
8935 8965
8935 8936
8965 8966
8965 8986
6597 8728
6597 8703
8728 8758
8728 8729
8758 8788
8758 8759
8788 8818
8788 8789
8818 8848
8818 8819
8848 8878
8848 8849
8878 8908
8878 8879
8908 8938
8908 8909
8938 8968
8938 8939
8968 8969
8968 8987
6598 8731
6598 8705
8731 8761
8731 8732
8761 8791
8761 8762
8791 8821
8791 8792
8821 8851
8821 8822
8851 8881
8851 8852
8881 8911
8881 8882
8911 8941
8911 8912
8941 8971
8941 8942
8971 8972
8971 8988
6599 8734
6599 8707
8734 8764
8734 8735
8764 8794
8764 8765
8794 8824
8794 8795
8824 8854
8824 8825
8854 8884
8854 8855
8884 8914
8884 8885
8914 8944
8914 8915
8944 8974
8944 8945
8974 8975
8974 8989
6600 8737
6600 8709
8737 8767
8737 8738
8767 8797
8767 8768
8797 8827
8797 8798
8827 8857
8827 8828
8857 8887
8857 8858
8887 8917
8887 8888
8917 8947
8917 8918
8947 8977
8947 8948
8977 8978
8977 8990
6601 8739
6601 8710
8739 8769
8739 8740
8769 8799
8769 8770
8799 8829
8799 8800
8829 8859
8829 8830
8859 8889
8859 8860
8889 8919
8889 8890
8919 8949
8919 8920
8949 8979
8949 8950
8979 8980
8979 8991
8711 8992
8711 6892
8711 8993
8992 8994
8992 6893
8992 8995
8994 8996
8994 6894
8994 8997
8996 8998
8996 6895
8996 8999
8998 9000
8998 6896
8998 9001
9000 9002
9000 6897
9000 9003
9002 9004
9002 6898
9002 9005
9004 9006
9004 6899
9004 9007
9006 9008
9006 6900
9006 9009
9008 6901
9008 9010
9008 9011
8741 9012
8741 9013
8741 9014
9012 9015
9012 9016
9012 9017
9015 9018
9015 9019
9015 9020
9018 9021
9018 9022
9018 9023
9021 9024
9021 9025
9021 9026
9024 9027
9024 9028
9024 9029
9027 9030
9027 9031
9027 9032
9030 9033
9030 9034
9030 9035
9033 9036
9033 9037
9033 9038
9036 9039
9036 9040
9036 9041
8771 9042
8771 9043
8771 9044
9042 9045
9042 9046
9042 9047
9045 9048
9045 9049
9045 9050
9048 9051
9048 9052
9048 9053
9051 9054
9051 9055
9051 9056
9054 9057
9054 9058
9054 9059
9057 9060
9057 9061
9057 9062
9060 9063
9060 9064
9060 9065
9063 9066
9063 9067
9063 9068
9066 9069
9066 9070
9066 9071
8801 9072
8801 9073
8801 9074
9072 9075
9072 9076
9072 9077
9075 9078
9075 9079
9075 9080
9078 9081
9078 9082
9078 9083
9081 9084
9081 9085
9081 9086
9084 9087
9084 9088
9084 9089
9087 9090
9087 9091
9087 9092
9090 9093
9090 9094
9090 9095
9093 9096
9093 9097
9093 9098
9096 9099
9096 9100
9096 9101
8831 9102
8831 9103
8831 9104
9102 9105
9102 9106
9102 9107
9105 9108
9105 9109
9105 9110
9108 9111
9108 9112
9108 9113
9111 9114
9111 9115
9111 9116
9114 9117
9114 9118
9114 9119
9117 9120
9117 9121
9117 9122
9120 9123
9120 9124
9120 9125
9123 9126
9123 9127
9123 9128
9126 9129
9126 9130
9126 9131
8861 9132
8861 9133
8861 9134
9132 9135
9132 9136
9132 9137
9135 9138
9135 9139
9135 9140
9138 9141
9138 9142
9138 9143
9141 9144
9141 9145
9141 9146
9144 9147
9144 9148
9144 9149
9147 9150
9147 9151
9147 9152
9150 9153
9150 9154
9150 9155
9153 9156
9153 9157
9153 9158
9156 9159
9156 9160
9156 9161
8891 9162
8891 9163
8891 9164
9162 9165
9162 9166
9162 9167
9165 9168
9165 9169
9165 9170
9168 9171
9168 9172
9168 9173
9171 9174
9171 9175
9171 9176
9174 9177
9174 9178
9174 9179
9177 9180
9177 9181
9177 9182
9180 9183
9180 9184
9180 9185
9183 9186
9183 9187
9183 9188
9186 9189
9186 9190
9186 9191
8921 9192
8921 9193
8921 9194
9192 9195
9192 9196
9192 9197
9195 9198
9195 9199
9195 9200
9198 9201
9198 9202
9198 9203
9201 9204
9201 9205
9201 9206
9204 9207
9204 9208
9204 9209
9207 9210
9207 9211
9207 9212
9210 9213
9210 9214
9210 9215
9213 9216
9213 9217
9213 9218
9216 9219
9216 9220
9216 9221
8951 9222
8951 9223
8951 9224
9222 9225
9222 9226
9222 9227
9225 9228
9225 9229
9225 9230
9228 9231
9228 9232
9228 9233
9231 9234
9231 9235
9231 9236
9234 9237
9234 9238
9234 9239
9237 9240
9237 9241
9237 9242
9240 9243
9240 9244
9240 9245
9243 9246
9243 9247
9243 9248
9246 9249
9246 9250
9246 9251
8981 9252
8981 9253
8981 9254
9252 9255
9252 9256
9252 9257
9255 9258
9255 9259
9255 9260
9258 9261
9258 9262
9258 9263
9261 9264
9261 9265
9261 9266
9264 9267
9264 9268
9264 9269
9267 9270
9267 9271
9267 9272
9270 9273
9270 9274
9270 9275
9273 9276
9273 9277
9273 9278
9276 9279
9276 9280
9276 9281
6892 9013
6892 8993
9013 9043
9013 9014
9043 9073
9043 9044
9073 9103
9073 9074
9103 9133
9103 9104
9133 9163
9133 9134
9163 9193
9163 9164
9193 9223
9193 9194
9223 9253
9223 9224
9253 9254
9253 9282
6893 9016
6893 8995
9016 9046
9016 9017
9046 9076
9046 9047
9076 9106
9076 9077
9106 9136
9106 9107
9136 9166
9136 9137
9166 9196
9166 9167
9196 9226
9196 9197
9226 9256
9226 9227
9256 9257
9256 9283
6894 9019
6894 8997
9019 9049
9019 9020
9049 9079
9049 9050
9079 9109
9079 9080
9109 9139
9109 9110
9139 9169
9139 9140
9169 9199
9169 9170
9199 9229
9199 9200
9229 9259
9229 9230
9259 9260
9259 9284
6895 9022
6895 8999
9022 9052
9022 9023
9052 9082
9052 9053
9082 9112
9082 9083
9112 9142
9112 9113
9142 9172
9142 9143
9172 9202
9172 9173
9202 9232
9202 9203
9232 9262
9232 9233
9262 9263
9262 9285
6896 9025
6896 9001
9025 9055
9025 9026
9055 9085
9055 9056
9085 9115
9085 9086
9115 9145
9115 9116
9145 9175
9145 9146
9175 9205
9175 9176
9205 9235
9205 9206
9235 9265
9235 9236
9265 9266
9265 9286
6897 9028
6897 9003
9028 9058
9028 9029
9058 9088
9058 9059
9088 9118
9088 9089
9118 9148
9118 9119
9148 9178
9148 9149
9178 9208
9178 9179
9208 9238
9208 9209
9238 9268
9238 9239
9268 9269
9268 9287
6898 9031
6898 9005
9031 9061
9031 9032
9061 9091
9061 9062
9091 9121
9091 9092
9121 9151
9121 9122
9151 9181
9151 9152
9181 9211
9181 9182
9211 9241
9211 9212
9241 9271
9241 9242
9271 9272
9271 9288
6899 9034
6899 9007
9034 9064
9034 9035
9064 9094
9064 9065
9094 9124
9094 9095
9124 9154
9124 9125
9154 9184
9154 9155
9184 9214
9184 9185
9214 9244
9214 9215
9244 9274
9244 9245
9274 9275
9274 9289
6900 9037
6900 9009
9037 9067
9037 9038
9067 9097
9067 9068
9097 9127
9097 9098
9127 9157
9127 9128
9157 9187
9157 9158
9187 9217
9187 9188
9217 9247
9217 9218
9247 9277
9247 9248
9277 9278
9277 9290
6901 9039
6901 9010
9039 9069
9039 9040
9069 9099
9069 9070
9099 9129
9099 9100
9129 9159
9129 9130
9159 9189
9159 9160
9189 9219
9189 9190
9219 9249
9219 9220
9249 9279
9249 9250
9279 9280
9279 9291
9011 9292
9011 7192
9011 9293
9292 9294
9292 7193
9292 9295
9294 9296
9294 7194
9294 9297
9296 9298
9296 7195
9296 9299
9298 9300
9298 7196
9298 9301
9300 9302
9300 7197
9300 9303
9302 9304
9302 7198
9302 9305
9304 9306
9304 7199
9304 9307
9306 9308
9306 7200
9306 9309
9308 7201
9308 9310
9308 9311
9041 9312
9041 9313
9041 9314
9312 9315
9312 9316
9312 9317
9315 9318
9315 9319
9315 9320
9318 9321
9318 9322
9318 9323
9321 9324
9321 9325
9321 9326
9324 9327
9324 9328
9324 9329
9327 9330
9327 9331
9327 9332
9330 9333
9330 9334
9330 9335
9333 9336
9333 9337
9333 9338
9336 9339
9336 9340
9336 9341
9071 9342
9071 9343
9071 9344
9342 9345
9342 9346
9342 9347
9345 9348
9345 9349
9345 9350
9348 9351
9348 9352
9348 9353
9351 9354
9351 9355
9351 9356
9354 9357
9354 9358
9354 9359
9357 9360
9357 9361
9357 9362
9360 9363
9360 9364
9360 9365
9363 9366
9363 9367
9363 9368
9366 9369
9366 9370
9366 9371
9101 9372
9101 9373
9101 9374
9372 9375
9372 9376
9372 9377
9375 9378
9375 9379
9375 9380
9378 9381
9378 9382
9378 9383
9381 9384
9381 9385
9381 9386
9384 9387
9384 9388
9384 9389
9387 9390
9387 9391
9387 9392
9390 9393
9390 9394
9390 9395
9393 9396
9393 9397
9393 9398
9396 9399
9396 9400
9396 9401
9131 9402
9131 9403
9131 9404
9402 9405
9402 9406
9402 9407
9405 9408
9405 9409
9405 9410
9408 9411
9408 9412
9408 9413
9411 9414
9411 9415
9411 9416
9414 9417
9414 9418
9414 9419
9417 9420
9417 9421
9417 9422
9420 9423
9420 9424
9420 9425
9423 9426
9423 9427
9423 9428
9426 9429
9426 9430
9426 9431
9161 9432
9161 9433
9161 9434
9432 9435
9432 9436
9432 9437
9435 9438
9435 9439
9435 9440
9438 9441
9438 9442
9438 9443
9441 9444
9441 9445
9441 9446
9444 9447
9444 9448
9444 9449
9447 9450
9447 9451
9447 9452
9450 9453
9450 9454
9450 9455
9453 9456
9453 9457
9453 9458
9456 9459
9456 9460
9456 9461
9191 9462
9191 9463
9191 9464
9462 9465
9462 9466
9462 9467
9465 9468
9465 9469
9465 9470
9468 9471
9468 9472
9468 9473
9471 9474
9471 9475
9471 9476
9474 9477
9474 9478
9474 9479
9477 9480
9477 9481
9477 9482
9480 9483
9480 9484
9480 9485
9483 9486
9483 9487
9483 9488
9486 9489
9486 9490
9486 9491
9221 9492
9221 9493
9221 9494
9492 9495
9492 9496
9492 9497
9495 9498
9495 9499
9495 9500
9498 9501
9498 9502
9498 9503
9501 9504
9501 9505
9501 9506
9504 9507
9504 9508
9504 9509
9507 9510
9507 9511
9507 9512
9510 9513
9510 9514
9510 9515
9513 9516
9513 9517
9513 9518
9516 9519
9516 9520
9516 9521
9251 9522
9251 9523
9251 9524
9522 9525
9522 9526
9522 9527
9525 9528
9525 9529
9525 9530
9528 9531
9528 9532
9528 9533
9531 9534
9531 9535
9531 9536
9534 9537
9534 9538
9534 9539
9537 9540
9537 9541
9537 9542
9540 9543
9540 9544
9540 9545
9543 9546
9543 9547
9543 9548
9546 9549
9546 9550
9546 9551
9281 9552
9281 9553
9281 9554
9552 9555
9552 9556
9552 9557
9555 9558
9555 9559
9555 9560
9558 9561
9558 9562
9558 9563
9561 9564
9561 9565
9561 9566
9564 9567
9564 9568
9564 9569
9567 9570
9567 9571
9567 9572
9570 9573
9570 9574
9570 9575
9573 9576
9573 9577
9573 9578
9576 9579
9576 9580
9576 9581
7192 9313
7192 9293
9313 9343
9313 9314
9343 9373
9343 9344
9373 9403
9373 9374
9403 9433
9403 9404
9433 9463
9433 9434
9463 9493
9463 9464
9493 9523
9493 9494
9523 9553
9523 9524
9553 9554
9553 9582
7193 9316
7193 9295
9316 9346
9316 9317
9346 9376
9346 9347
9376 9406
9376 9377
9406 9436
9406 9407
9436 9466
9436 9437
9466 9496
9466 9467
9496 9526
9496 9497
9526 9556
9526 9527
9556 9557
9556 9583
7194 9319
7194 9297
9319 9349
9319 9320
9349 9379
9349 9350
9379 9409
9379 9380
9409 9439
9409 9410
9439 9469
9439 9440
9469 9499
9469 9470
9499 9529
9499 9500
9529 9559
9529 9530
9559 9560
9559 9584
7195 9322
7195 9299
9322 9352
9322 9323
9352 9382
9352 9353
9382 9412
9382 9383
9412 9442
9412 9413
9442 9472
9442 9443
9472 9502
9472 9473
9502 9532
9502 9503
9532 9562
9532 9533
9562 9563
9562 9585
7196 9325
7196 9301
9325 9355
9325 9326
9355 9385
9355 9356
9385 9415
9385 9386
9415 9445
9415 9416
9445 9475
9445 9446
9475 9505
9475 9476
9505 9535
9505 9506
9535 9565
9535 9536
9565 9566
9565 9586
7197 9328
7197 9303
9328 9358
9328 9329
9358 9388
9358 9359
9388 9418
9388 9389
9418 9448
9418 9419
9448 9478
9448 9449
9478 9508
9478 9479
9508 9538
9508 9509
9538 9568
9538 9539
9568 9569
9568 9587
7198 9331
7198 9305
9331 9361
9331 9332
9361 9391
9361 9362
9391 9421
9391 9392
9421 9451
9421 9422
9451 9481
9451 9452
9481 9511
9481 9482
9511 9541
9511 9512
9541 9571
9541 9542
9571 9572
9571 9588
7199 9334
7199 9307
9334 9364
9334 9335
9364 9394
9364 9365
9394 9424
9394 9395
9424 9454
9424 9425
9454 9484
9454 9455
9484 9514
9484 9485
9514 9544
9514 9515
9544 9574
9544 9545
9574 9575
9574 9589
7200 9337
7200 9309
9337 9367
9337 9338
9367 9397
9367 9368
9397 9427
9397 9398
9427 9457
9427 9428
9457 9487
9457 9458
9487 9517
9487 9488
9517 9547
9517 9518
9547 9577
9547 9548
9577 9578
9577 9590
7201 9339
7201 9310
9339 9369
9339 9340
9369 9399
9369 9370
9399 9429
9399 9400
9429 9459
9429 9430
9459 9489
9459 9460
9489 9519
9489 9490
9519 9549
9519 9520
9549 9579
9549 9550
9579 9580
9579 9591
9311 9592
9311 7482
9311 9593
9592 9594
9592 7483
9592 9595
9594 9596
9594 7484
9594 9597
9596 9598
9596 7485
9596 9599
9598 9600
9598 7486
9598 9601
9600 9602
9600 7487
9600 9603
9602 9604
9602 7488
9602 9605
9604 9606
9604 7489
9604 9607
9606 9608
9606 7490
9606 9609
9608 7491
9608 9610
9341 9611
9341 9612
9341 9613
9611 9614
9611 9615
9611 9616
9614 9617
9614 9618
9614 9619
9617 9620
9617 9621
9617 9622
9620 9623
9620 9624
9620 9625
9623 9626
9623 9627
9623 9628
9626 9629
9626 9630
9626 9631
9629 9632
9629 9633
9629 9634
9632 9635
9632 9636
9632 9637
9635 9638
9635 9639
9371 9640
9371 9641
9371 9642
9640 9643
9640 9644
9640 9645
9643 9646
9643 9647
9643 9648
9646 9649
9646 9650
9646 9651
9649 9652
9649 9653
9649 9654
9652 9655
9652 9656
9652 9657
9655 9658
9655 9659
9655 9660
9658 9661
9658 9662
9658 9663
9661 9664
9661 9665
9661 9666
9664 9667
9664 9668
9401 9669
9401 9670
9401 9671
9669 9672
9669 9673
9669 9674
9672 9675
9672 9676
9672 9677
9675 9678
9675 9679
9675 9680
9678 9681
9678 9682
9678 9683
9681 9684
9681 9685
9681 9686
9684 9687
9684 9688
9684 9689
9687 9690
9687 9691
9687 9692
9690 9693
9690 9694
9690 9695
9693 9696
9693 9697
9431 9698
9431 9699
9431 9700
9698 9701
9698 9702
9698 9703
9701 9704
9701 9705
9701 9706
9704 9707
9704 9708
9704 9709
9707 9710
9707 9711
9707 9712
9710 9713
9710 9714
9710 9715
9713 9716
9713 9717
9713 9718
9716 9719
9716 9720
9716 9721
9719 9722
9719 9723
9719 9724
9722 9725
9722 9726
9461 9727
9461 9728
9461 9729
9727 9730
9727 9731
9727 9732
9730 9733
9730 9734
9730 9735
9733 9736
9733 9737
9733 9738
9736 9739
9736 9740
9736 9741
9739 9742
9739 9743
9739 9744
9742 9745
9742 9746
9742 9747
9745 9748
9745 9749
9745 9750
9748 9751
9748 9752
9748 9753
9751 9754
9751 9755
9491 9756
9491 9757
9491 9758
9756 9759
9756 9760
9756 9761
9759 9762
9759 9763
9759 9764
9762 9765
9762 9766
9762 9767
9765 9768
9765 9769
9765 9770
9768 9771
9768 9772
9768 9773
9771 9774
9771 9775
9771 9776
9774 9777
9774 9778
9774 9779
9777 9780
9777 9781
9777 9782
9780 9783
9780 9784
9521 9785
9521 9786
9521 9787
9785 9788
9785 9789
9785 9790
9788 9791
9788 9792
9788 9793
9791 9794
9791 9795
9791 9796
9794 9797
9794 9798
9794 9799
9797 9800
9797 9801
9797 9802
9800 9803
9800 9804
9800 9805
9803 9806
9803 9807
9803 9808
9806 9809
9806 9810
9806 9811
9809 9812
9809 9813
9551 9814
9551 9815
9551 9816
9814 9817
9814 9818
9814 9819
9817 9820
9817 9821
9817 9822
9820 9823
9820 9824
9820 9825
9823 9826
9823 9827
9823 9828
9826 9829
9826 9830
9826 9831
9829 9832
9829 9833
9829 9834
9832 9835
9832 9836
9832 9837
9835 9838
9835 9839
9835 9840
9838 9841
9838 9842
9581 9843
9581 9844
9581 9845
9843 9846
9843 9847
9843 9848
9846 9849
9846 9850
9846 9851
9849 9852
9849 9853
9849 9854
9852 9855
9852 9856
9852 9857
9855 9858
9855 9859
9855 9860
9858 9861
9858 9862
9858 9863
9861 9864
9861 9865
9861 9866
9864 9867
9864 9868
9864 9869
9867 9870
9867 9871
7482 9612
7482 9593
9612 9641
9612 9613
9641 9670
9641 9642
9670 9699
9670 9671
9699 9728
9699 9700
9728 9757
9728 9729
9757 9786
9757 9758
9786 9815
9786 9787
9815 9844
9815 9816
9844 9845
9844 9872
7483 9615
7483 9595
9615 9644
9615 9616
9644 9673
9644 9645
9673 9702
9673 9674
9702 9731
9702 9703
9731 9760
9731 9732
9760 9789
9760 9761
9789 9818
9789 9790
9818 9847
9818 9819
9847 9848
9847 9873
7484 9618
7484 9597
9618 9647
9618 9619
9647 9676
9647 9648
9676 9705
9676 9677
9705 9734
9705 9706
9734 9763
9734 9735
9763 9792
9763 9764
9792 9821
9792 9793
9821 9850
9821 9822
9850 9851
9850 9874
7485 9621
7485 9599
9621 9650
9621 9622
9650 9679
9650 9651
9679 9708
9679 9680
9708 9737
9708 9709
9737 9766
9737 9738
9766 9795
9766 9767
9795 9824
9795 9796
9824 9853
9824 9825
9853 9854
9853 9875
7486 9624
7486 9601
9624 9653
9624 9625
9653 9682
9653 9654
9682 9711
9682 9683
9711 9740
9711 9712
9740 9769
9740 9741
9769 9798
9769 9770
9798 9827
9798 9799
9827 9856
9827 9828
9856 9857
9856 9876
7487 9627
7487 9603
9627 9656
9627 9628
9656 9685
9656 9657
9685 9714
9685 9686
9714 9743
9714 9715
9743 9772
9743 9744
9772 9801
9772 9773
9801 9830
9801 9802
9830 9859
9830 9831
9859 9860
9859 9877
7488 9630
7488 9605
9630 9659
9630 9631
9659 9688
9659 9660
9688 9717
9688 9689
9717 9746
9717 9718
9746 9775
9746 9747
9775 9804
9775 9776
9804 9833
9804 9805
9833 9862
9833 9834
9862 9863
9862 9878
7489 9633
7489 9607
9633 9662
9633 9634
9662 9691
9662 9663
9691 9720
9691 9692
9720 9749
9720 9721
9749 9778
9749 9750
9778 9807
9778 9779
9807 9836
9807 9808
9836 9865
9836 9837
9865 9866
9865 9879
7490 9636
7490 9609
9636 9665
9636 9637
9665 9694
9665 9666
9694 9723
9694 9695
9723 9752
9723 9724
9752 9781
9752 9753
9781 9810
9781 9782
9810 9839
9810 9811
9839 9868
9839 9840
9868 9869
9868 9880
7491 9638
7491 9610
9638 9667
9638 9639
9667 9696
9667 9668
9696 9725
9696 9697
9725 9754
9725 9726
9754 9783
9754 9755
9783 9812
9783 9784
9812 9841
9812 9813
9841 9870
9841 9842
9870 9871
9870 9881
121 9882
121 7782
121 9883
9882 9884
9882 7783
9882 9885
9884 9886
9884 7784
9884 9887
9886 9888
9886 7785
9886 9889
9888 9890
9888 7786
9888 9891
9890 9892
9890 7787
9890 9893
9892 9894
9892 7788
9892 9895
9894 9896
9894 7789
9894 9897
9896 9898
9896 7790
9896 9899
9898 7791
9898 9900
9898 9901
124 9902
124 9903
124 9904
9902 9905
9902 9906
9902 9907
9905 9908
9905 9909
9905 9910
9908 9911
9908 9912
9908 9913
9911 9914
9911 9915
9911 9916
9914 9917
9914 9918
9914 9919
9917 9920
9917 9921
9917 9922
9920 9923
9920 9924
9920 9925
9923 9926
9923 9927
9923 9928
9926 9929
9926 9930
9926 9931
127 9932
127 9933
127 9934
9932 9935
9932 9936
9932 9937
9935 9938
9935 9939
9935 9940
9938 9941
9938 9942
9938 9943
9941 9944
9941 9945
9941 9946
9944 9947
9944 9948
9944 9949
9947 9950
9947 9951
9947 9952
9950 9953
9950 9954
9950 9955
9953 9956
9953 9957
9953 9958
9956 9959
9956 9960
9956 9961
130 9962
130 9963
130 9964
9962 9965
9962 9966
9962 9967
9965 9968
9965 9969
9965 9970
9968 9971
9968 9972
9968 9973
9971 9974
9971 9975
9971 9976
9974 9977
9974 9978
9974 9979
9977 9980
9977 9981
9977 9982
9980 9983
9980 9984
9980 9985
9983 9986
9983 9987
9983 9988
9986 9989
9986 9990
9986 9991
133 9992
133 9993
133 9994
9992 9995
9992 9996
9992 9997
9995 9998
9995 9999
9995 10000
9998 10001
9998 10002
9998 10003
10001 10004
10001 10005
10001 10006
10004 10007
10004 10008
10004 10009
10007 10010
10007 10011
10007 10012
10010 10013
10010 10014
10010 10015
10013 10016
10013 10017
10013 10018
10016 10019
10016 10020
10016 10021
136 10022
136 10023
136 10024
10022 10025
10022 10026
10022 10027
10025 10028
10025 10029
10025 10030
10028 10031
10028 10032
10028 10033
10031 10034
10031 10035
10031 10036
10034 10037
10034 10038
10034 10039
10037 10040
10037 10041
10037 10042
10040 10043
10040 10044
10040 10045
10043 10046
10043 10047
10043 10048
10046 10049
10046 10050
10046 10051
139 10052
139 10053
139 10054
10052 10055
10052 10056
10052 10057
10055 10058
10055 10059
10055 10060
10058 10061
10058 10062
10058 10063
10061 10064
10061 10065
10061 10066
10064 10067
10064 10068
10064 10069
10067 10070
10067 10071
10067 10072
10070 10073
10070 10074
10070 10075
10073 10076
10073 10077
10073 10078
10076 10079
10076 10080
10076 10081
142 10082
142 10083
142 10084
10082 10085
10082 10086
10082 10087
10085 10088
10085 10089
10085 10090
10088 10091
10088 10092
10088 10093
10091 10094
10091 10095
10091 10096
10094 10097
10094 10098
10094 10099
10097 10100
10097 10101
10097 10102
10100 10103
10100 10104
10100 10105
10103 10106
10103 10107
10103 10108
10106 10109
10106 10110
10106 10111
145 10112
145 10113
145 10114
10112 10115
10112 10116
10112 10117
10115 10118
10115 10119
10115 10120
10118 10121
10118 10122
10118 10123
10121 10124
10121 10125
10121 10126
10124 10127
10124 10128
10124 10129
10127 10130
10127 10131
10127 10132
10130 10133
10130 10134
10130 10135
10133 10136
10133 10137
10133 10138
10136 10139
10136 10140
10136 10141
148 10142
148 10143
148 10144
10142 10145
10142 10146
10142 10147
10145 10148
10145 10149
10145 10150
10148 10151
10148 10152
10148 10153
10151 10154
10151 10155
10151 10156
10154 10157
10154 10158
10154 10159
10157 10160
10157 10161
10157 10162
10160 10163
10160 10164
10160 10165
10163 10166
10163 10167
10163 10168
10166 10169
10166 10170
10166 10171
7782 9903
7782 9883
9903 9933
9903 9904
9933 9963
9933 9934
9963 9993
9963 9964
9993 10023
9993 9994
10023 10053
10023 10024
10053 10083
10053 10054
10083 10113
10083 10084
10113 10143
10113 10114
10143 10144
10143 10172
7783 9906
7783 9885
9906 9936
9906 9907
9936 9966
9936 9937
9966 9996
9966 9967
9996 10026
9996 9997
10026 10056
10026 10027
10056 10086
10056 10057
10086 10116
10086 10087
10116 10146
10116 10117
10146 10147
10146 10173
7784 9909
7784 9887
9909 9939
9909 9910
9939 9969
9939 9940
9969 9999
9969 9970
9999 10029
9999 10000
10029 10059
10029 10030
10059 10089
10059 10060
10089 10119
10089 10090
10119 10149
10119 10120
10149 10150
10149 10174
7785 9912
7785 9889
9912 9942
9912 9913
9942 9972
9942 9943
9972 10002
9972 9973
10002 10032
10002 10003
10032 10062
10032 10033
10062 10092
10062 10063
10092 10122
10092 10093
10122 10152
10122 10123
10152 10153
10152 10175
7786 9915
7786 9891
9915 9945
9915 9916
9945 9975
9945 9946
9975 10005
9975 9976
10005 10035
10005 10006
10035 10065
10035 10036
10065 10095
10065 10066
10095 10125
10095 10096
10125 10155
10125 10126
10155 10156
10155 10176
7787 9918
7787 9893
9918 9948
9918 9919
9948 9978
9948 9949
9978 10008
9978 9979
10008 10038
10008 10009
10038 10068
10038 10039
10068 10098
10068 10069
10098 10128
10098 10099
10128 10158
10128 10129
10158 10159
10158 10177
7788 9921
7788 9895
9921 9951
9921 9922
9951 9981
9951 9952
9981 10011
9981 9982
10011 10041
10011 10012
10041 10071
10041 10042
10071 10101
10071 10072
10101 10131
10101 10102
10131 10161
10131 10132
10161 10162
10161 10178
7789 9924
7789 9897
9924 9954
9924 9925
9954 9984
9954 9955
9984 10014
9984 9985
10014 10044
10014 10015
10044 10074
10044 10045
10074 10104
10074 10075
10104 10134
10104 10105
10134 10164
10134 10135
10164 10165
10164 10179
7790 9927
7790 9899
9927 9957
9927 9928
9957 9987
9957 9958
9987 10017
9987 9988
10017 10047
10017 10018
10047 10077
10047 10048
10077 10107
10077 10078
10107 10137
10107 10108
10137 10167
10137 10138
10167 10168
10167 10180
7791 9929
7791 9900
9929 9959
9929 9930
9959 9989
9959 9960
9989 10019
9989 9990
10019 10049
10019 10020
10049 10079
10049 10050
10079 10109
10079 10080
10109 10139
10109 10110
10139 10169
10139 10140
10169 10170
10169 10181
9901 10182
9901 8082
9901 10183
10182 10184
10182 8083
10182 10185
10184 10186
10184 8084
10184 10187
10186 10188
10186 8085
10186 10189
10188 10190
10188 8086
10188 10191
10190 10192
10190 8087
10190 10193
10192 10194
10192 8088
10192 10195
10194 10196
10194 8089
10194 10197
10196 10198
10196 8090
10196 10199
10198 8091
10198 10200
10198 10201
9931 10202
9931 10203
9931 10204
10202 10205
10202 10206
10202 10207
10205 10208
10205 10209
10205 10210
10208 10211
10208 10212
10208 10213
10211 10214
10211 10215
10211 10216
10214 10217
10214 10218
10214 10219
10217 10220
10217 10221
10217 10222
10220 10223
10220 10224
10220 10225
10223 10226
10223 10227
10223 10228
10226 10229
10226 10230
10226 10231
9961 10232
9961 10233
9961 10234
10232 10235
10232 10236
10232 10237
10235 10238
10235 10239
10235 10240
10238 10241
10238 10242
10238 10243
10241 10244
10241 10245
10241 10246
10244 10247
10244 10248
10244 10249
10247 10250
10247 10251
10247 10252
10250 10253
10250 10254
10250 10255
10253 10256
10253 10257
10253 10258
10256 10259
10256 10260
10256 10261
9991 10262
9991 10263
9991 10264
10262 10265
10262 10266
10262 10267
10265 10268
10265 10269
10265 10270
10268 10271
10268 10272
10268 10273
10271 10274
10271 10275
10271 10276
10274 10277
10274 10278
10274 10279
10277 10280
10277 10281
10277 10282
10280 10283
10280 10284
10280 10285
10283 10286
10283 10287
10283 10288
10286 10289
10286 10290
10286 10291
10021 10292
10021 10293
10021 10294
10292 10295
10292 10296
10292 10297
10295 10298
10295 10299
10295 10300
10298 10301
10298 10302
10298 10303
10301 10304
10301 10305
10301 10306
10304 10307
10304 10308
10304 10309
10307 10310
10307 10311
10307 10312
10310 10313
10310 10314
10310 10315
10313 10316
10313 10317
10313 10318
10316 10319
10316 10320
10316 10321
10051 10322
10051 10323
10051 10324
10322 10325
10322 10326
10322 10327
10325 10328
10325 10329
10325 10330
10328 10331
10328 10332
10328 10333
10331 10334
10331 10335
10331 10336
10334 10337
10334 10338
10334 10339
10337 10340
10337 10341
10337 10342
10340 10343
10340 10344
10340 10345
10343 10346
10343 10347
10343 10348
10346 10349
10346 10350
10346 10351
10081 10352
10081 10353
10081 10354
10352 10355
10352 10356
10352 10357
10355 10358
10355 10359
10355 10360
10358 10361
10358 10362
10358 10363
10361 10364
10361 10365
10361 10366
10364 10367
10364 10368
10364 10369
10367 10370
10367 10371
10367 10372
10370 10373
10370 10374
10370 10375
10373 10376
10373 10377
10373 10378
10376 10379
10376 10380
10376 10381
10111 10382
10111 10383
10111 10384
10382 10385
10382 10386
10382 10387
10385 10388
10385 10389
10385 10390
10388 10391
10388 10392
10388 10393
10391 10394
10391 10395
10391 10396
10394 10397
10394 10398
10394 10399
10397 10400
10397 10401
10397 10402
10400 10403
10400 10404
10400 10405
10403 10406
10403 10407
10403 10408
10406 10409
10406 10410
10406 10411
10141 10412
10141 10413
10141 10414
10412 10415
10412 10416
10412 10417
10415 10418
10415 10419
10415 10420
10418 10421
10418 10422
10418 10423
10421 10424
10421 10425
10421 10426
10424 10427
10424 10428
10424 10429
10427 10430
10427 10431
10427 10432
10430 10433
10430 10434
10430 10435
10433 10436
10433 10437
10433 10438
10436 10439
10436 10440
10436 10441
10171 10442
10171 10443
10171 10444
10442 10445
10442 10446
10442 10447
10445 10448
10445 10449
10445 10450
10448 10451
10448 10452
10448 10453
10451 10454
10451 10455
10451 10456
10454 10457
10454 10458
10454 10459
10457 10460
10457 10461
10457 10462
10460 10463
10460 10464
10460 10465
10463 10466
10463 10467
10463 10468
10466 10469
10466 10470
10466 10471
8082 10203
8082 10183
10203 10233
10203 10204
10233 10263
10233 10234
10263 10293
10263 10264
10293 10323
10293 10294
10323 10353
10323 10324
10353 10383
10353 10354
10383 10413
10383 10384
10413 10443
10413 10414
10443 10444
10443 10472
8083 10206
8083 10185
10206 10236
10206 10207
10236 10266
10236 10237
10266 10296
10266 10267
10296 10326
10296 10297
10326 10356
10326 10327
10356 10386
10356 10357
10386 10416
10386 10387
10416 10446
10416 10417
10446 10447
10446 10473
8084 10209
8084 10187
10209 10239
10209 10210
10239 10269
10239 10240
10269 10299
10269 10270
10299 10329
10299 10300
10329 10359
10329 10330
10359 10389
10359 10360
10389 10419
10389 10390
10419 10449
10419 10420
10449 10450
10449 10474
8085 10212
8085 10189
10212 10242
10212 10213
10242 10272
10242 10243
10272 10302
10272 10273
10302 10332
10302 10303
10332 10362
10332 10333
10362 10392
10362 10363
10392 10422
10392 10393
10422 10452
10422 10423
10452 10453
10452 10475
8086 10215
8086 10191
10215 10245
10215 10216
10245 10275
10245 10246
10275 10305
10275 10276
10305 10335
10305 10306
10335 10365
10335 10336
10365 10395
10365 10366
10395 10425
10395 10396
10425 10455
10425 10426
10455 10456
10455 10476
8087 10218
8087 10193
10218 10248
10218 10219
10248 10278
10248 10249
10278 10308
10278 10279
10308 10338
10308 10309
10338 10368
10338 10339
10368 10398
10368 10369
10398 10428
10398 10399
10428 10458
10428 10429
10458 10459
10458 10477
8088 10221
8088 10195
10221 10251
10221 10222
10251 10281
10251 10252
10281 10311
10281 10282
10311 10341
10311 10312
10341 10371
10341 10342
10371 10401
10371 10372
10401 10431
10401 10402
10431 10461
10431 10432
10461 10462
10461 10478
8089 10224
8089 10197
10224 10254
10224 10225
10254 10284
10254 10255
10284 10314
10284 10285
10314 10344
10314 10315
10344 10374
10344 10345
10374 10404
10374 10375
10404 10434
10404 10405
10434 10464
10434 10435
10464 10465
10464 10479
8090 10227
8090 10199
10227 10257
10227 10228
10257 10287
10257 10258
10287 10317
10287 10288
10317 10347
10317 10318
10347 10377
10347 10348
10377 10407
10377 10378
10407 10437
10407 10408
10437 10467
10437 10438
10467 10468
10467 10480
8091 10229
8091 10200
10229 10259
10229 10230
10259 10289
10259 10260
10289 10319
10289 10290
10319 10349
10319 10320
10349 10379
10349 10350
10379 10409
10379 10380
10409 10439
10409 10410
10439 10469
10439 10440
10469 10470
10469 10481
10201 10482
10201 8382
10201 10483
10482 10484
10482 8383
10482 10485
10484 10486
10484 8384
10484 10487
10486 10488
10486 8385
10486 10489
10488 10490
10488 8386
10488 10491
10490 10492
10490 8387
10490 10493
10492 10494
10492 8388
10492 10495
10494 10496
10494 8389
10494 10497
10496 10498
10496 8390
10496 10499
10498 8391
10498 10500
10498 10501
10231 10502
10231 10503
10231 10504
10502 10505
10502 10506
10502 10507
10505 10508
10505 10509
10505 10510
10508 10511
10508 10512
10508 10513
10511 10514
10511 10515
10511 10516
10514 10517
10514 10518
10514 10519
10517 10520
10517 10521
10517 10522
10520 10523
10520 10524
10520 10525
10523 10526
10523 10527
10523 10528
10526 10529
10526 10530
10526 10531
10261 10532
10261 10533
10261 10534
10532 10535
10532 10536
10532 10537
10535 10538
10535 10539
10535 10540
10538 10541
10538 10542
10538 10543
10541 10544
10541 10545
10541 10546
10544 10547
10544 10548
10544 10549
10547 10550
10547 10551
10547 10552
10550 10553
10550 10554
10550 10555
10553 10556
10553 10557
10553 10558
10556 10559
10556 10560
10556 10561
10291 10562
10291 10563
10291 10564
10562 10565
10562 10566
10562 10567
10565 10568
10565 10569
10565 10570
10568 10571
10568 10572
10568 10573
10571 10574
10571 10575
10571 10576
10574 10577
10574 10578
10574 10579
10577 10580
10577 10581
10577 10582
10580 10583
10580 10584
10580 10585
10583 10586
10583 10587
10583 10588
10586 10589
10586 10590
10586 10591
10321 10592
10321 10593
10321 10594
10592 10595
10592 10596
10592 10597
10595 10598
10595 10599
10595 10600
10598 10601
10598 10602
10598 10603
10601 10604
10601 10605
10601 10606
10604 10607
10604 10608
10604 10609
10607 10610
10607 10611
10607 10612
10610 10613
10610 10614
10610 10615
10613 10616
10613 10617
10613 10618
10616 10619
10616 10620
10616 10621
10351 10622
10351 10623
10351 10624
10622 10625
10622 10626
10622 10627
10625 10628
10625 10629
10625 10630
10628 10631
10628 10632
10628 10633
10631 10634
10631 10635
10631 10636
10634 10637
10634 10638
10634 10639
10637 10640
10637 10641
10637 10642
10640 10643
10640 10644
10640 10645
10643 10646
10643 10647
10643 10648
10646 10649
10646 10650
10646 10651
10381 10652
10381 10653
10381 10654
10652 10655
10652 10656
10652 10657
10655 10658
10655 10659
10655 10660
10658 10661
10658 10662
10658 10663
10661 10664
10661 10665
10661 10666
10664 10667
10664 10668
10664 10669
10667 10670
10667 10671
10667 10672
10670 10673
10670 10674
10670 10675
10673 10676
10673 10677
10673 10678
10676 10679
10676 10680
10676 10681
10411 10682
10411 10683
10411 10684
10682 10685
10682 10686
10682 10687
10685 10688
10685 10689
10685 10690
10688 10691
10688 10692
10688 10693
10691 10694
10691 10695
10691 10696
10694 10697
10694 10698
10694 10699
10697 10700
10697 10701
10697 10702
10700 10703
10700 10704
10700 10705
10703 10706
10703 10707
10703 10708
10706 10709
10706 10710
10706 10711
10441 10712
10441 10713
10441 10714
10712 10715
10712 10716
10712 10717
10715 10718
10715 10719
10715 10720
10718 10721
10718 10722
10718 10723
10721 10724
10721 10725
10721 10726
10724 10727
10724 10728
10724 10729
10727 10730
10727 10731
10727 10732
10730 10733
10730 10734
10730 10735
10733 10736
10733 10737
10733 10738
10736 10739
10736 10740
10736 10741
10471 10742
10471 10743
10471 10744
10742 10745
10742 10746
10742 10747
10745 10748
10745 10749
10745 10750
10748 10751
10748 10752
10748 10753
10751 10754
10751 10755
10751 10756
10754 10757
10754 10758
10754 10759
10757 10760
10757 10761
10757 10762
10760 10763
10760 10764
10760 10765
10763 10766
10763 10767
10763 10768
10766 10769
10766 10770
10766 10771
8382 10503
8382 10483
10503 10533
10503 10504
10533 10563
10533 10534
10563 10593
10563 10564
10593 10623
10593 10594
10623 10653
10623 10624
10653 10683
10653 10654
10683 10713
10683 10684
10713 10743
10713 10714
10743 10744
10743 10772
8383 10506
8383 10485
10506 10536
10506 10507
10536 10566
10536 10537
10566 10596
10566 10567
10596 10626
10596 10597
10626 10656
10626 10627
10656 10686
10656 10657
10686 10716
10686 10687
10716 10746
10716 10717
10746 10747
10746 10773
8384 10509
8384 10487
10509 10539
10509 10510
10539 10569
10539 10540
10569 10599
10569 10570
10599 10629
10599 10600
10629 10659
10629 10630
10659 10689
10659 10660
10689 10719
10689 10690
10719 10749
10719 10720
10749 10750
10749 10774
8385 10512
8385 10489
10512 10542
10512 10513
10542 10572
10542 10543
10572 10602
10572 10573
10602 10632
10602 10603
10632 10662
10632 10633
10662 10692
10662 10663
10692 10722
10692 10693
10722 10752
10722 10723
10752 10753
10752 10775
8386 10515
8386 10491
10515 10545
10515 10516
10545 10575
10545 10546
10575 10605
10575 10576
10605 10635
10605 10606
10635 10665
10635 10636
10665 10695
10665 10666
10695 10725
10695 10696
10725 10755
10725 10726
10755 10756
10755 10776
8387 10518
8387 10493
10518 10548
10518 10519
10548 10578
10548 10549
10578 10608
10578 10579
10608 10638
10608 10609
10638 10668
10638 10639
10668 10698
10668 10669
10698 10728
10698 10699
10728 10758
10728 10729
10758 10759
10758 10777
8388 10521
8388 10495
10521 10551
10521 10522
10551 10581
10551 10552
10581 10611
10581 10582
10611 10641
10611 10612
10641 10671
10641 10642
10671 10701
10671 10672
10701 10731
10701 10702
10731 10761
10731 10732
10761 10762
10761 10778
8389 10524
8389 10497
10524 10554
10524 10525
10554 10584
10554 10555
10584 10614
10584 10585
10614 10644
10614 10615
10644 10674
10644 10645
10674 10704
10674 10675
10704 10734
10704 10705
10734 10764
10734 10735
10764 10765
10764 10779
8390 10527
8390 10499
10527 10557
10527 10528
10557 10587
10557 10558
10587 10617
10587 10588
10617 10647
10617 10618
10647 10677
10647 10648
10677 10707
10677 10678
10707 10737
10707 10708
10737 10767
10737 10738
10767 10768
10767 10780
8391 10529
8391 10500
10529 10559
10529 10530
10559 10589
10559 10560
10589 10619
10589 10590
10619 10649
10619 10620
10649 10679
10649 10650
10679 10709
10679 10680
10709 10739
10709 10710
10739 10769
10739 10740
10769 10770
10769 10781
10501 10782
10501 8682
10501 10783
10782 10784
10782 8683
10782 10785
10784 10786
10784 8684
10784 10787
10786 10788
10786 8685
10786 10789
10788 10790
10788 8686
10788 10791
10790 10792
10790 8687
10790 10793
10792 10794
10792 8688
10792 10795
10794 10796
10794 8689
10794 10797
10796 10798
10796 8690
10796 10799
10798 8691
10798 10800
10798 10801
10531 10802
10531 10803
10531 10804
10802 10805
10802 10806
10802 10807
10805 10808
10805 10809
10805 10810
10808 10811
10808 10812
10808 10813
10811 10814
10811 10815
10811 10816
10814 10817
10814 10818
10814 10819
10817 10820
10817 10821
10817 10822
10820 10823
10820 10824
10820 10825
10823 10826
10823 10827
10823 10828
10826 10829
10826 10830
10826 10831
10561 10832
10561 10833
10561 10834
10832 10835
10832 10836
10832 10837
10835 10838
10835 10839
10835 10840
10838 10841
10838 10842
10838 10843
10841 10844
10841 10845
10841 10846
10844 10847
10844 10848
10844 10849
10847 10850
10847 10851
10847 10852
10850 10853
10850 10854
10850 10855
10853 10856
10853 10857
10853 10858
10856 10859
10856 10860
10856 10861
10591 10862
10591 10863
10591 10864
10862 10865
10862 10866
10862 10867
10865 10868
10865 10869
10865 10870
10868 10871
10868 10872
10868 10873
10871 10874
10871 10875
10871 10876
10874 10877
10874 10878
10874 10879
10877 10880
10877 10881
10877 10882
10880 10883
10880 10884
10880 10885
10883 10886
10883 10887
10883 10888
10886 10889
10886 10890
10886 10891
10621 10892
10621 10893
10621 10894
10892 10895
10892 10896
10892 10897
10895 10898
10895 10899
10895 10900
10898 10901
10898 10902
10898 10903
10901 10904
10901 10905
10901 10906
10904 10907
10904 10908
10904 10909
10907 10910
10907 10911
10907 10912
10910 10913
10910 10914
10910 10915
10913 10916
10913 10917
10913 10918
10916 10919
10916 10920
10916 10921
10651 10922
10651 10923
10651 10924
10922 10925
10922 10926
10922 10927
10925 10928
10925 10929
10925 10930
10928 10931
10928 10932
10928 10933
10931 10934
10931 10935
10931 10936
10934 10937
10934 10938
10934 10939
10937 10940
10937 10941
10937 10942
10940 10943
10940 10944
10940 10945
10943 10946
10943 10947
10943 10948
10946 10949
10946 10950
10946 10951
10681 10952
10681 10953
10681 10954
10952 10955
10952 10956
10952 10957
10955 10958
10955 10959
10955 10960
10958 10961
10958 10962
10958 10963
10961 10964
10961 10965
10961 10966
10964 10967
10964 10968
10964 10969
10967 10970
10967 10971
10967 10972
10970 10973
10970 10974
10970 10975
10973 10976
10973 10977
10973 10978
10976 10979
10976 10980
10976 10981
10711 10982
10711 10983
10711 10984
10982 10985
10982 10986
10982 10987
10985 10988
10985 10989
10985 10990
10988 10991
10988 10992
10988 10993
10991 10994
10991 10995
10991 10996
10994 10997
10994 10998
10994 10999
10997 11000
10997 11001
10997 11002
11000 11003
11000 11004
11000 11005
11003 11006
11003 11007
11003 11008
11006 11009
11006 11010
11006 11011
10741 11012
10741 11013
10741 11014
11012 11015
11012 11016
11012 11017
11015 11018
11015 11019
11015 11020
11018 11021
11018 11022
11018 11023
11021 11024
11021 11025
11021 11026
11024 11027
11024 11028
11024 11029
11027 11030
11027 11031
11027 11032
11030 11033
11030 11034
11030 11035
11033 11036
11033 11037
11033 11038
11036 11039
11036 11040
11036 11041
10771 11042
10771 11043
10771 11044
11042 11045
11042 11046
11042 11047
11045 11048
11045 11049
11045 11050
11048 11051
11048 11052
11048 11053
11051 11054
11051 11055
11051 11056
11054 11057
11054 11058
11054 11059
11057 11060
11057 11061
11057 11062
11060 11063
11060 11064
11060 11065
11063 11066
11063 11067
11063 11068
11066 11069
11066 11070
11066 11071
8682 10803
8682 10783
10803 10833
10803 10804
10833 10863
10833 10834
10863 10893
10863 10864
10893 10923
10893 10894
10923 10953
10923 10924
10953 10983
10953 10954
10983 11013
10983 10984
11013 11043
11013 11014
11043 11044
11043 11072
8683 10806
8683 10785
10806 10836
10806 10807
10836 10866
10836 10837
10866 10896
10866 10867
10896 10926
10896 10897
10926 10956
10926 10927
10956 10986
10956 10957
10986 11016
10986 10987
11016 11046
11016 11017
11046 11047
11046 11073
8684 10809
8684 10787
10809 10839
10809 10810
10839 10869
10839 10840
10869 10899
10869 10870
10899 10929
10899 10900
10929 10959
10929 10930
10959 10989
10959 10960
10989 11019
10989 10990
11019 11049
11019 11020
11049 11050
11049 11074
8685 10812
8685 10789
10812 10842
10812 10813
10842 10872
10842 10843
10872 10902
10872 10873
10902 10932
10902 10903
10932 10962
10932 10933
10962 10992
10962 10963
10992 11022
10992 10993
11022 11052
11022 11023
11052 11053
11052 11075
8686 10815
8686 10791
10815 10845
10815 10816
10845 10875
10845 10846
10875 10905
10875 10876
10905 10935
10905 10906
10935 10965
10935 10936
10965 10995
10965 10966
10995 11025
10995 10996
11025 11055
11025 11026
11055 11056
11055 11076
8687 10818
8687 10793
10818 10848
10818 10819
10848 10878
10848 10849
10878 10908
10878 10879
10908 10938
10908 10909
10938 10968
10938 10939
10968 10998
10968 10969
10998 11028
10998 10999
11028 11058
11028 11029
11058 11059
11058 11077
8688 10821
8688 10795
10821 10851
10821 10822
10851 10881
10851 10852
10881 10911
10881 10882
10911 10941
10911 10912
10941 10971
10941 10942
10971 11001
10971 10972
11001 11031
11001 11002
11031 11061
11031 11032
11061 11062
11061 11078
8689 10824
8689 10797
10824 10854
10824 10825
10854 10884
10854 10855
10884 10914
10884 10885
10914 10944
10914 10915
10944 10974
10944 10945
10974 11004
10974 10975
11004 11034
11004 11005
11034 11064
11034 11035
11064 11065
11064 11079
8690 10827
8690 10799
10827 10857
10827 10828
10857 10887
10857 10858
10887 10917
10887 10888
10917 10947
10917 10918
10947 10977
10947 10948
10977 11007
10977 10978
11007 11037
11007 11008
11037 11067
11037 11038
11067 11068
11067 11080
8691 10829
8691 10800
10829 10859
10829 10830
10859 10889
10859 10860
10889 10919
10889 10890
10919 10949
10919 10920
10949 10979
10949 10950
10979 11009
10979 10980
11009 11039
11009 11010
11039 11069
11039 11040
11069 11070
11069 11081
10801 11082
10801 8982
10801 11083
11082 11084
11082 8983
11082 11085
11084 11086
11084 8984
11084 11087
11086 11088
11086 8985
11086 11089
11088 11090
11088 8986
11088 11091
11090 11092
11090 8987
11090 11093
11092 11094
11092 8988
11092 11095
11094 11096
11094 8989
11094 11097
11096 11098
11096 8990
11096 11099
11098 8991
11098 11100
11098 11101
10831 11102
10831 11103
10831 11104
11102 11105
11102 11106
11102 11107
11105 11108
11105 11109
11105 11110
11108 11111
11108 11112
11108 11113
11111 11114
11111 11115
11111 11116
11114 11117
11114 11118
11114 11119
11117 11120
11117 11121
11117 11122
11120 11123
11120 11124
11120 11125
11123 11126
11123 11127
11123 11128
11126 11129
11126 11130
11126 11131
10861 11132
10861 11133
10861 11134
11132 11135
11132 11136
11132 11137
11135 11138
11135 11139
11135 11140
11138 11141
11138 11142
11138 11143
11141 11144
11141 11145
11141 11146
11144 11147
11144 11148
11144 11149
11147 11150
11147 11151
11147 11152
11150 11153
11150 11154
11150 11155
11153 11156
11153 11157
11153 11158
11156 11159
11156 11160
11156 11161
10891 11162
10891 11163
10891 11164
11162 11165
11162 11166
11162 11167
11165 11168
11165 11169
11165 11170
11168 11171
11168 11172
11168 11173
11171 11174
11171 11175
11171 11176
11174 11177
11174 11178
11174 11179
11177 11180
11177 11181
11177 11182
11180 11183
11180 11184
11180 11185
11183 11186
11183 11187
11183 11188
11186 11189
11186 11190
11186 11191
10921 11192
10921 11193
10921 11194
11192 11195
11192 11196
11192 11197
11195 11198
11195 11199
11195 11200
11198 11201
11198 11202
11198 11203
11201 11204
11201 11205
11201 11206
11204 11207
11204 11208
11204 11209
11207 11210
11207 11211
11207 11212
11210 11213
11210 11214
11210 11215
11213 11216
11213 11217
11213 11218
11216 11219
11216 11220
11216 11221
10951 11222
10951 11223
10951 11224
11222 11225
11222 11226
11222 11227
11225 11228
11225 11229
11225 11230
11228 11231
11228 11232
11228 11233
11231 11234
11231 11235
11231 11236
11234 11237
11234 11238
11234 11239
11237 11240
11237 11241
11237 11242
11240 11243
11240 11244
11240 11245
11243 11246
11243 11247
11243 11248
11246 11249
11246 11250
11246 11251
10981 11252
10981 11253
10981 11254
11252 11255
11252 11256
11252 11257
11255 11258
11255 11259
11255 11260
11258 11261
11258 11262
11258 11263
11261 11264
11261 11265
11261 11266
11264 11267
11264 11268
11264 11269
11267 11270
11267 11271
11267 11272
11270 11273
11270 11274
11270 11275
11273 11276
11273 11277
11273 11278
11276 11279
11276 11280
11276 11281
11011 11282
11011 11283
11011 11284
11282 11285
11282 11286
11282 11287
11285 11288
11285 11289
11285 11290
11288 11291
11288 11292
11288 11293
11291 11294
11291 11295
11291 11296
11294 11297
11294 11298
11294 11299
11297 11300
11297 11301
11297 11302
11300 11303
11300 11304
11300 11305
11303 11306
11303 11307
11303 11308
11306 11309
11306 11310
11306 11311
11041 11312
11041 11313
11041 11314
11312 11315
11312 11316
11312 11317
11315 11318
11315 11319
11315 11320
11318 11321
11318 11322
11318 11323
11321 11324
11321 11325
11321 11326
11324 11327
11324 11328
11324 11329
11327 11330
11327 11331
11327 11332
11330 11333
11330 11334
11330 11335
11333 11336
11333 11337
11333 11338
11336 11339
11336 11340
11336 11341
11071 11342
11071 11343
11071 11344
11342 11345
11342 11346
11342 11347
11345 11348
11345 11349
11345 11350
11348 11351
11348 11352
11348 11353
11351 11354
11351 11355
11351 11356
11354 11357
11354 11358
11354 11359
11357 11360
11357 11361
11357 11362
11360 11363
11360 11364
11360 11365
11363 11366
11363 11367
11363 11368
11366 11369
11366 11370
11366 11371
8982 11103
8982 11083
11103 11133
11103 11104
11133 11163
11133 11134
11163 11193
11163 11164
11193 11223
11193 11194
11223 11253
11223 11224
11253 11283
11253 11254
11283 11313
11283 11284
11313 11343
11313 11314
11343 11344
11343 11372
8983 11106
8983 11085
11106 11136
11106 11107
11136 11166
11136 11137
11166 11196
11166 11167
11196 11226
11196 11197
11226 11256
11226 11227
11256 11286
11256 11257
11286 11316
11286 11287
11316 11346
11316 11317
11346 11347
11346 11373
8984 11109
8984 11087
11109 11139
11109 11110
11139 11169
11139 11140
11169 11199
11169 11170
11199 11229
11199 11200
11229 11259
11229 11230
11259 11289
11259 11260
11289 11319
11289 11290
11319 11349
11319 11320
11349 11350
11349 11374
8985 11112
8985 11089
11112 11142
11112 11113
11142 11172
11142 11143
11172 11202
11172 11173
11202 11232
11202 11203
11232 11262
11232 11233
11262 11292
11262 11263
11292 11322
11292 11293
11322 11352
11322 11323
11352 11353
11352 11375
8986 11115
8986 11091
11115 11145
11115 11116
11145 11175
11145 11146
11175 11205
11175 11176
11205 11235
11205 11206
11235 11265
11235 11236
11265 11295
11265 11266
11295 11325
11295 11296
11325 11355
11325 11326
11355 11356
11355 11376
8987 11118
8987 11093
11118 11148
11118 11119
11148 11178
11148 11149
11178 11208
11178 11179
11208 11238
11208 11209
11238 11268
11238 11239
11268 11298
11268 11269
11298 11328
11298 11299
11328 11358
11328 11329
11358 11359
11358 11377
8988 11121
8988 11095
11121 11151
11121 11122
11151 11181
11151 11152
11181 11211
11181 11182
11211 11241
11211 11212
11241 11271
11241 11242
11271 11301
11271 11272
11301 11331
11301 11302
11331 11361
11331 11332
11361 11362
11361 11378
8989 11124
8989 11097
11124 11154
11124 11125
11154 11184
11154 11155
11184 11214
11184 11185
11214 11244
11214 11215
11244 11274
11244 11245
11274 11304
11274 11275
11304 11334
11304 11305
11334 11364
11334 11335
11364 11365
11364 11379
8990 11127
8990 11099
11127 11157
11127 11128
11157 11187
11157 11158
11187 11217
11187 11188
11217 11247
11217 11218
11247 11277
11247 11248
11277 11307
11277 11278
11307 11337
11307 11308
11337 11367
11337 11338
11367 11368
11367 11380
8991 11129
8991 11100
11129 11159
11129 11130
11159 11189
11159 11160
11189 11219
11189 11190
11219 11249
11219 11220
11249 11279
11249 11250
11279 11309
11279 11280
11309 11339
11309 11310
11339 11369
11339 11340
11369 11370
11369 11381
11101 11382
11101 9282
11101 11383
11382 11384
11382 9283
11382 11385
11384 11386
11384 9284
11384 11387
11386 11388
11386 9285
11386 11389
11388 11390
11388 9286
11388 11391
11390 11392
11390 9287
11390 11393
11392 11394
11392 9288
11392 11395
11394 11396
11394 9289
11394 11397
11396 11398
11396 9290
11396 11399
11398 9291
11398 11400
11398 11401
11131 11402
11131 11403
11131 11404
11402 11405
11402 11406
11402 11407
11405 11408
11405 11409
11405 11410
11408 11411
11408 11412
11408 11413
11411 11414
11411 11415
11411 11416
11414 11417
11414 11418
11414 11419
11417 11420
11417 11421
11417 11422
11420 11423
11420 11424
11420 11425
11423 11426
11423 11427
11423 11428
11426 11429
11426 11430
11426 11431
11161 11432
11161 11433
11161 11434
11432 11435
11432 11436
11432 11437
11435 11438
11435 11439
11435 11440
11438 11441
11438 11442
11438 11443
11441 11444
11441 11445
11441 11446
11444 11447
11444 11448
11444 11449
11447 11450
11447 11451
11447 11452
11450 11453
11450 11454
11450 11455
11453 11456
11453 11457
11453 11458
11456 11459
11456 11460
11456 11461
11191 11462
11191 11463
11191 11464
11462 11465
11462 11466
11462 11467
11465 11468
11465 11469
11465 11470
11468 11471
11468 11472
11468 11473
11471 11474
11471 11475
11471 11476
11474 11477
11474 11478
11474 11479
11477 11480
11477 11481
11477 11482
11480 11483
11480 11484
11480 11485
11483 11486
11483 11487
11483 11488
11486 11489
11486 11490
11486 11491
11221 11492
11221 11493
11221 11494
11492 11495
11492 11496
11492 11497
11495 11498
11495 11499
11495 11500
11498 11501
11498 11502
11498 11503
11501 11504
11501 11505
11501 11506
11504 11507
11504 11508
11504 11509
11507 11510
11507 11511
11507 11512
11510 11513
11510 11514
11510 11515
11513 11516
11513 11517
11513 11518
11516 11519
11516 11520
11516 11521
11251 11522
11251 11523
11251 11524
11522 11525
11522 11526
11522 11527
11525 11528
11525 11529
11525 11530
11528 11531
11528 11532
11528 11533
11531 11534
11531 11535
11531 11536
11534 11537
11534 11538
11534 11539
11537 11540
11537 11541
11537 11542
11540 11543
11540 11544
11540 11545
11543 11546
11543 11547
11543 11548
11546 11549
11546 11550
11546 11551
11281 11552
11281 11553
11281 11554
11552 11555
11552 11556
11552 11557
11555 11558
11555 11559
11555 11560
11558 11561
11558 11562
11558 11563
11561 11564
11561 11565
11561 11566
11564 11567
11564 11568
11564 11569
11567 11570
11567 11571
11567 11572
11570 11573
11570 11574
11570 11575
11573 11576
11573 11577
11573 11578
11576 11579
11576 11580
11576 11581
11311 11582
11311 11583
11311 11584
11582 11585
11582 11586
11582 11587
11585 11588
11585 11589
11585 11590
11588 11591
11588 11592
11588 11593
11591 11594
11591 11595
11591 11596
11594 11597
11594 11598
11594 11599
11597 11600
11597 11601
11597 11602
11600 11603
11600 11604
11600 11605
11603 11606
11603 11607
11603 11608
11606 11609
11606 11610
11606 11611
11341 11612
11341 11613
11341 11614
11612 11615
11612 11616
11612 11617
11615 11618
11615 11619
11615 11620
11618 11621
11618 11622
11618 11623
11621 11624
11621 11625
11621 11626
11624 11627
11624 11628
11624 11629
11627 11630
11627 11631
11627 11632
11630 11633
11630 11634
11630 11635
11633 11636
11633 11637
11633 11638
11636 11639
11636 11640
11636 11641
11371 11642
11371 11643
11371 11644
11642 11645
11642 11646
11642 11647
11645 11648
11645 11649
11645 11650
11648 11651
11648 11652
11648 11653
11651 11654
11651 11655
11651 11656
11654 11657
11654 11658
11654 11659
11657 11660
11657 11661
11657 11662
11660 11663
11660 11664
11660 11665
11663 11666
11663 11667
11663 11668
11666 11669
11666 11670
11666 11671
9282 11403
9282 11383
11403 11433
11403 11404
11433 11463
11433 11434
11463 11493
11463 11464
11493 11523
11493 11494
11523 11553
11523 11524
11553 11583
11553 11554
11583 11613
11583 11584
11613 11643
11613 11614
11643 11644
11643 11672
9283 11406
9283 11385
11406 11436
11406 11407
11436 11466
11436 11437
11466 11496
11466 11467
11496 11526
11496 11497
11526 11556
11526 11527
11556 11586
11556 11557
11586 11616
11586 11587
11616 11646
11616 11617
11646 11647
11646 11673
9284 11409
9284 11387
11409 11439
11409 11410
11439 11469
11439 11440
11469 11499
11469 11470
11499 11529
11499 11500
11529 11559
11529 11530
11559 11589
11559 11560
11589 11619
11589 11590
11619 11649
11619 11620
11649 11650
11649 11674
9285 11412
9285 11389
11412 11442
11412 11413
11442 11472
11442 11443
11472 11502
11472 11473
11502 11532
11502 11503
11532 11562
11532 11533
11562 11592
11562 11563
11592 11622
11592 11593
11622 11652
11622 11623
11652 11653
11652 11675
9286 11415
9286 11391
11415 11445
11415 11416
11445 11475
11445 11446
11475 11505
11475 11476
11505 11535
11505 11506
11535 11565
11535 11536
11565 11595
11565 11566
11595 11625
11595 11596
11625 11655
11625 11626
11655 11656
11655 11676
9287 11418
9287 11393
11418 11448
11418 11419
11448 11478
11448 11449
11478 11508
11478 11479
11508 11538
11508 11509
11538 11568
11538 11539
11568 11598
11568 11569
11598 11628
11598 11599
11628 11658
11628 11629
11658 11659
11658 11677
9288 11421
9288 11395
11421 11451
11421 11422
11451 11481
11451 11452
11481 11511
11481 11482
11511 11541
11511 11512
11541 11571
11541 11542
11571 11601
11571 11572
11601 11631
11601 11602
11631 11661
11631 11632
11661 11662
11661 11678
9289 11424
9289 11397
11424 11454
11424 11425
11454 11484
11454 11455
11484 11514
11484 11485
11514 11544
11514 11515
11544 11574
11544 11545
11574 11604
11574 11575
11604 11634
11604 11605
11634 11664
11634 11635
11664 11665
11664 11679
9290 11427
9290 11399
11427 11457
11427 11428
11457 11487
11457 11458
11487 11517
11487 11488
11517 11547
11517 11518
11547 11577
11547 11548
11577 11607
11577 11578
11607 11637
11607 11608
11637 11667
11637 11638
11667 11668
11667 11680
9291 11429
9291 11400
11429 11459
11429 11430
11459 11489
11459 11460
11489 11519
11489 11490
11519 11549
11519 11520
11549 11579
11549 11550
11579 11609
11579 11580
11609 11639
11609 11610
11639 11669
11639 11640
11669 11670
11669 11681
11401 11682
11401 9582
11401 11683
11682 11684
11682 9583
11682 11685
11684 11686
11684 9584
11684 11687
11686 11688
11686 9585
11686 11689
11688 11690
11688 9586
11688 11691
11690 11692
11690 9587
11690 11693
11692 11694
11692 9588
11692 11695
11694 11696
11694 9589
11694 11697
11696 11698
11696 9590
11696 11699
11698 9591
11698 11700
11698 11701
11431 11702
11431 11703
11431 11704
11702 11705
11702 11706
11702 11707
11705 11708
11705 11709
11705 11710
11708 11711
11708 11712
11708 11713
11711 11714
11711 11715
11711 11716
11714 11717
11714 11718
11714 11719
11717 11720
11717 11721
11717 11722
11720 11723
11720 11724
11720 11725
11723 11726
11723 11727
11723 11728
11726 11729
11726 11730
11726 11731
11461 11732
11461 11733
11461 11734
11732 11735
11732 11736
11732 11737
11735 11738
11735 11739
11735 11740
11738 11741
11738 11742
11738 11743
11741 11744
11741 11745
11741 11746
11744 11747
11744 11748
11744 11749
11747 11750
11747 11751
11747 11752
11750 11753
11750 11754
11750 11755
11753 11756
11753 11757
11753 11758
11756 11759
11756 11760
11756 11761
11491 11762
11491 11763
11491 11764
11762 11765
11762 11766
11762 11767
11765 11768
11765 11769
11765 11770
11768 11771
11768 11772
11768 11773
11771 11774
11771 11775
11771 11776
11774 11777
11774 11778
11774 11779
11777 11780
11777 11781
11777 11782
11780 11783
11780 11784
11780 11785
11783 11786
11783 11787
11783 11788
11786 11789
11786 11790
11786 11791
11521 11792
11521 11793
11521 11794
11792 11795
11792 11796
11792 11797
11795 11798
11795 11799
11795 11800
11798 11801
11798 11802
11798 11803
11801 11804
11801 11805
11801 11806
11804 11807
11804 11808
11804 11809
11807 11810
11807 11811
11807 11812
11810 11813
11810 11814
11810 11815
11813 11816
11813 11817
11813 11818
11816 11819
11816 11820
11816 11821
11551 11822
11551 11823
11551 11824
11822 11825
11822 11826
11822 11827
11825 11828
11825 11829
11825 11830
11828 11831
11828 11832
11828 11833
11831 11834
11831 11835
11831 11836
11834 11837
11834 11838
11834 11839
11837 11840
11837 11841
11837 11842
11840 11843
11840 11844
11840 11845
11843 11846
11843 11847
11843 11848
11846 11849
11846 11850
11846 11851
11581 11852
11581 11853
11581 11854
11852 11855
11852 11856
11852 11857
11855 11858
11855 11859
11855 11860
11858 11861
11858 11862
11858 11863
11861 11864
11861 11865
11861 11866
11864 11867
11864 11868
11864 11869
11867 11870
11867 11871
11867 11872
11870 11873
11870 11874
11870 11875
11873 11876
11873 11877
11873 11878
11876 11879
11876 11880
11876 11881
11611 11882
11611 11883
11611 11884
11882 11885
11882 11886
11882 11887
11885 11888
11885 11889
11885 11890
11888 11891
11888 11892
11888 11893
11891 11894
11891 11895
11891 11896
11894 11897
11894 11898
11894 11899
11897 11900
11897 11901
11897 11902
11900 11903
11900 11904
11900 11905
11903 11906
11903 11907
11903 11908
11906 11909
11906 11910
11906 11911
11641 11912
11641 11913
11641 11914
11912 11915
11912 11916
11912 11917
11915 11918
11915 11919
11915 11920
11918 11921
11918 11922
11918 11923
11921 11924
11921 11925
11921 11926
11924 11927
11924 11928
11924 11929
11927 11930
11927 11931
11927 11932
11930 11933
11930 11934
11930 11935
11933 11936
11933 11937
11933 11938
11936 11939
11936 11940
11936 11941
11671 11942
11671 11943
11671 11944
11942 11945
11942 11946
11942 11947
11945 11948
11945 11949
11945 11950
11948 11951
11948 11952
11948 11953
11951 11954
11951 11955
11951 11956
11954 11957
11954 11958
11954 11959
11957 11960
11957 11961
11957 11962
11960 11963
11960 11964
11960 11965
11963 11966
11963 11967
11963 11968
11966 11969
11966 11970
11966 11971
9582 11703
9582 11683
11703 11733
11703 11704
11733 11763
11733 11734
11763 11793
11763 11764
11793 11823
11793 11794
11823 11853
11823 11824
11853 11883
11853 11854
11883 11913
11883 11884
11913 11943
11913 11914
11943 11944
11943 11972
9583 11706
9583 11685
11706 11736
11706 11707
11736 11766
11736 11737
11766 11796
11766 11767
11796 11826
11796 11797
11826 11856
11826 11827
11856 11886
11856 11857
11886 11916
11886 11887
11916 11946
11916 11917
11946 11947
11946 11973
9584 11709
9584 11687
11709 11739
11709 11710
11739 11769
11739 11740
11769 11799
11769 11770
11799 11829
11799 11800
11829 11859
11829 11830
11859 11889
11859 11860
11889 11919
11889 11890
11919 11949
11919 11920
11949 11950
11949 11974
9585 11712
9585 11689
11712 11742
11712 11713
11742 11772
11742 11743
11772 11802
11772 11773
11802 11832
11802 11803
11832 11862
11832 11833
11862 11892
11862 11863
11892 11922
11892 11893
11922 11952
11922 11923
11952 11953
11952 11975
9586 11715
9586 11691
11715 11745
11715 11716
11745 11775
11745 11746
11775 11805
11775 11776
11805 11835
11805 11806
11835 11865
11835 11836
11865 11895
11865 11866
11895 11925
11895 11896
11925 11955
11925 11926
11955 11956
11955 11976
9587 11718
9587 11693
11718 11748
11718 11719
11748 11778
11748 11749
11778 11808
11778 11779
11808 11838
11808 11809
11838 11868
11838 11839
11868 11898
11868 11869
11898 11928
11898 11899
11928 11958
11928 11929
11958 11959
11958 11977
9588 11721
9588 11695
11721 11751
11721 11722
11751 11781
11751 11752
11781 11811
11781 11782
11811 11841
11811 11812
11841 11871
11841 11842
11871 11901
11871 11872
11901 11931
11901 11902
11931 11961
11931 11932
11961 11962
11961 11978
9589 11724
9589 11697
11724 11754
11724 11725
11754 11784
11754 11755
11784 11814
11784 11785
11814 11844
11814 11815
11844 11874
11844 11845
11874 11904
11874 11875
11904 11934
11904 11905
11934 11964
11934 11935
11964 11965
11964 11979
9590 11727
9590 11699
11727 11757
11727 11728
11757 11787
11757 11758
11787 11817
11787 11788
11817 11847
11817 11818
11847 11877
11847 11848
11877 11907
11877 11878
11907 11937
11907 11908
11937 11967
11937 11938
11967 11968
11967 11980
9591 11729
9591 11700
11729 11759
11729 11730
11759 11789
11759 11760
11789 11819
11789 11790
11819 11849
11819 11820
11849 11879
11849 11850
11879 11909
11879 11880
11909 11939
11909 11910
11939 11969
11939 11940
11969 11970
11969 11981
11701 11982
11701 9872
11701 11983
11982 11984
11982 9873
11982 11985
11984 11986
11984 9874
11984 11987
11986 11988
11986 9875
11986 11989
11988 11990
11988 9876
11988 11991
11990 11992
11990 9877
11990 11993
11992 11994
11992 9878
11992 11995
11994 11996
11994 9879
11994 11997
11996 11998
11996 9880
11996 11999
11998 9881
11998 12000
11731 12001
11731 12002
11731 12003
12001 12004
12001 12005
12001 12006
12004 12007
12004 12008
12004 12009
12007 12010
12007 12011
12007 12012
12010 12013
12010 12014
12010 12015
12013 12016
12013 12017
12013 12018
12016 12019
12016 12020
12016 12021
12019 12022
12019 12023
12019 12024
12022 12025
12022 12026
12022 12027
12025 12028
12025 12029
11761 12030
11761 12031
11761 12032
12030 12033
12030 12034
12030 12035
12033 12036
12033 12037
12033 12038
12036 12039
12036 12040
12036 12041
12039 12042
12039 12043
12039 12044
12042 12045
12042 12046
12042 12047
12045 12048
12045 12049
12045 12050
12048 12051
12048 12052
12048 12053
12051 12054
12051 12055
12051 12056
12054 12057
12054 12058
11791 12059
11791 12060
11791 12061
12059 12062
12059 12063
12059 12064
12062 12065
12062 12066
12062 12067
12065 12068
12065 12069
12065 12070
12068 12071
12068 12072
12068 12073
12071 12074
12071 12075
12071 12076
12074 12077
12074 12078
12074 12079
12077 12080
12077 12081
12077 12082
12080 12083
12080 12084
12080 12085
12083 12086
12083 12087
11821 12088
11821 12089
11821 12090
12088 12091
12088 12092
12088 12093
12091 12094
12091 12095
12091 12096
12094 12097
12094 12098
12094 12099
12097 12100
12097 12101
12097 12102
12100 12103
12100 12104
12100 12105
12103 12106
12103 12107
12103 12108
12106 12109
12106 12110
12106 12111
12109 12112
12109 12113
12109 12114
12112 12115
12112 12116
11851 12117
11851 12118
11851 12119
12117 12120
12117 12121
12117 12122
12120 12123
12120 12124
12120 12125
12123 12126
12123 12127
12123 12128
12126 12129
12126 12130
12126 12131
12129 12132
12129 12133
12129 12134
12132 12135
12132 12136
12132 12137
12135 12138
12135 12139
12135 12140
12138 12141
12138 12142
12138 12143
12141 12144
12141 12145
11881 12146
11881 12147
11881 12148
12146 12149
12146 12150
12146 12151
12149 12152
12149 12153
12149 12154
12152 12155
12152 12156
12152 12157
12155 12158
12155 12159
12155 12160
12158 12161
12158 12162
12158 12163
12161 12164
12161 12165
12161 12166
12164 12167
12164 12168
12164 12169
12167 12170
12167 12171
12167 12172
12170 12173
12170 12174
11911 12175
11911 12176
11911 12177
12175 12178
12175 12179
12175 12180
12178 12181
12178 12182
12178 12183
12181 12184
12181 12185
12181 12186
12184 12187
12184 12188
12184 12189
12187 12190
12187 12191
12187 12192
12190 12193
12190 12194
12190 12195
12193 12196
12193 12197
12193 12198
12196 12199
12196 12200
12196 12201
12199 12202
12199 12203
11941 12204
11941 12205
11941 12206
12204 12207
12204 12208
12204 12209
12207 12210
12207 12211
12207 12212
12210 12213
12210 12214
12210 12215
12213 12216
12213 12217
12213 12218
12216 12219
12216 12220
12216 12221
12219 12222
12219 12223
12219 12224
12222 12225
12222 12226
12222 12227
12225 12228
12225 12229
12225 12230
12228 12231
12228 12232
11971 12233
11971 12234
11971 12235
12233 12236
12233 12237
12233 12238
12236 12239
12236 12240
12236 12241
12239 12242
12239 12243
12239 12244
12242 12245
12242 12246
12242 12247
12245 12248
12245 12249
12245 12250
12248 12251
12248 12252
12248 12253
12251 12254
12251 12255
12251 12256
12254 12257
12254 12258
12254 12259
12257 12260
12257 12261
9872 12002
9872 11983
12002 12031
12002 12003
12031 12060
12031 12032
12060 12089
12060 12061
12089 12118
12089 12090
12118 12147
12118 12119
12147 12176
12147 12148
12176 12205
12176 12177
12205 12234
12205 12206
12234 12235
12234 12262
9873 12005
9873 11985
12005 12034
12005 12006
12034 12063
12034 12035
12063 12092
12063 12064
12092 12121
12092 12093
12121 12150
12121 12122
12150 12179
12150 12151
12179 12208
12179 12180
12208 12237
12208 12209
12237 12238
12237 12263
9874 12008
9874 11987
12008 12037
12008 12009
12037 12066
12037 12038
12066 12095
12066 12067
12095 12124
12095 12096
12124 12153
12124 12125
12153 12182
12153 12154
12182 12211
12182 12183
12211 12240
12211 12212
12240 12241
12240 12264
9875 12011
9875 11989
12011 12040
12011 12012
12040 12069
12040 12041
12069 12098
12069 12070
12098 12127
12098 12099
12127 12156
12127 12128
12156 12185
12156 12157
12185 12214
12185 12186
12214 12243
12214 12215
12243 12244
12243 12265
9876 12014
9876 11991
12014 12043
12014 12015
12043 12072
12043 12044
12072 12101
12072 12073
12101 12130
12101 12102
12130 12159
12130 12131
12159 12188
12159 12160
12188 12217
12188 12189
12217 12246
12217 12218
12246 12247
12246 12266
9877 12017
9877 11993
12017 12046
12017 12018
12046 12075
12046 12047
12075 12104
12075 12076
12104 12133
12104 12105
12133 12162
12133 12134
12162 12191
12162 12163
12191 12220
12191 12192
12220 12249
12220 12221
12249 12250
12249 12267
9878 12020
9878 11995
12020 12049
12020 12021
12049 12078
12049 12050
12078 12107
12078 12079
12107 12136
12107 12108
12136 12165
12136 12137
12165 12194
12165 12166
12194 12223
12194 12195
12223 12252
12223 12224
12252 12253
12252 12268
9879 12023
9879 11997
12023 12052
12023 12024
12052 12081
12052 12053
12081 12110
12081 12082
12110 12139
12110 12111
12139 12168
12139 12140
12168 12197
12168 12169
12197 12226
12197 12198
12226 12255
12226 12227
12255 12256
12255 12269
9880 12026
9880 11999
12026 12055
12026 12027
12055 12084
12055 12056
12084 12113
12084 12085
12113 12142
12113 12114
12142 12171
12142 12143
12171 12200
12171 12172
12200 12229
12200 12201
12229 12258
12229 12230
12258 12259
12258 12270
9881 12028
9881 12000
12028 12057
12028 12029
12057 12086
12057 12058
12086 12115
12086 12087
12115 12144
12115 12116
12144 12173
12144 12145
12173 12202
12173 12174
12202 12231
12202 12203
12231 12260
12231 12232
12260 12261
12260 12271
151 12272
151 10172
151 12273
12272 12274
12272 10173
12272 12275
12274 12276
12274 10174
12274 12277
12276 12278
12276 10175
12276 12279
12278 12280
12278 10176
12278 12281
12280 12282
12280 10177
12280 12283
12282 12284
12282 10178
12282 12285
12284 12286
12284 10179
12284 12287
12286 12288
12286 10180
12286 12289
12288 10181
12288 12290
12288 12291
154 12292
154 12293
154 12294
12292 12295
12292 12296
12292 12297
12295 12298
12295 12299
12295 12300
12298 12301
12298 12302
12298 12303
12301 12304
12301 12305
12301 12306
12304 12307
12304 12308
12304 12309
12307 12310
12307 12311
12307 12312
12310 12313
12310 12314
12310 12315
12313 12316
12313 12317
12313 12318
12316 12319
12316 12320
12316 12321
157 12322
157 12323
157 12324
12322 12325
12322 12326
12322 12327
12325 12328
12325 12329
12325 12330
12328 12331
12328 12332
12328 12333
12331 12334
12331 12335
12331 12336
12334 12337
12334 12338
12334 12339
12337 12340
12337 12341
12337 12342
12340 12343
12340 12344
12340 12345
12343 12346
12343 12347
12343 12348
12346 12349
12346 12350
12346 12351
160 12352
160 12353
160 12354
12352 12355
12352 12356
12352 12357
12355 12358
12355 12359
12355 12360
12358 12361
12358 12362
12358 12363
12361 12364
12361 12365
12361 12366
12364 12367
12364 12368
12364 12369
12367 12370
12367 12371
12367 12372
12370 12373
12370 12374
12370 12375
12373 12376
12373 12377
12373 12378
12376 12379
12376 12380
12376 12381
163 12382
163 12383
163 12384
12382 12385
12382 12386
12382 12387
12385 12388
12385 12389
12385 12390
12388 12391
12388 12392
12388 12393
12391 12394
12391 12395
12391 12396
12394 12397
12394 12398
12394 12399
12397 12400
12397 12401
12397 12402
12400 12403
12400 12404
12400 12405
12403 12406
12403 12407
12403 12408
12406 12409
12406 12410
12406 12411
166 12412
166 12413
166 12414
12412 12415
12412 12416
12412 12417
12415 12418
12415 12419
12415 12420
12418 12421
12418 12422
12418 12423
12421 12424
12421 12425
12421 12426
12424 12427
12424 12428
12424 12429
12427 12430
12427 12431
12427 12432
12430 12433
12430 12434
12430 12435
12433 12436
12433 12437
12433 12438
12436 12439
12436 12440
12436 12441
169 12442
169 12443
169 12444
12442 12445
12442 12446
12442 12447
12445 12448
12445 12449
12445 12450
12448 12451
12448 12452
12448 12453
12451 12454
12451 12455
12451 12456
12454 12457
12454 12458
12454 12459
12457 12460
12457 12461
12457 12462
12460 12463
12460 12464
12460 12465
12463 12466
12463 12467
12463 12468
12466 12469
12466 12470
12466 12471
172 12472
172 12473
172 12474
12472 12475
12472 12476
12472 12477
12475 12478
12475 12479
12475 12480
12478 12481
12478 12482
12478 12483
12481 12484
12481 12485
12481 12486
12484 12487
12484 12488
12484 12489
12487 12490
12487 12491
12487 12492
12490 12493
12490 12494
12490 12495
12493 12496
12493 12497
12493 12498
12496 12499
12496 12500
12496 12501
175 12502
175 12503
175 12504
12502 12505
12502 12506
12502 12507
12505 12508
12505 12509
12505 12510
12508 12511
12508 12512
12508 12513
12511 12514
12511 12515
12511 12516
12514 12517
12514 12518
12514 12519
12517 12520
12517 12521
12517 12522
12520 12523
12520 12524
12520 12525
12523 12526
12523 12527
12523 12528
12526 12529
12526 12530
12526 12531
178 12532
178 12533
178 12534
12532 12535
12532 12536
12532 12537
12535 12538
12535 12539
12535 12540
12538 12541
12538 12542
12538 12543
12541 12544
12541 12545
12541 12546
12544 12547
12544 12548
12544 12549
12547 12550
12547 12551
12547 12552
12550 12553
12550 12554
12550 12555
12553 12556
12553 12557
12553 12558
12556 12559
12556 12560
12556 12561
10172 12293
10172 12273
12293 12323
12293 12294
12323 12353
12323 12324
12353 12383
12353 12354
12383 12413
12383 12384
12413 12443
12413 12414
12443 12473
12443 12444
12473 12503
12473 12474
12503 12533
12503 12504
12533 12534
12533 12562
10173 12296
10173 12275
12296 12326
12296 12297
12326 12356
12326 12327
12356 12386
12356 12357
12386 12416
12386 12387
12416 12446
12416 12417
12446 12476
12446 12447
12476 12506
12476 12477
12506 12536
12506 12507
12536 12537
12536 12563
10174 12299
10174 12277
12299 12329
12299 12300
12329 12359
12329 12330
12359 12389
12359 12360
12389 12419
12389 12390
12419 12449
12419 12420
12449 12479
12449 12450
12479 12509
12479 12480
12509 12539
12509 12510
12539 12540
12539 12564
10175 12302
10175 12279
12302 12332
12302 12303
12332 12362
12332 12333
12362 12392
12362 12363
12392 12422
12392 12393
12422 12452
12422 12423
12452 12482
12452 12453
12482 12512
12482 12483
12512 12542
12512 12513
12542 12543
12542 12565
10176 12305
10176 12281
12305 12335
12305 12306
12335 12365
12335 12336
12365 12395
12365 12366
12395 12425
12395 12396
12425 12455
12425 12426
12455 12485
12455 12456
12485 12515
12485 12486
12515 12545
12515 12516
12545 12546
12545 12566
10177 12308
10177 12283
12308 12338
12308 12309
12338 12368
12338 12339
12368 12398
12368 12369
12398 12428
12398 12399
12428 12458
12428 12429
12458 12488
12458 12459
12488 12518
12488 12489
12518 12548
12518 12519
12548 12549
12548 12567
10178 12311
10178 12285
12311 12341
12311 12312
12341 12371
12341 12342
12371 12401
12371 12372
12401 12431
12401 12402
12431 12461
12431 12432
12461 12491
12461 12462
12491 12521
12491 12492
12521 12551
12521 12522
12551 12552
12551 12568
10179 12314
10179 12287
12314 12344
12314 12315
12344 12374
12344 12345
12374 12404
12374 12375
12404 12434
12404 12405
12434 12464
12434 12435
12464 12494
12464 12465
12494 12524
12494 12495
12524 12554
12524 12525
12554 12555
12554 12569
10180 12317
10180 12289
12317 12347
12317 12318
12347 12377
12347 12348
12377 12407
12377 12378
12407 12437
12407 12408
12437 12467
12437 12438
12467 12497
12467 12468
12497 12527
12497 12498
12527 12557
12527 12528
12557 12558
12557 12570
10181 12319
10181 12290
12319 12349
12319 12320
12349 12379
12349 12350
12379 12409
12379 12380
12409 12439
12409 12410
12439 12469
12439 12440
12469 12499
12469 12470
12499 12529
12499 12500
12529 12559
12529 12530
12559 12560
12559 12571
12291 12572
12291 10472
12291 12573
12572 12574
12572 10473
12572 12575
12574 12576
12574 10474
12574 12577
12576 12578
12576 10475
12576 12579
12578 12580
12578 10476
12578 12581
12580 12582
12580 10477
12580 12583
12582 12584
12582 10478
12582 12585
12584 12586
12584 10479
12584 12587
12586 12588
12586 10480
12586 12589
12588 10481
12588 12590
12588 12591
12321 12592
12321 12593
12321 12594
12592 12595
12592 12596
12592 12597
12595 12598
12595 12599
12595 12600
12598 12601
12598 12602
12598 12603
12601 12604
12601 12605
12601 12606
12604 12607
12604 12608
12604 12609
12607 12610
12607 12611
12607 12612
12610 12613
12610 12614
12610 12615
12613 12616
12613 12617
12613 12618
12616 12619
12616 12620
12616 12621
12351 12622
12351 12623
12351 12624
12622 12625
12622 12626
12622 12627
12625 12628
12625 12629
12625 12630
12628 12631
12628 12632
12628 12633
12631 12634
12631 12635
12631 12636
12634 12637
12634 12638
12634 12639
12637 12640
12637 12641
12637 12642
12640 12643
12640 12644
12640 12645
12643 12646
12643 12647
12643 12648
12646 12649
12646 12650
12646 12651
12381 12652
12381 12653
12381 12654
12652 12655
12652 12656
12652 12657
12655 12658
12655 12659
12655 12660
12658 12661
12658 12662
12658 12663
12661 12664
12661 12665
12661 12666
12664 12667
12664 12668
12664 12669
12667 12670
12667 12671
12667 12672
12670 12673
12670 12674
12670 12675
12673 12676
12673 12677
12673 12678
12676 12679
12676 12680
12676 12681
12411 12682
12411 12683
12411 12684
12682 12685
12682 12686
12682 12687
12685 12688
12685 12689
12685 12690
12688 12691
12688 12692
12688 12693
12691 12694
12691 12695
12691 12696
12694 12697
12694 12698
12694 12699
12697 12700
12697 12701
12697 12702
12700 12703
12700 12704
12700 12705
12703 12706
12703 12707
12703 12708
12706 12709
12706 12710
12706 12711
12441 12712
12441 12713
12441 12714
12712 12715
12712 12716
12712 12717
12715 12718
12715 12719
12715 12720
12718 12721
12718 12722
12718 12723
12721 12724
12721 12725
12721 12726
12724 12727
12724 12728
12724 12729
12727 12730
12727 12731
12727 12732
12730 12733
12730 12734
12730 12735
12733 12736
12733 12737
12733 12738
12736 12739
12736 12740
12736 12741
12471 12742
12471 12743
12471 12744
12742 12745
12742 12746
12742 12747
12745 12748
12745 12749
12745 12750
12748 12751
12748 12752
12748 12753
12751 12754
12751 12755
12751 12756
12754 12757
12754 12758
12754 12759
12757 12760
12757 12761
12757 12762
12760 12763
12760 12764
12760 12765
12763 12766
12763 12767
12763 12768
12766 12769
12766 12770
12766 12771
12501 12772
12501 12773
12501 12774
12772 12775
12772 12776
12772 12777
12775 12778
12775 12779
12775 12780
12778 12781
12778 12782
12778 12783
12781 12784
12781 12785
12781 12786
12784 12787
12784 12788
12784 12789
12787 12790
12787 12791
12787 12792
12790 12793
12790 12794
12790 12795
12793 12796
12793 12797
12793 12798
12796 12799
12796 12800
12796 12801
12531 12802
12531 12803
12531 12804
12802 12805
12802 12806
12802 12807
12805 12808
12805 12809
12805 12810
12808 12811
12808 12812
12808 12813
12811 12814
12811 12815
12811 12816
12814 12817
12814 12818
12814 12819
12817 12820
12817 12821
12817 12822
12820 12823
12820 12824
12820 12825
12823 12826
12823 12827
12823 12828
12826 12829
12826 12830
12826 12831
12561 12832
12561 12833
12561 12834
12832 12835
12832 12836
12832 12837
12835 12838
12835 12839
12835 12840
12838 12841
12838 12842
12838 12843
12841 12844
12841 12845
12841 12846
12844 12847
12844 12848
12844 12849
12847 12850
12847 12851
12847 12852
12850 12853
12850 12854
12850 12855
12853 12856
12853 12857
12853 12858
12856 12859
12856 12860
12856 12861
10472 12593
10472 12573
12593 12623
12593 12594
12623 12653
12623 12624
12653 12683
12653 12654
12683 12713
12683 12684
12713 12743
12713 12714
12743 12773
12743 12744
12773 12803
12773 12774
12803 12833
12803 12804
12833 12834
12833 12862
10473 12596
10473 12575
12596 12626
12596 12597
12626 12656
12626 12627
12656 12686
12656 12657
12686 12716
12686 12687
12716 12746
12716 12717
12746 12776
12746 12747
12776 12806
12776 12777
12806 12836
12806 12807
12836 12837
12836 12863
10474 12599
10474 12577
12599 12629
12599 12600
12629 12659
12629 12630
12659 12689
12659 12660
12689 12719
12689 12690
12719 12749
12719 12720
12749 12779
12749 12750
12779 12809
12779 12780
12809 12839
12809 12810
12839 12840
12839 12864
10475 12602
10475 12579
12602 12632
12602 12603
12632 12662
12632 12633
12662 12692
12662 12663
12692 12722
12692 12693
12722 12752
12722 12723
12752 12782
12752 12753
12782 12812
12782 12783
12812 12842
12812 12813
12842 12843
12842 12865
10476 12605
10476 12581
12605 12635
12605 12606
12635 12665
12635 12636
12665 12695
12665 12666
12695 12725
12695 12696
12725 12755
12725 12726
12755 12785
12755 12756
12785 12815
12785 12786
12815 12845
12815 12816
12845 12846
12845 12866
10477 12608
10477 12583
12608 12638
12608 12609
12638 12668
12638 12639
12668 12698
12668 12669
12698 12728
12698 12699
12728 12758
12728 12729
12758 12788
12758 12759
12788 12818
12788 12789
12818 12848
12818 12819
12848 12849
12848 12867
10478 12611
10478 12585
12611 12641
12611 12612
12641 12671
12641 12642
12671 12701
12671 12672
12701 12731
12701 12702
12731 12761
12731 12732
12761 12791
12761 12762
12791 12821
12791 12792
12821 12851
12821 12822
12851 12852
12851 12868
10479 12614
10479 12587
12614 12644
12614 12615
12644 12674
12644 12645
12674 12704
12674 12675
12704 12734
12704 12705
12734 12764
12734 12735
12764 12794
12764 12765
12794 12824
12794 12795
12824 12854
12824 12825
12854 12855
12854 12869
10480 12617
10480 12589
12617 12647
12617 12618
12647 12677
12647 12648
12677 12707
12677 12678
12707 12737
12707 12708
12737 12767
12737 12738
12767 12797
12767 12768
12797 12827
12797 12798
12827 12857
12827 12828
12857 12858
12857 12870
10481 12619
10481 12590
12619 12649
12619 12620
12649 12679
12649 12650
12679 12709
12679 12680
12709 12739
12709 12710
12739 12769
12739 12740
12769 12799
12769 12770
12799 12829
12799 12800
12829 12859
12829 12830
12859 12860
12859 12871
12591 12872
12591 10772
12591 12873
12872 12874
12872 10773
12872 12875
12874 12876
12874 10774
12874 12877
12876 12878
12876 10775
12876 12879
12878 12880
12878 10776
12878 12881
12880 12882
12880 10777
12880 12883
12882 12884
12882 10778
12882 12885
12884 12886
12884 10779
12884 12887
12886 12888
12886 10780
12886 12889
12888 10781
12888 12890
12888 12891
12621 12892
12621 12893
12621 12894
12892 12895
12892 12896
12892 12897
12895 12898
12895 12899
12895 12900
12898 12901
12898 12902
12898 12903
12901 12904
12901 12905
12901 12906
12904 12907
12904 12908
12904 12909
12907 12910
12907 12911
12907 12912
12910 12913
12910 12914
12910 12915
12913 12916
12913 12917
12913 12918
12916 12919
12916 12920
12916 12921
12651 12922
12651 12923
12651 12924
12922 12925
12922 12926
12922 12927
12925 12928
12925 12929
12925 12930
12928 12931
12928 12932
12928 12933
12931 12934
12931 12935
12931 12936
12934 12937
12934 12938
12934 12939
12937 12940
12937 12941
12937 12942
12940 12943
12940 12944
12940 12945
12943 12946
12943 12947
12943 12948
12946 12949
12946 12950
12946 12951
12681 12952
12681 12953
12681 12954
12952 12955
12952 12956
12952 12957
12955 12958
12955 12959
12955 12960
12958 12961
12958 12962
12958 12963
12961 12964
12961 12965
12961 12966
12964 12967
12964 12968
12964 12969
12967 12970
12967 12971
12967 12972
12970 12973
12970 12974
12970 12975
12973 12976
12973 12977
12973 12978
12976 12979
12976 12980
12976 12981
12711 12982
12711 12983
12711 12984
12982 12985
12982 12986
12982 12987
12985 12988
12985 12989
12985 12990
12988 12991
12988 12992
12988 12993
12991 12994
12991 12995
12991 12996
12994 12997
12994 12998
12994 12999
12997 13000
12997 13001
12997 13002
13000 13003
13000 13004
13000 13005
13003 13006
13003 13007
13003 13008
13006 13009
13006 13010
13006 13011
12741 13012
12741 13013
12741 13014
13012 13015
13012 13016
13012 13017
13015 13018
13015 13019
13015 13020
13018 13021
13018 13022
13018 13023
13021 13024
13021 13025
13021 13026
13024 13027
13024 13028
13024 13029
13027 13030
13027 13031
13027 13032
13030 13033
13030 13034
13030 13035
13033 13036
13033 13037
13033 13038
13036 13039
13036 13040
13036 13041
12771 13042
12771 13043
12771 13044
13042 13045
13042 13046
13042 13047
13045 13048
13045 13049
13045 13050
13048 13051
13048 13052
13048 13053
13051 13054
13051 13055
13051 13056
13054 13057
13054 13058
13054 13059
13057 13060
13057 13061
13057 13062
13060 13063
13060 13064
13060 13065
13063 13066
13063 13067
13063 13068
13066 13069
13066 13070
13066 13071
12801 13072
12801 13073
12801 13074
13072 13075
13072 13076
13072 13077
13075 13078
13075 13079
13075 13080
13078 13081
13078 13082
13078 13083
13081 13084
13081 13085
13081 13086
13084 13087
13084 13088
13084 13089
13087 13090
13087 13091
13087 13092
13090 13093
13090 13094
13090 13095
13093 13096
13093 13097
13093 13098
13096 13099
13096 13100
13096 13101
12831 13102
12831 13103
12831 13104
13102 13105
13102 13106
13102 13107
13105 13108
13105 13109
13105 13110
13108 13111
13108 13112
13108 13113
13111 13114
13111 13115
13111 13116
13114 13117
13114 13118
13114 13119
13117 13120
13117 13121
13117 13122
13120 13123
13120 13124
13120 13125
13123 13126
13123 13127
13123 13128
13126 13129
13126 13130
13126 13131
12861 13132
12861 13133
12861 13134
13132 13135
13132 13136
13132 13137
13135 13138
13135 13139
13135 13140
13138 13141
13138 13142
13138 13143
13141 13144
13141 13145
13141 13146
13144 13147
13144 13148
13144 13149
13147 13150
13147 13151
13147 13152
13150 13153
13150 13154
13150 13155
13153 13156
13153 13157
13153 13158
13156 13159
13156 13160
13156 13161
10772 12893
10772 12873
12893 12923
12893 12894
12923 12953
12923 12924
12953 12983
12953 12954
12983 13013
12983 12984
13013 13043
13013 13014
13043 13073
13043 13044
13073 13103
13073 13074
13103 13133
13103 13104
13133 13134
13133 13162
10773 12896
10773 12875
12896 12926
12896 12897
12926 12956
12926 12927
12956 12986
12956 12957
12986 13016
12986 12987
13016 13046
13016 13017
13046 13076
13046 13047
13076 13106
13076 13077
13106 13136
13106 13107
13136 13137
13136 13163
10774 12899
10774 12877
12899 12929
12899 12900
12929 12959
12929 12930
12959 12989
12959 12960
12989 13019
12989 12990
13019 13049
13019 13020
13049 13079
13049 13050
13079 13109
13079 13080
13109 13139
13109 13110
13139 13140
13139 13164
10775 12902
10775 12879
12902 12932
12902 12903
12932 12962
12932 12933
12962 12992
12962 12963
12992 13022
12992 12993
13022 13052
13022 13023
13052 13082
13052 13053
13082 13112
13082 13083
13112 13142
13112 13113
13142 13143
13142 13165
10776 12905
10776 12881
12905 12935
12905 12906
12935 12965
12935 12936
12965 12995
12965 12966
12995 13025
12995 12996
13025 13055
13025 13026
13055 13085
13055 13056
13085 13115
13085 13086
13115 13145
13115 13116
13145 13146
13145 13166
10777 12908
10777 12883
12908 12938
12908 12909
12938 12968
12938 12939
12968 12998
12968 12969
12998 13028
12998 12999
13028 13058
13028 13029
13058 13088
13058 13059
13088 13118
13088 13089
13118 13148
13118 13119
13148 13149
13148 13167
10778 12911
10778 12885
12911 12941
12911 12912
12941 12971
12941 12942
12971 13001
12971 12972
13001 13031
13001 13002
13031 13061
13031 13032
13061 13091
13061 13062
13091 13121
13091 13092
13121 13151
13121 13122
13151 13152
13151 13168
10779 12914
10779 12887
12914 12944
12914 12915
12944 12974
12944 12945
12974 13004
12974 12975
13004 13034
13004 13005
13034 13064
13034 13035
13064 13094
13064 13065
13094 13124
13094 13095
13124 13154
13124 13125
13154 13155
13154 13169
10780 12917
10780 12889
12917 12947
12917 12918
12947 12977
12947 12948
12977 13007
12977 12978
13007 13037
13007 13008
13037 13067
13037 13038
13067 13097
13067 13068
13097 13127
13097 13098
13127 13157
13127 13128
13157 13158
13157 13170
10781 12919
10781 12890
12919 12949
12919 12920
12949 12979
12949 12950
12979 13009
12979 12980
13009 13039
13009 13010
13039 13069
13039 13040
13069 13099
13069 13070
13099 13129
13099 13100
13129 13159
13129 13130
13159 13160
13159 13171
12891 13172
12891 11072
12891 13173
13172 13174
13172 11073
13172 13175
13174 13176
13174 11074
13174 13177
13176 13178
13176 11075
13176 13179
13178 13180
13178 11076
13178 13181
13180 13182
13180 11077
13180 13183
13182 13184
13182 11078
13182 13185
13184 13186
13184 11079
13184 13187
13186 13188
13186 11080
13186 13189
13188 11081
13188 13190
13188 13191
12921 13192
12921 13193
12921 13194
13192 13195
13192 13196
13192 13197
13195 13198
13195 13199
13195 13200
13198 13201
13198 13202
13198 13203
13201 13204
13201 13205
13201 13206
13204 13207
13204 13208
13204 13209
13207 13210
13207 13211
13207 13212
13210 13213
13210 13214
13210 13215
13213 13216
13213 13217
13213 13218
13216 13219
13216 13220
13216 13221
12951 13222
12951 13223
12951 13224
13222 13225
13222 13226
13222 13227
13225 13228
13225 13229
13225 13230
13228 13231
13228 13232
13228 13233
13231 13234
13231 13235
13231 13236
13234 13237
13234 13238
13234 13239
13237 13240
13237 13241
13237 13242
13240 13243
13240 13244
13240 13245
13243 13246
13243 13247
13243 13248
13246 13249
13246 13250
13246 13251
12981 13252
12981 13253
12981 13254
13252 13255
13252 13256
13252 13257
13255 13258
13255 13259
13255 13260
13258 13261
13258 13262
13258 13263
13261 13264
13261 13265
13261 13266
13264 13267
13264 13268
13264 13269
13267 13270
13267 13271
13267 13272
13270 13273
13270 13274
13270 13275
13273 13276
13273 13277
13273 13278
13276 13279
13276 13280
13276 13281
13011 13282
13011 13283
13011 13284
13282 13285
13282 13286
13282 13287
13285 13288
13285 13289
13285 13290
13288 13291
13288 13292
13288 13293
13291 13294
13291 13295
13291 13296
13294 13297
13294 13298
13294 13299
13297 13300
13297 13301
13297 13302
13300 13303
13300 13304
13300 13305
13303 13306
13303 13307
13303 13308
13306 13309
13306 13310
13306 13311
13041 13312
13041 13313
13041 13314
13312 13315
13312 13316
13312 13317
13315 13318
13315 13319
13315 13320
13318 13321
13318 13322
13318 13323
13321 13324
13321 13325
13321 13326
13324 13327
13324 13328
13324 13329
13327 13330
13327 13331
13327 13332
13330 13333
13330 13334
13330 13335
13333 13336
13333 13337
13333 13338
13336 13339
13336 13340
13336 13341
13071 13342
13071 13343
13071 13344
13342 13345
13342 13346
13342 13347
13345 13348
13345 13349
13345 13350
13348 13351
13348 13352
13348 13353
13351 13354
13351 13355
13351 13356
13354 13357
13354 13358
13354 13359
13357 13360
13357 13361
13357 13362
13360 13363
13360 13364
13360 13365
13363 13366
13363 13367
13363 13368
13366 13369
13366 13370
13366 13371
13101 13372
13101 13373
13101 13374
13372 13375
13372 13376
13372 13377
13375 13378
13375 13379
13375 13380
13378 13381
13378 13382
13378 13383
13381 13384
13381 13385
13381 13386
13384 13387
13384 13388
13384 13389
13387 13390
13387 13391
13387 13392
13390 13393
13390 13394
13390 13395
13393 13396
13393 13397
13393 13398
13396 13399
13396 13400
13396 13401
13131 13402
13131 13403
13131 13404
13402 13405
13402 13406
13402 13407
13405 13408
13405 13409
13405 13410
13408 13411
13408 13412
13408 13413
13411 13414
13411 13415
13411 13416
13414 13417
13414 13418
13414 13419
13417 13420
13417 13421
13417 13422
13420 13423
13420 13424
13420 13425
13423 13426
13423 13427
13423 13428
13426 13429
13426 13430
13426 13431
13161 13432
13161 13433
13161 13434
13432 13435
13432 13436
13432 13437
13435 13438
13435 13439
13435 13440
13438 13441
13438 13442
13438 13443
13441 13444
13441 13445
13441 13446
13444 13447
13444 13448
13444 13449
13447 13450
13447 13451
13447 13452
13450 13453
13450 13454
13450 13455
13453 13456
13453 13457
13453 13458
13456 13459
13456 13460
13456 13461
11072 13193
11072 13173
13193 13223
13193 13194
13223 13253
13223 13224
13253 13283
13253 13254
13283 13313
13283 13284
13313 13343
13313 13314
13343 13373
13343 13344
13373 13403
13373 13374
13403 13433
13403 13404
13433 13434
13433 13462
11073 13196
11073 13175
13196 13226
13196 13197
13226 13256
13226 13227
13256 13286
13256 13257
13286 13316
13286 13287
13316 13346
13316 13317
13346 13376
13346 13347
13376 13406
13376 13377
13406 13436
13406 13407
13436 13437
13436 13463
11074 13199
11074 13177
13199 13229
13199 13200
13229 13259
13229 13230
13259 13289
13259 13260
13289 13319
13289 13290
13319 13349
13319 13320
13349 13379
13349 13350
13379 13409
13379 13380
13409 13439
13409 13410
13439 13440
13439 13464
11075 13202
11075 13179
13202 13232
13202 13203
13232 13262
13232 13233
13262 13292
13262 13263
13292 13322
13292 13293
13322 13352
13322 13323
13352 13382
13352 13353
13382 13412
13382 13383
13412 13442
13412 13413
13442 13443
13442 13465
11076 13205
11076 13181
13205 13235
13205 13206
13235 13265
13235 13236
13265 13295
13265 13266
13295 13325
13295 13296
13325 13355
13325 13326
13355 13385
13355 13356
13385 13415
13385 13386
13415 13445
13415 13416
13445 13446
13445 13466
11077 13208
11077 13183
13208 13238
13208 13209
13238 13268
13238 13239
13268 13298
13268 13269
13298 13328
13298 13299
13328 13358
13328 13329
13358 13388
13358 13359
13388 13418
13388 13389
13418 13448
13418 13419
13448 13449
13448 13467
11078 13211
11078 13185
13211 13241
13211 13212
13241 13271
13241 13242
13271 13301
13271 13272
13301 13331
13301 13302
13331 13361
13331 13332
13361 13391
13361 13362
13391 13421
13391 13392
13421 13451
13421 13422
13451 13452
13451 13468
11079 13214
11079 13187
13214 13244
13214 13215
13244 13274
13244 13245
13274 13304
13274 13275
13304 13334
13304 13305
13334 13364
13334 13335
13364 13394
13364 13365
13394 13424
13394 13395
13424 13454
13424 13425
13454 13455
13454 13469
11080 13217
11080 13189
13217 13247
13217 13218
13247 13277
13247 13248
13277 13307
13277 13278
13307 13337
13307 13308
13337 13367
13337 13338
13367 13397
13367 13368
13397 13427
13397 13398
13427 13457
13427 13428
13457 13458
13457 13470
11081 13219
11081 13190
13219 13249
13219 13220
13249 13279
13249 13250
13279 13309
13279 13280
13309 13339
13309 13310
13339 13369
13339 13340
13369 13399
13369 13370
13399 13429
13399 13400
13429 13459
13429 13430
13459 13460
13459 13471
13191 13472
13191 11372
13191 13473
13472 13474
13472 11373
13472 13475
13474 13476
13474 11374
13474 13477
13476 13478
13476 11375
13476 13479
13478 13480
13478 11376
13478 13481
13480 13482
13480 11377
13480 13483
13482 13484
13482 11378
13482 13485
13484 13486
13484 11379
13484 13487
13486 13488
13486 11380
13486 13489
13488 11381
13488 13490
13488 13491
13221 13492
13221 13493
13221 13494
13492 13495
13492 13496
13492 13497
13495 13498
13495 13499
13495 13500
13498 13501
13498 13502
13498 13503
13501 13504
13501 13505
13501 13506
13504 13507
13504 13508
13504 13509
13507 13510
13507 13511
13507 13512
13510 13513
13510 13514
13510 13515
13513 13516
13513 13517
13513 13518
13516 13519
13516 13520
13516 13521
13251 13522
13251 13523
13251 13524
13522 13525
13522 13526
13522 13527
13525 13528
13525 13529
13525 13530
13528 13531
13528 13532
13528 13533
13531 13534
13531 13535
13531 13536
13534 13537
13534 13538
13534 13539
13537 13540
13537 13541
13537 13542
13540 13543
13540 13544
13540 13545
13543 13546
13543 13547
13543 13548
13546 13549
13546 13550
13546 13551
13281 13552
13281 13553
13281 13554
13552 13555
13552 13556
13552 13557
13555 13558
13555 13559
13555 13560
13558 13561
13558 13562
13558 13563
13561 13564
13561 13565
13561 13566
13564 13567
13564 13568
13564 13569
13567 13570
13567 13571
13567 13572
13570 13573
13570 13574
13570 13575
13573 13576
13573 13577
13573 13578
13576 13579
13576 13580
13576 13581
13311 13582
13311 13583
13311 13584
13582 13585
13582 13586
13582 13587
13585 13588
13585 13589
13585 13590
13588 13591
13588 13592
13588 13593
13591 13594
13591 13595
13591 13596
13594 13597
13594 13598
13594 13599
13597 13600
13597 13601
13597 13602
13600 13603
13600 13604
13600 13605
13603 13606
13603 13607
13603 13608
13606 13609
13606 13610
13606 13611
13341 13612
13341 13613
13341 13614
13612 13615
13612 13616
13612 13617
13615 13618
13615 13619
13615 13620
13618 13621
13618 13622
13618 13623
13621 13624
13621 13625
13621 13626
13624 13627
13624 13628
13624 13629
13627 13630
13627 13631
13627 13632
13630 13633
13630 13634
13630 13635
13633 13636
13633 13637
13633 13638
13636 13639
13636 13640
13636 13641
13371 13642
13371 13643
13371 13644
13642 13645
13642 13646
13642 13647
13645 13648
13645 13649
13645 13650
13648 13651
13648 13652
13648 13653
13651 13654
13651 13655
13651 13656
13654 13657
13654 13658
13654 13659
13657 13660
13657 13661
13657 13662
13660 13663
13660 13664
13660 13665
13663 13666
13663 13667
13663 13668
13666 13669
13666 13670
13666 13671
13401 13672
13401 13673
13401 13674
13672 13675
13672 13676
13672 13677
13675 13678
13675 13679
13675 13680
13678 13681
13678 13682
13678 13683
13681 13684
13681 13685
13681 13686
13684 13687
13684 13688
13684 13689
13687 13690
13687 13691
13687 13692
13690 13693
13690 13694
13690 13695
13693 13696
13693 13697
13693 13698
13696 13699
13696 13700
13696 13701
13431 13702
13431 13703
13431 13704
13702 13705
13702 13706
13702 13707
13705 13708
13705 13709
13705 13710
13708 13711
13708 13712
13708 13713
13711 13714
13711 13715
13711 13716
13714 13717
13714 13718
13714 13719
13717 13720
13717 13721
13717 13722
13720 13723
13720 13724
13720 13725
13723 13726
13723 13727
13723 13728
13726 13729
13726 13730
13726 13731
13461 13732
13461 13733
13461 13734
13732 13735
13732 13736
13732 13737
13735 13738
13735 13739
13735 13740
13738 13741
13738 13742
13738 13743
13741 13744
13741 13745
13741 13746
13744 13747
13744 13748
13744 13749
13747 13750
13747 13751
13747 13752
13750 13753
13750 13754
13750 13755
13753 13756
13753 13757
13753 13758
13756 13759
13756 13760
13756 13761
11372 13493
11372 13473
13493 13523
13493 13494
13523 13553
13523 13524
13553 13583
13553 13554
13583 13613
13583 13584
13613 13643
13613 13614
13643 13673
13643 13644
13673 13703
13673 13674
13703 13733
13703 13704
13733 13734
13733 13762
11373 13496
11373 13475
13496 13526
13496 13497
13526 13556
13526 13527
13556 13586
13556 13557
13586 13616
13586 13587
13616 13646
13616 13617
13646 13676
13646 13647
13676 13706
13676 13677
13706 13736
13706 13707
13736 13737
13736 13763
11374 13499
11374 13477
13499 13529
13499 13500
13529 13559
13529 13530
13559 13589
13559 13560
13589 13619
13589 13590
13619 13649
13619 13620
13649 13679
13649 13650
13679 13709
13679 13680
13709 13739
13709 13710
13739 13740
13739 13764
11375 13502
11375 13479
13502 13532
13502 13503
13532 13562
13532 13533
13562 13592
13562 13563
13592 13622
13592 13593
13622 13652
13622 13623
13652 13682
13652 13653
13682 13712
13682 13683
13712 13742
13712 13713
13742 13743
13742 13765
11376 13505
11376 13481
13505 13535
13505 13506
13535 13565
13535 13536
13565 13595
13565 13566
13595 13625
13595 13596
13625 13655
13625 13626
13655 13685
13655 13656
13685 13715
13685 13686
13715 13745
13715 13716
13745 13746
13745 13766
11377 13508
11377 13483
13508 13538
13508 13509
13538 13568
13538 13539
13568 13598
13568 13569
13598 13628
13598 13599
13628 13658
13628 13629
13658 13688
13658 13659
13688 13718
13688 13689
13718 13748
13718 13719
13748 13749
13748 13767
11378 13511
11378 13485
13511 13541
13511 13512
13541 13571
13541 13542
13571 13601
13571 13572
13601 13631
13601 13602
13631 13661
13631 13632
13661 13691
13661 13662
13691 13721
13691 13692
13721 13751
13721 13722
13751 13752
13751 13768
11379 13514
11379 13487
13514 13544
13514 13515
13544 13574
13544 13545
13574 13604
13574 13575
13604 13634
13604 13605
13634 13664
13634 13635
13664 13694
13664 13665
13694 13724
13694 13695
13724 13754
13724 13725
13754 13755
13754 13769
11380 13517
11380 13489
13517 13547
13517 13518
13547 13577
13547 13548
13577 13607
13577 13578
13607 13637
13607 13608
13637 13667
13637 13638
13667 13697
13667 13668
13697 13727
13697 13698
13727 13757
13727 13728
13757 13758
13757 13770
11381 13519
11381 13490
13519 13549
13519 13520
13549 13579
13549 13550
13579 13609
13579 13580
13609 13639
13609 13610
13639 13669
13639 13640
13669 13699
13669 13670
13699 13729
13699 13700
13729 13759
13729 13730
13759 13760
13759 13771
13491 13772
13491 11672
13491 13773
13772 13774
13772 11673
13772 13775
13774 13776
13774 11674
13774 13777
13776 13778
13776 11675
13776 13779
13778 13780
13778 11676
13778 13781
13780 13782
13780 11677
13780 13783
13782 13784
13782 11678
13782 13785
13784 13786
13784 11679
13784 13787
13786 13788
13786 11680
13786 13789
13788 11681
13788 13790
13788 13791
13521 13792
13521 13793
13521 13794
13792 13795
13792 13796
13792 13797
13795 13798
13795 13799
13795 13800
13798 13801
13798 13802
13798 13803
13801 13804
13801 13805
13801 13806
13804 13807
13804 13808
13804 13809
13807 13810
13807 13811
13807 13812
13810 13813
13810 13814
13810 13815
13813 13816
13813 13817
13813 13818
13816 13819
13816 13820
13816 13821
13551 13822
13551 13823
13551 13824
13822 13825
13822 13826
13822 13827
13825 13828
13825 13829
13825 13830
13828 13831
13828 13832
13828 13833
13831 13834
13831 13835
13831 13836
13834 13837
13834 13838
13834 13839
13837 13840
13837 13841
13837 13842
13840 13843
13840 13844
13840 13845
13843 13846
13843 13847
13843 13848
13846 13849
13846 13850
13846 13851
13581 13852
13581 13853
13581 13854
13852 13855
13852 13856
13852 13857
13855 13858
13855 13859
13855 13860
13858 13861
13858 13862
13858 13863
13861 13864
13861 13865
13861 13866
13864 13867
13864 13868
13864 13869
13867 13870
13867 13871
13867 13872
13870 13873
13870 13874
13870 13875
13873 13876
13873 13877
13873 13878
13876 13879
13876 13880
13876 13881
13611 13882
13611 13883
13611 13884
13882 13885
13882 13886
13882 13887
13885 13888
13885 13889
13885 13890
13888 13891
13888 13892
13888 13893
13891 13894
13891 13895
13891 13896
13894 13897
13894 13898
13894 13899
13897 13900
13897 13901
13897 13902
13900 13903
13900 13904
13900 13905
13903 13906
13903 13907
13903 13908
13906 13909
13906 13910
13906 13911
13641 13912
13641 13913
13641 13914
13912 13915
13912 13916
13912 13917
13915 13918
13915 13919
13915 13920
13918 13921
13918 13922
13918 13923
13921 13924
13921 13925
13921 13926
13924 13927
13924 13928
13924 13929
13927 13930
13927 13931
13927 13932
13930 13933
13930 13934
13930 13935
13933 13936
13933 13937
13933 13938
13936 13939
13936 13940
13936 13941
13671 13942
13671 13943
13671 13944
13942 13945
13942 13946
13942 13947
13945 13948
13945 13949
13945 13950
13948 13951
13948 13952
13948 13953
13951 13954
13951 13955
13951 13956
13954 13957
13954 13958
13954 13959
13957 13960
13957 13961
13957 13962
13960 13963
13960 13964
13960 13965
13963 13966
13963 13967
13963 13968
13966 13969
13966 13970
13966 13971
13701 13972
13701 13973
13701 13974
13972 13975
13972 13976
13972 13977
13975 13978
13975 13979
13975 13980
13978 13981
13978 13982
13978 13983
13981 13984
13981 13985
13981 13986
13984 13987
13984 13988
13984 13989
13987 13990
13987 13991
13987 13992
13990 13993
13990 13994
13990 13995
13993 13996
13993 13997
13993 13998
13996 13999
13996 14000
13996 14001
13731 14002
13731 14003
13731 14004
14002 14005
14002 14006
14002 14007
14005 14008
14005 14009
14005 14010
14008 14011
14008 14012
14008 14013
14011 14014
14011 14015
14011 14016
14014 14017
14014 14018
14014 14019
14017 14020
14017 14021
14017 14022
14020 14023
14020 14024
14020 14025
14023 14026
14023 14027
14023 14028
14026 14029
14026 14030
14026 14031
13761 14032
13761 14033
13761 14034
14032 14035
14032 14036
14032 14037
14035 14038
14035 14039
14035 14040
14038 14041
14038 14042
14038 14043
14041 14044
14041 14045
14041 14046
14044 14047
14044 14048
14044 14049
14047 14050
14047 14051
14047 14052
14050 14053
14050 14054
14050 14055
14053 14056
14053 14057
14053 14058
14056 14059
14056 14060
14056 14061
11672 13793
11672 13773
13793 13823
13793 13794
13823 13853
13823 13824
13853 13883
13853 13854
13883 13913
13883 13884
13913 13943
13913 13914
13943 13973
13943 13944
13973 14003
13973 13974
14003 14033
14003 14004
14033 14034
14033 14062
11673 13796
11673 13775
13796 13826
13796 13797
13826 13856
13826 13827
13856 13886
13856 13857
13886 13916
13886 13887
13916 13946
13916 13917
13946 13976
13946 13947
13976 14006
13976 13977
14006 14036
14006 14007
14036 14037
14036 14063
11674 13799
11674 13777
13799 13829
13799 13800
13829 13859
13829 13830
13859 13889
13859 13860
13889 13919
13889 13890
13919 13949
13919 13920
13949 13979
13949 13950
13979 14009
13979 13980
14009 14039
14009 14010
14039 14040
14039 14064
11675 13802
11675 13779
13802 13832
13802 13803
13832 13862
13832 13833
13862 13892
13862 13863
13892 13922
13892 13893
13922 13952
13922 13923
13952 13982
13952 13953
13982 14012
13982 13983
14012 14042
14012 14013
14042 14043
14042 14065
11676 13805
11676 13781
13805 13835
13805 13806
13835 13865
13835 13836
13865 13895
13865 13866
13895 13925
13895 13896
13925 13955
13925 13926
13955 13985
13955 13956
13985 14015
13985 13986
14015 14045
14015 14016
14045 14046
14045 14066
11677 13808
11677 13783
13808 13838
13808 13809
13838 13868
13838 13839
13868 13898
13868 13869
13898 13928
13898 13899
13928 13958
13928 13929
13958 13988
13958 13959
13988 14018
13988 13989
14018 14048
14018 14019
14048 14049
14048 14067
11678 13811
11678 13785
13811 13841
13811 13812
13841 13871
13841 13842
13871 13901
13871 13872
13901 13931
13901 13902
13931 13961
13931 13932
13961 13991
13961 13962
13991 14021
13991 13992
14021 14051
14021 14022
14051 14052
14051 14068
11679 13814
11679 13787
13814 13844
13814 13815
13844 13874
13844 13845
13874 13904
13874 13875
13904 13934
13904 13905
13934 13964
13934 13935
13964 13994
13964 13965
13994 14024
13994 13995
14024 14054
14024 14025
14054 14055
14054 14069
11680 13817
11680 13789
13817 13847
13817 13818
13847 13877
13847 13848
13877 13907
13877 13878
13907 13937
13907 13908
13937 13967
13937 13938
13967 13997
13967 13968
13997 14027
13997 13998
14027 14057
14027 14028
14057 14058
14057 14070
11681 13819
11681 13790
13819 13849
13819 13820
13849 13879
13849 13850
13879 13909
13879 13880
13909 13939
13909 13910
13939 13969
13939 13940
13969 13999
13969 13970
13999 14029
13999 14000
14029 14059
14029 14030
14059 14060
14059 14071
13791 14072
13791 11972
13791 14073
14072 14074
14072 11973
14072 14075
14074 14076
14074 11974
14074 14077
14076 14078
14076 11975
14076 14079
14078 14080
14078 11976
14078 14081
14080 14082
14080 11977
14080 14083
14082 14084
14082 11978
14082 14085
14084 14086
14084 11979
14084 14087
14086 14088
14086 11980
14086 14089
14088 11981
14088 14090
14088 14091
13821 14092
13821 14093
13821 14094
14092 14095
14092 14096
14092 14097
14095 14098
14095 14099
14095 14100
14098 14101
14098 14102
14098 14103
14101 14104
14101 14105
14101 14106
14104 14107
14104 14108
14104 14109
14107 14110
14107 14111
14107 14112
14110 14113
14110 14114
14110 14115
14113 14116
14113 14117
14113 14118
14116 14119
14116 14120
14116 14121
13851 14122
13851 14123
13851 14124
14122 14125
14122 14126
14122 14127
14125 14128
14125 14129
14125 14130
14128 14131
14128 14132
14128 14133
14131 14134
14131 14135
14131 14136
14134 14137
14134 14138
14134 14139
14137 14140
14137 14141
14137 14142
14140 14143
14140 14144
14140 14145
14143 14146
14143 14147
14143 14148
14146 14149
14146 14150
14146 14151
13881 14152
13881 14153
13881 14154
14152 14155
14152 14156
14152 14157
14155 14158
14155 14159
14155 14160
14158 14161
14158 14162
14158 14163
14161 14164
14161 14165
14161 14166
14164 14167
14164 14168
14164 14169
14167 14170
14167 14171
14167 14172
14170 14173
14170 14174
14170 14175
14173 14176
14173 14177
14173 14178
14176 14179
14176 14180
14176 14181
13911 14182
13911 14183
13911 14184
14182 14185
14182 14186
14182 14187
14185 14188
14185 14189
14185 14190
14188 14191
14188 14192
14188 14193
14191 14194
14191 14195
14191 14196
14194 14197
14194 14198
14194 14199
14197 14200
14197 14201
14197 14202
14200 14203
14200 14204
14200 14205
14203 14206
14203 14207
14203 14208
14206 14209
14206 14210
14206 14211
13941 14212
13941 14213
13941 14214
14212 14215
14212 14216
14212 14217
14215 14218
14215 14219
14215 14220
14218 14221
14218 14222
14218 14223
14221 14224
14221 14225
14221 14226
14224 14227
14224 14228
14224 14229
14227 14230
14227 14231
14227 14232
14230 14233
14230 14234
14230 14235
14233 14236
14233 14237
14233 14238
14236 14239
14236 14240
14236 14241
13971 14242
13971 14243
13971 14244
14242 14245
14242 14246
14242 14247
14245 14248
14245 14249
14245 14250
14248 14251
14248 14252
14248 14253
14251 14254
14251 14255
14251 14256
14254 14257
14254 14258
14254 14259
14257 14260
14257 14261
14257 14262
14260 14263
14260 14264
14260 14265
14263 14266
14263 14267
14263 14268
14266 14269
14266 14270
14266 14271
14001 14272
14001 14273
14001 14274
14272 14275
14272 14276
14272 14277
14275 14278
14275 14279
14275 14280
14278 14281
14278 14282
14278 14283
14281 14284
14281 14285
14281 14286
14284 14287
14284 14288
14284 14289
14287 14290
14287 14291
14287 14292
14290 14293
14290 14294
14290 14295
14293 14296
14293 14297
14293 14298
14296 14299
14296 14300
14296 14301
14031 14302
14031 14303
14031 14304
14302 14305
14302 14306
14302 14307
14305 14308
14305 14309
14305 14310
14308 14311
14308 14312
14308 14313
14311 14314
14311 14315
14311 14316
14314 14317
14314 14318
14314 14319
14317 14320
14317 14321
14317 14322
14320 14323
14320 14324
14320 14325
14323 14326
14323 14327
14323 14328
14326 14329
14326 14330
14326 14331
14061 14332
14061 14333
14061 14334
14332 14335
14332 14336
14332 14337
14335 14338
14335 14339
14335 14340
14338 14341
14338 14342
14338 14343
14341 14344
14341 14345
14341 14346
14344 14347
14344 14348
14344 14349
14347 14350
14347 14351
14347 14352
14350 14353
14350 14354
14350 14355
14353 14356
14353 14357
14353 14358
14356 14359
14356 14360
14356 14361
11972 14093
11972 14073
14093 14123
14093 14094
14123 14153
14123 14124
14153 14183
14153 14154
14183 14213
14183 14184
14213 14243
14213 14214
14243 14273
14243 14244
14273 14303
14273 14274
14303 14333
14303 14304
14333 14334
14333 14362
11973 14096
11973 14075
14096 14126
14096 14097
14126 14156
14126 14127
14156 14186
14156 14157
14186 14216
14186 14187
14216 14246
14216 14217
14246 14276
14246 14247
14276 14306
14276 14277
14306 14336
14306 14307
14336 14337
14336 14363
11974 14099
11974 14077
14099 14129
14099 14100
14129 14159
14129 14130
14159 14189
14159 14160
14189 14219
14189 14190
14219 14249
14219 14220
14249 14279
14249 14250
14279 14309
14279 14280
14309 14339
14309 14310
14339 14340
14339 14364
11975 14102
11975 14079
14102 14132
14102 14103
14132 14162
14132 14133
14162 14192
14162 14163
14192 14222
14192 14193
14222 14252
14222 14223
14252 14282
14252 14253
14282 14312
14282 14283
14312 14342
14312 14313
14342 14343
14342 14365
11976 14105
11976 14081
14105 14135
14105 14106
14135 14165
14135 14136
14165 14195
14165 14166
14195 14225
14195 14196
14225 14255
14225 14226
14255 14285
14255 14256
14285 14315
14285 14286
14315 14345
14315 14316
14345 14346
14345 14366
11977 14108
11977 14083
14108 14138
14108 14109
14138 14168
14138 14139
14168 14198
14168 14169
14198 14228
14198 14199
14228 14258
14228 14229
14258 14288
14258 14259
14288 14318
14288 14289
14318 14348
14318 14319
14348 14349
14348 14367
11978 14111
11978 14085
14111 14141
14111 14112
14141 14171
14141 14142
14171 14201
14171 14172
14201 14231
14201 14202
14231 14261
14231 14232
14261 14291
14261 14262
14291 14321
14291 14292
14321 14351
14321 14322
14351 14352
14351 14368
11979 14114
11979 14087
14114 14144
14114 14115
14144 14174
14144 14145
14174 14204
14174 14175
14204 14234
14204 14205
14234 14264
14234 14235
14264 14294
14264 14265
14294 14324
14294 14295
14324 14354
14324 14325
14354 14355
14354 14369
11980 14117
11980 14089
14117 14147
14117 14118
14147 14177
14147 14148
14177 14207
14177 14178
14207 14237
14207 14208
14237 14267
14237 14238
14267 14297
14267 14268
14297 14327
14297 14298
14327 14357
14327 14328
14357 14358
14357 14370
11981 14119
11981 14090
14119 14149
14119 14120
14149 14179
14149 14150
14179 14209
14179 14180
14209 14239
14209 14210
14239 14269
14239 14240
14269 14299
14269 14270
14299 14329
14299 14300
14329 14359
14329 14330
14359 14360
14359 14371
14091 14372
14091 12262
14091 14373
14372 14374
14372 12263
14372 14375
14374 14376
14374 12264
14374 14377
14376 14378
14376 12265
14376 14379
14378 14380
14378 12266
14378 14381
14380 14382
14380 12267
14380 14383
14382 14384
14382 12268
14382 14385
14384 14386
14384 12269
14384 14387
14386 14388
14386 12270
14386 14389
14388 12271
14388 14390
14121 14391
14121 14392
14121 14393
14391 14394
14391 14395
14391 14396
14394 14397
14394 14398
14394 14399
14397 14400
14397 14401
14397 14402
14400 14403
14400 14404
14400 14405
14403 14406
14403 14407
14403 14408
14406 14409
14406 14410
14406 14411
14409 14412
14409 14413
14409 14414
14412 14415
14412 14416
14412 14417
14415 14418
14415 14419
14151 14420
14151 14421
14151 14422
14420 14423
14420 14424
14420 14425
14423 14426
14423 14427
14423 14428
14426 14429
14426 14430
14426 14431
14429 14432
14429 14433
14429 14434
14432 14435
14432 14436
14432 14437
14435 14438
14435 14439
14435 14440
14438 14441
14438 14442
14438 14443
14441 14444
14441 14445
14441 14446
14444 14447
14444 14448
14181 14449
14181 14450
14181 14451
14449 14452
14449 14453
14449 14454
14452 14455
14452 14456
14452 14457
14455 14458
14455 14459
14455 14460
14458 14461
14458 14462
14458 14463
14461 14464
14461 14465
14461 14466
14464 14467
14464 14468
14464 14469
14467 14470
14467 14471
14467 14472
14470 14473
14470 14474
14470 14475
14473 14476
14473 14477
14211 14478
14211 14479
14211 14480
14478 14481
14478 14482
14478 14483
14481 14484
14481 14485
14481 14486
14484 14487
14484 14488
14484 14489
14487 14490
14487 14491
14487 14492
14490 14493
14490 14494
14490 14495
14493 14496
14493 14497
14493 14498
14496 14499
14496 14500
14496 14501
14499 14502
14499 14503
14499 14504
14502 14505
14502 14506
14241 14507
14241 14508
14241 14509
14507 14510
14507 14511
14507 14512
14510 14513
14510 14514
14510 14515
14513 14516
14513 14517
14513 14518
14516 14519
14516 14520
14516 14521
14519 14522
14519 14523
14519 14524
14522 14525
14522 14526
14522 14527
14525 14528
14525 14529
14525 14530
14528 14531
14528 14532
14528 14533
14531 14534
14531 14535
14271 14536
14271 14537
14271 14538
14536 14539
14536 14540
14536 14541
14539 14542
14539 14543
14539 14544
14542 14545
14542 14546
14542 14547
14545 14548
14545 14549
14545 14550
14548 14551
14548 14552
14548 14553
14551 14554
14551 14555
14551 14556
14554 14557
14554 14558
14554 14559
14557 14560
14557 14561
14557 14562
14560 14563
14560 14564
14301 14565
14301 14566
14301 14567
14565 14568
14565 14569
14565 14570
14568 14571
14568 14572
14568 14573
14571 14574
14571 14575
14571 14576
14574 14577
14574 14578
14574 14579
14577 14580
14577 14581
14577 14582
14580 14583
14580 14584
14580 14585
14583 14586
14583 14587
14583 14588
14586 14589
14586 14590
14586 14591
14589 14592
14589 14593
14331 14594
14331 14595
14331 14596
14594 14597
14594 14598
14594 14599
14597 14600
14597 14601
14597 14602
14600 14603
14600 14604
14600 14605
14603 14606
14603 14607
14603 14608
14606 14609
14606 14610
14606 14611
14609 14612
14609 14613
14609 14614
14612 14615
14612 14616
14612 14617
14615 14618
14615 14619
14615 14620
14618 14621
14618 14622
14361 14623
14361 14624
14361 14625
14623 14626
14623 14627
14623 14628
14626 14629
14626 14630
14626 14631
14629 14632
14629 14633
14629 14634
14632 14635
14632 14636
14632 14637
14635 14638
14635 14639
14635 14640
14638 14641
14638 14642
14638 14643
14641 14644
14641 14645
14641 14646
14644 14647
14644 14648
14644 14649
14647 14650
14647 14651
12262 14392
12262 14373
14392 14421
14392 14393
14421 14450
14421 14422
14450 14479
14450 14451
14479 14508
14479 14480
14508 14537
14508 14509
14537 14566
14537 14538
14566 14595
14566 14567
14595 14624
14595 14596
14624 14625
14624 14652
12263 14395
12263 14375
14395 14424
14395 14396
14424 14453
14424 14425
14453 14482
14453 14454
14482 14511
14482 14483
14511 14540
14511 14512
14540 14569
14540 14541
14569 14598
14569 14570
14598 14627
14598 14599
14627 14628
14627 14653
12264 14398
12264 14377
14398 14427
14398 14399
14427 14456
14427 14428
14456 14485
14456 14457
14485 14514
14485 14486
14514 14543
14514 14515
14543 14572
14543 14544
14572 14601
14572 14573
14601 14630
14601 14602
14630 14631
14630 14654
12265 14401
12265 14379
14401 14430
14401 14402
14430 14459
14430 14431
14459 14488
14459 14460
14488 14517
14488 14489
14517 14546
14517 14518
14546 14575
14546 14547
14575 14604
14575 14576
14604 14633
14604 14605
14633 14634
14633 14655
12266 14404
12266 14381
14404 14433
14404 14405
14433 14462
14433 14434
14462 14491
14462 14463
14491 14520
14491 14492
14520 14549
14520 14521
14549 14578
14549 14550
14578 14607
14578 14579
14607 14636
14607 14608
14636 14637
14636 14656
12267 14407
12267 14383
14407 14436
14407 14408
14436 14465
14436 14437
14465 14494
14465 14466
14494 14523
14494 14495
14523 14552
14523 14524
14552 14581
14552 14553
14581 14610
14581 14582
14610 14639
14610 14611
14639 14640
14639 14657
12268 14410
12268 14385
14410 14439
14410 14411
14439 14468
14439 14440
14468 14497
14468 14469
14497 14526
14497 14498
14526 14555
14526 14527
14555 14584
14555 14556
14584 14613
14584 14585
14613 14642
14613 14614
14642 14643
14642 14658
12269 14413
12269 14387
14413 14442
14413 14414
14442 14471
14442 14443
14471 14500
14471 14472
14500 14529
14500 14501
14529 14558
14529 14530
14558 14587
14558 14559
14587 14616
14587 14588
14616 14645
14616 14617
14645 14646
14645 14659
12270 14416
12270 14389
14416 14445
14416 14417
14445 14474
14445 14446
14474 14503
14474 14475
14503 14532
14503 14504
14532 14561
14532 14533
14561 14590
14561 14562
14590 14619
14590 14591
14619 14648
14619 14620
14648 14649
14648 14660
12271 14418
12271 14390
14418 14447
14418 14419
14447 14476
14447 14448
14476 14505
14476 14477
14505 14534
14505 14506
14534 14563
14534 14535
14563 14592
14563 14564
14592 14621
14592 14593
14621 14650
14621 14622
14650 14651
14650 14661
181 14662
181 12562
181 14663
14662 14664
14662 12563
14662 14665
14664 14666
14664 12564
14664 14667
14666 14668
14666 12565
14666 14669
14668 14670
14668 12566
14668 14671
14670 14672
14670 12567
14670 14673
14672 14674
14672 12568
14672 14675
14674 14676
14674 12569
14674 14677
14676 14678
14676 12570
14676 14679
14678 12571
14678 14680
14678 14681
184 14682
184 14683
184 14684
14682 14685
14682 14686
14682 14687
14685 14688
14685 14689
14685 14690
14688 14691
14688 14692
14688 14693
14691 14694
14691 14695
14691 14696
14694 14697
14694 14698
14694 14699
14697 14700
14697 14701
14697 14702
14700 14703
14700 14704
14700 14705
14703 14706
14703 14707
14703 14708
14706 14709
14706 14710
14706 14711
187 14712
187 14713
187 14714
14712 14715
14712 14716
14712 14717
14715 14718
14715 14719
14715 14720
14718 14721
14718 14722
14718 14723
14721 14724
14721 14725
14721 14726
14724 14727
14724 14728
14724 14729
14727 14730
14727 14731
14727 14732
14730 14733
14730 14734
14730 14735
14733 14736
14733 14737
14733 14738
14736 14739
14736 14740
14736 14741
190 14742
190 14743
190 14744
14742 14745
14742 14746
14742 14747
14745 14748
14745 14749
14745 14750
14748 14751
14748 14752
14748 14753
14751 14754
14751 14755
14751 14756
14754 14757
14754 14758
14754 14759
14757 14760
14757 14761
14757 14762
14760 14763
14760 14764
14760 14765
14763 14766
14763 14767
14763 14768
14766 14769
14766 14770
14766 14771
193 14772
193 14773
193 14774
14772 14775
14772 14776
14772 14777
14775 14778
14775 14779
14775 14780
14778 14781
14778 14782
14778 14783
14781 14784
14781 14785
14781 14786
14784 14787
14784 14788
14784 14789
14787 14790
14787 14791
14787 14792
14790 14793
14790 14794
14790 14795
14793 14796
14793 14797
14793 14798
14796 14799
14796 14800
14796 14801
196 14802
196 14803
196 14804
14802 14805
14802 14806
14802 14807
14805 14808
14805 14809
14805 14810
14808 14811
14808 14812
14808 14813
14811 14814
14811 14815
14811 14816
14814 14817
14814 14818
14814 14819
14817 14820
14817 14821
14817 14822
14820 14823
14820 14824
14820 14825
14823 14826
14823 14827
14823 14828
14826 14829
14826 14830
14826 14831
199 14832
199 14833
199 14834
14832 14835
14832 14836
14832 14837
14835 14838
14835 14839
14835 14840
14838 14841
14838 14842
14838 14843
14841 14844
14841 14845
14841 14846
14844 14847
14844 14848
14844 14849
14847 14850
14847 14851
14847 14852
14850 14853
14850 14854
14850 14855
14853 14856
14853 14857
14853 14858
14856 14859
14856 14860
14856 14861
202 14862
202 14863
202 14864
14862 14865
14862 14866
14862 14867
14865 14868
14865 14869
14865 14870
14868 14871
14868 14872
14868 14873
14871 14874
14871 14875
14871 14876
14874 14877
14874 14878
14874 14879
14877 14880
14877 14881
14877 14882
14880 14883
14880 14884
14880 14885
14883 14886
14883 14887
14883 14888
14886 14889
14886 14890
14886 14891
205 14892
205 14893
205 14894
14892 14895
14892 14896
14892 14897
14895 14898
14895 14899
14895 14900
14898 14901
14898 14902
14898 14903
14901 14904
14901 14905
14901 14906
14904 14907
14904 14908
14904 14909
14907 14910
14907 14911
14907 14912
14910 14913
14910 14914
14910 14915
14913 14916
14913 14917
14913 14918
14916 14919
14916 14920
14916 14921
208 14922
208 14923
208 14924
14922 14925
14922 14926
14922 14927
14925 14928
14925 14929
14925 14930
14928 14931
14928 14932
14928 14933
14931 14934
14931 14935
14931 14936
14934 14937
14934 14938
14934 14939
14937 14940
14937 14941
14937 14942
14940 14943
14940 14944
14940 14945
14943 14946
14943 14947
14943 14948
14946 14949
14946 14950
14946 14951
12562 14683
12562 14663
14683 14713
14683 14684
14713 14743
14713 14714
14743 14773
14743 14744
14773 14803
14773 14774
14803 14833
14803 14804
14833 14863
14833 14834
14863 14893
14863 14864
14893 14923
14893 14894
14923 14924
14923 14952
12563 14686
12563 14665
14686 14716
14686 14687
14716 14746
14716 14717
14746 14776
14746 14747
14776 14806
14776 14777
14806 14836
14806 14807
14836 14866
14836 14837
14866 14896
14866 14867
14896 14926
14896 14897
14926 14927
14926 14953
12564 14689
12564 14667
14689 14719
14689 14690
14719 14749
14719 14720
14749 14779
14749 14750
14779 14809
14779 14780
14809 14839
14809 14810
14839 14869
14839 14840
14869 14899
14869 14870
14899 14929
14899 14900
14929 14930
14929 14954
12565 14692
12565 14669
14692 14722
14692 14693
14722 14752
14722 14723
14752 14782
14752 14753
14782 14812
14782 14783
14812 14842
14812 14813
14842 14872
14842 14843
14872 14902
14872 14873
14902 14932
14902 14903
14932 14933
14932 14955
12566 14695
12566 14671
14695 14725
14695 14696
14725 14755
14725 14726
14755 14785
14755 14756
14785 14815
14785 14786
14815 14845
14815 14816
14845 14875
14845 14846
14875 14905
14875 14876
14905 14935
14905 14906
14935 14936
14935 14956
12567 14698
12567 14673
14698 14728
14698 14699
14728 14758
14728 14729
14758 14788
14758 14759
14788 14818
14788 14789
14818 14848
14818 14819
14848 14878
14848 14849
14878 14908
14878 14879
14908 14938
14908 14909
14938 14939
14938 14957
12568 14701
12568 14675
14701 14731
14701 14702
14731 14761
14731 14732
14761 14791
14761 14762
14791 14821
14791 14792
14821 14851
14821 14822
14851 14881
14851 14852
14881 14911
14881 14882
14911 14941
14911 14912
14941 14942
14941 14958
12569 14704
12569 14677
14704 14734
14704 14705
14734 14764
14734 14735
14764 14794
14764 14765
14794 14824
14794 14795
14824 14854
14824 14825
14854 14884
14854 14855
14884 14914
14884 14885
14914 14944
14914 14915
14944 14945
14944 14959
12570 14707
12570 14679
14707 14737
14707 14708
14737 14767
14737 14738
14767 14797
14767 14768
14797 14827
14797 14798
14827 14857
14827 14828
14857 14887
14857 14858
14887 14917
14887 14888
14917 14947
14917 14918
14947 14948
14947 14960
12571 14709
12571 14680
14709 14739
14709 14710
14739 14769
14739 14740
14769 14799
14769 14770
14799 14829
14799 14800
14829 14859
14829 14830
14859 14889
14859 14860
14889 14919
14889 14890
14919 14949
14919 14920
14949 14950
14949 14961
14681 14962
14681 12862
14681 14963
14962 14964
14962 12863
14962 14965
14964 14966
14964 12864
14964 14967
14966 14968
14966 12865
14966 14969
14968 14970
14968 12866
14968 14971
14970 14972
14970 12867
14970 14973
14972 14974
14972 12868
14972 14975
14974 14976
14974 12869
14974 14977
14976 14978
14976 12870
14976 14979
14978 12871
14978 14980
14978 14981
14711 14982
14711 14983
14711 14984
14982 14985
14982 14986
14982 14987
14985 14988
14985 14989
14985 14990
14988 14991
14988 14992
14988 14993
14991 14994
14991 14995
14991 14996
14994 14997
14994 14998
14994 14999
14997 15000
14997 15001
14997 15002
15000 15003
15000 15004
15000 15005
15003 15006
15003 15007
15003 15008
15006 15009
15006 15010
15006 15011
14741 15012
14741 15013
14741 15014
15012 15015
15012 15016
15012 15017
15015 15018
15015 15019
15015 15020
15018 15021
15018 15022
15018 15023
15021 15024
15021 15025
15021 15026
15024 15027
15024 15028
15024 15029
15027 15030
15027 15031
15027 15032
15030 15033
15030 15034
15030 15035
15033 15036
15033 15037
15033 15038
15036 15039
15036 15040
15036 15041
14771 15042
14771 15043
14771 15044
15042 15045
15042 15046
15042 15047
15045 15048
15045 15049
15045 15050
15048 15051
15048 15052
15048 15053
15051 15054
15051 15055
15051 15056
15054 15057
15054 15058
15054 15059
15057 15060
15057 15061
15057 15062
15060 15063
15060 15064
15060 15065
15063 15066
15063 15067
15063 15068
15066 15069
15066 15070
15066 15071
14801 15072
14801 15073
14801 15074
15072 15075
15072 15076
15072 15077
15075 15078
15075 15079
15075 15080
15078 15081
15078 15082
15078 15083
15081 15084
15081 15085
15081 15086
15084 15087
15084 15088
15084 15089
15087 15090
15087 15091
15087 15092
15090 15093
15090 15094
15090 15095
15093 15096
15093 15097
15093 15098
15096 15099
15096 15100
15096 15101
14831 15102
14831 15103
14831 15104
15102 15105
15102 15106
15102 15107
15105 15108
15105 15109
15105 15110
15108 15111
15108 15112
15108 15113
15111 15114
15111 15115
15111 15116
15114 15117
15114 15118
15114 15119
15117 15120
15117 15121
15117 15122
15120 15123
15120 15124
15120 15125
15123 15126
15123 15127
15123 15128
15126 15129
15126 15130
15126 15131
14861 15132
14861 15133
14861 15134
15132 15135
15132 15136
15132 15137
15135 15138
15135 15139
15135 15140
15138 15141
15138 15142
15138 15143
15141 15144
15141 15145
15141 15146
15144 15147
15144 15148
15144 15149
15147 15150
15147 15151
15147 15152
15150 15153
15150 15154
15150 15155
15153 15156
15153 15157
15153 15158
15156 15159
15156 15160
15156 15161
14891 15162
14891 15163
14891 15164
15162 15165
15162 15166
15162 15167
15165 15168
15165 15169
15165 15170
15168 15171
15168 15172
15168 15173
15171 15174
15171 15175
15171 15176
15174 15177
15174 15178
15174 15179
15177 15180
15177 15181
15177 15182
15180 15183
15180 15184
15180 15185
15183 15186
15183 15187
15183 15188
15186 15189
15186 15190
15186 15191
14921 15192
14921 15193
14921 15194
15192 15195
15192 15196
15192 15197
15195 15198
15195 15199
15195 15200
15198 15201
15198 15202
15198 15203
15201 15204
15201 15205
15201 15206
15204 15207
15204 15208
15204 15209
15207 15210
15207 15211
15207 15212
15210 15213
15210 15214
15210 15215
15213 15216
15213 15217
15213 15218
15216 15219
15216 15220
15216 15221
14951 15222
14951 15223
14951 15224
15222 15225
15222 15226
15222 15227
15225 15228
15225 15229
15225 15230
15228 15231
15228 15232
15228 15233
15231 15234
15231 15235
15231 15236
15234 15237
15234 15238
15234 15239
15237 15240
15237 15241
15237 15242
15240 15243
15240 15244
15240 15245
15243 15246
15243 15247
15243 15248
15246 15249
15246 15250
15246 15251
12862 14983
12862 14963
14983 15013
14983 14984
15013 15043
15013 15014
15043 15073
15043 15044
15073 15103
15073 15074
15103 15133
15103 15104
15133 15163
15133 15134
15163 15193
15163 15164
15193 15223
15193 15194
15223 15224
15223 15252
12863 14986
12863 14965
14986 15016
14986 14987
15016 15046
15016 15017
15046 15076
15046 15047
15076 15106
15076 15077
15106 15136
15106 15107
15136 15166
15136 15137
15166 15196
15166 15167
15196 15226
15196 15197
15226 15227
15226 15253
12864 14989
12864 14967
14989 15019
14989 14990
15019 15049
15019 15020
15049 15079
15049 15050
15079 15109
15079 15080
15109 15139
15109 15110
15139 15169
15139 15140
15169 15199
15169 15170
15199 15229
15199 15200
15229 15230
15229 15254
12865 14992
12865 14969
14992 15022
14992 14993
15022 15052
15022 15023
15052 15082
15052 15053
15082 15112
15082 15083
15112 15142
15112 15113
15142 15172
15142 15143
15172 15202
15172 15173
15202 15232
15202 15203
15232 15233
15232 15255
12866 14995
12866 14971
14995 15025
14995 14996
15025 15055
15025 15026
15055 15085
15055 15056
15085 15115
15085 15086
15115 15145
15115 15116
15145 15175
15145 15146
15175 15205
15175 15176
15205 15235
15205 15206
15235 15236
15235 15256
12867 14998
12867 14973
14998 15028
14998 14999
15028 15058
15028 15029
15058 15088
15058 15059
15088 15118
15088 15089
15118 15148
15118 15119
15148 15178
15148 15149
15178 15208
15178 15179
15208 15238
15208 15209
15238 15239
15238 15257
12868 15001
12868 14975
15001 15031
15001 15002
15031 15061
15031 15032
15061 15091
15061 15062
15091 15121
15091 15092
15121 15151
15121 15122
15151 15181
15151 15152
15181 15211
15181 15182
15211 15241
15211 15212
15241 15242
15241 15258
12869 15004
12869 14977
15004 15034
15004 15005
15034 15064
15034 15035
15064 15094
15064 15065
15094 15124
15094 15095
15124 15154
15124 15125
15154 15184
15154 15155
15184 15214
15184 15185
15214 15244
15214 15215
15244 15245
15244 15259
12870 15007
12870 14979
15007 15037
15007 15008
15037 15067
15037 15038
15067 15097
15067 15068
15097 15127
15097 15098
15127 15157
15127 15128
15157 15187
15157 15158
15187 15217
15187 15188
15217 15247
15217 15218
15247 15248
15247 15260
12871 15009
12871 14980
15009 15039
15009 15010
15039 15069
15039 15040
15069 15099
15069 15070
15099 15129
15099 15100
15129 15159
15129 15130
15159 15189
15159 15160
15189 15219
15189 15190
15219 15249
15219 15220
15249 15250
15249 15261
14981 15262
14981 13162
14981 15263
15262 15264
15262 13163
15262 15265
15264 15266
15264 13164
15264 15267
15266 15268
15266 13165
15266 15269
15268 15270
15268 13166
15268 15271
15270 15272
15270 13167
15270 15273
15272 15274
15272 13168
15272 15275
15274 15276
15274 13169
15274 15277
15276 15278
15276 13170
15276 15279
15278 13171
15278 15280
15278 15281
15011 15282
15011 15283
15011 15284
15282 15285
15282 15286
15282 15287
15285 15288
15285 15289
15285 15290
15288 15291
15288 15292
15288 15293
15291 15294
15291 15295
15291 15296
15294 15297
15294 15298
15294 15299
15297 15300
15297 15301
15297 15302
15300 15303
15300 15304
15300 15305
15303 15306
15303 15307
15303 15308
15306 15309
15306 15310
15306 15311
15041 15312
15041 15313
15041 15314
15312 15315
15312 15316
15312 15317
15315 15318
15315 15319
15315 15320
15318 15321
15318 15322
15318 15323
15321 15324
15321 15325
15321 15326
15324 15327
15324 15328
15324 15329
15327 15330
15327 15331
15327 15332
15330 15333
15330 15334
15330 15335
15333 15336
15333 15337
15333 15338
15336 15339
15336 15340
15336 15341
15071 15342
15071 15343
15071 15344
15342 15345
15342 15346
15342 15347
15345 15348
15345 15349
15345 15350
15348 15351
15348 15352
15348 15353
15351 15354
15351 15355
15351 15356
15354 15357
15354 15358
15354 15359
15357 15360
15357 15361
15357 15362
15360 15363
15360 15364
15360 15365
15363 15366
15363 15367
15363 15368
15366 15369
15366 15370
15366 15371
15101 15372
15101 15373
15101 15374
15372 15375
15372 15376
15372 15377
15375 15378
15375 15379
15375 15380
15378 15381
15378 15382
15378 15383
15381 15384
15381 15385
15381 15386
15384 15387
15384 15388
15384 15389
15387 15390
15387 15391
15387 15392
15390 15393
15390 15394
15390 15395
15393 15396
15393 15397
15393 15398
15396 15399
15396 15400
15396 15401
15131 15402
15131 15403
15131 15404
15402 15405
15402 15406
15402 15407
15405 15408
15405 15409
15405 15410
15408 15411
15408 15412
15408 15413
15411 15414
15411 15415
15411 15416
15414 15417
15414 15418
15414 15419
15417 15420
15417 15421
15417 15422
15420 15423
15420 15424
15420 15425
15423 15426
15423 15427
15423 15428
15426 15429
15426 15430
15426 15431
15161 15432
15161 15433
15161 15434
15432 15435
15432 15436
15432 15437
15435 15438
15435 15439
15435 15440
15438 15441
15438 15442
15438 15443
15441 15444
15441 15445
15441 15446
15444 15447
15444 15448
15444 15449
15447 15450
15447 15451
15447 15452
15450 15453
15450 15454
15450 15455
15453 15456
15453 15457
15453 15458
15456 15459
15456 15460
15456 15461
15191 15462
15191 15463
15191 15464
15462 15465
15462 15466
15462 15467
15465 15468
15465 15469
15465 15470
15468 15471
15468 15472
15468 15473
15471 15474
15471 15475
15471 15476
15474 15477
15474 15478
15474 15479
15477 15480
15477 15481
15477 15482
15480 15483
15480 15484
15480 15485
15483 15486
15483 15487
15483 15488
15486 15489
15486 15490
15486 15491
15221 15492
15221 15493
15221 15494
15492 15495
15492 15496
15492 15497
15495 15498
15495 15499
15495 15500
15498 15501
15498 15502
15498 15503
15501 15504
15501 15505
15501 15506
15504 15507
15504 15508
15504 15509
15507 15510
15507 15511
15507 15512
15510 15513
15510 15514
15510 15515
15513 15516
15513 15517
15513 15518
15516 15519
15516 15520
15516 15521
15251 15522
15251 15523
15251 15524
15522 15525
15522 15526
15522 15527
15525 15528
15525 15529
15525 15530
15528 15531
15528 15532
15528 15533
15531 15534
15531 15535
15531 15536
15534 15537
15534 15538
15534 15539
15537 15540
15537 15541
15537 15542
15540 15543
15540 15544
15540 15545
15543 15546
15543 15547
15543 15548
15546 15549
15546 15550
15546 15551
13162 15283
13162 15263
15283 15313
15283 15284
15313 15343
15313 15314
15343 15373
15343 15344
15373 15403
15373 15374
15403 15433
15403 15404
15433 15463
15433 15434
15463 15493
15463 15464
15493 15523
15493 15494
15523 15524
15523 15552
13163 15286
13163 15265
15286 15316
15286 15287
15316 15346
15316 15317
15346 15376
15346 15347
15376 15406
15376 15377
15406 15436
15406 15407
15436 15466
15436 15437
15466 15496
15466 15467
15496 15526
15496 15497
15526 15527
15526 15553
13164 15289
13164 15267
15289 15319
15289 15290
15319 15349
15319 15320
15349 15379
15349 15350
15379 15409
15379 15380
15409 15439
15409 15410
15439 15469
15439 15440
15469 15499
15469 15470
15499 15529
15499 15500
15529 15530
15529 15554
13165 15292
13165 15269
15292 15322
15292 15293
15322 15352
15322 15323
15352 15382
15352 15353
15382 15412
15382 15383
15412 15442
15412 15413
15442 15472
15442 15443
15472 15502
15472 15473
15502 15532
15502 15503
15532 15533
15532 15555
13166 15295
13166 15271
15295 15325
15295 15296
15325 15355
15325 15326
15355 15385
15355 15356
15385 15415
15385 15386
15415 15445
15415 15416
15445 15475
15445 15446
15475 15505
15475 15476
15505 15535
15505 15506
15535 15536
15535 15556
13167 15298
13167 15273
15298 15328
15298 15299
15328 15358
15328 15329
15358 15388
15358 15359
15388 15418
15388 15389
15418 15448
15418 15419
15448 15478
15448 15449
15478 15508
15478 15479
15508 15538
15508 15509
15538 15539
15538 15557
13168 15301
13168 15275
15301 15331
15301 15302
15331 15361
15331 15332
15361 15391
15361 15362
15391 15421
15391 15392
15421 15451
15421 15422
15451 15481
15451 15452
15481 15511
15481 15482
15511 15541
15511 15512
15541 15542
15541 15558
13169 15304
13169 15277
15304 15334
15304 15305
15334 15364
15334 15335
15364 15394
15364 15365
15394 15424
15394 15395
15424 15454
15424 15425
15454 15484
15454 15455
15484 15514
15484 15485
15514 15544
15514 15515
15544 15545
15544 15559
13170 15307
13170 15279
15307 15337
15307 15308
15337 15367
15337 15338
15367 15397
15367 15368
15397 15427
15397 15398
15427 15457
15427 15428
15457 15487
15457 15458
15487 15517
15487 15488
15517 15547
15517 15518
15547 15548
15547 15560
13171 15309
13171 15280
15309 15339
15309 15310
15339 15369
15339 15340
15369 15399
15369 15370
15399 15429
15399 15400
15429 15459
15429 15430
15459 15489
15459 15460
15489 15519
15489 15490
15519 15549
15519 15520
15549 15550
15549 15561
15281 15562
15281 13462
15281 15563
15562 15564
15562 13463
15562 15565
15564 15566
15564 13464
15564 15567
15566 15568
15566 13465
15566 15569
15568 15570
15568 13466
15568 15571
15570 15572
15570 13467
15570 15573
15572 15574
15572 13468
15572 15575
15574 15576
15574 13469
15574 15577
15576 15578
15576 13470
15576 15579
15578 13471
15578 15580
15578 15581
15311 15582
15311 15583
15311 15584
15582 15585
15582 15586
15582 15587
15585 15588
15585 15589
15585 15590
15588 15591
15588 15592
15588 15593
15591 15594
15591 15595
15591 15596
15594 15597
15594 15598
15594 15599
15597 15600
15597 15601
15597 15602
15600 15603
15600 15604
15600 15605
15603 15606
15603 15607
15603 15608
15606 15609
15606 15610
15606 15611
15341 15612
15341 15613
15341 15614
15612 15615
15612 15616
15612 15617
15615 15618
15615 15619
15615 15620
15618 15621
15618 15622
15618 15623
15621 15624
15621 15625
15621 15626
15624 15627
15624 15628
15624 15629
15627 15630
15627 15631
15627 15632
15630 15633
15630 15634
15630 15635
15633 15636
15633 15637
15633 15638
15636 15639
15636 15640
15636 15641
15371 15642
15371 15643
15371 15644
15642 15645
15642 15646
15642 15647
15645 15648
15645 15649
15645 15650
15648 15651
15648 15652
15648 15653
15651 15654
15651 15655
15651 15656
15654 15657
15654 15658
15654 15659
15657 15660
15657 15661
15657 15662
15660 15663
15660 15664
15660 15665
15663 15666
15663 15667
15663 15668
15666 15669
15666 15670
15666 15671
15401 15672
15401 15673
15401 15674
15672 15675
15672 15676
15672 15677
15675 15678
15675 15679
15675 15680
15678 15681
15678 15682
15678 15683
15681 15684
15681 15685
15681 15686
15684 15687
15684 15688
15684 15689
15687 15690
15687 15691
15687 15692
15690 15693
15690 15694
15690 15695
15693 15696
15693 15697
15693 15698
15696 15699
15696 15700
15696 15701
15431 15702
15431 15703
15431 15704
15702 15705
15702 15706
15702 15707
15705 15708
15705 15709
15705 15710
15708 15711
15708 15712
15708 15713
15711 15714
15711 15715
15711 15716
15714 15717
15714 15718
15714 15719
15717 15720
15717 15721
15717 15722
15720 15723
15720 15724
15720 15725
15723 15726
15723 15727
15723 15728
15726 15729
15726 15730
15726 15731
15461 15732
15461 15733
15461 15734
15732 15735
15732 15736
15732 15737
15735 15738
15735 15739
15735 15740
15738 15741
15738 15742
15738 15743
15741 15744
15741 15745
15741 15746
15744 15747
15744 15748
15744 15749
15747 15750
15747 15751
15747 15752
15750 15753
15750 15754
15750 15755
15753 15756
15753 15757
15753 15758
15756 15759
15756 15760
15756 15761
15491 15762
15491 15763
15491 15764
15762 15765
15762 15766
15762 15767
15765 15768
15765 15769
15765 15770
15768 15771
15768 15772
15768 15773
15771 15774
15771 15775
15771 15776
15774 15777
15774 15778
15774 15779
15777 15780
15777 15781
15777 15782
15780 15783
15780 15784
15780 15785
15783 15786
15783 15787
15783 15788
15786 15789
15786 15790
15786 15791
15521 15792
15521 15793
15521 15794
15792 15795
15792 15796
15792 15797
15795 15798
15795 15799
15795 15800
15798 15801
15798 15802
15798 15803
15801 15804
15801 15805
15801 15806
15804 15807
15804 15808
15804 15809
15807 15810
15807 15811
15807 15812
15810 15813
15810 15814
15810 15815
15813 15816
15813 15817
15813 15818
15816 15819
15816 15820
15816 15821
15551 15822
15551 15823
15551 15824
15822 15825
15822 15826
15822 15827
15825 15828
15825 15829
15825 15830
15828 15831
15828 15832
15828 15833
15831 15834
15831 15835
15831 15836
15834 15837
15834 15838
15834 15839
15837 15840
15837 15841
15837 15842
15840 15843
15840 15844
15840 15845
15843 15846
15843 15847
15843 15848
15846 15849
15846 15850
15846 15851
13462 15583
13462 15563
15583 15613
15583 15584
15613 15643
15613 15614
15643 15673
15643 15644
15673 15703
15673 15674
15703 15733
15703 15704
15733 15763
15733 15734
15763 15793
15763 15764
15793 15823
15793 15794
15823 15824
15823 15852
13463 15586
13463 15565
15586 15616
15586 15587
15616 15646
15616 15617
15646 15676
15646 15647
15676 15706
15676 15677
15706 15736
15706 15707
15736 15766
15736 15737
15766 15796
15766 15767
15796 15826
15796 15797
15826 15827
15826 15853
13464 15589
13464 15567
15589 15619
15589 15590
15619 15649
15619 15620
15649 15679
15649 15650
15679 15709
15679 15680
15709 15739
15709 15710
15739 15769
15739 15740
15769 15799
15769 15770
15799 15829
15799 15800
15829 15830
15829 15854
13465 15592
13465 15569
15592 15622
15592 15593
15622 15652
15622 15623
15652 15682
15652 15653
15682 15712
15682 15683
15712 15742
15712 15713
15742 15772
15742 15743
15772 15802
15772 15773
15802 15832
15802 15803
15832 15833
15832 15855
13466 15595
13466 15571
15595 15625
15595 15596
15625 15655
15625 15626
15655 15685
15655 15656
15685 15715
15685 15686
15715 15745
15715 15716
15745 15775
15745 15746
15775 15805
15775 15776
15805 15835
15805 15806
15835 15836
15835 15856
13467 15598
13467 15573
15598 15628
15598 15599
15628 15658
15628 15629
15658 15688
15658 15659
15688 15718
15688 15689
15718 15748
15718 15719
15748 15778
15748 15749
15778 15808
15778 15779
15808 15838
15808 15809
15838 15839
15838 15857
13468 15601
13468 15575
15601 15631
15601 15602
15631 15661
15631 15632
15661 15691
15661 15662
15691 15721
15691 15692
15721 15751
15721 15722
15751 15781
15751 15752
15781 15811
15781 15782
15811 15841
15811 15812
15841 15842
15841 15858
13469 15604
13469 15577
15604 15634
15604 15605
15634 15664
15634 15635
15664 15694
15664 15665
15694 15724
15694 15695
15724 15754
15724 15725
15754 15784
15754 15755
15784 15814
15784 15785
15814 15844
15814 15815
15844 15845
15844 15859
13470 15607
13470 15579
15607 15637
15607 15608
15637 15667
15637 15638
15667 15697
15667 15668
15697 15727
15697 15698
15727 15757
15727 15728
15757 15787
15757 15758
15787 15817
15787 15788
15817 15847
15817 15818
15847 15848
15847 15860
13471 15609
13471 15580
15609 15639
15609 15610
15639 15669
15639 15640
15669 15699
15669 15670
15699 15729
15699 15700
15729 15759
15729 15730
15759 15789
15759 15760
15789 15819
15789 15790
15819 15849
15819 15820
15849 15850
15849 15861
15581 15862
15581 13762
15581 15863
15862 15864
15862 13763
15862 15865
15864 15866
15864 13764
15864 15867
15866 15868
15866 13765
15866 15869
15868 15870
15868 13766
15868 15871
15870 15872
15870 13767
15870 15873
15872 15874
15872 13768
15872 15875
15874 15876
15874 13769
15874 15877
15876 15878
15876 13770
15876 15879
15878 13771
15878 15880
15878 15881
15611 15882
15611 15883
15611 15884
15882 15885
15882 15886
15882 15887
15885 15888
15885 15889
15885 15890
15888 15891
15888 15892
15888 15893
15891 15894
15891 15895
15891 15896
15894 15897
15894 15898
15894 15899
15897 15900
15897 15901
15897 15902
15900 15903
15900 15904
15900 15905
15903 15906
15903 15907
15903 15908
15906 15909
15906 15910
15906 15911
15641 15912
15641 15913
15641 15914
15912 15915
15912 15916
15912 15917
15915 15918
15915 15919
15915 15920
15918 15921
15918 15922
15918 15923
15921 15924
15921 15925
15921 15926
15924 15927
15924 15928
15924 15929
15927 15930
15927 15931
15927 15932
15930 15933
15930 15934
15930 15935
15933 15936
15933 15937
15933 15938
15936 15939
15936 15940
15936 15941
15671 15942
15671 15943
15671 15944
15942 15945
15942 15946
15942 15947
15945 15948
15945 15949
15945 15950
15948 15951
15948 15952
15948 15953
15951 15954
15951 15955
15951 15956
15954 15957
15954 15958
15954 15959
15957 15960
15957 15961
15957 15962
15960 15963
15960 15964
15960 15965
15963 15966
15963 15967
15963 15968
15966 15969
15966 15970
15966 15971
15701 15972
15701 15973
15701 15974
15972 15975
15972 15976
15972 15977
15975 15978
15975 15979
15975 15980
15978 15981
15978 15982
15978 15983
15981 15984
15981 15985
15981 15986
15984 15987
15984 15988
15984 15989
15987 15990
15987 15991
15987 15992
15990 15993
15990 15994
15990 15995
15993 15996
15993 15997
15993 15998
15996 15999
15996 16000
15996 16001
15731 16002
15731 16003
15731 16004
16002 16005
16002 16006
16002 16007
16005 16008
16005 16009
16005 16010
16008 16011
16008 16012
16008 16013
16011 16014
16011 16015
16011 16016
16014 16017
16014 16018
16014 16019
16017 16020
16017 16021
16017 16022
16020 16023
16020 16024
16020 16025
16023 16026
16023 16027
16023 16028
16026 16029
16026 16030
16026 16031
15761 16032
15761 16033
15761 16034
16032 16035
16032 16036
16032 16037
16035 16038
16035 16039
16035 16040
16038 16041
16038 16042
16038 16043
16041 16044
16041 16045
16041 16046
16044 16047
16044 16048
16044 16049
16047 16050
16047 16051
16047 16052
16050 16053
16050 16054
16050 16055
16053 16056
16053 16057
16053 16058
16056 16059
16056 16060
16056 16061
15791 16062
15791 16063
15791 16064
16062 16065
16062 16066
16062 16067
16065 16068
16065 16069
16065 16070
16068 16071
16068 16072
16068 16073
16071 16074
16071 16075
16071 16076
16074 16077
16074 16078
16074 16079
16077 16080
16077 16081
16077 16082
16080 16083
16080 16084
16080 16085
16083 16086
16083 16087
16083 16088
16086 16089
16086 16090
16086 16091
15821 16092
15821 16093
15821 16094
16092 16095
16092 16096
16092 16097
16095 16098
16095 16099
16095 16100
16098 16101
16098 16102
16098 16103
16101 16104
16101 16105
16101 16106
16104 16107
16104 16108
16104 16109
16107 16110
16107 16111
16107 16112
16110 16113
16110 16114
16110 16115
16113 16116
16113 16117
16113 16118
16116 16119
16116 16120
16116 16121
15851 16122
15851 16123
15851 16124
16122 16125
16122 16126
16122 16127
16125 16128
16125 16129
16125 16130
16128 16131
16128 16132
16128 16133
16131 16134
16131 16135
16131 16136
16134 16137
16134 16138
16134 16139
16137 16140
16137 16141
16137 16142
16140 16143
16140 16144
16140 16145
16143 16146
16143 16147
16143 16148
16146 16149
16146 16150
16146 16151
13762 15883
13762 15863
15883 15913
15883 15884
15913 15943
15913 15914
15943 15973
15943 15944
15973 16003
15973 15974
16003 16033
16003 16004
16033 16063
16033 16034
16063 16093
16063 16064
16093 16123
16093 16094
16123 16124
16123 16152
13763 15886
13763 15865
15886 15916
15886 15887
15916 15946
15916 15917
15946 15976
15946 15947
15976 16006
15976 15977
16006 16036
16006 16007
16036 16066
16036 16037
16066 16096
16066 16067
16096 16126
16096 16097
16126 16127
16126 16153
13764 15889
13764 15867
15889 15919
15889 15890
15919 15949
15919 15920
15949 15979
15949 15950
15979 16009
15979 15980
16009 16039
16009 16010
16039 16069
16039 16040
16069 16099
16069 16070
16099 16129
16099 16100
16129 16130
16129 16154
13765 15892
13765 15869
15892 15922
15892 15893
15922 15952
15922 15923
15952 15982
15952 15953
15982 16012
15982 15983
16012 16042
16012 16013
16042 16072
16042 16043
16072 16102
16072 16073
16102 16132
16102 16103
16132 16133
16132 16155
13766 15895
13766 15871
15895 15925
15895 15896
15925 15955
15925 15926
15955 15985
15955 15956
15985 16015
15985 15986
16015 16045
16015 16016
16045 16075
16045 16046
16075 16105
16075 16076
16105 16135
16105 16106
16135 16136
16135 16156
13767 15898
13767 15873
15898 15928
15898 15899
15928 15958
15928 15929
15958 15988
15958 15959
15988 16018
15988 15989
16018 16048
16018 16019
16048 16078
16048 16049
16078 16108
16078 16079
16108 16138
16108 16109
16138 16139
16138 16157
13768 15901
13768 15875
15901 15931
15901 15902
15931 15961
15931 15932
15961 15991
15961 15962
15991 16021
15991 15992
16021 16051
16021 16022
16051 16081
16051 16052
16081 16111
16081 16082
16111 16141
16111 16112
16141 16142
16141 16158
13769 15904
13769 15877
15904 15934
15904 15905
15934 15964
15934 15935
15964 15994
15964 15965
15994 16024
15994 15995
16024 16054
16024 16025
16054 16084
16054 16055
16084 16114
16084 16085
16114 16144
16114 16115
16144 16145
16144 16159
13770 15907
13770 15879
15907 15937
15907 15908
15937 15967
15937 15938
15967 15997
15967 15968
15997 16027
15997 15998
16027 16057
16027 16028
16057 16087
16057 16058
16087 16117
16087 16088
16117 16147
16117 16118
16147 16148
16147 16160
13771 15909
13771 15880
15909 15939
15909 15910
15939 15969
15939 15940
15969 15999
15969 15970
15999 16029
15999 16000
16029 16059
16029 16030
16059 16089
16059 16060
16089 16119
16089 16090
16119 16149
16119 16120
16149 16150
16149 16161
15881 16162
15881 14062
15881 16163
16162 16164
16162 14063
16162 16165
16164 16166
16164 14064
16164 16167
16166 16168
16166 14065
16166 16169
16168 16170
16168 14066
16168 16171
16170 16172
16170 14067
16170 16173
16172 16174
16172 14068
16172 16175
16174 16176
16174 14069
16174 16177
16176 16178
16176 14070
16176 16179
16178 14071
16178 16180
16178 16181
15911 16182
15911 16183
15911 16184
16182 16185
16182 16186
16182 16187
16185 16188
16185 16189
16185 16190
16188 16191
16188 16192
16188 16193
16191 16194
16191 16195
16191 16196
16194 16197
16194 16198
16194 16199
16197 16200
16197 16201
16197 16202
16200 16203
16200 16204
16200 16205
16203 16206
16203 16207
16203 16208
16206 16209
16206 16210
16206 16211
15941 16212
15941 16213
15941 16214
16212 16215
16212 16216
16212 16217
16215 16218
16215 16219
16215 16220
16218 16221
16218 16222
16218 16223
16221 16224
16221 16225
16221 16226
16224 16227
16224 16228
16224 16229
16227 16230
16227 16231
16227 16232
16230 16233
16230 16234
16230 16235
16233 16236
16233 16237
16233 16238
16236 16239
16236 16240
16236 16241
15971 16242
15971 16243
15971 16244
16242 16245
16242 16246
16242 16247
16245 16248
16245 16249
16245 16250
16248 16251
16248 16252
16248 16253
16251 16254
16251 16255
16251 16256
16254 16257
16254 16258
16254 16259
16257 16260
16257 16261
16257 16262
16260 16263
16260 16264
16260 16265
16263 16266
16263 16267
16263 16268
16266 16269
16266 16270
16266 16271
16001 16272
16001 16273
16001 16274
16272 16275
16272 16276
16272 16277
16275 16278
16275 16279
16275 16280
16278 16281
16278 16282
16278 16283
16281 16284
16281 16285
16281 16286
16284 16287
16284 16288
16284 16289
16287 16290
16287 16291
16287 16292
16290 16293
16290 16294
16290 16295
16293 16296
16293 16297
16293 16298
16296 16299
16296 16300
16296 16301
16031 16302
16031 16303
16031 16304
16302 16305
16302 16306
16302 16307
16305 16308
16305 16309
16305 16310
16308 16311
16308 16312
16308 16313
16311 16314
16311 16315
16311 16316
16314 16317
16314 16318
16314 16319
16317 16320
16317 16321
16317 16322
16320 16323
16320 16324
16320 16325
16323 16326
16323 16327
16323 16328
16326 16329
16326 16330
16326 16331
16061 16332
16061 16333
16061 16334
16332 16335
16332 16336
16332 16337
16335 16338
16335 16339
16335 16340
16338 16341
16338 16342
16338 16343
16341 16344
16341 16345
16341 16346
16344 16347
16344 16348
16344 16349
16347 16350
16347 16351
16347 16352
16350 16353
16350 16354
16350 16355
16353 16356
16353 16357
16353 16358
16356 16359
16356 16360
16356 16361
16091 16362
16091 16363
16091 16364
16362 16365
16362 16366
16362 16367
16365 16368
16365 16369
16365 16370
16368 16371
16368 16372
16368 16373
16371 16374
16371 16375
16371 16376
16374 16377
16374 16378
16374 16379
16377 16380
16377 16381
16377 16382
16380 16383
16380 16384
16380 16385
16383 16386
16383 16387
16383 16388
16386 16389
16386 16390
16386 16391
16121 16392
16121 16393
16121 16394
16392 16395
16392 16396
16392 16397
16395 16398
16395 16399
16395 16400
16398 16401
16398 16402
16398 16403
16401 16404
16401 16405
16401 16406
16404 16407
16404 16408
16404 16409
16407 16410
16407 16411
16407 16412
16410 16413
16410 16414
16410 16415
16413 16416
16413 16417
16413 16418
16416 16419
16416 16420
16416 16421
16151 16422
16151 16423
16151 16424
16422 16425
16422 16426
16422 16427
16425 16428
16425 16429
16425 16430
16428 16431
16428 16432
16428 16433
16431 16434
16431 16435
16431 16436
16434 16437
16434 16438
16434 16439
16437 16440
16437 16441
16437 16442
16440 16443
16440 16444
16440 16445
16443 16446
16443 16447
16443 16448
16446 16449
16446 16450
16446 16451
14062 16183
14062 16163
16183 16213
16183 16184
16213 16243
16213 16214
16243 16273
16243 16244
16273 16303
16273 16274
16303 16333
16303 16304
16333 16363
16333 16334
16363 16393
16363 16364
16393 16423
16393 16394
16423 16424
16423 16452
14063 16186
14063 16165
16186 16216
16186 16187
16216 16246
16216 16217
16246 16276
16246 16247
16276 16306
16276 16277
16306 16336
16306 16307
16336 16366
16336 16337
16366 16396
16366 16367
16396 16426
16396 16397
16426 16427
16426 16453
14064 16189
14064 16167
16189 16219
16189 16190
16219 16249
16219 16220
16249 16279
16249 16250
16279 16309
16279 16280
16309 16339
16309 16310
16339 16369
16339 16340
16369 16399
16369 16370
16399 16429
16399 16400
16429 16430
16429 16454
14065 16192
14065 16169
16192 16222
16192 16193
16222 16252
16222 16223
16252 16282
16252 16253
16282 16312
16282 16283
16312 16342
16312 16313
16342 16372
16342 16343
16372 16402
16372 16373
16402 16432
16402 16403
16432 16433
16432 16455
14066 16195
14066 16171
16195 16225
16195 16196
16225 16255
16225 16226
16255 16285
16255 16256
16285 16315
16285 16286
16315 16345
16315 16316
16345 16375
16345 16346
16375 16405
16375 16376
16405 16435
16405 16406
16435 16436
16435 16456
14067 16198
14067 16173
16198 16228
16198 16199
16228 16258
16228 16229
16258 16288
16258 16259
16288 16318
16288 16289
16318 16348
16318 16319
16348 16378
16348 16349
16378 16408
16378 16379
16408 16438
16408 16409
16438 16439
16438 16457
14068 16201
14068 16175
16201 16231
16201 16202
16231 16261
16231 16232
16261 16291
16261 16262
16291 16321
16291 16292
16321 16351
16321 16322
16351 16381
16351 16352
16381 16411
16381 16382
16411 16441
16411 16412
16441 16442
16441 16458
14069 16204
14069 16177
16204 16234
16204 16205
16234 16264
16234 16235
16264 16294
16264 16265
16294 16324
16294 16295
16324 16354
16324 16325
16354 16384
16354 16355
16384 16414
16384 16385
16414 16444
16414 16415
16444 16445
16444 16459
14070 16207
14070 16179
16207 16237
16207 16208
16237 16267
16237 16238
16267 16297
16267 16268
16297 16327
16297 16298
16327 16357
16327 16328
16357 16387
16357 16358
16387 16417
16387 16388
16417 16447
16417 16418
16447 16448
16447 16460
14071 16209
14071 16180
16209 16239
16209 16210
16239 16269
16239 16240
16269 16299
16269 16270
16299 16329
16299 16300
16329 16359
16329 16330
16359 16389
16359 16360
16389 16419
16389 16390
16419 16449
16419 16420
16449 16450
16449 16461
16181 16462
16181 14362
16181 16463
16462 16464
16462 14363
16462 16465
16464 16466
16464 14364
16464 16467
16466 16468
16466 14365
16466 16469
16468 16470
16468 14366
16468 16471
16470 16472
16470 14367
16470 16473
16472 16474
16472 14368
16472 16475
16474 16476
16474 14369
16474 16477
16476 16478
16476 14370
16476 16479
16478 14371
16478 16480
16478 16481
16211 16482
16211 16483
16211 16484
16482 16485
16482 16486
16482 16487
16485 16488
16485 16489
16485 16490
16488 16491
16488 16492
16488 16493
16491 16494
16491 16495
16491 16496
16494 16497
16494 16498
16494 16499
16497 16500
16497 16501
16497 16502
16500 16503
16500 16504
16500 16505
16503 16506
16503 16507
16503 16508
16506 16509
16506 16510
16506 16511
16241 16512
16241 16513
16241 16514
16512 16515
16512 16516
16512 16517
16515 16518
16515 16519
16515 16520
16518 16521
16518 16522
16518 16523
16521 16524
16521 16525
16521 16526
16524 16527
16524 16528
16524 16529
16527 16530
16527 16531
16527 16532
16530 16533
16530 16534
16530 16535
16533 16536
16533 16537
16533 16538
16536 16539
16536 16540
16536 16541
16271 16542
16271 16543
16271 16544
16542 16545
16542 16546
16542 16547
16545 16548
16545 16549
16545 16550
16548 16551
16548 16552
16548 16553
16551 16554
16551 16555
16551 16556
16554 16557
16554 16558
16554 16559
16557 16560
16557 16561
16557 16562
16560 16563
16560 16564
16560 16565
16563 16566
16563 16567
16563 16568
16566 16569
16566 16570
16566 16571
16301 16572
16301 16573
16301 16574
16572 16575
16572 16576
16572 16577
16575 16578
16575 16579
16575 16580
16578 16581
16578 16582
16578 16583
16581 16584
16581 16585
16581 16586
16584 16587
16584 16588
16584 16589
16587 16590
16587 16591
16587 16592
16590 16593
16590 16594
16590 16595
16593 16596
16593 16597
16593 16598
16596 16599
16596 16600
16596 16601
16331 16602
16331 16603
16331 16604
16602 16605
16602 16606
16602 16607
16605 16608
16605 16609
16605 16610
16608 16611
16608 16612
16608 16613
16611 16614
16611 16615
16611 16616
16614 16617
16614 16618
16614 16619
16617 16620
16617 16621
16617 16622
16620 16623
16620 16624
16620 16625
16623 16626
16623 16627
16623 16628
16626 16629
16626 16630
16626 16631
16361 16632
16361 16633
16361 16634
16632 16635
16632 16636
16632 16637
16635 16638
16635 16639
16635 16640
16638 16641
16638 16642
16638 16643
16641 16644
16641 16645
16641 16646
16644 16647
16644 16648
16644 16649
16647 16650
16647 16651
16647 16652
16650 16653
16650 16654
16650 16655
16653 16656
16653 16657
16653 16658
16656 16659
16656 16660
16656 16661
16391 16662
16391 16663
16391 16664
16662 16665
16662 16666
16662 16667
16665 16668
16665 16669
16665 16670
16668 16671
16668 16672
16668 16673
16671 16674
16671 16675
16671 16676
16674 16677
16674 16678
16674 16679
16677 16680
16677 16681
16677 16682
16680 16683
16680 16684
16680 16685
16683 16686
16683 16687
16683 16688
16686 16689
16686 16690
16686 16691
16421 16692
16421 16693
16421 16694
16692 16695
16692 16696
16692 16697
16695 16698
16695 16699
16695 16700
16698 16701
16698 16702
16698 16703
16701 16704
16701 16705
16701 16706
16704 16707
16704 16708
16704 16709
16707 16710
16707 16711
16707 16712
16710 16713
16710 16714
16710 16715
16713 16716
16713 16717
16713 16718
16716 16719
16716 16720
16716 16721
16451 16722
16451 16723
16451 16724
16722 16725
16722 16726
16722 16727
16725 16728
16725 16729
16725 16730
16728 16731
16728 16732
16728 16733
16731 16734
16731 16735
16731 16736
16734 16737
16734 16738
16734 16739
16737 16740
16737 16741
16737 16742
16740 16743
16740 16744
16740 16745
16743 16746
16743 16747
16743 16748
16746 16749
16746 16750
16746 16751
14362 16483
14362 16463
16483 16513
16483 16484
16513 16543
16513 16514
16543 16573
16543 16544
16573 16603
16573 16574
16603 16633
16603 16604
16633 16663
16633 16634
16663 16693
16663 16664
16693 16723
16693 16694
16723 16724
16723 16752
14363 16486
14363 16465
16486 16516
16486 16487
16516 16546
16516 16517
16546 16576
16546 16547
16576 16606
16576 16577
16606 16636
16606 16607
16636 16666
16636 16637
16666 16696
16666 16667
16696 16726
16696 16697
16726 16727
16726 16753
14364 16489
14364 16467
16489 16519
16489 16490
16519 16549
16519 16520
16549 16579
16549 16550
16579 16609
16579 16580
16609 16639
16609 16610
16639 16669
16639 16640
16669 16699
16669 16670
16699 16729
16699 16700
16729 16730
16729 16754
14365 16492
14365 16469
16492 16522
16492 16493
16522 16552
16522 16523
16552 16582
16552 16553
16582 16612
16582 16583
16612 16642
16612 16613
16642 16672
16642 16643
16672 16702
16672 16673
16702 16732
16702 16703
16732 16733
16732 16755
14366 16495
14366 16471
16495 16525
16495 16496
16525 16555
16525 16526
16555 16585
16555 16556
16585 16615
16585 16586
16615 16645
16615 16616
16645 16675
16645 16646
16675 16705
16675 16676
16705 16735
16705 16706
16735 16736
16735 16756
14367 16498
14367 16473
16498 16528
16498 16499
16528 16558
16528 16529
16558 16588
16558 16559
16588 16618
16588 16589
16618 16648
16618 16619
16648 16678
16648 16649
16678 16708
16678 16679
16708 16738
16708 16709
16738 16739
16738 16757
14368 16501
14368 16475
16501 16531
16501 16502
16531 16561
16531 16532
16561 16591
16561 16562
16591 16621
16591 16592
16621 16651
16621 16622
16651 16681
16651 16652
16681 16711
16681 16682
16711 16741
16711 16712
16741 16742
16741 16758
14369 16504
14369 16477
16504 16534
16504 16505
16534 16564
16534 16535
16564 16594
16564 16565
16594 16624
16594 16595
16624 16654
16624 16625
16654 16684
16654 16655
16684 16714
16684 16685
16714 16744
16714 16715
16744 16745
16744 16759
14370 16507
14370 16479
16507 16537
16507 16508
16537 16567
16537 16538
16567 16597
16567 16568
16597 16627
16597 16598
16627 16657
16627 16628
16657 16687
16657 16658
16687 16717
16687 16688
16717 16747
16717 16718
16747 16748
16747 16760
14371 16509
14371 16480
16509 16539
16509 16510
16539 16569
16539 16540
16569 16599
16569 16570
16599 16629
16599 16600
16629 16659
16629 16630
16659 16689
16659 16660
16689 16719
16689 16690
16719 16749
16719 16720
16749 16750
16749 16761
16481 16762
16481 14652
16481 16763
16762 16764
16762 14653
16762 16765
16764 16766
16764 14654
16764 16767
16766 16768
16766 14655
16766 16769
16768 16770
16768 14656
16768 16771
16770 16772
16770 14657
16770 16773
16772 16774
16772 14658
16772 16775
16774 16776
16774 14659
16774 16777
16776 16778
16776 14660
16776 16779
16778 14661
16778 16780
16511 16781
16511 16782
16511 16783
16781 16784
16781 16785
16781 16786
16784 16787
16784 16788
16784 16789
16787 16790
16787 16791
16787 16792
16790 16793
16790 16794
16790 16795
16793 16796
16793 16797
16793 16798
16796 16799
16796 16800
16796 16801
16799 16802
16799 16803
16799 16804
16802 16805
16802 16806
16802 16807
16805 16808
16805 16809
16541 16810
16541 16811
16541 16812
16810 16813
16810 16814
16810 16815
16813 16816
16813 16817
16813 16818
16816 16819
16816 16820
16816 16821
16819 16822
16819 16823
16819 16824
16822 16825
16822 16826
16822 16827
16825 16828
16825 16829
16825 16830
16828 16831
16828 16832
16828 16833
16831 16834
16831 16835
16831 16836
16834 16837
16834 16838
16571 16839
16571 16840
16571 16841
16839 16842
16839 16843
16839 16844
16842 16845
16842 16846
16842 16847
16845 16848
16845 16849
16845 16850
16848 16851
16848 16852
16848 16853
16851 16854
16851 16855
16851 16856
16854 16857
16854 16858
16854 16859
16857 16860
16857 16861
16857 16862
16860 16863
16860 16864
16860 16865
16863 16866
16863 16867
16601 16868
16601 16869
16601 16870
16868 16871
16868 16872
16868 16873
16871 16874
16871 16875
16871 16876
16874 16877
16874 16878
16874 16879
16877 16880
16877 16881
16877 16882
16880 16883
16880 16884
16880 16885
16883 16886
16883 16887
16883 16888
16886 16889
16886 16890
16886 16891
16889 16892
16889 16893
16889 16894
16892 16895
16892 16896
16631 16897
16631 16898
16631 16899
16897 16900
16897 16901
16897 16902
16900 16903
16900 16904
16900 16905
16903 16906
16903 16907
16903 16908
16906 16909
16906 16910
16906 16911
16909 16912
16909 16913
16909 16914
16912 16915
16912 16916
16912 16917
16915 16918
16915 16919
16915 16920
16918 16921
16918 16922
16918 16923
16921 16924
16921 16925
16661 16926
16661 16927
16661 16928
16926 16929
16926 16930
16926 16931
16929 16932
16929 16933
16929 16934
16932 16935
16932 16936
16932 16937
16935 16938
16935 16939
16935 16940
16938 16941
16938 16942
16938 16943
16941 16944
16941 16945
16941 16946
16944 16947
16944 16948
16944 16949
16947 16950
16947 16951
16947 16952
16950 16953
16950 16954
16691 16955
16691 16956
16691 16957
16955 16958
16955 16959
16955 16960
16958 16961
16958 16962
16958 16963
16961 16964
16961 16965
16961 16966
16964 16967
16964 16968
16964 16969
16967 16970
16967 16971
16967 16972
16970 16973
16970 16974
16970 16975
16973 16976
16973 16977
16973 16978
16976 16979
16976 16980
16976 16981
16979 16982
16979 16983
16721 16984
16721 16985
16721 16986
16984 16987
16984 16988
16984 16989
16987 16990
16987 16991
16987 16992
16990 16993
16990 16994
16990 16995
16993 16996
16993 16997
16993 16998
16996 16999
16996 17000
16996 17001
16999 17002
16999 17003
16999 17004
17002 17005
17002 17006
17002 17007
17005 17008
17005 17009
17005 17010
17008 17011
17008 17012
16751 17013
16751 17014
16751 17015
17013 17016
17013 17017
17013 17018
17016 17019
17016 17020
17016 17021
17019 17022
17019 17023
17019 17024
17022 17025
17022 17026
17022 17027
17025 17028
17025 17029
17025 17030
17028 17031
17028 17032
17028 17033
17031 17034
17031 17035
17031 17036
17034 17037
17034 17038
17034 17039
17037 17040
17037 17041
14652 16782
14652 16763
16782 16811
16782 16783
16811 16840
16811 16812
16840 16869
16840 16841
16869 16898
16869 16870
16898 16927
16898 16899
16927 16956
16927 16928
16956 16985
16956 16957
16985 17014
16985 16986
17014 17015
17014 17042
14653 16785
14653 16765
16785 16814
16785 16786
16814 16843
16814 16815
16843 16872
16843 16844
16872 16901
16872 16873
16901 16930
16901 16902
16930 16959
16930 16931
16959 16988
16959 16960
16988 17017
16988 16989
17017 17018
17017 17043
14654 16788
14654 16767
16788 16817
16788 16789
16817 16846
16817 16818
16846 16875
16846 16847
16875 16904
16875 16876
16904 16933
16904 16905
16933 16962
16933 16934
16962 16991
16962 16963
16991 17020
16991 16992
17020 17021
17020 17044
14655 16791
14655 16769
16791 16820
16791 16792
16820 16849
16820 16821
16849 16878
16849 16850
16878 16907
16878 16879
16907 16936
16907 16908
16936 16965
16936 16937
16965 16994
16965 16966
16994 17023
16994 16995
17023 17024
17023 17045
14656 16794
14656 16771
16794 16823
16794 16795
16823 16852
16823 16824
16852 16881
16852 16853
16881 16910
16881 16882
16910 16939
16910 16911
16939 16968
16939 16940
16968 16997
16968 16969
16997 17026
16997 16998
17026 17027
17026 17046
14657 16797
14657 16773
16797 16826
16797 16798
16826 16855
16826 16827
16855 16884
16855 16856
16884 16913
16884 16885
16913 16942
16913 16914
16942 16971
16942 16943
16971 17000
16971 16972
17000 17029
17000 17001
17029 17030
17029 17047
14658 16800
14658 16775
16800 16829
16800 16801
16829 16858
16829 16830
16858 16887
16858 16859
16887 16916
16887 16888
16916 16945
16916 16917
16945 16974
16945 16946
16974 17003
16974 16975
17003 17032
17003 17004
17032 17033
17032 17048
14659 16803
14659 16777
16803 16832
16803 16804
16832 16861
16832 16833
16861 16890
16861 16862
16890 16919
16890 16891
16919 16948
16919 16920
16948 16977
16948 16949
16977 17006
16977 16978
17006 17035
17006 17007
17035 17036
17035 17049
14660 16806
14660 16779
16806 16835
16806 16807
16835 16864
16835 16836
16864 16893
16864 16865
16893 16922
16893 16894
16922 16951
16922 16923
16951 16980
16951 16952
16980 17009
16980 16981
17009 17038
17009 17010
17038 17039
17038 17050
14661 16808
14661 16780
16808 16837
16808 16809
16837 16866
16837 16838
16866 16895
16866 16867
16895 16924
16895 16896
16924 16953
16924 16925
16953 16982
16953 16954
16982 17011
16982 16983
17011 17040
17011 17012
17040 17041
17040 17051
211 17052
211 14952
211 17053
17052 17054
17052 14953
17052 17055
17054 17056
17054 14954
17054 17057
17056 17058
17056 14955
17056 17059
17058 17060
17058 14956
17058 17061
17060 17062
17060 14957
17060 17063
17062 17064
17062 14958
17062 17065
17064 17066
17064 14959
17064 17067
17066 17068
17066 14960
17066 17069
17068 14961
17068 17070
17068 17071
214 17072
214 17073
214 17074
17072 17075
17072 17076
17072 17077
17075 17078
17075 17079
17075 17080
17078 17081
17078 17082
17078 17083
17081 17084
17081 17085
17081 17086
17084 17087
17084 17088
17084 17089
17087 17090
17087 17091
17087 17092
17090 17093
17090 17094
17090 17095
17093 17096
17093 17097
17093 17098
17096 17099
17096 17100
17096 17101
217 17102
217 17103
217 17104
17102 17105
17102 17106
17102 17107
17105 17108
17105 17109
17105 17110
17108 17111
17108 17112
17108 17113
17111 17114
17111 17115
17111 17116
17114 17117
17114 17118
17114 17119
17117 17120
17117 17121
17117 17122
17120 17123
17120 17124
17120 17125
17123 17126
17123 17127
17123 17128
17126 17129
17126 17130
17126 17131
220 17132
220 17133
220 17134
17132 17135
17132 17136
17132 17137
17135 17138
17135 17139
17135 17140
17138 17141
17138 17142
17138 17143
17141 17144
17141 17145
17141 17146
17144 17147
17144 17148
17144 17149
17147 17150
17147 17151
17147 17152
17150 17153
17150 17154
17150 17155
17153 17156
17153 17157
17153 17158
17156 17159
17156 17160
17156 17161
223 17162
223 17163
223 17164
17162 17165
17162 17166
17162 17167
17165 17168
17165 17169
17165 17170
17168 17171
17168 17172
17168 17173
17171 17174
17171 17175
17171 17176
17174 17177
17174 17178
17174 17179
17177 17180
17177 17181
17177 17182
17180 17183
17180 17184
17180 17185
17183 17186
17183 17187
17183 17188
17186 17189
17186 17190
17186 17191
226 17192
226 17193
226 17194
17192 17195
17192 17196
17192 17197
17195 17198
17195 17199
17195 17200
17198 17201
17198 17202
17198 17203
17201 17204
17201 17205
17201 17206
17204 17207
17204 17208
17204 17209
17207 17210
17207 17211
17207 17212
17210 17213
17210 17214
17210 17215
17213 17216
17213 17217
17213 17218
17216 17219
17216 17220
17216 17221
229 17222
229 17223
229 17224
17222 17225
17222 17226
17222 17227
17225 17228
17225 17229
17225 17230
17228 17231
17228 17232
17228 17233
17231 17234
17231 17235
17231 17236
17234 17237
17234 17238
17234 17239
17237 17240
17237 17241
17237 17242
17240 17243
17240 17244
17240 17245
17243 17246
17243 17247
17243 17248
17246 17249
17246 17250
17246 17251
232 17252
232 17253
232 17254
17252 17255
17252 17256
17252 17257
17255 17258
17255 17259
17255 17260
17258 17261
17258 17262
17258 17263
17261 17264
17261 17265
17261 17266
17264 17267
17264 17268
17264 17269
17267 17270
17267 17271
17267 17272
17270 17273
17270 17274
17270 17275
17273 17276
17273 17277
17273 17278
17276 17279
17276 17280
17276 17281
235 17282
235 17283
235 17284
17282 17285
17282 17286
17282 17287
17285 17288
17285 17289
17285 17290
17288 17291
17288 17292
17288 17293
17291 17294
17291 17295
17291 17296
17294 17297
17294 17298
17294 17299
17297 17300
17297 17301
17297 17302
17300 17303
17300 17304
17300 17305
17303 17306
17303 17307
17303 17308
17306 17309
17306 17310
17306 17311
238 17312
238 17313
238 17314
17312 17315
17312 17316
17312 17317
17315 17318
17315 17319
17315 17320
17318 17321
17318 17322
17318 17323
17321 17324
17321 17325
17321 17326
17324 17327
17324 17328
17324 17329
17327 17330
17327 17331
17327 17332
17330 17333
17330 17334
17330 17335
17333 17336
17333 17337
17333 17338
17336 17339
17336 17340
17336 17341
14952 17073
14952 17053
17073 17103
17073 17074
17103 17133
17103 17104
17133 17163
17133 17134
17163 17193
17163 17164
17193 17223
17193 17194
17223 17253
17223 17224
17253 17283
17253 17254
17283 17313
17283 17284
17313 17314
14953 17076
14953 17055
17076 17106
17076 17077
17106 17136
17106 17107
17136 17166
17136 17137
17166 17196
17166 17167
17196 17226
17196 17197
17226 17256
17226 17227
17256 17286
17256 17257
17286 17316
17286 17287
17316 17317
14954 17079
14954 17057
17079 17109
17079 17080
17109 17139
17109 17110
17139 17169
17139 17140
17169 17199
17169 17170
17199 17229
17199 17200
17229 17259
17229 17230
17259 17289
17259 17260
17289 17319
17289 17290
17319 17320
14955 17082
14955 17059
17082 17112
17082 17083
17112 17142
17112 17113
17142 17172
17142 17143
17172 17202
17172 17173
17202 17232
17202 17203
17232 17262
17232 17233
17262 17292
17262 17263
17292 17322
17292 17293
17322 17323
14956 17085
14956 17061
17085 17115
17085 17086
17115 17145
17115 17116
17145 17175
17145 17146
17175 17205
17175 17176
17205 17235
17205 17206
17235 17265
17235 17236
17265 17295
17265 17266
17295 17325
17295 17296
17325 17326
14957 17088
14957 17063
17088 17118
17088 17089
17118 17148
17118 17119
17148 17178
17148 17149
17178 17208
17178 17179
17208 17238
17208 17209
17238 17268
17238 17239
17268 17298
17268 17269
17298 17328
17298 17299
17328 17329
14958 17091
14958 17065
17091 17121
17091 17092
17121 17151
17121 17122
17151 17181
17151 17152
17181 17211
17181 17182
17211 17241
17211 17212
17241 17271
17241 17242
17271 17301
17271 17272
17301 17331
17301 17302
17331 17332
14959 17094
14959 17067
17094 17124
17094 17095
17124 17154
17124 17125
17154 17184
17154 17155
17184 17214
17184 17185
17214 17244
17214 17215
17244 17274
17244 17245
17274 17304
17274 17275
17304 17334
17304 17305
17334 17335
14960 17097
14960 17069
17097 17127
17097 17098
17127 17157
17127 17128
17157 17187
17157 17158
17187 17217
17187 17188
17217 17247
17217 17218
17247 17277
17247 17248
17277 17307
17277 17278
17307 17337
17307 17308
17337 17338
14961 17099
14961 17070
17099 17129
17099 17100
17129 17159
17129 17130
17159 17189
17159 17160
17189 17219
17189 17190
17219 17249
17219 17220
17249 17279
17249 17250
17279 17309
17279 17280
17309 17339
17309 17310
17339 17340
17071 17342
17071 15252
17071 17343
17342 17344
17342 15253
17342 17345
17344 17346
17344 15254
17344 17347
17346 17348
17346 15255
17346 17349
17348 17350
17348 15256
17348 17351
17350 17352
17350 15257
17350 17353
17352 17354
17352 15258
17352 17355
17354 17356
17354 15259
17354 17357
17356 17358
17356 15260
17356 17359
17358 15261
17358 17360
17358 17361
17101 17362
17101 17363
17101 17364
17362 17365
17362 17366
17362 17367
17365 17368
17365 17369
17365 17370
17368 17371
17368 17372
17368 17373
17371 17374
17371 17375
17371 17376
17374 17377
17374 17378
17374 17379
17377 17380
17377 17381
17377 17382
17380 17383
17380 17384
17380 17385
17383 17386
17383 17387
17383 17388
17386 17389
17386 17390
17386 17391
17131 17392
17131 17393
17131 17394
17392 17395
17392 17396
17392 17397
17395 17398
17395 17399
17395 17400
17398 17401
17398 17402
17398 17403
17401 17404
17401 17405
17401 17406
17404 17407
17404 17408
17404 17409
17407 17410
17407 17411
17407 17412
17410 17413
17410 17414
17410 17415
17413 17416
17413 17417
17413 17418
17416 17419
17416 17420
17416 17421
17161 17422
17161 17423
17161 17424
17422 17425
17422 17426
17422 17427
17425 17428
17425 17429
17425 17430
17428 17431
17428 17432
17428 17433
17431 17434
17431 17435
17431 17436
17434 17437
17434 17438
17434 17439
17437 17440
17437 17441
17437 17442
17440 17443
17440 17444
17440 17445
17443 17446
17443 17447
17443 17448
17446 17449
17446 17450
17446 17451
17191 17452
17191 17453
17191 17454
17452 17455
17452 17456
17452 17457
17455 17458
17455 17459
17455 17460
17458 17461
17458 17462
17458 17463
17461 17464
17461 17465
17461 17466
17464 17467
17464 17468
17464 17469
17467 17470
17467 17471
17467 17472
17470 17473
17470 17474
17470 17475
17473 17476
17473 17477
17473 17478
17476 17479
17476 17480
17476 17481
17221 17482
17221 17483
17221 17484
17482 17485
17482 17486
17482 17487
17485 17488
17485 17489
17485 17490
17488 17491
17488 17492
17488 17493
17491 17494
17491 17495
17491 17496
17494 17497
17494 17498
17494 17499
17497 17500
17497 17501
17497 17502
17500 17503
17500 17504
17500 17505
17503 17506
17503 17507
17503 17508
17506 17509
17506 17510
17506 17511
17251 17512
17251 17513
17251 17514
17512 17515
17512 17516
17512 17517
17515 17518
17515 17519
17515 17520
17518 17521
17518 17522
17518 17523
17521 17524
17521 17525
17521 17526
17524 17527
17524 17528
17524 17529
17527 17530
17527 17531
17527 17532
17530 17533
17530 17534
17530 17535
17533 17536
17533 17537
17533 17538
17536 17539
17536 17540
17536 17541
17281 17542
17281 17543
17281 17544
17542 17545
17542 17546
17542 17547
17545 17548
17545 17549
17545 17550
17548 17551
17548 17552
17548 17553
17551 17554
17551 17555
17551 17556
17554 17557
17554 17558
17554 17559
17557 17560
17557 17561
17557 17562
17560 17563
17560 17564
17560 17565
17563 17566
17563 17567
17563 17568
17566 17569
17566 17570
17566 17571
17311 17572
17311 17573
17311 17574
17572 17575
17572 17576
17572 17577
17575 17578
17575 17579
17575 17580
17578 17581
17578 17582
17578 17583
17581 17584
17581 17585
17581 17586
17584 17587
17584 17588
17584 17589
17587 17590
17587 17591
17587 17592
17590 17593
17590 17594
17590 17595
17593 17596
17593 17597
17593 17598
17596 17599
17596 17600
17596 17601
17341 17602
17341 17603
17341 17604
17602 17605
17602 17606
17602 17607
17605 17608
17605 17609
17605 17610
17608 17611
17608 17612
17608 17613
17611 17614
17611 17615
17611 17616
17614 17617
17614 17618
17614 17619
17617 17620
17617 17621
17617 17622
17620 17623
17620 17624
17620 17625
17623 17626
17623 17627
17623 17628
17626 17629
17626 17630
17626 17631
15252 17363
15252 17343
17363 17393
17363 17364
17393 17423
17393 17394
17423 17453
17423 17424
17453 17483
17453 17454
17483 17513
17483 17484
17513 17543
17513 17514
17543 17573
17543 17544
17573 17603
17573 17574
17603 17604
15253 17366
15253 17345
17366 17396
17366 17367
17396 17426
17396 17397
17426 17456
17426 17427
17456 17486
17456 17457
17486 17516
17486 17487
17516 17546
17516 17517
17546 17576
17546 17547
17576 17606
17576 17577
17606 17607
15254 17369
15254 17347
17369 17399
17369 17370
17399 17429
17399 17400
17429 17459
17429 17430
17459 17489
17459 17460
17489 17519
17489 17490
17519 17549
17519 17520
17549 17579
17549 17550
17579 17609
17579 17580
17609 17610
15255 17372
15255 17349
17372 17402
17372 17373
17402 17432
17402 17403
17432 17462
17432 17433
17462 17492
17462 17463
17492 17522
17492 17493
17522 17552
17522 17523
17552 17582
17552 17553
17582 17612
17582 17583
17612 17613
15256 17375
15256 17351
17375 17405
17375 17376
17405 17435
17405 17406
17435 17465
17435 17436
17465 17495
17465 17466
17495 17525
17495 17496
17525 17555
17525 17526
17555 17585
17555 17556
17585 17615
17585 17586
17615 17616
15257 17378
15257 17353
17378 17408
17378 17379
17408 17438
17408 17409
17438 17468
17438 17439
17468 17498
17468 17469
17498 17528
17498 17499
17528 17558
17528 17529
17558 17588
17558 17559
17588 17618
17588 17589
17618 17619
15258 17381
15258 17355
17381 17411
17381 17382
17411 17441
17411 17412
17441 17471
17441 17442
17471 17501
17471 17472
17501 17531
17501 17502
17531 17561
17531 17532
17561 17591
17561 17562
17591 17621
17591 17592
17621 17622
15259 17384
15259 17357
17384 17414
17384 17385
17414 17444
17414 17415
17444 17474
17444 17445
17474 17504
17474 17475
17504 17534
17504 17505
17534 17564
17534 17535
17564 17594
17564 17565
17594 17624
17594 17595
17624 17625
15260 17387
15260 17359
17387 17417
17387 17388
17417 17447
17417 17418
17447 17477
17447 17448
17477 17507
17477 17478
17507 17537
17507 17508
17537 17567
17537 17538
17567 17597
17567 17568
17597 17627
17597 17598
17627 17628
15261 17389
15261 17360
17389 17419
17389 17390
17419 17449
17419 17420
17449 17479
17449 17450
17479 17509
17479 17480
17509 17539
17509 17510
17539 17569
17539 17540
17569 17599
17569 17570
17599 17629
17599 17600
17629 17630
17361 17632
17361 15552
17361 17633
17632 17634
17632 15553
17632 17635
17634 17636
17634 15554
17634 17637
17636 17638
17636 15555
17636 17639
17638 17640
17638 15556
17638 17641
17640 17642
17640 15557
17640 17643
17642 17644
17642 15558
17642 17645
17644 17646
17644 15559
17644 17647
17646 17648
17646 15560
17646 17649
17648 15561
17648 17650
17648 17651
17391 17652
17391 17653
17391 17654
17652 17655
17652 17656
17652 17657
17655 17658
17655 17659
17655 17660
17658 17661
17658 17662
17658 17663
17661 17664
17661 17665
17661 17666
17664 17667
17664 17668
17664 17669
17667 17670
17667 17671
17667 17672
17670 17673
17670 17674
17670 17675
17673 17676
17673 17677
17673 17678
17676 17679
17676 17680
17676 17681
17421 17682
17421 17683
17421 17684
17682 17685
17682 17686
17682 17687
17685 17688
17685 17689
17685 17690
17688 17691
17688 17692
17688 17693
17691 17694
17691 17695
17691 17696
17694 17697
17694 17698
17694 17699
17697 17700
17697 17701
17697 17702
17700 17703
17700 17704
17700 17705
17703 17706
17703 17707
17703 17708
17706 17709
17706 17710
17706 17711
17451 17712
17451 17713
17451 17714
17712 17715
17712 17716
17712 17717
17715 17718
17715 17719
17715 17720
17718 17721
17718 17722
17718 17723
17721 17724
17721 17725
17721 17726
17724 17727
17724 17728
17724 17729
17727 17730
17727 17731
17727 17732
17730 17733
17730 17734
17730 17735
17733 17736
17733 17737
17733 17738
17736 17739
17736 17740
17736 17741
17481 17742
17481 17743
17481 17744
17742 17745
17742 17746
17742 17747
17745 17748
17745 17749
17745 17750
17748 17751
17748 17752
17748 17753
17751 17754
17751 17755
17751 17756
17754 17757
17754 17758
17754 17759
17757 17760
17757 17761
17757 17762
17760 17763
17760 17764
17760 17765
17763 17766
17763 17767
17763 17768
17766 17769
17766 17770
17766 17771
17511 17772
17511 17773
17511 17774
17772 17775
17772 17776
17772 17777
17775 17778
17775 17779
17775 17780
17778 17781
17778 17782
17778 17783
17781 17784
17781 17785
17781 17786
17784 17787
17784 17788
17784 17789
17787 17790
17787 17791
17787 17792
17790 17793
17790 17794
17790 17795
17793 17796
17793 17797
17793 17798
17796 17799
17796 17800
17796 17801
17541 17802
17541 17803
17541 17804
17802 17805
17802 17806
17802 17807
17805 17808
17805 17809
17805 17810
17808 17811
17808 17812
17808 17813
17811 17814
17811 17815
17811 17816
17814 17817
17814 17818
17814 17819
17817 17820
17817 17821
17817 17822
17820 17823
17820 17824
17820 17825
17823 17826
17823 17827
17823 17828
17826 17829
17826 17830
17826 17831
17571 17832
17571 17833
17571 17834
17832 17835
17832 17836
17832 17837
17835 17838
17835 17839
17835 17840
17838 17841
17838 17842
17838 17843
17841 17844
17841 17845
17841 17846
17844 17847
17844 17848
17844 17849
17847 17850
17847 17851
17847 17852
17850 17853
17850 17854
17850 17855
17853 17856
17853 17857
17853 17858
17856 17859
17856 17860
17856 17861
17601 17862
17601 17863
17601 17864
17862 17865
17862 17866
17862 17867
17865 17868
17865 17869
17865 17870
17868 17871
17868 17872
17868 17873
17871 17874
17871 17875
17871 17876
17874 17877
17874 17878
17874 17879
17877 17880
17877 17881
17877 17882
17880 17883
17880 17884
17880 17885
17883 17886
17883 17887
17883 17888
17886 17889
17886 17890
17886 17891
17631 17892
17631 17893
17631 17894
17892 17895
17892 17896
17892 17897
17895 17898
17895 17899
17895 17900
17898 17901
17898 17902
17898 17903
17901 17904
17901 17905
17901 17906
17904 17907
17904 17908
17904 17909
17907 17910
17907 17911
17907 17912
17910 17913
17910 17914
17910 17915
17913 17916
17913 17917
17913 17918
17916 17919
17916 17920
17916 17921
15552 17653
15552 17633
17653 17683
17653 17654
17683 17713
17683 17684
17713 17743
17713 17714
17743 17773
17743 17744
17773 17803
17773 17774
17803 17833
17803 17804
17833 17863
17833 17834
17863 17893
17863 17864
17893 17894
15553 17656
15553 17635
17656 17686
17656 17657
17686 17716
17686 17687
17716 17746
17716 17717
17746 17776
17746 17747
17776 17806
17776 17777
17806 17836
17806 17807
17836 17866
17836 17837
17866 17896
17866 17867
17896 17897
15554 17659
15554 17637
17659 17689
17659 17660
17689 17719
17689 17690
17719 17749
17719 17720
17749 17779
17749 17750
17779 17809
17779 17780
17809 17839
17809 17810
17839 17869
17839 17840
17869 17899
17869 17870
17899 17900
15555 17662
15555 17639
17662 17692
17662 17663
17692 17722
17692 17693
17722 17752
17722 17723
17752 17782
17752 17753
17782 17812
17782 17783
17812 17842
17812 17813
17842 17872
17842 17843
17872 17902
17872 17873
17902 17903
15556 17665
15556 17641
17665 17695
17665 17666
17695 17725
17695 17696
17725 17755
17725 17726
17755 17785
17755 17756
17785 17815
17785 17786
17815 17845
17815 17816
17845 17875
17845 17846
17875 17905
17875 17876
17905 17906
15557 17668
15557 17643
17668 17698
17668 17669
17698 17728
17698 17699
17728 17758
17728 17729
17758 17788
17758 17759
17788 17818
17788 17789
17818 17848
17818 17819
17848 17878
17848 17849
17878 17908
17878 17879
17908 17909
15558 17671
15558 17645
17671 17701
17671 17672
17701 17731
17701 17702
17731 17761
17731 17732
17761 17791
17761 17762
17791 17821
17791 17792
17821 17851
17821 17822
17851 17881
17851 17852
17881 17911
17881 17882
17911 17912
15559 17674
15559 17647
17674 17704
17674 17675
17704 17734
17704 17705
17734 17764
17734 17735
17764 17794
17764 17765
17794 17824
17794 17795
17824 17854
17824 17825
17854 17884
17854 17855
17884 17914
17884 17885
17914 17915
15560 17677
15560 17649
17677 17707
17677 17678
17707 17737
17707 17708
17737 17767
17737 17738
17767 17797
17767 17768
17797 17827
17797 17798
17827 17857
17827 17828
17857 17887
17857 17858
17887 17917
17887 17888
17917 17918
15561 17679
15561 17650
17679 17709
17679 17680
17709 17739
17709 17710
17739 17769
17739 17740
17769 17799
17769 17770
17799 17829
17799 17800
17829 17859
17829 17830
17859 17889
17859 17860
17889 17919
17889 17890
17919 17920
17651 17922
17651 15852
17651 17923
17922 17924
17922 15853
17922 17925
17924 17926
17924 15854
17924 17927
17926 17928
17926 15855
17926 17929
17928 17930
17928 15856
17928 17931
17930 17932
17930 15857
17930 17933
17932 17934
17932 15858
17932 17935
17934 17936
17934 15859
17934 17937
17936 17938
17936 15860
17936 17939
17938 15861
17938 17940
17938 17941
17681 17942
17681 17943
17681 17944
17942 17945
17942 17946
17942 17947
17945 17948
17945 17949
17945 17950
17948 17951
17948 17952
17948 17953
17951 17954
17951 17955
17951 17956
17954 17957
17954 17958
17954 17959
17957 17960
17957 17961
17957 17962
17960 17963
17960 17964
17960 17965
17963 17966
17963 17967
17963 17968
17966 17969
17966 17970
17966 17971
17711 17972
17711 17973
17711 17974
17972 17975
17972 17976
17972 17977
17975 17978
17975 17979
17975 17980
17978 17981
17978 17982
17978 17983
17981 17984
17981 17985
17981 17986
17984 17987
17984 17988
17984 17989
17987 17990
17987 17991
17987 17992
17990 17993
17990 17994
17990 17995
17993 17996
17993 17997
17993 17998
17996 17999
17996 18000
17996 18001
17741 18002
17741 18003
17741 18004
18002 18005
18002 18006
18002 18007
18005 18008
18005 18009
18005 18010
18008 18011
18008 18012
18008 18013
18011 18014
18011 18015
18011 18016
18014 18017
18014 18018
18014 18019
18017 18020
18017 18021
18017 18022
18020 18023
18020 18024
18020 18025
18023 18026
18023 18027
18023 18028
18026 18029
18026 18030
18026 18031
17771 18032
17771 18033
17771 18034
18032 18035
18032 18036
18032 18037
18035 18038
18035 18039
18035 18040
18038 18041
18038 18042
18038 18043
18041 18044
18041 18045
18041 18046
18044 18047
18044 18048
18044 18049
18047 18050
18047 18051
18047 18052
18050 18053
18050 18054
18050 18055
18053 18056
18053 18057
18053 18058
18056 18059
18056 18060
18056 18061
17801 18062
17801 18063
17801 18064
18062 18065
18062 18066
18062 18067
18065 18068
18065 18069
18065 18070
18068 18071
18068 18072
18068 18073
18071 18074
18071 18075
18071 18076
18074 18077
18074 18078
18074 18079
18077 18080
18077 18081
18077 18082
18080 18083
18080 18084
18080 18085
18083 18086
18083 18087
18083 18088
18086 18089
18086 18090
18086 18091
17831 18092
17831 18093
17831 18094
18092 18095
18092 18096
18092 18097
18095 18098
18095 18099
18095 18100
18098 18101
18098 18102
18098 18103
18101 18104
18101 18105
18101 18106
18104 18107
18104 18108
18104 18109
18107 18110
18107 18111
18107 18112
18110 18113
18110 18114
18110 18115
18113 18116
18113 18117
18113 18118
18116 18119
18116 18120
18116 18121
17861 18122
17861 18123
17861 18124
18122 18125
18122 18126
18122 18127
18125 18128
18125 18129
18125 18130
18128 18131
18128 18132
18128 18133
18131 18134
18131 18135
18131 18136
18134 18137
18134 18138
18134 18139
18137 18140
18137 18141
18137 18142
18140 18143
18140 18144
18140 18145
18143 18146
18143 18147
18143 18148
18146 18149
18146 18150
18146 18151
17891 18152
17891 18153
17891 18154
18152 18155
18152 18156
18152 18157
18155 18158
18155 18159
18155 18160
18158 18161
18158 18162
18158 18163
18161 18164
18161 18165
18161 18166
18164 18167
18164 18168
18164 18169
18167 18170
18167 18171
18167 18172
18170 18173
18170 18174
18170 18175
18173 18176
18173 18177
18173 18178
18176 18179
18176 18180
18176 18181
17921 18182
17921 18183
17921 18184
18182 18185
18182 18186
18182 18187
18185 18188
18185 18189
18185 18190
18188 18191
18188 18192
18188 18193
18191 18194
18191 18195
18191 18196
18194 18197
18194 18198
18194 18199
18197 18200
18197 18201
18197 18202
18200 18203
18200 18204
18200 18205
18203 18206
18203 18207
18203 18208
18206 18209
18206 18210
18206 18211
15852 17943
15852 17923
17943 17973
17943 17944
17973 18003
17973 17974
18003 18033
18003 18004
18033 18063
18033 18034
18063 18093
18063 18064
18093 18123
18093 18094
18123 18153
18123 18124
18153 18183
18153 18154
18183 18184
15853 17946
15853 17925
17946 17976
17946 17947
17976 18006
17976 17977
18006 18036
18006 18007
18036 18066
18036 18037
18066 18096
18066 18067
18096 18126
18096 18097
18126 18156
18126 18127
18156 18186
18156 18157
18186 18187
15854 17949
15854 17927
17949 17979
17949 17950
17979 18009
17979 17980
18009 18039
18009 18010
18039 18069
18039 18040
18069 18099
18069 18070
18099 18129
18099 18100
18129 18159
18129 18130
18159 18189
18159 18160
18189 18190
15855 17952
15855 17929
17952 17982
17952 17953
17982 18012
17982 17983
18012 18042
18012 18013
18042 18072
18042 18043
18072 18102
18072 18073
18102 18132
18102 18103
18132 18162
18132 18133
18162 18192
18162 18163
18192 18193
15856 17955
15856 17931
17955 17985
17955 17956
17985 18015
17985 17986
18015 18045
18015 18016
18045 18075
18045 18046
18075 18105
18075 18076
18105 18135
18105 18106
18135 18165
18135 18136
18165 18195
18165 18166
18195 18196
15857 17958
15857 17933
17958 17988
17958 17959
17988 18018
17988 17989
18018 18048
18018 18019
18048 18078
18048 18049
18078 18108
18078 18079
18108 18138
18108 18109
18138 18168
18138 18139
18168 18198
18168 18169
18198 18199
15858 17961
15858 17935
17961 17991
17961 17962
17991 18021
17991 17992
18021 18051
18021 18022
18051 18081
18051 18052
18081 18111
18081 18082
18111 18141
18111 18112
18141 18171
18141 18142
18171 18201
18171 18172
18201 18202
15859 17964
15859 17937
17964 17994
17964 17965
17994 18024
17994 17995
18024 18054
18024 18025
18054 18084
18054 18055
18084 18114
18084 18085
18114 18144
18114 18115
18144 18174
18144 18145
18174 18204
18174 18175
18204 18205
15860 17967
15860 17939
17967 17997
17967 17968
17997 18027
17997 17998
18027 18057
18027 18028
18057 18087
18057 18058
18087 18117
18087 18088
18117 18147
18117 18118
18147 18177
18147 18148
18177 18207
18177 18178
18207 18208
15861 17969
15861 17940
17969 17999
17969 17970
17999 18029
17999 18000
18029 18059
18029 18030
18059 18089
18059 18060
18089 18119
18089 18090
18119 18149
18119 18120
18149 18179
18149 18150
18179 18209
18179 18180
18209 18210
17941 18212
17941 16152
17941 18213
18212 18214
18212 16153
18212 18215
18214 18216
18214 16154
18214 18217
18216 18218
18216 16155
18216 18219
18218 18220
18218 16156
18218 18221
18220 18222
18220 16157
18220 18223
18222 18224
18222 16158
18222 18225
18224 18226
18224 16159
18224 18227
18226 18228
18226 16160
18226 18229
18228 16161
18228 18230
18228 18231
17971 18232
17971 18233
17971 18234
18232 18235
18232 18236
18232 18237
18235 18238
18235 18239
18235 18240
18238 18241
18238 18242
18238 18243
18241 18244
18241 18245
18241 18246
18244 18247
18244 18248
18244 18249
18247 18250
18247 18251
18247 18252
18250 18253
18250 18254
18250 18255
18253 18256
18253 18257
18253 18258
18256 18259
18256 18260
18256 18261
18001 18262
18001 18263
18001 18264
18262 18265
18262 18266
18262 18267
18265 18268
18265 18269
18265 18270
18268 18271
18268 18272
18268 18273
18271 18274
18271 18275
18271 18276
18274 18277
18274 18278
18274 18279
18277 18280
18277 18281
18277 18282
18280 18283
18280 18284
18280 18285
18283 18286
18283 18287
18283 18288
18286 18289
18286 18290
18286 18291
18031 18292
18031 18293
18031 18294
18292 18295
18292 18296
18292 18297
18295 18298
18295 18299
18295 18300
18298 18301
18298 18302
18298 18303
18301 18304
18301 18305
18301 18306
18304 18307
18304 18308
18304 18309
18307 18310
18307 18311
18307 18312
18310 18313
18310 18314
18310 18315
18313 18316
18313 18317
18313 18318
18316 18319
18316 18320
18316 18321
18061 18322
18061 18323
18061 18324
18322 18325
18322 18326
18322 18327
18325 18328
18325 18329
18325 18330
18328 18331
18328 18332
18328 18333
18331 18334
18331 18335
18331 18336
18334 18337
18334 18338
18334 18339
18337 18340
18337 18341
18337 18342
18340 18343
18340 18344
18340 18345
18343 18346
18343 18347
18343 18348
18346 18349
18346 18350
18346 18351
18091 18352
18091 18353
18091 18354
18352 18355
18352 18356
18352 18357
18355 18358
18355 18359
18355 18360
18358 18361
18358 18362
18358 18363
18361 18364
18361 18365
18361 18366
18364 18367
18364 18368
18364 18369
18367 18370
18367 18371
18367 18372
18370 18373
18370 18374
18370 18375
18373 18376
18373 18377
18373 18378
18376 18379
18376 18380
18376 18381
18121 18382
18121 18383
18121 18384
18382 18385
18382 18386
18382 18387
18385 18388
18385 18389
18385 18390
18388 18391
18388 18392
18388 18393
18391 18394
18391 18395
18391 18396
18394 18397
18394 18398
18394 18399
18397 18400
18397 18401
18397 18402
18400 18403
18400 18404
18400 18405
18403 18406
18403 18407
18403 18408
18406 18409
18406 18410
18406 18411
18151 18412
18151 18413
18151 18414
18412 18415
18412 18416
18412 18417
18415 18418
18415 18419
18415 18420
18418 18421
18418 18422
18418 18423
18421 18424
18421 18425
18421 18426
18424 18427
18424 18428
18424 18429
18427 18430
18427 18431
18427 18432
18430 18433
18430 18434
18430 18435
18433 18436
18433 18437
18433 18438
18436 18439
18436 18440
18436 18441
18181 18442
18181 18443
18181 18444
18442 18445
18442 18446
18442 18447
18445 18448
18445 18449
18445 18450
18448 18451
18448 18452
18448 18453
18451 18454
18451 18455
18451 18456
18454 18457
18454 18458
18454 18459
18457 18460
18457 18461
18457 18462
18460 18463
18460 18464
18460 18465
18463 18466
18463 18467
18463 18468
18466 18469
18466 18470
18466 18471
18211 18472
18211 18473
18211 18474
18472 18475
18472 18476
18472 18477
18475 18478
18475 18479
18475 18480
18478 18481
18478 18482
18478 18483
18481 18484
18481 18485
18481 18486
18484 18487
18484 18488
18484 18489
18487 18490
18487 18491
18487 18492
18490 18493
18490 18494
18490 18495
18493 18496
18493 18497
18493 18498
18496 18499
18496 18500
18496 18501
16152 18233
16152 18213
18233 18263
18233 18234
18263 18293
18263 18264
18293 18323
18293 18294
18323 18353
18323 18324
18353 18383
18353 18354
18383 18413
18383 18384
18413 18443
18413 18414
18443 18473
18443 18444
18473 18474
16153 18236
16153 18215
18236 18266
18236 18237
18266 18296
18266 18267
18296 18326
18296 18297
18326 18356
18326 18327
18356 18386
18356 18357
18386 18416
18386 18387
18416 18446
18416 18417
18446 18476
18446 18447
18476 18477
16154 18239
16154 18217
18239 18269
18239 18240
18269 18299
18269 18270
18299 18329
18299 18300
18329 18359
18329 18330
18359 18389
18359 18360
18389 18419
18389 18390
18419 18449
18419 18420
18449 18479
18449 18450
18479 18480
16155 18242
16155 18219
18242 18272
18242 18243
18272 18302
18272 18273
18302 18332
18302 18303
18332 18362
18332 18333
18362 18392
18362 18363
18392 18422
18392 18393
18422 18452
18422 18423
18452 18482
18452 18453
18482 18483
16156 18245
16156 18221
18245 18275
18245 18246
18275 18305
18275 18276
18305 18335
18305 18306
18335 18365
18335 18336
18365 18395
18365 18366
18395 18425
18395 18396
18425 18455
18425 18426
18455 18485
18455 18456
18485 18486
16157 18248
16157 18223
18248 18278
18248 18249
18278 18308
18278 18279
18308 18338
18308 18309
18338 18368
18338 18339
18368 18398
18368 18369
18398 18428
18398 18399
18428 18458
18428 18429
18458 18488
18458 18459
18488 18489
16158 18251
16158 18225
18251 18281
18251 18252
18281 18311
18281 18282
18311 18341
18311 18312
18341 18371
18341 18342
18371 18401
18371 18372
18401 18431
18401 18402
18431 18461
18431 18432
18461 18491
18461 18462
18491 18492
16159 18254
16159 18227
18254 18284
18254 18255
18284 18314
18284 18285
18314 18344
18314 18315
18344 18374
18344 18345
18374 18404
18374 18375
18404 18434
18404 18405
18434 18464
18434 18435
18464 18494
18464 18465
18494 18495
16160 18257
16160 18229
18257 18287
18257 18258
18287 18317
18287 18288
18317 18347
18317 18318
18347 18377
18347 18348
18377 18407
18377 18378
18407 18437
18407 18408
18437 18467
18437 18438
18467 18497
18467 18468
18497 18498
16161 18259
16161 18230
18259 18289
18259 18260
18289 18319
18289 18290
18319 18349
18319 18320
18349 18379
18349 18350
18379 18409
18379 18380
18409 18439
18409 18410
18439 18469
18439 18440
18469 18499
18469 18470
18499 18500
18231 18502
18231 16452
18231 18503
18502 18504
18502 16453
18502 18505
18504 18506
18504 16454
18504 18507
18506 18508
18506 16455
18506 18509
18508 18510
18508 16456
18508 18511
18510 18512
18510 16457
18510 18513
18512 18514
18512 16458
18512 18515
18514 18516
18514 16459
18514 18517
18516 18518
18516 16460
18516 18519
18518 16461
18518 18520
18518 18521
18261 18522
18261 18523
18261 18524
18522 18525
18522 18526
18522 18527
18525 18528
18525 18529
18525 18530
18528 18531
18528 18532
18528 18533
18531 18534
18531 18535
18531 18536
18534 18537
18534 18538
18534 18539
18537 18540
18537 18541
18537 18542
18540 18543
18540 18544
18540 18545
18543 18546
18543 18547
18543 18548
18546 18549
18546 18550
18546 18551
18291 18552
18291 18553
18291 18554
18552 18555
18552 18556
18552 18557
18555 18558
18555 18559
18555 18560
18558 18561
18558 18562
18558 18563
18561 18564
18561 18565
18561 18566
18564 18567
18564 18568
18564 18569
18567 18570
18567 18571
18567 18572
18570 18573
18570 18574
18570 18575
18573 18576
18573 18577
18573 18578
18576 18579
18576 18580
18576 18581
18321 18582
18321 18583
18321 18584
18582 18585
18582 18586
18582 18587
18585 18588
18585 18589
18585 18590
18588 18591
18588 18592
18588 18593
18591 18594
18591 18595
18591 18596
18594 18597
18594 18598
18594 18599
18597 18600
18597 18601
18597 18602
18600 18603
18600 18604
18600 18605
18603 18606
18603 18607
18603 18608
18606 18609
18606 18610
18606 18611
18351 18612
18351 18613
18351 18614
18612 18615
18612 18616
18612 18617
18615 18618
18615 18619
18615 18620
18618 18621
18618 18622
18618 18623
18621 18624
18621 18625
18621 18626
18624 18627
18624 18628
18624 18629
18627 18630
18627 18631
18627 18632
18630 18633
18630 18634
18630 18635
18633 18636
18633 18637
18633 18638
18636 18639
18636 18640
18636 18641
18381 18642
18381 18643
18381 18644
18642 18645
18642 18646
18642 18647
18645 18648
18645 18649
18645 18650
18648 18651
18648 18652
18648 18653
18651 18654
18651 18655
18651 18656
18654 18657
18654 18658
18654 18659
18657 18660
18657 18661
18657 18662
18660 18663
18660 18664
18660 18665
18663 18666
18663 18667
18663 18668
18666 18669
18666 18670
18666 18671
18411 18672
18411 18673
18411 18674
18672 18675
18672 18676
18672 18677
18675 18678
18675 18679
18675 18680
18678 18681
18678 18682
18678 18683
18681 18684
18681 18685
18681 18686
18684 18687
18684 18688
18684 18689
18687 18690
18687 18691
18687 18692
18690 18693
18690 18694
18690 18695
18693 18696
18693 18697
18693 18698
18696 18699
18696 18700
18696 18701
18441 18702
18441 18703
18441 18704
18702 18705
18702 18706
18702 18707
18705 18708
18705 18709
18705 18710
18708 18711
18708 18712
18708 18713
18711 18714
18711 18715
18711 18716
18714 18717
18714 18718
18714 18719
18717 18720
18717 18721
18717 18722
18720 18723
18720 18724
18720 18725
18723 18726
18723 18727
18723 18728
18726 18729
18726 18730
18726 18731
18471 18732
18471 18733
18471 18734
18732 18735
18732 18736
18732 18737
18735 18738
18735 18739
18735 18740
18738 18741
18738 18742
18738 18743
18741 18744
18741 18745
18741 18746
18744 18747
18744 18748
18744 18749
18747 18750
18747 18751
18747 18752
18750 18753
18750 18754
18750 18755
18753 18756
18753 18757
18753 18758
18756 18759
18756 18760
18756 18761
18501 18762
18501 18763
18501 18764
18762 18765
18762 18766
18762 18767
18765 18768
18765 18769
18765 18770
18768 18771
18768 18772
18768 18773
18771 18774
18771 18775
18771 18776
18774 18777
18774 18778
18774 18779
18777 18780
18777 18781
18777 18782
18780 18783
18780 18784
18780 18785
18783 18786
18783 18787
18783 18788
18786 18789
18786 18790
18786 18791
16452 18523
16452 18503
18523 18553
18523 18524
18553 18583
18553 18554
18583 18613
18583 18584
18613 18643
18613 18614
18643 18673
18643 18644
18673 18703
18673 18674
18703 18733
18703 18704
18733 18763
18733 18734
18763 18764
16453 18526
16453 18505
18526 18556
18526 18527
18556 18586
18556 18557
18586 18616
18586 18587
18616 18646
18616 18617
18646 18676
18646 18647
18676 18706
18676 18677
18706 18736
18706 18707
18736 18766
18736 18737
18766 18767
16454 18529
16454 18507
18529 18559
18529 18530
18559 18589
18559 18560
18589 18619
18589 18590
18619 18649
18619 18620
18649 18679
18649 18650
18679 18709
18679 18680
18709 18739
18709 18710
18739 18769
18739 18740
18769 18770
16455 18532
16455 18509
18532 18562
18532 18533
18562 18592
18562 18563
18592 18622
18592 18593
18622 18652
18622 18623
18652 18682
18652 18653
18682 18712
18682 18683
18712 18742
18712 18713
18742 18772
18742 18743
18772 18773
16456 18535
16456 18511
18535 18565
18535 18536
18565 18595
18565 18566
18595 18625
18595 18596
18625 18655
18625 18626
18655 18685
18655 18656
18685 18715
18685 18686
18715 18745
18715 18716
18745 18775
18745 18746
18775 18776
16457 18538
16457 18513
18538 18568
18538 18539
18568 18598
18568 18569
18598 18628
18598 18599
18628 18658
18628 18629
18658 18688
18658 18659
18688 18718
18688 18689
18718 18748
18718 18719
18748 18778
18748 18749
18778 18779
16458 18541
16458 18515
18541 18571
18541 18542
18571 18601
18571 18572
18601 18631
18601 18602
18631 18661
18631 18632
18661 18691
18661 18662
18691 18721
18691 18692
18721 18751
18721 18722
18751 18781
18751 18752
18781 18782
16459 18544
16459 18517
18544 18574
18544 18545
18574 18604
18574 18575
18604 18634
18604 18605
18634 18664
18634 18635
18664 18694
18664 18665
18694 18724
18694 18695
18724 18754
18724 18725
18754 18784
18754 18755
18784 18785
16460 18547
16460 18519
18547 18577
18547 18548
18577 18607
18577 18578
18607 18637
18607 18608
18637 18667
18637 18638
18667 18697
18667 18668
18697 18727
18697 18698
18727 18757
18727 18728
18757 18787
18757 18758
18787 18788
16461 18549
16461 18520
18549 18579
18549 18550
18579 18609
18579 18580
18609 18639
18609 18610
18639 18669
18639 18640
18669 18699
18669 18670
18699 18729
18699 18700
18729 18759
18729 18730
18759 18789
18759 18760
18789 18790
18521 18792
18521 16752
18521 18793
18792 18794
18792 16753
18792 18795
18794 18796
18794 16754
18794 18797
18796 18798
18796 16755
18796 18799
18798 18800
18798 16756
18798 18801
18800 18802
18800 16757
18800 18803
18802 18804
18802 16758
18802 18805
18804 18806
18804 16759
18804 18807
18806 18808
18806 16760
18806 18809
18808 16761
18808 18810
18808 18811
18551 18812
18551 18813
18551 18814
18812 18815
18812 18816
18812 18817
18815 18818
18815 18819
18815 18820
18818 18821
18818 18822
18818 18823
18821 18824
18821 18825
18821 18826
18824 18827
18824 18828
18824 18829
18827 18830
18827 18831
18827 18832
18830 18833
18830 18834
18830 18835
18833 18836
18833 18837
18833 18838
18836 18839
18836 18840
18836 18841
18581 18842
18581 18843
18581 18844
18842 18845
18842 18846
18842 18847
18845 18848
18845 18849
18845 18850
18848 18851
18848 18852
18848 18853
18851 18854
18851 18855
18851 18856
18854 18857
18854 18858
18854 18859
18857 18860
18857 18861
18857 18862
18860 18863
18860 18864
18860 18865
18863 18866
18863 18867
18863 18868
18866 18869
18866 18870
18866 18871
18611 18872
18611 18873
18611 18874
18872 18875
18872 18876
18872 18877
18875 18878
18875 18879
18875 18880
18878 18881
18878 18882
18878 18883
18881 18884
18881 18885
18881 18886
18884 18887
18884 18888
18884 18889
18887 18890
18887 18891
18887 18892
18890 18893
18890 18894
18890 18895
18893 18896
18893 18897
18893 18898
18896 18899
18896 18900
18896 18901
18641 18902
18641 18903
18641 18904
18902 18905
18902 18906
18902 18907
18905 18908
18905 18909
18905 18910
18908 18911
18908 18912
18908 18913
18911 18914
18911 18915
18911 18916
18914 18917
18914 18918
18914 18919
18917 18920
18917 18921
18917 18922
18920 18923
18920 18924
18920 18925
18923 18926
18923 18927
18923 18928
18926 18929
18926 18930
18926 18931
18671 18932
18671 18933
18671 18934
18932 18935
18932 18936
18932 18937
18935 18938
18935 18939
18935 18940
18938 18941
18938 18942
18938 18943
18941 18944
18941 18945
18941 18946
18944 18947
18944 18948
18944 18949
18947 18950
18947 18951
18947 18952
18950 18953
18950 18954
18950 18955
18953 18956
18953 18957
18953 18958
18956 18959
18956 18960
18956 18961
18701 18962
18701 18963
18701 18964
18962 18965
18962 18966
18962 18967
18965 18968
18965 18969
18965 18970
18968 18971
18968 18972
18968 18973
18971 18974
18971 18975
18971 18976
18974 18977
18974 18978
18974 18979
18977 18980
18977 18981
18977 18982
18980 18983
18980 18984
18980 18985
18983 18986
18983 18987
18983 18988
18986 18989
18986 18990
18986 18991
18731 18992
18731 18993
18731 18994
18992 18995
18992 18996
18992 18997
18995 18998
18995 18999
18995 19000
18998 19001
18998 19002
18998 19003
19001 19004
19001 19005
19001 19006
19004 19007
19004 19008
19004 19009
19007 19010
19007 19011
19007 19012
19010 19013
19010 19014
19010 19015
19013 19016
19013 19017
19013 19018
19016 19019
19016 19020
19016 19021
18761 19022
18761 19023
18761 19024
19022 19025
19022 19026
19022 19027
19025 19028
19025 19029
19025 19030
19028 19031
19028 19032
19028 19033
19031 19034
19031 19035
19031 19036
19034 19037
19034 19038
19034 19039
19037 19040
19037 19041
19037 19042
19040 19043
19040 19044
19040 19045
19043 19046
19043 19047
19043 19048
19046 19049
19046 19050
19046 19051
18791 19052
18791 19053
18791 19054
19052 19055
19052 19056
19052 19057
19055 19058
19055 19059
19055 19060
19058 19061
19058 19062
19058 19063
19061 19064
19061 19065
19061 19066
19064 19067
19064 19068
19064 19069
19067 19070
19067 19071
19067 19072
19070 19073
19070 19074
19070 19075
19073 19076
19073 19077
19073 19078
19076 19079
19076 19080
19076 19081
16752 18813
16752 18793
18813 18843
18813 18814
18843 18873
18843 18844
18873 18903
18873 18874
18903 18933
18903 18904
18933 18963
18933 18934
18963 18993
18963 18964
18993 19023
18993 18994
19023 19053
19023 19024
19053 19054
16753 18816
16753 18795
18816 18846
18816 18817
18846 18876
18846 18847
18876 18906
18876 18877
18906 18936
18906 18907
18936 18966
18936 18937
18966 18996
18966 18967
18996 19026
18996 18997
19026 19056
19026 19027
19056 19057
16754 18819
16754 18797
18819 18849
18819 18820
18849 18879
18849 18850
18879 18909
18879 18880
18909 18939
18909 18910
18939 18969
18939 18940
18969 18999
18969 18970
18999 19029
18999 19000
19029 19059
19029 19030
19059 19060
16755 18822
16755 18799
18822 18852
18822 18823
18852 18882
18852 18853
18882 18912
18882 18883
18912 18942
18912 18913
18942 18972
18942 18943
18972 19002
18972 18973
19002 19032
19002 19003
19032 19062
19032 19033
19062 19063
16756 18825
16756 18801
18825 18855
18825 18826
18855 18885
18855 18856
18885 18915
18885 18886
18915 18945
18915 18916
18945 18975
18945 18946
18975 19005
18975 18976
19005 19035
19005 19006
19035 19065
19035 19036
19065 19066
16757 18828
16757 18803
18828 18858
18828 18829
18858 18888
18858 18859
18888 18918
18888 18889
18918 18948
18918 18919
18948 18978
18948 18949
18978 19008
18978 18979
19008 19038
19008 19009
19038 19068
19038 19039
19068 19069
16758 18831
16758 18805
18831 18861
18831 18832
18861 18891
18861 18862
18891 18921
18891 18892
18921 18951
18921 18922
18951 18981
18951 18952
18981 19011
18981 18982
19011 19041
19011 19012
19041 19071
19041 19042
19071 19072
16759 18834
16759 18807
18834 18864
18834 18835
18864 18894
18864 18865
18894 18924
18894 18895
18924 18954
18924 18925
18954 18984
18954 18955
18984 19014
18984 18985
19014 19044
19014 19015
19044 19074
19044 19045
19074 19075
16760 18837
16760 18809
18837 18867
18837 18838
18867 18897
18867 18868
18897 18927
18897 18898
18927 18957
18927 18928
18957 18987
18957 18958
18987 19017
18987 18988
19017 19047
19017 19018
19047 19077
19047 19048
19077 19078
16761 18839
16761 18810
18839 18869
18839 18840
18869 18899
18869 18870
18899 18929
18899 18900
18929 18959
18929 18930
18959 18989
18959 18960
18989 19019
18989 18990
19019 19049
19019 19020
19049 19079
19049 19050
19079 19080
18811 19082
18811 17042
18811 19083
19082 19084
19082 17043
19082 19085
19084 19086
19084 17044
19084 19087
19086 19088
19086 17045
19086 19089
19088 19090
19088 17046
19088 19091
19090 19092
19090 17047
19090 19093
19092 19094
19092 17048
19092 19095
19094 19096
19094 17049
19094 19097
19096 19098
19096 17050
19096 19099
19098 17051
19098 19100
18841 19101
18841 19102
18841 19103
19101 19104
19101 19105
19101 19106
19104 19107
19104 19108
19104 19109
19107 19110
19107 19111
19107 19112
19110 19113
19110 19114
19110 19115
19113 19116
19113 19117
19113 19118
19116 19119
19116 19120
19116 19121
19119 19122
19119 19123
19119 19124
19122 19125
19122 19126
19122 19127
19125 19128
19125 19129
18871 19130
18871 19131
18871 19132
19130 19133
19130 19134
19130 19135
19133 19136
19133 19137
19133 19138
19136 19139
19136 19140
19136 19141
19139 19142
19139 19143
19139 19144
19142 19145
19142 19146
19142 19147
19145 19148
19145 19149
19145 19150
19148 19151
19148 19152
19148 19153
19151 19154
19151 19155
19151 19156
19154 19157
19154 19158
18901 19159
18901 19160
18901 19161
19159 19162
19159 19163
19159 19164
19162 19165
19162 19166
19162 19167
19165 19168
19165 19169
19165 19170
19168 19171
19168 19172
19168 19173
19171 19174
19171 19175
19171 19176
19174 19177
19174 19178
19174 19179
19177 19180
19177 19181
19177 19182
19180 19183
19180 19184
19180 19185
19183 19186
19183 19187
18931 19188
18931 19189
18931 19190
19188 19191
19188 19192
19188 19193
19191 19194
19191 19195
19191 19196
19194 19197
19194 19198
19194 19199
19197 19200
19197 19201
19197 19202
19200 19203
19200 19204
19200 19205
19203 19206
19203 19207
19203 19208
19206 19209
19206 19210
19206 19211
19209 19212
19209 19213
19209 19214
19212 19215
19212 19216
18961 19217
18961 19218
18961 19219
19217 19220
19217 19221
19217 19222
19220 19223
19220 19224
19220 19225
19223 19226
19223 19227
19223 19228
19226 19229
19226 19230
19226 19231
19229 19232
19229 19233
19229 19234
19232 19235
19232 19236
19232 19237
19235 19238
19235 19239
19235 19240
19238 19241
19238 19242
19238 19243
19241 19244
19241 19245
18991 19246
18991 19247
18991 19248
19246 19249
19246 19250
19246 19251
19249 19252
19249 19253
19249 19254
19252 19255
19252 19256
19252 19257
19255 19258
19255 19259
19255 19260
19258 19261
19258 19262
19258 19263
19261 19264
19261 19265
19261 19266
19264 19267
19264 19268
19264 19269
19267 19270
19267 19271
19267 19272
19270 19273
19270 19274
19021 19275
19021 19276
19021 19277
19275 19278
19275 19279
19275 19280
19278 19281
19278 19282
19278 19283
19281 19284
19281 19285
19281 19286
19284 19287
19284 19288
19284 19289
19287 19290
19287 19291
19287 19292
19290 19293
19290 19294
19290 19295
19293 19296
19293 19297
19293 19298
19296 19299
19296 19300
19296 19301
19299 19302
19299 19303
19051 19304
19051 19305
19051 19306
19304 19307
19304 19308
19304 19309
19307 19310
19307 19311
19307 19312
19310 19313
19310 19314
19310 19315
19313 19316
19313 19317
19313 19318
19316 19319
19316 19320
19316 19321
19319 19322
19319 19323
19319 19324
19322 19325
19322 19326
19322 19327
19325 19328
19325 19329
19325 19330
19328 19331
19328 19332
19081 19333
19081 19334
19081 19335
19333 19336
19333 19337
19333 19338
19336 19339
19336 19340
19336 19341
19339 19342
19339 19343
19339 19344
19342 19345
19342 19346
19342 19347
19345 19348
19345 19349
19345 19350
19348 19351
19348 19352
19348 19353
19351 19354
19351 19355
19351 19356
19354 19357
19354 19358
19354 19359
19357 19360
19357 19361
17042 19102
17042 19083
19102 19131
19102 19103
19131 19160
19131 19132
19160 19189
19160 19161
19189 19218
19189 19190
19218 19247
19218 19219
19247 19276
19247 19248
19276 19305
19276 19277
19305 19334
19305 19306
19334 19335
17043 19105
17043 19085
19105 19134
19105 19106
19134 19163
19134 19135
19163 19192
19163 19164
19192 19221
19192 19193
19221 19250
19221 19222
19250 19279
19250 19251
19279 19308
19279 19280
19308 19337
19308 19309
19337 19338
17044 19108
17044 19087
19108 19137
19108 19109
19137 19166
19137 19138
19166 19195
19166 19167
19195 19224
19195 19196
19224 19253
19224 19225
19253 19282
19253 19254
19282 19311
19282 19283
19311 19340
19311 19312
19340 19341
17045 19111
17045 19089
19111 19140
19111 19112
19140 19169
19140 19141
19169 19198
19169 19170
19198 19227
19198 19199
19227 19256
19227 19228
19256 19285
19256 19257
19285 19314
19285 19286
19314 19343
19314 19315
19343 19344
17046 19114
17046 19091
19114 19143
19114 19115
19143 19172
19143 19144
19172 19201
19172 19173
19201 19230
19201 19202
19230 19259
19230 19231
19259 19288
19259 19260
19288 19317
19288 19289
19317 19346
19317 19318
19346 19347
17047 19117
17047 19093
19117 19146
19117 19118
19146 19175
19146 19147
19175 19204
19175 19176
19204 19233
19204 19205
19233 19262
19233 19234
19262 19291
19262 19263
19291 19320
19291 19292
19320 19349
19320 19321
19349 19350
17048 19120
17048 19095
19120 19149
19120 19121
19149 19178
19149 19150
19178 19207
19178 19179
19207 19236
19207 19208
19236 19265
19236 19237
19265 19294
19265 19266
19294 19323
19294 19295
19323 19352
19323 19324
19352 19353
17049 19123
17049 19097
19123 19152
19123 19124
19152 19181
19152 19153
19181 19210
19181 19182
19210 19239
19210 19211
19239 19268
19239 19240
19268 19297
19268 19269
19297 19326
19297 19298
19326 19355
19326 19327
19355 19356
17050 19126
17050 19099
19126 19155
19126 19127
19155 19184
19155 19156
19184 19213
19184 19185
19213 19242
19213 19214
19242 19271
19242 19243
19271 19300
19271 19272
19300 19329
19300 19301
19329 19358
19329 19330
19358 19359
17051 19128
17051 19100
19128 19157
19128 19129
19157 19186
19157 19158
19186 19215
19186 19187
19215 19244
19215 19216
19244 19273
19244 19245
19273 19302
19273 19274
19302 19331
19302 19303
19331 19360
19331 19332
19360 19361
