6324 20717
0 1
0 2
0 3
0 4
5 6
5 7
5 8
5 9
5 10
11 12
11 13
11 14
15 8
15 9
15 16
15 17
18 19
18 20
18 21
18 22
23 19
23 20
23 24
23 22
25 26
25 27
25 9
25 8
28 29
28 7
28 30
28 9
28 8
31 32
31 33
31 9
31 34
35 36
35 37
35 38
35 39
40 41
40 37
40 42
40 43
44 45
44 46
47 48
47 7
47 16
49 50
49 7
49 16
51 7
51 52
51 16
53 54
53 16
53 7
55 7
55 56
55 16
57 7
57 58
57 16
59 7
59 16
59 10
60 7
60 61
60 16
62 63
62 7
62 16
64 65
64 7
64 16
66 67
66 68
66 69
66 70
71 36
71 37
71 72
71 73
71 74
75 37
75 22
75 76
75 42
75 19
75 36
75 77
78 79
78 80
78 37
81 36
81 37
81 82
81 83
84 36
84 37
84 85
84 86
84 42
87 36
87 37
87 88
87 89
90 91
90 36
90 92
90 37
93 36
93 37
93 94
93 95
96 36
96 37
96 97
96 95
98 37
98 22
98 99
98 100
98 19
98 42
101 63
101 102
103 50
103 102
104 102
104 52
105 102
105 58
106 29
106 107
108 54
108 102
109 102
109 10
110 65
110 102
111 102
111 56
112 102
112 61
113 114
113 115
113 22
113 116
113 117
113 118
119 120
119 114
119 115
119 121
122 123
122 124
122 9
122 8
125 126
125 127
125 8
125 9
128 129
128 130
128 8
128 9
131 8
131 9
131 132
131 133
134 135
134 136
134 8
134 34
134 137
134 9
134 138
139 135
139 7
139 8
139 34
139 54
139 9
139 140
139 138
139 121
141 9
141 142
141 143
141 34
141 8
144 7
144 8
144 34
144 145
144 9
144 146
147 148
147 149
147 8
147 9
147 7
150 9
150 151
150 152
150 34
150 8
153 7
153 56
153 154
153 8
155 7
155 58
155 8
155 154
156 7
156 8
156 154
156 10
157 7
157 61
157 154
157 8
158 63
158 7
158 8
158 154
159 65
159 7
159 8
159 154
160 48
160 7
160 8
160 154
161 50
161 7
161 8
161 154
162 163
162 8
162 154
162 7
164 7
164 165
164 154
164 8
166 167
166 16
166 8
166 34
166 9
166 138
168 169
168 68
168 70
168 170
171 37
171 172
171 86
171 42
171 19
171 36
173 37
173 22
173 174
173 42
173 19
173 175
176 37
176 177
176 178
179 180
179 36
179 177
179 37
181 182
181 183
181 19
181 42
184 19
184 185
184 186
184 42
187 19
187 42
187 188
187 89
189 120
189 22
189 42
189 19
189 117
189 190
191 117
191 192
191 193
194 195
194 117
194 196
197 198
197 199
197 68
200 201
200 68
200 202
203 204
203 205
203 68
206 68
206 207
206 208
209 69
209 68
209 210
211 68
211 212
211 213
214 215
214 216
214 68
217 218
217 219
217 68
220 221
220 222
220 68
223 224
223 68
223 225
226 48
226 227
228 227
228 50
229 227
229 63
230 231
230 232
233 65
233 227
234 120
234 114
234 115
234 235
236 115
236 237
236 238
239 231
239 240
241 227
241 61
242 46
242 58
243 46
243 52
244 46
244 61
245 46
245 56
246 247
246 248
249 227
249 56
250 54
250 46
251 252
251 248
253 254
253 255
256 227
256 58
257 65
257 46
258 46
258 10
259 231
259 107
260 255
260 163
261 114
261 167
261 135
261 262
261 140
261 115
263 231
263 264
265 231
265 146
266 114
266 115
266 135
266 267
266 268
266 140
266 138
269 270
269 271
269 9
272 273
272 34
272 274
275 276
275 124
275 9
277 278
277 9
277 279
280 281
280 9
280 282
283 284
283 285
283 9
286 9
286 287
286 288
289 290
289 149
289 9
291 9
291 292
291 132
293 294
293 9
293 295
296 297
296 120
296 117
296 22
298 299
298 22
298 300
301 117
301 262
301 302
301 22
303 37
303 86
303 22
303 42
303 19
303 36
303 304
305 19
305 20
305 306
305 22
307 308
307 309
307 19
307 22
310 19
310 311
310 312
310 22
313 117
313 314
313 315
313 22
316 317
316 114
316 117
316 22
316 318
319 19
319 117
319 320
319 22
319 321
322 323
322 163
324 323
324 165
325 323
325 63
326 65
326 323
327 48
327 323
328 323
328 50
329 323
329 56
330 323
330 58
331 323
331 10
332 323
332 61
333 334
333 335
333 336
333 4
337 114
337 338
337 339
337 115
340 341
340 50
342 341
342 63
343 65
343 341
344 341
344 10
345 341
345 61
346 341
346 56
347 341
347 58
348 341
348 52
349 341
349 54
350 351
350 352
353 354
353 7
353 8
353 34
353 355
353 9
356 65
356 357
358 357
358 10
359 117
359 114
359 360
359 22
359 361
362 70
362 363
362 2
362 335
362 68
362 364
362 4
365 54
365 357
366 114
366 115
366 22
366 177
366 19
366 117
366 367
368 58
368 357
369 52
369 357
370 357
370 61
371 357
371 56
372 247
372 7
372 16
373 146
373 7
373 16
374 264
374 16
374 7
375 376
375 7
375 16
377 7
377 102
377 16
378 7
378 107
378 16
379 29
379 7
379 16
380 227
380 7
380 16
381 7
381 248
381 16
382 252
382 16
382 7
383 37
383 384
383 385
386 37
386 39
386 387
388 70
388 389
388 390
388 391
388 392
388 68
393 394
393 70
393 395
393 389
393 391
393 396
397 398
397 19
397 399
400 394
400 389
400 401
400 14
400 402
400 403
400 391
404 394
404 70
404 389
404 12
404 14
404 391
404 405
404 402
406 14
406 12
406 407
406 391
406 394
408 409
408 37
408 410
411 37
411 412
411 413
414 415
414 394
414 407
414 391
416 37
416 417
416 95
418 264
418 419
420 254
420 264
421 422
421 264
423 424
423 264
425 323
425 264
426 232
426 264
427 264
427 428
429 264
429 240
430 227
430 264
431 29
431 264
432 7
432 8
432 34
432 145
432 54
432 9
433 434
433 7
433 9
433 132
433 8
435 8
435 7
435 9
435 132
435 436
437 438
437 439
440 9
440 7
440 352
440 132
440 8
441 341
441 7
441 9
441 132
441 8
442 255
442 7
442 9
442 132
442 8
443 7
443 351
443 9
443 132
443 8
444 7
444 148
444 9
444 132
444 8
445 439
445 446
447 439
447 7
447 9
447 132
447 8
448 8
448 7
448 9
448 132
448 449
450 439
450 45
451 61
451 7
451 8
451 34
451 145
451 9
452 439
452 255
453 341
453 439
454 439
454 352
455 50
455 7
455 8
455 34
455 145
455 9
456 54
456 449
457 232
457 7
457 8
457 154
458 323
458 7
458 8
458 154
459 7
459 240
459 154
459 8
460 7
460 8
460 154
460 428
461 254
461 7
461 8
461 154
462 419
462 8
462 154
462 7
463 36
463 464
463 465
466 36
466 467
466 468
469 36
469 470
469 417
471 36
471 472
471 473
474 475
474 36
474 43
476 36
476 477
476 478
479 36
479 480
479 481
482 36
482 384
482 483
484 422
484 7
484 8
484 154
485 36
485 486
485 465
487 36
487 488
487 481
489 114
489 22
489 19
489 117
489 490
489 491
492 72
492 493
492 494
495 19
495 117
495 496
495 497
495 22
498 19
498 499
498 117
498 500
498 22
501 467
501 72
501 502
503 133
503 135
503 7
503 235
503 34
503 8
503 9
503 138
504 37
504 412
504 24
504 42
505 506
505 177
505 42
505 37
507 36
507 37
507 496
507 88
507 42
508 37
508 42
508 509
508 468
510 19
510 360
510 511
510 42
512 513
512 19
512 22
512 95
512 42
514 19
514 37
514 384
514 515
514 42
516 517
516 37
516 19
516 300
516 42
518 519
518 19
518 42
518 520
521 522
521 523
521 19
521 42
524 525
524 428
526 525
526 240
527 323
527 525
528 115
528 135
528 529
528 140
528 138
528 530
531 422
531 525
532 424
532 525
533 525
533 419
534 525
534 254
535 536
535 7
535 537
535 8
538 6
538 7
538 537
538 9
538 8
539 227
539 525
540 29
540 525
541 42
541 542
541 543
544 545
544 39
544 42
546 12
546 547
546 402
548 549
548 547
548 402
550 394
550 551
550 402
552 394
552 553
552 402
554 549
554 394
554 14
554 555
554 402
556 14
556 12
556 402
556 555
556 394
557 85
557 558
557 42
559 560
559 561
559 42
562 36
562 563
562 564
565 517
565 36
565 480
566 567
566 34
566 568
569 267
569 282
569 34
570 571
570 149
570 34
572 573
572 574
572 34
575 576
575 577
575 34
578 294
578 579
578 34
580 581
580 582
580 34
583 584
583 34
583 585
586 138
586 587
586 273
588 589
588 590
588 138
591 592
591 172
591 22
593 360
593 22
593 594
595 596
595 597
595 22
598 599
598 22
598 600
601 602
601 2
601 603
604 605
604 2
604 606
607 608
607 22
607 609
610 611
610 22
610 612
613 614
613 2
613 615
616 617
616 2
616 618
619 620
619 2
619 621
622 2
622 623
622 624
625 626
625 2
625 86
625 4
627 628
627 2
627 86
629 630
629 2
629 631
632 633
632 2
632 86
632 4
634 419
634 10
635 419
635 61
636 163
636 165
637 48
637 163
638 50
638 163
639 63
639 163
640 419
640 56
641 419
641 58
642 419
642 52
643 419
643 54
644 114
644 645
644 646
644 115
644 117
647 117
647 114
647 648
647 649
650 117
650 22
650 651
650 318
652 653
652 7
652 8
652 240
654 655
654 117
654 656
654 22
657 138
657 658
657 124
657 34
659 391
659 394
659 660
659 661
659 402
662 663
662 335
662 664
662 68
665 335
665 68
665 666
665 405
667 22
667 117
667 302
667 651
668 376
668 357
669 102
669 357
670 357
670 107
671 29
671 357
672 227
672 357
673 357
673 240
674 357
674 428
675 232
675 357
676 146
676 357
677 264
677 357
678 389
678 679
678 680
678 391
681 389
681 68
681 201
681 70
681 682
683 389
683 684
683 685
683 391
686 389
686 687
686 70
686 391
686 688
689 389
689 394
689 690
689 391
689 691
692 389
692 693
692 694
692 70
695 696
695 389
695 697
695 391
698 699
698 389
698 391
698 700
701 389
701 702
701 70
701 703
704 389
704 70
704 705
704 213
706 7
706 8
706 34
706 355
706 707
706 9
708 7
708 8
708 34
708 355
708 9
708 231
709 434
709 7
709 8
709 34
709 355
709 9
710 711
710 7
710 8
710 34
710 355
710 9
712 7
712 8
712 34
712 355
712 9
712 525
713 7
713 8
713 34
713 355
713 9
713 436
714 7
714 8
714 34
714 355
714 9
714 439
715 7
715 8
715 34
715 355
715 9
715 341
716 148
716 7
716 8
716 34
716 355
716 9
717 449
717 7
717 8
717 34
717 355
717 9
718 7
718 719
718 8
718 16
720 276
720 7
720 8
720 16
721 525
721 7
721 16
722 7
722 16
722 436
723 7
723 357
723 16
724 231
724 7
724 16
725 148
725 16
725 7
726 7
726 16
726 449
727 434
727 7
727 16
728 7
728 711
728 16
729 389
729 730
729 391
729 731
732 389
732 391
732 700
732 733
734 389
734 735
734 391
734 736
737 389
737 680
737 394
737 391
737 738
739 389
739 740
739 364
739 391
741 68
741 389
741 699
741 391
741 70
741 742
743 389
743 394
743 744
743 391
743 396
745 389
745 693
745 70
745 746
745 391
747 391
747 389
747 748
747 749
750 696
750 389
750 751
750 391
752 753
752 394
752 682
752 391
754 394
754 389
754 755
754 402
754 756
754 391
757 394
757 389
757 758
757 14
757 391
757 402
759 394
759 364
759 402
759 391
760 761
760 394
760 402
760 762
760 391
763 764
763 394
763 765
763 391
766 394
766 767
766 738
766 391
768 769
768 394
768 391
768 767
770 771
770 772
770 394
770 391
773 774
773 394
773 772
773 391
775 264
775 54
776 264
776 52
777 376
777 107
778 376
778 102
779 227
779 376
780 29
780 376
781 376
781 428
782 376
782 240
783 323
783 376
784 232
784 376
785 22
785 42
785 19
785 117
785 786
785 511
787 19
787 42
787 594
787 22
787 190
788 19
788 117
788 496
788 789
788 22
790 19
790 22
790 37
790 513
790 42
790 517
791 19
791 117
791 497
791 22
791 490
792 19
792 304
792 793
792 22
794 19
794 299
794 795
794 22
794 42
796 797
796 798
796 19
796 22
799 22
799 800
799 42
799 19
799 117
799 262
801 37
801 114
801 115
801 22
801 42
801 19
801 117
801 118
801 175
802 148
802 107
803 148
803 102
804 376
804 148
805 264
805 148
806 146
806 148
807 247
807 148
808 252
808 148
809 148
809 248
810 148
810 46
811 438
811 148
812 9
812 138
812 34
812 813
812 814
815 816
815 135
815 34
815 9
815 270
815 138
817 135
817 8
817 34
817 818
817 9
817 138
817 819
820 8
820 821
820 822
820 34
820 9
820 138
823 115
823 824
823 135
823 8
823 34
823 9
823 140
823 138
823 530
825 826
825 34
825 827
828 797
828 80
828 42
829 830
829 831
829 42
832 833
832 590
832 8
832 34
832 9
832 138
834 835
834 836
834 42
837 42
837 838
837 839
840 306
840 841
840 42
842 42
842 831
842 843
844 542
844 413
844 42
845 846
845 385
845 42
847 42
847 795
847 839
848 849
848 42
848 850
851 525
851 449
852 525
852 148
853 138
853 32
853 135
853 854
855 138
855 658
855 34
855 274
856 341
856 525
857 439
857 525
858 525
858 859
860 861
860 135
860 138
860 862
863 525
863 446
864 865
864 138
864 135
864 827
866 867
866 138
866 34
866 826
868 869
868 402
868 870
871 394
871 872
871 364
871 391
873 771
873 402
873 874
875 876
875 774
875 402
877 19
877 878
877 318
879 389
879 880
879 70
879 682
879 68
881 364
881 391
881 882
883 7
883 8
883 34
883 145
883 9
883 45
884 68
884 389
884 885
884 224
884 391
884 70
886 115
886 117
886 114
886 237
886 612
887 589
887 138
887 888
889 890
889 587
889 135
891 138
891 892
891 893
894 138
894 895
894 896
897 867
897 135
897 898
899 900
899 135
899 901
902 903
902 904
902 135
905 906
905 135
905 907
908 909
908 910
908 138
911 138
911 912
911 913
914 107
914 165
915 48
915 107
916 107
916 61
917 56
917 107
918 58
918 107
919 52
919 107
920 50
920 107
921 63
921 107
922 65
922 107
923 107
923 10
924 188
924 22
924 100
925 599
925 22
925 520
926 224
926 335
926 493
926 2
926 4
927 928
927 68
927 199
927 335
927 2
927 4
929 126
929 930
929 8
929 9
931 14
931 932
931 402
933 932
933 402
933 934
935 936
935 14
935 402
937 12
937 932
937 402
938 549
938 12
938 402
938 882
939 14
939 402
939 882
940 523
940 941
940 22
942 36
942 472
942 2
942 72
942 943
944 254
944 10
945 254
945 61
946 63
946 254
947 65
947 254
948 48
948 254
949 50
949 254
950 254
950 163
951 254
951 165
952 422
952 54
953 254
953 419
954 135
954 140
954 955
954 956
957 958
957 394
957 885
957 402
959 699
959 389
959 960
959 391
961 962
961 7
961 107
961 8
963 630
963 964
963 2
963 4
965 2
965 966
965 967
965 4
968 135
968 646
968 969
968 140
970 4
970 2
970 606
970 971
972 9
972 962
972 893
972 34
973 135
973 969
973 974
973 140
975 63
975 351
976 65
976 351
977 48
977 351
978 50
978 351
979 351
979 56
980 351
980 58
981 351
981 10
982 6
982 7
982 107
982 9
982 8
983 6
983 7
983 9
983 248
983 8
984 351
984 165
985 986
985 114
985 115
985 22
985 117
985 140
985 890
987 231
987 357
988 525
988 357
989 357
989 711
990 148
990 357
991 357
991 436
992 434
992 357
993 341
993 357
994 357
994 352
995 357
995 449
996 439
996 357
997 114
997 22
997 500
997 998
997 19
997 117
999 693
999 1000
999 70
1001 1002
1001 218
1001 68
1003 68
1003 1004
1003 212
1005 68
1005 1006
1005 1007
1008 1009
1008 68
1008 1010
1011 198
1011 1012
1011 68
1013 222
1013 1014
1013 68
1015 1016
1015 68
1015 1017
1018 68
1018 336
1018 1019
1020 1009
1020 68
1020 1021
1022 986
1022 114
1022 115
1022 22
1022 117
1022 1023
1024 146
1024 7
1024 152
1025 264
1025 152
1025 7
1026 7
1026 152
1026 107
1027 29
1027 7
1027 152
1028 376
1028 7
1028 152
1029 7
1029 102
1029 152
1030 7
1030 152
1030 428
1031 232
1031 7
1031 152
1032 227
1032 7
1032 152
1033 7
1033 152
1033 240
1034 247
1034 7
1034 8
1034 34
1034 355
1034 9
1035 7
1035 8
1035 34
1035 355
1035 9
1035 146
1036 7
1036 8
1036 34
1036 29
1036 355
1036 9
1037 227
1037 7
1037 8
1037 34
1037 355
1037 9
1038 240
1038 7
1038 8
1038 34
1038 355
1038 9
1039 114
1039 115
1039 22
1039 1040
1039 140
1039 42
1039 19
1039 117
1039 190
1041 7
1041 8
1041 34
1041 355
1041 9
1041 264
1042 7
1042 376
1042 34
1042 8
1042 355
1042 9
1043 7
1043 8
1043 34
1043 355
1043 102
1043 9
1044 7
1044 8
1044 34
1044 355
1044 107
1044 9
1045 114
1045 115
1045 1046
1045 22
1045 42
1045 19
1045 117
1045 190
1047 1048
1047 391
1047 660
1049 1050
1049 705
1049 391
1051 1052
1051 391
1051 1053
1054 1055
1054 391
1054 767
1056 1057
1056 391
1056 1058
1059 1060
1059 553
1059 391
1061 1062
1061 391
1061 1063
1064 679
1064 1065
1064 391
1066 1067
1066 391
1066 1068
1069 1070
1069 1071
1069 391
1072 7
1072 357
1072 707
1073 115
1073 1074
1073 901
1073 135
1073 140
1075 1076
1075 1077
1075 135
1075 115
1075 140
1078 1074
1078 115
1078 1079
1078 135
1078 140
1080 1081
1080 54
1080 8
1080 9
1080 7
1082 903
1082 135
1082 115
1082 530
1082 140
1083 1084
1083 138
1083 135
1083 579
1083 140
1085 138
1085 273
1085 135
1085 1046
1085 140
1086 37
1086 86
1086 22
1086 42
1086 19
1086 117
1086 196
1086 36
1087 14
1087 12
1087 402
1087 394
1087 882
1088 114
1088 22
1088 500
1088 1089
1088 19
1088 117
1090 114
1090 22
1090 850
1090 1091
1090 19
1090 117
1092 1093
1092 19
1092 117
1092 496
1092 22
1094 560
1094 19
1094 117
1094 656
1094 22
1095 9
1095 7
1095 56
1095 132
1095 8
1096 163
1096 148
1097 50
1097 148
1098 7
1098 58
1098 9
1098 132
1098 8
1099 65
1099 148
1100 63
1100 148
1101 148
1101 61
1102 148
1102 10
1103 148
1103 58
1104 7
1104 8
1104 34
1104 145
1104 1105
1104 9
1106 653
1106 54
1106 8
1106 7
1107 1081
1107 7
1107 357
1107 9
1107 8
1108 525
1108 1081
1108 7
1108 8
1108 9
1109 1081
1109 7
1109 8
1109 9
1109 436
1110 1081
1110 7
1110 9
1110 707
1110 8
1111 231
1111 1081
1111 7
1111 8
1111 9
1112 1081
1112 7
1112 8
1112 34
1112 355
1112 9
1113 1081
1113 7
1113 276
1113 9
1113 8
1114 1081
1114 7
1114 8
1114 9
1114 133
1115 1081
1115 7
1115 822
1115 9
1115 8
1116 50
1116 7
1116 1117
1116 8
1116 9
1118 48
1118 7
1118 1117
1118 8
1118 9
1119 7
1119 1117
1119 9
1119 165
1119 8
1120 163
1120 1117
1120 8
1120 9
1120 7
1121 7
1121 1117
1121 9
1121 61
1121 8
1122 7
1122 1117
1122 8
1122 9
1122 10
1123 65
1123 7
1123 1117
1123 8
1123 9
1124 63
1124 7
1124 1117
1124 8
1124 9
1125 419
1125 1117
1125 8
1125 9
1125 7
1126 254
1126 7
1126 1117
1126 8
1126 9
1127 376
1127 436
1128 1129
1128 34
1128 132
1130 436
1130 428
1131 573
1131 34
1131 1132
1133 323
1133 436
1134 232
1134 436
1135 284
1135 267
1135 34
1136 355
1136 574
1136 34
1137 227
1137 436
1138 577
1138 151
1138 34
1139 1140
1139 4
1139 335
1139 1141
1139 68
1142 335
1142 1143
1142 1144
1142 68
1142 4
1145 1146
1145 70
1145 335
1145 364
1145 68
1147 1148
1147 68
1147 335
1147 1149
1147 70
1147 2
1147 4
1150 68
1150 389
1150 1151
1150 335
1150 943
1150 70
1150 4
1152 68
1152 1153
1152 335
1152 2
1152 624
1152 4
1154 68
1154 335
1154 170
1154 70
1154 1155
1154 4
1156 1157
1156 335
1156 68
1156 1155
1156 4
1158 68
1158 1141
1158 335
1158 4
1158 2
1158 1159
1160 614
1160 335
1160 68
1160 1021
1160 4
1161 146
1161 255
1162 6
1162 7
1162 536
1162 9
1162 8
1163 135
1163 7
1163 235
1163 34
1163 8
1163 9
1163 138
1163 146
1164 6
1164 7
1164 357
1164 9
1164 8
1165 7
1165 135
1165 252
1165 235
1165 34
1165 8
1165 9
1165 138
1166 247
1166 7
1166 235
1166 34
1166 8
1166 9
1166 138
1166 135
1167 135
1167 34
1167 1105
1167 9
1167 140
1167 138
1167 121
1168 135
1168 7
1168 235
1168 34
1168 8
1168 29
1168 9
1168 138
1169 135
1169 7
1169 235
1169 34
1169 8
1169 376
1169 9
1169 138
1170 231
1170 6
1170 7
1170 8
1170 9
1171 46
1171 135
1171 7
1171 235
1171 34
1171 8
1171 9
1171 138
1172 255
1172 107
1173 439
1173 1105
1173 8
1173 7
1174 7
1174 1105
1174 8
1174 449
1175 1105
1175 8
1175 352
1175 7
1176 341
1176 1105
1176 8
1176 7
1177 255
1177 1105
1177 8
1177 7
1178 351
1178 1105
1178 8
1178 7
1179 1105
1179 45
1179 8
1179 7
1180 7
1180 1105
1180 446
1180 8
1181 227
1181 255
1182 1105
1182 148
1182 8
1182 7
1183 1105
1183 8
1183 711
1183 7
1184 68
1184 755
1184 335
1184 70
1184 1185
1184 4
1186 6
1186 148
1186 8
1186 9
1186 7
1187 232
1187 255
1188 146
1188 248
1189 900
1189 1190
1189 140
1191 1192
1191 140
1191 1193
1194 137
1194 1195
1194 140
1196 1197
1196 1198
1196 140
1199 1200
1199 140
1199 890
1201 1084
1201 907
1201 140
1202 890
1202 1203
1202 140
1204 890
1204 1205
1204 140
1206 135
1206 1207
1206 1208
1209 1040
1209 903
1209 135
1210 199
1210 335
1210 68
1210 1211
1212 36
1212 79
1212 72
1212 1213
1212 2
1214 2
1214 1215
1214 1216
1214 4
1217 394
1217 549
1217 12
1217 660
1217 14
1217 402
1217 391
1218 1219
1218 1220
1218 2
1218 72
1221 1222
1221 72
1221 38
1221 2
1223 1143
1223 2
1223 72
1223 494
1224 36
1224 2
1224 72
1224 1225
1224 478
1226 394
1226 70
1226 389
1226 402
1226 335
1226 391
1226 68
1226 661
1226 1227
1228 1229
1228 2
1228 1230
1231 1
1231 2
1231 74
1231 4
1232 394
1232 70
1232 1233
1232 693
1232 389
1232 402
1232 391
1234 389
1234 1235
1234 394
1234 402
1234 391
1236 140
1236 114
1236 115
1236 651
1236 1237
1238 114
1238 22
1238 41
1238 19
1238 117
1238 1074
1239 19
1239 37
1239 175
1239 1240
1239 42
1241 19
1241 314
1241 795
1241 42
1242 699
1242 394
1242 402
1242 762
1243 114
1243 115
1243 1244
1243 1245
1243 140
1246 865
1246 138
1246 135
1246 34
1246 1247
1248 180
1248 224
1248 72
1248 335
1248 2
1248 4
1249 68
1249 72
1249 199
1249 335
1249 1250
1249 2
1249 4
1251 389
1251 68
1251 1252
1251 1253
1251 70
1254 6
1254 7
1254 56
1254 9
1254 8
1255 6
1255 7
1255 58
1255 8
1255 9
1256 6
1256 7
1256 52
1256 8
1256 9
1257 6
1257 54
1257 8
1257 9
1257 7
1258 63
1258 6
1258 7
1258 8
1258 9
1259 65
1259 6
1259 7
1259 8
1259 9
1260 6
1260 7
1260 8
1260 9
1260 10
1261 6
1261 7
1261 9
1261 61
1261 8
1262 48
1262 6
1262 7
1262 8
1262 9
1263 50
1263 6
1263 7
1263 8
1263 9
1264 653
1264 376
1264 7
1264 8
1265 231
1265 7
1265 152
1266 525
1266 7
1266 152
1267 653
1267 7
1267 102
1267 8
1268 7
1268 152
1268 449
1269 439
1269 7
1269 152
1270 341
1270 7
1270 152
1271 7
1271 152
1271 352
1272 7
1272 152
1272 436
1273 434
1273 7
1273 152
1274 7
1274 152
1274 711
1275 148
1275 152
1275 7
1276 7
1276 46
1276 822
1277 7
1277 822
1277 248
1278 7
1278 822
1278 859
1279 438
1279 7
1279 822
1280 7
1280 822
1280 446
1281 7
1281 45
1281 822
1282 351
1282 822
1282 7
1283 255
1283 7
1283 822
1284 341
1284 7
1284 822
1285 7
1285 822
1285 352
1286 537
1286 7
1286 146
1287 394
1287 1288
1287 391
1287 1289
1290 389
1290 1291
1290 736
1290 391
1292 1293
1292 389
1292 746
1292 391
1294 394
1294 872
1294 391
1294 1151
1295 772
1295 394
1295 402
1295 661
1295 391
1296 394
1296 1297
1296 391
1296 1298
1299 389
1299 394
1299 744
1299 391
1299 691
1300 394
1300 70
1300 389
1300 391
1300 396
1300 1301
1302 389
1302 730
1302 1303
1302 391
1304 389
1304 960
1304 391
1304 733
1305 1009
1305 335
1305 1306
1307 198
1307 335
1307 1308
1309 592
1309 19
1309 793
1309 22
1310 19
1310 655
1310 384
1310 42
1310 37
1311 519
1311 19
1311 1312
1311 42
1313 19
1313 1314
1313 42
1313 843
1315 19
1315 174
1315 1316
1317 19
1317 117
1317 496
1317 1318
1317 22
1319 846
1319 1320
1319 19
1319 22
1321 797
1321 174
1321 19
1321 22
1322 1323
1322 201
1322 335
1324 341
1324 7
1324 8
1324 9
1324 1132
1325 204
1325 1326
1325 335
1327 8
1327 7
1327 9
1327 352
1327 1132
1328 7
1328 351
1328 8
1328 9
1328 1132
1329 255
1329 7
1329 8
1329 9
1329 1132
1330 8
1330 7
1330 446
1330 9
1330 1132
1331 7
1331 45
1331 8
1331 9
1331 1132
1332 61
1332 449
1333 906
1333 135
1333 819
1334 135
1334 1335
1334 1336
1337 7
1337 859
1337 8
1337 9
1337 1132
1338 449
1338 10
1339 135
1339 167
1339 1198
1340 135
1340 1341
1340 1342
1343 816
1343 1344
1343 135
1345 1346
1345 1347
1345 135
1348 909
1348 135
1348 1349
1350 1351
1350 135
1350 1208
1352 1353
1352 135
1352 888
1354 1355
1354 135
1354 854
1356 56
1356 449
1357 50
1357 449
1358 48
1358 449
1359 65
1359 449
1360 63
1360 449
1361 232
1361 7
1361 8
1361 34
1361 145
1361 9
1362 163
1362 449
1363 63
1363 10
1364 65
1364 63
1365 50
1365 54
1366 50
1366 52
1367 63
1367 52
1368 63
1368 58
1369 63
1369 56
1370 63
1370 61
1371 50
1371 58
1372 50
1372 56
1373 146
1373 449
1374 297
1374 37
1374 42
1374 19
1374 99
1375 252
1375 449
1376 248
1376 449
1377 107
1377 449
1378 102
1378 449
1379 376
1379 449
1380 116
1380 37
1380 1381
1380 19
1380 42
1382 7
1382 102
1382 8
1382 154
1383 7
1383 102
1383 9
1383 132
1383 8
1384 376
1384 7
1384 9
1384 132
1384 8
1385 19
1385 1320
1385 311
1385 22
1386 1355
1386 135
1386 339
1386 140
1387 560
1387 19
1387 117
1387 1318
1387 22
1388 37
1388 22
1388 1381
1388 42
1388 19
1388 117
1388 1389
1390 19
1390 183
1390 188
1390 42
1391 628
1391 335
1391 208
1392 573
1392 135
1392 1393
1392 138
1394 36
1394 37
1394 1395
1394 564
1396 36
1396 72
1396 1215
1396 1397
1398 36
1398 1399
1398 72
1398 417
1400 19
1400 37
1400 1312
1400 42
1400 43
1401 37
1401 38
1401 42
1401 19
1401 36
1401 655
1402 63
1402 7
1402 30
1402 9
1402 8
1403 7
1403 46
1403 8
1403 154
1404 438
1404 7
1404 8
1404 154
1405 1406
1405 138
1405 135
1405 898
1407 904
1407 135
1407 1408
1407 34
1407 9
1407 138
1409 138
1409 32
1409 135
1409 862
1410 439
1410 436
1411 138
1411 135
1411 1412
1411 34
1411 274
1413 584
1413 138
1413 135
1413 1414
1415 1416
1415 135
1415 34
1415 9
1415 140
1415 138
1415 1417
1418 115
1418 1419
1418 135
1418 34
1418 140
1418 138
1418 530
1420 115
1420 135
1420 582
1420 998
1420 140
1420 138
1421 525
1421 52
1422 114
1422 115
1422 22
1422 117
1422 1335
1422 140
1422 1423
1424 114
1424 115
1424 22
1424 19
1424 117
1424 974
1424 1425
1426 114
1426 115
1426 22
1426 117
1426 646
1426 1423
1427 114
1427 115
1427 22
1427 1312
1427 1428
1427 117
1429 227
1429 7
1429 9
1429 132
1429 8
1430 22
1430 42
1430 19
1430 117
1430 262
1430 95
1431 22
1431 321
1431 42
1431 19
1431 117
1431 190
1432 19
1432 117
1432 177
1432 315
1432 22
1433 19
1433 1434
1433 1425
1433 117
1433 22
1435 276
1435 351
1435 8
1436 276
1436 8
1436 352
1437 276
1437 446
1437 8
1438 276
1438 255
1438 8
1439 276
1439 8
1439 859
1440 276
1440 45
1440 8
1441 276
1441 46
1441 8
1442 438
1442 276
1442 8
1443 341
1443 276
1443 8
1444 439
1444 276
1444 8
1445 61
1445 135
1445 7
1445 235
1445 34
1445 8
1445 9
1445 138
1446 135
1446 7
1446 235
1446 34
1446 8
1446 56
1446 9
1446 138
1447 135
1447 7
1447 235
1447 34
1447 8
1447 58
1447 9
1447 138
1448 52
1448 135
1448 7
1448 235
1448 34
1448 8
1448 9
1448 138
1449 50
1449 135
1449 7
1449 235
1449 34
1449 8
1449 9
1449 138
1450 135
1450 7
1450 235
1450 34
1450 8
1450 9
1450 138
1450 63
1451 135
1451 7
1451 235
1451 34
1451 8
1451 9
1451 65
1451 138
1452 135
1452 7
1452 235
1452 34
1452 8
1452 9
1452 10
1452 138
1453 165
1453 135
1453 7
1453 235
1453 34
1453 8
1453 9
1453 138
1454 48
1454 135
1454 7
1454 235
1454 34
1454 8
1454 9
1454 138
1455 29
1455 1105
1455 8
1455 7
1456 7
1456 1105
1456 107
1456 8
1457 232
1457 1105
1457 8
1457 7
1458 7
1458 1105
1458 8
1458 428
1459 1105
1459 8
1459 240
1459 7
1460 227
1460 1105
1460 8
1460 7
1461 254
1461 1105
1461 8
1461 7
1462 422
1462 1105
1462 8
1462 7
1463 424
1463 1105
1463 8
1463 7
1464 323
1464 1105
1464 8
1464 7
1465 8
1465 7
1465 9
1465 132
1465 428
1466 438
1466 61
1467 438
1467 56
1468 438
1468 58
1469 438
1469 52
1470 438
1470 54
1471 46
1471 248
1472 252
1472 46
1473 247
1473 46
1474 65
1474 438
1475 438
1475 10
1476 1076
1476 115
1476 1190
1477 1200
1477 1478
1477 115
1479 227
1479 163
1480 227
1480 165
1481 115
1481 1482
1481 1483
1484 1203
1484 1091
1484 115
1485 1486
1485 115
1485 1487
1488 1489
1488 115
1488 1195
1490 227
1490 10
1491 115
1491 1492
1491 1493
1494 1495
1494 1496
1494 115
1497 1192
1497 1498
1497 115
1499 79
1499 1500
1499 72
1499 335
1499 36
1499 2
1499 4
1501 633
1501 72
1501 2
1501 483
1501 4
1502 2
1502 4
1502 663
1502 1503
1504 1505
1504 2
1504 1506
1504 4
1507 1508
1507 4
1507 2
1507 1509
1510 1511
1510 2
1510 1512
1510 4
1513 2
1513 1216
1513 624
1513 4
1514 2
1514 1515
1514 666
1514 4
1516 1323
1516 2
1516 624
1516 4
1517 2
1517 966
1517 74
1517 4
1518 232
1518 7
1518 1117
1518 8
1518 9
1519 323
1519 7
1519 1117
1519 8
1519 9
1520 424
1520 7
1520 1117
1520 8
1520 9
1521 422
1521 7
1521 1117
1521 8
1521 9
1522 29
1522 7
1522 1117
1522 8
1522 9
1523 536
1523 7
1523 8
1523 352
1524 536
1524 351
1524 8
1524 7
1525 536
1525 7
1525 8
1525 248
1526 536
1526 252
1526 8
1526 7
1527 438
1527 536
1527 7
1527 8
1528 536
1528 7
1528 46
1528 8
1529 536
1529 7
1529 45
1529 8
1530 536
1530 7
1530 8
1530 859
1531 536
1531 7
1531 255
1531 8
1532 536
1532 7
1532 446
1532 8
1533 227
1533 7
1533 1117
1533 8
1533 9
1534 653
1534 525
1534 7
1534 8
1535 7
1535 1117
1535 9
1535 240
1535 8
1536 7
1536 1117
1536 8
1536 9
1536 428
1537 537
1537 7
1537 61
1538 537
1538 7
1538 56
1539 65
1539 537
1539 7
1540 537
1540 7
1540 10
1541 50
1541 537
1541 7
1542 63
1542 537
1542 7
1543 537
1543 7
1543 165
1544 48
1544 537
1544 7
1545 537
1545 419
1545 7
1546 537
1546 163
1546 7
1547 529
1547 9
1547 34
1547 133
1548 7
1548 822
1548 428
1549 232
1549 7
1549 822
1550 323
1550 7
1550 822
1551 424
1551 7
1551 822
1552 422
1552 7
1552 822
1553 254
1553 7
1553 822
1554 419
1554 822
1554 7
1555 163
1555 822
1555 7
1556 7
1556 822
1556 165
1557 48
1557 7
1557 822
1558 1559
1558 9
1558 133
1560 1081
1560 148
1560 8
1560 9
1560 7
1561 1562
1561 904
1561 135
1561 34
1561 9
1561 138
1563 130
1563 115
1563 135
1563 8
1563 34
1563 9
1563 140
1563 138
1563 530
1564 1081
1564 7
1564 255
1564 9
1564 8
1565 335
1565 68
1565 1021
1565 1566
1567 52
1567 56
1568 58
1568 56
1569 58
1569 52
1570 54
1570 56
1571 58
1571 61
1572 56
1572 61
1573 54
1573 61
1574 52
1574 61
1575 222
1575 335
1575 1576
1577 335
1577 1578
1577 1579
1580 54
1580 10
1581 52
1581 10
1582 335
1582 1583
1582 1584
1585 633
1585 69
1585 335
1586 169
1586 335
1586 1587
1588 335
1588 1017
1588 666
1589 163
1589 7
1589 8
1589 34
1589 145
1589 9
1590 7
1590 8
1590 34
1590 145
1590 419
1590 9
1591 48
1591 7
1591 8
1591 34
1591 145
1591 9
1592 165
1592 7
1592 8
1592 34
1592 145
1592 9
1593 424
1593 7
1593 8
1593 34
1593 145
1593 9
1594 7
1594 8
1594 34
1594 323
1594 145
1594 9
1595 7
1595 8
1595 34
1595 145
1595 254
1595 9
1596 7
1596 8
1596 34
1596 422
1596 145
1596 9
1597 165
1597 449
1598 7
1598 8
1598 34
1598 145
1598 9
1598 428
1599 72
1599 488
1599 1503
1600 72
1600 928
1600 94
1601 36
1601 1229
1601 190
1602 36
1602 72
1602 1159
1602 190
1603 19
1603 37
1603 1381
1603 42
1603 1604
1605 37
1605 22
1605 1381
1605 42
1605 19
1605 1606
1605 117
1607 37
1607 22
1607 99
1607 941
1607 42
1607 19
1608 37
1608 22
1608 1381
1608 42
1608 19
1608 1609
1610 37
1610 1240
1610 42
1610 19
1610 72
1610 1211
1610 36
1610 2
1610 4
1611 37
1611 22
1611 315
1611 42
1611 19
1611 117
1611 72
1611 36
1611 1612
1613 72
1613 467
1613 1614
1615 72
1615 473
1615 606
1616 424
1616 7
1616 1617
1616 8
1618 54
1618 719
1618 8
1618 7
1619 536
1619 351
1619 8
1619 7
1620 1621
1620 9
1620 1622
1620 8
1623 37
1623 793
1623 1624
1623 42
1625 1626
1625 2
1625 663
1625 4
1627 1628
1627 255
1627 7
1627 8
1629 8
1629 1630
1629 9
1629 143
1631 65
1631 1081
1631 7
1631 8
1631 9
1632 9
1632 355
1632 152
1632 34
1632 8
1633 341
1633 285
1633 8
1633 7
1634 1081
1634 7
1634 254
1634 9
1634 8
1635 1081
1635 419
1635 8
1635 9
1635 7
1636 7
1636 8
1636 34
1636 9
1636 138
1636 146
1636 1637
1638 48
1638 1081
1638 7
1638 8
1638 9
1639 50
1639 1081
1639 7
1639 8
1639 9
1640 1081
1640 163
1640 8
1640 9
1640 7
1641 1081
1641 7
1641 9
1641 165
1641 8
1642 1081
1642 7
1642 8
1642 9
1642 10
1643 1081
1643 7
1643 9
1643 61
1643 8
1644 63
1644 1081
1644 7
1644 8
1644 9
1645 65
1645 1081
1645 7
1645 8
1645 9
1646 276
1646 8
1646 428
1647 276
1647 8
1647 240
1648 422
1648 276
1648 8
1649 424
1649 276
1649 8
1650 323
1650 276
1650 8
1651 232
1651 276
1651 8
1652 276
1652 8
1652 165
1653 276
1653 163
1653 8
1654 276
1654 419
1654 8
1655 276
1655 254
1655 8
1656 439
1656 7
1656 30
1656 9
1656 8
1657 7
1657 719
1657 8
1657 165
1658 19
1658 1659
1658 1660
1661 19
1661 655
1661 509
1662 1663
1662 7
1662 52
1662 8
1664 65
1664 6
1664 7
1664 8
1664 9
1665 323
1665 7
1665 278
1665 8
1666 7
1666 58
1666 8
1666 295
1667 7
1667 8
1667 61
1667 1668
1669 19
1669 1670
1669 24
1671 1628
1671 434
1671 7
1671 8
1672 227
1672 1081
1672 7
1672 8
1672 9
1673 438
1673 7
1673 8
1673 34
1673 9
1673 138
1673 1637
1674 7
1674 8
1674 34
1674 9
1674 138
1674 1637
1674 859
1675 1637
1675 7
1675 8
1675 34
1675 9
1675 138
1675 264
1676 19
1676 1677
1676 306
1678 7
1678 8
1678 34
1678 102
1678 9
1678 138
1678 1637
1679 7
1679 8
1679 34
1679 376
1679 9
1679 138
1679 1637
1680 7
1680 8
1680 34
1680 9
1680 138
1680 1637
1680 248
1681 46
1681 7
1681 8
1681 34
1681 9
1681 138
1681 1637
1682 247
1682 7
1682 8
1682 34
1682 9
1682 138
1682 1637
1683 774
1683 402
1683 756
1684 19
1684 188
1684 21
1685 308
1685 19
1685 318
1686 7
1686 8
1686 34
1686 355
1686 9
1686 65
1687 7
1687 8
1687 34
1687 355
1687 9
1687 63
1688 7
1688 8
1688 34
1688 355
1688 54
1688 9
1689 52
1689 7
1689 8
1689 34
1689 355
1689 9
1690 231
1690 7
1690 707
1691 276
1691 7
1691 8
1691 707
1692 61
1692 7
1692 8
1692 34
1692 355
1692 9
1693 7
1693 8
1693 34
1693 355
1693 9
1693 10
1694 7
1694 8
1694 34
1694 355
1694 58
1694 9
1695 7
1695 8
1695 34
1695 355
1695 56
1695 9
1696 438
1696 146
1697 438
1697 264
1698 438
1698 107
1699 438
1699 29
1700 438
1700 376
1701 438
1701 102
1702 438
1702 428
1703 438
1703 232
1704 227
1704 438
1705 438
1705 240
1706 1081
1706 7
1706 52
1706 8
1706 9
1707 63
1707 29
1708 65
1708 29
1709 48
1709 29
1710 50
1710 29
1711 29
1711 56
1712 29
1712 58
1713 29
1713 10
1714 29
1714 61
1715 29
1715 163
1716 29
1716 165
1717 48
1717 232
1718 50
1718 232
1719 63
1719 232
1720 65
1720 232
1721 232
1721 254
1722 232
1722 419
1723 232
1723 163
1724 232
1724 165
1725 424
1725 232
1726 422
1726 232
1727 22
1727 117
1727 114
1727 1728
1727 515
1729 422
1729 536
1729 7
1729 8
1730 1731
1730 114
1730 117
1730 22
1730 318
1732 114
1732 22
1732 413
1732 42
1732 19
1732 117
1732 1074
1733 114
1733 115
1733 1207
1733 1734
1733 117
1733 140
1735 114
1735 115
1735 22
1735 177
1735 19
1735 117
1735 1412
1735 140
1736 22
1736 117
1736 114
1736 998
1736 1423
1737 114
1737 115
1737 22
1737 135
1737 582
1737 117
1737 140
1737 138
1737 360
1738 114
1738 115
1738 22
1738 1207
1738 42
1738 19
1738 117
1738 190
1738 140
1739 114
1739 1740
1739 22
1739 19
1739 117
1739 1425
1741 232
1741 536
1741 7
1741 8
1742 323
1742 536
1742 7
1742 8
1743 409
1743 36
1743 488
1744 36
1744 1745
1744 473
1746 537
1746 7
1746 859
1747 438
1747 537
1747 7
1748 537
1748 7
1748 46
1749 537
1749 7
1749 248
1750 537
1750 252
1750 7
1751 537
1751 7
1751 247
1752 1753
1752 1754
1752 36
1755 537
1755 264
1755 7
1756 537
1756 7
1756 376
1757 537
1757 7
1757 102
1758 719
1758 1208
1758 9
1758 34
1758 138
1759 7
1759 8
1759 34
1759 1344
1759 424
1759 9
1759 138
1760 138
1760 135
1760 1761
1760 571
1762 1763
1762 34
1762 282
1762 138
1764 138
1764 135
1764 1765
1764 34
1764 568
1766 284
1766 892
1766 34
1766 138
1767 1355
1767 1768
1767 34
1767 138
1769 9
1769 138
1769 1408
1769 34
1769 821
1770 138
1770 901
1770 1559
1770 34
1771 584
1771 138
1771 135
1771 1393
1772 394
1772 70
1772 1773
1772 389
1772 1014
1772 391
1774 135
1774 1637
1774 1195
1774 140
1775 696
1775 389
1775 769
1775 394
1775 391
1776 394
1776 389
1776 402
1776 1235
1776 661
1776 391
1777 1132
1777 135
1777 34
1777 140
1777 138
1777 1778
1779 1077
1779 135
1779 140
1779 1487
1780 135
1780 1023
1780 821
1780 140
1781 867
1781 135
1781 237
1781 140
1782 1622
1782 590
1782 8
1782 34
1782 9
1782 138
1783 50
1783 7
1783 1784
1785 127
1785 163
1785 7
1786 4
1786 623
1786 1587
1787 1306
1787 4
1787 1213
1788 232
1788 833
1788 7
1789 614
1789 1511
1789 4
1790 930
1790 7
1790 449
1791 7
1791 165
1791 818
1792 7
1792 46
1792 1793
1794 1795
1794 252
1794 7
1796 1797
1796 1578
1796 4
1798 227
1798 123
1798 7
1799 352
1799 7
1799 8
1799 34
1799 145
1799 9
1800 7
1800 8
1800 34
1800 145
1800 9
1800 341
1801 215
1801 735
1801 70
1801 68
1802 14
1802 661
1803 7
1803 8
1803 34
1803 145
1803 9
1803 248
1804 46
1804 7
1804 8
1804 34
1804 145
1804 9
1805 1486
1805 114
1805 92
1805 22
1805 42
1805 19
1805 117
1806 341
1806 1807
1806 8
1808 42
1808 172
1808 543
1809 958
1809 549
1810 7
1810 8
1810 34
1810 145
1810 9
1810 255
1811 7
1811 8
1811 34
1811 145
1811 9
1811 351
1812 36
1812 1813
1812 72
1812 795
1812 37
1814 409
1814 36
1814 72
1814 967
1815 475
1815 72
1815 1816
1815 2
1817 72
1817 1213
1817 2
1817 1818
1819 620
1819 2
1819 72
1819 1820
1819 36
1821 36
1821 72
1821 175
1821 1822
1823 1505
1823 72
1823 1824
1825 72
1825 488
1825 74
1826 91
1826 1827
1826 72
1828 630
1828 72
1828 1824
1829 9
1829 354
1829 34
1829 1830
1829 8
1831 138
1831 1832
1831 1081
1831 34
1833 529
1833 9
1833 34
1833 826
1834 138
1834 658
1834 34
1834 1132
1835 130
1835 1836
1835 8
1835 34
1835 9
1835 138
1837 138
1837 30
1837 34
1837 956
1838 138
1838 167
1838 1559
1838 34
1839 653
1839 1840
1839 9
1839 34
1841 1842
1841 753
1841 402
1843 402
1843 1844
1843 1845
1846 13
1846 1847
1846 402
1848 1849
1848 14
1850 138
1850 1208
1850 34
1850 1132
1851 1852
1851 135
1851 34
1851 854
1851 138
1853 1233
1853 936
1853 402
1854 1855
1854 872
1854 402
1856 936
1856 549
1856 402
1857 394
1857 1071
1857 549
1857 12
1857 14
1857 402
1858 1081
1858 7
1858 45
1858 8
1858 9
1859 1081
1859 7
1859 8
1859 9
1859 859
1860 1081
1860 7
1860 247
1860 9
1860 8
1861 1081
1861 7
1861 146
1861 9
1861 8
1862 1081
1862 264
1862 8
1862 9
1862 7
1863 1081
1863 7
1863 376
1863 9
1863 8
1864 438
1864 1081
1864 7
1864 8
1864 9
1865 1081
1865 7
1865 46
1865 8
1865 9
1866 1081
1866 7
1866 9
1866 248
1866 8
1867 1081
1867 252
1867 8
1867 9
1867 7
1868 351
1868 54
1869 204
1869 335
1869 334
1869 4
1870 68
1870 4
1870 335
1870 664
1870 943
1871 351
1871 52
1872 628
1872 880
1872 335
1872 4
1873 1874
1873 1612
1873 2
1873 4
1875 1876
1875 335
1875 4
1875 1877
1878 630
1878 1306
1878 2
1878 4
1879 1880
1879 335
1879 618
1879 4
1881 4
1881 335
1881 68
1881 1301
1881 1230
1882 1883
1882 72
1882 335
1882 1884
1882 2
1882 4
1885 70
1885 1219
1885 335
1885 68
1885 364
1885 4
1886 46
1886 7
1886 719
1886 8
1887 438
1887 7
1887 719
1887 8
1888 376
1888 7
1888 719
1888 8
1889 264
1889 719
1889 8
1889 7
1890 7
1890 719
1890 107
1890 8
1891 102
1891 7
1891 719
1891 8
1892 252
1892 719
1892 8
1892 7
1893 7
1893 719
1893 8
1893 248
1894 146
1894 7
1894 719
1894 8
1895 247
1895 7
1895 719
1895 8
1896 135
1896 7
1896 235
1896 34
1896 8
1896 276
1896 9
1896 138
1897 135
1897 7
1897 235
1897 707
1897 8
1897 34
1897 9
1897 138
1898 135
1898 7
1898 235
1898 34
1898 8
1898 9
1898 231
1898 138
1899 135
1899 7
1899 235
1899 34
1899 8
1899 9
1899 138
1899 525
1900 135
1900 7
1900 235
1900 34
1900 8
1900 9
1900 436
1900 138
1901 434
1901 7
1901 235
1901 34
1901 8
1901 9
1901 138
1901 135
1902 247
1902 255
1903 255
1903 252
1904 255
1904 248
1905 1628
1905 135
1905 34
1905 137
1905 9
1905 138
1906 255
1906 46
1907 10
1907 8
1907 826
1908 536
1908 7
1908 107
1908 8
1909 255
1909 859
1910 255
1910 45
1911 50
1911 8
1911 826
1912 904
1912 135
1912 34
1912 1913
1912 9
1912 138
1914 536
1914 7
1914 102
1914 8
1915 389
1915 70
1915 761
1915 336
1915 68
1916 61
1916 7
1916 8
1916 34
1916 9
1916 138
1916 1637
1917 7
1917 8
1917 34
1917 9
1917 10
1917 138
1917 1637
1918 7
1918 8
1918 34
1918 9
1918 65
1918 138
1918 1637
1919 7
1919 8
1919 34
1919 9
1919 138
1919 63
1919 1637
1920 50
1920 7
1920 8
1920 34
1920 9
1920 138
1920 1637
1921 48
1921 7
1921 8
1921 34
1921 9
1921 138
1921 1637
1922 389
1922 205
1922 70
1922 1923
1924 163
1924 7
1924 8
1924 34
1924 9
1924 138
1924 1637
1925 7
1925 8
1925 34
1925 419
1925 9
1925 138
1925 1637
1926 70
1926 1927
1926 744
1926 68
1928 755
1928 335
1928 70
1928 1929
1928 68
1930 424
1930 859
1931 422
1931 859
1932 48
1932 859
1933 50
1933 859
1934 63
1934 859
1935 65
1935 859
1936 254
1936 859
1937 419
1937 859
1938 163
1938 859
1939 165
1939 859
1940 8
1940 136
1940 9
1940 34
1940 896
1941 1830
1941 7
1941 8
1941 34
1941 9
1941 65
1942 6
1942 7
1942 9
1942 711
1942 8
1943 9
1943 1944
1943 1793
1943 34
1943 8
1945 6
1945 7
1945 9
1945 352
1945 8
1946 232
1946 1836
1946 7
1946 8
1946 34
1946 9
1946 138
1947 58
1947 428
1948 52
1948 428
1949 54
1949 428
1950 323
1950 232
1951 65
1951 428
1952 428
1952 10
1953 61
1953 428
1954 56
1954 428
1955 50
1955 428
1956 63
1956 428
1957 268
1957 114
1957 238
1958 1959
1958 114
1958 1960
1961 114
1961 1740
1961 193
1962 1963
1962 114
1962 1964
1965 1498
1965 114
1965 1966
1967 114
1967 1968
1967 321
1969 1486
1969 114
1969 1245
1970 114
1970 1318
1970 361
1971 1498
1971 114
1971 1972
1973 1974
1973 114
1973 1975
1976 7
1976 8
1976 34
1976 1344
1976 9
1976 436
1976 138
1977 904
1977 135
1977 123
1977 8
1977 34
1977 9
1977 138
1978 537
1978 7
1978 8
1978 826
1979 1406
1979 290
1979 9
1979 34
1980 50
1980 861
1980 7
1980 8
1980 34
1980 9
1981 294
1981 357
1981 9
1981 8
1982 1983
1982 9
1982 34
1982 1984
1985 1081
1985 824
1985 9
1985 8
1986 126
1986 9
1986 16
1986 8
1987 537
1987 124
1987 9
1987 8
1988 9
1988 142
1988 537
1988 34
1988 8
1989 6
1989 7
1989 46
1989 8
1989 9
1990 26
1990 8
1990 34
1990 9
1990 138
1990 1637
1991 32
1991 9
1991 34
1991 288
1992 114
1992 22
1992 19
1992 117
1992 490
1992 1993
1994 37
1994 114
1994 86
1994 22
1994 42
1994 19
1994 117
1994 36
1994 361
1995 37
1995 1731
1995 114
1995 22
1995 42
1995 19
1995 117
1995 175
1996 114
1996 115
1996 22
1996 850
1996 19
1996 117
1996 1778
1997 114
1997 115
1997 135
1997 262
1997 140
1997 1998
1999 114
1999 115
1999 273
1999 2000
1999 140
1999 138
1999 135
2001 114
2001 115
2001 135
2001 2002
2001 140
2001 1389
2003 1482
2003 22
2003 42
2003 19
2003 117
2003 114
2003 511
2004 45
2004 248
2005 252
2005 45
2006 114
2006 115
2006 22
2006 135
2006 117
2006 19
2006 177
2006 140
2006 888
2007 114
2007 115
2007 135
2007 1079
2007 140
2007 1389
2008 264
2008 45
2009 376
2009 45
2010 247
2010 45
2011 146
2011 45
2012 36
2012 37
2012 2013
2012 467
2014 36
2014 1148
2014 72
2014 99
2015 36
2015 37
2015 2016
2015 483
2017 36
2017 183
2017 470
2017 37
2018 36
2018 2019
2018 72
2018 1512
2020 36
2020 72
2020 1159
2020 175
2021 36
2021 72
2021 621
2021 43
2022 36
2022 37
2022 486
2022 2023
2024 36
2024 477
2024 82
2025 36
2025 37
2025 2026
2025 2027
2028 148
2028 32
2028 7
2028 8
2028 34
2028 9
2029 1874
2029 335
2029 2030
2031 29
2031 7
2031 822
2032 232
2032 7
2032 707
2033 247
2033 7
2033 136
2034 7
2034 148
2034 8
2034 9
2034 1132
2035 376
2035 7
2035 1622
2036 8
2036 7
2036 9
2036 711
2036 1132
2037 7
2037 143
2037 352
2038 434
2038 7
2038 8
2038 9
2038 1132
2039 2040
2039 7
2039 52
2041 7
2041 436
2041 8
2041 9
2041 1132
2042 422
2042 2043
2042 7
2044 525
2044 7
2044 8
2044 9
2044 1132
2045 438
2045 7
2045 133
2046 231
2046 7
2046 8
2046 9
2046 1132
2047 8
2047 7
2047 357
2047 9
2047 1132
2048 7
2048 1117
2048 8
2048 9
2048 1132
2049 227
2049 439
2050 439
2050 240
2051 7
2051 8
2051 34
2051 145
2051 9
2051 146
2052 761
2052 2053
2052 391
2054 1070
2054 697
2054 391
2055 37
2055 72
2055 2026
2055 2056
2055 36
2055 2
2057 7
2057 8
2057 34
2057 145
2057 9
2057 264
2058 394
2058 70
2058 389
2058 335
2058 391
2058 1587
2058 68
2058 402
2059 663
2059 72
2059 36
2059 2
2059 1624
2059 4
2060 394
2060 70
2060 389
2060 69
2060 402
2060 68
2060 391
2061 2062
2061 391
2061 2063
2064 389
2064 364
2064 402
2064 391
2065 394
2065 700
2065 389
2065 12
2065 14
2065 391
2065 402
2066 735
2066 389
2066 12
2066 14
2066 394
2066 391
2066 402
2067 394
2067 70
2067 389
2067 1144
2067 402
2067 391
2068 123
2068 8
2068 154
2069 1416
2069 930
2069 8
2070 8
2070 707
2070 288
2071 2040
2071 1628
2071 8
2072 2073
2072 822
2072 8
2074 1408
2074 8
2074 818
2075 292
2075 9
2075 274
2076 33
2076 136
2076 8
2077 2
2077 1225
2077 621
2078 2
2078 2079
2078 967
2080 2081
2080 357
2080 8
2082 536
2082 1784
2082 8
2083 391
2083 389
2083 70
2083 746
2083 225
2084 308
2084 19
2084 2085
2084 22
2086 19
2086 306
2086 2085
2086 22
2087 1293
2087 70
2087 336
2087 68
2088 522
2088 19
2088 596
2088 42
2089 227
2089 7
2089 8
2089 34
2089 145
2089 9
2090 1323
2090 335
2090 68
2090 2091
2092 68
2092 680
2092 335
2092 70
2092 2093
2094 240
2094 7
2094 8
2094 34
2094 145
2094 9
2095 1146
2095 335
2095 68
2095 1153
2096 389
2096 740
2096 2097
2096 391
2098 590
2098 135
2098 140
2098 1487
2099 584
2099 138
2099 135
2099 121
2099 140
2100 138
2100 135
2100 1412
2100 893
2101 138
2101 135
2101 579
2101 1393
2102 135
2102 367
2102 821
2102 140
2103 167
2103 135
2103 1023
2103 140
2104 1983
2104 138
2104 135
2104 1244
2105 138
2105 142
2105 2106
2105 135
2105 140
2107 135
2107 167
2107 1046
2107 140
2108 1077
2108 135
2108 955
2108 140
2109 36
2109 72
2109 1159
2109 478
2110 37
2110 42
2110 72
2110 36
2110 1612
2110 831
2111 2112
2111 1399
2111 72
2111 36
2113 36
2113 37
2113 72
2113 624
2113 543
2114 36
2114 1626
2114 72
2114 2019
2115 36
2115 79
2115 72
2115 2116
2117 36
2117 72
2117 1215
2117 417
2118 36
2118 1797
2118 1745
2118 2
2118 72
2119 614
2119 2120
2119 72
2119 2
2121 2120
2121 605
2121 2
2121 72
2122 7
2122 8
2122 154
2122 449
2123 48
2123 231
2124 231
2124 165
2125 231
2125 63
2126 231
2126 50
2127 231
2127 254
2128 422
2128 231
2129 231
2129 163
2130 231
2130 419
2131 231
2131 424
2132 323
2132 231
2133 36
2133 1148
2133 2016
2133 72
2133 37
2134 14
2134 1060
2134 402
2134 394
2134 391
2135 398
2135 849
2135 19
2135 42
2136 398
2136 19
2136 410
2136 42
2137 37
2137 1395
2137 2138
2139 68
2139 389
2139 390
2139 391
2139 70
2139 336
2140 394
2140 70
2140 389
2140 2091
2140 391
2140 870
2141 1754
2141 37
2141 841
2142 389
2142 2143
2142 391
2142 2144
2145 7
2145 252
2145 133
2146 247
2146 7
2146 133
2147 58
2147 7
2147 719
2147 8
2148 7
2148 719
2148 56
2148 8
2149 7
2149 719
2149 8
2149 61
2150 7
2150 719
2150 8
2150 10
2151 65
2151 7
2151 719
2151 8
2152 63
2152 7
2152 719
2152 8
2153 50
2153 7
2153 719
2153 8
2154 48
2154 7
2154 719
2154 8
2155 7
2155 719
2155 8
2155 165
2156 163
2156 719
2156 8
2156 7
2157 7
2157 1117
2157 9
2157 711
2157 8
2158 434
2158 7
2158 1117
2158 8
2158 9
2159 422
2159 7
2159 707
2160 424
2160 7
2160 707
2161 419
2161 707
2161 7
2162 254
2162 7
2162 707
2163 7
2163 165
2163 707
2164 163
2164 707
2164 7
2165 50
2165 7
2165 707
2166 48
2166 7
2166 707
2167 65
2167 7
2167 707
2168 63
2168 7
2168 707
2169 389
2169 68
2169 1583
2169 70
2169 1151
2170 389
2170 221
2170 70
2170 767
2171 1000
2171 70
2171 207
2172 1876
2172 932
2172 70
2172 389
2172 391
2172 68
2173 395
2173 1050
2173 389
2173 70
2173 391
2174 389
2174 70
2174 1252
2174 407
2174 68
2175 70
2175 2143
2175 664
2176 1293
2176 70
2176 1153
2177 2178
2177 2179
2177 70
2180 2181
2180 199
2180 70
2182 247
2182 859
2183 146
2183 859
2184 248
2184 859
2185 252
2185 859
2186 438
2186 859
2187 46
2187 859
2188 45
2188 52
2189 54
2189 45
2190 45
2190 56
2191 45
2191 58
2192 19
2192 117
2192 120
2192 320
2192 22
2193 117
2193 2194
2193 302
2193 22
2195 297
2195 117
2195 299
2195 22
2196 2197
2196 117
2196 314
2196 22
2198 986
2198 114
2198 115
2198 22
2198 1483
2198 117
2199 117
2199 2200
2199 22
2199 515
2201 1093
2201 117
2201 22
2201 318
2202 499
2202 1312
2202 117
2202 22
2203 114
2203 115
2203 22
2203 1195
2203 117
2203 1423
2204 22
2204 413
2204 42
2204 19
2204 117
2204 338
2205 1048
2205 394
2205 12
2205 402
2206 240
2206 165
2207 48
2207 240
2208 58
2208 240
2209 52
2209 240
2210 240
2210 61
2211 56
2211 240
2212 65
2212 240
2213 240
2213 10
2214 50
2214 240
2215 63
2215 240
2216 114
2216 2217
2216 1728
2218 114
2218 898
2218 115
2218 196
2218 140
2219 114
2219 22
2219 1964
2219 41
2219 19
2219 117
2220 140
2220 1346
2220 114
2220 115
2220 2000
2221 114
2221 117
2221 597
2221 998
2222 114
2222 656
2222 115
2222 367
2223 499
2223 114
2223 1483
2223 115
2224 114
2224 117
2224 2225
2224 1482
2226 2227
2226 117
2226 114
2226 1089
2228 1200
2228 2229
2228 115
2228 114
2230 2043
2230 8
2230 9
2230 1132
2231 2073
2231 9
2231 34
2231 2232
2233 270
2233 9
2233 274
2234 1663
2234 1621
2234 9
2235 581
2235 9
2235 707
2235 8
2236 138
2236 1807
2236 167
2236 9
2236 34
2237 1768
2237 270
2237 9
2238 292
2238 9
2238 585
2239 281
2239 30
2239 9
2240 270
2240 9
2240 2241
2242 389
2242 885
2242 2243
2242 391
2244 36
2244 2
2244 72
2244 334
2244 2138
2245 227
2245 446
2246 446
2246 240
2247 422
2247 446
2248 1220
2248 1816
2248 2
2248 72
2249 419
2249 446
2250 163
2250 446
2251 446
2251 428
2252 145
2252 135
2252 819
2252 138
2253 323
2253 446
2254 114
2254 115
2254 1393
2254 196
2254 140
2255 36
2255 37
2255 39
2255 1818
2256 36
2256 37
2256 464
2256 82
2257 37
2257 42
2257 19
2257 1314
2257 36
2257 1220
2258 37
2258 42
2258 602
2258 72
2258 21
2258 36
2258 2
2259 37
2259 74
2259 42
2259 36
2259 72
2259 308
2260 308
2260 36
2260 38
2260 42
2260 37
2261 37
2261 42
2261 602
2261 72
2261 36
2261 2262
2261 2
2263 37
2263 41
2263 1215
2263 42
2263 72
2263 36
2264 37
2264 72
2264 795
2264 1211
2264 36
2264 2
2264 4
2265 36
2265 37
2265 177
2265 494
2266 424
2266 536
2266 7
2266 8
2267 1489
2267 1312
2267 114
2267 117
2267 22
2268 536
2268 7
2268 254
2268 8
2269 536
2269 419
2269 8
2269 7
2270 536
2270 163
2270 8
2270 7
2271 536
2271 7
2271 8
2271 165
2272 48
2272 536
2272 7
2272 8
2273 50
2273 536
2273 7
2273 8
2274 389
2274 394
2274 2179
2274 391
2274 1298
2275 699
2275 2276
2275 394
2277 394
2277 765
2277 1063
2278 394
2278 1773
2278 1068
2279 2280
2279 1050
2279 394
2281 391
2281 2282
2281 733
2283 2284
2283 1052
2283 391
2285 772
2285 2062
2285 391
2286 2053
2286 1065
2286 391
2287 142
2287 285
2287 9
2287 34
2288 391
2288 736
2288 1058
2289 2290
2289 705
2289 391
2291 517
2291 37
2291 399
2291 42
2292 1855
2292 14
2293 549
2293 2294
2295 2296
2295 549
2297 14
2297 1773
2298 402
2298 549
2298 12
2298 14
2298 1298
2299 14
2299 549
2299 12
2299 2300
2301 549
2301 762
2302 2303
2302 14
2302 402
2304 14
2304 12
2304 2305
2306 14
2306 12
2306 1844
2307 268
2307 114
2307 115
2307 121
2308 394
2308 2282
2308 738
2308 391
2309 14
2309 934
2310 1913
2310 351
2310 8
2310 7
2311 2296
2311 394
2311 402
2311 2312
2313 9
2313 7
2313 711
2313 132
2313 8
2314 72
2314 2
2314 1818
2314 943
2315 1754
2315 2
2315 72
2315 1225
2315 36
2316 663
2316 517
2316 72
2316 36
2316 2
2316 4
2317 2318
2317 464
2317 2
2317 72
2317 4
2319 37
2319 841
2319 1874
2319 72
2319 36
2319 2
2319 4
2320 37
2320 2321
2320 36
2320 72
2320 335
2320 2322
2320 2
2320 4
2323 37
2323 849
2323 72
2323 2056
2323 36
2323 2
2324 1753
2324 2325
2324 2
2324 72
2326 72
2326 2327
2326 2
2326 88
2328 72
2328 2329
2328 2
2328 480
2330 36
2330 417
2330 1250
2331 36
2331 88
2331 478
2332 36
2332 506
2332 2333
2334 36
2334 481
2334 77
2335 475
2335 72
2335 2336
2337 1220
2337 3
2337 72
2338 72
2338 77
2338 1509
2339 477
2339 72
2339 603
2340 72
2340 94
2340 2116
2341 72
2341 473
2341 1822
2342 1813
2342 72
2342 467
2343 72
2343 480
2343 615
2344 1626
2344 72
2344 2345
2346 72
2346 606
2346 83
2347 2348
2347 2349
2347 115
2347 140
2350 424
2350 7
2350 8
2350 1668
2351 389
2351 679
2351 1000
2351 391
2352 363
2352 36
2352 72
2352 2353
2352 37
2354 36
2354 37
2354 830
2354 1818
2355 36
2355 37
2355 72
2355 830
2355 1512
2356 389
2356 70
2356 2282
2356 688
2357 114
2357 117
2357 597
2357 1975
2358 1200
2358 114
2358 115
2358 1966
2359 389
2359 1235
2359 391
2359 685
2360 494
2360 72
2360 335
2360 1884
2360 2
2360 4
2361 1229
2361 72
2361 335
2361 2322
2361 2
2361 4
2362 70
2362 389
2362 1151
2362 72
2362 335
2362 475
2362 68
2362 2
2362 4
2363 620
2363 36
2363 72
2363 2
2363 1624
2364 36
2364 37
2364 72
2364 1822
2364 795
2365 36
2365 37
2365 1612
2365 558
2365 72
2366 617
2366 2112
2366 72
2366 36
2367 36
2367 1813
2367 72
2367 99
2368 517
2368 1148
2368 72
2368 36
2369 36
2369 72
2369 1381
2369 967
2370 255
2370 352
2371 389
2371 70
2371 1010
2371 2312
2371 391
2372 1419
2372 135
2372 34
2372 854
2372 138
2373 70
2373 335
2373 68
2373 1230
2373 2179
2373 4
2374 389
2374 2375
2374 2376
2374 391
2377 1562
2377 7
2377 8
2377 711
2378 136
2378 8
2378 9
2378 17
2379 1419
2379 254
2379 7
2379 8
2379 9
2380 352
2380 248
2381 438
2381 7
2381 1408
2381 8
2382 1416
2382 438
2382 7
2382 8
2383 424
2383 7
2383 581
2383 8
2383 9
2384 252
2384 2081
2384 8
2384 7
2385 1731
2385 115
2385 1414
2385 140
2386 1913
2386 7
2386 8
2386 10
2387 438
2387 352
2388 352
2388 859
2389 135
2389 892
2389 1046
2389 140
2390 962
2390 7
2390 8
2390 525
2391 276
2391 7
2391 8
2391 133
2392 7
2392 707
2392 133
2393 48
2393 7
2393 8
2393 9
2393 1132
2394 8
2394 7
2394 9
2394 165
2394 1132
2395 7
2395 10
2395 8
2395 9
2395 1132
2396 65
2396 7
2396 8
2396 9
2396 1132
2397 63
2397 7
2397 8
2397 9
2397 1132
2398 50
2398 7
2398 8
2398 9
2398 1132
2399 7
2399 52
2399 8
2399 9
2399 1132
2400 7
2400 58
2400 8
2400 9
2400 1132
2401 8
2401 7
2401 56
2401 9
2401 1132
2402 8
2402 7
2402 9
2402 61
2402 1132
2403 48
2403 285
2403 8
2403 7
2404 50
2404 285
2404 8
2404 7
2405 7
2405 285
2405 56
2405 8
2406 285
2406 58
2406 8
2406 7
2407 285
2407 52
2407 8
2407 7
2408 285
2408 8
2408 54
2408 7
2409 63
2409 285
2409 8
2409 7
2410 65
2410 285
2410 8
2410 7
2411 7
2411 285
2411 8
2411 10
2412 285
2412 8
2412 61
2412 7
2413 1731
2413 115
2413 587
2413 135
2413 140
2414 1489
2414 2349
2414 115
2414 140
2415 1816
2415 1576
2415 4
2416 2318
2416 623
2416 4
2417 2418
2417 2419
2417 4
2420 2079
2420 1566
2420 4
2421 620
2421 1
2421 4
2422 4
2422 623
2422 2093
2423 1308
2423 2079
2423 4
2424 115
2424 861
2424 135
2424 140
2424 138
2424 1074
2425 1213
2425 1227
2425 4
2426 115
2426 2427
2426 1393
2426 140
2428 7
2428 46
2428 707
2429 438
2429 7
2429 707
2430 7
2430 707
2430 859
2431 7
2431 45
2431 707
2432 146
2432 7
2432 707
2433 247
2433 7
2433 707
2434 252
2434 707
2434 7
2435 7
2435 248
2435 707
2436 7
2436 446
2436 707
2437 255
2437 7
2437 707
2438 357
2438 7
2438 8
2438 34
2438 9
2438 138
2438 1637
2439 7
2439 8
2439 34
2439 276
2439 9
2439 138
2439 1637
2440 7
2440 8
2440 34
2440 719
2440 9
2440 138
2440 1637
2441 7
2441 8
2441 34
2441 1105
2441 9
2441 138
2441 1637
2442 434
2442 7
2442 8
2442 34
2442 9
2442 138
2442 1637
2443 7
2443 8
2443 34
2443 9
2443 436
2443 138
2443 1637
2444 7
2444 8
2444 34
2444 9
2444 138
2444 525
2444 1637
2445 7
2445 8
2445 34
2445 9
2445 231
2445 138
2445 1637
2446 54
2446 26
2446 7
2447 52
2447 7
2447 26
2448 137
2448 2106
2448 140
2449 646
2449 1349
2449 140
2450 68
2450 755
2450 335
2450 1797
2450 70
2450 4
2451 764
2451 389
2451 219
2452 932
2452 68
2452 389
2452 335
2452 928
2452 391
2452 70
2452 2
2452 4
2453 68
2453 389
2453 407
2453 335
2453 1222
2453 70
2453 4
2454 118
2454 1765
2454 140
2455 904
2455 339
2455 140
2456 389
2456 687
2456 219
2456 391
2457 890
2457 2458
2457 140
2459 45
2459 102
2460 45
2460 107
2461 29
2461 45
2462 227
2462 45
2463 45
2463 240
2464 45
2464 428
2465 232
2465 45
2466 323
2466 45
2467 424
2467 45
2468 422
2468 45
2469 115
2469 135
2469 571
2469 140
2469 138
2469 530
2470 1944
2470 1417
2470 138
2470 135
2470 140
2471 135
2471 969
2471 1483
2471 140
2472 138
2472 273
2472 135
2472 862
2473 1416
2473 135
2473 34
2473 137
2473 9
2473 138
2474 529
2474 135
2474 1428
2474 138
2474 140
2475 590
2475 135
2475 339
2475 140
2476 573
2476 135
2476 1414
2476 138
2477 135
2477 827
2477 1237
2478 590
2478 135
2478 115
2478 2427
2478 140
2479 290
2479 9
2479 1247
2480 295
2480 9
2480 279
2481 114
2481 115
2481 1972
2481 135
2481 581
2481 34
2481 140
2481 138
2482 115
2482 295
2482 135
2482 34
2482 9
2482 140
2482 138
2482 530
2483 135
2483 279
2483 34
2483 140
2483 138
2483 1417
2484 138
2484 135
2484 581
2484 1412
2484 34
2485 281
2485 271
2485 9
2486 2349
2486 138
2486 135
2486 1117
2487 138
2487 135
2487 1117
2487 1765
2488 2489
2488 1117
2488 138
2490 2019
2490 1395
2490 37
2491 563
2491 80
2491 37
2492 2112
2492 849
2492 37
2493 37
2493 481
2493 843
2494 37
2494 413
2494 465
2495 37
2495 1820
2495 39
2496 522
2496 37
2496 478
2497 849
2497 472
2497 37
2498 79
2498 1395
2498 37
2499 37
2499 1381
2499 2500
2501 115
2501 645
2501 114
2501 2106
2501 117
2502 231
2502 45
2503 114
2503 115
2503 497
2503 1195
2504 438
2504 231
2505 114
2505 2200
2505 115
2505 2458
2506 231
2506 248
2507 339
2507 114
2507 656
2507 115
2508 499
2508 114
2508 115
2508 974
2509 65
2509 255
2510 255
2510 10
2511 231
2511 351
2512 117
2512 114
2512 115
2512 649
2512 2513
2514 389
2514 2179
2514 746
2514 391
2515 389
2515 2516
2515 2063
2517 389
2517 761
2517 1149
2518 389
2518 735
2518 767
2519 389
2519 755
2519 2282
2520 764
2520 389
2520 1303
2521 389
2521 1151
2521 2522
2523 389
2523 772
2523 2376
2524 389
2524 2525
2524 2526
2527 389
2527 1149
2527 1923
2528 389
2528 1253
2528 70
2528 1153
2529 70
2529 2312
2529 389
2529 224
2529 391
2529 68
2530 389
2530 1157
2530 70
2530 1058
2531 68
2531 680
2531 70
2531 1007
2532 389
2532 2533
2532 70
2532 1301
2534 389
2534 70
2534 1065
2534 1301
2535 389
2535 70
2535 1141
2535 2536
2537 772
2537 390
2537 391
2538 551
2538 2536
2538 391
2539 2540
2539 391
2539 2063
2541 389
2541 660
2541 2522
2542 391
2542 2526
2542 1068
2543 1071
2543 705
2543 391
2544 2545
2544 391
2544 2063
2546 391
2546 555
2546 2063
2547 389
2547 1067
2547 680
2548 389
2548 1060
2548 2097
2549 424
2549 7
2549 30
2549 9
2549 8
2550 323
2550 7
2550 30
2550 9
2550 8
2551 254
2551 7
2551 30
2551 9
2551 8
2552 422
2552 7
2552 30
2552 9
2552 8
2553 7
2553 163
2553 30
2553 9
2553 8
2554 7
2554 419
2554 30
2554 9
2554 8
2555 48
2555 7
2555 30
2555 9
2555 8
2556 9
2556 7
2556 30
2556 165
2556 8
2557 232
2557 7
2557 30
2557 9
2557 8
2558 8
2558 7
2558 30
2558 9
2558 428
2559 549
2559 14
2559 2305
2560 12
2560 872
2560 14
2561 869
2561 549
2561 12
2561 14
2562 1233
2562 14
2563 14
2563 12
2563 2564
2565 1849
2565 549
2565 12
2566 14
2566 12
2566 402
2566 691
2567 687
2567 14
2567 394
2567 402
2568 740
2568 12
2568 14
2568 402
2569 14
2569 12
2569 2570
2571 114
2571 115
2571 1972
2571 1406
2571 135
2571 140
2571 138
2572 1084
2572 1129
2572 135
2572 138
2572 140
2573 271
2573 135
2573 235
2573 34
2573 138
2574 232
2574 525
2575 354
2575 590
2575 8
2575 34
2575 9
2575 138
2576 135
2576 1630
2576 34
2576 140
2576 138
2576 121
2577 138
2577 912
2577 1559
2578 1351
2578 135
2578 138
2578 896
2579 1076
2579 115
2579 577
2579 135
2579 34
2579 140
2579 138
2580 115
2580 2581
2580 135
2580 140
2580 138
2580 1074
2582 50
2582 252
2583 48
2583 252
2584 252
2584 165
2585 163
2585 252
2586 252
2586 61
2587 252
2587 10
2588 65
2588 252
2589 63
2589 252
2590 419
2590 252
2591 254
2591 252
2592 394
2592 1233
2592 389
2592 402
2592 1291
2592 391
2593 1076
2593 304
2593 114
2593 117
2594 22
2594 42
2594 19
2594 117
2594 2595
2594 89
2596 19
2596 2225
2596 92
2596 22
2596 42
2597 37
2597 86
2597 22
2597 42
2597 19
2597 36
2597 649
2598 37
2598 22
2598 42
2598 19
2598 506
2598 117
2598 1960
2599 114
2599 2427
2599 22
2599 850
2599 19
2599 117
2600 19
2600 2227
2600 795
2600 22
2600 42
2601 19
2601 986
2601 413
2601 42
2602 19
2602 849
2602 360
2602 42
2603 19
2603 1677
2603 175
2603 42
2603 37
2604 114
2604 22
2604 500
2604 1975
2604 19
2604 117
2605 1753
2605 36
2605 2013
2605 37
2606 114
2606 1761
2606 115
2606 196
2606 140
2607 126
2607 824
2607 9
2607 8
2608 1621
2608 354
2608 8
2608 9
2609 2227
2609 117
2609 789
2609 114
2610 114
2610 262
2610 115
2610 1492
2611 114
2611 117
2611 1496
2611 2612
2613 19
2613 42
2613 836
2613 600
2614 1983
2614 719
2614 9
2614 34
2615 36
2615 1148
2615 72
2615 79
2616 37
2616 849
2616 334
2616 72
2616 36
2616 2
2617 37
2617 42
2617 72
2617 490
2617 36
2617 624
2618 36
2618 37
2618 72
2618 1512
2618 838
2619 37
2619 42
2619 72
2619 1316
2619 36
2619 624
2620 36
2620 1813
2620 72
2620 410
2620 37
2621 36
2621 1148
2621 72
2621 92
2621 37
2622 2
2622 72
2622 175
2622 1185
2623 37
2623 515
2623 42
2623 19
2623 72
2623 36
2623 1612
2624 465
2624 72
2624 1211
2624 36
2624 2
2624 4
2625 72
2625 175
2625 1515
2626 341
2626 352
2627 439
2627 54
2628 341
2628 45
2629 341
2629 446
2630 341
2630 255
2631 341
2631 351
2632 341
2632 248
2633 341
2633 46
2634 438
2634 341
2635 341
2635 859
2636 8
2636 7
2636 9
2636 248
2636 1132
2637 7
2637 46
2637 8
2637 9
2637 1132
2638 7
2638 102
2638 8
2638 9
2638 1132
2639 376
2639 7
2639 8
2639 9
2639 1132
2640 29
2640 7
2640 8
2640 9
2640 1132
2641 8
2641 7
2641 107
2641 9
2641 1132
2642 247
2642 7
2642 8
2642 9
2642 1132
2643 7
2643 252
2643 8
2643 9
2643 1132
2644 7
2644 264
2644 8
2644 9
2644 1132
2645 146
2645 7
2645 8
2645 9
2645 1132
2646 36
2646 183
2646 94
2646 37
2647 1252
2647 335
2647 2329
2647 4
2648 2649
2648 335
2648 212
2648 4
2650 224
2650 335
2650 1140
2650 4
2651 70
2651 2325
2651 335
2651 68
2651 2179
2651 4
2652 2
2652 928
2652 966
2652 4
2653 1323
2653 1399
2653 2
2653 4
2654 99
2654 72
2654 666
2654 36
2654 2
2654 4
2655 335
2655 219
2655 68
2655 631
2655 4
2656 4
2656 199
2656 335
2656 68
2656 943
2657 2
2657 1511
2657 2658
2657 4
2659 231
2659 7
2659 719
2659 8
2660 7
2660 719
2660 357
2660 8
2661 276
2661 7
2661 719
2661 8
2662 1105
2662 8
2662 54
2662 7
2663 7
2663 719
2663 8
2663 711
2664 434
2664 7
2664 719
2664 8
2665 7
2665 719
2665 8
2665 436
2666 525
2666 7
2666 719
2666 8
2667 1105
2667 52
2667 8
2667 7
2668 1105
2668 58
2668 8
2668 7
2669 254
2669 7
2669 16
2670 7
2670 419
2670 818
2671 2672
2671 107
2671 7
2673 930
2673 7
2673 247
2674 123
2674 45
2674 7
2675 7
2675 152
2675 165
2676 146
2676 7
2676 1793
2677 1795
2677 7
2677 446
2678 7
2678 26
2678 240
2679 7
2679 1784
2679 428
2680 29
2680 7
2680 8
2680 154
2681 227
2681 7
2681 8
2681 154
2682 70
2682 389
2682 407
2682 335
2682 1227
2682 68
2683 389
2683 68
2683 218
2683 70
2683 1151
2684 755
2684 335
2684 2418
2684 70
2684 68
2685 1500
2685 68
2685 70
2685 748
2686 2322
2686 1235
2686 70
2686 68
2687 68
2687 2312
2687 389
2687 208
2687 391
2687 70
2688 1884
2688 68
2688 70
2688 684
2689 1323
2689 68
2689 680
2689 335
2689 70
2690 389
2690 1876
2690 761
2690 70
2690 68
2691 628
2691 70
2691 335
2691 401
2691 68
2692 424
2692 436
2693 867
2693 138
2693 1117
2693 34
2694 138
2694 6
2694 1344
2694 34
2695 138
2695 658
2695 1081
2695 34
2696 1768
2696 138
2696 1208
2696 34
2697 271
2697 892
2697 34
2697 138
2698 135
2698 1247
2698 2699
2698 34
2698 140
2698 138
2700 1355
2700 138
2700 581
2700 34
2701 138
2701 135
2701 1765
2701 34
2701 1630
2702 1763
2702 34
2702 287
2702 138
2703 9
2703 2043
2703 34
2703 813
2703 138
2704 1071
2704 14
2704 12
2704 402
2704 394
2705 14
2705 394
2705 402
2705 685
2706 740
2706 394
2706 14
2706 402
2707 14
2707 2053
2707 402
2707 394
2708 394
2708 764
2708 14
2708 402
2708 403
2708 391
2709 14
2709 394
2709 2710
2709 402
2711 2290
2711 394
2711 14
2711 402
2712 114
2712 115
2712 590
2712 135
2712 117
2712 140
2712 599
2713 394
2713 2540
2713 402
2714 1067
2714 394
2714 402
2714 391
2715 115
2715 1731
2715 1208
2715 135
2715 140
2716 114
2716 115
2716 135
2716 821
2716 117
2716 140
2716 645
2717 21
2717 95
2717 42
2718 42
2718 2353
2718 490
2719 376
2719 7
2719 354
2720 2721
2720 2722
2720 42
2723 560
2723 2013
2723 42
2724 835
2724 82
2724 42
2725 42
2725 85
2725 190
2726 80
2726 1316
2726 42
2727 1425
2727 73
2727 42
2728 2016
2728 500
2728 42
2729 42
2729 509
2729 2500
2730 54
2730 8
2730 826
2731 255
2731 264
2732 376
2732 255
2733 255
2733 102
2734 525
2734 6
2734 7
2734 8
2734 9
2735 29
2735 255
2736 6
2736 7
2736 434
2736 9
2736 8
2737 255
2737 240
2738 255
2738 428
2739 6
2739 7
2739 8
2739 9
2739 449
2740 7
2740 354
2740 428
2741 7
2741 354
2741 352
2742 341
2742 7
2742 354
2743 439
2743 7
2743 354
2744 7
2744 354
2744 449
2745 148
2745 354
2745 7
2746 7
2746 354
2746 711
2747 434
2747 7
2747 354
2748 7
2748 354
2748 436
2749 525
2749 7
2749 354
2750 231
2750 7
2750 354
2751 216
2751 70
2751 1291
2752 70
2752 1012
2752 690
2753 960
2753 70
2753 207
2754 70
2754 664
2754 684
2755 1157
2755 70
2755 2376
2756 2525
2756 70
2756 202
2757 389
2757 1000
2757 2063
2758 70
2758 700
2758 210
2759 1070
2759 389
2759 2522
2760 67
2760 702
2760 389
2761 9
2761 7
2761 30
2761 352
2761 8
2762 341
2762 7
2762 30
2762 9
2762 8
2763 7
2763 45
2763 30
2763 9
2763 8
2764 8
2764 7
2764 30
2764 9
2764 446
2765 255
2765 7
2765 30
2765 9
2765 8
2766 7
2766 351
2766 30
2766 9
2766 8
2767 9
2767 7
2767 30
2767 248
2767 8
2768 7
2768 46
2768 30
2768 9
2768 8
2769 438
2769 7
2769 30
2769 9
2769 8
2770 8
2770 7
2770 30
2770 9
2770 859
2771 14
2771 394
2771 402
2771 1068
2772 702
2772 394
2772 12
2772 14
2772 402
2772 391
2773 394
2773 2062
2773 549
2773 12
2773 14
2773 402
2774 2775
2774 549
2774 14
2776 14
2776 12
2776 1844
2777 394
2777 549
2777 12
2777 14
2777 402
2777 1052
2778 14
2778 12
2778 2570
2779 869
2779 14
2779 12
2780 394
2780 12
2780 14
2780 391
2780 2781
2780 402
2782 549
2782 14
2782 756
2783 222
2783 335
2783 2325
2783 4
2784 247
2784 7
2784 354
2785 2327
2785 335
2785 2030
2785 4
2786 2322
2786 2
2786 335
2786 4
2786 1503
2787 1797
2787 335
2787 212
2787 4
2788 1185
2788 4
2788 335
2788 664
2788 68
2789 1084
2789 115
2789 1968
2790 605
2790 1929
2790 4
2791 335
2791 68
2791 1227
2791 2792
2793 48
2793 2672
2793 7
2794 2318
2794 70
2794 335
2794 1303
2794 68
2795 1146
2795 1155
2795 4
2796 1185
2796 1227
2796 4
2797 4
2797 631
2797 2093
2798 4
2798 2799
2798 2079
2800 254
2800 247
2801 422
2801 247
2802 247
2802 163
2803 247
2803 419
2804 232
2804 247
2805 247
2805 428
2806 424
2806 247
2807 323
2807 247
2808 9
2808 32
2808 1795
2808 34
2808 8
2809 247
2809 240
2810 227
2810 247
2811 8
2811 127
2811 9
2811 34
2811 896
2812 439
2812 248
2813 439
2813 46
2814 285
2814 102
2814 8
2814 7
2815 1830
2815 7
2815 8
2815 34
2815 9
2815 859
2816 19
2816 1425
2816 2817
2818 19
2818 2819
2818 542
2820 9
2820 1840
2820 833
2820 34
2820 8
2821 14
2821 12
2821 1847
2822 2545
2822 2296
2822 402
2823 1233
2823 394
2823 402
2823 749
2824 1849
2824 394
2824 402
2824 2144
2825 2826
2825 1288
2825 14
2827 394
2827 1297
2827 402
2827 2305
2827 391
2828 753
2828 402
2828 934
2829 19
2829 835
2829 186
2830 2303
2830 2294
2830 402
2831 1847
2831 402
2831 661
2832 560
2832 37
2832 1397
2832 42
2833 215
2833 70
2833 2243
2833 68
2834 438
2834 7
2834 8
2834 34
2834 145
2834 9
2835 7
2835 8
2835 34
2835 145
2835 9
2835 859
2836 439
2836 264
2837 7
2837 8
2837 34
2837 145
2837 9
2837 446
2838 1754
2838 37
2838 85
2838 42
2839 37
2839 85
2839 387
2839 42
2840 7
2840 357
2840 154
2840 8
2841 37
2841 42
2841 72
2841 502
2841 21
2841 36
2842 29
2842 439
2843 439
2843 107
2844 439
2844 102
2845 135
2845 7
2845 235
2845 34
2845 8
2845 107
2845 9
2845 138
2846 2847
2846 2540
2846 394
2848 402
2848 2294
2848 1845
2849 439
2849 376
2850 198
2850 335
2850 2418
2851 335
2851 1326
2851 218
2852 335
2852 1252
2852 1578
2853 335
2853 336
2853 1566
2854 1884
2854 335
2854 2855
2856 335
2856 1584
2856 2857
2858 335
2858 1576
2858 392
2859 215
2859 335
2859 1584
2860 872
2860 2564
2860 402
2861 1880
2861 335
2861 2056
2861 4
2862 68
2862 1215
2862 335
2862 2
2862 1301
2862 4
2863 402
2863 2305
2863 2864
2865 341
2865 148
2866 439
2866 148
2867 351
2867 148
2868 148
2868 352
2869 148
2869 446
2870 255
2870 148
2871 148
2871 859
2872 148
2872 45
2873 536
2873 7
2873 8
2873 9
2873 1132
2874 7
2874 826
2874 8
2874 9
2874 1132
2875 148
2875 449
2876 54
2876 711
2877 434
2877 7
2877 581
2877 8
2877 9
2878 1562
2878 7
2878 8
2878 711
2879 7
2879 45
2879 8
2879 154
2880 7
2880 8
2880 154
2880 859
2881 439
2881 7
2881 8
2881 154
2882 341
2882 7
2882 8
2882 154
2883 7
2883 352
2883 154
2883 8
2884 351
2884 8
2884 154
2884 7
2885 63
2885 7
2885 719
2885 8
2886 1913
2886 323
2886 7
2886 8
2887 422
2887 7
2887 8
2887 1984
2888 434
2888 7
2888 8
2888 2889
2890 434
2890 7
2890 8
2890 1668
2891 341
2891 7
2891 8
2891 814
2892 2893
2892 7
2892 8
2892 525
2894 7
2894 1617
2894 165
2894 8
2895 439
2895 247
2896 439
2896 252
2897 323
2897 107
2898 48
2898 255
2899 255
2899 165
2900 63
2900 255
2901 36
2901 2120
2901 37
2901 2721
2902 36
2902 37
2902 1215
2902 72
2902 843
2903 36
2903 172
2903 42
2903 470
2903 37
2904 91
2904 36
2904 73
2904 37
2905 36
2905 37
2905 2321
2905 467
2906 36
2906 37
2906 486
2906 185
2907 363
2907 36
2907 72
2907 399
2907 37
2908 36
2908 37
2908 2027
2908 511
2909 50
2909 255
2910 37
2910 89
2910 72
2910 1566
2910 36
2910 2
2910 4
2911 36
2911 37
2911 97
2911 89
2912 247
2912 54
2913 146
2913 264
2914 146
2914 107
2915 29
2915 146
2916 376
2916 146
2917 146
2917 102
2918 146
2918 428
2919 232
2919 146
2920 227
2920 146
2921 146
2921 240
2922 549
2922 2570
2922 14
2923 135
2923 34
2923 568
2923 140
2923 138
2923 121
2924 1983
2924 33
2924 9
2924 34
2925 138
2925 581
2925 34
2925 1336
2926 138
2926 30
2926 34
2926 1342
2927 576
2927 2893
2927 34
2928 1416
2928 579
2928 9
2928 34
2929 142
2929 719
2929 9
2929 34
2930 341
2930 1944
2930 9
2930 34
2930 8
2931 9
2931 32
2931 1793
2931 34
2931 8
2932 9
2932 8
2932 357
2932 34
2932 896
2933 1849
2933 394
2933 402
2933 767
2933 391
2934 394
2934 402
2934 2305
2934 733
2935 394
2935 70
2935 1773
2935 389
2935 335
2935 391
2935 68
2935 618
2935 4
2936 394
2936 70
2936 1773
2936 389
2936 335
2936 391
2936 631
2936 68
2936 4
2937 1855
2937 394
2937 402
2937 882
2938 422
2938 255
2939 1050
2939 394
2939 2564
2939 402
2940 2296
2940 394
2940 402
2940 685
2941 549
2941 12
2941 2564
2942 394
2942 2540
2942 2570
2943 2545
2943 394
2943 402
2944 14
2944 769
2944 12
2944 549
2944 402
2945 68
2945 1010
2945 2946
2947 537
2947 7
2947 16
2948 19
2948 1677
2948 500
2949 19
2949 1659
2949 2722
2950 19
2950 986
2950 831
2951 19
2951 496
2951 188
2952 19
2952 596
2952 542
2953 19
2953 850
2953 186
2954 19
2954 878
2954 1659
2955 19
2955 85
2955 2817
2956 19
2956 1314
2956 793
2957 297
2957 545
2957 19
2958 255
2958 419
2959 140
2959 114
2959 262
2959 115
2959 1193
2960 536
2960 7
2960 8
2960 240
2961 398
2961 115
2961 117
2961 114
2961 1190
2962 114
2962 115
2962 22
2962 1244
2962 117
2962 140
2962 360
2963 264
2963 354
2963 7
2964 146
2964 7
2964 354
2965 102
2965 7
2965 354
2966 135
2966 2106
2966 1079
2966 140
2967 29
2967 7
2967 354
2968 7
2968 354
2968 107
2969 7
2969 354
2969 240
2970 1836
2970 1117
2970 34
2970 138
2971 232
2971 7
2971 354
2972 36
2972 37
2972 42
2972 88
2972 320
2973 114
2973 115
2973 22
2973 135
2973 177
2973 19
2973 117
2973 140
2973 895
2974 114
2974 115
2974 22
2974 2975
2974 117
2974 608
2976 536
2976 7
2976 247
2976 8
2977 138
2977 279
2977 34
2977 956
2978 285
2978 252
2978 8
2978 7
2979 285
2979 8
2979 248
2979 7
2980 19
2980 37
2980 412
2980 302
2980 42
2981 7
2981 285
2981 107
2981 8
2982 37
2982 1312
2982 42
2982 19
2982 83
2982 36
2983 227
2983 285
2983 8
2983 7
2984 2322
2984 70
2984 1149
2984 68
2985 146
2985 285
2985 8
2985 7
2986 247
2986 285
2986 8
2986 7
2987 376
2987 285
2987 8
2987 7
2988 264
2988 285
2988 8
2988 7
2989 2990
2989 1659
2989 22
2991 655
2991 22
2991 1734
2992 986
2992 117
2992 22
2992 2000
2993 1314
2993 117
2993 22
2993 1972
2994 2181
2994 68
2994 335
2994 1
2994 70
2995 2296
2995 14
2996 626
2996 335
2996 68
2996 1019
2997 549
2997 12
2997 402
2997 691
2998 1293
2998 1876
2998 70
2998 68
2999 218
2999 735
2999 70
2999 68
3000 537
3000 7
3000 152
3001 1146
3001 68
3001 335
3001 1006
3002 68
3002 335
3002 1144
3002 1515
3002 4
3003 932
3003 70
3003 389
3003 391
3003 68
3003 336
3004 14
3004 762
3005 12
3005 756
3006 335
3006 201
3006 1213
3006 4
3007 376
3007 248
3008 264
3008 248
3009 323
3009 248
3010 232
3010 248
3011 248
3011 428
3012 248
3012 240
3013 227
3013 248
3014 29
3014 248
3015 107
3015 248
3016 102
3016 248
3017 389
3017 2533
3017 70
3017 1153
3018 1070
3018 70
3018 389
3018 335
3018 68
3018 1929
3019 394
3019 70
3019 389
3019 199
3019 391
3019 870
3020 68
3020 389
3020 335
3020 666
3020 70
3020 682
3021 389
3021 702
3021 199
3021 70
3022 389
3022 205
3022 70
3022 2536
3023 389
3023 1297
3023 70
3023 688
3024 68
3024 389
3024 885
3024 2857
3024 391
3024 70
3025 1070
3025 70
3025 389
3025 335
3025 1306
3025 68
3026 1070
3026 204
3026 389
3026 70
3026 68
3027 711
3027 135
3027 7
3027 235
3027 34
3027 8
3027 9
3027 138
3028 148
3028 135
3028 7
3028 235
3028 34
3028 8
3028 9
3028 138
3029 537
3029 7
3029 254
3030 422
3030 537
3030 7
3031 424
3031 537
3031 7
3032 323
3032 537
3032 7
3033 36
3033 1229
3033 384
3034 37
3034 72
3034 2325
3034 95
3034 36
3034 2
3035 537
3035 7
3035 428
3036 537
3036 7
3036 240
3037 227
3037 537
3037 7
3038 58
3038 449
3039 165
3039 10
3040 65
3040 165
3041 56
3041 165
3042 165
3042 61
3043 52
3043 165
3044 58
3044 165
3045 48
3045 50
3046 54
3046 165
3047 65
3047 48
3048 48
3048 63
3049 389
3049 70
3049 1065
3049 225
3050 3051
3050 964
3050 335
3050 68
3052 2178
3052 335
3052 68
3052 964
3053 1200
3053 115
3053 361
3054 115
3054 1428
3054 1740
3055 789
3055 115
3055 235
3056 363
3056 204
3056 335
3056 2
3056 4
3057 135
3057 888
3057 115
3057 530
3057 140
3058 114
3058 115
3058 398
3058 2349
3058 117
3058 140
3059 335
3059 1584
3059 68
3059 2091
3060 3061
3060 680
3060 335
3060 70
3060 68
3062 335
3062 1578
3062 68
3062 1153
3063 70
3063 335
3063 3064
3063 3065
3063 68
3066 711
3066 240
3067 227
3067 711
3068 130
3068 252
3068 7
3069 833
3069 419
3069 7
3070 424
3070 711
3071 323
3071 711
3072 232
3072 711
3073 711
3073 428
3074 163
3074 711
3075 419
3075 711
3076 254
3076 711
3077 422
3077 711
3078 449
3078 32
3078 7
3078 8
3078 34
3078 9
3079 227
3079 1830
3079 7
3079 8
3079 34
3079 9
3080 7
3080 8
3080 154
3080 826
3081 9
3081 7
3081 30
3081 154
3081 8
3082 7
3082 354
3082 30
3082 9
3082 8
3083 285
3083 354
3083 8
3083 7
3084 7
3084 354
3084 8
3084 154
3085 7
3085 354
3085 8
3085 826
3086 1836
3086 7
3086 8
3086 34
3086 9
3086 138
3086 264
3087 7
3087 8
3087 34
3087 1344
3087 9
3087 231
3087 138
3088 1428
3088 819
3088 140
3089 900
3089 1200
3089 140
3090 115
3090 3091
3090 1393
3090 140
3092 865
3092 115
3092 2427
3092 140
3093 1412
3093 1205
3093 140
3094 121
3094 907
3094 140
3095 854
3095 1728
3095 140
3096 2699
3096 1349
3096 140
3097 135
3097 3098
3097 1046
3097 140
3099 904
3099 115
3099 3100
3099 140
3101 341
3101 376
3102 341
3102 102
3103 138
3103 1832
3103 278
3103 9
3103 34
3104 37
3104 500
3104 42
3104 468
3105 36
3105 37
3105 97
3105 185
3106 341
3106 247
3107 8
3107 7
3107 446
3107 295
3108 19
3108 37
3108 611
3108 1820
3108 42
3109 37
3109 1397
3109 306
3109 42
3110 37
3110 42
3110 3111
3110 99
3112 36
3112 37
3112 42
3112 86
3112 1660
3113 37
3113 878
3113 478
3113 42
3114 798
3114 37
3114 22
3114 1381
3114 42
3114 19
3115 36
3115 37
3115 38
3115 558
3116 37
3116 472
3116 831
3116 42
3117 36
3117 37
3117 496
3117 77
3117 42
3118 37
3118 42
3118 72
3118 502
3118 36
3118 2262
3119 553
3119 394
3119 1847
3120 394
3120 2144
3120 1845
3121 394
3121 553
3121 2864
3122 2303
3122 394
3122 746
3123 1048
3123 394
3123 396
3124 1055
3124 394
3124 3125
3126 936
3126 394
3126 2375
3127 740
3127 1288
3127 394
3128 394
3128 872
3128 749
3129 1055
3129 394
3129 691
3130 597
3130 22
3130 1604
3131 22
3131 3132
3131 515
3133 2227
3133 22
3133 2817
3134 1314
3134 645
3134 22
3135 1677
3135 2990
3135 22
3136 182
3136 798
3136 22
3137 22
3137 1423
3137 594
3138 3139
3138 22
3138 600
3140 117
3140 2194
3140 192
3141 1659
3141 22
3141 2085
3142 573
3142 1347
3142 138
3143 138
3143 1832
3143 913
3144 1836
3144 910
3144 138
3145 138
3145 896
3145 1336
3146 576
3146 906
3146 138
3147 1077
3147 138
3147 355
3148 138
3148 2002
3148 1830
3149 903
3149 582
3149 138
3150 138
3150 969
3150 3151
3152 138
3152 3153
3152 956
3154 424
3154 439
3155 389
3155 68
3155 70
3155 767
3155 208
3156 19
3156 2227
3156 42
3156 22
3156 89
3157 19
3157 1734
3157 92
3157 22
3157 42
3158 7
3158 8
3158 34
3158 56
3158 9
3158 138
3158 1637
3159 68
3159 3064
3159 70
3159 2857
3160 7
3160 354
3160 10
3161 70
3161 335
3161 68
3161 401
3161 2093
3162 1016
3162 389
3162 70
3162 746
3162 391
3163 68
3163 70
3163 684
3163 392
3164 1927
3164 2525
3164 70
3165 231
3165 8
3165 826
3166 525
3166 8
3166 826
3167 536
3167 7
3167 8
3167 826
3168 8
3168 357
3168 826
3169 8
3169 711
3169 826
3170 389
3170 3171
3170 1157
3170 70
3172 436
3172 8
3172 826
3173 434
3173 8
3173 826
3174 165
3174 7
3174 8
3174 34
3174 9
3174 138
3174 1637
3175 536
3175 7
3175 26
3175 8
3176 6
3176 7
3176 8
3176 9
3176 826
3177 7
3177 285
3177 8
3177 449
3178 285
3178 148
3178 8
3178 7
3179 285
3179 8
3179 711
3179 7
3180 434
3180 285
3180 8
3180 7
3181 7
3181 285
3181 8
3181 436
3182 525
3182 285
3182 8
3182 7
3183 231
3183 285
3183 8
3183 7
3184 285
3184 8
3184 707
3184 7
3185 7
3185 285
3185 822
3185 8
3186 7
3186 285
3186 8
3186 133
3187 85
3187 92
3187 42
3188 138
3188 167
3188 267
3189 525
3189 376
3190 2489
3190 151
3190 138
3191 172
3191 22
3191 1972
3192 22
3192 42
3192 19
3192 117
3192 190
3192 299
3193 114
3193 22
3193 789
3193 117
3193 19
3193 177
3194 525
3194 107
3195 114
3195 115
3195 2513
3195 398
3195 117
3195 140
3196 114
3196 1478
3196 2225
3196 117
3197 317
3197 114
3197 117
3197 3198
3199 117
3199 611
3199 120
3199 22
3200 1419
3200 135
3200 34
3200 819
3200 138
3201 335
3201 1583
3201 2855
3202 525
3202 252
3203 138
3203 587
3203 910
3204 138
3204 355
3204 1998
3205 138
3205 135
3205 3206
3205 1830
3207 525
3207 46
3208 68
3208 335
3208 1578
3208 1006
3209 68
3209 1141
3209 1827
3209 335
3209 2
3209 4
3210 335
3210 1584
3210 68
3210 405
3211 1148
3211 68
3211 1021
3211 335
3211 2
3211 4
3212 335
3212 68
3212 1019
3212 2946
3213 3214
3213 335
3213 68
3213 703
3215 2181
3215 626
3215 335
3215 70
3215 68
3216 68
3216 335
3216 1014
3216 3065
3217 68
3217 335
3217 966
3217 2792
3218 335
3218 1511
3218 68
3218 1153
3219 439
3219 254
3220 58
3220 248
3221 56
3221 248
3222 54
3222 248
3223 52
3223 248
3224 146
3224 252
3225 247
3225 252
3226 376
3226 252
3227 264
3227 252
3228 248
3228 61
3229 248
3229 10
3230 2847
3230 14
3230 402
3231 12
3231 872
3231 402
3232 14
3232 12
3232 3125
3232 402
3233 2280
3233 14
3233 402
3234 14
3234 402
3234 396
3235 394
3235 2063
3235 12
3235 14
3235 391
3235 402
3236 753
3236 549
3236 12
3236 14
3236 402
3237 870
3237 14
3237 402
3238 14
3238 549
3238 3125
3238 402
3239 14
3239 774
3239 12
3239 549
3239 402
3240 37
3240 1660
3240 42
3240 36
3240 72
3240 335
3240 2322
3240 2
3240 4
3241 37
3241 42
3241 36
3241 72
3241 335
3241 509
3241 2322
3241 2
3241 4
3242 99
3242 1500
3242 72
3242 335
3242 36
3242 2
3242 4
3243 409
3243 1874
3243 72
3243 36
3243 2
3243 4
3244 36
3244 2
3244 72
3244 412
3244 1225
3245 68
3245 219
3245 72
3245 335
3245 36
3245 43
3245 2
3245 4
3246 36
3246 72
3246 2
3246 82
3246 943
3247 36
3247 72
3247 1213
3247 2
3247 43
3248 37
3248 72
3248 2325
3248 410
3248 36
3248 2
3249 37
3249 68
3249 219
3249 72
3249 335
3249 36
3249 558
3249 2
3249 4
3250 1877
3250 2
3250 74
3251 1768
3251 1763
3251 34
3251 138
3252 255
3252 7
3252 8
3252 2889
3253 422
3253 352
3254 9
3254 7
3254 152
3254 132
3254 8
3255 1323
3255 72
3255 38
3255 2
3255 4
3256 7
3256 8
3256 61
3256 1984
3257 138
3257 34
3257 3098
3257 568
3258 1074
3258 115
3258 1198
3258 140
3259 138
3259 1347
3259 34
3259 2241
3260 630
3260 2
3260 1216
3260 4
3261 525
3261 7
3261 9
3261 132
3261 8
3262 231
3262 7
3262 9
3262 132
3262 8
3263 115
3263 898
3263 1993
3263 140
3264 114
3264 115
3264 1765
3264 1245
3264 140
3265 114
3265 115
3265 135
3265 821
3265 140
3265 651
3266 115
3266 816
3266 1089
3266 140
3267 135
3267 115
3267 813
3267 998
3267 140
3268 1763
3268 135
3268 140
3268 1778
3269 1197
3269 892
3269 135
3269 140
3270 865
3270 1731
3270 115
3270 140
3271 140
3271 135
3271 956
3271 1487
3272 115
3272 648
3272 1393
3272 140
3273 986
3273 114
3273 115
3273 22
3273 1393
3273 117
3273 140
3274 711
3274 449
3275 45
3275 711
3276 446
3276 711
3277 438
3277 711
3278 711
3278 859
3279 711
3279 352
3280 341
3280 711
3281 255
3281 711
3282 351
3282 711
3283 19
3283 174
3283 42
3283 1820
3283 37
3284 3285
3284 1852
3284 351
3284 8
3284 9
3286 351
3286 8
3286 9
3286 568
3287 252
3287 26
3287 7
3288 7
3288 26
3288 248
3289 146
3289 7
3289 26
3290 247
3290 7
3290 26
3291 376
3291 7
3291 26
3292 264
3292 26
3292 7
3293 7
3293 26
3293 107
3294 102
3294 7
3294 26
3295 46
3295 7
3295 26
3296 438
3296 7
3296 26
3297 19
3297 37
3297 42
3297 1820
3297 3298
3299 1200
3299 114
3299 115
3299 22
3299 850
3299 19
3299 117
3300 394
3300 736
3300 1298
3301 2847
3301 394
3301 1068
3302 36
3302 37
3302 2333
3302 73
3303 1753
3303 36
3303 2321
3303 37
3304 394
3304 12
3304 14
3304 391
3304 682
3304 402
3305 394
3305 70
3305 1004
3305 389
3305 12
3305 14
3305 391
3305 402
3306 391
3306 394
3306 2526
3306 402
3307 297
3307 37
3307 1820
3307 19
3307 42
3308 36
3308 37
3308 72
3308 1512
3308 89
3309 394
3309 70
3309 389
3309 1002
3309 12
3309 14
3309 391
3309 402
3310 764
3310 394
3310 402
3311 764
3311 14
3311 12
3311 394
3312 4
3312 1506
3312 3313
3314 9
3314 7
3314 16
3314 132
3314 8
3315 2545
3315 394
3315 874
3316 1849
3316 394
3316 402
3316 679
3317 114
3317 115
3317 867
3317 135
3317 140
3317 1389
3318 1495
3318 645
3318 114
3318 115
3318 117
3319 876
3319 394
3319 402
3319 555
3320 958
3320 394
3320 1057
3321 309
3321 117
3321 114
3321 491
3322 1076
3322 1320
3322 117
3322 114
3323 117
3323 114
3323 491
3323 76
3324 592
3324 1074
3324 114
3324 117
3325 771
3325 694
3325 394
3325 391
3326 869
3326 394
3326 1057
3327 1731
3327 114
3327 786
3328 1498
3328 114
3328 315
3329 1963
3329 117
3329 2085
3330 268
3330 941
3330 117
3331 117
3331 1960
3331 100
3332 174
3332 117
3332 1245
3333 398
3333 117
3333 193
3334 20
3334 2229
3334 117
3335 117
3335 786
3335 594
3336 117
3336 2990
3336 2217
3337 2775
3337 394
3337 2533
3337 402
3337 391
3338 116
3338 117
3338 114
3338 22
3338 1493
3339 133
3339 8
3339 9
3339 568
3340 19
3340 2595
3340 835
3340 117
3340 22
3341 285
3341 9
3341 34
3341 896
3342 394
3342 402
3342 756
3342 882
3343 4
3343 335
3343 219
3343 68
3343 3313
3344 1157
3344 335
3344 68
3344 666
3345 135
3345 140
3345 895
3345 1487
3346 394
3346 2300
3346 2312
3346 402
3347 653
3347 7
3347 45
3347 8
3348 653
3348 7
3348 446
3348 8
3349 653
3349 438
3349 7
3349 8
3350 653
3350 7
3350 8
3350 859
3351 653
3351 255
3351 7
3351 8
3352 653
3352 351
3352 8
3352 7
3353 1612
3353 335
3353 2030
3353 4
3354 14
3354 402
3354 1845
3355 376
3355 8
3355 826
3356 102
3356 8
3356 826
3357 8
3357 107
3357 826
3358 29
3358 8
3358 826
3359 252
3359 8
3359 826
3360 247
3360 8
3360 826
3361 146
3361 8
3361 826
3362 264
3362 8
3362 826
3363 46
3363 8
3363 826
3364 8
3364 248
3364 826
3365 1612
3365 4
3365 2946
3366 37
3366 3367
3366 1225
3366 42
3366 72
3366 36
3366 2
3368 117
3368 114
3368 22
3368 1493
3368 3369
3370 120
3370 92
3370 22
3370 42
3370 19
3370 117
3371 117
3371 114
3371 76
3371 1968
3372 592
3372 1197
3372 114
3372 115
3372 117
3373 117
3373 114
3373 608
3373 22
3373 1964
3374 2975
3374 114
3374 115
3374 117
3374 100
3375 116
3375 117
3375 22
3375 1972
3376 19
3376 1434
3376 835
3376 117
3376 22
3377 309
3377 117
3377 114
3377 648
3378 117
3378 2200
3378 22
3378 318
3379 132
3379 7
3379 8
3379 34
3379 145
3379 9
3380 352
3380 61
3381 68
3381 212
3381 2091
3382 2178
3382 68
3382 1017
3383 2595
3383 114
3383 115
3383 235
3384 395
3384 68
3384 335
3384 334
3385 1927
3385 335
3385 334
3386 68
3386 1004
3386 2030
3387 1002
3387 68
3387 2857
3388 1012
3388 68
3388 742
3389 3051
3389 68
3389 1579
3390 1009
3390 664
3390 68
3391 1016
3391 1583
3391 68
3392 1219
3392 335
3392 4
3392 1007
3393 2489
3393 2975
3393 140
3394 135
3394 34
3394 568
3394 140
3394 1084
3394 138
3395 1355
3395 114
3395 115
3395 135
3395 117
3395 140
3395 599
3396 3397
3396 135
3396 2002
3396 140
3398 354
3398 278
3398 8
3399 549
3399 402
3399 396
3400 2280
3400 549
3400 402
3401 138
3401 274
3401 34
3401 1336
3402 7
3402 26
3402 9
3402 132
3402 8
3403 438
3403 7
3403 824
3404 699
3404 394
3404 2300
3404 402
3405 1842
3405 394
3405 390
3405 402
3406 394
3406 2376
3406 389
3406 12
3406 14
3406 391
3406 402
3407 394
3407 549
3407 12
3407 699
3407 14
3407 402
3408 2053
3408 549
3408 12
3408 14
3408 394
3408 402
3409 2847
3409 12
3409 402
3410 12
3410 402
3410 396
3411 14
3411 2303
3411 12
3411 549
3411 402
3412 9
3412 2581
3412 34
3412 133
3413 1795
3413 590
3413 8
3413 34
3413 9
3413 138
3414 19
3414 608
3414 839
3415 34
3415 8
3415 707
3415 821
3415 9
3415 138
3416 3051
3416 335
3416 2855
3416 68
3417 135
3417 7
3417 8
3417 34
3417 9
3417 436
3417 138
3417 819
3418 1355
3418 135
3418 1237
3419 117
3419 1312
3419 315
3419 22
3420 1355
3420 135
3420 137
3421 465
3421 72
3421 3422
3421 36
3421 2
3421 4
3423 602
3423 72
3423 2
3423 86
3424 37
3424 42
3424 72
3424 399
3424 36
3424 1612
3425 1836
3425 3426
3425 135
3427 1836
3427 135
3427 1765
3428 68
3428 219
3428 72
3428 335
3428 2
3428 88
3428 4
3429 1500
3429 564
3429 72
3429 335
3429 2
3429 4
3430 477
3430 72
3430 2
3430 666
3430 4
3431 422
3431 10
3432 65
3432 422
3433 422
3433 63
3434 422
3434 50
3435 422
3435 52
3436 422
3436 58
3437 422
3437 56
3438 422
3438 61
3439 48
3439 422
3440 422
3440 165
3441 146
3441 351
3442 9
3442 1944
3442 1617
3442 34
3443 351
3443 252
3444 9
3444 2893
3444 567
3444 34
3445 1668
3445 135
3445 34
3445 9
3445 140
3445 138
3445 1417
3446 2073
3446 114
3446 115
3446 1972
3446 135
3446 34
3446 9
3446 140
3446 138
3447 1836
3447 1105
3447 9
3447 34
3447 138
3448 351
3448 264
3449 9
3449 8
3449 34
3449 16
3449 896
3450 1562
3450 3153
3450 9
3450 34
3451 115
3451 648
3451 1198
3451 140
3452 2349
3452 2595
3452 114
3452 115
3452 140
3453 1074
3453 140
3453 115
3453 135
3453 1336
3454 3206
3454 115
3454 3100
3454 140
3455 1489
3455 140
3455 115
3455 2513
3456 268
3456 114
3456 115
3456 1244
3456 140
3457 1203
3457 114
3457 115
3457 1966
3458 114
3458 262
3458 115
3458 2458
3459 114
3459 117
3459 646
3459 115
3459 612
3460 499
3460 114
3460 115
3460 1046
3461 48
3461 434
3462 434
3462 165
3463 434
3463 163
3464 434
3464 419
3465 254
3465 434
3466 422
3466 434
3467 424
3467 434
3468 323
3468 434
3469 232
3469 434
3470 434
3470 428
3471 3397
3471 135
3471 140
3471 590
3472 439
3472 537
3472 7
3473 537
3473 7
3473 449
3474 537
3474 7
3474 352
3475 341
3475 537
3475 7
3476 537
3476 7
3476 255
3477 537
3477 351
3477 7
3478 537
3478 7
3478 45
3479 537
3479 7
3479 446
3480 537
3480 148
3480 7
3481 537
3481 7
3481 711
3482 1495
3482 120
3482 114
3482 115
3483 1351
3483 273
3483 135
3483 138
3484 1508
3484 335
3484 205
3484 68
3485 962
3485 7
3485 8
3485 352
3486 513
3486 117
3486 789
3487 499
3487 114
3487 115
3487 1205
3488 1406
3488 276
3488 9
3488 34
3489 880
3489 335
3489 2419
3489 4
3490 1093
3490 114
3490 115
3490 1195
3491 1009
3491 68
3491 70
3491 731
3492 1105
3492 26
3492 8
3492 7
3493 26
3493 7
3493 8
3493 34
3493 9
3493 138
3493 1637
3494 231
3494 7
3494 26
3495 7
3495 26
3495 357
3496 276
3496 7
3496 26
3496 8
3497 26
3497 7
3497 719
3497 8
3498 7
3498 26
3498 711
3499 434
3499 7
3499 26
3500 7
3500 26
3500 436
3501 525
3501 7
3501 26
3502 232
3502 7
3502 133
3503 7
3503 428
3503 133
3504 254
3504 7
3504 133
3505 422
3505 7
3505 133
3506 424
3506 7
3506 133
3507 323
3507 7
3507 133
3508 48
3508 7
3508 133
3509 7
3509 165
3509 133
3510 7
3510 163
3510 133
3511 7
3511 419
3511 133
3512 37
3512 481
3512 543
3513 506
3513 80
3513 37
3514 563
3514 561
3514 37
3515 2112
3515 37
3515 836
3516 2019
3516 2321
3516 37
3517 37
3517 2026
3517 468
3518 37
3518 2023
3518 178
3519 37
3519 175
3519 2500
3520 37
3520 511
3520 1624
3521 517
3521 37
3521 841
3522 424
3522 376
3523 422
3523 376
3524 254
3524 376
3525 376
3525 419
3526 376
3526 163
3527 376
3527 165
3528 48
3528 376
3529 50
3529 376
3530 63
3530 376
3531 65
3531 376
3532 68
3532 335
3532 663
3532 405
3533 68
3533 389
3533 1151
3533 72
3533 335
3533 70
3533 3534
3533 2
3533 4
3535 68
3535 2325
3535 335
3535 170
3535 70
3535 4
3536 335
3536 1157
3536 1213
3536 68
3536 4
3537 70
3537 1927
3537 2179
3537 68
3538 389
3538 68
3538 1253
3538 70
3538 2030
3539 341
3539 1081
3539 7
3539 8
3539 9
3540 68
3540 3064
3540 70
3540 742
3541 439
3541 1081
3541 7
3541 8
3541 9
3542 12
3542 549
3542 13
3543 1081
3543 7
3543 8
3543 9
3543 449
3544 1081
3544 7
3544 446
3544 9
3544 8
3545 1081
3545 351
3545 8
3545 9
3545 7
3546 1081
3546 7
3546 9
3546 352
3546 8
3547 906
3547 135
3547 1198
3548 419
3548 107
3549 135
3549 1414
3549 3098
3550 653
3550 7
3550 8
3550 240
3551 1081
3551 7
3551 8
3551 9
3551 428
3552 389
3552 70
3552 219
3552 407
3553 389
3553 1050
3553 1144
3553 70
3553 391
3554 232
3554 107
3555 549
3555 12
3555 14
3555 874
3556 107
3556 428
3557 276
3557 9
3557 34
3557 2232
3558 7
3558 1117
3558 56
3558 9
3558 8
3559 58
3559 7
3559 1117
3559 8
3559 9
3560 3561
3560 389
3560 391
3560 731
3562 294
3562 136
3562 8
3562 9
3563 1081
3563 930
3563 9
3563 8
3564 254
3564 7
3564 581
3564 8
3564 9
3565 48
3565 1419
3565 7
3565 8
3565 9
3566 2043
3566 8
3566 34
3566 9
3566 138
3566 1637
3567 8
3567 7
3567 9
3567 352
3567 17
3568 52
3568 7
3568 1117
3568 8
3568 9
3569 54
3569 1117
3569 8
3569 9
3569 7
3570 91
3570 36
3570 561
3570 37
3571 36
3571 37
3571 77
3571 190
3572 7
3572 1117
3572 9
3572 248
3572 8
3573 252
3573 1117
3573 8
3573 9
3573 7
3574 438
3574 7
3574 1117
3574 8
3574 9
3575 46
3575 7
3575 1117
3575 8
3575 9
3576 264
3576 1117
3576 8
3576 9
3576 7
3577 376
3577 7
3577 1117
3577 8
3577 9
3578 247
3578 7
3578 1117
3578 8
3578 9
3579 146
3579 7
3579 1117
3579 8
3579 9
3580 1974
3580 117
3580 3139
3581 1606
3581 645
3581 117
3582 117
3582 2612
3582 1245
3583 1963
3583 117
3583 3132
3584 513
3584 1606
3584 117
3585 117
3585 1609
3585 1966
3586 2227
3586 120
3586 117
3587 117
3587 609
3587 1966
3588 117
3588 1318
3588 612
3589 2229
3589 117
3589 3590
3591 628
3591 1813
3591 2
3592 2649
3592 1215
3592 2
3593 1827
3593 1816
3593 2
3594 224
3594 68
3594 1303
3594 70
3595 68
3595 680
3595 70
3595 742
3596 67
3596 1884
3596 70
3596 68
3597 70
3597 335
3597 1149
3597 68
3597 618
3597 4
3598 70
3598 389
3598 767
3598 335
3598 1308
3598 68
3599 198
3599 693
3599 68
3600 395
3600 204
3600 68
3601 68
3601 1579
3601 1301
3602 192
3602 22
3602 3298
3603 335
3603 68
3603 1211
3603 688
3604 602
3604 68
3604 335
3604 1141
3604 4
3605 2
3605 2079
3605 2116
3606 3607
3606 2
3606 1614
3608 424
3608 46
3609 323
3609 46
3610 48
3610 46
3611 46
3611 165
3612 63
3612 46
3613 50
3613 46
3614 254
3614 46
3615 422
3615 46
3616 163
3616 46
3617 419
3617 46
3618 135
3618 7
3618 235
3618 34
3618 8
3618 9
3618 653
3618 138
3619 264
3619 352
3620 376
3620 352
3621 711
3621 7
3621 8
3621 34
3621 9
3621 1830
3622 3171
3622 14
3622 394
3622 402
3622 391
3623 102
3623 352
3624 589
3624 574
3624 34
3625 3151
3625 34
3625 274
3626 6
3626 529
3626 34
3627 910
3627 34
3627 27
3628 1944
3628 34
3628 284
3629 1129
3629 1621
3629 34
3630 577
3630 1840
3630 34
3631 129
3631 913
3631 34
3632 34
3632 1830
3632 585
3633 129
3633 3153
3633 34
3634 107
3634 352
3635 48
3635 424
3636 424
3636 165
3637 63
3637 424
3638 50
3638 424
3639 424
3639 254
3640 422
3640 424
3641 424
3641 163
3642 424
3642 419
3643 323
3643 54
3644 323
3644 52
3645 341
3645 163
3646 341
3646 419
3647 48
3647 341
3648 341
3648 165
3649 341
3649 424
3650 323
3650 341
3651 341
3651 254
3652 422
3652 341
3653 341
3653 232
3654 341
3654 428
3655 1192
3655 317
3655 115
3656 115
3656 114
3656 2699
3656 196
3657 1084
3657 1496
3657 115
3658 1478
3658 115
3658 1046
3659 115
3659 1190
3659 530
3660 789
3660 115
3660 367
3661 2348
3661 115
3661 1778
3662 115
3662 491
3662 974
3663 115
3663 1417
3663 1993
3664 115
3664 955
3664 1975
3665 434
3665 352
3666 341
3666 434
3667 255
3667 434
3668 434
3668 351
3669 434
3669 45
3670 434
3670 446
3671 438
3671 434
3672 434
3672 859
3673 434
3673 248
3674 434
3674 46
3675 135
3675 235
3675 34
3675 1913
3675 9
3675 138
3676 115
3676 135
3676 140
3676 138
3676 530
3676 827
3677 2
3677 72
3677 2333
3677 4
3677 3422
3678 1559
3678 135
3678 34
3678 140
3678 138
3678 121
3679 394
3679 70
3679 688
3679 389
3679 391
3679 870
3680 12
3680 697
3680 14
3680 394
3680 402
3681 602
3681 2
3681 72
3681 1820
3681 36
3682 1417
3682 1637
3682 135
3682 140
3683 398
3683 19
3683 1425
3683 22
3684 1884
3684 1626
3684 335
3684 2
3684 4
3685 7
3685 16
3685 428
3686 7
3686 240
3686 16
3687 419
3687 16
3687 7
3688 254
3688 7
3688 16
3689 7
3689 165
3689 16
3690 163
3690 16
3690 7
3691 323
3691 7
3691 16
3692 232
3692 7
3692 16
3693 422
3693 7
3693 16
3694 424
3694 7
3694 16
3695 354
3695 135
3695 7
3695 235
3695 34
3695 8
3695 9
3695 138
3696 389
3696 70
3696 2710
3696 1019
3696 391
3697 389
3697 740
3697 219
3697 391
3698 904
3698 114
3698 115
3698 22
3698 117
3698 140
3698 1423
3699 986
3699 114
3699 115
3699 22
3699 117
3699 974
3700 394
3700 70
3700 389
3700 2178
3700 12
3700 14
3700 402
3700 391
3701 394
3701 70
3701 3051
3701 389
3701 391
3701 870
3702 1584
3702 68
3702 389
3702 749
3702 335
3702 391
3702 70
3703 70
3703 389
3703 749
3703 335
3703 391
3703 68
3703 663
3704 699
3704 3051
3704 389
3704 70
3704 391
3705 68
3705 389
3705 3706
3705 749
3705 391
3705 70
3707 389
3707 70
3707 205
3707 390
3707 391
3708 1016
3708 389
3708 70
3708 2710
3708 391
3709 424
3709 351
3710 1840
3710 7
3710 8
3710 34
3710 9
3710 264
3711 422
3711 102
3712 254
3712 102
3713 323
3713 102
3714 424
3714 102
3715 102
3715 165
3716 48
3716 102
3717 419
3717 102
3718 163
3718 102
3719 102
3719 428
3720 232
3720 102
3721 9
3721 7
3721 446
3721 132
3721 8
3722 7
3722 45
3722 9
3722 132
3722 8
3723 146
3723 7
3723 9
3723 132
3723 8
3724 7
3724 264
3724 9
3724 132
3724 8
3725 7
3725 252
3725 9
3725 132
3725 8
3726 247
3726 7
3726 9
3726 132
3726 8
3727 7
3727 46
3727 9
3727 132
3727 8
3728 9
3728 7
3728 248
3728 132
3728 8
3729 8
3729 7
3729 9
3729 132
3729 859
3730 438
3730 7
3730 9
3730 132
3730 8
3731 8
3731 7
3731 30
3731 9
3731 357
3732 7
3732 285
3732 8
3732 826
3733 8
3733 7
3733 30
3733 9
3733 822
3734 8
3734 7
3734 30
3734 9
3734 133
3735 7
3735 133
3735 8
3735 826
3736 8
3736 7
3736 30
3736 9
3736 826
3737 7
3737 8
3737 707
3737 826
3738 8
3738 7
3738 822
3738 826
3739 54
3739 8
3739 154
3739 7
3740 7
3740 52
3740 8
3740 154
3741 19
3741 22
3741 649
3741 2023
3741 42
3742 19
3742 2321
3742 314
3742 42
3743 1754
3743 37
3743 2722
3743 42
3744 19
3744 37
3744 42
3744 3745
3744 600
3746 37
3746 1397
3746 878
3746 42
3747 37
3747 2722
3747 387
3747 42
3748 19
3748 37
3748 611
3748 42
3748 43
3749 37
3749 306
3749 42
3749 72
3749 502
3749 36
3750 19
3750 800
3750 3590
3750 22
3750 42
3751 19
3751 596
3751 73
3751 42
3752 63
3752 525
3753 65
3753 525
3754 48
3754 525
3755 50
3755 525
3756 525
3756 56
3757 525
3757 58
3758 525
3758 10
3759 525
3759 61
3760 1129
3760 138
3760 3426
3760 135
3761 525
3761 163
3762 525
3762 165
3763 152
3763 135
3763 235
3763 34
3763 8
3763 9
3763 138
3764 1081
3764 2699
3764 34
3764 140
3764 138
3764 135
3765 525
3765 351
3766 525
3766 352
3767 589
3767 138
3767 1346
3767 135
3768 589
3768 138
3768 135
3768 1349
3769 12
3769 738
3770 14
3770 549
3770 12
3770 3125
3771 936
3771 12
3771 402
3772 861
3772 135
3772 1412
3772 138
3773 751
3773 394
3773 14
3773 402
3774 14
3774 394
3774 390
3774 402
3775 2296
3775 12
3776 12
3776 2294
3777 12
3777 762
3778 525
3778 45
3779 126
3779 34
3779 813
3779 138
3780 525
3780 255
3781 29
3781 285
3781 8
3781 7
3782 138
3782 913
3782 2002
3783 138
3783 273
3783 969
3784 1077
3784 138
3784 3153
3785 867
3785 138
3785 1840
3786 906
3786 567
3786 138
3787 903
3787 910
3787 138
3788 529
3788 901
3788 138
3789 138
3789 913
3789 1344
3790 1355
3790 138
3790 2232
3791 573
3791 813
3791 138
3792 1489
3792 117
3792 114
3792 22
3792 515
3793 19
3793 312
3793 92
3793 22
3793 42
3794 114
3794 115
3794 22
3794 1312
3794 2699
3794 117
3795 19
3795 835
3795 22
3795 612
3796 560
3796 19
3796 22
3796 100
3797 41
3797 174
3797 19
3797 22
3798 846
3798 19
3798 599
3798 22
3799 19
3799 2262
3799 22
3799 100
3800 114
3800 22
3800 317
3800 413
3800 42
3800 19
3800 117
3801 19
3801 42
3801 1609
3801 22
3801 89
3802 163
3802 10
3803 65
3803 163
3804 63
3804 165
3805 50
3805 165
3806 48
3806 165
3807 163
3807 54
3808 163
3808 52
3809 163
3809 58
3810 163
3810 56
3811 163
3811 61
3812 446
3812 352
3813 7
3813 449
3813 8
3813 1668
3814 117
3814 262
3814 22
3814 3369
3815 146
3815 352
3816 247
3816 352
3817 270
3817 136
3817 8
3818 46
3818 352
3819 1663
3819 7
3819 8
3819 352
3820 1222
3820 72
3820 2
3820 83
3821 45
3821 352
3822 424
3822 357
3823 323
3823 357
3824 48
3824 357
3825 357
3825 165
3826 63
3826 357
3827 50
3827 357
3828 254
3828 357
3829 422
3829 357
3830 163
3830 357
3831 419
3831 357
3832 7
3832 46
3832 16
3833 438
3833 7
3833 16
3834 7
3834 16
3834 859
3835 7
3835 45
3835 16
3836 7
3836 446
3836 16
3837 255
3837 7
3837 16
3838 351
3838 16
3838 7
3839 7
3839 352
3839 16
3840 341
3840 7
3840 16
3841 439
3841 7
3841 16
3842 52
3842 7
3842 354
3843 7
3843 354
3843 56
3844 7
3844 354
3844 61
3845 653
3845 7
3845 8
3845 133
3846 653
3846 7
3846 357
3846 8
3847 70
3847 389
3847 699
3847 391
3847 68
3847 2030
3848 394
3848 70
3848 389
3848 14
3848 69
3848 391
3848 68
3848 403
3848 402
3849 653
3849 1081
3849 7
3849 8
3849 9
3850 394
3850 389
3850 755
3850 2775
3850 391
3850 402
3851 3561
3851 755
3851 389
3851 391
3852 391
3852 389
3852 885
3852 170
3853 394
3853 2376
3853 389
3853 12
3853 14
3853 391
3853 402
3854 389
3854 870
3854 394
3854 1149
3854 391
3855 70
3855 389
3855 390
3855 391
3855 68
3855 201
3856 389
3856 1235
3856 391
3856 2144
3857 65
3857 7
3857 354
3858 699
3858 14
3858 12
3858 402
3858 394
3859 751
3859 12
3859 14
3859 394
3859 402
3860 3561
3860 14
3860 12
3860 402
3860 394
3861 14
3861 403
3861 2062
3861 402
3861 394
3862 740
3862 12
3862 14
3862 394
3863 14
3863 12
3863 2710
3863 394
3864 14
3864 12
3864 551
3864 394
3864 402
3865 14
3865 12
3865 551
3865 394
3865 402
3866 394
3866 1233
3866 389
3866 735
3866 402
3866 391
3867 2540
3867 394
3867 13
3868 140
3868 3206
3868 115
3868 3869
3870 135
3870 1393
3870 34
3870 285
3870 9
3870 138
3871 29
3871 352
3872 227
3872 352
3873 138
3873 1079
3873 34
3873 2241
3874 284
3874 34
3874 821
3874 138
3875 537
3875 7
3875 9
3875 132
3875 8
3876 323
3876 352
3877 146
3877 54
3878 376
3878 264
3879 264
3879 102
3880 264
3880 107
3881 146
3881 61
3882 146
3882 56
3883 146
3883 58
3884 146
3884 52
3885 65
3885 146
3886 146
3886 10
3887 37
3887 412
3887 22
3887 612
3887 42
3887 19
3888 19
3888 2262
3888 22
3888 612
3889 309
3889 19
3889 2321
3889 22
3889 42
3890 19
3890 22
3890 609
3890 3111
3891 398
3891 19
3891 831
3891 22
3892 19
3892 268
3892 500
3892 117
3892 22
3893 560
3893 19
3893 117
3893 22
3893 196
3894 19
3894 850
3894 645
3894 22
3895 846
3895 19
3895 312
3895 22
3896 19
3896 20
3896 22
3896 2722
3897 148
3897 8
3897 826
3898 36
3898 72
3898 1213
3898 2
3898 99
3899 519
3899 37
3899 1225
3899 72
3899 36
3899 2
3900 394
3900 70
3900 389
3900 1216
3900 335
3900 402
3900 68
3900 391
3901 483
3901 72
3901 335
3901 2322
3901 2
3901 4
3902 37
3902 1745
3902 385
3903 409
3903 37
3903 2321
3904 37
3904 2138
3904 2500
3905 36
3905 79
3905 1824
3906 36
3906 2027
3906 468
3907 36
3907 563
3907 1220
3908 36
3908 2120
3908 79
3909 1883
3909 36
3909 478
3910 1874
3910 72
3910 2
3910 470
3910 4
3911 37
3911 838
3911 99
3912 37
3912 80
3912 417
3913 148
3913 240
3914 148
3914 428
3915 232
3915 148
3916 323
3916 148
3917 424
3917 148
3918 422
3918 148
3919 254
3919 148
3920 419
3920 148
3921 633
3921 72
3921 2
3921 494
3921 4
3922 29
3922 148
3923 227
3923 148
3924 3607
3924 1584
3924 4
3925 2336
3925 2
3925 631
3926 2
3926 1512
3926 618
3927 2
3927 1140
3927 2116
3928 2
3928 621
3928 1230
3929 2
3929 623
3929 603
3930 1219
3930 1813
3930 2
3931 37
3931 74
3931 42
3931 72
3931 36
3931 831
3932 36
3932 37
3932 42
3932 1316
3932 83
3933 1395
3933 3367
3933 42
3934 846
3934 2026
3934 42
3935 42
3935 2353
3935 793
3936 1143
3936 1159
3936 2
3937 2721
3937 3367
3937 42
3938 2013
3938 3367
3938 42
3939 2016
3939 542
3939 42
3940 545
3940 42
3940 2500
3941 525
3941 264
3942 138
3942 32
3942 3098
3943 525
3943 102
3944 589
3944 138
3944 1637
3945 525
3945 248
3946 138
3946 135
3946 140
3946 367
3946 2581
3947 525
3947 247
3948 525
3948 146
3949 438
3949 525
3950 138
3950 816
3950 135
3950 34
3950 17
3951 424
3951 7
3951 8
3951 154
3952 19
3952 42
3952 3198
3952 22
3952 89
3953 136
3953 8
3953 2889
3954 2040
3954 276
3954 8
3955 107
3955 240
3956 227
3956 107
3957 909
3957 135
3957 1244
3958 2349
3958 135
3958 1344
3959 163
3959 107
3960 1832
3960 1341
3960 135
3961 254
3961 107
3962 422
3962 107
3963 424
3963 107
3964 135
3964 1335
3964 956
3965 1353
3965 135
3965 909
3966 867
3966 135
3966 1193
3967 182
3967 2612
3967 22
3968 195
3968 1677
3968 22
3969 1797
3969 2
3969 615
3970 2
3970 1185
3970 1822
3971 116
3971 2990
3971 22
3972 186
3972 22
3972 3198
3973 1734
3973 22
3973 1604
3974 513
3974 22
3974 2817
3975 928
3975 2
3975 3313
3976 3139
3976 22
3976 3369
3977 1670
3977 3132
3977 22
3978 309
3978 2819
3978 22
3979 254
3979 54
3980 254
3980 52
3981 419
3981 165
3982 419
3982 163
3983 50
3983 419
3984 48
3984 419
3985 65
3985 419
3986 63
3986 419
3987 254
3987 58
3988 254
3988 56
3989 126
3989 1208
3989 34
3989 138
3990 309
3990 2348
3990 117
3990 114
3991 1974
3991 115
3991 114
3991 118
3992 549
3992 403
3993 335
3993 1252
3993 493
3993 2
3993 4
3994 1500
3994 335
3994 1225
3994 4
3995 389
3995 70
3995 1004
3995 2536
3996 389
3996 1006
3996 1065
3996 70
3997 19
3997 611
3997 2321
3997 42
3998 117
3998 299
3998 608
3998 22
3999 9
3999 145
3999 824
3999 34
3999 8
4000 7
4000 449
4000 8
4000 295
4001 114
4001 115
4001 1728
4001 22
4001 117
4001 360
4002 7
4002 278
4002 8
4002 248
4003 398
4003 117
4003 114
4003 115
4003 2458
4004 114
4004 115
4004 22
4004 116
4004 117
4004 140
4004 1349
4005 19
4005 22
4005 320
4005 1972
4006 247
4006 357
4007 252
4007 357
4008 357
4008 248
4009 46
4009 357
4010 438
4010 357
4011 357
4011 859
4012 45
4012 357
4013 357
4013 446
4014 255
4014 357
4015 351
4015 357
4016 114
4016 115
4016 135
4016 2000
4016 140
4016 658
4017 880
4017 68
4017 207
4018 1500
4018 68
4018 688
4019 1144
4019 68
4019 1017
4020 1880
4020 68
4020 202
4021 68
4021 218
4021 1141
4022 216
4022 68
4022 2857
4023 68
4023 213
4023 2857
4024 198
4024 68
4024 210
4025 693
4025 68
4025 2857
4026 1880
4026 68
4026 703
4027 114
4027 115
4027 612
4027 1765
4027 117
4027 140
4028 140
4028 1434
4028 114
4028 115
4028 1353
4029 394
4029 731
4029 389
4029 14
4029 391
4029 403
4029 402
4030 1070
4030 626
4030 70
4030 389
4030 335
4030 68
4031 389
4031 693
4031 2533
4031 70
4032 394
4032 70
4032 389
4032 703
4032 391
4032 870
4033 389
4033 221
4033 1297
4033 70
4034 389
4034 740
4034 391
4034 170
4035 389
4035 221
4035 1060
4036 389
4036 70
4036 2792
4036 2536
4037 6
4037 7
4037 8
4037 9
4037 436
4038 169
4038 389
4038 70
4038 682
4038 68
4039 1070
4039 70
4039 389
4039 1874
4039 335
4039 68
4040 63
4040 7
4040 822
4041 50
4041 7
4041 822
4042 7
4042 822
4042 10
4043 65
4043 7
4043 822
4044 7
4044 822
4044 56
4045 7
4045 822
4045 61
4046 7
4046 52
4046 822
4047 7
4047 58
4047 822
4048 7
4048 276
4048 34
4048 8
4048 355
4048 9
4049 54
4049 822
4049 7
4050 7
4050 152
4050 10
4051 65
4051 7
4051 152
4052 7
4052 152
4052 56
4053 7
4053 152
4053 61
4054 7
4054 52
4054 152
4055 7
4055 58
4055 152
4056 7
4056 26
4056 16
4057 54
4057 152
4057 7
4058 1105
4058 8
4058 16
4058 7
4059 16
4059 7
4059 8
4059 34
4059 9
4059 138
4059 1637
4060 2545
4060 1065
4060 391
4061 2375
4061 391
4061 702
4062 772
4062 932
4062 391
4063 694
4063 391
4063 555
4064 682
4064 685
4064 391
4065 1253
4065 391
4065 882
4066 687
4066 407
4066 391
4067 391
4067 2312
4067 1053
4068 2540
4068 2526
4068 391
4069 391
4069 551
4069 1923
4070 227
4070 7
4070 133
4071 7
4071 240
4071 133
4072 7
4072 107
4072 133
4073 29
4073 7
4073 133
4074 376
4074 7
4074 133
4075 7
4075 102
4075 133
4076 146
4076 7
4076 133
4077 7
4077 264
4077 133
4078 264
4078 163
4079 264
4079 165
4080 264
4080 56
4081 264
4081 58
4082 264
4082 10
4083 264
4083 61
4084 63
4084 264
4085 65
4085 264
4086 48
4086 264
4087 50
4087 264
4088 19
4088 183
4088 1312
4088 42
4089 19
4089 42
4089 73
4089 1604
4090 19
4090 37
4090 3298
4090 42
4090 43
4091 19
4091 37
4091 3745
4091 1423
4091 42
4092 37
4092 2612
4092 22
4092 42
4092 19
4092 175
4093 37
4093 86
4093 42
4093 19
4093 1314
4093 36
4094 19
4094 42
4094 1240
4094 89
4095 19
4095 185
4095 1423
4095 42
4096 22
4096 42
4096 19
4096 117
4096 89
4096 651
4097 37
4097 22
4097 42
4097 19
4097 506
4097 117
4097 338
4098 114
4098 22
4098 500
4098 19
4098 117
4098 1496
4099 1482
4099 22
4099 850
4099 19
4099 117
4099 114
4100 2276
4100 14
4100 402
4101 620
4101 72
4101 38
4101 2
4102 2672
4102 167
4102 8
4102 34
4102 9
4102 138
4103 9
4103 2581
4103 34
4103 1984
4104 255
4104 58
4105 1406
4105 138
4105 135
4105 862
4106 446
4106 61
4107 148
4107 52
4108 54
4108 148
4109 352
4109 449
4110 351
4110 449
4111 439
4111 449
4112 341
4112 449
4113 45
4113 449
4114 449
4114 859
4115 711
4115 7
4115 8
4115 34
4115 145
4115 9
4116 148
4116 7
4116 8
4116 34
4116 145
4116 9
4117 7
4117 1117
4117 8
4117 9
4117 449
4118 148
4118 1117
4118 8
4118 9
4118 7
4119 341
4119 7
4119 1117
4119 8
4119 9
4120 439
4120 7
4120 1117
4120 8
4120 9
4121 351
4121 1117
4121 8
4121 9
4121 7
4122 7
4122 1117
4122 9
4122 352
4122 8
4123 7
4123 1117
4123 446
4123 9
4123 8
4124 255
4124 7
4124 1117
4124 8
4124 9
4125 145
4125 135
4125 1195
4125 140
4126 145
4126 135
4126 1428
4126 140
4127 102
4127 7
4127 1117
4127 8
4127 9
4128 7
4128 1117
4128 107
4128 9
4128 8
4129 63
4129 436
4130 114
4130 115
4130 1972
4130 135
4130 34
4130 33
4130 9
4130 140
4130 138
4131 48
4131 436
4132 50
4132 436
4133 163
4133 436
4134 165
4134 436
4135 254
4135 436
4136 419
4136 436
4137 2322
4137 2143
4137 70
4138 1323
4138 2
4138 2658
4138 4
4139 693
4139 70
4139 700
4140 2322
4140 389
4140 761
4140 70
4141 70
4141 1141
4141 731
4142 395
4142 70
4142 2376
4143 2178
4143 70
4143 2243
4144 70
4144 1021
4144 170
4145 70
4145 1291
4145 210
4146 960
4146 70
4146 1301
4147 36
4147 72
4147 1397
4147 2
4147 2056
4148 2
4148 1155
4148 603
4149 2
4149 502
4149 1566
4149 4
4150 72
4150 2
4150 2419
4150 86
4151 626
4151 1612
4151 2
4151 4
4152 1240
4152 2085
4152 22
4153 276
4153 1105
4153 8
4153 7
4154 7
4154 1105
4154 357
4154 8
4155 7
4155 8
4155 34
4155 54
4155 9
4155 138
4155 1637
4156 1105
4156 719
4156 8
4156 7
4157 7
4157 1105
4157 8
4157 436
4158 434
4158 1105
4158 8
4158 7
4159 231
4159 1105
4159 8
4159 7
4160 525
4160 1105
4160 8
4160 7
4161 7
4161 8
4161 34
4161 145
4161 376
4161 9
4162 7
4162 8
4162 34
4162 58
4162 9
4162 138
4162 1637
4163 52
4163 7
4163 8
4163 34
4163 9
4163 138
4163 1637
4164 7
4164 8
4164 34
4164 145
4164 102
4164 9
4165 115
4165 898
4165 648
4165 140
4166 653
4166 227
4166 7
4166 8
4167 1487
4167 115
4167 1975
4168 1200
4168 317
4168 115
4169 907
4169 2458
4169 140
4170 118
4170 1412
4170 140
4171 2975
4171 1335
4171 140
4172 900
4172 1492
4172 140
4173 3397
4173 854
4173 140
4174 1353
4174 140
4174 1778
4175 2349
4175 237
4175 140
4176 1495
4176 3206
4176 140
4177 2
4177 4
4177 966
4177 1509
4178 1505
4178 964
4178 2
4178 4
4179 2
4179 1503
4179 4
4179 971
4180 72
4180 2329
4180 2
4180 3534
4181 2
4181 464
4181 663
4181 72
4181 4
4182 2318
4182 72
4182 2
4182 178
4182 4
4183 4
4183 2
4183 1576
4183 1512
4184 4185
4184 2327
4184 2
4184 72
4186 2
4186 72
4186 1140
4186 1250
4187 2
4187 2418
4187 4
4187 1159
4188 12
4188 1057
4188 14
4188 394
4189 394
4189 1057
4189 402
4190 394
4190 70
4190 389
4190 14
4190 1579
4190 402
4190 68
4190 391
4191 394
4191 70
4191 1233
4191 1153
4191 389
4191 391
4191 402
4192 394
4192 70
4192 389
4192 3706
4192 14
4192 402
4192 68
4192 391
4193 391
4193 389
4193 394
4193 684
4193 402
4194 14
4194 394
4194 402
4194 1151
4195 958
4195 394
4195 402
4195 1151
4196 394
4196 70
4196 1004
4196 389
4196 14
4196 391
4196 402
4197 2280
4197 394
4197 1151
4198 389
4198 697
4198 2097
4198 391
4199 138
4199 1346
4199 3151
4199 135
4200 876
4200 394
4200 402
4200 1068
4201 2280
4201 14
4201 402
4202 138
4202 3426
4202 135
4202 2232
4203 14
4203 2294
4204 138
4204 135
4204 3151
4204 1349
4205 115
4205 912
4205 491
4205 135
4205 140
4206 764
4206 394
4206 1288
4206 391
4207 2649
4207 72
4207 483
4207 2
4208 138
4208 1998
4208 34
4208 826
4209 653
4209 163
4209 8
4209 7
4210 6
4210 351
4210 8
4210 9
4210 7
4211 351
4211 240
4212 323
4212 351
4213 232
4213 351
4214 6
4214 7
4214 8
4214 9
4214 859
4215 6
4215 7
4215 45
4215 8
4215 9
4216 351
4216 419
4217 254
4217 351
4218 341
4218 6
4218 7
4218 8
4218 9
4219 439
4219 6
4219 7
4219 8
4219 9
4220 653
4220 419
4220 8
4220 7
4221 653
4221 254
4221 7
4221 8
4222 50
4222 276
4222 8
4223 48
4223 276
4223 8
4224 65
4224 276
4224 8
4225 63
4225 276
4225 8
4226 276
4226 8
4226 61
4227 276
4227 8
4227 10
4228 276
4228 58
4228 8
4229 276
4229 56
4229 8
4230 276
4230 54
4230 8
4231 276
4231 52
4231 8
4232 424
4232 7
4232 152
4233 323
4233 7
4233 152
4234 254
4234 7
4234 152
4235 422
4235 7
4235 152
4236 163
4236 152
4236 7
4237 419
4237 152
4237 7
4238 48
4238 7
4238 152
4239 7
4239 152
4239 165
4240 63
4240 7
4240 152
4241 50
4241 7
4241 152
4242 7
4242 8
4242 34
4242 355
4242 9
4242 859
4243 7
4243 8
4243 34
4243 355
4243 9
4243 45
4244 7
4244 8
4244 34
4244 355
4244 9
4244 446
4245 7
4245 8
4245 34
4245 355
4245 9
4245 255
4246 7
4246 252
4246 8
4246 34
4246 355
4246 9
4247 7
4247 8
4247 34
4247 355
4247 9
4247 248
4248 46
4248 7
4248 8
4248 34
4248 355
4248 9
4249 438
4249 7
4249 8
4249 34
4249 355
4249 9
4250 7
4250 8
4250 34
4250 355
4250 9
4250 351
4251 352
4251 7
4251 8
4251 34
4251 355
4251 9
4252 7
4252 8
4252 34
4252 145
4252 276
4252 9
4253 357
4253 7
4253 8
4253 34
4253 145
4253 9
4254 7
4254 8
4254 34
4254 145
4254 9
4254 436
4255 394
4255 389
4255 2775
4255 1000
4255 402
4255 391
4256 3561
4256 389
4256 1000
4256 391
4257 389
4257 2097
4257 885
4257 391
4258 391
4258 389
4258 70
4258 2710
4258 225
4259 699
4259 389
4259 70
4259 391
4259 2091
4260 769
4260 394
4260 682
4260 391
4261 2290
4261 2143
4261 391
4262 389
4262 751
4262 391
4262 758
4263 3051
4263 389
4263 70
4263 391
4263 749
4264 389
4264 394
4264 1000
4264 391
4264 738
4265 7
4265 8
4265 34
4265 145
4265 9
4265 525
4266 449
4266 7
4266 8
4266 34
4266 145
4266 9
4267 7
4267 8
4267 34
4267 145
4267 9
4267 439
4268 255
4268 449
4269 446
4269 449
4270 6
4270 264
4270 8
4270 9
4270 7
4271 6
4271 7
4271 376
4271 9
4271 8
4272 6
4272 7
4272 247
4272 9
4272 8
4273 6
4273 7
4273 146
4273 9
4273 8
4274 29
4274 6
4274 7
4274 8
4274 9
4275 227
4275 6
4275 7
4275 8
4275 9
4276 6
4276 7
4276 102
4276 8
4276 9
4277 351
4277 61
4278 19
4278 22
4278 649
4278 511
4278 42
4279 182
4279 19
4279 410
4279 42
4280 351
4280 163
4281 19
4281 1312
4281 2023
4281 42
4282 19
4282 2321
4282 608
4282 42
4283 6
4283 252
4283 8
4283 9
4283 7
4284 1040
4284 587
4284 135
4285 37
4285 22
4285 117
4285 42
4285 19
4285 72
4285 36
4285 1612
4285 786
4286 37
4286 42
4286 19
4286 72
4286 36
4286 1612
4286 520
4287 37
4287 1670
4287 42
4287 19
4287 72
4287 36
4287 1822
4288 37
4288 334
4288 42
4288 19
4288 72
4288 36
4288 2
4288 318
4289 42
4289 82
4289 360
4290 37
4290 22
4290 309
4290 42
4290 19
4290 72
4290 36
4290 1612
4291 37
4291 360
4291 465
4291 42
4292 37
4292 360
4292 1624
4292 42
4293 1562
4293 7
4293 8
4293 29
4294 932
4294 68
4294 389
4294 391
4294 70
4294 1927
4295 29
4295 449
4296 254
4296 7
4296 9
4296 132
4296 8
4297 50
4297 7
4297 9
4297 132
4297 8
4298 117
4298 262
4298 314
4298 22
4299 519
4299 19
4299 1659
4299 42
4300 626
4300 70
4300 389
4300 1151
4300 335
4300 68
4301 4185
4301 36
4301 385
4301 37
4302 19
4302 42
4302 172
4302 843
4303 1797
4303 1229
4303 2
4303 72
4304 1876
4304 335
4304 2056
4304 4
4305 653
4305 48
4305 7
4305 8
4306 653
4306 7
4306 8
4306 165
4307 653
4307 7
4307 56
4307 8
4308 653
4308 7
4308 8
4308 61
4309 653
4309 7
4309 52
4309 8
4310 653
4310 7
4310 58
4310 8
4311 653
4311 63
4311 7
4311 8
4312 653
4312 50
4312 7
4312 8
4313 653
4313 7
4313 8
4313 10
4314 653
4314 65
4314 7
4314 8
4315 45
4315 436
4316 135
4316 274
4316 2106
4316 34
4316 140
4316 138
4317 135
4317 1393
4317 34
4317 278
4317 9
4317 138
4318 589
4318 138
4318 135
4318 121
4318 140
4319 248
4319 436
4320 138
4320 135
4320 27
4320 1244
4320 34
4321 2349
4321 145
4321 135
4321 138
4322 422
4322 436
4323 255
4323 436
4324 1129
4324 138
4324 135
4324 3206
4325 138
4325 1197
4325 1559
4325 135
4325 140
4326 65
4326 436
4327 1084
4327 138
4327 355
4327 135
4327 140
4328 138
4328 135
4328 140
4328 1046
4328 896
4329 114
4329 115
4329 22
4329 584
4329 135
4329 117
4329 140
4329 138
4329 360
4330 114
4330 115
4330 398
4330 135
4330 117
4330 140
4330 138
4330 896
4331 145
4331 135
4331 2513
4332 114
4332 115
4332 32
4332 2000
4332 140
4332 138
4332 135
4333 525
4333 276
4333 8
4334 276
4334 8
4334 436
4335 276
4335 357
4335 8
4336 231
4336 276
4336 8
4337 276
4337 148
4337 8
4338 276
4338 8
4338 449
4339 276
4339 434
4339 8
4340 276
4340 8
4340 711
4341 52
4341 7
4341 719
4341 8
4342 54
4342 719
4342 8
4342 7
4343 352
4343 135
4343 7
4343 235
4343 34
4343 8
4343 9
4343 138
4344 135
4344 7
4344 235
4344 34
4344 8
4344 9
4344 341
4344 138
4345 135
4345 7
4345 235
4345 34
4345 8
4345 9
4345 138
4345 255
4346 135
4346 7
4346 235
4346 34
4346 8
4346 9
4346 138
4346 351
4347 135
4347 7
4347 235
4347 34
4347 8
4347 9
4347 138
4347 45
4348 135
4348 7
4348 235
4348 34
4348 8
4348 9
4348 138
4348 446
4349 438
4349 135
4349 7
4349 235
4349 34
4349 8
4349 9
4349 138
4350 135
4350 7
4350 235
4350 34
4350 8
4350 9
4350 138
4350 859
4351 135
4351 7
4351 235
4351 34
4351 8
4351 9
4351 138
4351 439
4352 449
4352 135
4352 7
4352 235
4352 34
4352 8
4352 9
4352 138
4353 146
4353 1105
4353 8
4353 7
4354 264
4354 1105
4354 8
4354 7
4355 376
4355 1105
4355 8
4355 7
4356 1105
4356 102
4356 8
4356 7
4357 1105
4357 46
4357 8
4357 7
4358 1105
4358 8
4358 248
4358 7
4359 1105
4359 252
4359 8
4359 7
4360 247
4360 1105
4360 8
4360 7
4361 7
4361 26
4361 8
4361 826
4362 7
4362 1105
4362 8
4362 859
4363 438
4363 1105
4363 8
4363 7
4364 68
4364 335
4364 334
4364 688
4365 232
4365 7
4365 8
4365 34
4365 9
4365 138
4365 1637
4366 1913
4366 138
4366 1998
4366 34
4366 9
4367 29
4367 46
4368 46
4368 107
4369 46
4369 102
4370 376
4370 46
4371 232
4371 46
4372 46
4372 428
4373 46
4373 240
4374 227
4374 46
4375 264
4375 46
4376 146
4376 46
4377 29
4377 54
4378 29
4378 52
4379 1495
4379 115
4379 1964
4380 1192
4380 1959
4380 115
4381 115
4381 1190
4381 361
4382 115
4382 1740
4382 1046
4383 114
4383 1498
4383 1389
4384 227
4384 240
4385 114
4385 238
4385 193
4386 114
4386 317
4386 2229
4387 422
4387 227
4388 227
4388 424
4389 394
4389 389
4389 684
4389 391
4389 661
4389 402
4390 70
4390 2
4390 72
4390 335
4390 68
4390 94
4390 364
4390 4
4391 1252
4391 335
4391 2
4391 1229
4391 4
4392 1884
4392 335
4392 2
4392 1822
4392 4
4393 204
4393 72
4393 335
4393 475
4393 2
4393 4
4394 394
4394 389
4394 2525
4394 402
4394 756
4394 391
4395 394
4395 70
4395 389
4395 1144
4395 402
4395 661
4395 391
4396 2322
4396 335
4396 2336
4396 2
4396 4
4397 394
4397 696
4397 12
4397 389
4397 14
4397 402
4397 391
4398 394
4398 70
4398 389
4398 1146
4398 335
4398 402
4398 68
4398 661
4398 391
4399 1215
4399 2
4399 2799
4399 4
4400 72
4400 488
4400 2
4400 1211
4400 4
4401 115
4401 1335
4401 1089
4401 140
4402 2
4402 2658
4402 1576
4402 4
4403 2318
4403 1399
4403 2
4403 4
4404 52
4404 7
4404 8
4404 34
4404 355
4404 9
4405 151
4405 719
4405 9
4405 34
4406 2284
4406 693
4406 389
4406 70
4407 72
4407 1614
4407 178
4408 14
4408 547
4409 1293
4409 389
4409 394
4409 391
4409 691
4410 389
4410 693
4410 70
4410 1058
4411 1840
4411 7
4411 8
4411 34
4411 9
4411 436
4412 6
4412 7
4412 8
4412 9
4412 428
4413 6
4413 7
4413 9
4413 240
4413 8
4414 422
4414 6
4414 7
4414 8
4414 9
4415 424
4415 6
4415 7
4415 8
4415 9
4416 323
4416 6
4416 7
4416 8
4416 9
4417 232
4417 6
4417 7
4417 8
4417 9
4418 6
4418 7
4418 9
4418 165
4418 8
4419 6
4419 163
4419 8
4419 9
4419 7
4420 6
4420 419
4420 8
4420 9
4420 7
4421 6
4421 7
4421 254
4421 9
4421 8
4422 438
4422 7
4422 152
4423 7
4423 152
4423 859
4424 7
4424 45
4424 152
4425 7
4425 152
4425 446
4426 247
4426 7
4426 152
4427 252
4427 152
4427 7
4428 7
4428 152
4428 248
4429 7
4429 46
4429 152
4430 255
4430 7
4430 152
4431 351
4431 152
4431 7
4432 148
4432 822
4432 7
4433 7
4433 822
4433 711
4434 439
4434 7
4434 822
4435 7
4435 822
4435 449
4436 525
4436 7
4436 822
4437 231
4437 7
4437 822
4438 434
4438 7
4438 822
4439 7
4439 822
4439 436
4440 7
4440 822
4440 707
4441 276
4441 7
4441 822
4441 8
4442 536
4442 7
4442 152
4442 8
4443 653
4443 7
4443 8
4443 711
4444 653
4444 148
4444 8
4444 7
4445 653
4445 7
4445 8
4445 436
4446 653
4446 434
4446 7
4446 8
4447 653
4447 231
4447 7
4447 8
4448 653
4448 276
4448 7
4448 8
4449 653
4449 7
4449 8
4449 707
4450 8
4450 7
4450 9
4450 240
4450 1132
4451 419
4451 352
4452 254
4452 352
4453 352
4453 165
4454 163
4454 352
4455 50
4455 352
4456 48
4456 352
4457 1091
4457 117
4457 2225
4457 114
4458 2329
4458 38
4458 2
4458 72
4459 7
4459 8
4459 34
4459 355
4459 9
4459 428
4460 7
4460 419
4460 8
4460 9
4460 1132
4461 65
4461 61
4462 65
4462 56
4463 65
4463 58
4464 65
4464 52
4465 65
4465 54
4466 61
4466 10
4467 56
4467 10
4468 58
4468 10
4469 449
4469 8
4469 826
4470 63
4470 54
4471 65
4471 10
4472 439
4472 859
4473 2893
4473 135
4473 235
4473 34
4473 9
4473 138
4474 7
4474 8
4474 34
4474 145
4474 58
4474 9
4475 52
4475 7
4475 8
4475 34
4475 145
4475 9
4476 439
4476 351
4477 7
4477 8
4477 34
4477 145
4477 56
4477 9
4478 7
4478 8
4478 34
4478 145
4478 9
4478 65
4479 7
4479 8
4479 34
4479 145
4479 9
4479 10
4480 52
4480 449
4481 7
4481 8
4481 34
4481 145
4481 9
4481 63
4482 72
4482 2027
4482 1509
4483 363
4483 480
4483 72
4484 114
4484 2427
4484 22
4484 42
4484 19
4484 117
4484 511
4485 464
4485 72
4485 603
4486 560
4486 19
4486 117
4486 2194
4486 22
4487 72
4487 564
4487 615
4488 91
4488 72
4488 621
4489 37
4489 114
4489 86
4489 22
4489 42
4489 19
4489 117
4489 36
4489 1740
4490 422
4490 7
4490 8
4490 9
4490 1132
4491 72
4491 2658
4491 1824
4492 72
4492 3
4492 467
4493 37
4493 523
4493 42
4493 19
4493 36
4493 77
4494 37
4494 114
4494 115
4494 22
4494 2458
4494 42
4494 19
4494 117
4494 175
4495 2327
4495 1159
4495 2
4496 3607
4496 493
4496 2
4497 2
4497 502
4497 2419
4498 2
4498 606
4498 943
4499 254
4499 7
4499 8
4499 9
4499 1132
4500 9
4500 2889
4500 2241
4501 2336
4501 2
4501 2056
4502 1877
4502 2
4502 621
4503 603
4503 2
4503 3313
4504 323
4504 7
4504 8
4504 9
4504 1132
4505 424
4505 7
4505 8
4505 9
4505 1132
4506 276
4506 102
4506 8
4507 276
4507 107
4507 8
4508 29
4508 276
4508 8
4509 227
4509 276
4509 8
4510 276
4510 247
4510 8
4511 276
4511 146
4511 8
4512 276
4512 264
4512 8
4513 276
4513 376
4513 8
4514 276
4514 8
4514 248
4515 276
4515 252
4515 8
4516 439
4516 711
4517 240
4517 135
4517 7
4517 235
4517 34
4517 8
4517 9
4517 138
4518 227
4518 135
4518 7
4518 235
4518 34
4518 8
4518 9
4518 138
4519 135
4519 7
4519 235
4519 34
4519 8
4519 424
4519 9
4519 138
4520 135
4520 7
4520 235
4520 34
4520 8
4520 323
4520 9
4520 138
4521 232
4521 135
4521 7
4521 235
4521 34
4521 8
4521 9
4521 138
4522 135
4522 7
4522 235
4522 34
4522 8
4522 9
4522 428
4522 138
4523 163
4523 135
4523 7
4523 235
4523 34
4523 8
4523 9
4523 138
4524 135
4524 7
4524 235
4524 34
4524 8
4524 419
4524 9
4524 138
4525 135
4525 7
4525 235
4525 34
4525 8
4525 254
4525 9
4525 138
4526 135
4526 7
4526 235
4526 34
4526 8
4526 422
4526 9
4526 138
4527 711
4527 7
4527 8
4527 34
4527 9
4527 138
4527 1637
4528 148
4528 7
4528 8
4528 34
4528 9
4528 138
4528 1637
4529 7
4529 8
4529 34
4529 9
4529 138
4529 1637
4529 446
4530 7
4530 8
4530 34
4530 9
4530 138
4530 1637
4530 45
4531 1637
4531 7
4531 8
4531 34
4531 9
4531 138
4531 351
4532 7
4532 8
4532 34
4532 9
4532 138
4532 255
4532 1637
4533 7
4533 8
4533 34
4533 9
4533 341
4533 138
4533 1637
4534 352
4534 7
4534 8
4534 34
4534 9
4534 138
4534 1637
4535 449
4535 7
4535 8
4535 34
4535 9
4535 138
4535 1637
4536 7
4536 8
4536 34
4536 9
4536 138
4536 439
4536 1637
4537 232
4537 7
4537 8
4537 34
4537 355
4537 9
4538 7
4538 8
4538 34
4538 323
4538 355
4538 9
4539 48
4539 7
4539 8
4539 34
4539 355
4539 9
4540 50
4540 7
4540 8
4540 34
4540 355
4540 9
4541 163
4541 7
4541 8
4541 34
4541 355
4541 9
4542 165
4542 7
4542 8
4542 34
4542 355
4542 9
4543 7
4543 254
4543 34
4543 8
4543 355
4543 9
4544 7
4544 8
4544 34
4544 355
4544 419
4544 9
4545 7
4545 8
4545 34
4545 424
4545 355
4545 9
4546 7
4546 8
4546 34
4546 422
4546 355
4546 9
4547 117
4547 114
4547 941
4547 121
4548 48
4548 438
4549 438
4549 165
4550 438
4550 63
4551 438
4551 50
4552 438
4552 254
4553 422
4553 438
4554 438
4554 163
4555 438
4555 419
4556 438
4556 424
4557 323
4557 438
4558 227
4558 29
4559 54
4559 107
4560 422
4560 29
4561 424
4561 29
4562 29
4562 419
4563 29
4563 254
4564 29
4564 428
4565 29
4565 240
4566 323
4566 29
4567 232
4567 29
4568 1820
4568 36
4568 72
4568 335
4568 2322
4568 2
4568 4
4569 1159
4569 68
4569 219
4569 335
4569 2
4569 4
4570 2336
4570 2
4570 1929
4570 4
4571 2
4571 2336
4571 4
4571 1587
4572 1306
4572 2
4572 1512
4572 4
4573 519
4573 37
4573 1874
4573 72
4573 36
4573 2
4573 4
4574 1884
4574 2
4574 335
4574 4
4574 1509
4575 617
4575 222
4575 335
4575 2
4575 4
4576 72
4576 335
4576 477
4576 742
4576 2
4576 4
4577 335
4577 2
4577 74
4577 3706
4577 4
4578 58
4578 7
4578 354
4579 323
4579 419
4580 323
4580 254
4581 422
4581 323
4582 323
4582 424
4583 232
4583 54
4584 232
4584 52
4585 232
4585 58
4586 232
4586 56
4587 232
4587 61
4588 232
4588 10
4589 231
4589 536
4589 7
4589 8
4590 536
4590 7
4590 357
4590 8
4591 536
4591 7
4591 8
4591 449
4592 536
4592 148
4592 8
4592 7
4593 341
4593 536
4593 7
4593 8
4594 439
4594 536
4594 7
4594 8
4595 536
4595 7
4595 8
4595 436
4596 525
4596 536
4596 7
4596 8
4597 536
4597 7
4597 8
4597 711
4598 536
4598 7
4598 434
4598 8
4599 422
4599 7
4599 9
4599 132
4599 8
4600 653
4600 7
4600 8
4600 248
4601 54
4601 354
4601 7
4602 7
4602 719
4602 152
4602 8
4603 7
4603 1105
4603 152
4603 8
4604 7
4604 152
4604 357
4605 276
4605 7
4605 152
4605 8
4606 7
4606 152
4606 16
4607 537
4607 54
4607 7
4608 152
4608 7
4608 8
4608 34
4608 9
4608 138
4608 1637
4609 7
4609 26
4609 152
4610 537
4610 7
4610 52
4611 537
4611 7
4611 58
4612 247
4612 7
4612 822
4613 252
4613 822
4613 7
4614 7
4614 822
4614 240
4615 227
4615 7
4615 822
4616 29
4616 7
4616 822
4617 7
4617 822
4617 107
4618 7
4618 102
4618 822
4619 376
4619 7
4619 822
4620 264
4620 822
4620 7
4621 146
4621 7
4621 822
4622 335
4622 1014
4622 68
4622 3422
4623 65
4623 7
4623 9
4623 132
4623 8
4624 1874
4624 335
4624 68
4624 703
4625 255
4625 7
4625 133
4626 7
4626 351
4626 133
4627 48
4627 7
4627 9
4627 132
4627 8
4628 7
4628 352
4628 133
4629 341
4629 7
4629 133
4630 114
4630 1346
4630 262
4630 115
4630 140
4631 114
4631 115
4631 117
4631 1346
4631 140
4631 599
4632 114
4632 115
4632 22
4632 3397
4632 117
4632 360
4633 54
4633 58
4634 54
4634 52
4635 1326
4635 335
4635 2857
4636 254
4636 446
4637 335
4637 1587
4637 742
4638 335
4638 663
4638 1007
4639 1927
4639 335
4639 2799
4640 2322
4640 335
4640 2855
4641 215
4641 335
4641 964
4642 3214
4642 1880
4642 335
4643 335
4643 392
4643 3422
4644 335
4644 218
4644 1227
4645 114
4645 22
4645 1089
4645 117
4645 19
4645 177
4646 19
4646 42
4646 830
4646 3369
4647 252
4647 581
4647 8
4647 9
4647 7
4648 252
4648 7
4648 8
4648 34
4648 145
4648 9
4649 247
4649 7
4649 8
4649 34
4649 145
4649 9
4650 869
4650 394
4650 390
4650 402
4651 605
4651 488
4651 2
4651 72
4652 138
4652 135
4652 1761
4652 529
4653 317
4653 114
4653 117
4653 76
4654 7
4654 8
4654 34
4654 145
4654 107
4654 9
4655 29
4655 7
4655 8
4655 34
4655 145
4655 9
4656 614
4656 72
4656 488
4656 2
4657 415
4657 14
4657 12
4657 402
4658 224
4658 72
4658 335
4658 83
4658 2
4658 4
4659 97
4659 68
4659 72
4659 199
4659 335
4659 2
4659 4
4660 72
4660 2
4660 2345
4660 1566
4660 4
4661 1222
4661 4185
4661 72
4661 2
4662 1323
4662 72
4662 486
4662 2
4662 4
4663 2329
4663 486
4663 2
4663 72
4664 72
4664 2325
4664 2
4664 480
4665 2649
4665 72
4665 2
4665 494
4666 36
4666 37
4666 72
4666 2353
4666 1512
4667 424
4667 446
4668 7
4668 719
4668 9
4668 132
4668 8
4669 273
4669 574
4669 34
4670 2581
4670 132
4670 34
4671 3151
4671 34
4671 2241
4672 1621
4672 34
4672 2232
4673 589
4673 34
4673 279
4674 910
4674 34
4674 1247
4675 861
4675 34
4675 287
4676 1081
4676 893
4676 34
4677 149
4677 34
4677 827
4678 145
4678 34
4678 585
4679 7
4679 1105
4679 9
4679 132
4679 8
4680 9
4680 7
4680 357
4680 132
4680 8
4681 276
4681 7
4681 9
4681 132
4681 8
4682 1081
4682 7
4682 107
4682 9
4682 8
4683 1081
4683 7
4683 102
4683 8
4683 9
4684 227
4684 1081
4684 7
4684 8
4684 9
4685 29
4685 1081
4685 7
4685 8
4685 9
4686 1081
4686 7
4686 8
4686 9
4686 428
4687 1081
4687 7
4687 9
4687 240
4687 8
4688 323
4688 1081
4688 7
4688 8
4688 9
4689 232
4689 1081
4689 7
4689 8
4689 9
4690 422
4690 1081
4690 7
4690 8
4690 9
4691 424
4691 1081
4691 7
4691 8
4691 9
4692 1505
4692 4
4692 2
4692 1587
4693 1505
4693 2
4693 1929
4693 4
4694 630
4694 2
4694 1506
4694 4
4695 1508
4695 2
4695 967
4695 4
4696 1500
4696 72
4696 335
4696 1250
4696 2
4696 4
4697 2
4697 663
4697 606
4697 4
4698 37
4698 2023
4698 72
4698 1211
4698 36
4698 2
4698 4
4699 335
4699 1155
4699 3706
4699 4
4700 2
4700 1220
4700 1216
4700 72
4700 4
4701 395
4701 335
4701 68
4701 2419
4701 4
4702 148
4702 719
4702 8
4702 7
4703 7
4703 719
4703 8
4703 449
4704 7
4704 252
4704 8
4704 34
4704 9
4704 138
4704 1637
4705 45
4705 7
4705 719
4705 8
4706 7
4706 719
4706 8
4706 859
4707 255
4707 7
4707 719
4707 8
4708 7
4708 719
4708 446
4708 8
4709 7
4709 719
4709 8
4709 352
4710 351
4710 719
4710 8
4710 7
4711 439
4711 7
4711 719
4711 8
4712 341
4712 7
4712 719
4712 8
4713 19
4713 22
4713 831
4713 1972
4714 1913
4714 7
4714 107
4714 8
4715 7
4715 8
4715 34
4715 422
4715 9
4715 138
4715 1637
4716 37
4716 42
4716 19
4716 36
4716 1220
4716 600
4717 434
4717 7
4717 2081
4717 8
4718 255
4718 7
4718 1408
4718 8
4719 7
4719 1617
4719 248
4719 8
4720 7
4720 581
4720 9
4720 248
4720 8
4721 290
4721 7
4721 56
4721 8
4722 1562
4722 7
4722 56
4722 8
4723 1416
4723 255
4723 7
4723 8
4724 1419
4724 7
4724 8
4724 9
4724 439
4725 37
4725 22
4725 42
4725 19
4725 506
4725 195
4726 389
4726 221
4726 394
4726 391
4726 691
4727 227
4727 7
4727 8
4727 34
4727 9
4727 138
4727 1637
4728 240
4728 7
4728 8
4728 34
4728 9
4728 138
4728 1637
4729 7
4729 8
4729 34
4729 9
4729 428
4729 138
4729 1637
4730 2284
4730 389
4730 216
4730 70
4731 7
4731 8
4731 34
4731 323
4731 9
4731 138
4731 1637
4732 7
4732 8
4732 34
4732 424
4732 9
4732 138
4732 1637
4733 7
4733 8
4733 34
4733 422
4733 9
4733 138
4733 1637
4734 7
4734 8
4734 34
4734 254
4734 9
4734 138
4734 1637
4735 389
4735 1014
4735 70
4735 2282
4736 68
4736 630
4736 335
4736 748
4736 70
4736 2
4736 4
4737 7
4737 8
4737 34
4737 107
4737 9
4737 138
4737 1637
4738 7
4738 8
4738 34
4738 29
4738 9
4738 138
4738 1637
4739 6
4739 7
4739 26
4739 8
4739 9
4740 61
4740 859
4741 859
4741 10
4742 438
4742 247
4743 438
4743 252
4744 438
4744 248
4745 438
4745 46
4746 54
4746 859
4747 52
4747 859
4748 58
4748 859
4749 56
4749 859
4750 536
4750 7
4750 8
4750 16
4751 6
4751 7
4751 9
4751 16
4751 8
4752 7
4752 8
4752 16
4752 826
4753 48
4753 428
4754 165
4754 428
4755 163
4755 428
4756 419
4756 428
4757 254
4757 428
4758 422
4758 428
4759 424
4759 428
4760 323
4760 428
4761 232
4761 428
4762 54
4762 240
4763 255
4763 7
4763 8
4763 154
4764 6
4764 7
4764 152
4764 9
4764 8
4765 37
4765 1312
4765 42
4765 19
4765 72
4765 502
4765 36
4766 7
4766 446
4766 154
4766 8
4767 8
4767 7
4767 152
4767 826
4768 536
4768 7
4768 8
4768 428
4769 140
4769 816
4769 114
4769 115
4769 2000
4770 227
4770 536
4770 7
4770 8
4771 29
4771 536
4771 7
4771 8
4772 114
4772 115
4772 135
4772 1734
4772 117
4772 140
4772 658
4773 3397
4773 117
4773 114
4773 941
4773 115
4774 536
4774 7
4774 376
4774 8
4775 536
4775 264
4775 8
4775 7
4776 536
4776 7
4776 146
4776 8
4777 36
4777 79
4777 3534
4778 140
4778 1434
4778 114
4778 115
4778 2489
4779 114
4779 1389
4779 115
4779 819
4779 140
4780 4185
4780 36
4780 1381
4781 29
4781 537
4781 7
4782 537
4782 7
4782 107
4783 475
4783 36
4783 1624
4784 36
4784 2353
4784 94
4784 37
4785 363
4785 36
4785 72
4785 37
4785 843
4786 36
4786 563
4786 72
4786 334
4786 2
4787 36
4787 37
4787 1220
4787 311
4787 42
4788 180
4788 506
4788 36
4789 36
4789 481
4789 1824
4790 232
4790 537
4790 7
4791 36
4791 387
4791 83
4792 1883
4792 36
4792 1381
4793 36
4793 563
4793 86
4794 774
4794 394
4794 694
4794 391
4795 394
4795 547
4795 746
4796 394
4796 2053
4796 1847
4797 148
4797 8
4797 154
4797 7
4798 394
4798 2062
4798 3125
4799 394
4799 2312
4799 2864
4800 771
4800 394
4800 1063
4801 687
4801 2303
4801 394
4802 2290
4802 394
4802 1845
4803 936
4803 394
4803 679
4804 1055
4804 774
4804 394
4805 753
4805 394
4805 1057
4806 148
4806 165
4807 9
4807 7
4807 61
4807 132
4807 8
4808 7
4808 52
4808 9
4808 132
4808 8
4809 48
4809 148
4810 152
4810 7
4810 8
4810 34
4810 145
4810 9
4811 7
4811 54
4811 9
4811 132
4811 8
4812 438
4812 7
4812 8
4812 9
4812 1132
4813 26
4813 7
4813 8
4813 34
4813 145
4813 9
4814 16
4814 7
4814 8
4814 34
4814 145
4814 9
4815 7
4815 8
4815 34
4815 145
4815 719
4815 9
4816 148
4816 56
4817 351
4817 428
4818 221
4818 394
4818 70
4818 1773
4818 389
4818 391
4819 6
4819 7
4819 446
4819 9
4819 8
4820 6
4820 7
4820 255
4820 9
4820 8
4821 422
4821 351
4822 434
4822 7
4822 8
4822 34
4822 145
4822 9
4823 394
4823 12
4823 402
4823 685
4824 438
4824 6
4824 7
4824 8
4824 9
4825 7
4825 8
4825 34
4825 145
4825 9
4825 231
4826 180
4826 36
4826 830
4826 37
4827 227
4827 351
4828 37
4828 878
4828 42
4828 43
4829 29
4829 351
4830 37
4830 177
4830 465
4830 42
4831 394
4831 1067
4831 12
4831 14
4831 402
4831 391
4832 394
4832 389
4832 680
4832 12
4832 14
4832 391
4832 402
4833 36
4833 37
4833 1818
4833 89
4834 37
4834 1745
4834 399
4835 363
4835 36
4835 72
4835 838
4835 37
4836 549
4836 12
4836 402
4836 1298
4837 751
4837 12
4837 14
4837 394
4838 415
4838 14
4838 402
4839 3064
4839 389
4839 12
4839 14
4839 394
4839 391
4839 402
4840 394
4840 13
4840 553
4841 1612
4841 335
4841 336
4841 4
4842 12
4842 402
4842 1845
4843 549
4843 402
4843 1845
4844 37
4844 1225
4844 42
4844 72
4844 490
4844 36
4844 2
4845 37
4845 72
4845 2056
4845 36
4845 2
4845 511
4846 14
4846 12
4846 1847
4846 402
4847 549
4847 1847
4847 14
4847 402
4848 387
4848 204
4848 72
4848 335
4848 36
4848 2
4848 4
4849 70
4849 2
4849 2138
4849 72
4849 335
4849 36
4849 68
4849 364
4849 4
4850 37
4850 2016
4850 72
4850 2056
4850 36
4850 2
4851 72
4851 175
4851 2
4851 2419
4852 4
4852 1211
4852 3313
4853 3065
4853 2056
4853 4
4854 3061
4854 2325
4854 4
4855 620
4855 4
4855 2946
4856 602
4856 1508
4856 4
4857 1874
4857 3607
4857 4
4858 2855
4858 618
4858 4
4859 1326
4859 4
4859 1230
4860 602
4860 633
4860 4
4861 605
4861 666
4861 4
4862 336
4862 68
4862 744
4862 70
4863 130
4863 148
4863 7
4864 434
4864 7
4864 824
4865 224
4865 3064
4865 70
4865 68
4866 1663
4866 8
4866 1622
4867 281
4867 130
4867 8
4868 2672
4868 292
4868 8
4869 290
4869 1795
4869 8
4870 270
4870 1784
4870 8
4871 7
4871 26
4871 56
4872 285
4872 8
4872 818
4873 2040
4873 8
4873 826
4874 861
4874 9
4874 34
4874 2893
4875 58
4875 7
4875 26
4876 2178
4876 335
4876 2855
4876 68
4877 70
4877 389
4877 407
4877 335
4877 68
4877 605
4877 4
4878 577
4878 138
4878 34
4878 1342
4879 68
4879 335
4879 3064
4879 70
4879 3422
4880 36
4880 2721
4880 37
4880 1250
4881 36
4881 2721
4881 2345
4881 37
4882 37
4882 74
4882 42
4882 19
4882 72
4882 186
4882 36
4883 932
4883 70
4883 389
4883 2318
4883 335
4883 391
4883 68
4884 1211
4884 72
4884 178
4884 36
4884 2
4884 4
4885 1883
4885 2
4885 72
4885 1216
4885 4
4886 115
4886 135
4886 3091
4886 1998
4886 140
4887 890
4887 135
4887 906
4888 70
4888 335
4888 2418
4888 401
4888 68
4889 903
4889 135
4889 235
4890 135
4890 895
4890 907
4891 900
4891 912
4891 135
4892 37
4892 334
4892 72
4892 82
4892 36
4892 2
4893 2
4893 72
4893 470
4893 2799
4893 4
4894 865
4894 135
4894 1347
4895 135
4895 1761
4895 821
4896 1832
4896 135
4896 2513
4897 525
4897 434
4898 525
4898 711
4899 231
4899 54
4900 525
4900 436
4901 231
4901 58
4902 231
4902 52
4903 231
4903 61
4904 231
4904 56
4905 65
4905 231
4906 231
4906 10
4907 294
4907 913
4907 34
4908 264
4908 436
4909 1606
4909 114
4909 115
4909 1205
4910 1731
4910 114
4910 117
4910 3139
4911 389
4911 769
4911 394
4911 391
4911 758
4912 1406
4912 30
4912 34
4913 389
4913 2525
4913 394
4913 765
4913 391
4914 240
4914 436
4915 114
4915 115
4915 22
4915 1197
4915 177
4915 19
4915 117
4916 584
4916 34
4916 274
4917 117
4917 1498
4917 114
4917 360
4917 22
4918 1852
4918 582
4918 34
4919 1293
4919 389
4919 394
4919 391
4919 738
4920 107
4920 436
4921 394
4921 2781
4921 402
4921 762
4921 391
4922 1081
4922 7
4922 9
4922 711
4922 8
4923 1081
4923 7
4923 434
4923 9
4923 8
4924 102
4924 436
4925 571
4925 124
4925 34
4926 29
4926 436
4927 7
4927 719
4927 8
4927 240
4928 7
4928 719
4928 8
4928 428
4929 232
4929 7
4929 719
4929 8
4930 323
4930 7
4930 719
4930 8
4931 424
4931 7
4931 719
4931 8
4932 422
4932 7
4932 719
4932 8
4933 254
4933 7
4933 719
4933 8
4934 419
4934 719
4934 8
4934 7
4935 45
4935 7
4935 1117
4935 8
4935 9
4936 7
4936 1117
4936 8
4936 9
4936 859
4937 29
4937 7
4937 719
4937 8
4938 227
4938 7
4938 719
4938 8
4939 357
4939 135
4939 7
4939 235
4939 34
4939 8
4939 9
4939 138
4940 1081
4940 7
4940 235
4940 34
4940 8
4940 9
4940 138
4940 135
4941 163
4941 7
4941 8
4941 34
4941 145
4941 9
4942 54
4942 1117
4942 8
4942 9
4942 7
4943 7
4943 102
4943 9
4943 132
4943 8
4944 861
4944 7
4944 8
4944 34
4944 424
4944 9
4945 264
4945 707
4945 7
4946 376
4946 7
4946 707
4947 29
4947 7
4947 707
4948 227
4948 7
4948 707
4949 7
4949 102
4949 707
4950 7
4950 107
4950 707
4951 232
4951 7
4951 707
4952 323
4952 7
4952 707
4953 7
4953 240
4953 707
4954 7
4954 707
4954 428
4955 70
4955 1149
4955 207
4956 1012
4956 735
4956 70
4957 70
4957 1303
4957 202
4958 70
4958 1002
4958 690
4959 70
4959 1141
4959 758
4960 70
4960 1004
4960 2522
4961 70
4961 2516
4961 1010
4962 70
4962 2097
4962 2091
4963 70
4963 364
4963 210
4964 67
4964 70
4964 703
4965 227
4965 7
4965 354
4966 107
4966 859
4967 102
4967 859
4968 227
4968 859
4969 29
4969 859
4970 859
4970 428
4971 240
4971 859
4972 323
4972 859
4973 232
4973 859
4974 376
4974 859
4975 264
4975 859
4976 227
4976 54
4977 227
4977 52
4978 232
4978 240
4979 240
4979 428
4980 424
4980 240
4981 323
4981 240
4982 254
4982 240
4983 422
4983 240
4984 163
4984 240
4985 419
4985 240
4986 115
4986 1637
4986 1089
4986 140
4987 317
4987 114
4987 315
4988 1637
4988 1728
4988 140
4989 115
4989 1637
4989 1993
4989 140
4990 1076
4990 1836
4990 135
4990 115
4990 140
4991 114
4991 115
4991 398
4991 135
4991 279
4991 34
4991 117
4991 140
4991 138
4992 114
4992 115
4992 135
4992 268
4992 140
4992 895
4993 135
4993 140
4993 115
4993 1493
4993 827
4994 1993
4994 114
4994 786
4995 491
4995 114
4995 2197
4996 391
4996 14
4996 394
4996 402
4996 1923
4997 8
4997 9
4997 707
4997 17
4998 138
4998 1832
4998 1105
4998 9
4998 34
4999 1852
4999 127
4999 8
4999 9
5000 438
5000 7
5000 1117
5000 8
5000 9
5001 129
5001 537
5001 8
5001 9
5002 9
5002 1617
5002 34
5002 896
5003 355
5003 9
5003 34
5003 826
5004 149
5004 9
5004 16
5004 8
5005 9
5005 151
5005 822
5005 34
5005 8
5006 1913
5006 9
5006 893
5006 34
5007 1207
5007 115
5007 3100
5007 140
5008 115
5008 235
5008 998
5008 140
5009 48
5009 446
5010 446
5010 165
5011 63
5011 446
5012 50
5012 446
5013 446
5013 10
5014 65
5014 446
5015 56
5015 446
5016 117
5016 114
5016 22
5016 1423
5016 3869
5017 52
5017 446
5018 58
5018 446
5019 36
5019 1399
5019 72
5019 2138
5020 36
5020 2120
5020 1395
5020 37
5021 36
5021 37
5021 97
5021 1395
5022 37
5022 1395
5022 72
5022 1566
5022 36
5022 2
5022 4
5023 91
5023 522
5023 37
5023 36
5024 36
5024 37
5024 38
5024 24
5024 42
5025 37
5025 74
5025 24
5025 42
5025 72
5025 36
5026 37
5026 1215
5026 320
5026 42
5026 72
5026 36
5027 36
5027 37
5027 72
5027 502
5027 385
5028 36
5028 72
5028 493
5028 465
5029 394
5029 70
5029 389
5029 402
5029 391
5029 68
5029 661
5029 212
5030 135
5030 140
5030 1023
5030 1342
5031 424
5031 7
5031 8
5031 154
5032 135
5032 7
5032 235
5032 34
5032 8
5032 9
5032 138
5032 264
5033 730
5033 391
5033 1289
5034 1297
5034 553
5034 391
5035 705
5035 391
5035 749
5036 391
5036 2144
5036 1289
5037 1062
5037 2710
5037 391
5038 1057
5038 391
5038 2536
5039 751
5039 1253
5039 391
5040 1055
5040 2526
5040 391
5041 2284
5041 391
5041 1063
5042 1048
5042 1062
5042 391
5043 3745
5043 72
5043 1566
5043 36
5043 2
5043 4
5044 135
5044 7
5044 235
5044 34
5044 8
5044 102
5044 9
5044 138
5045 653
5045 7
5045 8
5045 352
5046 653
5046 341
5046 7
5046 8
5047 135
5047 7
5047 235
5047 34
5047 8
5047 9
5047 138
5047 248
5048 653
5048 439
5048 7
5048 8
5049 2
5049 72
5049 486
5049 1185
5050 653
5050 7
5050 8
5050 449
5051 1830
5051 7
5051 8
5051 34
5051 29
5051 9
5052 1628
5052 579
5052 9
5052 34
5053 351
5053 45
5054 351
5054 859
5055 56
5055 352
5056 58
5056 352
5057 52
5057 352
5058 54
5058 352
5059 3534
5059 2
5059 72
5059 1211
5059 4
5060 68
5060 219
5060 72
5060 335
5060 470
5060 2
5060 4
5061 72
5061 1143
5061 2
5061 1229
5062 1219
5062 1883
5062 72
5062 2
5063 2112
5063 36
5063 72
5063 1213
5063 2
5064 564
5064 72
5064 1140
5064 2
5065 3745
5065 204
5065 72
5065 335
5065 36
5065 2
5065 4
5066 409
5066 70
5066 2
5066 72
5066 335
5066 36
5066 68
5066 364
5066 4
5067 1753
5067 72
5067 4
5067 2
5067 3422
5068 1222
5068 72
5068 2
5068 1824
5069 574
5069 1807
5069 9
5070 577
5070 2081
5070 9
5071 129
5071 1562
5071 9
5072 2073
5072 9
5072 585
5073 630
5073 2
5073 1155
5074 1768
5074 9
5074 295
5075 9
5075 1559
5075 154
5076 281
5076 1117
5076 9
5077 1852
5077 536
5077 9
5078 1416
5078 9
5078 1132
5079 180
5079 72
5079 928
5080 72
5080 1824
5080 1503
5081 146
5081 7
5081 8
5081 814
5082 36
5082 2019
5082 72
5082 621
5083 2043
5083 9
5083 1247
5084 395
5084 1219
5084 335
5084 68
5084 4
5085 2893
5085 7
5085 107
5085 8
5086 117
5086 2819
5086 22
5086 196
5087 1842
5087 549
5087 14
5088 769
5088 394
5088 391
5088 2063
5089 1849
5089 394
5089 402
5089 1052
5090 389
5090 3171
5090 70
5090 213
5091 36
5091 412
5091 1159
5091 72
5092 37
5092 89
5092 72
5092 36
5092 1797
5092 2
5093 36
5093 1215
5093 72
5093 2138
5094 36
5094 72
5094 178
5094 624
5095 36
5095 1399
5095 72
5095 99
5096 36
5096 72
5096 2116
5096 43
5097 36
5097 1626
5097 72
5097 43
5098 517
5098 36
5098 72
5098 1512
5099 37
5099 836
5099 334
5099 72
5099 36
5099 2
5100 37
5100 385
5100 72
5100 3422
5100 36
5100 2
5100 4
5101 536
5101 7
5101 56
5101 8
5102 536
5102 7
5102 58
5102 8
5103 536
5103 7
5103 8
5103 10
5104 536
5104 7
5104 8
5104 61
5105 61
5105 7
5105 8
5105 34
5105 9
5105 138
5105 1637
5106 2043
5106 27
5106 9
5106 8
5107 536
5107 7
5107 52
5107 8
5108 536
5108 54
5108 8
5108 7
5109 63
5109 536
5109 7
5109 8
5110 65
5110 536
5110 7
5110 8
5111 438
5111 7
5111 133
5112 7
5112 859
5112 133
5113 7
5113 248
5113 133
5114 7
5114 46
5114 133
5115 7
5115 45
5115 133
5116 7
5116 446
5116 133
5117 7
5117 1117
5117 357
5117 9
5117 8
5118 231
5118 7
5118 1117
5118 8
5118 9
5119 525
5119 7
5119 1117
5119 8
5119 9
5120 7
5120 1117
5120 8
5120 9
5120 436
5121 7
5121 1117
5121 9
5121 16
5121 8
5122 26
5122 7
5122 1117
5122 8
5122 9
5123 7
5123 1117
5123 8
5123 9
5123 826
5124 536
5124 7
5124 1117
5124 8
5124 9
5125 7
5125 54
5125 8
5125 9
5125 1132
5126 7
5126 1117
5126 152
5126 9
5126 8
5127 114
5127 115
5127 813
5127 398
5127 135
5127 117
5127 140
5128 114
5128 115
5128 1237
5128 117
5128 140
5128 100
5129 1076
5129 1763
5129 135
5129 115
5129 140
5130 114
5130 115
5130 135
5130 142
5130 268
5130 140
5130 138
5131 1146
5131 4
5131 3313
5132 2181
5132 68
5132 70
5132 1211
5133 798
5133 117
5133 114
5133 121
5134 114
5134 299
5134 121
5135 4185
5135 68
5135 219
5135 72
5135 335
5135 2
5135 4
5136 68
5136 335
5136 205
5136 966
5137 221
5137 68
5137 1211
5138 70
5138 335
5138 2419
5138 68
5138 364
5138 4
5139 628
5139 335
5139 4
5139 742
5140 626
5140 335
5140 68
5140 225
5141 4
5141 335
5141 68
5141 2056
5141 405
5142 68
5142 389
5142 1151
5142 335
5142 2946
5142 70
5143 525
5143 7
5143 707
5144 7
5144 707
5144 436
5145 439
5145 7
5145 707
5146 341
5146 7
5146 707
5147 7
5147 352
5147 707
5148 351
5148 707
5148 7
5149 434
5149 7
5149 707
5150 7
5150 711
5150 707
5151 148
5151 707
5151 7
5152 7
5152 707
5152 449
5153 696
5153 68
5153 335
5153 1511
5153 70
5154 335
5154 68
5154 680
5154 1584
5154 70
5155 163
5155 26
5155 7
5156 7
5156 26
5156 165
5157 7
5157 26
5157 10
5158 7
5158 26
5158 61
5159 394
5159 70
5159 389
5159 68
5159 391
5159 1884
5159 870
5160 696
5160 1874
5160 335
5160 70
5160 68
5161 48
5161 7
5161 26
5162 50
5162 7
5162 26
5163 63
5163 7
5163 26
5164 65
5164 7
5164 26
5165 419
5165 45
5166 254
5166 45
5167 50
5167 45
5168 48
5168 45
5169 45
5169 165
5170 163
5170 45
5171 45
5171 61
5172 45
5172 10
5173 65
5173 45
5174 63
5174 45
5175 19
5175 800
5175 609
5175 22
5175 42
5176 798
5176 37
5176 22
5176 42
5176 19
5176 175
5177 114
5177 115
5177 22
5177 117
5177 5178
5177 1423
5179 19
5179 24
5179 22
5179 594
5180 19
5180 21
5180 22
5180 594
5181 114
5181 115
5181 22
5181 19
5181 117
5181 1425
5181 1023
5182 19
5182 177
5182 117
5182 22
5182 193
5183 114
5183 1493
5183 22
5183 42
5183 19
5183 117
5183 190
5184 22
5184 42
5184 19
5184 117
5184 95
5184 2217
5185 19
5185 941
5185 22
5185 2023
5185 42
5186 869
5186 549
5186 14
5187 798
5187 117
5187 114
5187 530
5188 114
5188 115
5188 612
5188 865
5188 117
5188 140
5189 114
5189 2194
5189 238
5190 114
5190 115
5190 22
5190 862
5190 116
5190 117
5190 140
5191 115
5191 117
5191 114
5191 237
5191 649
5192 309
5192 1478
5192 114
5192 117
5193 3091
5193 114
5193 299
5194 1093
5194 1074
5194 114
5195 114
5195 1482
5195 651
5196 2595
5196 114
5196 998
5197 653
5197 9
5197 568
5198 574
5198 9
5198 814
5199 577
5199 9
5199 1663
5200 1419
5200 9
5200 288
5201 1913
5201 27
5201 9
5202 290
5202 6
5202 9
5203 9
5203 2889
5203 282
5204 1628
5204 9
5204 287
5205 284
5205 292
5205 9
5206 9
5206 1630
5206 154
5207 587
5207 1483
5207 135
5207 140
5208 41
5208 39
5208 42
5209 42
5209 838
5209 1660
5210 542
5210 2023
5210 42
5211 42
5211 841
5211 839
5212 558
5212 3367
5212 42
5213 320
5213 561
5213 42
5214 500
5214 185
5214 42
5215 850
5215 800
5215 42
5216 545
5216 511
5216 42
5217 308
5217 385
5217 42
5218 264
5218 446
5219 146
5219 446
5220 247
5220 446
5221 252
5221 446
5222 29
5222 446
5223 107
5223 446
5224 102
5224 446
5225 376
5225 446
5226 446
5226 248
5227 46
5227 446
5228 7
5228 107
5228 154
5228 8
5229 231
5229 525
5230 115
5230 135
5230 3091
5230 813
5230 140
5231 231
5231 439
5232 1734
5232 1197
5232 114
5232 115
5232 117
5233 114
5233 117
5233 789
5233 100
5234 341
5234 231
5235 231
5235 434
5236 1731
5236 114
5236 117
5236 3198
5237 1076
5237 117
5237 114
5237 302
5237 22
5238 231
5238 711
5239 2181
5239 1067
5239 389
5240 389
5240 3171
5240 2243
5241 1745
5241 72
5241 666
5241 36
5241 2
5241 4
5242 389
5242 1000
5242 660
5243 389
5243 1253
5243 2097
5244 389
5244 960
5244 1053
5245 389
5245 1062
5245 2179
5246 2284
5246 389
5246 2522
5247 389
5247 680
5247 1058
5248 389
5248 407
5248 2516
5249 290
5249 7
5249 8
5249 711
5250 389
5250 744
5250 2526
5251 389
5251 748
5251 1289
5252 389
5252 960
5252 2781
5253 67
5253 389
5253 705
5254 389
5254 1235
5254 1297
5255 389
5255 1291
5255 1053
5256 389
5256 690
5256 682
5257 389
5257 1062
5257 2516
5258 389
5258 694
5258 1000
5259 389
5259 772
5259 2516
5260 376
5260 7
5260 30
5260 9
5260 8
5261 7
5261 102
5261 30
5261 9
5261 8
5262 146
5262 7
5262 30
5262 9
5262 8
5263 7
5263 264
5263 30
5263 9
5263 8
5264 227
5264 7
5264 30
5264 9
5264 8
5265 9
5265 7
5265 30
5265 240
5265 8
5266 8
5266 7
5266 30
5266 9
5266 107
5267 29
5267 7
5267 30
5267 9
5267 8
5268 7
5268 252
5268 30
5268 9
5268 8
5269 247
5269 7
5269 30
5269 9
5269 8
5270 12
5270 934
5271 549
5271 14
5271 1844
5272 771
5272 14
5272 12
5272 402
5273 12
5273 13
5273 14
5274 14
5274 549
5274 12
5274 2300
5275 1842
5275 549
5275 12
5276 12
5276 765
5276 14
5277 14
5277 12
5277 874
5278 2276
5278 549
5278 402
5279 14
5279 769
5279 12
5279 549
5279 402
5280 376
5280 7
5280 30
5280 9
5280 8
5281 19
5281 42
5281 192
5281 22
5281 190
5282 19
5282 800
5282 22
5282 76
5282 42
5283 37
5283 22
5283 612
5283 19
5283 42
5283 517
5284 522
5284 19
5284 1423
5284 42
5285 519
5285 19
5285 608
5285 42
5286 19
5286 172
5286 95
5286 42
5287 231
5287 7
5287 133
5288 525
5288 7
5288 133
5289 7
5289 436
5289 133
5290 434
5290 7
5290 133
5291 7
5291 711
5291 133
5292 7
5292 148
5292 133
5293 7
5293 449
5293 133
5294 439
5294 7
5294 133
5295 19
5295 42
5295 830
5295 520
5296 19
5296 836
5296 1423
5296 42
5297 19
5297 2262
5297 2085
5297 22
5298 522
5298 19
5298 42
5298 1604
5299 19
5299 3590
5299 22
5299 3111
5300 37
5300 412
5300 22
5300 42
5300 19
5300 2085
5301 19
5301 22
5301 2085
5301 2722
5302 19
5302 2321
5302 2085
5302 22
5302 42
5303 19
5303 183
5303 1240
5303 42
5304 37
5304 74
5304 42
5304 19
5304 72
5304 36
5304 1423
5305 114
5305 1731
5305 2225
5305 117
5306 115
5306 117
5306 114
5306 941
5306 1195
5307 36
5307 563
5307 3534
5308 630
5308 72
5308 473
5309 394
5309 389
5309 401
5309 14
5309 402
5309 391
5310 72
5310 94
5310 2658
5311 72
5311 967
5311 2027
5312 1612
5312 488
5312 72
5313 1505
5313 2120
5313 72
5314 72
5314 624
5314 1250
5315 72
5315 1515
5315 88
5316 1827
5316 72
5316 2333
5317 617
5317 72
5317 77
5318 117
5318 114
5318 1993
5318 22
5318 3369
5319 394
5319 391
5319 549
5319 12
5319 14
5319 402
5319 1053
5320 389
5320 68
5320 2533
5320 70
5320 392
5321 231
5321 449
5322 114
5322 115
5322 1972
5322 2489
5322 135
5322 140
5323 394
5323 1233
5323 3064
5323 389
5323 402
5323 391
5324 522
5324 36
5324 2333
5324 37
5325 587
5325 5178
5325 135
5325 140
5326 1320
5326 117
5326 114
5326 3100
5327 231
5327 352
5328 3214
5328 1827
5328 2
5328 4
5329 1849
5329 761
5329 394
5329 402
5329 391
5330 114
5330 115
5330 22
5330 117
5330 608
5330 1778
5331 617
5331 36
5331 72
5331 190
5332 37
5332 22
5332 2
5332 334
5332 42
5332 19
5332 72
5332 36
5332 192
5333 37
5333 22
5333 334
5333 42
5333 19
5333 36
5333 72
5333 195
5333 2
5334 37
5334 92
5334 72
5334 3422
5334 36
5334 2
5334 4
5335 37
5335 334
5335 42
5335 72
5335 496
5335 36
5335 2
5336 37
5336 42
5336 19
5336 72
5336 302
5336 36
5336 1822
5337 37
5337 42
5337 72
5337 509
5337 36
5337 1822
5338 37
5338 42
5338 19
5338 72
5338 3369
5338 36
5338 1612
5339 37
5339 543
5339 72
5339 36
5339 1797
5339 2
5340 231
5340 436
5341 231
5341 148
5342 114
5342 117
5342 312
5342 3869
5343 439
5343 61
5344 439
5344 56
5345 439
5345 58
5346 439
5346 52
5347 50
5347 439
5348 63
5348 439
5349 65
5349 439
5350 439
5350 10
5351 439
5351 165
5352 48
5352 439
5353 1081
5353 7
5353 58
5353 8
5353 9
5354 1081
5354 7
5354 56
5354 9
5354 8
5355 227
5355 7
5355 8
5355 9
5355 1132
5356 135
5356 1207
5356 1998
5357 419
5357 1105
5357 8
5357 7
5358 163
5358 1105
5358 8
5358 7
5359 65
5359 1105
5359 8
5359 7
5360 7
5360 1105
5360 8
5360 10
5361 1105
5361 8
5361 61
5361 7
5362 7
5362 1105
5362 56
5362 8
5363 1105
5363 8
5363 165
5363 7
5364 48
5364 1105
5364 8
5364 7
5365 50
5365 1105
5365 8
5365 7
5366 63
5366 1105
5366 8
5366 7
5367 422
5367 285
5367 8
5367 7
5368 424
5368 285
5368 8
5368 7
5369 323
5369 285
5369 8
5369 7
5370 232
5370 285
5370 8
5370 7
5371 285
5371 8
5371 165
5371 7
5372 163
5372 285
5372 8
5372 7
5373 180
5373 72
5373 2
5373 2799
5373 4
5374 1584
5374 1155
5374 4
5375 3065
5375 2079
5375 4
5376 3607
5376 2855
5376 4
5377 1326
5377 1143
5377 4
5378 626
5378 1225
5378 4
5379 3214
5379 1816
5379 4
5380 3061
5380 2327
5380 4
5381 3313
5381 4
5381 3422
5382 964
5382 1155
5382 4
5383 2040
5383 247
5383 7
5384 127
5384 7
5384 146
5385 438
5385 537
5385 7
5386 7
5386 143
5386 107
5387 7
5387 45
5387 1622
5388 323
5388 2043
5388 7
5389 1419
5389 7
5389 8
5389 9
5389 428
5390 434
5390 7
5390 136
5391 439
5391 7
5391 8
5391 295
5392 1105
5392 58
5392 8
5392 7
5393 68
5393 335
5393 748
5393 1222
5393 70
5393 4
5394 1235
5394 70
5394 1211
5394 68
5395 70
5395 696
5395 1877
5395 335
5395 68
5395 4
5396 755
5396 335
5396 1306
5396 70
5396 68
5397 3061
5397 335
5397 68
5397 401
5397 70
5398 68
5398 335
5398 70
5398 748
5398 1929
5399 394
5399 70
5399 389
5399 68
5399 1009
5399 391
5399 870
5400 696
5400 1508
5400 335
5400 70
5400 68
5401 932
5401 68
5401 389
5401 335
5401 1213
5401 391
5401 70
5401 4
5402 68
5402 696
5402 335
5402 2419
5402 70
5402 4
5403 1351
5403 114
5403 115
5403 117
5403 140
5403 599
5404 1208
5404 135
5404 5178
5404 140
5405 114
5405 115
5405 1972
5405 867
5405 135
5405 140
5406 115
5406 32
5406 140
5406 138
5406 491
5406 135
5407 138
5407 135
5407 3206
5407 2232
5408 903
5408 135
5408 646
5408 140
5409 903
5409 135
5409 974
5409 140
5410 138
5410 135
5410 898
5410 151
5411 904
5411 135
5411 537
5411 34
5411 8
5411 9
5411 138
5412 138
5412 135
5412 827
5412 1193
5413 2489
5413 135
5413 2699
5413 140
5414 138
5414 135
5414 235
5414 34
5414 585
5415 1076
5415 115
5415 30
5415 135
5415 34
5415 140
5415 138
5416 138
5416 904
5416 135
5416 132
5416 34
5417 138
5417 135
5417 1393
5417 34
5417 27
5418 816
5418 135
5418 34
5418 719
5418 9
5418 138
5419 138
5419 901
5419 34
5419 568
5420 590
5420 536
5420 9
5420 34
5420 138
5421 357
5421 135
5421 8
5421 34
5421 9
5421 140
5421 138
5421 121
5422 1081
5422 2106
5422 34
5422 140
5422 138
5422 135
5423 2893
5423 135
5423 34
5423 1244
5423 138
5424 545
5424 1395
5424 42
5425 19
5425 1677
5425 1660
5426 1425
5426 410
5426 42
5427 311
5427 2026
5427 42
5428 19
5428 1316
5428 186
5429 19
5429 2817
5429 839
5430 19
5430 509
5430 318
5431 19
5431 2819
5431 3111
5432 19
5432 3298
5432 490
5433 797
5433 1314
5433 19
5434 114
5434 3426
5434 1389
5434 115
5434 140
5435 231
5435 428
5436 114
5436 1417
5436 599
5436 115
5436 117
5437 227
5437 231
5438 231
5438 29
5439 114
5439 115
5439 1205
5439 196
5440 231
5440 102
5441 231
5441 376
5442 140
5442 1434
5442 114
5442 115
5442 1193
5443 140
5443 114
5443 1335
5443 115
5443 2000
5444 424
5444 255
5445 323
5445 255
5446 696
5446 2375
5446 389
5446 391
5447 1070
5447 68
5447 389
5447 335
5447 3065
5447 70
5448 1040
5448 115
5448 648
5448 140
5449 391
5449 389
5449 70
5449 885
5449 405
5450 389
5450 1002
5450 932
5450 70
5450 391
5451 389
5451 70
5451 2781
5451 1006
5452 389
5452 1050
5452 391
5452 755
5453 3561
5453 389
5453 2179
5453 391
5454 140
5454 2595
5454 1341
5454 115
5454 114
5455 2181
5455 389
5455 394
5455 391
5455 1298
5456 389
5456 2143
5456 391
5456 2312
5457 114
5457 115
5457 135
5457 117
5457 140
5457 645
5457 587
5458 114
5458 115
5458 907
5458 1972
5458 140
5459 3607
5459 1578
5459 4
5460 653
5460 7
5460 354
5460 8
5461 1081
5461 7
5461 354
5461 8
5461 9
5462 7
5462 354
5462 357
5463 7
5463 354
5463 133
5464 7
5464 354
5464 822
5465 115
5465 135
5465 901
5465 1493
5465 140
5466 276
5466 7
5466 354
5466 8
5467 7
5467 354
5467 707
5468 2649
5468 4
5468 971
5469 135
5469 7
5469 235
5469 34
5469 8
5469 54
5469 9
5469 138
5470 434
5470 7
5470 1344
5470 34
5470 8
5470 9
5470 138
5471 696
5471 70
5471 210
5472 202
5472 70
5472 758
5473 70
5473 744
5473 688
5474 1016
5474 755
5474 70
5475 70
5475 2097
5475 2792
5476 70
5476 748
5476 202
5477 1235
5477 70
5477 1021
5478 70
5478 1012
5478 401
5479 70
5479 207
5479 2522
5480 70
5480 2516
5480 1019
5481 9
5481 7
5481 30
5481 711
5481 8
5482 7
5482 148
5482 30
5482 9
5482 8
5483 8
5483 7
5483 30
5483 9
5483 449
5484 227
5484 449
5485 231
5485 7
5485 30
5485 9
5485 8
5486 525
5486 7
5486 30
5486 9
5486 8
5487 8
5487 7
5487 30
5487 9
5487 436
5488 434
5488 7
5488 30
5488 9
5488 8
5489 9
5489 7
5489 30
5489 707
5489 8
5490 7
5490 285
5490 30
5490 9
5490 8
5491 2280
5491 14
5491 12
5492 876
5492 549
5492 12
5493 391
5493 14
5493 394
5493 682
5493 402
5494 1048
5494 14
5494 394
5494 402
5495 14
5495 402
5495 2864
5496 394
5496 389
5496 14
5496 402
5496 403
5496 1303
5496 391
5497 394
5497 2062
5497 549
5497 12
5497 14
5497 402
5498 549
5498 934
5499 12
5499 661
5500 2276
5500 12
5500 402
5501 117
5501 1389
5501 22
5501 520
5502 63
5502 7
5502 9
5502 132
5502 8
5503 254
5503 449
5504 8
5504 7
5504 9
5504 132
5504 10
5505 7
5505 419
5505 9
5505 132
5505 8
5506 7
5506 163
5506 9
5506 132
5506 8
5507 9
5507 7
5507 165
5507 132
5507 8
5508 323
5508 449
5509 798
5509 117
5509 2000
5510 252
5510 52
5511 54
5511 252
5512 146
5512 247
5513 247
5513 264
5514 376
5514 247
5515 247
5515 102
5516 247
5516 107
5517 29
5517 247
5518 252
5518 56
5519 252
5519 58
5520 936
5520 402
5520 762
5521 765
5521 402
5521 1844
5522 37
5522 300
5522 42
5522 19
5522 83
5522 36
5523 19
5523 3367
5523 2817
5524 116
5524 19
5524 320
5525 41
5525 19
5525 1670
5526 19
5526 399
5526 3369
5527 19
5527 1677
5527 177
5528 389
5528 68
5528 2781
5528 70
5528 2946
5529 19
5529 523
5529 85
5530 19
5530 545
5530 300
5531 116
5531 19
5531 311
5532 115
5532 576
5532 135
5532 140
5532 138
5532 491
5533 436
5533 859
5534 438
5534 436
5535 46
5535 436
5536 231
5536 252
5537 138
5537 1840
5537 137
5537 135
5538 252
5538 436
5539 247
5539 436
5540 146
5540 436
5541 138
5541 135
5541 529
5541 1193
5542 446
5542 436
5543 1050
5543 14
5543 12
5543 402
5543 394
5544 394
5544 3561
5544 549
5544 12
5544 14
5544 402
5545 12
5545 549
5545 2053
5545 402
5545 394
5546 679
5546 394
5546 549
5546 12
5546 14
5546 402
5547 169
5547 335
5547 1506
5548 1323
5548 69
5548 335
5549 1326
5549 335
5549 1017
5550 335
5550 1576
5550 208
5551 224
5551 335
5551 2093
5552 1876
5552 335
5552 2799
5553 880
5553 335
5553 626
5554 335
5554 1579
5554 1506
5555 1009
5555 335
5555 966
5556 1500
5556 335
5556 1576
5557 65
5557 711
5558 711
5558 10
5559 50
5559 711
5560 63
5560 711
5561 58
5561 711
5562 52
5562 711
5563 711
5563 61
5564 56
5564 711
5565 711
5565 165
5566 48
5566 711
5567 7
5567 449
5567 8
5567 9
5567 1132
5568 439
5568 7
5568 8
5568 9
5568 1132
5569 252
5569 8
5569 154
5569 7
5570 7
5570 248
5570 154
5570 8
5571 146
5571 7
5571 8
5571 154
5572 247
5572 7
5572 8
5572 154
5573 376
5573 7
5573 8
5573 154
5574 264
5574 8
5574 154
5574 7
5575 7
5575 707
5575 10
5576 7
5576 61
5576 707
5577 7
5577 56
5577 707
5578 7
5578 58
5578 707
5579 7
5579 52
5579 707
5580 54
5580 707
5580 7
5581 7
5581 8
5581 34
5581 102
5581 9
5581 138
5581 1637
5582 3214
5582 2
5582 1822
5582 4
5583 6
5583 7
5583 107
5583 9
5583 8
5584 962
5584 7
5584 8
5584 859
5585 2
5585 335
5585 4
5585 212
5585 1512
5586 252
5586 352
5587 439
5587 146
5588 687
5588 2826
5588 394
5588 402
5589 48
5589 146
5590 146
5590 165
5591 63
5591 146
5592 50
5592 146
5593 254
5593 146
5594 422
5594 146
5595 146
5595 163
5596 146
5596 419
5597 424
5597 146
5598 323
5598 146
5599 135
5599 34
5599 276
5599 9
5599 140
5599 1084
5599 138
5600 904
5600 135
5600 536
5600 34
5600 9
5600 138
5601 281
5601 138
5601 1637
5601 9
5601 34
5602 7
5602 135
5602 252
5602 235
5602 34
5602 8
5602 9
5602 138
5603 1852
5603 135
5603 34
5603 140
5603 138
5603 1778
5604 114
5604 115
5604 398
5604 135
5604 34
5604 117
5604 138
5604 140
5604 271
5605 16
5605 135
5605 8
5605 34
5605 137
5605 9
5605 138
5606 115
5606 135
5606 998
5606 34
5606 140
5606 138
5606 287
5607 2073
5607 135
5607 34
5607 9
5607 138
5607 819
5608 9
5608 138
5608 34
5608 821
5608 814
5609 138
5609 1197
5609 567
5609 135
5609 140
5610 394
5610 70
5610 389
5610 765
5610 391
5610 1010
5611 115
5611 17
5611 135
5611 998
5611 34
5611 140
5611 138
5612 114
5612 115
5612 135
5612 912
5612 140
5612 651
5613 389
5613 394
5613 690
5613 391
5613 738
5614 394
5614 70
5614 389
5614 1153
5614 765
5614 391
5615 394
5615 70
5615 1773
5615 688
5615 389
5615 391
5616 2181
5616 753
5616 389
5616 394
5616 391
5617 1203
5617 969
5617 135
5617 140
5618 1944
5618 114
5618 115
5618 1972
5618 135
5618 140
5618 138
5619 394
5619 70
5619 1773
5619 389
5619 1252
5619 391
5619 68
5620 394
5620 70
5620 1773
5620 389
5620 1323
5620 335
5620 391
5620 68
5621 986
5621 22
5621 3139
5622 1320
5622 186
5622 22
5623 1944
5623 135
5623 138
5623 367
5623 140
5624 19
5624 3367
5624 1659
5625 1240
5625 22
5625 594
5626 309
5626 523
5626 22
5627 22
5627 300
5627 3139
5628 2990
5628 188
5628 22
5629 3132
5629 22
5629 3298
5630 1670
5630 3590
5630 22
5631 297
5631 798
5631 22
5632 48
5632 8
5632 826
5633 8
5633 165
5633 826
5634 52
5634 8
5634 826
5635 58
5635 8
5635 826
5636 8
5636 56
5636 826
5637 8
5637 61
5637 826
5638 438
5638 255
5639 65
5639 8
5639 826
5640 63
5640 8
5640 826
5641 255
5641 446
5642 138
5642 135
5642 3206
5642 582
5643 72
5643 1213
5643 2
5643 83
5644 351
5644 354
5644 7
5645 255
5645 7
5645 354
5646 7
5646 354
5646 859
5647 438
5647 7
5647 354
5648 7
5648 354
5648 446
5649 45
5649 7
5649 354
5650 252
5650 354
5650 7
5651 247
5651 7
5651 354
5652 46
5652 7
5652 354
5653 7
5653 354
5653 248
5654 1983
5654 138
5654 135
5654 1412
5655 72
5655 2336
5655 473
5656 439
5656 285
5656 8
5656 7
5657 341
5657 285
5657 8
5657 7
5658 438
5658 285
5658 8
5658 7
5659 285
5659 46
5659 8
5659 7
5660 285
5660 45
5660 8
5660 7
5661 7
5661 285
5661 8
5661 859
5662 255
5662 285
5662 8
5662 7
5663 7
5663 285
5663 446
5663 8
5664 285
5664 8
5664 352
5664 7
5665 351
5665 285
5665 8
5665 7
5666 135
5666 34
5666 865
5666 719
5666 9
5666 138
5667 2826
5667 14
5667 874
5668 958
5668 14
5669 247
5669 351
5670 14
5670 3125
5670 402
5671 14
5671 738
5672 730
5672 394
5672 14
5672 402
5673 415
5673 549
5673 14
5673 402
5674 1288
5674 402
5675 14
5675 1847
5675 402
5676 876
5676 14
5676 12
5677 876
5677 549
5677 14
5678 351
5678 248
5679 351
5679 107
5680 351
5680 102
5681 376
5681 351
5682 653
5682 252
5682 8
5682 7
5683 653
5683 247
5683 7
5683 8
5684 653
5684 146
5684 7
5684 8
5685 653
5685 264
5685 8
5685 7
5686 351
5686 46
5687 438
5687 351
5688 653
5688 7
5688 107
5688 8
5689 653
5689 29
5689 7
5689 8
5690 247
5690 165
5691 48
5691 247
5692 65
5692 247
5693 247
5693 10
5694 50
5694 247
5695 63
5695 247
5696 247
5696 58
5697 247
5697 52
5698 247
5698 61
5699 247
5699 56
5700 389
5700 70
5700 1157
5700 705
5701 389
5701 687
5701 1014
5701 70
5701 391
5702 389
5702 880
5702 2781
5702 70
5702 68
5703 389
5703 932
5703 70
5703 391
5703 210
5704 2322
5704 389
5704 70
5704 1289
5705 1070
5705 70
5705 389
5705 335
5705 3214
5705 68
5706 389
5706 694
5706 216
5706 70
5707 70
5707 389
5707 633
5707 335
5707 68
5707 682
5708 389
5708 219
5708 70
5708 1289
5709 389
5709 70
5709 1065
5709 213
5710 394
5710 746
5710 874
5711 439
5711 428
5712 389
5712 70
5712 2792
5712 1923
5713 232
5713 439
5714 7
5714 54
5714 1617
5714 8
5715 138
5715 816
5715 135
5715 282
5715 34
5716 323
5716 439
5717 115
5717 1498
5717 118
5718 2975
5718 115
5718 238
5719 1308
5719 335
5719 68
5719 2179
5719 70
5720 1797
5720 335
5720 3706
5720 4
5721 1192
5721 115
5721 998
5722 1482
5722 115
5722 1492
5723 1417
5723 115
5723 3869
5724 1486
5724 115
5724 5178
5725 115
5725 1959
5725 2699
5726 1157
5726 335
5726 68
5726 971
5727 1495
5727 115
5727 3091
5728 115
5728 1091
5728 1190
5729 376
5729 711
5730 102
5730 711
5731 107
5731 711
5732 29
5732 711
5733 252
5733 711
5734 247
5734 711
5735 146
5735 711
5736 264
5736 711
5737 26
5737 590
5737 8
5737 34
5737 9
5737 138
5738 537
5738 7
5738 8
5738 9
5738 1132
5739 46
5739 711
5740 711
5740 248
5741 8
5741 7
5741 9
5741 16
5741 1132
5742 7
5742 26
5742 8
5742 9
5742 1132
5743 537
5743 7
5743 1117
5743 8
5743 9
5744 8
5744 7
5744 152
5744 9
5744 1132
5745 7
5745 8
5745 154
5745 133
5746 422
5746 439
5747 231
5747 7
5747 8
5747 154
5748 285
5748 8
5748 154
5748 7
5749 7
5749 707
5749 154
5749 8
5750 7
5750 822
5750 154
5750 8
5751 7
5751 711
5751 154
5751 8
5752 434
5752 7
5752 8
5752 154
5753 7
5753 8
5753 154
5753 436
5754 525
5754 7
5754 8
5754 154
5755 36
5755 37
5755 1612
5755 72
5755 2500
5756 1207
5756 1190
5756 140
5757 1192
5757 140
5757 1237
5758 1198
5758 974
5758 140
5759 1335
5759 367
5759 140
5760 1483
5760 907
5760 140
5761 865
5761 1492
5761 140
5762 955
5762 819
5762 140
5763 1495
5763 1351
5763 140
5764 900
5764 1417
5764 140
5765 5178
5765 1412
5765 140
5766 439
5766 419
5767 439
5767 163
5768 2040
5768 145
5768 9
5768 34
5768 8
5769 446
5769 859
5770 438
5770 446
5771 36
5771 37
5771 800
5771 502
5771 72
5772 36
5772 849
5772 464
5772 37
5773 36
5773 37
5773 558
5773 1818
5774 37
5774 561
5774 602
5774 72
5774 36
5774 2
5775 37
5775 38
5775 42
5775 19
5775 36
5775 608
5776 36
5776 37
5776 1220
5776 3111
5776 42
5777 797
5777 36
5777 42
5777 470
5777 37
5778 37
5778 42
5778 560
5778 72
5778 1211
5778 36
5778 2
5778 4
5779 37
5779 523
5779 42
5779 19
5779 72
5779 1211
5779 36
5779 2
5779 4
5780 37
5780 22
5780 42
5780 19
5780 609
5780 36
5780 77
5781 255
5781 54
5782 536
5782 3153
5782 9
5782 34
5783 138
5783 816
5783 135
5783 287
5783 34
5784 45
5784 446
5785 1807
5785 135
5785 34
5785 865
5785 9
5785 138
5786 9
5786 962
5786 1998
5786 34
5786 138
5787 271
5787 34
5787 821
5787 138
5788 138
5788 1079
5788 34
5788 585
5789 138
5789 1347
5789 34
5789 585
5790 138
5790 1630
5790 3098
5790 34
5791 1763
5791 581
5791 34
5791 138
5792 1913
5792 9
5792 567
5792 34
5793 14
5793 394
5793 391
5793 1151
5794 389
5794 1235
5794 14
5794 394
5794 402
5795 394
5795 549
5795 12
5795 14
5795 402
5795 2533
5795 391
5796 14
5796 12
5796 402
5796 2144
5796 394
5797 394
5797 1067
5797 549
5797 12
5797 14
5797 391
5798 14
5798 12
5798 402
5798 736
5798 394
5799 394
5799 2540
5799 2300
5800 1842
5800 1071
5800 394
5800 402
5801 14
5801 12
5801 2710
5801 394
5801 402
5802 12
5802 549
5802 2540
5802 14
5802 394
5803 117
5803 2197
5803 609
5804 117
5804 196
5804 3198
5805 117
5805 3590
5805 193
5806 592
5806 1606
5806 117
5807 117
5807 1609
5807 1960
5808 117
5808 3132
5808 651
5809 195
5809 2595
5809 117
5810 304
5810 1389
5810 117
5811 1963
5811 1734
5811 117
5812 268
5812 312
5812 117
5813 255
5813 52
5814 255
5814 56
5815 323
5815 7
5815 354
5816 424
5816 7
5816 354
5817 7
5817 354
5817 165
5818 48
5818 7
5818 354
5819 50
5819 7
5819 354
5820 63
5820 7
5820 354
5821 422
5821 7
5821 354
5822 254
5822 7
5822 354
5823 419
5823 354
5823 7
5824 163
5824 354
5824 7
5825 65
5825 7
5825 30
5825 9
5825 8
5826 8
5826 7
5826 30
5826 9
5826 10
5827 9
5827 7
5827 30
5827 61
5827 8
5828 8
5828 7
5828 30
5828 9
5828 56
5829 7
5829 58
5829 30
5829 9
5829 8
5830 7
5830 52
5830 30
5830 9
5830 8
5831 7
5831 54
5831 30
5831 9
5831 8
5832 7
5832 285
5832 357
5832 8
5833 50
5833 7
5833 30
5833 9
5833 8
5834 63
5834 7
5834 30
5834 9
5834 8
5835 12
5835 402
5835 2864
5836 323
5836 227
5837 2826
5837 12
5838 394
5838 1063
5838 549
5838 12
5838 14
5838 402
5839 1855
5839 12
5840 1233
5840 12
5841 12
5841 403
5842 227
5842 232
5843 402
5843 549
5843 12
5843 14
5843 691
5844 958
5844 12
5845 227
5845 428
5846 1884
5846 389
5846 2533
5846 70
5846 68
5847 68
5847 218
5847 70
5847 2243
5848 231
5848 446
5849 114
5849 317
5849 2194
5850 1606
5850 114
5850 115
5850 1046
5851 227
5851 419
5852 231
5852 859
5853 227
5853 254
5854 338
5854 114
5854 115
5854 1778
5855 1963
5855 1489
5855 114
5856 231
5856 46
5857 114
5857 656
5857 1089
5858 114
5858 1203
5858 2229
5858 115
5859 255
5859 61
5860 231
5860 247
5861 133
5861 7
5861 8
5861 34
5861 355
5861 9
5862 424
5862 248
5863 422
5863 248
5864 7
5864 822
5864 133
5865 48
5865 248
5866 50
5866 248
5867 63
5867 248
5868 65
5868 248
5869 254
5869 248
5870 419
5870 248
5871 163
5871 248
5872 248
5872 165
5873 357
5873 7
5873 8
5873 34
5873 355
5873 9
5874 7
5874 357
5874 822
5875 7
5875 357
5875 133
5876 14
5876 402
5876 2864
5877 2280
5877 12
5877 402
5878 14
5878 394
5878 553
5879 14
5879 402
5879 1298
5880 14
5880 765
5880 402
5881 114
5881 115
5881 1336
5881 135
5881 140
5881 1389
5882 14
5882 403
5882 402
5882 394
5882 1068
5883 2290
5883 12
5883 14
5883 394
5883 402
5884 14
5884 12
5884 390
5884 394
5885 394
5885 12
5885 14
5885 391
5885 2781
5885 402
5886 231
5886 255
5887 72
5887 4
5887 2
5887 77
5887 3422
5888 389
5888 394
5888 700
5888 1773
5888 391
5889 394
5889 2097
5889 389
5889 12
5889 14
5889 402
5889 391
5890 394
5890 14
5890 1289
5890 391
5890 403
5890 402
5891 1070
5891 394
5891 402
5891 391
5892 37
5892 68
5892 219
5892 561
5892 72
5892 335
5892 36
5892 2
5892 4
5893 68
5893 335
5893 1614
5893 2
5893 1301
5893 4
5894 389
5894 394
5894 391
5894 1773
5894 2522
5895 68
5895 1141
5895 335
5895 3
5895 2
5895 4
5896 68
5896 1153
5896 617
5896 335
5896 2
5896 4
5897 932
5897 68
5897 389
5897 335
5897 391
5897 70
5897 4
5897 2
5897 1503
5898 68
5898 1215
5898 335
5898 748
5898 70
5898 2
5898 4
5899 68
5899 1141
5899 335
5899 2
5899 1822
5899 4
5900 68
5900 389
5900 1151
5900 335
5900 70
5900 2
5900 1512
5900 4
5901 70
5901 335
5901 1149
5901 615
5901 68
5901 2
5901 4
5902 68
5902 38
5902 1021
5902 72
5902 335
5902 2
5902 4
5903 36
5903 72
5903 2325
5903 2
5903 472
5904 36
5904 506
5904 72
5904 2
5904 2056
5905 48
5905 10
5906 48
5906 61
5907 7
5907 163
5907 8
5907 9
5907 1132
5908 50
5908 10
5909 50
5909 61
5910 63
5910 50
5911 65
5911 50
5912 48
5912 52
5913 48
5913 54
5914 48
5914 56
5915 48
5915 58
5916 7
5916 428
5916 8
5916 9
5916 1132
5917 232
5917 7
5917 8
5917 9
5917 1132
5918 419
5918 285
5918 8
5918 7
5919 254
5919 285
5919 8
5919 7
5920 7
5920 285
5920 8
5920 428
5921 285
5921 8
5921 240
5921 7
5922 140
5922 1335
5922 115
5922 1968
5923 2325
5923 335
5923 3706
5923 4
5924 72
5924 2325
5924 2
5924 3534
5925 2775
5925 14
5925 12
5926 904
5926 2081
5926 135
5926 34
5926 9
5926 138
5927 2
5927 2418
5927 1515
5927 4
5928 537
5928 1630
5928 9
5928 8
5929 576
5929 138
5929 135
5929 2699
5929 140
5930 9
5930 138
5930 2081
5930 34
5930 821
5931 9
5931 138
5931 1408
5931 1344
5931 34
5932 143
5932 590
5932 8
5932 34
5932 9
5932 138
5933 138
5933 1208
5933 9
5933 34
5933 1984
5934 232
5934 352
5935 537
5935 7
5935 8
5935 34
5935 145
5935 9
5936 352
5936 240
5937 352
5937 428
5938 1203
5938 587
5938 135
5938 140
5939 2489
5939 135
5939 237
5939 140
5940 114
5940 115
5940 1972
5940 135
5940 151
5940 140
5940 138
5941 3426
5941 140
5941 115
5941 3869
5942 904
5942 140
5942 115
5942 1968
5943 115
5943 140
5943 491
5943 2513
5944 1353
5944 114
5944 115
5944 196
5944 140
5945 587
5945 1023
5945 135
5945 140
5946 2348
5946 1341
5946 115
5946 140
5947 1040
5947 1074
5947 115
5947 140
5948 50
5948 434
5949 63
5949 434
5950 434
5950 54
5951 148
5951 711
5952 434
5952 58
5953 434
5953 52
5954 434
5954 61
5955 434
5955 56
5956 65
5956 434
5957 434
5957 10
5958 135
5958 7
5958 8
5958 34
5958 9
5958 231
5958 138
5958 819
5959 2893
5959 351
5959 8
5960 46
5960 7
5960 1117
5960 8
5960 9
5961 102
5961 7
5961 149
5961 8
5961 9
5962 52
5962 135
5962 7
5962 8
5962 34
5962 9
5962 140
5962 138
5962 121
5963 50
5963 7
5963 8
5963 9
5963 1132
5964 7
5964 859
5964 8
5964 9
5964 17
5965 1830
5965 7
5965 8
5965 34
5965 9
5965 146
5966 7
5966 8
5966 34
5966 145
5966 9
5966 341
5967 439
5967 7
5967 581
5967 8
5967 9
5968 232
5968 7
5968 26
5969 323
5969 7
5969 26
5970 7
5970 26
5970 240
5971 7
5971 26
5971 428
5972 254
5972 7
5972 26
5973 419
5973 26
5973 7
5974 424
5974 7
5974 26
5975 422
5975 7
5975 26
5976 29
5976 7
5976 26
5977 227
5977 7
5977 26
5978 2826
5978 549
5979 19
5979 506
5979 42
5979 515
5979 37
5980 36
5980 2013
5980 94
5980 37
5981 36
5981 37
5981 483
5981 92
5982 36
5982 37
5982 494
5982 190
5983 36
5983 37
5983 1220
5983 1425
5983 42
5984 797
5984 36
5984 38
5984 42
5984 37
5985 36
5985 37
5985 72
5985 511
5985 74
5986 37
5986 472
5986 399
5986 42
5987 37
5987 185
5987 72
5987 1211
5987 36
5987 2
5987 4
5988 182
5988 37
5988 42
5988 19
5988 43
5989 37
5989 3745
5989 3367
5989 42
5990 2847
5990 12
5990 14
5991 2775
5991 394
5991 402
5991 1052
5992 2296
5992 394
5992 402
5992 733
5993 2276
5993 730
5993 394
5994 415
5994 2375
5994 394
5995 394
5995 2540
5995 547
5996 870
5996 394
5996 1068
5997 389
5997 753
5997 394
5997 401
5997 391
5998 394
5998 1060
5998 402
5998 756
5998 391
5999 2826
5999 394
5999 14
5999 2312
5999 402
6000 394
6000 697
6000 2300
6000 402
6001 1606
6001 114
6001 3100
6002 1434
6002 1959
6002 114
6003 1959
6003 114
6003 1318
6004 114
6004 1091
6004 1960
6005 114
6005 1089
6005 497
6006 1486
6006 114
6006 2000
6007 2348
6007 114
6007 2200
6008 1486
6008 114
6008 2217
6009 114
6009 2197
6009 238
6010 114
6010 3091
6010 321
6011 174
6011 117
6011 530
6012 655
6012 117
6012 22
6012 530
6013 114
6013 115
6013 135
6013 1347
6013 1734
6013 117
6013 140
6014 114
6014 115
6014 22
6014 135
6014 1208
6014 117
6014 140
6014 360
6015 138
6015 2581
6015 895
6016 138
6016 1830
6016 1342
6017 1314
6017 117
6017 22
6017 530
6018 138
6018 273
6018 888
6019 138
6019 1079
6019 267
6020 909
6020 138
6020 861
6021 549
6021 12
6021 14
6021 396
6022 9
6022 7
6022 240
6022 132
6022 8
6023 247
6023 449
6024 29
6024 7
6024 9
6024 132
6024 8
6025 9
6025 7
6025 107
6025 132
6025 8
6026 424
6026 7
6026 9
6026 132
6026 8
6027 323
6027 7
6027 9
6027 132
6027 8
6028 232
6028 7
6028 9
6028 132
6028 8
6029 653
6029 7
6029 822
6029 8
6030 7
6030 8
6030 34
6030 355
6030 9
6030 653
6031 264
6031 449
6032 8
6032 352
6032 826
6033 341
6033 8
6033 826
6034 255
6034 8
6034 826
6035 351
6035 8
6035 826
6036 45
6036 8
6036 826
6037 8
6037 446
6037 826
6038 438
6038 8
6038 826
6039 859
6039 8
6039 826
6040 46
6040 449
6041 439
6041 8
6041 826
6042 438
6042 449
6043 335
6043 1
6043 68
6043 225
6044 1734
6044 117
6044 114
6044 530
6045 41
6045 19
6045 117
6045 2217
6045 22
6046 117
6046 2194
6046 2819
6046 22
6047 114
6047 117
6047 1496
6047 302
6047 22
6048 114
6048 117
6048 312
6048 3100
6049 1486
6049 304
6049 114
6049 117
6050 1312
6050 2197
6050 117
6050 22
6051 560
6051 1093
6051 117
6051 19
6051 22
6052 117
6052 656
6052 314
6052 22
6053 1606
6053 117
6053 22
6053 520
6054 68
6054 1021
6054 72
6054 335
6054 2
6054 1824
6054 4
6055 3061
6055 1157
6055 335
6055 68
6056 335
6056 1144
6056 68
6056 971
6057 38
6057 72
6057 335
6057 742
6057 2
6057 4
6058 68
6058 389
6058 1
6058 1151
6058 335
6058 70
6059 70
6059 389
6059 767
6059 335
6059 68
6059 663
6060 2318
6060 70
6060 335
6060 1149
6060 68
6061 70
6061 335
6061 68
6061 1216
6061 170
6062 1143
6062 335
6062 68
6062 1153
6062 4
6063 1508
6063 335
6063 68
6063 2792
6064 1884
6064 68
6064 70
6064 731
6065 70
6065 335
6065 2855
6065 364
6065 68
6066 97
6066 1500
6066 72
6066 335
6066 2
6066 4
6067 424
6067 252
6068 422
6068 252
6069 232
6069 252
6070 323
6070 252
6071 252
6071 240
6072 252
6072 428
6073 29
6073 252
6074 227
6074 252
6075 252
6075 102
6076 252
6076 107
6077 36
6077 387
6077 2345
6078 394
6078 2570
6078 402
6078 555
6079 394
6079 746
6079 402
6080 1855
6080 394
6080 740
6080 402
6081 870
6081 549
6081 12
6081 402
6082 394
6082 697
6082 2564
6082 402
6083 14
6083 872
6083 402
6084 2775
6084 394
6084 885
6084 402
6085 402
6085 738
6086 958
6086 394
6086 932
6086 402
6087 402
6087 1773
6088 351
6088 436
6089 352
6089 436
6090 341
6090 436
6091 138
6091 135
6091 571
6091 1428
6091 140
6092 436
6092 449
6093 148
6093 436
6094 711
6094 436
6095 434
6095 436
6096 525
6096 54
6097 138
6097 135
6097 140
6097 567
6097 1778
6098 19
6098 2225
6098 22
6098 490
6099 560
6099 19
6099 117
6099 262
6099 22
6100 8
6100 135
6100 7
6100 235
6100 34
6100 822
6100 9
6100 138
6101 352
6101 10
6102 1668
6102 135
6102 34
6102 137
6102 9
6102 138
6103 255
6103 351
6104 351
6104 446
6105 270
6105 142
6105 9
6105 34
6106 9
6106 32
6106 833
6106 34
6106 8
6107 135
6107 34
6107 290
6107 9
6107 140
6107 1084
6107 138
6108 135
6108 235
6108 34
6108 962
6108 9
6108 138
6109 9
6109 138
6109 1637
6109 33
6109 34
6110 1983
6110 9
6110 34
6110 288
6111 1093
6111 3397
6111 114
6111 115
6112 115
6112 120
6112 114
6112 2106
6113 1076
6113 115
6113 135
6113 140
6113 138
6113 529
6114 2513
6114 115
6114 1964
6115 592
6115 115
6115 117
6115 114
6115 1428
6116 114
6116 115
6116 22
6116 117
6116 19
6116 177
6116 339
6117 114
6117 115
6117 398
6117 1341
6117 117
6117 140
6118 114
6118 115
6118 1393
6118 100
6118 117
6118 140
6119 115
6119 1089
6119 235
6119 140
6120 114
6120 115
6120 22
6120 1195
6120 117
6120 360
6121 146
6121 434
6122 434
6122 264
6123 376
6123 434
6124 434
6124 102
6125 434
6125 107
6126 29
6126 434
6127 227
6127 434
6128 434
6128 240
6129 434
6129 252
6130 247
6130 434
6131 3426
6131 115
6131 3100
6131 140
6132 438
6132 45
6133 276
6133 7
6133 537
6133 8
6134 537
6134 7
6134 357
6135 537
6135 1105
6135 8
6135 7
6136 537
6136 7
6136 719
6136 8
6137 537
6137 7
6137 436
6138 537
6138 7
6138 434
6139 231
6139 537
6139 7
6140 525
6140 537
6140 7
6141 537
6141 7
6141 26
6142 537
6142 7
6142 8
6142 34
6142 9
6142 138
6142 1637
6143 232
6143 446
6144 1478
6144 114
6144 117
6144 3139
6145 415
6145 702
6145 394
6145 391
6146 36
6146 72
6146 493
6146 178
6147 630
6147 335
6147 2
6147 212
6147 4
6148 19
6148 86
6148 22
6148 37
6148 42
6148 592
6148 36
6149 2002
6149 135
6149 115
6149 2427
6149 140
6150 611
6150 117
6150 22
6150 321
6151 36
6151 37
6151 385
6151 494
6152 37
6152 22
6152 1434
6152 42
6152 19
6152 117
6152 175
6153 115
6153 117
6153 114
6153 5178
6153 612
6154 1515
6154 1308
6154 4
6155 22
6155 800
6155 42
6155 19
6155 117
6155 2194
6156 255
6156 7
6156 26
6157 7
6157 26
6157 446
6158 45
6158 7
6158 26
6159 7
6159 26
6159 859
6160 439
6160 7
6160 26
6161 341
6161 7
6161 26
6162 7
6162 26
6162 352
6163 351
6163 26
6163 7
6164 148
6164 26
6164 7
6165 7
6165 26
6165 449
6166 7
6166 58
6166 133
6167 7
6167 52
6167 133
6168 7
6168 54
6168 133
6169 7
6169 822
6169 34
6169 8
6169 355
6169 9
6170 65
6170 7
6170 133
6171 7
6171 10
6171 133
6172 7
6172 61
6172 133
6173 7
6173 56
6173 133
6174 50
6174 7
6174 133
6175 63
6175 7
6175 133
6176 36
6176 37
6176 2500
6176 1250
6177 36
6177 2721
6177 564
6177 37
6178 37
6178 1659
6178 42
6178 19
6178 72
6178 502
6178 36
6179 4185
6179 36
6179 92
6179 37
6180 560
6180 37
6180 478
6180 42
6181 37
6181 1397
6181 21
6181 42
6182 37
6182 22
6182 1381
6182 42
6182 19
6182 3198
6183 36
6183 37
6183 2345
6183 2500
6184 36
6184 37
6184 800
6184 494
6185 37
6185 42
6185 3745
6185 490
6186 394
6186 12
6186 14
6186 1065
6186 402
6186 391
6187 14
6187 394
6187 407
6187 402
6187 391
6188 699
6188 389
6188 70
6188 391
6188 1019
6189 389
6189 1157
6189 70
6189 746
6189 391
6190 68
6190 389
6190 390
6190 169
6190 391
6190 70
6191 1583
6191 394
6191 70
6191 389
6191 14
6191 391
6191 68
6191 403
6191 402
6192 394
6192 70
6192 389
6192 1157
6192 14
6192 391
6192 403
6192 402
6193 394
6193 2143
6193 402
6193 2305
6193 391
6194 389
6194 1927
6194 70
6194 2710
6194 391
6195 389
6195 70
6195 199
6195 390
6195 391
6196 376
6196 61
6197 376
6197 10
6198 376
6198 54
6199 376
6199 52
6200 376
6200 58
6201 376
6201 56
6202 102
6202 240
6203 227
6203 102
6204 29
6204 102
6205 102
6205 107
6206 140
6206 1434
6206 1761
6206 115
6206 114
6207 394
6207 389
6207 2143
6207 402
6207 661
6207 391
6208 114
6208 2200
6208 115
6208 1492
6209 1076
6209 117
6209 114
6209 2612
6210 1076
6210 114
6210 92
6210 22
6210 42
6210 19
6210 117
6211 1200
6211 338
6211 114
6211 115
6212 140
6212 1351
6212 262
6212 115
6212 114
6213 1320
6213 117
6213 114
6213 3869
6214 394
6214 12
6214 14
6214 391
6214 1289
6214 402
6215 14
6215 394
6215 402
6215 555
6216 114
6216 115
6216 497
6216 1728
6217 1074
6217 114
6217 117
6217 76
6218 2
6218 2336
6218 334
6219 335
6219 68
6219 2792
6219 3422
6220 41
6220 37
6220 3745
6220 42
6221 19
6221 1609
6221 22
6221 413
6221 42
6222 335
6222 68
6222 1301
6222 2946
6223 633
6223 335
6223 68
6223 1303
6223 70
6224 846
6224 195
6224 19
6224 22
6225 596
6225 1389
6225 117
6225 22
6226 3171
6226 394
6226 391
6226 396
6227 19
6227 2262
6227 304
6227 22
6228 114
6228 115
6228 2349
6228 117
6228 140
6228 599
6229 653
6229 7
6229 46
6229 8
6230 424
6230 56
6231 8
6231 240
6231 826
6232 227
6232 8
6232 826
6233 424
6233 8
6233 826
6234 323
6234 8
6234 826
6235 232
6235 8
6235 826
6236 428
6236 8
6236 826
6237 163
6237 8
6237 826
6238 419
6238 8
6238 826
6239 254
6239 8
6239 826
6240 422
6240 8
6240 826
6241 424
6241 449
6242 227
6242 341
6243 422
6243 449
6244 341
6244 240
6245 341
6245 107
6246 341
6246 29
6247 341
6247 146
6248 341
6248 264
6249 341
6249 252
6250 1320
6250 117
6250 114
6250 1740
6251 596
6251 786
6251 117
6251 22
6252 1974
6252 117
6252 597
6253 117
6253 2194
6253 2085
6254 20
6254 2194
6254 117
6255 117
6255 599
6255 193
6256 117
6256 2990
6256 497
6257 1963
6257 117
6257 594
6258 117
6258 2197
6258 649
6259 419
6259 449
6260 653
6260 422
6260 7
6260 8
6261 653
6261 424
6261 7
6261 8
6262 653
6262 323
6262 7
6262 8
6263 653
6263 232
6263 7
6263 8
6264 653
6264 7
6264 8
6264 428
6265 240
6265 449
6266 68
6266 2
6266 219
6266 335
6266 1515
6266 4
6267 70
6267 628
6267 335
6267 68
6267 364
6267 4
6268 201
6268 335
6268 1155
6268 4
6269 335
6269 4
6269 2419
6269 1007
6270 2329
6270 335
6270 212
6270 4
6271 363
6271 222
6271 335
6271 2
6271 4
6272 335
6272 3
6272 2
6272 3706
6272 4
6273 494
6273 72
6273 335
6273 2322
6273 2
6273 4
6274 2
6274 335
6274 4
6274 1614
6274 742
6275 1877
6275 4
6275 335
6275 68
6275 405
6276 232
6276 449
6277 449
6277 428
6278 424
6278 352
6279 861
6279 2672
6279 9
6279 34
6279 8
6280 37
6280 384
6280 42
6280 490
6281 424
6281 61
6282 65
6282 352
6283 424
6283 58
6284 424
6284 52
6285 424
6285 54
6286 422
6286 254
6287 422
6287 419
6288 422
6288 163
6289 54
6289 446
6290 65
6290 424
6291 424
6291 10
6292 2073
6292 357
6292 8
6293 2040
6293 33
6293 8
6294 1784
6294 8
6294 288
6295 123
6295 1807
6295 8
6296 653
6296 123
6296 8
6297 26
6297 8
6297 814
6298 8
6298 292
6298 1793
6299 930
6299 1105
6299 8
6300 281
6300 1784
6300 8
6301 26
6301 8
6301 1984
6302 63
6302 352
6303 45
6303 859
6304 890
6304 115
6304 2427
6304 140
6305 115
6305 1414
6305 1493
6305 140
6306 114
6306 115
6306 1245
6306 1778
6307 115
6307 338
6307 114
6307 2699
6308 114
6308 115
6308 1728
6308 651
6309 1040
6309 114
6309 115
6309 1972
6309 140
6310 1974
6310 1084
6310 114
6310 115
6311 114
6311 115
6311 862
6311 117
6311 140
6311 645
6312 114
6312 117
6312 599
6312 115
6312 955
6313 1731
6313 1761
6313 115
6313 140
6314 436
6314 10
6315 61
6315 436
6316 52
6316 436
6317 54
6317 436
6318 56
6318 436
6319 58
6319 436
6320 434
6320 449
6321 439
6321 434
6322 434
6322 711
6323 434
6323 148
