11174 23409
0 1
0 2
0 3
0 4
0 5
0 6
0 7
0 8
0 9
0 10
0 11
0 12
0 13
0 14
0 15
0 16
0 17
0 18
0 19
0 20
0 21
0 22
0 23
0 24
0 25
0 26
0 27
0 28
0 29
0 30
0 31
0 32
0 33
0 34
0 35
0 36
0 37
0 38
0 39
0 40
0 41
0 42
0 43
0 44
0 45
0 46
0 47
0 48
0 49
0 50
0 51
0 52
0 53
0 54
0 55
0 56
0 57
0 58
0 59
0 60
0 61
0 62
0 63
0 64
0 65
0 66
0 67
0 68
0 69
0 70
0 71
0 72
0 73
0 74
0 75
0 76
0 77
0 78
0 79
0 80
0 81
0 82
0 83
0 84
0 85
0 86
0 87
0 88
0 89
0 90
0 91
0 92
0 93
0 94
0 95
0 96
0 97
0 98
0 99
0 100
0 101
0 102
0 103
0 104
0 105
0 106
0 107
0 108
0 109
0 110
0 111
0 112
0 113
0 114
0 115
0 116
0 117
0 118
0 119
0 120
0 121
0 122
0 123
0 124
0 125
0 126
0 127
0 128
0 129
0 130
0 131
0 132
0 133
0 134
0 135
0 136
0 137
0 138
0 139
0 140
0 141
0 142
0 143
0 144
0 145
0 146
0 147
0 148
0 149
0 150
0 151
0 152
0 153
0 154
0 155
0 156
0 157
0 158
0 159
0 160
0 161
0 162
0 163
0 164
0 165
0 166
0 167
0 168
0 169
0 170
0 171
0 172
0 173
0 174
0 175
0 176
0 177
0 178
0 179
0 180
0 181
0 182
0 183
0 184
0 185
0 186
0 187
0 188
0 189
0 190
0 191
0 192
0 193
0 194
0 195
0 196
0 197
0 198
0 199
0 200
0 201
0 202
0 203
0 204
0 205
0 206
0 207
0 208
0 209
0 210
0 211
0 212
0 213
0 214
0 215
0 216
0 217
0 218
0 219
0 220
0 221
0 222
0 223
0 224
0 225
0 226
0 227
0 228
0 229
0 230
0 231
0 232
0 233
0 234
0 235
0 236
0 237
0 238
0 239
0 240
0 241
0 242
0 243
0 244
0 245
0 246
0 247
0 248
0 249
0 250
0 251
0 252
0 253
0 254
0 255
0 256
0 257
0 258
0 259
0 260
0 261
0 262
0 263
0 264
0 265
0 266
0 267
0 268
0 269
0 270
0 271
0 272
0 273
0 274
0 275
0 276
0 277
0 278
0 279
0 280
0 281
0 282
0 283
0 284
0 285
0 286
0 287
0 288
0 289
0 290
0 291
0 292
0 293
0 294
0 295
0 296
0 297
0 298
0 299
0 300
0 301
0 302
0 303
0 304
0 305
0 306
0 307
0 308
0 309
0 310
0 311
0 312
0 313
0 314
0 315
0 316
0 317
0 318
0 319
0 320
0 321
0 322
0 323
0 324
0 325
0 326
0 327
0 328
0 329
0 330
0 331
0 332
0 333
0 334
0 335
0 336
0 337
0 338
0 339
0 340
0 341
0 342
0 343
0 344
0 345
0 346
0 347
0 348
0 349
0 350
0 351
0 352
0 353
0 354
0 355
0 356
0 357
0 358
0 359
0 360
0 361
0 362
0 363
0 364
0 365
0 366
0 367
0 368
0 369
0 370
0 371
0 372
0 373
0 374
0 375
0 376
0 377
0 378
0 379
0 380
0 381
0 382
0 383
0 384
0 385
0 386
0 387
0 388
0 389
0 390
0 391
0 392
0 393
0 394
0 395
0 396
0 397
0 398
0 399
0 400
0 401
0 402
0 403
0 404
0 405
0 406
0 407
0 408
0 409
0 410
0 411
0 412
0 413
0 414
0 415
0 416
0 417
0 418
0 419
0 420
0 421
0 422
0 423
0 424
0 425
0 426
0 427
0 428
0 429
0 430
0 431
0 432
0 433
0 434
0 435
0 436
0 437
0 438
0 439
0 440
0 441
0 442
0 443
0 444
0 445
0 446
0 447
0 448
0 449
0 450
0 451
0 452
0 453
0 454
0 455
0 456
0 457
0 458
0 459
0 460
0 461
0 462
0 463
0 464
0 465
0 466
0 467
0 468
0 469
0 470
0 471
0 472
0 473
0 474
0 475
0 476
0 477
0 478
0 479
0 480
0 481
0 482
0 483
0 484
0 485
0 486
0 487
0 488
0 489
0 490
0 491
0 492
0 493
0 494
0 495
0 496
0 497
0 498
0 499
0 500
0 501
0 502
0 503
0 504
0 505
0 506
0 507
0 508
0 509
0 510
0 511
0 512
0 513
0 514
0 515
0 516
0 517
0 518
0 519
0 520
0 521
0 522
0 523
0 524
0 525
0 526
0 527
0 528
0 529
0 530
0 531
0 532
0 533
0 534
0 535
0 536
0 537
0 538
0 539
0 540
0 541
0 542
0 543
0 544
0 545
0 546
0 547
0 548
0 549
0 550
0 551
0 552
0 553
0 554
0 555
0 556
0 557
0 558
0 559
0 560
0 561
0 562
0 563
0 564
0 565
566 567
1 26
1 568
569 570
571 31
571 38
571 572
571 84
573 574
575 63
575 576
577 578
579 580
581 582
581 583
581 584
585 586
585 197
587 582
587 583
587 584
587 588
589 26
590 31
590 591
592 593
592 591
594 582
594 583
594 84
594 584
595 596
595 597
595 197
598 27
598 599
598 600
598 295
598 591
601 602
603 582
603 583
603 584
604 21
604 605
606 568
607 22
607 570
2 7
2 61
2 608
2 609
2 117
2 610
2 611
2 612
2 602
613 31
613 61
613 63
613 608
613 117
613 164
614 102
614 591
615 616
615 197
3 26
3 617
3 63
3 70
3 117
3 164
3 295
618 27
619 26
619 583
620 26
621 582
621 187
621 189
622 570
4 197
4 415
623 31
624 26
624 78
625 570
626 627
628 629
628 630
628 100
628 126
628 631
628 632
628 591
633 26
633 52
633 88
633 295
633 591
634 26
6 582
6 605
7 16
7 31
7 635
7 636
7 189
7 637
638 639
638 640
638 641
642 643
644 645
644 646
644 163
647 55
647 648
649 31
650 21
650 31
650 38
650 651
650 591
650 652
650 653
654 197
655 616
655 197
656 189
656 657
658 582
658 63
658 189
8 659
8 197
9 31
660 582
660 584
661 662
663 582
664 665
666 667
643 31
643 38
643 63
643 668
643 189
643 197
643 669
643 670
643 671
643 591
643 672
643 673
643 674
643 675
643 676
643 677
678 38
678 605
10 26
10 679
10 61
10 63
10 84
10 588
10 295
10 591
680 100
680 591
680 681
11 31
11 682
11 683
11 38
11 45
11 53
11 189
684 21
684 568
685 85
686 38
686 189
687 31
687 126
687 189
688 22
688 27
688 570
689 570
690 691
690 197
692 693
692 694
692 695
692 696
12 31
13 31
13 189
582 697
582 698
582 26
582 31
582 659
582 679
582 699
582 700
582 701
582 580
582 702
582 703
582 704
582 705
582 584
582 706
582 707
582 708
582 578
582 709
582 631
582 710
582 648
582 182
582 711
582 295
582 605
582 591
582 712
582 713
582 714
582 715
716 197
717 683
717 718
717 719
717 720
717 721
717 722
717 640
717 723
717 724
14 31
14 38
725 29
725 726
15 21
15 26
15 295
15 591
727 728
727 189
729 85
730 731
730 54
730 122
730 732
16 21
16 733
16 734
16 31
16 682
16 735
16 38
16 736
16 737
16 45
16 48
16 738
16 739
16 740
16 741
16 59
16 61
16 63
16 74
16 742
16 84
16 85
16 91
16 743
16 744
16 721
16 107
16 745
16 117
16 746
16 747
16 748
16 138
16 749
16 750
16 751
16 752
16 753
16 754
16 755
16 163
16 756
16 171
16 180
16 757
16 758
16 189
16 759
16 760
16 761
16 762
16 763
16 764
16 765
16 255
16 766
16 767
16 768
16 256
16 769
16 260
16 770
16 771
16 772
16 773
16 774
16 775
16 776
16 777
16 778
16 779
16 780
16 781
16 782
16 783
16 784
16 785
16 786
16 787
16 788
16 789
16 790
16 791
16 792
16 793
16 794
16 795
16 796
16 797
16 798
16 799
16 800
16 801
16 802
16 803
16 804
16 805
16 806
16 807
16 808
16 809
16 810
16 811
16 812
16 813
16 814
16 815
16 816
16 817
16 818
16 819
16 820
16 821
16 822
16 823
16 824
16 825
16 826
16 827
16 828
16 829
16 830
16 831
16 832
16 833
16 834
16 835
16 836
16 837
16 838
16 839
16 840
16 841
16 842
16 498
16 843
16 844
16 845
16 846
16 504
16 847
16 848
16 849
16 850
16 851
16 852
16 853
16 854
16 521
16 855
16 856
16 857
16 858
16 859
16 860
16 861
16 862
16 863
16 864
16 865
16 866
16 867
16 868
16 869
16 870
16 871
16 872
16 873
16 874
16 875
16 876
16 877
16 878
16 879
16 880
16 881
16 882
16 883
884 197
885 605
886 26
886 85
697 887
697 591
697 681
698 26
698 888
698 737
698 889
698 890
698 570
698 591
891 189
18 31
18 892
18 893
18 894
18 895
18 896
18 897
18 898
18 899
18 900
18 901
19 902
19 903
20 904
905 187
906 659
21 907
21 733
21 26
21 27
21 908
21 909
21 910
21 29
21 31
21 911
21 38
21 912
21 42
21 580
21 913
21 914
21 46
21 915
21 916
21 917
21 918
21 919
21 53
21 920
21 55
21 56
21 921
21 59
21 922
21 923
21 61
21 63
21 924
21 925
21 926
21 70
21 72
21 74
21 78
21 80
21 84
21 608
21 85
21 89
21 927
21 928
21 929
21 102
21 930
21 104
21 931
21 932
21 933
21 107
21 934
21 114
21 935
21 119
21 120
21 936
21 937
21 938
21 126
21 939
21 578
21 133
21 135
21 940
21 941
21 942
21 138
21 943
21 944
21 945
21 946
21 947
21 145
21 948
21 949
21 950
21 147
21 951
21 150
21 952
21 953
21 156
21 158
21 954
21 610
21 955
21 163
21 164
21 956
21 957
21 958
21 959
21 960
21 176
21 961
21 962
21 963
21 964
21 965
21 593
21 966
21 967
21 968
21 969
21 970
21 971
21 187
21 188
21 189
21 972
21 190
21 973
21 974
21 975
21 193
21 197
21 976
21 200
21 201
21 205
21 977
21 217
21 221
21 222
21 978
21 979
21 980
21 981
21 982
21 229
21 983
21 238
21 239
21 984
21 985
21 986
21 987
21 245
21 246
21 247
21 248
21 253
21 988
21 989
21 990
21 991
21 992
21 993
21 994
21 995
21 996
21 997
21 568
21 998
21 999
21 1000
21 1001
21 292
21 1002
21 1003
21 1004
21 1005
21 1006
21 1007
21 303
21 304
21 305
21 306
21 307
21 1008
21 1009
21 1010
21 1011
21 1012
21 1013
21 1014
21 320
21 321
21 322
21 323
21 1015
21 1016
21 1017
21 1018
21 1019
21 1020
21 1021
21 337
21 570
21 602
21 1022
21 1023
21 1024
21 341
21 1025
21 1026
21 1027
21 1028
21 1029
21 1030
21 1031
21 1032
21 1033
21 356
21 357
21 358
21 1034
21 1035
21 1036
21 1037
21 1038
21 1039
21 1040
21 1041
21 1042
21 1043
21 1044
21 1045
21 1046
21 1047
21 1048
21 1049
21 378
21 380
21 381
21 384
21 1050
21 1051
21 1052
21 1053
21 799
21 1054
21 1055
21 1056
21 1057
21 1058
21 1059
21 1060
21 1061
21 1062
21 1063
21 1064
21 1065
21 1066
21 1067
21 398
21 1068
21 1069
21 1070
21 1071
21 1072
21 1073
21 401
21 402
21 403
21 404
21 406
21 407
21 408
21 409
21 410
21 411
21 412
21 1074
21 414
21 1075
21 1076
21 1077
21 1078
21 1079
21 1080
21 1081
21 1082
21 421
21 1083
21 1084
21 1085
21 1086
21 1087
21 1088
21 1089
21 1090
21 1091
21 1092
21 1093
21 1094
21 1095
21 1096
21 1097
21 1098
21 1099
21 1100
21 1101
21 1102
21 1103
21 814
21 1104
21 1105
21 1106
21 1107
21 1108
21 1109
21 1110
21 1111
21 1112
21 1113
21 1114
21 1115
21 1116
21 1117
21 1118
21 1119
21 1120
21 652
21 1121
21 1122
21 1123
21 1124
21 1125
21 1126
21 1127
21 1128
21 1129
21 1130
21 1131
21 1132
21 1133
21 1134
21 1135
21 1136
21 448
21 1137
21 1138
21 1139
21 1140
21 1141
21 1142
21 1143
21 1144
21 1145
21 1146
21 1147
21 1148
21 1149
21 1150
21 1151
21 1152
21 1153
21 1154
21 1155
21 1156
21 1157
21 1158
21 459
21 460
21 462
21 1159
21 1160
21 1161
21 1162
21 1163
21 1164
21 1165
21 1166
21 1167
21 1168
21 1169
21 1170
21 1171
21 1172
21 1173
21 1174
21 1175
21 1176
21 1177
21 1178
21 1179
21 1180
21 1181
21 1182
21 1183
21 1184
21 1185
21 1186
21 1187
21 1188
21 1189
21 1190
21 1191
21 1192
21 1193
21 1194
21 1195
21 1196
21 1197
21 1198
21 1199
21 1200
21 1201
21 1202
21 1203
21 1204
21 1205
21 1206
21 1207
21 1208
21 1209
21 1210
21 1211
21 1212
21 1213
21 1214
21 1215
21 1216
21 1217
21 1218
21 1219
21 1220
21 1221
21 1222
21 1223
21 1224
21 1225
21 1226
21 1227
21 1228
21 1229
21 1230
21 1231
21 488
21 1232
21 1233
21 1234
21 1235
21 1236
21 1237
21 715
21 1238
21 1239
21 1240
21 1241
21 1242
21 1243
21 1244
21 1245
21 1246
21 1247
21 846
21 1248
21 1249
21 1250
21 1251
21 502
21 1252
21 1253
21 1254
21 1255
21 1256
21 1257
21 1258
21 1259
21 1260
21 1261
21 1262
21 1263
21 1264
21 1265
21 1266
21 1267
21 1268
21 1269
21 1270
21 1271
21 1272
21 1273
21 1274
21 1275
21 1276
21 1277
21 1278
21 1279
21 1280
21 1281
21 1282
21 1283
21 1284
21 1285
21 1286
21 1287
21 1288
21 1289
21 1290
21 1291
21 1292
21 1293
21 1294
21 1295
21 1296
21 1297
21 1298
21 1299
21 1300
21 1301
21 1302
21 1303
21 1304
21 1305
21 1306
21 1307
21 1308
21 1309
21 1310
21 1311
21 528
21 1312
21 1313
21 1314
21 1315
21 1316
21 1317
21 1318
21 1319
21 1320
21 1321
21 1322
21 1323
21 1324
21 1325
21 1326
21 1327
21 1328
21 1329
21 1330
21 1331
21 537
21 1332
21 1333
21 1334
21 865
21 1335
21 1336
21 1337
21 1338
21 1339
21 1340
21 1341
21 1342
21 1343
21 1344
21 1345
21 1346
21 551
21 1347
21 1348
21 1349
21 1350
21 1351
21 553
21 1352
21 1353
21 1354
21 1355
21 1356
21 1357
21 1358
21 1359
21 1360
21 1361
21 1362
21 1363
21 1364
21 1365
21 1366
21 1367
21 1368
21 1369
21 1370
21 1371
21 1372
21 1373
21 1374
21 1375
21 1376
21 1377
21 1378
21 1379
21 1380
21 1381
21 1382
21 1383
21 1384
21 1385
21 1386
21 1387
21 1388
21 1389
21 1390
21 1391
21 1392
21 1393
21 1394
21 1395
21 1396
21 1397
21 1398
1399 38
1399 100
1399 1400
1399 1401
1399 591
1402 659
1403 1404
1403 1405
1403 1406
1407 1408
1407 980
1407 591
22 61
22 63
22 1409
22 117
22 1410
22 1411
22 1412
22 1413
22 1414
22 164
22 1415
22 1416
1417 1418
1419 63
907 1420
907 26
907 59
907 1421
907 63
907 80
907 85
907 103
907 138
907 163
907 164
907 295
907 591
907 1422
907 1296
907 1320
1420 38
1423 1424
1425 38
1426 197
1427 659
1428 197
1429 1430
1431 63
1432 158
1433 27
1433 1434
1435 1436
1435 163
1435 599
1435 1437
1435 1438
1439 659
1440 63
1440 1441
1440 1442
1440 163
1440 1443
1440 1444
1440 1445
1440 1446
1440 1447
1440 1448
1440 1449
24 1450
24 1451
24 1452
733 1453
733 682
733 1454
733 1455
733 1456
733 1457
733 1458
733 45
733 1459
733 635
733 1460
733 1461
733 1462
733 1463
733 1464
733 1465
733 51
733 1404
733 1466
733 1467
733 1468
733 1469
733 70
733 1470
733 1471
733 1472
733 1473
733 1474
733 1475
733 1476
733 85
733 1477
733 1478
733 1479
733 1480
733 1481
733 1482
733 164
733 962
733 1483
733 1484
733 1485
733 198
733 1486
733 1487
733 1488
733 1489
733 1490
733 1491
733 1492
733 256
733 1493
733 1494
733 1495
733 1496
733 1497
733 1498
733 1499
733 1500
733 1501
733 1502
733 1503
733 1504
733 1505
733 799
733 1506
733 1507
733 1508
733 1509
733 1510
733 1511
733 1512
733 1513
733 1514
733 1515
733 1516
733 1517
733 1518
733 1519
1520 1521
1520 1522
1520 1523
1524 63
1525 26
1526 26
26 27
26 1527
26 28
26 908
26 909
26 29
26 586
26 1528
26 30
26 31
26 574
26 1529
26 679
26 38
26 737
26 44
26 46
26 1530
26 702
26 917
26 1531
26 53
26 1532
26 920
26 55
26 56
26 1405
26 1533
26 59
26 61
26 63
26 1534
26 70
26 73
26 74
26 1535
26 1536
26 1537
26 1538
26 80
26 84
26 85
26 609
26 96
26 102
26 103
26 104
26 1539
26 107
26 112
26 116
26 117
26 119
26 120
26 1540
26 126
26 1541
26 132
26 133
26 636
26 1542
26 138
26 588
26 1543
26 145
26 146
26 150
26 1544
26 156
26 755
26 161
26 1545
26 1546
26 610
26 163
26 164
26 599
26 172
26 179
26 758
26 189
26 1408
26 197
26 1547
26 1548
26 218
26 229
26 1549
26 236
26 696
26 260
26 1550
26 1551
26 1552
26 295
26 314
26 319
26 570
26 602
26 591
26 1553
26 1554
26 370
26 1059
26 1555
1556 158
27 31
27 38
27 1557
27 1558
27 1559
27 737
27 1560
27 702
27 1561
27 59
27 61
27 63
27 74
27 80
27 84
27 85
27 117
27 1562
27 588
27 755
27 610
27 163
27 164
27 599
27 189
27 219
27 256
27 1563
27 591
27 1434
1564 197
1565 570
1566 63
1566 576
596 1567
596 1568
596 1569
596 197
1570 197
734 163
734 599
734 1437
734 1571
1527 1572
28 61
28 117
28 695
28 696
28 295
28 591
1573 659
691 659
1574 659
1575 1576
1577 659
1578 659
1579 1418
1580 1418
1576 49
1581 49
1582 659
1583 49
908 1529
908 1459
908 61
908 117
908 256
908 695
908 295
908 591
1453 1584
1453 70
1453 117
1453 1585
1453 1586
1453 164
1453 1587
1453 1588
1453 1589
1453 1590
1453 1591
1453 1592
1453 1593
1453 256
1453 1594
1453 1493
1453 1595
1453 1596
1453 1597
1453 1598
1453 1599
1453 1600
1453 1601
1453 1602
1453 1603
1453 1604
1453 1605
1453 1606
1453 1607
1453 1608
1453 1609
1453 1610
1453 1611
1612 197
1612 1613
1614 1615
1614 1616
1617 31
1617 119
1424 910
1424 1618
1424 1619
1424 1620
1424 163
1424 599
1424 1621
1424 1622
1424 1623
1424 1624
1424 1625
1584 1626
1584 70
1627 85
1627 197
1628 31
1628 568
1629 72
1629 1630
1629 962
1629 1631
1629 256
1629 695
1629 696
1629 400
1632 74
1633 1615
909 659
909 1418
909 38
909 1634
909 737
909 49
909 59
909 63
909 85
909 103
909 107
909 1635
909 755
909 610
909 164
1636 659
910 31
910 1637
910 1638
910 1639
910 38
910 1640
910 61
910 84
910 85
910 1641
910 117
910 1642
910 1643
910 163
910 164
910 599
910 171
910 1644
910 1645
910 1646
910 1647
910 1648
910 1649
910 253
910 1650
910 1651
910 1652
910 1653
910 1654
910 1655
910 1656
910 1657
910 796
910 1658
910 1659
910 1660
910 1661
910 1662
910 1663
910 1664
910 1665
910 1666
910 1667
910 1668
910 1669
910 1670
910 1671
910 1672
910 1673
910 1674
910 1675
910 1676
910 1677
1678 1679
1680 197
29 38
29 1559
29 61
29 726
29 70
29 84
29 85
29 117
29 127
29 588
29 1681
29 256
29 295
29 1682
29 1683
29 1137
29 1684
29 1685
29 1686
1687 1639
1687 599
1687 1688
1689 1418
1690 659
1690 1691
1692 1418
1693 659
1693 1418
1694 1418
1695 31
1695 616
1696 49
1697 1698
586 38
586 737
586 63
586 85
586 107
586 1562
586 588
586 164
586 758
586 189
586 197
586 591
1699 1700
1699 1701
1702 1703
1702 1463
1521 1704
1521 1705
1521 70
1521 1585
1521 164
1521 180
1521 1706
1521 1707
1521 256
1521 695
1521 696
1521 1493
1521 1708
1521 1709
1710 121
1528 61
1528 63
1528 70
1528 84
1528 117
1528 127
1528 588
1528 164
1528 219
1528 295
1528 591
1528 1711
1712 1644
1713 85
1714 31
1714 1715
1714 1716
1714 1717
1714 1718
1714 1719
1714 1720
1714 1721
1714 1722
1714 1723
1714 1724
1714 1725
1714 1726
1714 1572
1714 1727
1714 1728
1714 1729
1714 1730
30 117
30 591
1731 189
31 682
31 731
31 1732
31 1733
31 1734
31 32
31 1418
31 1735
31 1736
31 1737
31 1738
31 1739
31 645
31 1740
31 38
31 1741
31 1742
31 1743
31 1744
31 1745
31 42
31 1746
31 1747
31 1748
31 1749
31 43
31 1750
31 1751
31 737
31 1752
31 44
31 45
31 913
31 1753
31 665
31 1754
31 1755
31 1756
31 48
31 1757
31 1758
31 1759
31 1760
31 1761
31 1762
31 1763
31 917
31 1764
31 1765
31 918
31 919
31 1766
31 1767
31 1768
31 1769
31 1770
31 1771
31 53
31 920
31 1772
31 1773
31 55
31 56
31 57
31 728
31 1774
31 1775
31 1522
31 59
31 1776
31 1777
31 1778
31 1779
31 1780
31 1781
31 61
31 1782
31 62
31 1783
31 1784
31 1785
31 63
31 924
31 1786
31 64
31 65
31 925
31 926
31 1787
31 1788
31 66
31 70
31 1472
31 74
31 75
31 1789
31 1790
31 1791
31 1792
31 80
31 1793
31 81
31 1794
31 82
31 84
31 1795
31 608
31 85
31 1796
31 1797
31 86
31 1798
31 1799
31 1800
31 1801
31 1802
31 1803
31 89
31 704
31 1804
31 1805
31 1806
31 1807
31 1808
31 1809
31 91
31 1810
31 1811
31 1812
31 95
31 1813
31 1814
31 1815
31 1816
31 1817
31 96
31 1818
31 1819
31 1820
31 1821
31 1822
31 1823
31 1824
31 98
31 1825
31 1826
31 101
31 102
31 1827
31 1828
31 743
31 103
31 1829
31 104
31 105
31 1830
31 1831
31 1832
31 1833
31 1834
31 1539
31 1835
31 1836
31 1837
31 107
31 1838
31 1839
31 1450
31 1840
31 1841
31 109
31 1842
31 110
31 1843
31 1844
31 111
31 1845
31 1846
31 112
31 113
31 1847
31 1848
31 1849
31 1850
31 1851
31 1852
31 1853
31 1854
31 1855
31 1856
31 1857
31 1858
31 1859
31 1860
31 117
31 1861
31 118
31 1862
31 1863
31 119
31 1864
31 1865
31 746
31 120
31 1866
31 1867
31 1868
31 1869
31 1870
31 1871
31 1872
31 640
31 121
31 1873
31 122
31 936
31 1874
31 937
31 1875
31 1876
31 1877
31 1878
31 1879
31 1880
31 938
31 1881
31 1882
31 1883
31 123
31 1884
31 1885
31 1886
31 1887
31 1888
31 1540
31 1889
31 1890
31 1891
31 1892
31 1893
31 1894
31 1895
31 126
31 1896
31 1897
31 939
31 1898
31 1899
31 578
31 1900
31 127
31 1901
31 1902
31 128
31 129
31 1903
31 1904
31 133
31 1905
31 1906
31 134
31 1907
31 636
31 135
31 1908
31 1909
31 1910
31 1911
31 1912
31 1913
31 943
31 1914
31 1915
31 1916
31 1917
31 140
31 1918
31 1919
31 1920
31 1921
31 1922
31 1923
31 1924
31 1925
31 1926
31 141
31 1927
31 1928
31 1929
31 1930
31 1931
31 1932
31 1933
31 1934
31 1562
31 1935
31 1936
31 1937
31 588
31 945
31 1938
31 1681
31 1939
31 1940
31 1941
31 1942
31 144
31 947
31 1943
31 145
31 1944
31 948
31 1642
31 1945
31 949
31 950
31 147
31 951
31 1946
31 1947
31 1948
31 1949
31 1950
31 148
31 1951
31 1952
31 149
31 1953
31 1954
31 150
31 1544
31 1955
31 152
31 153
31 952
31 1956
31 953
31 1957
31 1958
31 1959
31 1960
31 1961
31 1643
31 1962
31 1963
31 1964
31 1965
31 1966
31 1967
31 1968
31 1969
31 1970
31 1971
31 1972
31 1973
31 1974
31 1975
31 1976
31 1977
31 1978
31 1979
31 1980
31 160
31 755
31 1981
31 161
31 1982
31 1983
31 1984
31 1985
31 1986
31 1987
31 162
31 1988
31 896
31 1989
31 1990
31 163
31 1991
31 1992
31 164
31 1993
31 165
31 1994
31 166
31 1995
31 1996
31 1997
31 1998
31 1999
31 2000
31 2001
31 1443
31 168
31 2002
31 2003
31 957
31 2004
31 2005
31 2006
31 2007
31 2008
31 2009
31 1437
31 170
31 2010
31 2011
31 2012
31 171
31 173
31 2013
31 2014
31 175
31 2015
31 2016
31 959
31 2017
31 2018
31 2019
31 176
31 2020
31 2021
31 2022
31 2023
31 177
31 2024
31 2025
31 2026
31 179
31 180
31 2027
31 2028
31 2029
31 963
31 964
31 2030
31 182
31 2031
31 2032
31 966
31 2033
31 2034
31 967
31 183
31 969
31 2035
31 2036
31 184
31 2037
31 970
31 186
31 2038
31 189
31 972
31 2039
31 2040
31 2041
31 2042
31 2043
31 2044
31 2045
31 974
31 2046
31 2047
31 975
31 2048
31 2049
31 2050
31 2051
31 2052
31 2053
31 2054
31 2055
31 2056
31 193
31 2057
31 2058
31 2059
31 2060
31 196
31 2061
31 2062
31 2063
31 199
31 2064
31 1547
31 202
31 2065
31 2066
31 2067
31 2068
31 2069
31 2070
31 2071
31 2072
31 204
31 2073
31 205
31 206
31 207
31 2074
31 2075
31 2076
31 2077
31 2078
31 209
31 2079
31 2080
31 2081
31 2082
31 211
31 2083
31 2084
31 212
31 2085
31 2086
31 2087
31 2088
31 2089
31 2090
31 2091
31 2092
31 215
31 2093
31 2094
31 2095
31 2096
31 216
31 2097
31 2098
31 977
31 2099
31 902
31 2100
31 2101
31 2102
31 2103
31 2104
31 2105
31 2106
31 2107
31 2108
31 761
31 2109
31 222
31 2110
31 2111
31 2112
31 2113
31 2114
31 2115
31 2116
31 1647
31 2117
31 2118
31 1648
31 2119
31 224
31 2120
31 2121
31 2122
31 2123
31 2124
31 2125
31 980
31 2126
31 2127
31 226
31 227
31 2128
31 2129
31 2130
31 2131
31 2132
31 2133
31 2134
31 2135
31 2136
31 2137
31 228
31 2138
31 2139
31 2140
31 229
31 230
31 2141
31 2142
31 2143
31 2144
31 2145
31 1549
31 2146
31 235
31 236
31 2147
31 237
31 2148
31 2149
31 2150
31 2151
31 2152
31 985
31 2153
31 2154
31 1691
31 2155
31 2156
31 241
31 2157
31 2158
31 2159
31 2160
31 2161
31 242
31 2162
31 2163
31 243
31 2164
31 249
31 2165
31 2166
31 2167
31 2168
31 2169
31 2170
31 2171
31 2172
31 2173
31 251
31 2174
31 2175
31 2176
31 2177
31 2178
31 2179
31 2180
31 2181
31 2182
31 2183
31 2184
31 1491
31 2185
31 2186
31 2187
31 2188
31 2189
31 2190
31 256
31 257
31 258
31 696
31 2191
31 2192
31 2193
31 2194
31 2195
31 2196
31 2197
31 2198
31 2199
31 2200
31 2201
31 2202
31 2203
31 988
31 2204
31 2205
31 2206
31 2207
31 2208
31 2209
31 2210
31 2211
31 2212
31 2213
31 2214
31 2215
31 2216
31 2217
31 2218
31 2219
31 2220
31 2221
31 2222
31 2223
31 264
31 2224
31 2225
31 2226
31 2227
31 2228
31 2229
31 2230
31 2231
31 2232
31 2233
31 2234
31 2235
31 2236
31 2237
31 2238
31 2239
31 2240
31 2241
31 2242
31 2243
31 991
31 2244
31 771
31 772
31 2245
31 992
31 273
31 2246
31 2247
31 2248
31 2249
31 2250
31 2251
31 2252
31 2253
31 2254
31 2255
31 627
31 2256
31 2257
31 2258
31 2259
31 276
31 2260
31 2261
31 277
31 278
31 2262
31 2263
31 2264
31 2265
31 2266
31 2267
31 2268
31 2269
31 280
31 282
31 2270
31 2271
31 2272
31 2273
31 2274
31 2275
31 2276
31 2277
31 285
31 286
31 2278
31 998
31 2279
31 2280
31 2281
31 2282
31 2283
31 2284
31 288
31 2285
31 2286
31 2287
31 2288
31 2289
31 2290
31 2291
31 2292
31 2293
31 1001
31 2294
31 2295
31 2296
31 2297
31 2298
31 2299
31 2300
31 2301
31 2302
31 1004
31 2303
31 296
31 2304
31 2305
31 297
31 298
31 2306
31 2307
31 299
31 1005
31 1006
31 2308
31 2309
31 300
31 2310
31 2311
31 2312
31 2313
31 2314
31 2315
31 2316
31 2317
31 2318
31 2319
31 2320
31 1007
31 2321
31 2322
31 2323
31 2324
31 2325
31 2326
31 303
31 2327
31 2328
31 2329
31 304
31 305
31 306
31 307
31 776
31 1008
31 2330
31 2331
31 308
31 2332
31 309
31 777
31 2333
31 2334
31 2335
31 2336
31 2337
31 2338
31 2339
31 2340
31 1009
31 2341
31 310
31 2342
31 2343
31 2344
31 2345
31 2346
31 2347
31 2348
31 2349
31 2350
31 2351
31 2352
31 2353
31 2354
31 2355
31 2356
31 1012
31 2357
31 2358
31 2359
31 1652
31 317
31 2360
31 2361
31 2362
31 2363
31 1014
31 318
31 2364
31 2365
31 2366
31 2367
31 2368
31 2369
31 2370
31 2371
31 2372
31 2373
31 2374
31 2375
31 2376
31 2377
31 2378
31 2379
31 2380
31 2381
31 2382
31 2383
31 2384
31 2385
31 2386
31 2387
31 2388
31 2389
31 2390
31 2391
31 2392
31 2393
31 325
31 2394
31 2395
31 2396
31 2397
31 1017
31 2398
31 2399
31 2400
31 2401
31 2402
31 2403
31 1019
31 2404
31 2405
31 2406
31 2407
31 2408
31 2409
31 329
31 2410
31 780
31 2411
31 2412
31 333
31 2413
31 2414
31 2415
31 2416
31 2417
31 2418
31 2419
31 781
31 2420
31 2421
31 2422
31 2423
31 335
31 2424
31 2425
31 2426
31 2427
31 2428
31 2429
31 2430
31 338
31 2431
31 2432
31 2433
31 339
31 2434
31 2435
31 2436
31 2437
31 2438
31 2439
31 2440
31 1022
31 2441
31 2442
31 2443
31 783
31 1024
31 2444
31 2445
31 784
31 2446
31 2447
31 342
31 2448
31 2449
31 2450
31 2451
31 2452
31 2453
31 1026
31 2454
31 2455
31 2456
31 2457
31 345
31 2458
31 2459
31 2460
31 567
31 2461
31 2462
31 2463
31 2464
31 2465
31 1027
31 2466
31 2467
31 2468
31 2469
31 2470
31 2471
31 2472
31 2473
31 2474
31 2475
31 2476
31 2477
31 2478
31 2479
31 2480
31 2481
31 2482
31 2483
31 2484
31 2485
31 1029
31 2486
31 2487
31 2488
31 2489
31 2490
31 2491
31 2492
31 2493
31 351
31 2494
31 2495
31 2496
31 2497
31 2498
31 352
31 712
31 2499
31 2500
31 2501
31 2502
31 2503
31 2504
31 2505
31 2506
31 2507
31 2508
31 1031
31 2509
31 2510
31 2511
31 2512
31 2513
31 2514
31 2515
31 2516
31 2517
31 2518
31 2519
31 2520
31 2521
31 2522
31 2523
31 2524
31 2525
31 788
31 2526
31 2527
31 2528
31 2529
31 2530
31 354
31 2531
31 2532
31 2533
31 2534
31 2535
31 356
31 357
31 358
31 2536
31 359
31 2537
31 2538
31 2539
31 2540
31 2541
31 2542
31 2543
31 2544
31 2545
31 2546
31 2547
31 2548
31 2549
31 2550
31 1554
31 2551
31 362
31 2552
31 2553
31 2554
31 2555
31 2556
31 2557
31 790
31 2558
31 2559
31 2560
31 2561
31 2562
31 2563
31 2564
31 2565
31 2566
31 2567
31 791
31 2568
31 2569
31 2570
31 2571
31 2572
31 793
31 2573
31 2574
31 2575
31 2576
31 2577
31 2578
31 2579
31 2580
31 2581
31 371
31 2582
31 2583
31 2584
31 2585
31 1045
31 2586
31 372
31 373
31 2587
31 2588
31 2589
31 2590
31 375
31 1046
31 2591
31 376
31 2592
31 2593
31 2594
31 2595
31 794
31 2596
31 2597
31 2598
31 795
31 2599
31 2600
31 1048
31 2601
31 1049
31 2602
31 2603
31 378
31 379
31 380
31 381
31 2604
31 796
31 2605
31 2606
31 2607
31 2608
31 2609
31 2610
31 2611
31 2612
31 2613
31 2614
31 2615
31 797
31 2616
31 2617
31 2618
31 2619
31 2620
31 2621
31 2622
31 2623
31 2624
31 2625
31 2626
31 1502
31 2627
31 2628
31 2629
31 2630
31 2631
31 2632
31 2633
31 2634
31 2635
31 2636
31 2637
31 389
31 2638
31 2639
31 2640
31 2641
31 391
31 2642
31 2643
31 2644
31 2645
31 2646
31 2647
31 1058
31 1059
31 2648
31 393
31 2649
31 2650
31 2651
31 2652
31 2653
31 2654
31 2655
31 2656
31 1063
31 394
31 2657
31 2658
31 2659
31 2660
31 396
31 2661
31 2662
31 2663
31 1067
31 2664
31 2665
31 2666
31 2667
31 2668
31 2669
31 2670
31 2671
31 2672
31 2673
31 2674
31 2675
31 2676
31 2677
31 2678
31 2679
31 2680
31 2681
31 2682
31 2683
31 2684
31 2685
31 2686
31 2687
31 1071
31 2688
31 2689
31 2690
31 2691
31 2692
31 2693
31 2694
31 1072
31 2695
31 2696
31 2697
31 2698
31 2699
31 2700
31 2701
31 2702
31 2703
31 2704
31 2705
31 2706
31 2707
31 2708
31 2709
31 2710
31 2711
31 806
31 2712
31 2713
31 2714
31 2715
31 2716
31 400
31 807
31 2717
31 2718
31 2719
31 2720
31 2721
31 2722
31 2723
31 2724
31 2725
31 2726
31 2727
31 1075
31 2728
31 2729
31 2730
31 417
31 2731
31 2732
31 2733
31 1077
31 2734
31 2735
31 2736
31 2737
31 809
31 2738
31 2739
31 2740
31 2741
31 419
31 2742
31 2743
31 1660
31 2744
31 420
31 2745
31 1082
31 421
31 422
31 423
31 424
31 2746
31 2747
31 2748
31 2749
31 2750
31 2751
31 2752
31 2753
31 1083
31 428
31 2754
31 2755
31 2756
31 429
31 2757
31 2758
31 2759
31 431
31 432
31 2760
31 2761
31 1086
31 1087
31 2762
31 2763
31 1088
31 2764
31 2765
31 2766
31 2767
31 2768
31 2769
31 2770
31 2771
31 2772
31 2773
31 2774
31 434
31 2775
31 1091
31 2776
31 2777
31 2778
31 435
31 2779
31 2780
31 2781
31 2782
31 2783
31 813
31 2784
31 2785
31 1094
31 2786
31 2787
31 2788
31 2789
31 2790
31 2791
31 2792
31 2793
31 2794
31 2795
31 2796
31 2797
31 2798
31 2799
31 2800
31 1098
31 2801
31 2802
31 1101
31 2803
31 2804
31 2805
31 1102
31 2806
31 2807
31 2808
31 814
31 2809
31 2810
31 2811
31 2812
31 2813
31 440
31 2814
31 2815
31 2816
31 2817
31 2818
31 2819
31 2820
31 2821
31 2822
31 2823
31 2824
31 2825
31 2826
31 2827
31 2828
31 1110
31 1113
31 2829
31 815
31 2830
31 2831
31 2832
31 2833
31 2834
31 2835
31 2836
31 1116
31 2837
31 2838
31 2839
31 443
31 2840
31 2841
31 816
31 2842
31 2843
31 2844
31 2845
31 2846
31 2847
31 1118
31 2848
31 2849
31 2850
31 2851
31 2852
31 2853
31 2854
31 2855
31 2856
31 2857
31 2858
31 2859
31 2860
31 2861
31 2862
31 1123
31 2863
31 2864
31 2865
31 2866
31 2867
31 2868
31 2869
31 2870
31 2871
31 2872
31 2873
31 2874
31 2875
31 2876
31 2877
31 2878
31 1133
31 2879
31 2880
31 2881
31 2882
31 1665
31 2883
31 2884
31 2885
31 2886
31 2887
31 1555
31 2888
31 2889
31 818
31 2890
31 2891
31 2892
31 2893
31 637
31 1666
31 2894
31 1140
31 2895
31 450
31 2896
31 1143
31 2897
31 2898
31 2899
31 2900
31 2901
31 2902
31 2903
31 2904
31 2905
31 820
31 2906
31 2907
31 2908
31 2909
31 821
31 2910
31 454
31 2911
31 2912
31 2913
31 456
31 2914
31 2915
31 1668
31 2916
31 2917
31 457
31 2918
31 1154
31 2919
31 1155
31 2920
31 2921
31 2922
31 2923
31 2924
31 2925
31 2926
31 2927
31 2928
31 2929
31 2930
31 459
31 460
31 461
31 462
31 2931
31 1160
31 2932
31 463
31 1162
31 2933
31 2934
31 2935
31 1163
31 1164
31 2936
31 2937
31 2938
31 2939
31 2940
31 2941
31 1669
31 2942
31 2943
31 2944
31 2945
31 2946
31 2947
31 2948
31 2949
31 2950
31 2951
31 1170
31 2952
31 2953
31 2954
31 2955
31 2956
31 2957
31 2958
31 2959
31 1174
31 2960
31 1177
31 2961
31 467
31 2962
31 1179
31 2963
31 2964
31 2965
31 2966
31 2967
31 2968
31 2969
31 1184
31 468
31 2970
31 2971
31 2972
31 1186
31 2973
31 2974
31 2975
31 1188
31 2976
31 2977
31 2978
31 2979
31 2980
31 2981
31 2982
31 1191
31 2983
31 2984
31 1192
31 2985
31 2986
31 2987
31 2988
31 2989
31 2990
31 2991
31 1194
31 2992
31 2993
31 2994
31 1195
31 2995
31 2996
31 2997
31 1198
31 2998
31 2999
31 3000
31 3001
31 3002
31 3003
31 3004
31 3005
31 470
31 3006
31 3007
31 3008
31 3009
31 3010
31 3011
31 3012
31 3013
31 3014
31 3015
31 3016
31 3017
31 3018
31 3019
31 1200
31 1201
31 3020
31 3021
31 1202
31 825
31 3022
31 471
31 3023
31 3024
31 3025
31 3026
31 3027
31 1204
31 3028
31 3029
31 3030
31 3031
31 3032
31 3033
31 3034
31 3035
31 3036
31 3037
31 3038
31 3039
31 3040
31 3041
31 3042
31 3043
31 3044
31 3045
31 3046
31 1438
31 3047
31 3048
31 3049
31 3050
31 3051
31 3052
31 3053
31 3054
31 3055
31 3056
31 3057
31 3058
31 3059
31 3060
31 3061
31 3062
31 3063
31 3064
31 3065
31 3066
31 3067
31 3068
31 3069
31 3070
31 3071
31 3072
31 476
31 3073
31 3074
31 837
31 3075
31 3076
31 3077
31 3078
31 3079
31 3080
31 3081
31 3082
31 3083
31 3084
31 3085
31 3086
31 3087
31 3088
31 3089
31 3090
31 1215
31 3091
31 480
31 3092
31 3093
31 1220
31 3094
31 3095
31 3096
31 3097
31 3098
31 3099
31 3100
31 3101
31 3102
31 3103
31 3104
31 3105
31 3106
31 3107
31 3108
31 3109
31 3110
31 3111
31 3112
31 3113
31 3114
31 3115
31 3116
31 3117
31 3118
31 1225
31 3119
31 3120
31 3121
31 3122
31 3123
31 484
31 3124
31 3125
31 3126
31 485
31 3127
31 3128
31 1228
31 3129
31 3130
31 3131
31 3132
31 3133
31 3134
31 3135
31 3136
31 487
31 3137
31 1231
31 3138
31 3139
31 490
31 1232
31 3140
31 492
31 3141
31 3142
31 3143
31 3144
31 3145
31 3146
31 3147
31 3148
31 3149
31 3150
31 3151
31 3152
31 3153
31 3154
31 3155
31 1234
31 3156
31 495
31 3157
31 3158
31 3159
31 3160
31 3161
31 842
31 3162
31 3163
31 3164
31 3165
31 1238
31 3166
31 3167
31 1240
31 3168
31 3169
31 3170
31 3171
31 3172
31 3173
31 3174
31 3175
31 3176
31 3177
31 3178
31 3179
31 843
31 3180
31 3181
31 3182
31 3183
31 3184
31 3185
31 3186
31 3187
31 3188
31 3189
31 501
31 3190
31 3191
31 3192
31 3193
31 3194
31 3195
31 3196
31 3197
31 3198
31 3199
31 3200
31 3201
31 3202
31 3203
31 3204
31 3205
31 3206
31 3207
31 3208
31 1246
31 3209
31 3210
31 3211
31 3212
31 3213
31 3214
31 3215
31 3216
31 846
31 3217
31 3218
31 3219
31 3220
31 3221
31 3222
31 3223
31 3224
31 3225
31 1422
31 3226
31 3227
31 1251
31 3228
31 502
31 1252
31 3229
31 3230
31 3231
31 503
31 3232
31 3233
31 3234
31 3235
31 3236
31 3237
31 3238
31 3239
31 3240
31 3241
31 3242
31 1254
31 3243
31 3244
31 3245
31 3246
31 3247
31 3248
31 3249
31 3250
31 3251
31 1258
31 3252
31 3253
31 3254
31 3255
31 3256
31 1262
31 1263
31 3257
31 3258
31 3259
31 3260
31 3261
31 3262
31 3263
31 3264
31 3265
31 3266
31 3267
31 505
31 3268
31 3269
31 3270
31 3271
31 3272
31 3273
31 3274
31 3275
31 3276
31 3277
31 3278
31 3279
31 3280
31 3281
31 1270
31 3282
31 3283
31 3284
31 3285
31 3286
31 3287
31 507
31 850
31 3288
31 3289
31 3290
31 3291
31 3292
31 3293
31 3294
31 3295
31 3296
31 3297
31 3298
31 3299
31 3300
31 3301
31 3302
31 3303
31 3304
31 509
31 3305
31 3306
31 3307
31 3308
31 3309
31 1272
31 3310
31 3311
31 3312
31 1274
31 3313
31 3314
31 3315
31 3316
31 851
31 3317
31 3318
31 3319
31 3320
31 1278
31 510
31 511
31 3321
31 3322
31 3323
31 3324
31 3325
31 3326
31 3327
31 3328
31 3329
31 3330
31 3331
31 1285
31 3332
31 3333
31 3334
31 3335
31 3336
31 3337
31 3338
31 3339
31 3340
31 3341
31 514
31 1287
31 3342
31 1288
31 3343
31 1289
31 3344
31 1290
31 3345
31 3346
31 3347
31 3348
31 3349
31 3350
31 3351
31 3352
31 3353
31 3354
31 3355
31 3356
31 3357
31 519
31 3358
31 3359
31 3360
31 3361
31 520
31 3362
31 3363
31 854
31 3364
31 3365
31 1298
31 3366
31 3367
31 3368
31 3369
31 3370
31 1301
31 3371
31 3372
31 3373
31 3374
31 3375
31 3376
31 3377
31 3378
31 3379
31 3380
31 3381
31 3382
31 3383
31 3384
31 3385
31 3386
31 3387
31 3388
31 3389
31 522
31 3390
31 3391
31 3392
31 3393
31 3394
31 3395
31 3396
31 3397
31 1309
31 3398
31 3399
31 857
31 3400
31 3401
31 3402
31 3403
31 3404
31 3405
31 3406
31 1315
31 858
31 3407
31 3408
31 3409
31 3410
31 859
31 3411
31 530
31 531
31 3412
31 3413
31 862
31 3414
31 3415
31 3416
31 3417
31 1323
31 3418
31 3419
31 1326
31 3420
31 3421
31 3422
31 3423
31 3424
31 3425
31 3426
31 3427
31 3428
31 1330
31 3429
31 3430
31 3431
31 3432
31 3433
31 1675
31 3434
31 3435
31 3436
31 3437
31 3438
31 3439
31 3440
31 3441
31 3442
31 3443
31 538
31 3444
31 3445
31 3446
31 864
31 3447
31 540
31 542
31 3448
31 3449
31 3450
31 3451
31 3452
31 3453
31 3454
31 3455
31 3456
31 3457
31 3458
31 3459
31 1337
31 3460
31 3461
31 3462
31 3463
31 3464
31 3465
31 1339
31 3466
31 3467
31 3468
31 3469
31 3470
31 3471
31 3472
31 3473
31 3474
31 3475
31 3476
31 3477
31 3478
31 3479
31 866
31 3480
31 3481
31 3482
31 3483
31 3484
31 3485
31 3486
31 3487
31 3488
31 3489
31 549
31 3490
31 3491
31 1343
31 3492
31 3493
31 3494
31 3495
31 3496
31 3497
31 3498
31 3499
31 3500
31 870
31 3501
31 3502
31 1348
31 3503
31 552
31 3504
31 553
31 3505
31 3506
31 3507
31 3508
31 3509
31 3510
31 3511
31 3512
31 1624
31 3513
31 3514
31 3515
31 3516
31 3517
31 3518
31 3519
31 3520
31 3521
31 3522
31 3523
31 3524
31 3525
31 3526
31 3527
31 3528
31 3529
31 3530
31 3531
31 3532
31 3533
31 3534
31 3535
31 3536
31 3537
31 3538
31 3539
31 3540
31 3541
31 3542
31 3543
31 3544
31 3545
31 3546
31 3547
31 3548
31 3549
31 3550
31 3551
31 3552
31 3553
31 3554
31 3555
31 3556
31 3557
31 558
31 3558
31 3559
31 3560
31 559
31 3561
31 3562
31 1367
31 3563
31 3564
31 3565
31 3566
31 3567
31 3568
31 3569
31 3570
31 3571
31 3572
31 3573
31 3574
31 3575
31 3576
31 3577
31 3578
31 3579
31 3580
31 3581
31 3582
31 3583
31 3584
31 563
31 3585
31 3586
31 1376
31 3587
31 3588
31 3589
31 3590
31 3591
31 3592
31 3593
31 3594
31 3595
31 3596
31 3597
31 1379
31 1380
31 3598
31 3599
31 1382
31 3600
31 3601
31 3602
31 3603
31 3604
31 3605
31 3606
31 3607
31 3608
31 3609
31 3610
31 3611
31 3612
31 3613
31 3614
31 3615
682 1733
682 679
682 3616
682 1626
682 1742
682 1457
682 1458
682 3617
682 3618
682 1748
682 45
682 3619
682 3620
682 49
682 3621
682 51
682 3622
682 1522
682 3623
682 3624
682 3625
682 3626
682 3627
682 3628
682 3629
682 3630
682 70
682 639
682 1470
682 1471
682 71
682 72
682 3631
682 1476
682 3632
682 3633
682 1796
682 1797
682 3634
682 1808
682 3635
682 3636
682 1892
682 3637
682 3638
682 3639
682 3640
682 130
682 3641
682 3642
682 3643
682 1478
682 3644
682 1479
682 3645
682 3646
682 3647
682 133
682 1616
682 3648
682 3649
682 641
682 3650
682 3651
682 3652
682 3653
682 3654
682 3655
682 3656
682 3657
682 1994
682 171
682 3658
682 3659
682 3660
682 180
682 3661
682 3662
682 3663
682 3664
682 3665
682 3666
682 2028
682 3667
682 969
682 1645
682 3668
682 1486
682 3669
682 253
682 3670
682 3671
682 3672
682 3673
682 3674
682 3675
682 2183
682 3676
682 1489
682 3677
682 3678
682 3679
682 3680
682 3681
682 3682
682 767
682 3683
682 3684
682 3685
682 3686
682 3687
682 3688
682 3689
682 3690
682 3691
682 3692
682 3693
682 3694
682 3695
682 3696
682 3697
682 3698
682 3699
682 3700
682 3701
682 3702
682 3703
682 3704
682 3705
682 3706
682 3707
682 3708
682 3709
682 3710
682 3711
682 3712
682 3713
682 3714
682 3715
682 3716
682 256
682 3717
682 3718
682 3719
682 3720
682 3721
682 3722
682 3723
682 3724
682 3725
682 3726
682 3727
682 259
682 1493
682 3728
682 3729
682 3730
682 3731
682 3732
682 3733
682 3734
682 3735
682 3736
682 3737
682 3738
682 3739
682 3740
682 3741
682 3742
682 3743
682 3744
682 3745
682 3746
682 1009
682 3747
682 2614
682 1494
682 3748
682 3749
682 3750
682 3751
682 3752
682 3753
682 1495
682 3754
682 3755
682 3756
682 3757
682 1498
682 3758
682 3759
682 3760
682 1501
682 3761
682 3762
682 3763
682 3764
682 3765
682 3766
682 3767
682 3768
682 3769
682 3770
682 3771
682 3772
682 3773
682 3774
682 3775
682 3776
682 3777
682 3778
682 3779
682 3780
682 3781
682 3782
682 3783
682 3784
682 3785
682 3786
682 3787
682 3788
682 3789
682 3790
682 3791
682 3792
682 3793
682 3794
682 3795
682 3796
682 3797
682 800
682 3798
682 3799
682 3800
682 3801
682 3802
682 3803
682 3804
682 3805
682 3806
682 3807
682 3808
682 3809
682 3810
682 3811
682 3812
682 3813
682 3814
682 3815
682 3816
682 3817
682 3818
682 3819
682 3820
682 3821
682 3822
682 3823
682 3824
682 2840
682 3825
682 3826
682 3827
682 3828
682 3829
682 3830
682 3831
682 3832
682 3833
682 3834
682 3835
682 3836
682 3837
682 3838
682 3839
682 3840
682 3841
682 3842
682 3843
682 3844
682 1515
682 3845
682 3846
682 3847
682 3848
682 3849
682 3850
682 3851
682 3852
682 3853
682 3854
682 3855
682 3856
682 3857
682 3858
682 3859
682 3860
682 3861
682 3862
682 3863
682 3864
682 3865
682 3866
682 3867
682 3868
682 3869
682 3870
682 3871
682 3872
682 3873
682 3874
682 3875
682 3876
682 3877
682 3878
682 3879
682 3880
682 3881
682 3882
682 3883
682 3884
682 3885
682 3886
682 3887
682 3888
682 3889
682 3890
682 3891
682 3892
682 3893
682 3894
682 3895
682 3896
682 3897
682 3898
682 3899
682 3900
682 3901
682 3902
682 3903
682 3904
682 3905
682 3906
682 3333
682 3907
682 3908
682 3909
682 3910
682 3911
682 3912
682 3913
682 3914
682 3915
682 3916
682 3917
682 3918
731 1733
731 1418
731 3919
731 42
731 3920
731 1522
731 3921
731 3922
731 3923
731 1796
731 1797
731 1803
731 3924
731 3925
731 3926
731 3927
731 3928
731 3929
731 722
731 3930
731 3931
731 3932
731 724
731 3933
731 3934
731 3935
731 3936
731 3937
731 3938
731 3939
731 3940
731 3941
731 1990
731 2045
731 2057
731 3942
731 3943
731 3944
731 3945
731 3946
731 3947
731 3948
731 3949
731 3950
731 3951
731 3952
731 3953
731 3954
731 3955
731 3956
731 3957
731 3958
731 3959
731 3960
731 3961
731 3962
731 3963
731 3964
731 3965
731 3966
731 3967
731 3968
731 3969
731 3970
731 3971
731 3972
731 3973
731 3974
731 3975
731 3976
731 3746
731 3977
731 3978
731 3979
731 3980
731 3981
731 3982
731 3983
731 3984
731 3985
731 903
731 3986
731 3987
731 3988
731 3989
731 897
731 3990
731 3991
731 3992
731 3993
731 3994
731 3995
731 3996
731 3997
731 3998
731 3999
731 4000
731 4001
731 4002
731 4003
731 4004
731 4005
731 4006
731 4007
731 4008
731 4009
731 4010
731 4011
731 4012
731 4013
731 4014
731 4015
731 4016
731 4017
731 4018
731 4019
731 4020
731 4021
731 4022
731 4023
731 4024
731 3333
731 3376
731 3490
731 4025
1733 1737
1733 2902
911 189
1734 74
1734 84
1734 379
32 38
32 702
32 920
32 56
32 72
32 608
32 85
32 4026
32 95
32 929
32 4027
32 103
32 4028
32 116
32 117
32 118
32 936
32 4029
32 4030
32 1542
32 4031
32 1562
32 588
32 1643
32 610
32 1991
32 164
32 171
32 174
32 180
32 758
32 4032
32 611
32 4033
32 4034
32 211
32 220
32 2138
32 229
32 231
32 2195
32 4035
32 4036
32 998
32 2422
32 2424
32 602
32 340
32 346
32 352
32 4037
32 4038
32 370
32 373
32 4039
32 4040
32 4041
32 1660
32 4042
32 4043
32 4044
32 3240
4045 1454
4045 3633
4045 962
659 4046
659 4047
659 4048
659 38
659 4049
659 4050
659 4051
659 4052
659 4053
659 4054
659 4055
659 4056
659 4057
659 4058
659 4059
659 4060
659 4061
659 4062
659 4063
659 4064
659 4065
659 4066
659 4067
659 4068
659 4069
659 4070
659 4071
659 4072
659 4073
659 4074
659 4075
659 4076
659 4077
659 4078
659 4079
659 4080
659 4081
659 4082
659 4083
659 4084
659 4085
659 4086
659 4087
659 4088
659 912
659 4089
659 4090
659 1757
659 4091
659 49
659 4092
659 4093
659 4094
659 1778
659 4095
659 4096
659 85
659 4097
659 4098
659 4099
659 4100
659 4101
659 1635
659 1930
659 4102
659 4103
659 4104
659 4105
659 4106
659 4107
659 4108
659 4109
659 4110
659 1613
1418 4111
1418 4112
1418 4113
1418 4114
1418 4115
1418 4116
1418 4093
1418 4117
1418 4118
1418 4119
1418 4120
1418 4121
1418 4122
1418 4123
1418 4124
1418 4125
1418 4126
1418 4127
1418 4128
1418 4129
1418 1568
1418 4130
1418 4131
1418 189
4046 4132
4046 4133
4046 597
4134 1893
4134 588
4134 164
4135 1703
4135 4136
4137 74
4138 1616
4139 2028
4139 695
4139 696
4139 4140
4139 4141
4139 3850
4139 4142
4143 1634
4144 4145
4146 1531
4147 1531
574 1457
574 70
574 117
574 1477
574 1478
574 163
574 164
574 962
574 256
574 695
574 1493
574 591
1529 117
1454 4148
1454 1469
1454 4149
1454 4150
1454 962
1454 4151
1454 4152
1454 4153
1454 4154
1454 4155
1454 4156
1454 4157
1454 4158
4159 74
1637 4160
1637 1438
1638 38
1638 599
1619 4161
1735 1738
1736 4162
1738 4163
1738 1983
1738 4164
1738 4165
1738 1650
1738 4166
1738 4167
1738 1651
1738 4168
1738 4169
1738 4170
1738 4171
1738 4172
1738 4173
1738 4174
1738 4175
1738 4176
1738 4177
1738 4178
645 163
645 599
4179 1640
735 739
4180 1438
4181 4182
4181 1740
4181 4183
4184 4185
4184 4167
4186 1802
4186 760
1740 38
1740 43
1740 4187
1740 103
1740 4188
1740 4189
1740 762
1740 4190
1740 4191
1740 4170
1740 4192
1740 4193
1740 4194
1740 4195
1740 4196
1740 4197
1639 4198
1639 4199
1639 4200
1639 4201
679 4202
679 4203
679 4204
679 4205
679 4206
679 1522
679 4207
679 70
679 1476
679 117
679 1477
679 1906
679 146
679 197
679 218
679 1489
679 4208
679 256
679 695
679 1493
679 295
679 591
679 4209
679 4210
4211 1703
4212 1703
4213 1703
4214 1703
4215 1703
4215 70
4215 117
4215 164
4215 256
1456 4204
1456 70
1456 1472
1456 1476
1456 117
1456 4216
1456 3671
1456 3674
1456 1489
1456 4217
1456 4208
1456 4218
1456 256
1456 1493
1456 3728
1456 4219
1456 3813
1456 4220
1456 3904
4204 117
4204 1477
4204 164
4204 962
4205 1457
4205 1472
4205 1476
4205 164
4205 962
4205 4221
4205 400
4222 1408
4222 591
4223 1703
699 578
700 578
3616 695
3616 696
35 74
35 755
4224 4225
683 4226
683 920
683 4227
683 4228
683 4229
683 63
683 719
683 4230
683 929
683 1831
683 4231
683 640
683 4232
683 3934
683 3935
683 4233
683 4234
683 1874
683 4235
683 937
683 1877
683 4236
683 1917
683 171
683 4237
683 4238
683 217
683 902
683 4239
683 3945
683 4240
683 2100
683 4241
683 4242
683 4243
683 4244
683 4245
683 4246
683 4247
683 4248
683 4249
683 4250
683 4251
683 4252
683 4253
683 4254
683 4255
683 4256
683 4257
683 4258
683 4259
683 2200
683 4260
683 4261
683 4262
683 4263
683 4264
683 4265
683 4266
683 4267
683 4268
683 4269
683 4270
683 4271
683 4272
683 4273
683 261
683 4274
683 3997
683 4275
683 4276
683 4277
683 4278
683 4279
683 4280
683 4281
683 488
683 4282
683 4283
683 4284
683 4285
683 4286
683 4287
683 4021
683 4288
683 4289
683 4290
617 63
617 591
36 85
36 4291
37 737
4292 4293
4292 163
4292 4294
4292 4295
4292 4296
4292 4297
4292 4298
4292 4299
4292 4300
4292 4301
4292 4302
4292 4303
4292 4304
4292 4305
4292 4306
4292 4307
4292 4308
4292 4309
4292 4310
4292 4311
4312 38
38 1744
38 42
38 1751
38 44
38 45
38 913
38 665
38 1755
38 1756
38 583
38 4313
38 4314
38 4315
38 46
38 48
38 4316
38 4317
38 917
38 4318
38 1770
38 1771
38 53
38 920
38 4319
38 55
38 56
38 4320
38 59
38 923
38 1779
38 1780
38 1781
38 61
38 62
38 1783
38 1784
38 4321
38 63
38 4322
38 4323
38 71
38 72
38 73
38 74
38 4324
38 1789
38 4325
38 4326
38 4327
38 77
38 4328
38 4329
38 78
38 4330
38 4331
38 80
38 4332
38 1794
38 82
38 84
38 1795
38 4333
38 85
38 4334
38 4335
38 4336
38 1802
38 4337
38 89
38 4338
38 4339
38 4340
38 928
38 95
38 4341
38 4342
38 4343
38 4344
38 1815
38 1818
38 4345
38 1821
38 1823
38 4346
38 98
38 4347
38 4348
38 99
38 4349
38 4350
38 1828
38 103
38 4351
38 4352
38 4353
38 104
38 105
38 4354
38 1831
38 1833
38 4355
38 4356
38 1835
38 4357
38 107
38 4358
38 1838
38 1840
38 1841
38 4359
38 110
38 4360
38 111
38 1846
38 112
38 113
38 1851
38 1858
38 4361
38 117
38 118
38 119
38 120
38 1867
38 1868
38 4362
38 4363
38 640
38 936
38 4364
38 1874
38 937
38 1880
38 1885
38 1540
38 1890
38 4365
38 4366
38 126
38 4367
38 4368
38 578
38 4369
38 127
38 4370
38 128
38 129
38 4371
38 3643
38 4372
38 133
38 134
38 636
38 4373
38 4374
38 135
38 4375
38 4376
38 4377
38 1413
38 4378
38 4379
38 4380
38 4381
38 942
38 138
38 1916
38 1917
38 140
38 4382
38 4383
38 750
38 1926
38 141
38 4384
38 4385
38 1931
38 1932
38 143
38 1936
38 1937
38 945
38 1940
38 4386
38 4387
38 947
38 4388
38 4389
38 145
38 4390
38 948
38 1945
38 4391
38 1947
38 1948
38 1949
38 1950
38 148
38 4392
38 149
38 4393
38 150
38 1955
38 952
38 953
38 4394
38 1959
38 1961
38 156
38 1962
38 1963
38 4395
38 1965
38 4396
38 4397
38 1968
38 1969
38 4398
38 755
38 1981
38 4399
38 1986
38 162
38 4400
38 896
38 4401
38 4402
38 163
38 1991
38 1992
38 164
38 4403
38 165
38 4404
38 1997
38 1999
38 168
38 2003
38 2006
38 2007
38 2009
38 169
38 2012
38 171
38 4405
38 4406
38 4407
38 4408
38 177
38 2024
38 180
38 4409
38 2030
38 965
38 4410
38 966
38 2033
38 4411
38 4412
38 4413
38 2037
38 4414
38 186
38 4415
38 189
38 4416
38 2040
38 2041
38 975
38 1408
38 4417
38 2050
38 2056
38 4418
38 4419
38 4420
38 4421
38 4422
38 197
38 4423
38 199
38 1547
38 4424
38 4425
38 4426
38 2069
38 4427
38 4428
38 2070
38 4429
38 4430
38 4431
38 208
38 4432
38 4433
38 4434
38 4435
38 2081
38 4436
38 4437
38 4438
38 2090
38 4439
38 2092
38 4440
38 4441
38 4442
38 4443
38 2100
38 4247
38 4444
38 2105
38 2106
38 2109
38 220
38 4445
38 2112
38 2119
38 4446
38 4447
38 4448
38 980
38 2127
38 226
38 2128
38 2130
38 4449
38 228
38 4450
38 2140
38 2141
38 4451
38 4452
38 4453
38 4454
38 4455
38 4456
38 234
38 4457
38 237
38 2148
38 4458
38 240
38 2152
38 4459
38 4460
38 241
38 987
38 2157
38 2159
38 2162
38 4461
38 2164
38 4462
38 4463
38 4464
38 249
38 4465
38 4466
38 1447
38 4467
38 4468
38 4469
38 2182
38 256
38 257
38 4470
38 2196
38 2201
38 2218
38 4471
38 2221
38 4472
38 262
38 263
38 4473
38 2230
38 266
38 4474
38 2232
38 268
38 2233
38 4475
38 4476
38 2243
38 4477
38 4478
38 271
38 2244
38 4479
38 4480
38 992
38 2247
38 671
38 4481
38 4482
38 4483
38 2255
38 4484
38 2258
38 276
38 4485
38 4486
38 4487
38 278
38 2266
38 2267
38 4488
38 2272
38 2275
38 4489
38 4490
38 4491
38 4492
38 4493
38 4494
38 287
38 2280
38 2285
38 289
38 4495
38 1000
38 2291
38 4496
38 2295
38 1002
38 2298
38 1003
38 4497
38 2299
38 2300
38 4498
38 4499
38 4500
38 4501
38 4502
38 297
38 298
38 2307
38 4503
38 4504
38 4505
38 4506
38 2308
38 2309
38 300
38 2310
38 2311
38 2312
38 2313
38 2314
38 2315
38 4507
38 2320
38 4508
38 4509
38 2324
38 2325
38 4510
38 4511
38 2328
38 304
38 305
38 306
38 307
38 1008
38 2330
38 4512
38 308
38 2332
38 4513
38 4514
38 4515
38 4516
38 4517
38 2337
38 310
38 2342
38 2344
38 4518
38 1010
38 4519
38 2350
38 2351
38 4520
38 4521
38 2355
38 4522
38 4523
38 4524
38 4525
38 4526
38 1013
38 2362
38 4527
38 4528
38 4529
38 2367
38 4530
38 4531
38 2373
38 4532
38 4533
38 4534
38 4535
38 4536
38 2387
38 2388
38 4537
38 4538
38 4539
38 4540
38 2398
38 1019
38 4541
38 4542
38 1020
38 2406
38 2407
38 4543
38 4544
38 4545
38 4546
38 4547
38 335
38 2424
38 4548
38 2426
38 2427
38 2429
38 4549
38 2431
38 2432
38 2433
38 2434
38 4550
38 4551
38 4552
38 4553
38 4554
38 4555
38 1025
38 4556
38 4557
38 342
38 2448
38 4558
38 2450
38 2451
38 4559
38 2452
38 4560
38 1026
38 4561
38 4562
38 899
38 2457
38 4563
38 4564
38 4565
38 2460
38 567
38 4566
38 4567
38 2462
38 2463
38 4568
38 4569
38 2465
38 2466
38 4570
38 2467
38 4571
38 2469
38 2473
38 2477
38 4572
38 4573
38 4574
38 4575
38 350
38 2488
38 2489
38 2492
38 2496
38 2497
38 4576
38 2506
38 2507
38 4577
38 4578
38 2510
38 2518
38 4579
38 4580
38 4581
38 4582
38 4583
38 4584
38 2531
38 4585
38 2535
38 356
38 357
38 358
38 2536
38 360
38 4586
38 2539
38 2541
38 4587
38 4588
38 2542
38 2543
38 2546
38 4589
38 4590
38 2555
38 4591
38 4592
38 4593
38 4594
38 4595
38 2562
38 4596
38 4597
38 2568
38 4598
38 1039
38 4599
38 4600
38 2572
38 1040
38 4601
38 4602
38 1041
38 2577
38 2578
38 4603
38 4604
38 373
38 2587
38 2588
38 2590
38 4605
38 2591
38 4606
38 376
38 4607
38 4608
38 4609
38 2598
38 4610
38 4611
38 4612
38 4613
38 4614
38 378
38 379
38 380
38 381
38 382
38 2606
38 2607
38 4615
38 2608
38 4616
38 4617
38 4618
38 4619
38 4620
38 386
38 4621
38 4622
38 4623
38 2624
38 4624
38 2628
38 2635
38 4625
38 4626
38 1055
38 4627
38 1056
38 4628
38 2638
38 4629
38 2640
38 2644
38 392
38 1058
38 4630
38 4631
38 4632
38 4633
38 1060
38 4634
38 4635
38 2653
38 4636
38 4637
38 4041
38 394
38 2658
38 4638
38 2663
38 4639
38 2665
38 2666
38 2668
38 2675
38 4640
38 4641
38 2680
38 4642
38 2685
38 4643
38 4644
38 2686
38 1071
38 2688
38 4645
38 4646
38 2690
38 2694
38 4647
38 4648
38 2698
38 4649
38 4650
38 2701
38 4651
38 2704
38 4652
38 2712
38 2713
38 2719
38 1076
38 2731
38 4653
38 2732
38 4654
38 2737
38 4655
38 4656
38 4657
38 810
38 2741
38 419
38 4658
38 4659
38 1660
38 4660
38 420
38 1082
38 421
38 422
38 423
38 424
38 2746
38 4661
38 4662
38 4663
38 2754
38 2756
38 2758
38 4664
38 2759
38 4665
38 1084
38 4666
38 4667
38 4668
38 1088
38 2764
38 4669
38 2766
38 2768
38 2771
38 4670
38 1090
38 2774
38 1091
38 4671
38 4672
38 4673
38 4674
38 1095
38 4675
38 2794
38 4676
38 4677
38 4678
38 4679
38 2800
38 4680
38 4681
38 4682
38 4683
38 1098
38 4684
38 4685
38 4686
38 814
38 4687
38 440
38 2815
38 2816
38 1105
38 4688
38 1107
38 4689
38 4690
38 4691
38 2826
38 1109
38 4692
38 4693
38 2832
38 2836
38 4694
38 4695
38 4696
38 4697
38 2845
38 4698
38 1120
38 2848
38 2849
38 4699
38 4700
38 2850
38 4701
38 4702
38 4703
38 4704
38 4705
38 2855
38 2859
38 2860
38 2861
38 2863
38 1124
38 2866
38 2867
38 4706
38 4707
38 2869
38 4708
38 2880
38 4709
38 4710
38 4711
38 446
38 4712
38 4713
38 1136
38 818
38 2890
38 4714
38 4715
38 1139
38 2894
38 4716
38 450
38 4717
38 1141
38 4718
38 4719
38 4720
38 1146
38 4721
38 2904
38 4722
38 4723
38 4724
38 4725
38 1149
38 4726
38 4727
38 4728
38 2909
38 4729
38 4730
38 4731
38 4732
38 454
38 1151
38 1152
38 1153
38 4733
38 456
38 2917
38 2918
38 4734
38 4735
38 4736
38 2924
38 1156
38 4737
38 1157
38 4738
38 4739
38 459
38 460
38 461
38 462
38 4740
38 2931
38 4741
38 4742
38 4743
38 1164
38 4744
38 2941
38 4745
38 4746
38 4747
38 466
38 1169
38 2951
38 4748
38 2956
38 4749
38 1175
38 2961
38 2963
38 4750
38 4751
38 4752
38 2965
38 4753
38 4754
38 4755
38 4756
38 2973
38 1188
38 1189
38 4757
38 4758
38 2977
38 4759
38 1194
38 824
38 1195
38 4760
38 4761
38 4762
38 4763
38 4764
38 3005
38 4765
38 3006
38 4766
38 4767
38 4768
38 4769
38 3011
38 3013
38 3015
38 4770
38 4771
38 4772
38 4773
38 4774
38 3024
38 3025
38 1203
38 3027
38 3029
38 4775
38 4776
38 4777
38 4778
38 3045
38 3046
38 1438
38 1207
38 3050
38 4779
38 3055
38 3056
38 3059
38 4780
38 473
38 4781
38 3064
38 4782
38 4783
38 4784
38 3072
38 4785
38 4786
38 4787
38 3080
38 3083
38 3085
38 4788
38 1214
38 714
38 4789
38 4790
38 4791
38 3093
38 1221
38 3095
38 4792
38 1222
38 4793
38 3100
38 3101
38 3103
38 3104
38 4794
38 3107
38 4795
38 3109
38 4796
38 3121
38 3123
38 4797
38 4798
38 3132
38 3135
38 490
38 4799
38 4800
38 4801
38 3152
38 3153
38 4802
38 3156
38 4803
38 3163
38 1240
38 4804
38 4805
38 1241
38 3172
38 4806
38 4807
38 3177
38 4808
38 4809
38 3181
38 3182
38 844
38 3191
38 4810
38 4811
38 4812
38 3206
38 4813
38 4814
38 4815
38 4816
38 4817
38 1247
38 901
38 3220
38 4818
38 4819
38 3227
38 4820
38 502
38 4821
38 3242
38 3244
38 3245
38 4822
38 3253
38 4823
38 4824
38 4825
38 3262
38 1264
38 4826
38 4827
38 4828
38 4829
38 4830
38 4831
38 3276
38 4832
38 4833
38 3288
38 4834
38 4835
38 4836
38 3303
38 509
38 4837
38 3309
38 4838
38 4839
38 1275
38 3318
38 3320
38 512
38 4840
38 4841
38 4842
38 4843
38 3328
38 513
38 1282
38 4844
38 4845
38 4846
38 3336
38 1286
38 3341
38 4847
38 4848
38 4849
38 3347
38 4850
38 518
38 4851
38 520
38 3362
38 4852
38 4853
38 4854
38 4855
38 3369
38 4856
38 3379
38 3381
38 3382
38 4857
38 3384
38 4858
38 4859
38 855
38 3393
38 523
38 4860
38 4861
38 3400
38 4862
38 1310
38 3402
38 527
38 528
38 1314
38 4863
38 4864
38 1316
38 4865
38 1317
38 4866
38 4867
38 4868
38 4869
38 3413
38 4870
38 4871
38 3417
38 4872
38 4873
38 4874
38 1324
38 4875
38 4876
38 4877
38 4878
38 4879
38 4880
38 3425
38 3427
38 3428
38 4881
38 4882
38 4883
38 3438
38 4884
38 535
38 3443
38 538
38 4885
38 539
38 1333
38 541
38 4886
38 4887
38 4888
38 4889
38 1336
38 4890
38 4891
38 4892
38 4893
38 4894
38 4895
38 4896
38 1338
38 3462
38 4897
38 3464
38 3465
38 4898
38 4899
38 4900
38 3477
38 4901
38 3478
38 1342
38 4902
38 4903
38 4904
38 4905
38 4906
38 4907
38 4908
38 4909
38 4910
38 4911
38 4912
38 4913
38 4914
38 3491
38 4915
38 4916
38 3495
38 4917
38 1347
38 4918
38 4919
38 4920
38 4921
38 1355
38 3516
38 4922
38 4923
38 3517
38 3520
38 4924
38 3522
38 3524
38 3526
38 4925
38 877
38 4926
38 4927
38 4928
38 3541
38 4929
38 4930
38 4931
38 3546
38 4932
38 4933
38 4934
38 1362
38 4935
38 3552
38 4936
38 4937
38 4938
38 4939
38 4940
38 4941
38 4942
38 1368
38 4943
38 4944
38 4945
38 4946
38 4947
38 4948
38 4949
38 4950
38 4951
38 1374
38 4952
38 4953
38 3581
38 3583
38 3585
38 4954
38 4955
38 4956
38 3589
38 1377
38 4957
38 3592
38 4958
38 4959
38 4960
38 4961
38 4962
38 564
38 4963
38 4964
38 4965
38 4966
38 4967
38 3601
38 4968
38 3606
38 4969
38 4970
38 4971
38 3607
38 3609
38 4972
38 4973
38 3615
4974 4975
4974 1489
4974 4976
4974 4977
4974 4978
4974 4979
4974 4980
4974 4981
4974 4982
4974 4983
4974 4984
4974 4985
4974 4986
4974 4987
4974 4988
4974 4989
4990 197
4148 4991
701 85
4992 85
4992 1630
4993 45
4993 46
4993 4994
4993 4995
4993 4996
4993 70
4993 4997
4993 4998
4993 962
4993 4999
4993 256
4993 5000
4993 5001
4993 5002
5003 197
1558 5004
39 45
39 69
39 70
39 117
39 5005
39 1483
39 5006
39 2027
39 5007
39 5008
39 1489
39 5009
39 5010
39 5011
39 5012
39 5013
39 5014
39 256
39 5015
39 5016
39 5017
39 5018
39 3755
39 3759
39 5019
39 5020
39 5021
39 5022
39 4209
39 5023
39 5024
39 3806
39 5025
39 5026
39 5027
39 5028
39 5029
39 5030
39 5031
39 5032
39 5033
39 5034
39 5035
39 5036
39 5037
39 5038
39 5039
39 5040
1626 635
1626 70
1626 5041
1626 5042
1626 5043
1626 5044
1626 5045
1626 5046
1626 5047
1626 5048
1626 5049
1626 5050
1626 5051
1626 5052
1626 5053
1626 5054
1626 5055
1626 5056
1626 5057
1626 5058
1626 5059
1626 5060
1626 5061
1626 5062
1626 5063
1626 5064
1626 5065
1626 5066
1626 5067
1626 5068
1626 5069
1626 5070
1626 5071
1626 5072
1626 5073
1626 5074
1626 5075
1626 5076
1626 5077
1626 5078
1626 5079
1626 5080
1626 5081
1626 5082
1626 5083
1626 5084
1626 5085
1626 5086
1626 5087
1626 5088
1626 5089
1626 5090
1626 5091
1626 5092
1626 5093
1626 2628
1626 5094
1626 5095
1626 5096
1626 5097
1626 5098
1626 5099
1626 5100
1626 5101
1626 1599
1626 1600
1626 1601
1626 5102
1626 1603
1626 5103
1626 5104
1626 5105
1626 5106
1626 5107
1626 5108
1626 5109
1626 5110
1626 5111
1626 5112
1626 5113
1626 5114
1626 5115
1626 5116
1626 5117
1626 5118
1626 5119
1626 5120
1626 5121
1626 5122
1626 5123
1626 5124
1626 5125
1626 5126
1626 5127
5128 1457
5128 45
5128 635
5128 1522
5128 5129
5128 70
5128 1472
5128 1476
5128 85
5128 117
5128 5130
5128 1585
5128 1477
5128 1478
5128 5131
5128 5132
5128 5041
5128 164
5128 171
5128 1706
5128 5133
5128 1487
5128 1489
5128 5134
5128 5135
5128 5136
5128 5137
5128 5138
5128 5052
5128 5139
5128 5140
5128 5141
5128 256
5128 1493
5128 5063
5128 3736
5128 998
5128 5142
5128 5143
5128 5070
5128 5144
5128 5145
5128 5146
5128 5147
5128 5148
5128 5149
5128 5150
5128 5151
5128 5152
5128 5085
5128 5153
5128 5089
5128 5154
5128 5090
5128 5155
5128 2628
5128 5096
5128 5156
5128 5157
5128 5158
5128 5159
5128 5160
5128 5161
5128 5108
5128 5162
5128 5163
5128 5164
5128 5165
5128 5112
5128 5166
5128 5167
5128 5168
5128 5169
5128 5170
5128 5171
5128 5172
1704 5173
1704 1590
1704 5174
1741 55
1741 104
1741 5175
1741 145
1741 610
1741 163
1741 164
1741 611
1741 2195
1741 2422
1741 5176
736 635
736 3623
736 62
736 3627
736 70
736 1478
736 641
736 5177
736 253
736 1489
736 766
736 256
736 1493
736 3729
736 5178
736 3768
736 5179
736 800
736 1511
736 5180
736 5181
736 5182
5183 1443
5183 5184
1742 189
3919 720
1457 3617
1457 45
1457 48
1457 5185
1457 4319
1457 5186
1457 1405
1457 4207
1457 5187
1457 62
1457 572
1457 1469
1457 5188
1457 70
1457 639
1457 5189
1457 3631
1457 5190
1457 1476
1457 3633
1457 3637
1457 3638
1457 3639
1457 3643
1457 1477
1457 1478
1457 133
1457 5191
1457 3650
1457 5192
1457 5193
1457 1906
1457 5043
1457 5194
1457 3656
1457 162
1457 164
1457 962
1457 5195
1457 5196
1457 2027
1457 3665
1457 5197
1457 3666
1457 5198
1457 5199
1457 3951
1457 5200
1457 2182
1457 5201
1457 255
1457 5202
1457 5203
1457 5204
1457 1489
1457 5205
1457 5206
1457 5207
1457 5208
1457 5209
1457 3683
1457 3684
1457 5210
1457 5211
1457 5212
1457 5213
1457 5214
1457 256
1457 257
1457 1493
1457 5215
1457 3754
1457 5216
1457 5217
1457 5218
1457 5219
1457 3771
1457 3772
1457 5220
1457 5221
1457 5222
1457 4624
1457 799
1457 5223
1457 5224
1457 1509
1457 5225
1457 394
1457 3832
1457 5226
1457 5227
1457 5228
1457 5229
1457 5230
1457 3848
1457 5231
1457 5232
1457 5233
1457 5234
1457 5235
1457 5236
1457 5237
1457 3874
1457 5238
1457 5239
1457 5240
1457 3891
1457 5241
1457 5242
1457 5243
1457 5244
1457 5245
5246 1531
5247 4145
5247 639
5248 1531
5249 1531
5250 1531
4145 5251
4145 5252
4145 5253
4145 5254
5255 1408
5255 591
5256 4106
1715 1746
1716 5257
1716 1746
1717 1746
1718 1746
1718 1751
1718 5258
1719 1746
1720 1746
1721 1746
1721 5259
1721 109
1722 1746
5260 1746
1724 1746
1725 1746
1726 1746
1572 1746
1572 4327
1572 4349
5257 5261
5257 899
1458 1616
1458 962
5262 980
5262 1074
5263 197
4051 197
5264 197
4057 197
4062 197
4071 197
4078 197
4084 197
5265 5266
5265 5267
5268 49
5269 49
5270 49
5271 49
5272 49
5273 49
5274 5275
5274 49
5275 49
5276 49
912 5277
912 4106
3617 1405
3617 5278
3617 5279
3617 5280
3617 5281
3617 5282
3617 5283
3617 5284
3617 5285
3617 5286
3617 5287
3617 1469
3617 70
3617 117
3617 1477
3617 256
3617 5288
3617 5289
3617 5290
3617 5291
5292 197
5293 4339
5294 189
5294 5295
5294 2200
5294 5296
1727 1746
1745 1746
5297 1728
5298 1746
5298 5299
42 1749
42 5300
42 920
42 61
42 84
42 85
42 117
42 1585
42 5301
42 588
42 755
42 163
42 164
42 4237
42 189
42 1489
42 5302
42 2292
42 5303
42 5304
42 2948
3618 1746
3618 5305
1746 5306
1746 1728
1746 5307
5308 1728
1748 163
1748 5309
1748 5310
1748 5311
1748 2191
1748 5312
1748 5313
1748 5314
1748 5315
1748 5316
1748 5317
1748 5318
1748 5319
1748 5320
1748 5321
1748 5322
43 85
43 1436
43 103
43 163
43 164
43 1649
43 5323
43 5324
43 1660
43 5325
43 5326
43 1667
43 5327
43 5328
43 5329
43 5330
43 5331
43 5332
43 5333
1751 59
1751 450
5334 4296
5335 4330
5335 100
5335 591
5335 5336
5252 1531
5337 5338
5339 1531
5340 1531
4116 4109
5341 5189
5342 1616
1634 49
5343 1615
5343 962
737 44
737 46
737 917
737 53
737 55
737 56
737 5344
737 61
737 63
737 73
737 5345
737 103
737 104
737 5346
737 1539
737 107
737 5347
737 118
737 119
737 1893
737 132
737 138
737 1917
737 1562
737 163
737 164
737 189
737 197
737 2180
737 5348
737 2231
737 5349
737 5350
737 2318
737 4510
737 5351
737 2345
737 5352
737 5353
737 5354
737 2417
737 2471
737 2520
737 4594
737 5355
737 1061
737 5356
737 2833
737 2905
737 5357
737 5358
737 3000
737 5359
737 5360
737 5361
737 5362
737 3172
737 5363
737 5364
737 5365
737 5366
737 5367
737 5368
737 5369
737 5370
737 5371
737 5372
737 5373
737 5374
737 5375
737 3342
737 5376
737 5377
737 5378
737 5379
737 5380
737 5381
737 5382
1615 1405
1615 5383
1615 962
1615 5384
1615 5385
580 189
580 568
580 388
580 400
44 5386
44 61
44 63
44 70
44 74
44 608
44 117
44 1562
44 588
44 755
44 610
44 163
44 164
44 189
5387 5388
1705 5389
45 1753
45 1703
45 5390
45 5391
45 635
45 4319
45 1405
45 5392
45 5393
45 63
45 5394
45 3630
45 71
45 1472
45 73
45 5395
45 1476
45 3633
45 85
45 103
45 117
45 3638
45 5396
45 3643
45 5397
45 5398
45 5399
45 5400
45 131
45 1478
45 1479
45 3646
45 133
45 5401
45 5192
45 5402
45 5403
45 5404
45 5405
45 5406
45 1542
45 755
45 164
45 171
45 180
45 3662
45 5407
45 5408
45 2027
45 5409
45 3666
45 5410
45 3667
45 5411
45 5412
45 198
45 1486
45 2182
45 5201
45 5413
45 5414
45 5415
45 5416
45 5417
45 5418
45 5209
45 5419
45 5420
45 5421
45 5422
45 5423
45 5424
45 5425
45 5426
45 5427
45 4208
45 5428
45 5429
45 5430
45 5431
45 5432
45 5433
45 5434
45 5435
45 5436
45 257
45 5437
45 3717
45 5438
45 5439
45 5440
45 5441
45 1493
45 5442
45 3736
45 5443
45 5444
45 3740
45 5445
45 331
45 5446
45 3750
45 5447
45 5448
45 5449
45 5450
45 5451
45 5452
45 5453
45 5454
45 5455
45 5456
45 5457
45 5458
45 5459
45 5460
45 3789
45 387
45 5461
45 5462
45 799
45 5463
45 5464
45 5465
45 5466
45 5467
45 5468
45 5469
45 400
45 3827
45 3830
45 5470
45 5471
45 5472
45 1515
45 3845
45 5473
45 5474
45 5475
45 474
45 5476
45 5477
45 5478
45 5479
45 5480
45 5481
45 5482
45 3881
45 5483
45 5484
45 5485
45 5486
45 5487
45 5488
45 5489
45 5490
913 189
1753 5491
1753 1616
1753 5193
1753 5492
1753 5493
1753 5494
1753 5495
665 3636
665 186
914 593
914 993
1754 189
5496 189
1755 161
1755 4469
1755 3435
5497 1703
5497 1463
5498 5499
5498 4106
4293 937
4293 4296
1756 84
1756 117
1756 1540
1756 5500
1756 5501
1756 5502
1756 164
1756 2002
1756 2008
1756 5503
1756 1549
1756 2224
1756 5504
1756 5505
1756 5506
1756 5507
1756 5508
1756 5509
1756 5510
1756 5511
1756 5512
583 61
583 5513
583 5514
583 5515
583 5516
583 1822
583 5517
583 708
583 1907
583 710
583 5518
583 189
583 5519
583 5520
583 5521
583 2302
583 5522
583 5523
583 5524
583 353
583 5525
583 5526
583 5527
583 5528
583 5529
583 5530
583 5531
583 5532
583 2986
583 5533
583 5534
583 3115
583 3146
583 5535
583 5536
583 3266
583 3339
583 5537
583 5538
583 5539
583 5540
583 5541
583 5542
5543 1965
4315 4448
5544 5545
5546 63
5546 1809
5546 117
46 5390
46 5547
46 5391
46 3667
46 5548
5549 138
1530 1784
47 171
5550 1447
5550 2374
915 591
48 55
48 63
48 69
48 71
48 72
48 74
48 84
48 85
48 103
48 107
48 117
48 163
48 164
48 189
48 2182
48 2189
48 5217
48 2630
48 5551
48 5552
48 488
48 5553
5554 1405
5554 5555
5554 5556
1459 3621
1459 5557
1459 70
1459 3643
1459 180
1459 5558
1459 1631
1459 5559
1459 5560
1459 5561
1459 5562
1459 3785
1459 5563
1459 5564
1459 3820
1459 5565
1459 400
1459 827
1459 5566
1459 3840
1459 5567
1459 3848
1459 5568
1459 5569
1459 5570
5571 5572
5571 1447
5571 1449
5573 662
702 59
702 84
702 117
702 588
702 610
702 164
702 197
3619 3625
3619 5574
3619 5575
3619 1645
3619 5576
3619 5577
5578 5579
5580 570
5580 602
1703 5581
1703 70
1703 164
1703 5582
1703 5583
1703 5584
1703 256
1703 695
1703 400
5585 720
5585 636
5585 189
5585 305
5390 5391
5391 5586
5391 5587
5391 1405
5587 70
5587 962
5588 1405
5588 962
5588 5205
5588 5589
5588 5590
5588 5591
5588 5592
5588 5593
5588 5594
635 572
635 639
635 1472
635 641
1461 5595
1461 3743
1461 5596
1461 3812
1461 3877
1462 1489
1462 1493
1462 5597
1462 5598
1462 5599
1462 5600
1462 5601
1462 400
1463 70
1463 117
1463 5399
1463 5400
1463 164
1463 5582
1463 5602
1463 256
1463 5603
1463 5604
1463 5605
1463 5606
1463 5607
1463 3769
1463 5608
1463 5609
1463 5610
1463 5611
1463 5612
1463 400
1463 5613
1463 3889
1463 5614
1463 5615
1465 5616
1465 5617
1465 5618
1465 5619
1465 5620
5621 85
49 4093
49 5622
49 5623
49 5624
49 4119
49 5625
49 5626
49 5627
49 5628
49 5629
49 5630
49 5631
49 5632
49 5633
49 5634
49 5635
49 5636
49 4098
49 5637
49 5638
49 5639
5640 5641
5640 5642
5640 85
5640 5643
5640 5644
5640 5645
5640 5646
5640 5647
4316 85
5648 5649
5648 5650
5648 5651
5648 695
5648 696
5648 5652
5653 84
5653 189
5654 1531
5655 1531
1430 1531
5656 1531
5657 5658
5659 5660
5659 5661
5659 5662
5659 5663
5659 5664
5659 5665
5659 5666
5659 695
5659 696
5667 152
5668 5669
5668 5670
916 85
916 189
5671 593
1758 189
1759 138
1759 2043
1759 5672
1759 2756
1760 189
5673 1472
5674 640
5660 5675
5676 4375
4317 150
5677 1915
50 189
5678 2173
1763 1540
1763 1965
1763 5679
5680 85
917 59
917 61
917 63
917 5681
917 74
917 84
917 85
917 4355
917 117
917 588
917 164
917 5682
917 189
917 5683
917 5684
917 4681
917 5685
917 4803
5686 1917
5686 163
5686 5687
5686 5688
5689 2133
5690 5602
5691 2133
5691 5692
5693 5694
5258 695
5258 696
5695 5696
5695 695
5695 696
5697 71
51 70
51 5698
51 3634
51 117
51 1477
51 1478
51 164
51 962
51 1486
51 5699
51 5700
51 3822
51 5701
51 3897
1404 1469
1404 5702
1404 5703
1404 1489
1404 3795
1404 5704
1404 5705
1404 5706
1404 5707
5185 5708
5185 5709
5185 5710
5185 5711
5185 5712
5185 5713
5185 3680
5185 5714
5185 5715
5185 5716
5185 5717
5185 5718
5185 5719
5185 5720
5185 5721
5185 5722
5185 5723
5185 5724
5185 5725
5185 5726
5727 2182
5728 2185
5728 3704
5729 572
5730 70
1466 4207
1466 3679
1466 5731
1466 3715
1466 1496
1466 1499
1466 1501
1466 5732
5733 5698
1765 100
1765 189
5734 2528
5735 5736
5735 5737
918 5738
918 5348
918 570
918 602
5739 572
5740 1437
5740 1438
5741 5742
3622 5396
5743 1438
4226 902
5744 5396
1768 145
5745 1531
5745 5746
5694 1531
5747 133
1531 5748
1531 5749
1531 5750
1531 5751
1531 5752
1531 5753
1531 5658
1531 5754
1531 117
1531 133
1531 164
1531 695
1531 1493
1531 591
1531 5755
1531 5338
1769 85
1770 2265
1770 2420
1771 4329
1771 5756
1771 5757
1771 5758
1771 5759
1771 3029
1771 3259
1771 5760
1771 3372
1771 5761
1771 5762
1771 5763
1771 1373
1771 3598
5491 5764
52 5765
52 84
52 117
52 127
52 5766
52 256
5767 189
5768 133
5769 70
5769 5770
5769 400
5771 5772
5771 5773
5771 4501
5771 1020
5771 5774
5771 2572
5771 5775
5772 1020
53 5776
53 920
53 5777
53 5778
53 59
53 61
53 63
53 70
53 74
53 85
53 5779
53 117
53 5780
53 724
53 5781
53 5782
53 1562
53 755
53 164
53 962
53 3947
53 5783
53 5784
53 5785
53 5786
53 5787
53 5788
53 5789
53 5790
53 5791
53 5792
53 5793
53 3959
53 5794
53 5795
53 979
53 5796
53 5797
53 5798
53 5799
53 5800
53 5801
53 5802
53 5803
53 5804
53 5805
53 5806
53 5807
53 5808
53 2270
53 5809
5810 5811
5812 5813
5812 5814
5812 5815
5812 5816
5812 54
5812 920
5812 5811
5812 5817
5812 5779
5812 5818
5812 5819
5812 5820
5812 164
5812 219
5813 5811
5821 5811
5821 936
5814 5811
5814 5820
5814 3947
1532 5822
1532 5811
1532 5823
1532 5824
1532 5295
5815 5811
5815 5825
5815 5826
5816 5811
5827 5825
5827 164
5828 920
5828 63
5828 84
5828 122
5828 164
5828 5829
5828 2621
5830 936
5830 5784
5822 920
5822 5777
5822 5831
5822 5832
5822 5833
5822 5834
5822 219
5822 5835
5822 5836
5837 740
5837 5811
5837 63
5837 84
5837 85
5837 164
5837 5838
5837 5839
5837 5840
5837 5841
5837 5842
5837 5843
5837 5844
5776 164
920 3920
920 740
920 5778
920 5845
920 4227
920 61
920 5811
920 63
920 718
920 70
920 74
920 84
920 608
920 929
920 1831
920 5817
920 5779
920 117
920 5846
920 5847
920 5848
920 5849
920 5850
920 3932
920 5818
920 5851
920 122
920 5852
920 5853
920 5854
920 5825
920 5855
920 724
920 936
920 5856
920 3936
920 1874
920 5782
920 4236
920 5857
920 1880
920 133
920 588
920 755
920 163
920 164
920 962
920 5858
920 5859
920 5860
920 5834
920 3947
920 5861
920 5787
920 3948
920 5862
920 3949
920 4247
920 5863
920 5793
920 5864
920 5865
920 3959
920 5794
920 5866
920 5841
920 256
920 5867
920 5868
920 5869
920 2198
920 904
920 5870
920 5871
920 5872
920 5873
920 5806
920 5874
920 5875
920 400
920 488
920 5876
3920 63
3920 84
3920 122
3920 133
3920 164
3920 5834
3920 5877
5878 84
5878 164
5878 5869
5879 5811
740 741
740 133
740 5880
740 5835
740 5789
740 5881
740 5791
740 3959
740 5882
740 5868
740 5883
740 5884
740 5804
5885 741
5886 3947
5778 164
5845 84
5845 5781
5845 164
5845 5887
5845 5871
5845 5802
4319 70
4319 74
4319 117
4319 3639
4319 1477
4319 5888
4319 1478
4319 5889
4319 610
4319 164
4319 962
4319 1489
4319 256
4319 1493
4319 5890
1773 84
5891 5892
55 59
55 61
55 5893
55 63
55 5894
55 70
55 74
55 608
55 85
55 1810
55 5895
55 5896
55 112
55 113
55 117
55 5897
55 1899
55 127
55 5500
55 1912
55 141
55 1931
55 1562
55 588
55 1681
55 4386
55 1942
55 5898
55 5899
55 948
55 154
55 1965
55 1970
55 755
55 610
55 163
55 164
55 1994
55 2008
55 189
55 4419
55 199
55 5900
55 5901
55 5902
55 5903
55 4434
55 5904
55 5905
55 1645
55 2107
55 979
55 5520
55 2124
55 226
55 2128
55 4449
55 228
55 5521
55 5906
55 5907
55 5908
55 5909
55 5910
55 5911
55 5912
55 2229
55 269
55 2243
55 2247
55 4485
55 2266
55 5913
55 5914
55 5915
55 5916
55 2301
55 4499
55 2303
55 4511
55 5917
55 2344
55 5918
55 5919
55 2371
55 2375
55 5920
55 2383
55 2384
55 5921
55 2386
55 2388
55 5922
55 2394
55 5923
55 2402
55 1019
55 4542
55 2406
55 332
55 5924
55 5925
55 5926
55 5927
55 4551
55 1022
55 5928
55 1024
55 5929
55 2446
55 4559
55 5930
55 2457
55 2459
55 2460
55 2483
55 2486
55 5931
55 5932
55 5933
55 2502
55 4582
55 2529
55 359
55 5934
55 2539
55 2546
55 5935
55 5936
55 2576
55 2580
55 2584
55 4608
55 2601
55 5937
55 5938
55 5939
55 4627
55 5940
55 2645
55 2646
55 5941
55 5942
55 2676
55 5943
55 2730
55 5944
55 419
55 5945
55 5946
55 2772
55 5947
55 5527
55 5948
55 5949
55 814
55 5950
55 5528
55 2838
55 5951
55 1121
55 5952
55 2889
55 5953
55 5954
55 5955
55 4742
55 2933
55 4745
55 2959
55 2969
55 5956
55 2976
55 5957
55 2985
55 5958
55 5959
55 5960
55 3031
55 3037
55 5961
55 3064
55 5962
55 5963
55 3144
55 5964
55 5965
55 3188
55 5966
55 5967
55 5968
55 3274
55 5969
55 3322
55 5970
55 521
55 5971
55 3414
55 3474
55 5972
55 5973
55 5974
55 5975
55 3556
55 881
55 5976
55 5977
55 4954
5978 1443
5978 1449
56 59
56 61
56 63
56 70
56 74
56 85
56 113
56 117
56 1562
56 588
56 755
56 164
56 189
56 302
56 2415
56 5979
56 5980
56 3452
56 5981
5982 4329
5982 5983
5982 963
5982 591
741 5872
5984 4420
5984 5985
5986 63
5986 74
5986 103
5986 1852
5986 189
5986 340
5986 5987
5986 5988
5986 2647
5344 74
5344 3639
5344 5989
921 5990
921 189
921 4426
921 1020
4320 189
1774 158
1775 5991
1775 5992
1775 5993
1775 5994
1775 5995
1775 5996
1775 5997
1775 5716
1775 5998
1775 5999
1775 6000
1775 5725
1775 6001
1775 6002
1775 6003
1775 6004
6005 3633
6006 5991
5186 6007
5186 3662
5186 6008
5186 6009
5186 6010
5186 6011
5186 6012
6013 5912
6014 6015
6014 6016
6014 198
6014 5742
6017 6018
6019 256
6019 695
6019 696
1405 6020
1405 70
1405 6021
1405 117
1405 163
1405 962
1405 1489
1405 6022
1405 256
1405 695
1405 295
1405 591
5392 6023
6024 133
6024 2027
6025 3653
6026 70
6026 117
6026 133
6026 163
6026 6027
6026 256
6026 695
6026 6028
6026 6029
6026 3828
6030 3638
6030 5427
6030 6031
6032 189
58 104
58 1551
1533 922
6033 5736
1522 70
1522 608
1522 85
1522 117
1522 1585
1522 588
1522 164
1522 198
1522 256
1522 6034
887 1918
1640 6035
1640 1438
5736 5737
5736 6036
5736 5711
5736 5389
5736 6037
5736 6038
59 4227
59 6039
59 61
59 74
59 80
59 84
59 85
59 101
59 102
59 103
59 104
59 1539
59 107
59 116
59 117
59 119
59 120
59 1540
59 1893
59 130
59 132
59 636
59 138
59 1917
59 145
59 150
59 1544
59 755
59 161
59 610
59 163
59 164
59 165
59 758
59 189
59 4419
59 197
59 207
59 229
59 1549
59 278
59 370
59 2683
59 2700
59 2960
59 1177
59 1438
59 6040
59 3411
4207 1785
4207 70
4207 1476
4207 6041
4207 84
4207 117
4207 1864
4207 1585
4207 1477
4207 6042
4207 6043
4207 1478
4207 133
4207 641
4207 1481
4207 6044
4207 164
4207 962
4207 189
4207 6045
4207 1489
4207 6046
4207 2184
4207 6047
4207 4208
4207 5731
4207 256
4207 6048
4207 1493
4207 6049
4207 5608
4207 6050
4207 3781
4207 3790
4207 1506
4207 1709
4207 6051
4207 6052
4207 6053
4207 6054
4207 3855
4207 6055
4207 6056
4207 6057
4207 6058
4207 6040
4207 6059
4207 6060
4207 6061
4207 6062
4207 6063
4227 1873
4227 6064
4227 6065
4227 6066
4227 6067
6039 253
6068 6069
6068 2219
922 705
922 751
922 591
5773 1020
3921 640
3921 5868
3921 6070
3921 6071
3921 6072
6073 85
6074 189
923 6075
923 80
923 84
923 117
923 256
923 6076
923 6077
5641 6078
5641 6079
5642 6078
1777 189
6080 1568
1778 616
1779 74
1779 948
1779 3231
4228 4229
4228 121
4228 902
4228 6081
4228 6082
4228 6083
4228 6084
4228 6085
4228 6086
4228 6087
4228 6088
4228 6089
4228 6090
4228 6091
4228 6092
4228 6093
4228 6094
4228 3968
4228 4251
4228 6095
4228 4253
4228 6096
4228 4254
4228 6097
4228 6098
4228 6099
4228 4259
4228 6100
4228 6101
4228 6102
4228 6103
4228 6104
4228 4263
4228 6105
4228 6106
4228 6107
4228 6108
4228 4273
4228 4001
4228 4277
4228 6109
4228 6110
4228 6111
4228 6112
4228 6113
4228 6114
4228 4287
4228 6115
4228 6116
4228 6117
4161 1807
4161 1642
4161 6118
4161 189
4161 2323
4161 2397
4161 6119
4161 6120
4161 6121
4161 1438
4161 6122
6123 189
3623 63
3623 70
3623 1472
3623 1476
3623 6124
3623 117
3623 1478
3623 6125
3623 164
3623 962
3623 6126
3623 6127
3623 256
3623 6128
3623 1493
3623 260
3623 6129
1467 5429
5187 6130
5187 2182
5187 6131
5187 6132
5187 6133
5187 6134
5187 6135
3624 3625
3624 6045
3624 6136
3624 1010
3624 2745
3624 829
3624 6055
61 1421
61 63
61 1472
61 72
61 73
61 74
61 80
61 84
61 608
61 85
61 929
61 96
61 1824
61 101
61 102
61 103
61 744
61 104
61 107
61 112
61 1855
61 116
61 117
61 118
61 119
61 747
61 6137
61 120
61 640
61 6138
61 122
61 3937
61 6139
61 1893
61 126
61 129
61 1477
61 133
61 636
61 4375
61 1413
61 6140
61 138
61 1414
61 1917
61 1562
61 588
61 145
61 146
61 149
61 150
61 156
61 6141
61 755
61 161
61 1545
61 163
61 164
61 166
61 179
61 758
61 189
61 197
61 1547
61 2078
61 1415
61 217
61 6142
61 228
61 229
61 6143
61 6144
61 2195
61 6145
61 6146
61 998
61 6147
61 602
61 1034
61 373
61 6148
61 434
61 6149
61 6150
61 6151
61 2878
61 5679
61 2890
61 6152
61 6153
61 1166
61 4746
61 1183
61 2989
61 2990
61 6154
61 3071
61 6155
61 6156
61 6157
61 1233
61 6158
61 4808
61 6159
61 6160
61 6161
61 6162
61 6163
61 6164
61 3484
61 3519
61 6165
61 1369
61 3582
5283 612
6166 5214
6166 1508
5737 5992
5737 5711
5737 6167
5737 6038
5393 695
5393 696
1782 1616
6168 133
6168 1489
6168 5994
6168 6169
6168 6170
6168 6171
6168 6172
6168 6173
6168 6174
6168 6175
6168 6176
6168 6177
6168 6178
6168 6179
6168 6180
6168 6181
6168 6182
6168 6183
6168 6184
6168 6185
6168 6186
6168 6187
6168 6188
6168 5724
6168 6189
6168 6190
6168 6191
6168 6192
6168 6193
6168 6194
6168 6195
6168 6196
6168 6197
62 70
62 85
62 117
62 3636
62 3643
62 1478
62 1542
62 164
62 171
62 962
62 6198
62 189
62 1489
62 6199
62 3691
62 6200
62 6201
62 6202
62 6203
62 3699
62 256
62 1493
62 3730
62 3745
62 3783
62 3793
62 6204
62 6205
62 6206
62 6207
62 3816
62 3023
62 6208
62 6209
1468 6210
6211 133
6211 6212
6211 6213
6211 6214
6211 6215
6211 6216
6211 3877
4995 117
4995 1477
4995 1478
4995 1493
6217 3683
6218 70
6218 74
6218 117
6218 1585
6218 1478
6218 180
6218 198
6218 1489
6218 5050
6218 6219
6218 6220
6218 6221
6218 6222
6218 6223
6218 256
6218 1493
6218 6224
6218 6225
6218 6226
6218 6227
4996 1469
4996 3630
4996 70
4996 5189
4996 3638
4996 3639
4996 133
4996 962
4996 5201
4996 6228
4996 6229
4996 6230
4996 6231
4996 6232
6233 5711
6234 85
6234 4376
5991 6235
5991 5711
5991 6167
5893 4331
1783 85
1783 1552
1783 1401
1783 6236
1783 6237
1783 6238
6239 100
6239 138
6239 591
1784 100
1784 4476
1784 6240
1784 6241
1784 6242
1784 6243
1784 6244
1784 3253
6245 591
6245 681
1785 1812
1785 6246
1785 6247
1785 6248
1785 163
1785 6249
1785 6250
1785 6251
1785 6252
1785 6253
1785 5930
1785 6254
1785 6255
1785 6256
1785 6257
1785 6258
1785 6259
1785 6260
1785 6059
1785 6261
1785 6262
1785 6263
5811 63
5811 5818
5811 5820
5811 6264
5811 219
5811 695
5811 6265
5811 732
5811 1550
5811 591
4321 85
4321 189
63 6266
63 6267
63 70
63 71
63 72
63 73
63 6268
63 74
63 6269
63 1536
63 80
63 84
63 85
63 6270
63 6271
63 6272
63 6273
63 1809
63 6274
63 6275
63 6276
63 6277
63 101
63 102
63 6278
63 6279
63 6280
63 103
63 744
63 104
63 6281
63 1831
63 6282
63 1539
63 107
63 6283
63 4028
63 116
63 6284
63 117
63 118
63 119
63 576
63 120
63 1871
63 4363
63 640
63 6285
63 5846
63 6286
63 6287
63 5825
63 937
63 1885
63 1893
63 4029
63 4369
63 3637
63 130
63 1477
63 1478
63 132
63 1479
63 133
63 5405
63 5194
63 4030
63 636
63 1542
63 138
63 1912
63 6288
63 1929
63 1562
63 1937
63 588
63 6289
63 6290
63 145
63 752
63 147
63 6291
63 1952
63 150
63 1544
63 6292
63 755
63 161
63 610
63 163
63 164
63 165
63 6293
63 6294
63 962
63 179
63 3666
63 758
63 4032
63 186
63 4415
63 189
63 972
63 6295
63 611
63 2053
63 197
63 1547
63 4428
63 6296
63 2082
63 6297
63 2086
63 213
63 4442
63 217
63 6298
63 6299
63 6300
63 5839
63 5840
63 6301
63 6302
63 2117
63 6303
63 6304
63 6305
63 228
63 229
63 6306
63 1549
63 4456
63 236
63 6307
63 241
63 2171
63 2172
63 6308
63 255
63 3690
63 6309
63 256
63 257
63 5437
63 3726
63 260
63 6028
63 5796
63 6310
63 2195
63 6311
63 6312
63 6313
63 6314
63 6315
63 5989
63 6316
63 6146
63 6317
63 990
63 2241
63 4035
63 276
63 6318
63 278
63 998
63 1001
63 6319
63 5915
63 6320
63 6321
63 4499
63 6322
63 5507
63 6323
63 6324
63 6325
63 304
63 305
63 306
63 307
63 6326
63 6327
63 310
63 6328
63 6329
63 6330
63 6331
63 6332
63 2379
63 2401
63 6333
63 331
63 5924
63 2416
63 2422
63 4549
63 6334
63 340
63 2438
63 5928
63 1024
63 6335
63 6336
63 6337
63 4562
63 2458
63 346
63 2466
63 6338
63 2479
63 2481
63 6339
63 2512
63 6340
63 672
63 2526
63 6341
63 2532
63 356
63 357
63 358
63 6342
63 6343
63 5935
63 5525
63 1036
63 2563
63 363
63 365
63 2577
63 370
63 373
63 6344
63 2589
63 6345
63 6346
63 378
63 379
63 381
63 382
63 5355
63 6347
63 2613
63 6348
63 3791
63 3810
63 1510
63 6349
63 6350
63 4627
63 803
63 6351
63 2659
63 2661
63 674
63 6352
63 4642
63 2684
63 6353
63 2706
63 2708
63 6354
63 6355
63 2737
63 6356
63 421
63 422
63 423
63 424
63 2749
63 6357
63 811
63 6358
63 2761
63 6359
63 6360
63 6361
63 6362
63 6363
63 2807
63 6364
63 2809
63 6365
63 2819
63 2823
63 6366
63 6367
63 676
63 6368
63 2857
63 6369
63 2895
63 6370
63 6371
63 6372
63 454
63 6373
63 6374
63 2927
63 6375
63 5509
63 459
63 460
63 462
63 2935
63 2936
63 2943
63 6376
63 1175
63 2983
63 824
63 4764
63 6377
63 6378
63 6379
63 6380
63 6381
63 6382
63 4784
63 6383
63 3086
63 3102
63 3105
63 3125
63 6384
63 1228
63 6385
63 3134
63 488
63 6386
63 6387
63 6388
63 4805
63 3199
63 502
63 3236
63 3247
63 6389
63 6390
63 6391
63 849
63 3286
63 6392
63 4837
63 6393
63 6394
63 6395
63 6396
63 1293
63 6397
63 6398
63 3368
63 4856
63 6399
63 3383
63 3389
63 3394
63 524
63 6400
63 6401
63 528
63 3408
63 6163
63 6402
63 4869
63 536
63 6403
63 3444
63 6404
63 541
63 3454
63 6405
63 3476
63 6406
63 4914
63 4917
63 6407
63 1354
63 6408
63 3536
63 6409
63 6410
63 6411
63 6412
63 6413
63 4956
63 6414
63 6415
718 5817
718 5849
718 5850
718 6416
718 6417
718 1917
718 6418
718 6419
718 5791
718 5868
718 5883
718 6420
718 6421
718 3988
718 6422
6423 572
6423 133
6423 6424
6423 6425
6426 6427
6428 190
4322 391
1786 943
1786 6429
6430 84
6430 6431
6432 5711
6432 6433
6432 6434
6432 6167
6432 6435
4323 85
4323 165
4323 189
6266 1540
6266 588
6266 164
6266 6436
6266 6437
6266 233
6266 6438
6266 6439
6266 6440
6441 85
3627 6442
6443 122
3628 72
3628 180
3628 5148
3629 641
6442 85
6442 3639
6442 4624
3922 902
726 6444
726 591
726 1684
6445 2189
6445 1031
6445 1330
1441 1447
5894 80
4095 4106
68 189
6446 163
6446 6447
6446 5222
69 6448
69 70
69 6449
69 117
69 1585
69 1478
69 164
69 5133
69 1489
69 256
69 5438
69 5147
69 5102
69 6450
69 6451
69 6452
69 6453
572 6454
572 133
572 3669
572 6455
572 6456
572 6457
572 6458
572 6459
572 6460
572 6461
572 6462
572 6463
572 6464
572 6465
572 6466
572 6467
572 6468
572 6469
572 5597
572 6470
572 6471
572 6472
572 6473
572 6474
572 6475
572 5598
572 6476
572 6477
572 5599
572 6478
572 6479
572 6480
572 6481
572 5755
572 6482
572 6483
572 6484
572 6485
572 6486
572 6487
572 6488
572 6489
572 6490
572 6491
572 6492
572 6493
572 6494
572 834
572 6495
572 6496
572 6497
572 6498
572 6499
572 6500
572 6501
572 6502
5394 6503
5394 6036
5394 6504
5394 5198
5394 6505
5394 3686
5394 6506
5394 6507
5394 6508
5394 6172
5394 6509
5394 3701
5394 3704
5394 6510
5394 6511
5394 5998
5394 6512
5394 6513
5394 5451
5394 6514
5394 6515
5394 6516
5394 6186
5394 2629
5394 6517
5394 5722
5394 6518
5394 6519
5394 6520
5394 6521
5394 6522
5394 6523
5394 6192
5394 6524
5394 6525
5394 6196
5394 6526
6527 6528
5992 5711
1469 4149
1469 3630
1469 70
1469 1472
1469 117
1469 5193
1469 962
1469 1495
6529 5206
6530 70
6530 117
6530 2182
6530 6531
6530 256
6530 6532
6530 6533
6530 6534
6535 1482
6535 6447
6535 6536
6535 6537
6538 5206
4149 6539
5129 6540
5129 6541
5129 6542
5555 71
6543 6544
6543 259
6545 5650
6545 6546
6545 5651
6545 6547
6545 6213
6545 6447
6545 6214
6545 6548
6545 6215
6545 6216
6545 6549
6545 3877
6550 1472
6550 6551
6552 3638
6552 6553
6552 6554
6552 6555
3630 70
3630 1477
3630 6556
3630 962
3630 1489
3630 6557
3630 1495
3630 6558
3630 3792
3630 6559
3630 3899
6560 117
6560 164
6560 5420
6560 3915
5188 163
6561 6562
6561 6563
6561 6564
6540 5206
6540 6565
6566 6020
6566 6567
6566 6568
6566 6569
6566 6570
6566 6571
6566 6572
6566 6573
6566 6574
6566 6229
6566 6575
6566 6576
6566 6577
6566 6578
6566 6579
6566 6580
6566 6581
6566 6392
6566 6582
6566 6232
6566 6583
6020 1508
70 639
70 1471
70 71
70 1472
70 6584
70 73
70 6268
70 5395
70 1476
70 3632
70 3633
70 6585
70 6124
70 74
70 84
70 1812
70 96
70 101
70 102
70 103
70 4352
70 112
70 116
70 117
70 119
70 747
70 120
70 640
70 1893
70 126
70 127
70 3637
70 3638
70 3639
70 3640
70 6586
70 5396
70 130
70 6587
70 6588
70 6589
70 3643
70 5130
70 5397
70 6590
70 1585
70 1477
70 5888
70 5399
70 5400
70 6591
70 131
70 1478
70 132
70 3644
70 1479
70 4997
70 4372
70 3646
70 133
70 5401
70 5042
70 641
70 3650
70 6592
70 5192
70 5193
70 3651
70 5493
70 1906
70 5404
70 1481
70 5405
70 5194
70 5177
70 4216
70 3656
70 5406
70 636
70 1542
70 138
70 6593
70 588
70 945
70 145
70 150
70 755
70 161
70 610
70 164
70 177
70 6594
70 962
70 6595
70 6596
70 178
70 5196
70 6597
70 180
70 1483
70 6598
70 6599
70 5407
70 6600
70 6027
70 4409
70 3664
70 6601
70 3666
70 6602
70 5410
70 5494
70 4225
70 2029
70 6603
70 6604
70 5133
70 189
70 197
70 198
70 217
70 229
70 233
70 234
70 1486
70 6605
70 6606
70 6607
70 4221
70 2182
70 5201
70 255
70 1487
70 3673
70 5413
70 6608
70 6609
70 5416
70 6610
70 5204
70 6611
70 6612
70 5417
70 5009
70 5418
70 5047
70 5419
70 1490
70 5137
70 3681
70 3682
70 6613
70 3683
70 5420
70 6614
70 5602
70 5050
70 6615
70 6616
70 4217
70 6617
70 5423
70 6557
70 1591
70 6618
70 3690
70 6619
70 5425
70 5426
70 6620
70 6621
70 6622
70 6623
70 4208
70 6624
70 6625
70 6626
70 6627
70 5431
70 6221
70 5053
70 3708
70 5433
70 6628
70 6309
70 6629
70 4999
70 3713
70 256
70 6630
70 257
70 5437
70 3717
70 6631
70 258
70 3718
70 3719
70 3720
70 6632
70 3725
70 5441
70 1493
70 5063
70 5016
70 6633
70 3735
70 6634
70 662
70 6635
70 5444
70 260
70 6636
70 6637
70 6638
70 6028
70 6639
70 319
70 370
70 2587
70 5068
70 6640
70 6641
70 5143
70 6642
70 6643
70 5607
70 1497
70 6644
70 6645
70 6646
70 6647
70 5449
70 5076
70 6648
70 1503
70 6649
70 6650
70 6651
70 6652
70 5081
70 6558
70 6653
70 6654
70 6348
70 3773
70 5087
70 6655
70 5460
70 6656
70 6657
70 6658
70 3791
70 6659
70 6660
70 6661
70 1598
70 3809
70 3810
70 5464
70 3814
70 6662
70 6663
70 6664
70 1510
70 5467
70 5468
70 5469
70 400
70 1660
70 6361
70 6665
70 6666
70 5107
70 6667
70 6668
70 6669
70 6670
70 6671
70 6672
639 1796
639 3635
639 5398
639 6673
639 1906
639 2059
639 253
639 6674
639 6457
639 6675
639 6676
639 6458
639 6459
639 6460
639 6677
639 6461
639 6678
639 6462
639 6679
639 6680
639 6681
639 6468
639 6682
639 6471
639 6683
639 5254
639 6684
639 6472
639 6473
639 6685
639 6686
639 6474
639 6687
639 5457
639 6688
639 3777
639 6477
639 6478
639 6480
639 6481
639 6425
639 6656
639 6689
639 5601
639 6690
639 6483
639 6691
639 6484
639 6692
639 6485
639 6486
639 3832
639 6693
639 6489
639 6491
639 6694
639 6493
639 6494
639 6695
639 6696
639 6495
639 6697
639 6698
639 6699
639 6498
639 6499
639 6700
639 6701
639 6502
639 6702
6703 6704
6705 3638
6705 6706
6705 6707
6705 6708
6705 6709
6705 6710
6705 6711
6705 6712
6705 6713
6705 6714
6705 6715
6705 6575
6705 6716
6705 6717
1470 5731
1470 6718
1471 1476
1471 117
1471 164
1471 962
1471 256
1471 1493
6719 6021
6719 6720
6719 5710
6719 6721
6719 6722
6719 6723
6719 6724
6719 6725
6719 6726
6719 6186
6727 5892
6727 181
6728 6729
6728 1481
6728 6730
6728 6016
6728 6731
6728 180
6728 6732
6728 5007
6728 6733
6728 5009
6728 6734
6728 3695
6728 6735
6728 6736
6728 5014
6728 3716
6728 256
6728 6737
6728 6738
6728 769
6728 5018
6728 3755
6728 6739
6728 6740
6728 6741
6728 6742
6728 6743
6728 6744
6728 3761
6728 6745
6728 6746
6728 5021
6728 6747
6728 6748
6728 3784
6728 6749
6728 6750
6728 6751
6728 5023
6728 6752
6728 3806
6728 3807
6728 3808
6728 6753
6728 6754
6728 6755
6728 6756
6728 6757
6728 6758
6728 5025
6728 3834
6728 5027
6728 3846
6728 5030
6728 6759
6728 5031
6728 5032
6728 6760
6728 6761
6728 6762
6728 6763
6728 5035
6728 6764
6728 6765
6728 6766
6728 3894
6728 5038
6728 6767
6728 5039
6728 5040
6728 6768
6728 6769
6728 6534
6728 6770
6728 6771
6728 6772
6773 71
6774 1616
6775 5198
6776 6517
71 1476
71 84
71 85
71 117
71 1477
71 1478
71 6777
71 164
71 6778
71 180
71 6027
71 3664
71 6779
71 1489
71 3688
71 6621
71 3708
71 3713
71 256
71 6780
71 1493
71 6781
71 6782
71 3786
71 6783
71 6784
71 6785
71 6786
71 6787
71 3831
71 6788
71 3870
71 6789
6454 1906
1472 72
1472 1473
1472 6790
1472 6791
1472 5395
1472 1476
1472 84
1472 85
1472 3637
1472 5130
1472 5397
1472 5888
1472 4372
1472 133
1472 5401
1472 3651
1472 164
1472 171
1472 6792
1472 6793
1472 6704
1472 6602
1472 4225
1472 6794
1472 6795
1472 1589
1472 5137
1472 6796
1472 6797
1472 695
1472 5440
1472 6798
1472 6799
1472 5447
1472 6049
1472 5217
1472 6800
1472 6801
1472 6802
1472 6803
1472 6804
1472 6805
1472 5460
1472 6806
1472 6807
1472 5098
1472 6808
1472 6809
1472 6810
1472 5228
1472 6811
1472 6812
5189 3650
5189 3669
5189 3683
5189 6813
5189 6814
5189 6815
5189 6816
5189 5002
5189 6817
6818 117
6818 3645
6818 6819
6818 3748
6818 3759
6818 6744
6818 3763
6818 6820
6818 6745
6818 5021
6818 6747
6818 6821
6818 3803
6818 6757
6818 6822
6818 6823
6818 6824
6818 6825
6818 6826
6818 6827
6818 6828
6818 6829
6818 6532
6818 6830
6818 6831
72 1476
72 74
72 84
72 85
72 117
72 1478
72 3657
72 588
72 164
72 171
72 962
72 180
72 3663
72 189
72 5417
72 1406
72 767
72 5420
72 6616
72 6832
72 3700
72 5212
72 3707
72 5560
72 5140
72 256
72 6833
72 6834
72 5442
72 3732
72 6835
72 3749
72 3753
72 3756
72 5561
72 6836
72 3758
72 6837
72 6838
72 5562
72 6839
72 6840
72 6841
72 6842
72 5565
72 6843
72 3823
72 6844
72 5566
72 6845
72 6846
72 5165
72 6847
72 3871
72 3882
72 6848
72 6849
72 6850
72 488
72 6851
1473 3644
1473 6596
1473 6852
1473 6853
1473 1488
1473 6854
1473 6855
1473 3741
1473 6856
1473 3794
1473 400
1473 6857
6790 117
6790 164
6790 6858
6790 6679
3631 5703
3631 256
5190 117
5190 1489
6503 5211
6584 117
6584 3643
6584 1481
6584 171
6584 198
6584 256
6584 6740
6584 3765
6584 6747
6584 6749
6584 6859
6584 6860
6584 6750
6584 6751
6584 5023
6584 6752
6584 5024
6584 3808
6584 6755
6584 6756
6584 6825
6584 6810
6584 6861
6584 6759
6584 6762
6584 3867
6584 6764
6584 6862
6584 6863
6584 6767
6584 6768
6864 5711
6864 6865
6864 6866
6864 5206
6864 6867
6864 6868
6864 6167
6864 6869
6567 5451
73 1476
73 74
73 84
73 6449
73 117
73 5696
73 1585
73 1478
73 6870
73 641
73 5404
73 163
73 164
73 6871
73 6872
73 189
73 1489
73 1707
73 6873
73 6874
73 6875
73 3693
73 5054
73 6876
73 5057
73 256
73 6877
73 5064
73 6878
73 6879
73 5066
73 5067
73 6880
73 6881
73 6882
73 6883
73 3766
73 6884
73 6885
73 5084
73 6886
73 6887
73 6888
73 6889
73 1602
73 6890
73 6891
73 6892
73 6893
73 6894
73 1605
73 6895
73 6896
73 6897
73 6898
73 1608
73 6899
73 5163
73 6900
73 6901
73 6902
73 6903
73 6904
73 6905
6906 5892
1474 117
1474 5731
1474 3715
6907 5711
6908 6228
1475 6909
1475 6910
1475 6911
1475 5000
1475 6912
6268 117
6268 1478
6268 641
6268 164
6268 962
6268 179
6268 1489
6268 6913
6268 6914
6268 256
6268 6915
6268 1493
6268 6916
6268 6917
6268 6918
6268 6919
6268 6920
6791 3687
6791 6921
6791 2548
6791 6922
6791 4985
6791 6923
5395 117
5395 164
5395 257
5395 3838
5395 6924
1476 117
1476 3639
1476 130
1476 6589
1476 3643
1476 1477
1476 5888
1476 132
1476 1479
1476 4372
1476 133
1476 6925
1476 5493
1476 6125
1476 4216
1476 1542
1476 164
1476 962
1476 178
1476 6597
1476 180
1476 6027
1476 3666
1476 5410
1476 6926
1476 198
1476 4221
1476 2182
1476 255
1476 6609
1476 4217
1476 3690
1476 6927
1476 6928
1476 6929
1476 4218
1476 5434
1476 4999
1476 256
1476 257
1476 3717
1476 3725
1476 1493
1476 3735
1476 5443
1476 5444
1476 6028
1476 6639
1476 6930
1476 1497
1476 6931
1476 5148
1476 6651
1476 6653
1476 6932
1476 798
1476 6933
1476 3810
1476 3817
1476 400
1476 5475
1476 5477
1476 6934
1476 6935
1476 6936
3632 6937
6938 5711
3633 962
3633 4151
6041 6939
6041 6940
6041 5311
6041 5312
6041 6941
6041 6942
6041 6943
6041 6944
6945 5409
6945 6946
6585 766
6585 6622
6124 117
6124 1478
6124 155
6124 164
6124 962
6124 1489
6124 256
6124 1493
6124 6947
6124 6948
6124 6949
6950 1480
6950 6792
6951 1542
6951 6952
6951 5731
6951 3726
6951 6953
6951 6954
6951 6955
6951 3762
6951 5452
6951 799
6951 3796
6951 6956
6951 6051
6951 802
6951 6957
6951 6958
6951 4141
6951 3850
6951 6959
6951 6960
6951 6961
6962 593
6962 6963
74 80
74 84
74 85
74 1801
74 91
74 4340
74 929
74 101
74 102
74 103
74 104
74 107
74 113
74 116
74 117
74 6964
74 119
74 120
74 6965
74 936
74 6966
74 1540
74 1893
74 1895
74 129
74 132
74 133
74 4030
74 134
74 636
74 941
74 1542
74 138
74 1911
74 943
74 1917
74 6967
74 141
74 1933
74 588
74 145
74 6968
74 1946
74 6969
74 150
74 1965
74 755
74 161
74 1545
74 610
74 164
74 165
74 6970
74 957
74 6971
74 175
74 6972
74 2024
74 179
74 6973
74 2032
74 184
74 189
74 2041
74 6974
74 194
74 6975
74 197
74 199
74 1547
74 6976
74 2076
74 2083
74 6977
74 2090
74 2092
74 1415
74 6429
74 6978
74 217
74 228
74 2138
74 2140
74 229
74 6979
74 6980
74 1549
74 233
74 6981
74 6143
74 2149
74 984
74 6982
74 241
74 2159
74 6983
74 244
74 253
74 5200
74 255
74 256
74 1493
74 260
74 5868
74 2210
74 2212
74 6984
74 6985
74 275
74 2255
74 276
74 278
74 2269
74 6986
74 6987
74 6988
74 2274
74 289
74 2298
74 6989
74 4499
74 6990
74 2332
74 313
74 6991
74 2376
74 6992
74 6993
74 327
74 2406
74 6994
74 2418
74 6995
74 338
74 2435
74 1023
74 4559
74 6996
74 2479
74 2495
74 6997
74 2510
74 6998
74 2532
74 6342
74 2542
74 2543
74 2548
74 2555
74 792
74 2574
74 6999
74 370
74 5355
74 4617
74 7000
74 384
74 7001
74 7002
74 7003
74 1050
74 7004
74 1051
74 2611
74 1053
74 7005
74 799
74 2644
74 2645
74 7006
74 393
74 7007
74 7008
74 395
74 7009
74 7010
74 7011
74 2689
74 1073
74 7012
74 7013
74 7014
74 2722
74 7015
74 2733
74 7016
74 2748
74 7017
74 7018
74 2763
74 7019
74 2786
74 6362
74 5551
74 7020
74 7021
74 7022
74 438
74 7023
74 2865
74 2867
74 7024
74 1130
74 7025
74 7026
74 2874
74 7027
74 7028
74 7029
74 7030
74 1144
74 2910
74 7031
74 2913
74 1154
74 7032
74 4736
74 7033
74 7034
74 7035
74 7036
74 1171
74 7037
74 7038
74 1178
74 7039
74 1181
74 7040
74 7041
74 2987
74 7042
74 3007
74 3021
74 1202
74 3032
74 7043
74 3051
74 7044
74 7045
74 7046
74 7047
74 7048
74 7049
74 7050
74 7051
74 7052
74 7053
74 7054
74 1213
74 7055
74 3088
74 7056
74 7057
74 7058
74 7059
74 7060
74 7061
74 7062
74 7063
74 7064
74 1230
74 3145
74 7065
74 7066
74 3183
74 3213
74 7067
74 7068
74 7069
74 502
74 3250
74 7070
74 3308
74 7071
74 7072
74 7073
74 7074
74 7075
74 5553
74 7076
74 7077
74 7078
74 3386
74 3391
74 4862
74 6400
74 6401
74 3403
74 7079
74 7080
74 7081
74 7082
74 7083
74 539
74 6404
74 7084
74 543
74 4900
74 4909
74 4910
74 4911
74 547
74 548
74 550
74 4917
74 7085
74 3505
74 554
74 7086
74 7087
74 7088
74 7089
74 7090
74 7091
74 7092
74 6412
74 7093
74 7094
4187 4194
4324 189
3923 7095
76 138
7096 85
7096 2874
7097 1790
7098 197
4326 304
4326 4860
7099 2159
4327 4349
1791 7100
1791 189
7101 85
5259 945
668 636
77 85
77 175
77 7102
77 7103
77 4554
77 2637
77 7104
77 422
77 7105
77 4913
77 555
7106 138
7106 610
7106 758
7107 7108
7107 261
7107 6114
1537 5833
1537 6504
7109 6338
7109 5775
4329 5983
4329 7110
7111 189
7112 4433
78 1551
7113 184
7113 1551
1792 1443
1792 1447
1792 1449
7114 189
5823 7115
719 7116
719 7117
719 7118
719 7119
719 7120
719 7121
719 7122
719 2203
719 7123
719 7124
719 2503
719 7125
719 7126
4330 84
4330 1971
4330 7127
4330 7128
4330 5336
7129 1980
7129 2155
7129 7130
7129 1551
7131 7132
4331 104
4331 1551
7133 1443
7133 1447
79 189
80 84
80 102
80 7134
80 117
80 640
80 1540
80 127
80 7135
80 588
80 1544
80 755
80 610
80 164
80 4412
80 972
80 7136
80 7137
80 319
80 7138
80 7139
80 2901
80 3018
80 3358
80 7140
80 7141
80 3548
1793 7142
1793 7143
1793 1657
1793 7144
1793 1667
1793 4200
1793 7145
1793 7146
4332 85
1794 189
7147 85
7147 578
82 7148
5832 219
7149 84
83 605
4120 5277
4121 7150
7151 1443
84 608
84 85
84 95
84 929
84 5895
84 99
84 101
84 4350
84 103
84 744
84 104
84 1831
84 1539
84 7152
84 1450
84 4359
84 112
84 113
84 116
84 117
84 118
84 747
84 120
84 640
84 121
84 5847
84 5848
84 6286
84 5851
84 936
84 6069
84 937
84 1893
84 126
84 7153
84 129
84 3643
84 5130
84 131
84 1478
84 133
84 636
84 5500
84 1908
84 136
84 138
84 943
84 1917
84 4382
84 1562
84 588
84 1681
84 5175
84 947
84 145
84 1946
84 6969
84 156
84 1965
84 6292
84 1970
84 755
84 161
84 610
84 163
84 164
84 165
84 956
84 172
84 174
84 6597
84 180
84 2027
84 3664
84 4225
84 7154
84 7155
84 968
84 186
84 7156
84 189
84 191
84 611
84 4420
84 4033
84 197
84 198
84 1547
84 2076
84 4435
84 7157
84 217
84 7158
84 6298
84 5861
84 5784
84 7159
84 7160
84 7161
84 2112
84 2124
84 7162
84 2136
84 228
84 231
84 7163
84 7164
84 234
84 236
84 7165
84 241
84 249
84 253
84 6795
84 1489
84 5417
84 5651
84 6460
84 7166
84 3713
84 256
84 1493
84 7167
84 6636
84 5445
84 7168
84 5799
84 6312
84 5871
84 7169
84 5884
84 5873
84 7170
84 2203
84 3984
84 7171
84 5806
84 3987
84 7172
84 3997
84 7173
84 268
84 4476
84 276
84 278
84 998
84 289
84 2290
84 6320
84 7174
84 2325
84 304
84 305
84 307
84 1011
84 2353
84 6447
84 319
84 7175
84 2378
84 7176
84 7177
84 7178
84 7179
84 2408
84 7180
84 2422
84 339
84 2435
84 7181
84 899
84 567
84 4567
84 4572
84 7182
84 347
84 348
84 2488
84 5932
84 4579
84 355
84 7183
84 7184
84 7185
84 2555
84 2571
84 370
84 2587
84 7186
84 376
84 2592
84 6346
84 4611
84 7187
84 7188
84 7189
84 6805
84 4209
84 3789
84 799
84 5098
84 3799
84 6205
84 5464
84 7190
84 7191
84 7192
84 1056
84 2637
84 1061
84 4640
84 2685
84 2701
84 2709
84 2710
84 400
84 2728
84 2737
84 7193
84 1660
84 423
84 7194
84 1089
84 813
84 7195
84 2784
84 7196
84 7197
84 7198
84 1098
84 6366
84 442
84 1113
84 5529
84 5951
84 1119
84 2852
84 6150
84 2865
84 7199
84 4706
84 7200
84 7201
84 818
84 2890
84 5953
84 1139
84 7202
84 7203
84 1150
84 7204
84 2918
84 7205
84 7206
84 459
84 460
84 461
84 462
84 7207
84 4747
84 7208
84 7209
84 5759
84 7210
84 1183
84 4754
84 7211
84 2983
84 2994
84 7212
84 3001
84 6378
84 3044
84 5961
84 3046
84 7213
84 7214
84 7215
84 7216
84 7217
84 7218
84 7219
84 6829
84 7220
84 7221
84 7222
84 7223
84 5171
84 3065
84 7224
84 7225
84 7046
84 7226
84 7227
84 6155
84 7228
84 7229
84 7230
84 7231
84 1216
84 7232
84 7233
84 7234
84 7235
84 7063
84 3112
84 3118
84 3120
84 7236
84 7237
84 488
84 3143
84 7238
84 7239
84 3158
84 3168
84 1241
84 4809
84 7240
84 7241
84 7242
84 7243
84 7244
84 3244
84 7245
84 7246
84 7247
84 3269
84 3272
84 7248
84 7249
84 7250
84 4833
84 7251
84 4842
84 7252
84 7253
84 6395
84 7254
84 7255
84 3361
84 7256
84 3385
84 7257
84 7258
84 7259
84 7260
84 7261
84 7262
84 7263
84 7264
84 7080
84 1317
84 7083
84 7265
84 7266
84 7267
84 7268
84 7269
84 1340
84 7270
84 7271
84 3487
84 7272
84 7273
84 1349
84 7274
84 7275
84 4924
84 3539
84 1358
84 7276
84 7277
84 3569
84 7278
84 7279
84 7280
84 3580
84 4965
84 7281
84 7282
7283 7284
7283 219
7283 7285
7286 1408
7286 3271
1795 7287
1795 2842
608 103
608 116
608 117
608 120
608 640
608 122
608 936
608 7288
608 1542
608 588
608 5175
608 145
608 161
608 610
608 163
608 164
608 7289
608 180
608 758
608 4032
608 611
608 2195
608 2203
608 4035
608 998
608 2422
608 340
608 370
608 373
608 2843
608 7290
608 3240
85 7291
85 86
85 88
85 89
85 7292
85 1809
85 91
85 1817
85 1818
85 7293
85 1823
85 4346
85 100
85 101
85 103
85 1829
85 4351
85 4354
85 7294
85 1831
85 7295
85 107
85 1838
85 7296
85 1842
85 110
85 1843
85 7297
85 4360
85 1851
85 1854
85 7298
85 117
85 118
85 119
85 120
85 7299
85 1868
85 7300
85 640
85 7301
85 122
85 4364
85 6069
85 1874
85 7302
85 4236
85 1880
85 6139
85 7303
85 126
85 939
85 1899
85 4029
85 4369
85 127
85 4370
85 128
85 129
85 3639
85 5696
85 6588
85 3643
85 7304
85 1479
85 1904
85 133
85 7305
85 641
85 1906
85 7306
85 636
85 5500
85 4373
85 135
85 1908
85 7307
85 138
85 1915
85 139
85 7308
85 1921
85 141
85 4384
85 1931
85 1937
85 588
85 1543
85 945
85 7309
85 5175
85 7310
85 1942
85 4388
85 145
85 1945
85 6969
85 149
85 651
85 150
85 7311
85 7312
85 953
85 4394
85 7313
85 4395
85 1965
85 1967
85 1971
85 1986
85 162
85 7314
85 4401
85 1991
85 164
85 165
85 166
85 1998
85 1443
85 168
85 2003
85 7315
85 2010
85 171
85 7316
85 2016
85 7317
85 960
85 2018
85 2021
85 7318
85 2022
85 7284
85 2025
85 7319
85 6596
85 7320
85 180
85 3666
85 2028
85 7321
85 6603
85 6707
85 7322
85 2033
85 7323
85 2034
85 2035
85 184
85 186
85 971
85 7324
85 7325
85 189
85 973
85 2049
85 7326
85 2051
85 2052
85 7327
85 7328
85 7329
85 7330
85 2058
85 2059
85 7331
85 4423
85 2064
85 1547
85 4424
85 7332
85 7333
85 7334
85 2070
85 2073
85 4430
85 7128
85 7335
85 7336
85 2080
85 4437
85 2088
85 2090
85 2098
85 4440
85 4442
85 902
85 7337
85 2101
85 2103
85 7338
85 4445
85 7339
85 2116
85 225
85 7340
85 7341
85 2127
85 6303
85 7342
85 7343
85 981
85 982
85 228
85 7344
85 4454
85 2144
85 7345
85 1549
85 232
85 2146
85 236
85 2149
85 4458
85 2151
85 2152
85 7165
85 986
85 241
85 2157
85 2158
85 2162
85 2164
85 7346
85 4465
85 4466
85 2173
85 253
85 2179
85 6605
85 2182
85 1489
85 3678
85 5206
85 7347
85 6855
85 7348
85 5651
85 7349
85 7350
85 5140
85 3715
85 6953
85 7351
85 6176
85 7352
85 2196
85 7353
85 7354
85 7355
85 2203
85 2204
85 7356
85 4005
85 262
85 2222
85 4473
85 7357
85 2230
85 4474
85 267
85 2234
85 4475
85 7358
85 7359
85 270
85 7360
85 271
85 7361
85 992
85 2250
85 7362
85 2259
85 278
85 995
85 2262
85 996
85 7363
85 282
85 4488
85 2274
85 7364
85 2276
85 7365
85 2282
85 7366
85 2285
85 2286
85 5914
85 1001
85 7367
85 2295
85 7368
85 7369
85 4497
85 4498
85 7174
85 7370
85 7371
85 4503
85 7372
85 4505
85 2316
85 4507
85 2318
85 2321
85 7373
85 304
85 305
85 306
85 307
85 7374
85 7375
85 5917
85 7376
85 310
85 2342
85 7377
85 7378
85 2343
85 4518
85 1010
85 7379
85 2348
85 2351
85 4521
85 7380
85 7381
85 4523
85 7382
85 7383
85 4529
85 2370
85 2371
85 4530
85 2374
85 7384
85 7385
85 2378
85 4537
85 5922
85 2390
85 2391
85 325
85 7386
85 7387
85 1401
85 2395
85 7388
85 4540
85 7389
85 2399
85 7390
85 1018
85 2402
85 2403
85 7103
85 326
85 7391
85 1019
85 4541
85 2409
85 331
85 7392
85 2412
85 333
85 7393
85 1021
85 4545
85 2424
85 2428
85 2429
85 7394
85 570
85 602
85 7395
85 2430
85 6334
85 2439
85 4553
85 7396
85 2444
85 2445
85 7397
85 342
85 5523
85 2449
85 4560
85 2454
85 7398
85 4565
85 567
85 7399
85 2463
85 2467
85 1028
85 4571
85 7400
85 7401
85 2478
85 2482
85 1553
85 4574
85 7402
85 2487
85 7403
85 4575
85 7404
85 7405
85 1030
85 352
85 5933
85 712
85 2499
85 2503
85 4577
85 2512
85 2513
85 1032
85 2524
85 4581
85 4583
85 2528
85 7406
85 4585
85 356
85 357
85 358
85 7407
85 4586
85 4588
85 7408
85 2546
85 2547
85 1035
85 7409
85 7410
85 789
85 2548
85 7411
85 7412
85 2555
85 2560
85 4594
85 2562
85 7413
85 4597
85 2564
85 2565
85 7414
85 2567
85 4598
85 7415
85 4601
85 7416
85 2573
85 1041
85 369
85 2577
85 2579
85 4603
85 7417
85 2586
85 373
85 2591
85 4040
85 4606
85 7418
85 7419
85 4609
85 4612
85 378
85 379
85 380
85 381
85 382
85 7420
85 2606
85 4615
85 4616
85 2611
85 2612
85 1052
85 7421
85 7189
85 7422
85 7423
85 7424
85 2620
85 2621
85 2623
85 4623
85 2624
85 2625
85 7425
85 5148
85 6651
85 5999
85 6956
85 4625
85 1055
85 7426
85 2637
85 7427
85 4628
85 7428
85 2642
85 7429
85 4631
85 2648
85 2653
85 7430
85 1062
85 7431
85 4637
85 394
85 5942
85 2662
85 1065
85 4639
85 7432
85 2669
85 2671
85 7433
85 7434
85 2681
85 2682
85 7435
85 7436
85 7437
85 7438
85 1071
85 2698
85 4650
85 6353
85 400
85 7439
85 7104
85 4653
85 2735
85 2736
85 419
85 7440
85 4660
85 2745
85 1081
85 1082
85 7441
85 421
85 422
85 423
85 424
85 7442
85 4661
85 2750
85 427
85 4663
85 429
85 7443
85 4667
85 2767
85 2769
85 1095
85 4675
85 1096
85 681
85 4683
85 1100
85 7444
85 2802
85 814
85 439
85 1104
85 7445
85 1106
85 4688
85 4689
85 7446
85 1115
85 4694
85 7447
85 443
85 1117
85 4705
85 6149
85 2859
85 5952
85 7448
85 1127
85 1129
85 7449
85 5679
85 1134
85 4709
85 7450
85 7451
85 1136
85 447
85 7452
85 4715
85 450
85 4719
85 7453
85 1148
85 4727
85 7454
85 454
85 1152
85 7455
85 2917
85 7456
85 4735
85 7457
85 7032
85 2922
85 4738
85 4739
85 7458
85 459
85 460
85 461
85 462
85 4740
85 2931
85 2932
85 4743
85 7459
85 1163
85 7460
85 2946
85 7461
85 7036
85 7462
85 7463
85 7208
85 7464
85 7037
85 7465
85 7466
85 2963
85 2964
85 4753
85 2970
85 7467
85 1190
85 4757
85 7468
85 7469
85 4759
85 5533
85 2992
85 1195
85 1197
85 7470
85 1199
85 7471
85 3016
85 7472
85 7473
85 472
85 3028
85 7474
85 3034
85 7475
85 7476
85 6381
85 3830
85 7477
85 7478
85 5474
85 5483
85 7479
85 475
85 3077
85 7480
85 7481
85 7482
85 7483
85 7484
85 4789
85 1217
85 7485
85 7486
85 4791
85 7487
85 482
85 7488
85 7489
85 7490
85 7491
85 3112
85 3118
85 7492
85 7493
85 7494
85 7495
85 3124
85 7496
85 7497
85 7498
85 490
85 3142
85 841
85 3155
85 7239
85 3156
85 7499
85 3165
85 1239
85 7500
85 6388
85 3172
85 4807
85 6076
85 7501
85 3185
85 3211
85 3905
85 3224
85 3225
85 1422
85 3226
85 7502
85 7069
85 502
85 7503
85 3232
85 7504
85 7505
85 7506
85 4822
85 1259
85 7507
85 3256
85 7508
85 7509
85 7510
85 4830
85 1267
85 7511
85 7512
85 3287
85 3302
85 7513
85 3319
85 7514
85 7515
85 7516
85 7517
85 3360
85 520
85 854
85 7518
85 1299
85 3393
85 3398
85 7519
85 7520
85 528
85 7521
85 3404
85 7522
85 7523
85 7524
85 7525
85 1328
85 7526
85 1329
85 7266
85 3429
85 3432
85 3433
85 4883
85 7527
85 1335
85 4891
85 3455
85 4894
85 7528
85 7529
85 3467
85 7530
85 7531
85 3482
85 7532
85 5762
85 551
85 7533
85 3500
85 4920
85 4921
85 552
85 7534
85 7535
85 7536
85 5973
85 4927
85 3538
85 3539
85 4928
85 7537
85 3542
85 7538
85 3544
85 4932
85 559
85 7539
85 7540
85 7541
85 560
85 7542
85 4946
85 4950
85 4953
85 7543
85 7544
85 7545
85 7546
85 7547
85 7548
85 7549
85 4969
85 4971
4334 204
4334 1140
1796 189
4335 189
7550 100
7550 186
7550 6193
86 5500
86 2165
6270 1809
6270 117
6270 7551
1798 1437
1799 189
1800 1551
1801 6303
7552 1443
7552 1447
7552 1449
1700 7553
1700 6148
88 189
88 204
1802 1820
1802 103
1802 7554
1802 7555
1802 7556
1802 1910
1802 7557
1802 1437
1802 4189
1802 1644
1802 2074
1802 7558
1802 2087
1802 4164
1802 7559
1802 1646
1802 7560
1802 4168
1802 7561
1802 6119
1802 5323
1802 7562
1802 796
1802 7563
1802 7564
1802 7565
1802 7566
1802 4192
1802 2810
1802 7567
1802 4173
1802 7568
1802 7569
1802 7570
1802 7571
1802 3228
1802 3329
1802 7572
1802 5332
1802 7573
1802 7574
1802 7145
1802 7146
1802 3579
1802 3584
7575 163
4230 902
4337 929
4337 937
4337 7576
4337 4295
4337 4296
4337 7577
4337 7578
4337 7579
7580 720
89 189
3634 1479
5572 1443
6272 576
4338 189
7581 7095
7581 7582
7095 4352
7095 3924
7095 3925
7095 7583
7095 3928
7095 3956
7095 7584
7585 7586
7585 747
90 2081
90 7587
1806 2159
705 6273
705 117
705 751
705 295
1808 636
1808 189
7588 7589
7588 950
7588 591
7588 366
5515 584
4026 95
4026 164
4026 7128
4026 6342
7292 304
1809 7590
1809 6283
1809 117
1809 7551
1809 7591
1809 7592
1809 6324
91 164
91 189
7593 4546
1810 2442
4339 4512
4339 7594
4339 7595
4339 7596
7597 120
7597 1547
93 164
93 7598
93 7599
93 7600
93 7601
928 2845
7602 4375
7602 164
1811 1840
1811 189
1811 4566
1811 2502
1811 3009
94 189
616 7603
616 7604
616 7605
616 142
616 189
1812 117
1812 6248
1812 164
1812 962
1812 189
1812 7606
1812 6251
1812 1489
1812 7607
1812 6253
1812 7608
1812 7609
1812 7610
1812 2548
1812 6255
1812 6256
1812 7611
1812 7612
1812 7613
1812 6259
1812 6260
1812 6059
1812 6060
1812 7614
1812 6061
95 164
95 2890
95 7491
95 7615
95 7616
7617 929
7617 937
4342 4425
1813 228
1813 3151
584 5516
584 708
584 710
584 591
584 713
720 3636
720 7618
720 217
720 7619
720 7620
720 7621
720 3971
720 7622
720 7623
720 7624
720 3991
720 7625
720 6067
720 2265
7626 189
4344 110
4344 1965
646 1438
1814 7627
1814 4025
1817 2165
7603 118
7603 7628
7603 7629
7603 4744
7603 7630
6275 201
7631 929
7631 937
929 744
929 117
929 7632
929 7633
929 7634
929 7635
929 7636
929 7637
929 755
929 610
929 163
929 164
929 7638
929 7639
929 7640
929 7641
929 7642
929 7643
929 256
929 3963
929 2193
929 2195
929 7644
929 7645
929 7646
929 7647
929 7648
929 7649
929 7650
929 7651
929 7652
929 7653
929 7654
929 7655
929 7656
929 7657
929 7658
929 7659
929 7660
929 7661
929 7662
929 7663
929 7664
929 7665
929 7666
929 7667
929 4299
929 7668
929 7669
929 7670
929 7671
929 7672
929 7673
929 7674
929 7675
929 7676
929 7677
929 7678
929 7679
929 7680
929 7681
929 7682
929 7683
929 7684
929 7685
929 7579
929 7686
929 7687
929 7688
929 7689
929 7690
929 7691
929 7692
929 7693
929 7694
929 6145
929 7695
929 7696
929 7697
929 7698
929 7699
929 7700
929 7701
929 7702
929 7703
929 7704
929 7705
929 7706
929 7707
929 7708
929 7709
929 7710
929 7711
929 7712
929 7713
929 7714
929 7715
929 7716
929 7717
929 7718
929 7719
929 7720
929 7721
929 7722
929 7723
929 7724
929 7725
929 7726
929 7727
929 7728
929 7729
929 7730
929 7731
929 7732
929 7733
929 7734
929 7735
929 7736
929 7737
929 4310
929 7738
929 7739
96 117
96 127
96 588
96 755
96 164
96 2238
96 340
96 7740
7741 7742
7741 133
7741 189
7741 6447
7741 2528
7743 576
7743 593
7744 391
7744 7745
7744 7746
1818 189
7747 588
7747 1953
7747 7748
7749 1443
7749 1447
7749 2374
1820 2074
7750 937
4345 1965
1821 7751
1822 1965
7752 937
1823 112
1823 1895
1823 7753
1823 5906
1823 2177
1823 997
1823 2511
1823 7754
1823 1094
1823 1226
1823 6394
1823 3523
1823 7755
1409 164
7756 7757
7756 219
7756 7758
7756 7759
7760 7761
1824 3935
97 6431
97 7209
98 2039
98 6305
98 7762
98 4659
98 7763
98 7764
4347 570
1825 7765
4027 117
4027 7766
7586 112
7586 189
7586 4649
7586 4695
7586 4733
7586 4772
99 103
99 189
1826 189
7767 1447
100 106
100 4356
100 7768
100 957
100 2024
100 967
100 969
100 7769
100 6429
100 2104
100 6308
100 4481
100 4525
100 2445
100 7770
100 567
100 6338
100 2544
100 7771
100 7004
100 2684
100 7772
100 2703
100 7773
100 2747
100 7774
100 7775
100 1113
100 4710
100 7776
100 2939
100 7777
100 1187
100 1202
100 3063
100 1222
100 3197
100 7778
100 1246
100 7779
100 4821
100 7780
100 7247
100 3290
100 7781
100 7782
100 7783
100 7784
100 7785
100 1318
100 7786
100 7787
100 3479
100 7788
100 7789
100 7790
100 7791
100 4972
7792 636
4349 591
101 117
101 588
101 755
101 610
101 164
101 256
101 2283
101 7103
101 7793
101 2718
101 7441
101 4672
101 4771
101 7794
101 4963
1567 4124
7795 4236
7796 164
4350 1068
4350 5947
102 107
102 117
102 127
102 1562
102 588
102 755
102 164
102 189
102 256
7797 671
5896 164
7798 120
930 187
930 4427
930 238
930 246
930 6427
7799 112
743 1942
103 1837
103 5817
103 7134
103 7800
103 117
103 937
103 1892
103 1893
103 1895
103 4367
103 127
103 7801
103 1909
103 588
103 7802
103 7803
103 947
103 1643
103 1965
103 7804
103 755
103 610
103 162
103 163
103 164
103 1994
103 7805
103 7806
103 7807
103 189
103 7808
103 193
103 202
103 2066
103 7809
103 7810
103 2120
103 7811
103 6980
103 233
103 2161
103 244
103 4208
103 256
103 2193
103 4254
103 6985
103 7812
103 2265
103 998
103 2279
103 7813
103 7370
103 301
103 2320
103 7814
103 7815
103 7816
103 7817
103 899
103 2477
103 7182
103 7818
103 7819
103 7820
103 2512
103 7821
103 373
103 7822
103 7823
103 7824
103 7825
103 7826
103 395
103 2674
103 2689
103 400
103 2739
103 1089
103 7827
103 7828
103 7829
103 7830
103 7831
103 1140
103 2899
103 1154
103 7832
103 7833
103 1178
103 7746
103 7834
103 5358
103 7835
103 7836
103 7471
103 3023
103 7837
103 7838
103 3036
103 5359
103 7220
103 5360
103 3081
103 5361
103 7839
103 5362
103 7840
103 3172
103 7841
103 5363
103 5364
103 5365
103 5511
103 5366
103 7842
103 5367
103 5369
103 7244
103 5370
103 5371
103 5372
103 5373
103 7843
103 5374
103 7844
103 5375
103 7845
103 7846
103 7847
103 7848
103 5376
103 5377
103 5378
103 3387
103 7258
103 7259
103 7260
103 7261
103 7262
103 7263
103 5380
103 7849
103 5381
103 3488
103 554
103 5382
103 7850
1442 2374
744 721
744 7851
744 1879
744 7852
744 164
744 7853
744 7647
744 7854
744 7855
744 7856
744 7666
744 7669
744 7676
744 7678
744 7857
744 7686
744 7858
744 7859
744 7860
744 7695
744 7861
744 7862
744 7863
744 7864
744 7704
744 7710
744 7865
744 7715
744 7866
744 7867
744 7727
744 7868
744 7869
744 7870
744 7871
744 7735
7872 950
7872 1972
7872 963
7872 964
7872 1691
4351 7535
7873 578
4352 7874
4352 7742
4352 7875
4352 117
4352 3930
4352 5818
4352 7876
4352 7877
4352 1478
4352 133
4352 5889
4352 7878
4352 7879
4352 4411
4352 4433
4352 7880
4352 7881
4352 7882
4352 7883
4352 764
4352 7884
4352 3682
4352 2186
7875 133
4353 7330
4353 7885
4353 7886
4353 4529
4353 2528
4353 7887
4353 7611
4353 7888
104 113
104 117
104 588
104 7889
104 152
104 164
104 4032
104 189
104 256
104 274
104 2263
104 7174
104 6990
104 2341
104 7890
104 2510
104 7891
104 2632
104 7434
104 1131
104 1132
104 7892
104 7464
104 1180
104 4752
104 7893
104 1201
104 6382
104 6156
104 7894
104 5965
104 7895
104 7896
104 7897
104 7078
104 3386
104 7082
104 7898
104 7899
104 7900
931 4407
931 7901
931 2612
932 126
721 7902
721 7903
721 3926
721 7904
721 640
721 7905
721 7906
721 7907
721 7908
721 7909
721 3942
721 7910
721 7584
721 7911
721 3973
721 3746
721 7912
721 7913
721 7914
721 7915
721 7916
721 7917
721 7918
721 6071
721 7919
721 7920
721 7921
721 4014
721 7922
721 7923
721 7924
721 7925
706 578
706 189
1831 640
1831 7926
1831 7927
1831 163
1831 164
1831 180
1831 186
1831 7115
1831 7928
1831 7929
1831 7930
7931 7932
7931 7877
7931 5868
6282 2186
6282 7351
1833 107
3924 6144
7933 4359
5346 1413
7295 7287
1539 113
1539 3656
1539 5301
1539 588
1539 755
1539 164
1539 7934
1539 7935
1836 112
4357 957
7936 671
7936 7937
5817 122
5817 5825
5817 724
5817 1892
5817 164
107 7296
107 117
107 118
107 7938
107 149
107 7311
107 1970
107 1991
107 164
107 4406
107 189
107 5683
107 7939
107 7940
107 4454
107 6982
107 5911
107 989
107 7941
107 7942
107 7943
107 2554
107 5939
107 2695
107 4693
107 4708
107 5955
107 1159
107 1246
107 3325
4358 980
7152 1950
6283 117
6283 7944
1839 4407
1450 7945
1450 7946
1450 163
1450 7878
1450 7947
1450 7948
1450 7949
1450 7950
1450 7951
1450 1451
1450 7952
1450 7953
1450 5875
1450 7954
1450 7955
1450 7956
1450 2252
1450 7957
1450 7958
1450 7959
1450 7960
1450 7961
1450 7962
1450 7963
1450 7178
1450 7964
1450 6078
1450 7965
1450 7966
1450 7967
1450 7968
1450 7969
1450 7970
1450 7971
1450 7972
1450 7973
1450 7974
1450 7975
1450 7976
1450 7977
1450 812
1450 2763
1450 7978
1450 7979
1450 7980
1450 7448
1450 7981
1450 7982
1450 7983
1450 7984
1450 7985
1450 7986
1450 7987
1450 7988
1450 7989
1450 7990
1450 7064
1450 7991
1450 7992
1450 7993
1450 7994
1450 7995
1450 7996
1450 7997
1450 7998
1450 7999
1450 8000
1840 8001
1840 2083
1840 5927
1840 8002
1840 8003
8004 1965
8004 8005
8004 6332
8004 6995
4359 164
4359 211
4359 8006
8007 1994
8007 177
8007 189
8007 7827
8007 8008
8009 8010
8009 189
8009 4434
8009 7212
8009 3023
8009 6040
8011 189
8012 189
8013 189
8014 7553
8014 1883
8014 8015
8014 4433
8014 2136
8016 8017
8016 8018
8016 163
8016 189
8016 7759
8016 8019
8016 8020
8021 233
110 8022
1843 1026
4360 1965
8023 1917
8023 902
1845 189
1846 4826
4028 164
4028 186
4028 8024
112 117
112 127
112 1923
112 755
112 610
112 164
112 6293
112 962
112 189
112 236
112 256
112 4472
112 2265
112 657
112 6320
112 7395
112 899
112 4567
112 7415
112 4602
112 7421
112 4626
112 8025
112 1059
112 8026
112 2714
112 2722
112 8027
112 6356
112 8028
112 5529
112 8029
112 8030
112 5758
112 8031
112 6373
112 8032
112 8033
112 7486
112 3108
112 1224
112 8034
112 8035
112 497
112 8036
112 7241
112 3204
112 3258
112 8037
112 8038
112 1300
112 525
112 8039
112 8040
112 4899
112 5537
112 8041
112 3575
112 4943
112 8042
112 8043
112 8044
112 8045
112 8046
112 8047
112 8048
113 636
113 610
113 164
113 184
113 304
1847 186
114 138
114 1543
114 1066
114 3493
1848 189
1849 189
8049 636
1850 1965
1852 8050
1852 340
1852 5988
1852 8051
1852 4812
8052 1947
8052 1246
7553 4433
1853 187
8053 189
8054 3935
8054 3954
8054 1645
8054 3989
8055 1874
8055 2265
8055 4590
116 117
116 127
116 588
116 755
116 164
116 962
116 256
116 2293
116 488
1856 145
8056 1974
8056 1975
8056 1979
8056 2132
8056 7818
8056 8057
5779 610
8058 189
7555 163
8059 760
8059 1438
8060 1443
8060 1447
6284 588
8061 120
1860 755
7556 1965
7556 1437
7589 950
117 118
117 119
117 747
117 1410
117 120
117 640
117 122
117 936
117 8062
117 1540
117 126
117 4029
117 127
117 7288
117 3637
117 1541
117 3638
117 3639
117 6586
117 5396
117 130
117 6587
117 6588
117 6589
117 3643
117 5130
117 5397
117 6590
117 1585
117 5398
117 1477
117 5888
117 8063
117 5400
117 6591
117 131
117 1478
117 132
117 3644
117 1479
117 6870
117 3645
117 4372
117 3646
117 8064
117 133
117 5401
117 5042
117 641
117 1905
117 3650
117 6592
117 5192
117 5193
117 6925
117 1906
117 6125
117 1481
117 5405
117 5043
117 5194
117 5177
117 4216
117 5406
117 8065
117 4030
117 636
117 1542
117 4375
117 138
117 943
117 1414
117 1917
117 6593
117 588
117 945
117 5175
117 145
117 150
117 154
117 156
117 755
117 161
117 8066
117 610
117 164
117 166
117 957
117 171
117 172
117 8067
117 177
117 6594
117 2025
117 6731
117 962
117 6595
117 1587
117 178
117 179
117 8068
117 5196
117 6597
117 180
117 1483
117 6598
117 5407
117 6600
117 6027
117 4409
117 3664
117 3666
117 6602
117 5410
117 5494
117 2029
117 6604
117 7322
117 5133
117 758
117 4032
117 189
117 611
117 4418
117 197
117 198
117 1547
117 202
117 1415
117 217
117 225
117 228
117 229
117 1549
117 233
117 234
117 236
117 1486
117 987
117 6605
117 6606
117 6607
117 6852
117 4221
117 2182
117 255
117 3673
117 8069
117 6609
117 5416
117 6610
117 8070
117 6611
117 6612
117 5417
117 5009
117 8071
117 8072
117 8073
117 8074
117 5419
117 1490
117 5137
117 6457
117 6913
117 3682
117 6127
117 6613
117 3683
117 5420
117 6614
117 5050
117 6615
117 3684
117 6616
117 4217
117 5422
117 5423
117 8075
117 3689
117 6618
117 8076
117 3690
117 6927
117 6928
117 5425
117 6219
117 6620
117 6621
117 8077
117 6201
117 4208
117 6624
117 5212
117 4218
117 5428
117 6625
117 6626
117 5731
117 5430
117 5431
117 5432
117 3708
117 5433
117 3709
117 5434
117 6309
117 3712
117 8078
117 3713
117 8079
117 8080
117 256
117 257
117 6128
117 5437
117 3717
117 6631
117 258
117 5742
117 3718
117 8081
117 6738
117 3719
117 3720
117 5438
117 5439
117 3725
117 8082
117 3727
117 1493
117 5016
117 3735
117 6634
117 3736
117 5443
117 260
117 8083
117 6636
117 8084
117 6638
117 6028
117 6639
117 6029
117 2203
117 6985
117 4035
117 278
117 2265
117 998
117 2305
117 6324
117 315
117 8085
117 319
117 6993
117 2422
117 570
117 602
117 340
117 8086
117 1034
117 2552
117 2575
117 370
117 2587
117 4605
117 8087
117 8088
117 8089
117 7188
117 2611
117 8090
117 6640
117 6641
117 5143
117 6642
117 5770
117 3749
117 8091
117 5447
117 1495
117 3754
117 1496
117 5607
117 5448
117 1497
117 8092
117 6931
117 8093
117 5449
117 1501
117 1503
117 6917
117 5148
117 6801
117 6649
117 6802
117 5454
117 6651
117 3769
117 6653
117 8094
117 6348
117 1504
117 3773
117 6821
117 6804
117 8095
117 5022
117 8096
117 4209
117 3782
117 8097
117 3784
117 6655
117 3787
117 5459
117 798
117 5460
117 6933
117 6656
117 6657
117 3791
117 799
117 6660
117 6661
117 8098
117 5611
117 3805
117 3810
117 5464
117 3817
117 8099
117 8100
117 1509
117 1510
117 5468
117 5469
117 1059
117 2649
117 6351
117 400
117 1660
117 6360
117 7827
117 8101
117 6361
117 8102
117 7197
117 8103
117 2843
117 1555
117 8104
117 5176
117 6373
117 8105
117 6665
117 8106
117 2943
117 4043
117 6666
117 3833
117 5162
117 3838
117 7217
117 4210
117 8107
117 5472
117 3857
117 6811
117 5477
117 8108
117 6669
117 6934
117 8109
117 8110
117 8111
117 8112
117 6935
117 8113
117 8114
117 839
117 4794
117 488
117 3162
117 3188
117 3204
117 8115
117 3240
117 5536
117 3250
117 8116
117 8117
117 8118
117 3276
117 4836
117 8119
117 3461
117 8120
117 8121
117 1375
117 6936
117 5615
117 8122
8123 3930
8123 640
8123 7910
8123 3950
8123 8124
8123 7913
8123 7916
8123 8125
8123 7917
8123 7921
8126 588
8126 1965
1861 588
1861 568
8127 8128
8127 163
8127 219
8127 8129
8127 295
8127 591
118 1562
118 758
118 7128
118 983
118 262
118 8130
118 1416
118 318
118 8131
118 2474
118 8132
118 6342
118 4640
118 6354
118 1092
118 4678
118 4732
118 2931
118 7227
118 3248
118 517
118 3456
118 8133
118 7534
1862 4776
1863 324
119 127
119 1562
119 588
119 149
119 755
119 163
119 164
119 189
119 228
119 256
119 6028
1864 189
747 127
747 164
747 225
747 8134
747 7384
747 4539
747 8135
747 416
747 8136
747 4737
747 7490
747 8137
6137 165
1410 164
1411 164
576 6296
576 591
576 8138
8139 7899
120 121
120 723
120 1878
120 7876
120 127
120 588
120 755
120 610
120 163
120 164
120 1995
120 6972
120 189
120 3957
120 7810
120 2119
120 256
120 8140
120 8141
120 8142
120 8005
120 8143
120 2399
120 2418
120 2579
120 8144
120 8145
120 8146
120 7006
120 2654
120 2679
120 2720
120 2728
120 1086
120 8147
120 2840
120 2896
120 4722
120 8148
120 8149
120 3019
120 7492
120 8150
120 8151
120 8152
120 8153
120 3351
120 3352
120 3353
120 3355
120 3356
120 3357
120 8154
120 3502
120 8155
120 7279
120 4967
7299 356
6965 8156
1867 4419
1868 8157
4362 1965
1869 356
1870 1965
8158 256
8158 5470
1871 189
8159 1140
7551 6324
7551 591
8160 1919
8160 2048
7300 640
7300 8161
3926 3930
3926 640
8162 217
3927 640
3927 7877
3927 6142
8163 8017
8163 7757
8163 5781
8163 163
8163 8164
8163 8165
8163 8166
8163 8167
8163 8168
7761 8017
7761 8018
7761 7758
7761 8169
7761 8164
7761 8170
7761 8171
7761 8019
8172 4590
8173 3930
8173 640
8173 5868
3929 640
722 5781
722 163
722 217
722 7619
722 3958
722 3988
722 7625
722 4590
722 6072
722 8174
722 8175
7932 3930
7932 640
7932 8176
7932 7643
7932 5868
7932 3976
7932 8177
7932 8178
7932 4018
8179 902
8179 4240
8179 8180
8179 4003
3930 6285
3930 8181
3930 7906
3930 8182
3930 3942
3930 8183
3930 8184
3930 8185
3930 5868
3930 6144
3930 7168
3930 8186
3930 8187
3930 8188
3930 3977
3930 3979
3930 8189
3930 3987
3930 3992
3930 3993
3930 8178
3930 3997
3930 4000
3930 4012
3930 8190
3930 8191
640 7582
640 8192
640 6285
640 8193
640 8194
640 8195
640 7907
640 8196
640 1880
640 8197
640 1478
640 164
640 962
640 7118
640 8183
640 8198
640 8199
640 3951
640 8200
640 4247
640 3955
640 8185
640 8201
640 3963
640 8202
640 8203
640 2192
640 6144
640 8204
640 8205
640 3973
640 8188
640 3746
640 7912
640 6070
640 7658
640 3979
640 8206
640 6065
640 7355
640 8207
640 8189
640 3984
640 988
640 8208
640 3986
640 8209
640 7171
640 3987
640 6313
640 8210
640 3992
640 3993
640 8211
640 8212
640 8213
640 8214
640 4005
640 8215
640 2450
640 8216
640 8217
640 4016
640 8218
640 8219
640 8220
640 8221
6285 8181
6285 163
6285 8222
6285 6064
6285 8206
6285 7914
6285 8223
6285 8224
6285 7248
6285 4015
6285 4022
121 164
121 3957
121 8225
121 8226
121 8227
121 8228
121 8229
121 8230
121 8231
121 8141
121 8232
121 4283
8233 3987
8017 4364
8017 7302
8017 5781
8017 1917
8017 163
8017 7638
8017 8234
8017 8235
8017 8236
8017 8237
8017 8238
8017 8239
8017 8240
8017 8241
8017 8242
8017 8166
8017 8243
8017 8212
723 164
723 217
723 7621
723 8244
723 8245
723 7623
723 6313
723 6067
723 8246
723 8247
7906 7877
7632 937
8248 1917
1873 2200
7633 8249
7633 7688
7633 8250
7633 400
6138 7301
6138 164
8251 937
8252 2193
7301 8253
7301 8254
7301 7653
7301 8255
7301 7675
7301 7858
7301 8256
7301 7863
7301 8257
7301 8258
7301 8259
7301 7724
7301 8260
8261 937
8261 7577
5847 164
3931 122
3931 164
5848 122
5849 5818
5849 7337
5849 8262
8263 122
5850 8264
5850 936
5850 133
5850 5887
5850 8265
5850 7159
5850 8244
8266 724
6286 122
3932 5818
3932 122
8267 122
8267 5825
8267 8268
8267 164
5818 5825
5818 6417
5818 133
5818 164
5818 6418
6287 122
6287 164
5780 936
5851 122
5851 164
5851 8269
5851 8270
122 5854
122 8271
122 5825
122 8272
122 937
122 164
122 171
122 3947
122 5784
122 7160
122 979
122 5841
122 8273
122 8274
122 8275
122 5798
122 5869
122 5799
122 8276
122 6420
122 6312
122 904
122 5873
122 8277
122 8278
122 8279
122 8280
122 5809
122 8270
122 8281
8282 5791
8282 3959
8283 5853
5852 8284
5853 8272
5853 8285
5853 8273
5853 3970
5853 8286
5854 163
8287 5825
8287 724
8288 724
8288 936
5825 5786
5825 5835
5825 8273
5825 8275
5825 8289
5825 5872
5825 8290
5825 8278
5825 6328
5825 8291
5825 8292
724 164
724 8293
724 5861
724 5783
724 8294
724 8289
724 5805
724 8279
724 8295
724 8280
724 8296
724 8297
5819 8298
8299 5856
8300 936
8300 164
936 588
936 755
936 164
936 5838
936 3948
936 7159
936 8294
936 8301
936 8302
936 6421
936 8303
936 8304
936 8305
936 8306
936 8307
936 8295
936 8308
936 8297
6416 3947
5820 219
5856 3636
5856 164
5856 5882
5856 8309
5856 8301
5856 5797
5856 8302
5856 5801
5856 8303
5856 8307
5856 8262
5856 8310
5856 8311
5856 8312
5856 8313
5856 8314
5856 8281
5856 8315
4232 902
4232 8316
4232 3989
4232 4009
4232 8317
8318 902
3934 8319
3934 8147
3935 4235
3935 3940
3935 8141
3935 8320
8321 163
8321 8165
8321 4590
8322 1875
8322 8323
8322 770
8322 8324
8322 7355
4233 902
7635 8325
7635 8326
8195 7118
8195 8327
8195 2206
8328 937
4364 217
4364 8171
4364 8167
4364 8329
4364 4590
4234 7876
6069 3936
6069 163
6069 2027
6069 7352
6069 2199
6069 2202
6069 8330
6069 8331
6069 8332
6069 8333
6069 7356
6069 2213
6069 8334
6069 8335
6069 8336
6069 8337
6069 8338
6069 3278
6069 8339
6069 8340
6069 3279
6069 8341
6069 8342
6069 8343
6069 8344
8345 1875
8345 163
8345 7355
1874 5857
1874 3938
1874 3643
1874 163
1874 217
1874 8346
1874 8347
1874 8348
8018 8349
4235 8350
4235 8351
4235 8352
4235 8353
4235 8354
4235 8355
4235 8356
4235 8231
4235 8357
7302 217
7302 8358
7302 8359
7302 8360
7302 4590
937 7851
937 7852
937 163
937 164
937 189
937 7640
937 7641
937 7642
937 7643
937 8361
937 8362
937 8363
937 8364
937 8365
937 8366
937 8367
937 8368
937 8369
937 8370
937 8371
937 8372
937 7644
937 8373
937 7645
937 8374
937 8375
937 7646
937 8253
937 7647
937 7648
937 7649
937 7650
937 8376
937 7651
937 7654
937 8377
937 7855
937 8378
937 8379
937 7856
937 4297
937 8380
937 7661
937 4298
937 8381
937 8255
937 7665
937 8382
937 8383
937 7666
937 8384
937 8385
937 7668
937 8386
937 7670
937 7671
937 7673
937 7676
937 7677
937 8387
937 8388
937 8389
937 7678
937 7679
937 4300
937 7680
937 8390
937 8391
937 7681
937 8392
937 7857
937 7684
937 7685
937 8393
937 4301
937 8394
937 8395
937 7689
937 8396
937 7858
937 4302
937 7690
937 8397
937 7691
937 7692
937 7859
937 7860
937 8398
937 8399
937 7695
937 7696
937 7698
937 7699
937 7861
937 8400
937 7700
937 8401
937 4303
937 8402
937 7863
937 8403
937 4304
937 8404
937 8405
937 8406
937 8407
937 8408
937 8409
937 8410
937 7705
937 8411
937 8412
937 7706
937 7707
937 8413
937 7709
937 8414
937 8415
937 7711
937 7713
937 4305
937 7715
937 8416
937 4306
937 7717
937 7718
937 7866
937 7719
937 8250
937 8417
937 7721
937 8418
937 8259
937 4307
937 8419
937 8420
937 7725
937 8421
937 7728
937 8422
937 8423
937 7731
937 7871
937 7732
937 8424
937 8425
937 7733
937 8426
937 8427
937 8428
937 8429
937 7734
937 8430
937 8431
937 7736
937 7737
937 7739
7757 8349
3937 8226
3937 8432
3937 8433
3937 8434
3937 8435
3937 8436
3937 8437
3937 8229
3937 8352
3937 8353
3937 8354
3937 8438
3937 8439
8440 4271
8440 4272
8440 8441
5781 4236
5781 4388
5781 2205
1875 1965
1875 217
1875 7355
1875 8442
1875 8443
8349 1917
8349 8358
8349 8359
8349 8170
8349 8165
8349 8329
8444 5175
8444 164
8444 7117
8444 2200
8444 2209
8062 164
8062 8445
8062 8446
8062 2200
1876 2200
1876 8447
8448 400
1877 164
1877 6088
1877 8449
1877 4258
1877 6104
1877 8450
1877 4276
1877 8451
1877 8452
1878 217
1878 2265
4236 1917
4236 163
4236 8453
4236 8454
4236 5687
4236 8455
4236 5989
4236 8456
8128 4443
8128 2205
1879 7720
1879 8457
8458 1917
8458 2018
8298 3960
1880 1917
1880 163
1880 8459
1880 8460
1880 8461
1880 8462
1880 2210
1880 8463
3938 4590
8464 3946
8464 8465
8466 217
8467 902
7876 902
7876 4243
7876 8141
7926 7115
7926 8468
7926 8469
7926 8461
7926 8470
7926 8471
7926 8472
7926 8473
7926 8474
7926 8475
7926 8476
7926 8477
8478 3979
8478 6065
7927 8479
8480 3979
3941 164
3941 6084
3941 8481
8482 4590
8483 902
8483 4271
8325 133
8325 8484
8325 8485
8325 7680
8325 7864
7877 8203
7877 8486
7877 2205
7877 7173
7877 8487
7877 8488
7877 8489
7877 8490
8491 4590
8492 2493
8492 1160
8492 8493
1883 5545
1883 163
1883 164
1883 2027
1883 2028
1883 7324
1883 8494
1883 8495
1883 8496
1883 8497
1883 8498
1883 8499
1883 8500
1883 8501
1883 8502
1883 1701
1883 8503
1883 8504
1883 8505
1883 8506
1883 8507
1883 8508
1883 8509
1883 8510
1883 8511
1883 8512
1883 8513
1883 2694
1883 2763
1883 8514
1883 8515
1883 8516
1883 8517
1883 8518
123 189
8519 977
8519 1000
8520 1187
1887 189
8521 4433
8521 1701
1540 7135
1540 6593
1540 588
1540 8522
1540 755
1540 610
1540 4400
1540 164
1540 6294
1540 758
1540 189
1540 2089
1540 8523
1540 6323
1540 2353
1540 2389
1540 7412
1540 8088
1540 4755
1540 7837
1540 8524
1540 8525
1540 5511
1540 5966
1540 8526
1540 4938
1540 8527
8528 8529
3636 1479
3636 1491
4365 755
4365 7215
1892 641
8530 636
1893 138
1893 588
1893 755
1893 164
1893 189
1893 207
1893 2096
1893 2808
1893 2881
1893 8531
1895 8532
1895 1361
126 127
126 189
126 205
126 2118
126 8533
126 2235
126 8534
126 2242
126 8535
126 291
126 8536
126 303
126 1013
126 334
126 8537
126 8538
126 7428
126 2642
126 2769
126 8539
126 8540
126 8541
126 4729
126 8542
126 7209
126 3085
126 7235
126 3100
126 8543
126 7503
126 8544
126 3317
126 8545
126 3345
126 1340
1896 165
939 1023
939 8546
8547 233
4368 636
1899 304
578 189
578 8548
578 591
578 8549
4029 8550
4369 636
4369 189
127 588
127 751
127 150
127 156
127 755
127 161
127 180
127 189
127 1547
127 225
127 8551
127 228
127 236
127 256
127 1003
127 315
127 319
127 2422
127 340
127 370
127 2587
5004 197
8552 163
8552 1660
8552 8553
8552 5333
8554 189
8555 189
1901 1965
1901 7199
4370 5903
4370 591
8556 307
8556 358
7288 164
3637 1477
3637 1478
3637 5574
3637 588
3637 164
3637 758
3637 1489
3637 3724
3637 1493
3637 8557
3637 8558
3637 8559
3637 6208
3637 8560
3637 3886
3637 8561
128 189
129 1413
129 164
129 7939
129 312
129 8562
129 8563
8564 1940
1541 1903
1541 4854
1541 8565
7100 1903
8566 1903
8567 1903
8568 7892
893 899
4100 197
3638 3639
3638 1477
3638 962
3638 3662
3638 8569
3638 6570
3638 1489
3638 8570
3638 8571
3638 8572
3638 5266
3638 8573
3638 8574
3638 8575
3638 8576
3638 8577
3638 8578
3638 8579
3638 8580
3638 8581
3639 1585
3639 1477
3639 1478
3639 8582
3639 641
3639 8583
3639 1906
3639 164
3639 2025
3639 962
3639 6597
3639 5558
3639 4409
3639 2029
3639 5858
3639 3668
3639 6605
3639 5559
3639 1489
3639 8074
3639 6199
3639 8584
3639 3691
3639 6202
3639 256
3639 1493
3639 6633
3639 1496
3639 3764
3639 6814
3639 4624
3639 8585
3639 5179
3639 8586
3639 3816
3639 7191
3639 8587
3639 3842
3639 7478
3639 8588
3639 8589
3639 8590
3639 3864
3639 8560
3639 3879
3639 8591
3639 8561
3639 8592
3639 8593
3639 8594
8595 6871
8596 7321
3640 962
3640 256
8597 3645
8597 8095
8197 258
6586 5397
6586 164
6586 257
6586 8598
5708 8599
8600 5389
5396 8601
5396 1478
5396 164
5396 8602
5396 1489
5396 7350
5396 257
5396 1493
5396 5448
5396 8603
8604 768
8604 8605
8604 8606
8604 1494
130 1585
130 1477
130 1478
130 133
130 588
130 755
130 163
130 164
130 1489
130 256
5696 2027
5696 8607
5696 8608
5696 8609
5696 8610
5696 8611
6587 256
6587 8082
6587 8612
6587 6669
6588 5005
6588 8613
6588 1481
6588 3673
6588 6733
6588 3695
6588 3709
6588 256
6588 8614
6588 5148
6588 6748
6588 6751
6588 6827
6588 8615
6588 8616
6588 6766
3641 6016
5005 1481
5005 180
8617 3681
6589 1542
6589 164
6589 256
3643 1477
3643 131
3643 1478
3643 3650
3643 1915
3643 1917
3643 164
3643 962
3643 8618
3643 8619
3643 8620
3643 180
3643 8621
3643 6871
3643 6707
3643 5199
3643 8622
3643 6926
3643 189
3643 8623
3643 1486
3643 5413
3643 1489
3643 8073
3643 8624
3643 6614
3643 5602
3643 6615
3643 8625
3643 5651
3643 7885
3643 7350
3643 5434
3643 3715
3643 256
3643 5742
3643 8626
3643 1493
3643 3739
3643 2199
3643 8627
3643 1009
3643 8091
3643 8628
3643 3780
3643 8629
3643 8630
3643 6660
3643 6661
3643 1506
3643 8631
3643 8632
3643 1507
3643 8633
3643 2745
3643 6551
3643 8634
3643 3843
3643 8635
3643 8636
3643 3860
3643 3863
3643 6209
3643 8637
3643 8638
3643 3306
5130 1585
5130 256
5824 5389
5397 8639
5397 164
5397 256
5397 8640
5616 8641
5616 8642
5892 8643
5892 4975
5892 8644
5892 6704
5892 8645
5892 8646
5892 8647
5892 8648
5892 4978
5892 4979
5892 8649
5892 8650
5892 8651
5892 8652
5892 8653
5892 8654
5892 695
5892 8655
5892 696
5892 8656
5892 8657
5892 8658
5892 8659
5892 8660
5892 4987
5892 4989
1585 1477
1585 6591
1585 131
1585 1478
1585 4372
1585 5401
1585 5042
1585 3651
1585 1906
1585 3656
1585 8065
1585 1542
1585 164
1585 6594
1585 962
1585 178
1585 6597
1585 180
1585 6598
1585 8661
1585 5407
1585 3666
1585 5494
1585 5133
1585 6606
1585 2182
1585 255
1585 8662
1585 1489
1585 6612
1585 1589
1585 5419
1585 5137
1585 5050
1585 6615
1585 6616
1585 6618
1585 8663
1585 6621
1585 6623
1585 4208
1585 5731
1585 5055
1585 3713
1585 8664
1585 257
1585 5059
1585 1493
1585 3735
1585 662
1585 3736
1585 7167
1585 6640
1585 5143
1585 5449
1585 4624
1585 5464
1585 1509
1585 8665
1585 5225
1585 400
1585 6666
5398 164
5398 1489
5398 5430
5398 256
8666 8075
8666 6626
8666 4624
1477 1478
1477 132
1477 8064
1477 8667
1477 641
1477 5193
1477 1906
1477 3656
1477 164
1477 962
1477 180
1477 6027
1477 3664
1477 3666
1477 6607
1477 4221
1477 255
1477 6609
1477 6795
1477 5204
1477 1489
1477 3690
1477 6928
1477 257
1477 3717
1477 3719
1477 1493
1477 8668
1477 1509
8669 8670
8669 8671
8669 6563
8669 8672
8669 8673
7304 163
7304 1489
5888 962
5888 256
8063 164
8063 962
8063 1493
6556 1616
6556 4991
8674 8675
8674 5670
8674 8676
8674 8677
5399 164
5399 8678
5399 6664
5399 400
5400 164
5400 256
5400 8679
6042 181
6591 164
6591 257
6591 1493
6591 1034
6591 8680
8681 8682
131 1478
131 133
131 163
131 164
131 5045
131 5050
131 6617
131 6618
131 5054
131 8683
131 256
131 5060
131 8684
131 5073
131 6646
131 5079
131 5080
131 8685
131 6888
131 5103
131 8686
131 1604
8687 6027
8687 256
8687 1493
5709 5711
8688 5495
8688 6510
6043 8689
6673 1489
6673 1493
1478 132
1478 1479
1478 4372
1478 8064
1478 133
1478 8667
1478 641
1478 1905
1478 5192
1478 1906
1478 5405
1478 5194
1478 5177
1478 3656
1478 8065
1478 1542
1478 6593
1478 164
1478 962
1478 6597
1478 180
1478 2027
1478 6027
1478 4409
1478 3666
1478 5410
1478 2029
1478 198
1478 217
1478 1486
1478 2182
1478 255
1478 6610
1478 1489
1478 3682
1478 6613
1478 6615
1478 8075
1478 3690
1478 6927
1478 6619
1478 4208
1478 6626
1478 5431
1478 6309
1478 8079
1478 8690
1478 256
1478 6630
1478 257
1478 5437
1478 3726
1478 1493
1478 3735
1478 6638
1478 6028
1478 2265
1478 331
1478 1496
1478 5448
1478 1503
1478 6348
1478 4209
1478 5460
1478 3791
1478 8668
1478 799
1478 6660
1478 6918
1478 3810
1478 5464
1478 1510
1478 400
1478 6381
1478 6919
8691 6866
132 1905
132 588
132 755
132 164
132 962
132 5575
132 1489
132 256
132 1493
132 8587
132 5577
132 8692
132 8693
3644 8694
5131 6625
8695 133
8695 8696
1479 8697
1479 164
1479 962
1479 3669
1479 8698
1479 8699
1479 8700
8701 6037
8702 5711
8702 6167
8703 5711
8704 1616
1480 8705
8706 8707
8708 5206
8709 8667
6870 8710
6870 8711
6870 8712
6870 163
6870 5675
6870 8713
6870 8714
6870 5427
6870 8715
6870 8716
1904 2027
1904 8717
1904 5314
1904 2626
1904 5315
1904 6941
1904 8718
1904 5317
1904 5318
1904 8719
1904 8720
1904 5322
8721 4997
4997 6777
4997 1489
4997 8722
4997 6634
4997 8723
4997 6781
4997 6782
4997 8724
4997 6784
4997 6787
4372 164
4372 256
4372 3788
4372 8725
8726 7320
8726 1508
3646 5028
3646 6830
8064 1489
8582 6447
8727 2027
3647 164
3647 400
8728 133
8728 6636
133 7305
133 6925
133 4385
133 7310
133 8729
133 8730
133 8731
133 163
133 164
133 8732
133 8733
133 8068
133 8734
133 6793
133 6539
133 6952
133 2027
133 8694
133 8735
133 3667
133 181
133 6604
133 8736
133 4433
133 8737
133 217
133 7160
133 7161
133 8738
133 7881
133 7882
133 7883
133 7884
133 4459
133 1486
133 8739
133 1489
133 4976
133 8740
133 8741
133 8742
133 6875
133 7349
133 3696
133 8743
133 6876
133 2190
133 1493
133 3737
133 8744
133 4473
133 4529
133 2585
133 5770
133 8093
133 1501
133 8628
133 8745
133 8746
133 6050
133 8747
133 400
133 3830
133 1515
133 8748
133 8749
133 4831
133 8750
133 8751
8639 6669
8710 8752
1616 962
1616 8753
1616 4158
5132 662
5191 8754
5191 6009
5191 8755
5191 8756
5191 8757
5191 8758
5191 8759
5191 6011
5191 8760
5191 8761
5191 8762
5191 8763
8667 6592
8667 8764
8667 7349
8667 8765
8667 5576
8667 1493
8667 5448
8667 3770
8667 8766
8667 8767
8667 8768
8667 6523
8667 8769
8667 8770
5041 8771
5041 8772
8773 163
8773 3662
8773 5214
8773 8774
6036 5999
8775 8776
8775 8777
3648 1542
3648 6216
3649 198
7305 6381
8778 5999
5401 164
5401 1489
5401 6627
5401 256
5401 1595
5401 5091
6909 8779
5042 164
5042 2182
5042 8780
5042 8663
5042 8781
5042 8782
5042 256
5042 1493
5042 662
5042 8783
5042 8784
5042 1596
5042 6658
5042 8785
5042 8786
8787 5589
8787 8788
641 7307
641 1915
641 164
641 6597
641 8789
641 255
641 1489
641 3705
641 256
641 257
641 8790
641 8791
641 5451
641 5096
641 8792
641 8793
1905 164
8794 5206
8795 6551
3650 962
3650 3669
3650 1489
3650 8796
3650 256
3650 4991
3650 8797
3650 8798
3650 6815
3650 8799
3650 6817
3650 8800
6592 164
6592 1489
8801 1493
8802 1906
8711 766
8711 5666
8803 5206
5889 8804
5889 8586
6721 8805
5711 8806
5711 8807
5711 8808
5711 8809
5711 5206
5711 8810
5711 8805
5711 8811
5711 8812
5711 8813
5711 8814
5711 8815
5711 6725
5711 8816
5711 8817
5711 8818
4998 6813
5192 164
5192 962
5192 1489
5192 1493
5192 3767
5192 3821
5192 3854
6433 5722
8819 5206
8819 8820
5193 962
5193 256
5193 8821
3651 1587
5402 8822
5402 8823
5402 8824
5402 8825
5402 8826
5402 8827
5402 8828
8829 3666
8829 5419
6925 962
6925 256
6925 6931
8830 8831
8830 1491
8830 8832
8830 7351
5403 8833
5403 8834
5493 962
5493 3690
8835 8836
8837 2265
1906 164
1906 7319
1906 1484
1906 6858
1906 6456
1906 8838
1906 8839
1906 5430
1906 256
1906 6679
1906 8840
1906 8841
1906 1493
1906 5670
1906 8842
1906 8843
1906 8844
1906 5457
1906 6424
1906 8845
1906 6481
1906 8098
1906 8846
1906 6697
1906 8847
1906 8848
1906 6700
1906 8849
1906 8850
5404 164
5404 255
5404 6873
5404 5420
5404 5603
5404 8851
5404 8852
5404 8853
6125 164
6125 962
6125 8071
6125 256
6125 6128
6125 1493
8854 4624
1481 8619
1481 6734
1481 256
1481 8855
1481 400
1481 3825
3653 8856
3653 8608
3653 8857
3653 8858
3653 8581
5405 164
5405 962
5405 1489
5405 256
5405 1493
5043 5407
1482 8859
1482 8860
1482 8861
1482 8862
1482 5462
1482 8863
1482 8864
1482 8865
1482 5484
1482 8866
1482 8867
5194 164
5194 962
5194 8868
5194 6201
5194 8869
5194 256
5194 1493
5194 8870
5194 8871
5194 331
5194 6348
5194 8872
5194 3839
5194 8768
5194 8873
5194 8769
5194 8874
6730 6016
3654 163
5177 164
5177 962
5177 1489
5177 256
4216 962
4216 256
8875 8876
8876 163
8876 5414
8876 8877
8876 8878
8876 1489
8876 5205
8876 5208
8876 8879
8876 5589
8876 5210
8876 5591
8876 8880
8876 8881
8876 5215
8876 8882
8876 8883
8876 5219
8876 8884
8876 5220
8876 8885
8876 8886
8876 8887
8876 8888
8876 5223
8876 8889
8876 8890
8876 8891
8876 8892
8876 8893
8876 8894
8876 8895
8876 8896
8876 8897
8876 5231
8876 8788
8876 5236
8876 5237
8876 8898
8876 5239
8876 8899
8876 8900
8876 8901
8876 8902
8876 8903
8876 8904
8876 8905
8876 8906
8876 8907
8876 8908
8876 8909
8876 5245
3656 1587
3656 1493
3657 8734
8910 6926
6777 1489
8911 5595
8912 3667
5406 164
5406 256
8913 5413
8065 164
8065 8914
8065 198
8065 8915
4030 1562
4030 610
4030 164
7306 7307
7306 163
7306 2265
7306 4529
709 591
7135 588
8916 2548
8916 8917
134 4479
134 340
636 141
636 588
636 8918
636 5899
636 7311
636 1966
636 755
636 610
636 164
636 1400
636 2005
636 5682
636 7155
636 7325
636 2050
636 2062
636 2094
636 4442
636 8919
636 272
636 4483
636 8920
636 8921
636 8922
636 5672
636 8923
636 4525
636 8924
636 4536
636 8925
636 8926
636 4544
636 8927
636 2437
636 567
636 8928
636 8929
636 2522
636 7771
636 8930
636 6344
636 4040
636 8931
636 8932
636 8146
636 4634
636 4644
636 8933
636 6356
636 8934
636 4671
636 8935
636 5685
636 4697
636 8936
636 8937
636 2877
636 8938
636 2891
636 8939
636 451
636 7205
636 8940
636 2939
636 2942
636 8941
636 3082
636 8942
636 4788
636 8943
636 8944
636 3111
636 8945
636 8946
636 8947
636 3147
636 3224
636 8948
636 8949
636 3380
636 1304
636 7081
636 8950
636 3441
636 8951
636 8952
636 8953
636 8155
636 8954
636 3511
636 8955
636 4931
636 8956
636 4949
636 6415
5500 1988
5500 8957
8958 602
8959 156
8959 1965
8959 8960
4374 591
135 189
631 8961
631 8962
631 8963
940 189
940 4604
940 3397
941 8964
1908 8965
1542 588
1542 164
1542 5407
1542 4217
1542 8966
1542 8967
1542 256
1542 8968
1542 8969
1542 8110
1542 8970
1909 164
8971 228
8971 4640
8971 8972
4375 147
4375 8973
4375 8974
4375 8975
4375 164
4375 758
4375 8976
4375 2151
4375 4493
4375 8977
4375 6993
4375 2414
4375 2422
4375 4561
4375 2505
4375 2527
4375 2557
4375 2621
4375 2678
4375 1085
4375 6365
4375 8978
4375 7450
4375 8979
4375 8980
4375 8118
4375 8153
4375 8981
4375 7513
4375 1277
4375 8982
4375 8983
4375 3376
4375 6164
4375 4887
4375 1341
4375 3553
4375 3587
4376 4526
4376 7185
4376 8984
4376 7454
4376 4749
4376 3038
4376 1244
4376 4291
4377 7943
1413 8974
1413 7156
1413 8985
1413 8986
1413 2268
1413 4490
1413 8987
1413 8988
1413 5352
1413 5684
1413 8989
1413 2503
1413 8990
1413 7014
1413 8991
1413 8992
1413 8984
1413 8993
1413 8994
1413 8995
1413 7479
1413 8996
1413 4801
1413 8997
1413 5366
1413 8998
1413 4833
1413 8981
1413 3312
1413 8999
1413 9000
1413 4884
1413 7088
4378 9001
4378 9002
4378 7437
4378 2925
4378 1294
4378 8950
4378 9003
9004 228
9004 1125
4380 9005
4380 9006
4380 7226
4381 9007
4381 9008
4381 3334
9009 189
7307 966
7307 4473
7307 4529
7307 9010
7307 6385
7307 9011
8529 164
942 161
1910 9012
1910 1438
8015 1701
6140 943
6140 9013
6140 2977
9014 189
138 1932
138 1562
138 588
138 4387
138 755
138 2038
138 189
138 9015
138 9016
138 7769
138 215
138 9017
138 9018
138 2122
138 4452
138 7164
138 7346
138 249
138 256
138 2229
138 8919
138 9019
138 6987
138 9020
138 4505
138 9021
138 9022
138 9023
138 9024
138 4523
138 2358
138 7177
138 1017
138 8925
138 5929
138 7770
138 9025
138 8538
138 2534
138 4038
138 9026
138 9027
138 7416
138 9028
138 4039
138 7187
138 2604
138 9029
138 400
138 7104
138 9030
138 9031
138 5945
138 426
138 1091
138 6365
138 9032
138 452
138 9033
138 9034
138 9035
138 2987
138 9036
138 9037
138 3042
138 9038
138 475
138 7491
138 3119
138 3122
138 9039
138 3154
138 9040
138 9041
138 7499
138 3186
138 3205
138 1254
138 1255
138 9042
138 7245
138 9043
138 9044
138 4848
138 9045
138 7255
138 3371
138 3396
138 1325
138 9046
138 3426
138 9047
138 9048
138 4915
138 3512
138 9049
138 9050
138 3564
138 6410
138 8042
138 7280
138 9051
138 3612
943 5175
943 9052
943 9053
943 610
943 4525
943 9054
943 3301
943 9055
943 6407
6288 9056
6246 1915
6246 2265
1915 6247
1915 9057
1915 6249
1915 7606
1915 6251
1915 9058
1915 7608
1915 7609
1915 6254
1915 7610
1915 9059
1915 6255
1915 6256
1915 7612
1915 9060
1915 6260
1915 7888
1915 6261
5501 1160
9061 246
9062 7883
648 189
9063 6149
1414 164
1917 588
1917 610
1917 164
1917 2018
1917 8176
1917 9064
1917 189
1917 611
1917 217
1917 4443
1917 9065
1917 6615
1917 259
1917 8244
1917 7355
1917 7976
1917 8339
9066 189
9067 189
8010 189
140 4383
140 8533
140 9068
140 9069
140 8537
140 9070
140 2642
140 2799
140 9071
140 8539
140 1138
140 9072
140 1236
140 3267
140 3324
140 1281
140 9073
4382 9074
4031 602
9075 2763
894 189
894 899
9076 899
750 163
750 7142
750 9077
750 7144
750 9078
750 1671
750 9079
9080 189
9080 7339
7945 163
9081 3156
1924 189
1926 2317
1926 8143
1926 7390
1926 9082
1926 4923
141 755
141 189
4384 2972
4385 2571
9083 4404
9083 9084
9085 197
9086 197
9087 414
5545 4433
5545 9088
5545 9089
5545 8516
4183 1437
944 9090
1932 145
1932 5349
1932 1274
1933 1097
1934 163
1934 799
1562 164
1562 758
6593 164
6593 962
6593 256
6593 1493
6593 8766
6593 4624
5518 1942
1937 150
1937 1547
9091 2083
9091 233
588 145
588 149
588 1953
588 150
588 755
588 161
588 610
588 164
588 165
588 171
588 172
588 179
588 180
588 758
588 4032
588 191
588 611
588 197
588 1547
588 228
588 229
588 1549
588 233
588 234
588 7748
588 987
588 256
588 260
588 4035
588 278
588 2305
588 314
588 2422
588 602
588 340
588 6342
588 1034
588 370
588 373
588 2587
588 8088
588 2611
588 1059
588 9092
588 1555
588 4794
588 3240
588 3268
588 9093
1543 2046
945 149
945 755
945 164
945 962
945 9094
945 340
945 1080
945 5510
6247 9057
6247 5930
9095 1950
9057 8085
1681 7155
946 304
1939 4620
1940 1967
1940 189
1940 4520
1940 2506
1940 4587
1940 7476
1940 3112
1940 3140
1940 6386
1940 6403
9096 570
6290 1965
7889 184
7889 1551
1941 164
8918 7013
8918 4714
8918 9097
751 189
751 7788
5175 610
5175 164
5175 7643
7310 163
7310 4420
7310 2265
7310 6381
7310 9098
1942 267
1942 9099
1942 9100
1942 4643
1942 5531
1942 9101
1942 2926
1942 4748
1942 3039
1942 3207
1942 3254
1942 4838
1942 9102
1942 7264
1942 9103
9104 9105
9104 9106
5899 9107
4387 2135
4387 1054
4387 9108
4387 1147
4387 9109
947 7324
947 9110
947 8497
947 330
947 6078
947 6148
947 8515
947 9111
947 9112
947 9113
9114 1965
9115 163
9115 799
9116 145
4388 164
4388 8323
4388 7355
4388 7833
9117 9118
9117 189
4389 4587
4188 9119
145 6969
145 9120
145 1643
145 755
145 610
145 163
145 164
145 189
145 192
145 193
145 2108
145 9121
145 4165
145 5444
145 7354
145 5806
145 9122
145 9021
145 5920
145 9123
145 782
145 7793
145 2500
145 788
145 9002
145 2584
145 9124
145 2611
145 4619
145 9125
145 9126
145 2654
145 1062
145 1064
145 9127
145 9128
145 5943
145 9129
145 2678
145 2681
145 4642
145 2689
145 9130
145 7446
145 9131
145 9132
145 2916
145 9133
145 2929
145 9134
145 6153
145 9135
145 9136
145 9137
145 7224
145 7485
145 3130
145 6157
145 841
145 5964
145 3214
145 7070
145 7074
145 9138
145 9139
145 4863
948 755
948 4417
948 2143
948 9140
948 7481
948 3311
948 9141
9142 602
1945 189
949 9143
949 7404
949 9144
949 9145
949 5965
949 1245
949 7082
950 5916
950 366
950 1093
950 9146
950 1269
950 4944
146 156
146 295
146 591
147 163
147 189
951 2322
6291 1050
9147 167
9148 233
6969 9149
6969 6427
6969 457
6969 9150
6969 7627
4391 9151
4391 3061
4391 3508
1947 9152
1947 8946
1947 4895
1947 9153
1947 3559
1948 9154
1948 9155
1949 7365
1949 9156
1949 9157
1949 6399
1949 9158
1950 2139
1950 7396
1950 9159
1950 7230
1950 9160
1950 8133
1950 9161
1950 8954
148 9155
4392 184
1951 755
6118 6120
9162 164
9162 423
9163 189
9163 304
150 755
150 610
150 164
150 189
150 9164
150 256
150 4494
150 2304
150 5917
150 7179
150 4560
150 9165
150 2554
150 7416
150 2588
150 2590
150 1056
150 9030
150 9166
150 2786
150 7198
150 1683
150 9167
150 9168
150 7039
150 7480
150 3097
150 3373
150 7520
150 1313
150 1359
1544 755
1544 5910
1544 9169
1544 9170
9171 1438
9172 1415
1955 4614
7311 9173
152 6077
952 9174
1956 304
9175 4427
9176 7881
9176 1070
7312 189
9177 189
1958 1965
154 5502
154 164
154 1438
1960 189
9053 9152
156 189
156 214
156 4584
156 9178
156 3057
156 9179
156 6393
1643 163
1643 164
1643 7560
1643 2223
1643 9180
1643 5325
1643 7568
1643 4195
1643 9181
1643 9182
1643 9183
1962 3596
8729 189
8729 1447
1963 1965
1963 379
9184 755
4395 189
4395 9185
4395 779
9186 1443
9186 1447
9186 2374
9186 1449
1965 755
1965 954
1965 955
1965 1989
1965 164
1965 7317
1965 2019
1965 6972
1965 2043
1965 7808
1965 2054
1965 7328
1965 4429
1965 2080
1965 9187
1965 9188
1965 7940
1965 2102
1965 9189
1965 220
1965 4445
1965 9190
1965 1646
1965 2122
1965 226
1965 7343
1965 4454
1965 2144
1965 9191
1965 2158
1965 250
1965 2175
1965 9192
1965 9193
1965 9194
1965 2239
1965 2246
1965 9195
1965 997
1965 9196
1965 281
1965 6987
1965 7941
1965 7365
1965 2286
1965 4495
1965 9197
1965 9198
1965 9199
1965 8987
1965 9200
1965 2306
1965 9201
1965 2320
1965 2322
1965 2331
1965 308
1965 7375
1965 2335
1965 6327
1965 7942
1965 2343
1965 2352
1965 9202
1965 9203
1965 4524
1965 7762
1965 6331
1965 7385
1965 9204
1965 7176
1965 9205
1965 5921
1965 2390
1965 2392
1965 7816
1965 5923
1965 5354
1965 2404
1965 6333
1965 9206
1965 9207
1965 2424
1965 8927
1965 7395
1965 2438
1965 4552
1965 9208
1965 6337
1965 9209
1965 9025
1965 2461
1965 6996
1965 2504
1965 6997
1965 2516
1965 9165
1965 6120
1965 6342
1965 4038
1965 9210
1965 7184
1965 9211
1965 7754
1965 2560
1965 7414
1965 9212
1965 9213
1965 792
1965 2577
1965 2579
1965 9214
1965 4607
1965 7823
1965 2597
1965 6347
1965 2610
1965 2611
1965 2615
1965 8144
1965 2623
1965 2635
1965 6349
1965 9215
1965 9216
1965 4634
1965 4635
1965 2651
1965 2655
1965 9128
1965 8563
1965 4648
1965 2699
1965 9217
1965 2725
1965 6354
1965 2726
1965 9030
1965 2729
1965 4654
1965 5944
1965 9218
1965 7193
1965 6356
1965 419
1965 2744
1965 1080
1965 2752
1965 8934
1965 7194
1965 2770
1965 9219
1965 4677
1965 7444
1965 2803
1965 2806
1965 441
1965 2821
1965 2828
1965 6367
1965 9167
1965 1118
1965 2853
1965 445
1965 8978
1965 5980
1965 9157
1965 5954
1965 2901
1965 2907
1965 2908
1965 9220
1965 2912
1965 9221
1965 9222
1965 7458
1965 9223
1965 7463
1965 9224
1965 5957
1965 5960
1965 6377
1965 9225
1965 3030
1965 3043
1965 3067
1965 5962
1965 9226
1965 3078
1965 6383
1965 1212
1965 1218
1965 7233
1965 4795
1965 9227
1965 9228
1965 3137
1965 9229
1965 7238
1965 9230
1965 9231
1965 1237
1965 3184
1965 3190
1965 3210
1965 3223
1965 9232
1965 4821
1965 3237
1965 3252
1965 9233
1965 4829
1965 9234
1965 9235
1965 3281
1965 7781
1965 3307
1965 9236
1965 3319
1965 9237
1965 7253
1965 4846
1965 7516
1965 515
1965 9238
1965 9239
1965 9240
1965 9241
1965 9242
1965 3388
1965 9243
1965 7140
1965 4861
1965 9244
1965 8039
1965 3415
1965 9245
1965 3423
1965 3424
1965 9246
1965 7083
1965 1331
1965 535
1965 9048
1965 3449
1965 9247
1965 7267
1965 3466
1965 3469
1965 545
1965 9248
1965 9249
1965 9250
1965 8041
1965 3495
1965 4918
1965 8953
1965 9251
1965 9252
1965 3510
1965 3549
1965 557
1965 9253
1965 7850
1965 9254
1965 7543
1965 9255
1965 9256
1965 3608
1965 3611
1965 3614
158 2060
158 2111
158 9257
158 9258
158 3023
158 3577
7804 357
4396 9259
9260 1973
9260 1000
9260 591
895 591
9261 189
9261 2092
7591 676
1969 2390
1969 6341
1970 4404
1970 2013
1970 9262
4398 190
4398 627
4398 9263
4398 5979
4398 2832
4398 9264
4398 9226
4398 9227
159 164
1972 265
1972 9265
1974 8057
1975 9266
1976 1174
1976 7148
1976 1334
1977 7396
1978 392
1978 9267
1978 9268
1978 490
1978 9269
1980 9016
8975 305
755 161
755 610
755 163
755 164
755 9259
755 7316
755 6972
755 179
755 180
755 189
755 1547
755 9270
755 2109
755 228
755 229
755 233
755 240
755 241
755 256
755 260
755 278
755 997
755 340
755 567
755 2482
755 1029
755 1034
755 1061
755 395
755 400
755 9031
755 8934
755 2781
755 7021
755 6963
755 1555
755 7745
755 7457
755 9271
755 1160
755 9272
755 9273
755 1438
755 9268
755 9274
755 9275
755 3138
755 9229
755 3149
755 3161
755 3213
755 9276
755 1261
755 5969
755 8948
755 9277
755 4861
755 9278
755 9279
755 9280
755 7268
755 3487
755 1344
755 1351
755 9281
755 9282
1981 9283
1981 2845
8730 163
161 610
161 164
161 189
161 2065
161 9284
161 7369
161 9285
161 4528
161 4582
161 9286
1982 189
1983 1034
1983 1438
8731 4420
8731 9287
4399 164
1985 277
1986 9288
1986 486
610 164
610 957
610 2025
610 962
610 179
610 758
610 4032
610 611
610 4033
610 197
610 1547
610 217
610 229
610 7163
610 1549
610 258
610 2195
610 2203
610 4035
610 340
610 370
610 6361
610 2843
955 9251
9289 163
9289 9290
9289 9291
9289 9292
9289 2978
9289 9293
9289 9294
9289 9295
9289 9296
9289 9297
9289 9298
9289 9113
9289 9299
9289 9300
9289 9301
162 9302
162 304
162 305
1988 189
4400 7006
1989 9303
4401 164
9304 4543
1990 3772
1990 800
163 164
163 1437
163 7318
163 7284
163 6792
163 7320
163 9305
163 180
163 9306
163 2027
163 2028
163 7321
163 8622
163 4411
163 9307
163 7324
163 189
163 2059
163 9308
163 2074
163 7559
163 9309
163 3947
163 9310
163 8235
163 8623
163 2101
163 1647
163 2136
163 1649
163 1549
163 9311
163 234
163 9312
163 241
163 9313
163 1489
163 5206
163 8741
163 9314
163 5602
163 9315
163 9316
163 8742
163 1491
163 2186
163 5651
163 7885
163 9317
163 6876
163 2190
163 5267
163 9318
163 258
163 9319
163 7351
163 5670
163 5868
163 3963
163 3964
163 7352
163 6310
163 7168
163 6311
163 9320
163 9321
163 8249
163 7353
163 7578
163 2200
163 9322
163 8627
163 2202
163 3979
163 3990
163 8447
163 9323
163 2213
163 7173
163 9324
163 8337
163 8320
163 2219
163 9325
163 9326
163 7143
163 998
163 4167
163 9327
163 316
163 4529
163 8506
163 2396
163 7561
163 5299
163 331
163 9328
163 9329
163 2480
163 2542
163 5548
163 2574
163 7562
163 2585
163 373
163 2595
163 796
163 2617
163 7425
163 9330
163 9331
163 9332
163 9333
163 8630
163 9334
163 799
163 5579
163 9335
163 2664
163 2673
163 2681
163 2694
163 2763
163 1661
163 4685
163 4171
163 8156
163 4706
163 2882
163 9078
163 8553
163 7887
163 7611
163 9336
163 9337
163 5985
163 9338
163 9339
163 6382
163 9340
163 835
163 9341
163 4800
163 3141
163 9342
163 3179
163 9343
163 3228
163 9344
163 3275
163 5876
163 1673
163 9345
163 3329
163 9346
163 7573
163 9150
163 1677
163 9347
1991 164
9348 1447
9348 9105
1992 9224
164 165
164 166
164 957
164 171
164 172
164 174
164 7289
164 176
164 961
164 6594
164 2025
164 962
164 6595
164 7319
164 178
164 179
164 5582
164 3660
164 5196
164 6597
164 180
164 6598
164 5407
164 5408
164 6600
164 6027
164 4409
164 6601
164 3666
164 6602
164 5410
164 2029
164 6604
164 5858
164 5133
164 7598
164 758
164 9349
164 189
164 4417
164 9350
164 611
164 2062
164 197
164 198
164 9351
164 211
164 2089
164 6250
164 1415
164 217
164 3947
164 7158
164 6298
164 5861
164 5784
164 7337
164 3949
164 2100
164 3954
164 3957
164 7159
164 7160
164 7161
164 9005
164 220
164 7339
164 9352
164 8523
164 979
164 225
164 228
164 229
164 231
164 4452
164 7599
164 233
164 234
164 236
164 1486
164 241
164 987
164 9353
164 6606
164 2182
164 255
164 8069
164 6608
164 6609
164 6610
164 1489
164 6612
164 5417
164 8071
164 8072
164 8073
164 5418
164 1590
164 8074
164 5419
164 1490
164 5137
164 3682
164 6613
164 5420
164 6614
164 5602
164 6914
164 5050
164 6615
164 6616
164 5422
164 5423
164 8075
164 3689
164 6618
164 3690
164 6927
164 6619
164 6928
164 5426
164 6620
164 6621
164 6201
164 4208
164 6625
164 6626
164 5430
164 5431
164 5432
164 6309
164 8078
164 3713
164 8079
164 256
164 257
164 6128
164 3717
164 6631
164 258
164 9354
164 8081
164 5438
164 3725
164 1493
164 3735
164 662
164 3736
164 5443
164 5444
164 7167
164 260
164 9355
164 8084
164 6638
164 2193
164 2195
164 8273
164 5798
164 5799
164 9356
164 9357
164 6312
164 8289
164 7169
164 5884
164 5873
164 7170
164 9358
164 5805
164 2203
164 9359
164 6145
164 2206
164 5807
164 7172
164 6315
164 9360
164 5504
164 269
164 2256
164 278
164 2265
164 9196
164 8921
164 4036
164 998
164 9361
164 6447
164 2377
164 6993
164 9362
164 331
164 2422
164 2424
164 9363
164 570
164 340
164 2446
164 9364
164 7138
164 899
164 9365
164 346
164 2477
164 1034
164 2548
164 7821
164 370
164 373
164 2587
164 4039
164 4040
164 796
164 9366
164 6640
164 6641
164 5143
164 5770
164 5607
164 8092
164 1503
164 6917
164 6801
164 6802
164 6650
164 6651
164 3769
164 6653
164 6654
164 8094
164 6348
164 1504
164 3773
164 8678
164 6804
164 4209
164 8097
164 5610
164 6655
164 798
164 6656
164 6657
164 3791
164 8668
164 6660
164 6661
164 6918
164 8098
164 5611
164 3810
164 5464
164 3817
164 9367
164 1509
164 6664
164 9368
164 9369
164 1510
164 1059
164 395
164 400
164 2727
164 1076
164 1660
164 9370
164 9371
164 9372
164 2843
164 1555
164 2910
164 2913
164 2915
164 6373
164 1154
164 8105
164 9373
164 4043
164 4758
164 9374
164 7471
164 7837
164 9375
164 7290
164 9376
164 6666
164 3833
164 9377
164 5162
164 9378
164 3842
164 8107
164 9379
164 9380
164 9381
164 6934
164 9382
164 6935
164 5614
164 5487
164 9383
164 9384
164 1210
164 483
164 4794
164 6439
164 488
164 496
164 3159
164 9385
164 3188
164 3204
164 8980
164 3906
164 3240
164 8118
164 9386
164 9387
164 9388
164 9237
164 1295
164 6398
164 9389
164 9390
164 9391
164 9392
164 9393
164 4930
164 9394
164 3566
164 9395
164 6936
4403 2305
165 957
165 189
165 9396
165 290
165 7890
165 2453
165 9397
165 9398
165 5934
165 9399
165 1043
165 6242
165 2831
165 2861
165 9400
165 9033
165 7206
165 9401
165 4774
165 3040
165 8943
165 3110
165 3180
165 4814
165 3239
165 7780
165 9402
165 4834
165 3377
165 9403
1994 189
9404 189
4404 9405
4404 9406
4404 7229
4404 9407
4404 9294
4404 9296
4404 9408
9409 5682
6293 591
1999 357
956 2303
2000 189
2000 245
8732 2265
6294 520
9410 1443
9410 1447
167 356
9411 189
1443 9412
1443 9413
1443 9414
1443 9415
1443 9416
1443 1445
1443 9312
1443 1446
1443 9417
1443 9418
1443 9419
1443 9420
1443 9421
1443 9422
1443 9423
1443 2694
1443 2763
1443 9424
1443 9425
1443 8156
1443 9426
1443 9427
1443 9428
1443 9429
1443 9430
1443 9344
1443 9431
1443 9432
1443 9280
1443 9433
1443 9434
1443 9435
168 1013
7878 7947
7878 9436
7878 7950
7878 7955
7878 7958
7878 9437
7878 9438
7878 2694
7878 7980
7878 6079
7878 7987
7878 9439
7878 9440
7878 9441
599 9442
599 4198
599 695
599 295
599 9443
599 9444
599 4160
599 591
599 9445
599 9446
599 4194
957 189
957 611
957 9447
957 7391
957 9363
957 9448
957 9449
957 811
957 9450
957 9451
957 9452
957 1150
957 9453
957 2995
957 9454
957 9455
957 9456
957 7243
957 7510
957 9457
957 544
957 3504
957 9458
957 562
8001 627
9459 899
7315 764
7315 9460
9461 1438
1437 9462
1437 7165
1437 253
1437 1650
1437 9180
1437 4167
1437 4190
1437 2596
1437 9463
1437 7566
1437 5326
1437 9464
1437 7144
1437 1663
1437 4193
1437 9465
1437 1670
1437 5328
1437 7070
1437 5330
1437 5331
1437 9466
1437 9467
1437 9468
1437 9181
1437 9469
1437 9079
1437 9470
1437 9471
1437 9119
171 967
171 189
171 256
171 9472
171 2662
172 256
172 2599
172 9473
172 6440
9259 2931
4405 7899
2013 2027
2013 189
2014 7371
9118 9188
9118 9474
4406 189
175 9475
175 9476
175 4655
175 9223
175 9477
9478 189
9479 306
2016 189
8067 4515
8067 9480
9481 2140
2018 9482
2020 605
9483 2815
2022 380
2023 189
7284 9320
7284 8324
7284 7285
7284 2225
177 962
8602 1493
9484 8822
6594 256
6594 1493
6594 331
6594 9485
6792 5440
6792 9486
9487 5206
9488 6447
9488 1494
9488 9489
9488 9490
9488 9491
9488 9492
9488 9493
9488 9494
6016 6731
6016 2027
6016 5008
6016 5012
6016 6737
6016 9495
6016 5017
6016 6820
6016 9496
6016 5020
6016 6860
6016 6751
6016 9497
6016 5023
6016 6752
6016 5026
6016 6826
6016 6759
6016 8616
6016 9498
962 180
962 6539
962 6027
962 5558
962 4409
962 3664
962 3665
962 5410
962 198
962 217
962 233
962 234
962 6607
962 4221
962 5201
962 1631
962 9499
962 6609
962 5559
962 6610
962 5204
962 5417
962 3683
962 3684
962 8075
962 3690
962 6928
962 5431
962 9500
962 3710
962 5434
962 5140
962 6309
962 8079
962 8690
962 256
962 3717
962 258
962 3719
962 3725
962 5441
962 1493
962 4991
962 5443
962 5444
962 260
962 6638
962 6028
962 6639
962 2265
962 1495
962 5448
962 6931
962 1503
962 9501
962 5453
962 6558
962 6653
962 3773
962 9502
962 4209
962 6932
962 5460
962 4152
962 8668
962 799
962 6660
962 5564
962 3810
962 3817
962 3820
962 1510
962 5469
962 400
962 1660
962 6361
962 6373
962 4154
962 3833
962 5470
962 5385
962 4210
962 3840
962 3848
962 9503
962 9504
962 6934
962 3885
962 9505
8618 3715
9506 5207
6595 255
6595 1489
6595 6611
6595 6460
6595 9507
6595 256
6595 8840
6595 1493
6595 6635
6595 8843
6595 6684
6595 6688
6595 3777
6595 6476
6595 6690
6595 9508
6595 6692
6595 9379
6595 6492
6595 6696
6595 9509
6595 6699
6595 9510
6595 8848
6595 9511
6595 6701
6595 9512
6595 6702
2026 6786
2026 5556
7319 1489
9513 5742
9514 6175
9514 5999
1587 6623
1587 5225
6596 256
6596 1493
6596 400
7320 5199
7320 9515
7320 9516
7320 9517
7320 9518
9519 3687
9519 8659
9520 9521
9520 1508
9520 9522
6568 9523
6568 9524
6568 6577
6568 5235
6568 9525
178 256
178 1493
178 8684
178 8084
178 9526
178 5151
178 9527
178 9485
178 9528
6778 1489
8733 2027
9529 5414
179 189
8734 3670
8734 5441
8734 5447
8734 3774
5582 400
8641 6599
8641 2182
8641 9530
8641 3837
8641 3856
8641 5620
9531 5409
8822 9532
8822 2182
8822 9533
8822 8823
8822 6023
8822 9534
8822 9535
8822 9536
5196 256
5196 1493
5196 6466
5196 331
5196 9537
5196 6496
6597 1489
6597 6219
6597 6620
6597 256
6597 1493
6597 6638
6597 9538
6597 4624
6597 400
6597 1514
180 3681
180 767
180 5602
180 3685
180 3694
180 3698
180 3706
180 3710
180 9539
180 3714
180 256
180 6833
180 6834
180 5441
180 3731
180 6835
180 9540
180 9541
180 2195
180 2203
180 9542
180 6837
180 6838
180 9543
180 3774
180 6839
180 6840
180 6841
180 6842
180 6806
180 3798
180 400
180 5613
180 6845
180 5567
180 6847
180 9544
180 3868
180 3869
180 5568
180 3892
180 9545
180 6848
180 9546
180 488
180 9547
180 9548
9306 9549
9306 5206
9306 9550
9306 9551
9306 5867
9306 6514
9306 5999
9306 9552
9553 3848
6598 9554
6598 6222
6598 257
6598 1493
6598 9555
3661 1489
3661 5217
3661 3895
6539 4151
9556 8085
9556 5462
3662 6008
3662 9557
3662 9558
3662 9559
3662 9560
3662 9561
8661 256
6952 2027
5407 5134
5407 9562
5407 5049
5407 8780
5407 6627
5407 256
5407 9563
5407 9564
5407 7167
5407 5146
5407 9565
5407 9566
5407 9567
5407 9568
5407 5101
5407 5157
5407 5105
5407 5109
5407 1610
5407 9569
5407 9570
9571 1489
1484 5413
1484 6681
5408 1489
5408 8839
5408 256
5408 1493
5408 1034
5408 8098
2027 8622
2027 4433
2027 8200
2027 2181
2027 5202
2027 2183
2027 7347
2027 5602
2027 9572
2027 6738
2027 7351
2027 7886
2027 5548
2027 1504
2027 9573
2027 9574
2027 9575
2027 8777
8621 5420
9576 9577
9578 7351
9579 5214
6600 6027
6600 1489
6600 6456
6600 256
6600 9580
9581 5148
9582 5651
6027 217
6027 256
6027 1493
6027 6029
5558 9540
9583 5414
9583 6447
9583 9584
9583 9585
9583 8898
9583 9586
4409 256
9587 6621
3664 1489
3664 9588
5409 8713
5409 9589
5409 9590
5409 9591
3665 5198
3665 8779
3665 9592
3665 9593
3665 4155
3665 3909
5197 9594
5197 5998
5197 5999
5197 9595
6601 5420
6704 8648
6704 4977
6704 9596
6704 6921
6704 9333
6704 9597
6704 4981
6704 4982
6704 9598
6704 4983
6704 4985
6704 9599
6704 6923
6528 5206
6528 6188
6528 9600
6528 9601
9602 6876
9602 9603
9532 3667
9604 9605
3666 6872
3666 256
3666 9606
3666 6224
3666 8772
3666 9607
3666 9608
3666 9609
3666 6901
3666 9610
9611 6508
9611 8575
9611 9612
2028 1489
2028 9613
2028 5610
2028 799
8914 256
8914 9614
8914 9615
8914 9616
5198 9617
5198 6513
6871 9618
6871 9619
6871 9620
8675 189
8675 5670
8675 9621
9622 5206
9622 9623
6602 256
5410 4221
5410 1489
5410 8605
5410 6624
5410 256
5410 1493
5410 8851
5410 9624
5410 400
5410 9625
5494 1493
4225 189
4225 4806
6794 9626
6794 6447
6794 9627
9628 5462
7321 9629
7321 6562
7321 9630
7321 9631
7321 8574
7321 6573
7321 9632
7321 1508
7321 8580
7321 9633
7321 9634
2029 6127
2029 8077
2029 256
2029 1493
2029 9635
2029 9636
2029 4624
2029 9637
6603 257
6603 6857
6707 9638
6707 9639
5199 9524
5199 9640
5199 5721
8754 9641
8694 6856
8735 3812
5993 5206
5993 9642
3667 9643
3667 9644
6505 5206
5712 5206
9645 5206
9645 5999
9645 9646
9647 8093
181 9648
181 9330
181 9333
181 9649
181 6054
6198 4624
6604 9650
9651 3687
9651 9631
8622 9652
8622 9653
8622 9654
6866 9655
9656 5584
9523 6710
9523 9657
9523 9658
9523 6715
9523 1508
9523 9659
9523 9660
9661 9662
9661 3687
9661 2186
9661 7351
7322 5140
7322 9663
5858 6854
5858 9664
9665 5731
9665 256
9665 1496
9665 5459
8736 5731
8736 256
9666 5217
9667 5206
9668 9559
9668 6011
2030 304
6973 305
6973 306
593 189
593 9669
593 5900
593 9670
593 9056
593 9671
593 9672
2031 189
758 611
758 228
758 260
758 4489
758 602
758 1034
758 2843
758 5176
758 488
758 3316
966 189
966 424
9673 233
9673 234
967 189
968 334
4032 7345
4032 4036
4032 7196
4032 2979
2036 378
9674 7062
184 9675
184 9676
184 9677
184 7891
184 9678
184 1065
184 9679
184 9680
4414 189
186 189
186 2068
186 9681
186 7376
186 9682
186 9156
186 4562
186 7401
186 6342
186 363
186 7822
186 7004
186 8145
186 9683
186 7204
186 9684
186 7832
186 4044
186 6382
186 9685
186 8942
186 7236
186 3147
186 4819
186 4835
186 9686
186 3395
186 9687
186 9688
187 2361
187 9689
187 2509
187 715
187 3215
187 7083
187 9690
187 3551
9691 1438
9307 9326
7324 9084
7324 764
7324 799
7324 9692
7324 9693
7324 7229
7324 9694
7324 9695
7325 189
7325 9696
9697 189
9697 229
2038 9698
2038 189
2038 229
2038 7428
9698 189
9698 7428
9698 9699
189 2045
189 2047
189 192
189 2048
189 7326
189 9675
189 7327
189 2053
189 2055
189 7329
189 9700
189 2061
189 197
189 2063
189 199
189 9701
189 2068
189 9283
189 207
189 208
189 9702
189 4434
189 7335
189 2084
189 2085
189 9703
189 2090
189 2091
189 2092
189 6429
189 4442
189 2101
189 2102
189 2103
189 2106
189 7338
189 9704
189 4446
189 5520
189 2125
189 980
189 6303
189 9705
189 8551
189 763
189 9706
189 4450
189 9707
189 229
189 4451
189 6306
189 2142
189 4453
189 4455
189 232
189 234
189 2147
189 9708
189 4460
189 241
189 2157
189 242
189 9709
189 4466
189 9710
189 2173
189 1447
189 253
189 2179
189 3715
189 5295
189 7168
189 6311
189 9321
189 9711
189 2203
189 2212
189 2221
189 2224
189 4474
189 267
189 9712
189 4475
189 2242
189 4477
189 7360
189 9284
189 4480
189 2245
189 2251
189 2252
189 2254
189 7362
189 2258
189 9019
189 2259
189 8920
189 277
189 278
189 2262
189 2263
189 997
189 2271
189 6988
189 7364
189 8532
189 2277
189 2278
189 7629
189 2281
189 9713
189 2287
189 2294
189 9197
189 2295
189 9714
189 290
189 6319
189 774
189 1003
189 6320
189 9122
189 9715
189 7371
189 299
189 9201
189 1005
189 2317
189 2319
189 2321
189 2322
189 7373
189 9716
189 2329
189 304
189 305
189 306
189 307
189 777
189 9717
189 4516
189 4517
189 2338
189 9718
189 9719
189 2339
189 2340
189 2342
189 4518
189 2347
189 9720
189 7379
189 311
189 4520
189 1011
189 2354
189 4521
189 6329
189 9721
189 317
189 9722
189 1013
189 2363
189 9723
189 8085
189 7383
189 2368
189 9724
189 4531
189 2373
189 2374
189 4532
189 4533
189 9151
189 1016
189 7387
189 9725
189 7389
189 9682
189 2400
189 5299
189 2405
189 2412
189 4543
189 9329
189 2421
189 9726
189 2423
189 5926
189 7395
189 2430
189 6236
189 1023
189 7396
189 5929
189 4555
189 4557
189 342
189 343
189 2456
189 899
189 9727
189 7399
189 9070
189 4568
189 1027
189 2468
189 2470
189 9728
189 2475
189 2482
189 7740
189 9010
189 9729
189 9730
189 1682
189 7818
189 9731
189 7403
189 9732
189 2498
189 5933
189 4576
189 9733
189 6340
189 2518
189 1032
189 2519
189 2523
189 2524
189 7406
189 354
189 9398
189 356
189 357
189 7407
189 6343
189 4588
189 2542
189 2543
189 9734
189 2546
189 7409
189 7410
189 2550
189 9027
189 4590
189 2553
189 8135
189 4592
189 4594
189 2561
189 7413
189 2566
189 1038
189 9735
189 364
189 1040
189 2573
189 6999
189 1043
189 9736
189 1044
189 2581
189 2582
189 2583
189 9737
189 1045
189 9738
189 9028
189 5757
189 7186
189 9739
189 1046
189 7418
189 9740
189 2593
189 2594
189 794
189 377
189 1047
189 9741
189 1048
189 4610
189 9742
189 2603
189 379
189 380
189 381
189 382
189 9743
189 2605
189 4615
189 2608
189 7000
189 4618
189 7002
189 9744
189 7004
189 1051
189 2609
189 2612
189 7421
189 2616
189 2619
189 7424
189 2620
189 2623
189 9745
189 7594
189 9746
189 7426
189 7427
189 4628
189 7428
189 2641
189 390
189 9747
189 5941
189 9748
189 2656
189 4638
189 9749
189 9127
189 1067
189 2667
189 2672
189 2676
189 2677
189 9750
189 7436
189 9751
189 7438
189 2686
189 8747
189 9752
189 2688
189 2689
189 4645
189 399
189 4647
189 7772
189 2709
189 2711
189 805
189 9753
189 2715
189 2716
189 2718
189 2722
189 2724
189 9754
189 808
189 1075
189 9755
189 9756
189 2733
189 1078
189 9757
189 2739
189 418
189 2740
189 419
189 2742
189 8991
189 9092
189 7587
189 2745
189 422
189 423
189 424
189 425
189 2750
189 4662
189 8136
189 432
189 9758
189 7443
189 8992
189 2764
189 2773
189 5356
189 9759
189 1091
189 2777
189 2778
189 2782
189 2785
189 9760
189 2796
189 2797
189 4676
189 4679
189 7021
189 681
189 436
189 4682
189 437
189 4683
189 2801
189 9761
189 9762
189 5949
189 814
189 2811
189 2818
189 9763
189 2824
189 2825
189 1113
189 2834
189 2837
189 9764
189 9765
189 4698
189 6149
189 2858
189 2864
189 444
189 9131
189 8541
189 1128
189 9106
189 2873
189 1130
189 8546
189 7025
189 1132
189 7026
189 9766
189 9767
189 2877
189 6151
189 2878
189 5679
189 2879
189 9768
189 2884
189 2887
189 7201
189 9769
189 9770
189 9771
189 637
189 449
189 4716
189 450
189 4717
189 7030
189 1144
189 1145
189 4719
189 2898
189 9772
189 9773
189 9774
189 1148
189 2906
189 9775
189 9776
189 7776
189 4730
189 4731
189 454
189 2911
189 455
189 2919
189 4735
189 2920
189 2921
189 4736
189 9777
189 9222
189 7033
189 8542
189 459
189 460
189 461
189 462
189 1159
189 2931
189 7207
189 9778
189 1161
189 9034
189 464
189 2937
189 2938
189 9779
189 2940
189 9780
189 1167
189 7892
189 1168
189 2944
189 2947
189 7462
189 9781
189 2955
189 9782
189 9783
189 2958
189 9784
189 1174
189 7465
189 1177
189 9785
189 2962
189 1180
189 7777
189 9786
189 1181
189 1182
189 9787
189 2967
189 2971
189 2972
189 5532
189 2974
189 2975
189 9072
189 9401
189 2981
189 9788
189 2987
189 1193
189 2989
189 2990
189 2991
189 6154
189 1194
189 9272
189 1196
189 4763
189 3000
189 3004
189 8149
189 5958
189 9789
189 4766
189 3008
189 4767
189 9036
189 9790
189 3010
189 6377
189 9791
189 9792
189 4770
189 9793
189 9267
189 3022
189 4773
189 7473
189 1203
189 9794
189 7474
189 9795
189 3038
189 3041
189 3046
189 9796
189 3047
189 3048
189 9797
189 7214
189 7475
189 9798
189 3062
189 8635
189 7045
189 4782
189 3065
189 8941
189 9799
189 3075
189 7481
189 3083
189 6383
189 838
189 477
189 8003
189 9800
189 478
189 7055
189 479
189 9801
189 8525
189 3092
189 7488
189 7057
189 9802
189 9803
189 3099
189 9804
189 1223
189 7794
189 9805
189 3112
189 3113
189 3114
189 9806
189 8034
189 9807
189 9808
189 1227
189 4798
189 3131
189 9809
189 1229
189 9303
189 7496
189 7498
189 490
189 4799
189 1232
189 6040
189 7065
189 3155
189 9810
189 6158
189 3157
189 3160
189 4804
189 499
189 3174
189 3175
189 3184
189 8036
189 3187
189 9811
189 4810
189 3195
189 9812
189 1244
189 3202
189 5967
189 4811
189 3208
189 5366
189 9813
189 4815
189 9814
189 9815
189 7067
189 1249
189 9816
189 9276
189 502
189 3229
189 3230
189 9817
189 3235
189 3238
189 8998
189 9818
189 9819
189 9820
189 9821
189 9822
189 9823
189 3243
189 9824
189 3246
189 3251
189 7245
189 4823
189 9825
189 3257
189 3261
189 7247
189 7509
189 1685
189 9826
189 9827
189 1265
189 6390
189 3273
189 8341
189 9828
189 7512
189 3292
189 3293
189 3294
189 3295
189 3296
189 3297
189 3298
189 3299
189 508
189 4837
189 3306
189 9829
189 7072
189 3313
189 852
189 1276
189 8037
189 9236
189 3321
189 4841
189 7515
189 1279
189 3327
189 1283
189 3330
189 853
189 3331
189 8949
189 1287
189 7517
189 7254
189 8982
189 9000
189 4849
189 7896
189 9830
189 9831
189 9832
189 9833
189 521
189 9834
189 1297
189 9835
189 7782
189 9240
189 3374
189 3376
189 9403
189 4857
189 1305
189 9836
189 8565
189 856
189 7257
189 5761
189 9837
189 9838
189 9839
189 9840
189 528
189 6159
189 6160
189 9841
189 6161
189 7521
189 9842
189 3410
189 3411
189 4866
189 4868
189 9843
189 4872
189 4873
189 4876
189 4877
189 9844
189 9082
189 4878
189 9845
189 7526
189 3434
189 534
189 9846
189 9297
189 3440
189 3443
189 1332
189 4885
189 540
189 7596
189 3448
189 4890
189 3457
189 9847
189 3463
189 3465
189 4898
189 9848
189 7269
189 9849
189 4900
189 9850
189 7530
189 3475
189 7787
189 4903
189 3483
189 3486
189 9851
189 547
189 9852
189 9853
189 3498
189 3499
189 9854
189 9855
189 5763
189 9856
189 3506
189 7274
189 8155
189 9857
189 9858
189 874
189 9859
189 7275
189 4925
189 5974
189 3528
189 3529
189 3530
189 3531
189 3532
189 3533
189 3534
189 3535
189 4926
189 9153
189 7537
189 9860
189 4929
189 4934
189 1686
189 4935
189 3554
189 6409
189 4940
189 3568
189 3570
189 3571
189 9861
189 7542
189 7092
189 9862
189 8043
189 9863
189 4954
189 9864
189 3591
189 9865
189 9699
189 9866
189 4958
189 9281
189 9867
189 8045
189 9868
189 7755
189 9869
189 9870
189 9871
189 3600
189 7548
189 3603
189 7549
189 565
972 3036
190 6295
190 9872
190 9873
190 8524
2041 9021
9874 1438
2045 9875
8494 4433
5766 295
5766 591
975 3584
1408 9876
1408 7363
1408 9258
1408 9877
1408 9878
1408 9879
1408 9880
1408 7524
1408 9881
1408 3555
9882 1447
9882 2374
9883 591
2051 9884
6295 304
611 217
611 2203
611 1059
611 9384
611 3240
9016 1161
6974 306
9885 1447
1644 9886
4419 9669
4419 228
4419 1698
4419 364
4419 9887
4419 9888
4419 9889
4419 9890
4419 7507
4419 9047
4419 9891
4419 9892
4420 9315
4420 7348
4420 9098
2059 1491
4422 305
4422 1202
9893 1202
2062 2117
197 295
197 591
198 1489
198 6457
198 5051
198 5425
198 256
198 257
198 1493
198 9894
198 8083
198 3745
198 5448
198 3800
198 6753
198 1510
198 3830
198 9895
198 1515
198 8108
198 9896
198 9897
198 477
201 9241
1547 236
1547 5909
1547 9263
7110 591
202 9898
202 9899
2065 2135
4425 591
4426 228
4426 9730
4426 1206
4426 9900
4426 9901
4426 4865
2068 307
4427 9902
4427 278
4427 9903
7333 7259
203 6985
7334 382
4428 305
9270 4502
9904 304
9904 378
9351 6402
2070 4500
9283 2845
204 225
204 9713
204 294
204 8134
204 7381
204 4539
204 7405
204 4626
204 2817
204 9071
204 2900
204 7213
204 8033
204 490
204 8545
2074 9905
2074 2810
8548 2450
9669 2086
9669 2326
9669 9010
9669 9906
9669 7472
9669 9907
5900 9908
5901 228
5901 1142
5901 9805
5902 9909
5903 228
5903 1205
5903 1246
2076 2871
9702 304
4433 9910
4433 9911
4433 8496
4433 8498
4433 8499
4433 9912
4433 9913
4433 9914
4433 8506
4433 8508
4433 9915
4433 9916
4433 9917
4433 9918
4433 9919
4433 9920
4433 2694
4433 8514
4433 8515
4433 476
4433 9089
4433 9921
5859 6300
5859 7355
9922 799
9923 2374
9923 1449
2081 9924
2081 9925
2081 7587
2081 7211
2081 8048
211 9926
2083 9273
4437 4461
9927 306
9927 421
9927 424
9928 570
2090 9929
2090 2928
6250 6257
4439 357
2092 2648
215 9902
1415 7237
9930 1447
5184 1447
9910 6148
9084 9291
9084 9406
9084 9693
9084 9298
9188 9931
9416 1447
9932 4784
8737 4529
5388 591
4441 9271
4442 300
4442 2337
4442 2387
7638 217
7638 3990
7638 9933
7638 9934
7618 218
217 4240
217 6083
217 3952
217 4247
217 6091
217 9935
217 9936
217 256
217 1493
217 9937
217 9938
217 9939
217 2199
217 9322
217 9940
217 2202
217 3981
217 3984
217 8208
217 9941
217 8346
217 9942
217 9943
217 9944
217 2208
217 2211
217 3996
217 8557
217 2213
217 2215
217 4001
217 4002
217 2216
217 2217
217 4006
217 4008
217 9945
217 8338
217 9946
217 9947
217 2265
217 9948
217 9949
217 9950
217 9951
217 8174
217 9952
217 9953
217 8347
217 9954
217 8348
902 9955
902 9956
902 4239
902 4240
902 4243
902 9957
902 9958
902 9959
902 9960
902 9961
902 9962
902 9963
902 6083
902 6086
902 3953
902 9964
902 8449
902 9965
902 6093
902 2192
902 9966
902 9967
902 9968
902 9969
902 9970
902 9971
902 4252
902 4253
902 4254
902 9972
902 9973
902 4255
902 4256
902 4257
902 9974
902 9975
902 4260
902 9976
902 6104
902 4261
902 9940
902 4262
902 9977
902 7354
902 9978
902 9979
902 4266
902 8140
902 4267
902 9980
902 4270
902 8450
902 4271
902 3989
902 9981
902 9982
902 4274
902 9983
902 8180
902 4005
902 9984
902 4279
902 4280
902 4281
902 9985
902 9986
902 9987
902 9988
902 4284
902 9989
902 4019
902 9990
902 4288
902 4290
9991 9992
9991 6100
7117 2200
9993 2200
9993 2206
9994 6092
9994 261
9309 6310
9309 2198
9309 7355
9309 9995
9309 4590
3944 6100
4443 8460
4443 3984
3946 6087
3946 9996
8183 6144
3947 5829
3947 5785
3947 5787
3947 3948
3947 5880
3947 5790
3947 5791
3947 8274
3947 8301
3947 9997
3947 5800
3947 9998
3947 9999
3947 8278
3947 6422
3947 5877
5829 3949
5829 5795
10000 3959
5861 5783
5861 5791
5861 3959
5861 5826
5783 5794
5783 8302
5784 8273
5784 8309
5784 10001
5784 8277
5784 8286
5784 8306
5784 8310
5784 8311
5784 8313
5784 8314
5787 8305
5862 488
3949 5795
3949 8296
10002 7121
10003 10004
10003 2200
10003 10005
8445 2200
8445 2207
10006 2200
10007 2200
1548 5295
1548 295
1548 591
8198 5868
8198 8124
8198 2200
8198 10008
10009 6084
10009 10010
10009 8140
4240 10011
4240 10012
4240 10013
4240 10014
4240 9980
2100 6101
2100 10015
2100 6109
7576 10016
7576 7656
7576 10017
7576 7579
7576 8397
7576 10018
7576 8424
8235 10019
8235 8169
8235 3990
8199 5868
6082 261
10020 3951
10011 2265
6083 4244
6083 4245
6083 10021
6083 10022
6083 10023
6083 8465
6083 6108
6083 10024
6083 10025
6083 4001
6083 8147
6083 6112
3951 10026
8623 2265
6084 4268
6084 261
6085 3957
218 7620
218 8245
218 3971
218 7624
218 295
218 591
218 8247
6142 4271
8236 3990
8237 3990
3953 10027
3953 8147
3953 10028
3953 9954
7880 10029
7643 7854
7643 2674
4294 4296
4295 4296
4295 10016
4295 8371
4295 8372
4295 10030
4295 8384
4295 10031
4295 7687
4295 8395
4295 8420
10032 7579
10033 10034
6300 6310
6300 899
6300 4590
6300 10035
6088 8147
4246 2265
2101 2219
10036 4001
8468 2210
9964 3957
10037 10038
10037 2200
6091 8147
8239 8165
8239 8167
3957 9935
3957 4265
3957 4272
3957 10039
3957 10040
3957 4284
3958 8208
10041 3984
219 5863
219 4296
219 10042
219 5836
219 295
219 591
5790 5792
5791 8290
5793 10043
5864 7169
3959 8304
3959 5803
10044 295
10044 591
5882 10042
10045 2265
10046 4001
10047 3961
8446 2200
8446 2207
8446 10048
3960 5868
3960 10049
3960 4590
10050 10051
10052 229
10052 7395
1645 1438
10053 304
1451 10054
1451 10055
1451 476
10056 2445
222 305
7338 229
7338 2316
6301 1202
6302 2313
6302 6368
2114 6353
9352 315
9352 9903
8523 2115
1647 1438
1648 1622
978 6342
7811 10057
7811 10058
2123 6823
2123 421
2123 7442
980 6992
980 4646
980 10059
980 9770
980 9799
980 1322
980 7272
980 10060
980 7544
980 10061
600 605
10062 1447
6304 233
10063 1202
7343 305
7343 306
7162 4760
2131 7439
2132 8990
2132 1365
2132 1384
6305 1020
2136 8507
2136 8509
2136 10064
2136 9918
2136 10065
2136 2897
2136 10066
2136 10067
2136 10068
2137 7883
228 1447
228 256
228 3989
228 4502
228 2422
228 5925
228 5775
228 7132
228 6431
228 10069
2138 2152
2138 4492
229 4460
229 256
229 4474
229 7371
229 4518
229 9721
229 2412
229 7395
229 2430
229 7403
229 4594
229 2620
229 7426
229 7428
229 9751
10070 292
10070 401
7881 10071
7881 10072
7881 10073
10074 591
4453 2332
7345 4796
6980 3053
6980 9093
4455 420
9174 4459
6126 233
7164 2408
7882 10075
7882 10076
7883 9311
7883 10077
7883 10078
7883 10079
7883 10080
7883 2763
7883 4685
7883 10081
7883 8531
7883 10082
7883 10083
7883 10084
3668 3875
9936 6313
4165 1438
764 10085
764 775
764 10086
764 9692
764 10087
764 10088
764 9295
764 10089
764 9695
764 10090
7884 10091
9311 2664
233 6620
233 256
233 260
233 304
233 2611
233 6355
233 6361
233 1154
233 4755
233 2980
233 10092
233 9505
233 10093
233 10094
233 3545
233 3561
233 7094
234 5553
983 10095
983 2425
9312 2374
6981 7019
6981 3335
6981 10096
236 10097
2147 304
237 7433
237 2953
237 7493
237 8544
237 10098
237 9249
238 10099
239 9879
10100 1447
10101 7976
2152 10102
2152 9795
4459 10103
4459 10104
4459 10105
4459 10106
4459 10107
10108 9111
2156 2664
1486 3669
1486 256
241 373
3669 3715
2158 4629
2159 10109
2159 3097
2159 3285
2159 8038
245 4636
245 10110
249 8938
9353 10111
1446 1447
2173 10112
2173 10113
10114 10115
251 7290
8533 10116
252 379
1447 9417
1447 9418
1447 10117
1447 10118
1447 1448
1447 10119
1447 9419
1447 4557
1447 9422
1447 10120
1447 9424
1447 9425
1447 9427
1447 10121
1447 9430
1447 10122
1447 9431
1447 10123
1447 10124
1447 10125
1447 9433
2176 7356
2176 7008
2176 7826
7953 5643
7953 7960
7953 10126
7953 9437
7953 10127
7953 9438
7953 6078
7953 7966
7953 10128
7953 7970
7953 7975
7953 10129
7953 10130
7953 10131
7953 4831
5261 10132
5261 10133
9192 2435
9192 2830
9192 10134
9192 4893
9192 4957
2181 6189
6605 256
6606 5048
6606 5050
6606 5055
6606 5141
6606 10135
6606 10136
6606 5074
6606 5082
6606 10137
6606 6886
6606 5092
6606 5095
6606 10138
6606 6888
6606 8665
6606 6829
6606 5119
6606 6453
6606 5124
6607 5201
6607 256
6852 1493
8831 1491
8831 2186
5173 662
10139 8075
10140 5139
4221 256
4221 1493
2182 9533
2182 1489
2182 8073
2182 10141
2182 8796
2182 256
2182 9540
2182 10142
2182 10143
2182 10144
2182 10145
10146 4976
10146 2626
10146 10147
10146 9627
10148 5217
10149 766
255 1631
255 1489
255 9302
255 5731
255 256
255 6953
255 1493
255 3734
255 662
255 8968
255 10150
255 10151
255 5221
255 5022
255 10152
3672 1493
5202 10153
5202 9595
10154 7425
6045 256
5413 1489
5413 10155
5413 5428
5413 256
5413 6463
5413 8841
5413 1493
5413 6467
5413 6469
5008 1489
1631 257
1631 3840
9499 1489
9499 9540
10156 3715
6131 5206
6131 10157
2183 8557
8069 256
8069 3802
5414 8878
5414 10158
5414 10159
5414 5208
5414 10160
5414 8880
5414 10161
5414 10162
5414 8882
5414 10163
5414 8883
5414 8886
5414 8887
5414 10164
5414 10165
5414 8889
5414 10166
5414 8892
5414 10167
5414 10168
5414 10169
5414 10170
5414 10171
5414 8896
5414 10172
5414 10173
5414 5233
5414 8898
5414 5240
5414 8900
5414 8901
5414 10174
5414 10175
5414 10176
5414 10177
5414 10178
6608 257
6608 5221
10179 5206
10180 3682
6609 256
6609 1493
6609 10181
10182 1493
6455 5442
10183 5589
5415 5429
6570 8671
6570 10184
6570 6582
3676 10185
3676 10186
9524 5999
9524 6002
5416 256
8877 10158
8877 5589
5559 9540
6610 1489
6610 1493
6610 6829
8070 1493
8070 8745
10187 3681
8739 10188
8739 8705
8878 5589
5204 256
5204 6558
10189 8606
1488 10190
1488 6670
1489 6612
1489 10191
1489 5137
1489 6457
1489 6913
1489 3682
1489 6613
1489 10155
1489 6615
1489 8838
1489 6676
1489 8742
1489 5426
1489 6622
1489 4208
1489 5214
1489 5430
1489 6461
1489 5433
1489 8722
1489 10192
1489 10193
1489 9318
1489 6915
1489 10194
1489 5742
1489 3718
1489 9354
1489 3726
1489 1493
1489 8723
1489 6636
1489 6028
1489 9320
1489 9325
1489 998
1489 6342
1489 5770
1489 8558
1489 8842
1489 9613
1489 8093
1489 6742
1489 3762
1489 10195
1489 6746
1489 6475
1489 9605
1489 6814
1489 10196
1489 3778
1489 8096
1489 5610
1489 6656
1489 8630
1489 9334
1489 3791
1489 10197
1489 10198
1489 6806
1489 799
1489 5223
1489 5579
1489 8889
1489 9497
1489 6947
1489 10199
1489 10200
1489 3810
1489 6808
1489 10201
1489 10202
1489 9368
1489 10203
1489 5162
1489 3840
1489 10204
1489 5227
1489 6490
1489 5230
1489 6959
1489 8108
1489 3865
1489 10205
1489 5480
1489 10206
1489 10207
1489 10208
1489 8696
1489 5039
1489 10209
1489 10210
1489 3278
1489 10211
10212 6621
3677 6174
3678 2265
3678 10213
6611 1493
10214 10215
10214 4624
10214 10213
10216 5420
10216 662
5205 8885
5205 8888
5205 10169
5205 10217
5205 10218
5205 10219
5134 5088
5134 800
10220 766
10221 766
10222 4976
10223 5214
6612 7166
6612 10224
6612 256
6612 1493
6612 5445
6612 5145
10225 8606
10158 8894
10158 8899
10158 8900
10158 8902
10226 5589
10226 8884
5417 256
5417 1493
5417 3749
5417 6686
5417 6850
5009 6771
5994 6516
8072 1493
8073 256
8073 6657
8073 10227
4976 2184
4976 10228
4976 2407
4976 6799
4976 10229
4976 5228
4976 3876
8740 2407
8740 10230
8740 10231
8740 10232
5206 10233
5206 3680
5206 10234
5206 6169
5206 10235
5206 6171
5206 10236
5206 10237
5206 6507
5206 5211
5206 5996
5206 6509
5206 10238
5206 10239
5206 10240
5206 10241
5206 10242
5206 3704
5206 10243
5206 10244
5206 6037
5206 10245
5206 6174
5206 5867
5206 10246
5206 5717
5206 5718
5206 8599
5206 7425
5206 9577
5206 10247
5206 10248
5206 10249
5206 10250
5206 6178
5206 10251
5206 10252
5206 10253
5206 10254
5206 8682
5206 10255
5206 10256
5206 10257
5206 6182
5206 10258
5206 10259
5206 10260
5206 6521
5206 10261
5206 9646
5206 10262
5206 10263
5206 10264
5206 10265
5206 6001
5206 10266
5206 6524
5206 10267
5206 10268
9630 10269
9630 10270
9630 1508
10271 1491
5495 9316
5495 6135
5495 9504
5495 10272
10273 9612
3680 10251
3680 5999
3680 6517
766 6929
766 6622
766 6623
766 10274
766 5613
766 6844
10275 1493
10276 10277
10276 1494
10276 10278
5207 10279
5207 5999
5207 6520
5207 10280
5207 10281
5046 662
8570 2407
1590 5086
8074 3682
8074 1493
9302 6203
9302 8690
9302 6633
9302 3760
9302 10282
9302 10283
9302 10284
9302 4043
9302 8793
9302 6949
9302 3880
9302 8638
9302 10285
6854 662
9314 8743
10286 6018
5419 257
5419 10135
5419 1493
5419 3758
5419 10287
10288 5607
6169 10289
9562 5100
9562 6896
9562 10290
10291 2188
10291 5670
10291 8085
10291 10292
10291 10293
1490 256
4977 2184
10294 10295
10294 6876
10294 6447
10294 2407
5136 256
5136 10296
5136 5113
10297 3704
6170 8670
10235 10298
5137 10299
7347 1492
7347 10300
7347 6890
7347 6905
6913 4624
5714 3704
3681 10301
3682 256
3682 10302
3682 10303
3682 10304
3682 10305
3682 10306
3682 10307
6868 10308
10309 10310
10311 257
8571 10312
8571 10313
6127 4624
5048 6892
5048 10314
5048 10315
5048 10316
768 10317
6613 256
6613 9354
6613 1493
6613 6666
6018 5912
6018 5670
6018 6447
6018 10318
6018 10319
6018 9621
6018 10293
6018 10320
6018 10321
3683 256
3683 5216
3683 10322
5420 3689
5420 256
5420 5603
5420 3769
5420 8598
5420 5609
5420 6657
5420 10323
5420 10324
5420 10325
5420 3890
5420 10326
5420 10327
10328 8682
6171 10329
6614 5438
5602 8689
5602 5583
5602 5605
5602 8598
5602 10330
5602 6924
5602 8853
5602 5614
5602 8640
10331 10332
9315 2265
9315 6381
10333 10334
8879 5220
10335 8085
10336 5912
10336 10337
5050 256
5050 1493
5050 1606
9316 10338
9316 5218
9316 10339
9316 10340
9316 10341
9316 5999
9316 10259
9316 10260
9316 10342
9316 6189
9316 6190
9316 5238
9316 10343
9316 10344
6615 6797
6615 256
6615 1493
6615 5071
6615 10345
6615 5152
6615 10346
6615 5166
6615 6903
6615 6904
6615 10347
6615 10348
3684 256
3684 8821
3684 6816
3684 10349
10350 5267
10350 10351
6616 10352
6616 10353
6616 10354
5138 1493
5995 9617
5995 6184
4217 256
10355 5214
10356 5670
3686 8836
5589 10160
5589 5591
5589 10357
5589 10161
5589 695
5589 10358
5589 696
5589 10359
5589 10360
5589 10163
10361 5912
10361 5670
10361 10362
10363 3704
10160 10364
2184 3687
2184 10365
6541 10366
3687 10367
3687 6709
3687 10368
3687 10369
3687 6563
3687 10370
5422 256
5422 3884
5422 8112
5422 8122
6132 10371
5669 5912
5669 5670
5669 10313
6617 1493
7348 5985
5423 256
8742 9287
10372 3705
10372 8579
10373 9594
10374 10300
10374 6447
10375 1494
3688 5707
3688 10376
6047 2626
1491 10377
1491 8718
1491 10378
1491 5319
1491 10379
8075 8967
8075 6201
8075 8078
8075 8080
8075 256
8075 8081
8075 1493
8075 6633
8075 6917
5424 1508
6618 1493
6618 6644
6618 10380
6618 10354
8625 10330
1592 662
6796 9597
6796 6056
8076 6633
6874 5070
3690 256
3690 3833
2186 10381
2186 10382
2186 10377
2186 10310
2186 10383
2186 10384
2186 8746
2186 10385
2186 10378
2186 2627
2186 10386
2186 10387
2186 2630
2186 10388
2186 10379
2186 7477
2186 10389
2186 10390
2186 10391
2186 6942
2186 10392
2186 6943
2186 10393
2186 6944
2186 10394
2186 10395
6927 256
6927 10396
8689 10397
6508 5999
10398 10238
10338 3704
6928 256
5425 256
5211 10399
5590 10161
6172 6524
3693 257
3693 10400
6620 304
6620 400
10401 256
10401 662
6621 256
6621 1493
6621 10402
6621 10403
6929 6622
6929 1493
10404 6622
10404 256
6622 6623
6622 1493
6623 1493
5651 3703
5651 10405
5651 3723
5651 5595
5651 2396
5651 10406
5651 10407
5651 10408
5651 3812
5651 10409
5651 10410
8812 6167
10411 6876
10411 10412
10411 10413
10411 10414
10411 10415
10411 10416
6797 257
3696 8872
3696 5182
10417 5912
10417 5670
6220 1493
6220 662
10418 10419
10418 10368
10238 10420
10238 10421
10238 10422
10238 10423
5584 10326
8743 9318
8743 10424
8743 9331
8572 10425
8572 8676
10426 5912
10426 5670
5427 10427
5427 10428
5427 10429
5427 10430
5427 10431
5427 10432
5427 10433
5427 9490
5427 9491
5427 10434
5427 10435
5427 9493
5427 10436
5427 10437
5427 6537
5427 10438
4208 256
4208 1493
4208 2674
4208 10439
4208 10440
4208 7849
10441 5670
10419 10442
10419 10186
10419 6876
10419 10443
10419 10444
10419 10445
10419 10413
10419 1508
10419 10446
10419 10447
10419 10448
10449 5670
10449 10450
9559 10451
9559 10452
3700 5221
7166 1509
10240 10453
10240 10281
6624 256
5212 256
5212 5439
5212 6741
5212 6659
5212 8855
5212 6763
5212 10454
4218 256
4218 1493
6625 6628
6625 256
6625 1493
6626 1493
6626 8871
6626 6814
6626 8559
6626 10455
6626 8603
10185 6876
10367 5436
10367 10456
10367 10457
5389 10458
5389 10459
8869 9383
3702 400
7350 257
9572 5731
9572 256
9572 3734
9572 3751
9572 10460
9572 5456
9572 10461
9572 10201
9572 3841
9572 6958
9572 1518
9572 10462
9572 10463
9572 10464
5214 10465
5214 10466
5214 10467
5214 8707
5139 1493
5139 10468
5139 10346
1492 1493
3704 5999
3704 6519
3704 6187
3704 6000
3704 9504
3704 10469
3704 10343
3704 6526
2188 5670
5731 3715
5731 256
5731 8083
5731 3754
5731 1496
5731 5217
5731 1501
5731 5148
5731 3779
5731 5459
5731 400
5431 256
5431 1493
5431 304
5431 10470
6228 10471
6228 10472
6228 10473
6228 1508
6228 6579
6228 10474
6228 10475
6228 10476
3705 6876
3705 9603
3705 10477
3705 10478
3705 10479
3705 10480
3705 10481
3705 10482
8880 8897
8880 10483
10484 5451
10485 5911
5433 6821
5433 3778
5433 8095
5433 10486
5433 3824
5433 5040
6222 1493
6222 5154
6628 5083
6628 1604
10405 1518
6173 5999
10487 10334
10487 5670
3710 400
2189 2364
6678 5442
5434 256
5434 10488
5434 4220
3711 8905
5140 257
5140 5148
8765 1493
8765 400
9539 1493
6309 1493
6309 10215
5055 5056
5055 5117
10489 3789
5141 5059
6876 10368
6876 10490
6876 9333
6876 10491
6876 10492
10493 5670
10493 8631
8078 8080
4999 256
10334 5670
10334 6447
10334 10319
10334 10494
10334 10495
10334 10496
10497 9603
3713 256
3713 10498
3713 1493
3713 5070
3713 5075
5014 5742
10499 1493
8079 1493
10500 2407
3715 6954
3715 8083
3715 6955
3715 3750
3715 10501
3715 1499
3715 5456
3715 3775
3715 10502
3715 10198
3715 10200
3715 10201
3715 6957
3715 3859
3715 6960
3715 10503
3715 10504
3715 10505
3715 10506
9655 5999
10162 8881
10162 8891
10162 10507
10162 8903
8690 1493
8698 256
8664 1493
256 257
256 3717
256 5742
256 3718
256 9354
256 5438
256 3725
256 10508
256 1493
256 6798
256 3736
256 5444
256 7167
256 6028
256 6880
256 6639
256 278
256 2265
256 340
256 370
256 6641
256 5770
256 8091
256 5447
256 1495
256 6856
256 8092
256 6647
256 1503
256 10509
256 6801
256 5453
256 6649
256 6802
256 6651
256 8094
256 3773
256 10510
256 6805
256 5022
256 5459
256 798
256 3791
256 8668
256 799
256 6660
256 8798
256 5464
256 3817
256 8100
256 10283
256 9368
256 1510
256 400
256 1555
256 6666
256 10511
256 3838
256 4210
256 10512
256 9378
256 8107
256 10513
256 8915
256 6811
256 6669
256 9381
256 6829
256 10514
256 10515
256 10516
5436 10517
5867 6179
5058 10518
5267 10519
5267 8573
5911 5670
10427 10428
10520 6633
695 696
1594 1493
1594 6882
257 8606
257 5438
257 1493
257 6640
257 1497
257 9565
257 5217
257 5224
257 10521
5059 1493
8832 7351
10522 9635
10522 400
10456 2548
10279 10523
10279 10255
10279 5999
6631 1493
9287 258
9287 10524
9287 8627
9287 10525
9287 10526
9287 8342
9287 10527
8881 10528
258 6381
10194 1493
5742 6739
5742 5025
5742 9895
5742 10529
5742 5038
9563 6640
9563 10530
10358 10531
9354 1493
8081 4624
6737 10532
3719 10349
8606 3733
8606 10533
5912 10534
5912 10535
5912 5670
5912 10536
5912 10537
5912 10538
5912 10539
5912 10540
5912 1508
5912 10541
5912 10542
5439 5022
5439 6808
10543 8085
10543 8864
10543 10544
10543 10436
6632 10511
696 591
3725 10545
10546 8085
10547 8085
3726 1493
10548 5069
8626 5670
3727 6932
10532 259
10532 9496
10532 6760
10532 10549
10532 6772
9648 2265
9648 6447
6953 5148
10550 10308
1493 662
1493 5443
1493 9355
1493 8084
1493 6638
1493 6639
1493 2265
1493 6989
1493 3747
1493 1010
1493 331
1493 10551
1493 5143
1493 5770
1493 6856
1493 9565
1493 6647
1493 10552
1493 6649
1493 3773
1493 5086
1493 9605
1493 10403
1493 3776
1493 10553
1493 10554
1493 10555
1493 10556
1493 6479
1493 10557
1493 8845
1493 798
1493 10558
1493 6656
1493 10282
1493 4624
1493 10138
1493 8668
1493 10559
1493 8792
1493 10560
1493 5156
1493 1508
1493 3810
1493 5464
1493 10561
1493 8846
1493 3817
1493 1509
1493 5159
1493 10284
1493 5160
1493 1510
1493 1511
1493 1512
1493 1513
1493 10562
1493 10563
1493 3826
1493 10564
1493 6666
1493 6895
1493 10565
1493 10566
1493 6381
1493 6488
1493 6693
1493 5227
1493 1514
1493 6053
1493 6668
1493 5476
1493 5234
1493 9380
1493 5477
1493 3858
1493 1610
1493 6694
1493 1516
1493 6934
1493 8693
1493 10567
1493 10568
1493 5482
1493 10569
1493 8109
1493 5169
1493 5120
1493 3881
1493 3883
1493 10570
1493 3887
1493 9382
1493 10571
1493 10572
1493 10573
1493 9383
1493 6671
1493 7228
1493 10574
1493 10575
1493 10576
4991 10577
4991 10578
4991 4154
4991 10579
10580 6640
8859 6447
8859 10429
5061 10581
5061 10582
5062 5067
10368 10583
10368 10491
10368 10412
10368 10482
10368 10584
5063 5144
5063 5146
5063 10352
5063 10585
6954 5148
10586 5022
5442 6684
5442 9580
10587 6885
5215 10175
10351 10458
10351 8085
10588 9560
10535 5670
10535 2407
10535 10589
10590 10359
10590 8890
6633 6917
6633 10591
3735 6665
3735 10564
3735 10592
8599 5720
8599 5999
8599 10469
7351 5313
7351 10310
7351 10593
7351 10594
7351 10379
7351 10595
7351 10391
7351 10394
7351 10596
5606 8576
5606 10597
5606 10598
5606 8858
6634 6642
5670 10536
5670 10599
5670 10600
5670 10312
5670 10425
5670 10601
5670 10602
5670 5939
5670 8577
5670 10494
5670 10450
5670 8631
5670 10539
5670 10540
5670 10603
5670 10292
5670 10337
5670 10604
5670 10605
5670 10541
5670 10589
5670 10542
5670 8677
5670 10496
662 8783
662 10606
662 10607
662 10299
662 10345
662 6645
662 10608
662 5149
662 6225
662 5084
662 6887
662 8772
662 6814
662 5153
662 10445
662 6889
662 801
662 5104
662 7192
662 8686
662 8785
662 6894
662 5161
662 1607
662 6899
662 5110
662 6900
662 3847
662 10609
662 10610
662 1610
662 5114
662 5115
662 10315
662 10611
662 5169
662 10612
662 10613
662 10614
662 10615
662 10616
662 10617
662 10618
9603 10619
9603 1508
9603 10620
3736 5072
3736 5078
3736 10553
3736 10621
3736 5122
10581 6891
7167 5168
10622 477
10477 10481
10477 10623
10477 1508
10477 10446
10477 6554
10477 10448
3741 6028
6636 10624
9620 6447
9620 1508
10625 5070
9540 9501
9540 10626
9540 400
9540 9544
9540 10627
10518 5070
10478 8579
10478 1508
5595 3754
8084 9565
6028 3777
6028 3810
3744 394
5445 10561
7119 2207
3962 5868
5868 3963
5868 6144
5868 8273
5868 8187
5868 3979
5868 8207
5868 2205
5868 3987
5868 7915
5868 6314
5868 10628
5868 10629
5868 7249
5868 10630
10631 6993
10631 10632
7628 899
3964 8337
10029 3979
8225 8141
3965 3987
3966 8627
3966 3997
10633 3984
9992 8147
9992 9951
9992 4019
5295 10634
10635 6112
6144 10636
4296 8370
4296 8374
4296 8385
8365 6145
8368 2195
2193 2195
2193 10637
2193 7648
2193 7653
2193 7654
2193 7668
2193 7677
2193 7681
2193 7685
2193 7697
2193 8413
2193 10638
2193 10639
2193 10640
9969 8140
9971 261
3967 261
7120 2200
4251 8147
6310 9324
6310 10641
10034 9951
8226 8141
7168 10008
7168 8487
7168 8224
10642 2200
7577 8370
7577 8379
7577 10643
7577 10644
7577 10645
7577 8260
2195 7578
2195 7648
2195 7650
2195 8484
2195 7651
2195 10646
2195 10647
2195 8380
2195 10648
2195 10649
2195 7664
2195 8385
2195 8485
2195 10650
2195 7673
2195 10651
2195 8391
2195 10652
2195 7681
2195 10653
2195 7694
2195 8399
2195 10654
2195 10655
2195 7862
2195 10656
2195 10657
2195 10658
2195 10659
2195 10660
2195 7723
2195 7724
2195 8421
2195 8425
2195 1059
2195 7738
8227 10661
8227 8356
8204 9357
8204 2265
8204 4590
4254 10662
2196 2265
9937 9357
9937 2265
8351 10663
8275 10664
5799 5800
8486 3977
8486 3994
8486 10665
10666 2198
10666 7355
10666 4590
10666 10667
9938 2265
10668 8129
2197 2200
2197 2206
9356 2200
9356 10669
10670 899
9321 2219
9321 8344
8324 4590
4257 4003
4257 306
4257 1034
10671 8140
9357 4590
8373 7579
8249 10672
8249 8256
8249 10673
8249 8257
8249 10674
8249 7729
8249 7869
8249 400
8249 10675
10676 6112
8436 8141
8188 3280
6100 3989
10677 6145
7578 8398
7578 10678
2198 10035
2198 10679
2198 10680
2199 8336
2199 8343
2200 7121
2200 10681
2200 7123
2200 10682
2200 10683
2200 7125
9711 3851
3977 7919
3977 7923
8484 7683
8484 10639
10684 4001
10010 3978
10010 8147
2201 899
2201 7897
10022 2265
8319 8147
8627 3906
10685 2265
7658 10686
2202 4590
2202 3906
3979 10687
3979 8463
3979 3997
3979 8487
3979 7924
5872 488
9999 5806
7660 10651
10688 261
4265 9980
6065 8125
6065 7922
10689 7355
7355 10690
7355 8443
7355 9875
8465 4001
8465 9951
5805 2209
7121 2442
10691 6145
7669 10651
8388 7579
3984 3992
3984 3995
3984 10692
988 8487
8208 3998
8208 10693
8208 4002
8208 4005
8208 8174
2204 899
7579 10694
7579 10695
7579 10696
7579 10697
7579 4308
7579 8422
7579 10698
10699 4590
10700 4001
8330 4590
2205 8461
2205 8487
10701 10702
10703 2210
10704 2210
10705 2210
8476 7930
8477 2210
9996 9951
10706 4001
3987 3995
3987 8191
3987 10707
10708 10709
10708 10710
10708 2442
10708 10711
10708 10712
8166 2265
3989 10713
3989 10714
897 899
6145 10715
6145 10658
6145 7730
6145 10639
6145 8427
6145 10675
6313 4007
6313 4020
10716 4590
7915 7925
3990 10717
3990 3997
10025 9951
8231 8141
3993 4004
2206 2207
9943 2265
9943 4590
7356 9380
10051 6112
10709 2503
2208 476
10718 10711
8447 476
10719 9951
2210 4590
2210 10720
2210 10702
2210 10721
2210 10722
2211 5688
10723 4590
2212 9158
8280 847
7173 10724
7173 10725
10726 4590
10727 4001
4001 9947
4001 10728
4001 4289
4001 6672
4001 10729
9324 10730
4003 6114
4004 10731
10732 5453
10733 4590
10734 400
8338 4590
10735 6114
5989 10736
8442 10679
2220 307
2220 7263
2221 3460
2221 10737
9360 6350
10738 1438
10739 2265
2227 2421
990 2490
9326 4529
6985 7222
8497 6148
9447 591
2234 2816
2236 459
10740 591
7143 1654
7130 1551
8534 1140
10741 10742
2244 2485
9284 1017
772 305
10743 6078
10743 7987
10743 7992
993 591
2247 10744
2247 10745
2247 10746
2247 4817
2247 9840
2247 6411
7955 10747
7955 799
671 10748
274 1551
2253 304
627 591
627 4794
773 10749
773 7256
10117 2374
8499 2484
8499 7976
276 5987
10750 4598
1551 10751
1551 591
1551 10752
1551 10753
1551 9678
1551 10754
10085 7896
10755 1020
278 8509
995 420
2265 9105
2265 7817
2265 2548
2265 10756
2265 6572
2265 10757
2265 10758
2265 2695
2265 10759
2265 9424
2265 10760
2265 7612
2265 10761
2265 8748
2265 9493
2265 10762
2265 10763
2265 8517
2265 9112
2265 10764
2265 8443
2265 10765
2265 10766
2265 10767
2265 10073
10768 591
8921 2306
10118 2374
7886 5548
568 10769
568 591
568 10770
568 2634
568 10771
568 1122
2273 304
9105 2595
9105 10772
9105 476
8922 300
7364 6342
8532 10773
4492 7615
4492 10774
10775 899
998 488
10776 4546
2281 306
1000 3022
4167 10777
657 591
9327 1438
9198 4673
2295 357
9714 7132
290 3251
10778 2914
10778 7899
1552 1401
7959 7966
9199 358
291 2312
2300 9388
2300 4947
10769 10779
10780 787
1004 7375
1004 10781
1004 10782
295 591
295 6167
295 4311
6322 3156
4500 7469
4500 4922
4502 7413
4502 3489
1698 9813
2303 1312
7370 357
2305 9361
8005 10783
7371 9721
7371 4594
7371 10784
7371 9699
1651 796
9056 6339
7372 304
2309 10785
300 10786
300 6237
300 8955
2311 7396
2311 3142
2312 10785
2313 6368
2315 9037
1701 10787
1701 799
10788 2445
2316 899
2318 10789
10790 2374
4509 9128
7373 379
2326 10112
2326 10081
5644 6078
5644 4831
5644 5647
5644 10791
10126 6078
10126 10792
10126 10793
2327 356
605 314
605 9090
605 10794
605 591
605 10795
605 10796
304 778
304 10797
304 325
304 327
304 10798
304 10799
304 7819
304 1034
304 4599
304 792
304 7824
304 10800
304 10801
304 2681
304 10802
304 10803
304 4652
304 4656
304 10804
304 10805
304 444
304 7028
304 2893
304 10806
304 4725
304 9132
304 6665
304 10807
304 9781
304 10808
304 4758
304 2997
304 3023
304 5534
304 3150
304 7501
304 3204
304 10809
304 10810
304 10811
304 10812
304 10813
304 10814
304 10815
304 7075
304 7897
304 10816
304 10817
304 10818
304 3446
304 9848
304 8120
304 1353
304 7087
304 10819
304 10820
304 10821
304 8008
305 2334
305 9362
305 9210
305 4595
305 7825
305 2674
305 7016
305 10822
305 7828
305 10823
305 1102
305 2815
305 10824
305 7449
305 7451
305 10825
305 5953
305 10826
305 9373
305 9779
305 10827
305 2954
305 4758
305 3023
305 10828
305 7234
305 10829
305 7894
305 8117
305 10830
305 10831
305 10832
305 9388
305 10833
305 1303
305 9243
305 10834
305 6162
305 10835
305 9393
306 8988
306 325
306 10836
306 10837
306 7182
306 10838
306 7183
306 9734
306 361
306 792
306 7003
306 2622
306 10839
306 2673
306 2751
306 2755
306 10840
306 8993
306 4696
306 9781
306 10841
306 10842
306 10843
306 10844
306 10845
306 3346
306 10632
306 7897
306 10846
306 10847
306 871
307 327
307 10848
307 10838
307 2531
307 2559
307 792
307 10849
307 7019
307 9769
307 7831
307 5955
307 7471
307 3126
307 10850
307 10851
307 10815
307 10852
307 7898
307 10853
307 3539
7374 363
2332 10854
8143 3014
6326 454
9717 2387
2340 10855
7377 9137
8503 10067
10856 2694
2351 3260
8505 10067
313 10857
2356 379
6447 8776
6447 5446
6447 2695
6447 9336
6447 10858
6447 10859
6447 10860
6444 9721
10787 6148
4523 4707
6330 333
10861 2763
10862 1122
316 2571
10863 1662
5919 2874
10864 4784
667 1438
8085 10599
8085 10432
8085 10865
8085 10866
8085 10867
8085 10868
4529 7388
4529 3412
2365 357
320 6396
321 10869
321 9880
322 4566
322 3300
322 3565
322 4941
2371 4786
2371 10870
2374 9420
2374 9421
2374 9422
2374 2763
2374 9426
2374 9428
2374 9430
2374 10124
2374 9432
2374 10871
2374 9435
6240 6242
2376 10872
4534 412
7176 10873
2386 10874
7751 9111
2393 1327
7386 10875
2395 4666
4190 4194
2396 10764
2397 10876
1017 3485
6993 10877
7388 7442
7388 10878
9258 591
10879 602
1018 2600
1018 3152
2403 2548
327 379
1020 591
1020 5774
1020 10880
1020 10881
10794 591
2407 10490
2407 10319
2407 10337
2407 10416
10882 1051
330 591
331 6649
331 6653
331 5459
331 5470
331 5472
2411 1327
898 899
333 9215
333 2980
4543 10883
2420 10071
2420 9341
2420 10083
7180 6431
2422 488
4546 10884
4546 8945
4546 526
335 9899
9363 10111
6078 10885
6078 10886
6078 6352
6078 5646
6078 10887
6078 6148
6078 10130
6078 10131
6078 10888
6078 7981
6078 10889
6078 7985
6078 9439
6078 7991
6078 7994
6078 10890
6078 10891
6078 10892
570 602
570 591
602 591
2430 7424
6334 1150
10799 421
10848 1034
10893 2991
340 1036
340 8022
340 9759
10876 1667
2440 4558
10109 4558
2441 422
1023 2549
1023 379
1023 8546
1023 9248
2442 394
2442 7477
2442 3216
2442 10832
2442 9245
2442 9051
1024 380
2445 365
6335 9233
2446 6438
2447 379
7397 2787
4558 1356
591 9448
591 9877
591 10894
591 5692
591 9878
591 5948
591 10895
591 10896
591 10897
591 10898
591 9880
591 1679
591 10899
591 1449
899 4690
899 10132
899 900
899 10133
9209 7260
10900 2694
10080 9346
10901 10281
346 1660
2466 7059
10902 10903
4191 7564
4191 4173
4191 1438
4191 7572
2479 3310
2484 10904
2484 9297
1655 4172
7182 10905
10906 2996
10103 10073
9731 9168
7139 8155
7968 10791
10907 10887
10908 422
8670 2532
2514 9234
10909 7263
787 812
787 4831
10910 424
10910 7220
2523 2545
353 10911
2530 2584
2530 403
2532 9738
2532 9124
356 792
356 384
356 9757
356 10912
356 2760
356 10913
356 2851
356 1555
356 6374
356 10914
356 10915
356 500
356 10916
356 10917
356 528
356 9851
356 10918
357 792
357 7000
357 2633
357 7445
357 10903
357 459
357 9784
357 3430
358 792
358 4617
358 8933
358 10919
358 9771
358 7466
358 2996
358 469
358 10920
358 10921
359 9778
359 10922
1034 6161
9925 5969
2544 4625
2547 7467
2548 2695
2548 10923
4590 10924
4590 8340
4590 10925
4590 10765
4590 10926
4594 10784
4594 7428
2563 676
10927 1677
7414 3423
9212 2990
2571 2585
2571 10928
2571 7887
2571 4800
10929 520
9288 676
9399 3253
4199 1667
363 422
363 6358
792 378
792 1438
10930 7263
4170 10742
4170 10931
4170 1438
8776 8777
370 2587
373 488
2587 4674
4039 2890
9124 7260
4040 7786
4040 10932
10885 4831
10933 380
10933 1150
10756 2626
10894 681
9742 3014
378 9744
378 10803
378 7021
378 10934
378 10935
378 9804
378 10811
378 10936
378 10937
379 6359
379 5357
379 1154
379 4778
379 7518
379 3375
379 10938
380 8546
380 10939
380 4810
381 2957
381 9786
381 3012
381 10844
381 3129
381 6389
381 9055
381 4886
381 10940
382 9684
382 461
382 469
2605 10941
4617 8148
4617 8154
7000 10942
384 2907
384 10943
7001 422
7002 423
1050 421
1050 10944
1050 10945
1051 10946
1051 10947
2612 9785
2612 10948
2617 2978
2617 1330
10065 2694
8932 2650
10949 10950
10949 6563
10949 10951
7425 10952
10551 6930
1494 9589
1494 10953
1494 10954
10459 1508
10459 10952
6640 10955
6640 9527
6640 10582
6640 10956
6640 10203
6640 9569
10957 5610
5070 1708
5070 6646
5070 5167
6134 5999
5770 10958
8558 3770
5145 6883
5145 10959
3751 4140
3751 6718
3752 3759
5447 5570
10501 5217
3754 6808
9516 9517
9516 1508
1496 5732
1496 802
1496 10960
6049 9333
6049 4986
6049 9599
8575 10961
8575 9334
8575 1508
8575 3851
8575 10962
8575 10963
8575 10964
3757 1508
9613 1501
9613 4142
5448 10965
1497 6931
1497 10966
1497 6933
1497 10514
1497 10967
6644 10287
10968 5451
1498 3779
6167 6038
6740 3789
3758 400
8968 10969
8968 10970
8968 10971
8968 10972
8968 10973
8968 10974
8968 10975
8968 10976
8968 10977
8968 6961
8968 3903
8968 5489
10978 5162
6742 836
6647 6648
10979 9653
5217 3779
5217 10969
5217 10461
5217 5473
5217 3878
3759 3789
5077 10980
1500 387
8883 10981
8883 10982
1596 10983
3763 3791
2626 10386
2626 10984
2626 10985
2626 10986
2626 9340
2626 10987
2626 10988
2626 10989
1502 10867
6820 3789
10195 5148
8757 9560
10990 9560
5451 10991
5451 6716
5451 10184
5451 10474
5451 10992
5148 6956
5148 6843
5148 3827
5148 828
5148 5165
5148 10993
5148 5569
5148 3896
5148 3905
9653 1508
5218 9601
10467 10994
5454 5022
9560 10995
5081 10315
10444 8579
6653 10516
5152 6898
8094 10996
8094 10997
10998 6001
3771 10999
3772 10170
3772 8895
3772 8908
9332 10434
9332 9492
10151 11000
10151 3898
6687 9605
8678 6662
10137 6886
10137 11001
10137 10353
6886 8915
9605 6689
9605 6487
9605 11002
9605 9509
9605 9510
8772 11003
9486 400
11004 3810
8682 5999
8682 6001
6814 800
8862 10207
8862 9494
8766 4624
3777 5221
3777 400
10196 8777
10196 1517
3779 10464
11005 10556
11006 3784
10312 10318
10312 11007
10312 10321
5220 11008
11009 6563
5221 11010
5221 6846
5221 9503
5022 8096
5022 3784
5022 11011
5022 11012
5022 5025
5022 5029
5022 9575
5022 9498
5022 6769
5022 11013
10332 9504
5618 9530
5732 10960
8576 11014
3784 799
3784 5036
10230 1508
10287 1609
10287 10569
2627 11015
2627 10596
2627 11016
5222 4624
3789 5027
10152 5612
10152 5479
10152 10227
10152 11017
11018 6515
9334 11019
4624 799
4624 11020
4624 9367
4624 10202
4624 3851
4624 6948
4624 8589
4624 8590
4624 11021
4624 11022
4624 6919
4624 10396
4624 5242
6658 1709
4219 3810
3791 10486
3791 6828
3791 11023
3791 11024
10165 477
10165 11025
9568 11026
6661 3838
10386 11027
5999 6517
5999 11028
5999 11029
5999 5726
5999 11030
10450 8631
800 400
800 5476
800 10315
5100 6898
6918 11031
5564 400
10757 6563
9649 6057
1601 5225
8792 10761
8792 11032
1602 6452
11033 6542
11034 6189
2629 11035
6517 11036
5156 11037
6207 5181
1508 6563
1508 9612
1508 11036
1508 11038
1508 11039
1508 9518
1508 11040
1508 11041
1508 11042
3810 11043
3810 11044
3810 11045
5174 5464
5464 10290
9590 6551
10260 11046
5224 10614
6956 10463
6785 11047
7192 9503
6563 11048
6563 11049
6563 6392
6563 11050
11051 10263
1509 11052
5105 5225
9612 10866
9612 6230
9612 11053
6664 400
5225 11054
5225 10613
5469 10515
10075 2902
9745 421
4625 7763
2637 11055
5940 4639
5940 11056
5940 3194
7976 10055
7976 10888
7976 11057
7976 11058
7976 7064
7976 11059
7976 9343
7976 1452
7976 10891
9886 7568
7428 11060
8006 8942
391 9275
11061 9113
9463 1438
11062 2726
11063 2694
11063 6148
9749 7132
4639 9753
4639 2885
4639 5958
4639 7504
2664 11064
9128 8994
9128 3129
5692 11065
5692 11066
7434 7208
5646 7985
2678 7259
7009 7260
7011 1140
4644 4908
2687 9372
2694 7064
2694 9089
2694 11067
2694 11068
11069 1438
2710 5530
2710 5540
400 11070
400 5162
400 3840
400 1514
400 3848
400 5475
400 11071
400 9650
400 11072
400 9343
7013 422
2717 1438
402 7536
403 2874
404 3518
414 9816
2721 6378
2727 11073
9030 9166
11074 7220
11075 7222
4657 7037
2740 1140
1660 11076
1660 1663
1660 10777
1660 1438
1660 6382
1660 7071
421 10804
421 11077
421 11056
421 6665
421 7041
421 469
421 9789
421 11078
421 11079
421 11080
421 9385
421 10810
421 9232
421 3283
421 10818
421 4901
421 10819
421 7091
422 2783
422 2820
422 469
422 9456
423 469
423 11081
424 7025
424 9451
424 4758
424 7056
424 3255
424 7601
424 11082
1083 3093
1083 3123
6148 11083
6148 10904
6148 11084
6148 11085
2761 9776
812 11086
2763 2978
2763 7987
2763 11087
2763 10904
2763 11088
2763 9884
11076 1438
11089 459
434 9454
1092 8972
9166 11090
9166 11091
5775 6369
5775 1172
7132 11092
7132 4853
9424 1292
681 10898
1098 5379
11093 7037
9672 11094
5950 7046
8147 11095
1662 1438
11096 5955
443 3201
443 8150
443 9852
9169 3271
9765 4825
5951 7023
6149 1306
6149 11097
6149 11098
6431 7079
6431 7791
1122 11099
1122 11100
5952 6427
1664 1438
10742 4177
2871 9011
2874 3037
2874 5972
2874 8526
9767 460
6151 3046
6151 3350
6151 3370
6151 3604
2882 1330
2885 9400
11101 9137
1555 460
1555 3842
5758 1209
4173 11102
11103 1677
7029 10115
7029 1272
7029 11104
1140 9038
1140 10116
1140 4851
1140 11105
450 535
2897 2902
2902 10067
2902 11106
2902 9434
7568 9181
5955 11107
5955 10072
4726 3080
1150 1438
1150 9828
1150 7256
1150 4178
1150 11108
454 7040
454 11109
454 3349
454 3453
454 6406
10889 476
8553 9465
1667 1688
1667 6122
1154 7220
1154 9387
1154 7260
7205 9800
7205 11110
6665 11111
10749 7256
9133 10745
11112 7259
9684 11113
460 3183
460 3209
460 11114
460 9388
460 3488
461 11115
462 3305
462 872
1160 1185
1160 5512
1160 3409
1160 11116
1160 3560
9134 7220
2942 2991
10827 7220
7985 4831
4043 488
5510 9274
5510 5968
5510 8493
5510 11117
5510 11118
1187 4888
1187 873
1187 11119
1187 9049
11120 7247
4758 7261
2978 11121
2978 10091
9465 1438
2990 3060
2990 11122
2991 7779
2991 9097
2991 7784
2991 7785
2991 7271
2991 8952
5327 1438
11123 3175
2996 11124
7570 11125
9336 7899
7612 11126
7471 7263
3014 10061
7987 11127
7987 11059
7987 10890
10092 7260
3023 7220
9137 10870
9137 11128
3025 11129
4775 1206
4776 8543
6378 4847
6378 5538
10931 3340
1438 7055
1438 4175
1438 3128
1438 840
1438 3228
1438 11130
1438 1674
1438 11131
1438 7574
1438 3473
1438 11132
1438 11133
9797 11134
9693 9694
9693 9407
9693 11135
9693 9294
5026 9575
6551 11136
6381 11137
3830 11138
6922 6923
8707 11139
5985 9098
5985 8748
5162 5110
11140 10569
8634 11141
11142 11032
11142 8836
11142 10370
6189 10868
6189 10992
1515 3276
5164 9570
11143 8836
8915 5126
6382 7070
6382 11144
5232 5234
5233 10217
5233 10219
5233 8904
8777 1517
8777 11145
10761 11146
10761 11048
7220 4787
7220 7234
7220 11147
7220 3216
7220 8118
7220 11148
7220 11149
5119 3911
10474 10762
11150 10281
3891 5485
8799 5291
6920 11151
11152 3900
11151 8591
11153 3900
4781 7281
11058 4831
7229 9300
8057 1365
8057 1366
3080 9838
3080 9870
9802 7058
7058 8051
7058 1280
7058 11154
7058 9003
11155 10073
4793 7105
11156 7260
4794 11157
9807 3231
7236 10774
11080 7260
489 3513
489 3563
4799 7262
10921 8152
10921 11158
10067 11159
10088 9113
3156 3507
1235 4843
9265 3169
1679 11160
1679 11161
4809 9864
9430 1292
1452 4831
3251 7895
11162 11121
10106 10073
4828 3319
8118 7259
11163 10721
8339 8342
11164 8343
11164 7087
8341 7511
10664 7076
8119 9392
8948 7081
11121 11165
7076 7259
516 3491
9238 7259
7255 7262
6399 3455
6401 9246
6159 9841
6159 5981
9841 11166
7141 3548
1327 11167
1327 11168
1327 7539
1327 11169
10107 10073
537 11170
9113 9299
9113 11171
9855 10060
9857 11172
10774 11173
