14842 24571
0 1
2 3
4 5
6 7
8 9
10 11
12 13
14 15
16 17
18 19
20 21
22 23
24 25
26 27
28 29
30 31
32 33
34 35
36 37
38 39
40 41
42 43
44 45
46 47
48 49
50 51
52 53
54 55
56 57
58 59
60 61
62 63
64 65
66 67
68 69
70 71
72 73
74 75
76 77
78 79
80 81
82 83
84 85
86 87
88 89
90 91
92 93
94 95
96 97
98 99
100 101
102 103
104 105
106 107
108 109
110 111
112 113
114 115
116 117
118 119
120 121
122 123
124 125
126 127
128 129
130 131
132 133
134 135
136 137
138 139
140 141
142 143
144 145
146 147
148 149
150 151
152 153
154 155
156 157
158 159
160 161
162 163
164 165
166 167
168 169
170 171
172 33
173 174
175 176
177 178
179 180
181 182
183 184
185 186
187 188
189 190
191 192
193 194
195 196
92 197
198 199
200 201
202 203
204 205
206 207
208 209
210 211
212 213
214 215
216 217
218 219
220 221
222 223
224 225
226 227
228 229
230 138
231 232
233 234
235 236
237 238
239 240
241 242
243 244
245 246
247 248
249 250
251 252
253 254
255 256
257 258
259 260
261 262
263 264
265 266
267 268
269 270
271 272
273 274
275 276
277 278
279 280
281 282
283 284
285 286
287 288
289 290
291 292
293 294
295 296
297 298
299 300
301 302
303 304
305 306
307 308
309 310
311 312
313 314
315 316
317 318
319 320
321 322
323 324
325 326
327 328
329 330
331 332
333 334
335 336
337 338
339 340
341 342
343 344
345 346
347 348
349 350
351 352
353 354
355 356
357 358
359 360
361 362
363 364
365 366
367 368
369 370
371 372
373 374
375 376
377 378
379 380
381 382
383 384
385 386
387 388
389 390
391 392
393 394
395 396
222 397
398 399
400 401
402 218
403 404
405 406
407 408
409 410
411 412
413 414
415 416
417 418
419 420
421 422
423 424
425 426
427 428
429 430
431 432
433 434
435 436
437 438
439 440
441 442
443 444
445 446
447 448
449 450
451 452
453 454
455 456
457 206
458 459
460 461
462 463
464 465
466 467
468 469
470 471
472 473
474 475
476 477
9 478
479 480
481 482
395 483
484 485
486 487
488 489
490 491
492 493
494 495
496 497
498 499
500 501
502 503
504 505
506 507
508 509
510 511
512 513
514 203
515 516
517 518
519 520
521 522
523 524
525 526
527 528
529 530
531 532
533 534
535 536
537 538
539 540
541 542
543 544
545 546
547 548
549 550
551 552
553 554
555 556
557 558
559 271
560 561
562 326
563 564
565 566
567 568
569 570
571 572
573 574
575 576
577 578
579 580
581 582
583 584
585 586
587 588
589 590
591 592
593 594
595 596
597 598
599 600
601 602
603 604
605 606
607 608
609 610
611 612
613 614
615 616
617 618
619 620
621 622
623 624
625 626
627 628
629 630
631 632
633 634
635 636
637 638
639 640
641 642
643 644
645 646
647 648
178 649
650 651
652 653
654 655
656 657
658 659
267 660
525 661
662 663
664 665
666 667
668 669
670 671
672 673
674 675
676 677
678 679
680 75
681 682
683 684
685 686
687 688
689 690
691 692
693 694
695 696
697 698
699 700
701 702
703 704
705 706
707 708
164 709
710 711
712 713
714 715
716 717
718 719
711 720
721 722
723 724
725 726
727 728
729 404
730 731
732 733
734 735
736 737
738 739
740 741
742 743
744 745
746 747
748 749
750 751
752 753
754 755
756 757
758 759
760 761
762 763
764 701
765 766
767 768
769 770
771 772
158 773
774 775
776 777
778 779
780 781
54 782
783 784
785 786
787 788
789 790
791 792
793 447
794 795
796 797
798 799
800 801
802 803
804 805
806 807
808 809
810 811
812 813
814 815
816 817
818 819
820 821
822 823
824 825
826 827
804 828
829 830
831 832
833 834
835 836
837 838
839 840
841 842
843 844
845 846
847 848
849 850
851 852
853 854
855 856
857 858
859 860
861 862
863 864
865 866
867 868
869 870
871 872
873 874
875 876
877 878
879 880
881 882
883 884
885 886
887 888
889 890
891 892
367 893
894 895
896 897
898 899
900 901
902 903
904 905
906 907
908 909
910 911
912 913
914 915
916 917
918 919
920 921
922 923
924 925
926 419
927 928
929 930
931 932
933 934
935 936
937 938
939 940
941 942
943 944
945 946
947 785
948 949
950 951
952 953
954 955
956 957
958 959
960 961
962 963
964 965
966 652
967 968
969 970
971 972
973 974
975 976
977 978
979 980
981 982
983 984
985 986
987 988
989 990
991 992
993 994
995 996
997 998
999 1000
1001 220
1002 1003
1004 1005
1006 1007
1008 1009
1010 1011
1012 1013
1014 1015
1016 1017
1018 1019
1020 1021
1022 1023
1024 1025
1026 1027
1028 1029
1030 1031
1032 1033
1034 1035
1036 1037
1038 1039
1040 1041
1042 1043
1044 1045
1046 1047
1048 1049
806 1050
1051 1052
1053 1054
1055 1056
1057 1058
1059 1060
1061 1062
1063 1064
1065 1066
1067 1068
1069 1070
1071 1072
1073 1074
1075 1076
1077 1078
1079 1080
1081 1082
1083 1084
1085 25
1086 1087
1088 1089
1090 1091
1092 1093
1094 1095
1096 1097
1098 1099
1100 1101
1102 1103
1104 1105
1106 620
1107 1108
1109 1110
1111 1112
1113 1114
1115 1116
1117 1118
1119 1120
1121 1122
1123 1124
1125 1126
1008 1127
1128 1129
1130 1131
1132 1133
841 1134
1135 1136
912 1137
1138 1139
1140 1141
1142 1143
1144 1145
1146 1147
1148 1149
1150 1151
1152 1153
1154 1155
1156 1157
880 1158
1159 1160
1161 1162
1163 1164
1165 1166
1167 1168
1169 1170
1171 1172
200 1173
1174 1175
1176 1177
1178 1048
1179 1180
1181 1182
1183 1184
1185 1186
1187 1188
1189 1190
1191 1192
1193 1194
1195 1196
60 1197
1198 1199
1200 1201
1202 1203
82 387
1204 1205
1206 1207
1208 1209
1210 1211
1212 1213
1214 1215
1216 1217
1218 1219
1220 1221
1222 1223
1224 1225
1226 1227
1228 1229
1230 1231
1232 1233
1234 1235
1236 1237
1238 1239
1240 1135
1241 1242
1243 1244
1245 1246
1247 1248
1249 1250
1251 1252
1253 1254
1255 1256
1257 1258
1259 1260
1261 1262
1263 1264
1265 571
1266 952
1267 1268
1269 1270
1271 1272
1273 1274
1275 1276
278 1277
1278 1279
1280 1281
1282 1283
1284 1285
1286 1287
1197 1288
1289 1290
1291 1292
1293 1294
1295 1296
1297 1298
1299 1300
1301 1302
1303 1304
1305 1306
1307 1308
686 1309
1310 91
1311 1312
1313 1314
648 1315
1316 1317
859 1318
1319 1320
1321 1322
1323 1324
1325 1326
1327 1328
1329 1330
1331 1332
1333 1334
1335 1336
1337 1338
1339 1340
1341 1342
1343 1344
1345 1346
1347 1348
1349 1350
1351 1352
1353 1354
1355 1356
1357 1358
1359 1360
1361 1362
1363 1364
1365 1366
1367 1368
134 1369
1370 1371
1372 1373
1374 1375
1376 1377
1378 1379
1380 1381
1382 1383
1384 1385
1386 1387
1388 1389
1390 1391
1392 1393
1394 1395
1396 1397
1398 1399
1400 1401
1402 1403
1404 1405
1406 1407
1408 1409
1410 1411
495 1412
1413 1414
1415 1416
1417 1418
1419 1420
1421 1422
1423 1424
1425 1426
1427 1428
1429 1430
1431 1432
1433 1434
1435 1436
1312 1437
1438 1439
1440 1441
1442 1443
1444 1445
1446 1447
1448 1449
717 1450
1451 1452
1453 1454
1455 1030
1456 1457
1458 1459
1460 1461
1462 1463
1464 1465
1466 1403
1467 1468
1469 1470
1471 1472
1473 1474
1475 1476
1477 1478
1479 1480
1481 1482
1483 1484
1485 1486
1487 1488
1489 1490
1491 1492
1493 1494
1495 760
1496 1497
174 1498
1499 1500
1501 1502
1503 1504
1505 1506
1507 1508
1509 1510
1511 1512
1513 1514
1515 1516
1517 1518
1519 1520
1521 1522
1523 1524
1525 1526
1527 1528
1529 1530
1531 1532
1533 1534
1535 1536
1537 1538
1539 1540
1541 1542
1543 1544
1545 1546
1228 1547
1548 1549
1550 1551
1552 1553
1554 1555
1556 1557
1558 1559
1560 1561
1562 1563
1564 1565
1520 1566
1567 1568
1569 1570
1571 1572
1573 1574
1575 1576
1577 1578
1579 1580
1581 1582
1583 1584
275 1585
1586 1587
1588 1589
1590 467
1591 1592
1593 1229
1594 1595
1596 1597
1598 1599
1600 1601
1602 1603
1604 1605
1606 1607
1608 1609
1610 1611
1612 1613
1614 1615
1147 1616
1617 1618
1619 1620
1621 1622
1623 1624
1625 1626
1627 1628
1629 1630
1631 1632
1633 1634
1635 1636
1637 1638
1639 1640
1641 941
1642 1643
1644 164
1645 1646
1647 1648
1649 1650
1651 1652
1653 1654
171 1655
1656 1657
1658 1659
1660 1661
1662 1663
1664 1665
1666 1667
1668 1669
1670 1671
1672 1417
1673 1674
1675 1676
1677 1678
1679 1680
1681 1682
1683 1684
1685 1686
971 1687
1688 1689
1690 1691
1692 1693
1694 1695
1543 1696
1697 1698
1699 1700
1202 1701
1702 626
485 1703
1704 1705
1706 1707
1708 1709
1710 1711
1712 358
1713 1714
906 1715
1716 1717
1718 1719
380 1720
1721 1722
1723 1724
1725 1726
1727 1728
1729 1168
1730 1731
1732 1733
1734 1735
1736 1737
1738 1739
1740 1711
1741 1742
1743 1744
173 1745
1746 1747
1748 1749
1750 1751
1752 1753
1754 1755
1756 1757
1758 1527
1759 1760
1761 1762
1763 1764
1765 1241
1766 1767
1768 1769
1770 1771
1772 1773
1774 1775
1776 1777
1778 1779
1780 1781
1782 1783
1784 1785
1786 1787
1788 1789
1081 1790
1791 1792
1793 1794
1795 1796
1797 1798
1799 1800
1695 1801
1802 1803
1804 1805
1806 1807
1808 1809
1810 1811
1812 1813
1814 1815
1816 1817
1818 1368
1819 1820
1821 1822
1665 1823
1824 1825
1826 1827
1828 1829
1830 1831
1832 1833
1834 1835
1836 1837
1838 966
1839 1840
1841 1842
1843 1844
1845 1846
1744 1847
1848 1849
1850 1851
1852 1515
1853 1854
1855 1856
1857 1858
1859 1860
1861 1862
1863 1864
757 60
1865 1866
1867 106
1868 1869
1870 1871
1872 1873
1874 1875
1876 1877
1878 1879
1880 1881
1882 1883
1884 613
1885 1886
1887 1
1888 1889
1890 1891
1892 1893
1894 930
1895 1896
1412 1897
1898 35
1899 1900
1901 1902
1903 1904
1905 1906
1907 1908
1909 1581
1910 1911
1912 276
1913 1914
1915 1916
1917 1918
1919 1920
1921 816
1922 1734
1923 1924
1925 1926
1927 1928
1929 1930
1931 1932
1933 1934
1935 1936
1937 1938
1939 1940
1941 1942
1943 1944
1945 1946
1947 1948
1949 1950
1951 1952
1953 1954
1955 1956
1957 1958
1959 1224
1960 1961
1962 1963
1964 1965
1966 1967
1968 1969
1970 1904
1971 1972
1973 1974
1975 1976
1977 1978
1979 1980
1981 1982
1983 256
1984 1985
1986 1987
1988 1989
1934 887
1990 1218
1991 1992
1993 1994
1995 1996
1997 1998
1999 2000
2001 2002
1020 2003
2004 2005
2006 2007
2008 2009
2010 2011
2012 1211
2013 2014
2015 2016
2017 2018
2019 2020
2021 2022
2023 2024
2025 2026
2027 2028
2029 2030
2031 2032
2033 2034
2035 2036
2037 2038
2039 2040
2041 2042
2043 2044
2045 2046
2047 973
2048 2049
2050 2051
2052 269
2053 2054
2055 2056
2057 2058
2059 2060
2061 1055
2062 2063
2064 2065
2066 2067
2068 2069
2070 1278
2071 254
2072 2073
1138 2074
1252 2075
2076 2077
2078 2079
2080 2081
2082 2083
2084 2085
2086 344
2087 2088
2089 2090
2091 2092
2093 2094
2095 2096
2097 2098
1893 2099
1138 2100
2101 2102
2103 2104
2105 2106
2107 2108
2109 2110
2111 185
2112 2113
1746 2114
2115 2116
2117 2118
2119 2120
2121 2122
2123 2124
2125 2126
2127 2128
2129 2130
2131 2132
979 2133
2134 2135
2136 2137
2138 2139
2140 2141
2142 2143
2144 2145
2146 2147
2148 2149
2150 2151
2152 2153
2154 2155
1697 2156
2157 2158
2159 2160
2161 2162
2163 2164
2165 2166
2167 460
2168 2169
2170 2171
2172 2173
2174 2175
2176 2177
2178 2179
2180 2181
2182 2183
2184 2185
2186 2187
2188 2189
2190 2191
2192 2193
2194 2195
2196 2197
1464 2198
2199 2200
2201 2202
2203 2204
1534 2205
2206 2207
2208 2209
2210 2211
2212 2213
2214 2215
2216 2217
2218 2219
2220 2221
2222 2223
2224 2225
2226 2227
2228 2229
1185 905
2230 2231
2232 2233
2234 2233
52 2235
2236 2237
2238 2239
2240 2241
296 2242
685 1309
2243 2244
950 2245
2246 2247
1336 2248
2249 2250
2251 2252
2253 2254
2255 2256
2257 400
578 705
2258 2259
2260 2261
2262 2263
2264 2265
2266 2267
2268 2269
2270 2271
2272 2273
2274 2275
2276 2277
2278 2279
2280 2281
2282 2283
2284 2285
2286 2287
2288 2289
2290 2291
2292 2293
2294 2295
946 2296
2297 2298
418 2299
2300 2301
2302 2303
2304 2305
2306 2307
2308 2309
2310 2311
2312 1853
2313 2314
2315 2316
1484 2317
2318 2319
2320 2321
2322 2323
2324 2325
185 2326
2327 2328
2329 2330
2331 2332
2333 2180
2334 2335
2336 2337
2338 2339
2340 2341
2342 2142
2059 2343
2344 2345
2346 2347
2348 1855
2349 2350
2351 2352
2353 2354
2355 2356
2357 2358
2359 2360
2361 2362
2363 2364
2365 2366
1788 2367
482 2368
887 2369
2370 2371
2372 2373
2374 2375
2376 2377
2378 2379
2380 2381
2382 2383
2384 2385
477 2386
2387 2388
1734 2389
2390 2391
2392 2393
1296 2394
2395 2396
2397 2398
2399 2400
2401 2402
2403 2404
2405 2406
2407 2408
2409 2410
2411 2412
2413 2414
2415 2416
2417 2418
2419 2420
2421 2422
2423 2424
2425 2426
2427 2062
2428 2429
2430 2431
1045 2432
2433 2434
2435 2436
2437 2438
2439 2440
2441 2442
2443 2444
2445 2446
2447 2448
211 2449
2450 2451
2452 2453
2454 2455
2456 2457
2458 2459
2460 2461
1001 2462
2463 2464
2465 2466
2467 2468
2469 1751
2470 2471
2472 2473
2474 2475
1481 2476
2477 2478
2479 2480
2481 2482
2483 2484
2485 2486
2487 2488
2489 1280
547 2490
2491 2492
2493 2494
2495 2496
2497 2458
2187 2498
2499 2500
2501 2502
819 2503
2504 2505
2506 2507
2508 2509
2510 2511
2279 2512
2513 2514
2515 2516
2517 2518
2519 2520
2521 2522
2182 2523
2524 2525
2526 2527
1858 2528
2529 2530
2531 2532
2533 2534
579 2535
2536 2537
2538 2539
2540 878
2541 2542
2543 2544
2545 2546
1021 2003
2547 2548
2549 2550
2551 2552
2553 2554
2555 2556
2557 2558
2559 2560
2561 2562
2563 2564
2152 2565
2566 2567
2568 2569
896 2570
2571 2572
2573 2574
2575 2576
2577 2578
2579 2580
1642 2581
2582 2583
2584 2585
334 2586
2587 2588
2589 2590
2591 2592
2593 2594
2595 2596
2597 2598
2599 2600
2601 2602
1550 2603
2604 2605
2606 2607
2608 478
2 2609
2180 2610
2611 2612
2613 551
623 2614
2615 2616
2617 2618
2619 97
2620 2621
2622 2623
2624 2160
2625 2626
2627 2628
2629 1684
811 2630
2631 2632
172 32
2633 2634
2635 2636
2637 2638
2639 2298
2640 2641
2642 1595
2643 2644
2645 2646
560 2647
2648 2649
2650 2651
889 1773
2652 2653
2654 2655
2656 2657
2658 2659
247 2660
2661 2662
2663 2664
2665 2666
1039 2667
703 2668
171 564
2669 2670
2671 2672
2673 2674
2675 2226
2676 2677
2678 2679
2680 2681
2682 2683
2684 2685
2686 2687
2688 2689
2690 2691
2692 2693
2694 2695
2696 2697
2698 2699
372 2700
2701 2702
2703 2704
860 1318
2705 2706
2707 2708
2709 2710
2711 2712
2713 2714
2715 2716
2717 2718
2719 2720
139 2721
1575 2722
2723 506
2724 2725
2726 2727
2728 2148
2729 2730
2731 2732
2733 2734
2735 2736
2737 2738
2739 2740
2741 1448
2742 610
2743 2744
2745 2746
2747 2748
2749 249
2750 2751
2752 2753
2754 2755
2756 1363
2757 1315
2758 2759
2760 2761
2762 2763
2764 2765
2766 2767
2768 2769
2770 2771
2772 2773
2774 2775
2776 2777
2778 2194
2513 2779
2780 2781
2782 2783
2784 2785
2741 2786
2787 2788
2789 2790
2791 2792
2793 2794
2795 2796
1404 2797
160 2798
2799 2800
2801 1874
2802 2803
2804 2805
2806 2807
1941 2808
2809 2810
2811 574
2812 115
2813 88
2237 2814
2815 2816
2817 2818
2819 2820
2821 2822
1298 2823
2824 2825
2826 2827
2828 2829
2830 2831
2832 2833
2834 2835
2836 2837
2165 2838
2839 2218
2840 2841
2842 2843
2844 2845
2846 2847
2848 2849
2850 2851
2852 2853
2854 2855
1933 2856
2857 2858
2859 2860
2861 2862
2863 2864
2865 2866
2867 1882
2868 2869
2870 2871
2872 2246
2873 2874
2875 2876
2877 2878
2879 2880
2881 2882
2883 2884
1300 2885
2886 2887
2888 2889
2890 2891
2892 674
2893 2894
2895 2896
1030 2897
2898 2899
2900 2901
2902 2903
2904 2905
2906 1570
2907 2908
2909 2910
1050 2911
2912 2463
2913 2914
2915 2916
2917 2918
2919 2920
2921 2922
2923 2924
2762 2925
2926 2927
2928 2929
2930 2931
2932 2933
2934 2935
2936 2832
2937 2938
2939 2940
2941 1876
2942 2943
2944 2945
2946 2947
2948 2949
2950 1954
334 2951
2952 2953
2954 2955
2956 2957
2958 2959
2960 2961
2962 2963
2964 2965
2966 2967
2618 2968
2664 2128
2969 2970
2971 2972
2973 1083
2974 2975
2976 2977
2978 2979
2399 2980
2981 2982
2983 2984
2985 2986
2987 2988
2989 1063
2990 231
2991 2992
2993 2994
2995 2996
2997 2998
911 2999
1278 3000
3001 3002
3003 3004
578 3005
2792 3006
3007 3008
731 3009
3010 3011
3012 279
3013 3014
431 3015
3016 1062
3017 3018
3019 3020
3021 3022
3023 3024
3025 3026
2893 3027
3028 3029
2365 3030
3031 1032
3032 3033
3034 3035
3036 240
3037 3038
3039 520
3040 3041
3042 3043
3044 3045
3046 3047
3048 3049
3050 3051
3052 3053
3054 3055
3056 3057
3058 3059
3060 3061
3062 3063
3064 3065
1845 144
3066 22
3067 881
3068 3069
2524 3070
3071 745
366 3072
3073 3074
3075 3076
3077 3078
3079 3080
3081 3082
3083 3084
2763 3085
3086 3087
3088 3089
1738 3090
3091 3092
319 3093
3094 3095
3096 3097
3098 3099
3100 2097
3101 3102
3103 3104
3105 3106
2257 3107
3108 3109
1695 3110
1952 3111
258 3112
528 3113
3114 3115
3116 3117
3118 44
3119 3120
3121 3122
3123 3124
3125 3126
3127 3128
3012 3129
3130 1639
3131 3132
3133 3134
3135 3136
3137 3138
3139 3105
3140 3141
3142 3143
1264 3144
1740 3145
3146 1808
3147 3148
3149 3150
3151 3152
3153 3154
3155 3156
967 3157
3158 3159
174 3160
3161 3162
3163 3164
3165 3166
3167 2106
3168 3169
3170 3171
3172 3173
3174 3175
3176 3177
1085 3178
3179 3180
904 3181
3182 3183
3184 1556
3185 3186
3187 3188
1187 26
1307 3189
2472 3190
3191 3192
3193 3194
3195 3196
3197 3198
3199 3200
3201 1241
3202 1539
3203 3204
3205 2101
652 3206
3207 3208
3209 3210
3211 3212
3213 3214
3215 3216
3217 3218
3219 3220
3221 3222
3223 3224
3225 251
522 3226
286 3227
3228 3229
3230 764
837 3231
3232 3233
2840 3234
3235 3236
2521 3237
3238 3239
3240 1993
3241 3242
3243 3244
3245 3246
3247 2501
3248 3249
3250 3251
3252 1981
219 3253
3254 1408
225 3255
3256 3257
3258 3259
3260 3261
3262 936
3263 3264
3265 3266
3267 3268
3269 3270
2822 3271
3272 3273
3274 3275
2658 3276
3277 3278
2631 3279
3280 3281
3282 3283
3284 3285
3286 3287
3288 3289
3290 3291
3287 3292
3293 3294
2047 3295
3296 1898
3297 3298
363 3299
3300 2394
3301 3302
3303 3304
3305 2517
3306 3307
3308 3309
3310 3311
3312 1226
3313 3314
3315 3316
3317 3318
3319 3320
2612 3321
3322 3323
3324 3325
3326 3327
3328 3329
3330 3331
3332 3333
3334 672
669 3335
3336 2272
3074 3337
3338 3339
3340 3341
3342 3343
93 3344
588 3321
3345 3346
361 3347
3348 3349
3350 3351
3352 3353
3354 3355
3356 3240
1108 1039
2123 3357
1023 3358
3359 3360
3361 3362
853 3363
3364 3365
3366 3367
1960 3368
3369 3370
3371 3372
3373 3374
3375 2661
2231 3376
3377 3378
3379 1503
1480 3380
3381 3382
3383 3384
3385 3386
3387 3388
3389 3390
3391 3392
1060 1713
3393 3394
1687 1090
3395 3396
3397 3398
2591 3399
3400 3401
3262 3402
3403 3404
3405 3406
3407 3408
3409 3410
3411 3412
3413 3414
3415 3416
3417 3418
3419 3420
3421 3422
3423 3424
3366 3425
2930 3204
3426 3427
3428 3429
2346 3430
3431 3432
3433 3434
3435 3436
3437 934
3438 3439
3440 1208
3441 3442
1305 557
3069 3443
3444 3445
3446 3447
3448 791
3449 3450
1444 3451
3452 3453
3454 3455
2836 3456
123 3457
2352 3458
3459 3460
3461 3462
3463 3464
3465 3466
3467 3468
3469 3470
3471 3472
3473 3474
3475 3476
3477 3478
3479 3480
3481 3482
3483 3484
3485 3486
3487 893
2097 3488
3489 3490
3491 3492
3493 3267
3257 3494
3495 3496
3497 3498
3499 3500
3501 3502
2932 3503
3504 3505
3506 1779
3507 3508
3509 3510
154 3511
3512 3513
3514 3515
3516 3517
3518 3519
1079 1266
3520 3521
3522 3523
3524 3525
1212 2839
3526 3527
2236 2814
524 3528
3529 3530
1904 3531
3532 3533
3119 3534
3535 3536
3537 3046
1799 3538
3539 1887
3540 1390
3541 3542
3543 1703
3544 3545
3546 3547
3548 597
3549 3550
3551 3552
964 3553
3554 3555
3556 3557
3558 3559
3560 3561
3017 3562
3563 3564
3565 3566
3567 3568
3569 3570
3571 3572
3573 3574
3575 2675
3576 3505
3577 3578
3579 3580
1627 3581
2918 3582
3583 3584
3585 3586
160 3587
3588 3589
3590 3591
3592 3593
3594 3595
3596 3597
3598 3599
3600 3601
3602 3603
3604 1720
3605 3606
3607 3608
3609 3610
1069 1945
3611 3612
3613 3614
3615 3616
3617 3618
2724 3619
3620 3621
1956 3622
438 3623
3624 3625
3626 3627
3628 3629
3630 403
757 3631
3632 3633
908 3634
3635 3326
3636 3637
2537 3638
3639 3640
3641 3642
1142 3643
3644 3645
3646 3647
3648 3649
3650 3651
3652 3653
3654 3655
3656 3657
3658 3659
3660 3661
3662 3663
3664 3665
3666 3667
66 3668
3669 3670
3671 3672
3673 3674
2705 3675
3676 3677
3334 3678
3679 1193
1362 3680
3681 3682
3683 3684
3685 3686
3687 3688
3689 3690
3691 3692
2278 3693
3694 3695
3696 3697
3698 1418
3699 3700
3701 3702
3703 3704
3705 3706
3707 736
3708 3709
3710 3205
3711 3712
3713 3714
3715 3716
3717 2355
3718 3719
3720 3721
3722 3723
726 752
2393 3724
3725 3726
3178 3727
3631 3728
3395 377
3729 3730
3731 3732
3733 3734
3735 3736
3737 3738
3739 3740
3741 3742
2855 3743
787 3744
3745 3746
3747 3748
1357 222
3749 3750
3751 3752
3753 3754
3755 3756
3757 1535
3758 2810
3759 3760
3761 3762
3763 3764
3765 3766
3767 3768
3769 3770
3771 3772
3773 3774
3775 3776
64 3777
1921 3778
3779 3780
3781 3782
2707 2157
3783 3784
3785 3786
3787 3788
3583 3789
3790 3791
607 3792
2930 3793
3794 3795
3796 2776
3797 3798
3799 3800
1485 587
3801 3802
3803 3330
3804 3805
3806 3807
3808 3809
108 3149
2218 3810
3811 3812
1186 3813
3814 2737
3815 3816
588 3116
3817 3818
3819 3820
3821 3822
3823 3824
3825 3826
3827 3828
3829 3830
3831 3832
3117 3833
3834 3835
3836 3837
3838 3839
3840 3841
392 3842
3843 3844
2941 1877
3845 3846
3847 3848
3028 3849
3850 3851
3852 3853
3854 3855
3856 3857
3858 3859
3860 3861
3862 3863
3864 3865
3866 3867
947 3868
3869 3870
3871 3872
3873 3874
3875 3876
2899 3877
3878 3879
3880 3881
3882 3883
873 3884
3885 3886
3887 3888
3889 3890
2004 3891
3613 3892
3893 3870
3894 3895
2336 3896
3897 3898
3899 488
3900 3901
1423 3902
3903 3904
3905 3906
3907 3908
93 3909
3910 3911
3912 3913
3914 1927
3915 3916
3163 3917
3918 3919
3920 3921
3922 3923
3924 3925
3926 1072
3927 3928
605 3929
3930 3931
3932 3933
3934 3935
3936 652
3937 3938
3939 3940
3941 3167
3942 3943
3944 3945
2611 3946
3947 3948
3949 3950
1294 3951
3952 3953
3954 1759
3955 3956
1004 3957
3958 3959
495 3960
3961 3962
3963 3964
3965 3966
3967 3968
2024 3969
3970 449
3971 3972
3973 3974
3975 3976
3977 3978
1776 975
3979 3980
657 3981
3982 3983
3984 3985
3986 3987
3308 153
3988 3989
2064 3990
3991 3992
3178 3288
3993 1890
3994 3995
3996 3997
3998 2283
3999 4000
3183 4001
1092 4002
4003 4004
3877 3139
4005 4006
4007 4008
4009 3125
4010 4011
1662 2947
4012 4013
4014 1712
4015 4016
4017 4018
4019 4020
4021 4022
4023 4024
4025 4026
4027 4028
197 4029
4030 4031
4032 4033
4034 3608
4035 4036
4037 789
4038 2850
4039 4040
4041 4042
3084 4043
4044 4045
4046 4047
4048 4049
4050 4051
4052 4053
4054 4055
4056 4057
4058 4059
4060 4061
4062 4063
4064 4065
4066 3883
4067 4068
4069 889
4070 4071
4072 4073
4074 4075
3401 4076
4077 4078
4079 2880
4080 2976
4081 2485
3539 3637
4082 4083
4084 4085
4086 4087
4088 2806
4089 4090
2690 4091
4092 4093
3345 4094
4095 4096
4097 4098
4062 4099
3563 4100
4101 313
4102 4103
4104 1431
4105 4106
4107 4108
4109 4110
4111 4112
4113 4114
4115 4116
4117 4118
4119 4120
4121 4122
4123 4124
4125 4126
4127 842
4128 4129
4130 4131
2808 4132
925 4133
4134 4135
4136 4137
4138 4139
4140 4141
4142 4143
1669 4144
4145 4146
4147 4148
4149 4150
4151 4152
4153 1146
3891 4154
2302 2188
4155 3514
4156 4157
4158 1553
4159 4160
2442 4161
4162 4163
4164 4165
4166 4167
1798 4168
3879 4169
3890 266
4170 4171
998 4172
1431 1903
4173 4174
3615 4175
4176 4177
2729 4178
4179 4180
4181 3256
4182 4183
4184 2912
4185 4186
3289 4187
4188 4189
4190 4191
4192 4193
4194 4195
1015 4196
4197 845
2352 4198
4199 4200
1879 4201
4202 4203
4204 1120
4205 4206
4207 4208
4209 2505
4210 4211
4147 4212
4213 4214
4215 4216
1976 4217
4218 4219
1109 4220
4221 4222
4223 4224
4225 4226
4227 4228
4229 4230
4231 4232
3883 4233
4234 4235
4236 727
2304 4237
4238 4239
1346 4240
4241 4242
4243 4244
4245 4246
4247 4248
4249 597
4250 743
4251 4252
4253 4254
4255 1244
4256 1798
3159 2733
4257 4258
4259 4260
4261 4262
1416 981
4263 4264
4265 1086
4266 4267
3644 4268
4269 4270
4271 4272
4273 4274
4275 4276
3814 1238
4277 4278
4059 4279
4280 4281
4282 1378
3973 4283
4284 4285
4286 4287
4288 4289
4290 4291
4292 4293
4294 4295
4296 4297
4298 333
4299 4300
4301 4302
3161 4303
3544 4304
4305 1750
4306 4307
4308 4309
4310 4311
1750 2762
4312 4313
4314 4315
4316 2310
306 4317
4318 3804
4319 4320
2361 4321
4322 4323
4324 4325
4326 4327
4328 4329
4330 4331
1758 4332
4333 4334
4335 4336
4337 434
4338 4339
4340 4341
4342 4343
4344 4345
4346 4347
4063 4348
2225 4349
4350 4351
4352 553
252 4353
4354 4355
4356 4357
4358 4359
4360 4361
3975 2373
3630 4362
4363 99
4364 4365
510 3332
4366 4367
4368 4369
4370 4371
4372 4373
4374 4375
4235 4376
4377 4378
4379 4380
4381 4382
4383 4384
4385 4386
4387 4388
4389 4390
3033 4121
1891 3960
1290 4391
4392 4393
4394 4395
4005 4396
4397 4398
4399 4400
4401 4402
4403 2396
4404 4405
4406 4407
4408 4409
10 4410
4411 4412
4413 4414
4415 4416
4417 4418
142 4419
4420 4421
4422 2288
4423 4424
4425 4426
3036 4427
4428 4429
4430 4431
1348 4432
4280 4433
4434 4435
4436 4437
4438 4439
715 4440
4441 4442
4443 1692
4444 4445
4446 4447
4448 2724
4449 4450
4451 4452
3381 4453
4454 4455
4456 2238
4457 4458
4459 4460
4461 4462
4463 4464
4465 4466
4467 4468
4469 804
2213 4470
4471 4472
4473 4474
4475 4476
4477 4478
424 4479
3940 4480
2625 3199
3242 4481
2072 4482
4099 4483
4484 521
4061 4485
4486 4487
4488 4489
4490 348
4491 1905
3343 4492
4493 4494
4495 4496
237 4497
4498 4499
3813 4500
4501 4258
4502 3466
4503 436
2214 4504
1853 4505
3816 4506
4507 4508
4509 2599
2821 4510
4511 4512
4513 4514
4515 4516
3248 4517
4518 1638
4519 2189
4520 585
4521 4522
4523 4524
4525 225
4526 4527
4528 4529
4530 3834
4531 4532
4533 4534
4535 4536
3175 3243
4537 4538
4539 4540
3450 1241
833 4541
4542 4543
2706 3874
4544 1096
4215 4545
3869 4546
4547 4548
4549 4550
4551 4552
4553 451
2515 4554
4555 4556
4557 4558
4559 4560
4305 4561
4562 4563
4564 4
4565 1811
4566 4567
212 4568
4569 1260
2376 4570
2506 4571
1083 2513
4572 3574
4573 380
4574 4575
741 4576
552 4577
4578 4579
501 4580
4581 1489
4582 4583
2455 4584
4585 4586
361 4587
4275 4588
4589 4590
4591 3457
4592 1899
4593 4594
4595 4596
4597 4510
4598 4599
4272 4294
1709 4600
4601 4602
4603 4604
4605 4606
4607 3778
4608 4609
4610 4368
4611 4612
4613 4614
4615 4616
4617 4618
4619 4620
4621 1166
4113 4622
4623 2026
4624 4138
4625 2407
4626 4627
4628 4629
4630 4631
1566 4632
4633 2113
636 4634
1009 4635
4636 4637
4638 4639
4640 4641
4642 4643
4644 4645
4646 4647
3201 4648
4649 4650
2536 4651
3857 162
4652 4653
4654 2013
4655 4656
2378 4657
4658 4659
4660 4197
4661 3698
1902 4662
4663 4664
1810 4665
4666 4667
4558 4668
4669 4670
4671 4672
4017 4673
4674 805
4675 4676
27 2709
4677 4678
4679 4680
352 4121
4681 4682
4062 4683
4684 1908
4685 4686
4234 4687
4688 4689
4690 4691
2167 461
4692 4693
3938 3786
4694 4695
4530 1752
3866 4696
4697 4698
4699 4700
2176 4701
4702 4703
2134 4704
4705 4706
4707 2920
4708 4709
4710 4711
4712 4713
4714 4715
4716 1808
4717 4718
4719 4720
1485 4721
4722 531
4723 4724
4725 4726
844 4727
4728 1399
4729 4730
4731 4732
4733 4734
4735 4052
4736 3305
3936 4737
4738 4739
4393 1994
3461 4740
4741 4742
4743 4744
70 4745
4746 4747
2954 4748
2231 4749
4750 4751
4335 4752
4015 3469
3284 4753
4242 4754
1148 2704
4755 4756
4757 4758
4759 4760
4761 4762
4763 3578
4764 4765
2563 4766
4767 4768
4769 4770
2901 4771
4772 4773
4774 4775
34 181
4776 4777
4778 1776
4779 512
2203 4780
4781 2830
4782 4783
4784 4785
4786 891
4787 4788
4789 4790
1680 4791
642 4792
4793 3375
4794 4795
4796 4797
4798 4799
580 4800
4801 4802
4803 4804
4805 4806
300 4807
4808 4809
4810 1118
4811 4812
4813 4814
4815 992
459 4816
4817 4818
40 4819
578 706
4820 4821
4164 4822
4823 1363
4824 4825
4826 4827
4828 4829
4830 4831
4832 4833
4834 4835
4836 4837
4838 214
4839 4840
4841 4842
4843 4844
4845 4846
4847 4848
4849 4850
4851 1564
125 4852
3303 4853
1666 4854
856 4855
4856 3844
4857 4858
4859 4860
4861 4862
4863 4864
2586 4865
4866 4867
4868 4869
4870 4871
4467 4872
3679 1194
4873 4874
4356 4875
4876 4877
4878 4879
4880 4881
4882 4883
4884 4885
4886 4887
4888 4889
4890 4891
4892 4893
4894 4895
2208 643
4896 4897
1977 4682
4898 4899
1269 2255
4726 4900
4901 4026
3063 4902
4903 1052
4904 4905
4906 4907
4804 4908
4909 1394
4910 4911
4912 4913
4914 4915
4684 331
4916 4917
4774 4918
4919 4903
4920 4921
4922 4923
4924 4925
4926 4927
4928 4929
4930 15
669 4415
4931 3202
2633 4932
4933 4525
2222 4934
4935 4936
2428 4937
4013 4938
4939 4940
4941 4942
4943 4944
4945 1216
1905 4946
4344 2629
4947 4948
2247 4646
4949 2977
4950 4951
4468 4304
4952 4953
4954 4955
2693 4956
6 4957
4958 4959
4823 4960
4961 4962
4963 2813
3752 4964
4965 4966
3589 4967
4968 4969
1330 4970
4971 3422
4972 4973
4974 4609
4975 4976
4977 4978
4979 4980
4981 4982
2506 4943
4983 4984
4985 4986
4987 4988
4989 4990
4991 4992
483 4993
4994 4995
3424 4996
3169 482
4054 4997
738 4998
4999 5000
5001 5002
5003 5004
3112 5005
5006 5007
3929 5008
5009 5010
4413 5011
5012 5013
5014 5015
4741 2834
5016 5017
5018 1615
5019 2754
3206 5020
5021 5022
5023 5024
5025 5026
2367 5027
5028 5029
5030 5031
4725 831
5032 5033
852 5034
5035 5036
5037 5038
5039 5040
5041 5042
5043 3437
3409 5044
5045 5046
2227 5047
5048 5049
5050 2078
305 5051
5052 1782
5053 5054
5055 5056
3937 5057
5058 4301
5059 292
2859 5060
2340 5061
3088 5062
5063 5064
5065 5066
5067 5068
5069 5070
5071 5072
5073 5074
3654 5075
5076 4774
2694 5077
5078 5079
5080 5081
5082 1937
5083 5084
5085 5086
5087 5088
5089 5090
2151 5091
5092 5093
938 5094
5095 5096
5097 19
5098 5099
5100 5101
5102 790
5103 5104
5105 5106
2084 5107
5108 5109
5110 5111
5112 5113
5114 5115
2474 5116
5117 5118
5119 2212
1881 5120
4732 5121
5122 5123
5124 5125
5126 5127
5128 5129
5130 5131
5132 5133
5134 3233
5135 5136
939 1752
5137 5138
5139 5140
3069 5141
3807 5142
3602 5143
5144 3612
2652 1126
5145 5146
5147 5148
5149 1204
5150 5151
5152 3354
5153 5154
5155 5156
5157 5158
5159 5160
4503 3191
5161 1398
5162 2621
5163 5164
5165 5166
5167 5168
4531 5169
5170 82
5171 4035
5172 5173
5003 5174
5175 4526
1336 5176
4513 5177
4330 5178
5179 5180
3348 5181
4926 1036
4223 5182
5183 5184
5185 5186
5187 5188
5189 5190
5191 5192
2275 5193
5194 3389
4343 5195
4303 5196
1031 5197
1058 502
5198 3709
4430 5199
5200 4319
4045 5201
5202 5203
5204 5205
5206 5207
4352 5208
5209 5210
5211 5212
3499 5213
1483 5214
5215 5216
3251 5217
5218 5219
5220 5221
5222 1822
551 5223
5224 5225
5226 760
469 5227
5228 4466
5229 5230
5231 5232
5233 5234
5235 2407
4633 5236
5237 4458
5238 5239
1679 3094
2053 2519
5240 5241
5242 5243
2206 5244
3638 5245
5246 5247
5248 5249
4155 5250
5251 5252
5253 5254
5255 5256
5257 5258
5259 5260
1489 5261
5262 5263
2808 5264
5265 4395
5266 5267
5268 3852
5269 5270
5271 5272
5273 5274
5275 2340
5276 5277
5278 5279
5280 5281
5282 5283
5284 1859
5285 5286
5287 5288
5289 5290
4382 5291
5292 5293
1287 4275
4008 1962
4850 5294
5295 5296
5297 1622
4686 5298
5299 5218
2234 5300
5301 5302
5303 3829
649 5304
5305 5306
4807 5307
5308 5309
5310 5311
5312 5313
2427 5314
3340 5315
5316 5317
5318 5319
2556 5320
1566 5321
5322 1611
5323 5324
5325 2622
5326 5327
5328 5329
2220 5330
315 5331
5332 5333
5334 777
3383 1241
5335 5336
5337 5338
5339 5340
4162 5341
5342 636
5343 5344
5345 5346
3876 5347
5348 4263
5349 4290
5350 5351
5352 5353
1002 5354
5355 3022
4671 5356
5357 5358
4933 5359
5360 5361
2479 5362
876 5363
3581 5364
5365 5366
5367 5368
5369 5370
5371 5372
5373 5374
5375 5376
5377 5378
5379 5380
5381 5382
5383 5384
5385 259
3401 5386
5387 5388
4240 641
5389 3929
5390 5391
5392 5393
5394 5395
2898 5396
3943 5397
5398 5399
5400 3137
5401 5402
5403 5404
4892 5405
5406 5407
513 5408
255 5409
257 5410
5411 5412
5413 5182
5414 5415
3405 2127
5416 5417
5418 5419
5420 5421
5422 5423
4442 2392
1156 2640
5424 5425
5426 5427
5428 5429
5430 5431
3652 5432
5433 5434
5435 5436
5437 2848
5438 3867
5439 5440
5441 5442
5443 5444
1437 5445
5446 5447
5448 5449
4408 5450
84 5451
5452 5453
3370 5454
4806 4612
3987 5455
5456 5457
4126 4475
5458 1156
2911 5459
5460 5461
5462 5463
4185 5464
5465 2593
5466 5467
5468 5469
5470 5471
5472 5473
5474 5475
5476 5100
5477 5478
3272 5479
5480 5481
2292 5482
326 5483
5484 5485
5486 5487
5488 5489
5490 5491
5492 5493
4403 2395
2978 2006
5370 5494
5495 5496
5497 5498
5499 184
5500 3336
5501 5502
5503 5504
5505 5506
4959 5507
5508 5509
2058 5510
5511 2471
5512 5513
4511 3162
5514 5515
5516 2567
3633 2216
5517 1265
5518 5519
5520 3525
4928 5521
5522 5523
5524 5131
2335 540
5525 5526
3183 5527
5528 5529
5530 5531
5532 5533
5534 5535
4890 5536
5537 5538
5539 5540
5541 5542
5543 5286
3949 5544
252 5545
5546 5547
5548 5549
5550 5551
5552 2148
5553 3131
5554 5555
4691 2819
5556 5557
16 5558
771 5559
5560 3328
5561 5562
5563 5564
5565 5408
5566 682
5567 5568
5569 5570
3338 5571
1129 5572
1507 5573
5574 5575
4371 5576
5577 5578
1895 5579
5580 5581
481 5582
5583 3685
5584 5585
5586 5587
2131 5588
5589 5590
5591 5592
3031 5593
5594 5595
5596 5597
5398 4028
5598 555
5599 4340
5600 5601
5602 5603
4568 5604
5605 5606
2848 5607
5608 5609
5610 5611
5612 5613
5614 5615
1838 5616
5617 5618
4935 5619
5620 5621
5622 5623
4588 5624
5625 5626
4756 2324
5627 5628
5629 2457
5630 425
5631 356
5632 1962
5633 5634
5635 5636
5637 5638
4156 5639
5640 5641
1862 5642
5643 5644
5558 4455
2623 5645
5646 5647
5648 5649
5650 5651
268 5652
5653 1222
5654 5655
5656 5657
5658 733
5659 5660
5661 5662
5663 5664
5665 5666
5667 5668
5669 5670
5671 5672
5673 1261
2246 5674
5675 1512
86 5676
5677 801
5259 5678
5679 5680
5681 445
5682 2262
5093 5683
5684 5685
5686 5687
5688 5689
1768 5690
3400 4076
5691 3558
5692 73
5693 5694
5695 5696
5697 5698
4004 1991
5699 1046
1738 5700
5701 5702
5703 4471
5261 2854
2398 1957
5704 5705
5706 5563
5707 5708
5709 5710
1594 2642
5711 4331
122 5712
5713 5714
5715 5716
5717 96
5718 5719
5720 5721
5722 5723
5724 5725
5726 5727
5728 5729
716 5730
2987 5731
5732 5733
5734 5735
5736 2715
3019 5737
5738 5739
1871 5740
5215 5741
5742 5743
5744 5745
98 687
5746 1356
5747 5748
5749 5750
5751 5752
5753 5754
5755 3324
5756 5757
5758 5759
5579 5760
5761 5762
5763 5764
4598 5765
5766 1241
5240 5767
5768 5769
5770 5771
5772 5773
2886 5774
5775 4192
5776 5777
5778 5779
5780 3190
5781 5782
5783 5784
5785 1424
5786 2739
5787 5788
4728 5789
5790 5791
669 5792
5793 1677
3571 5794
5795 5796
5797 5798
5799 5800
5801 5802
5803 5804
5805 2451
4123 5806
5488 5807
4595 5808
1787 5809
5810 5811
5812 5813
2243 5814
5815 5816
5817 5818
2514 5819
5820 4547
2081 5821
5822 5823
1801 5409
5824 5825
1631 5826
5827 5828
5829 1786
5830 5831
1781 883
5832 3393
5833 5834
5835 5836
5837 5838
3940 5839
5840 5841
5842 5843
965 5844
5845 5846
5847 5848
4105 5849
5850 5851
5852 5853
5854 5855
5856 4890
3371 5857
483 5858
5859 1792
5860 5861
5862 5863
5484 4772
5864 5865
5866 5867
5868 5869
2880 3298
4337 3361
5870 5757
5871 5872
3023 5873
3059 5874
5875 1016
5876 5877
5143 5878
5879 4729
4786 5426
5880 5881
5882 5883
38 4092
5884 3805
4642 5885
5886 3158
5887 5888
603 3593
5889 2497
5890 5891
5892 4660
5893 5894
5895 5896
5897 5898
2537 5245
633 481
2964 5899
1157 5900
5901 5902
5903 4611
5904 5905
5906 5907
5908 5909
5910 5911
5912 1259
3105 5913
5914 5915
5916 5917
5918 3160
5919 5920
5921 5922
5923 5924
4379 5925
233 3044
5926 5927
5928 5929
1985 5930
5931 5932
5933 5305
5934 5935
5936 2013
5937 5938
510 5939
1103 5940
5941 5942
5943 5944
5945 5946
5684 5947
5948 1594
5949 5950
5951 5952
3836 1146
5953 5954
5955 5956
5957 5958
4251 2502
1977 5959
5960 5961
5962 2656
5359 1230
5963 5964
5965 5966
5967 2211
5968 5969
5970 5971
2767 3315
5333 5972
3617 5973
5974 2433
5975 5976
5977 5978
2732 5979
5980 810
5981 5175
5982 5983
5984 5985
542 3211
5986 5987
5988 2033
5989 5990
5991 5992
2941 5259
5993 5994
1782 5995
5996 5997
5998 527
5999 6000
6001 6002
4144 6003
6004 6005
6006 4994
3063 6007
2016 5706
5267 6008
6009 6010
2934 6011
6012 3139
6013 3058
6014 2782
2797 6015
6016 6017
4109 6018
6019 6020
4964 6021
6022 6023
6024 3240
6025 6026
6027 1637
4609 6028
6029 6030
1741 6031
5681 6032
6033 6034
3120 3534
201 5355
5560 3329
5132 6035
3696 6036
6037 6038
6039 996
6040 4259
5528 6041
3792 6042
1848 6043
6044 6045
6046 6047
6048 6049
6050 1974
6051 3927
6052 6053
6054 6055
6056 6057
1204 6058
5060 4454
5562 6059
5155 6060
6061 6062
6063 3957
6064 6065
6066 6067
3256 6068
6069 6070
6071 6072
3512 3718
5822 6073
6074 6075
6076 6077
6078 4229
6079 6080
6081 6082
265 5965
2955 6083
5284 6084
6085 6086
6087 6088
6089 6090
6091 6092
6093 2232
2307 6094
6095 6096
6097 4207
3512 6098
6099 6100
6101 6102
6103 6104
6105 6106
695 6107
1792 6108
5080 6109
185 6110
3717 6111
4225 6112
6113 6114
2444 6115
6116 6117
6118 6119
3988 6120
1226 6121
912 6122
6123 6124
6125 6126
6127 0
6128 6129
5146 6130
1812 257
6131 360
6132 6133
6134 6135
6136 6137
6138 2801
3463 6139
6140 1397
1978 5688
6141 6142
6143 6144
230 6145
6146 6147
537 6148
6149 6150
6151 302
6152 6153
3134 6154
3663 366
6155 6156
3175 6157
1256 735
3067 3696
5329 6158
6159 6160
6161 3763
4507 145
2139 6162
6163 6164
4723 6165
6166 3433
6167 6168
4449 6169
6170 6171
6172 6173
3686 4002
6174 6175
6176 6177
1321 4761
6178 6179
6180 5654
3454 6181
6182 1311
6183 6184
6185 3717
6186 6187
6188 6189
5841 4676
6190 2015
6191 6192
6193 6194
6195 1098
6196 6197
3691 6198
2553 5109
6199 6200
6201 6202
5829 6203
3735 6204
3509 6205
6206 6207
6208 6209
6210 6211
6212 6213
3085 6214
6215 6216
5352 6217
6218 5486
1511 6219
6220 5447
6221 6222
6223 6224
6225 6226
3621 6227
382 6228
5687 758
6229 6230
6231 6232
6233 6234
3793 5022
6235 6236
983 6237
6238 6239
6240 6241
6242 6243
851 6244
6245 4260
6246 6247
3731 6248
6249 2652
6250 6251
6252 6253
4034 3607
6254 6255
6256 6257
6258 6259
6260 355
3832 2956
6261 6026
2197 6262
6263 412
6264 6265
6266 1630
6267 6268
6269 6270
6271 6143
6272 6273
6274 6275
498 4308
6276 245
4815 6277
6278 4578
6279 4902
6280 6281
6282 1022
6283 6284
6285 6286
5540 1503
4190 3467
6287 6288
3944 6289
2971 6290
6291 3689
2007 6292
4395 6293
6294 3871
6295 4315
6296 6297
6298 6299
6300 6301
6302 2887
6303 6304
6305 4744
6306 6307
1327 6308
4587 782
5357 6309
833 6310
6311 6312
6313 6314
6315 5385
4395 6316
6317 3526
1897 6318
5032 6319
6320 6321
6322 6323
6324 6325
2048 5572
6326 6327
6328 4174
6329 6330
6331 6332
5789 6333
6109 6334
6335 6336
1059 156
6337 6338
5712 6339
6340 6341
5660 6342
6343 6344
1489 6345
1501 4364
1596 2467
6246 6346
6347 6348
6349 6350
6351 2142
6352 6353
6354 6355
1494 6356
6357 6358
1688 6359
6360 6361
6362 6363
5650 6364
6365 6366
6367 6368
6369 6370
6371 6372
6373 6374
2557 6375
558 1546
6376 6377
6378 6379
6380 391
6381 4664
1183 5328
4635 6382
6383 6384
6385 6386
6387 6388
6389 6390
6391 6392
6393 6185
4546 6394
5864 6395
2237 6396
6397 3681
6398 6399
506 6400
6401 6402
2713 6403
6404 6405
6406 6407
6408 6409
6410 6411
2890 3650
6412 6413
6414 472
6415 6416
6417 227
6418 5802
6419 6420
6421 6422
5672 6423
2733 157
6424 1271
2562 6425
6426 6427
6428 3314
3575 3702
780 6429
6430 6431
3090 6432
6433 2336
6434 6435
4599 6436
6437 6438
6439 4205
6440 6441
5838 6442
2307 309
5359 6443
6444 6445
6446 6447
729 6448
6449 6450
2597 2477
6451 4333
875 5418
4103 6452
6453 6454
6078 1842
6455 6456
6457 6458
6459 6460
3656 6461
6462 1103
5835 5717
2168 6215
6463 299
6008 6366
6464 6465
6466 5548
6467 4840
6468 6469
6197 6470
6471 6004
6472 6473
6474 830
6475 6476
6477 6478
5180 2611
5552 6479
5509 6480
6481 6482
6483 5981
3095 3875
5643 2085
6129 6484
6485 2401
6486 2382
6487 3759
6488 5229
6370 6489
2630 6490
4837 4070
6491 6492
6493 3354
6494 6495
4899 6496
6497 3986
6498 51
4409 5450
6499 6500
6501 6502
6503 6504
6505 5630
6506 4356
6507 6508
6509 6510
6511 4582
6512 2369
6513 6514
5758 6331
1796 6515
2646 6516
6517 6518
6519 6520
5653 3359
1772 3086
541 3675
6521 6522
2616 4579
6523 6524
6525 6424
3587 3195
6526 6527
6528 3719
430 6529
2803 6530
3663 6531
6532 6533
6534 2815
6535 6536
1440 6537
6538 6539
6540 6541
5619 6542
6543 6544
5342 4430
144 6545
6546 6547
6548 6549
3005 555
686 6550
6551 6552
6553 6554
1983 6555
6556 5671
6557 6558
6559 6560
6561 802
6562 6563
4317 2711
6564 2707
1562 6565
6566 6567
6568 6569
6570 2671
6571 6572
4445 6573
4041 6574
6068 6575
6576 6322
4603 3660
6577 6578
4371 6579
6580 1599
6581 6582
5930 6583
6584 6585
5188 6586
6587 6588
1331 6589
6590 6591
6592 6593
554 6594
4375 6595
6596 6597
5446 6598
6599 6600
4470 5235
6601 6602
6603 6604
6605 6606
6607 6608
6609 6610
2489 6611
6612 6613
6117 3016
6614 6615
6616 6617
3868 6618
6619 6620
6621 6622
4496 388
6623 6624
6625 6626
6627 4754
3277 6628
6629 1410
6630 6631
6632 6633
3847 6634
4998 3958
6635 6191
6636 6637
6638 6325
6639 6640
6309 6641
323 6642
6643 5608
6644 2051
6218 6645
6646 6647
6648 6649
1650 6650
1264 6651
2094 6652
6211 3060
2577 6653
1277 382
3510 750
6654 6655
6656 6034
6657 5640
6658 6659
6660 4122
6661 6662
6663 6664
6665 6666
6667 6668
2813 89
1210 2012
6669 6670
5917 2717
5335 1119
788 6671
6638 6672
2904 6673
6674 6675
6676 1514
6653 6677
6678 6679
6680 6681
6682 5276
5546 6683
6684 6685
3745 4526
4830 6490
6686 6687
3392 6688
6689 6690
1553 6691
6692 6693
6694 6695
3159 6696
2688 6697
6698 1301
772 6699
6700 6701
2666 6702
6703 6704
6705 6706
6707 5201
6708 6709
6710 6711
6712 6713
5045 6714
6715 6716
3548 6717
2312 6718
756 6719
6720 4497
5364 6721
1922 1155
6722 2881
6723 6724
6725 5719
6726 6727
6728 1769
2313 6729
2105 6730
6731 6732
6733 4330
6734 6735
6736 6737
6738 6739
6740 6741
6742 6743
6744 6745
4963 2694
2139 6746
6747 6748
6749 6750
6751 6113
6752 2201
6753 6754
6755 6756
2746 3173
6757 6758
5220 6759
6760 4124
6761 6762
4956 5192
2801 6763
6764 983
3335 6765
6766 6767
6768 3550
4822 6769
6770 6771
6772 6773
4831 6774
6775 6776
6777 6778
6779 6780
4458 6781
3103 1984
6429 6782
6783 6784
241 6785
6786 3811
6787 6788
6789 3374
6707 4045
3751 6790
6791 6792
3133 4720
6793 6794
6795 6796
4835 6797
3975 2372
6798 6799
6800 6801
6802 5471
6743 6803
6804 6571
6805 6806
2254 6807
6392 1370
5238 6808
6809 6810
6811 6812
6813 6814
6815 6816
6817 6818
6819 6820
1682 6821
6822 5175
6823 12
6824 6825
4769 6826
6827 6828
6829 6830
6831 6832
6833 6834
6835 6836
2614 4011
498 4309
4188 6837
4292 6838
6839 6840
6841 199
1438 6061
4340 2348
4052 6842
2348 6843
6844 3789
2411 1059
6845 6484
5004 6846
6847 6848
6849 2843
6850 2751
4734 6851
6852 6853
2786 802
4142 6854
6855 638
6856 6857
6858 6859
3423 6860
6861 6862
1093 3438
6863 6864
6865 6866
6867 6868
1374 158
6869 4492
6870 6871
6872 6873
6874 6875
157 2734
6876 6877
6878 5722
516 4416
6879 6880
6881 5539
1850 6882
6883 6884
4478 6885
6886 6740
2963 3187
6366 182
6887 5348
5530 6888
6889 748
5417 6890
1020 6809
3446 6891
6892 6893
1222 6894
6895 6896
6897 6898
672 3678
6899 2648
767 6900
6901 6902
393 6903
6904 6905
6906 6907
2698 6908
6909 6910
6911 5885
4954 4297
6912 2144
6913 2606
6206 6914
1540 6915
3027 623
6916 6917
6918 3416
5560 6919
6920 6921
6922 3099
6923 6924
6925 6926
3677 6927
6928 6929
6930 6931
6932 6933
1438 6934
6935 6936
5710 6937
92 4029
949 6938
2938 4992
6939 5916
294 2568
6940 6941
6942 6943
6944 6945
6946 6947
6948 6949
201 1173
6950 6951
6432 6952
6953 6954
6955 345
4656 3296
5180 6956
4135 6957
6958 1934
1102 6959
6960 6961
6962 6963
545 6964
6965 2971
6966 6967
5273 6968
2209 6969
6970 6971
6972 5667
6973 6974
476 6975
2845 709
6976 6977
4375 6978
4245 6979
6980 6981
3225 527
1658 6982
5448 6983
6984 6985
3783 6986
6987 4646
6988 6989
6990 1057
6076 6991
6992 6993
4100 5673
1168 6994
6995 6996
6997 1341
6998 3671
6999 7000
6540 7001
6771 7002
7003 136
4355 7004
3200 1241
5727 7005
2268 7006
7007 6885
6589 7008
7009 5155
7010 6385
2212 7011
2562 7012
7013 7014
2702 5021
2830 5887
7015 7016
7017 7018
5253 2068
1781 7019
7020 7021
7022 7023
6001 7024
7025 2092
7026 7027
7028 2531
7029 7030
2121 7031
7032 7033
2520 7034
7035 7036
5377 6953
7037 7038
7039 7040
7041 7042
7043 7044
6810 7045
1920 2178
1986 7046
7047 4803
7048 1999
6186 5212
515 7049
7050 7051
1327 7052
7053 7054
7055 7056
7057 7058
7059 7060
1849 910
2147 7061
7062 7063
7064 7065
7066 7067
3800 7068
7069 7070
564 7071
7072 7073
7074 7075
7076 7077
7078 7079
5176 7080
6690 7081
7082 4253
7083 4487
3506 343
7084 7085
7086 4915
7087 7088
3611 7089
7090 4769
7091 7092
7093 7094
7095 7096
6333 7097
7098 7099
1726 1990
7100 3498
7101 108
7102 7103
5434 7104
6364 7105
1772 7106
7107 7108
4260 7109
7110 7111
7112 7113
358 7114
7115 7116
7117 481
7118 2332
7119 6150
7120 7121
438 7122
7123 7124
5690 3234
3880 7125
7126 7127
7128 7129
7130 7131
5521 7132
7133 7134
3989 6120
3627 7135
6985 7136
7137 7138
5442 1649
7139 7140
7141 195
1794 7142
3910 7143
413 7021
7144 7145
1867 472
2750 7146
7092 7147
7148 7149
3521 7150
3275 7151
5543 7152
7153 7154
7155 7156
6030 7157
1367 476
7158 1639
5401 7159
7160 7161
4423 3855
1013 7162
7163 7164
7165 7166
1505 379
5748 1241
7167 7168
7169 7170
7171 5560
7172 7173
7174 7175
7176 7177
4925 939
7178 7179
7180 7181
372 7182
7183 7184
7185 4596
5917 7186
7187 1969
7188 7189
7190 6741
2008 526
2924 7191
5237 4565
7192 6175
7193 4137
4839 7194
7195 7196
515 1107
7197 7198
7199 3687
7200 7201
7202 7203
7204 2275
7205 7206
7207 7208
7209 3551
2345 5282
7210 7211
7212 6991
7213 7214
5294 4423
7215 7216
7217 7110
7218 1435
7219 7220
7065 7221
7222 5225
7223 7224
7225 7226
4264 5028
7227 7228
7229 31
7230 1579
7231 7232
7233 7124
1289 7234
7235 7236
1287 7237
7238 2643
7239 4692
7240 4023
7241 7242
2261 7243
7244 1987
640 7245
7246 7247
7248 4626
7249 7250
3804 5884
7251 2638
6030 7252
7253 2318
6556 5555
7254 7255
6628 3278
7256 7257
7258 3768
3483 4183
7259 5065
7260 7261
6637 7262
6392 7263
7264 7265
2397 7266
6255 7267
7268 7269
7270 7271
6074 7272
7273 1290
7274 7275
3121 1010
7276 7277
1677 5701
6625 7278
4526 3746
5785 1423
3437 933
3087 7279
7280 5454
7281 3543
7282 7283
1722 7284
7285 7286
2715 7287
2143 3843
7288 6493
4945 4398
7289 7290
7291 7292
5538 2472
2746 3172
7293 5247
7294 7295
7296 7297
7298 3123
7299 7300
418 5438
1917 7301
4367 7302
7303 2561
7304 7305
7306 6793
5514 7307
7308 7309
7310 1740
2584 5114
7311 7312
7135 2681
3968 7313
7314 7315
7316 1402
505 7317
6983 4385
7318 5632
7011 7319
7320 2851
7321 7322
5224 7323
7324 7325
6648 1241
5189 1635
856 7326
7327 2260
3218 6232
7040 7328
7329 7330
7213 7331
7332 6163
3786 7333
7334 7335
1253 1429
7336 7337
5449 1441
6233 6550
5662 3642
6230 7338
4262 7339
7340 7183
7019 4111
4229 5468
6075 7341
7342 7343
6235 2867
1045 7344
6913 4801
4503 7345
2989 1064
7346 7347
4393 7348
6341 7349
7350 7351
7352 98
7353 2862
5999 1097
4764 7354
7355 679
5411 7356
7357 4473
7358 7359
7360 7361
103 7362
4039 987
7363 2473
1515 7364
7365 4698
7366 6505
7367 7368
7369 6171
3377 835
7370 7371
2577 7220
7010 2956
7372 7373
7374 7375
433 7376
7377 4491
7378 3617
7379 7380
7381 7382
7383 7384
7385 7386
7387 6229
7388 7389
943 7390
7391 4009
7392 7393
2025 4971
7394 7395
6960 4184
5844 7396
7397 4986
7398 7399
1959 469
1084 813
74 7400
5145 7401
2607 7402
5105 2526
6352 7403
7219 7404
2359 7405
3817 3569
391 7406
7407 7408
7409 5140
7410 7411
2395 7412
2991 7413
188 7414
7415 6361
494 926
7416 7173
1388 5599
7417 4009
3097 7418
7419 6599
2450 998
6854 7420
7421 7422
4056 1806
7423 7424
1550 7425
7426 7427
6933 7428
4356 7429
7430 7431
7432 7433
7434 1875
7435 2674
6229 7436
6137 7437
7438 3333
7439 7440
877 7441
3959 7442
5647 7443
7444 7445
7446 7447
7448 7449
130 7450
7451 1241
474 5763
7452 7453
5089 3119
3664 7454
1412 6724
6794 7455
5775 7456
7457 7458
5500 7459
7460 7461
1314 7462
7463 7464
7361 7465
391 7466
7467 7468
7469 103
7470 7471
7472 7473
7474 7475
7476 7477
6468 7478
7479 7480
5869 2389
5403 7481
3849 7482
3409 7241
7483 7484
7485 7486
5208 329
7487 7488
7489 7490
2730 4178
3860 970
4111 150
7011 7491
5184 7492
3816 7493
7406 7466
1913 7494
7495 7496
7497 5372
5863 1026
7498 2545
7499 7500
7501 3182
7502 7503
7314 7504
7505 6666
7506 1947
7482 7507
1084 7508
7509 7510
6985 7511
6011 7512
7513 7514
1453 7515
5678 7516
7101 109
7517 7518
984 7519
1254 6001
7520 7521
7522 7523
7524 7525
7526 7527
7528 1372
7529 7530
7531 7532
7533 7534
2260 7535
7536 7537
7538 4071
377 7176
7539 7370
2259 7540
7541 7542
7543 7544
7545 7546
2575 7547
7548 7549
7550 7551
7552 7553
7554 7555
3307 7556
3948 7557
4548 2785
7558 5976
3216 7559
7560 7561
7096 4182
7562 7563
7564 3311
7565 7566
6682 5277
2908 7567
7568 7569
7570 7571
1907 7233
7572 7573
4673 7574
2852 6118
7575 3000
7576 7577
7578 7579
3522 7580
7481 7581
7582 7583
7584 5124
1152 3302
7585 7586
7587 7588
3908 1557
2465 7589
7590 7591
7592 7593
7594 7595
5194 3390
7311 7596
1902 7597
7598 4988
4134 6957
7599 7600
7601 450
5931 7602
7603 4477
2708 5955
5158 7604
353 6276
7605 7606
7607 7608
179 1099
7189 7609
7247 7610
6143 5870
1801 4074
7611 3326
7612 7613
7614 7615
2809 7616
4499 7617
7618 7619
7620 7621
6082 7622
6104 7623
7624 3897
532 7625
1821 7626
7627 6632
7628 7629
7630 7631
7632 7633
7634 7635
7636 7637
7638 7639
7640 7641
7642 7643
7644 689
7645 7646
4760 1367
7647 7648
2839 7649
7650 7651
7652 901
7653 7654
5662 7655
1011 7656
7657 7658
6313 7659
5147 7660
6569 5521
3337 7661
5529 7662
4848 7663
7371 7664
7665 7116
7666 7667
7668 4784
7669 3285
332 214
7670 7671
3342 7672
7673 7674
7675 2371
7249 7676
7677 7678
2564 7679
7680 7681
7682 6690
7683 5793
4518 7684
7685 3101
6648 7686
6809 5177
7687 7688
6319 6362
5910 7689
5796 7690
7691 3102
7692 7693
7694 7695
5845 2422
910 7696
7697 2690
7698 5551
6961 7699
7700 7701
7702 1241
909 1886
7564 3310
4045 7703
7704 7705
2796 7706
5367 7707
7702 2626
7708 7396
1667 7709
3032 7710
3897 5752
7409 7711
2035 297
4717 7712
7713 4365
7714 7715
6261 6025
7716 6056
6477 7717
5049 7718
7719 7720
1999 7721
7339 7722
2419 7723
3820 7724
6033 7725
7493 6623
2680 7135
7726 7727
7728 7729
7614 5033
5790 7730
7717 2651
2317 7731
6228 7732
2937 7733
7734 7735
3819 5283
7736 7737
7738 7739
7740 4998
6365 2073
7741 7742
2659 6952
7743 7513
3209 6300
5199 4431
2247 7744
405 6702
4713 7745
7746 7747
4734 7748
7749 3103
7750 7751
4585 7752
6486 4858
7753 7754
7755 7756
7757 7758
6139 7759
7760 1230
7761 3791
7762 7763
7764 3828
7765 2750
7766 7767
7768 1436
6149 2541
7769 4882
7770 2402
5351 7771
5313 1915
7772 5326
2335 7773
7774 7775
169 7776
6828 7777
6446 7778
7779 7780
2985 3949
7781 2809
4618 7485
173 7782
5859 2934
7783 6337
2360 7405
1766 6376
7784 7785
7786 7468
5704 2984
7787 7788
2071 3735
4603 7720
7533 7789
4625 7790
4834 7791
7792 5067
7793 7794
6520 1036
7112 2520
7795 7796
7797 7798
7799 7800
7801 7802
5454 7803
7804 7805
7806 1917
7807 7808
1106 7212
7809 7587
7810 7811
6766 7812
7813 7814
5756 7815
7816 7817
7818 7819
4035 7820
7821 7822
7823 4209
7824 7825
2356 7826
7827 7828
4067 7829
7830 7831
7832 7833
7834 7835
376 7836
1919 7837
7838 494
7839 5994
7840 7841
1599 7842
7843 7844
7845 7846
7847 7848
2645 6516
527 7849
3263 2186
7850 7851
7852 7376
7853 7854
1323 645
4197 7855
3257 7856
7857 6779
7858 7859
6302 7860
7861 7862
6276 246
6769 2574
7863 7864
2965 7865
6124 7866
7867 7868
7869 6
7870 7871
7872 7873
5784 7874
7875 1925
7876 7877
7379 7878
7879 658
4682 5959
7880 5104
7881 4805
7882 6067
6082 7883
255 7884
7885 7886
3479 7887
7888 1680
1617 4172
3075 7889
4312 7890
7891 7892
7893 3635
3379 7894
7895 7896
6637 7897
5688 473
7898 2731
3336 2273
7899 7900
3797 846
6131 7901
6097 3003
3455 2821
7902 1819
7903 7904
7905 7906
7907 7908
7909 4642
7910 1253
5071 7911
7912 7913
2244 1850
7914 7915
7916 3007
6796 7917
7918 7919
5338 7920
7921 7922
812 7923
4651 7924
2531 6224
6503 7925
7926 2181
7927 7928
7929 7930
2359 3796
7931 7827
2132 1287
6947 7780
7932 7933
7934 7686
7935 7131
4057 7936
7937 7938
7939 7940
7941 1989
7431 7183
7942 7943
7944 4351
7945 7946
5925 7947
590 6300
7948 7949
7950 7951
7952 7953
674 7793
7954 7955
7956 1856
2428 2693
4822 7957
5098 7958
7959 7960
2991 7961
5006 5677
4737 7962
7963 5275
7964 2532
485 7965
7966 7967
7968 7969
5632 7970
3339 776
2344 1241
7971 4134
804 6590
7972 7941
7973 5266
1965 7974
2342 7975
4596 5808
1608 7976
7977 7978
3419 7979
7980 2500
1083 7508
7981 3269
7982 7983
7043 7984
7985 7986
6802 5376
7987 7988
7989 7990
3658 2787
7991 7992
7993 29
7994 7460
4230 7995
7996 7997
2625 7702
7998 7999
8000 8001
6623 8002
5567 8003
8004 8005
4051 6933
3514 8006
2232 2234
8007 8008
4688 8009
8010 8011
8012 3320
8013 1415
6415 8014
977 8015
3205 8016
8017 8018
8019 8020
8021 631
8022 8023
4788 8024
8025 8026
8027 8028
8029 8030
1669 4947
6330 3447
7948 8031
8032 8033
8034 8035
8036 8037
8038 7067
58 8039
6302 8040
271 8041
8042 8043
3578 6260
8044 5101
8045 8046
387 8047
1165 271
1577 962
5608 7326
8048 5353
3982 6719
8049 8050
7964 8051
8052 8053
8054 8055
1284 8056
5108 8057
8058 8059
8060 4051
8061 8062
2943 8063
5333 8064
5598 8065
2110 7361
2448 2768
8066 8067
8068 1082
4299 7112
8069 8070
8071 8072
4826 8073
3082 4591
8074 629
8075 8076
7743 8077
8078 8079
8080 8081
7477 8082
8083 8084
4797 727
8085 8086
3462 4740
8087 8088
4341 8089
8090 8091
8092 7200
8093 2663
6888 1555
7964 8094
2745 6602
8095 8096
1803 8097
8098 8099
644 8100
8101 8026
3734 7125
8102 8103
783 8104
7227 5465
8105 8106
2833 8107
7664 5172
8108 8109
5239 8110
3480 8111
994 8112
8113 8114
787 8115
3689 8116
5944 8117
8118 5225
8119 1761
500 3308
8120 8121
8122 8123
681 8124
8125 4560
8126 8127
8128 3150
8129 5949
8130 8131
1494 5292
8132 2950
8133 8134
8135 4960
8136 7440
8137 8138
1862 2168
8139 6643
8140 3942
4587 710
7946 2222
1935 8141
1487 7359
8142 8143
8144 6474
8002 8145
6828 3941
2764 8146
8147 5782
7359 1101
7391 8148
2535 2391
8149 1176
8150 8151
8152 8153
8154 8155
279 7913
8156 2897
8157 4329
2597 7564
8158 8159
8160 8161
8162 8163
7946 4934
5678 8164
8165 2711
8159 8166
8167 3171
8168 8169
6659 8170
8171 8172
8173 8174
8175 8176
7217 7111
8177 7079
5300 6462
5424 2395
8178 8179
8180 8181
8182 8183
7096 8184
436 8185
8186 8187
8188 8189
8190 2636
5464 8191
8192 6652
3663 8193
8194 2754
8195 8196
8197 8198
422 8199
8200 8201
8202 8203
2534 8204
8205 8206
21 8207
1013 5144
5663 8208
8209 637
8210 8211
1839 8212
4542 8213
1676 8214
7171 8215
5934 1510
8216 1797
3779 8217
442 6013
95 7623
6923 8218
5623 124
8219 8220
8221 8222
8223 8224
7891 4693
1619 713
8225 6252
8226 3014
8227 8228
966 5616
8229 1349
8230 4989
8231 8232
8233 8234
2094 8235
8236 8237
5064 8238
7070 8239
8240 8241
3875 7707
2659 6432
8242 1453
8243 3665
8244 8245
8246 8247
8248 4621
8249 8061
3862 1446
8250 3481
8251 8252
8253 8254
8255 7998
8256 8257
1988 8258
4097 1220
851 8259
505 1398
5850 3165
8260 2556
8261 3720
8262 3737
1546 8263
8264 8265
1778 8099
8266 3317
8267 4149
8268 8269
8270 1015
8271 1204
8272 8273
455 8274
8275 8276
8277 8278
1454 8279
3354 4397
8280 8281
8282 8283
8284 8285
7654 8286
4850 7981
3057 1488
6052 8287
6634 8288
5454 8289
8290 8291
8292 4953
8244 49
8293 8294
2224 8295
2445 8296
7902 8297
8298 8299
2390 3120
8300 8301
2780 8302
8303 8304
8305 8306
5952 1301
6154 3573
8307 8308
2461 8309
8310 7404
8311 6256
8312 1700
8313 8314
4307 8315
212 8316
8317 8318
8319 336
7516 6135
6356 8320
5706 6468
4073 8321
2581 8322
2934 8323
8324 1682
8325 4215
8326 8327
2780 8328
8329 5204
8330 8331
1809 8332
8333 8334
3415 8335
466 1590
3615 8336
8337 8338
3265 8339
8340 8341
3424 55
2151 8342
6675 8343
1896 155
5509 8344
4591 30
5626 8345
1858 3851
2020 8346
8347 8348
8349 6689
8350 8351
8352 8353
1606 8354
8355 337
1533 2205
3207 8356
8165 2712
101 8357
8358 8359
8360 7731
8361 8362
8363 8364
8365 6303
8366 4160
8367 8368
8369 5624
4739 8370
193 8371
7398 385
6627 8372
8373 1828
8374 3109
725 8375
575 8376
8377 8378
1673 5661
8379 8380
7828 8381
6715 8382
8383 8384
8385 8386
7986 6408
4027 8387
8388 8389
8390 5828
8391 8392
5373 8393
6986 3784
4265 8394
8395 8396
3170 8397
4235 5774
1198 8398
7390 7602
1445 4871
8399 8400
6930 8401
1872 1105
5327 2351
3570 8402
8223 860
4099 4683
8403 8404
6034 7725
6462 8405
2907 8406
8407 8408
1831 8409
8410 8411
1121 8031
4645 8412
7838 6836
665 8413
8414 8415
8416 8417
8418 6053
723 6419
5596 5133
1812 8419
8420 8421
1241 8422
321 8423
4145 8424
8425 8426
6108 8427
8428 8429
2447 3249
8430 8431
8432 6616
6375 2558
1490 8433
429 3761
8434 8435
8436 8437
5148 1637
2485 8438
8439 8440
8367 3131
6708 8441
1824 664
8442 8443
4307 8444
8445 4590
774 8446
2522 3237
4405 3650
3192 8447
3193 8448
8449 3252
822 8450
7576 8451
1542 8452
8188 8453
6787 8454
6401 8455
2540 5532
8456 8457
3018 4911
728 8191
7971 6316
5195 8458
1829 8383
2351 8459
8460 8461
542 8462
3004 3759
5954 8463
8464 8465
7099 5126
8466 8467
1231 8468
7563 8469
8470 8471
8472 8473
8474 8475
756 3982
8476 8477
4837 8478
2267 8479
8480 8171
5829 8481
8482 8483
2408 8484
8485 8486
8487 3691
4733 8488
8440 8489
4565 1810
8490 8491
7258 3492
4654 2014
2888 7321
5523 8492
6151 301
5205 8493
945 3037
1022 1598
8494 8495
5122 8496
559 8497
3943 8498
4 3902
6847 8499
8500 8501
8213 8502
8503 8504
7178 8505
8506 6877
4647 8507
8508 6782
4442 8509
6670 8510
8511 1789
8512 8513
2322 8514
8515 7302
8516 8517
4509 7001
2607 8518
2349 8519
8520 1069
8521 8522
6729 8523
8524 8525
546 307
8526 8527
8528 8529
1874 7434
3983 6188
1841 8530
8531 8532
8533 8534
5097 8403
3412 8535
7305 8536
5647 8537
2122 8538
3475 1014
8328 4066
4750 8539
8540 746
8541 8542
7904 3362
8543 8544
8545 8546
8547 8548
8549 8550
3930 8551
1301 8552
7839 8553
8554 8555
7033 8556
926 8557
2385 8558
4237 8275
3411 8559
359 8560
8561 8562
2556 8563
4798 2421
2168 8564
8565 8566
8567 8568
595 7009
8569 7208
8570 8571
7683 8572
8229 1350
8573 4379
8574 8129
8575 8576
8577 1518
8578 6006
191 8579
8580 2613
8581 7134
8582 7207
8583 8584
8585 8586
7373 8587
163 8588
8589 7000
6854 4080
5853 8590
3012 8591
1091 3261
8592 8593
3286 8594
8595 6681
8596 8597
6491 2039
15 8598
7450 3483
6783 8599
8600 8601
8111 7581
8602 8603
8604 2664
8605 8606
6537 8607
3375 5187
8608 4566
8609 8610
6519 1584
1481 8201
8611 8612
8613 8614
6147 8615
8616 8617
2643 8618
2703 2221
4558 8619
2191 8620
8621 2524
8622 8623
983 8500
4077 8624
8625 2487
1568 8626
3500 8627
7845 1791
1718 8628
8629 8630
4510 8631
8632 8633
8634 7506
2243 8635
2671 6787
4527 8636
1359 8637
7952 6607
8638 8639
931 7239
6714 1721
8640 1241
2309 8641
4046 8642
7295 8643
7872 6132
670 3646
2749 250
6968 5512
8637 6567
8340 8644
8645 8646
8647 1835
7403 8648
4274 8649
8385 8444
6255 8650
8651 8652
8653 8654
8655 4090
8656 6003
8657 8658
3680 6064
689 1077
8659 8660
8661 8662
4303 4374
8663 8664
8665 8666
8667 5048
8668 8669
8670 6173
4485 8671
494 8557
6541 1389
7620 8672
8673 3696
2950 8674
8675 8676
2902 8677
8678 8679
8680 8681
8079 8682
8683 3221
8684 8685
8686 8687
1633 5461
8434 8688
8104 8689
8690 3705
8691 8692
8693 3292
8694 8695
4829 6700
8315 8696
4322 8266
4264 8697
4842 8698
8699 7352
8700 8701
8702 6960
4053 8703
7383 8704
1601 4128
8642 8138
8705 354
3361 7904
4257 8706
8707 8708
8709 8710
8711 3802
8712 8713
8714 2050
2190 8620
8715 8716
8717 6212
6271 1800
8122 3856
8718 8719
8720 8721
8722 445
3134 8723
8724 2847
5019 5026
4773 3964
8725 8726
4641 8727
774 5979
4599 8728
8729 829
8730 8731
8732 8291
7170 8733
8734 6804
8735 8736
6833 8737
8154 6315
5565 8738
5344 2791
8739 8740
8741 7592
8742 5975
8743 8744
767 7280
8745 4946
8746 8747
4987 7598
8748 7805
8749 8750
8751 8752
8331 3281
8288 923
81 8753
8754 7627
7147 8755
5940 8756
8757 8758
5549 8759
8760 8761
8762 8763
7749 8764
8511 1788
6840 8765
8766 8767
1181 8768
5828 8769
2000 8770
4249 8771
6408 8772
7454 3654
8773 8774
1365 8775
8776 8777
6508 2274
1126 2653
2806 8778
2323 8156
5296 8779
2655 8780
1235 4456
8781 6967
8782 8783
8784 8785
1071 5343
5321 8786
4317 8787
6061 1439
2869 8788
8789 1702
2751 8790
8791 7669
3024 8792
8793 8286
8650 8794
2076 8795
8796 8797
8798 8799
8800 8801
8802 532
1466 8803
5194 6521
7673 7279
8804 4147
8805 8806
765 8807
8808 8809
3565 3724
8810 4573
8811 8447
8812 8813
8814 3414
5258 8815
3960 948
7098 8816
6953 580
3955 160
8817 8818
6913 8819
8820 5114
8821 5488
1307 8
4381 6431
1617 8822
4101 8823
3716 7020
4231 8086
6057 8824
8825 8826
8827 8000
2938 8828
1376 8829
6767 7812
8830 8831
8686 2129
4297 6046
945 8832
8833 8834
1167 6994
8835 8836
5478 8837
6328 8838
6264 2061
3440 8839
697 1691
8553 8840
3423 8841
8842 1740
1460 4451
8843 8844
8845 8846
2860 8847
8848 8849
5337 8850
8851 1921
0 8852
8077 2509
7870 8853
8736 8854
484 8855
8856 8857
8858 7688
6397 5986
8859 8860
7787 2686
8861 8862
1615 8863
8864 8865
8802 692
7815 301
3358 8866
4999 8867
6822 2182
5265 8868
62 8869
6255 3626
8870 8871
8872 1237
8873 8874
8875 8876
5704 8877
8878 8879
5345 2249
4810 8880
1261 8881
1516 3342
8882 8883
1474 8884
8885 8886
8887 8888
5177 8889
2496 8890
8891 6665
8892 116
8893 8894
2244 8895
1903 1432
8896 8897
4461 8898
8899 2809
6819 8900
8901 1585
8902 1950
8903 8904
8905 8906
5310 8907
4092 8908
8909 4553
8910 8911
7796 7392
8912 8913
8914 8404
7296 5581
2257 3136
4311 8915
8916 8917
8606 2374
4033 8918
6851 8919
7323 8920
8921 8922
8923 1697
5458 8924
2812 8925
4522 8926
4938 8927
3331 8928
8401 8929
1737 8550
8930 8931
6932 7428
2742 8500
8932 8933
961 8934
5998 8935
8936 8937
4752 8938
7816 8939
8940 5901
5917 8941
5346 8942
5082 8943
8944 4653
4793 8945
4248 5183
6154 8946
8792 8947
729 8948
8949 1629
3785 8950
349 8951
7516 6487
1258 8952
7704 8953
3198 8954
8955 6621
3569 8402
3010 2879
308 1502
8956 8702
8957 8958
8959 3135
852 7254
858 6248
8960 8961
8962 3044
8322 8963
8964 5512
8508 6429
5556 8965
2887 3655
4213 5271
8966 8967
7689 5911
5881 6196
8968 8969
8970 8971
2721 6639
4798 8972
8973 8974
4694 4097
3892 8975
4064 8976
8977 7836
2772 2330
8978 5948
2541 8979
8980 5874
8056 8981
971 8982
8983 7177
677 8984
8527 3076
8985 8986
8987 7210
565 8988
8989 8990
4267 8991
8118 8992
8993 8994
8995 8996
6080 8997
217 6592
8504 1802
1241 8012
1196 6418
6528 8998
8999 3510
7197 6182
9000 9001
6355 1473
9002 3348
9003 6418
1497 5428
9004 5636
3840 9005
4521 8926
5601 9006
9007 9008
8503 3353
5586 9009
472 9010
9011 7982
7509 9012
3300 9013
6590 1505
2240 9014
7502 5936
9015 9016
9017 6201
4852 2290
7097 8694
9018 9019
9020 9021
5682 7139
5524 332
5197 6519
9022 9023
7810 1717
1683 2146
9024 2088
465 9025
9026 2959
2037 9027
9028 8843
9029 5793
2655 9030
8043 6745
1223 4241
7099 9031
9032 263
1483 9033
9034 9035
9036 9037
5415 9038
6867 9039
3456 9040
5503 9041
9042 9043
6622 9044
9045 9046
9047 7362
9048 5543
9049 8686
9050 9051
9052 5451
6246 8112
9053 2983
9054 9055
9056 9057
7793 9058
9059 3009
8165 8420
9060 6831
9061 6186
9062 355
9063 3217
3345 7985
9064 9065
8010 8192
9066 9067
8240 2903
6849 9068
9069 9070
9071 9072
8432 9073
7235 9074
9075 9076
9077 9078
9079 9080
9081 4741
1964 3812
4906 9082
9083 8005
9084 9085
3189 9086
261 9087
4495 9088
4801 9089
9090 9091
9092 7471
357 7114
9093 7865
9094 9095
3821 3331
2454 9096
7547 9097
3627 1928
4362 403
8864 9098
9099 9100
9101 9102
9103 9104
7453 8068
7231 3552
9105 683
7463 3489
1463 9106
7958 9107
5029 6274
1043 7421
9108 9109
9110 7862
8112 22
2425 3993
9111 3766
3656 9112
9113 9114
6461 8060
9115 9116
8453 9117
9118 9119
7143 1130
9120 9121
397 9122
2443 9123
9124 9125
5414 9126
4049 5892
8210 9127
9128 9129
293 9130
4581 9131
9132 723
9133 9134
8252 9135
9136 1324
8259 6244
9137 3691
9138 9139
9140 8587
6257 2133
9141 9142
9143 6475
5965 927
3195 9144
9145 6210
9146 8699
9147 9148
4891 9149
9150 9151
9152 4598
2980 7534
9153 3949
9154 9155
760 9156
9157 6525
5632 1963
9158 3411
6662 9159
7014 9160
2153 2565
9161 9162
8293 8920
2187 8328
1663 9163
2480 9164
3122 9165
9166 6603
4937 877
6670 9167
3653 9168
581 5462
5511 9169
9170 5493
9171 6444
9172 9173
7897 7065
6811 9174
9081 2618
9175 9176
9177 9178
9179 3098
9180 9181
9182 9183
9184 1061
9185 9186
9187 9188
9189 9190
9191 1882
9192 9193
7865 9194
4484 9195
8062 9196
6252 2902
3988 9197
9198 9199
2015 3895
5463 9200
9201 9202
303 9203
4337 9204
4861 7834
9205 7448
3181 9206
9207 7475
9208 9209
9210 9211
9212 666
9213 9214
8045 9215
9216 3379
2323 8514
6974 9217
3361 1804
9218 9219
6965 6290
9220 9221
5746 1355
5954 9222
1026 7991
9223 5039
3442 1241
7367 8066
9224 3212
9225 9226
5230 924
9227 9228
9229 6532
9230 9231
9232 9233
9234 8771
9235 9236
8304 9237
9238 9239
9240 9051
4269 9241
4787 3184
5853 9242
9243 9244
8650 9245
5130 5128
9246 9247
673 9248
730 9249
6338 2018
3081 9250
9251 3753
9252 5775
9253 9254
1189 9255
8023 5037
7611 3327
9256 9257
4795 7813
7039 9258
1255 4961
9259 7382
9260 9261
6456 9262
4637 9263
9175 8352
6644 4155
8690 9264
9265 9143
9266 2374
8004 2723
3031 9267
5016 9268
1169 9269
9270 490
9271 4673
9272 6611
9273 2
9274 3135
379 9275
9276 9277
7872 9278
9279 9280
2579 9281
9282 9283
8776 9284
4705 4763
1920 9285
9286 9287
442 9288
9289 9290
8407 9291
7762 4323
3206 6469
9292 9293
9294 5076
9295 3703
639 8670
3151 9296
2613 5223
9297 9298
6155 1353
9299 9300
3724 3566
5892 9301
3037 4729
9302 9303
9304 9305
9306 2696
9307 7935
1641 2875
9308 52
9309 2081
869 390
8179 9310
9311 9312
9153 9313
7746 3808
9314 4910
9315 2999
9316 9006
8474 9317
4688 9318
9319 9320
2916 9321
9322 9323
9324 9325
5282 6310
9326 2665
5463 9327
597 9328
8937 1721
3591 9329
930 9330
9331 9332
305 9333
4615 5824
9334 9335
9336 824
7470 583
9337 9338
8936 9339
4916 1241
9340 9341
5669 9342
1523 9343
9344 2419
9345 9346
8689 4847
8510 9347
9348 9246
9349 8303
5590 9350
1116 9351
985 5665
6560 9352
2789 9353
9354 9355
8349 9356
9357 9358
1240 4271
428 9359
7829 9360
9093 1741
9361 2164
8591 2642
9362 956
9363 9364
6493 9365
3216 5644
7101 6022
3104 9366
2413 9367
9084 9368
4605 5052
9369 7026
7233 7582
4279 9370
2476 9371
9372 9373
2399 9374
9375 9376
8379 2149
6751 5726
6468 5516
9377 3640
9378 4991
1804 9379
9380 9381
301 1164
7673 9382
8953 9383
4653 9384
2795 9154
9385 9386
9387 5987
2362 9388
7971 9389
8310 9390
9391 3749
8622 3751
9392 9393
5700 9394
2561 9214
6219 7597
9395 9396
2900 9397
9398 4926
6054 393
8481 9399
1010 9400
8221 6261
9181 8020
7561 9401
340 5407
4448 585
5746 4299
2923 9402
9403 9205
9404 4499
9405 2116
2689 9406
8856 5200
4701 9407
4490 347
9408 5621
9409 9410
5576 3319
9150 9411
532 9412
6458 9413
9414 4824
1434 6850
3260 9017
9415 5795
9416 4003
9417 7836
9418 9419
3651 6553
9420 9421
9422 5692
5712 5406
9423 9424
8576 9425
3995 9426
9427 1430
2285 9428
911 2753
7711 7700
541 2705
5114 9429
5863 9430
79 1552
125 9431
3690 8116
9432 7967
6652 9433
4834 6797
9434 9435
9436 5511
6949 9437
9438 9439
1207 9440
2538 305
8264 1057
9441 3519
2454 2086
6807 9442
3134 8946
9443 5485
3392 6188
7985 8442
9444 9445
358 4250
6890 9446
9447 9448
3750 9449
6305 9450
5783 9451
9452 9453
3790 7761
5508 7709
9385 9454
4923 9455
7087 53
9456 1247
857 9457
9458 9459
5639 9460
3831 5068
9381 3590
6616 9073
9461 9241
7713 6374
3054 9462
5492 9463
8901 537
1644 1319
4879 9464
6254 2229
9465 9466
9467 9468
9469 9470
8814 9471
9472 4811
4601 9473
5212 9356
843 7895
9474 9475
5344 6780
9476 8883
9477 9478
9479 9480
1452 9481
8507 9482
8035 9483
9484 2372
4031 9485
9486 9487
4701 9488
1343 9489
4645 9490
1006 6127
9491 9492
9493 9494
3839 9495
9496 1075
9497 8954
9498 9499
9500 5904
5402 8055
9501 1262
3640 9502
9378 496
3908 9422
9503 9504
9505 2445
9506 8437
8779 2553
9507 9508
5221 6759
4379 9509
744 9510
4534 3441
9511 7191
9512 3059
9513 9514
8464 1951
9515 9516
9517 9518
5495 6414
4911 9519
2446 4425
7714 9520
9521 3241
8843 9522
1643 9523
6469 7478
5879 9524
5885 9525
9526 4047
9527 1809
7522 6673
9528 4483
3274 8857
8754 8405
3729 9118
4289 9529
3878 5913
9530 3765
5881 9531
24 7168
9532 9533
8403 9534
9535 9536
6578 9537
3852 7262
9538 7315
8616 9539
1357 223
6232 9540
1373 9541
7890 7178
4468 3277
6520 9542
2196 6262
2106 6730
8885 9543
9544 3066
2435 8146
9545 1619
7006 6311
8867 9546
2590 2112
9547 9548
6829 5869
3584 4745
2684 9549
1834 8647
9550 9551
7045 7365
7118 840
8770 9552
5874 9553
8551 9554
9555 8919
9556 9557
8074 9558
9559 148
9215 8046
7060 9560
8378 9561
1558 9562
8298 9563
2412 9564
9565 7085
2118 9566
3297 9567
7834 3873
9568 430
4032 7672
6626 9569
178 5304
2885 9570
9571 9572
9573 9574
2254 9442
4518 9575
9576 3780
2897 4774
9577 9578
603 9579
9580 9581
9441 3518
6711 9582
3727 4055
7499 200
9583 9584
2818 2692
6997 9585
9586 9587
9588 1066
6940 9589
9590 8804
9591 9592
5135 1223
9593 9594
393 1316
9595 7897
9596 1457
4515 2771
2040 553
4573 9597
9598 4533
2149 3172
8004 9083
9599 6777
9600 6288
8964 5513
2201 3081
9601 7982
1195 9602
4077 5105
9603 6351
9604 9605
9606 6230
7966 2825
9445 9607
6567 9608
3333 9609
7578 5045
2592 9610
9611 9612
5650 9613
5773 9614
161 2798
9615 9616
8558 5918
9617 9618
7270 2044
637 9619
9620 9621
9622 9623
9624 9625
9626 2199
6570 6483
5058 9627
2539 7486
4943 9628
9629 9630
4376 9631
1516 1698
9632 9633
9634 6132
9539 3938
524 9635
9636 5229
9637 9638
6451 4334
9639 9640
1942 9641
2481 9642
6069 9643
8997 9644
9645 9646
9647 5798
2119 8194
5615 9648
5402 918
9649 7038
8608 9650
4566 9651
7579 9652
7886 39
9653 1360
2203 9654
9655 2575
9656 9657
8288 1150
1783 6444
9658 9659
9660 7298
9661 4116
8313 6640
439 9662
8977 363
5989 9663
9664 9665
4326 9059
177 9666
1304 9667
9668 443
8201 1482
5076 3215
4201 9669
9670 6658
4038 9671
341 6823
9672 9673
9674 7260
9675 9676
8232 9677
3882 2489
7238 5453
449 3397
9678 9679
918 7628
9680 2237
8494 9681
626 9682
8452 8813
2757 648
1346 9683
5852 7445
7952 9684
1147 1404
9685 9686
9687 9688
9689 9690
7107 9691
5749 9692
9693 9694
6285 6493
9695 7493
1715 9696
9697 9698
9699 9177
9227 9700
9701 2919
716 9702
9703 799
6186 533
10 9704
9705 9706
9664 8758
9707 2083
9183 9708
7290 9513
1379 9709
2013 9710
8791 9711
8800 9252
9565 605
2488 6488
6920 2412
9489 1163
7558 9712
9713 9714
8508 9253
9715 9394
9716 6706
1817 4199
9717 2418
1661 922
3929 9718
9719 3283
9720 4695
9721 5161
6858 9722
4151 6347
4453 8204
4970 9723
2833 5119
9724 9725
9416 6513
5990 6115
6851 9720
1832 8603
9726 6417
5051 7888
9727 3509
1929 618
9728 7380
2142 9729
499 9730
9731 9732
2906 5220
7897 9733
9734 424
9735 9736
9737 9738
9739 9740
2532 7090
4222 9741
1581 1479
9742 6404
9743 7386
7894 9744
9745 9746
3672 9747
9748 9749
9750 318
5886 9751
3430 9752
9753 9754
9755 9756
3610 9757
5262 1968
569 6601
8181 9758
7572 550
9759 1111
3796 2777
6212 9760
4373 9761
9762 458
5062 2333
9763 8057
8997 9764
9765 9766
9767 9768
7882 9769
9770 1334
2881 4995
538 6148
5623 9771
9772 9773
4677 7050
9774 9775
3128 707
9776 9777
6955 346
9778 1172
4335 9779
1556 9780
2612 588
132 999
1393 9781
9782 9783
5262 9784
9785 549
1205 9786
9787 9116
2691 4091
5132 2067
9788 9789
8089 675
8734 7933
7736 489
9066 9790
9359 7119
9791 9792
6856 8130
9793 4845
9295 9794
1136 9795
8363 9796
9797 9798
9799 6605
4220 9800
6522 9801
919 7429
9802 8150
8570 5410
2070 4119
9803 9804
9805 9806
8551 3931
1462 9807
9808 6985
7523 2720
2195 8835
1601 6966
6826 4783
9809 9810
5614 9811
6973 9812
1292 9813
9814 9815
9816 5786
1382 9817
7490 9818
9819 9820
8080 9821
9822 9823
6305 1545
6791 9361
9824 9825
3842 9826
419 9827
9146 5549
9828 6073
4290 9829
4226 9830
2550 9831
6375 9832
9833 1357
9834 4686
9835 5524
2016 9836
4501 9837
9838 9839
4519 2188
2573 9840
9841 4930
1850 9842
9843 9844
747 9845
9846 3817
3602 9847
9848 9849
1114 9850
8140 4866
9851 9239
9852 6179
668 9853
1673 9854
9855 9856
189 9857
9858 7270
9859 9860
9002 9861
4373 819
5705 9862
4577 9863
1978 9864
1726 7240
9865 9866
2285 6557
9867 3312
814 2344
8646 9868
4535 9324
7051 2492
6198 5518
9869 9870
2155 9871
4878 9826
9872 832
9873 9874
1059 9875
9876 9877
9878 8368
9879 9880
4538 9881
9882 9883
9884 607
5490 9885
9886 9887
3957 680
6546 9888
2782 9889
7298 9890
8451 9891
9892 9893
1503 9894
9895 9896
4642 9897
9237 5983
9898 3614
6854 9899
9900 7962
9901 9902
9903 1148
6837 1588
3579 3174
9904 9905
9906 3995
9907 9908
9909 5209
1258 9910
4861 9911
7714 9912
7919 2282
8212 1840
1580 9913
844 5758
9914 3369
9915 2609
5894 186
7525 9669
2087 6138
6126 9916
3369 3677
3657 9917
6425 9918
2085 538
1732 6391
7811 8508
1676 9919
9920 9921
2 9922
2171 9923
9924 9925
5397 9926
9927 7599
9928 9929
1125 9930
1042 9931
8494 902
9932 9933
4994 3046
3826 9934
1586 9935
9936 9937
2081 4084
9938 4705
660 9939
9940 6092
638 8960
9941 9942
879 1158
9078 6087
9943 8878
9944 940
7820 9945
9946 9947
3113 2527
2318 9948
6072 9949
8524 5238
2135 4704
5877 9950
9409 8856
5518 8886
9951 6292
4945 9952
9411 9737
9708 9953
1942 7212
3645 9021
2411 9564
9954 1302
9955 9956
9957 9958
1097 133
9302 4731
2544 724
1105 8259
7855 9959
9407 9960
4241 6409
4482 847
9155 9501
9961 1137
9962 9963
8343 3112
764 9964
9965 7257
8568 9349
9966 9955
3366 9967
4374 6978
5884 9968
2963 9969
8171 9970
6298 9971
5691 273
9972 9973
9974 9975
5841 4675
7804 6343
8144 9976
9977 9978
9979 141
9980 9981
6772 9982
2608 1241
3570 108
9628 9983
9984 9985
9986 9987
8693 9988
8111 9263
9989 9990
294 2569
9584 9991
8731 9992
7969 8006
9993 5110
9994 9995
2951 9996
9997 2452
9998 9798
4019 9999
303 10000
10001 3436
6855 10002
5169 4532
335 8319
9973 10003
159 773
5040 5086
9819 1748
3619 2725
10004 10005
969 10006
5548 10007
8298 1442
2833 10008
6801 9656
10009 8482
4773 10010
1265 8760
9724 2855
5537 10011
10012 10013
2676 10014
8754 6462
1349 10015
10016 10017
9668 444
4863 207
214 10018
5710 5819
6210 10019
352 10020
7306 10021
9166 3356
3801 1805
2178 9232
859 6661
4407 123
10022 2272
10023 1404
1851 10024
9935 1587
8131 7778
8516 10025
10026 1236
3594 10027
7711 10028
10029 2048
6351 9729
7956 5903
8495 10027
9870 6904
10030 10031
7281 10032
8 10033
1817 10034
10035 10036
3808 4581
10037 9332
10038 486
10039 3064
8500 6237
8196 4128
7711 10040
6299 662
2955 10041
2183 1911
2828 8347
10042 9304
1157 10043
10044 2107
7852 10045
4557 10046
4868 10047
6220 1458
6745 10048
3804 7786
10049 10050
3040 5001
9701 10051
2141 10052
4378 4223
9616 8736
8584 4789
3915 10053
5015 10054
7379 10055
883 8647
9898 3613
1859 10056
10057 10058
9252 10059
1043 9931
10060 7536
9040 1671
1460 8967
8742 6420
4543 9301
10061 2594
10062 6796
10063 10064
10065 10066
10067 10068
3947 9577
10069 8258
8911 3723
5214 2483
7875 1926
10070 4358
7166 1534
10071 10072
680 1094
4055 8739
10073 10074
7915 10075
6813 10076
10077 7059
10078 4280
10079 1647
4841 10080
8774 1919
1323 10081
598 10082
625 9682
6744 10048
1594 10083
10084 10085
3921 10086
9833 2110
3590 10087
10088 10089
10090 6128
9858 7271
7318 10049
2835 10091
4047 10092
10093 4727
9902 7336
2846 837
863 10094
1117 6608
10095 10096
6560 4504
1175 408
3185 2255
10097 10098
10099 10100
10101 1184
10102 10103
10104 3546
4049 4140
1303 4212
9472 5598
10105 10106
10107 10108
10109 8710
10110 8379
10111 5761
2314 8672
6984 10112
5493 10113
8609 3497
613 10114
8091 10115
8435 2340
1559 5589
9891 8161
10116 9055
5309 10117
10118 10119
9508 10120
10121 10122
227 10123
6266 10124
1544 9834
6523 10125
2962 10126
3496 9966
10127 6091
10128 10129
4719 10130
5480 4692
10131 10132
1258 5342
10133 10134
7594 7270
3641 10135
1273 10136
1940 10137
9570 10138
441 10139
10140 9844
7424 10141
3084 1766
1497 10142
3945 10143
10144 2795
10145 10146
6664 10147
10148 9691
9748 10149
6928 10150
9335 693
2001 10151
10152 10153
1911 10154
1302 10155
1475 6080
5406 4904
10156 10157
1160 10158
6945 10159
9283 966
10160 6849
8344 10161
10162 10163
4354 7004
10164 10165
10166 10167
2661 8515
10168 10169
4501 4257
1014 4196
516 10170
3394 10171
10172 5998
10173 10174
752 8582
5620 10175
5477 7850
10176 863
10177 7331
10178 10179
10180 10181
10182 5049
7939 3774
1975 7629
10069 10183
4712 9336
2491 7051
644 10184
10185 5781
4325 5610
10186 10187
10188 10189
973 3295
10190 231
3527 10191
10192 3114
10193 4018
8661 2243
3152 10194
3823 10195
10196 10197
10198 1102
10054 5058
2958 6755
2431 10199
10200 5945
10201 10202
10172 2443
4638 10203
7434 435
10204 10205
9707 6206
10206 7037
3991 9848
10207 5168
10208 969
9731 10209
6676 9612
10210 10211
4996 10212
5427 10213
6253 10214
10215 10216
4398 9952
8503 3352
10217 6742
10218 10219
9122 7719
10220 1821
10221 10222
1576 10223
9335 10224
8069 10225
9777 270
6466 2304
8852 7327
10226 517
10227 10228
6722 9712
3684 10229
1241 9372
10134 7144
4855 10230
5293 10231
10232 4824
3203 10233
7371 10234
2304 10235
10236 8392
6716 2844
10237 10238
2030 10239
10240 10241
10242 10243
10244 1470
4828 10245
10246 10247
6047 10248
6660 10249
10250 10251
10252 10253
10254 10255
10256 8818
4396 10257
375 10258
1281 10259
10260 319
4741 10261
8967 1846
10262 3085
3748 10263
10264 9472
258 967
5805 10265
9802 10130
7932 8734
9260 10266
10267 10268
3918 573
4172 319
2751 6798
10269 10270
7483 5851
10271 9069
9853 10272
6567 5379
7431 10273
3932 6044
7299 8712
8335 10274
350 8989
9574 10275
3189 1308
10276 9663
10277 1866
8351 10278
10279 1312
10280 10281
8568 976
9362 10282
4209 4081
10283 208
2448 7630
9460 10284
9797 4151
9119 8556
10285 1340
8970 10286
10287 10288
7783 10289
3846 10290
4545 9921
10291 2944
10292 10293
10294 6189
10295 1930
2873 8510
10296 10297
3316 6922
10298 4920
10299 10300
8154 10301
5814 8635
10302 9560
7534 10303
635 10087
10304 5895
7246 3516
601 9852
1779 10305
8591 3129
4226 10306
10307 4972
9940 10308
5042 10309
5534 7379
8056 4968
4882 10310
6291 10311
10312 10313
6787 8310
9662 6339
1283 6936
9186 10314
10315 10316
2220 2703
3204 2931
9078 10317
6346 10318
1985 10319
10320 10321
8700 10322
3937 10323
1492 4678
7903 10324
5996 3118
10325 1602
10326 1912
6534 10327
9993 5111
10328 10329
6458 10330
6816 10331
162 3636
10332 10333
10334 3954
2247 10335
2581 10336
2110 10337
10338 10339
1073 10340
4563 8262
10341 9968
8873 10342
9944 939
10343 10344
7961 229
6569 9201
641 4792
10345 10346
7828 10347
8567 5903
1030 10348
4006 1653
3120 5049
7577 1365
10349 2546
5850 7483
10350 730
146 10351
9986 10352
10353 10354
9709 9397
6881 42
8042 357
1913 10355
10356 10357
9207 10358
9439 10359
10360 5617
5531 10361
8149 2735
5140 10362
10363 9510
10364 10365
3018 10366
10367 10368
10369 721
8178 5329
10370 10371
10372 7140
8425 10373
10374 2591
7766 10375
2700 10376
1442 10377
2710 1271
3015 1797
10378 1723
7408 10379
6168 2414
10380 6984
6070 1267
10381 376
8187 5799
1167 9515
7121 10382
5012 10383
10384 9993
654 420
5906 5610
5029 10361
10385 10386
10387 10017
1923 9853
9500 10388
4745 10389
5503 10390
10391 4711
10392 10393
928 10394
1252 10395
10396 10397
10398 1132
4426 10399
10400 7548
2768 5968
7283 10401
8673 8215
10402 10403
7064 202
10404 10405
5462 582
9273 10406
7786 3733
4310 8333
8861 10407
9362 957
5187 10408
10409 10410
5063 296
6201 10411
3240 10412
312 9029
10413 6864
7429 10414
10415 9741
5124 7815
10416 10417
9873 10418
4847 1338
8414 10419
8949 9134
10420 10421
3115 2278
10422 1293
1190 10423
10383 10424
757 61
10425 10426
6661 868
3584 10389
10427 10428
9391 9421
8931 2918
9461 6387
10429 10430
10431 10432
10433 9623
4318 9697
10434 1198
1427 3350
1090 10435
4201 7217
10436 899
2855 10437
10438 10439
10440 10441
10383 10442
118 642
10443 7164
6359 2584
657 9727
10444 8600
2508 10445
2603 9347
8082 10446
7134 10447
2483 2604
10448 4616
9823 10449
8989 8916
8684 9530
7855 10166
10450 10035
9412 4313
10451 6383
10452 10453
4486 10454
10455 10456
5912 10457
3195 9834
6219 1902
9251 3754
4756 1615
949 6136
10458 10459
10460 5631
10461 10462
7300 10463
3540 6852
8016 10464
8160 9891
10465 10466
7506 10467
10468 10469
6157 10470
10471 10472
1316 10473
8376 10474
10475 7854
10476 4123
10477 2645
2351 10478
7137 10479
10480 10481
3522 10482
4222 10483
10441 5811
4001 10484
1496 10485
10486 10487
10488 8436
8370 10489
10490 10491
1026 10492
10249 7274
5613 10493
10494 9919
5990 4353
8744 1181
1274 7847
10495 10496
6746 10497
5839 2669
5970 9578
5416 8775
7048 10498
1208 5544
8365 10499
10500 4809
9461 4269
1728 10501
182 2293
4148 5502
10502 1678
4714 10503
6517 10504
1189 10423
10505 8027
3477 10506
10507 10508
10509 10510
10511 10458
6925 10054
3636 3539
4498 7617
10512 4659
7175 6822
9957 8970
10513 10514
9917 3444
10515 10516
10517 263
3495 4627
8741 9636
5870 5756
3015 9750
10518 6200
5188 2663
4307 8385
10519 9869
8021 5501
2058 1925
10520 9141
7207 10521
3255 10522
5246 7293
10523 10524
10525 10526
6201 5673
8942 10527
10528 10529
9795 10530
8411 10531
4745 8914
3148 3947
10532 7356
1861 10533
10534 6348
10205 10535
286 10536
5457 9898
10537 6359
10538 9675
7402 3911
8528 10539
2849 5607
9255 10540
5329 3923
10541 9248
4850 10542
10543 5938
10544 3571
1296 10545
978 10546
963 3468
6319 1289
6314 7659
10547 5982
4753 10548
8645 375
10549 10550
10551 10552
6496 10471
111 10553
6257 10554
4721 7984
10555 10556
3220 5469
1429 7585
1542 10557
10558 10238
3964 8730
5408 7977
8999 10559
10560 10561
4696 5066
3705 468
1134 6770
10562 2627
3556 8544
9946 10563
3491 5686
552 10564
10565 1352
10566 10567
6860 8841
4433 10375
2834 3097
1324 10081
9774 1152
10568 6311
8140 4867
10569 10570
10571 10572
10140 10573
8401 3324
10574 10575
10576 8783
9724 10437
1027 10492
10577 6029
10578 10579
10580 1455
10581 10034
102 10582
10583 71
8838 10584
2495 10585
10586 10587
8417 9786
10316 1114
9189 6030
6207 10588
10589 10489
2314 10590
901 10591
270 10592
10593 3918
5106 10594
10595 10596
2685 2315
10597 10598
10599 4276
10600 210
10601 10602
10603 3647
1495 761
1475 10604
8970 10605
7 10606
5601 10446
7585 8579
10607 887
1955 3622
4802 10608
10609 2320
1022 10610
9166 10611
6595 5680
7869 10612
5941 10148
4406 10613
5928 10614
8858 2996
8597 10615
10616 9013
239 10617
4032 3342
10370 10618
10619 8183
832 9998
10620 3737
10621 4972
10622 10623
8213 5733
6733 10624
906 10625
9918 10246
5741 10626
7879 5157
10627 10628
10629 1960
7514 10507
8689 10630
7634 10631
6310 6763
10632 10633
10634 6010
7090 10635
370 10636
10637 7798
1232 826
4115 4007
8668 8653
10638 2216
10639 10640
9349 10641
10642 8477
1406 2890
9655 10643
2019 10644
10645 10646
10647 7480
10648 1241
3716 8049
10649 5403
10650 3164
6190 10651
10652 1278
10653 10018
600 8052
10654 4628
9636 10655
2685 9549
3658 10656
10574 10657
1930 5106
4838 215
1941 4132
7937 8356
6360 10658
5926 10659
6598 10660
654 10661
4053 10662
4959 10663
9418 6815
9164 10664
5230 10665
6346 10666
270 9224
10667 2836
3597 1799
10668 942
10669 3628
3304 2504
10670 10671
10672 6235
7651 10673
8156 10674
423 3067
10675 1437
8830 8034
10676 119
9562 10677
5916 7395
8108 4216
10678 476
3795 10679
2882 10680
10670 1299
6207 6995
5602 584
7580 9897
862 1636
2162 10681
7539 10682
3169 2368
8029 3106
5163 10683
1754 5552
10684 9362
2516 10685
10197 4984
10686 10687
9741 10688
2832 10662
3631 10689
5176 10690
4130 10691
1826 1616
7148 7662
9071 4582
5379 3276
8214 10692
375 10381
10343 10693
7953 10694
5947 90
10695 3541
6998 10299
2141 10696
10697 1763
10698 5594
7224 10699
4544 10700
10077 10701
193 374
4320 4038
9427 3973
5334 4221
7927 10702
7516 6134
10703 8077
2989 3077
10704 10705
900 8257
9120 10706
10168 10707
5791 10708
10709 10262
3101 9833
782 10710
10150 1034
4000 10711
4058 4400
7279 7674
5932 7741
1445 10104
3224 10712
2330 4823
3272 1861
3098 10713
3315 9659
10714 1629
7772 6260
10715 10716
2549 10717
458 10718
10719 10720
10721 10722
8221 6133
5944 10723
10724 9175
6851 10725
10726 1162
220 339
10727 7529
10728 9028
10729 10730
10731 1746
10732 10241
7203 6427
10733 8186
8245 10674
10734 10735
968 4427
4321 10736
3425 10737
816 10738
10739 10740
10741 3263
10742 5528
10743 8923
2981 6612
390 514
1369 10744
10745 10405
794 1100
4022 10746
10747 4880
5679 10748
10153 10749
9248 10750
10751 10752
10753 10754
6215 2169
10755 7319
8477 10756
3565 10757
7651 10044
9725 7484
10758 10759
451 5202
10760 8864
10761 4153
8679 10762
3275 7474
8928 10534
4778 3426
5118 4159
10763 10764
3286 10765
10766 10767
10768 2410
4188 2960
7807 4372
430 10769
10277 6506
10770 10771
6837 10772
9286 10773
1586 10774
9428 361
10775 10776
8199 10777
10778 10779
5222 9917
10780 9256
7260 6906
10781 10782
10783 10784
2355 994
6896 8823
10001 10785
10786 10787
9454 10788
1496 10789
8713 1331
9717 10790
10791 7527
7160 10595
3793 5021
7822 6672
10792 1757
2491 833
10793 10794
10795 10796
8189 10797
7152 9947
4185 10798
2850 2120
8611 10799
10800 10194
10801 10802
5278 10803
907 10804
10512 10805
3384 10806
9267 10801
5181 10807
10695 10808
10472 10809
5920 10810
8605 7394
397 9581
7255 10811
10812 10813
3693 2236
10814 492
10815 10816
7544 10817
3761 10818
5720 10819
9693 9348
9263 10820
7569 3385
10821 10822
10823 10824
10825 2358
6680 8595
4121 10826
8723 1772
10827 2658
3056 10828
675 7276
8460 10109
4201 7525
10156 6909
8238 10829
1107 7049
10148 5942
5494 9787
10830 4109
7327 10831
10270 10832
7188 7609
1246 10833
5345 10834
10165 10835
9844 7855
10039 3065
4192 10836
10837 10327
5947 5685
5508 1667
2466 10838
10839 10840
10841 10842
2984 9304
10843 9880
5869 10844
10199 7594
1360 10845
8569 7268
7719 10846
7020 413
10847 2840
7562 10848
10849 10850
9672 8365
10851 10852
3630 1241
4096 4144
1743 10853
2772 2064
4471 4674
10854 6767
2418 6996
10386 8887
1763 7760
10724 8955
4987 10547
7289 10855
10856 10572
10409 10857
3090 1739
10858 7529
4041 9184
369 6940
4341 10859
7285 10860
10486 10839
6909 7771
7235 2684
7946 4062
3101 7691
5562 10861
7806 5456
3642 7655
6886 10862
8442 1619
10863 10864
10865 9232
6231 9540
2784 2948
10866 10867
3385 5839
10868 10322
9012 10869
726 10870
10871 1377
7342 1283
7097 8695
3393 10872
9274 1472
10873 10874
2163 7397
10875 2627
10836 8940
3719 4668
8625 2943
10186 8410
8770 8506
10876 4813
10877 2098
3639 9502
2813 5171
10649 1982
10878 7117
7700 9814
9247 10879
2811 10880
151 6727
2093 4034
10881 6160
7807 4787
823 10882
2190 10883
8435 10884
6717 10885
10886 10887
4539 74
7529 10888
9841 5395
10889 2559
5564 10890
698 10891
7348 10892
8540 10893
2704 7447
10894 10755
7795 9321
8088 10895
3467 10896
7292 10897
1970 4519
5370 10898
10899 9622
8208 3842
10900 7171
5244 7185
10729 1231
10901 10902
8521 10903
7218 10904
844 10093
7308 10905
10906 10907
7412 10908
10909 10851
6338 10910
10911 10912
9172 10151
4851 1565
6895 1011
10319 10913
5010 7551
10914 2800
10915 10815
5343 10916
10917 3407
10160 10918
7009 596
4187 3773
6045 7959
10919 2764
8331 3280
3296 10920
10921 4414
2509 10922
4195 10923
10227 10924
5880 10925
2018 10926
9029 10927
6463 10928
8637 9608
901 7624
10018 6656
10929 10930
10931 5009
10358 9193
3643 8576
5035 10932
10361 10933
10530 10934
8712 8985
3197 10935
4163 10936
2126 10937
1266 5365
2090 10373
7520 7907
10938 4243
10939 10940
8706 10941
10797 10942
3343 10943
10944 10570
1164 10945
10946 8966
8541 4342
10947 4169
4000 10948
8286 10949
6123 10950
10951 5070
144 10952
10953 10954
6241 10955
10906 10956
5825 10957
6898 7435
2292 6313
4173 10958
9276 10959
10960 10961
5259 10962
4824 10403
5763 10963
5976 10964
10965 1605
10966 5640
8772 7344
7835 2721
10304 365
10967 6615
6950 10078
5437 10968
1413 3389
10969 10970
10971 10972
10143 5422
9583 9991
10973 506
4419 3730
6632 8105
10974 10119
2156 10975
10976 5016
9633 10977
2121 5778
10676 10978
9606 7338
10979 10980
10981 734
9344 168
10982 10983
7555 1810
4058 4399
1664 1823
9307 10984
10985 10986
7775 10987
10988 2584
10989 3330
3049 10990
4354 6012
5442 5014
8191 10991
1409 1569
10992 1241
1983 10993
10994 1843
3633 10995
456 10996
4696 5065
10997 8528
2622 3540
10998 1768
7214 6428
5866 3980
10999 11000
10203 4639
11001 11002
3817 11003
6432 11004
11005 1964
11006 7777
11007 11008
11009 11010
10691 8874
9317 5695
4286 11011
4755 6142
7125 4593
11012 11013
11014 11015
6424 10416
3073 1241
11016 11017
7350 11018
7395 7007
8535 6318
11019 500
6044 3933
3759 11020
1054 2937
11021 11022
11023 11024
6839 10207
3442 11025
9229 11026
10761 11027
3328 882
11028 8889
10280 11029
6667 11030
693 10224
5338 6396
3603 9847
1674 9854
10346 11031
11032 11033
4314 6295
2528 11034
1312 11035
6012 3644
11036 8833
11037 512
9127 11038
5723 11039
5705 3381
11040 4863
6174 7192
11034 7624
7209 5966
3073 11041
534 1826
7731 2742
9911 4862
1733 11042
5800 8906
266 1653
7273 9410
4968 11043
4033 6153
7919 2511
5265 6293
3876 2780
3484 6535
8746 843
5671 4589
11044 3008
1473 7335
9007 10237
577 11045
9956 11046
3163 10650
7624 11047
2916 11048
11049 11050
9505 11051
11052 11053
7645 9586
11054 11055
2646 226
11056 11057
11058 7208
6531 2587
560 11059
1761 11060
6123 11061
8437 11062
6208 1723
3160 8025
11063 11064
10073 6341
11065 4514
1282 11066
11067 10670
11068 5112
4820 11069
11070 6378
11071 1841
11072 11073
11074 11075
1291 11076
11077 1341
8190 11078
6999 979
2762 11079
11009 9696
11080 5767
11081 8133
10265 4102
11082 2009
1029 8879
10442 7601
512 11083
2476 8913
755 11084
8421 11085
6118 11086
11087 11088
11089 9453
4600 9775
8195 11090
6930 11091
8580 7242
9467 11092
11093 7884
11094 11095
5705 11096
11097 10068
6659 7196
4382 4776
2137 11098
10468 11099
751 9249
11100 11101
3006 2776
8016 818
11102 11103
2262 6223
8526 11104
3071 11105
11106 1241
8432 4461
10507 10448
6537 11107
10176 11108
11109 11110
7356 11111
2405 2910
11112 11113
11114 7517
11115 10657
4746 7068
11116 11117
11118 4262
9999 127
5874 11119
8300 5210
6576 11120
7905 7388
3839 2808
11021 9850
7130 8219
11121 4593
6965 7199
4632 8375
11122 11123
1852 7364
9926 6650
4433 4281
3856 11124
3229 7094
2329 10539
6306 8680
4117 6497
11125 11126
11127 4507
11128 11129
5162 4835
10444 1392
10042 2533
11130 11131
5837 9523
1656 4753
5861 11132
8011 11133
10091 10841
8651 11134
10460 11135
11136 3903
110 10553
7503 8520
2944 11137
11138 11139
990 11140
11141 10968
11142 9764
10830 10100
8302 8036
10926 8043
561 2647
5355 2388
11143 11144
3150 11145
6151 3454
5024 11146
7320 2850
927 6887
6991 6077
11147 9266
7822 6638
1793 7971
3026 6358
7736 11148
6702 11149
9642 5281
7701 10727
11150 4185
4110 4820
10819 11151
11152 142
4246 4723
8078 11153
11154 11155
11156 11157
1669 11158
1996 4228
5803 8956
10246 11159
9058 4611
11160 5837
4578 2616
5897 11161
7153 9601
7158 11162
1256 10026
3703 9423
11163 9822
11164 11165
7102 4405
11166 3452
11167 8724
1207 7244
10197 11168
882 4666
11169 11170
3853 10627
7259 11171
6505 1644
9788 2310
6081 11172
11045 11173
1448 11174
5936 11175
11176 11177
11178 9297
2034 7200
11179 11180
6892 11181
4085 4375
11182 11183
2790 7932
11184 5015
8776 11071
5883 11185
9336 4298
8376 210
2887 8040
8908 3328
7290 9225
11186 9992
9945 11187
5726 6674
6211 11188
6972 6405
4951 11189
7167 11190
4797 11191
11192 5976
9928 11193
11 2542
3600 11194
11195 10252
7042 11196
11197 981
4360 11198
8348 4037
3829 11199
2284 11200
11201 6825
916 11202
4219 11203
11204 9995
7392 11205
10127 11206
3821 9571
11207 11208
5005 5488
8113 11209
11210 7123
11211 11212
11213 11214
10986 8395
1596 11215
11216 1847
2696 10325
11217 11218
6347 8221
4016 11219
133 11220
4408 58
9273 11221
7866 11222
858 9457
7055 11223
1067 11109
6095 9935
11224 1901
3497 8784
4922 6478
11225 6131
11226 7295
8473 11227
4488 46
7565 4942
2699 4891
10742 910
4601 11228
6524 10125
10396 8268
11229 4342
2935 8323
3335 8700
7644 4190
7199 9832
11230 11231
11232 6954
11021 11233
11234 9892
11235 10926
4158 11236
3231 9108
8888 10806
11237 11238
6017 11239
10581 1817
9103 7905
8474 6128
10966 11240
11241 1626
10152 11242
6631 3157
5152 7929
4795 7814
7525 8705
8081 6749
11020 11243
8521 11244
11245 6438
6603 11246
11247 11248
5087 857
216 11249
11250 4199
5572 8237
11251 11252
4636 11253
6603 11254
7020 9295
11255 11256
4884 6561
11257 9727
4717 9133
11258 9828
11259 11260
10768 3395
11261 7677
11262 11263
9308 11264
9415 11265
1333 9271
8548 11266
10668 11267
6315 11268
2717 10240
10616 6231
8435 5061
8109 11269
9022 5476
5647 11270
11271 3971
6680 6298
7293 11272
11273 2912
9026 2958
6810 11274
11275 6757
11276 6764
2581 11277
10607 10638
11165 4697
8011 1885
11278 11279
3212 2583
5736 4120
2550 4396
11280 9463
5267 3296
6369 6489
5733 8502
11281 11282
9467 11283
902 6715
4905 11284
11285 11286
11287 11288
7605 10190
10296 11289
11290 8743
3082 11291
6687 6390
10454 985
7867 7652
11292 11293
11294 2268
7566 11295
9405 11296
2501 11297
4022 8605
6487 3760
7272 11298
11299 1013
1159 7155
3743 4435
11300 4085
11301 11302
10262 6214
5418 11303
11304 9693
4585 8329
6569 11305
11306 1867
11307 4439
11308 9444
6436 6540
5953 6263
3718 3513
11309 1200
11310 6573
2215 11311
8905 4261
9132 11312
4014 193
10432 5030
8868 1567
7105 11313
7022 6997
4965 1241
5123 8496
7076 11314
9207 7474
8491 2095
1051 11315
11316 11317
9603 11318
10450 10036
11319 11320
11321 11322
8237 11323
6762 11324
11217 11325
9406 11326
6007 11327
6591 11328
11082 8147
5348 6532
11329 900
11330 11331
11332 4633
9074 4681
174 11333
9598 4965
11334 11335
11336 11337
5955 10180
11338 411
3926 3474
10249 7275
5944 130
4444 5151
7389 7261
517 10848
11339 8789
11340 5020
11341 4171
3312 11342
6635 3400
10568 6312
3819 5282
11343 11344
7495 11345
970 2849
2547 5332
7369 6170
1378 11346
10785 455
11347 6463
2873 10814
9447 614
3529 5147
10376 9009
1964 11348
7309 6543
11349 11350
2721 11351
8735 8854
1446 11352
7833 11353
7926 3448
2164 11354
9742 11355
1408 7459
3091 11356
3980 11357
11358 11359
6541 2390
9892 9156
4888 3989
567 7546
314 11360
11361 11362
50 824
1123 9509
11363 1923
1761 1094
3369 6927
5057 11364
9124 695
8369 11365
11366 9414
9940 6091
7945 2126
11367 11368
7923 11369
603 964
11370 1179
2667 10209
8410 10187
8612 5080
8920 11371
10697 836
11372 9604
4011 11373
8363 11366
1675 6920
5440 6682
3267 7304
513 3406
6106 6311
5150 7550
1471 7253
5343 11374
1491 3007
10744 11375
4768 7642
6861 212
7787 9086
10703 11376
11377 8037
9136 1574
6675 11378
674 11379
6433 11192
11380 10644
11381 3388
11382 2588
8880 1812
2903 8241
7220 2578
1078 11383
11384 9544
7389 11385
619 1106
10364 7578
4765 10505
3063 6279
10992 11386
5206 11387
11020 11388
7533 11389
11390 8749
1263 11391
10192 5213
10308 11392
10368 11393
11166 11394
11395 4655
11396 8282
3488 3050
9923 11397
10768 2409
4448 11398
3228 11399
7663 11400
9046 8152
6465 11401
878 11402
266 11403
11404 4575
1330 173
2582 11405
11406 6542
6568 11407
5457 11408
11409 9165
8398 1199
11410 11411
6934 11412
11179 1213
11413 3736
5545 11414
5320 11115
8931 11415
10027 5221
7164 11416
8386 11417
4795 3814
3215 5934
11418 10204
10876 11419
11420 274
698 7339
9209 11421
8937 11422
2372 666
10593 3959
8080 11423
11424 10402
9444 4098
9508 8554
5051 11425
11426 10258
4470 11427
2701 5059
7288 5317
6125 3757
11428 7867
9267 10802
7281 9800
11429 9487
7027 11430
3269 3841
7925 11431
11432 11433
337 5594
5711 658
11434 5550
10525 5136
4879 1906
3379 9894
4039 11435
1806 9247
11436 11437
8874 1836
10176 5732
9738 11438
11439 8483
11440 11290
11384 10357
4669 7185
9259 256
6735 7605
7908 11441
3139 11442
11443 2752
11444 11445
982 11053
11329 11274
10386 11446
4744 9450
960 10775
6548 3862
6671 5435
2735 10914
6984 7136
7902 6464
11447 11448
11304 11449
1456 9596
11450 11451
7590 3180
8372 11452
7547 11453
1752 7734
1493 6817
10631 5735
4572 2673
5475 11454
11455 2301
6173 11456
11225 11094
6276 9308
4729 11457
9143 7683
11458 2296
6737 9888
11459 11460
11461 11462
2219 3810
2330 2773
2744 3494
11461 4520
11141 283
9486 11429
11463 11464
11465 11466
8100 5429
3942 8498
646 11467
3507 7635
1990 11468
919 11469
11470 2027
8217 1883
11471 1558
695 11472
11473 5754
11474 2123
6372 11475
383 6015
2812 114
11476 11477
5918 7705
4626 9188
10195 7310
1737 3621
5666 11478
9298 9998
374 4210
6646 11479
7487 11480
334 4865
835 11481
138 11482
10786 6116
11483 9937
3939 4480
11484 11485
7213 11486
1095 11241
10210 11487
7592 954
9310 1660
11488 1803
9510 4341
8827 10840
2663 6586
7294 1375
9562 9506
7067 6355
1815 11489
5973 11490
1061 3016
3489 4619
11491 11492
8600 4406
11493 11494
11495 11496
7399 896
11497 8190
1241 8091
11498 1140
11410 4064
6169 4450
5982 3262
11499 5211
11500 11501
8800 2109
8964 11502
9138 10658
11503 1349
11418 11504
7473 11505
897 9700
2320 11506
9060 11507
11508 10223
11509 11072
11465 11510
3417 4903
351 11511
789 3940
1718 11512
11513 10105
6937 11514
1622 11329
8095 2804
7146 1966
10731 11515
11516 8548
2961 11517
10207 11518
11426 6249
10767 11519
11520 7704
9764 8951
10164 1722
1962 9215
5573 1508
11521 2078
11522 11523
2525 6587
9726 11524
11177 11525
11526 9662
7486 11527
4531 8885
4649 7921
11528 11529
11530 11531
892 11532
3252 11533
11534 11535
11536 10072
6354 696
11537 7254
11538 7463
1505 11539
7194 129
4765 11540
5718 10042
1719 11541
6749 4658
3266 5879
8825 11542
2733 11543
10326 11544
3396 11545
5017 9908
3214 11546
7043 3494
11278 6095
7838 11547
5615 11548
3783 2306
3593 604
11549 6680
5224 11550
6033 6097
11551 11552
1235 11553
10911 11554
8054 3996
5686 2035
11555 6178
9698 9978
3535 1070
11556 1623
11557 11558
2281 11559
295 11560
1882 11561
11562 4938
8272 4424
11563 11564
2744 5514
8865 11565
2760 9424
11566 3025
11055 11567
1376 10871
5801 2930
309 6094
7448 5643
5713 2682
1348 11568
10562 2628
6996 7691
8103 8804
8622 8261
11569 11570
7969 2004
11092 9468
3651 11571
11572 11573
11574 3740
995 2902
10300 11575
7257 11576
2936 7751
11577 928
4263 11578
11579 11580
57 3411
1402 11581
5422 11503
3334 2057
11582 7864
3745 5720
11583 5630
9105 10561
8752 11584
11585 7228
11586 11587
3634 11588
4509 6540
3449 11589
2589 6435
11590 11591
9046 8153
11024 11592
3957 1005
2308 8641
7142 9708
11593 1241
10868 11594
7637 4397
7742 11566
6629 11595
11057 11596
11597 11598
2993 8137
7301 11599
11600 3346
1600 11601
7393 11205
2869 11602
2313 5740
7113 11603
11604 11605
5564 8968
2619 11606
520 11607
6045 9516
499 9517
6475 11608
4835 175
5858 11609
11610 11611
6651 11612
7929 6712
11613 11614
11615 11616
5327 3913
2269 11617
6167 3061
3307 5414
1998 10915
3346 4094
2070 11618
11619 192
9302 11620
11621 11114
3136 8805
5493 11622
1950 11623
2541 7893
243 11624
6878 11625
5410 9185
4376 11626
3251 7266
2300 6512
11627 11147
11628 5809
11629 7340
11380 8791
558 11630
9367 10982
9311 11631
11632 5354
6817 5842
4416 1434
11633 8848
3450 11589
3976 9315
7697 8719
1396 4044
1339 4615
3815 11634
1827 11635
3480 7887
475 11636
3301 6647
2259 6473
7576 11637
5074 11638
643 11639
2483 6639
7028 11640
3000 11641
11642 11643
9423 4176
4296 10387
8802 6069
1009 5951
8707 11644
10173 568
6911 9525
5491 3509
11645 11646
2383 5977
11406 4449
11643 11647
11648 1787
11477 11649
4661 11650
11651 10633
4193 6151
11652 9339
1725 11653
6339 7229
11621 7736
1869 11654
3977 11655
11656 4268
11657 9384
8917 11658
1386 5012
11659 67
11660 11661
11662 6546
2044 11167
11663 8233
10091 7977
9977 9698
6846 4890
2560 744
3045 11029
11664 11510
11665 2386
218 3423
8759 8262
10801 11666
11667 5473
11668 11669
11670 11671
7670 11672
9343 216
2906 11673
4181 11674
1304 5826
8672 7621
5037 8942
7827 2927
11675 11676
518 9697
8374 3108
344 11677
11678 1373
9658 11679
11680 11681
11682 11683
7899 11684
2055 2639
11166 9855
11685 11686
7142 11687
6614 10967
11688 9153
11689 5425
6395 3079
6263 411
3181 10801
11690 11691
913 589
7910 11692
963 11693
9838 11694
11695 4289
7278 453
11696 11697
6029 11698
1347 11699
11700 9231
2424 11701
11702 11703
5228 9218
9981 7544
6580 7842
10661 6938
3146 11704
11705 1228
4156 11706
2075 11707
5843 11708
11709 4547
5520 8388
3816 5246
11710 11711
10642 11712
7202 11713
7720 8757
11714 2062
5585 4131
11715 11716
11717 11718
1112 2241
3273 5479
4165 11719
2444 6499
11720 9085
11721 11722
11723 11724
2608 10868
6764 11725
2148 11726
11727 9807
2264 10186
3171 7922
5679 4411
11728 8596
928 11729
7644 690
11480 7680
11730 11731
11732 595
2553 11334
11733 11734
1089 5104
1410 6485
6612 11735
5449 11665
11736 11737
8333 9063
4870 11738
2624 6678
11225 11739
3442 9163
11740 11281
11741 11742
11743 4762
2590 6392
11744 1241
7130 8220
4465 7683
3460 11253
3308 11257
11745 8189
3813 1499
11746 1704
7211 9049
9385 11747
6548 11748
11749 2805
9092 7470
4422 11750
8784 8188
7781 7281
8084 7846
11751 3658
8391 9839
11752 10105
6269 10600
11213 3250
10737 11717
11644 9316
4304 11753
6779 11754
2593 9743
3250 5217
1289 4391
11755 11756
5126 11757
11601 7612
5686 2036
536 11758
5397 11759
6417 10123
2619 10038
8045 9391
9026 11730
4587 10710
10795 11740
563 7071
11760 10395
10316 1113
11761 8339
1534 4983
11762 4555
11763 4126
8415 9031
2787 11488
2704 1149
3591 5141
895 11764
4150 6165
3883 11765
11766 6040
11767 7942
11721 630
2066 10364
1545 7285
11768 3924
834 5648
715 11769
11003 4470
9199 11770
5474 11771
9271 7574
1231 10730
10915 11772
5063 2242
11124 3977
10788 463
11769 5535
10572 11773
11774 858
11775 11776
10228 10177
6805 10571
1052 11777
9548 3433
172 9403
4779 8604
2413 6168
11778 2869
11779 1109
8261 8623
11780 2766
5572 11781
420 655
11782 11783
11784 11785
8282 11786
2900 11787
2219 11788
861 7149
9324 9282
3573 8151
8763 3224
7387 7436
11789 11790
7715 6980
2345 9095
9203 11297
5800 8905
6778 4607
6793 7063
8118 11791
9154 11792
4444 5150
6865 2479
8064 11793
9696 11010
3431 11794
5545 11795
1558 11796
6333 5444
10988 2585
10262 11797
9380 11798
11009 7914
6192 11799
11800 3898
4933 6443
9352 6284
11154 6958
11801 5078
5854 7209
4973 11802
9615 11803
6223 7677
1526 6032
11804 6055
11805 11806
5441 11807
2582 369
11808 11809
2385 11810
898 10436
5833 11811
5663 6481
7760 11812
9288 6807
7348 11813
11814 9539
11815 11816
9146 11817
11818 11819
11820 10312
10759 1371
5784 9451
5919 6166
1254 11821
11822 11823
11824 11825
3336 1002
11826 7088
11827 9593
1275 11828
1176 2916
7400 3854
11829 7480
116 3096
4434 11830
5344 6779
6949 11831
5318 11832
7563 11833
10193 4017
11834 11835
5141 5199
11836 10347
11837 11838
9774 11839
9079 4549
5576 6141
8772 11840
4324 4180
3360 11841
4788 11842
4799 8972
5299 36
1855 7956
4913 639
11843 11844
10783 10196
1891 7330
10739 1460
11275 11845
11846 5565
10208 3739
808 7937
1333 11847
2420 11848
1909 11849
10252 11850
9367 8017
11851 5452
3557 11852
417 2154
5927 4635
1732 11853
4016 11854
9189 7252
7873 11294
10765 5835
10517 264
6671 547
2499 7289
3916 7740
8715 4013
8349 11855
10452 11856
10320 725
6668 8665
11857 10997
9639 3600
9740 11858
1139 1951
3341 11423
1311 11859
9082 11860
6665 8825
2875 11861
8849 5019
11724 11862
4287 3290
2988 5731
545 10116
3549 11863
8778 567
11864 11865
2595 1170
10894 9276
11040 8861
1668 6738
11866 8644
10067 11097
2463 9900
6144 8168
2480 10664
4324 7974
8977 9417
11867 10815
10736 11525
5923 9052
3560 38
7303 11868
1860 10056
8911 3535
11869 11870
8820 9429
5786 11871
7298 11872
705 4922
11791 11582
8185 11873
9184 10911
11874 11875
6554 4078
5312 5739
2209 5954
962 7988
711 5827
11876 11877
2140 11878
1839 2055
8181 1894
5973 2059
11879 5626
6944 11880
11881 8022
5452 7238
11882 6065
7272 647
768 1185
6146 11883
11884 11885
11886 5166
11887 719
1583 11888
6935 11889
1513 11890
6772 11891
10924 1144
11892 755
6610 11893
765 9158
11894 6386
11895 7832
11896 11897
11898 11899
356 11900
11901 6295
8951 11902
2309 7220
9617 11903
11904 11905
11906 4839
5671 11907
11908 9358
11909 4031
11334 2438
2065 1529
9423 3704
4227 1167
6373 7713
11910 11911
11912 11913
5970 7852
1603 1218
11914 4214
11915 9455
8925 1549
11916 6971
47 1225
5146 137
10648 8985
2935 4186
3820 3415
8194 2755
855 1415
3306 11917
918 11469
9783 11918
10953 11919
7304 11920
7596 11921
3575 3701
4546 10779
8453 3484
2154 11922
6942 3880
1002 11632
7179 10453
3335 9496
1198 11923
7765 2667
11924 11925
3060 8177
1541 11926
10061 2593
8288 922
4060 11927
11928 394
2615 5804
10800 3152
7799 9174
1056 865
11644 10296
7716 9500
4529 11929
4529 11780
9294 63
1881 11930
11931 10397
11932 10218
11454 1485
2693 2429
8205 1583
4636 3460
8773 6804
6250 1178
11933 11934
11935 11936
11937 11938
10390 11939
11130 8422
1178 6251
11940 5830
9890 11872
593 8740
10095 1922
4284 10568
8236 11323
3003 11941
11942 8002
3915 3899
11943 4661
10044 10673
6125 11944
8838 16
6826 6846
8425 2399
11945 3111
3596 5606
11651 11629
7095 5683
942 11946
8583 9605
3741 11947
4407 11948
1943 10171
4452 9668
8852 11949
6562 4274
2356 11950
6506 11951
929 9330
434 1590
11952 11953
11954 2716
6266 6731
8505 8969
11854 11955
5057 11956
4776 11957
177 2449
1846 11958
11959 11960
8743 11961
2170 10813
2089 6686
3885 11962
11963 602
10009 11964
7990 11123
11965 11966
3528 11967
2258 10966
482 5392
1197 11460
11968 11969
3447 11970
11971 11972
2816 11973
11974 11975
11976 9270
1545 8263
11977 11978
11979 11980
11981 11982
7321 11099
11983 11984
7941 11904
2284 8884
5092 11985
1141 1894
1003 9933
8973 11986
11987 4851
11988 11989
9590 11990
11991 11992
10599 11993
6801 8051
3941 1376
2418 11994
3456 11995
981 11996
11287 11898
11997 10440
4204 7804
11675 11998
6083 11491
11705 1981
11999 12000
2752 7666
12001 12002
12003 12004
8311 12005
96 9268
10737 12006
3902 5
4247 2811
5967 4873
7234 3275
11730 654
12007 12008
11029 10281
10109 8709
9843 864
4048 148
9907 486
1731 11838
11922 5065
9443 12009
12010 2863
11260 12011
2654 1710
10113 5290
9468 7911
5009 8412
772 1623
9647 8122
8833 6121
3038 12012
12013 4915
4980 1322
11750 12014
4010 8236
12015 4113
1872 12016
9412 11016
4832 12017
4221 5463
8831 12018
11110 7583
12019 10744
5610 12020
190 11779
5163 12021
11804 6436
9546 10288
1444 10415
12022 12023
11896 7907
4429 2474
12024 9088
11540 12025
9824 7422
1230 11812
10066 8714
9629 12026
12027 1718
12028 12029
5013 12030
4786 12031
12032 12033
4438 12034
936 5438
9326 12035
12036 12037
67 10971
9225 2954
10628 9610
11291 11928
8535 3254
11283 7469
7188 8240
1250 5646
12038 12039
649 4095
10555 6676
1701 1203
3027 624
12040 4671
7685 12041
12042 11457
9075 11633
3593 605
9688 4469
3245 10919
694 12043
4021 12044
8558 12008
5960 511
12045 10221
12046 10136
6527 7078
11569 11306
10901 5302
3438 1729
5189 12047
2448 7631
1770 7346
897 2570
7873 11000
8059 1241
6242 9075
979 599
5612 10593
7095 5093
8966 12048
30 12049
5545 12050
12051 12052
11460 11601
12053 12054
6393 8358
7772 12055
1343 8940
1028 12056
2609 3
8978 10904
5413 12057
12058 1974
4236 9244
7955 12059
7062 4523
8286 8543
9948 9161
4014 12060
11150 8427
5609 1755
8194 5098
10027 3595
3834 4361
8075 1383
9882 12061
12062 12063
5209 12064
2496 12065
10580 1577
11720 1863
11555 9355
12066 11106
11226 12067
4125 12068
4607 10016
12069 12070
9121 12071
12072 8930
11824 9256
8361 660
5865 12073
9138 9477
3722 2654
12074 12075
9357 9077
12076 7520
7950 12077
9948 11020
7954 12078
5853 3722
78 12079
2204 12048
4805 2052
7669 8608
12080 4413
1449 11664
5742 12081
8916 9360
7989 1463
7381 12082
10971 7377
677 7841
6552 10629
12083 1384
12084 6820
10575 10529
2522 12085
5677 9620
694 8355
4291 2378
5107 7976
11428 12086
7841 4249
2090 12087
12088 8326
12089 8658
11714 929
3469 12090
4218 12091
1520 11586
972 12092
5183 12093
5741 12094
3083 7524
3347 11102
7481 8111
5549 11817
9781 12080
1849 6043
9157 8893
5498 12095
9521 7412
6800 8467
9932 11583
8014 5478
5529 12096
3133 4719
9084 11720
2665 12006
7269 1888
3714 12097
2193 3701
12098 1716
11978 12099
9954 12100
12101 12102
7749 5617
11252 10981
12103 6808
276 12104
7637 12105
8849 6510
6720 11497
5328 12106
3547 5073
2065 12107
10094 552
7739 1941
8548 11966
5491 2258
9920 10433
9897 4678
5796 10307
8919 10725
5522 12108
8650 4861
6689 7081
8068 8938
6769 9198
12109 2747
8703 8671
10955 12110
2530 12111
788 6399
2261 2898
5600 8785
3890 12112
6176 12113
1196 12114
10433 7750
11099 8093
7420 1923
7853 10475
12115 4557
1925 2904
4819 12116
658 12117
12118 1121
2848 1533
10258 12119
12120 1675
2826 1241
6494 2365
12121 898
2660 11062
847 12122
12123 12022
12124 10343
10394 5566
5697 1286
3846 12108
10638 2217
9592 9601
7053 12125
7911 9140
11915 12126
12127 12128
12129 5843
3403 479
12130 12131
12132 8691
7564 3121
5818 12133
6189 12134
12135 12136
5168 10829
9037 12137
12138 6226
10020 12139
4949 668
4486 7083
6732 1839
8016 8717
12140 12141
6752 12142
10369 722
6406 6827
8120 9078
1533 12143
9697 12144
12145 3762
12146 12147
10112 6816
568 7632
12148 3798
6859 5398
9780 5467
6463 12149
10049 12150
8169 11551
12151 6914
1801 255
4485 12152
3298 9567
7474 8600
8657 12089
11014 10201
6319 6363
2794 12153
10095 6330
4253 3055
8009 12154
1688 12155
9407 12156
3655 12157
4214 12158
11492 1712
1984 5728
12159 12160
12161 11678
12162 9695
12163 4164
6916 12164
11440 12165
11464 11714
6442 11785
428 12166
1774 12167
1618 12168
11013 8896
4975 12169
1050 6833
8567 12170
12171 9915
3758 11766
4424 8273
4881 9568
682 12172
4780 4770
10963 5764
8373 12173
3530 3674
12174 12175
11826 9705
3843 12176
12177 849
7987 962
936 3402
2872 4489
1528 10191
1256 734
10728 12178
10169 10707
4105 12179
1979 12180
9403 12181
11424 1522
429 10769
10803 12182
3946 12183
9034 11382
12184 6570
4662 12185
9147 11235
9598 4966
1857 5788
10318 10666
2695 10668
9780 2477
6448 6050
10064 12186
12187 1027
11854 11219
594 2331
6669 9167
4821 11069
12188 12189
8144 5724
10794 9284
5296 11007
11138 3602
417 2299
6642 1527
9220 10157
10742 7696
7089 10082
2490 12190
2315 12191
2408 12192
11789 10535
6183 206
12128 12193
12194 12195
2401 7770
11256 12196
1579 9913
3845 11322
6890 6684
11412 6592
12197 12198
10985 12199
12200 5878
8342 12063
8249 3651
10856 11406
5580 6783
9688 12201
12202 12203
1670 9040
10236 8391
8992 12204
8812 7728
10005 6423
12205 8875
1130 12206
11973 12207
8477 11712
6625 12208
2033 7816
9458 12209
12210 12211
12212 6381
1968 7187
2088 5135
5767 5241
9174 5358
6678 12213
11037 10408
4702 6275
4990 12214
12215 12216
7542 12217
1266 5366
4371 1242
12218 261
9520 6159
4806 12219
8479 9692
12220 3412
10361 5332
12171 12221
2818 12222
3021 5355
1393 2462
6264 9953
10772 10310
10279 11035
5434 647
3604 12223
12224 12225
11052 2745
12226 1499
2942 12227
12228 12229
456 7963
1561 10754
218 3253
717 2478
12230 1467
12231 12232
2885 5704
12233 7385
7886 8673
1858 3850
12234 9456
12235 12236
12237 10716
10843 9879
5725 7384
8666 12238
9187 4605
11314 10319
12239 5833
11785 12240
12241 2456
7994 12242
8607 1648
3154 177
9941 10339
8531 12173
8656 12243
1756 11216
12244 9588
11763 12245
187 9292
12189 12246
5185 12247
11987 12248
5747 12249
10041 12250
6013 11417
12251 12252
3506 10305
9823 12253
4782 6826
12085 5198
4083 12254
6836 11547
3493 12255
12256 8795
5181 3349
902 12257
12258 3373
8356 7938
7700 9815
12259 5612
11721 10697
101 3394
10761 12260
1865 12261
8798 211
3458 4572
3152 1876
11495 12262
8208 5664
9050 8385
12263 12264
8078 287
5242 12265
4755 12266
12267 8722
6011 728
11522 10648
6435 7572
10144 12268
9391 9420
1361 8075
12212 12269
5766 12270
9662 440
5313 1916
8486 12271
6675 1694
7365 560
5577 12272
6132 9278
10298 4921
4819 2215
12273 12274
1878 9519
4760 12275
12276 7608
11488 10830
6704 12277
4247 12278
12279 11992
12280 12281
3605 4837
1087 12282
4866 664
4980 10639
7654 12283
526 12284
2858 4038
8178 6158
2357 10825
205 11036
5130 5524
12285 6892
6071 11937
11688 5957
8155 6378
9288 12286
2112 1212
11117 12287
12288 12289
2474 12290
4420 12291
9614 12292
247 5590
10757 7027
5639 3491
7593 11762
8995 12293
9157 8894
8645 9868
12294 3144
9562 9882
5553 6242
5331 2982
6354 12295
12296 4125
2539 12297
5113 2130
3457 12298
7423 12299
12122 9187
6337 6944
5773 12292
507 12300
7340 7184
9657 10740
1297 6084
8532 12301
3002 1933
7931 12302
2017 873
3177 3478
4665 12303
5926 12304
12305 12306
8930 5669
11635 12307
6085 7888
1465 2198
2801 12308
5191 2540
8470 12309
6966 8781
10440 12310
2006 12311
4214 7966
12312 27
4478 5926
4708 10921
10219 10043
9285 10767
10600 9996
1610 5322
12313 3006
10247 6296
3213 11546
1719 2161
7997 762
11139 12314
11115 9555
4947 12315
12316 12317
12318 9149
4520 11462
4836 12319
12 9778
2398 12320
4814 12321
351 12322
11782 8983
2939 1076
8035 12234
12323 6744
3028 12324
12325 1612
1410 8560
8072 12326
12076 7521
7586 12327
9938 10428
12328 2580
10354 3936
5125 11507
12329 12330
854 12331
9914 1380
1359 10845
3868 12332
9839 12333
326 4669
2924 9511
12334 11715
11372 12335
4699 6881
5023 1420
3211 12336
5773 11822
7347 12337
12152 10894
3505 12338
987 12339
12162 2770
9696 5499
8553 10145
8296 12340
12341 12342
6344 12343
8501 11217
11723 7555
11492 3884
2952 12344
6106 12345
7618 8066
3996 11951
3781 2600
7123 4838
11984 5123
5882 3143
6521 2670
12346 10699
12347 2895
7314 9538
8360 8611
5690 12348
7636 2818
1730 12349
4261 11580
3917 3405
3351 10787
12350 6824
206 12351
12352 11776
5334 12353
933 6414
7915 4603
808 10596
10250 12354
1674 1979
1663 12355
12356 12357
9170 11622
8863 3337
9745 10515
2834 7418
553 12358
1236 8872
6452 126
12359 12360
4073 6410
6865 12361
12362 12363
9848 10396
10523 649
12364 10734
8962 651
12354 12365
5974 12366
3326 5573
5613 6229
12367 3710
6371 5707
394 6903
4852 9340
5348 6533
10105 3558
12368 10410
9578 5971
2571 1241
12369 10459
7761 12370
5846 12371
6075 10719
7208 12372
12132 8692
2695 8488
6519 1583
9108 12373
3983 12374
12375 9551
2206 10071
12376 1079
12377 11195
11362 3078
8763 7193
12378 3624
12379 12380
4483 12381
3427 1326
3282 3024
12382 12383
1970 3531
8119 2453
9439 1702
11774 12384
11667 4086
8718 11541
3939 6089
648 1643
12385 12386
12387 8211
9341 10107
12388 12389
6665 7505
4193 8169
1779 12015
11543 293
8106 4606
12390 12391
12392 8873
2041 8216
6996 12393
12394 7823
1634 11818
10901 5301
8039 4138
5239 9224
11936 12395
3426 5980
3175 12396
10830 10099
5369 4001
9980 8295
6136 12397
3400 3170
4595 353
7305 11431
2696 4490
3598 10057
6632 12398
3597 10885
697 1690
9589 5674
11769 4440
12399 4075
7261 7296
3324 3219
1116 6531
1879 4669
11509 12400
8603 12098
9016 3364
11296 12401
3954 7560
5665 11478
3211 9138
4979 136
12354 963
6343 12343
4569 1257
12147 771
12402 12403
10473 12404
471 9192
9222 12405
12178 12406
6185 12407
7166 12408
3137 11788
4943 12409
225 12410
11076 12411
6866 12361
9824 7421
12412 12413
5585 4130
12335 7048
1053 12414
11313 12415
11109 12416
5180 12417
2879 9606
9804 8861
3752 12418
2224 9980
4333 10046
1723 10509
12419 6883
10347 3626
650 8249
9833 10337
12420 3864
11971 12421
3363 12422
7896 2060
3381 5003
6554 1693
12423 5230
12424 11852
10696 12425
11093 12426
12427 12428
6983 12429
12430 12431
4405 12432
5862 10307
5530 12433
12434 12435
1216 12436
6995 12393
1879 4670
12437 4550
4237 5679
12438 12439
3748 12440
11945 8667
5420 6081
12441 10550
9893 12442
991 4815
4481 12443
5410 12444
829 12445
12446 12447
9441 12448
12449 8538
8270 11771
12450 12451
8520 2104
11600 12452
1878 12453
6017 1656
1057 12454
2687 10868
3786 3013
10596 1390
11749 5765
2713 11526
12121 9064
6196 105
10266 12455
3042 1541
4365 11943
3141 12456
6841 198
3323 12457
12458 1045
6279 6467
11335 10587
856 5608
1990 7169
11743 4761
2061 9505
12459 1778
286 793
12460 5323
4975 3970
5239 7415
6340 7349
2439 11330
10758 7572
8470 12461
453 12462
12463 12464
5883 8004
12465 2398
7997 12466
12467 12468
1509 12469
6531 9351
11483 4166
7603 5842
11827 12470
3620 10326
12471 8836
9648 5218
12472 5898
9822 3456
116 11846
9650 10566
5876 9950
2770 12473
9183 9071
7637 9841
333 7098
8887 8003
11801 12474
12475 5715
11518 2107
738 12476
11497 11078
5128 10878
3153 11757
6678 4234
1491 7916
1075 1276
876 12241
2960 4189
9178 10967
495 12477
12457 12478
12479 12480
8242 5867
3600 12481
898 591
3947 12482
11041 12483
10153 9709
1912 12104
7510 11128
4411 7768
464 12484
12485 12486
9352 6283
880 2579
875 5363
6461 9112
1675 6921
7858 5801
12487 5043
11336 6656
8001 12488
2015 3894
10265 11496
6298 12489
12490 4892
9777 12491
3662 8193
402 8239
9983 12492
5975 10964
4515 10560
5965 7209
12493 12494
6277 12495
1031 8338
10832 12496
11459 12497
536 3469
12498 12499
8096 12500
1213 12045
12501 10946
10829 12502
5147 12503
12504 2286
8130 12505
5552 11726
4396 6605
1168 26
4527 1666
2926 2228
518 12248
1215 11869
1422 9944
5584 9372
2680 1483
12506 12507
1060 6180
9923 2431
10558 10291
10145 11600
12084 9474
1731 10939
12164 6917
10308 12508
12509 2842
12176 12510
3756 5400
5365 10073
12511 11737
7323 11371
12512 2234
12513 4494
1580 7225
3601 12514
3914 8533
9674 12515
7818 2991
11182 12516
5078 12474
10177 12517
10505 10450
5320 11448
3348 7410
462 12518
12519 11709
1098 12259
6358 12520
2717 9471
3130 3639
5440 12098
2702 3279
894 4897
12521 10160
2658 12522
9973 8805
9306 12427
8851 4954
1710 12523
1581 12524
3232 5134
12179 11584
12042 12525
10709 10907
158 9624
4468 11753
10093 2157
12526 4613
10299 12527
12528 9288
6389 7645
11915 912
7944 8936
6069 1795
12529 11879
12274 10566
6757 12530
12446 9171
2049 12277
11210 12242
2562 12531
9989 1142
12532 9545
12533 12534
7178 12535
6064 11882
6739 7641
10179 11139
10227 12536
12537 6655
6168 11610
10804 3672
10884 12538
7067 12539
345 9000
12540 11544
7360 7465
9104 12541
8908 4093
12542 4977
56 9084
145 12543
12544 11661
10569 12545
11310 12546
3074 10210
9922 7041
12547 9276
11617 12548
10909 4402
10915 4048
2186 3264
754 11084
6180 12549
12550 12551
9878 5840
12061 10226
2687 11594
2526 7746
2476 8912
12327 12552
2361 12553
5490 12554
12555 12556
4505 12557
12339 12558
207 8973
12559 12560
11846 3572
2258 11240
8336 1938
88 11976
10078 8597
12149 10928
8373 8531
12561 12562
9930 11206
4813 5657
9300 12563
9841 5394
9631 11626
11489 1481
3628 12564
6910 10760
8746 12565
7223 12566
12567 12568
11473 3579
3782 3858
2038 3008
3140 12397
10963 12569
5017 12118
3155 5827
3715 12051
10960 705
6582 4680
9154 12570
7540 5518
4154 5750
4857 12571
2486 8438
4952 12572
4831 6059
11058 12573
11261 7678
7734 2539
3537 3047
9243 12574
9936 10676
4346 12575
3707 11810
9849 3274
8795 12576
11306 12191
12577 12578
7046 5768
9198 11770
712 12579
6149 7119
1659 12199
8234 7179
1484 9033
8178 12580
12581 461
12514 12582
11541 12583
12584 5163
4163 6369
4146 498
12585 11508
2786 803
855 12586
2507 8734
10988 12587
12588 12589
938 12590
7174 8618
746 12591
8940 1344
2542 8979
12592 12593
10917 12594
3706 46
12595 7458
5528 288
2877 10790
6193 4892
4665 12596
11067 9491
7408 7032
6922 2960
10878 12597
12598 12599
12600 11515
725 12601
7588 12420
9012 10858
7783 12602
7157 11798
7636 12222
12603 12558
10251 12604
10762 704
7552 6930
12605 5279
10978 12606
12607 12608
8177 12609
6884 12610
3273 12611
2296 5278
6105 6627
1345 12612
6621 4438
8555 11477
4693 2353
1067 12613
9041 11441
10313 2719
9411 9745
5191 4956
9223 12614
2460 9034
12615 12369
5349 12616
5532 12617
10476 12618
6370 10442
11290 11961
11256 6051
4775 1024
7785 7876
9882 12619
12404 5912
6875 12620
834 12621
2276 6814
12622 12623
4533 4916
2382 9632
2049 7603
9267 3575
10061 12624
6170 4432
12625 12626
12627 12628
2816 12629
1095 432
12630 7189
8213 10140
6673 12631
10608 12632
12633 1288
7052 6308
12634 6623
5533 2165
12635 12636
8200 8897
1102 12637
1249 1104
12638 12639
2384 12004
4298 12640
540 5787
3408 8198
1563 3889
12641 12642
12643 1612
9292 12644
5040 5947
2940 12645
8014 6416
5270 4747
2085 12646
4452 12128
12647 7469
2120 12080
9283 12648
2193 12649
2940 12650
140 9979
12627 11103
4296 12651
7880 5865
5484 9443
1652 12652
8810 12653
12533 4974
7241 5044
12382 12654
6609 10623
10166 12655
2715 12656
4772 12657
10287 9546
11311 8254
2893 3772
12602 10289
7303 12658
12659 5628
4533 4917
3643 1143
204 12660
10108 12661
12662 12663
11738 12664
4088 12665
6752 12666
1943 12667
12668 1865
6259 12669
4759 12275
5468 9595
12670 5383
12671 7009
10854 11989
4297 12651
5244 2138
12672 8300
12673 1818
3408 12366
6499 12674
5290 12675
4582 1055
8660 6391
10722 12676
12677 2863
2053 12678
3505 12679
3420 10167
8150 6897
871 732
7149 12680
6773 11891
3344 5697
12681 12682
12683 6001
4707 12177
5064 8765
7392 1591
3894 6070
11074 7792
6048 12684
4805 12219
5200 12685
8806 10485
6950 12686
7965 4321
4574 4284
796 12687
6958 12688
999 12689
3033 7710
6710 12690
11983 5413
12691 12692
12431 8121
447 12693
12694 9319
12206 12084
1042 4725
12695 7248
11063 4573
4977 3407
9595 389
8227 9447
4726 10205
9281 9813
1604 10965
12696 12327
10297 8367
12697 12698
4565 8330
9776 12699
12423 3062
12700 10201
12701 4296
7476 12702
8951 5460
12703 9206
4340 10859
10609 12704
1086 12705
9474 12706
11163 8047
6837 1589
265 11403
12707 12067
5674 12708
1787 12709
10297 12710
11200 9425
7967 12711
12712 4211
11482 3487
7332 6164
6714 662
1248 12713
12142 8893
12714 7241
370 2602
12715 11875
12155 12584
6906 11031
9872 12716
12717 8253
9401 4841
6482 9235
5292 12718
8900 12123
12118 2087
5699 12719
7763 12720
12235 12721
12722 12515
4963 5077
4015 3470
2066 5132
10580 1578
9538 6329
120 12723
1385 2524
4598 12724
12725 4667
12726 8903
5319 11144
12727 12728
3118 6572
10693 6898
4794 11187
11955 7444
10502 12729
12072 11015
8253 11063
4124 12730
4414 12731
9201 1379
151 1092
9420 3801
5440 12732
12733 12734
9170 12735
12013 12736
12737 8540
6027 12738
269 12739
8602 12740
12629 12741
7935 12387
12146 8166
12742 12743
5622 11531
8348 12744
3114 12745
4010 11373
2783 12746
12747 12748
3095 11982
10107 12749
7253 5084
12135 6703
1008 12750
12751 9179
3148 8792
6737 6328
8315 8715
7850 12752
3674 403
5478 8164
6089 10771
1831 5702
3154 12043
10104 12316
12753 2985
12244 12754
9183 12755
3246 6344
2305 12603
12756 10044
6925 12757
8451 11637
7186 8941
4784 11009
1328 8834
8160 5416
6082 11663
10079 4386
12758 12759
7490 12311
12760 12761
12762 10780
7454 12296
6099 1977
11923 4202
984 12763
6760 12764
12765 3956
9775 11839
11741 2922
10282 861
9257 4748
5506 12142
11903 7797
3171 8397
12341 10941
12766 285
369 6941
9094 3008
10229 9629
4146 4697
2487 12767
12768 12769
12770 3052
8745 1905
12771 12772
12773 1738
1351 10565
10733 10393
6080 10604
11258 12774
643 11338
8067 12775
11986 12776
11338 11639
9646 2799
6060 9465
2793 4460
6090 12777
6396 9235
4949 2976
7374 11602
6924 170
1576 12778
4529 1610
9508 2230
6898 12779
10863 9359
11349 94
742 4250
6555 12780
7515 12781
12782 12783
941 11946
3587 12784
6009 10634
4644 9490
12785 4887
9846 328
7170 1660
4752 8068
8888 3293
9519 10071
7340 681
1171 9778
12766 4302
8383 9653
2865 12274
12786 12787
11005 11348
11259 12788
4699 2767
8759 988
4170 11341
7662 12096
12789 12790
8216 12791
11789 3821
528 9640
9903 9552
10226 9929
8606 2375
8059 3659
1517 8577
1452 1219
10334 10929
2278 2512
7651 2778
1720 10974
8953 12792
5713 2683
3256 7856
12335 12303
11660 2381
7717 2650
12148 12793
3014 12794
11818 12795
9655 2393
97 11600
12796 10588
12644 3981
5025 3955
461 12483
5596 2140
12116 12653
3027 1128
8611 12797
11973 11921
726 7120
3686 12798
11635 12799
6768 12800
731 9059
1639 12801
12802 11850
12493 2419
9120 12803
11827 3975
8918 8209
2603 1529
12082 7802
896 6415
3987 822
6728 1768
6124 10950
5055 12632
4893 5129
11119 12804
3485 4967
11563 1012
8929 6636
5667 2082
4519 5984
9613 12805
12806 5340
2896 7735
5550 1747
10575 10528
8017 8353
12807 12808
6068 9989
4411 8659
2307 5860
11228 3554
12809 12810
8344 12811
10295 9018
1966 6511
6588 5676
8238 8225
6561 4885
11200 8576
5033 1995
4306 12528
3742 9008
8853 5736
12812 12377
12813 6216
11511 12322
7593 989
7451 12138
11152 9137
12404 12814
3212 12336
4066 2679
6101 12815
3191 12816
2965 12817
4806 12103
3193 12818
12819 9647
5327 3912
9218 12820
10078 10615
12821 8988
6568 12576
8510 2874
8714 12822
5171 9555
2917 3582
1280 12823
10146 12824
2527 12825
12007 9785
4006 7231
2692 12826
6282 11934
244 11799
5251 3563
12827 9599
4464 7078
7834 12828
7981 12829
11327 8452
12830 8899
9371 12831
4366 8507
1627 12081
7661 7056
9906 2577
10031 5708
5561 10861
3934 765
7626 6772
4873 2076
12832 1088
12833 12834
12423 10665
6161 12835
9559 11399
9590 12836
5931 7390
5615 1562
5204 7362
3920 6568
1191 6111
12837 9592
2288 12838
10900 9734
5474 8270
11250 4200
7511 12839
7544 10338
3907 4373
3432 11794
12840 10660
12629 12841
3229 7093
985 12842
8262 12843
819 12844
401 11169
12845 7134
10415 3451
2535 7126
6515 11280
7289 4716
3249 12846
10354 12847
6497 7532
10353 259
9124 12848
2612 5087
12849 1475
7244 1986
12352 11775
12850 5738
12851 4914
2389 4115
7744 10866
2007 9951
10312 12852
6366 12853
3964 10010
11447 5320
1285 12854
9177 12855
917 12856
4512 2305
507 3182
9248 2691
6649 6918
12135 1493
6253 5369
5561 417
3524 3142
5389 4170
5838 971
10302 12857
6836 8344
12730 12858
10431 12859
7143 12860
1234 12861
1077 12862
12319 10537
162 8588
4779 11083
11613 11434
3177 12863
4332 5872
10582 6920
10249 9251
11098 12864
2783 2868
12865 6643
6990 12454
7132 11242
7878 779
8711 3801
12025 12866
9408 8154
5043 12867
11189 12868
8683 5196
3772 10951
10751 627
12637 2978
12869 12870
9867 12337
11497 4434
1803 1465
4685 12526
12871 5642
4539 9997
12872 12403
1855 4778
9187 4626
4937 7441
2684 5495
12538 3714
9143 8572
10306 12873
5575 4188
1330 12874
5809 12424
7666 9526
8484 867
5505 6357
5073 11036
5590 248
7014 12875
6573 8449
8481 12876
1273 12046
10259 12877
12316 11836
10488 5589
11814 12878
2997 11493
8358 7813
12879 12880
12881 12882
11831 12883
3430 2441
10468 9726
10797 6762
7403 3832
2125 6585
12884 11085
5358 1297
8852 10831
7510 11685
764 10654
1451 5907
7214 12885
8846 4536
8968 2564
930 11931
2127 12886
7193 4136
322 8459
2382 12887
9208 12888
5963 10198
8348 12889
9045 11681
6626 12208
12559 4233
12890 5303
2038 11044
3896 2828
12891 9760
2610 12892
2140 3828
10062 10694
12893 2824
12894 5797
7172 12895
11510 10837
4914 12896
9902 12897
12856 12898
1240 12899
12900 2990
8131 8860
12901 4388
268 11112
6970 11916
8619 3872
12902 6193
6809 12903
12904 9375
836 12905
7789 9015
2728 10230
11786 11930
629 9558
11967 4828
437 12906
8619 12907
8217 12908
1224 47
9431 12909
3383 7819
7421 12910
4905 12911
6496 9082
1281 12912
12913 3927
11541 12914
6893 7898
950 12915
6874 2518
8780 9128
10206 5834
12916 11876
1011 12917
12918 12830
12919 12920
4833 11986
8114 3616
7057 5876
9603 12921
8329 12922
12923 12924
2978 8106
7893 12925
2089 12087
1525 12596
11029 12926
9501 1261
12927 11443
9082 12928
10551 12291
12929 5165
12930 12931
3945 5591
9613 5316
9456 11390
288 6041
3488 12932
4848 9223
2521 4759
12933 11500
10661 10753
10112 12132
4924 12934
10765 6619
8679 9762
1930 12935
10535 11790
6238 11028
8412 12936
1564 5884
8597 4349
639 7245
4521 9036
5299 5219
12937 8922
2034 4610
12938 335
4627 12939
7128 9568
11294 712
9262 6503
7075 12940
12941 12942
11390 12943
10372 7729
8963 12944
11768 3925
9455 12126
9184 10912
6133 12904
7881 12013
12945 2904
1103 6959
9528 12381
6729 12946
2976 8629
6349 3641
9544 12947
12206 8808
5566 12330
4063 9835
12948 5069
4050 12949
3701 12950
8310 4810
7439 12951
10128 11662
12603 12952
10687 6581
327 12953
11042 11179
12556 1903
4047 12954
7025 2091
7577 10350
7715 7698
323 12955
12956 3920
9983 110
12957 3049
8479 12958
2741 11174
3893 3869
5188 703
9381 12959
12081 4067
3838 9495
10532 5868
310 11506
12960 12961
7970 12962
11424 1521
2431 12963
9312 7198
2141 9652
2951 10600
6888 11461
9109 12964
11979 6858
1358 1343
9909 12064
8107 10008
6868 12296
8762 12965
3777 7857
10450 4755
8169 12966
9323 12967
2223 11603
12575 5433
9901 12897
12038 10807
10387 2136
9695 12968
12969 12970
11071 7950
3457 2559
10686 9172
7566 3091
1650 9926
4011 11706
6003 9099
9664 8757
1241 6141
4817 12806
9865 12971
3441 11025
5949 2135
5986 9387
4496 12972
4322 7762
4567 12973
11028 8256
8466 7139
3617 12974
12975 12976
4462 6257
10322 8701
6256 120
12977 12978
10244 1469
40 12979
273 11420
9800 7784
11623 10496
7517 4079
10714 6999
12980 5364
922 876
6723 1560
6555 12981
2192 12649
10581 11152
12982 1006
4240 4167
10992 5567
9174 6812
8024 7141
4441 1435
821 10875
8448 7770
12983 12984
11364 11956
6359 1689
9943 12985
11455 12967
12986 12987
9299 12563
8081 4012
3298 6398
11793 12988
2525 12989
8436 12990
10254 12840
4525 6221
12991 12992
3660 9479
11852 12993
12994 11901
5666 11135
3086 12995
12775 8755
7280 6900
12996 5301
12997 10585
8472 11227
7523 2719
4534 2571
3779 9576
12998 12851
1370 12687
10308 3576
6816 9694
5691 3559
10637 4834
8347 11881
9624 1511
11537 12999
7575 11641
903 12257
6054 11804
8260 5691
5521 11305
1024 12540
7885 13000
13001 13002
9765 13003
3422 11862
10283 8434
9721 13004
1427 4088
12605 6517
5117 13005
11679 13006
11081 13007
13008 6502
13009 8317
7677 12032
13010 10532
57 13011
9224 8110
10291 13012
9594 10129
642 10406
9790 5078
9363 7693
6334 9522
3510 10559
5087 7044
811 13013
9481 12195
10570 12772
1247 4714
6220 5446
4657 2379
13014 12086
6584 13015
13016 4347
5553 13017
5894 13018
8112 6247
284 4559
6501 3771
12574 11884
4416 10170
5779 784
3024 5873
519 11607
11280 5492
2790 9788
7579 11652
13019 13020
477 12845
9315 13021
13022 13023
9962 12627
1096 10700
228 1241
475 9616
64 7806
3543 485
540 13024
9574 3039
4674 4472
11993 10675
3921 11214
3829 6272
9922 13025
6458 7611
1019 13026
6682 13027
5003 13028
3130 12801
2914 7931
9971 13029
12020 13030
10562 6998
11270 13031
3263 9664
10247 2292
20 8750
6428 11887
12760 6841
4353 7163
5670 9342
5525 13032
13008 6501
5780 13033
6231 5862
2730 13034
4290 3254
8723 13035
8555 5347
1961 9707
81 2197
7707 13036
9832 13037
3082 13038
10250 12604
9782 11918
7317 395
914 2510
4965 4866
7121 1636
8196 11090
5256 2794
2362 13039
1780 13040
10406 12785
711 6861
2455 2317
6893 13041
6600 8008
8859 12276
935 9887
12542 4978
479 7130
10411 13042
12681 9710
6190 531
4657 11632
3918 3146
4303 8683
10731 12600
12978 3472
13043 5815
11536 4595
6793 7062
10111 6755
4253 7891
4563 12843
9839 11694
4357 1976
1206 4266
13044 12883
7803 9706
441 4282
2117 10746
5415 13045
11071 8530
6663 10147
4590 13046
3707 2385
6483 13047
10102 10582
3827 10365
112 6834
554 13048
7133 3110
8628 11512
13049 13050
3410 12880
13051 13052
8172 9970
7751 13053
3997 3887
3241 10851
5868 10844
1837 13054
9750 317
10865 9233
4549 13055
9070 1010
9101 12911
10339 9942
9989 11528
9162 11124
2973 11759
3661 295
6850 10013
13056 10867
13057 11991
5637 13058
3876 8555
9041 7908
12069 12581
2488 12110
11966 13059
12398 4498
5157 13060
9762 4486
5486 3747
8553 13061
11822 8468
12273 13062
11684 9090
8355 13063
10371 5383
3048 10990
4910 13064
9414 11204
1492 13065
9200 3401
13066 6535
9216 13067
7728 336
10516 13068
13069 12414
12040 12239
8944 13070
4349 13071
6686 12625
9310 13072
12996 8334
8139 13073
7874 10873
12803 10842
13074 11249
5144 4345
344 13075
8497 3628
1603 13076
11187 13077
13078 3771
12131 4699
4435 12837
12849 310
10701 1933
7112 13079
11099 10469
11064 10236
13080 916
10715 6523
5815 8370
13081 7256
13082 2096
3722 8911
4374 13083
7261 13084
5697 7197
10811 7825
7875 11820
1681 6821
421 12714
9270 13085
13086 13087
10948 4826
8546 3445
10755 13088
5212 6187
10739 9657
9528 5130
4083 4597
11194 13089
13090 4758
3886 11962
6404 11959
12387 8210
5599 3782
2321 12821
10208 10006
8965 11150
2136 13091
8049 4870
3853 869
26 1188
8100 8430
6758 13092
1634 1179
5507 11127
404 5324
5244 13093
2745 6601
10413 6863
958 13094
7437 3596
10384 9975
11775 6426
13095 13096
12364 6213
5751 13097
4860 12639
8415 7099
4775 13098
12309 11088
4631 7463
1248 885
4939 2836
1501 308
151 6726
2226 12484
5625 8345
6329 13099
11752 10106
5497 4292
6189 11080
3259 1758
8763 10712
8661 13100
11012 12192
183 5499
4270 5817
7155 13101
6887 3606
10178 7455
4723 4150
11806 12407
619 13102
343 13075
9507 5367
557 11630
3616 4175
2774 6576
8337 5934
9850 480
8378 3728
12161 9961
3201 13103
12541 13104
1464 12392
5832 5257
10998 5588
8386 3971
10196 13105
2763 2925
7586 6720
10402 13106
6456 12166
12335 4665
9063 9415
11361 13107
6117 13108
11028 13109
5059 1848
2606 8819
11169 13110
4234 13111
3035 631
10723 11745
4738 7226
9993 8230
6024 10412
9675 2005
11895 10338
7113 4684
2722 11754
12143 10695
8162 13112
7852 433
11210 7994
11619 13113
6912 13114
2645 12670
12895 7526
10598 13115
11676 11998
913 12215
8612 11054
10982 8714
3478 197
6943 10849
13116 3010
12851 7277
13117 13118
1480 5724
10143 13119
12334 43
13120 13121
7381 9259
2246 12708
9888 4165
13122 4657
13123 13124
7497 13125
9163 13126
9071 4583
10605 10286
10089 10809
9164 2178
3236 1200
10104 12317
7015 7472
2293 5482
5372 13125
12830 13127
9946 3417
12491 9550
12606 2981
7913 280
13128 5361
1160 13129
9922 4523
4593 366
13130 13131
5098 13132
1820 10511
6242 2857
9791 13133
226 11146
8202 13134
6504 13135
857 6324
1283 11066
11808 13136
11572 2328
13137 13138
6078 13139
13140 8528
13141 11914
12955 5871
3331 3822
7742 2969
13142 5880
4266 13143
11117 13144
333 8816
6980 12600
2537 8202
1939 11614
13110 1034
9432 7675
9093 9194
5321 9147
12694 9320
9750 8044
6810 11329
13145 2963
10128 13146
564 5498
2468 9128
2557 13147
511 7467
5249 13148
2913 6872
3852 6637
13149 12640
3862 8158
8642 13150
11538 13151
8071 13152
13153 5855
13154 8228
13086 13155
1042 13156
1897 2852
717 13157
12695 13158
1250 4277
12721 13159
8202 13160
9805 13161
3235 4625
1499 4500
10899 11269
10678 1339
13162 13163
13164 2046
10955 7433
8527 11104
4812 7528
4641 1542
13165 11446
9352 11727
13166 8517
7865 3350
8305 8423
13167 4516
7113 13168
8536 13169
9313 10932
6518 8796
13170 4409
0 1887
3520 7150
4256 12109
10302 10607
9384 13171
4743 1306
6657 4531
8640 13155
11374 10916
10743 4983
9042 2589
4609 9577
3551 7431
11991 11965
13172 1241
511 5939
9716 13173
10877 9107
1873 2134
13174 6784
13175 13176
11728 13177
8341 10514
7770 5035
13178 4019
13179 13180
6373 3213
12530 13181
5571 3715
5145 13048
4647 8945
4710 13182
12864 12854
4881 13183
12869 4125
9713 12872
3391 7182
9064 623
8122 11388
7247 13184
4387 8011
10483 11738
6474 829
3016 409
169 13185
6733 10158
11316 9997
10209 9254
209 8324
13150 8490
5137 13186
6197 465
998 13187
7717 13188
1127 12750
1324 2969
12930 1986
12255 6504
11226 8643
8844 1291
8240 12231
8303 9886
2698 1305
4542 13189
10709 10906
12085 13190
7461 897
13191 12285
3557 4021
5157 3092
11903 13192
12769 3783
2135 7809
13193 4842
11309 11012
6216 13194
12457 10303
2296 13195
389 10698
759 3080
5824 12256
8642 13196
13197 13198
13027 9731
7328 10392
9058 4987
13199 3893
6840 13200
13201 4195
2531 6223
13202 13203
9486 3223
12948 4846
5968 12423
4389 13204
867 9715
5875 1017
7402 4153
4831 3866
4818 2568
8873 7618
9656 9654
13205 693
95 6609
3994 8454
11160 535
11216 9157
2955 13206
13203 6441
8422 11131
8322 5097
1108 13207
13208 12634
8577 12686
11573 12804
5538 10011
3724 11179
11757 13209
7334 1473
10445 10508
5067 3831
13210 10065
13211 3156
13208 13212
13213 2002
13214 11224
9947 10563
8481 4963
8604 2995
1798 6430
3351 10911
11846 3571
9968 13215
10438 8485
7194 128
4048 149
21 10503
1867 9010
13216 5392
5442 13217
13218 8676
11163 387
5280 9642
4725 13219
3700 5924
6364 5651
12394 8806
13218 13220
3744 3204
12392 6760
13221 13222
2532 10635
11382 2587
10220 6449
9247 6367
8590 9242
7452 13223
5085 5040
11032 8173
4802 1708
7990 5085
13224 1321
621 12589
673 7216
9221 9945
13225 943
1171 2176
9240 9050
1980 1701
7451 6226
1455 62
296 11377
5542 10477
8543 10436
11573 9124
12119 13226
8971 9941
10841 13227
13228 2620
13229 13230
10640 13231
13147 12163
12970 12965
7972 5791
2901 13232
6936 11889
5501 13233
11688 5958
4435 11830
8705 13234
13235 9673
3604 9309
1504 13236
1241 13237
13238 7987
9354 10391
3098 6922
10077 13239
9408 13240
5428 10142
10979 13241
9953 6265
11513 13242
10881 6159
3432 7638
12630 13243
12251 8476
13244 11006
3538 12834
9481 12194
7561 10618
1827 7763
3923 13245
8573 13246
10775 3033
12837 9346
13247 8732
5309 1132
13248 11763
8179 13030
650 8962
11487 7358
7760 676
12359 10370
11318 12036
13249 13250
2038 7050
1591 11162
10354 9870
11733 10909
5489 13251
11820 12852
12690 13252
953 2919
9523 2124
5107 1608
11263 13253
2776 3518
3508 3887
990 6279
7632 12979
12368 13254
11081 11017
1245 10895
7579 13255
13145 5772
2545 13256
4106 13257
631 4286
5890 6220
13258 13259
6062 3217
1721 11422
2724 1872
3574 2886
7909 10426
3405 513
9568 13183
13260 8537
7476 11498
5984 12705
5893 4354
1487 13261
4287 9958
2689 11326
9006 13262
7947 6005
8082 13263
10471 13264
4904 11657
1355 8172
7593 13265
665 13266
10160 13267
6166 5751
13169 13268
11299 3548
6758 13269
1132 831
3742 9007
4449 8565
10149 8174
13270 9397
10490 7498
13230 13250
6470 13271
9198 10077
7091 12858
3518 2437
1601 4129
11272 13272
13257 12492
8775 13273
9767 5802
7056 9868
10589 13274
3276 12522
2027 7978
8452 13275
3225 7849
11766 7784
462 10788
2766 6693
2920 13276
2477 2598
13277 13278
4876 4225
4136 398
9736 13050
5059 291
6022 12541
2711 11668
1997 6193
9090 12734
6066 547
13279 13280
13019 13281
9838 1310
7065 12668
13282 13283
7829 4417
13284 13285
4442 8162
4425 10399
11275 13286
4724 13287
11474 536
4803 5520
13233 12512
10041 13288
12323 7207
8985 12409
11271 3972
11710 13248
9518 2966
7446 7223
13165 9738
7925 5050
13289 12975
37 2550
8316 9054
8027 3341
6110 3878
12619 5999
3841 9005
1720 12223
5028 13290
4518 3609
4883 13291
1567 13213
6496 12928
1216 908
11314 13246
12541 12722
12438 10219
909 1885
13292 5928
698 11473
1868 10184
6654 820
13293 13294
8466 2465
6728 10599
7692 12784
8179 13295
6948 3668
479 13296
11077 1342
10627 338
5197 7448
7796 11873
6428 3313
13005 5927
13297 8134
8094 10946
12313 13298
12700 2917
12936 5694
10756 5812
5633 10672
7881 12736
13299 7483
7176 13300
1692 10295
12168 4712
3127 11860
7037 9649
10698 5595
3108 13301
3987 13302
4078 521
2563 7679
3376 5335
8989 13303
12120 11038
7954 13304
2043 13305
3497 7100
11105 10457
13306 10368
13307 12568
13308 12622
1767 767
5456 13309
6535 6856
1253 11821
13310 5961
5290 5715
9900 13311
13312 13313
526 11033
12598 9672
742 1138
10976 11100
4555 6847
2057 5510
8950 5742
974 13314
4141 13315
5656 12334
4473 13316
12650 13317
874 373
8303 13318
11532 3624
10158 10624
5542 2888
4969 807
6559 7633
4280 3664
8371 2366
10956 4555
11396 5977
1607 11011
8599 3048
5751 3897
968 3036
3215 5935
13319 13320
13321 2434
10672 5634
13322 4554
7003 13323
2723 6024
7515 7460
2973 5397
13324 2853
3737 13325
6876 7446
2316 9864
8087 12371
10063 12186
7833 4343
11760 11040
6142 4623
9688 13326
13327 6911
5117 13328
11191 9269
9763 9441
5097 18
1747 13329
704 8858
9773 5357
4750 4385
13330 13331
8155 10301
8856 3274
11414 10672
5682 2263
2642 9369
13332 13333
11306 2315
2530 11969
2355 13334
1244 13335
12389 10185
8993 2119
7693 9364
6137 13336
8751 1241
12841 3501
7694 1409
7190 6740
5824 10957
13337 1336
13338 13339
609 10728
8486 9001
913 12216
3410 12879
4126 12245
2489 9272
12115 13340
4703 13341
12734 13342
3358 9300
11874 13343
8656 11732
2644 1074
2504 11530
12530 3053
5986 9081
10721 6857
12184 3776
7524 13344
11165 13345
13346 7638
13347 13348
2669 12842
10696 663
1709 13349
1066 10064
3449 7993
8582 753
10242 1293
7042 7657
7763 915
2127 7687
11197 11996
3119 2892
10759 3755
2086 9096
5887 5695
3795 8308
8684 1241
13350 13351
9550 12375
13352 10268
1745 7782
8149 1177
9928 10226
12179 8752
2065 12162
10593 7442
2449 9666
3659 10148
146 2150
10211 8280
9105 10560
13353 2251
2294 13354
9709 10749
1951 13355
13133 9865
10671 13356
13357 10177
436 7345
7034 6422
7981 3270
11105 9380
6923 7210
12419 5042
13316 13358
443 11316
11608 6476
11659 13359
104 13360
1458 13361
538 4311
11809 11813
12049 10577
5631 1517
13362 13363
11095 3633
7324 2555
3112 13364
12806 5339
10762 13365
1573 9136
4980 1321
12693 448
9818 12447
13366 7960
5883 2656
5748 11660
5339 11141
4220 1110
9343 1524
13367 8525
6762 13368
12988 2716
6402 12233
44 9092
13369 1956
2860 13370
4172 8822
3927 6513
1794 13371
3886 3912
11087 7156
5102 789
2903 6758
9631 7487
6222 13336
5069 10029
13372 6373
2088 13373
5973 9087
9313 3506
13374 13375
10496 13376
6133 8222
1285 2547
13377 11691
5080 1959
7951 4230
13378 2883
7300 2507
5794 13379
5195 7489
10696 662
4295 7058
8034 13173
8522 8267
4321 12553
5029 10933
13380 12289
7301 2792
13257 9164
13381 8632
3375 2662
7697 8718
1217 12436
4759 7743
13043 5816
12783 2870
3104 10343
12174 13382
3755 5236
9059 2090
7143 12951
11617 1019
6974 2011
11628 13383
7180 2397
13384 11239
13385 12762
13086 11751
13386 2907
2023 13387
9350 5847
7539 7857
4937 11670
10958 13051
4164 11719
4602 9104
4259 7109
13388 13389
3006 13390
12108 13391
587 10821
4057 13392
3941 13393
12128 100
3125 2523
10276 13394
4382 9974
13395 13396
4498 134
5660 9326
6278 10175
12838 958
3032 13397
5496 6037
10121 9649
5373 322
1097 6000
13398 4255
13399 13400
8251 13401
5741 6867
7045 7256
3632 11688
10811 10671
8139 577
13302 4308
13402 13403
8372 2308
3823 8910
9872 11789
4246 13404
2726 7416
1000 7438
10355 5777
6832 5962
10137 8476
12197 13405
2921 5879
8009 12877
7316 6455
6019 238
4324 1965
12560 9896
3999 10711
8449 12000
6845 6129
7688 13406
8333 12996
11736 12511
1649 8413
574 11586
12202 11833
10796 8527
13357 12517
3485 8526
2280 11559
7653 12283
7264 13407
8124 13283
6393 8359
13408 6776
4445 9927
12279 6320
4059 11664
9787 11834
7239 932
7766 13409
4107 3153
8590 2103
2029 12338
7097 5963
11325 7274
6946 4957
4316 8773
9284 8777
3005 556
4096 13410
6805 4935
7332 6973
281 633
13411 672
328 7011
7231 3551
6904 5563
4377 13412
7744 11717
12290 2688
13413 5813
166 13414
9371 656
1531 8746
12288 1008
3393 8119
10253 2774
6141 13415
925 10218
10320 9626
9914 13416
4940 1394
6868 9039
3807 3297
11013 11411
5629 6965
13297 159
5614 13417
7309 10349
6580 9299
1079 3743
6446 5663
124 10243
2452 12273
9901 7153
6057 13418
5991 7909
150 13419
607 6042
1690 5771
3620 6227
6725 13128
10791 7526
13420 1666
5419 11303
4103 13421
3244 3273
5280 4344
13164 1471
10485 10789
8000 2775
11195 13422
7774 10987
12513 9064
4114 13423
11177 10736
10791 10172
13424 12251
11233 13425
10458 9979
10031 2219
2150 13426
4462 8898
13427 4928
3205 2102
354 13428
11863 990
1638 7684
3440 9048
300 5307
12341 13429
5243 3961
4186 13430
10409 8830
10653 9004
12615 13431
1805 9379
5984 1086
2441 8614
10413 7653
13263 10797
11335 4060
4728 13432
3398 6277
9028 11567
9036 12137
13433 7681
7991 13434
13435 10430
12815 12269
5886 6063
42 12334
6804 13436
4961 10619
13437 3422
7096 11745
4807 5167
3854 3840
6131 359
2007 12019
9676 10137
4686 13438
4833 12700
7156 5711
13120 12513
7269 13439
5776 3886
1947 7869
8135 4823
3581 6721
9705 3031
6372 7649
12876 9405
10969 12458
4827 13440
3185 2256
11819 12795
10216 13441
12691 5933
12325 11814
4141 9633
12234 9955
12941 10843
13442 13443
8713 1332
10347 8381
11176 13444
4948 12671
5539 13445
5515 13446
5236 8364
10130 13447
13448 10513
11904 1056
6745 13449
9503 11676
13450 8575
3198 9497
9966 13451
4192 13452
3542 13453
9593 12470
9580 6199
8126 7342
3971 2327
13454 13455
11001 2617
13372 13456
7767 13457
7882 6066
13112 8072
2749 2025
5570 5937
9340 1087
6341 4553
4110 7368
7008 5362
10836 13452
3834 13458
4789 3643
12572 7863
13459 11114
6712 5394
1535 13460
6702 13056
10454 509
68 9835
1337 11122
8914 13461
10727 5893
1137 9213
1433 13462
5662 8290
8868 13463
13464 2365
6631 2040
10639 13231
13465 13466
1118 13467
13468 13469
5182 12057
11816 1972
145 6545
1645 4037
13470 13074
8398 3993
1783 5995
5137 12020
1148 10985
5064 13471
10914 5310
2759 13472
2659 13473
4651 7494
11555 9354
10432 12859
5494 10898
11440 2329
11343 13474
10622 4467
4381 6430
13305 8960
234 6553
8079 5189
6118 13122
263 2966
5401 12668
10958 7957
3712 2637
13475 9496
11784 12240
9852 12697
4022 2117
7913 8071
11521 13476
12734 6983
1765 10796
5687 1884
7444 13477
8448 12818
9371 5699
5050 2079
7041 13478
6479 13479
13480 13481
9169 4108
1900 8246
5633 11645
4004 11261
6617 12005
12700 10202
11336 13482
4095 13483
7910 4270
9045 11680
10411 2758
747 11780
5190 3338
7185 13093
1588 3247
6352 13484
8029 13485
8639 13486
7689 13487
4181 13488
13489 5690
13213 4316
8871 12054
13005 13328
8891 11893
9613 13490
13491 11613
7970 320
9262 5120
7425 13167
519 1406
1681 2741
414 13492
3174 13493
9826 13494
12414 13495
4868 2872
200 3999
1072 2758
12267 7069
385 8340
7775 11656
13095 6285
8248 6320
3955 12765
8667 13492
10156 9220
10133 13496
1390 7900
7010 2957
2317 4584
13497 12621
5308 4638
9361 6792
13498 1025
7078 13499
1651 12357
3124 11046
10349 2163
3053 13289
8232 13327
8146 2436
9769 10320
1386 5031
13500 12237
8532 5591
12728 3594
12206 8809
11061 13501
10108 12749
13502 6543
1442 3794
7813 13319
3607 5211
6879 11505
2044 13503
7550 4977
6369 10095
5826 12512
12951 12860
13504 4100
977 1241
2722 13505
3945 5592
13506 8768
13507 2827
6104 5734
852 11339
13508 4658
4003 6204
13477 9110
1836 12102
13173 9890
2334 6238
8408 8786
13248 13509
10713 13236
12770 10214
9484 13510
13511 10159
12615 11401
3014 13303
6766 12352
2236 539
7223 13512
9018 3113
12271 8013
13374 6591
10456 7354
13513 10487
8406 1477
6309 3371
170 4337
12696 13514
617 1929
13515 8593
8009 11182
12109 2748
9459 5339
13516 13517
8565 13518
12638 12607
9063 13519
5480 13520
7141 13521
6355 12295
3310 13293
3203 1423
6012 11442
13522 5027
666 6546
6505 13523
13524 4895
13100 8662
2629 1683
13525 12072
13526 12599
7187 10897
13527 10063
1733 11332
13009 8318
2226 464
10040 6453
2840 9314
7380 10055
10025 8778
12891 13528
6401 11805
2624 2159
12490 5405
1234 1078
13529 4828
3086 13530
11506 13531
13532 13533
13534 13535
13536 6595
7156 13101
13537 13538
7955 10583
1592 13539
6143 13540
9837 12931
12475 13541
6412 13542
3872 12907
13543 10538
7318 10050
1900 13544
7486 13545
3115 8130
5734 10631
13131 5233
9004 13216
7122 13546
6482 9236
5464 3161
4225 13547
2017 13548
11909 13549
5009 13550
5906 11653
13551 11301
11384 10356
8901 275
6557 13552
13553 5709
13554 701
11321 3845
11132 565
12344 8591
9715 9210
3994 11368
10985 1659
11388 13110
11862 7358
6408 4241
6016 8346
7941 1988
13179 6245
9691 4760
7996 12466
13555 439
9506 10677
8828 13163
6844 12059
2982 13556
13557 6162
13558 3666
7656 13559
6434 13560
13561 4317
5925 11247
9832 6961
11057 1141
13163 13562
7346 1771
6014 7673
13541 7549
5878 13563
7559 13191
4827 5424
11950 10318
8067 12079
1152 3301
6177 12113
3290 5964
3634 9599
13188 13564
5161 13004
4049 13565
2004 9675
13016 4191
6803 7716
11577 12788
13566 11654
4796 8904
13557 245
13567 4527
2863 13568
6477 4922
10689 10690
9878 8367
10902 13569
13570 1001
2560 1317
13571 7754
9158 13572
9917 13573
9759 13574
4672 13575
6090 4763
5073 13576
6769 2573
8793 13577
11702 1806
8480 6270
7419 5848
12976 6336
13578 5489
6880 7174
10684 12190
5169 11769
12261 11756
13579 519
5693 12542
1741 13032
182 13580
5036 9820
10421 2440
1890 3935
9285 11184
5535 13581
4876 6832
1575 12778
4081 13582
13583 13496
6686 12626
253 7028
7044 5149
5583 11834
5980 13584
7630 4277
11065 4513
13585 13586
12957 1426
13587 5723
10346 13588
12442 13589
3930 13164
9150 3504
1161 10726
13590 3909
6457 13591
2867 9131
44 2024
4061 2346
336 8342
8164 13592
2061 13593
12458 13594
8743 10155
9212 13130
7417 2672
11079 6685
6093 13400
5828 9343
2842 12465
4524 1786
2716 7287
3223 13595
1477 8492
1635 12047
9434 5981
7013 835
13596 9771
4849 13597
845 3797
7731 13598
3827 4350
12010 1892
7133 3036
11819 114
1593 11391
11093 12509
3452 11394
10418 9874
10430 6829
5256 5375
8189 13599
4080 9899
12471 8835
1765 13600
12967 1311
6870 3799
7840 13601
2103 1597
12573 13602
7319 3236
12802 4360
13485 13603
7229 2191
6195 11832
11896 13116
13604 7100
839 13605
3459 5404
11464 13606
13080 13403
11746 4612
13278 4152
11460 12497
11060 12791
4802 13607
7117 12597
2822 13608
9137 3692
1802 1241
10947 9503
2055 13500
8670 11456
13609 4422
12673 12085
3268 11521
10016 8697
8765 3246
660 4052
9876 13610
1244 12212
8660 688
11716 7769
2057 4562
6761 11324
2637 7251
7505 12957
6620 2185
5818 1145
8885 7246
13377 11300
9475 5001
257 12444
1782 697
13611 13612
4932 9377
1296 10067
6644 2050
8271 13238
11709 9230
3370 11556
2461 10981
4569 1259
8669 8355
1082 1790
6430 13350
13613 2463
4070 13282
9344 5856
2167 1241
13614 7738
4284 713
8515 10544
7481 9461
8157 9603
9382 9573
1285 12864
10819 3934
6199 10518
9289 5598
8091 4821
11540 13615
6074 7341
1310 90
587 1486
13149 9436
8523 13616
9279 13617
10572 12820
2232 11895
608 5822
8147 13420
4277 11537
3877 13618
7394 13619
3969 2222
1046 13620
5758 6332
13621 13622
1325 8304
8812 13623
10020 11325
8504 5584
7676 7250
13624 1058
9739 11858
721 13625
13626 12176
13627 11526
11675 10061
9611 6676
10511 13628
10721 6856
10760 9098
5476 9023
9739 2430
3976 9079
10551 4886
6889 11296
7890 1268
13629 4524
12437 12028
5838 13630
12299 10280
11082 2008
8001 8428
12783 2871
3001 13631
12339 3652
11308 13001
2212 7491
13225 6335
10755 9637
10584 2573
6640 8314
1600 13632
12387 10102
496 11112
1874 5325
11364 5742
186 2326
1242 10035
2514 3409
12117 13633
9694 13634
6358 13635
9190 13636
13637 2709
6418 13638
1185 904
6583 11318
791 10704
2778 13639
11778 13579
6047 8176
10158 11245
2171 13640
13641 2377
12714 13642
6072 8592
7175 12388
9094 2345
2896 7734
13637 13643
12076 11143
5724 9976
11707 6989
8712 8986
13644 4079
7895 13645
7570 5852
12913 3928
13646 10451
13647 9338
13333 13648
9350 13649
12025 9050
1947 10612
11070 6379
8390 545
9387 8120
11079 8425
11161 9630
9979 12561
11152 143
12747 13650
2827 13651
189 272
1137 6122
6354 12267
12398 7489
377 1385
8364 9796
2604 13652
11527 2271
6869 13653
5541 10293
11030 13654
6439 3489
8281 5681
11971 4663
6828 11006
3734 13655
11246 13656
6035 13657
10994 1844
4424 317
13658 12641
1829 3533
10530 7536
7820 6393
5979 12187
455 13659
11661 13660
11791 7864
2806 8125
8430 10938
2610 13661
3230 6649
11123 8391
10300 13662
13663 8465
10882 1335
6604 11254
10940 2549
6947 3032
13664 12578
3685 5032
9793 236
5303 13665
8690 13666
11262 8126
11058 12372
12658 11868
10689 10200
1170 4511
392 13667
6129 191
893 368
13530 5242
3774 2988
7575 13668
10140 13669
7650 5167
11409 4101
3265 11761
11950 7826
1853 13670
6233 5537
209 5891
427 8283
9498 5820
11339 7809
10986 10714
4880 8944
8821 4352
3548 9328
2155 6433
9197 425
3794 10874
11510 11466
3765 6177
13671 535
4239 4370
892 13672
3984 13644
11617 7417
11659 8957
13614 11912
4523 13025
1940 13529
1187 13366
8675 13673
5113 2129
9016 4010
3790 7025
13674 5294
7880 5071
10205 4900
11367 3994
7821 11774
4632 13675
10526 8149
6590 11328
9205 12181
8417 10250
13676 2491
1636 13677
11134 8652
9536 6692
8098 1778
6757 13269
8742 6419
10064 7654
12421 11483
11520 11535
5872 5897
3546 12380
2654 9030
4350 13160
12259 7518
2074 2100
13678 6327
13646 7612
9816 9289
1229 1547
9041 3806
10315 8920
4230 686
9805 2506
7907 11897
9438 10359
13679 222
5591 4589
3998 7432
11779 13680
11965 13059
233 13681
6588 11646
11603 13168
9225 13682
13683 5013
2950 1953
3288 13051
4079 13684
5509 12811
7353 2861
3461 2105
10363 13685
9197 426
2516 10960
7079 10982
11645 7202
13624 13686
13330 2913
13687 12997
6698 12160
12596 7069
1212 13688
4878 13494
10509 6085
5589 13689
13690 13691
11601 13632
2744 13692
1982 13693
4145 13081
9294 13694
13609 502
7028 13695
11332 13696
6778 13697
4193 12966
13698 13699
8889 9547
13201 10923
11366 10221
3067 3697
6694 13700
10085 1979
2167 13312
10480 11003
13447 13701
9519 12453
8487 612
8371 11232
661 5508
3317 7918
13682 9226
123 13702
390 13703
921 12916
3323 9142
8967 1461
3576 12679
8019 9181
13704 10162
6254 2228
6674 8571
4376 1774
7060 11155
1609 13612
4054 6123
11027 13705
3178 13706
6550 6234
13707 13708
4030 9485
13709 10524
13710 2186
1682 13711
11408 13712
1763 9180
978 11829
12617 13713
6474 10768
11472 11528
12529 13714
9409 7273
8406 13715
53 2235
5125 1081
1016 919
2018 13548
11036 13576
10654 13086
13716 13717
2709 13643
4640 8499
7768 9655
10427 9938
1863 4894
10037 9083
1159 13129
13718 9261
1139 13355
5618 10835
10162 8831
7704 5918
11314 7077
9877 12987
3736 13719
13720 11386
766 8807
7648 13536
12231 12205
11061 13721
3074 13722
11065 1621
3333 3734
7642 12792
6607 9684
6383 12402
3976 9080
4306 13723
2620 5162
13366 7959
13078 13724
10601 5503
7728 10372
13157 6895
10303 12478
13244 13725
4886 12785
7504 5439
13726 13727
9977 10341
9769 13728
13729 8793
52 10745
242 13730
3917 13731
12178 12763
240 7003
6784 13732
8006 13491
11263 13151
7837 13733
8119 2452
4383 5749
12272 5578
5812 4843
12797 10799
10675 5445
6480 9827
10648 11523
7242 13734
3167 13393
2093 8235
10046 9475
13735 3877
12427 5253
3807 13736
10547 811
10416 11928
8825 13737
6482 10039
12842 8867
1597 11215
13030 721
1618 6563
6872 6191
13738 11320
9982 10185
1657 4567
5637 3453
7832 7328
12382 1028
7554 3056
9103 13739
9155 13740
442 12286
6943 13741
4655 13742
5226 13743
1223 6894
22 13744
7955 6844
13515 8250
12272 10049
13745 11094
7740 13746
87 9678
12727 769
7279 13133
1467 1000
13747 12405
13748 6453
10171 12667
3645 9020
13749 1221
7894 8995
181 13580
6146 13750
8418 943
13751 5149
11476 11649
4916 3943
793 13315
9382 4856
9703 1241
9347 13752
10544 13731
3800 2047
9606 1519
9704 9532
748 11267
13159 5658
4653 13753
10583 70
7006 13754
997 13178
13258 9404
9975 9208
12947 13755
8214 8991
6962 13756
9185 13252
3813 13228
1118 13757
8957 2334
7013 11481
7251 1580
13595 13138
614 5007
11700 2949
12637 7248
10714 13758
10952 13759
7157 5231
7993 28
13760 4142
12061 9883
12424 13761
2897 10348
11503 5423
5100 6574
6664 646
6803 11782
13762 6466
268 8766
13763 11597
1170 2596
4592 5145
10691 6018
13764 5222
10180 5956
11294 12579
13765 12204
8511 233
755 3428
11684 12673
4625 8128
1742 13766
13111 4687
11184 13767
9994 601
13381 8633
12262 13768
12672 8301
3413 8814
3891 3528
8248 6321
964 875
7383 5725
5273 4381
6656 11337
4931 13226
2129 8361
7860 11778
11960 6997
7310 8870
3979 1067
9271 2470
10276 5989
8638 10060
3255 1012
2164 6376
12916 11877
3900 11836
8871 13769
11966 1165
4149 12014
13646 7613
3297 7882
13051 6124
9571 4574
12832 1089
10772 6577
10705 13770
13237 8027
12029 13771
1861 12133
12782 9099
176 13271
5612 10493
6979 13772
6634 13625
3719 8998
12457 9395
13773 13774
12573 13449
13536 11924
7978 2739
8613 11234
11568 13775
7930 14
1500 13776
5495 13777
13778 13779
3793 10684
8061 9196
5402 8054
4572 13780
11056 4087
5313 2624
13781 7322
1299 13782
5069 10951
1625 11241
3200 13783
13784 9291
7878 778
13566 4428
1566 13675
9909 12362
2128 12886
10066 12822
283 13785
10047 468
586 2685
10196 4951
544 6102
3583 13786
1407 8962
11161 13787
1065 5829
9870 12847
5672 10005
10496 12529
2000 7721
13030 13295
13705 7762
9323 13788
9087 3899
2446 13486
12654 12383
10247 6297
12629 10705
10565 3539
7019 13092
10005 2606
7926 2180
3260 1091
11768 8754
13789 3003
13790 1830
10924 3244
11562 8927
9578 171
13204 13791
12305 3946
13792 9869
7640 6739
13174 13793
12338 13794
13162 13562
13795 4841
10574 11115
1053 13495
9459 12209
11831 13044
9297 13796
7161 9111
13797 2854
1429 9427
3000 10770
7850 11074
12449 13798
7446 13799
13800 2415
3062 13801
12001 13802
5185 13735
10400 4403
8052 13500
4310 8915
5737 1931
10778 13803
3970 13804
8083 13805
621 13806
9438 11255
9190 13807
1050 8737
8096 13464
7810 1716
7140 13808
4990 13809
13611 2312
466 7807
12019 11375
9515 6045
3952 1935
3194 2680
7687 13810
12363 3203
4325 5611
5416 13273
11536 13811
12021 6833
5568 13412
2467 3536
413 12316
7391 10434
11569 4681
36 3443
3847 13812
4591 12298
5726 7005
12184 3775
9292 152
382 13813
11365 10366
2983 13814
7951 12077
5321 8408
13815 12529
8207 886
9828 13816
11997 6268
7290 9514
11633 9076
5116 2475
8480 6269
5892 13817
10568 1018
12624 13818
6140 3449
2701 13819
11866 10800
11209 8943
4999 10460
12518 1496
12969 13137
703 7205
166 5462
13820 12268
5922 10502
2835 5794
6653 6795
10738 2137
13508 7554
3448 12182
3389 508
5994 13821
7666 2993
9160 12875
11234 13822
7744 11718
4237 8276
9707 2082
1893 13665
207 4864
1937 10490
13823 13824
2060 7740
9781 11736
13825 1263
13553 13826
7217 9914
12610 3322
11116 12023
6995 8800
10444 8601
10443 11416
11214 13267
7033 13352
5242 2143
9975 13827
6910 11330
8486 9000
9755 12537
2533 1124
3228 9559
13828 9243
3083 13344
12520 2202
1495 13829
94 11350
3412 13830
7292 13831
9445 11767
10020 2264
4312 9412
8237 9460
5860 13832
204 7881
4458 7066
1183 5137
13833 4117
12360 11485
9792 10275
13147 13834
2844 13835
13836 2827
2675 104
13837 866
10931 4475
1540 8949
12028 13771
6335 12976
13838 13839
10373 9141
13840 4537
7538 4070
12969 13841
12884 6259
7968 7757
7274 826
10043 9570
5953 8463
5308 10117
2460 8309
13735 13618
1029 8878
13842 4267
5332 2548
4034 12615
12915 8490
2909 8400
13199 12868
11936 7296
8299 9563
11677 13843
13844 7753
13157 13293
3581 12218
13126 2779
4330 5711
8953 2280
6618 13845
1754 5609
6009 13846
10118 10974
11881 11618
1889 9934
1388 6541
3587 7692
1971 11816
7091 12730
195 3310
6794 12197
1183 12106
9032 11927
7451 12412
9596 558
8859 8131
13847 9178
1066 13848
5190 8569
258 13364
9840 13501
13849 12633
12773 5380
1425 12957
11518 6039
5243 3962
1883 12908
7454 13850
5466 10271
12611 12885
12049 13851
2890 10791
7310 3145
12656 10527
5646 5949
1150 10824
3657 13573
1645 10652
278 13852
5506 13853
6577 5668
12518 9465
4082 12254
10364 3827
13854 5814
7211 12056
10165 12124
11728 5215
5570 9723
11676 993
9600 6845
3569 9103
3159 13674
4291 13855
5496 6038
5218 635
10363 4569
13856 5836
4151 13278
6887 3605
13857 4406
12304 12159
5945 13858
13859 13860
3922 10369
5903 12170
590 6301
12239 11811
8609 13861
9769 5184
10482 9907
13292 6736
12438 9416
9476 12865
7046 13862
581 1444
2204 13863
13864 12413
4 12927
4691 8999
12844 10735
13487 1816
9009 14
13338 1554
1767 3676
11562 13346
8187 9404
11670 13865
6694 10360
7161 3208
11193 12203
13032 13866
11333 9984
5338 1857
9215 7903
2857 6243
8613 2441
11984 13867
1179 8566
4288 9150
7792 2883
1733 13696
702 10274
611 8487
4274 3238
4345 13868
3646 9507
1078 12861
1445 4870
13131 10097
1838 3176
13869 13515
3586 13870
3773 13871
3305 4926
13041 3598
13872 7072
5072 7911
8433 7282
13873 13874
11603 7994
12081 1628
1592 9377
5943 5092
9392 4007
5962 8389
10150 4104
5948 13875
7215 7875
11235 4014
470 12685
3217 13519
13225 944
7670 2240
6622 13876
3187 13877
10736 5181
7990 13878
1942 1038
2146 7456
9216 3316
9104 13739
5390 12657
2150 7863
480 9468
6709 8441
5707 10031
8918 7595
13879 3544
1845 13880
7720 4604
445 219
8255 13881
155 13882
1394 13883
9565 7708
4291 10022
9546 3034
5400 10232
7543 13773
13884 9109
5842 13885
13886 12421
4881 11156
6006 13887
10520 7533
9058 13888
7883 6904
13889 3520
6083 13206
6283 8810
7 8158
5170 83
7647 4512
10054 6926
3453 5871
7195 6659
8038 13890
10860 7286
11413 13719
6274 4448
9460 13891
2710 9250
2338 4465
708 13892
12819 6878
1568 10687
9814 2555
3567 6751
10881 10731
13784 10751
1476 566
12733 13342
862 13677
2677 10014
2444 5990
12715 11874
9348 8264
8766 10269
3242 12443
9125 6575
13668 4705
2928 12419
11949 2361
3279 9484
10127 13893
9955 13894
6109 5081
840 1286
10494 156
8610 11498
9487 6050
5951 13140
4239 12810
3356 10611
13587 6928
10921 12731
3626 7267
8439 11395
1630 9443
2165 13895
13896 12496
13058 6879
4971 10512
9580 397
13897 8326
10819 13898
3750 10794
8204 13899
3307 13900
8082 5601
1127 613
4044 13901
6839 13200
12729 10601
2944 13902
13903 4096
2060 2343
5636 13904
3554 313
11433 8616
1815 8484
13905 6811
13906 4360
3808 8456
7240 9909
13907 13154
5951 13908
4343 11353
2184 13909
156 9875
12414 496
6027 8762
12644 657
580 13910
11234 13911
3332 9609
600 2784
10632 935
7171 8673
13061 8840
1621 4145
13912 2997
9719 3282
6738 13913
8162 9369
1949 13914
9983 13257
8568 975
13208 11574
10626 8243
3916 13746
4581 2867
4213 12158
11991 12279
4353 13915
2052 8374
6357 13637
6789 13570
6695 10944
4246 12838
5322 13916
2227 11197
12063 4808
10261 4742
12124 4069
13749 1220
8501 8934
5648 9645
9359 10864
1115 2551
12628 9398
9287 12930
13293 4602
2394 13504
10658 9139
4243 5116
13865 11671
11013 11410
9121 13406
13917 3140
9312 4447
10517 13918
13919 795
13920 12710
9191 11561
13921 9216
13081 8424
11204 9994
959 13922
1815 13923
13924 3117
13925 7730
5206 13926
1037 13927
13537 40
3064 6364
205 7276
1478 13928
11851 12904
12955 12638
8232 5717
13903 13410
12098 12732
562 3083
10407 13717
13929 6367
12717 13374
5271 9770
7292 5890
11012 2408
13781 7321
13522 2367
217 11181
7839 13821
10206 13930
4308 561
6324 13931
2686 13932
788 6398
12446 13933
3680 13430
9849 13934
4092 10287
8017 8352
13687 13314
5584 9373
2266 9676
293 5655
2446 13935
11867 13936
3503 3166
7460 12781
7806 1918
11438 12281
8311 6617
8669 13063
13937 5768
2754 12511
3679 4931
1469 9259
12491 13938
13939 11211
2590 7263
11932 12913
1814 8224
1912 4310
8844 7137
5472 11667
11064 9106
1267 13297
12610 3043
13797 5850
4577 3797
499 8377
8523 13720
13379 9289
249 4012
282 13940
4009 8148
2255 1043
4735 6842
13614 11913
11713 9678
3763 24
5580 13941
2290 11128
10038 7948
277 13852
12116 8810
8956 8845
8925 1548
13942 12696
9604 8583
6651 12926
1497 5622
6241 13943
8741 10655
8507 10650
13202 13457
8317 12388
699 9452
6744 742
5537 5401
2357 13435
6608 6677
9221 12761
11246 2266
3168 13944
13945 13946
4072 13947
633 5582
4386 13948
12839 13949
1235 13950
11024 13951
12329 5566
2990 232
107 9491
4146 13952
4780 4769
12890 13568
6380 13953
13802 12002
3052 12232
85 10685
4004 1992
4209 2504
10030 13954
915 13955
11573 11119
11784 9904
2794 3387
10461 3149
208 13956
394 2012
2575 7026
12127 13957
7860 7488
1157 9053
4738 7225
11315 7
9757 10976
6884 10956
3472 5740
9331 8932
1598 10610
13837 10953
13958 524
7432 8741
12840 4884
7568 5384
5695 12696
8227 9286
10103 13842
6196 13959
7930 12901
9192 13627
5133 5597
5120 13960
418 2793
2981 13556
7334 402
683 4432
7278 10088
6217 12654
7884 12426
8987 8586
10045 7903
3672 13710
931 8048
4104 3978
11313 4613
3885 5373
801 13961
9255 13890
7591 13962
13188 1372
6294 13963
6753 6817
8404 9534
9017 11230
10411 1575
3254 9829
13527 12569
13964 13965
11656 10947
6287 9427
7378 4067
5861 3937
9029 9306
1300 13966
3045 13967
1531 12980
2757 10597
12140 7874
2999 13021
11214 13968
224 5762
6328 4173
1091 12570
9910 1776
4475 11592
6841 6401
9401 10080
8727 13969
2196 6899
13348 13970
2010 13804
7541 12217
1981 13971
1400 6155
5422 12224
13919 13972
8182 10619
2268 13754
12876 9399
7662 8137
13973 13974
4752 4082
9984 13975
7847 5756
3431 12747
2333 9370
12998 13976
4950 7073
959 13543
12188 13977
2774 8000
13978 2607
4264 13979
13980 11121
6527 13981
10999 6025
3492 13982
1604 12659
12258 471
11007 7531
9210 4333
6452 13421
2677 6642
5654 12549
8350 1709
11270 924
6209 12488
2673 13983
4162 5030
11395 5858
6421 11210
11285 2302
219 13984
634 11396
5834 13930
10997 8529
2244 10181
11423 9821
11983 13867
1884 11857
12262 6562
9110 66
13985 3290
8064 5459
9554 9689
1018 9906
2430 12963
5134 11364
3188 12151
9785 7642
6771 7022
4008 7727
1982 13321
2920 3903
5932 13385
10144 13820
13058 13986
9316 13262
8537 7443
2949 13987
8564 10263
9523 13988
8181 9878
13778 12321
10418 5352
11300 8622
4123 12101
1130 4600
4631 13884
5017 9907
4913 6086
4187 11154
8547 13989
4836 8478
9300 13284
4681 11570
9081 2968
10978 12221
13386 3846
3092 13990
121 5914
8923 13991
7132 1015
76 13992
3286 1241
10715 12237
3736 11096
3441 7353
6228 12789
11940 4592
410 4674
11251 11272
6320 3831
9530 13993
5289 10400
9301 12693
13676 13994
7344 13995
3122 7363
10549 9361
8379 11915
9725 13996
9915 10021
8433 2933
6511 1967
13289 4112
13362 11495
2078 13249
13997 13998
11106 4909
11395 11609
13999 14000
9622 10433
5418 3787
1715 10625
12960 13707
908 11588
13838 13095
13857 2713
8606 3413
4182 3483
8978 7218
13066 6536
10083 13152
10941 9783
1271 11804
5631 11900
4839 6467
4320 6509
1945 8780
9017 11231
814 13651
9094 10332
4336 9060
13082 2095
13577 13761
2134 9438
12143 1852
2936 13053
4117 5297
12141 14001
636 5980
14002 14003
6110 13823
2311 10530
1085 24
13015 5602
13317 14004
10485 1868
8784 5600
14005 9830
2059 8661
5655 5525
6261 12184
11797 10520
8188 13599
14006 474
13711 4399
2348 12088
3277 11971
8596 13177
2509 10285
12122 8756
1403 8803
2366 14007
1192 1239
2691 2162
12111 7685
5688 11067
1770 1327
2592 6738
5517 14008
14009 14010
1274 9145
7541 1187
7746 14011
5477 8837
12939 14012
10109 6935
325 10905
820 7035
5937 10543
3339 13449
11130 8090
14013 11472
5594 1016
12007 8558
5916 14014
8305 321
10111 6756
10765 6620
14015 11310
1663 13553
10452 2563
12370 1419
5763 1065
10723 8117
12841 11474
8128 11145
734 3586
11255 925
12053 11007
5703 12214
7612 9714
6142 12266
4292 3907
13738 5308
4615 10448
1650 812
13221 13208
668 10272
13352 3516
2948 2357
814 13718
8018 6406
4428 5139
3968 10695
6008 12853
12635 14016
2449 2591
10246 9135
5177 12903
3879 11585
7423 10141
9757 398
920 10886
4069 890
10193 8414
2133 3963
2210 5825
4409 10598
1466 11516
2929 14017
12945 2905
11034 3391
6542 14018
749 13085
5294 10542
5658 732
1393 1001
2865 1625
4403 4401
1383 9817
4345 13679
3385 14019
561 60
841 4127
4563 12003
4195 13682
1031 8337
9867 7347
13661 7312
14020 13751
8817 1743
12363 2701
3245 14021
6736 6161
3712 12786
4447 14022
4668 8451
9961 14023
3629 10565
2133 980
11193 132
9119 7033
8566 13518
4338 5203
2787 13369
12072 11014
11413 7927
2318 12894
5060 13082
13066 12681
8739 11030
1592 5448
12929 4619
13789 14024
11957 4777
10229 9845
9910 8952
9336 825
8892 5288
3610 2277
8409 14025
8095 12500
6827 8387
11121 4594
9616 11803
12890 14026
8853 12889
13485 9504
1374 7294
3856 14027
7821 12384
11516 11266
4493 3556
2020 1480
1898 6296
6661 867
9368 10314
3132 9469
818 5466
6504 9532
13929 6368
11869 488
7768 14028
3589 14029
7320 5025
6119 13544
12725 8021
4689 9318
11665 477
14030 3186
4721 7043
6667 13654
2052 14031
3698 3054
9263 3243
12914 9402
10380 8247
12487 4703
2911 8064
5737 11744
11816 6172
6248 3732
6440 14032
5437 11141
1618 6562
7968 7758
10195 14033
2111 14034
1695 7133
9858 6855
9855 14035
5736 4119
1749 13843
5765 12724
12329 7538
14036 10264
11193 12202
9456 12943
6391 11853
2316 14037
11444 13726
4060 9032
549 796
6046 11578
6528 4690
454 9790
10653 14038
2682 7149
6986 7799
10816 4857
5107 1438
3048 13939
4176 7052
4478 14039
2201 12520
13760 10667
14040 7661
3124 9956
5766 14041
8526 6707
6798 5790
627 10752
4847 1337
7703 2001
7047 5901
4102 14042
8760 1112
12267 14043
10876 13916
5268 14044
2287 8908
1919 13733
11682 10296
5024 226
11888 14045
1038 10012
8570 12434
14046 14047
11820 10620
5991 13507
599 5914
12560 9895
2528 9548
7186 13005
12187 14048
11054 14049
8845 14050
704 2668
9135 11159
10849 5895
11999 7423
921 1246
10728 12406
4764 10456
8459 10478
2767 4700
11380 2019
13489 8369
2810 7327
8956 14050
5532 13713
13910 5090
9645 5649
9062 14051
6252 8677
8670 183
8296 5877
14052 11925
5541 10292
11418 8255
12596 14053
4198 12213
9322 11631
7167 4054
13621 13856
8197 3408
754 774
11788 9994
4635 800
10541 10750
3216 5643
8172 7665
9282 12648
12967 13788
4903 3418
9725 10084
14054 14055
9368 9186
6435 14056
10116 9054
9785 7643
1901 14057
592 6754
10614 13834
8182 3585
3645 14058
12155 14059
6410 14060
7317 7355
12367 8686
2163 11354
10860 3284
12501 7589
12210 14061
14019 3577
3202 3299
6182 3615
10410 10857
9113 14036
11032 14062
2183 2425
11408 11450
13882 3753
4685 5298
10865 14063
951 7269
5771 885
13102 1108
1213 13688
13736 3744
14064 7853
3738 11534
12253 8629
9986 13889
7896 14065
4429 12468
12808 10351
13663 579
2899 14066
4722 5421
8328 2781
12663 14067
1210 3071
12813 6291
4366 9482
12362 9768
6889 12401
10063 11648
13896 3570
9770 5272
12678 14068
10954 2586
6813 3952
10151 14069
5766 7055
10204 11504
4138 8963
1561 12456
12442 6566
11377 8748
14070 9160
2667 14071
8522 14072
12686 9980
11383 12012
13625 14073
6647 11479
6121 1227
2151 12501
7824 5458
13639 995
9981 13003
539 11428
5452 13009
288 9526
13357 3272
100 13759
2274 9873
11876 12164
10727 10888
13083 8978
10313 3770
4947 9554
32 8337
6935 12929
14074 13779
2547 12487
8892 5287
12074 12430
5498 2101
355 14051
5901 11207
9736 13049
13218 9695
12686 6951
8186 8458
8180 5314
1293 14075
12231 3052
11482 14076
6919 14077
3013 5745
10758 7573
11542 9936
10767 12902
3305 4927
10471 9569
7909 10425
10375 13409
4703 9074
7041 10179
5266 13401
5772 7022
10897 13392
8104 14078
6059 6774
4816 3561
13571 11689
4766 14079
8203 10164
7007 8320
1136 14080
7596 341
10402 11963
5205 10494
13798 6283
14081 8411
1246 678
6362 1729
14082 8691
7789 9586
11292 11749
12610 3042
415 13267
2784 4548
13028 6471
696 4790
2087 13373
13624 8521
6024 11808
7489 14083
4399 2803
12870 14084
6684 9446
5209 11087
10376 7265
10001 3435
6560 2214
14085 3589
3049 13620
6414 13777
13458 10509
9766 11710
8903 2935
8723 10693
8158 3863
13840 3673
10070 4359
6705 3495
6176 7107
701 9964
14019 10645
6526 13609
11235 14086
3825 8491
2778 14087
12910 13796
1602 10602
9607 13320
14088 13268
3749 9449
9628 14089
9518 2967
8058 8503
13854 14090
11027 14091
1956 10703
11801 2447
7591 13020
11281 7299
188 501
11459 8195
3199 13783
8928 11203
7628 12782
4318 12144
12241 8285
11396 5978
7193 8231
10926 14086
12618 7514
5138 1159
5303 14092
12456 14093
13737 8826
739 10206
12082 11213
504 14094
9368 8821
10489 13274
9906 9426
3002 13631
1434 13462
14070 14095
6048 1295
8868 14096
13629 14097
1226 541
4568 8730
11809 13136
5834 4716
4624 6048
11061 7939
1728 6791
6258 12325
8204 11247
5449 1440
4803 4908
2459 11668
10886 395
168 11958
1692 6554
9254 14098
4227 1996
2961 304
5599 14099
4210 2074
9341 2898
12693 1880
2098 12145
5882 3142
10967 4481
9408 14100
12280 11438
11898 1307
13792 14101
11627 491
4298 13149
12567 13307
9783 5654
10131 12850
11352 771
10332 10266
6152 10975
9924 8293
6542 7457
4299 14102
5840 8627
12683 14103
2115 4733
7953 10062
11686 12247
6553 14104
2666 11149
11321 6019
11454 12306
4939 2837
2917 8851
11779 8899
6523 13010
10171 8632
13353 13534
10306 7968
7961 228
2336 6901
2269 11367
2918 9229
14105 1456
9447 4257
11923 14106
9711 14107
14108 7571
9702 10480
7370 11599
7146 7142
7205 12504
4493 12513
14109 14110
13984 14111
13999 14112
4967 3486
11447 13698
1573 6663
8971 5300
9998 14113
105 13959
11290 1550
13343 11643
5727 1640
6700 14114
12174 12188
5325 14115
5346 10834
11401 13431
4033 14116
12803 10706
9665 295
9866 14117
10369 13480
13670 5795
5079 3619
10794 14118
5878 88
13985 11768
2286 4999
3398 9392
14019 14119
3738 13974
6639 2484
12573 14120
14015 12546
415 3475
7430 12329
748 10668
5350 14121
7515 7843
14122 700
6685 6306
11168 3542
14123 13156
5158 9594
2128 12803
10505 8028
5512 11782
6056 12888
11473 5753
5491 6205
14124 9963
9369 8163
4849 8890
8035 12939
4339 13455
12213 6679
5178 3091
5609 569
12526 7636
12226 10439
13980 10849
8059 14125
3501 12
14126 12946
3963 14127
11067 9492
3891 14128
11283 8210
8922 3404
5374 9802
12040 5356
739 13575
3676 14129
6208 1724
7212 9641
10962 9274
7203 6426
13849 3983
12119 1658
11527 3694
11663 7622
2861 1241
4739 11380
11213 13968
14063 14130
2543 11171
14131 14132
13866 6117
5841 8859
3340 2749
1092 14133
8988 1665
8015 3471
5826 9667
5577 7726
7369 13980
903 4888
5413 11163
11436 13928
3223 13138
14134 2899
8142 14135
1559 11796
8128 11935
3136 3107
13397 11217
13470 12620
12673 13190
7051 10969
2844 6990
13529 5472
12042 14136
2138 8705
1527 14137
5789 483
13448 4095
10223 3965
7741 12789
13876 523
11261 4780
10729 11563
11414 11795
6653 6608
1582 12524
3465 1544
4967 13317
8175 1284
6138 10969
9024 13994
12813 13194
8584 14138
7390 6882
9753 5755
12587 14139
6814 10076
1224 12328
3352 1241
12309 4941
2534 13899
9115 13468
12409 4944
12945 3769
11476 2678
4659 14140
6939 9566
2254 11271
11727 1400
11678 13235
805 828
7530 11420
7590 3179
10015 7439
4232 484
12420 13782
459 7206
646 13123
9999 6498
9212 667
7357 14141
4666 14142
8875 278
11315 351
10686 14143
987 8759
7871 14144
4085 14145
14146 14147
7986 3360
3999 2131
10781 13990
2074 7054
5871 14148
13246 14149
1920 2179
2380 8140
13842 12341
13658 10023
6848 128
6087 8013
4046 10092
7688 13810
5033 14150
5635 13944
9738 14151
6710 9582
4319 9470
12376 13690
3889 13153
9497 8261
38 7886
11089 347
7435 9631
12168 14152
5172 6886
6485 2986
10385 14153
8939 13969
1243 13176
1044 2915
5240 9713
2173 12264
1054 12364
813 14154
12509 2423
6197 9025
10781 10128
10334 10930
13999 3979
11866 8340
4545 9920
13553 421
6121 7835
1543 13838
10045 8711
3010 14155
4452 12193
7230 2342
11508 2359
534 12561
9505 4294
1546 9711
7767 13202
11679 3905
5439 6830
11579 4261
11262 8127
8356 6853
10066 11979
10535 13277
7499 14156
11939 13389
6316 6511
2982 10178
5403 3459
1885 1063
7397 4985
1909 14157
4040 11435
12472 5897
12027 451
7472 7016
860 3090
8019 10729
13770 342
14037 2250
1746 11463
7987 9294
3711 10189
3887 3544
13536 14158
11260 12701
14159 306
9626 10321
10392 8105
3657 9611
7538 1688
3756 12045
1676 10494
9702 5730
2831 8457
8312 1699
3577 14160
11123 13878
4122 14161
8536 14162
7610 6501
14112 14000
6344 10259
10012 1793
6577 5667
3635 12925
6668 14163
9982 13567
11924 14052
4898 13697
9803 457
383 2797
9015 9924
13468 12463
12740 6076
10118 3197
13554 1241
10519 9325
13555 4407
2688 10858
10953 8480
3050 13438
13102 13207
14164 14165
13748 7324
10421 2439
994 13334
14166 2354
12479 8470
8599 14167
6751 6114
8880 14168
7246 3517
1302 12100
5138 7170
8118 14169
13111 6868
12447 11390
10146 14170
12643 14171
10757 14172
4328 3087
11212 9273
8416 3713
9035 14173
8038 1525
12386 1413
10954 11919
14174 6419
1208 9819
8890 13597
14175 14176
1044 2432
14177 1686
4958 12063
6638 11529
4485 8703
2039 14178
1479 12742
6893 14179
10734 12844
8042 14180
592 6939
9629 4050
14036 14054
1488 14181
13110 11170
8896 8200
13866 12665
10575 12760
14002 10190
12450 4181
6685 14182
5041 12287
8109 2251
13882 2265
8454 1910
2144 13114
2447 12846
10453 9625
3429 3777
4339 2923
9760 327
14183 13604
6466 10007
729 1241
7764 14184
12670 14185
2421 5845
1622 14186
11436 1478
5876 5746
2012 3781
11454 12305
3693 10972
13347 12225
5619 4936
5623 13596
5515 11529
4050 241
2152 14187
14188 13873
6734 11397
6008 14189
13032 6031
11906 14190
9962 14124
2536 7924
2519 2054
7155 4564
10705 12741
9083 6411
7774 11258
3468 10896
14041 6225
5036 2350
3347 362
9119 9615
10084 11616
12806 3860
9665 11560
5179 14191
8159 7280
11658 14192
6394 1462
10356 9506
12146 8159
12082 14193
9692 11667
365 3072
12290 1294
5039 6156
736 4768
4638 7839
11949 7785
8976 11125
5042 954
14194 14195
10426 3007
34 1898
5586 5240
4757 237
6885 14039
11797 6306
14079 14196
11004 14197
13823 2439
3934 1890
150 1277
6578 11077
11863 11140
5468 3220
4367 4779
4505 1672
9759 14198
14199 14200
10033 14201
12288 13380
9974 5291
7462 4924
1607 4286
2397 7181
873 11492
3141 7694
7102 12432
9235 3465
2603 1551
197 201
9767 7565
1459 3481
6331 13854
8674 2075
12455 7724
13229 8536
8991 1713
2657 13639
9632 3306
8659 4412
13068 8052
7205 459
709 6527
9545 6105
8036 3245
4852 2291
661 9748
4793 4647
8965 13285
12839 1319
3590 635
1661 13481
9367 10983
11352 1447
12339 14202
9199 3773
8578 8820
10254 8324
3592 3848
2810 14203
1068 12613
7861 9110
13408 3521
10586 10882
12425 12984
10726 10732
13995 11452
11369 6937
12634 6624
4232 11445
12328 2579
972 8982
3942 1662
7523 11520
374 194
5032 14150
3467 8549
10386 13165
4031 6874
12923 9559
11116 12022
13983 12746
13748 6454
14204 6228
8384 14205
1697 1516
12001 3790
4040 5387
13711 14206
8821 5807
5718 6725
235 9793
5514 14207
9251 14081
7029 8855
2166 4906
11347 10846
3806 1196
8766 8828
5727 1813
2287 14208
8209 9619
13709 10523
1476 565
11023 13258
13148 2823
8479 7476
4451 4508
1672 14209
4909 4143
12167 9865
13489 12348
10903 2288
5985 7243
3523 7580
3871 14210
6499 14211
11657 8132
12671 14212
2533 1123
1569 14213
13312 11723
4447 3017
106 14214
8772 7795
13057 14215
14216 14217
6513 2983
4737 14218
4301 7117
10603 11981
9398 14219
12463 7615
11209 5082
10240 247
12378 4728
5384 14220
12661 7775
12417 6956
11197 10110
3659 10656
12690 9185
948 10329
9298 14113
9419 14082
10838 9307
3165 3503
1339 10285
8306 3133
5146 11743
11986 11577
10403 13106
2914 9200
9386 12394
11761 946
114 5318
9128 1021
5267 10920
2992 7413
8031 3359
47 11076
7778 7406
9877 12986
235 2893
8634 14221
13330 1888
168 14222
13622 13856
6882 9842
2954 9257
6441 14032
5880 11666
1704 4830
3367 405
12635 122
422 10777
12412 13864
4510 14005
3200 8199
3438 3932
10902 14223
10280 4077
10772 4882
10825 5411
7778 6447
7299 10463
12051 10415
6988 11707
5289 12675
10155 13241
13417 13636
9812 14224
12291 475
14225 4036
9971 3865
13669 9863
11543 5899
9851 5309
2604 4868
14226 13532
8678 14227
4562 5388
5775 2146
5914 8212
3989 7452
7371 11068
14228 10004
12365 1736
10829 2764
5481 6923
12543 13185
508 2287
10427 5381
10732 8366
12285 14229
13145 9969
6007 6848
12013 11638
1151 13633
1295 8914
1354 14230
3322 8681
1400 11122
12824 8442
8013 14231
7953 3130
14232 14233
10770 10645
7164 8456
4589 11907
12021 5164
2153 13502
4788 6078
752 8042
13900 7556
9797 14234
4084 10935
9118 6198
9356 11855
7403 189
11924 4441
6508 4661
2378 10380
12641 454
11288 1241
827 14235
9892 14236
1206 13143
10788 2209
12980 1532
13998 14237
11433 8617
8867 5000
10420 14121
3528 14128
1744 13288
11489 4064
8595 9652
2048 11781
11110 11336
4948 8959
5386 4650
7506 4919
5419 8473
11608 12427
2095 3002
1824 2973
12589 629
6640 11054
13676 9024
4772 14238
13929 2196
2321 8997
8326 7086
9016 3365
4637 7910
14157 4404
3194 12459
473 7764
10355 8305
7879 659
11005 1725
11369 11514
10421 8029
6604 11809
5568 11984
11257 11250
11894 163
12655 9126
2445 12340
6936 4732
6629 11095
6600 14239
9018 14240
12034 13244
14241 12350
10330 12830
3304 6929
7083 7885
531 10651
3458 13447
1036 9542
12606 763
1640 13542
12637 14242
13842 14243
10751 2017
5870 4335
13166 8516
7935 14244
14245 14246
14188 6258
4677 14247
805 12726
7989 14248
4304 13737
3075 2789
13321 3580
4663 14249
8450 14250
4463 11494
10295 12935
4799 5427
11223 7056
9035 2170
13407 13646
2859 8847
3978 2486
11685 14134
12842 986
13140 13908
6614 2206
7329 13647
8871 12053
6239 13014
4081 1035
4675 11633
9243 4236
7406 5547
1571 8511
10110 569
6880 9376
6210 7453
9375 13532
2403 8399
9676 14251
14134 14066
12204 8922
10430 14252
14088 9670
9069 6233
7858 5210
5106 13408
4698 14253
4432 684
1111 13306
3058 11562
3860 7165
9700 9228
9401 1645
714 4326
9209 14254
12419 10309
10339 12695
12678 2223
12819 11625
12895 14255
13497 7434
6371 11475
13773 7040
4063 12490
5547 6683
3384 4223
12602 627
10576 8260
10804 9747
3744 8115
13302 5455
6858 13543
9068 13845
3068 6565
3857 14256
12508 4462
12644 10581
6040 7965
14257 11172
12576 11407
5618 6154
1694 6630
7291 11702
6479 12161
3664 8243
9077 10317
7366 4889
13973 3738
3591 4005
707 13892
14258 1241
7147 12775
10645 14119
7144 13869
14259 3248
5165 11886
10902 3218
4140 13565
6795 7917
10526 13594
11300 14145
8639 14260
687 8660
9517 14261
8031 7949
594 7866
1294 11513
7199 13037
2502 4252
13434 13309
11767 14262
2132 7237
10292 405
3344 8666
1934 12688
14015 1571
13468 14263
8422 7367
5576 13415
10102 14264
7657 11447
586 12867
13123 5506
10713 1504
9570 6725
6662 8976
5310 7899
13394 11844
11024 5693
5565 9120
1490 14265
11437 7337
1842 13139
3948 8045
3446 991
609 2742
8706 9440
9344 7723
9156 9653
11365 3018
9726 14266
12997 2411
11518 2108
3293 14267
10597 13115
11742 4346
12464 4843
10676 118
6112 13547
14268 1500
6403 221
9162 14269
9238 9851
2374 7186
238 6020
8002 3968
12991 4796
6351 4738
13237 14270
6977 1765
13029 12545
11557 2199
5665 9062
8034 14271
12670 12385
9947 10549
10747 5011
6791 6548
7024 12871
3220 12577
12344 2953
13407 11080
3799 7122
4708 339
1373 12215
11762 5988
10637 7797
124 10242
11458 13195
18 1090
8971 14272
8703 7676
13232 4771
13203 13509
3323 14273
27 14274
11678 9541
8132 14275
12346 3155
8715 3431
975 7598
1417 3698
10827 13348
585 11398
12394 14276
14085 14029
12566 10212
849 8718
120 12519
4964 12418
4392 12300
10353 260
2530 11968
7477 11683
11780 11929
10434 14277
9003 13638
12900 10199
8907 5311
11958 14222
5499 5367
7929 6713
13172 13616
7837 7470
4207 8248
7100 11682
11333 14278
879 4793
4502 5650
1379 9202
12742 8729
13720 10992
3998 2282
8811 7158
4621 1165
8249 11571
2722 12313
1797 14279
13429 7046
4768 737
10486 14280
11345 10162
9037 7283
14281 6380
4920 13382
5945 14228
13029 10569
14282 6700
1056 11905
6222 12727
1023 12991
5228 4465
11952 11387
8575 14283
13424 14284
4088 13866
4154 8609
9826 161
9569 13338
5794 14285
10858 6697
2279 7607
8476 14286
1257 5232
12729 5254
12729 5253
4469 14287
13493 10228
13473 9211
1935 2619
7944 4350
9491 8595
8889 13109
4456 7104
9 6976
8322 12944
7283 1674
10360 12983
6961 9283
5105 10594
11056 4086
2611 12183
14288 14289
13442 9838
12712 4210
11196 14290
13491 13656
8842 13740
9142 7200
9177 1878
13745 11624
8195 6556
9472 8065
8573 14149
6901 3046
9804 14291
9431 9012
9600 6287
8930 11415
7653 11628
13590 4000
500 4580
12111 9755
10654 4629
14085 10795
9766 7039
5051 670
2353 11408
4684 1907
6456 428
5820 9499
9660 12018
14292 13166
10279 2152
8561 11908
4238 14293
14223 7690
11004 12391
13034 11188
12121 9065
13301 13938
2297 6524
12851 7276
5301 3300
4235 2886
6695 14294
3579 14295
12253 8630
9658 3315
13627 14296
3234 11733
2746 7303
13916 11419
7347 8794
6880 9375
2648 3088
6949 14297
12900 14298
727 14299
6947 7779
12929 4620
1280 14300
8383 14301
4404 2727
3826 1889
740 4576
1870 5740
7568 14220
3986 11165
1334 11847
10088 14302
8828 8767
14303 13098
5432 13560
14025 13076
2285 13552
6628 6962
8434 11938
2027 4786
3392 11459
3728 9319
11077 2417
8794 6145
10414 6748
447 3419
12936 8905
4784 6172
12550 3530
9723 14304
14305 1572
5326 14306
4863 5191
12881 5297
10785 13281
4979 14307
12565 8747
2499 7980
6822 14308
6703 12136
8829 1171
1304 9765
13097 2700
5655 9130
11095 11595
12473 1115
7880 5103
1892 112
2729 4463
731 5534
11881 2070
5836 7580
11664 14309
11610 3271
9607 13319
5094 14310
10378 14311
9642 2109
2852 13324
3488 14312
641 7306
9886 1586
13308 12623
3708 5198
3421 4457
8796 13671
12894 2319
6281 13558
946 8832
12832 13891
8585 8142
13157 13294
12540 12078
9812 14313
4155 3515
9404 14314
11142 14315
6250 3023
4446 10279
1665 11370
682 11916
6524 6370
3106 8030
2231 5063
6325 13931
4438 11307
2433 4636
3762 10818
13394 8621
7891 12382
10065 11610
10803 11973
13900 12255
5394 1217
14069 8639
13579 14117
4295 10954
9576 4757
10989 13881
12461 8471
8925 11621
13417 9811
8546 3444
8592 8416
12774 14316
5200 470
2137 13091
7652 10591
12019 11118
7257 371
12954 10098
3420 10166
8227 9448
3798 12793
4848 12614
14317 9701
11585 7227
2620 855
10298 6101
8214 9782
2528 14318
7638 14013
13602 7053
3540 1391
6068 14319
1105 12016
5199 1325
2771 14320
2656 11185
8136 8350
10103 8493
11367 8725
13150 14321
5052 14322
2225 13071
10795 14323
13182 12697
93 13590
11033 3377
10282 14324
6017 13384
3241 10852
8950 1531
12672 9003
4072 12756
6518 14325
1353 2846
14246 2692
4342 8542
984 14064
313 3555
4106 5849
10259 12912
11073 12075
8580 13734
11450 8108
3060 6167
10380 8246
6199 7047
11022 9850
5785 2631
8399 2909
12447 13933
6498 50
7701 13242
7779 11511
10212 14326
10780 6460
12561 12641
12956 7801
2995 3560
11216 1744
4393 1993
5669 4898
1255 4962
170 1655
8186 5195
14327 5882
577 11173
13329 7614
3426 13584
10387 10016
3219 14044
13008 4493
6238 14328
6884 14329
12141 8307
14189 12368
5844 11341
14172 10030
9015 9925
10079 13948
6729 14126
2282 8574
4069 8157
4461 2029
3868 2424
4951 13105
9004 13904
13354 625
6832 4877
10473 9189
7053 11945
6770 8019
1610 6932
13040 14330
7620 14331
1818 1367
10893 11161
9056 2405
4425 2053
136 14307
12296 13850
6570 13047
6221 13601
388 10429
11836 3901
1182 13222
12299 14332
13197 14333
1820 14334
11325 12139
6671 548
12618 14335
4941 7565
11863 4640
3247 3368
2815 2610
3920 10086
7877 9861
1358 7061
7264 10376
6515 13214
4483 1907
10211 10828
12628 14219
5579 11072
6852 2521
9927 13522
2508 10922
2568 8516
242 11032
8384 1814
13182 12698
13647 12220
9356 6626
9592 14336
7549 14337
9693 13634
1922 1154
400 5722
10232 14338
3978 14339
11786 1881
8433 2932
5988 11926
1828 2442
921 10833
5122 4495
11685 14340
10451 6384
10997 9954
6566 14205
5703 4990
5558 14341
4631 7464
13779 14342
2240 10994
11574 13212
14343 103
6737 14344
289 11554
12687 5933
1511 5675
8693 2184
4791 14345
272 9857
7370 7301
126 4713
4855 6477
2870 9454
5216 4433
843 13645
5158 9212
8612 14049
14346 7430
6322 10562
8506 6860
2341 13361
8637 859
10143 10004
13678 1631
11526 2714
6221 7840
10345 10622
8504 14347
4025 9858
12913 253
1190 9125
617 9639
13378 4208
13487 14167
2166 6625
7900 4932
6417 12567
30 7229
9424 13976
14348 1303
14349 3334
13382 12175
1305 4743
3094 14350
1851 12762
10479 13466
5927 10659
7668 8429
6404 6972
2566 5492
1520 11587
7385 10495
6709 9634
8023 2066
4344 13868
9648 11548
10488 13689
1054 7733
9711 13384
7230 7975
12280 11983
12050 6766
7492 5436
14035 4859
13980 10850
1493 6818
10099 6760
4434 14317
3370 8289
7669 3284
11315 10606
4490 11896
11922 6802
12533 5577
6976 3588
8711 10793
13126 871
6022 13104
1883 13690
10149 14070
6974 9719
320 9420
10219 12439
9324 10519
8256 900
14351 13162
5839 3386
6749 14352
10547 13013
2369 8114
8244 48
2387 14353
10133 13583
9455 12658
10536 3227
244 6192
12084 6819
7424 1593
11760 1252
8581 1983
9230 11700
12425 12771
4935 1633
2633 12733
7682 14354
10299 9122
12657 14238
10443 14355
7791 1416
12872 12402
4610 5224
12089 8610
10374 3399
791 11201
5208 7003
6909 5351
4226 14005
14356 11802
12312 14357
9477 11381
1784 3428
2124 11854
14358 14359
7194 8812
10757 11430
10340 12389
557 14360
11695 14331
5071 102
7972 10708
4013 8716
1032 5593
9742 7769
7843 10653
5250 13958
13687 974
10650 3096
4773 10431
6380 8848
8036 11377
9053 13814
571 10367
13201 11824
4030 8390
2230 2187
2527 10090
10597 4624
11684 9091
13613 14361
12090 14108
401 4853
12159 7419
886 14362
9544 13755
6977 6140
12234 13894
9392 1617
1526 9903
5102 7575
5602 583
11674 13488
14363 10586
10326 12540
11744 14364
14365 554
5295 12881
2034 7201
3854 4423
2583 12506
2043 13503
12167 11696
8133 10452
14159 14366
10332 3230
4637 10820
12844 9702
826 1233
6652 11361
7416 8144
4981 1407
12066 14367
9396 8293
4648 13103
3588 14368
11978 2605
5271 10193
4496 1670
8727 12808
253 2071
4492 9223
12543 5257
952 14369
7355 678
11928 10417
11662 12437
4677 3819
8497 12564
2270 8165
9601 7154
11250 3729
5349 1560
8491 14370
2039 239
3529 14371
3703 204
13729 13121
7497 621
13844 14372
5603 68
5626 1467
1282 6439
968 11093
5386 12753
3898 14373
12328 4366
5723 9556
2802 11465
13551 2022
6470 11052
1126 1540
12350 14325
14064 12400
8125 4559
11629 6096
3712 12787
4314 5659
14142 11876
11493 6167
8369 4588
14374 13411
12893 3239
8062 1929
3289 14375
14376 11953
7415 6360
5904 12356
6278 14377
13288 13511
13407 14378
1202 7215
4464 13499
10753 5500
8795 14379
6381 12246
11027 9774
3542 10634
8085 7195
1728 7498
9586 7222
473 5689
6027 9810
13130 13055
9971 3864
8302 5336
14175 6712
11955 9488
628 9148
9061 13107
13175 9385
13397 11218
1292 9281
6470 176
7215 673
2037 13651
1870 11695
5968 13260
192 13113
9694 2845
543 14380
12378 3625
332 14381
12445 14382
4260 13039
6387 14383
4932 2634
9782 13937
9161 14269
12395 13793
8560 5957
7015 11851
3740 14384
14385 3404
11255 4133
4843 6362
8667 414
6532 10537
13555 11948
9599 14386
5630 13523
5374 14387
7795 14388
12503 9881
12994 8462
8437 12990
13990 10782
3419 14389
13392 7936
10938 10422
4255 462
13907 759
5214 3487
12402 3607
9054 7713
10291 14390
6448 14391
9479 7650
13568 7871
2846 8724
13920 10192
14225 4694
13937 9458
2792 14392
3198 9302
1163 10945
3577 10131
11901 8513
11860 14393
10420 5350
3636 3758
10373 8426
4914 11746
8102 14394
8939 8292
13749 11471
634 14395
287 2200
8417 1205
13413 5812
11251 13272
1931 14396
10173 783
5744 3013
4652 429
7035 14397
5674 880
1220 8814
6441 13258
7248 14242
4910 562
4019 13141
11282 14398
14013 10540
6578 3188
1174 1957
11602 11310
4989 14399
4355 13823
12399 12981
3087 12995
2824 7966
13247 14400
2877 9717
1548 179
14357 13555
72 9070
12152 5226
13433 7680
3619 933
5692 685
11908 345
8141 1936
398 5993
2215 14401
13475 13932
12829 14292
11586 9626
4915 12896
4838 3168
5398 3461
6899 14206
12687 797
1791 12992
7925 7305
13313 8863
8744 3990
11686 14340
5293 13380
12624 11623
8917 14192
6322 7036
1134 2962
802 5062
1000 12689
7190 13353
13797 14402
9169 6636
1607 6093
6704 7258
5747 9598
5443 4656
12258 14403
13303 11819
3319 8012
6479 4923
2999 5233
12771 5360
1109 7029
13191 1037
1500 104
11031 13174
12468 14404
6173 10603
5458 7588
8351 12115
4751 14405
3396 11843
4035 14225
7583 14406
6823 4015
2084 12646
3716 8050
4985 3676
2599 3781
2609 9588
3026 14407
13639 14087
6942 13741
8440 3209
10264 10960
8594 3287
11260 14408
1303 4147
13876 6407
8560 1411
6518 12350
3970 2010
4023 12194
5048 12998
3882 11765
6919 3034
9881 9487
9297 12910
7103 14255
1876 2045
1834 6052
885 12713
3177 6667
2952 5430
4089 13128
9262 13960
7650 14409
5963 14410
102 14343
2132 4446
11532 14094
9891 937
6309 14047
11018 4722
12516 11183
8621 14411
12155 10248
13216 1466
1647 8581
608 5823
9068 3435
4545 14412
8330 8280
6403 10747
12585 13472
155 3511
3740 7166
3708 10678
6834 3830
2321 9644
9708 12755
2122 12449
9879 778
13142 1033
4398 877
5376 14413
10631 4872
159 13402
14011 7747
6939 2118
474 11636
5759 3669
12556 1007
14414 7944
9713 14415
4766 14057
5857 13396
12101 1836
5094 989
13863 5269
6866 2023
125 12909
10938 4244
3250 10152
8896 5580
7973 3209
10952 100
766 9337
3473 14356
1984 5729
12589 622
13661 3167
3077 8349
6525 11292
14006 7032
8343 11378
1051 11777
14281 2858
241 5371
4534 2572
11237 3997
9607 11384
10800 9227
7509 10869
13485 9503
1465 12618
5237 6781
2225 7766
1463 14248
4273 8649
4251 10486
6134 12894
10951 3364
2437 8450
9036 1361
8330 14416
13897 8567
4086 2427
1061 10173
1944 431
8284 8472
11211 9860
13561 8787
36 3069
806 4969
4567 2031
6861 12009
10137 14417
85 9816
7569 1413
4872 7505
1736 14418
7282 1382
7082 12187
4553 14419
13926 6752
6217 14420
7820 14421
7797 464
8468 11823
6574 11957
13384 8729
9763 5108
10229 747
3771 13724
8039 59
8147 5781
11304 7511
4073 2657
4873 2077
13579 9866
128 5627
10893 13787
14422 5909
555 2650
595 2257
12712 13663
2589 14056
10218 14423
10161 224
11965 6149
6647 6240
9479 9686
13303 8990
7122 12127
8102 6326
9072 14424
2795 7706
240 10617
4367 8515
1348 11699
4491 14425
10352 9987
10516 10239
8226 7378
907 7357
4948 14212
1974 6620
9419 14426
14126 1241
12152 13743
8932 10973
8936 11652
6808 14427
11837 3068
11865 8487
6277 12272
3875 13036
10271 196
11060 8272
5466 9780
9776 12103
14191 407
2031 3396
7204 3599
2587 11134
11463 10756
5030 5341
4074 12399
10675 1727
9620 10979
5581 8912
14020 3116
7126 3859
4860 6449
1731 11837
5269 12127
3113 14240
533 7682
5827 720
9728 12942
11096 9862
1818 2508
11942 1255
5739 8577
7127 8089
1094 1762
9844 10573
14259 4517
11209 8634
9665 6839
12763 1896
11330 11805
14360 8815
13747 9222
7545 567
11937 14428
7822 13450
2294 7255
4628 10595
12771 10570
9520 9912
14429 9930
12210 8298
9152 13464
13278 14035
6230 6066
7339 10891
6219 5289
8038 12539
14430 4513
7504 5411
8366 6698
8541 6440
6145 14431
5187 11037
12525 14432
6764 14433
10595 14434
11754 2360
4548 2297
4229 7995
190 3629
3700 13322
11341 2615
3892 9920
12585 2759
9077 8882
13164 2045
11257 14435
6901 2337
373 14436
11363 11899
8022 11954
5680 10748
10838 438
11882 5548
2106 13604
489 11148
10023 914
2401 8098
4524 14097
9200 14437
10038 487
13916 5539
11967 14438
8702 2972
13613 2464
10134 14020
14169 8992
4817 14439
10248 14059
11888 1608
10094 10564
202 514
14067 926
10722 14440
3496 12446
14012 14441
8192 11499
6097 11941
7928 12033
10889 2190
10221 1521
6300 10465
13890 14138
5112 3892
8991 10692
11233 10500
9180 1764
13671 8797
3693 10971
11282 9806
6070 9643
4829 14442
1474 2323
7811 13362
13426 7863
7893 14088
6411 2195
6575 7307
13809 7845
2743 10821
13266 12236
9309 5821
2529 14443
3849 7507
10639 7590
4443 13967
11554 4989
11887 12813
1125 14429
9122 12527
9280 13628
5319 1195
8420 14345
3796 7190
6924 12985
8260 8563
13465 10479
7306 9915
2149 8380
10626 12094
13097 10294
468 14444
2901 2743
12565 261
2272 8495
13467 5908
4811 14445
12792 14446
1851 14376
13353 2252
974 6063
9637 10461
12661 14447
10976 11101
269 14031
8851 4955
1281 1780
758 14448
8960 12986
1710 5295
13825 3252
5583 11835
8672 3504
7385 9743
11327 4952
3040 8160
1286 5698
4721 7821
6848 14449
3680 14450
13604 14451
13705 14091
2636 14452
2513 13126
2459 14188
7560 6902
122 13702
13763 14229
2286 14208
12821 14453
10812 2170
8721 5284
1334 2370
8554 10120
1449 2649
6451 6528
5214 14454
7410 13343
9380 7157
7823 9556
11824 1756
13480 6437
13414 14455
3341 5315
1687 10435
12491 13301
3753 12226
10871 5092
12363 10233
2992 14267
8679 13365
3609 14456
5585 11130
8439 8489
11871 892
3262 2543
9374 12948
4255 13335
1028 7211
10256 5505
13394 11843
11808 1939
11936 7297
4415 5792
10760 11675
9222 12171
8105 6633
710 13549
8084 13828
14361 3477
14457 9579
4664 14249
10678 6975
14458 13849
7131 14244
13997 14237
3454 6831
439 4708
11201 6824
6976 14368
4240 4166
8266 6646
7722 14198
6052 8418
13039 11874
13473 9210
2050 7757
4904 11284
9798 3452
777 6872
6596 6558
12538 12097
14376 10256
8886 9728
1756 10792
9308 14459
11742 1077
3980 385
2249 11549
3364 8482
4016 10144
8376 13999
8704 12445
4791 13873
8430 12467
13266 11867
11677 11725
12869 12068
6013 8386
5284 1297
11421 12652
6651 4484
10358 9192
13577 1641
202 5875
11980 3514
8412 13550
13193 5102
2388 14353
6147 14460
9837 12930
4202 14461
7628 1975
1571 14305
10733 10392
10914 2799
6867 6302
762 7062
14166 11997
2284 1474
7824 10811
13493 14462
13322 11470
5910 1425
4122 14463
11471 7943
8923 3541
11117 5041
4712 7745
5646 5950
9437 14297
13309 7664
10223 14464
1953 10940
7737 14465
1299 12420
11461 13585
544 13886
12786 2342
11113 14466
10796 14323
12133 3313
12437 14467
6011 2595
776 14468
9614 9717
5208 13323
6692 10876
12570 14469
6734 9923
8980 9553
12532 14470
13857 10613
6746 1381
13210 14471
2101 2937
2468 9129
9686 9480
2507 4571
6583 14472
8217 9724
11237 6747
3170 6254
699 14122
2913 6873
8937 7749
7542 3026
8304 13318
7555 14473
7577 1366
1310 1282
10009 4156
13764 12608
11884 1169
6403 220
1435 14474
10671 6299
11342 9911
11898 11363
13482 13789
9762 10718
1395 10449
4505 11892
12479 7169
11421 1598
3387 3425
15 3634
3598 7204
5517 7722
6112 10037
13530 12036
198 8358
12617 5670
8258 10183
5093 5600
10352 4269
575 13205
13829 14475
9019 12582
6968 5274
13319 1559
12833 3538
5261 6345
9545 1620
12083 14010
14161 904
1385 378
6104 95
954 6768
9011 4338
8870 8881
1521 8307
10697 12905
10952 14476
11591 9079
9493 12725
881 14477
471 14403
3025 14407
1955 1464
14478 14479
11714 2063
1614 3421
13329 14480
14446 14061
1726 11468
1727 13502
8621 3070
8268 14281
12511 8944
7791 1754
10856 11773
4464 4245
5672 8229
3066 4544
9414 4825
9660 14481
5952 8552
3832 8648
6550 11409
7036 6323
146 4368
12448 14482
2555 7325
1087 11686
9040 1832
3169 7316
4187 13871
1144 5818
7908 8300
1525 14053
1380 13416
12571 1402
3371 11142
1915 8596
1644 1320
3529 1241
12752 7851
8170 13727
4422 2289
10832 4601
10200 8532
7626 10555
13665 14092
12017 14483
9911 11482
9560 11455
8505 8968
3711 10188
1702 14484
3185 10398
12739 1705
1341 12796
13310 5960
8085 4231
9434 7391
3147 1048
2478 1450
7874 14485
7665 14112
7502 11175
3699 10763
12619 23
8893 8096
10454 508
534 12562
1328 8524
1072 14486
11629 6095
3667 14046
9321 14388
6437 11245
1711 12523
7963 10996
1805 3184
12954 2860
10917 11705
10385 14487
11696 14488
1392 14296
1796 5564
10965 2071
10461 9674
4028 4383
9498 5122
11740 4044
1135 14489
2502 12802
14470 11404
7450 131
205 12660
12441 10549
14036 14055
5964 13516
3168 5635
9741 8167
12145 11157
6834 113
5547 12765
11502 13350
10661 949
13583 7963
7307 14207
12162 12968
14490 14491
13720 7818
6222 6137
1884 10114
10225 8070
8007 14492
164 13624
12276 7607
14109 1232
4912 14159
5215 14493
12264 13137
8220 7469
1633 5460
343 8360
13910 414
7404 8398
7923 871
2485 1970
13975 5306
10566 12083
6549 4985
6549 11748
4737 92
12841 3502
74 680
6337 10910
11344 13474
1996 7542
10837 13244
13286 883
4605 14494
9650 5273
589 8365
6695 8655
10504 10704
13665 12889
4690 14210
2383 12887
7080 6289
12220 13524
11125 3718
3092 13060
6657 5641
3500 2857
2629 12833
3521 6287
11135 8103
11019 11126
13043 6305
180 3011
6481 4491
11732 9690
9252 13679
1621 14186
10315 12204
14495 10121
10903 11244
7461 12416
6794 10178
11822 11299
11189 12449
12521 7180
2458 3694
6258 12669
7372 8587
5732 11108
11551 4804
7528 11975
4459 2793
11785 13820
14496 4662
11763 4644
13369 2788
12385 3939
6356 5117
3123 14441
6715 11583
3095 11981
2203 9656
12937 8921
4664 118
11102 8205
13729 13120
2719 4970
11960 9585
2310 14497
1458 2341
13820 12156
13298 10862
5375 14413
13470 6875
8281 10498
5357 14498
12050 14499
2364 303
2443 14500
4135 4271
10026 13640
6529 14275
11474 11758
163 11285
14501 7840
3492 5865
4002 14133
2098 14502
388 12972
5159 10723
6795 6412
11697 4982
11563 9234
8689 6394
11566 13124
8350 13349
1612 11132
6421 7034
10683 5333
4971 10805
1939 11613
8707 1140
10622 6609
2072 6365
3144 3480
6267 3613
14503 8657
7467 6943
10962 5260
13092 8418
3458 13701
6852 14504
7363 2472
10097 13997
4811 504
12451 13232
13467 14106
10041 8095
14422 5908
7510 11129
9000 5162
3714 2921
13395 349
12421 11972
3825 14370
228 10667
13420 7838
11883 12915
12574 3604
14505 10702
14348 14506
11709 14507
2047 12120
2796 8910
10130 14508
3733 13655
11499 14509
3011 13736
3743 1080
1887 4265
630 2962
12816 14510
10260 4273
9326 6987
10442 10424
2308 7952
7032 14511
8730 5604
3727 13706
3788 14512
3404 1089
12177 10541
79 14513
12910 2909
1200 8223
2861 5709
2599 10363
9072 4679
8079 7148
10152 7132
11438 5820
2105 5943
600 8053
10866 13056
300 4072
3574 13780
8274 11937
11270 11906
12163 3763
8142 5970
10620 3707
2910 2406
13078 12121
14363 14482
9011 7983
11640 13695
6385 11894
7131 973
1476 3785
9904 3260
2535 2390
8307 14001
6736 12835
5074 9776
4558 14514
10919 2765
11960 2877
2416 2260
13997 3825
5571 166
5778 7031
3554 11349
10033 1241
14515 13762
8680 7816
7742 2970
11489 4065
12959 9910
13662 14327
3376 4749
1668 13913
9234 4249
2639 7314
8171 12485
6239 14328
410 13538
8456 3809
13233 7543
8608 9651
12758 11100
5840 3500
9474 7576
14516 12149
7668 8428
2417 5280
4733 2695
14161 14110
5621 13240
2417 11994
11593 8645
13096 2817
11800 7264
12486 14517
10974 11690
3267 11920
8446 9462
4886 12244
11063 9597
5257 14518
11727 1462
6285 9365
1642 14519
10429 14520
6576 11815
6716 12839
4332 10220
12809 11540
8775 2469
8910 3824
4233 12980
2185 10426
1276 1794
13822 13911
7785 14521
1251 6993
8599 13487
6498 10069
5008 77
7830 9170
539 13024
11635 7918
6990 13929
7809 14522
11754 13505
11387 5207
161 10877
10614 11273
13924 8271
2425 14422
9554 12315
11232 1388
4349 7039
14357 529
12805 13490
14052 8659
6937 5732
8917 3915
97 11606
9144 11313
6395 298
3424 54
3025 12312
4184 14523
11372 14524
916 14525
611 7407
13020 13962
2929 9636
13388 11939
12577 5538
6437 7879
598 1683
13221 1182
9489 11552
13395 14526
11818 1214
6687 6389
10035 249
6396 7920
4608 6028
10598 11277
4767 9043
7894 11716
401 3303
6169 3029
2811 9527
9403 4736
10842 13227
10436 1129
14063 12902
5139 14527
11539 1506
13014 3850
4184 7167
14528 14529
13102 1433
1747 2114
6272 5345
9719 12533
11912 10825
1932 8058
14189 13254
3413 1161
4082 2413
3624 12598
4649 5386
12829 12817
7146 11687
4797 14299
13543 9722
13048 9808
252 13915
8603 14530
13366 13857
6627 4242
4153 12260
285 14531
13919 11426
11990 2224
8963 972
5670 4954
7493 4506
14503 4383
11666 10925
2107 12630
504 11532
11276 4622
12757 13936
13920 10297
46 14532
5640 4326
11042 11180
3415 6918
13348 1708
12425 12983
7323 11439
4698 3982
599 5915
3967 7313
8114 14533
9778 7450
7432 10955
13148 6805
5216 14493
12650 3075
1034 14534
2156 6152
13435 8602
9795 10934
9280 10511
6209 8001
1911 11151
9246 80
12816 7393
9153 3950
10351 8992
3787 14512
7074 12940
8773 13436
1504 1588
6495 4509
13317 13463
4973 11374
3243 12396
749 9270
8882 9476
6701 13606
13769 3966
3986 13345
3035 14506
4454 14535
4899 3649
10875 14536
2699 6908
8133 13297
12356 11933
2024 45
9526 7667
14047 1860
14537 14538
10225 8407
1128 14539
13863 14540
5008 5620
8175 6047
12663 14541
8674 14542
14266 11524
1819 13978
10534 7472
11701 13118
5714 12323
1112 14543
10620 13325
14355 6235
13973 12007
6500 11988
281 13940
8575 48
10642 14282
9834 3196
13784 8407
7601 3282
1888 13331
13065 4678
7189 13286
4610 4369
1537 13504
6750 3432
11143 5319
12815 12212
7582 7844
12261 7634
14232 10251
10649 13693
6592 11892
6521 2669
11592 13951
630 11722
7599 7424
9246 10879
13463 14096
5993 3953
3097 2515
6621 9044
9818 14322
13381 2865
7513 7091
6098 6294
9147 628
7360 9580
11528 9990
2699 5815
9577 12482
4248 12278
4114 7779
895 11236
2739 4812
2349 11276
10328 948
3249 1104
6021 13875
4697 13952
3124 20
9941 10733
2791 14392
14491 2339
782 9398
2883 6353
20 8749
7687 10900
3121 9400
13153 5854
8830 14544
4006 1654
2011 9217
3319 12581
563 466
2966 8531
8929 14545
2881 4994
8138 13196
3079 5006
13406 4799
1685 3662
4056 1807
11471 7942
5770 5517
4832 14483
12456 769
7649 14546
6587 14499
9622 267
13572 13197
4655 2072
13386 10290
3666 14547
11764 12025
14495 14358
8490 14321
8143 14135
11168 4032
4893 282
5859 14548
10240 10732
2156 12900
3299 4718
6739 1975
8343 4386
1111 14543
1687 5251
4294 11051
5375 12001
9284 8024
10179 13478
5847 6670
1940 14417
14198 13574
1346 13756
739 4672
12820 9219
7921 3914
5920 12805
14549 6241
13625 965
4751 11107
768 772
5024 7568
11224 7831
8993 13570
5659 12506
7165 12408
7344 11840
14360 5258
7425 13218
4025 4901
5417 13460
11252 14550
9123 13279
1932 8684
11168 13453
11668 8032
5337 7377
5381 14414
11716 9744
13513 14443
14174 10929
7962 14218
7317 396
8932 9166
14282 8180
6711 11720
6093 13399
14551 10881
4159 9735
11923 13467
7092 13054
3242 11536
4736 8205
2415 8394
6775 13408
6016 2020
14446 14278
4612 14552
10683 7235
9280 3910
1729 3439
2097 14502
3669 10180
1264 14553
1071 14486
8537 9439
3873 8512
1563 10717
4812 14445
13958 9635
2227 175
7934 6648
13611 1609
4679 8638
5112 8975
13641 14263
5994 10989
11935 14538
13040 12516
1904 9431
4983 14554
12451 14555
13637 12635
14317 10073
2789 7703
10479 9387
9341 5396
11764 12866
1816 12719
9317 3779
10345 13588
8665 14163
14153 9745
10355 5776
11879 3726
1517 11728
1651 12356
6885 1127
1403 12279
9936 11483
7657 12200
7064 7221
147 10351
7610 13184
13668 4706
3631 14556
1433 1275
6669 8007
13117 11701
392 8745
4761 14082
12464 9409
10283 13956
13197 13578
10022 13855
9489 11551
10146 5653
14516 11575
8173 9026
181 10409
7559 14045
7504 5412
8100 14557
5360 8573
10110 570
10151 9173
7372 4266
6716 13949
13647 9337
1767 14129
12542 13825
4568 4162
6613 13405
13160 321
328 14558
3437 851
384 2942
10453 11856
6347 10534
3946 7144
10766 11807
13983 9791
11030 13590
13465 11001
130 7570
4804 5153
5045 6694
10168 6538
4564 7566
9106 2080
4550 4173
8628 13454
1039 14559
8268 3132
9982 14560
1921 4607
1392 13627
8634 7152
357 12712
4707 13276
10269 327
12147 5559
7108 10703
12544 1824
4851 510
12220 13830
12532 14561
11288 4080
4833 12776
5465 14562
10814 8312
8180 2427
7036 1715
6103 11360
6859 523
7945 10937
14563 14564
6860 3347
7240 4024
7726 4008
4585 297
63 1736
12460 1241
3661 14565
9445 14262
4270 11692
12782 9100
4512 14566
9310 6733
8674 13716
2253 11346
5653 14567
7380 6389
2420 4743
10980 13752
6073 12919
4778 1777
5814 5833
5250 10538
2493 2409
5266 8251
13020 208
12366 5753
4055 4997
1135 6581
14204 7732
11443 11591
11207 9685
5075 11480
12395 5910
10203 10204
8675 9105
13709 7398
14568 12493
9109 4206
3803 14569
3218 13569
4186 10798
14166 2353
6025 7238
1058 13686
13141 4020
2068 5907
13551 11302
11018 14570
14405 14571
56 13011
2747 9974
14197 6819
7701 11513
9314 14572
9753 4107
12431 3699
6153 4901
13166 13872
14102 4300
8177 10724
9337 6723
13022 6112
1510 12469
7942 10726
2702 13819
13983 2783
11963 601
10097 12954
12323 10521
11916 7558
11074 3004
11933 11775
11358 11590
11212 4420
12938 12572
6295 10047
1358 2147
863 9843
1431 13800
3739 11942
678 5443
6618 9068
2016 8233
6310 4541
12636 14016
10584 14573
9422 13521
5170 4939
7864 1114
3360 6106
8325 5173
634 12571
11412 6593
730 751
2510 14549
12274 2866
11979 14574
14568 12494
11016 7294
14313 10058
12161 14023
13337 8373
9515 10444
11477 5134
2393 10643
9481 7858
4445 14575
287 11153
7447 54
4272 14424
1961 4883
4590 1820
5435 7492
10785 13019
9714 2094
924 13031
6286 5586
714 4327
13092 14576
9406 5894
11347 7719
2878 2481
6991 780
5955 5931
5678 13592
3961 14157
4787 14577
8008 492
7374 9045
1128 12135
6883 14310
6827 4027
6271 1799
11136 7697
9321 2309
4925 13422
9893 11309
5427 5161
7140 7090
4502 3465
14025 13388
1606 14142
5803 2615
14177 2551
2914 14437
11160 14578
11904 7057
4392 507
7282 10401
7387 4247
12891 716
12537 11815
10277 1865
953 14369
4293 8717
3739 14384
13498 8901
12233 14579
4613 6183
5013 2010
10328 5349
2162 9511
7069 14043
1980 14580
5658 10176
2828 13795
6091 6616
5515 11200
11281 14398
13558 7799
11762 4556
291 11590
2119 14581
1101 376
9634 9572
4361 14159
7256 14582
8844 7138
3271 13608
11401 12622
821 7360
2488 14583
13803 6869
1300 14584
8103 14394
3433 7288
687 7074
670 14585
13781 5023
10475 3681
11404 10999
9904 12092
11143 3984
12827 2989
6325 1577
9888 14344
10812 8651
2817 8278
11549 14184
1164 3524
1808 11704
7485 13545
1381 10497
6449 6461
3029 12324
13985 3291
7260 13084
10539 9621
14501 14586
5830 13122
4816 9734
10472 9066
14411 2175
6722 7558
3316 13067
3421 13437
304 4924
6512 14587
7447 13799
6571 2125
2049 6704
13350 9500
8306 13708
6353 9162
942 2117
8 14201
2908 14588
2660 7562
12756 13947
2352 14589
9234 5605
11072 5760
13498 1024
8512 11901
11743 5262
5285 12933
4469 13809
6897 12779
8152 1788
1591 7158
8282 427
11906 14590
9285 11519
13230 13249
10576 8782
8375 2682
7979 13900
9532 3635
4319 9469
14188 13874
2456 8845
4492 13653
6159 5494
10264 10961
11374 1576
6743 14591
8655 7076
2731 14592
67 13359
3910 7402
5738 14306
11511 11352
8578 13887
8918 7594
12865 9114
1186 827
6253 12770
1490 13299
5661 14374
2435 11275
2030 10516
12151 9755
7176 8983
11864 12612
645 11467
1249 14593
9277 12442
9824 9872
7738 14520
4644 4444
6411 14060
1417 931
10294 12134
5330 4717
6098 5490
12785 10963
5660 9589
9382 14594
5946 14478
11502 13351
5237 12747
7179 12535
1774 2868
2370 6931
9714 14415
1479 3380
9999 126
1826 1147
10518 14516
3004 11075
3775 8317
4597 14471
2367 12294
7365 14253
501 6294
2928 14017
11228 13559
6690 10088
13942 13090
12333 9497
12115 14197
3435 3179
1813 6711
7986 11841
514 8054
5952 6669
4673 5755
10520 14595
4352 12358
12448 14363
13829 9277
710 11909
9806 9788
6992 9803
4364 7332
14596 9575
13603 1949
12224 12773
6007 14449
2675 13360
1662 2946
13155 13087
10200 12301
140 3836
13150 13330
1848 8078
7843 7582
10025 13766
2115 9405
5999 12230
4100 3564
11245 10823
1993 9520
2350 7869
13863 11127
5056 8808
14597 1841
299 9685
1563 2549
11052 982
12116 7989
785 13224
8203 12960
4810 13757
1528 746
7993 11522
14598 14490
10616 3300
4984 14599
1570 13012
11031 6907
3475 7266
10322 4394
10994 7213
3450 11282
6315 13792
6663 4227
12307 14600
9792 13626
1999 2220
14355 6236
1419 14266
4002 6664
14537 8200
1514 11890
12677 14139
715 12941
5275 9949
8267 14072
12485 14517
6612 13748
6895 12917
1374 616
5759 13225
1680 14601
12157 14084
9507 5368
3789 6049
8255 10989
2618 10763
10029 2614
2520 13079
8691 8264
2122 10778
816 3127
7977 14602
14414 13657
5263 9784
10722 11659
6406 13876
5639 10284
1813 8419
3190 13033
14226 13533
12633 1197
11372 7066
10398 1133
13879 12174
2858 14603
1701 849
5456 14604
4202 6710
3141 14093
12516 6331
2988 9311
1795 8234
11472 6107
11335 10586
4127 12293
8416 14605
4401 10909
10713 9742
12947 12061
6596 9962
8457 14606
5053 9418
10605 3924
3654 14607
11480 14608
2880 14609
10546 11829
10629 2961
1146 3837
4477 5293
244 4649
7765 14071
3352 13369
7559 11888
5925 11248
2392 8509
10774 9132
1849 956
2756 13221
5119 12547
14610 4651
12926 11612
1029 563
12576 3251
14191 14611
11406 14018
8225 12630
12753 14612
3079 759
4385 8539
431 1095
12149 3661
12815 2208
3866 5438
5636 13789
14613 13812
11003 3818
8980 1189
7801 14614
9314 13847
175 5047
13902 8663
8229 10827
12417 13583
329 13224
2387 14615
13117 10001
6945 13511
11484 7870
7592 955
5789 4993
12681 6948
6488 3549
1021 6239
3902 9593
5128 4893
7234 12258
424 5845
5429 14557
2356 13815
6876 8506
137 6130
9218 12595
12157 4645
3815 1530
13306 11393
10778 4546
5115 12360
356 13678
7494 12850
6534 10837
13392 81
9550 4459
5297 4118
7503 13477
169 12543
11696 3039
10921 4652
1523 13372
10350 1535
11954 9938
9419 7291
656 12831
4691 2820
5481 14420
7776 4539
8238 12502
3878 3105
13198 5830
5110 13418
9182 6799
14616 12737
11059 9561
2540 11402
6387 9600
13620 142
12472 3656
5501 4148
12893 3238
5178 11827
5617 8764
8919 13001
1263 1593
9101 1730
4332 14617
14496 12475
10065 11611
11744 4628
14156 7500
13501 7118
13644 13684
4262 14618
5907 14619
562 5483
8411 9617
14620 10528
6526 13981
10980 8675
961 8501
10199 14298
7324 11752
9698 1699
10899 8109
3142 12756
6209 1971
5316 11800
2470 9334
409 5096
8574 12767
3836 4322
8569 14621
14292 5526
12376 13691
12721 12923
8835 12770
11831 1020
2838 3648
3969 14622
8748 12823
5062 3089
7029 484
8090 4238
5326 5738
12519 14623
14156 2566
13886 13977
1679 14601
6916 13985
10089 708
3710 14624
1966 1240
4884 3265
11134 8872
9374 7645
9720 4794
6433 14625
8838 14573
8485 9618
11997 6267
13828 12726
13809 14287
9703 1331
4061 2347
7626 10556
3905 841
11499 13308
3893 6009
7429 4875
8779 14626
14627 7661
9918 10466
10072 13811
9799 6606
10476 14335
12224 13347
291 2490
8390 8769
2412 13674
9853 1107
2416 11176
5448 12429
2112 4633
5358 14498
13178 13768
5269 13957
7052 11342
9186 13198
14103 3973
6987 12035
11280 2387
12727 770
4710 10391
13058 4859
11938 5446
8446 5480
349 11902
6770 7002
6767 11713
6388 1254
8796 1642
9160 9180
1037 6061
10306 14628
12390 6451
4361 3835
10253 14311
13508 4457
13130 4549
2238 13170
5153 4807
8018 959
8829 5159
307 13456
11958 9596
2673 7435
9935 7259
14615 8073
1009 6382
11228 7656
14168 14629
12605 5278
11993 3562
11110 14406
11887 718
14630 13193
927 11729
8360 13598
696 4789
13425 4746
1018 13026
1957 13019
4739 14631
5605 10558
2842 6849
8069 7783
5351 198
4219 8928
6153 14116
12117 3788
9144 8277
234 617
12575 14632
7693 12932
12307 6240
2267 14438
3417 6946
14009 12083
7066 14524
2980 2400
435 2736
4279 12605
2275 7239
12333 8461
4913 6085
153 9885
4819 14401
3081 2710
13256 7110
2324 10512
12979 13374
13039 9388
7147 11343
13770 5159
6472 5169
8888 3384
12979 41
11993 3017
9111 5941
7899 14633
3792 12774
2466 10663
6897 6014
13097 14634
7708 8284
8266 3318
5852 7444
8256 9965
8236 3767
661 9749
6457 10669
4765 13615
12473 11568
12566 13512
5765 5377
138 14076
1552 9240
5755 9754
574 10880
2797 3248
13679 10059
308 7898
961 1895
12290 3951
5673 6202
6646 14216
4250 13414
5441 10766
6755 5359
3192 8811
9301 13817
13450 14283
8101 8025
381 13813
3221 8275
522 6388
10201 12011
9893 13589
8077 14635
5759 3670
9286 11440
11602 7375
13670 1854
568 10174
10236 5684
2154 14636
11662 6547
4646 10335
8757 3376
8702 14637
11068 11451
285 10816
823 14638
1369 135
10883 5614
183 10741
11291 13038
12256 13427
12118 1122
7026 2576
6127 11286
2544 6722
10882 14638
11797 6307
3896 12359
4794 13077
8201 188
6079 13832
210 10474
4359 13856
5392 14215
2011 1178
8403 1537
9163 12355
14082 14426
5734 13879
777 12353
3062 12800
4619 12344
9340 12282
12820 11608
13299 14265
9944 13906
5006 614
12103 12699
9647 5797
5748 12249
9020 7227
12294 14332
6140 1396
11388 8123
5982 9237
1553 12528
7867 9547
12574 11885
7089 6271
12392 12764
4608 7318
11553 6075
1973 12058
6658 14639
9432 12711
5739 14640
2120 14581
13298 10899
11340 3206
2300 11455
4600 1131
10349 2545
8653 869
9137 14006
6116 13108
9386 14641
11308 13002
456 14642
3705 14444
10033 13475
6076 7765
11343 4306
111 10766
7377 8850
6863 13120
10956 14329
10341 13215
5805 2450
12213 10626
728 7512
8124 13282
14011 5887
9075 6446
5143 13563
1098 179
6517 14643
5430 7912
6507 14592
2306 8033
6051 12196
10838 3623
314 10346
3189 1241
6480 10328
4107 9169
7927 14505
6260 12055
7160 14434
7511 11449
6101 544
10134 7145
3429 9430
10350 1536
8782 12200
8678 8093
3150 11410
1641 2876
7108 10476
8157 4328
11826 7087
10599 4275
5581 13941
7587 14644
3115 12505
3444 5371
12465 5179
854 8751
13235 7973
13368 4675
12247 5186
10897 13831
5875 7640
14645 14095
1295 13461
13308 140
3580 10367
10374 13448
6039 995
3182 14646
13322 2515
8094 6870
10209 9732
9855 7015
9374 7646
2091 2646
8388 5962
1730 13171
14529 2538
9471 2718
10318 1096
9493 6036
11042 6371
8729 12743
13463 4135
13170 2239
10042 9305
676 10522
5516 3021
9674 12722
12871 718
14412 8362
6556 5554
5825 3921
14642 13869
9396 8294
12588 13730
546 6964
5570 14304
5010 7550
13282 6006
2159 5216
991 9661
9253 13925
9113 12865
14647 14648
1446 6660
8457 9576
3230 14649
7242 9843
525 12284
9735 9350
4976 9812
6845 13942
9092 10865
7426 4928
3084 13256
13001 9266
11212 4421
13048 7401
9512 8696
492 8676
7586 12552
5141 9329
6890 2089
11620 9303
6803 11783
14259 8625
11945 1952
1292 3163
2421 9493
10451 7902
7175 14650
874 14436
685 13664
12872 9279
11522 798
769 9007
13995 3995
3769 10313
434 9204
9868 12413
2802 6530
1660 13072
13260 5969
227 458
3021 14199
9668 5886
10866 8678
3123 14012
12595 3028
14568 5004
14647 4305
14610 5382
13406 12071
6642 324
12252 4829
14651 14652
5233 12029
9595 9733
14063 6925
6599 4318
8545 14653
8146 13040
6882 4194
12915 2245
13122 11086
11689 5424
2191 12404
2750 8790
9099 1243
4190 13016
3694 6986
4207 13378
5856 5536
10483 3900
6455 13989
8335 7160
7356 1154
5523 9901
4482 13517
5569 6139
13958 14503
9203 2501
8088 1606
13044 2335
951 13439
8164 5083
13906 11198
14654 14655
10282 2200
8312 7369
13838 7105
9357 11908
6425 6303
13167 1347
2627 7357
6256 10554
8352 11980
7663 2145
2200 14324
12088 6843
4142 4909
1978 2316
1828 4161
12690 6491
9315 4046
3567 1117
3922 13245
11034 11047
400 14656
7348 13424
1399 8440
12020 13186
6367 10903
5940 9716
11178 14657
14432 10719
1759 7761
3039 14488
9384 14658
2915 11048
11886 7912
7873 10999
5325 9646
5540 13006
6564 14065
3288 13052
14064 11509
4378 5170
3826 6635
8704 14382
11192 14625
11736 3100
10103 5205
11579 8197
6636 14545
9869 14101
3785 7333
5701 3812
783 5779
12304 13791
13204 13140
8421 12884
13644 7387
9181 9614
14081 10531
3638 5776
1471 9274
3363 1241
14659 13141
13636 13807
2678 4066
821 14536
5919 10810
5558 3001
796 8363
4003 3735
8483 14660
12230 1468
1412 6723
8988 14453
7596 14661
1384 14591
6824 3501
14187 10490
2623 8907
10807 3792
3713 14605
5817 10470
3932 9207
4931 12119
14549 2928
322 8393
4896 14513
3762 1953
10261 5923
12832 9467
3549 6768
9985 8299
13460 2763
1727 14662
5563 14663
10190 14003
12159 6698
4401 6614
6896 5780
8104 13798
1451 14619
12547 14664
6339 14665
6424 1272
834 13497
10422 7509
8044 5100
2882 12890
13769 3965
13148 1298
5728 889
3508 3888
6509 5546
1063 2838
7796 8185
3914 8534
11192 1759
5930 14472
11543 2964
1153 8900
6966 8445
5861 14666
1351 7781
3460 13493
13337 2248
13925 6264
8233 9836
12122 5940
4621 6457
1716 2450
11252 10812
664 1825
2466 4959
1656 10548
7080 5554
12981 12780
13228 13192
4150 6622
1635 11883
9646 14115
9948 11243
13012 7847
839 9322
8965 13284
6195 5318
1862 12871
2538 12297
9953 1988
4316 14497
5862 14667
4166 4420
1416 14668
7477 11682
2723 6400
9704 9533
6912 2043
14246 4945
12299 12294
12717 13375
14478 11503
9069 14669
9997 4540
14267 82
14432 2757
8731 3214
5533 14670
4394 12645
2583 11405
8275 14654
3629 14671
12441 1051
3991 14672
13211 3155
8271 6058
8497 12918
486 12824
4747 443
2314 1241
11383 14241
3229 4542
14216 12123
1186 14235
9591 14336
211 8799
13069 14624
9721 920
8253 11311
12703 2192
8450 8377
11287 14673
10414 4920
7878 13078
4467 14674
13674 6696
6687 235
11079 14182
9309 8460
5863 3429
5330 1658
3556 8543
4499 9951
3767 7258
10683 5972
12752 6134
9625 14675
3094 14676
13286 11845
4078 8624
1539 6915
12518 9466
7183 9132
8395 12346
12933 11501
12074 11073
9444 4097
3642 741
6595 14158
9628 6589
11109 7461
1139 5089
7407 10551
11369 8580
5312 14640
12252 14442
6508 11650
5414 12655
7627 12695
3190 94
14105 2420
6021 2392
4198 14589
13263 10942
11750 2802
329 13117
6853 9090
13398 543
3479 9986
14677 14100
4103 7972
2690 7522
13343 7411
2605 13666
10832 13896
1257 5231
14228 13858
2707 2158
13662 11207
4288 9529
8129 2769
8669 10374
11387 10792
7540 5519
11778 8788
9201 13332
13354 7587
5116 9814
11365 7308
13578 14365
3777 65
12189 6381
1745 10543
12512 14678
14190 14590
6610 7689
2166 4907
9571 9634
2192 14268
12911 13417
9710 14440
6575 14319
11814 3232
2161 1329
10525 5135
1222 1044
13889 522
8610 13861
6444 4714
6040 14679
11177 12715
6763 12308
6442 13630
9396 10009
1382 14515
8347 12744
9003 787
9172 5996
4952 8292
5661 14680
7827 2926
7928 4782
11597 13670
7554 14473
5975 3537
13525 8973
13083 3720
12567 5194
7737 3958
5496 2294
14348 3035
6973 14224
3609 14681
2819 3757
3188 9537
677 3741
10472 10089
3154 694
3015 14279
457 12351
9799 14346
4312 11605
5932 14682
13464 14683
2743 10822
3717 1191
7741 12790
12948 4845
6888 1554
13525 8974
9972 5155
7792 2884
5486 3974
10300 14516
4562 5387
9240 8080
12285 13763
6934 11598
3652 9168
5832 14518
5079 13586
12304 13204
9349 810
9190 5299
8230 14399
12129 11708
8231 12759
591 1706
7393 10062
14355 86
9765 9981
10786 3351
9395 7222
5236 14684
6316 9389
4263 6046
4578 4535
2030 9498
10330 9413
14685 14331
9161 7010
4206 11886
12838 13404
5677 13961
13658 12642
3147 1049
5872 14617
1035 13582
4880 13070
5781 9748
7545 2121
2969 8817
7012 12531
4074 12521
5554 8781
5060 14535
6334 10475
13210 4597
9171 6445
3958 14465
10627 337
9072 4272
11437 9011
6036 1245
14122 10325
4736 8206
2542 10330
12933 2349
952 14349
11942 8145
12926 10352
1971 906
13636 12959
750 9916
8167 12302
7110 13557
1638 11301
1792 14548
6674 8570
8306 13707
13310 4551
1360 13347
11557 5713
2838 13895
14491 2338
3339 14686
12041 7035
6992 1251
10719 13671
7569 1414
3758 14203
1250 4278
12028 2859
1276 11828
420 14501
13530 12037
8098 2454
3127 14393
5472 8707
1948 960
14687 9825
1033 14688
9584 9032
13133 14689
13516 12368
6605 10632
8049 1952
6846 14690
13256 4043
5251 14691
3447 6891
1590 4293
7918 12799
7947 6004
11648 2115
4256 4168
8735 10413
1623 1032
8640 14396
6564 7896
3359 14567
380 9275
768 6699
7958 10877
5868 7810
13529 10245
9630 5322
11233 4809
13267 416
537 13611
12385 14692
1093 14693
823 10517
9790 9067
10980 9347
13508 14694
7914 4473
2259 6472
5305 1443
12656 8942
3122 11409
12509 14695
13159 14651
12156 8590
5210 7859
14696 13007
4930 8598
14584 13966
10924 14697
8725 3567
4874 7426
14430 14698
3504 9151
8106 2979
3974 6215
6775 4781
11980 14574
9965 756
3165 1673
3767 12129
13603 14562
12109 4041
4267 14243
8252 1041
11381 5541
2664 14699
10197 14599
87 9679
1396 1241
592 6753
12986 3231
3201 14627
813 14651
187 7414
5255 10578
10192 3499
13287 11307
2534 12592
1734 5805
5235 9638
10704 792
6896 4101
5089 13910
8725 7219
8727 8939
523 14700
8957 9680
4879 1543
1277 13419
8955 958
11990 1631
14006 14511
12475 5716
7901 12753
1652 8083
2147 10518
9965 11576
12977 10647
14645 10111
4751 6537
9452 12076
9046 650
11638 13367
11706 4157
9734 14701
1873 12999
11725 10775
14702 13921
8313 8690
9781 14703
12455 13497
8107 5226
8780 1946
7694 8494
14405 12845
5074 14704
9027 13651
14615 13489
8022 14705
5937 8101
190 14671
3191 14510
5988 1541
5562 12375
7999 6709
4282 10139
11358 10742
13527 14706
11151 13898
6190 4437
3508 10298
2995 8858
9331 10037
437 4808
13306 13357
3076 1568
80 8753
11987 518
11680 14305
1507 11444
1910 14277
331 14381
14025 1603
5542 2889
14303 1509
1634 1180
10815 11772
13379 14707
11005 14708
12701 11026
4455 7059
1073 2644
6522 10646
4570 14480
3367 13781
4163 13683
8872 7605
10368 1843
8891 6610
5179 14611
12490 12766
11857 800
13324 10022
12634 11251
1510 275
7815 14709
154 12074
7931 8167
3495 14710
10396 11931
5717 9677
6559 7632
12870 13433
10060 7537
3585 6734
12530 277
559 8041
2543 7259
12625 2980
5408 8738
5481 6217
13847 14572
1006 12556
10609 14046
8170 14146
10601 1602
13482 13057
7830 11224
5057 12559
3011 14155
12889 14711
4940 13883
12988 6273
13082 243
5384 13307
13716 10407
13571 7753
11283 12647
7618 894
4911 13064
7398 386
7152 14221
3838 619
7319 13088
3493 14712
6740 14363
10628 2592
812 14154
5109 2554
12445 9123
10489 1582
106 7824
13707 14713
11690 8683
4652 13753
12762 10024
8168 14714
8428 640
8484 13923
2706 11978
8540 12591
11632 903
13603 5465
13057 14715
1437 325
1206 7362
13662 11208
6807 13333
13926 10853
8473 2971
861 12680
7652 14458
9307 13425
13224 330
8072 9097
10847 4827
6529 11837
7912 5431
6944 11491
10384 13827
3536 14716
14717 9037
5056 10278
1530 11634
12742 10217
3161 4511
6512 10215
11191 10118
10739 4782
7702 12714
12659 5627
3213 4975
4654 7861
11045 2728
13621 12758
10515 7018
13578 13251
1407 14718
8789 14484
12916 9957
7350 11070
5516 2566
8805 10003
10181 8895
9118 14719
4658 14140
12370 14720
11184 12235
11957 5110
4984 3869
9926 12923
5768 4818
5605 3596
9886 935
6108 6349
1664 8226
13803 11910
3584 10616
11272 4961
2006 7490
7583 8014
4005 10257
1667 2958
12017 5854
6649 14649
1509 2084
7784 14721
13163 12547
350 11370
13773 8541
9255 14013
1454 1068
978 1125
3395 11545
6591 4236
9428 14111
8829 5160
3560 4816
5579 6397
8663 4336
12606 762
579 4800
14411 2174
12873 14628
10267 8735
7399 3151
7979 14389
5296 11008
5246 2460
7086 7794
4972 14722
10340 3745
9407 3823
6988 4832
12177 850
14067 14541
9985 14723
9727 14435
7828 9867
13438 9804
5692 72
9835 4348
58 3583
1562 3068
7214 12611
6410 4392
1161 10488
10338 14724
6831 6181
2544 723
6098 13963
8699 12603
4663 13747
7934 3019
9272 9895
1870 1241
4814 13778
14204 1323
14584 10569
7640 8656
5648 6174
2366 8464
3639 4750
12796 12041
915 2942
2786 945
2123 11784
6388 14383
12029 10584
13211 5484
2908 9591
9822 11995
9800 10032
11689 9699
12775 7426
13541 9521
11241 6968
6402 11565
12783 9972
3944 7080
7870 14144
7743 14635
11194 7163
9848 13934
1328 8833
10012 6850
7789 9587
14241 14725
78 8067
6673 3463
1023 8866
10207 14726
11068 11450
10973 8933
2331 7118
12569 6863
11750 4149
85 2516
7203 5556
5799 14165
7328 14727
9548 14318
14515 10135
7127 13897
8948 404
7685 14728
12150 433
8074 7013
7395 14014
11959 3187
7877 10108
14054 11045
12504 13000
14659 14042
4643 9897
2118 5292
6035 3638
10266 10333
6870 5507
9777 10592
13869 14729
9197 13912
8246 9932
12465 12320
6630 8607
2708 13854
2939 1075
7660 12503
10045 10324
6188 6688
10607 888
1456 5832
3194 14730
10018 14038
7928 12032
3769 13973
3126 5721
1530 11574
8336 1937
1976 543
294 5437
7219 8726
5571 167
13144 10709
2839 14546
11861 6753
4682 5346
5534 13581
11169 12982
11363 1241
14676 12884
4456 5434
12120 9127
11520 11534
13964 13411
6291 14731
6198 14719
13526 8439
8564 14732
1353 14230
2131 10998
10532 11111
9589 6342
9133 8311
9591 8909
320 12962
2974 12503
1706 6703
11638 14704
6732 3963
11805 8455
2249 14037
2832 4053
3478 12863
1795 14733
13332 13648
7355 6916
5010 11999
3747 13386
2380 11660
1873 11537
8485 9617
6103 314
8722 6876
12239 14495
11437 7336
272 11894
1228 3479
4522 2932
12164 8694
12800 14190
1985 10913
810 10641
13172 13165
8533 12459
2803 13287
6232 11097
256 10993
13116 9602
11713 14734
3076 7889
13061 7999
891 12031
3487 14454
5793 10927
2458 3695
6924 9943
6731 5390
4544 5625
878 8931
2062 9849
14142 8354
8404 5252
9422 7141
12587 806
1284 8981
4059 14309
1290 6044
14289 5228
9049 12310
14183 7095
7425 13220
11139 12876
8135 13506
11652 12960
3812 14735
3546 12379
11661 5014
6385 1351
9345 6340
8408 7120
11147 14736
11752 2111
12050 6587
13833 14430
2138 13234
4347 11553
2281 9985
13434 7992
14376 11952
13718 7934
10841 4798
10558 10237
7072 10743
243 13745
12760 9221
2423 14695
1395 3839
8676 13673
4689 7895
1144 6218
13027 781
7901 14612
14303 4775
2940 4394
14172 13954
7234 7151
10026 2171
4679 6582
11988 10854
12633 12694
3038 11383
5941 1955
13090 12376
13907 7372
6330 10096
1819 14334
12045 14737
12845 14571
1238 1192
11258 14316
11800 14373
8454 6788
10827 13970
9594 7604
14738 14377
8088 1245
12938 14739
9699 11733
10441 5497
882 14477
10270 10480
371 14740
8666 10998
5881 12950
3959 4248
5270 13687
6249 364
7494 1914
5974 14741
11333 14446
6415 6033
3473 3926
8066 7619
14568 1845
10884 14742
2311 5997
3917 10544
12036 9573
9808 5054
12937 11021
3158 2496
14371 3530
11150 6108
10571 6806
11725 14433
5420 13860
6249 363
7833 11023
9687 9209
1153 14743
14058 12920
6932 7497
2885 10138
937 4561
8274 13659
13568 14026
5268 3219
13326 12201
4165 3727
10847 13440
14257 3894
12141 11555
267 9939
11309 1201
2689 5185
8472 2557
6413 10079
3088 11458
9260 1241
1944 12273
7485 13561
14744 9265
7006 6483
920 10887
12657 8316
4012 14745
4124 5806
11118 14618
2037 1241
14245 6184
14351 14466
1796 10890
14047 6641
6174 808
13907 8228
9304 13246
6286 14176
12188 13886
3922 14746
5138 8733
11318 12921
3346 14470
10745 10404
12215 7012
14432 10720
1539 8432
11786 3493
3158 12065
9227 5477
8329 9140
4659 13650
676 3255
3058 14747
14103 4283
2145 11400
3268 13476
7627 13158
411 7997
13620 1047
4753 2493
10410 6314
11500 4919
12824 14170
8371 14007
11196 3603
3397 14748
14476 1004
709 165
5433 14632
6732 14127
3289 9840
2407 7790
3782 14099
7045 14582
7222 14749
10981 14550
10307 14667
10107 12038
12638 4860
10807 12039
4899 3648
2194 7501
14470 14561
4501 8587
8336 9946
9477 2601
12046 6144
12255 14712
4912 14366
5389 7756
76 5803
9611 11082
87 4521
7492 956
8207 7670
4471 12717
7311 13661
2919 10051
7308 325
8290 9146
7416 7172
5255 10579
993 14579
10583 10901
14672 3992
3160 1498
6654 12537
13160 13134
11534 1745
10039 5919
529 12636
13551 9238
1205 689
1151 12117
11852 1706
505 14750
12570 11792
10744 1690
13178 12262
11556 1624
11443 14751
11999 8449
454 12462
1150 10823
13346 9604
5676 5261
3055 4254
4170 5629
13427 2253
6436 8728
1104 14593
8113 14533
5331 316
5687 14448
1968 10283
13263 13066
8955 13094
7420 7787
3742 2906
2405 11166
3306 1880
11857 14752
6584 2125
9106 14753
13015 14622
7876 13444
6333 5443
14515 3641
13837 865
1082 13022
2770 14320
4956 11014
12399 2423
1012 11564
2768 8129
10116 11186
6934 11597
4801 10015
6902 2091
8798 13709
5991 1241
8084 7845
11154 7060
14281 14603
502 6979
1093 1995
7648 3222
8585 8987
7048 8281
8549 13498
10360 13700
6453 8782
831 13219
11137 13223
671 14676
840 13605
8258 13149
11186 8731
4364 14754
8745 4502
299 14755
3232 3882
7378 4068
5799 14164
2416 7535
6790 14756
13626 2726
10640 5263
9701 1202
7991 14166
11539 11884
2136 5530
13116 1195
2270 11527
12313 13390
8545 8060
12459 14730
14131 7979
2478 13896
7388 7906
11642 11647
9238 6813
6448 10070
10629 11517
2564 5675
11488 8097
11098 13290
13669 4577
4874 7427
9588 12754
591 1707
8010 11133
5522 13391
8173 10149
8874 10342
11059 13337
9560 12857
11585 12228
13585 1249
9397 11787
12291 10552
11432 14171
8048 5352
10325 2697
997 13187
10407 12017
5946 14479
13841 13137
7540 10267
2469 10906
6717 3597
10738 817
11568 2461
11970 14748
3547 4177
8272 9022
1046 611
4451 4507
13326 13805
11833 1564
7786 7467
9178 12855
11746 14552
2208 6969
13235 9672
12251 14286
3350 1428
5099 13132
9731 9182
9775 3317
28 7300
2251 9584
7174 2643
2879 14609
10215 5285
2758 13042
11922 14636
273 10420
6163 7204
2155 14174
8459 2159
11106 14367
10745 13142
7578 13255
2033 7817
5967 2210
7415 5255
11147 13749
7996 315
6811 10609
21 14757
14268 10637
2617 11002
13430 13247
12101 78
6081 14257
11070 10353
11311 11539
10638 3440
3667 14547
7192 2623
8882 84
4419 6472
1217 13865
12132 4056
489 5613
7915 13710
4023 12461
2313 10590
11860 5531
2188 2290
10340 14758
12032 13028
9156 14236
9299 5859
11327 13275
14759 13905
1659 12566
12078 8039
12773 5379
13433 14015
8779 11164
11892 12557
13442 2080
11230 8842
5025 5019
8697 13979
7930 14760
7823 9557
12244 13629
7866 8665
521 9195
3828 11878
11976 7748
9378 497
13577 12424
5544 1209
2845 13835
3179 7187
5709 13826
8446 3054
5204 9047
14189 13704
8384 6566
11381 3387
4718 7712
1965 5328
11464 6701
9144 12415
11137 7452
1829 3532
5722 14656
7462 12934
7698 10642
14356 4973
13425 10984
11023 13259
14194 323
13429 13862
5167 14409
6931 11091
11465 7926
5231 7956
13238 14232
8804 12836
4293 6838
7278 14302
10269 12953
4453 3382
13666 6109
2266 14251
1229 3459
4763 12777
4726 3803
4194 14359
9322 9311
80 1681
12821 5744
5125 9060
6464 8297
9859 7408
11651 10632
132 11220
10215 13441
7560 14761
5893 13018
2197 8267
3952 5993
9650 10567
3071 744
14412 9378
5979 775
2223 14068
6119 1900
7548 14762
13629 11138
4289 12508
5985 9002
4894 13324
9182 6798
822 14250
1670 3838
6185 11806
3725 11879
818 2503
628 8582
14266 10762
8512 2582
11259 11577
7437 11947
2700 14634
3889 12112
10181 10121
3128 13338
7457 14122
11195 4925
12655 7304
10689 5176
1554 4702
9141 14595
10251 13016
3114 13368
14460 776
12233 993
5152 3355
12070 12581
13726 8170
12774 9020
7861 1596
6248 14232
14074 11721
3699 10764
9074 7236
5795 11265
4874 441
3085 3042
7769 11355
2204 8966
11658 13459
9737 4377
139 11351
8793 10949
10946 14763
12701 9229
11665 10244
3235 14764
4855 2728
827 2193
10185 14560
5252 14691
2644 6773
239 947
1725 5906
7950 5268
5744 1627
8290 8732
9372 10099
3954 1760
6946 6
12951 13705
14645 14070
9678 13299
10253 10378
11813 6980
5429 5139
3618 11658
7059 13239
2826 1491
3611 5144
14647 5002
8697 8056
7776 101
11815 11120
3853 870
10774 6970
4111 13289
10477 12370
7841 8984
13924 3833
11615 953
13486 13935
7285 13381
13396 14526
121 12723
6459 5206
3462 12089
3811 14735
3397 11970
4245 13772
4346 14765
1316 2560
10863 10
11187 11767
13214 14766
1129 14539
14731 10311
14642 13924
13537 410
11843 14211
865 7098
10113 14196
8983 2174
13155 3207
1193 2703
7948 10525
14460 14468
4599 1210
7148 8682
1238 6246
14767 14746
14199 6728
2650 9961
11340 7499
2946 1084
11349 3507
13990 5928
9158 8559
1560 12616
3491 13982
5779 2214
10085 13964
8087 5846
6883 5094
10504 14643
2029 13794
9469 6789
1742 10025
12735 14372
13873 309
4347 14765
7739 1833
7079 12609
1214 4418
14630 14768
11299 7162
10756 14769
13095 14770
1014 2900
12369 10761
11202 14525
5342 4634
7030 14146
8605 13619
13015 3969
3541 13991
11176 7876
9281 5287
4547 14507
3100 7128
681 12172
7419 5847
14469 2655
2561 9213
10804 11347
3066 13744
4215 8108
11080 14378
8976 9159
6763 1176
7675 9753
8270 14191
3640 12434
12398 14083
7536 4426
2821 8631
7249 1495
6705 9716
12703 3181
10647 7479
5376 10292
9415 754
736 10758
5864 12073
7802 14193
6742 2031
13198 14333
6398 5021
3585 13870
10536 2383
12592 6471
5470 10334
4134 10686
8043 14180
6662 187
12253 515
7999 14771
8143 9943
14009 8964
12725 4666
8999 6657
12636 11291
5787 3064
12927 13510
10477 14720
4339 13454
894 4896
317 2747
11412 6507
647 11298
90 8709
12955 14148
180 3985
6049 12684
5264 5276
6538 13891
9042 4767
12247 4355
8453 4654
7663 9876
1895 14772
6481 14425
13918 3430
5843 2035
10188 6583
2479 7008
5190 14621
5387 10312
381 1573
3057 13919
341 13770
14676 14350
7530 14034
6471 12593
112 6099
8549 1737
11939 12194
2949 9538
1003 11304
7691 10875
3984 180
2480 5441
14773 12580
9509 4380
13984 14124
1793 13371
11420 9220
9624 14675
8094 14763
5786 2740
12110 14583
3756 14737
12514 14011
2280 12691
4672 7980
12367 8687
5012 12030
7656 7388
6497 7531
4428 14527
6412 1640
7647 14566
12218 6564
4271 12899
4463 11493
6931 7951
12607 13764
3425 9967
8592 13515
5460 6169
1749 11677
10258 14774
12877 10093
2605 13652
5381 14610
13333 12451
3842 13667
10747 4413
1040 34
12276 5337
10889 14775
3908 1556
1708 13607
8460 12333
13650 8583
13912 6526
4441 14474
10944 14294
9317 5696
5675 12856
3146 8069
12110 13260
11813 10892
8880 14629
12319 14776
7962 14156
9087 11490
11096 1123
6979 9175
5520 3524
12740 5264
3053 13181
13397 154
7103 12895
14215 13378
12571 14395
675 11379
10582 14264
2344 815
7453 10019
4830 2630
12763 7519
8341 8551
6326 6950
13833 14698
490 7394
3700 5923
2468 11065
794 1101
7017 10515
3292 13507
2230 2498
3660 14565
13626 12510
12124 10344
9230 13614
3073 12483
7835 12828
3586 9740
2360 5108
7363 10277
9458 10208
14327 5154
6207 12796
1134 10126
7543 10817
4484 6775
1443 10377
10186 9357
11705 13971
13666 9264
14627 14040
11774 7307
3516 9879
12519 13068
12464 4844
2430 14002
2161 10681
14223 5796
1653 11278
4668 14514
11640 1991
7244 8135
8388 9331
5043 586
7552 14597
284 10784
11974 12378
8813 13623
4781 10090
7482 7520
13171 9648
12123 14217
3455 13022
11516 10863
13284 8075
13534 7750
8445 6913
8505 7830
12034 7311
7072 4950
13253 9108
7707 8616
2465 12501
7484 5365
12200 7658
10164 7284
10217 2494
488 11870
13738 1269
7247 13729
3924 7495
11974 7528
11793 6100
6747 13398
520 8152
8564 5522
7739 1832
8280 14416
1214 4417
6240 14600
7163 13089
5095 409
3563 1071
5285 5543
13668 2536
9066 14259
9428 13984
6218 7024
11833 8469
4221 9327
4574 11404
5048 7718
11591 14751
854 5747
10270 10481
10445 10507
8929 8668
12463 7614
16 13370
1899 14777
14360 1943
12526 4614
10578 2601
3148 8947
11707 3890
8853 14711
5426 10213
12683 6002
5113 1053
917 12898
8566 7482
13762 14400
12413 11829
9691 14778
12918 1507
8277 5152
2872 4488
702 7192
7120 10870
6714 5046
1207 8706
7884 785
9121 423
1846 13880
384 12227
152 9293
11136 3904
5603 1997
1897 8535
5800 10917
12904 14779
13300 9687
9957 4287
1713 2964
10647 10127
5507 6871
10131 3885
13056 11037
13751 3731
5198 1440
2972 10519
12520 11292
12256 14379
13270 14780
12009 6862
14781 13992
12009 546
3630 9486
12607 14226
11566 13123
12922 9140
14226 1073
8012 2324
9019 10443
4883 13513
63 13694
5700 11019
2666 10468
5002 5041
778 9793
11277 6442
7905 6103
6439 3490
6177 2522
9792 9574
8192 9433
12850 10132
2648 1449
14211 11414
9686 6840
3468 5433
11732 9689
1275 5265
12108 3690
13253 12373
2559 14775
3687 11273
4813 5656
1773 2782
3481 11761
7352 14654
11182 1834
1643 14519
5693 12936
9334 5126
6598 1448
13918 9752
10287 8102
11869 738
11191 1169
8101 12210
10589 6016
7210 8218
12389 14758
977 3471
10198 7495
1492 9024
11118 5974
13205 576
11458 12042
13803 11911
13312 8863
13897 8327
10894 10959
3755 14684
11643 5822
10667 14782
11871 13672
7675 2370
2595 13377
5946 1359
12379 7346
9323 8113
5250 14783
5680 4363
7272 4408
2822 6644
7291 11703
13978 8518
13926 1743
14357 530
5091 8342
11423 9512
2631 11358
9670 14639
8124 10988
13138 4359
7361 3671
1758 14137
14496 12185
3850 5920
11256 1604
14654 3653
10390 5504
9657 12493
1802 14347
10842 891
8699 12952
3271 12873
13010 13099
134 11579
6144 13540
7044 5088
4814 8074
9803 14291
13411 13965
8789 11932
7070 6557
10763 9476
9898 12367
1140 8708
1048 8987
14361 10506
12932 1251
2312 6062
3391 372
4530 1753
3747 12440
11271 8980
914 13955
2882 5115
13846 3343
347 10390
14327 5153
12319 8175
7534 11389
8802 7625
6263 13566
14069 14080
1945 13833
7040 13774
1242 6579
13249 6658
3135 14784
8632 4566
5996 2311
3849 6195
7664 10234
11457 14136
11914 14152
1657 14009
12982 3977
8250 14742
3056 10211
11124 14027
5780 11755
13716 13525
11064 14753
7922 8448
13420 4854
1784 7082
11273 3688
14351 11113
3266 9524
1896 14772
2835 14285
10400 14762
6346 3725
2771 7293
10438 12226
6113 6796
4370 13237
12823 4689
13405 11196
13828 14785
3677 7087
11164 14626
6343 2435
13903 3930
14079 13571
2415 4265
8061 3225
2228 8533
8197 10649
5857 3372
7353 2625
10341 6942
11740 13901
9287 10773
6155 5039
13171 12349
10793 7552
1141 11596
8137 2994
9237 6059
13477 14786
9298 4218
6299 12489
14440 2279
8752 111
12504 7885
4357 13175
11921 10871
10823 5419
2551 9035
10793 14118
12628 4030
11033 14062
6742 2032
3001 11225
12659 5682
10978 12171
9019 12514
3322 8680
1455 8869
2195 14787
14412 8361
533 14354
1647 8607
6036 9494
7793 7086
2327 11674
13906 6208
6485 2985
107 14214
10256 8817
12525 14725
13398 14380
6902 14761
13918 7249
9257 6338
10502 1677
6056 9208
14615 4826
11970 4974
6180 4817
14157 11849
3800 4746
12448 9583
12015 14788
6413 12435
6555 415
13153 11259
11723 11862
2601 9478
2341 6561
11434 14284
4696 8742
1436 7075
1780 14330
5432 6434
2676 5637
909 9061
13372 307
4731 2952
12386 14692
13738 1270
3830 4119
3687 1085
5771 14789
2732 14209
12485 6421
2305 10235
9637 5235
13802 2888
13429 2756
12956 14614
12430 8561
14216 14647
5031 1387
4923 13479
12560 4688
14588 7567
2514 5710
7860 7487
6717 1273
683 10304
8245 8156
10839 6654
6166 3434
7501 7714
4037 1646
6960 7699
5772 7023
13534 4735
7400 2041
10403 9354
11060 8216
13287 14790
13704 6705
13261 7359
9295 10182
12027 452
5420 4722
10783 284
13942 13514
14079 10113
4701 11955
13735 7774
10652 10427
11990 1632
10244 12956
8704 10276
13449 14120
7883 11340
8466 6800
12270 14041
12366 14741
13939 14791
14126 14153
10537 14776
12176 4981
9555 14792
13846 10943
7750 13535
6138 10970
11508 14464
3857 12555
5981 9435
8284 12241
1154 4815
12179 2380
6191 14793
10440 9049
9038 11521
8191 11882
6259 6079
1136 14069
7168 11190
6126 750
6019 2635
23 14794
5535 12625
1959 5227
12735 13844
2075 14542
4559 5778
13173 14271
4974 12534
8995 13145
37 265
2984 8877
12327 3845
7522 12631
4627 14710
11345 848
3603 2694
4564 11295
13756 9683
10646 5666
13368 12745
9704 13229
8185 6607
352 10826
7967 14597
5957 9048
1398 14750
7042 14290
10029 14795
6110 13824
5104 4586
11135 14796
12792 9383
11593 6225
12018 14481
2622 5645
2824 1333
749 11308
11263 11538
13162 9846
7698 5550
11529 13446
1906 9464
3752 3012
5890 209
11264 14459
7791 14668
970 3861
3965 11164
12840 6598
9334 5127
12293 8996
7752 4586
3923 3592
42 14074
12864 12021
10315 13765
10483 12664
13964 740
13248 13203
795 13972
4305 937
3557 12993
3858 2760
10577 13851
13346 7639
5684 4630
12901 4387
14153 14487
9313 5035
9539 12878
1991 14505
7165 3967
8024 11842
10165 5618
5977 8547
645 7541
10445 5967
12730 2210
8524 13367
3176 13311
5877 6269
5529 6146
37 9831
14630 10371
8230 13537
13798 14078
13698 10156
4203 14461
5737 14364
9823 1395
1894 9758
14411 1651
8629 1106
9927 7600
9840 14375
3100 7129
48 62
9028 11055
2826 13836
3588 1241
9232 68
2586 13205
7089 598
8212 10432
6475 699
5531 12433
8225 13243
5933 12692
3794 10873
2816 12207
7985 8443
13307 7083
12558 14202
4640 6847
6869 6912
6701 14672
5400 14338
12092 9905
4842 12386
10979 10155
3403 10169
2640 14584
7161 3207
2804 6054
6062 6718
11194 5633
12656 5596
6790 7218
7125 3881
84 9052
2274 5193
6919 9590
1060 1714
7757 6604
3610 2276
9873 3147
8021 632
6429 14659
12728 14213
1003 9932
3019 13554
13228 11903
10067 10621
590 1040
11542 6962
11114 14797
7562 517
3632 10995
8717 10464
8226 12794
5076 4918
13912 2998
5016 96
14361 593
11755 12261
3453 5638
7127 14798
137 6815
11156 12145
14458 14740
9885 12554
4239 12809
10182 9794
6500 2525
12941 9728
153 3309
12024 11912
1494 12718
4716 10855
13305 8961
1711 14430
12833 7584
5389 9718
12205 9115
5676 14799
1597 9437
11057 13920
14197 13340
11788 3138
6731 5391
1329 3464
9687 14254
550 2281
1837 2076
5700 9715
5118 4390
3681 8561
14346 11278
4724 14790
9062 5312
5175 14308
6635 14793
10701 2856
12668 7159
1519 12093
12471 14551
2737 10356
10057 14313
12757 11867
13427 4929
6335 14204
12473 13775
9816 9290
12538 7644
7898 14179
6503 13135
13482 14024
10893 8545
14458 371
8916 7829
2992 1241
11137 2729
5948 6021
9527 13784
3729 4419
10085 12180
5360 13128
6630 14800
4128 6383
11657 14658
3494 13692
5369 10484
5797 3303
5556 14717
10940 14801
5714 7121
13142 14688
13090 4757
1889 13745
14134 9884
12694 3944
11590 11359
8203 12961
11981 12643
11113 8107
671 14585
10460 14796
5364 3618
535 14578
10416 10889
8445 13046
2956 12555
10621 64
13572 1863
7430 10273
13380 758
2470 5511
3403 14385
8136 7439
13760 14782
8259 6037
6206 12151
11949 14521
9884 12661
8060 14653
12390 11004
4919 10467
13698 14620
7268 8615
1950 13914
4311 70
6823 13
7959 529
12797 12178
8848 13953
2987 2300
3814 2738
12879 551
276 6844
11619 11321
9518 8613
11040 8862
10900 14701
13890 8584
1998 5058
4998 12476
12998 9424
4320 9671
8806 14276
6494 3030
3616 2153
8414 9436
7961 12066
9097 10030
4713 9770
12906 4808
2892 2761
2124 3357
12388 14650
9918 10465
9253 14098
12375 10578
5985 2261
3655 14607
9806 13161
10513 2941
951 5334
4958 12062
4776 289
3231 838
10741 13316
14108 5936
6245 13180
3140 6136
7676 13822
1156 2641
10774 11312
8902 12229
14651 7093
13609 503
7400 2042
11506 5857
3118 6571
13602 14455
9615 13527
9145 8664
7050 14247
12678 9528
10814 493
6835 14802
6071 14428
3536 13044
8092 12938
1215 13459
6073 13816
5238 14427
3912 1915
5243 10589
8694 6365
1694 14800
5109 13302
2025 4623
6278 5620
7584 8168
2910 2677
3176 9900
4586 8228
7561 10370
9256 11825
6582 8296
10944 3104
4570 13329
8007 9977
350 14803
6226 3471
740 4039
1174 1958
4110 7367
12721 12924
8791 14107
10839 8827
14177 5895
3916 12040
9764 14315
13100 4671
4199 10966
13103 14041
12205 8876
4222 10688
379 13442
8132 6529
10741 13358
9418 14804
6777 14670
14005 10973
6881 13445
10878 6486
8732 4040
12800 13801
14460 581
4660 14132
11094 11739
8604 14699
9720 4694
2213 11427
11621 14797
13413 3991
3830 11199
4692 13520
5992 13507
3055 13434
2635 14452
14245 6183
4656 13742
14358 4194
5221 13902
11059 8378
6376 1380
7019 14576
10816 14531
11277 10336
7017 12280
11593 14805
7680 5150
13566 1869
12911 9102
4021 11861
12022 2929
8436 9928
11583 8382
6998 14806
1931 8640
13805 14807
7969 14808
335 6800
11296 2875
13690 8190
2389 1735
13751 14809
7108 11376
3427 11651
6618 1174
14495 10122
12932 14312
7932 6865
13504 1538
12369 10458
3059 14747
12766 4301
12976 13385
12090 2177
5810 13069
3798 9038
5573 4220
4148 13399
2080 13443
2831 14606
9661 4115
11623 13818
7352 14655
12365 14303
1065 13848
13840 3674
11895 14724
4279 2333
1069 3535
11344 4282
5005 6492
6515 14766
2948 13987
11959 13877
6879 7473
6064 7647
2636 14588
4930 8010
1347 1685
12147 14109
13554 3020
6761 10721
14810 9113
13501 13721
4641 10557
2972 14637
12305 13232
7716 10388
4154 5749
2388 13844
8843 6334
13167 4515
13029 5718
929 5553
14365 6594
277 5583
2329 12165
14349 14580
6426 4522
4976 12169
1961 13291
13028 5174
7153 12027
3131 13017
1860 10571
14174 9871
13722 3337
8909 14419
8421 11432
4357 4217
4624 4139
10220 6450
4724 6534
5846 10886
6340 4707
1637 12738
9319 8196
10015 9089
7055 794
7901 3193
5119 14664
593 8739
11138 12314
4206 14811
7703 9353
12584 11043
3803 6708
8092 12807
2517 1523
10304 5896
8292 10372
6063 9751
626 2640
13805 3358
12977 1241
331 281
1804 8776
5837 13988
8399 9797
5809 13383
9411 9746
713 4285
12997 2495
2993 950
8090 10115
2602 6987
3184 14577
4690 3871
6634 14073
8375 12601
9521 10908
3938 10323
9798 14234
4028 5399
7857 10682
1750 2469
13946 9658
10931 4476
6014 9889
14292 5525
10456 4158
14317 10074
10929 13802
7776 8357
13825 11533
13815 13714
8523 13172
453 383
10646 9801
4818 14439
5544 11500
12765 5099
2815 12892
4543 13189
8736 7610
5470 6802
1513 525
10619 1515
11229 11711
8207 14362
4482 13516
1298 2338
1625 4256
3644 11656
11362 4906
6783 13732
3034 14077
9837 2772
2849 4950
7937 6176
11910 1337
10698 1668
3037 4730
640 671
13865 12617
12873 3356
13585 5079
1614 5018
8415 575
10734 2597
707 11801
5725 5998
14146 6245
2064 8744
10319 4328
1361 8076
304 10000
6057 5703
7030 14147
7811 13363
14414 6035
10541 12945
5714 10382
4693 7892
13704 10163
5002 14648
11151 14067
2571 2946
4820 4764
11695 14685
12293 6972
4336 9779
6747 10414
1906 7692
186 5350
5184 13728
3601 12481
9034 14173
11491 11880
9145 8663
9048 8839
14713 4198
2652 9940
9583 2936
13792 1838
9819 5036
4363 6434
2756 1364
11 4410
4203 57
10069 13837
7715 6981
5252 11230
9133 8949
6743 1384
11865 14791
571 10227
1192 12947
2854 14402
6538 5864
11122 1401
3653 4767
7501 14646
6906 8891
4781 14812
893 12797
4397 12105
9363 4685
10210 7358
3038 6074
13800 2303
13191 13927
9471 4389
12487 13341
11741 2921
5270 14813
28 1241
4991 12891
6708 12532
13459 14814
13388 12672
7180 5474
8242 5866
11921 14661
9345 12837
3236 14764
11742 12862
11105 5912
13806 3378
7309 6544
8909 11136
282 5635
12163 3764
340 10577
2830 5888
7832 14727
76 5008
7970 12893
2790 9789
12726 14785
8709 11620
2526 12825
12318 4891
10634 11910
4525 12410
3993 2426
12460 1973
14563 2676
7503 14786
1409 7695
5123 11700
8778 2807
12691 5783
3685 12798
13012 14390
2139 13557
13532 10555
3795 4710
11968 8827
12728 1569
13213 2001
9895 12565
1567 8626
14815 5836
7978 2028
1329 3463
8058 14125
14190 6051
11553 13950
8331 3679
9279 6465
12877 12154
7964 6801
7584 14714
9437 9680
7818 3383
389 13703
11097 3926
3847 3592
13450 2322
14103 11619
12592 5856
3234 2841
5603 69
12412 8977
13572 1864
11628 6889
1399 13432
9569 13264
874 6494
13682 12602
4756 2325
5761 224
11006 3462
4606 9966
6378 14257
7998 14771
2176 12090
5264 14816
9973 13587
8668 8654
9386 6060
10701 6629
2322 6596
1436 14028
7883 6905
3689 11436
13917 14501
1027 1917
9699 11734
5148 12264
4660 14131
1630 10124
6272 12988
12733 3708
12991 1791
12849 14817
12142 12666
6488 14818
2616 8155
8870 14819
4822 10958
2241 9014
2145 1354
7914 4474
3749 9432
4218 13277
14164 1369
4940 4949
139 11977
6003 12243
14088 13169
1927 230
10367 572
5115 10680
5629 2456
11001 8892
6356 7007
7973 3210
11167 13610
9115 9787
1345 11864
10687 14143
9002 7877
6465 13617
9513 10225
4969 1893
2726 4404
13327 14820
3789 13786
12506 4488
12525 14241
5140 6613
7074 3565
6060 14641
4970 12874
7965 14679
10883 11698
8794 9245
11757 8653
10150 14534
9111 3765
13332 11572
13806 3377
3197 4084
157 3269
10596 809
8700 3485
11697 7102
2394 10545
12450 14555
9 2608
12901 2093
1998 9627
8647 3669
4991 2938
9155 8842
6750 14352
3428 1785
7611 8085
13354 14644
9022 1427
3706 879
3527 12472
13502 14662
13458 7668
11127 14540
8420 4791
2635 9345
8774 13387
1552 6691
6660 14463
1453 8279
12338 121
9395 14749
6581 14489
7484 13996
11246 13491
14422 56
4007 9393
7115 7665
14112 10523
8008 14492
6105 12345
8950 5743
10406 11221
98 4363
3238 3750
1704 12739
7075 11332
449 7601
3363 4106
11073 8410
3715 12052
4537 12969
1259 12088
12950 9531
9496 6765
11288 14673
11201 11160
10371 14768
234 14104
9692 12958
11755 11237
10608 12390
793 4141
13846 4025
4242 1019
1997 6194
5099 7128
6182 11859
7722 14008
3967 8182
5124 14709
12627 11102
751 6684
542 12994
5659 12507
14549 13943
965 3553
3344 12238
7107 14778
7115 8242
2269 12548
12003 2384
12049 9101
9705 7803
3547 4176
10759 1370
5457 13712
423 4479
3974 5487
8878 5810
12150 7557
13309 14604
10487 14280
5300 14272
13737 11864
3896 14821
4796 8903
12354 11693
14061 12211
13500 2056
6211 13034
8890 2041
4809 8220
12486 5866
6692 2766
2687 14085
7781 7616
638 10002
5761 13917
5258 10860
8287 381
13377 11690
7047 5902
12600 13641
7266 3476
10441 5810
583 4099
5546 4878
7531 13081
5330 6982
4443 3045
14810 6087
14211 12674
11672 7671
14365 4979
1040 8252
7591 6071
5699 1816
9945 14421
2334 7773
13385 14682
5229 14818
10271 195
10260 3093
2911 11569
13049 6600
11871 9721
9573 14594
10448 7801
8495 9681
8089 14798
11674 10821
2735 435
11226 13080
12919 8902
5500 1408
12461 1160
6049 18
7473 13764
7802 12981
13541 14337
1529 12107
8881 14819
10043 5900
5802 14822
3174 14462
960 10776
847 11345
2082 11968
13424 11434
14074 14342
1241 10455
367 8313
12143 10808
7232 10394
6126 714
7255 2295
3117 3713
1488 3280
11334 2437
11766 14721
820 14397
8482 11964
2045 12671
2907 13715
4378 4224
4377 5568
13567 8636
8774 2023
2708 14090
8316 213
3077 11362
5052 9818
5197 7449
5372 13778
12939 9483
14105 12318
13238 14233
9653 14301
12654 6267
1927 3627
5148 12263
7526 8062
11433 11476
6127 11285
7404 9390
8372 13995
6495 5377
2376 13641
12662 6835
14081 6955
5067 559
12228 8902
11883 13750
8881 12881
12559 14823
7092 1837
6113 14168
11081 11016
12197 10576
8351 5056
306 9333
6999 8589
5149 14809
1842 72
12918 13127
7620 10385
402 7070
10434 1910
9152 14683
9689 2870
7738 10429
5497 12095
9191 13797
14246 12826
1381 11264
7350 14570
9061 11361
8959 14784
2194 14787
3096 117
12430 8562
3427 1325
8751 12331
5406 340
4205 14811
4731 5121
13034 4083
2671 7417
14313 10418
8813 2262
6910 11331
6037 107
1786 6203
9454 11747
594 11222
11112 5652
5211 14509
7598 12739
2157 13100
3948 12150
11764 3340
8277 2817
13288 12250
9086 7788
10375 11229
10070 4136
10004 13119
7254 5034
1526 5681
12650 14004
8657 14183
11988 6282
11276 4113
10358 8993
13041 11943
2184 3522
13596 4243
741 2058
3558 14620
8846 5385
6773 2008
8006 14808
13074 1501
7093 4140
5383 14185
4744 2019
4104 14339
10919 7188
10188 9509
10285 1469
14305 7599
9009 5587
7197 9312
1869 5331
14346 11279
3276 5055
14717 5557
14263 3686
14405 7381
13277 12091
3806 12114
4159 8366
11679 5540
310 14817
148 10536
8831 14544
13300 5904
6509 8849
2369 14587
13925 5790
13083 3721
8231 12758
5225 11550
5523 1477
11943 14824
11307 4027
6469 13214
3898 14175
11062 13049
3594 7366
1742 10783
9377 13539
6784 656
12902 14130
9254 6452
13010 6329
3279 2632
12508 11392
6955 14810
11932 14423
6735 7606
941 11627
2264 13882
12528 13723
6892 217
13937 5769
5439 6829
1319 2997
947 786
6128 8475
9547 7868
13526 12598
11592 14164
12544 13660
10884 8250
2216 10216
4535 8846
13909 2185
3496 13451
11938 8688
3646 10603
7232 4836
7438 4552
10422 14075
10267 13352
12038 11642
14187 10491
13570 8994
8377 9730
8619 6125
11935 14537
3420 12148
7169 12480
6282 11933
6172 4785
5370 2376
10195 14469
14825 4528
12468 10040
2892 2760
13663 8464
3192 2633
7135 2086
11644 11289
10182 12379
12011 3605
9316 6761
14597 7553
3811 1451
11232 6953
1960 3247
644 1868
6506 3996
14358 6459
9348 8265
1649 665
10303 4368
14503 4384
4429 14404
3106 8864
5143 10574
11457 10504
6617 8589
14035 9856
13131 5234
7939 10302
4365 14754
13480 1661
3246 14021
3144 14553
12575 3620
3455 13023
12189 5953
14810 6088
1932 8685
9661 997
7958 9363
7037 13201
4144 11158
2868 1775
14282 14114
8287 14826
3799 13546
5417 14827
10057 6250
9527 8332
5720 3126
4859 13986
3373 6789
4630 7343
1722 4719
14513 11344
14588 9902
10248 12677
1880 11917
795 1193
11751 9530
12041 14728
3728 14556
6157 5817
11706 10169
13418 13326
2320 13531
12168 11914
11834 6726
6397 3682
11301 1269
6970 8578
5256 12153
7904 4372
9802 14508
7922 14828
895 4158
11572 2327
9903 8770
1766 6377
10265 11495
13524 11940
6899 13711
10608 5055
5770 14789
14476 11317
3266 1234
7253 5083
14456 9851
5023 1419
11470 13379
8187 14314
12757 3228
13382 6628
7980 573
3774 7940
8044 10786
1652 11421
13795 7871
7514 14829
4414 4905
242 12588
13524 4894
6455 8547
7513 14829
6147 7268
4089 5728
7168 3477
11426 14774
10670 13356
13188 13526
5475 13270
6522 7772
2238 7954
12111 9756
1809 4632
12359 14821
13718 9260
9791 14689
12499 4530
7123 7233
12069 1614
14349 1980
10538 14783
7753 7548
4057 10254
6500 12989
2614 14795
14374 14680
6746 11826
12309 11087
425 2730
3214 6163
13710 10075
8324 10255
6274 4702
5505 13853
6119 5053
8899 13680
9038 13045
13522 4443
9968 6170
13418 8824
4204 1119
1035 13596
10684 2490
1151 10781
3293 13760
8765 13471
8820 12010
1948 4114
9866 11680
12431 8120
4273 4213
1544 1696
14391 6050
1175 10133
11211 9859
6525 11293
3224 2276
7397 12146
3153 13209
12786 11247
4623 6750
516 2939
6467 10965
3936 653
14037 5133
11554 290
832 12716
13292 5929
10316 437
5426 8087
4417 1548
12271 14231
5075 7374
13233 14678
1452 1218
3503 11615
13822 3532
11556 12703
7648 3221
8243 13202
4766 1901
3398 12495
9070 14669
1363 9459
13664 7064
4495 12024
10129 6161
1406 14718
11432 12643
11439 14660
1038 14559
14020 14830
251 13279
12312 14274
5015 13767
11751 13993
8081 14745
10129 13146
12034 13725
6589 14089
5533 6777
4102 14659
1748 14788
11366 10222
10482 14820
4426 14102
1068 3151
6491 5005
2109 8801
13939 11865
4898 6778
12364 6212
10743 14554
11498 12702
6859 14700
12092 2796
2686 13475
9123 14500
6726 9136
13448 13483
5118 4389
14183 14451
11342 14831
14642 14729
2306 8032
3864 12983
6326 13678
7726 10260
917 14496
5053 9808
1004 4849
3128 13339
11439 10168
1081 13210
12569 14706
6933 5656
8589 5390
8302 5335
13849 12374
1852 9739
10071 2207
2923 12914
12483 13103
8724 11538
11502 10384
12237 13683
3907 9761
13370 9199
384 3998
13511 373
12069 1241
5316 7288
10503 14757
1215 14814
4372 7808
13367 2705
3044 13681
3710 13069
9885 2819
231 637
5835 14815
5004 14690
11717 2661
2409 5989
3132 8269
3312 14831
4732 4964
13458 10510
989 13265
8638 14260
2657 8321
14198 11672
8865 1191
11549 7764
370 3366
9287 801
13096 14770
7836 9930
12619 14794
6072 5275
10843 13008
12133 10533
12409 6866
12129 12288
3394 10872
2331 2987
2517 6874
13795 2829
14187 12441
6487 6352
1163 4876
13009 9434
6099 11793
8625 8063
14356 7539
12722 14537
178 11866
10153 12450
2831 9191
589 10499
13486 1355
10383 3446
13175 1243
10198 7496
11701 10640
7751 2346
12584 4968
1265 8761
3788 6375
7334 1142
3023 4608
13587 11039
6395 297
9416 6514
9736 11987
8048 8585
13301 6360
12829 2965
13074 216
9266 14736
3648 10738
14268 13776
5943 11985
1175 407
1362 6350
7076 3711
5075 14608
6486 4857
6023 7389
13840 1241
7082 14048
12662 14802
1182 969
4446 14022
9972 5156
8581 10447
5885 1121
407 8274
6023 11385
5371 6785
7224 12346
7014 4933
4457 14694
800 14752
9735 13649
12740 14816
10040 10028
5276 13362
3873 2706
353 13428
2455 367
11620 6790
9127 2495
10263 14731
14832 7351
11132 14666
824 4017
8287 12975
8308 10679
3671 14806
11444 4232
7103 7383
13316 8554
9954 2873
1582 7172
6599 14239
5791 50
2639 2297
10237 12046
13041 14824
13806 14645
3367 406
10526 12458
3280 2000
12352 6580
2678 4204
9306 12428
4611 13888
9510 13685
10487 10378
7399 9296
13978 8136
14833 6786
2442 14228
7708 5844
4233 14823
4735 14351
12080 14703
12827 14386
7126 3858
9381 14834
3720 14052
3537 11484
14551 5527
10091 14602
1892 2099
2510 7919
13405 12198
12977 3472
8886 9543
6402 8865
1354 8126
10398 11418
7585 191
6911 13676
836 6771
6440 10931
1773 7106
12218 262
3057 14181
4430 9799
5168 14726
13769 9763
259 11663
12805 13096
13889 3226
4570 13413
1247 4715
11791 4958
1537 3473
9282 13613
11019 11125
3149 10462
1719 12583
9475 12706
9565 606
8364 5784
5182 12024
12970 14456
10513 8341
1672 2732
9142 14273
13430 14450
3650 2891
6707 9805
13270 12417
9846 14558
4592 14777
13327 10482
12252 11056
12395 13174
10621 14722
4325 12479
13068 14623
3741 7437
14105 11848
1119 9272
10217 2493
8693 1241
1748 12015
9685 14755
13399 10605
11470 14707
1514 12588
1609 12996
6034 12752
10023 1405
3244 14697
14469 14033
12078 13304
8138 13998
8093 14227
6945 9152
13800 2302
10986 8396
7025 14630
8325 5172
13460 14827
3772 2894
13438 3051
5860 6079
12140 14485
11463 14769
1115 2552
12975 14826
11339 14522
4551 7438
7139 13808
86 14799
9984 14723
7027 6372
1859 13395
8546 1513
10652 1279
7054 12125
13558 7800
6558 32
8959 12819
11715 3906
2182 3125
8468 2481
9988 3292
7407 10379
7923 872
3580 14295
457 2428
13144 938
7804 8748
6480 419
9757 399
11484 12360
5031 4976
2912 14523
8335 702
1831 5701
2878 2482
6643 13073
14 14760
14058 12919
315 7409
14627 1487
6977 13600
5706 14663
5783 11424
5178 11356
4338 5202
3103 9366
339 4709
13296 480
7480 14331
5908 766
7498 10501
7563 13310
8083 14807
7225 3961
7803 10404
10658 6940
4459 5470
13435 14252
11738 2926
1459 3482
8722 446
14102 12486
4537 9881
5621 11018
10228 12536
4557 14835
3840 9093
10939 6988
2253 1378
9710 12682
10294 1600
3029 11089
5622 11530
12362 9767
11861 12044
12595 7457
3005 11974
11851 14779
469 7137
1415 12586
4477 10231
6613 11735
12467 8431
8520 2103
7767 12869
5095 6559
14267 3294
5627 11640
3761 11760
3900 1770
5930 7230
7119 10669
10528 14225
8781 6464
11954 14705
4901 2144
5263 11702
23 12202
4370 14270
8023 5038
1570 11673
8199 12879
11370 14803
12010 2864
7649 10232
2878 3611
8655 4089
10090 14812
3841 5476
9680 8958
5220 3988
11119 3257
13829 3235
14805 6225
10628 13903
13884 12964
230 14431
1973 13621
4718 8395
12982 11655
6157 12683
1117 3568
2143 12265
2213 7101
8315 9512
14223 1784
7603 13885
2486 10242
3338 14686
9795 6584
13879 3545
251 13280
2924 5569
13650 12748
2350 8519
7890 1267
1814 8223
11697 4981
14505 4453
2424 12332
9737 14151
3899 10053
1052 6549
2915 4503
13199 11189
11745 8184
14124 9205
5569 7759
4630 7342
9556 5428
3520 8474
1599 14717
6543 7524
4856 3843
549 14836
11186 1386
13891 6539
2111 7530
13736 5142
7947 12318
1362 6349
3960 12477
2660 14837
5324 3287
8907 8811
9501 12585
8522 4058
5767 4387
7737 2499
13300 5905
10172 8935
2183 10154
12735 10847
12521 10918
7232 14838
9053 11413
2896 4912
6459 10780
14476 11316
2529 13513
3527 1528
14491 10856
10216 5082
8409 2068
11670 12827
1944 13062
13159 14652
12271 8139
7921 14828
6815 14804
9740 6152
11050 2270
10112 10331
8409 2069
13447 13111
14551 3183
10263 14732
4602 9473
13298 6886
6324 8244
4821 4896
798 9703
3879 10947
5037 14610
10941 12342
732 4543
3576 7017
2040 14178
8762 12970
11977 12099
13027 780
7024 6645
2267 11967
2759 12053
6192 359
1335 14261
6023 10345
6918 9645
12325 1613
8125 13199
13683 10936
1948 13423
13975 5305
10753 1561
13664 12577
3618 12974
8792 8143
8141 13061
5085 11262
5464 10991
289 5095
11062 14837
5001 3041
3751 14756
2459 11669
4872 14674
708 4520
9125 12848
2951 7115
5171 14792
4996 13211
12235 13266
7853 13465
1291 12411
3979 11357
6394 10630
11645 6588
1055 13593
3330 14569
7570 14108
12307 11116
7224 6266
10792 6083
12870 12157
1995 14693
7331 11486
9517 1335
13229 14162
6145 1484
3731 10580
6039 12471
2174 10854
10693 13035
3484 9117
9086 4415
4845 9924
7998 3345
10724 9176
2791 8325
6558 6597
8401 3325
13216 5393
9700 10962
1383 14374
1232 10438
2943 7630
8887 5567
13147 10614
4455 14341
4588 13847
6507 2731
4182 7502
3532 14478
238 8406
9652 10052
13917 14586
2804 11749
8092 12808
11931 470
11710 11229
10046 14835
5801 14822
2665 10737
10161 11731
9097 11453
9465 11338
12789 11952
6353 13484
4109 10691
8602 14530
14046 12704
5475 14780
10455 14293
5432 1732
13193 8698
4219 7872
1372 13564
9951 1783
4238 10455
3108 2630
5712 14665
8565 2812
1519 5183
5374 14713
10084 11615
967 6631
7607 8208
10431 10715
9625 11202
2602 10636
3706 14532
7008 7837
6814 10203
5028 11098
6116 7545
1241 12809
14109 14161
5385 11268
13902 2945
9006 3499
6875 13763
12051 7054
7202 14734
798 853
1827 12720
6413 12434
14456 14681
13893 11206
12003 9042
110 12544
4288 11206
9277 14475
4856 1909
4051 12949
11648 12709
12011 14408
5858 8251
5083 6878
1459 11741
8150 3573
10047 4869
8032 3667
11156 6992
6089 10770
12622 7682
13396 5619
7420 1924
9171 5770
3820 12455
12558 2384
6520 13470
12587 12677
8245 172
1749 609
862 11058
7034 1454
3578 14160
3448 10803
7888 11425
13747 7996
9436 10419
9620 10539
13762 13247
6574 4042
6573 14575
3997 11238
14199 10948
6286 14175
3116 14830
3757 11944
1657 12973
9876 11167
6958 3632
12365 14418
1699 10560
13872 13785
9632 10977
6808 12994
12823 14300
5435 11557
13998 4454
11142 1664
7588 8924
3202 14839
5489 1899
6178 9852
11428 13014
13872 283
11940 5831
9639 528
1153 3040
2799 12816
7251 6004
13567 12662
13370 17
4606 14494
4734 11976
13279 3601
14620 13699
1248 9759
13169 4231
11100 8141
13506 3815
3407 12594
6357 13635
1857 5787
4938 1190
10669 13591
3299 14839
12663 7329
6668 839
5753 8760
5014 13217
4550 14467
14440 12676
9203 2529
14672 7273
2433 13321
10883 6029
9452 11089
6495 5378
3543 13179
13756 9859
9630 12026
3373 7320
4996 14326
1781 884
14713 14387
11977 4314
3903 8628
5964 14410
8374 5561
1579 13043
2467 14716
9335 8798
11530 12467
13602 13414
7057 4295
8234 14733
79 14840
8370 14631
1629 13758
7105 13839
853 12422
9743 11950
133 5960
14513 14840
9649 9513
550 14836
10394 14838
10060 7945
7462 4251
6928 3304
14168 4203
14739 12572
12460 5324
13779 4127
12555 14256
5287 10261
6720 237
13561 1679
2637 2698
8808 3301
12259 7517
11806 2737
12167 12971
11128 9406
192 3748
11730 10161
3126 6835
3666 12849
7900 14633
573 3919
9760 13528
2487 8574
10495 13376
1821 5222
6090 1913
3621 13170
9884 14447
6948 66
3787 13292
14263 13469
3050 14245
3507 7634
2752 911
7366 4888
13506 1181
7329 1891
6853 14504
13112 12326
881 14348
10212 11909
4001 8875
14215 14715
9633 427
6313 9660
1712 12060
8900 14743
12066 11287
11627 490
14841 14708
1274 7848
712 3775
625 12438
8713 4105
13473 3512
3538 10836
1241 4130
1685 14177
12937 8483
9052 14054
8912 152
11076 2617
12927 9484
10083 8071
8018 13922
3905 11715
11055 11509
10252 12802
1425 1345
12959 14834
6689 13658
6425 6304
13144 12590
4197 9959
3872 1365
10939 14801
4747 14813
5295 12882
5120 11
4941 5785
10473 12814
10948 14200
7316 11581
13080 13402
9766 9258
2126 2519
12156 9960
10145 12452
7409 10362
11542 6963
2199 11558
421 13642
907 14141
5733 14131
13975 12140
