12882 22367
0 1
0 2
0 3
4 5
4 6
7 8
7 9
7 10
11 8
11 10
12 13
12 14
15 16
15 17
18 16
18 19
20 21
20 22
20 23
24 25
24 26
24 27
28 25
28 26
29 26
29 27
30 31
30 9
30 32
33 32
33 34
35 36
35 26
35 32
37 36
37 26
38 36
38 32
39 40
39 41
39 42
43 44
43 45
46 26
46 32
46 34
47 26
47 34
48 40
48 45
49 40
49 45
49 42
50 51
50 40
50 52
53 45
53 42
54 55
54 56
57 58
57 59
57 60
61 62
61 63
64 58
64 60
65 59
65 60
66 67
66 59
68 69
68 67
68 59
70 69
70 67
70 58
71 69
71 59
72 69
72 58
73 67
73 58
74 75
74 76
77 78
77 75
79 80
79 81
79 82
83 81
83 82
84 85
84 86
87 85
87 88
89 88
89 76
90 85
90 88
90 86
91 86
91 88
91 76
92 86
92 76
93 94
93 95
96 97
96 98
96 99
100 101
100 98
100 102
103 98
103 102
104 97
104 98
105 97
105 99
106 107
106 102
108 109
108 102
110 101
110 98
111 109
111 102
111 107
112 113
112 114
115 116
115 117
118 119
118 120
121 122
121 120
123 122
123 124
125 122
125 119
125 124
126 127
126 120
128 127
128 124
128 120
129 122
129 119
129 120
130 127
130 124
131 132
131 133
134 132
134 135
136 137
136 138
139 140
139 137
141 142
141 143
144 145
144 142
146 145
146 147
148 145
148 149
148 147
150 140
150 151
152 140
152 151
152 153
154 145
154 142
154 143
155 151
155 153
156 157
156 158
159 160
159 161
162 163
162 164
165 166
165 164
167 168
167 169
170 168
170 169
170 171
172 173
172 174
175 173
175 176
175 174
177 171
177 178
177 174
179 173
179 176
180 181
180 182
180 171
183 169
183 171
184 181
184 171
185 181
185 182
186 187
186 188
189 27
189 187
190 31
190 191
190 192
193 191
193 192
194 195
194 191
194 187
196 195
196 187
197 195
197 191
198 27
198 187
198 188
199 200
199 187
201 200
201 191
202 203
202 204
202 205
206 25
206 207
208 209
208 210
208 211
212 25
212 10
212 207
213 214
213 215
216 217
216 218
219 220
219 221
222 223
222 224
225 220
225 214
225 215
226 227
226 228
229 230
229 227
231 44
231 41
232 230
232 233
234 230
234 235
236 235
236 237
238 235
238 239
238 237
240 230
240 241
242 230
242 241
242 228
243 230
243 235
243 233
244 241
244 228
245 246
245 247
248 249
248 250
248 251
252 246
252 250
252 247
253 246
253 250
254 255
254 246
256 255
256 257
258 259
258 257
260 255
260 246
260 257
261 246
261 259
261 257
262 246
262 259
263 41
263 42
264 265
264 266
264 267
268 40
268 41
269 21
269 270
271 272
271 22
273 274
273 275
276 272
276 22
276 23
277 278
277 279
280 21
280 23
281 21
281 22
282 283
282 284
282 285
286 283
286 287
288 285
288 287
289 283
289 285
289 287
290 285
290 291
292 285
292 293
292 291
294 283
294 284
295 296
295 297
298 299
298 297
300 299
300 301
302 299
302 296
302 301
303 284
303 304
305 299
305 296
305 297
306 307
306 301
308 309
308 310
311 312
311 313
311 314
315 316
315 309
315 310
317 316
317 310
318 319
318 320
318 313
321 312
321 313
322 312
322 314
323 324
323 325
326 327
326 325
328 329
328 330
331 329
331 330
331 224
332 223
332 333
334 330
334 333
335 223
335 330
335 333
336 337
336 338
339 333
339 338
340 337
340 338
340 333
341 337
341 342
343 333
343 342
344 345
344 346
347 345
347 348
347 346
349 350
349 351
352 25
352 351
353 25
353 350
353 351
354 355
354 345
356 355
356 351
357 355
357 345
357 351
358 359
358 345
360 359
360 351
361 278
361 279
361 362
363 364
363 365
363 366
367 365
367 366
368 369
368 370
371 364
371 365
372 373
372 374
375 376
375 377
375 378
379 166
379 133
380 381
380 94
382 383
382 373
382 374
384 376
384 378
385 386
385 387
388 389
388 390
388 391
392 386
392 387
392 366
393 387
393 366
394 395
394 396
394 390
397 396
397 390
398 390
398 391
399 389
399 391
400 401
400 402
403 404
403 377
405 406
405 366
407 408
407 406
409 410
409 316
409 411
412 386
412 413
414 166
414 415
416 417
416 418
416 419
420 421
420 422
420 423
424 425
424 426
427 425
427 171
427 426
428 419
428 429
430 419
430 431
430 429
432 417
432 418
433 422
433 434
435 436
435 171
437 436
437 438
439 440
439 441
442 182
442 443
442 444
445 440
445 444
445 441
446 440
446 444
447 448
447 182
449 448
449 443
450 451
450 443
452 448
452 182
452 443
453 182
453 451
453 443
454 182
454 451
455 456
455 457
458 459
458 460
458 461
462 463
462 464
465 466
465 464
467 468
467 469
467 319
470 319
470 469
471 466
471 463
471 472
473 463
473 472
474 466
474 472
475 466
475 463
475 464
476 472
476 477
478 479
478 477
480 481
480 482
483 484
483 485
486 487
486 484
486 485
488 484
488 489
488 490
491 487
491 485
492 493
492 494
492 495
496 497
496 494
498 494
498 495
499 493
499 495
500 493
500 497
501 493
501 497
501 494
502 503
502 504
505 506
505 504
507 506
507 503
507 508
509 503
509 508
510 506
510 508
511 16
511 512
511 513
514 512
514 513
515 16
515 513
516 517
516 518
516 512
519 518
519 512
520 200
520 191
520 187
521 522
521 523
524 525
524 522
524 523
526 527
526 525
526 522
528 525
528 523
529 530
529 531
529 523
532 527
532 533
534 530
534 531
535 531
535 523
536 533
536 531
537 527
537 533
537 531
538 539
538 55
540 539
540 55
540 541
542 539
542 543
542 544
545 55
545 541
546 539
546 544
547 539
547 543
548 549
548 550
548 337
551 552
551 553
554 555
554 556
557 558
557 555
559 560
559 561
562 558
562 555
562 556
563 560
563 555
563 561
564 555
564 561
565 555
565 566
567 560
567 566
568 569
568 561
570 560
570 555
570 566
571 369
571 572
571 370
573 574
573 575
576 577
576 578
576 579
580 574
580 577
580 575
581 577
581 575
582 574
582 579
582 578
583 574
583 578
584 577
584 578
585 577
585 579
586 575
586 587
588 587
588 589
590 591
590 592
593 594
593 591
593 592
595 596
595 597
595 591
598 594
598 592
599 596
599 591
600 597
600 591
601 597
601 594
602 596
602 597
602 594
603 604
603 605
606 607
606 608
609 610
609 611
609 612
613 610
613 608
613 612
614 608
614 612
615 611
615 612
616 610
616 611
617 612
617 618
619 620
619 612
621 610
621 608
622 620
622 612
622 618
623 624
623 1
625 626
625 627
625 628
629 630
629 631
632 633
632 631
634 635
634 636
634 316
637 635
637 316
638 635
638 636
639 640
639 641
639 642
643 641
643 642
644 640
644 642
645 319
645 641
645 646
647 646
647 641
648 649
648 650
651 448
651 451
651 652
653 654
653 655
656 657
656 658
656 659
660 661
660 662
663 657
663 658
664 658
664 659
665 666
665 659
667 668
667 666
667 659
669 668
669 657
669 666
670 668
670 659
671 668
671 657
672 369
672 673
672 674
675 676
675 677
678 676
678 679
678 677
680 679
680 681
682 676
682 681
683 676
683 684
685 676
685 686
687 676
687 686
687 684
688 689
688 364
690 440
690 652
690 691
692 676
692 679
692 681
693 493
693 677
694 695
694 696
697 698
697 699
700 698
700 701
702 703
702 704
702 705
706 703
706 704
707 703
707 699
708 699
708 709
710 711
710 701
712 703
712 699
712 709
713 711
713 699
713 701
714 711
714 699
715 716
715 717
718 717
718 636
719 720
719 721
722 723
722 724
722 720
725 723
725 724
726 727
726 728
726 729
730 728
730 727
731 728
731 729
732 733
732 734
732 735
736 723
736 720
737 724
737 727
737 729
738 724
738 727
739 724
739 729
740 741
740 742
740 743
744 745
744 746
744 747
748 26
748 749
750 749
750 32
751 752
751 753
751 754
755 753
755 754
756 752
756 754
757 758
757 753
757 701
759 758
759 753
760 753
760 701
761 31
761 762
763 26
763 749
763 32
764 25
764 765
766 25
766 765
766 767
768 769
768 135
770 769
770 135
770 767
771 772
771 773
771 774
775 769
775 767
776 777
776 778
779 777
779 780
781 782
781 772
783 782
783 784
785 786
785 778
785 787
788 765
788 767
789 790
789 94
791 10
791 792
793 794
793 795
796 797
796 794
798 171
798 799
800 801
800 799
802 803
802 804
805 803
805 806
805 804
807 808
807 809
810 803
810 808
811 803
811 808
811 809
812 813
812 814
815 813
815 366
816 813
816 366
816 814
817 818
817 819
820 818
820 366
821 822
821 790
821 823
824 101
824 825
826 827
826 828
826 829
830 831
830 832
833 831
833 834
835 828
835 829
836 837
836 832
838 832
838 839
840 841
840 839
842 841
842 843
842 839
844 834
844 814
845 829
845 846
847 837
847 832
847 839
848 849
848 834
850 851
850 846
852 853
852 854
855 101
855 794
856 851
856 829
856 846
857 853
857 854
857 846
858 846
858 854
859 846
859 860
861 853
861 860
862 101
862 825
862 794
863 864
863 865
866 864
866 867
868 869
868 867
870 871
870 872
873 109
873 350
874 864
874 259
875 876
875 877
878 879
878 876
878 877
880 879
880 881
882 876
882 881
883 876
883 884
885 876
885 886
887 876
887 884
887 886
888 879
888 877
889 255
889 864
889 259
890 879
890 876
890 881
891 877
891 892
893 894
893 895
896 897
896 898
896 899
900 901
900 224
902 903
902 904
905 329
905 901
906 907
906 894
906 895
908 329
908 909
910 329
910 909
910 224
911 912
911 228
911 913
914 901
914 337
914 915
916 917
916 918
919 917
919 920
919 918
921 917
921 922
921 923
924 920
924 918
925 917
925 920
925 926
927 928
927 918
929 920
929 926
930 917
930 926
931 928
931 926
932 928
932 926
932 918
933 934
933 814
935 350
935 934
935 814
936 937
936 938
936 939
940 350
940 934
941 937
941 938
942 938
942 939
943 944
943 939
945 944
945 946
945 939
947 948
947 949
947 950
951 949
951 950
952 948
952 950
953 386
953 949
953 954
955 956
955 950
957 948
957 949
957 958
959 949
959 958
960 948
960 958
961 956
961 950
961 958
962 956
962 958
963 964
963 965
966 964
966 967
966 965
968 969
968 9
968 970
971 967
971 972
973 967
973 970
974 967
974 970
974 972
975 964
975 972
976 964
976 970
977 964
977 970
977 972
978 967
978 965
979 980
979 981
982 983
982 135
982 767
984 985
984 986
987 988
987 989
987 990
991 992
991 993
994 983
994 135
995 996
995 997
998 996
998 999
998 997
1000 996
1000 171
1000 1001
1002 999
1002 997
1003 1004
1003 1005
1003 456
1006 171
1006 1007
1008 171
1008 1009
1010 1009
1010 1011
1012 1013
1012 1007
1014 171
1014 1013
1014 1007
1015 1016
1015 1017
1018 1019
1018 1020
1018 1021
1022 1019
1022 1020
1023 1020
1023 1021
1024 1019
1024 1021
1024 1016
1025 1019
1025 1016
1026 1021
1026 1016
1027 1019
1027 1028
1027 1029
1030 1019
1030 1028
1031 1019
1031 1029
1032 1033
1032 1034
1035 1034
1035 1036
1037 1038
1037 1039
1037 1040
1041 1038
1041 1040
1042 1038
1042 1036
1043 1036
1043 1044
1045 1033
1045 1044
1046 1038
1046 1036
1046 1044
1047 1033
1047 1038
1047 1044
1048 1033
1048 1038
1049 1050
1049 981
1051 1052
1051 1053
1054 1055
1054 1056
1057 1058
1057 135
1059 1060
1059 1061
1062 1060
1062 1061
1062 1063
1064 1065
1064 1066
1067 1061
1067 1066
1068 1065
1068 1061
1068 1066
1069 25
1069 1070
1071 364
1071 541
1072 541
1072 1073
1074 1075
1074 1076
1074 1077
1078 1079
1078 1080
1081 1075
1081 1080
1082 1079
1082 1075
1082 1080
1083 1079
1083 1077
1084 1079
1084 1076
1084 1077
1085 1075
1085 1076
1086 1075
1086 1077
1087 1088
1087 1089
1090 1091
1090 1089
1090 1092
1093 1091
1093 1092
1094 1089
1094 1092
1095 1096
1095 133
1095 1097
1098 1096
1098 133
1099 1096
1099 1097
1100 1101
1100 1102
1100 1103
1104 1091
1104 1088
1104 1089
1105 1091
1105 1088
1106 1080
1106 1107
1106 56
1108 204
1108 205
1109 1110
1109 366
1111 1112
1111 1110
1113 1114
1113 1115
1113 366
1116 1115
1116 366
1117 1114
1117 1115
1118 1119
1118 1120
1118 1121
1122 1120
1122 1121
1123 1119
1123 1121
1124 1125
1124 1126
1124 1120
1127 1126
1127 1120
1128 1080
1128 1107
1129 1130
1129 1131
1132 1133
1132 1134
1132 1135
1136 1133
1136 1135
1137 1134
1137 1135
1138 27
1138 1133
1138 1097
1139 1140
1139 1141
1142 1143
1142 1144
1142 1145
1146 1133
1146 1147
1148 1134
1148 1147
1149 1143
1149 1144
1149 1150
1151 1143
1151 1150
1152 1147
1152 1153
1152 1135
1154 1144
1154 1145
1155 1156
1155 1157
1158 1159
1158 1156
1160 1144
1160 1150
1161 1159
1161 1156
1161 1157
1162 1163
1162 1164
1165 1163
1165 1164
1165 1166
1167 596
1167 649
1168 596
1168 849
1169 596
1169 649
1169 849
1170 1163
1170 1166
1171 1172
1171 1173
1171 1174
1175 604
1175 1176
1177 604
1177 1174
1178 604
1178 1174
1178 1176
1179 171
1179 1180
1181 1182
1181 1183
1184 1185
1184 1186
1184 1187
1188 646
1188 1180
1189 1182
1189 1187
1190 1185
1190 1191
1190 1192
1193 1185
1193 1191
1194 1185
1194 1192
1195 1185
1195 1186
1196 1186
1196 1187
1197 1185
1197 1182
1197 1187
1198 1185
1198 1182
1199 1200
1199 1201
1202 1203
1202 1200
1204 1203
1204 1205
1206 1203
1206 1207
1208 1209
1208 1210
1208 1205
1211 1209
1211 1205
1212 1205
1212 1207
1212 1201
1213 1205
1213 1201
1214 1207
1214 1201
1215 1203
1215 1205
1215 1207
1216 1217
1216 1218
1216 1219
1220 1221
1220 1222
1220 843
1223 1224
1223 1225
1226 1225
1226 1227
1228 1224
1228 1225
1228 1227
1229 1230
1229 1231
1232 1224
1232 1233
1232 1234
1235 1227
1235 1234
1236 1233
1236 1227
1237 1233
1237 1227
1237 1234
1238 1225
1238 1231
1239 1225
1239 1230
1239 1231
1240 1221
1240 843
1241 1242
1241 1243
1244 1242
1244 78
1245 1243
1245 1246
1245 1247
1248 1243
1248 1246
1249 1243
1249 1247
1250 1246
1250 88
1250 86
1251 1246
1251 86
1252 1246
1252 88
1253 1254
1253 1255
1253 1256
1257 1254
1257 1258
1259 78
1259 1260
1261 1242
1261 1243
1261 78
1262 1263
1262 1264
1262 1265
1266 1058
1266 153
1267 1268
1267 1269
1267 1270
1271 1272
1271 1273
1274 550
1274 1273
1274 1275
1276 1272
1276 1273
1276 1275
1277 1272
1277 1275
1278 1089
1278 1279
1278 94
1280 1089
1280 94
1281 550
1281 1275
1282 550
1282 1273
1283 1272
1283 549
1284 549
1284 1285
1286 319
1286 1287
1288 1289
1288 1290
1288 1291
1292 319
1292 1287
1292 1290
1293 1287
1293 1290
1294 1295
1294 1296
1294 1291
1297 1295
1297 1291
1298 1290
1298 1291
1299 1289
1299 1290
1300 1301
1300 1287
1302 1301
1302 1303
1304 1219
1304 1305
1306 1307
1306 1305
1308 733
1308 1309
1310 1307
1310 1219
1310 1305
1311 733
1311 1309
1311 1305
1312 1309
1312 1305
1313 969
1313 1314
1315 1316
1315 1317
1315 1318
1319 350
1319 1320
1319 1097
1321 350
1321 1320
1322 1317
1322 1318
1323 1316
1323 1317
1324 1325
1324 1326
1327 1328
1327 1325
1329 1320
1329 1097
1330 1328
1330 1325
1330 1326
1331 44
1331 1332
1331 1333
1334 1335
1334 1336
1334 1337
1338 1336
1338 1337
1339 25
1339 1336
1340 1336
1340 969
1341 1335
1341 1337
1342 25
1342 1336
1342 969
1343 1335
1343 1344
1345 762
1345 1346
1345 1347
1348 1335
1348 1344
1348 1347
1349 1335
1349 1347
1350 1351
1350 1352
1353 1354
1353 1355
1353 1356
1357 1358
1357 1359
1360 1358
1360 1356
1361 1358
1361 1359
1361 1356
1362 1354
1362 1359
1363 1354
1363 1355
1363 1359
1364 1355
1364 1356
1365 1354
1365 1356
1366 31
1366 1367
1368 1369
1368 133
1370 364
1370 1369
1371 1372
1371 1352
1371 1222
1373 1374
1373 1375
1373 1376
1377 1351
1377 1372
1377 1352
1378 901
1378 915
1379 983
1379 1380
1381 983
1381 1382
1381 1380
1383 1384
1383 983
1383 1382
1385 1382
1385 1380
1386 1387
1386 1380
1386 1388
1389 1384
1389 1390
1391 1387
1391 1388
1392 1380
1392 1388
1393 1394
1393 1395
1396 1390
1396 1388
1397 1384
1397 1390
1397 1388
1398 1399
1398 1400
1398 1401
1402 329
1402 901
1402 224
1403 1404
1403 1070
1405 1406
1405 1404
1407 1408
1407 1409
1407 1410
1411 1412
1411 1413
1414 337
1414 915
1415 1416
1415 1406
1417 1418
1417 1419
1420 27
1420 1421
1422 1423
1422 1424
1425 1423
1425 1426
1425 1424
1427 1428
1427 1423
1427 188
1429 1426
1429 1424
1430 1428
1430 188
1431 1428
1431 1423
1432 1433
1432 1434
1435 1433
1435 1434
1435 1436
1437 1426
1437 366
1437 1434
1438 1433
1438 1436
1439 1440
1439 1441
1439 1442
1443 1440
1443 899
1444 1440
1444 1442
1445 1441
1445 1442
1446 1447
1446 1448
1449 1447
1449 1450
1449 1448
1451 1452
1451 1447
1451 904
1453 1450
1453 1448
1454 1455
1454 1456
1454 1457
1458 1441
1458 899
1459 1440
1459 1441
1459 899
1460 1461
1460 1462
1460 1463
1464 909
1464 1419
1465 1466
1465 1467
1465 1468
1469 1470
1469 1471
1472 1419
1472 915
1473 1474
1473 1475
1476 1477
1476 1478
1479 319
1479 1480
1481 1482
1481 1480
1483 319
1483 1482
1483 1480
1484 1485
1484 1486
1487 1485
1487 1480
1488 1485
1488 1486
1488 1480
1489 1490
1489 1491
1492 1490
1492 316
1493 1490
1493 1491
1493 316
1494 1495
1494 1496
1497 1466
1497 1468
1498 1499
1498 1500
1501 1499
1501 1502
1503 1504
1503 1505
1506 1507
1506 1508
1506 1509
1510 1511
1510 1512
1513 1508
1513 1509
1514 1515
1514 1516
1517 1507
1517 1512
1518 1508
1518 1512
1518 1507
1519 1520
1519 1521
1519 1507
1522 1508
1522 1512
1523 1520
1523 1507
1524 1499
1524 1515
1525 1526
1525 1527
1525 1528
1529 350
1529 1530
1531 1499
1531 1532
1533 1534
1533 1535
1536 1537
1536 1528
1538 1528
1538 965
1539 1537
1539 1528
1539 965
1540 1537
1540 1527
1541 1527
1541 965
1542 1537
1542 1527
1542 965
1543 1526
1543 1528
1544 1526
1544 1527
1545 1505
1545 350
1546 386
1546 1547
1546 94
1548 1549
1548 1550
1551 1552
1551 1549
1553 1554
1553 1552
1553 1549
1555 1547
1555 94
1556 386
1556 1547
1557 1558
1557 1552
1559 1552
1559 1560
1561 1558
1561 1552
1561 1560
1562 1554
1562 1549
1563 1564
1563 1565
1563 1566
1567 1564
1567 1566
1568 1569
1568 1570
1571 1572
1571 1573
1571 1574
1575 1569
1575 1573
1575 1570
1576 1569
1576 1573
1577 1578
1577 1564
1579 1578
1579 1565
1580 1565
1580 1566
1581 1578
1581 1564
1581 1565
1582 1583
1582 1466
1584 1585
1584 1586
1587 1474
1587 1466
1588 1585
1588 1586
1588 1589
1590 1474
1590 1466
1590 1475
1591 1504
1591 27
1591 1421
1592 1593
1592 25
1594 1504
1594 1421
1595 1038
1595 1039
1596 1597
1596 1040
1596 1598
1599 1600
1599 1601
1599 1602
1603 1604
1603 1605
1606 1607
1606 1604
1608 1609
1608 1602
1610 1593
1610 133
1611 1609
1611 1602
1611 1612
1613 1600
1613 1614
1615 1614
1615 1602
1616 1617
1616 1618
1619 1600
1619 1601
1620 1601
1620 1602
1621 1607
1621 1604
1621 1605
1622 1623
1622 1624
1625 1617
1625 1626
1625 1627
1628 1629
1628 1630
1631 1632
1631 1630
1631 1633
1634 1632
1634 1630
1635 1632
1635 1633
1636 1605
1636 1626
1636 1627
1637 1638
1637 1630
1639 1593
1639 25
1639 133
1640 1605
1640 1626
1641 1642
1641 1632
1643 1629
1643 1630
1643 1633
1644 171
1644 1645
1644 1646
1647 1585
1647 1648
1649 1650
1649 1651
1649 1652
1653 1650
1653 1651
1654 1651
1654 1652
1655 25
1655 849
1655 1656
1657 849
1657 1656
1658 25
1658 1656
1659 1660
1659 1661
1659 1508
1662 1660
1662 1508
1663 1661
1663 1508
1664 1665
1664 1660
1664 1666
1667 1593
1667 1648
1668 1593
1668 1585
1668 1648
1669 1670
1669 1671
1672 1671
1672 1673
1674 797
1674 1675
1676 1677
1676 1673
1678 1679
1678 1673
1680 1681
1680 1679
1682 1681
1682 1679
1682 1066
1683 1684
1683 1673
1685 1670
1685 1684
1685 1673
1686 1677
1686 1679
1686 1673
1687 1670
1687 1684
1688 1689
1688 1056
1688 1690
1691 1101
1691 1692
1693 1694
1693 1166
1693 1695
1696 1697
1696 1698
1696 1699
1700 1698
1700 1699
1701 163
1701 415
1702 1694
1702 1166
1703 1698
1703 1704
1705 1055
1705 1698
1706 1697
1706 1699
1707 1055
1707 1698
1707 1704
1708 1709
1708 1710
1711 767
1711 1710
1712 1713
1712 1714
1715 767
1715 1710
1715 1709
1716 1717
1716 1718
1719 1720
1719 1713
1719 140
1721 1720
1721 1717
1721 1718
1722 1720
1722 1718
1723 1713
1723 1714
1723 1709
1724 1714
1724 1709
1725 1726
1725 1709
1725 1727
1728 1726
1728 1709
1729 1730
1729 1731
1732 1733
1732 1734
1732 1735
1736 1733
1736 1735
1737 1734
1737 1735
1738 1733
1738 140
1738 1727
1739 1726
1739 1727
1740 10
1740 1741
1740 1709
1742 1709
1742 1741
1743 10
1743 1741
1744 579
1744 1745
1746 649
1746 350
1746 589
1747 1748
1747 27
1747 1097
1749 1748
1749 27
1750 1731
1750 1751
1752 1753
1752 1754
1755 1756
1755 1753
1757 1758
1757 1759
1760 1756
1760 1753
1760 1754
1761 1758
1761 1753
1761 1759
1762 1753
1762 1759
1763 350
1763 589
1764 31
1764 1765
1766 1767
1766 1768
1769 1770
1769 366
1769 1771
1772 1767
1772 1771
1772 1768
1773 1767
1773 1771
1774 1775
1774 1423
1776 1775
1776 135
1777 1770
1777 1778
1779 1775
1779 1423
1779 135
1780 1770
1780 1423
1780 1778
1781 1423
1781 1778
1782 1172
1782 10
1783 1784
1783 1785
1786 1787
1786 1784
1788 1787
1788 1789
1790 1787
1790 1789
1790 1785
1791 1792
1791 1793
1791 1794
1795 1793
1795 1794
1796 1797
1796 1793
1798 946
1798 1797
1799 1800
1799 1801
1802 946
1802 1797
1802 1793
1803 1800
1803 1797
1803 1801
1804 1800
1804 1797
1805 1806
1805 1807
1808 1806
1808 1809
1810 1811
1810 1812
1813 1814
1813 1815
1813 1816
1817 1818
1817 1819
1820 1821
1820 1812
1822 1823
1822 1824
1822 1814
1825 1823
1825 1814
1826 1815
1826 1814
1827 1815
1827 1816
1828 1821
1828 1829
1830 1811
1830 1829
1831 1730
1831 1832
1833 825
1833 1834
1833 1675
1835 1836
1835 1837
1838 1839
1838 1840
1841 1842
1841 1832
1841 1843
1844 633
1844 630
1844 1845
1846 630
1846 1845
1847 1845
1847 1848
1849 1850
1849 1848
1851 630
1851 1850
1852 633
1852 1850
1853 633
1853 1845
1854 633
1854 1850
1854 630
1855 1856
1855 411
1857 1858
1857 316
1859 1850
1859 1845
1859 1848
1860 1861
1860 1862
1860 17
1863 1864
1863 1865
1863 456
1866 1867
1866 1868
1869 1870
1869 1871
1872 1873
1872 1870
1874 1873
1874 1875
1876 1873
1876 1875
1876 1877
1878 1879
1878 1870
1880 1879
1880 1881
1880 1870
1882 1873
1882 1870
1882 1871
1883 364
1883 1884
1883 1885
1886 1842
1886 1843
1887 1888
1887 1881
1889 1888
1889 1870
1890 1891
1890 1892
1893 1894
1893 1895
1896 1897
1896 1895
1898 1899
1898 1900
1898 1901
1902 1899
1902 1901
1903 1901
1903 1904
1905 1901
1905 1906
1907 1899
1907 1900
1908 1901
1908 1904
1908 1906
1909 1904
1909 1910
1911 1906
1911 1912
1911 1910
1913 1904
1913 1912
1913 1910
1914 1904
1914 1912
1915 171
1915 1916
1917 1918
1917 1885
1919 1920
1919 1916
1921 1922
1921 1923
1921 1924
1925 171
1925 1709
1926 1927
1926 1709
1928 171
1928 1927
1928 1709
1929 31
1929 1930
1931 1930
1931 1709
1932 31
1932 1930
1932 1709
1933 1934
1933 1935
1936 1934
1936 1709
1937 1934
1937 1935
1937 1709
1938 1939
1938 1940
1941 1942
1941 1943
1941 1944
1945 1942
1945 1943
1946 1942
1946 1944
1947 1948
1947 1943
1947 1949
1950 1951
1950 1952
1953 1692
1953 767
1953 1097
1954 1692
1954 767
1955 1692
1955 1097
1956 1957
1956 1951
1956 1952
1958 1957
1958 1952
1959 1960
1959 1961
1959 754
1962 1961
1962 1960
1963 1960
1963 1964
1965 1960
1965 1966
1967 1961
1967 754
1968 1960
1968 1964
1968 1966
1969 1964
1969 1970
1971 1966
1971 1972
1971 1970
1973 1964
1973 1972
1973 1970
1974 1964
1974 1972
1975 27
1975 1976
1977 1978
1977 1979
1977 1980
1981 1979
1981 1980
1982 1983
1982 1984
1982 1751
1985 1986
1985 1980
1985 1987
1988 1986
1988 1980
1989 1980
1989 1987
1990 114
1990 814
1991 1978
1991 1986
1992 1978
1992 1987
1993 1994
1993 94
1995 1994
1995 1694
1996 1997
1996 1998
1999 2000
1999 1998
2001 2002
2001 1997
2001 2003
2004 1884
2004 1885
2005 2006
2005 1998
2005 2007
2008 2006
2008 1998
2009 2006
2009 2007
2010 2000
2010 1997
2010 1998
2011 825
2011 1675
2012 285
2012 284
2013 364
2013 1885
2014 386
2014 10
2014 267
2015 307
2015 297
2016 287
2016 304
2017 2018
2017 2019
2020 2021
2020 2018
2022 2021
2022 2023
2024 2021
2024 1140
2024 2023
2025 2026
2025 9
2027 2026
2027 9
2027 350
2028 2021
2028 2018
2028 2019
2029 2026
2029 350
2030 2018
2030 2031
2032 2026
2032 2031
2033 2034
2033 2035
2036 2037
2036 2038
2039 1818
2039 2040
2039 1394
2041 2042
2041 2043
2041 2044
2045 2042
2045 2044
2046 2043
2046 2044
2047 2043
2047 2048
2049 2042
2049 2043
2049 2048
2050 2051
2050 2052
2050 2043
2053 2051
2053 2043
2054 2052
2054 2043
2055 107
2055 2056
2057 31
2057 279
2057 2058
2059 279
2059 2058
2060 2061
2060 1279
2062 278
2062 362
2063 2064
2063 2065
2066 2067
2066 853
2068 27
2068 2061
2069 1254
2069 1097
2070 2071
2070 2072
2070 2073
2074 1254
2074 133
2074 1097
2075 1254
2075 133
2076 2071
2076 2077
2076 2078
2079 31
2079 1114
2079 2080
2081 2071
2081 2072
2082 2072
2082 2073
2083 2037
2083 2084
2083 2085
2086 1114
2086 2080
2087 2088
2087 279
2087 362
2089 2090
2089 2091
2092 2088
2092 279
2093 969
2093 2094
2093 1097
2095 2096
2095 2097
2098 2099
2098 2100
2101 1301
2101 2091
2101 2090
2102 2103
2102 2104
2105 2106
2105 2104
2107 2103
2107 2106
2107 2104
2108 2109
2108 2110
2111 992
2111 211
2111 1656
2112 210
2112 2113
2114 210
2114 2113
2114 1508
2115 992
2115 2113
2115 1656
2116 210
2116 1508
2117 195
2117 200
2117 2118
2119 1455
2119 1114
2120 200
2120 2118
2121 195
2121 2118
2122 686
2122 986
2123 986
2123 2118
2123 684
2124 2118
2124 684
2125 2126
2125 2127
2128 2127
2128 2129
2130 2131
2130 2129
2132 2133
2132 2131
2132 2129
2134 2133
2134 2126
2134 2131
2135 2133
2135 2129
2136 2133
2136 2126
2137 2126
2137 2131
2138 386
2138 2131
2139 350
2139 386
2139 2131
2140 2141
2140 2142
2143 2142
2143 1574
2144 1818
2144 1819
2144 1394
2145 2146
2145 2040
2147 2148
2147 2149
2147 1818
2150 2040
2150 1394
2151 1818
2151 2040
2152 846
2152 853
2152 860
2153 2154
2153 2155
2153 2156
2157 2154
2157 2156
2158 2159
2158 2156
2160 2159
2160 2155
2161 2154
2161 2141
2162 2159
2162 2155
2162 2156
2163 2154
2163 2159
2163 2141
2164 2159
2164 2141
2165 2166
2165 2167
2168 2169
2168 2170
2171 2166
2171 2170
2172 2173
2172 2166
2174 2175
2174 2166
2176 2175
2176 2173
2176 2166
2177 2169
2177 2166
2177 2170
2178 946
2178 2179
2178 2180
2181 2182
2181 2183
2181 2184
2185 2182
2185 2184
2186 2183
2186 2184
2187 946
2187 2179
2188 946
2188 2180
2189 1558
2189 2184
2190 1558
2190 2184
2190 2191
2192 1055
2192 1690
2193 2194
2193 1690
2195 2194
2195 1056
2196 1055
2196 2194
2196 1056
2197 1689
2197 1690
2198 1055
2198 2194
2198 1690
2199 1689
2199 1056
2200 2201
2200 2202
2203 2204
2203 2205
2206 2207
2206 2204
2208 2207
2208 2209
2210 2207
2210 1607
2210 2209
2211 2212
2211 814
2213 2212
2213 814
2213 133
2214 2207
2214 2204
2214 2205
2215 2212
2215 133
2216 2204
2216 2217
2218 2212
2218 2217
2219 2220
2219 2221
2222 31
2222 2223
2222 2224
2225 2223
2225 2224
2226 25
2226 2227
2226 1884
2228 31
2228 2224
2229 2230
2229 2231
2232 2230
2232 2233
2234 1499
2234 1516
2234 1532
2235 1666
2235 2236
2237 25
2237 2227
2238 2239
2238 969
2238 1279
2240 205
2240 2241
2242 2233
2242 2243
2244 2239
2244 1279
2245 2246
2245 2247
2248 2249
2248 2250
2248 2251
2252 2253
2252 135
2254 2253
2254 350
2254 135
2255 2256
2255 2257
2255 2258
2259 2253
2259 350
2260 2257
2260 2258
2261 2256
2261 2257
2262 2256
2262 2263
2264 2256
2264 2265
2264 2263
2266 2267
2266 2061
2266 2080
2268 2257
2268 2269
2270 2253
2270 2269
2271 2272
2271 2273
2274 2267
2274 2080
2275 350
2275 1097
2275 2276
2277 1070
2277 1406
2277 2278
2279 2280
2279 2281
2282 2283
2282 2284
2285 2286
2285 2287
2288 2289
2288 2290
2288 2291
2292 2293
2292 2294
2295 2290
2295 2296
2295 2297
2298 2293
2298 2291
2299 2290
2299 2297
2300 2290
2300 2296
2301 2289
2301 2291
2302 2289
2302 2290
2303 2293
2303 2290
2304 2293
2304 2290
2304 2291
2305 2287
2305 2306
2307 2286
2307 2283
2307 2287
2308 205
2308 2241
2308 2309
2310 2311
2310 2312
2313 2311
2313 2314
2315 2311
2315 2312
2315 2314
2316 2317
2316 2318
2319 2320
2319 274
2321 274
2321 2322
2323 2324
2323 1689
2325 2324
2325 2202
2326 2322
2326 1689
2326 2202
2327 2328
2327 2329
2330 2320
2330 2324
2330 1265
2331 2320
2331 2324
2332 2320
2332 1265
2333 2324
2333 1689
2333 2202
2334 2335
2334 2336
2337 2338
2337 2339
2337 2340
2341 2339
2341 2340
2342 2338
2342 2339
2343 2344
2343 2339
2345 2335
2345 2344
2346 2335
2346 2336
2346 2339
2347 2336
2347 2339
2348 2349
2348 2336
2350 2335
2350 2344
2350 2339
2351 2352
2351 2099
2351 2353
2354 2355
2354 2356
2357 2358
2357 2359
2357 2360
2361 2358
2361 2359
2362 2363
2362 2364
2365 2366
2365 2364
2365 2367
2368 2366
2368 2367
2369 2358
2369 2370
2369 2360
2371 2359
2371 2370
2371 2372
2373 119
2373 2374
2375 2372
2375 2376
2377 2378
2377 2376
2379 2363
2379 2380
2381 2382
2381 2380
2383 319
2383 2328
2383 2329
2384 319
2384 2329
2385 934
2385 938
2385 2386
2387 934
2387 2386
2388 938
2388 2386
2389 2390
2389 938
2389 934
2391 2390
2391 934
2392 2390
2392 938
2393 2394
2393 2395
2393 2396
2397 2395
2397 2396
2398 2394
2398 2396
2399 2400
2399 2395
2399 2401
2402 2403
2402 2404
2402 2405
2406 2403
2406 2405
2407 2403
2407 2404
2408 2409
2408 2405
2408 2410
2411 2412
2411 2410
2413 2409
2413 2414
2413 2410
2415 2409
2415 2414
2416 425
2416 171
2417 2409
2417 2412
2417 2410
2418 2409
2418 2412
2419 2420
2419 267
2421 266
2421 2420
2422 2423
2422 2424
2425 2423
2425 2426
2425 2424
2427 2428
2427 2429
2430 2424
2430 2429
2431 2428
2431 2424
2431 2429
2432 2428
2432 2433
2434 2433
2434 2424
2435 2428
2435 2433
2435 2424
2436 2437
2436 2429
2438 2433
2438 2437
2439 2440
2439 2441
2439 2442
2443 2440
2443 2442
2444 2445
2444 2446
2444 228
2447 2446
2447 228
2448 2445
2448 228
2449 2450
2449 2446
2449 2442
2451 2452
2451 2453
2451 2454
2455 2453
2455 2456
2457 2453
2457 2458
2459 2453
2459 2458
2459 2456
2460 2461
2460 2454
2462 2461
2462 2453
2463 2452
2463 2454
2464 2452
2464 2453
2465 1499
2465 1515
2465 1516
2466 2467
2466 2468
2466 2469
2470 1408
2470 1409
2471 2472
2471 636
2473 2474
2473 2475
2473 2476
2477 716
2477 2472
2478 1412
2478 1409
2479 2480
2479 2481
2482 2483
2482 2484
2482 461
2485 1412
2485 1410
2485 1409
2486 2487
2486 2488
2486 1569
2489 2490
2489 2491
2492 2493
2492 636
2494 1694
2494 990
2495 1055
2495 2496
2495 158
2497 2498
2497 2499
2497 1409
2500 157
2500 2501
2502 2503
2502 2501
2504 2496
2504 249
2505 2503
2505 157
2505 2501
2506 2496
2506 2501
2506 249
2507 2496
2507 2501
2508 1055
2508 2496
2509 1055
2509 158
2510 2511
2510 2512
2513 2514
2513 2512
2515 2490
2515 2251
2516 2517
2516 2518
2519 2520
2519 2518
2521 2520
2521 2517
2521 2522
2523 2517
2523 2522
2524 2511
2524 2522
2524 2518
2525 2511
2525 2518
2526 2511
2526 2522
2527 2520
2527 2517
2527 2518
2528 1317
2528 2529
2528 2530
2531 2529
2531 2530
2532 2530
2532 2533
2534 2535
2534 2533
2536 1320
2536 2537
2538 2535
2538 2530
2538 2533
2539 1320
2539 2537
2539 2533
2540 2533
2540 2537
2541 2533
2541 2542
2543 1320
2543 2542
2544 425
2544 2545
2546 2498
2546 1409
2547 2548
2547 2549
2550 2499
2550 1409
2551 2552
2551 2553
2551 2554
2555 25
2555 2556
2555 94
2557 2558
2557 2559
2560 2561
2560 2562
2563 2561
2563 2564
2565 2561
2565 2562
2565 2564
2566 2567
2566 2558
2568 2561
2568 2558
2569 2561
2569 2567
2569 2558
2570 2556
2570 94
2571 25
2571 2556
2572 1001
2572 2573
2574 2575
2574 2576
2577 2578
2577 2576
2579 2578
2579 2575
2579 2576
2580 2581
2580 1448
2580 2582
2583 2578
2583 2575
2583 2584
2585 2586
2585 2476
2587 2584
2587 2476
2588 2586
2588 2584
2588 2476
2589 2578
2589 2590
2591 2578
2591 2575
2591 2590
2592 2593
2592 2594
2595 2596
2595 2597
2595 2469
2598 2581
2598 2582
2599 2600
2599 2601
2602 2475
2602 2590
2602 2576
2603 426
2603 2604
2605 2601
2605 366
2606 2607
2606 2608
2606 2609
2610 2611
2610 2612
2613 2608
2613 2609
2614 2607
2614 2609
2615 849
2615 2607
2616 386
2616 2607
2617 386
2617 849
2617 2607
2618 2608
2618 2612
2619 2620
2619 366
2621 2622
2621 2623
2624 1694
2624 2620
2624 366
2625 2626
2625 2627
2625 2623
2628 2629
2628 2630
2628 482
2631 2629
2631 482
2632 2629
2632 2630
2633 2630
2633 481
2633 482
2634 1475
2634 481
2635 2626
2635 2627
2636 2627
2636 2623
2637 2626
2637 2638
2637 2639
2640 2626
2640 2639
2641 2642
2641 860
2643 119
2643 2644
2643 2645
2646 2647
2646 2648
2649 2626
2649 2638
2650 2642
2650 854
2650 860
2651 2647
2651 782
2651 765
2652 2645
2652 782
2653 2647
2653 782
2654 2647
2654 765
2655 119
2655 2644
2656 2645
2656 2644
2657 2645
2657 765
2658 2645
2658 782
2658 765
2659 2642
2659 854
2660 2642
2660 2661
2660 2662
2663 2662
2663 2664
2665 2661
2665 2662
2666 2642
2666 2661
2667 2642
2667 2664
2668 2642
2668 2662
2668 2664
2669 2670
2669 1695
2671 2670
2671 1709
2672 2670
2672 1709
2672 1695
2673 2674
2673 2675
2676 140
2676 2674
2676 2677
2678 2679
2678 2680
2681 2679
2681 2677
2682 2679
2682 2677
2682 2680
2683 1709
2683 2675
2684 2674
2684 1709
2684 2675
2685 2686
2685 2687
2688 2689
2688 2690
2691 2686
2691 2687
2691 2692
2693 2694
2693 2695
2696 969
2696 814
2696 2692
2697 2694
2697 2687
2698 2694
2698 2692
2699 2700
2699 895
2701 2695
2701 2686
2702 2694
2702 2695
2702 2686
2703 2704
2703 2475
2705 2706
2705 2707
2708 2706
2708 2709
2710 2711
2710 2712
2713 2714
2713 386
2715 2716
2715 2707
2717 2716
2717 2711
2717 2707
2718 2709
2718 2712
2719 2712
2719 2709
2719 1207
2720 2716
2720 2711
2720 2712
2721 2709
2721 1207
2722 2723
2722 1689
2724 2723
2724 1689
2724 2202
2725 1689
2725 2201
2725 2202
2726 2723
2726 2202
2727 2723
2727 1264
2727 2201
2728 2729
2728 2730
2731 1264
2731 2201
2732 2723
2732 1264
2733 1263
2733 1264
2734 2729
2734 2730
2734 2735
2736 2737
2736 2738
2736 2739
2740 1516
2740 2741
2742 2743
2742 2744
2745 2746
2745 2747
2748 2744
2748 2749
2750 2746
2750 2751
2752 2753
2752 1809
2752 1807
2754 1792
2754 2755
2756 1792
2756 2753
2757 1792
2757 2755
2757 2753
2758 969
2758 1794
2759 364
2759 1794
2760 969
2760 1794
2760 364
2761 1792
2761 2762
2763 2762
2763 1794
2764 1792
2764 2762
2764 1794
2765 797
2765 1834
2766 773
2766 2767
2766 2768
2769 2770
2769 769
2771 773
2771 2768
2772 2773
2772 2774
2772 2767
2775 364
2775 2739
2776 2773
2776 2767
2777 436
2777 2545
2778 2774
2778 2767
2779 2773
2779 2774
2779 2768
2780 2773
2780 2768
2781 986
2781 684
2782 1507
2782 1509
2783 2784
2783 2785
2786 2787
2786 2785
2788 2787
2788 2789
2790 2784
2790 2787
2790 2789
2791 2792
2791 2787
2791 2793
2794 2784
2794 2789
2795 2792
2795 2787
2796 2787
2796 2793
2797 2784
2797 2787
2797 2785
2798 2799
2798 2789
2800 2801
2800 2802
2803 2801
2803 2804
2805 2802
2805 2806
2805 2807
2808 2802
2808 2806
2809 2801
2809 2810
2809 2811
2812 2801
2812 2810
2813 2810
2813 2811
2814 2801
2814 2804
2814 2802
2815 1839
2815 849
2816 1839
2816 135
2817 2818
2817 2819
2820 2818
2820 2819
2820 2821
2822 969
2822 2819
2823 25
2823 2819
2824 25
2824 969
2824 2819
2825 2818
2825 2821
2826 2827
2826 2828
2826 2829
2830 2831
2830 2821
2832 2827
2832 2821
2833 2827
2833 2831
2833 2821
2834 2835
2834 2738
2836 10
2836 207
2837 2838
2837 2835
2837 2738
2839 2840
2839 166
2841 2842
2841 2843
2844 2842
2844 985
2844 2843
2845 2846
2845 2847
2848 679
2848 2843
2849 2843
2849 2850
2851 679
2851 2843
2851 2850
2852 2842
2852 985
2853 985
2853 986
2853 2118
2854 2850
2854 986
2855 2850
2855 2118
2856 2850
2856 2118
2856 986
2857 1375
2857 1073
2858 1375
2858 814
2859 2860
2859 2861
2859 2862
2863 2861
2863 2862
2864 2860
2864 2862
2865 2866
2865 2861
2865 2867
2868 2866
2868 2861
2869 2861
2869 2867
2870 220
2870 214
2870 221
2871 214
2871 221
2872 2873
2872 2874
2875 1375
2875 1073
2875 814
2876 1638
2876 2877
2876 140
2878 140
2878 2877
2879 1638
2879 2877
2880 391
2880 2881
2880 2882
2883 2881
2883 2882
2884 391
2884 2882
2885 2886
2885 2887
2885 2881
2888 2887
2888 2881
2889 140
2889 2890
2891 2892
2891 2890
2893 140
2893 2894
2895 2896
2895 2894
2897 2898
2897 2899
2897 2900
2901 2902
2901 366
2903 2904
2903 2902
2905 2906
2905 2907
2905 2908
2909 2906
2909 2908
2910 2906
2910 2911
2912 2911
2912 2913
2914 377
2914 378
2915 2906
2915 2911
2915 2913
2916 2917
2916 404
2916 377
2918 140
2918 381
2919 2920
2919 2921
2922 2923
2922 2924
2922 2920
2925 2923
2925 2924
2926 2923
2926 2920
2927 2928
2927 2929
2927 2924
2930 2928
2930 2924
2931 2929
2931 2924
2932 2928
2932 2933
2932 2934
2935 2928
2935 2934
2936 2928
2936 2933
2937 2938
2937 2939
2940 2941
2940 2942
2943 539
2943 2944
2943 541
2945 2946
2945 2947
2948 2949
2948 2950
2951 2952
2951 727
2953 689
2953 10
2954 2939
2954 2955
2956 2957
2956 2958
2959 689
2959 364
2959 10
2960 2957
2960 2961
2962 2963
2962 2964
2962 2965
2966 2957
2966 2965
2966 2961
2967 2957
2967 2965
2968 2493
2968 2969
2970 716
2970 2472
2970 636
2971 2493
2971 2472
2971 2969
2972 2472
2972 2969
2973 689
2973 2957
2973 2958
2974 689
2974 2958
2975 2976
2975 636
2977 716
2977 717
2977 636
2978 2946
2978 2979
2978 2947
2980 552
2980 2952
2980 727
2981 2938
2981 2167
2981 2170
2982 220
2982 215
2983 2952
2983 553
2983 2984
2985 2938
2985 2170
2986 2987
2986 2947
2988 552
2988 727
2989 2938
2989 2990
2989 2955
2991 2992
2991 2993
2991 2994
2995 2993
2995 2994
2996 2997
2996 2998
2999 25
2999 2955
2999 1695
3000 2997
3000 2998
3000 3001
3002 2998
3002 3001
3003 2994
3003 3001
3004 2997
3004 2994
3005 2992
3005 2993
3006 2997
3006 2994
3006 3001
3007 2952
3007 553
3008 2938
3008 2990
3009 171
3009 3010
3011 2952
3011 2984
3012 3013
3012 3014
3015 2990
3015 2955
3016 552
3016 2984
3017 2938
3017 2939
3017 2955
3018 173
3018 2946
3019 171
3019 3020
3019 3010
3021 552
3021 553
3021 2984
3022 3023
3022 3024
3025 27
3025 2984
3025 188
3026 3027
3026 1478
3026 1011
3028 3029
3028 246
3028 257
3030 3029
3030 246
3031 3029
3031 257
3032 3033
3032 246
3032 257
3034 3033
3034 246
3035 3033
3035 257
3036 220
3036 1884
3036 9
3037 220
3037 1884
3038 3029
3038 3039
3040 3039
3040 869
3041 3042
3041 3043
3044 3045
3044 3042
3046 3045
3046 3047
3048 3045
3048 3042
3048 3043
3049 3045
3049 3043
3049 3047
3050 3043
3050 3047
3051 3052
3051 3047
3053 3042
3053 3052
3054 3055
3054 82
3056 3042
3056 3052
3056 3047
3057 1466
3057 1467
3058 3059
3058 319
3058 438
3060 3061
3060 1314
3060 3062
3063 3061
3063 3062
3064 3061
3064 1314
3065 3066
3065 3062
3065 3067
3068 3062
3068 3067
3069 3066
3069 3062
3070 3071
3070 3072
3070 3067
3073 3071
3073 3067
3074 3072
3074 3067
3075 3066
3075 3071
3075 3072
3076 3059
3076 319
3077 3078
3077 3079
3077 3080
3081 3082
3081 3083
3084 3085
3084 3086
3084 3087
3088 3085
3088 3089
3090 3085
3090 3086
3091 3086
3091 3087
3092 3087
3092 3093
3094 3087
3094 3093
3094 3095
3096 3093
3096 3097
3096 3098
3099 3087
3099 3095
3100 3087
3100 3089
3101 3085
3101 3087
3101 3089
3102 3078
3102 3079
3103 1504
3103 969
3103 986
3104 1502
3104 1013
3104 316
3105 31
3105 191
3106 3107
3106 3108
3109 3108
3109 3110
3111 2474
3111 3110
3112 2474
3112 2704
3112 3110
3113 3114
3113 3115
3116 3114
3116 3117
3116 3115
3118 3107
3118 3108
3118 3110
3119 3117
3119 3115
3120 3121
3120 3122
3120 3123
3124 3114
3124 117
3125 3062
3125 3126
3127 3079
3127 3080
3128 1502
3128 1013
3129 3130
3129 3131
3132 1504
3132 986
3133 1650
3133 3134
3135 350
3135 494
3136 2223
3136 494
3137 3138
3137 3139
3140 3141
3140 3139
3140 3142
3143 3138
3143 3139
3143 3142
3144 3138
3144 3142
3145 3146
3145 3138
3147 3146
3147 3148
3149 3141
3149 42
3150 3146
3150 3138
3150 3148
3151 3146
3151 3141
3151 42
3152 3146
3152 42
3153 2283
3153 2284
3153 3154
3155 3156
3155 3157
3158 2286
3158 2283
3159 3160
3159 3161
3162 2283
3162 3154
3163 2284
3163 3164
3163 3165
3166 3167
3166 2064
3168 533
3168 3169
3170 3171
3170 3172
3173 3174
3173 795
3175 171
3175 3172
3176 40
3176 52
3177 592
3177 605
3178 3179
3178 3180
3178 3181
3182 51
3182 40
3183 3184
3183 3185
3183 3186
3187 3188
3187 3189
3190 3191
3190 3192
3190 3193
3194 3188
3194 3192
3194 3189
3195 3192
3195 3189
3196 3188
3196 3191
3196 3193
3197 3188
3197 3193
3198 3192
3198 3193
3199 3191
3199 3192
3200 3189
3200 2594
3201 3186
3201 3185
3202 3203
3202 3204
3202 3205
3206 3207
3206 3208
3209 3203
3209 3204
3210 3204
3210 3205
3211 3212
3211 3207
3213 3212
3213 3204
3214 3208
3214 3204
3215 3207
3215 3208
3215 3204
3216 3217
3216 3218
3216 3219
3220 1694
3220 2620
3221 3212
3221 3207
3221 3204
3222 3208
3222 3223
3224 3225
3224 3217
3226 3227
3226 3225
3226 3217
3228 3218
3228 3219
3229 3217
3229 3219
3230 3231
3230 2182
3230 3232
3233 31
3233 2179
3234 2182
3234 3232
3235 3231
3235 2182
3236 27
3236 2180
3237 364
3237 2180
3238 2179
3238 135
3239 31
3239 2179
3239 135
3240 27
3240 2180
3240 364
3241 2179
3241 3242
3243 2714
3243 907
3243 2700
3244 3245
3244 2689
3244 2690
3246 907
3246 2700
3247 2714
3247 907
3248 3249
3248 2730
3248 2689
3250 2714
3250 386
3250 849
3251 3252
3251 3253
3251 2700
3254 2714
3254 849
3255 3256
3255 127
3257 3256
3257 132
3258 2714
3258 895
3259 2714
3259 2700
3259 895
3260 993
3260 3024
3261 3262
3261 993
3263 214
3263 3264
3265 220
3265 214
3265 3264
3266 3267
3266 3262
3268 3262
3268 3264
3269 3267
3269 3262
3269 3264
3270 3024
3270 3271
3272 3262
3272 3271
3273 3024
3273 3262
3273 3271
3274 3275
3274 3276
3277 3278
3277 2084
3279 1823
3279 3280
3281 3282
3281 1457
3283 3278
3283 3284
3285 2084
3285 3286
3285 3284
3287 2084
3287 3286
3288 1842
3288 2623
3289 3290
3289 3291
3292 3293
3292 3278
3292 3294
3295 1730
3295 1731
3295 1751
3296 3297
3296 3298
3296 3299
3300 3301
3300 3302
3300 626
3303 3293
3303 3294
3304 3302
3304 626
3305 3278
3305 2084
3305 3284
3306 626
3306 628
3307 627
3307 628
3308 1317
3308 2530
3309 3310
3309 3302
3311 2862
3311 1463
3312 373
3312 3302
3313 3314
3313 3315
3316 814
3316 767
3316 3317
3318 3301
3318 626
3319 3320
3319 3321
3319 3322
3323 3310
3323 373
3323 3302
3324 1516
3324 2573
3325 3294
3325 3326
3327 3328
3327 3329
3327 3294
3330 3331
3330 3332
3330 3333
3334 3329
3334 3335
3334 3336
3337 3329
3337 3335
3338 3328
3338 3329
3339 3328
3339 3294
3340 3335
3340 2084
3341 3335
3341 3284
3342 3329
3342 3336
3343 3335
3343 2084
3343 3284
3344 3061
3344 3345
3344 2529
3346 3347
3346 3348
3349 3348
3349 533
3350 2706
3350 3351
3352 3353
3352 3351
3354 3355
3354 3356
3354 3357
3358 3359
3358 3353
3360 3357
3360 3353
3361 3359
3361 3357
3361 3353
3362 3356
3362 3359
3363 3355
3363 3356
3363 3359
3364 3355
3364 3357
3365 3356
3365 3357
3366 3367
3366 3139
3368 3369
3368 1948
3370 2503
3370 767
3371 364
3371 1372
3371 1695
3372 3373
3372 3293
3374 3373
3374 3286
3375 3376
3375 1352
3377 3378
3377 3379
3377 3299
3380 3378
3380 3299
3381 3298
3381 3299
3382 3297
3382 3298
3383 249
3383 3384
3385 3376
3385 1372
3386 249
3386 3298
3386 3384
3387 249
3387 3298
3388 1374
3388 1376
3389 1374
3389 1375
3390 814
3390 3317
3391 3392
3391 3393
3391 3156
3394 1374
3394 2862
3394 1463
3395 1374
3395 1463
3396 1462
3396 1463
3397 1461
3397 1462
3398 3331
3398 3333
3399 3400
3399 1352
3401 3332
3401 3402
3401 3333
3403 3331
3403 3332
3404 3405
3404 3331
3404 3402
3406 767
3406 3317
3407 3405
3407 3402
3408 3392
3408 3156
3409 3400
3409 1372
3409 1352
3410 3376
3410 3411
3412 1131
3412 3413
3414 3415
3414 1200
3416 171
3416 3415
3416 1200
3417 171
3417 3418
3417 3419
3420 171
3420 3415
3421 171
3421 3418
3422 3419
3422 3418
3423 3424
3423 3425
3426 3424
3426 3427
3426 3425
3428 171
3428 3424
3428 3429
3430 3431
3430 3432
3433 3431
3433 853
3433 3432
3434 828
3434 3435
3436 827
3436 828
3436 3435
3437 3438
3437 9
3437 133
3439 827
3439 3435
3440 827
3440 828
3440 3431
3441 853
3441 3432
3442 827
3442 3431
3443 828
3443 3431
3444 3445
3444 3446
3447 3123
3447 3445
3447 3446
3448 3449
3448 3450
3451 3449
3451 3445
3452 3453
3452 3446
3454 3455
3454 3446
3456 3453
3456 3455
3456 3446
3457 3123
3457 3445
3458 3449
3458 3445
3458 3450
3459 3460
3459 3461
3462 3463
3462 3464
3465 3463
3465 3464
3465 3466
3467 3468
3467 3466
3469 3468
3469 3470
3469 3466
3471 3468
3471 2088
3471 278
3472 3470
3472 3466
3473 3468
3473 3470
3473 3464
3474 3463
3474 3466
3475 3470
3475 3464
3476 3468
3476 3464
3477 3478
3477 3479
3480 3481
3480 3478
3482 211
3482 1656
3483 1058
3483 135
3483 153
3484 3485
3484 3479
3486 3485
3486 3487
3486 3488
3489 3487
3489 3485
3489 3479
3490 3487
3490 3479
3491 319
3491 3492
3491 443
3493 319
3493 3492
3494 3487
3494 3488
3495 3485
3495 3488
3496 3497
3496 3498
3499 3500
3499 3501
3499 3502
3503 3500
3503 3501
3503 3498
3504 3501
3504 3498
3505 3501
3505 3502
3506 3500
3506 3502
3507 3501
3507 3508
3509 3510
3509 3501
3511 3500
3511 3498
3512 3510
3512 3501
3512 3508
3513 3514
3513 3515
3516 3517
3516 3518
3516 2281
3519 3520
3519 3518
3521 3518
3521 3522
3523 3514
3523 2281
3524 3520
3524 3518
3524 3522
3525 3514
3525 3518
3525 2281
3526 3514
3526 3518
3527 3517
3527 3518
3528 3517
3528 2281
3529 460
3529 461
3530 459
3530 461
3531 459
3531 460
3531 2484
3532 460
3532 2484
3533 459
3533 2484
3534 3535
3534 3536
3534 460
3537 3536
3537 460
3538 3535
3538 460
3539 2483
3539 2484
3540 3541
3540 3542
3543 2488
3543 3542
3544 2487
3544 1569
3544 3541
3545 2487
3545 3541
3546 3547
3546 814
3546 153
3548 3547
3548 814
3549 3336
3549 3284
3550 2488
3550 3541
3550 3542
3551 3547
3551 3552
3553 3552
3553 3542
3554 3555
3554 3556
3554 3557
3558 3556
3558 3557
3559 3560
3559 3557
3561 3555
3561 3560
3562 3557
3562 3563
3564 3565
3564 3557
3566 3555
3566 3556
3567 3565
3567 3557
3567 3563
3568 3569
3568 3556
3570 3555
3570 3560
3570 3557
3571 3572
3571 3573
3574 1867
3574 1865
3574 1868
3575 1865
3575 1868
3576 3577
3576 3573
3578 3579
3578 3580
3578 3581
3582 3579
3582 3581
3583 3580
3583 3581
3584 3579
3584 3585
3584 140
3586 3585
3586 3587
3588 849
3588 1709
3588 3589
3590 1709
3590 3589
3591 849
3591 3589
3592 3585
3592 3587
3592 1709
3593 3587
3593 1709
3594 3595
3594 3596
3597 3577
3597 3598
3599 3600
3599 3596
3601 411
3601 3602
3603 386
3603 1630
3604 3419
3604 3602
3605 3573
3605 3606
3607 3427
3607 3425
3608 3573
3608 3609
3610 3611
3610 3098
3612 3613
3612 3614
3612 3615
3616 3572
3616 3598
3617 3618
3617 3619
3620 3621
3620 3622
3620 3619
3623 3618
3623 3621
3623 3619
3624 3618
3624 3621
3625 3621
3625 350
3625 814
3626 3621
3626 814
3627 3621
3627 3622
3628 3622
3628 3619
3629 3573
3629 3606
3629 3609
3630 3618
3630 3631
3632 3631
3632 3622
3633 163
3633 3634
3635 2840
3635 163
3635 166
3636 350
3636 1234
3637 1234
3637 1279
3638 1230
3638 3639
3640 3641
3640 1230
3640 3639
3642 1317
3642 3126
3642 3639
3643 3641
3643 1230
3644 1317
3644 3639
3645 3126
3645 3639
3646 350
3646 1234
3646 1279
3647 662
3647 3072
3648 3649
3648 983
3648 1382
3650 3649
3650 983
3651 3652
3651 3653
3651 2554
3654 3652
3654 3653
3655 3653
3655 2554
3656 2552
3656 2553
3656 3652
3657 2552
3657 3652
3658 2553
3658 3652
3659 983
3659 767
3660 2552
3660 2554
3661 2553
3661 2554
3662 2552
3662 386
3662 133
3663 3664
3663 1630
3663 1633
3665 3615
3665 3666
3667 1875
3667 3668
3669 319
3669 2573
3670 3611
3670 3671
3670 3672
3673 3672
3673 3674
3675 1001
3675 2581
3675 3676
3677 3671
3677 3678
3679 3671
3679 3678
3679 3680
3681 3611
3681 3672
3682 3611
3682 3671
3683 3678
3683 3684
3685 1001
3685 319
3685 2573
3686 3678
3686 3687
3686 3684
3688 3671
3688 3680
3689 3293
3689 3278
3690 116
3690 3691
3690 3692
3693 1001
3693 2581
3694 3695
3694 3692
3696 3697
3696 3692
3698 3695
3698 3697
3698 3692
3699 1001
3699 3676
3700 3701
3700 3692
3702 116
3702 3701
3702 3692
3703 116
3703 3691
3704 3691
3704 3692
3705 3706
3705 2360
3707 171
3707 1180
3707 646
3708 3709
3708 3710
3708 3711
3712 3713
3712 3714
3715 3716
3715 3717
3715 3718
3719 3716
3719 3718
3720 3716
3720 3717
3721 3722
3721 3717
3721 3718
3723 3722
3723 3718
3724 3722
3724 3717
3725 1894
3725 1279
3725 767
3726 1894
3726 767
3727 1894
3727 1279
3728 3729
3728 1630
3730 3731
3730 3732
3733 3734
3733 3729
3733 3735
3736 3734
3736 3729
3737 3734
3737 3735
3738 3739
3738 3740
3741 3709
3741 3710
3742 3743
3742 3744
3742 3732
3745 3731
3745 3744
3746 3614
3746 1694
3747 3743
3747 3732
3748 3614
3748 350
3748 1694
3749 3750
3749 3751
3752 1134
3752 3753
3754 3755
3754 3756
3757 3758
3757 237
3759 3760
3759 3761
3762 3763
3762 2630
3762 482
3764 386
3764 10
3764 792
3765 3763
3765 2630
3766 3763
3766 482
3767 3768
3767 482
3769 3768
3769 2630
3769 482
3770 3771
3770 3772
3770 482
3773 3768
3773 2630
3774 3775
3774 3684
3774 1395
3776 3763
3776 3777
3778 3768
3778 3763
3778 3777
3779 3684
3779 1395
3780 3775
3780 3684
3781 1394
3781 1395
3781 3782
3783 3784
3783 3785
3786 140
3786 3785
3787 3788
3787 3789
3787 3790
3791 3792
3791 3793
3794 1395
3794 3782
3795 3796
3795 3797
3798 3792
3798 3789
3799 3800
3799 3801
3802 3790
3802 3803
3804 3800
3804 3797
3804 3801
3805 133
3805 3806
3807 140
3807 3806
3808 140
3808 133
3808 3806
3809 3810
3809 3811
3812 3813
3812 3810
3814 3815
3814 3816
3814 3817
3818 3819
3818 767
3820 3815
3820 3817
3821 3816
3821 3817
3822 3823
3822 3816
3824 3823
3824 3816
3824 3825
3826 3823
3826 3815
3826 3825
3827 3816
3827 3825
3828 3815
3828 3825
3829 3823
3829 3815
3830 3831
3830 3832
3833 3831
3833 316
3834 319
3834 3835
3834 3171
3836 2103
3836 3837
3838 2103
3838 3835
3839 2103
3839 3835
3839 3837
3840 3171
3840 3841
3842 3171
3842 3841
3842 903
3843 319
3843 3835
3844 3835
3844 3171
3845 3846
3845 3847
3845 3756
3848 3849
3848 3850
3851 3850
3851 3852
3853 3854
3853 3855
3856 171
3856 3857
3856 3858
3859 3860
3859 3861
3859 3862
3863 3864
3863 6
3865 3860
3865 6
3866 3860
3866 3864
3866 6
3867 1927
3867 3858
3868 171
3868 3869
3868 3855
3870 3869
3870 3855
3871 171
3871 3855
3872 3857
3872 3858
3873 171
3873 3857
3874 1927
3874 3875
3874 3858
3876 3875
3876 3858
3877 3847
3877 3756
3878 3879
3878 3880
3881 386
3881 792
3882 166
3882 3634
3883 163
3883 166
3883 3634
3884 3130
3884 3885
3884 3886
3887 3130
3887 3886
3888 3889
3888 1564
3888 1565
3890 3889
3890 1564
3891 3889
3891 1565
3892 3893
3892 1564
3892 1565
3894 3885
3894 3886
3895 3130
3895 3889
3895 3893
3896 3130
3896 3889
3897 3130
3897 3893
3898 1583
3898 1474
3898 3899
3900 3901
3900 3902
3900 2224
3903 3904
3903 3905
3906 3905
3906 3907
3908 3909
3908 3910
3911 3899
3911 3912
3911 3910
3913 3899
3913 3909
3913 3910
3914 3915
3914 3916
3917 3918
3917 3904
3919 3904
3919 3920
3921 649
3921 3920
3922 649
3922 27
3922 3920
3923 3920
3923 3907
3924 3918
3924 3920
3924 3907
3925 3918
3925 3904
3925 3920
3926 3918
3926 3907
3927 1800
3927 3928
3929 3930
3929 3928
3931 3932
3931 3933
3934 3935
3934 3933
3936 3937
3936 3938
3939 3937
3939 3940
3939 3938
3941 3930
3941 3935
3942 3932
3942 3930
3942 3935
3943 3932
3943 3935
3943 3933
3944 3932
3944 3930
3945 228
3945 913
3946 912
3946 239
3946 237
3947 912
3947 237
3948 912
3948 239
3949 3950
3949 239
3949 237
3951 3950
3951 237
3952 27
3952 3902
3953 1114
3953 3902
3954 27
3954 3902
3954 1114
3955 3846
3955 3756
3956 3916
3956 2224
3957 3958
3957 3959
3960 3916
3960 3902
3961 2648
3961 3634
3961 3962
3963 3916
3963 3902
3963 2224
3964 3901
3964 2224
3965 3901
3965 3902
3966 3967
3966 3847
3966 3968
3969 3958
3969 3970
3969 3959
3971 2840
3971 3972
3973 3974
3973 1837
3973 1836
3975 3976
3975 3977
3978 3979
3978 3
3980 171
3980 3979
3980 3
3981 3972
3981 3962
3982 3983
3982 3984
3985 3986
3985 3987
3988 3989
3988 3986
3990 3989
3990 3777
3991 3992
3991 3989
3991 3777
3993 3992
3993 3777
3993 3987
3994 2840
3994 3972
3994 3962
3995 3992
3995 3987
3996 3777
3996 3987
3997 3989
3997 3986
3997 3987
3998 3999
3998 650
4000 4001
4000 4002
4003 4001
4003 4004
4005 4001
4005 4002
4005 4004
4006 4007
4006 4008
4009 4001
4009 4008
4010 4001
4010 4007
4010 4008
4011 4012
4011 94
4013 4014
4013 4015
4016 364
4016 4012
4016 94
4017 4008
4017 4018
4019 4020
4019 4014
4019 4021
4022 4023
4022 4024
4025 4026
4025 4027
4028 4029
4028 4027
4030 3470
4030 4027
4031 3470
4031 4027
4031 4032
4033 27
4033 362
4034 192
4034 362
4035 4036
4035 4037
4038 4037
4038 3977
4039 4040
4039 4041
4039 4042
4043 4040
4043 4042
4044 4045
4044 4046
4044 316
4047 4045
4047 4046
4048 4045
4048 316
4049 4050
4049 4046
4049 4051
4052 4040
4052 4041
4053 4054
4053 4045
4053 4042
4055 4045
4055 4042
4056 4054
4056 4042
4057 4058
4057 4059
4057 1709
4060 4059
4060 1709
4061 4062
4061 4063
4061 4064
4065 4062
4065 4064
4066 4063
4066 4064
4067 140
4067 4062
4067 4058
4068 4058
4068 4059
4069 4070
4069 4071
4069 1709
4072 4071
4072 1709
4073 4070
4073 4071
4074 233
4074 237
4075 4076
4075 2739
4077 1535
4077 1332
4078 239
4078 233
4079 2267
4079 2061
4080 4081
4080 3758
4080 237
4082 4083
4082 4084
4085 4084
4085 4086
4087 4088
4087 4089
4087 4090
4091 4081
4091 237
4092 4093
4092 1601
4094 4095
4094 4096
4094 4097
4098 4095
4098 4097
4099 4100
4099 4097
4101 4100
4101 4096
4102 4095
4102 4083
4103 4100
4103 4096
4103 4097
4104 4095
4104 4100
4104 4083
4105 4100
4105 4083
4106 3581
4106 4107
4108 4109
4108 3587
4108 3589
4110 4109
4110 3587
4111 4109
4111 3589
4112 4109
4112 4113
4114 4113
4114 3581
4115 3581
4115 4109
4115 4107
4116 4109
4116 4107
4117 4118
4117 4107
4119 4109
4119 4113
4119 3581
4120 4121
4120 4122
4123 4124
4123 4121
4125 4126
4125 3753
4127 4124
4127 4121
4127 4122
4128 2094
4128 4122
4129 4124
4129 4130
4129 2094
4131 4130
4131 2094
4131 4122
4132 4130
4132 4122
4133 999
4133 1011
4134 4126
4134 4121
4134 3753
4135 4126
4135 4121
4136 4137
4136 418
4138 3297
4138 4081
4138 4139
4140 4076
4140 2738
4140 2739
4141 3419
4141 4142
4143 4089
4143 3753
4144 4081
4144 4139
4145 411
4145 3419
4145 4142
4146 4147
4146 4089
4148 3297
4148 4081
4149 828
4149 851
4150 827
4150 851
4151 4152
4151 4153
4151 828
4154 4152
4154 828
4155 2000
4155 4153
4155 4156
4157 44
4157 1535
4157 1332
4158 3547
4158 153
4159 4160
4159 4161
4159 4162
4163 4160
4163 4161
4164 4160
4164 4162
4165 364
4165 969
4165 4161
4166 4160
4166 4167
4168 4169
4168 4161
4168 4162
4170 4169
4170 4161
4171 4169
4171 4162
4172 319
4172 171
4173 4174
4173 4175
4173 4176
4177 4169
4177 4160
4177 4167
4178 4169
4178 4167
4179 4176
4179 4180
4179 4181
4182 4176
4182 4180
4183 4175
4183 4176
4184 4174
4184 4175
4185 4186
4185 1881
4187 1881
4187 4188
4189 4190
4189 1320
4189 2533
4191 4188
4191 1325
4192 4190
4192 4188
4193 4190
4193 4188
4193 1325
4194 4186
4194 2533
4195 4186
4195 1320
4195 2533
4196 4190
4196 1320
4197 4190
4197 2533
4198 4199
4198 4200
4201 4202
4201 4200
4203 364
4203 4199
4204 4199
4204 133
4205 4206
4205 4207
4205 4202
4208 4206
4208 4202
4209 4199
4209 4202
4209 4210
4211 4199
4211 4210
4212 4202
4212 4210
4213 364
4213 4199
4213 133
4214 3378
4214 4215
4216 1650
4216 867
4216 865
4217 4218
4217 4219
4217 4090
4220 235
4220 239
4221 716
4221 2976
4221 636
4222 3378
4222 4215
4222 4218
4223 239
4223 233
4223 237
4224 716
4224 2976
4225 1864
4225 1865
4226 3097
4226 4227
4228 4229
4228 3097
4230 1097
4230 2276
4231 4232
4231 4227
4233 4234
4233 4232
4235 4234
4235 4236
4235 4232
4237 4229
4237 4232
4238 4239
4238 4229
4238 4232
4240 4239
4240 4232
4240 4227
4241 4239
4241 4229
4242 4239
4242 4227
4243 350
4243 2276
4244 4245
4244 4246
4244 3193
4247 307
4247 297
4247 301
4248 506
4248 503
4248 2052
4249 1423
4249 3803
4250 3203
4250 1709
4251 3203
4251 133
4252 3784
4252 3205
4253 4254
4253 4255
4253 801
4256 4257
4256 2627
4258 3203
4258 1709
4258 133
4259 4257
4259 2622
4260 4261
4260 4255
4262 3207
4262 3806
4263 4261
4263 4255
4263 3013
4264 3013
4264 4255
4265 3013
4265 4254
4266 4257
4266 2622
4266 2627
4267 4255
4267 801
4268 140
4268 3784
4268 3785
4269 4270
4269 153
4271 3207
4271 3806
4271 3785
4272 386
4272 4270
4273 3207
4273 3785
4274 386
4274 4270
4274 153
4275 4257
4275 4276
4277 4276
4277 4270
4278 4279
4278 4280
4281 1585
4281 1589
4282 4283
4282 4284
4282 1586
4285 4286
4285 4287
4288 1140
4288 2023
4288 2019
4289 2021
4289 1140
4290 4291
4290 4292
4290 4293
4294 4295
4294 4296
4297 4298
4297 2023
4299 4291
4299 4292
4300 1140
4300 2019
4301 2023
4301 2019
4302 1144
4302 4298
4303 1143
4303 4298
4304 1143
4304 1144
4304 4298
4305 4306
4305 2023
4307 25
4307 1423
4307 4308
4309 4310
4309 4311
4312 25
4312 4308
4313 1423
4313 4308
4314 4315
4314 4316
4317 4315
4317 4318
4317 4316
4319 4315
4319 366
4319 4311
4320 4318
4320 4316
4321 4322
4321 1709
4323 4322
4323 4324
4323 1709
4325 4310
4325 1423
4326 4310
4326 1423
4326 4311
4327 4328
4327 2396
4329 4328
4329 4330
4331 4328
4331 2396
4331 4330
4332 4333
4332 1920
4334 4335
4334 4336
4334 4330
4337 4333
4337 2396
4338 4333
4338 4330
4339 4333
4339 2396
4339 4330
4340 4287
4340 635
4341 4328
4341 1920
4342 4333
4342 4328
4342 1920
4343 2997
4343 9
4344 2997
4344 767
4345 2997
4345 9
4345 767
4346 4347
4346 589
4348 4349
4348 774
4348 4350
4351 2992
4351 4352
4353 2992
4353 4350
4354 2992
4354 4352
4354 4350
4355 4347
4355 575
4356 4347
4356 575
4356 589
4357 4358
4357 4359
4357 4360
4361 4362
4361 4363
4364 4365
4364 4366
4364 4367
4368 4359
4368 4369
4370 4365
4370 4367
4371 4366
4371 4367
4372 4359
4372 4360
4373 4358
4373 4360
4374 4358
4374 4369
4375 4359
4375 4358
4375 4369
4376 109
4376 350
4376 2223
4377 4378
4377 4379
4380 2250
4380 2251
4381 4382
4381 4383
4384 4382
4384 2401
4384 4383
4385 2401
4385 4383
4385 4386
4387 4382
4387 2401
4388 4382
4388 3429
4388 4386
4389 383
4389 319
4390 3429
4390 4386
4391 4382
4391 3429
4392 383
4392 3429
4393 383
4393 319
4393 3429
4394 4395
4394 4366
4396 2249
4396 4397
4396 4398
4399 4400
4399 981
4401 777
4401 780
4401 778
4402 784
4402 774
4403 784
4403 773
4404 784
4404 773
4404 774
4405 780
4405 787
4406 780
4406 786
4406 787
4407 782
4407 784
4407 772
4408 780
4408 786
4409 4410
4409 4411
4409 4412
4413 4410
4413 4412
4414 543
4414 533
4415 2246
4415 4397
4415 4398
4416 4417
4416 3817
4416 3819
4418 3817
4418 4419
4420 3819
4420 4419
4421 3817
4421 3819
4421 4419
4422 2396
4422 4423
4424 4423
4424 4419
4425 2396
4425 4423
4425 4419
4426 4427
4426 4417
4428 4427
4428 4423
4429 4427
4429 4423
4429 4417
4430 3453
4430 3455
4430 4431
4432 3455
4432 4431
4433 3453
4433 4431
4434 3453
4434 3455
4434 4435
4436 4437
4436 2806
4436 2807
4438 4439
4438 4440
4441 2246
4441 4398
4442 4443
4442 1131
4444 1052
4444 4443
4445 4446
4445 2221
4447 4446
4447 171
4447 2221
4448 1052
4448 4443
4448 1131
4449 4446
4449 171
4450 4451
4450 3885
4452 4453
4452 3885
4454 4455
4454 4453
4456 4455
4456 4453
4456 4457
4458 4455
4458 4459
4458 3751
4460 4453
4460 4457
4461 4455
4461 3751
4462 4455
4462 4459
4463 4451
4463 4459
4464 4451
4464 4459
4464 3751
4465 4466
4465 4467
4468 4469
4468 4466
4468 4467
4470 4471
4470 4467
4472 4473
4472 4467
4474 4471
4474 4473
4474 4467
4475 4469
4475 4466
4476 4477
4476 4471
4476 1050
4478 1050
4478 4473
4479 4477
4479 4473
4480 4477
4480 1050
4480 4473
4481 4482
4481 4483
4484 4485
4484 4482
4486 4487
4486 4488
4486 4489
4490 4491
4490 4485
4492 4487
4492 4485
4493 4491
4493 4487
4493 4485
4494 4491
4494 4489
4495 4491
4495 4488
4495 4489
4496 4487
4496 4488
4497 4487
4497 4489
4498 4499
4498 4500
4498 4501
4502 4503
4502 4504
4505 4503
4505 4501
4506 4503
4506 4500
4506 4501
4507 4499
4507 4500
4508 4499
4508 4501
4509 4510
4509 4501
4511 4512
4511 4501
4513 4510
4513 4501
4513 4512
4514 4503
4514 4500
4515 386
4515 4516
4517 4516
4517 1073
4518 4519
4518 4520
4521 386
4521 4516
4521 1073
4522 4519
4522 4520
4522 4516
4523 4519
4523 4516
4524 4525
4524 4516
4526 4525
4526 4520
4527 4519
4527 4528
4529 4525
4529 4520
4529 4516
4530 4531
4530 4532
4530 4533
4534 4531
4534 4533
4535 4531
4535 4174
4536 4537
4536 4174
4538 4539
4538 2058
4540 4537
4540 4174
4540 4531
4541 4539
4541 366
4541 2058
4542 4539
4542 366
4543 4544
4543 366
4545 4544
4545 4546
4547 2729
4547 4548
4547 572
4549 4550
4549 544
4551 364
4551 541
4551 1073
4552 426
4552 2328
4552 3080
4553 426
4553 3080
4554 2774
4554 2768
4555 2773
4555 9
4555 94
4556 2773
4556 94
4557 2773
4557 9
4558 2774
4558 4559
4558 4560
4561 2774
4561 4559
4562 2774
4562 4560
4563 4559
4563 4564
4563 1759
4565 4559
4565 4564
4566 4559
4566 1759
4567 4568
4567 4569
4570 543
4570 533
4570 4571
4572 3169
4572 161
4573 543
4573 4571
4574 4575
4574 4576
4577 4575
4577 4578
4579 4580
4579 4581
4579 4576
4582 4580
4582 4576
4583 4581
4583 4576
4584 4580
4584 3373
4584 4585
4586 4580
4586 4585
4587 4580
4587 3373
4588 1861
4588 4589
4590 1861
4590 4591
4592 4589
4592 4593
4592 4594
4595 4589
4595 4593
4596 4597
4596 2221
4596 1491
4598 4597
4598 2221
4599 4578
4599 4600
4601 4575
4601 4576
4601 4578
4602 654
4602 4603
4604 654
4604 4605
4604 4603
4606 4607
4606 4608
4609 4608
4609 4603
4610 4607
4610 4608
4610 4603
4611 4612
4611 4613
4614 4613
4614 4608
4615 4612
4615 4613
4615 4608
4616 4612
4616 4617
4618 4617
4618 4608
4619 1865
4619 456
4620 4621
4620 1423
4620 4622
4623 4621
4623 1423
4624 4625
4624 4626
4627 4628
4627 4622
4627 366
4629 4628
4629 4625
4629 4626
4630 4628
4630 4626
4631 1423
4631 4632
4633 1504
4633 4632
4634 4621
4634 4622
4635 1504
4635 1423
4635 4632
4636 4637
4636 4638
4639 4640
4639 4638
4641 3615
4641 3614
4641 4637
4642 3615
4642 4637
4643 3739
4643 4644
4643 4638
4645 4644
4645 4638
4646 3739
4646 4644
4647 4640
4647 4637
4647 4638
4648 4649
4648 4638
4650 3739
4650 4649
4651 4652
4651 4653
4654 4655
4654 4653
4656 4652
4656 4653
4656 4655
4657 747
4657 4658
4659 745
4659 746
4660 745
4660 747
4661 4153
4661 828
4662 4663
4662 2003
4664 4663
4664 2002
4665 2003
4665 4666
4667 4668
4667 4669
4667 4670
4671 2003
4671 4668
4671 4666
4672 2003
4672 4668
4673 4666
4673 4669
4673 4670
4674 4666
4674 4669
4675 4668
4675 4669
4676 4668
4676 4670
4677 4153
4677 4156
4678 2987
4678 4679
4680 4681
4680 4682
4683 4684
4683 27
4683 135
4685 4686
4685 316
4687 31
4687 386
4687 1646
4688 2000
4688 4153
4689 4690
4689 2410
4691 4692
4691 4693
4694 3869
4694 316
4695 171
4695 316
4696 386
4696 1646
4697 25
4697 4681
4698 4690
4698 2410
4698 316
4699 4700
4699 2992
4699 4701
4702 4703
4702 4704
4705 4703
4705 1994
4705 4704
4706 3020
4706 3010
4707 4708
4707 133
4709 4708
4709 649
4709 133
4710 4711
4710 4712
4710 4400
4713 4708
4713 649
4714 4703
4714 4715
4714 1994
4716 1994
4716 4704
4717 4715
4717 1994
4718 4703
4718 4715
4719 4720
4719 4721
4722 4723
4722 4721
4724 4725
4724 1695
4726 4723
4726 4720
4726 4721
4727 814
4727 4725
4727 1695
4728 814
4728 4725
4729 4725
4729 4730
4731 4721
4731 4730
4732 4733
4732 4721
4734 4721
4734 4725
4734 4730
4735 4736
4735 4737
4735 4738
4739 4737
4739 4738
4740 1939
4740 4738
4741 1939
4741 4736
4742 1070
4742 10
4743 4738
4743 2597
4744 4738
4744 4745
4746 4736
4746 4737
4747 4738
4747 2597
4747 4745
4748 4749
4748 4750
4751 4749
4751 4752
4751 4750
4753 4749
4753 171
4753 4754
4755 4752
4755 4750
4756 3854
4756 4757
4756 4750
4758 3854
4758 4759
4760 3854
4760 4757
4761 4757
4761 4750
4762 4737
4762 1940
4763 4759
4763 4750
4764 3854
4764 4759
4764 4750
4765 1939
4765 4736
4765 4738
4766 4767
4766 4768
4769 2265
4769 4768
4770 920
4770 4771
4772 2265
4772 4767
4772 4768
4773 4767
4773 2821
4774 4771
4774 2819
4774 2821
4775 2819
4775 4767
4775 2821
4776 2819
4776 4767
4777 920
4777 4768
4777 4771
4778 920
4778 4768
4779 4780
4779 4781
4779 4782
4783 4780
4783 4784
4785 4784
4785 4782
4786 4780
4786 4784
4786 4782
4787 3085
4787 4781
4788 3085
4788 4784
4789 3085
4789 4784
4789 4781
4790 4239
4790 814
4791 1638
4791 4239
4792 1638
4792 4239
4792 814
4793 2987
4793 4679
4793 2947
4794 2
4794 3
4795 4550
4795 4796
4795 3161
4797 3160
4797 4550
4798 4799
4798 3419
4800 19
4800 4801
4802 4803
4802 2899
4804 4805
4804 2899
4806 4805
4806 4803
4806 2900
4807 4803
4807 2900
4808 4803
4808 4809
4810 4811
4810 4803
4812 19
4812 4801
4812 4813
4814 4815
4814 3180
4814 4816
4817 3179
4817 3181
4818 849
4818 834
4818 814
4819 3885
4819 4820
4821 4820
4821 1566
4822 4823
4822 4824
4822 4825
4826 4827
4826 4828
4829 4827
4829 4825
4830 4827
4830 4828
4830 4825
4831 4824
4831 4828
4832 4823
4832 4824
4832 4828
4833 4823
4833 4825
4834 4824
4834 4825
4835 3862
4835 4836
4837 4827
4837 4836
4838 983
4838 4839
4840 4841
4840 4816
4842 4839
4842 1382
4843 4844
4843 4816
4845 3649
4845 1382
4846 4847
4846 4848
4849 983
4849 4839
4849 1382
4850 4851
4850 4852
4853 366
4853 4852
4854 366
4854 4855
4856 649
4856 366
4856 4855
4857 4858
4857 4859
4857 4860
4861 649
4861 4855
4862 4859
4862 4860
4863 4858
4863 4859
4864 4865
4864 4858
4866 4867
4866 4865
4866 4858
4868 4869
4868 4870
4871 1806
4871 4869
4871 4870
4872 1806
4872 4870
4872 4873
4874 1806
4874 4869
4875 4869
4875 3932
4875 4873
4876 350
4876 3935
4877 3932
4877 4873
4878 4869
4878 3932
4879 364
4879 3935
4880 364
4880 350
4880 3935
4881 4882
4881 1358
4881 1369
4883 1618
4883 4884
4885 4882
4885 4884
4886 4882
4886 1618
4886 4884
4887 4888
4887 1624
4889 4884
4889 1624
4890 4888
4890 4884
4890 1624
4891 777
4891 4892
4893 769
4893 4892
4894 777
4894 769
4894 4892
4895 3678
4895 3687
4896 217
4896 518
4896 4897
4898 517
4898 512
4899 4036
4899 3976
4899 3977
4900 4901
4900 4902
4903 4901
4903 4902
4903 2420
4904 4905
4904 2480
4906 2400
4906 1547
4907 3123
4907 4908
4909 4905
4909 2480
4909 2481
4910 4905
4910 4469
4911 4469
4911 4908
4911 4467
4912 4905
4912 4469
4912 4467
4913 2400
4913 1547
4913 1549
4914 797
4914 1834
4914 1675
4915 3123
4915 2480
4915 4908
4916 2394
4916 1549
4916 1547
4917 4548
4917 1885
4918 4548
4918 1885
4918 1940
4919 1940
4919 1885
4919 370
4920 2400
4920 1549
4921 2394
4921 1549
4922 2394
4922 1547
4923 4924
4923 1462
4923 4925
4926 646
4926 4927
4928 624
4928 1
4928 319
4929 2503
4929 1694
4930 2038
4930 2085
4931 4932
4931 2085
4933 4934
4933 4935
4933 3161
4936 872
4936 4937
4938 4939
4938 4940
4941 4939
4941 4940
4941 4942
4943 4944
4943 4942
4945 4944
4945 4940
4946 4944
4946 4940
4946 4942
4947 4939
4947 4942
4948 4942
4948 4949
4948 4950
4951 4940
4951 849
4952 364
4952 4940
4953 364
4953 4940
4953 849
4954 2239
4954 4955
4956 4957
4956 3915
4956 2239
4958 4959
4958 1097
4960 4961
4960 1948
4960 4962
4963 4961
4963 1948
4964 1948
4964 4962
4965 4957
4965 3915
4966 4957
4966 2239
4967 4959
4967 94
4967 1097
4968 4959
4968 94
4969 4970
4969 3142
4971 4970
4971 3139
4972 3367
4972 3139
4972 3142
4973 4974
4973 4975
4973 4976
4977 3367
4977 3142
4978 4979
4978 3367
4978 4970
4980 4979
4980 4970
4981 4979
4981 3367
4982 4970
4982 3139
4982 3142
4983 4984
4983 4083
4983 4086
4985 3373
4985 4986
4987 4988
4987 4083
4989 4988
4989 4083
4989 4086
4990 4984
4990 4086
4991 4984
4991 4083
4992 525
4992 135
4993 525
4993 10
4994 525
4994 135
4994 10
4995 4988
4995 4086
4996 2941
4996 2942
4996 4997
4998 4999
4998 5000
5001 5002
5001 5003
5001 1607
5004 5005
5004 1970
5006 5002
5006 1607
5007 5003
5007 1607
5008 5009
5008 5003
5010 2514
5010 5003
5010 5009
5011 2520
5011 5009
5011 2517
5012 25
5012 4997
5013 2520
5013 5009
5014 4999
5014 2942
5015 1695
5015 3284
5016 25
5016 1695
5016 3284
5017 2662
5017 5018
5019 2642
5019 5018
5020 5021
5020 3294
5022 3294
5022 5023
5024 5021
5024 3294
5024 5023
5025 25
5025 3284
5026 741
5026 5027
5028 741
5028 5029
5030 741
5030 5029
5030 5027
5031 742
5031 743
5032 2642
5032 2662
5032 5018
5033 5034
5033 2662
5035 742
5035 1892
5036 741
5036 1892
5037 5038
5037 5039
5037 3938
5040 5041
5040 5042
5043 5041
5043 5038
5044 5041
5044 5042
5044 5038
5045 5042
5045 5039
5046 5042
5046 5039
5046 3938
5047 5038
5047 3938
5048 5038
5048 5039
5049 5050
5049 5051
5052 5050
5052 5053
5054 5053
5054 5055
5056 5053
5056 2481
5056 5055
5057 4568
5057 133
5058 4568
5058 386
5059 5050
5059 5053
5059 5051
5060 5061
5060 5062
5063 5064
5063 5065
5066 5067
5066 5064
5068 304
5068 5069
5070 5069
5070 5071
5072 5073
5072 2272
5074 5073
5074 2272
5074 5075
5076 5067
5076 5071
5077 5067
5077 304
5077 5071
5078 304
5078 5069
5078 5071
5079 5067
5079 304
5080 5081
5080 5082
5083 5081
5083 5082
5083 171
5084 5085
5084 5086
5087 5085
5087 5088
5087 5086
5089 171
5089 5090
5089 5086
5091 5085
5091 5088
5092 2578
5092 171
5092 5093
5094 5081
5094 171
5095 2898
5095 2899
5096 2578
5096 5093
5097 5098
5097 5099
5100 5098
5100 5101
5102 5103
5102 5099
5102 2846
5104 5099
5104 2846
5105 5103
5105 5099
5106 5103
5106 5101
5106 2846
5107 5101
5107 2846
5108 5103
5108 5101
5109 954
5109 814
5109 2846
5110 954
5110 2846
5111 4176
5111 4181
5112 5113
5112 4180
5112 5114
5115 4180
5115 5114
5116 5113
5116 4180
5117 5113
5117 4181
5117 5114
5118 4181
5118 5114
5119 5113
5119 4181
5120 5121
5120 5114
5120 5122
5123 5114
5123 5122
5124 5121
5124 5114
5125 2944
5125 55
5125 56
5126 5127
5126 5128
5129 5127
5129 309
5130 5131
5130 5132
5133 5131
5133 5134
5135 5132
5135 5136
5135 3083
5137 5132
5137 5136
5138 2280
5138 309
5138 5128
5139 2280
5139 5128
5140 2280
5140 309
5141 5131
5141 5132
5141 5134
5142 209
5142 5143
5142 5144
5145 5143
5145 5144
5146 5143
5146 5147
5148 209
5148 5147
5149 5150
5149 5143
5151 5152
5151 5143
5153 209
5153 5144
5154 5152
5154 5150
5154 5143
5155 5156
5155 5144
5157 209
5157 5143
5157 5147
5158 5159
5158 485
5158 5160
5161 5162
5161 5163
5164 5162
5164 5160
5165 5162
5165 5163
5165 5160
5166 5159
5166 5163
5167 5159
5167 485
5167 5163
5168 485
5168 5160
5169 5159
5169 5160
5170 5171
5170 5172
5173 5162
5173 5172
5174 2220
5174 3321
5175 2169
5175 2166
5175 2167
5176 5177
5176 5178
5176 5179
5180 274
5180 5181
5182 5177
5182 5179
5183 5178
5183 5179
5184 1787
5184 5177
5184 1785
5185 1785
5185 5178
5186 1091
5186 5187
5186 1089
5188 5189
5188 5190
5191 579
5191 5190
5192 649
5192 2441
5192 94
5193 2441
5193 94
5194 1153
5194 3740
5195 5196
5195 3740
5197 5196
5197 5189
5198 5196
5198 1153
5198 3740
5199 5196
5199 1153
5199 5189
5200 1153
5200 5189
5201 5202
5201 5203
5201 5204
5205 5203
5205 5204
5206 5202
5206 1316
5206 1318
5207 5202
5207 1318
5208 5202
5208 1316
5209 27
5209 1318
5209 1279
5210 5202
5210 5204
5211 5203
5211 1316
5211 1318
5212 5203
5212 1318
5213 5203
5213 1316
5214 5215
5214 5216
5217 5218
5217 969
5217 1709
5219 5218
5219 1709
5220 5218
5220 969
5221 5222
5221 5223
5221 5224
5225 5222
5225 5223
5226 5222
5226 5224
5227 140
5227 5215
5227 5223
5228 5229
5228 5150
5228 207
5230 5215
5230 5216
5230 1709
5231 1709
5231 5216
5232 421
5232 5233
5232 1207
5234 5233
5234 1207
5235 2468
5235 2648
5236 5237
5236 434
5236 5233
5238 5239
5238 2467
5240 5237
5240 5233
5241 5239
5241 164
5241 415
5242 5239
5242 415
5243 5244
5243 1811
5243 319
5245 5244
5245 319
5246 5247
5246 5248
5249 5250
5249 5248
5251 5252
5251 721
5253 1504
5253 27
5253 5254
5255 1504
5255 5254
5256 27
5256 5254
5257 31
5257 188
5257 721
5258 188
5258 721
5259 31
5259 721
5260 2223
5260 969
5260 1675
5261 2223
5261 1675
5262 969
5262 1675
5263 5264
5263 3744
5263 3732
5265 5264
5265 3732
5266 5264
5266 3744
5267 1884
5267 386
5267 3732
5268 386
5268 3732
5269 1884
5269 3732
5270 5271
5270 5272
5270 3744
5273 5272
5273 3744
5274 5271
5274 3744
5275 5276
5275 5073
5275 5272
5277 5278
5277 4018
5277 3333
5279 4482
5279 5082
5280 4015
5280 316
5281 320
5281 313
5282 4012
5282 4008
5282 5278
5283 5284
5283 4483
5285 4485
5285 4482
5285 4483
5286 4485
5286 5284
5286 4483
5287 4485
5287 5284
5288 5289
5288 5290
5288 5291
5292 171
5292 1423
5293 1423
5293 3875
5294 171
5294 1423
5294 3875
5295 5289
5295 366
5296 5289
5296 5297
5296 366
5298 5290
5298 5291
5299 5289
5299 5290
5300 5301
5300 1097
5302 1423
5302 5301
5303 5304
5303 5305
5306 5307
5306 5305
5308 1957
5308 5307
5309 1957
5309 1951
5309 5307
5310 1957
5310 5304
5310 1951
5311 1951
5311 5307
5312 5304
5312 1951
5313 1957
5313 5304
5314 5315
5314 9
5314 1695
5316 5317
5316 4711
5318 5304
5318 5307
5318 5305
5319 5320
5319 4974
5321 5065
5321 5322
5323 3332
5323 5324
5323 5325
5326 5324
5326 5325
5327 3332
5327 5325
5328 2253
5328 5329
5330 2257
5330 5329
5331 5065
5331 5322
5331 5325
5332 5065
5332 5325
5333 2257
5333 5334
5335 2257
5335 2253
5335 5329
5336 171
5336 4512
5337 171
5337 4510
5337 503
5338 4500
5338 5339
5340 171
5340 5341
5340 5342
5343 5344
5343 3598
5345 2607
5345 5346
5345 2608
5347 4500
5347 5341
5347 5339
5348 5349
5348 2608
5350 4500
5350 5341
5351 5346
5351 2608
5352 2607
5352 5346
5353 1500
5353 316
5354 316
5354 1500
5354 1478
5355 116
5355 3701
5356 5357
5356 217
5358 171
5358 3880
5359 3758
5359 4139
5360 5361
5360 716
5362 171
5362 5361
5363 5364
5363 1180
5363 5365
5366 5364
5366 1180
5367 3297
5367 3758
5367 4139
5368 5369
5368 938
5370 5369
5370 934
5371 2933
5371 5372
5373 5374
5373 490
5375 490
5375 5376
5377 487
5377 489
5377 490
5378 487
5378 490
5379 487
5379 489
5380 5374
5380 490
5380 5376
5381 5382
5381 5383
5384 5385
5384 1073
5386 5385
5386 1709
5387 5385
5387 1073
5387 1709
5388 5389
5388 5390
5391 140
5391 5390
5391 5392
5393 5394
5393 5395
5396 5394
5396 5392
5397 5394
5397 5395
5397 5392
5398 5389
5398 1709
5399 1709
5399 5389
5399 5390
5400 5401
5400 4721
5400 4725
5402 3001
5402 5403
5404 5405
5404 5406
5407 5408
5407 5405
5409 5408
5409 814
5410 5408
5410 1884
5410 814
5411 5408
5411 5412
5413 5408
5413 5412
5413 5406
5414 5408
5414 5405
5414 5406
5415 5412
5415 5406
5416 5405
5416 5417
5418 5412
5418 5417
5419 2874
5419 5420
5419 5421
5422 5423
5422 364
5424 5423
5424 954
5425 5423
5425 364
5425 954
5426 3775
5426 5427
5428 1511
5428 3775
5429 5430
5429 94
5431 5430
5431 814
5432 1511
5432 3775
5432 5427
5433 5434
5433 5435
5436 5434
5436 5435
5436 1800
5437 5438
5437 1800
5439 5438
5439 5435
5440 5438
5440 1800
5440 5435
5441 5434
5441 5442
5443 5438
5443 5442
5444 5438
5444 5434
5444 5442
5445 5361
5445 5446
5447 5448
5447 1
5449 5448
5449 3
5450 5451
5450 3862
5452 3862
5452 5453
5454 5455
5454 5453
5456 5455
5456 5453
5456 786
5457 5455
5457 2556
5457 2558
5458 5453
5458 786
5459 5455
5459 2558
5460 5455
5460 2556
5461 5451
5461 2556
5462 5451
5462 2556
5462 2558
5463 5464
5463 5465
5466 5467
5466 5468
5466 5469
5470 5468
5470 5469
5471 5468
5471 5472
5473 1102
5473 5468
5474 5467
5474 5469
5475 1102
5475 5468
5475 5472
5476 1096
5476 5472
5477 5467
5477 3314
5477 1096
5478 3314
5478 1096
5478 5472
5479 3314
5479 5472
5480 5481
5480 631
5482 5481
5482 270
5483 272
5483 270
5484 21
5484 272
5484 270
5485 2639
5485 5486
5487 2639
5487 5488
5489 10
5489 5488
5490 814
5490 5488
5491 5492
5491 5486
5493 5494
5493 5492
5493 5486
5495 2638
5495 5488
5496 2638
5496 5486
5496 5488
5497 814
5497 10
5497 5488
5498 2638
5498 5486
5499 1335
5499 5500
5501 5500
5501 1336
5502 1335
5502 5500
5502 1336
5503 5504
5503 749
5505 5005
5505 5506
5505 5507
5508 5509
5508 1335
5510 5509
5510 1336
5511 5509
5511 1335
5511 1336
5512 5504
5512 5500
5513 5504
5513 749
5513 5500
5514 4002
5514 5515
5516 5517
5516 4002
5516 5515
5518 2265
5518 5519
5520 2265
5520 5521
5522 1806
5522 5515
5523 5515
5523 5524
5525 1806
5525 5515
5525 5524
5526 5517
5526 4002
5527 2265
5527 5521
5527 5519
5528 31
5528 2829
5529 5530
5529 2328
5529 316
5531 5532
5531 3756
5533 5530
5533 2328
5534 5530
5534 316
5535 5536
5535 3756
5537 5536
5537 792
5538 5532
5538 792
5539 5532
5539 3756
5539 792
5540 5536
5540 3756
5540 792
5541 3184
5541 5542
5543 1650
5543 865
5544 864
5544 869
5544 867
5545 5546
5545 522
5547 5548
5547 522
5549 5548
5549 5546
5549 522
5550 525
5550 5551
5552 522
5552 5551
5553 525
5553 522
5553 5551
5554 525
5554 5555
5556 522
5556 5555
5557 525
5557 522
5557 5555
5558 5559
5558 5551
5560 5561
5560 5562
5560 5563
5564 5565
5564 5562
5566 5561
5566 5565
5567 5561
5567 5565
5567 5562
5568 5569
5568 5570
5571 5569
5571 5565
5572 5569
5572 5570
5572 5565
5573 5563
5573 1296
5574 5569
5574 1296
5575 5569
5575 5563
5575 1296
5576 3729
5576 1630
5576 1633
5577 3515
5577 5578
5579 503
5579 5339
5580 4036
5580 3664
5581 1875
5581 1877
5581 5582
5583 5584
5583 5585
5586 2064
5586 5587
5588 1269
5588 5589
5588 4280
5590 1269
5590 5589
5591 1268
5591 1269
5592 1268
5592 1270
5593 5594
5593 1478
5595 31
5595 1134
5595 1279
5596 5594
5596 1478
5596 1011
5597 5594
5597 1011
5598 3027
5598 1011
5599 3027
5599 1478
5600 171
5600 5339
5601 5602
5601 5603
5601 3684
5604 5602
5604 5603
5605 5603
5605 3684
5606 5607
5606 5608
5606 5602
5609 5610
5609 5603
5611 5602
5611 5612
5611 3684
5613 5602
5613 5612
5614 5612
5614 3684
5615 5610
5615 5603
5615 5612
5616 5610
5616 5612
5617 5618
5617 5619
5620 5618
5620 5621
5620 5619
5622 1837
5622 5623
5624 5464
5624 5619
5625 5464
5625 5619
5625 5465
5626 171
5626 5627
5628 3114
5628 5627
5629 171
5629 3114
5629 5627
5630 171
5630 5631
5632 1290
5632 5631
5633 1470
5633 101
5633 1471
5634 579
5634 1745
5634 5635
5636 109
5636 5637
5638 5639
5638 109
5638 107
5640 109
5640 107
5640 5637
5641 107
5641 5637
5642 1471
5642 5637
5643 5639
5643 1471
5644 1470
5644 101
5645 5639
5645 1471
5645 5637
5646 5647
5646 1164
5648 5647
5648 1164
5648 1166
5649 5650
5649 5651
5652 5647
5652 5650
5653 1166
5653 5651
5654 1164
5654 5651
5655 1164
5655 1166
5655 5651
5656 5647
5656 1166
5657 4279
5657 5658
5657 4280
5659 5647
5659 5650
5659 5651
5660 5661
5660 1699
5662 1694
5662 2630
5663 171
5663 1009
5663 1011
5664 4279
5664 5589
5665 2064
5665 5666
5665 5587
5667 1864
5667 3899
5668 1864
5668 3899
5668 3910
5669 1867
5669 3899
5669 3910
5670 1864
5670 3910
5671 1867
5671 3910
5672 1867
5672 3899
5673 5658
5673 5589
5674 3535
5674 1821
5675 97
5675 734
5675 95
5676 5136
5676 3079
5677 5678
5677 5679
5680 2378
5680 5679
5681 2000
5681 3706
5682 2378
5682 5678
5682 5679
5683 2000
5683 3706
5683 5679
5684 2000
5684 5679
5685 2002
5685 350
5686 2002
5686 1694
5687 1765
5687 4670
5688 2002
5688 350
5688 1694
5689 2091
5689 2096
5689 2097
5690 2091
5690 2097
5691 2100
5691 2097
5692 5693
5692 2100
5694 31
5694 2080
5695 1301
5695 2091
5696 969
5696 2094
5697 2094
5697 1097
5698 3837
5698 3832
5699 5693
5699 2100
5699 2097
5700 5701
5700 2080
5702 27
5702 2061
5702 1279
5703 733
5703 735
5704 733
5704 734
5705 5706
5705 140
5707 5706
5707 5708
5709 5710
5709 5711
5712 5713
5712 350
5714 5715
5714 5716
5714 5717
5718 5713
5718 140
5718 350
5719 5713
5719 140
5720 5715
5720 5721
5720 5722
5723 5715
5723 5722
5724 5715
5724 5716
5725 5716
5725 5717
5726 5727
5726 5728
5729 5244
5729 5727
5730 319
5730 5731
5730 5728
5732 5731
5732 5728
5733 319
5733 5728
5734 402
5734 5731
5734 5735
5736 5731
5736 5735
5737 402
5737 5731
5738 401
5738 413
5738 5735
5739 413
5739 5735
5740 4270
5740 5741
5742 3768
5742 3777
5743 5744
5743 5745
5743 2623
5746 5747
5746 63
5748 5745
5748 63
5749 5745
5749 5747
5749 63
5750 4942
5750 5751
5752 4940
5752 5751
5753 4940
5753 4942
5753 5751
5754 4942
5754 674
5755 4940
5755 674
5756 4940
5756 4942
5756 674
5757 5758
5757 5759
5760 5761
5760 3218
5760 5762
5763 140
5763 171
5764 5761
5764 3218
5765 3218
5765 5762
5766 5767
5766 5762
5768 5767
5768 5769
5768 5762
5770 5290
5770 5767
5770 5771
5772 5769
5772 5762
5773 5290
5773 5767
5774 5767
5774 5771
5775 5776
5775 5777
5778 5776
5778 1948
5778 5777
5779 5780
5779 5777
5781 5782
5781 5777
5783 5780
5783 5782
5783 5777
5784 5776
5784 1948
5785 4959
5785 5786
5785 5780
5787 4959
5787 5782
5788 5786
5788 5782
5789 4959
5789 5786
5789 5782
5790 5791
5790 5792
5793 5791
5793 3938
5794 5570
5794 5795
5794 4569
5796 5570
5796 5795
5797 5798
5797 3317
5799 3405
5799 5798
5800 3405
5800 5792
5801 3405
5801 5798
5801 3317
5802 3405
5802 5792
5802 3317
5803 5792
5803 3317
5804 2284
5804 3165
5805 5229
5805 207
5805 5806
5807 2949
5807 3413
5808 5809
5808 2950
5808 5810
5811 2949
5811 2950
5811 5810
5812 171
5812 5813
5812 5814
5815 5809
5815 2950
5816 5809
5816 5810
5817 2950
5817 5818
5819 2950
5819 5820
5821 2949
5821 5810
5822 2950
5822 5818
5822 5820
5823 2355
5823 2552
5824 2355
5824 2553
5825 5826
5825 2552
5825 2553
5827 5826
5827 2552
5828 5826
5828 2553
5829 5635
5829 5830
5831 5832
5831 1897
5833 3803
5833 3790
5833 5834
5835 5836
5835 316
5837 5838
5837 3796
5837 3797
5839 5840
5839 5841
5839 5842
5843 5840
5843 5842
5844 5845
5844 5842
5846 5836
5846 2575
5847 5840
5847 489
5848 3790
5848 5834
5849 5840
5849 5845
5849 489
5850 5845
5850 489
5851 3797
5851 3801
5852 3788
5852 3789
5853 3788
5853 3790
5854 5855
5854 5856
5854 5857
5858 5859
5858 5860
5861 5856
5861 5857
5862 5855
5862 5856
5863 5864
5863 5860
5865 5856
5865 5864
5866 5856
5866 5859
5867 5856
5867 5859
5867 5860
5868 5869
5868 5870
5871 5856
5871 5864
5871 5860
5872 5859
5872 5873
5874 4902
5874 5870
5875 1585
5875 5876
5877 1593
5877 5876
5878 1285
5878 3902
5878 2224
5879 4902
5879 5869
5879 5880
5881 3400
5881 3411
5882 3400
5882 3376
5882 3411
5883 5869
5883 5880
5884 3392
5884 5885
5884 5507
5886 1355
5886 5887
5888 5885
5888 5507
5889 3392
5889 5885
5890 3392
5890 3393
5891 3376
5891 1372
5891 1352
5892 3393
5892 3156
5892 5887
5893 3400
5893 1372
5894 3156
5894 5887
5895 3393
5895 5887
5896 4286
5896 5897
5898 4286
5898 5899
5898 5897
5900 5901
5900 5902
5903 5902
5903 5897
5904 5901
5904 5902
5904 5897
5905 1486
5905 1491
5906 319
5906 1486
5907 319
5907 1486
5907 1491
5908 1666
5908 5909
5910 364
5910 2873
5910 153
5911 1839
5911 5912
5913 364
5913 2873
5914 2873
5914 153
5915 5916
5915 296
5917 5918
5917 5916
5917 296
5919 5916
5919 5920
5919 5921
5922 5918
5922 296
5923 4799
5923 5924
5925 1856
5925 4799
5925 5924
5926 4799
5926 3419
5926 411
5927 1856
5927 5924
5928 411
5928 3419
5928 3602
5929 411
5929 4142
5930 5931
5930 5912
5932 5931
5932 1839
5932 5912
5933 5934
5933 2481
5933 5935
5936 2481
5936 5934
5937 5938
5937 5315
5937 5939
5940 3760
5940 2593
5941 2593
5941 5942
5943 5938
5943 5939
5944 3761
5944 5942
5945 5946
5945 5942
5947 3761
5947 5948
5947 5949
5950 3761
5950 5949
5951 3760
5951 5946
5951 3761
5952 5938
5952 5315
5953 3760
5953 5946
5954 5946
5954 3761
5954 5942
5955 4096
5955 5934
5955 5938
5956 3180
5956 3181
5957 5958
5957 1234
5959 171
5959 5093
5960 5961
5960 1666
5962 3849
5962 3850
5962 3852
5963 5315
5963 5939
5963 5964
5965 5939
5965 5964
5966 5964
5966 4097
5967 5968
5967 4097
5969 5939
5969 5968
5970 5315
5970 5968
5971 5315
5971 5964
5972 5315
5972 5939
5972 5968
5973 4095
5973 4096
5974 5968
5974 5964
5974 4097
5975 5090
5975 5976
5977 5090
5977 5978
5977 5976
5979 5570
5979 5976
5979 5980
5981 5090
5981 5978
5982 319
5982 5090
5982 5983
5984 4021
5984 5985
5986 319
5986 5983
5987 5090
5987 5983
5988 5989
5988 3852
5990 4021
5990 5983
5991 4021
5991 5983
5991 5985
5992 5989
5992 3849
5992 3852
5993 5994
5993 5995
5996 5994
5996 5995
5996 631
5997 5995
5997 22
5997 23
5998 5994
5998 631
5999 5995
5999 23
6000 5995
6000 22
6001 6002
6001 22
6003 6002
6003 22
6003 23
6004 4257
6004 4276
6004 4270
6005 4257
6005 6006
6007 5237
6007 6002
6008 5994
6008 5237
6009 6010
6009 2739
6011 6010
6011 2738
6011 2739
6012 6013
6012 6014
6015 2743
6015 2744
6015 2749
6016 6013
6016 4379
6017 2744
6017 4378
6017 6014
6018 2744
6018 4378
6019 4378
6019 6014
6020 6021
6020 834
6020 832
6022 6023
6022 3968
6024 6023
6024 6021
6025 6023
6025 6021
6025 3968
6026 2251
6026 6027
6028 2251
6028 6023
6029 2251
6029 6023
6029 6027
6030 6010
6030 2738
6031 6032
6031 6033
6034 6032
6034 6035
6034 6033
6036 6037
6036 6033
6036 6038
6039 6032
6039 6035
6040 6033
6040 6038
6041 6037
6041 6033
6042 6037
6042 6035
6043 6037
6043 6035
6043 6038
6044 6045
6044 6046
6044 6037
6047 6035
6047 6038
6048 4469
6048 4908
6049 4908
6049 4467
6050 6051
6050 1258
6052 6051
6052 1255
6053 1254
6053 1258
6053 1256
6054 1258
6054 1256
6055 6056
6055 6051
6055 2072
6057 6056
6057 6051
6058 6056
6058 2072
6059 6051
6059 1258
6059 1255
6060 6061
6060 6051
6062 6061
6062 2072
6063 6064
6063 3438
6065 25
6065 1070
6065 10
6066 6067
6066 149
6066 1735
6068 6069
6068 6070
6071 6072
6071 6073
6071 6074
6075 6072
6075 6073
6076 6073
6076 6074
6077 6072
6077 6069
6077 6074
6078 6072
6078 6069
6079 6069
6079 6074
6080 6081
6080 6072
6080 1477
6082 6081
6082 6072
6083 6072
6083 1477
6084 6085
6084 1376
6086 1375
6086 6085
6087 6088
6087 6089
6087 5421
6090 6088
6090 6089
6091 6088
6091 6092
6093 6092
6093 5421
6094 6089
6094 1376
6095 6088
6095 6092
6095 5421
6096 6092
6096 6089
6096 1376
6097 6092
6097 1376
6098 4815
6098 3180
6099 4816
6099 3180
6100 4816
6100 3179
6101 4815
6101 3179
6101 4816
6102 4841
6102 4816
6102 4844
6103 4815
6103 3179
6104 2247
6104 4848
6105 6106
6105 6107
6108 4847
6108 2247
6108 4848
6109 6106
6109 4848
6109 6107
6110 6106
6110 4848
6111 386
6111 6112
6113 6112
6113 954
6114 6115
6114 6106
6116 386
6116 6112
6116 954
6117 6118
6117 1096
6119 6118
6119 3314
6120 3314
6120 6121
6122 3314
6122 6121
6122 3315
6123 3314
6123 6124
6125 3314
6125 6124
6125 1096
6126 6118
6126 3314
6126 1096
6127 6124
6127 1096
6128 6118
6128 6129
6130 6129
6130 6124
6131 401
6131 31
6131 814
6132 6133
6132 6134
6135 6133
6135 1976
6135 6134
6136 31
6136 6133
6136 2058
6137 1976
6137 6134
6138 31
6138 6133
6139 6133
6139 2058
6140 192
6140 1976
6141 27
6141 192
6141 1976
6142 1976
6142 5383
6143 6133
6143 5383
6144 27
6144 413
6145 2548
6145 3438
6145 6146
6147 1467
6147 6148
6149 401
6149 31
6150 1842
6150 1832
6151 6152
6151 6148
6153 6148
6153 6152
6153 6154
6155 6156
6155 6154
6157 6156
6157 6148
6158 6156
6158 6154
6158 6148
6159 6152
6159 6154
6160 3600
6160 3595
6160 3596
6161 6162
6161 649
6163 6162
6163 849
6164 6162
6164 649
6164 849
6165 1441
6165 6166
6167 1440
6167 6166
6168 1440
6168 1441
6168 6169
6170 1441
6170 6169
6171 1440
6171 6169
6172 1441
6172 1884
6172 814
6173 1441
6173 814
6174 1441
6174 1884
6175 4979
6175 6176
6175 3148
6177 401
6177 814
6178 6154
6178 1468
6178 6148
6179 6169
6179 6180
6181 1440
6181 1441
6181 6166
6182 1091
6182 6183
6184 140
6184 6185
6186 6187
6186 6185
6188 3148
6188 6189
6190 6191
6190 954
6192 808
6192 6193
6192 6194
6195 140
6195 6191
6195 954
6196 140
6196 6191
6197 6198
6197 6199
6197 6194
6200 6198
6200 6194
6201 6193
6201 6194
6202 808
6202 6193
6203 2575
6203 5985
6204 853
6204 6205
6206 6207
6206 6208
6206 6209
6210 2920
6210 5372
6210 6205
6211 5372
6211 6205
6212 2920
6212 6205
6213 2933
6213 5372
6213 2934
6214 2934
6214 5372
6215 6216
6215 6217
6218 2933
6218 2067
6218 2934
6219 2934
6219 2067
6220 3743
6220 6221
6220 904
6222 6221
6222 904
6223 3743
6223 904
6224 6221
6224 3731
6224 1296
6225 4721
6225 6226
6227 402
6227 413
6228 5401
6228 4725
6229 5401
6229 4721
6230 6231
6230 6232
6230 6216
6233 4725
6233 4721
6233 6226
6234 4725
6234 6226
6235 6232
6235 6216
6236 6207
6236 6208
6237 6238
6237 6239
6237 6232
6240 6241
6240 6242
6243 6244
6243 6245
6243 6246
6247 6242
6247 6246
6248 6249
6248 6245
6248 6250
6251 6245
6251 6249
6252 6245
6252 6250
6253 6244
6253 6245
6254 6244
6254 6246
6255 6245
6255 6242
6255 6246
6256 6242
6256 6245
6257 3613
6257 3615
6258 27
6258 386
6258 413
6259 171
6259 2499
6259 6260
6261 2499
6261 6260
6262 1399
6262 6263
6264 1399
6264 6265
6266 2498
6266 3020
6267 2498
6267 171
6268 2469
6268 2596
6268 4745
6269 2597
6269 2469
6270 2469
6270 4745
6271 171
6271 801
6271 799
6272 2596
6272 4745
6273 4902
6273 5710
6273 5711
6274 6275
6274 5741
6276 4902
6276 5711
6277 2596
6277 135
6278 4270
6278 5710
6279 4257
6279 4270
6279 5710
6280 4257
6280 4270
6280 5741
6281 4257
6281 5710
6282 4257
6282 5741
6283 2596
6283 135
6283 1695
6284 2596
6284 1695
6285 1400
6285 1401
6286 2955
6286 1695
6287 4681
6287 6288
6289 1504
6289 6290
6291 31
6291 6290
6291 1504
6292 2597
6292 2596
6293 1285
6293 3902
6294 4684
6294 6288
6295 350
6295 1951
6295 1279
6296 3621
6296 350
6297 969
6297 1273
6297 1114
6298 31
6298 6290
6299 969
6299 1273
6300 1114
6300 1273
6301 1583
6301 3899
6302 3912
6302 3899
6303 3912
6303 3910
6304 1004
6304 3909
6305 1004
6305 3912
6306 1153
6306 1135
6307 1133
6307 1134
6307 1147
6308 6309
6308 5731
6310 171
6310 6309
6311 6312
6311 1130
6313 1130
6313 6314
6315 6312
6315 6316
6315 6317
6318 6312
6318 6317
6319 171
6319 6320
6319 1821
6321 1143
6321 1145
6322 171
6322 6320
6323 6312
6323 1130
6323 6314
6324 1091
6324 5187
6325 5187
6325 1089
6326 1089
6326 6183
6327 1147
6327 1153
6328 1091
6328 338
6329 333
6329 337
6329 342
6330 1091
6330 338
6330 342
6331 1091
6331 342
6332 1091
6332 1089
6332 6183
6333 6334
6333 5507
6335 6336
6335 6216
6335 6217
6337 6334
6337 6207
6337 5507
6338 6336
6338 6217
6339 6208
6339 3393
6339 3156
6340 6208
6340 3393
6341 6231
6341 6216
6342 6207
6342 6209
6343 6344
6343 6207
6345 6344
6345 5507
6346 319
6346 2575
6346 5985
6347 319
6347 5985
6348 1400
6348 6263
6348 6265
6349 1400
6349 6263
6350 1400
6350 6265
6351 6263
6351 1279
6351 133
6352 6263
6352 133
6353 6263
6353 1279
6354 5826
6354 4483
6355 396
6355 6356
6355 6357
6358 395
6358 390
6359 6356
6359 6360
6361 6362
6361 6356
6363 6362
6363 6356
6363 6360
6364 395
6364 6357
6365 395
6365 6356
6366 395
6366 6356
6366 6357
6367 396
6367 6357
6368 396
6368 6356
6369 3577
6369 6370
6371 6372
6371 6373
6371 6374
6375 4363
6375 6376
6377 6372
6377 4363
6378 6372
6378 4363
6378 6376
6379 6373
6379 2212
6380 6373
6380 2212
6380 2204
6381 6372
6381 6374
6382 6372
6382 6373
6383 1617
6383 1627
6384 1617
6384 1626
6385 3950
6385 239
6386 1695
6386 9
6386 1652
6387 3055
6387 3052
6388 2944
6388 56
6389 3055
6389 82
6389 3052
6390 6391
6390 4207
6392 6393
6392 3052
6394 6391
6394 3649
6394 4839
6395 3055
6395 2553
6396 6397
6396 3322
6398 6399
6398 3322
6400 6397
6400 6399
6400 3322
6401 3320
6401 3321
6402 3320
6402 3322
6403 6393
6403 2553
6404 6405
6404 3321
6406 6405
6406 3322
6407 3322
6407 6405
6407 3321
6408 1862
6408 3320
6409 6393
6409 3055
6409 2553
6410 63
6410 6411
6410 6412
6413 2867
6413 6414
6415 67
6415 6412
6416 69
6416 67
6416 6412
6417 63
6417 6411
6418 6411
6418 6412
6419 69
6419 6414
6420 67
6420 6414
6421 67
6421 69
6421 6414
6422 69
6422 6412
6423 3577
6423 3572
6423 6370
6424 2034
6424 6425
6426 6176
6426 3718
6427 1279
6427 6428
6429 2034
6429 6425
6429 6430
6431 1279
6431 133
6431 6428
6432 133
6432 6428
6433 2035
6433 6428
6434 6189
6434 3718
6435 6436
6435 2034
6437 2034
6437 2035
6437 6428
6438 6176
6438 6189
6438 3718
6439 3717
6439 6440
6441 6442
6441 6443
6444 6442
6444 366
6445 6446
6445 366
6447 6446
6447 2223
6447 366
6448 6449
6448 6450
6448 6451
6452 6446
6452 2223
6453 6450
6453 6451
6454 6449
6454 6450
6455 6449
6455 6456
6457 6449
6457 6458
6457 6456
6459 4979
6459 6189
6460 3718
6460 6440
6461 3717
6461 3718
6461 6440
6462 6463
6462 6370
6464 6465
6464 6463
6466 316
6466 4054
6466 5585
6467 6468
6467 6106
6469 4054
6469 5585
6470 4054
6470 316
6471 6472
6471 4041
6473 6472
6473 4041
6473 6474
6475 6476
6475 6472
6475 319
6477 4041
6477 6474
6478 6472
6478 319
6479 6476
6479 6472
6480 3045
6480 6481
6482 6481
6482 3043
6483 1694
6483 5635
6483 27
6484 1745
6484 5830
6485 1694
6485 5635
6486 2355
6486 6487
6486 2356
6488 31
6488 1745
6489 31
6489 1745
6489 1097
6490 5826
6490 4483
6490 2356
6491 3045
6491 6492
6493 6492
6493 3043
6494 3045
6494 6492
6494 3043
6495 5250
6495 6496
6495 6497
6498 969
6498 5247
6499 3059
6499 6500
6501 3059
6501 6500
6501 2329
6502 6496
6502 6503
6504 6503
6504 6496
6504 4693
6505 5250
6505 6497
6506 5250
6506 6496
6507 6497
6507 4693
6508 6497
6508 6503
6509 6503
6509 6497
6509 4693
6510 6496
6510 4693
6511 5931
6511 6512
6513 6512
6513 1839
6514 1666
6514 5909
6514 6515
6516 5909
6516 6515
6517 6518
6517 6515
6519 1666
6519 6518
6520 5931
6520 5909
6521 1666
6521 6518
6521 6515
6522 5931
6522 5909
6522 6518
6523 5931
6523 6518
6524 6525
6524 1387
6526 6527
6526 6525
6526 1387
6528 1526
6528 6529
6530 1530
6530 6529
6531 283
6531 6525
6532 6525
6532 6533
6534 283
6534 6525
6534 6533
6535 6527
6535 1387
6536 1530
6536 1526
6536 6529
6537 6538
6537 1526
6539 1399
6539 6263
6539 6265
6540 3572
6540 3573
6540 3598
6541 463
6541 1638
6542 463
6542 386
6543 466
6543 6544
6543 6545
6546 466
6546 6545
6547 466
6547 6544
6548 6549
6548 2862
6548 6545
6550 6549
6550 6545
6551 2862
6551 6545
6552 466
6552 6553
6554 463
6554 386
6554 1638
6555 171
6555 3979
6556 6557
6556 6558
6559 6557
6559 6560
6559 6558
6561 6562
6561 1419
6561 6563
6564 6557
6564 6565
6566 6557
6566 6563
6567 6557
6567 6565
6567 6563
6568 6569
6568 6560
6570 6557
6570 6569
6571 6557
6571 6569
6571 6560
6572 6560
6572 6558
6573 3974
6573 1837
6574 6575
6574 6576
6577 2126
6577 2127
6577 2129
6578 6579
6578 3596
6580 6581
6580 6582
6583 6584
6583 6585
6586 6162
6586 6584
6586 6585
6587 6581
6587 6588
6589 6581
6589 6588
6589 3596
6590 6581
6590 6584
6590 6582
6591 3713
6591 6592
6593 3713
6593 6594
6595 6592
6595 662
6595 6596
6597 6592
6597 6596
6598 6599
6598 6600
6601 350
6601 3717
6602 3713
6602 6592
6602 6594
6603 3245
6603 6600
6604 3245
6604 6605
6604 2690
6606 3245
6606 2690
6606 6600
6607 2690
6607 6600
6608 364
6608 2690
6608 1695
6609 364
6609 2690
6610 6605
6610 2690
6611 3245
6611 6605
6612 1475
6612 6613
6612 6152
6614 6615
6614 6616
6614 6617
6618 6615
6618 6616
6619 4363
6619 6617
6620 6621
6620 6622
6620 6623
6624 6621
6624 4363
6624 6617
6625 6621
6625 6617
6626 6621
6626 6616
6627 4363
6627 6616
6628 6615
6628 6617
6629 6621
6629 4363
6629 6616
6630 6631
6630 6632
6633 6634
6633 6635
6633 366
6636 6634
6636 6631
6636 6632
6637 6634
6637 6632
6638 1423
6638 6639
6640 1279
6640 6639
6641 6635
6641 6642
6643 1423
6643 1279
6643 6639
6644 6635
6644 6642
6644 1423
6645 1423
6645 6642
6646 6647
6646 1832
6646 1843
6648 6647
6648 1832
6649 6647
6649 1984
6650 1984
6650 6651
6652 6653
6652 1751
6654 6647
6654 1984
6654 6651
6655 6653
6655 1984
6655 1751
6656 6653
6656 1984
6657 1983
6657 1984
6658 1983
6658 1751
6659 5899
6659 4287
6660 3992
6660 3989
6661 6662
6661 6663
6661 6664
6665 6662
6665 6663
6666 6667
6666 6663
6668 6667
6668 6664
6669 6663
6669 6670
6671 6672
6671 6663
6673 6662
6673 6664
6674 6672
6674 6663
6674 6670
6675 6676
6675 6662
6677 6667
6677 6664
6677 6663
6678 4229
6678 3097
6678 4227
6679 2109
6679 2099
6679 2100
6680 2741
6680 1478
6681 1511
6681 2148
6681 5427
6682 5156
6682 3680
6682 1058
6683 4020
6683 4021
6684 4020
6684 4014
6685 6500
6685 6686
6687 4023
6687 4014
6688 4023
6688 4014
6688 4021
6689 4014
6689 4015
6689 5836
6690 2148
6690 5427
6691 4023
6691 4021
6692 3378
6692 6693
6694 6693
6694 3379
6695 6696
6695 3832
6695 6697
6698 6699
6698 1275
6700 6699
6700 6701
6700 1275
6702 1273
6702 6703
6704 6703
6704 1275
6705 1273
6705 6703
6705 1275
6706 1273
6706 6707
6708 1275
6708 6707
6709 1273
6709 1275
6709 6707
6710 6703
6710 6711
6712 6711
6712 6707
6713 6714
6713 6715
6716 6717
6716 6714
6718 923
6718 1530
6718 1526
6719 171
6719 503
6719 5339
6720 6721
6720 5229
6722 6721
6722 5229
6722 207
6723 209
6723 6724
6725 6721
6725 6724
6726 209
6726 6724
6726 6721
6727 6717
6727 5806
6728 6724
6728 6717
6729 6724
6729 6717
6729 5806
6730 5623
6730 2294
6731 6653
6731 1983
6731 266
6732 2289
6732 2294
6733 1983
6733 266
6734 2289
6734 2293
6734 2294
6735 6653
6735 266
6736 5561
6736 6737
6738 6737
6738 5562
6739 5561
6739 386
6739 1695
6740 5561
6740 386
6741 5561
6741 1695
6742 6743
6742 5562
6742 6744
6745 6743
6745 5562
6746 5562
6746 6744
6747 6748
6747 266
6749 5562
6749 6750
6751 5561
6751 6737
6751 5562
6752 1495
6752 5813
6752 1496
6753 1495
6753 5813
6754 6755
6754 2409
6756 386
6756 267
6757 171
6757 1645
6758 2034
6758 6430
6759 10
6759 267
6760 171
6760 5341
6761 5341
6761 5342
6762 6748
6762 266
6762 267
6763 6764
6763 6765
6766 6764
6766 1692
6767 6765
6767 6768
6767 6769
6770 6748
6770 267
6771 6772
6771 1692
6771 6765
6773 6772
6773 6765
6774 6772
6774 1692
6775 6764
6775 6765
6775 1692
6776 6777
6776 6772
6778 6777
6778 6764
6779 6780
6779 2209
6781 6782
6781 1626
6781 1627
6783 6782
6783 1626
6784 6782
6784 1627
6785 2209
6785 2205
6786 1607
6786 2205
6787 6780
6787 6782
6787 2209
6788 6782
6788 2209
6789 2207
6789 1607
6790 1607
6790 2209
6790 2205
6791 6792
6791 6793
6791 6794
6795 4287
6795 6796
6795 635
6797 1256
6797 6798
6799 6800
6799 6801
6802 1638
6802 1076
6802 814
6803 1638
6803 1076
6804 2312
6804 4037
6804 3976
6805 6793
6805 6794
6806 2312
6806 3976
6807 4036
6807 4037
6807 3977
6808 6792
6808 6794
6809 1254
6809 1255
6810 1255
6810 1256
6811 6812
6811 366
6813 192
6813 6812
6813 366
6814 389
6814 6815
6814 6816
6817 192
6817 6812
6818 389
6818 6816
6819 389
6819 6815
6820 6815
6820 6821
6822 6815
6822 6821
6822 6823
6824 1256
6824 6794
6824 6798
6825 6826
6825 6827
6828 6826
6828 366
6829 3832
6829 6830
6831 5315
6831 5939
6831 5935
6832 1694
6832 6833
6834 27
6834 6833
6835 31
6835 6836
6837 31
6837 1097
6837 6836
6838 6839
6838 6833
6840 6839
6840 6833
6840 6836
6841 1694
6841 6833
6841 27
6842 6839
6842 6836
6843 6844
6843 6836
6845 6844
6845 6833
6846 2481
6846 5935
6847 727
6847 6848
6847 729
6849 1600
6849 1614
6849 1602
6850 6851
6850 6852
6853 948
6853 6854
6855 949
6855 6854
6856 1107
6856 2314
6857 6858
6857 6859
6860 6861
6860 6859
6862 6863
6862 6861
6864 6865
6864 6863
6864 6861
6866 319
6866 6474
6867 319
6867 6474
6867 5585
6868 6858
6868 6861
6868 6859
6869 6474
6869 5585
6870 4026
6870 4029
6870 4027
6871 4824
6871 767
6872 25
6872 4824
6873 4823
6873 6874
6875 4823
6875 6876
6875 6874
6877 6878
6877 6874
6877 1156
6879 4823
6879 6876
6880 6874
6880 1156
6881 6878
6881 6874
6882 2249
6882 4398
6883 25
6883 4824
6883 767
6884 4823
6884 4828
6885 3470
6885 4032
6886 4520
6886 6887
6888 4520
6888 6889
6888 4516
6890 1114
6890 6891
6890 767
6892 1114
6892 6891
6893 6894
6893 443
6893 316
6895 6894
6895 316
6896 4516
6896 6889
6897 4520
6897 6889
6898 6899
6898 6900
6901 6900
6901 3492
6902 6894
6902 443
6903 6899
6903 6900
6903 3492
6904 6905
6904 3142
6904 6906
6907 3142
6907 6906
6908 6905
6908 3142
6909 6793
6909 6910
6911 6905
6911 1421
6912 27
6912 192
6912 362
6913 1806
6913 4873
6914 4870
6914 4873
6915 969
6915 3813
6916 386
6916 3813
6917 6918
6917 6919
6917 6920
6921 4870
6921 6922
6923 4870
6923 6920
6924 4870
6924 6922
6924 6920
6925 6919
6925 6922
6926 6918
6926 6919
6926 6922
6927 6918
6927 6920
6928 6919
6928 6920
6929 6930
6929 3487
6929 3485
6931 6932
6931 3485
6933 6932
6933 3487
6934 6932
6934 3487
6934 3485
6935 386
6935 3487
6936 386
6936 3487
6936 1073
6937 6930
6937 3485
6938 6930
6938 3487
6939 31
6939 279
6940 6941
6940 6930
6942 6941
6942 6932
6943 6944
6943 920
6943 6538
6945 6946
6945 6529
6947 6944
6947 6946
6948 6944
6948 6946
6948 6529
6949 6538
6949 1530
6950 6538
6950 1530
6950 1526
6951 6944
6951 920
6952 6944
6952 6538
6953 6954
6953 972
6955 6954
6955 970
6956 6848
6956 729
6957 6958
6957 2064
6957 6959
6960 1367
6960 1421
6960 6906
6961 6959
6961 6910
6962 649
6962 3910
6963 422
6963 6964
6965 422
6965 6964
6965 6966
6967 6959
6967 6910
6967 6968
6969 6970
6969 6966
6971 6970
6971 6972
6971 6966
6973 6970
6973 6974
6973 6975
6976 6972
6976 6966
6977 6970
6977 6972
6977 6964
6978 422
6978 6966
6979 6972
6979 6964
6980 6970
6980 6964
6981 6982
6981 2545
6981 6983
6984 1367
6984 6905
6985 4934
6985 3161
6986 1367
6986 6906
6987 1038
6987 3154
6988 1421
6988 6906
6989 6982
6989 2604
6990 6991
6990 1475
6990 481
6992 3249
6992 2730
6993 3958
6993 10
6994 3958
6994 364
6995 3970
6995 6996
6995 6997
6998 3970
6998 6996
6999 3970
6999 6997
7000 6996
7000 2810
7000 7001
7002 6996
7002 7001
7003 6996
7003 2810
7004 6982
7004 7005
7006 6991
7006 1475
7007 3970
7007 3959
7008 3958
7008 364
7008 10
7009 7010
7009 316
7011 7010
7011 506
7011 316
7012 7013
7012 6238
7012 7014
7015 7010
7015 506
7016 7013
7016 6238
7017 7014
7017 6238
7018 7014
7018 5342
7019 319
7019 7014
7019 5342
7020 7021
7020 3355
7022 7021
7022 3356
7023 6899
7023 319
7023 178
7024 6899
7024 178
7025 7026
7025 178
7027 178
7027 7028
7029 6899
7029 319
7030 7026
7030 178
7030 7028
7031 479
7031 7026
7032 479
7032 7033
7032 7028
7034 479
7034 7026
7034 7033
7035 7026
7035 7033
7036 6765
7036 6768
7037 2729
7037 2735
7038 1597
7038 1039
7038 1598
7039 7040
7039 42
7041 7042
7041 7043
7044 7045
7044 7043
7046 7042
7046 7045
7046 7043
7047 2318
7047 7048
7049 7048
7049 7043
7050 2318
7050 7048
7050 7043
7051 2318
7051 7052
7053 7052
7053 7043
7054 2318
7054 7052
7054 7043
7055 5171
7055 7048
7056 1918
7056 1885
7056 1940
7057 6621
7057 6622
7058 6621
7058 6623
7059 7060
7059 7061
7059 7062
7063 7060
7063 7062
7064 4358
7064 814
7064 1695
7065 4358
7065 814
7066 6623
7066 4358
7067 132
7067 133
7067 135
7068 7060
7068 7061
7069 6623
7069 4358
7069 4359
7070 6622
7070 4358
7070 4359
7071 6622
7071 4358
7072 1217
7072 1219
7073 3792
7073 3789
7073 3790
7074 3967
7074 3846
7075 7076
7075 7077
7078 7076
7078 7079
7080 7081
7080 2450
7082 7076
7082 7077
7082 7079
7083 7084
7083 7085
7086 7085
7086 7087
7088 7089
7088 7090
7088 7084
7091 7092
7091 2450
7093 7081
7093 3001
7094 7076
7094 7092
7094 2450
7095 1269
7095 4280
7096 4279
7096 5658
7096 5589
7097 7098
7097 7099
7100 7085
7100 7099
7101 7102
7101 1305
7103 3832
7103 7104
7105 733
7105 7102
7106 7107
7106 366
7108 7107
7108 7109
7110 7111
7110 9
7110 366
7112 7111
7112 366
7113 7111
7113 9
7114 7115
7114 2913
7114 7116
7117 7115
7117 2913
7118 2913
7118 7116
7119 7115
7119 7120
7119 7121
7122 7115
7122 7121
7123 1210
7123 1205
7124 2716
7124 2711
7124 1209
7125 2716
7125 1209
7126 2711
7126 1209
7127 2716
7127 2711
7127 1210
7128 2716
7128 1210
7129 2711
7129 1210
7130 2716
7130 386
7130 94
7131 2716
7131 386
7132 2716
7132 94
7133 727
7133 7134
7133 729
7135 7136
7135 7137
7138 7139
7138 7137
7140 7136
7140 171
7140 6476
7141 7142
7141 171
7143 171
7143 7144
7143 7145
7146 7144
7146 7145
7147 171
7147 7145
7148 7142
7148 171
7148 4046
7149 7142
7149 4046
7150 324
7150 7151
7152 327
7152 324
7152 7151
7153 386
7153 324
7153 153
7154 327
7154 7151
7155 327
7155 7156
7157 324
7157 7156
7158 364
7158 1372
7159 649
7159 1143
7159 969
7160 2267
7160 3711
7161 7162
7161 7163
7161 7164
7165 3710
7165 3711
7166 2267
7166 7162
7166 3709
7167 7162
7167 3709
7168 2267
7168 3709
7169 1352
7169 7170
7169 4296
7171 666
7171 7172
7173 666
7173 7174
7173 7172
7175 1352
7175 7170
7176 7177
7176 2223
7176 27
7178 7179
7178 7174
7180 7177
7180 7174
7181 7179
7181 7177
7181 7174
7182 7179
7182 7172
7183 7177
7183 7172
7184 7179
7184 7177
7184 7172
7185 666
7185 7174
7186 1939
7186 4737
7186 1940
7187 7188
7187 1633
7189 1731
7189 2623
7190 3165
7190 7191
7192 7193
7192 7194
7195 7196
7195 7194
7197 7196
7197 7198
7199 7193
7199 814
7199 133
7200 7193
7200 7196
7200 7198
7201 7193
7201 7198
7202 7196
7202 7203
7202 7204
7205 7196
7205 7203
7206 7193
7206 814
7207 7193
7207 133
7208 3967
7208 7209
7208 831
7210 7211
7210 171
7210 7005
7212 7211
7212 7005
7213 7214
7213 7215
7216 7217
7216 7218
7216 7219
7220 7217
7220 7218
7221 7218
7221 7219
7222 7217
7222 7214
7222 7219
7223 7217
7223 7214
7224 7214
7224 7219
7225 7217
7225 7226
7225 7227
7228 7217
7228 7226
7229 7217
7229 7227
7230 3231
7230 27
7230 814
7231 7232
7231 1834
7233 7232
7233 1675
7234 5252
7234 5254
7234 721
7235 5252
7235 5254
7236 7237
7236 5254
7238 7237
7238 721
7239 5252
7239 1834
7240 7237
7240 5254
7240 721
7241 7237
7241 5252
7241 1834
7242 7237
7242 1834
7243 345
7243 348
7244 7245
7244 346
7244 7246
7247 27
7247 5635
7248 7249
7248 7246
7250 7251
7250 7246
7252 7245
7252 348
7253 7251
7253 7249
7253 7246
7254 7245
7254 348
7254 7246
7255 348
7255 7246
7256 346
7256 7246
7257 7245
7257 346
7258 4483
7258 2356
7259 1597
7259 1040
7260 1756
7260 7261
7260 7262
7263 1745
7263 1097
7264 1756
7264 7262
7265 1756
7265 7261
7266 6887
7266 7267
7268 3796
7268 4316
7269 7270
7269 7271
7272 7270
7272 7271
7272 3905
7273 2792
7273 1
7273 316
7274 3846
7274 3968
7275 6500
7275 2329
7276 7277
7276 7278
7276 7279
7280 7281
7280 786
7282 7278
7282 786
7283 7278
7283 7281
7283 786
7284 3905
7284 7285
7286 7270
7286 7285
7287 7270
7287 3905
7287 7285
7288 7271
7288 3905
7289 4988
7289 4986
7289 1063
7290 3059
7290 438
7291 438
7291 5870
7292 849
7292 5062
7293 438
7293 5870
7293 5880
7294 25
7294 849
7294 5062
7295 4902
7295 5869
7295 5870
7296 319
7296 7297
7296 1920
7298 4984
7298 4986
7299 438
7299 5880
7300 3373
7300 4984
7300 4986
7301 2349
7301 2344
7301 2336
7302 4986
7302 1063
7303 649
7303 650
7303 1695
7304 7305
7304 7306
7304 7307
7308 7307
7308 7309
7310 7306
7310 7309
7311 7306
7311 7307
7311 7309
7312 7305
7312 7313
7314 7313
7314 7309
7315 7305
7315 7313
7315 7309
7316 7317
7316 316
7318 7317
7318 7313
7319 7317
7319 7313
7319 316
7320 2784
7320 7297
7321 1717
7321 140
7322 5315
7322 5935
7323 650
7323 1695
7324 5939
7324 5935
7325 6714
7325 7326
7325 7327
7328 980
7328 4400
7328 981
7329 4362
7329 4363
7329 4360
7330 171
7330 7331
7330 320
7332 4362
7332 4360
7333 6717
7333 6714
7333 6715
7334 4362
7334 7335
7336 2644
7336 2648
7337 7338
7337 5103
7337 2846
7339 2773
7339 2774
7339 4349
7340 7338
7340 5103
7341 5103
7341 2846
7341 2847
7342 2847
7342 3165
7343 7344
7343 7345
7343 7338
7346 4362
7346 7335
7346 4369
7347 2774
7347 4349
7348 4888
7348 1369
7349 7350
7349 7351
7352 7350
7352 1050
7353 7354
7353 7355
7356 1767
7356 7354
7356 7355
7357 1767
7357 7358
7359 7354
7359 7358
7360 1775
7360 7354
7361 1778
7361 7354
7362 1775
7362 1778
7362 7354
7363 1767
7363 7355
7364 1767
7364 7354
7364 7358
7365 7366
7365 7355
7367 5901
7367 7368
7369 7370
7369 5901
7371 7370
7371 5901
7371 7368
7372 640
7372 636
7373 7374
7373 5727
7373 7375
7376 7370
7376 7377
7378 7370
7378 7375
7379 7370
7379 7377
7379 7375
7380 6672
7380 5128
7381 319
7381 640
7382 319
7382 640
7382 636
7383 7384
7383 7385
7386 7385
7386 7387
7388 7389
7388 7387
7390 7389
7390 1569
7390 7387
7391 153
7391 6038
7392 364
7392 153
7392 6038
7393 7384
7393 7385
7393 7387
7394 364
7394 6038
7395 4578
7395 7396
7397 4576
7397 7396
7398 7399
7398 2364
7400 7399
7400 2367
7401 2367
7401 9
7402 350
7402 2367
7402 9
7403 7404
7403 2367
7405 7404
7405 2367
7405 2364
7406 7399
7406 2367
7406 2364
7407 7404
7407 2364
7408 7409
7408 7399
7410 7409
7410 7404
7411 7412
7411 7413
7414 7412
7414 7415
7414 7413
7416 7417
7416 5237
7418 7412
7418 7417
7419 7412
7419 7417
7419 5237
7420 5237
7420 7421
7422 7412
7422 7421
7423 7412
7423 5237
7423 7421
7424 7417
7424 7425
7426 7421
7426 7425
7427 4801
7427 5924
7428 7429
7428 7430
7431 7432
7431 7430
7433 3653
7433 7432
7434 6487
7434 3653
7434 7432
7435 6487
7435 3653
7435 7429
7436 6487
7436 7432
7437 6487
7437 7429
7438 3653
7438 7429
7439 7429
7439 7432
7439 7430
7440 7441
7440 316
7442 4684
7442 701
7443 4684
7443 4681
7443 701
7444 7445
7444 78
7444 7446
7447 4681
7447 701
7448 7445
7448 78
7449 78
7449 7446
7450 7451
7450 7446
7452 4692
7452 7451
7452 7446
7453 52
7453 494
7454 51
7454 493
7454 494
7455 493
7455 52
7455 494
7456 493
7456 52
7457 493
7457 681
7457 677
7458 493
7458 681
7459 31
7459 32
7460 9
7460 32
7461 6755
7461 1645
7461 7462
7463 1495
7463 6316
7464 67
7464 814
7464 153
7465 67
7465 814
7466 3453
7466 3455
7466 3450
7467 1900
7467 81
7467 7468
7469 80
7469 82
7470 7468
7470 1912
7471 7468
7471 1912
7471 1910
7472 1900
7472 81
7473 81
7473 7468
7474 80
7474 1910
7475 80
7475 1912
7476 80
7476 1912
7476 1910
7477 7468
7477 1910
7478 6851
7478 1684
7479 827
7479 829
7480 1670
7480 1671
7480 1673
7481 827
7481 828
7481 851
7482 7483
7482 7484
7485 7484
7485 7486
7487 2006
7487 7483
7487 7488
7489 2006
7489 7486
7490 7488
7490 7486
7491 7492
7491 7488
7493 7492
7493 7494
7493 7488
7495 2006
7495 7483
7496 7483
7496 7488
7497 2065
7497 6958
7498 7499
7498 1695
7500 1695
7500 7499
7500 1097
7501 7502
7501 7503
7501 7504
7505 7499
7505 1097
7506 7502
7506 7504
7507 7503
7507 7504
7508 7509
7508 7503
7510 2072
7510 7503
7510 7509
7511 7509
7511 1254
7511 1256
7512 2072
7512 7503
7513 765
7513 7514
7515 782
7515 7514
7516 7517
7516 782
7518 782
7518 7514
7518 765
7519 7517
7519 782
7519 765
7520 7517
7520 765
7521 7517
7521 122
7522 122
7522 7514
7523 119
7523 124
7524 7517
7524 122
7524 7514
7525 366
7525 1434
7526 1426
7526 1434
7527 188
7527 366
7527 1436
7528 366
7528 1436
7529 188
7529 1436
7530 142
7530 809
7530 7531
7532 809
7532 7531
7533 142
7533 809
7534 7535
7534 7536
7534 7531
7537 7535
7537 7531
7538 6209
7538 3156
7539 6209
7539 3393
7540 3393
7540 135
7541 135
7541 3393
7541 94
7542 3157
7542 3156
7542 7543
7544 3393
7544 94
7545 3131
7545 2155
7546 831
7546 834
7546 832
7547 3156
7547 7543
7548 3886
7548 3131
7548 2155
7549 5795
7549 7550
7551 849
7551 2156
7552 364
7552 2156
7553 3885
7553 3131
7554 178
7554 174
7555 171
7555 174
7556 3130
7556 3885
7556 3131
7557 7558
7557 7559
7557 7560
7561 7559
7561 7560
7562 7560
7562 4679
7563 3886
7563 2155
7564 171
7564 176
7565 7566
7565 7560
7565 4679
7567 171
7567 182
7567 176
7568 182
7568 176
7569 1894
7569 7570
7571 2911
7571 1119
7572 1894
7572 7570
7572 1897
7573 1726
7573 6067
7574 1726
7574 6067
7574 1741
7575 7576
7575 7577
7575 2491
7578 7579
7578 7580
7578 1918
7581 7579
7581 7580
7582 7580
7582 1885
7582 1940
7583 1735
7583 147
7584 5832
7584 6265
7584 7585
7586 7587
7586 319
7588 6067
7588 147
7589 7587
7589 2410
7590 2233
7590 2175
7590 2231
7591 2175
7591 2231
7592 7593
7592 7579
7594 241
7594 2231
7595 230
7595 227
7595 228
7596 227
7596 241
7596 2231
7597 2729
7597 7593
7598 2173
7598 2231
7599 2233
7599 2173
7600 2233
7600 2175
7601 2233
7601 2173
7601 2231
7602 7209
7602 832
7603 319
7603 3869
7603 171
7604 319
7604 3869
7605 7606
7605 7607
7608 3972
7608 7607
7609 2807
7609 7610
7611 7606
7611 3972
7611 7607
7612 3972
7612 7610
7613 2939
7613 2990
7613 7606
7614 7615
7614 113
7614 7616
7617 7615
7617 7616
7618 3972
7618 7606
7618 7610
7619 113
7619 307
7620 114
7620 954
7620 814
7621 113
7621 114
7621 307
7622 7606
7622 7610
7623 7615
7623 114
7624 7615
7624 307
7625 113
7625 7616
7626 7615
7626 114
7626 307
7627 304
7627 5071
7627 7628
7629 5071
7629 7628
7630 364
7630 5071
7630 767
7631 364
7631 5071
7632 5071
7632 767
7633 284
7633 287
7633 304
7634 304
7634 7628
7635 304
7635 5071
7635 7636
7637 5071
7637 7636
7638 304
7638 7636
7639 419
7639 431
7640 7641
7640 429
7640 997
7642 431
7642 997
7643 1007
7643 1009
7643 7641
7644 1007
7644 7641
7645 1009
7645 7641
7646 429
7646 7641
7647 429
7647 997
7648 7641
7648 431
7648 997
7649 431
7649 7641
7650 329
7650 223
7651 2933
7651 350
7652 7653
7652 3174
7652 329
7654 3174
7654 329
7655 7653
7655 329
7656 3174
7656 7657
7656 795
7658 3174
7658 7657
7659 649
7659 2933
7659 350
7660 2920
7660 1141
7660 1150
7661 330
7661 224
7662 329
7662 223
7662 224
7663 7277
7663 3157
7664 7277
7664 7665
7664 7543
7666 7665
7666 7543
7667 7277
7667 7543
7668 355
7668 359
7668 7665
7669 359
7669 7665
7670 355
7670 7665
7671 359
7671 345
7671 351
7672 579
7672 5635
7673 7277
7673 7665
7673 3157
7674 7665
7674 3157
7675 1141
7675 1145
7676 1140
7676 1141
7676 1145
7677 4652
7677 7678
7677 7679
7680 4652
7680 7679
7681 7682
7681 1423
7683 7682
7683 408
7683 1423
7684 7685
7684 406
7686 7685
7686 387
7686 406
7687 408
7687 406
7687 366
7688 7685
7688 387
7689 386
7689 7690
7689 1423
7691 7682
7691 408
7692 386
7692 7690
7693 1423
7693 7690
7694 652
7694 696
7695 440
7695 652
7695 696
7696 440
7696 691
7697 652
7697 691
7698 448
7698 652
7699 451
7699 652
7700 7701
7700 267
7702 440
7702 696
7703 4130
7703 4147
7704 3950
7704 869
7704 913
7705 649
7705 257
7706 4652
7706 7678
7707 4548
7707 572
7708 7679
7708 7327
7708 2437
7709 7710
7709 7711
7712 7713
7712 7711
7714 7715
7714 7713
7716 7717
7716 7715
7716 7713
7718 7715
7718 7719
7718 6900
7720 7717
7720 7713
7721 7715
7721 6900
7722 7715
7722 7719
7723 7710
7723 7711
7723 7713
7724 468
7724 469
7725 7040
7725 497
7726 3378
7726 3379
7726 3384
7727 495
7727 823
7728 7040
7728 497
7728 42
7729 495
7729 7040
7729 823
7730 7040
7730 823
7731 2223
7731 790
7732 3379
7732 3299
7733 822
7733 823
7734 2223
7734 790
7734 94
7735 419
7735 418
7736 7737
7736 7738
7736 7385
7739 7738
7739 7737
7740 1597
7740 7738
7741 1597
7741 7742
7743 6800
7743 364
7744 1597
7744 7738
7744 7742
7745 6800
7745 954
7745 364
7746 6800
7746 954
7747 527
7747 522
7748 527
7748 525
7749 1080
7749 7750
7751 7752
7751 3718
7753 1080
7753 56
7753 7750
7754 56
7754 7750
7755 1107
7755 56
7756 3717
7756 7752
7757 3717
7757 7752
7757 3718
7758 1408
7758 1410
7759 7760
7759 7752
7759 6440
7761 7760
7761 7752
7762 5587
7762 7760
7763 3713
7763 5587
7764 1114
7764 1423
7764 558
7765 1112
7765 556
7766 1114
7766 558
7767 1423
7767 558
7768 560
7768 1110
7769 560
7769 1115
7769 1110
7770 1112
7770 1110
7770 366
7771 560
7771 1115
7772 1423
7772 556
7773 1112
7773 1423
7773 556
7774 7775
7774 7776
7774 1699
7777 7775
7777 7776
7778 7776
7778 597
7779 1163
7779 597
7780 7775
7780 1164
7781 7775
7781 1166
7782 7776
7782 1699
7783 7775
7783 1164
7783 1166
7784 596
7784 594
7785 1163
7785 7776
7785 597
7786 7787
7786 610
7788 7789
7788 7787
7788 610
7790 7791
7790 140
7790 7787
7792 7789
7792 610
7793 1884
7793 620
7793 1709
7794 7791
7794 618
7795 1884
7795 620
7796 620
7796 1709
7797 1709
7797 618
7798 7791
7798 1709
7798 618
7799 364
7799 7800
7801 31
7801 364
7801 7800
7802 633
7802 630
7802 631
7803 31
7803 7800
7804 27
7804 7805
7804 814
7806 7800
7806 7807
7808 27
7808 7805
7809 7805
7809 814
7810 7805
7810 7807
7811 7800
7811 7805
7811 7807
7812 7813
7812 7814
7815 7813
7815 2247
7815 7814
7816 6468
7816 7817
7816 7818
7819 7820
7819 3542
7821 7820
7821 3547
7822 7820
7822 3547
7822 3542
7823 7814
7823 3542
7824 7814
7824 3547
7825 7814
7825 3547
7825 3542
7826 7813
7826 2247
7827 7828
7827 7829
7830 7831
7830 7828
7830 7829
7832 649
7832 969
7832 7833
7834 7831
7834 7835
7836 7831
7836 7833
7837 7831
7837 7835
7837 7833
7838 7828
7838 7835
7839 7828
7839 7833
7840 7828
7840 7835
7840 7833
7841 7831
7841 7829
7842 5902
7842 627
7842 7843
7844 374
7844 411
7845 5902
7845 627
7846 627
7846 7843
7847 7848
7847 7843
7849 7848
7849 7850
7849 7843
7851 1485
7851 7848
7851 7852
7853 7850
7853 7843
7854 1485
7854 7848
7855 7848
7855 7852
7856 1224
7856 1233
7857 1224
7857 1234
7858 661
7858 1233
7859 7860
7859 662
7859 658
7861 7860
7861 661
7861 1233
7862 7860
7862 1233
7863 661
7863 662
7863 658
7864 661
7864 658
7865 7860
7865 658
7866 7860
7866 662
7867 686
7867 2118
7867 986
7868 686
7868 2118
7869 704
7869 709
7869 705
7870 703
7870 705
7871 704
7871 135
7872 969
7872 704
7872 135
7873 709
7873 705
7874 704
7874 709
7875 36
7875 705
7876 34
7876 705
7877 36
7877 34
7877 705
7878 969
7878 704
7879 758
7879 704
7880 758
7880 704
7880 705
7881 2514
7881 75
7882 2514
7882 85
7882 75
7883 78
7883 75
7883 76
7884 2514
7884 85
7885 752
7885 704
7885 705
7886 758
7886 705
7887 752
7887 705
7888 752
7888 704
7889 1367
7889 6905
7889 1421
7890 7891
7890 1265
7892 107
7892 99
7893 109
7893 99
7893 107
7894 2594
7894 7895
7894 7896
7897 109
7897 99
7898 2594
7898 7896
7899 7895
7899 7896
7900 3189
7900 7895
7901 2593
7901 3189
7901 7895
7902 2593
7902 3189
7902 2594
7903 2593
7903 7895
7904 1053
7904 5446
7905 5364
7905 1053
7906 6581
7906 6579
7907 6002
7907 23
7908 1355
7908 1359
7909 2770
7909 1354
7909 7910
7911 772
7911 773
7912 772
7912 774
7913 2770
7913 777
7913 769
7914 773
7914 2767
7915 2770
7915 1354
7916 1354
7916 7910
7917 769
7917 7910
7918 777
7918 7910
7919 2770
7919 777
7920 777
7920 769
7920 7910
7921 6581
7921 6584
7922 7923
7922 949
7924 5239
7924 2468
7924 2648
7925 6588
7925 3596
7926 5845
7926 5841
7927 1114
7927 350
7927 3717
7928 6605
7928 6599
7929 4279
7929 6830
7930 7931
7930 2946
7932 31
7932 553
7933 173
7933 7931
7933 2979
7934 7931
7934 2979
7935 173
7935 2979
7936 7931
7936 181
7936 169
7937 7931
7937 169
7938 1504
7938 969
7938 729
7939 7177
7939 3148
7940 2979
7940 2947
7941 173
7941 7931
7941 2946
7942 5845
7942 5841
7942 5842
7943 7179
7943 3148
7944 5254
7944 720
7944 721
7945 5254
7945 720
7946 7947
7946 1709
7948 7947
7948 153
7949 7950
7949 138
7951 1709
7951 7947
7951 153
7952 151
7952 7953
7954 140
7954 137
7954 138
7955 151
7955 137
7955 7953
7956 137
7956 7953
7957 679
7957 1421
7958 1367
7958 679
7958 1421
7959 969
7959 986
7960 969
7960 729
7961 7950
7961 1709
7961 138
7962 7950
7962 1709
7963 350
7963 2223
7963 494
7964 1367
7964 679
7965 843
7965 839
7966 837
7966 841
7966 843
7967 7968
7967 2739
7969 7968
7969 2738
7970 841
7970 4076
7971 7968
7971 2738
7971 2739
7972 841
7972 7968
7972 4076
7973 841
7973 7968
7974 837
7974 841
7975 837
7975 843
7976 2467
7976 2648
7977 1521
7977 1507
7978 7979
7978 251
7980 251
7980 7981
7982 157
7982 7981
7983 2503
7983 157
7983 7981
7984 247
7984 251
7985 249
7985 247
7985 251
7986 7979
7986 251
7986 7981
7987 249
7987 247
7988 249
7988 250
7989 250
7989 251
7990 1412
7990 1410
7991 4279
7991 7104
7992 7993
7992 3701
7994 7995
7994 135
7996 7995
7996 94
7997 928
7997 293
7998 135
7998 7995
7998 94
7999 928
7999 7995
7999 293
8000 7995
8000 293
8001 7995
8001 291
8002 928
8002 291
8003 285
8003 293
8004 928
8004 7995
8004 291
8005 944
8005 8006
8005 2762
8007 944
8007 8006
8008 937
8008 944
8009 937
8009 946
8010 8006
8010 1794
8011 8006
8011 1792
8012 944
8012 2762
8013 8006
8013 1794
8013 1792
8014 946
8014 939
8015 937
8015 946
8015 944
8016 8017
8016 320
8018 320
8018 8019
8020 956
8020 8019
8021 956
8021 6275
8021 8019
8022 8017
8022 956
8022 6275
8023 6275
8023 8019
8024 8017
8024 6275
8025 8017
8025 956
8026 8017
8026 320
8026 8019
8027 319
8027 313
8028 7701
8028 2582
8029 7701
8029 6748
8029 2582
8030 1448
8030 3676
8031 3676
8031 2582
8032 9
8032 970
8033 969
8033 970
8034 8035
8034 8036
8034 972
8037 8035
8037 972
8038 8036
8038 972
8039 7261
8039 7262
8039 8035
8040 7261
8040 8035
8041 7262
8041 8035
8042 7261
8042 7262
8042 8036
8043 7261
8043 8036
8044 7710
8044 8045
8046 7701
8046 266
8046 267
8047 5658
8047 4280
8048 6748
8048 2582
8049 1285
8049 2224
8050 4093
8050 1601
8050 1614
8051 2468
8051 2469
8052 417
8052 4093
8053 417
8053 8054
8055 999
8055 171
8056 417
8056 4093
8056 8054
8057 999
8057 1011
8057 171
8058 203
8058 205
8059 996
8059 1001
8060 996
8060 171
8061 8062
8061 5578
8063 8062
8063 1017
8064 1020
8064 1017
8065 1020
8065 1016
8065 1017
8066 182
8066 441
8067 182
8067 443
8067 441
8068 8062
8068 1017
8068 5578
8069 443
8069 441
8070 443
8070 444
8071 182
8071 444
8072 2467
8072 2469
8073 1461
8073 1376
8074 1461
8074 1375
8074 1376
8075 4924
8075 386
8076 4070
8076 4924
8077 4070
8077 4924
8077 386
8078 1461
8078 1375
8079 479
8079 472
8079 477
8080 4780
8080 464
8081 4780
8081 477
8082 4780
8082 464
8082 477
8083 797
8083 794
8083 795
8084 503
8084 2052
8085 506
8085 503
8085 504
8086 2042
8086 508
8087 2042
8087 504
8088 2042
8088 508
8088 504
8089 2051
8089 506
8090 2051
8090 503
8091 2051
8091 503
8091 506
8092 506
8092 2052
8093 4279
8093 6830
8093 7104
8094 1061
8094 1063
8095 5050
8095 1060
8095 5062
8096 5050
8096 1060
8097 1060
8097 5062
8098 1065
8098 5050
8098 5062
8099 1065
8099 5050
8100 1065
8100 5062
8101 4550
8101 135
8101 153
8102 4550
8102 153
8103 4550
8103 135
8104 4550
8104 544
8104 3161
8105 544
8105 3161
8106 205
8106 8107
8108 4550
8108 4571
8108 3161
8109 4571
8109 3161
8110 4550
8110 4571
8111 205
8111 8107
8111 2309
8112 1126
8112 8113
8112 1718
8114 1125
8114 1120
8115 1125
8115 8113
8116 1125
8116 8113
8116 1718
8117 1126
8117 1718
8118 1126
8118 8113
8119 8113
8119 1710
8120 1714
8120 8113
8121 1714
8121 8113
8121 1710
8122 1125
8122 1718
8123 3729
8123 1633
8124 8125
8124 578
8126 8127
8126 578
8128 1153
8128 8127
8129 5196
8129 1153
8129 8127
8130 5196
8130 1153
8130 8125
8131 5196
8131 8127
8132 5196
8132 8125
8133 1153
8133 8125
8134 8125
8134 8127
8134 578
8135 574
8135 579
8136 1173
8136 275
8137 1789
8137 1173
8138 274
8138 1784
8138 275
8139 1784
8139 275
8140 1172
8140 1173
8140 1176
8141 1173
8141 1176
8142 1172
8142 1176
8143 1789
8143 1173
8143 275
8144 1173
8144 1174
8145 1172
8145 1174
8146 1191
8146 1423
8147 1191
8147 1423
8147 6443
8148 6442
8148 366
8148 6443
8149 6446
8149 1187
8150 6442
8150 1187
8151 6446
8151 6442
8151 1187
8152 2223
8152 1192
8153 1423
8153 1192
8154 1423
8154 2223
8154 1192
8155 1191
8155 6443
8156 8157
8156 646
8156 4927
8158 319
8158 641
8159 2395
8159 2401
8160 2400
8160 2395
8161 8162
8161 4927
8163 8164
8163 4927
8165 8162
8165 4927
8165 8164
8166 8157
8166 8162
8167 8157
8167 8164
8168 8157
8168 8162
8168 8164
8169 624
8169 319
8170 8157
8170 646
8171 6320
8171 1821
8172 992
8172 1521
8173 1455
8173 1456
8174 1456
8174 1457
8175 1894
8175 5832
8176 4254
8176 801
8177 1873
8177 1877
8178 1875
8178 1871
8178 1877
8179 8180
8179 3013
8179 3014
8181 1875
8181 1231
8182 1225
8182 1230
8182 3668
8183 1225
8183 3668
8184 1230
8184 3668
8185 1875
8185 1871
8186 1871
8186 1877
8187 1875
8187 1231
8187 3668
8188 4457
8188 3291
8189 8190
8189 1894
8191 1894
8191 1897
8191 1895
8192 8190
8192 1894
8192 1897
8193 8190
8193 1897
8194 8190
8194 6792
8195 6792
8195 1895
8196 6793
8196 6798
8197 8190
8197 6792
8197 1895
8198 6792
8198 6793
8198 6798
8199 6792
8199 6798
8200 4261
8200 4254
8201 1247
8201 86
8202 1247
8202 88
8202 86
8203 698
8203 88
8204 711
8204 698
8204 88
8205 698
8205 699
8205 701
8206 711
8206 88
8207 364
8207 350
8207 86
8208 1247
8208 88
8209 350
8209 86
8210 364
8210 86
8211 8212
8211 1598
8213 8214
8213 1598
8215 1597
8215 1039
8216 97
8216 735
8216 95
8217 97
8217 734
8218 734
8218 95
8219 8214
8219 8212
8219 1598
8220 2223
8220 95
8221 94
8221 2223
8221 95
8222 1040
8222 1598
8223 1089
8223 1279
8224 4093
8224 1614
8225 649
8225 762
8226 31
8226 649
8226 762
8227 27
8227 1346
8228 9
8228 1346
8229 27
8229 9
8229 1346
8230 762
8230 1344
8231 1346
8231 1344
8232 762
8232 1346
8232 1344
8233 762
8233 1347
8234 1346
8234 1347
8235 5530
8235 8236
8235 8237
8238 8239
8238 8236
8240 6500
8240 8239
8240 8236
8241 1602
8241 1612
8242 7211
8242 8237
8243 5357
8243 1
8244 7211
8244 316
8244 8237
8245 8246
8245 8247
8245 8248
8249 8247
8249 8248
8250 5530
8250 8236
8251 8246
8251 1358
8251 1369
8252 8246
8252 1369
8253 8246
8253 1358
8254 8246
8254 8248
8255 8247
8255 1358
8255 1369
8256 8247
8256 1369
8257 8247
8257 1358
8258 3191
8258 6436
8258 2035
8259 6686
8259 8236
8260 8261
8260 4199
8260 4202
8262 8261
8262 4199
8263 8261
8263 8264
8265 8264
8265 8266
8267 3249
8267 8268
8269 8261
8269 8264
8269 8266
8270 3249
8270 8264
8270 8268
8271 3249
8271 8264
8272 1384
8272 983
8273 1384
8273 1382
8274 1455
8274 8275
8276 8277
8276 5759
8278 8164
8278 8279
8278 8280
8281 4805
8281 2900
8282 8164
8282 8280
8283 654
8283 655
8283 5181
8284 171
8284 2499
8285 2498
8285 171
8285 3020
8286 1410
8286 3010
8287 8164
8287 8279
8288 1410
8288 799
8288 3010
8289 1410
8289 799
8290 484
8290 490
8291 8280
8291 3813
8291 3811
8292 1629
8292 1633
8293 3967
8293 3847
8294 109
8294 2223
8295 8296
8295 8297
8298 3847
8298 3968
8299 813
8299 818
8299 8300
8301 818
8301 8300
8302 813
8302 8300
8303 818
8303 819
8303 366
8304 819
8304 8305
8306 1423
8306 814
8306 8307
8308 1423
8308 8307
8309 814
8309 8307
8310 819
8310 8305
8310 1423
8311 1423
8311 8305
8312 1638
8312 386
8312 1630
8313 1452
8313 2700
8314 2714
8314 1450
8314 2700
8315 1452
8315 2714
8315 2700
8316 1452
8316 2714
8317 319
8317 2741
8317 1478
8318 319
8318 2741
8319 2714
8319 1450
8320 1450
8320 2700
8321 3066
8321 3071
8322 1452
8322 1447
8323 1447
8323 904
8324 3373
8324 4581
8325 3378
8325 4218
8326 4605
8326 4603
8327 4215
8327 4219
8327 4090
8328 4607
8328 654
8328 4605
8329 4215
8329 4219
8330 3071
8330 27
8331 4218
8331 4219
8332 872
8332 8296
8332 4937
8333 4218
8333 4090
8334 6982
8334 14
8335 872
8335 8297
8336 1455
8336 1114
8336 94
8337 4291
8337 4293
8338 4306
8338 4298
8338 2023
8339 4292
8339 3290
8340 140
8340 969
8340 5224
8341 140
8341 5224
8342 969
8342 5224
8343 5717
8343 4859
8343 892
8344 5717
8344 892
8345 5717
8345 4859
8346 881
8346 877
8346 892
8347 881
8347 892
8348 3290
8348 4293
8348 5758
8349 140
8349 5223
8350 5215
8350 5223
8351 6576
8351 1482
8352 8353
8352 6575
8352 2127
8354 8353
8354 2127
8355 8353
8355 6575
8356 6575
8356 6576
8356 2127
8357 6576
8357 2127
8358 8353
8358 6576
8358 1482
8359 8353
8359 1482
8360 140
8360 8361
8360 4324
8362 8296
8362 4937
8363 1455
8363 94
8364 8365
8364 8366
8367 8365
8367 8361
8368 8365
8368 8361
8368 8366
8369 2149
8369 1818
8370 2148
8370 1818
8371 2149
8371 5427
8372 27
8372 8373
8374 1511
8374 2149
8374 5427
8375 1511
8375 2149
8376 1511
8376 1512
8376 1509
8377 1511
8377 1509
8378 1511
8378 2148
8379 8373
8379 1709
8380 909
8380 1419
8380 915
8381 27
8381 8373
8381 1709
8382 917
8382 922
8383 917
8383 923
8384 922
8384 1530
8384 1526
8385 922
8385 1530
8386 922
8386 1526
8387 4322
8387 4324
8388 923
8388 1530
8389 923
8389 1526
8390 25
8390 350
8390 1530
8391 25
8391 1530
8392 8393
8392 934
8392 938
8394 8393
8394 934
8395 8393
8395 938
8396 5369
8396 934
8396 938
8397 1554
8397 1558
8398 1560
8398 8393
8398 5369
8399 1560
8399 8393
8400 1560
8400 5369
8401 1554
8401 1558
8401 1560
8402 1554
8402 1560
8403 949
8403 954
8404 386
8404 949
8405 8406
8405 63
8405 60
8407 62
8407 948
8408 8406
8408 948
8409 62
8409 8406
8409 948
8410 62
8410 60
8411 62
8411 63
8411 60
8412 8406
8412 63
8413 8406
8413 60
8414 4435
8414 4431
8414 3122
8415 4431
8415 3122
8416 171
8416 8417
8416 1612
8418 8417
8418 1612
8419 171
8419 1612
8420 1609
8420 6697
8420 171
8421 1609
8421 6697
8422 1609
8422 171
8423 1600
8423 8424
8423 3172
8425 1600
8425 3172
8426 1600
8426 8424
8427 171
8427 3171
8427 3172
8428 1028
8428 7144
8429 1028
8429 7144
8429 5585
8430 7144
8430 8431
8430 5585
8432 1021
8432 5584
8433 1021
8433 8431
8434 1021
8434 5584
8434 8431
8435 1029
8435 5585
8436 7144
8436 1029
8437 7144
8437 1029
8437 5585
8438 1028
8438 5585
8439 1730
8439 1832
8439 1843
8440 7191
8440 1633
8441 7191
8441 7188
8441 1633
8442 8443
8442 1234
8442 1233
8444 1034
8444 7188
8445 1034
8445 7188
8445 3165
8446 1033
8446 1034
8446 1036
8447 7188
8447 3165
8448 1034
8448 3165
8448 7191
8449 1233
8449 5958
8449 1234
8450 849
8450 4578
8450 135
8451 1034
8451 7191
8452 1233
8452 5958
8453 5958
8453 8454
8455 1230
8455 8454
8456 8443
8456 6968
8457 3880
8457 5446
8458 5958
8458 1230
8458 8454
8459 8443
8459 6968
8459 8454
8460 4937
8460 8461
8462 8463
8462 604
8464 6968
8464 8454
8465 8297
8465 8461
8466 3455
8466 4435
8467 3455
8467 3450
8468 469
8468 7219
8468 8469
8470 266
8470 2420
8470 267
8471 6851
8471 1684
8471 1671
8472 6851
8472 1671
8473 3460
8473 153
8474 25
8474 3460
8475 3453
8475 3450
8476 25
8476 3460
8476 153
8477 1101
8477 6765
8478 1101
8478 1692
8478 6765
8479 8480
8479 1692
8481 8480
8481 6765
8482 8480
8482 1692
8482 6765
8483 1942
8483 1103
8484 8480
8484 1103
8485 8480
8485 1942
8485 1103
8486 1101
8486 1102
8487 1102
8487 1103
8488 1256
8488 6794
8489 265
8489 266
8490 1735
8490 6067
8490 147
8491 145
8491 149
8492 1720
8492 1713
8493 1720
8493 140
8494 6067
8494 1741
8495 1119
8495 2349
8496 2349
8496 2344
8497 149
8497 1735
8498 6067
8498 149
8499 1717
8499 767
8499 140
8500 2911
8500 1119
8500 2349
8501 1717
8501 767
8502 265
8502 267
8503 1133
8503 1097
8504 27
8504 1133
8505 2378
8505 6836
8506 2378
8506 6833
8507 5196
8507 1694
8507 969
8508 31
8508 1134
8509 1134
8509 1279
8510 649
8510 2933
8511 2920
8511 1150
8512 2920
8512 1141
8513 5196
8513 1694
8514 5196
8514 969
8515 366
8515 1768
8516 135
8516 366
8516 1768
8517 6450
8517 8518
8517 1183
8519 135
8519 1768
8520 6450
8520 8518
8521 8518
8521 1183
8522 1186
8522 1183
8523 1186
8523 1182
8523 1183
8524 7678
8524 7327
8525 2433
8525 2437
8525 2429
8526 7678
8526 7327
8526 2437
8527 7678
8527 2437
8528 7679
8528 2437
8529 7679
8529 7327
8530 1770
8530 1771
8531 366
8531 1771
8532 3310
8532 410
8533 3310
8533 8534
8535 3310
8535 8534
8535 410
8536 373
8536 3301
8537 1203
8537 1200
8537 1201
8538 8534
8538 316
8539 8534
8539 1200
8540 8534
8540 1200
8540 316
8541 3310
8541 3301
8542 3310
8542 373
8542 3301
8543 4901
8543 1448
8544 1052
8544 8545
8546 4901
8546 265
8547 2113
8547 1656
8548 1730
8548 1843
8549 5364
8549 1053
8549 5446
8550 4901
8550 265
8550 1448
8551 992
8551 2113
8552 4902
8552 2420
8553 8554
8553 4701
8553 5403
8555 1879
8555 2747
8556 1888
8556 1881
8556 1870
8557 1879
8557 1888
8557 2747
8558 1888
8558 2747
8559 2747
8559 2456
8560 2751
8560 2456
8561 2458
8561 2751
8562 2747
8562 2751
8562 2456
8563 2458
8563 2747
8563 2751
8564 2458
8564 2747
8565 2992
8565 8566
8565 4701
8567 1243
8567 1260
8568 1243
8568 78
8568 1260
8569 1242
8569 1910
8570 1910
8570 1260
8571 1242
8571 1910
8571 1260
8572 1912
8572 94
8573 1912
8573 814
8574 1912
8574 814
8574 94
8575 1906
8575 1910
8576 1906
8576 1912
8577 44
8577 204
8577 1332
8578 44
8578 204
8579 204
8579 1332
8580 44
8580 203
8580 1332
8581 44
8581 203
8582 203
8582 1332
8583 4137
8583 13
8584 6755
8584 171
8585 4663
8585 2002
8585 2003
8586 13
8586 14
8586 6983
8587 2002
8587 8588
8589 6755
8589 171
8589 2409
8590 4700
8590 4701
8591 1645
8591 1646
8592 3227
8592 1923
8593 1934
8593 8594
8593 1930
8595 1934
8595 8594
8596 8594
8596 1930
8597 3225
8597 8594
8598 3225
8598 1923
8599 3227
8599 1923
8599 8594
8600 3227
8600 8594
8601 3227
8601 3217
8602 3225
8602 1923
8602 8594
8603 4700
8603 2992
8604 4152
8604 4156
8605 7331
8605 320
8606 4152
8606 2000
8606 4156
8607 171
8607 7331
8608 8609
8608 1952
8610 4975
8610 8609
8611 4975
8611 4976
8612 1957
8612 1951
8612 4976
8613 4974
8613 4975
8614 1951
8614 4976
8615 1957
8615 4976
8616 8566
8616 163
8617 4975
8617 8609
8617 1952
8618 8619
8618 4488
8618 4489
8620 8621
8620 4488
8622 8619
8622 4488
8623 8619
8623 4489
8624 8625
8624 316
8626 8625
8626 3117
8626 316
8627 1301
8627 1303
8627 1287
8628 8625
8628 3117
8629 1448
8629 3676
8629 2582
8630 2239
8630 969
8631 8621
8631 4489
8632 8621
8632 4488
8632 4489
8633 728
8633 1218
8633 723
8634 1217
8634 350
8635 728
8635 1218
8636 723
8636 1218
8637 1307
8637 1218
8638 1217
8638 1307
8639 1217
8639 1504
8640 1217
8640 1504
8640 350
8641 1217
8641 1307
8641 1218
8642 1218
8642 1219
8643 1114
8643 8644
8645 735
8645 95
8646 3066
8646 3072
8647 2581
8647 1448
8648 3071
8648 1114
8649 3071
8649 1114
8649 27
8650 31
8650 3072
8650 2223
8651 31
8651 3072
8652 3072
8652 2223
8653 1314
8653 1279
8654 969
8654 1314
8654 1279
8655 8644
8655 767
8656 8657
8656 8658
8656 749
8659 749
8659 8660
8661 8657
8661 749
8662 8657
8662 8658
8663 8658
8663 8664
8665 8658
8665 8664
8665 1337
8666 1335
8666 1336
8666 8664
8667 8658
8667 1337
8668 1335
8668 8664
8669 1336
8669 8664
8670 8671
8670 8672
8673 2018
8673 8674
8675 2018
8675 2026
8675 2031
8676 2018
8676 2026
8676 8674
8677 2026
8677 8674
8678 8674
8678 2564
8679 2031
8679 2564
8680 2567
8680 2562
8681 2031
8681 8674
8681 2564
8682 2567
8682 2564
8682 2562
8683 2567
8683 2564
8684 1166
8684 1695
8685 1114
8685 3717
8686 2461
8686 7351
8687 8671
8687 1333
8688 2578
8688 2584
8689 2575
8689 2584
8690 8691
8690 1088
8690 8609
8692 2586
8692 2575
8693 8694
8693 3107
8693 513
8695 2578
8695 2586
8695 2575
8696 2578
8696 2586
8697 8694
8697 2048
8697 2044
8698 8694
8698 2044
8699 8694
8699 3107
8700 3107
8700 513
8701 1534
8701 1535
8701 2309
8702 3117
8702 117
8703 4411
8703 5317
8704 8671
8704 1534
8704 1333
8705 7483
8705 7484
8705 7486
8706 4411
8706 5317
8706 7484
8707 4411
8707 7484
8708 4411
8708 4412
8709 7701
8709 266
8710 4410
8710 5317
8710 7484
8711 803
8711 806
8712 1433
8712 804
8712 8713
8714 1424
8714 8713
8715 1428
8715 8713
8716 1433
8716 806
8717 1428
8717 1424
8717 8713
8718 1433
8718 806
8718 8713
8719 806
8719 8713
8720 804
8720 8713
8721 1433
8721 804
8722 8417
8722 8723
8722 316
8724 8417
8724 8723
8725 8723
8725 316
8726 8727
8726 8417
8726 8728
8729 2103
8729 2110
8730 3831
8730 2106
8730 8723
8731 2106
8731 8723
8732 3831
8732 2106
8733 2103
8733 2106
8733 2110
8734 2106
8734 2110
8735 6800
8735 6801
8735 161
8736 6801
8736 161
8737 909
8737 224
8738 7580
8738 1940
8739 7580
8739 1885
8740 1076
8740 814
8741 6560
8741 1279
8741 767
8742 2312
8742 4037
8743 4684
8743 4681
8743 6288
8744 4162
8744 4682
8745 4162
8745 6288
8746 4162
8746 6288
8746 4682
8747 8748
8747 7368
8749 4684
8749 4682
8750 4684
8750 4681
8750 4682
8751 350
8751 2131
8752 8753
8752 2133
8752 8754
8755 2182
8755 8754
8755 2695
8756 2695
8756 8754
8757 2133
8757 8754
8758 8753
8758 2133
8759 8753
8759 2695
8760 8753
8760 2182
8761 2182
8761 8754
8762 8753
8762 2182
8762 2695
8763 4437
8763 2807
8764 4437
8764 2806
8765 4439
8765 2806
8766 296
8766 301
8767 4439
8767 2806
8767 2807
8768 8769
8768 2873
8770 1884
8770 2806
8770 135
8771 8772
8771 2146
8773 8772
8773 2873
8774 299
8774 8769
8775 299
8775 8772
8776 8769
8776 2146
8776 2873
8777 4439
8777 2807
8778 2806
8778 135
8779 2806
8779 1884
8780 3572
8780 6370
8781 2183
8781 2687
8781 2692
8782 2183
8782 2692
8783 2990
8783 7606
8784 2939
8784 7606
8785 4435
8785 3122
8786 8787
8786 2401
8788 6575
8788 8789
8788 8790
8791 8787
8791 8789
8791 2401
8792 8789
8792 2401
8793 2191
8793 2692
8794 2191
8794 2687
8795 2183
8795 2687
8796 2191
8796 2687
8796 2692
8797 988
8797 989
8798 989
8798 990
8799 1573
8799 1574
8800 1572
8800 1573
8801 8802
8801 988
8801 990
8803 8802
8803 988
8804 8802
8804 2194
8805 2194
8805 989
8806 2155
8806 1570
8807 2156
8807 1570
8808 2250
8808 2247
8809 2250
8809 2246
8809 2247
8810 1572
8810 2156
8811 1572
8811 2155
8811 2156
8812 2156
8812 2155
8812 1570
8813 1572
8813 2155
8814 2204
8814 8815
8816 1694
8816 969
8816 2360
8817 2204
8817 2212
8817 8815
8818 2212
8818 8815
8819 8815
8819 8820
8821 2217
8821 8820
8822 6374
8822 8823
8824 2217
8824 8815
8824 8820
8825 6374
8825 8823
8825 8820
8826 8823
8826 8820
8827 3453
8827 4435
8828 1694
8828 2360
8829 2378
8829 6833
8829 6836
8830 1748
8830 1097
8831 31
8831 1279
8831 1765
8832 1279
8832 1765
8833 649
8833 589
8834 4284
8834 1586
8835 161
8835 8212
8836 2648
8836 3962
8837 3348
8837 161
8838 3348
8838 3169
8838 161
8839 3347
8839 3348
8839 533
8840 4283
8840 1586
8841 6800
8841 8214
8841 161
8842 6800
8842 8212
8843 6800
8843 8214
8844 8214
8844 161
8845 1172
8845 9
8845 10
8846 1789
8846 1785
8847 1172
8847 9
8848 8849
8848 4004
8850 2269
8850 4004
8851 4007
8851 4002
8852 2269
8852 8849
8852 4004
8853 2257
8853 8849
8854 2257
8854 2253
8854 2269
8855 2257
8855 2253
8855 8849
8856 2253
8856 8849
8857 4283
8857 4284
8857 1589
8858 4007
8858 4002
8858 4004
8859 4007
8859 4004
8860 1642
8860 1629
8861 1642
8861 1629
8861 1632
8862 8863
8862 3735
8864 8863
8864 1642
8865 8863
8865 1642
8865 3735
8866 1499
8866 1502
8866 1500
8867 8868
8867 1642
8869 8868
8869 1642
8869 3735
8870 168
8870 8863
8871 168
8871 8868
8872 4284
8872 1589
8873 1516
8873 1532
8874 2575
8874 2590
8875 1660
8875 1666
8876 1665
8876 1660
8877 4283
8877 1589
8878 5427
8878 10
8879 5427
8879 135
8879 10
8880 2227
8880 1661
8881 1661
8881 4379
8882 2227
8882 1661
8882 4379
8883 1665
8883 2227
8884 1665
8884 4379
8885 1665
8885 2227
8885 4379
8886 171
8886 2296
8886 8887
8888 8887
8888 2296
8889 2661
8889 4284
8889 2664
8890 3979
8890 2291
8891 171
8891 1916
8891 1920
8892 3979
8892 1916
8892 2291
8893 1916
8893 2291
8894 3
8894 2297
8895 171
8895 2297
8896 171
8896 2296
8897 171
8897 3
8897 2297
8898 3634
8898 3962
8899 4284
8899 2664
8900 1821
8900 1811
8900 1812
8901 1681
8901 1406
8902 1681
8902 1070
8903 1677
8903 1406
8903 1070
8904 1677
8904 1406
8905 1670
8905 954
8906 1670
8906 135
8907 2661
8907 4284
8908 8909
8908 2251
8910 2064
8910 5666
8911 5666
8911 7760
8912 3713
8912 5666
8912 7760
8913 988
8913 1704
8914 988
8914 1704
8914 990
8915 988
8915 990
8915 1697
8916 8917
8916 2064
8918 990
8918 1697
8919 988
8919 1697
8920 1884
8920 1785
8921 649
8921 1884
8921 1785
8922 2320
8922 274
8922 2322
8923 8917
8923 2064
8923 6958
8924 2896
8924 140
8924 2894
8925 381
8925 2335
8926 2894
8926 2335
8927 381
8927 2894
8927 2335
8928 2338
8928 94
8929 2338
8929 1709
8930 1709
8930 2338
8930 94
8931 2896
8931 2340
8932 1709
8932 2340
8933 2896
8933 1709
8933 2340
8934 8917
8934 6958
8935 1495
8935 7462
8935 6317
8936 3167
8936 6958
8937 1748
8937 8938
8939 1748
8939 8938
8939 1765
8940 8941
8940 2358
8942 8938
8942 2358
8943 8941
8943 1765
8944 1748
8944 8941
8945 1748
8945 8941
8945 1765
8946 8938
8946 1765
8947 8941
8947 8938
8947 2358
8948 2359
8948 2360
8949 1754
8949 7833
8950 1754
8950 7835
8950 7833
8951 6312
8951 6316
8952 2380
8952 774
8953 2380
8953 2366
8953 774
8954 2382
8954 2380
8954 2363
8955 2366
8955 774
8956 7833
8956 7835
8956 1758
8957 1754
8957 7835
8958 7835
8958 1758
8959 7833
8959 1758
8960 9
8960 5519
8961 31
8961 9
8961 5519
8962 1806
8962 1809
8962 1807
8963 31
8963 5519
8964 25
8964 27
8964 5521
8965 8966
8965 5519
8967 27
8967 5521
8968 25
8968 5521
8969 8966
8969 5521
8970 8966
8970 5521
8970 5519
8971 1823
8971 2403
8972 7579
8972 1918
8973 1824
8973 3280
8974 1824
8974 2403
8974 3280
8975 2412
8975 3280
8975 2414
8976 1824
8976 2403
8977 3280
8977 2414
8978 3280
8978 2412
8979 1823
8979 2403
8979 3280
8980 1824
8980 1814
8981 679
8981 677
8982 2729
8982 8983
8984 1532
8984 2353
8985 8986
8985 2423
8987 2423
8987 4612
8988 8986
8988 654
8988 4605
8989 7576
8989 4398
8990 8986
8990 4605
8991 654
8991 2426
8991 4605
8992 654
8992 2426
8993 2426
8993 4605
8994 2729
8994 7593
8994 7579
8995 2426
8995 2424
8996 8986
8996 2423
8996 4612
8997 7374
8997 7377
8998 5727
8998 7377
8998 7374
8999 9000
8999 1858
8999 7374
9001 5727
9001 7377
9002 9000
9002 7374
9003 1858
9003 7374
9004 1848
9004 1858
9005 1848
9005 1858
9005 316
9006 5727
9006 7375
9007 7374
9007 7375
9008 4397
9008 7576
9009 9010
9009 9011
9012 9010
9012 9013
9014 4708
9014 9011
9014 7351
9015 9011
9015 7351
9016 4708
9016 9011
9017 4708
9017 9013
9017 7351
9018 9013
9018 7351
9019 4708
9019 9013
9020 2452
9020 2461
9020 7351
9021 4397
9021 7576
9021 4398
9022 25
9022 5062
9023 386
9023 3356
9023 767
9024 3355
9024 3359
9025 3356
9025 767
9026 386
9026 3356
9027 9028
9027 3355
9029 1899
9029 9028
9029 3355
9030 1900
9030 9028
9030 1901
9031 1899
9031 3355
9032 1900
9032 9028
9033 9028
9033 1901
9034 2729
9034 7579
9034 8983
9035 1948
9035 1943
9036 1943
9036 1949
9037 4959
9037 5786
9037 1944
9038 4959
9038 1949
9039 5786
9039 1949
9040 4959
9040 5786
9040 1949
9041 133
9041 990
9042 1694
9042 133
9042 990
9043 4959
9043 1944
9044 7579
9044 8983
9045 1966
9045 1970
9046 1966
9046 1972
9047 1972
9047 135
9048 350
9048 1972
9048 135
9049 8657
9049 1970
9049 8660
9050 350
9050 1972
9051 8657
9051 1970
9052 1970
9052 8660
9053 8658
9053 8660
9054 8658
9054 749
9054 8660
9055 9056
9055 9057
9058 5204
9058 9057
9059 5204
9059 9056
9059 9057
9060 4670
9060 1326
9061 1994
9061 94
9061 1694
9062 1328
9062 9056
9063 1328
9063 5204
9064 5204
9064 1328
9064 9056
9065 733
9065 7102
9065 1305
9066 4805
9066 1309
9067 4805
9067 7102
9068 4805
9068 1309
9068 7102
9069 9057
9069 1326
9070 9057
9070 4670
9070 1326
9071 1987
9071 553
9071 2984
9072 1986
9072 969
9073 1052
9073 8545
9073 1053
9074 1416
9074 3123
9075 9076
9075 7045
9075 9077
9078 9079
9078 5
9078 6
9080 9077
9080 7045
9081 9082
9081 171
9083 9079
9083 5
9084 9082
9084 1482
9085 3750
9085 9079
9086 778
9086 787
9087 786
9087 778
9088 9089
9088 2559
9088 787
9090 9089
9090 787
9091 2559
9091 787
9092 2556
9092 2558
9092 9089
9093 2556
9093 9089
9094 2558
9094 9089
9095 2556
9095 2558
9095 2559
9096 2556
9096 2559
9097 3750
9097 9079
9097 6
9098 1648
9098 9079
9099 1593
9099 1585
9099 5876
9100 5876
9100 1648
9100 9079
9101 5876
9101 9079
9102 1516
9102 2573
9102 2741
9103 2704
9103 2476
9104 2475
9104 2590
9105 2475
9105 2576
9106 2474
9106 2475
9107 2474
9107 2476
9108 2704
9108 2475
9108 2476
9109 1500
9109 1478
9110 9111
9110 4234
9110 5421
9112 2611
9112 2609
9112 2612
9113 8728
9113 4367
9114 4147
9114 2094
9115 8417
9115 8728
9116 8727
9116 8417
9117 4130
9117 4088
9117 2094
9118 666
9118 6594
9119 668
9119 666
9119 6594
9120 668
9120 6596
9121 666
9121 6596
9122 9123
9122 2078
9124 6958
9124 1279
9125 9126
9125 2073
9127 9126
9127 9123
9127 2073
9128 1694
9128 6154
9129 6958
9129 94
9130 299
9130 8769
9130 8772
9131 6958
9131 1279
9131 94
9132 668
9132 6594
9133 4736
9133 3256
9133 9134
9135 4736
9135 9134
9136 127
9136 9137
9138 3256
9138 127
9138 132
9139 127
9139 132
9139 9137
9140 132
9140 9137
9141 9134
9141 9137
9142 1390
9142 9134
9143 4736
9143 3256
9144 1390
9144 9134
9144 9137
9145 2169
9145 2167
9146 903
9146 894
9146 904
9147 8769
9147 2146
9148 1879
9148 1881
9149 9150
9149 9151
9149 9152
9153 9150
9153 9151
9154 814
9154 2692
9155 969
9155 2692
9156 9157
9156 3619
9158 2706
9158 2709
9158 2707
9159 3621
9159 9157
9159 3619
9160 3621
9160 9157
9161 9151
9161 3621
9162 9151
9162 3619
9163 9150
9163 9152
9164 9151
9164 3621
9164 3619
9165 7891
9165 1264
9166 5349
9166 2607
9167 4397
9167 814
9168 4397
9168 814
9168 10
9169 7891
9169 1263
9169 214
9170 7891
9170 214
9171 3267
9171 214
9172 220
9172 3267
9173 2141
9173 9174
9175 2141
9175 9174
9175 1574
9176 2141
9176 2142
9176 1574
9177 9174
9177 1574
9178 2142
9178 9174
9178 4398
9179 4397
9179 10
9180 2142
9180 4398
9181 9174
9181 4398
9182 5349
9182 2607
9182 2608
9183 2755
9183 1809
9183 1807
9184 2755
9184 1807
9185 2755
9185 1809
9186 27
9186 135
9186 1807
9187 135
9187 1807
9188 27
9188 1807
9189 31
9189 25
9189 1809
9190 25
9190 1809
9191 2753
9191 1807
9192 2753
9192 1809
9193 969
9193 2223
9193 3139
9194 8772
9194 2146
9194 2873
9195 1351
9195 1372
9196 1351
9196 1221
9197 1221
9197 1624
9198 6891
9198 767
9199 2088
9199 362
9200 1222
9200 843
9201 8275
9201 9202
9201 1418
9203 1351
9203 1221
9203 1624
9204 9202
9204 1418
9205 8275
9205 9202
9206 1456
9206 1418
9206 1419
9207 8802
9207 990
9208 1456
9208 1418
9209 506
9209 7013
9210 6336
9210 2799
9210 628
9211 506
9211 7013
9211 319
9212 319
9212 7013
9213 2799
9213 2785
9213 2789
9214 2799
9214 2785
9215 6336
9215 2799
9216 6336
9216 628
9217 4417
9217 3819
9218 4417
9218 3817
9219 5127
9219 309
9219 5128
9220 9221
9220 6014
9222 2230
9222 9221
9222 6014
9223 2169
9223 2243
9223 9221
9224 2230
9224 6014
9225 2169
9225 9221
9226 2243
9226 9221
9227 2243
9227 2231
9228 2233
9228 2243
9228 2231
9229 3983
9229 7307
9230 3983
9230 7307
9230 325
9231 2241
9231 2309
9232 9
9232 1652
9233 1695
9233 1652
9234 2818
9234 2263
9235 9236
9235 2819
9235 2821
9237 9236
9237 2819
9238 9236
9238 2821
9239 2263
9239 2258
9240 2265
9240 2258
9241 2818
9241 9236
9241 2263
9242 9236
9242 2263
9243 3379
9243 9244
9245 2256
9245 2265
9246 2265
9246 2263
9246 2258
9247 8107
9247 1897
9248 2241
9248 1897
9249 872
9249 8296
9249 8297
9250 8107
9250 2241
9250 1897
9251 2204
9251 2212
9251 2217
9252 7350
9252 1050
9252 981
9253 871
9253 790
9254 871
9254 823
9255 871
9255 822
9255 872
9256 822
9256 872
9257 871
9257 790
9257 823
9258 4612
9258 9259
9260 4612
9260 215
9260 9259
9261 9
9261 4605
9262 849
9262 4605
9263 3024
9263 9259
9264 221
9264 9259
9265 3024
9265 221
9265 9259
9266 4612
9266 215
9267 849
9267 9
9267 4605
9268 9269
9268 3186
9270 2886
9270 9271
9272 2886
9272 7685
9272 9271
9273 2887
9273 7685
9274 2887
9274 9271
9275 7690
9275 9271
9276 7682
9276 9271
9277 7690
9277 7682
9277 9271
9278 2886
9278 7685
9279 2887
9279 7685
9279 9271
9280 2886
9280 2881
9281 1423
9281 3563
9282 2904
9282 1423
9282 3563
9283 9284
9283 9285
9283 2908
9286 2906
9286 2907
9287 9284
9287 2908
9288 9285
9288 2908
9289 9285
9289 2907
9290 9284
9290 9285
9290 2907
9291 9292
9291 9285
9291 9293
9294 9284
9294 2907
9295 3555
9295 2902
9296 3555
9296 365
9296 2902
9297 2942
9297 9298
9299 9300
9299 2378
9299 2372
9301 2378
9301 2372
9301 2376
9302 9300
9302 2378
9303 9300
9303 2934
9303 2376
9304 2942
9304 4997
9304 9305
9306 2934
9306 2376
9307 9300
9307 2934
9308 6946
9308 9305
9308 2374
9309 119
9309 9298
9310 2929
9310 2934
9311 2929
9311 2934
9311 2933
9312 7139
9312 7144
9312 171
9313 1792
9313 1794
9313 1801
9314 1792
9314 1793
9315 1558
9315 9316
9317 9316
9317 2386
9318 1558
9318 9316
9318 2386
9319 3825
9319 2390
9320 3825
9320 9316
9321 3825
9321 9316
9321 2390
9322 1792
9322 1801
9323 1794
9323 1801
9324 2405
9324 2410
9325 2409
9325 2405
9326 2987
9326 1413
9326 1816
9327 7134
9327 729
9328 2409
9328 2404
9329 6676
9329 6667
9329 6662
9330 1408
9330 1413
9331 1412
9331 1408
9331 1413
9332 2987
9332 1816
9333 1413
9333 1816
9334 9269
9334 792
9335 3078
9335 426
9336 3078
9336 2328
9337 2328
9337 3080
9338 3078
9338 426
9338 2328
9339 6848
9339 727
9340 3082
9340 9341
9342 426
9342 2328
9342 9343
9344 3082
9344 9341
9344 9343
9345 3082
9345 9343
9346 9347
9346 3613
9348 9347
9348 3739
9348 3613
9349 7144
9349 8431
9350 3664
9350 1633
9351 9352
9351 7134
9353 1107
9353 2314
9353 7750
9354 469
9354 7219
9355 9352
9355 6848
9356 2317
9356 2312
9357 2317
9357 2314
9358 7134
9358 727
9359 6800
9359 161
9359 8212
9360 2520
9360 9361
9362 2520
9362 1961
9362 9361
9363 2517
9363 94
9364 2517
9364 364
9365 754
9365 9361
9366 1960
9366 9361
9367 754
9367 9361
9367 1960
9368 2520
9368 1961
9369 3039
9369 1265
9370 3033
9370 3039
9370 1265
9371 3029
9371 3039
9371 869
9372 3033
9372 1265
9373 2517
9373 364
9373 94
9374 2520
9374 2522
9375 649
9375 2202
9376 2202
9376 1695
9377 9378
9377 2542
9379 9378
9379 2537
9379 2542
9380 2533
9380 1320
9380 2542
9381 9378
9381 2537
9382 9378
9382 9383
9382 1325
9384 9385
9384 1325
9386 9383
9386 1325
9387 9378
9387 9383
9388 9389
9388 4219
9388 9390
9391 9378
9391 9385
9392 9378
9392 9385
9392 1325
9393 3347
9393 3160
9394 9244
9394 4139
9395 3286
9395 3284
9396 3347
9396 4796
9397 9398
9397 9399
9400 9398
9400 3984
9401 9402
9401 3984
9403 4410
9403 7484
9404 9398
9404 9399
9404 3984
9405 9402
9405 9399
9405 3984
9406 3160
9406 4550
9406 3161
9407 2311
9407 2318
9408 9402
9408 9399
9409 135
9409 6715
9409 954
9410 954
9410 6715
9411 5229
9411 5806
9412 207
9412 5806
9413 3089
9413 746
9414 7211
9414 9402
9415 135
9415 6715
9416 3086
9416 3089
9416 746
9417 7211
9417 9398
9418 5492
9418 369
9418 9419
9420 4410
9420 5317
9421 2220
9421 1491
9422 2311
9422 2317
9422 2318
9423 116
9423 3115
9424 3114
9424 3117
9424 117
9425 116
9425 117
9425 3115
9426 3114
9426 3695
9427 3695
9427 3117
9428 3117
9428 3697
9429 3114
9429 3695
9429 3117
9430 3114
9430 3117
9430 3697
9431 3114
9431 3697
9432 3347
9432 533
9432 3169
9433 8694
9433 2048
9434 1821
9434 5820
9435 4597
9435 1491
9436 3347
9436 3169
9437 1978
9437 1979
9438 1861
9438 4591
9438 4589
9439 1978
9439 1986
9439 1987
9440 9441
9440 456
9440 457
9442 3811
9442 9443
9444 1884
9444 3910
9445 649
9445 1884
9445 3910
9446 9447
9446 457
9448 9447
9448 457
9448 1050
9449 9441
9449 456
9450 3811
9450 9443
9450 9451
9452 2630
9452 481
9453 3231
9453 3232
9453 9443
9454 3811
9454 9451
9455 3232
9455 9443
9456 3231
9456 9443
9457 3347
9457 3160
9457 4796
9458 3231
9458 9451
9459 3231
9459 3232
9459 9451
9460 8868
9460 3735
9461 2276
9461 3710
9461 9390
9462 9389
9462 2276
9463 2003
9463 1997
9464 44
9464 41
9464 45
9465 4939
9465 9419
9466 140
9466 2680
9466 1695
9467 140
9467 2680
9468 2680
9468 1695
9469 3801
9469 6451
9469 3223
9470 6451
9470 3223
9471 3801
9471 6451
9472 3212
9472 3208
9472 3223
9473 3212
9473 3223
9474 6588
9474 9077
9475 4215
9475 4090
9476 140
9476 2677
9477 2674
9477 2677
9478 9479
9478 3811
9480 3813
9480 3810
9480 3811
9481 9479
9481 3813
9481 3811
9482 9479
9482 3813
9483 9484
9483 9479
9485 9484
9485 8162
9486 6575
9486 3810
9487 9484
9487 9479
9487 8162
9488 6575
9488 9484
9488 3810
9489 6575
9489 9484
9490 5430
9490 814
9490 94
9491 2735
9491 2690
9492 3245
9492 2735
9493 1751
9493 898
9493 1442
9494 3841
9494 904
9495 1751
9495 1442
9496 907
9496 894
9497 898
9497 899
9498 897
9498 898
9499 6581
9499 6579
9499 3596
9500 5494
9500 369
9501 3171
9501 903
9502 3841
9502 904
9502 894
9503 3245
9503 2689
9504 3245
9504 2735
9504 2690
9505 4867
9505 8365
9506 992
9506 1521
9506 1656
9507 569
9507 566
9508 1521
9508 1656
9509 1520
9509 992
9509 1656
9510 1520
9510 992
9511 1520
9511 1656
9512 992
9512 993
9512 3271
9513 3800
9513 569
9514 992
9514 3271
9515 3262
9515 993
9515 3024
9516 3800
9516 1121
9517 4944
9517 9419
9517 4939
9518 25
9518 4318
9519 8365
9519 4865
9520 25
9520 4318
9520 366
9521 4318
9521 366
9522 5494
9522 369
9522 9419
9523 2071
9523 2077
9524 4014
9524 5836
9525 5494
9525 9419
9526 9527
9526 4974
9526 5305
9528 9529
9528 2706
9528 3353
9530 9529
9530 3353
9531 9529
9531 2706
9532 2706
9532 3353
9532 3351
9533 2793
9533 316
9534 9529
9534 8887
9534 3351
9535 9529
9535 8887
9536 8887
9536 3351
9537 3121
9537 1406
9538 1416
9538 3121
9538 1406
9539 8887
9539 2793
9539 316
9540 8887
9540 2793
9541 3121
9541 3123
9542 3121
9542 3122
9543 1416
9543 3122
9544 1416
9544 3123
9544 3122
9545 5961
9545 9546
9547 5961
9547 9546
9547 3972
9548 9546
9548 2955
9549 2938
9549 9546
9550 2938
9550 9546
9550 2955
9551 5961
9551 3972
9552 1839
9552 849
9552 135
9553 2236
9553 2955
9554 2938
9554 2236
9555 2938
9555 2236
9555 2955
9556 5042
9556 3938
9557 9558
9557 5039
9557 9559
9560 9561
9560 746
9562 3317
9562 9559
9563 3405
9563 9559
9564 3405
9564 9558
9565 3405
9565 3317
9565 9559
9566 3405
9566 9558
9566 3317
9567 9558
9567 3317
9568 9558
9568 5039
9569 5039
9569 9559
9570 1
9570 3
9570 218
9571 2
9571 4897
9572 8802
9572 2194
9572 989
9573 5448
9573 1
9573 3
9574 2077
9574 5582
9575 5448
9575 2
9575 4897
9576 9577
9576 2077
9578 5448
9578 4897
9579 9577
9579 9580
9581 9577
9581 1881
9581 9580
9582 9123
9582 767
9583 9123
9583 767
9583 1097
9584 9577
9584 2077
9584 5582
9585 747
9585 4653
9586 9123
9586 1097
9587 747
9587 4653
9587 4658
9588 3429
9588 3424
9589 171
9589 3424
9590 171
9590 3427
9591 3974
9591 1891
9591 4443
9592 171
9592 3427
9592 3419
9593 3427
9593 3419
9594 1891
9594 1892
9594 743
9595 8443
9595 1234
9596 3974
9596 1891
9597 3974
9597 4443
9598 2002
9598 1997
9599 2002
9599 2007
9599 2003
9600 8443
9600 1233
9601 3432
9601 9602
9603 3435
9603 9602
9604 649
9604 5317
9605 3435
9605 3432
9605 9602
9606 649
9606 5317
9606 767
9607 5317
9607 767
9608 2003
9608 2007
9609 2002
9609 2007
9610 3468
9610 2088
9611 3468
9611 278
9612 9613
9612 9614
9615 9613
9615 6851
9616 114
9616 954
9617 9618
9617 3449
9619 9618
9619 3460
9620 3460
9620 3461
9620 3449
9621 3461
9621 3449
9622 9614
9622 9618
9622 3461
9623 9614
9623 9618
9624 9614
9624 3461
9625 9618
9625 3460
9625 3449
9626 2146
9626 2874
9627 2873
9627 2146
9627 2874
9628 2873
9628 9629
9630 2146
9630 9629
9631 2146
9631 2873
9631 9629
9632 296
9632 5420
9633 9629
9633 5420
9634 296
9634 5420
9634 9629
9635 2874
9635 5421
9636 5420
9636 5421
9637 209
9637 211
9638 209
9638 210
9639 3500
9639 2890
9640 3500
9640 2877
9640 2890
9641 140
9641 2892
9641 2890
9642 3500
9642 2877
9643 1638
9643 3510
9643 1709
9644 2892
9644 3508
9645 1638
9645 3510
9646 3510
9646 1709
9647 3508
9647 1709
9648 2892
9648 3508
9648 1709
9649 3606
9649 3020
9650 1733
9650 1727
9651 1733
9651 140
9652 143
9652 378
9653 143
9653 3569
9654 3569
9654 3560
9655 3569
9655 3560
9655 3556
9656 1734
9656 140
9657 1734
9657 10
9657 140
9658 143
9658 3569
9658 378
9659 1734
9659 10
9660 741
9660 743
9661 468
9661 3606
9661 3020
9662 3849
9662 9663
9664 9663
9664 3852
9665 2924
9665 2921
9666 2920
9666 2924
9666 2921
9667 2923
9667 3849
9668 3849
9668 2921
9669 2923
9669 3849
9669 2921
9670 9
9670 3852
9671 94
9671 3852
9672 94
9672 9
9672 3852
9673 468
9673 3609
9673 3020
9674 2984
9674 188
9675 468
9675 3606
9676 2488
9676 1569
9677 2487
9677 2488
9678 2487
9678 9679
9680 2487
9680 2958
9680 9679
9681 689
9681 2957
9681 9679
9682 4959
9682 5780
9683 2957
9683 9679
9684 689
9684 9679
9685 4591
9685 1815
9686 2483
9686 4591
9687 2483
9687 461
9688 27
9688 2984
9689 2493
9689 716
9690 2493
9690 716
9690 636
9691 1569
9691 3541
9692 468
9692 3609
9693 3609
9693 3020
9694 6500
9694 8239
9695 4811
9695 4803
9695 4809
9696 607
9696 611
9697 607
9697 611
9697 608
9698 9699
9698 9700
9701 9700
9701 607
9702 9699
9702 9700
9702 607
9703 3580
9703 849
9704 3580
9704 140
9705 3580
9705 849
9705 140
9706 3579
9706 3585
9707 3579
9707 140
9708 2445
9708 2441
9708 2440
9709 2441
9709 2442
9710 2169
9710 2993
9710 2998
9711 2233
9711 9
9712 2169
9712 2998
9713 2169
9713 2993
9714 2445
9714 2441
9715 2445
9715 2440
9716 2233
9716 133
9717 2233
9717 9
9717 133
9718 2842
9718 1505
9718 9719
9720 1505
9720 9719
9721 468
9721 5344
9721 3020
9722 1505
9722 9723
9724 1677
9724 1070
9725 1670
9725 135
9725 954
9726 31
9726 192
9726 553
9727 2842
9727 9719
9728 9729
9728 6664
9730 9731
9730 3598
9732 1504
9732 1505
9732 350
9733 7331
9733 6664
9734 7331
9734 9729
9734 6664
9735 171
9735 6672
9736 192
9736 553
9737 171
9737 6672
9737 5128
9738 9719
9738 8296
9739 171
9739 6670
9740 2842
9740 1505
9740 9723
9741 3641
9741 3062
9742 1314
9742 3641
9743 1314
9743 3126
9744 1314
9744 3641
9744 3062
9745 1877
9745 1097
9746 4186
9746 1881
9746 4188
9747 94
9747 1877
9747 1097
9748 1877
9748 94
9749 1314
9749 3062
9749 3126
9750 8236
9750 8237
9751 3134
9751 1652
9752 1650
9752 3134
9752 1652
9753 6014
9753 3023
9754 3134
9754 3023
9755 6014
9755 3023
9755 3134
9756 1651
9756 3024
9757 1651
9757 3023
9757 3024
9758 220
9758 9
9759 9760
9759 2511
9761 2514
9761 9760
9761 2511
9762 2514
9762 2511
9762 2512
9763 2514
9763 9760
9764 9760
9764 3045
9764 2512
9765 3043
9765 767
9766 3045
9766 2512
9767 9760
9767 3045
9768 3043
9768 814
9769 814
9769 3043
9769 767
9770 1504
9770 729
9771 2529
9771 2535
9771 1317
9772 9773
9772 2596
9774 9773
9774 2469
9775 3345
9775 1314
9776 3345
9776 3062
9777 3345
9777 1314
9777 3062
9778 3061
9778 2529
9779 3345
9779 2529
9780 3275
9780 2469
9781 2535
9781 1317
9782 2529
9782 2535
9783 2596
9783 9773
9783 2469
9784 9785
9784 9786
9787 369
9787 572
9788 1787
9788 1784
9788 1785
9789 3275
9789 2469
9789 2596
9790 3275
9790 2596
9791 1704
9791 990
9792 3098
9792 3674
9793 9785
9793 4459
9793 3751
9794 3671
9794 3672
9794 3674
9795 3671
9795 3674
9796 3095
9796 3098
9796 3097
9797 3095
9797 3098
9798 3095
9798 3097
9799 3611
9799 3098
9799 3674
9800 3093
9800 3098
9801 3093
9801 3097
9802 649
9802 1785
9803 2278
9803 9804
9805 9785
9805 4459
9806 6696
9806 6697
9807 6696
9807 3832
9808 9809
9808 3832
9808 6697
9810 9809
9810 6697
9811 9809
9811 3832
9812 7993
9812 1270
9812 3108
9813 7993
9813 1270
9814 1270
9814 3108
9815 7993
9815 3701
9815 3691
9816 7993
9816 3691
9817 6334
9817 6207
9818 2838
9818 9786
9818 4457
9819 4935
9819 1066
9820 2838
9820 9786
9821 3722
9821 2309
9822 2309
9822 3714
9823 3716
9823 3714
9824 3713
9824 3716
9824 3714
9825 1114
9825 1332
9826 1114
9826 1332
9826 94
9827 3722
9827 2309
9827 3714
9828 1332
9828 94
9829 2838
9829 4457
9830 3141
9830 3139
9831 3141
9831 3142
9832 9833
9832 2548
9834 2286
9834 3977
9834 2306
9835 4036
9835 3976
9836 2286
9836 3977
9837 3977
9837 2306
9838 2283
9838 2306
9839 2283
9839 2287
9839 2306
9840 9785
9840 9786
9840 9841
9842 9833
9842 2548
9842 2549
9843 3438
9843 9844
9845 4700
9845 8566
9845 163
9846 4700
9846 163
9847 2077
9847 3772
9848 2077
9848 9849
9848 3771
9850 2077
9850 9849
9850 3772
9851 9849
9851 3772
9852 9853
9852 9854
9852 9849
9855 9854
9855 9849
9856 9849
9856 3771
9857 2077
9857 3771
9858 3772
9858 482
9859 3771
9859 482
9860 3967
9860 3846
9860 3968
9861 4245
9861 3193
9862 4246
9862 3193
9863 6891
9863 4246
9864 6891
9864 9202
9864 4246
9865 6891
9865 9202
9865 4245
9866 9202
9866 4246
9867 9202
9867 4245
9868 6891
9868 4245
9869 1406
9869 2278
9870 3188
9870 3191
9871 2992
9871 8566
9872 3784
9872 3205
9872 1709
9873 3205
9873 1709
9874 1423
9874 3803
9874 2600
9875 171
9875 3869
9875 316
9876 3803
9876 2600
9877 1694
9877 1423
9877 5834
9878 1423
9878 5834
9879 1694
9879 5834
9880 3789
9880 2620
9880 2601
9881 3789
9881 2601
9882 3789
9882 2620
9883 2600
9883 2601
9883 366
9884 8566
9884 4701
9885 4336
9885 4330
9886 4335
9886 4330
9887 5899
9887 5897
9888 4286
9888 4287
9888 642
9889 3817
9889 4336
9890 3817
9890 3819
9890 4335
9891 3817
9891 3819
9891 4336
9892 3819
9892 4336
9893 386
9893 3819
9893 767
9894 386
9894 3819
9895 3819
9895 4335
9896 3817
9896 4335
9897 6615
9897 9898
9897 4365
9899 9898
9899 4365
9900 6615
9900 4365
9901 3831
9901 3832
9901 316
9902 4366
9902 7087
9903 6615
9903 9898
9903 4395
9904 9898
9904 4395
9905 6615
9905 4395
9906 4395
9906 4366
9906 7087
9907 4690
9907 316
9908 9909
9908 3455
9910 9909
9910 1005
9910 3455
9911 2071
9911 2078
9912 4070
9912 386
9912 2287
9913 3967
9913 831
9914 3860
9914 3861
9915 3860
9915 3862
9916 4824
9916 3864
9917 4823
9917 3864
9918 4457
9918 8277
9918 3291
9919 4457
9919 8277
9920 4823
9920 3861
9920 4824
9921 3861
9921 4824
9922 4823
9922 3861
9923 4823
9923 4824
9923 3864
9924 3967
9924 7209
9925 1005
9925 1004
9926 657
9926 666
9927 7209
9927 834
9928 5103
9928 2847
9929 7209
9929 834
9929 832
9930 3893
9930 1565
9931 3893
9931 1564
9932 1884
9932 1564
9933 1884
9933 1564
9933 135
9934 3328
9934 1565
9934 3326
9935 1564
9935 135
9936 3328
9936 1565
9937 1565
9937 3326
9938 3329
9938 3326
9939 3329
9939 3294
9939 3326
9940 27
9940 3920
9941 31
9941 1694
9941 3918
9942 4550
9942 4796
9943 4796
9943 3161
9944 4934
9944 1066
9945 4934
9945 9804
9946 4934
9946 9804
9946 1066
9947 4935
9947 3161
9948 7277
9948 5504
9949 7277
9949 5509
9950 7245
9950 762
9951 7277
9951 5509
9951 5504
9952 7245
9952 762
9952 1346
9953 7245
9953 1346
9954 1694
9954 3918
9955 31
9955 3918
9956 6918
9956 6919
9956 5524
9957 6919
9957 5524
9958 3405
9958 3331
9959 3332
9959 3933
9960 1800
9960 3930
9960 3928
9961 3332
9961 3928
9961 3933
9962 3332
9962 3928
9963 6919
9963 5517
9964 6918
9964 5517
9965 6918
9965 5524
9966 6918
9966 6919
9966 5517
9967 2964
9967 4820
9968 1578
9968 2964
9968 4820
9969 4578
9969 135
9970 849
9970 4578
9971 3885
9971 4820
9971 1566
9972 1578
9972 2964
9973 2109
9973 2104
9974 4961
9974 9975
9976 4961
9976 9975
9976 4090
9977 2109
9977 2110
9977 2104
9978 3710
9978 4962
9979 2276
9979 3710
9979 4962
9980 2503
9980 1694
9980 767
9981 2276
9981 4962
9982 3710
9982 9975
9982 2276
9983 4961
9983 4090
9984 9975
9984 2276
9985 3710
9985 9975
9986 4924
9986 9987
9988 1462
9988 9987
9989 1462
9989 4925
9990 2109
9990 2099
9991 9987
9991 4782
9992 9987
9992 4925
9992 4782
9993 4924
9993 1462
9993 9987
9994 4925
9994 4782
9995 4780
9995 4781
9996 4781
9996 4782
9997 364
9997 1369
9997 133
9998 1836
9998 9999
10000 10001
10000 3425
10000 10002
10003 3425
10003 9999
10004 3415
10004 3418
10004 10001
10005 3415
10005 10001
10006 3418
10006 10001
10007 10001
10007 10002
10008 3425
10008 10002
10009 3425
10009 9999
10009 10001
10010 10001
10010 9999
10011 4477
10011 3999
10012 10013
10012 650
10012 3986
10014 4477
10014 3999
10014 10013
10015 4477
10015 10013
10016 3999
10016 650
10016 3986
10017 3999
10017 3986
10018 10013
10018 3986
10019 10013
10019 650
10020 4477
10020 4471
10021 4471
10021 1050
10022 5284
10022 5082
10023 5278
10023 3333
10024 4018
10024 3333
10025 4482
10025 5284
10025 5082
10026 4012
10026 5278
10027 4008
10027 5278
10028 4012
10028 4008
10028 4018
10029 4012
10029 4018
10030 4015
10030 5082
10030 316
10031 4015
10031 5082
10032 3402
10032 3333
10033 3332
10033 3402
10034 4026
10034 4032
10035 4029
10035 969
10035 188
10036 4029
10036 188
10037 4029
10037 969
10038 4026
10038 191
10038 187
10039 4026
10039 187
10040 4026
10040 191
10041 4937
10041 8297
10041 8461
10042 171
10042 4512
10042 7430
10043 4512
10043 7430
10044 4026
10044 4029
10044 4032
10045 4029
10045 4032
10046 3378
10046 6693
10046 3379
10047 1511
10047 3782
10048 1511
10048 5427
10048 3782
10049 2866
10049 114
10050 2866
10050 114
10050 307
10051 2860
10051 114
10051 307
10052 2866
10052 307
10053 2860
10053 307
10054 2860
10054 114
10055 479
10055 3478
10056 479
10056 3488
10056 3478
10057 3481
10057 3478
10057 3479
10058 479
10058 3488
10059 4062
10059 4058
10060 140
10060 4062
10061 3497
10061 3502
10062 3497
10062 3502
10062 3498
10063 4537
10063 2882
10064 4537
10064 3497
10065 4537
10065 3497
10065 2882
10066 4070
10066 4063
10067 140
10067 4063
10068 4070
10068 140
10068 4063
10069 10070
10069 6968
10069 10071
10072 10070
10072 10071
10073 10070
10073 6968
10074 6968
10074 10075
10074 10071
10076 3378
10076 9244
10077 6465
10077 6463
10077 6370
10078 10075
10078 10071
10079 8431
10079 5585
10080 6968
10080 10075
10081 5131
10081 5578
10082 3167
10082 8917
10082 10071
10083 3517
10083 3515
10084 3514
10084 3517
10084 3515
10085 7144
10085 5584
10086 7144
10086 5584
10086 5585
10087 5131
10087 3515
10087 5578
10088 3167
10088 10071
10089 8917
10089 10071
10090 3378
10090 3379
10090 9244
10091 10092
10091 6463
10093 3167
10093 2064
10093 6958
10094 1811
10094 1821
10094 1829
10095 459
10095 1812
10096 459
10096 1829
10097 459
10097 1829
10097 1812
10098 3535
10098 1811
10099 6693
10099 4139
10100 3535
10100 1821
10100 1811
10101 1811
10101 3536
10102 1821
10102 3536
10103 1811
10103 1821
10103 3536
10104 4847
10104 6107
10105 4847
10105 2247
10105 6107
10106 4847
10106 3552
10107 10108
10107 4847
10109 10108
10109 4847
10109 3552
10110 2247
10110 6107
10111 3547
10111 3552
10111 3542
10112 10108
10112 3542
10113 10108
10113 3547
10114 10108
10114 3547
10114 3542
10115 4118
10115 4113
10116 4118
10116 4113
10116 4107
10117 376
10117 9700
10118 376
10118 4118
10119 376
10119 4118
10119 9700
10120 1504
10120 4625
10121 4625
10121 366
10122 1504
10122 4625
10122 366
10123 4628
10123 4622
10124 4628
10124 366
10125 2744
10125 6013
10125 6014
10126 6693
10126 9244
10126 4139
10127 2730
10127 2689
10128 2744
10128 6013
10129 3297
10129 3758
10130 484
10130 489
10131 10132
10131 10133
10134 8986
10134 654
10135 3619
10135 10136
10137 10138
10137 3619
10139 10138
10139 4167
10140 4692
10140 10138
10140 4167
10141 4692
10141 4167
10141 10136
10142 4692
10142 10138
10143 4692
10143 10136
10144 4167
10144 10136
10145 25
10145 2955
10146 6946
10146 10147
10146 5000
10148 10138
10148 3619
10148 10136
10149 10147
10149 5000
10150 4715
10150 2454
10151 2006
10151 10152
10151 4704
10153 10152
10153 4704
10154 2006
10154 10152
10155 767
10155 2751
10156 1694
10156 2751
10157 4715
10157 10152
10157 2454
10158 10152
10158 2454
10159 4186
10159 1320
10160 1694
10160 767
10160 2751
10161 10147
10161 1382
10162 2552
10162 133
10163 2552
10163 386
10164 1382
10164 10165
10166 6391
10166 4206
10166 1387
10167 4207
10167 4202
10168 4206
10168 1387
10169 6391
10169 4206
10170 6393
10170 82
10171 6391
10171 4207
10171 1387
10172 6393
10172 82
10172 3052
10173 4207
10173 1387
10174 6391
10174 4839
10175 6391
10175 3649
10176 10177
10176 6865
10178 7085
10178 7098
10178 7099
10179 4749
10179 4754
10180 4749
10180 171
10181 4378
10181 6013
10181 4379
10182 4752
10182 3869
10183 171
10183 4752
10184 3854
10184 3857
10184 3855
10185 3854
10185 3857
10186 4754
10186 1927
10186 3875
10187 4754
10187 3875
10188 4754
10188 1927
10189 171
10189 4752
10189 3869
10190 171
10190 5027
10191 4459
10191 9841
10191 3751
10192 9785
10192 3751
10193 9841
10193 3751
10194 4459
10194 9841
10195 4459
10195 135
10196 5156
10196 3687
10196 1058
10197 5156
10197 3687
10198 4459
10198 135
10198 1695
10199 2639
10199 5486
10199 5488
10200 364
10200 3672
10201 3750
10201 5
10201 3751
10202 364
10202 3672
10202 1073
10203 3672
10203 1073
10204 5156
10204 3680
10205 3680
10205 1058
10206 3687
10206 1058
10207 4459
10207 1695
10208 5
10208 3751
10209 4089
10209 4090
10210 10211
10210 7099
10210 316
10212 4147
10212 4089
10212 3753
10213 4088
10213 4090
10214 3750
10214 6
10215 2090
10215 8625
10216 4130
10216 4147
10216 2094
10217 10218
10217 720
10219 9352
10219 7134
10219 6848
10220 10211
10220 2090
10221 2146
10221 1819
10222 2146
10222 2040
10222 1819
10223 7061
10223 127
10223 132
10224 7061
10224 132
10225 2064
10225 2065
10225 6958
10226 6958
10226 6959
10227 2064
10227 6959
10228 6910
10228 6968
10229 7061
10229 127
10230 6623
10230 4359
10231 1038
10231 3164
10232 1038
10232 3164
10232 1044
10233 1044
10233 3154
10234 6622
10234 4359
10235 1038
10235 1044
10235 3154
10236 3164
10236 1044
10237 3734
10237 4036
10237 3664
10238 386
10238 2287
10239 4070
10239 2287
10240 7062
10240 127
10240 132
10241 695
10241 6465
10242 7062
10242 132
10243 5050
10243 10244
10243 5062
10245 7062
10245 127
10246 5546
10246 10247
10246 1063
10248 1144
10248 6844
10248 6839
10249 1144
10249 6844
10250 1144
10250 6839
10251 6844
10251 6833
10251 6836
10252 1144
10252 4306
10253 1372
10253 1695
10254 1143
10254 969
10255 649
10255 1143
10256 1352
10256 4296
10257 4291
10257 4295
10257 7170
10258 1143
10258 1144
10258 4306
10259 1143
10259 4306
10260 4291
10260 4295
10260 4296
10261 4291
10261 4296
10262 4291
10262 7170
10263 4295
10263 7170
10264 27
10264 8366
10265 3793
10265 4860
10265 3219
10266 27
10266 8366
10266 140
10267 140
10267 8366
10268 3788
10268 3792
10268 3793
10269 3788
10269 3793
10270 4860
10270 3793
10271 4860
10271 3219
10272 140
10272 8361
10273 8361
10273 4324
10274 7193
10274 5075
10275 5838
10275 3797
10276 10277
10276 3796
10276 4316
10278 7196
10278 5075
10279 5838
10279 4316
10280 4310
10280 10277
10280 4308
10281 4310
10281 10277
10282 10277
10282 4308
10283 10277
10283 3796
10284 5041
10284 10285
10286 10277
10286 5838
10286 4316
10287 10277
10287 5838
10288 2711
10288 2707
10289 4568
10289 386
10289 133
10290 624
10290 2784
10291 7193
10291 7196
10291 10292
10293 7297
10293 1920
10294 319
10294 7297
10295 2792
10295 316
10296 2792
10296 1
10297 624
10297 2784
10297 7297
10298 7193
10298 10292
10299 4882
10299 1369
10300 4882
10300 1358
10301 4349
10301 4350
10302 774
10302 4350
10303 10292
10303 2272
10304 2773
10304 4352
10305 2774
10305 4352
10306 2647
10306 2644
10306 2648
10307 7335
10307 4369
10308 4888
10308 1358
10309 2773
10309 4349
10310 4888
10310 1358
10310 1369
10311 2773
10311 2774
10311 4352
10312 6465
10312 8062
10313 2042
10313 2048
10314 2938
10314 2167
10315 1549
10315 1547
10315 1550
10316 1547
10316 1550
10317 1547
10317 10318
10319 1549
10319 10318
10320 1550
10320 4383
10321 1549
10321 1547
10321 10318
10322 1550
10322 10318
10322 4383
10323 10318
10323 4383
10324 4383
10324 4386
10325 2401
10325 4386
10326 2452
10326 7351
10327 8277
10327 5759
10327 4295
10328 10329
10328 5081
10330 31
10330 1809
10331 10329
10331 5093
10332 5085
10332 5621
10333 7084
10333 7098
10333 7087
10334 7084
10334 7098
10335 10329
10335 5085
10335 5621
10336 7098
10336 7087
10337 10329
10337 5621
10338 3290
10338 5758
10338 3291
10339 7084
10339 7085
10339 7087
10340 10329
10340 5618
10341 1558
10341 2191
10342 7076
10342 7081
10342 2450
10343 5618
10343 5085
10344 5758
10344 3291
10345 7076
10345 7081
10346 7076
10346 7092
10347 8277
10347 4295
10348 7090
10348 7084
10349 364
10349 849
10349 2156
10350 2154
10350 2155
10351 6436
10351 6428
10352 3290
10352 5759
10353 6436
10353 2034
10353 6428
10354 3290
10354 5758
10354 5759
10355 3191
10355 2035
10356 10357
10356 3937
10358 3937
10358 3825
10359 10357
10359 5430
10359 5442
10360 10357
10360 5430
10361 10357
10361 5442
10362 5430
10362 3940
10362 5442
10363 5430
10363 3940
10364 3940
10364 5442
10365 7267
10365 7818
10366 1583
10366 1466
10366 1475
10367 1474
10367 3899
10368 2807
10368 7610
10368 7607
10369 2807
10369 7607
10370 3940
10370 3938
10371 10357
10371 3937
10371 3825
10372 1457
10372 8275
10373 1455
10373 1457
10373 8275
10374 2840
10374 163
10375 3950
10375 869
10376 869
10376 913
10377 257
10377 133
10378 649
10378 257
10378 133
10379 3379
10379 3384
10380 3378
10380 3384
10381 2804
10381 9773
10381 3276
10382 1689
10382 2201
10383 2804
10383 3276
10384 2804
10384 9773
10385 5364
10385 8545
10386 5361
10386 3880
10386 5446
10387 5364
10387 8545
10387 5446
10388 8545
10388 5446
10389 4261
10389 4254
10389 3013
10390 10391
10390 5023
10390 6
10392 5023
10392 10391
10393 4736
10393 3275
10393 3276
10394 1593
10394 10391
10395 1585
10395 10391
10396 5023
10396 6
10397 1593
10397 1585
10397 10391
10398 1585
10398 5021
10399 4451
10399 4453
10399 3885
10400 1593
10400 1585
10400 5021
10401 1593
10401 5021
10402 4466
10402 5055
10403 4469
10403 10404
10403 4467
10405 10404
10405 4467
10406 4469
10406 10404
10407 5051
10407 5055
10408 2481
10408 5051
10409 10404
10409 4466
10409 5055
10410 10404
10410 5055
10411 5053
10411 2481
10412 2481
10412 5051
10412 5055
10413 8823
10413 4488
10414 6374
10414 10415
10414 8820
10416 10415
10416 8820
10417 6374
10417 10415
10418 386
10418 4489
10419 1695
10419 4489
10420 8823
10420 10415
10420 4488
10421 10415
10421 4488
10422 4491
10422 4488
10423 386
10423 1695
10423 4489
10424 4504
10424 5465
10425 5623
10425 5465
10426 4503
10426 4499
10426 4504
10427 4499
10427 4504
10428 2578
10428 171
10428 5088
10429 2578
10429 5088
10430 171
10430 5088
10431 4504
10431 5623
10431 5465
10432 5090
10432 5086
10433 171
10433 5086
10434 10435
10434 8045
10436 10435
10436 4040
10436 8045
10437 7710
10437 6859
10438 4736
10438 3276
10439 10435
10439 4041
10440 10435
10440 4042
10441 10435
10441 4041
10441 4042
10442 4040
10442 8045
10443 7710
10443 8045
10443 6859
10444 3492
10444 443
10445 4064
10445 4533
10446 10447
10446 4533
10448 10447
10448 4532
10449 4064
10449 4532
10449 10447
10450 4059
10450 4071
10450 10447
10451 4064
10451 4532
10452 4071
10452 10447
10453 4059
10453 10447
10454 10447
10454 4064
10454 4533
10455 4531
10455 4532
10456 649
10456 2202
10456 1695
10457 2314
10457 7750
10458 7136
10458 7139
10458 7137
10459 4607
10459 654
10460 4607
10460 4605
10461 4581
10461 4585
10462 3373
10462 4581
10462 4585
10463 654
10463 5181
10464 274
10464 655
10464 5179
10465 655
10465 5179
10466 274
10466 655
10467 4083
10467 10468
10469 4083
10469 10468
10469 4086
10470 4083
10470 4084
10470 4086
10471 10468
10471 4086
10472 4084
10472 10468
10472 4585
10473 270
10473 10474
10475 4084
10475 4585
10476 10468
10476 4585
10477 1694
10477 3379
10477 94
10478 1114
10478 8644
10478 767
10479 404
10479 10480
10479 4626
10481 2917
10481 377
10482 404
10482 4626
10483 404
10483 10480
10484 2917
10484 10480
10485 2917
10485 10480
10485 4626
10486 4621
10486 10480
10486 4632
10487 2917
10487 4626
10488 10480
10488 4632
10489 4621
10489 10480
10490 4130
10490 10491
10492 4130
10492 10491
10492 5701
10493 10491
10493 2061
10493 2080
10494 4130
10494 5701
10495 10491
10495 2080
10496 10491
10496 2061
10497 5701
10497 2061
10498 5701
10498 2061
10498 2080
10499 8671
10499 1534
10500 4124
10500 2094
10501 4124
10501 4130
10502 3379
10502 94
10503 3082
10503 5136
10504 2503
10504 158
10505 3083
10505 3079
10506 3082
10506 3083
10506 3079
10507 4655
10507 4652
10507 4658
10508 4655
10508 4658
10509 4652
10509 4658
10510 8463
10510 4655
10510 605
10511 8463
10511 4655
10512 4655
10512 605
10513 8463
10513 604
10513 592
10514 8463
10514 592
10515 4130
10515 4088
10516 604
10516 592
10516 605
10517 2898
10517 2900
10518 4805
10518 4803
10518 2899
10519 4799
10519 411
10520 4088
10520 2094
10521 2363
10521 2367
10521 2364
10522 1837
10522 5623
10522 2294
10523 2729
10523 572
10524 864
10524 869
10524 865
10525 3909
10525 3899
10526 9347
10526 3297
10527 2003
10527 8588
10528 2002
10528 2003
10528 8588
10529 4663
10529 4156
10530 4156
10530 8588
10531 4663
10531 4156
10531 8588
10532 4152
10532 2000
10533 3297
10533 3666
10534 1694
10534 3379
10535 969
10535 4161
10536 364
10536 4161
10537 10538
10537 10539
10540 7587
10540 10538
10540 10539
10541 319
10541 10538
10541 5814
10542 7587
10542 10539
10543 319
10543 10538
10544 10538
10544 5814
10545 386
10545 5814
10546 31
10546 386
10546 5814
10547 7587
10547 319
10547 2410
10548 31
10548 5814
10549 4712
10549 4400
10550 4711
10550 4400
10551 9347
10551 3297
10551 3666
10552 5317
10552 4711
10552 7484
10553 4711
10553 7484
10554 10555
10554 7484
10556 5317
10556 10555
10557 4712
10557 9602
10558 5317
10558 10555
10558 7484
10559 10555
10559 4712
10559 9602
10560 10555
10560 4712
10561 4723
10561 8266
10562 4723
10562 10563
10564 4723
10564 10563
10564 8266
10565 4720
10565 8266
10566 4199
10566 4202
10566 4200
10567 10563
10567 4210
10568 10563
10568 4200
10569 10563
10569 4200
10569 4210
10570 10563
10570 4720
10571 10563
10571 4720
10571 8266
10572 255
10572 864
10573 119
10573 2374
10573 9298
10574 31
10574 4681
10575 869
10575 865
10576 5786
10576 1944
10577 2249
10577 2250
10578 2227
10578 1884
10579 2249
10579 4397
10580 5289
10580 5297
10581 1097
10581 366
10581 5291
10582 171
10582 3875
10582 366
10583 3875
10583 366
10584 366
10584 5291
10585 1097
10585 5291
10586 4759
10586 5761
10587 5761
10587 4757
10588 171
10588 366
10589 4759
10589 5761
10589 4757
10590 2246
10590 4397
10591 5961
10591 1666
10591 2236
10592 9111
10592 4234
10593 4234
10593 5421
10594 9111
10594 5423
10594 5610
10595 9111
10595 5610
10596 9111
10596 5423
10597 5423
10597 5610
10597 4236
10598 5610
10598 4236
10599 5423
10599 4236
10600 327
10600 324
10600 7156
10601 4236
10601 4232
10602 9399
10602 7151
10603 364
10603 4012
10604 2230
10604 2233
10604 2231
10605 1861
10605 17
10606 10177
10606 6863
10606 312
10607 9399
10607 7156
10608 1986
10608 188
10609 9399
10609 7151
10609 7156
10610 1986
10610 969
10610 188
10611 1987
10611 553
10612 1987
10612 2984
10613 2322
10613 2202
10614 3184
10614 3185
10615 468
10615 7227
10615 316
10616 3184
10616 10617
10616 3186
10618 319
10618 801
10618 8469
10619 1502
10619 316
10620 319
10620 8469
10621 801
10621 8469
10622 468
10622 7227
10623 7227
10623 316
10624 7219
10624 8469
10625 10617
10625 3185
10625 1013
10626 3185
10626 1013
10627 10617
10627 1013
10628 2267
10628 7162
10628 3711
10629 7162
10629 3711
10630 3373
10630 3293
10630 3286
10631 3290
10631 135
10631 133
10632 3290
10632 135
10633 10634
10633 4827
10633 3862
10635 10634
10635 4827
10636 10634
10636 3862
10637 3862
10637 4827
10637 4836
10638 3290
10638 133
10639 10634
10639 5758
10639 4836
10640 10634
10640 5758
10641 5758
10641 4836
10642 569
10642 566
10642 561
10643 4322
10643 10644
10643 8373
10645 4322
10645 10644
10646 10644
10646 8373
10647 10644
10647 4865
10648 3800
10648 569
10648 1121
10649 10644
10649 4867
10649 8365
10650 10644
10650 4867
10651 4315
10651 366
10652 4315
10652 4311
10653 4867
10653 4858
10654 10644
10654 8365
10654 4865
10655 10656
10655 3935
10657 3932
10657 10656
10658 3932
10658 10659
10660 3932
10660 10656
10660 3935
10661 3932
10661 3935
10661 10659
10662 3935
10662 10659
10663 5435
10663 10659
10664 10656
10664 5435
10665 5434
10665 1800
10666 10656
10666 5435
10666 10659
10667 4295
10667 10668
10669 4892
10669 4295
10670 1355
10670 10671
10670 10668
10672 10671
10672 10668
10673 1355
10673 10668
10674 777
10674 769
10674 10671
10675 769
10675 10671
10676 777
10676 10671
10677 5357
10677 1
10677 3
10678 5357
10678 3
10679 5451
10679 2558
10680 4892
10680 4295
10680 10668
10681 3664
10681 1630
10682 2409
10682 2404
10682 2410
10683 4412
10683 2549
10683 9602
10684 9833
10684 9602
10685 2549
10685 9602
10686 4412
10686 2549
10687 9833
10687 4412
10688 9833
10688 4412
10688 9602
10689 4950
10689 4440
10690 2804
10690 4950
10691 4437
10691 4439
10691 4440
10692 4437
10692 4440
10693 2804
10693 4949
10693 4440
10694 4949
10694 4440
10695 2804
10695 4949
10696 2804
10696 4950
10696 4440
10697 1004
10697 3909
10697 3912
10698 1005
10698 456
10699 4942
10699 4949
10700 4942
10700 4950
10701 9909
10701 456
10702 9909
10702 1004
10703 1004
10703 9909
10703 456
10704 1005
10704 3455
10705 518
10705 4897
10706 217
10706 518
10707 217
10707 517
10708 217
10708 517
10708 4897
10709 3734
10709 4036
10710 5357
10710 217
10710 218
10711 517
10711 4897
10712 10713
10712 4576
10712 4578
10714 10713
10714 4576
10715 10713
10715 4578
10716 4576
10716 4578
10716 7396
10717 530
10717 7396
10718 10719
10718 10713
10718 2964
10720 10719
10720 10713
10721 10719
10721 2964
10722 10719
10722 530
10722 7396
10723 10719
10723 530
10724 5000
10724 10165
10725 6946
10725 10165
10726 4999
10726 2941
10726 5000
10727 2941
10727 5000
10728 5002
10728 2520
10728 2517
10729 5002
10729 2517
10730 6946
10730 10147
10731 6946
10731 5000
10731 10165
10732 6374
10732 10733
10734 6374
10734 6492
10735 5002
10735 2520
10736 6374
10736 10733
10736 6492
10737 10733
10737 82
10738 3045
10738 6481
10738 3043
10739 10733
10739 6481
10739 82
10740 10733
10740 6481
10741 539
10741 2944
10742 9577
10742 1881
10743 171
10743 7425
10743 5029
10744 7425
10744 5029
10745 171
10745 5029
10746 171
10746 2221
10746 5027
10747 2221
10747 5027
10748 1875
10748 1877
10748 9580
10749 4446
10749 9082
10749 742
10750 9082
10750 742
10751 4446
10751 742
10752 9082
10752 1482
10752 171
10753 1875
10753 9580
10754 3438
10754 133
10755 3438
10755 9
10756 1877
10756 9580
10757 10758
10757 5034
10759 10758
10759 4283
10760 2642
10760 5034
10760 2662
10761 2642
10761 5034
10762 10758
10762 4932
10762 5018
10763 10758
10763 4932
10764 4932
10764 5018
10765 10758
10765 5034
10765 4283
10766 5548
10766 10247
10766 1063
10767 5548
10767 10247
10768 1875
10768 5582
10769 5061
10769 10247
10770 1877
10770 5582
10771 10244
10771 5061
10771 10247
10772 10244
10772 10247
10773 5546
10773 10247
10774 5546
10774 1063
10775 5548
10775 1063
10776 1694
10776 2630
10776 133
10777 5073
10777 5075
10778 10292
10778 2272
10778 2273
10779 10285
10779 10780
10779 10781
10782 10780
10782 10781
10783 2630
10783 133
10784 5041
10784 4568
10784 10285
10785 4568
10785 10285
10786 7196
10786 10292
10787 7193
10787 7196
10787 5075
10788 10285
10788 10780
10789 5041
10789 4568
10789 10781
10790 4568
10790 10781
10791 5041
10791 10781
10792 5621
10792 5619
10793 10329
10793 5618
10793 5085
10794 485
10794 5163
10795 10796
10795 5159
10795 10797
10798 10796
10798 8461
10799 3463
10799 10797
10799 8461
10800 3463
10800 10797
10801 10797
10801 8461
10802 10796
10802 5159
10803 5159
10803 10797
10804 10796
10804 3463
10804 8461
10805 10796
10805 3463
10806 7818
10806 4051
10807 4528
10807 4051
10808 4525
10808 4528
10809 4519
10809 4525
10809 4528
10810 4050
10810 4528
10811 4050
10811 4528
10811 7818
10812 7818
10812 4528
10812 4051
10813 4050
10813 7818
10814 4046
10814 4051
10815 4050
10815 4046
10816 1423
10816 5122
10817 1423
10817 4546
10817 5122
10818 5121
10818 2058
10819 1423
10819 5121
10820 1423
10820 5121
10820 2058
10821 4546
10821 5122
10822 4544
10822 4546
10822 366
10823 4539
10823 5113
10824 4544
10824 5113
10825 4539
10825 4544
10825 5113
10826 5989
10826 3849
10827 4560
10827 4564
10828 4560
10828 4564
10828 1759
10829 3082
10829 5136
10829 3079
10830 5132
10830 3083
10831 575
10831 587
10831 589
10832 10833
10832 589
10834 575
10834 10833
10835 575
10835 10833
10835 589
10836 587
10836 4564
10837 10833
10837 4564
10838 587
10838 10833
10838 4564
10839 4560
10839 1759
10840 10841
10840 4594
10842 10841
10842 2969
10842 4594
10843 2969
10843 4593
10844 10841
10844 4593
10845 10841
10845 717
10846 10841
10846 2976
10847 10841
10847 717
10847 2976
10848 2969
10848 4594
10849 10841
10849 2969
10849 4593
10850 4589
10850 4594
10851 4576
10851 4600
10852 4576
10852 4578
10852 4600
10853 4575
10853 2963
10854 2963
10854 4600
10855 4575
10855 2963
10855 4600
10856 2964
10856 2961
10857 2963
10857 2961
10858 2963
10858 2964
10858 2961
10859 2964
10859 2965
10860 2963
10860 2965
10861 1787
10861 5177
10862 5177
10862 1785
10863 2704
10863 3110
10864 1787
10864 5661
10865 10866
10865 5650
10865 1699
10867 1787
10867 5661
10867 10866
10868 1787
10868 10866
10869 5661
10869 5650
10869 1699
10870 5661
10870 5650
10871 10866
10871 5650
10872 10866
10872 1699
10873 10329
10873 5081
10873 5093
10874 3615
10874 4640
10874 3614
10875 3614
10875 4637
10876 3615
10876 10877
10878 3615
10878 4126
10878 10877
10879 4640
10879 3614
10880 3615
10880 4640
10881 10877
10881 3753
10882 10877
10882 4121
10883 10877
10883 4121
10883 3753
10884 3615
10884 4126
10885 6721
10885 207
10886 1039
10886 1598
10887 2317
10887 2312
10887 2314
10888 4669
10888 10889
10888 10890
10891 4666
10891 4670
10892 4669
10892 10890
10893 4669
10893 10889
10894 10889
10894 5204
10895 5204
10895 10889
10895 9056
10896 5204
10896 10890
10896 9056
10897 10889
10897 9056
10898 10890
10898 9056
10899 10890
10899 5204
10900 9723
10900 8296
10901 980
10901 4708
10902 9719
10902 9723
10902 8296
10903 5721
10903 10904
10905 5222
10905 5721
10905 10904
10906 5222
10906 5722
10907 5722
10907 10904
10908 5218
10908 10904
10909 5216
10909 10904
10910 5218
10910 5216
10910 10904
10911 5222
10911 5721
10912 5222
10912 5722
10912 10904
10913 5715
10913 5721
10914 4686
10914 10915
10914 4690
10916 10917
10916 10539
10918 10917
10918 10915
10919 10917
10919 10915
10919 10539
10920 4686
10920 1646
10921 4686
10921 1646
10921 316
10922 10915
10922 4690
10923 4686
10923 10915
10924 10925
10924 10539
10926 10925
10926 10915
10927 1650
10927 867
10928 9613
10928 9614
10928 6851
10929 10930
10929 9152
10931 10930
10931 9152
10931 5248
10932 171
10932 2604
10933 10934
10933 5247
10935 8554
10935 3001
10936 7092
10936 3001
10937 10934
10937 5250
10938 10934
10938 10930
10938 6972
10939 2997
10939 3001
10939 5403
10940 2997
10940 8554
10940 3001
10941 10934
10941 10930
10942 3792
10942 3790
10943 171
10943 426
10943 2604
10944 5427
10944 3782
10945 4905
10945 4467
10946 5276
10946 4730
10947 4733
10947 5276
10948 4733
10948 4725
10949 4733
10949 4721
10949 4725
10950 5276
10950 5271
10951 5276
10951 5271
10951 5073
10952 4733
10952 5276
10952 4730
10953 5271
10953 5073
10954 5073
10954 5272
10955 5276
10955 5272
10956 1468
10956 6148
10957 3123
10957 2480
10958 4801
10958 10959
10960 4548
10960 1940
10961 1940
10961 370
10962 1885
10962 370
10963 5290
10963 5769
10964 5301
10964 10965
10964 5771
10966 10965
10966 5771
10967 5301
10967 5771
10968 1423
10968 5297
10968 10965
10969 1423
10969 10965
10970 5297
10970 10965
10971 1423
10971 5301
10971 1097
10972 1731
10972 1842
10972 2623
10973 5290
10973 5769
10973 5771
10974 5769
10974 5771
10975 5320
10975 5786
10976 5320
10976 9527
10976 5786
10977 9527
10977 5786
10978 5320
10978 4974
10978 5305
10979 5320
10979 5305
10980 9527
10980 5305
10981 5786
10981 5780
10982 6064
10982 2548
10982 3438
10983 6064
10983 2548
10984 27
10984 7261
10985 649
10985 7261
10986 1694
10986 7262
10987 31
10987 1694
10987 7262
10988 1537
10988 2828
10988 2829
10989 31
10989 7262
10990 1537
10990 2829
10991 1537
10991 2828
10992 649
10992 27
10992 7261
10993 7262
10993 8036
10994 2322
10994 1689
10995 8727
10995 2611
10996 8727
10996 4367
10997 2611
10997 2609
10998 2611
10998 8728
10998 4367
10999 2611
10999 8728
11000 8727
11000 2611
11000 4367
11001 19
11001 4813
11002 11003
11002 5921
11004 8180
11004 7896
11005 8180
11005 2898
11005 7896
11006 3014
11006 7896
11007 2898
11007 3014
11008 11003
11008 10133
11009 2038
11009 9844
11009 11010
11011 2038
11011 11010
11012 2038
11012 9844
11013 2548
11013 3438
11013 11010
11014 2548
11014 11010
11015 3438
11015 11010
11016 2548
11016 3438
11016 9844
11017 2548
11017 9844
11018 7335
11018 11019
11020 5405
11020 5412
11020 5417
11021 7335
11021 11019
11021 5417
11022 5417
11022 11019
11023 5417
11023 11024
11025 7335
11025 11024
11026 11019
11026 2608
11027 7335
11027 11024
11027 5417
11028 11019
11028 2608
11028 11024
11029 2608
11029 11024
11030 8554
11030 4701
11031 2944
11031 541
11032 4701
11032 5403
11033 886
11033 1423
11033 4851
11034 886
11034 1423
11035 2363
11035 2367
11036 879
11036 4855
11037 4851
11037 366
11037 4852
11038 879
11038 4855
11038 4852
11039 879
11039 4852
11040 884
11040 1423
11041 649
11041 884
11042 886
11042 4851
11043 649
11043 884
11043 1423
11044 2997
11044 8554
11045 2370
11045 2360
11046 3823
11046 11047
11046 11048
11049 10934
11049 5247
11049 5250
11050 3823
11050 11048
11051 5430
11051 5442
11051 11047
11052 5430
11052 11047
11053 5442
11053 11047
11054 5430
11054 5442
11054 11048
11055 5247
11055 5250
11055 5248
11056 5442
11056 11048
11057 2366
11057 2364
11058 4813
11058 5924
11059 4142
11059 10959
11059 3602
11060 10959
11060 4142
11061 7092
11061 7081
11061 3001
11062 2562
11062 11063
11062 1157
11064 11063
11064 1157
11065 10959
11065 4813
11065 5924
11066 4813
11066 10959
11067 2026
11067 11063
11068 2018
11068 11063
11069 2562
11069 1157
11070 2018
11070 2026
11070 11063
11071 2018
11071 1159
11072 5451
11072 3862
11072 5453
11073 2018
11073 2026
11073 1159
11074 9152
11074 5248
11075 10930
11075 6972
11076 9126
11076 2078
11077 2997
11077 5403
11078 1694
11078 6154
11078 1695
11079 9123
11079 2073
11080 6154
11080 1695
11081 2746
11081 11082
11081 3992
11083 9447
11083 650
11084 9447
11084 3986
11085 9441
11085 3986
11086 9441
11086 650
11086 3986
11087 3453
11087 849
11087 9
11088 9441
11088 650
11089 3453
11089 9
11090 3453
11090 849
11091 9447
11091 650
11091 3986
11092 457
11092 1050
11093 10474
11093 631
11094 5481
11094 270
11094 631
11095 6796
11095 316
11096 5481
11096 3879
11096 10474
11097 3879
11097 10474
11098 5481
11098 3879
11099 6796
11099 3879
11099 316
11100 2084
11100 3336
11101 2084
11101 3336
11101 3284
11102 2284
11102 3164
11103 5494
11103 5486
11104 2827
11104 2828
11105 2827
11105 2829
11106 2828
11106 9
11107 27
11107 2828
11108 31
11108 649
11108 2829
11109 649
11109 2829
11110 2831
11110 2828
11110 2829
11111 2831
11111 2828
11112 2831
11112 2829
11113 27
11113 2828
11113 9
11114 2267
11114 4955
11114 11115
11116 4957
11116 4974
11117 4974
11117 11115
11118 4957
11118 4974
11118 11115
11119 3915
11119 4955
11120 2239
11120 3915
11120 4955
11121 5506
11121 5507
11122 5005
11122 5507
11123 11124
11123 1972
11125 11124
11125 1970
11126 5005
11126 1972
11126 1970
11127 5005
11127 1972
11128 754
11128 11124
11128 5506
11129 11124
11129 5506
11130 754
11130 5506
11131 11124
11131 1970
11131 1972
11132 5536
11132 3184
11132 5542
11133 5536
11133 5542
11134 3984
11134 5542
11135 5532
11135 3984
11136 6027
11136 832
11137 5532
11137 3984
11137 5542
11138 6027
11138 832
11138 834
11139 6027
11139 834
11140 6021
11140 834
11141 6021
11141 832
11142 5559
11142 6046
11142 530
11143 5559
11143 6046
11144 6046
11144 530
11145 5559
11145 6045
11145 530
11146 5559
11146 6045
11147 6045
11147 530
11148 5559
11148 5551
11148 5555
11149 5559
11149 5555
11150 6046
11150 6037
11151 6045
11151 6037
11152 319
11152 3117
11152 1303
11153 319
11153 1303
11154 3117
11154 1303
11155 6217
11155 5693
11155 4024
11156 5693
11156 4024
11157 6217
11157 5693
11158 4020
11158 4023
11158 4024
11159 4020
11159 4024
11160 5561
11160 5563
11161 5562
11161 5563
11162 11163
11162 2747
11162 2751
11164 4520
11164 11165
11166 4520
11166 11167
11166 11165
11168 5098
11168 5099
11168 5101
11169 7344
11169 11167
11170 11167
11170 5098
11171 7344
11171 11167
11171 5098
11172 7344
11172 11165
11173 11165
11173 5098
11174 7344
11174 11165
11174 5098
11175 4520
11175 11167
11176 9126
11176 9123
11176 9854
11177 11082
11177 2454
11178 9853
11178 9849
11179 2414
11179 2410
11180 309
11180 3522
11181 5128
11181 3522
11182 309
11182 5128
11182 3522
11183 3520
11183 309
11184 11082
11184 11163
11185 5127
11185 2281
11186 5127
11186 2280
11186 2281
11187 3520
11187 5128
11188 3520
11188 309
11188 5128
11189 9126
11189 10075
11190 10070
11190 9126
11191 10070
11191 9126
11191 10075
11192 5152
11192 5229
11192 207
11193 5150
11193 207
11194 5152
11194 207
11195 9853
11195 9123
11196 5229
11196 4617
11197 5229
11197 4617
11197 4613
11198 4612
11198 4617
11198 4608
11199 5229
11199 4613
11200 9126
11200 9853
11201 3832
11201 6697
11201 7104
11202 5229
11202 5150
11203 9126
11203 9853
11203 9123
11204 4841
11204 171
11204 3114
11205 4841
11205 3114
11206 4841
11206 171
11207 4815
11207 5631
11207 5627
11208 9123
11208 9854
11209 4815
11209 5627
11210 171
11210 1290
11210 5631
11211 9126
11211 9854
11212 4844
11212 171
11212 7099
11213 4844
11213 7099
11214 2440
11214 4644
11214 4649
11215 6129
11215 1102
11215 11216
11217 6129
11217 11216
11218 1102
11218 11216
11219 6118
11219 6129
11219 6124
11220 11216
11220 1164
11221 1102
11221 11222
11221 6129
11223 2483
11223 4591
11223 1815
11224 4347
11224 11225
11224 2450
11226 649
11226 2441
11227 6697
11227 7104
11228 11229
11228 575
11228 589
11230 11225
11230 1759
11231 11229
11231 589
11232 11229
11232 575
11233 4347
11233 2450
11234 11225
11234 2450
11235 11229
11235 11225
11236 11229
11236 11225
11236 1759
11237 9076
11237 6852
11238 9613
11238 9076
11239 8
11239 9
11240 9613
11240 9076
11240 6852
11241 9614
11241 6851
11241 6852
11242 9614
11242 6852
11243 2835
11243 9786
11244 9809
11244 6696
11244 5658
11245 969
11245 1097
11245 9056
11246 31
11246 1316
11247 1114
11247 1316
11248 31
11248 1114
11248 1316
11249 1748
11249 4670
11250 1748
11250 1765
11250 4670
11251 1097
11251 9056
11252 969
11252 9056
11253 27
11253 1318
11254 1318
11254 1279
11255 9809
11255 5658
11256 5706
11256 6246
11257 5713
11257 5706
11257 6246
11258 5706
11258 140
11258 5708
11259 5713
11259 6246
11260 350
11260 1709
11260 6250
11261 5708
11261 6249
11262 350
11262 6250
11263 1709
11263 6250
11264 1709
11264 6249
11265 5708
11265 1709
11265 6249
11266 25
11266 166
11267 383
11267 373
11268 25
11268 166
11268 133
11269 410
11269 411
11270 410
11270 316
11271 163
11271 166
11271 164
11272 421
11272 422
11273 421
11273 423
11274 163
11274 166
11274 415
11275 5239
11275 164
11276 401
11276 402
11276 413
11277 401
11277 5735
11278 2548
11278 6146
11279 3438
11279 6146
11280 25
11280 1884
11280 4086
11281 1884
11281 4086
11282 11283
11282 795
11284 11283
11284 6290
11284 795
11285 25
11285 4086
11286 1272
11286 549
11286 1285
11287 550
11287 337
11288 549
11288 337
11289 9527
11289 4974
11290 350
11290 224
11291 1114
11291 224
11292 1114
11292 350
11292 224
11293 6290
11293 795
11294 1289
11294 1295
11294 1296
11295 1296
11295 1291
11296 4999
11296 2942
11296 4997
11297 11298
11297 3744
11299 11298
11299 3732
11300 11298
11300 3744
11300 3732
11301 1295
11301 5264
11302 1295
11302 11298
11303 1295
11303 11298
11303 5264
11304 1289
11304 1296
11305 1289
11305 1295
11306 2941
11306 4997
11307 3
11307 218
11308 4997
11308 94
11309 2514
11309 5003
11310 2806
11310 2811
11311 2807
11311 2811
11312 5751
11312 673
11312 5921
11313 673
11313 5921
11314 5751
11314 5921
11315 25
11315 4997
11315 94
11316 673
11316 674
11317 369
11317 673
11318 2065
11318 6793
11318 6910
11319 5009
11319 2517
11320 2802
11320 2807
11321 2806
11321 2807
11321 2811
11322 741
11322 742
11322 1892
11323 1
11323 218
11324 1891
11324 743
11325 992
11325 211
11326 1923
11326 1924
11327 1922
11327 1923
11328 140
11328 1927
11328 171
11329 140
11329 1927
11330 1922
11330 140
11331 1922
11331 31
11332 1924
11332 1935
11333 1922
11333 31
11333 140
11334 140
11334 1924
11334 1935
11335 140
11335 1924
11336 157
11336 5776
11337 3369
11337 1948
11337 5777
11338 3369
11338 5777
11339 2835
11339 4457
11340 7979
11340 157
11341 7979
11341 2503
11342 157
11342 3369
11342 5776
11343 157
11343 3369
11344 2503
11344 7981
11345 7979
11345 2503
11345 157
11346 2056
11346 9352
11346 720
11347 4771
11347 2821
11348 4771
11348 2819
11349 107
11349 10218
11350 5334
11350 11351
11350 4002
11352 283
11352 5329
11353 283
11353 11351
11354 283
11354 11351
11354 5329
11355 5334
11355 2253
11356 2257
11356 5334
11356 2253
11357 11351
11357 4002
11358 5334
11358 11351
11359 2180
11359 11360
11361 107
11361 2056
11361 10218
11362 2179
11362 11360
11363 10218
11363 9352
11364 2179
11364 2180
11364 3242
11365 10218
11365 9352
11365 720
11366 2180
11366 3242
11367 2056
11367 720
11368 3242
11368 11360
11368 2687
11369 2056
11369 9352
11370 11360
11370 2687
11371 3242
11371 2687
11372 2179
11372 2180
11372 11360
11373 2446
11373 2442
11374 2450
11374 2446
11375 5639
11375 109
11376 1263
11376 214
11377 5639
11377 107
11378 5809
11378 3413
11379 5809
11379 2949
11379 3413
11380 7891
11380 1264
11380 1265
11381 1130
11381 1131
11381 3413
11382 171
11382 5365
11383 716
11383 5365
11384 171
11384 716
11384 5365
11385 220
11385 3264
11386 220
11386 3267
11386 214
11387 767
11387 239
11388 649
11388 239
11389 10244
11389 5062
11390 11391
11390 1077
11392 5050
11392 10244
11393 11394
11393 5376
11393 1401
11395 5374
11395 1401
11396 11394
11396 11397
11398 11394
11398 8672
11398 11397
11399 5376
11399 1401
11400 11394
11400 5376
11401 8671
11401 11397
11402 8644
11402 11397
11403 8644
11403 8671
11403 11397
11404 11394
11404 8672
11405 140
11405 1073
11405 5395
11406 140
11406 5395
11407 1073
11407 5395
11408 5873
11408 6816
11408 6193
11409 5873
11409 6816
11410 6816
11410 6193
11411 5859
11411 5864
11411 5873
11412 5864
11412 5873
11413 140
11413 5392
11414 5390
11414 5392
11415 3086
11415 746
11416 5050
11416 5061
11417 5050
11417 5061
11417 5062
11418 1617
11418 1604
11418 1618
11419 1604
11419 1618
11420 5408
11420 1884
11421 11422
11421 1623
11421 5406
11423 1623
11423 5406
11424 11422
11424 5406
11425 3411
11425 1623
11425 1624
11426 3411
11426 1623
11427 1605
11427 1627
11428 3411
11428 11422
11428 1624
11429 3411
11429 11422
11430 11422
11430 1624
11431 5408
11431 11432
11433 11432
11433 5406
11434 11435
11434 3184
11434 5346
11436 11435
11436 3184
11437 422
11437 434
11437 423
11438 3184
11438 5346
11439 5349
11439 11435
11439 4367
11440 2810
11440 11441
11440 1840
11442 11441
11442 1840
11443 11441
11443 1394
11444 1394
11444 5912
11445 5931
11445 1840
11446 5349
11446 11435
11447 2810
11447 11441
11448 5931
11448 1839
11448 1840
11449 1862
11449 3320
11449 6405
11450 1862
11450 6405
11451 1862
11451 17
11452 11435
11452 4367
11453 5427
11453 135
11454 11441
11454 1394
11454 5912
11455 1856
11455 3419
11455 411
11456 1856
11456 3419
11457 2461
11457 2453
11457 2454
11458 11459
11458 5406
11460 5408
11460 11432
11460 5406
11461 2065
11461 6793
11462 171
11462 3879
11462 3880
11463 5467
11463 1096
11464 5467
11464 3314
11465 5946
11465 1884
11466 5946
11466 1884
11466 1694
11467 4261
11467 9561
11467 745
11468 5946
11468 1694
11469 4261
11469 745
11470 4261
11470 9561
11471 9561
11471 747
11472 9561
11472 746
11472 747
11473 10211
11473 7099
11474 10211
11474 2090
11474 8625
11475 1301
11475 2096
11476 7338
11476 2846
11477 7338
11477 7345
11478 5561
11478 5562
11478 6750
11479 5561
11479 6750
11480 6750
11480 5980
11481 6737
11481 5980
11482 5570
11482 5978
11483 6737
11483 6750
11483 5980
11484 5570
11484 5978
11484 5980
11485 5978
11485 5980
11486 5976
11486 5980
11487 5570
11487 5976
11488 135
11488 4693
11489 31
11489 4693
11490 27
11490 6503
11491 31
11491 135
11491 4693
11492 7800
11492 6972
11493 5994
11493 5237
11493 6002
11494 7800
11494 7805
11494 6972
11495 7805
11495 6972
11496 27
11496 364
11496 6503
11497 364
11497 6503
11498 2622
11498 2626
11498 2623
11499 2622
11499 2626
11500 1650
11500 2749
11501 1650
11501 2749
11501 1652
11502 2743
11502 1650
11502 1652
11503 2749
11503 1652
11504 2743
11504 1652
11505 2743
11505 1650
11506 4451
11506 3751
11507 6010
11507 11508
11507 1574
11509 11508
11509 1574
11510 6010
11510 1574
11511 2737
11511 11508
11511 843
11512 2737
11512 11508
11513 11508
11513 843
11514 2358
11514 2370
11515 2737
11515 2739
11516 2737
11516 2738
11517 814
11517 2846
11518 5103
11518 11519
11518 11520
11521 11519
11521 6032
11521 7385
11522 11519
11522 6032
11523 5103
11523 11519
11524 5103
11524 11520
11525 11520
11525 6032
11526 11520
11526 7385
11527 11519
11527 7385
11528 11520
11528 6032
11528 7385
11529 2359
11529 2372
11530 3713
11530 5587
11530 7760
11531 4510
11531 503
11532 3027
11532 6074
11533 3027
11533 5594
11533 6074
11534 2842
11534 9723
11535 5594
11535 6074
11536 1477
11536 1478
11536 1011
11537 6081
11537 1478
11538 171
11538 4510
11539 1477
11539 1011
11540 6081
11540 1011
11541 6081
11541 1478
11541 1011
11542 8644
11542 8671
11542 8672
11543 2487
11543 2958
11544 2370
11544 2372
11545 5607
11545 5602
11546 5608
11546 5602
11547 5156
11547 5607
11547 1058
11548 5608
11548 1058
11549 5156
11549 5608
11550 5156
11550 5608
11550 1058
11551 5156
11551 5147
11552 5156
11552 5144
11552 5147
11553 5607
11553 1058
11554 5156
11554 5607
11555 171
11555 8424
11556 3181
11556 5464
11556 8054
11557 171
11557 6697
11557 8424
11558 6697
11558 8424
11559 3181
11559 8054
11560 5464
11560 8054
11561 1455
11561 1457
11561 11562
11563 1455
11563 11564
11565 9786
11565 9841
11566 101
11566 3282
11566 1471
11567 1470
11567 1457
11568 101
11568 3282
11569 3282
11569 1471
11570 1455
11570 11562
11571 1457
11571 11562
11572 7760
11572 6440
11573 1470
11573 3282
11573 1457
11574 11575
11574 6558
11576 6569
11576 11575
11577 11578
11577 3315
11579 6569
11579 11575
11579 6558
11580 11578
11580 11575
11580 3315
11581 11575
11581 3315
11582 11575
11582 6121
11583 11578
11583 6121
11584 140
11584 381
11584 94
11585 11578
11585 11575
11585 6121
11586 4811
11586 5382
11587 4811
11587 1979
11588 1979
11588 4809
11589 4811
11589 5382
11589 1979
11590 5382
11590 6134
11591 6133
11591 1976
11591 5383
11592 5382
11592 5383
11592 6134
11593 5382
11593 1979
11593 4809
11594 5382
11594 4809
11595 8180
11595 2898
11596 11597
11596 7558
11596 7137
11598 1332
11598 1333
11599 44
11599 1333
11600 8644
11600 8672
11601 1399
11601 1401
11602 2898
11602 3014
11602 7896
11603 8180
11603 3013
11604 7558
11604 7137
11605 1868
11605 3600
11606 8
11606 3600
11607 8
11607 1868
11607 3595
11608 1868
11608 3595
11609 8
11609 3595
11610 8
11610 1868
11610 3600
11611 1534
11611 2309
11612 4692
11612 6503
11613 11614
11613 8305
11613 8307
11615 6199
11615 8300
11616 11614
11616 8307
11617 11614
11617 8305
11618 6198
11618 8300
11619 6198
11619 11614
11620 6199
11620 11614
11621 6199
11621 11614
11621 8300
11622 6198
11622 11614
11622 8300
11623 6199
11623 6194
11624 827
11624 94
11625 649
11625 827
11625 94
11626 2067
11626 853
11626 6205
11627 649
11627 827
11628 3706
11628 2358
11628 2360
11629 5678
11629 2360
11630 3706
11630 2358
11631 5678
11631 2358
11632 5678
11632 2358
11632 2360
11633 579
11633 5189
11633 5190
11634 3731
11634 3744
11634 3732
11635 3739
11635 5190
11636 3739
11636 3740
11636 5190
11637 3743
11637 3744
11638 3614
11638 350
11639 3837
11639 319
11640 3837
11640 3832
11640 319
11641 1133
11641 3753
11642 1133
11642 1134
11642 3753
11643 6221
11643 1296
11644 6221
11644 3731
11645 3713
11645 5666
11646 6634
11646 6635
11647 6634
11647 366
11648 4692
11648 6503
11648 4693
11649 6241
11649 6244
11650 6241
11650 6244
11650 6242
11651 7116
11651 5716
11652 7116
11652 6241
11653 7116
11653 5716
11653 6241
11654 6631
11654 1279
11655 6631
11655 366
11656 6631
11656 1279
11656 366
11657 630
11657 386
11658 630
11658 27
11658 386
11659 5244
11659 5727
11659 5728
11660 9000
11660 1811
11661 9000
11661 316
11662 9000
11662 1811
11662 316
11663 633
11663 31
11664 633
11664 814
11665 633
11665 31
11665 814
11666 630
11666 27
11667 31
11667 4681
11667 25
11668 4979
11668 3148
11668 6189
11669 4684
11669 135
11670 5744
11670 5745
11671 5745
11671 2623
11672 903
11672 894
11673 5744
11673 5486
11674 5747
11674 5486
11674 5488
11675 5744
11675 5486
11675 5488
11676 5744
11676 5488
11677 6275
11677 5711
11677 5741
11678 6275
11678 5711
11679 5747
11679 5488
11680 5747
11680 5486
11681 4684
11681 27
11682 3841
11682 894
11683 327
11683 324
11683 325
11684 11685
11684 327
11686 11685
11686 324
11687 6701
11687 1275
11688 11283
11688 6290
11688 6699
11689 11685
11689 327
11689 324
11690 11283
11690 2223
11691 11283
11691 27
11692 6290
11692 6701
11693 11283
11693 27
11693 2223
11694 11283
11694 6290
11694 6701
11695 11283
11695 6701
11696 11283
11696 6699
11697 6290
11697 6699
11698 9269
11698 3756
11698 792
11699 4012
11699 5324
11700 4012
11700 4008
11700 5324
11701 3983
11701 11685
11701 3984
11702 3755
11702 3186
11703 5791
11703 2273
11704 5791
11704 5798
11704 2273
11705 5791
11705 5792
11705 3938
11706 5798
11706 2273
11707 4012
11707 4008
11707 5322
11708 4008
11708 5324
11709 4008
11709 5322
11710 4012
11710 5322
11711 3755
11711 9269
11711 3186
11712 3755
11712 792
11713 3755
11713 3756
11713 792
11714 9269
11714 3756
11715 8909
11715 2490
11715 327
11716 2490
11716 327
11717 8909
11717 327
11718 2490
11718 2251
11718 2491
11719 3184
11719 10617
11720 3983
11720 11685
11721 3186
11721 10617
11722 8909
11722 2251
11722 2491
11723 5818
11723 1848
11724 171
11724 5818
11724 1848
11725 171
11725 1821
11725 5820
11726 171
11726 5818
11727 171
11727 5820
11728 8909
11728 2491
11729 6309
11729 5810
11730 6320
11730 6309
11730 5810
11731 171
11731 6309
11731 5731
11732 6320
11732 5810
11733 11734
11733 11735
11733 5842
11736 5840
11736 5841
11737 7499
11737 11734
11737 7504
11738 11735
11738 7504
11739 11734
11739 7504
11740 7499
11740 11734
11741 11734
11741 5842
11742 11735
11742 5842
11743 7499
11743 11735
11744 7499
11744 11735
11744 7504
11745 5181
11745 5179
11746 274
11746 5181
11746 5179
11747 5855
11747 6187
11747 1709
11748 5855
11748 1709
11749 5857
11749 1709
11750 5857
11750 954
11751 5855
11751 6187
11752 5857
11752 954
11752 1709
11753 5860
11753 6191
11754 6187
11754 6185
11754 140
11755 5860
11755 6185
11755 6191
11756 5860
11756 6185
11757 1787
11757 5178
11758 1787
11758 1785
11758 5178
11759 6373
11759 2204
11760 2204
11760 2212
11760 6376
11761 8619
11761 7087
11762 11763
11762 8621
11762 4483
11764 11763
11764 8621
11765 11763
11765 4483
11766 2212
11766 6376
11767 2204
11767 6376
11768 8619
11768 11763
11768 7087
11769 11763
11769 7087
11770 2239
11770 7164
11770 3915
11771 7163
11771 2239
11772 7163
11772 3915
11773 7163
11773 3915
11773 2239
11774 3915
11774 3901
11775 3915
11775 3901
11775 3916
11776 1491
11776 6399
11777 6397
11777 2221
11777 1491
11778 6397
11778 2221
11779 6397
11779 1491
11780 2220
11780 4597
11780 3321
11781 2239
11781 7164
11782 4597
11782 3321
11783 2220
11783 2221
11783 1491
11784 7164
11784 3915
11785 1491
11785 6399
11785 2221
11786 2221
11786 6399
11787 5918
11787 3958
11788 5918
11788 3970
11789 2867
11789 6414
11789 6411
11790 2867
11790 6411
11791 3958
11791 3970
11791 5920
11792 3958
11792 5920
11793 3970
11793 5920
11794 5918
11794 3970
11794 3958
11795 5916
11795 5920
11796 5916
11796 5921
11797 5948
11797 11798
11799 5948
11799 5469
11799 11798
11800 5949
11800 5469
11801 5949
11801 11798
11802 1097
11802 11798
11803 1695
11803 11798
11804 1695
11804 1097
11804 11798
11805 5948
11805 5469
11806 5949
11806 5469
11806 11798
11807 3761
11807 5948
11808 7307
11808 325
11809 1583
11809 1475
11810 3823
11810 11047
11811 4286
11811 642
11812 5430
11812 11048
11813 4924
11813 4925
11814 11815
11814 9010
11814 4400
11816 11817
11816 5939
11818 11815
11818 4400
11819 11815
11819 9010
11820 11817
11820 9010
11821 11817
11821 9010
11821 4400
11822 9010
11822 9011
11822 9013
11823 11817
11823 4400
11824 5899
11824 4287
11824 642
11825 11815
11825 5939
11826 11815
11826 11817
11826 5939
11827 10959
11827 3602
11828 6476
11828 11829
11828 11830
11831 6476
11831 11829
11832 6941
11832 11829
11833 3481
11833 11829
11834 6476
11834 11830
11835 6941
11835 3481
11835 11829
11836 3481
11836 11830
11837 6941
11837 6932
11837 6930
11838 6941
11838 3481
11838 11830
11839 6941
11839 11830
11840 11082
11840 3992
11841 969
11841 7833
11842 649
11842 7833
11843 6487
11843 2356
11844 2355
11844 2552
11844 2553
11845 5830
11845 7835
11846 1745
11846 5635
11846 11847
11848 5830
11848 11847
11848 7835
11849 11847
11849 7835
11850 1745
11850 5635
11850 5830
11851 5836
11851 2575
11851 316
11852 5635
11852 11847
11853 1745
11853 11847
11854 6975
11854 5247
11855 6975
11855 5250
11856 969
11856 5247
11856 814
11857 5247
11857 814
11858 6974
11858 5247
11858 5250
11859 6974
11859 5247
11860 6974
11860 5250
11861 6975
11861 5247
11861 5250
11862 4902
11862 5880
11863 4276
11863 5869
11863 6006
11864 6970
11864 6974
11865 6970
11865 6975
11866 4257
11866 4270
11866 6006
11867 4270
11867 6006
11868 5869
11868 6006
11869 4276
11869 5869
11870 4801
11870 10959
11870 5924
11871 11872
11871 6515
11871 11873
11874 5899
11874 642
11875 11872
11875 4379
11876 2227
11876 11872
11876 4379
11877 6515
11877 11873
11878 11872
11878 6515
11879 2227
11879 11873
11880 4379
11880 11873
11881 2227
11881 4379
11881 11873
11882 2227
11882 11872
11883 2746
11883 2747
11883 2751
11884 11163
11884 2751
11885 2026
11885 1159
11886 11163
11886 2747
11887 928
11887 6533
11887 7995
11888 6533
11888 7995
11889 5064
11889 5069
11889 8266
11890 5064
11890 8266
11891 5069
11891 8266
11892 5067
11892 5064
11892 5065
11893 928
11893 6533
11894 928
11894 7995
11894 6527
11895 7995
11895 6527
11896 928
11896 6527
11897 11082
11897 11163
11897 2454
11898 2746
11898 3992
11899 4287
11899 6796
11900 1467
11900 6154
11900 6148
11901 6154
11901 1468
11902 4988
11902 1063
11903 1467
11903 6154
11904 6061
11904 2072
11904 6051
11905 6056
11905 6148
11906 6061
11906 6148
11907 6061
11907 6056
11907 6148
11908 44
11908 1535
11909 2328
11909 9343
11910 426
11910 9343
11911 6073
11911 6070
11912 6069
11912 6073
11912 6070
11913 1268
11913 5134
11914 6070
11914 5134
11915 1268
11915 6070
11915 5134
11916 2328
11916 9341
11917 426
11917 9341
11918 426
11918 2328
11918 9341
11919 11920
11919 6088
11919 11921
11922 6089
11922 5421
11923 11920
11923 5423
11923 5610
11924 5423
11924 11921
11925 11920
11925 5423
11926 11920
11926 5610
11927 11920
11927 6088
11928 6088
11928 11921
11929 5610
11929 11921
11930 5423
11930 5610
11930 11921
11931 11932
11931 6106
11933 11932
11933 6112
11934 6115
11934 6112
11935 6115
11935 6112
11935 6106
11936 7306
11936 11932
11937 7306
11937 11932
11937 6115
11938 11932
11938 6112
11938 6106
11939 7306
11939 6115
11940 7305
11940 7307
11941 7305
11941 7306
11942 6562
11942 6563
11943 1419
11943 6563
11944 1419
11944 6565
11944 6562
11945 6562
11945 6565
11946 1419
11946 6565
11947 11562
11947 11564
11947 6562
11948 11564
11948 6562
11949 11562
11949 6562
11950 1455
11950 1457
11950 11564
11951 1457
11951 11564
11952 6162
11952 6584
11953 6162
11953 6582
11953 6585
11954 6613
11954 6152
11955 1475
11955 6613
11956 6156
11956 6585
11957 10925
11957 10915
11957 10539
11958 6156
11958 6613
11958 6585
11959 6613
11959 6585
11960 6582
11960 6585
11961 6162
11961 6582
11962 6166
11962 6180
11963 6169
11963 6166
11963 6180
11964 897
11964 3252
11965 6180
11965 3252
11966 6180
11966 897
11966 3252
11967 897
11967 3253
11968 6180
11968 3253
11969 6180
11969 897
11969 3253
11970 3252
11970 2700
11971 3253
11971 2700
11972 10917
11972 10925
11972 8748
11973 2662
11973 9
11973 767
11974 2933
11974 2067
11975 10925
11975 8748
11976 11977
11976 1156
11978 11977
11978 5989
11979 11977
11979 5989
11979 1156
11980 4283
11980 3850
11981 11977
11981 4283
11982 11977
11982 4283
11982 3850
11983 2662
11983 9
11984 2662
11984 767
11985 822
11985 790
11986 4199
11986 8268
11986 4202
11987 8261
11987 4202
11988 897
11988 11989
11990 5401
11990 897
11990 11989
11991 8268
11991 4202
11992 4199
11992 8268
11993 5073
11993 11989
11994 6226
11994 11989
11995 5073
11995 6226
11995 11989
11996 5401
11996 897
11997 6632
11997 7121
11998 11999
11998 7121
12000 11999
12000 7120
12001 11999
12001 7120
12001 6632
12002 6642
12002 11999
12002 6639
12003 7120
12003 6632
12004 11999
12004 6639
12005 6642
12005 11999
12006 6632
12006 11999
12006 7121
12007 7115
12007 7120
12008 985
12008 2118
12009 2545
12009 14
12010 12011
12010 5171
12012 6982
12012 6983
12013 12011
12013 5162
12013 5171
12014 6982
12014 7005
12014 2604
12015 2545
12015 6983
12016 7226
12016 316
12017 4175
12017 8748
12017 7368
12018 319
12018 309
12018 314
12019 319
12019 314
12020 12021
12020 6686
12020 8239
12022 12021
12022 6686
12023 12021
12023 8239
12024 6500
12024 6686
12024 8236
12025 309
12025 314
12026 6858
12026 12021
12026 2352
12027 6858
12027 12021
12028 6858
12028 2352
12029 270
12029 10474
12029 631
12030 12031
12030 1957
12032 12033
12032 1285
12032 6711
12034 12033
12034 6711
12035 12033
12035 1285
12036 12031
12036 1285
12036 6711
12037 12031
12037 6711
12038 12031
12038 1285
12039 6703
12039 6711
12039 6707
12040 12033
12040 12031
12040 1957
12041 12033
12041 1957
12042 51
12042 493
12043 1836
12043 10002
12044 51
12044 494
12045 6796
12045 3879
12046 25
12046 2428
12046 153
12047 2428
12047 153
12048 25
12048 2428
12049 7326
12049 7327
12050 6714
12050 7327
12051 6717
12051 7326
12051 6715
12052 6717
12052 7326
12053 7326
12053 6715
12054 7462
12054 6316
12055 1495
12055 7462
12055 6316
12056 1495
12056 6317
12057 7462
12057 6317
12058 6755
12058 7462
12059 1645
12059 7462
12060 6768
12060 8609
12061 6768
12061 12062
12063 6769
12063 12062
12064 6769
12064 12062
12064 8609
12065 5187
12065 12062
12065 6183
12066 6769
12066 8609
12067 5187
12067 12062
12068 12062
12068 6183
12069 6768
12069 8609
12069 12062
12070 6765
12070 6769
12071 5041
12071 4569
12072 364
12072 3565
12073 5041
12073 4568
12073 4569
12074 5041
12074 7550
12075 4568
12075 7550
12076 5041
12076 4568
12076 7550
12077 4427
12077 5795
12078 1423
12078 3565
12079 4427
12079 5795
12079 7550
12080 5570
12080 4569
12081 364
12081 1423
12081 3565
12082 6209
12082 3393
12082 3156
12083 6208
12083 3156
12084 1894
12084 5832
12084 1897
12085 10917
12085 8748
12086 7570
12086 1897
12087 2904
12087 3563
12088 6793
12088 7585
12089 7570
12089 7585
12090 6793
12090 7570
12090 7585
12091 5239
12091 2468
12092 6265
12092 7585
12093 2904
12093 2902
12093 366
12094 421
12094 1207
12095 1836
12095 9999
12095 10002
12096 3555
12096 365
12097 69
12097 10132
12098 5239
12098 2467
12098 2648
12099 9285
12099 9293
12100 69
12100 11003
12101 434
12101 5233
12102 9292
12102 9285
12103 67
12103 153
12104 4175
12104 7368
12105 69
12105 10132
12105 11003
12106 5244
12106 1811
12107 10132
12107 5921
12108 434
12108 423
12109 11003
12109 10133
12109 5921
12110 4932
12110 2038
12110 2085
12111 6362
12111 6827
12111 1423
12112 6362
12112 1423
12113 10132
12113 10133
12113 5921
12114 2037
12114 4932
12115 6826
12115 6812
12115 6357
12116 6826
12116 6357
12117 6812
12117 6357
12118 6826
12118 6827
12118 366
12119 6362
12119 6827
12120 1423
12120 192
12120 6360
12121 1423
12121 6360
12122 192
12122 6360
12123 2037
12123 4932
12123 2038
12124 2084
12124 2085
12125 4979
12125 6176
12126 2037
12126 2084
12127 12128
12127 7271
12129 12128
12129 7245
12130 2562
12130 7285
12131 12128
12131 7245
12131 7271
12132 2562
12132 12128
12132 7285
12133 2562
12133 12128
12134 1140
12134 3920
12135 1140
12135 3918
12136 1097
12136 6836
12137 1140
12137 3918
12137 3920
12138 969
12138 2360
12139 1918
12139 1940
12140 6176
12140 3148
12141 9300
12141 2372
12142 4997
12142 9298
12143 2942
12143 4997
12143 9298
12144 2942
12144 9305
12145 4997
12145 9305
12146 2929
12146 2933
12147 12148
12147 3481
12147 6854
12149 12148
12149 3481
12150 6946
12150 2374
12151 7923
12151 948
12152 948
12152 949
12152 6854
12153 7923
12153 948
12153 949
12154 9305
12154 2374
12155 7923
12155 12148
12156 12148
12156 6275
12157 3481
12157 6854
12158 7923
12158 12148
12158 6275
12159 6878
12159 12160
12161 6878
12161 9663
12162 6876
12162 1156
12163 6878
12163 12160
12163 9663
12164 12160
12164 3849
12165 3849
12165 9663
12165 3852
12166 12160
12166 3849
12166 3852
12167 12160
12167 3852
12168 6878
12168 6876
12168 1156
12169 6878
12169 6876
12170 6991
12170 2629
12170 3992
12171 6991
12171 2629
12172 6991
12172 3992
12173 6557
12173 6430
12174 6557
12174 6560
12174 6430
12175 3760
12175 2593
12175 5942
12176 6560
12176 6430
12177 6557
12177 6560
12177 12178
12179 11578
12179 6425
12180 6560
12180 12178
12181 6557
12181 12178
12182 6425
12182 12178
12183 11578
12183 6425
12183 12178
12184 6449
12184 6458
12185 2679
12185 6456
12185 12186
12187 4944
12187 9419
12188 2675
12188 12186
12189 2670
12189 12186
12190 2679
12190 6458
12191 2670
12191 2675
12191 12186
12192 2679
12192 6458
12192 12186
12193 6458
12193 12186
12194 6456
12194 12186
12195 2679
12195 6456
12196 5492
12196 9419
12197 825
12197 1834
12198 2267
12198 11115
12199 4955
12199 11115
12200 350
12200 1951
12201 1951
12201 1279
12202 6918
12202 8966
12203 12204
12203 5521
12203 5519
12205 12204
12205 5521
12206 12204
12206 5519
12207 6919
12207 135
12208 6919
12208 969
12209 6918
12209 8966
12209 12204
12210 6918
12210 12204
12211 8280
12211 3813
12212 8280
12212 3811
12213 6918
12213 6922
12214 6919
12214 969
12214 135
12215 8279
12215 3811
12216 386
12216 969
12216 3813
12217 8279
12217 3813
12217 3811
12218 8279
12218 3813
12219 3487
12219 1073
12220 3485
12220 12221
12220 12222
12223 2867
12223 12221
12224 2867
12224 12222
12224 7616
12225 12222
12225 7616
12226 2867
12226 12222
12227 3485
12227 12221
12228 3485
12228 12222
12229 2867
12229 12221
12229 7616
12230 12221
12230 7616
12231 2382
12231 6954
12231 12232
12233 2382
12233 12232
12234 12235
12234 970
12234 972
12236 12235
12236 970
12237 12235
12237 972
12238 6954
12238 970
12238 972
12239 2382
12239 6954
12240 1537
12240 12232
12240 12235
12241 12232
12241 12235
12242 1537
12242 12232
12243 7412
12243 7415
12244 422
12244 423
12244 7413
12245 386
12245 423
12246 350
12246 423
12247 422
12247 7415
12248 350
12248 386
12248 423
12249 422
12249 423
12249 7415
12250 423
12250 7415
12251 423
12251 7413
12252 422
12252 7413
12253 6997
12253 7001
12254 6997
12254 2810
12254 7001
12255 5931
12255 12256
12257 5931
12257 1839
12257 12256
12258 5931
12258 6512
12258 1839
12259 1839
12259 12256
12260 6512
12260 12256
12260 7001
12261 6997
12261 2810
12262 6512
12262 7001
12263 12256
12263 7001
12264 5938
12264 5934
12265 5344
12265 3020
12266 468
12266 5344
12267 2404
12267 2410
12268 4427
12268 12269
12268 10780
12270 12269
12270 10780
12271 12269
12271 5342
12272 5342
12272 12273
12274 10780
12274 12273
12275 4427
12275 12273
12276 4427
12276 12269
12277 4427
12277 10780
12277 12273
12278 5492
12278 369
12279 319
12279 7014
12280 12269
12280 5342
12280 12273
12281 1375
12281 6085
12281 1376
12282 12283
12282 1375
12284 12283
12284 1376
12285 12283
12285 1375
12285 1376
12286 6549
12286 6085
12287 6549
12287 12283
12288 6549
12288 12283
12288 6085
12289 6544
12289 2862
12290 6549
12290 6544
12291 6549
12291 6544
12291 2862
12292 695
12292 691
12293 4096
12293 5934
12294 1819
12294 1394
12295 2006
12295 7488
12295 7486
12296 9076
12296 7045
12297 7042
12297 9077
12297 9076
12298 7042
12298 9077
12299 7042
12299 9076
12300 6579
12300 6588
12300 9077
12301 6579
12301 9077
12302 668
12302 666
12302 6596
12303 6592
12303 662
12304 1440
12304 12305
12306 1440
12306 12307
12306 12305
12308 12305
12308 3249
12308 6599
12309 1440
12309 12307
12310 12305
12310 3249
12311 12305
12311 6599
12312 12307
12312 6599
12313 3249
12313 12307
12313 6599
12314 6605
12314 6599
12314 6600
12315 3249
12315 12307
12316 7345
12316 2847
12316 3165
12317 6615
12317 9898
12317 7090
12318 7089
12318 7084
12319 9898
12319 1884
12319 386
12320 6615
12320 7089
12321 9898
12321 1884
12322 9898
12322 386
12323 6615
12323 7090
12324 9898
12324 7090
12325 9898
12325 7089
12326 6615
12326 9898
12326 7089
12327 1423
12327 9292
12328 1423
12328 9292
12328 7109
12329 7345
12329 3165
12330 9
12330 9293
12331 1423
12331 9293
12332 1423
12332 9
12332 9293
12333 9292
12333 7109
12334 7107
12334 366
12334 7109
12335 7111
12335 9284
12336 7107
12336 9284
12337 7111
12337 7107
12337 9284
12338 7593
12338 8983
12338 1843
12339 849
12339 1832
12340 7593
12340 1843
12341 8983
12341 1843
12342 6651
12342 1843
12343 1832
12343 6651
12344 1832
12344 814
12345 849
12345 1832
12345 814
12346 1832
12346 6651
12346 1843
12347 6647
12347 1843
12348 7139
12348 7144
12349 12350
12349 4932
12351 4137
12351 7566
12351 6676
12352 7139
12352 171
12353 4137
12353 7566
12354 7566
12354 6676
12355 6676
12355 6667
12356 6064
12356 12350
12357 6064
12357 12350
12357 4932
12358 7136
12358 171
12359 7136
12359 6476
12360 4096
12360 6146
12361 12350
12361 4096
12362 12350
12362 4096
12362 6146
12363 1884
12363 2739
12364 5315
12364 9
12365 2686
12365 2692
12366 5315
12366 1695
12367 364
12367 1884
12367 2739
12368 4076
12368 2738
12369 2835
12369 9786
12369 4457
12370 2838
12370 2738
12371 316
12371 8237
12372 7211
12372 9402
12372 9398
12373 2694
12373 2687
12373 2692
12374 4219
12374 9390
12375 9389
12375 4219
12376 9389
12376 3710
12377 9389
12377 3710
12377 2276
12378 2276
12378 9390
12379 3710
12379 9390
12380 7177
12380 2223
12381 7177
12381 27
12382 7179
12382 31
12382 1504
12383 7179
12383 1504
12384 7179
12384 31
12385 969
12385 668
12385 1114
12386 1114
12386 668
12387 969
12387 668
12388 3071
12388 662
12388 3072
12389 3071
12389 662
12390 8691
12390 1088
12391 8691
12391 8609
12392 11578
12392 1092
12393 2716
12393 2712
12394 8691
12394 11578
12394 1092
12395 8691
12395 11578
12396 6560
12396 767
12397 6560
12397 1279
12398 7193
12398 7196
12398 7194
12399 7198
12399 12400
12401 7194
12401 12400
12402 7194
12402 7198
12402 12400
12403 6744
12403 2273
12404 6744
12404 12400
12405 6744
12405 12400
12405 2273
12406 6743
12406 2273
12407 6743
12407 12400
12408 6743
12408 12400
12408 2273
12409 4292
12409 3290
12409 5758
12410 7711
12410 6314
12411 6314
12411 7215
12412 7218
12412 7215
12413 7218
12413 7214
12413 7215
12414 2409
12414 1496
12415 2409
12415 171
12415 1496
12416 7711
12416 6314
12416 7215
12417 171
12417 1496
12418 7313
12418 6670
12419 171
12419 7313
12419 6670
12420 171
12420 5813
12421 5813
12421 5814
12422 1263
12422 1265
12423 988
12423 12424
12425 988
12425 12424
12425 12426
12427 980
12427 4708
12427 7351
12428 1942
12428 12424
12429 6777
12429 12424
12430 6777
12430 1942
12430 12424
12431 988
12431 12426
12432 6777
12432 6772
12432 6764
12433 1942
12433 12426
12434 6777
12434 12426
12435 6777
12435 1942
12435 12426
12436 3613
12436 3614
12437 6780
12437 1626
12438 6780
12438 1626
12438 1627
12439 4292
12439 5758
12440 767
12440 1626
12441 364
12441 1626
12442 364
12442 767
12442 1626
12443 6780
12443 1627
12444 6344
12444 6207
12444 5507
12445 6334
12445 1627
12446 6344
12446 1627
12447 6344
12447 6334
12447 1627
12448 6801
12448 11391
12448 1077
12449 1079
12449 1076
12450 9347
12450 3739
12451 6800
12451 160
12452 649
12452 767
12452 239
12453 6800
12453 160
12453 161
12454 1597
12454 11391
12455 160
12455 11391
12456 1597
12456 160
12456 11391
12457 6801
12457 1077
12458 3666
12458 3614
12459 4293
12459 5758
12460 3615
12460 3666
12460 3614
12461 12462
12461 5389
12463 5385
12463 12462
12464 5394
12464 6823
12465 5385
12465 12462
12465 5389
12466 5394
12466 12462
12466 6823
12467 12462
12467 6823
12468 12462
12468 6821
12469 5394
12469 6821
12470 6815
12470 6823
12471 5394
12471 12462
12471 6821
12472 7344
12472 7345
12473 4293
12473 3290
12474 980
12474 7351
12475 5832
12475 6265
12476 10147
12476 1382
12476 10165
12477 3577
12477 3573
12477 3598
12478 7279
12478 7278
12479 7277
12479 7278
12480 7279
12480 345
12480 351
12481 7279
12481 351
12482 7279
12482 345
12483 345
12483 7281
12483 351
12484 7281
12484 351
12485 345
12485 7281
12486 1355
12486 5885
12486 5887
12487 1355
12487 5885
12488 4708
12488 7350
12488 7351
12489 5408
12489 11459
12490 5408
12490 11459
12490 5406
12491 7335
12491 12492
12493 10177
12493 6863
12494 6863
12494 312
12495 10177
12495 6865
12495 312
12496 11459
12496 12492
12497 6865
12497 312
12498 7317
12498 10177
12498 310
12499 7317
12499 10177
12500 10177
12500 310
12501 7335
12501 11459
12501 12492
12502 4469
12502 9
12502 1884
12503 6865
12503 6861
12504 11432
12504 3968
12505 12492
12505 3968
12506 11432
12506 12492
12506 3968
12507 1352
12507 1222
12508 1372
12508 1222
12509 4708
12509 7350
12510 2607
12510 2612
12511 4469
12511 9
12512 7267
12512 3735
12513 6889
12513 7267
12513 3735
12514 6887
12514 7267
12514 7818
12515 6889
12515 3735
12516 4516
12516 6887
12517 4520
12517 4516
12517 6887
12518 2607
12518 2608
12518 2612
12519 4469
12519 1884
12520 171
12520 5361
12520 716
12521 912
12521 913
12522 5364
12522 5365
12523 1367
12523 188
12524 97
12524 735
12525 3232
12525 9451
12526 31
12526 3232
12527 401
12527 8162
12527 413
12528 8162
12528 413
12529 401
12529 8162
12530 3231
12530 814
12531 3231
12531 27
12532 31
12532 3232
12532 364
12533 3232
12533 364
12534 7344
12534 7813
12535 7344
12535 7820
12536 2957
12536 7384
12537 7344
12537 7820
12537 7813
12538 689
12538 2957
12538 7384
12539 689
12539 7384
12540 689
12540 7389
12541 2957
12541 7389
12542 1569
12542 7387
12543 689
12543 2957
12543 7389
12544 2382
12544 12545
12546 7409
12546 7404
12546 7399
12547 2382
12547 7409
12547 12545
12548 7409
12548 12545
12549 7409
12549 12550
12551 2382
12551 12550
12552 2942
12552 12545
12553 2382
12553 7409
12553 12550
12554 2942
12554 12550
12554 12545
12555 2942
12555 12550
12556 1485
12556 7850
12557 12558
12557 7852
12557 1490
12559 12558
12559 7852
12560 7852
12560 1490
12561 7425
12561 12558
12561 316
12562 7425
12562 12558
12563 12558
12563 316
12564 7417
12564 7421
12564 7425
12565 1485
12565 7850
12565 7852
12566 7850
12566 7852
12567 31
12567 1367
12567 188
12568 6696
12568 5658
12569 4999
12569 4997
12570 171
12570 7005
12571 969
12571 3139
12572 7179
12572 7177
12572 3148
12573 6231
12573 6238
12574 7010
12574 6239
12574 7441
12575 6239
12575 6231
12575 6238
12576 6239
12576 6231
12577 7441
12577 7430
12577 316
12578 7441
12578 7430
12579 7441
12579 6239
12580 7010
12580 6239
12581 6239
12581 6232
12582 6238
12582 6232
12583 31
12583 1646
12584 7445
12584 4161
12584 4162
12585 7445
12585 4161
12586 7451
12586 4161
12587 7451
12587 4162
12588 1900
12588 9150
12589 1900
12589 9157
12590 7445
12590 4162
12591 1900
12591 9150
12591 9157
12592 4692
12592 7446
12593 7451
12593 4161
12593 4162
12594 7931
12594 181
12595 436
12595 438
12595 171
12596 2223
12596 3139
12597 3970
12597 12598
12599 3958
12599 12598
12600 3958
12600 3970
12600 12598
12601 10133
12601 3959
12602 10133
12602 12598
12603 10133
12603 12598
12603 3959
12604 3355
12604 3356
12604 12605
12606 3356
12606 12605
12607 3355
12607 12605
12608 7021
12608 3355
12608 3356
12609 6487
12609 7021
12610 2706
12610 12605
12610 12611
12612 12605
12612 12611
12613 2706
12613 12611
12614 425
12614 436
12614 2545
12615 6487
12615 12611
12615 7021
12616 6487
12616 12611
12617 479
12617 7028
12618 7033
12618 7028
12619 7033
12619 12620
12621 7033
12621 6553
12621 12620
12622 466
12622 463
12622 12620
12623 7033
12623 6553
12624 466
12624 12620
12625 463
12625 12620
12626 463
12626 6553
12627 466
12627 463
12627 6553
12628 1751
12628 898
12629 1994
12629 7494
12630 4703
12630 9383
12630 9385
12631 4703
12631 9385
12632 4703
12632 9383
12633 4703
12633 7492
12634 1994
12634 7492
12635 4703
12635 1994
12635 7494
12636 4703
12636 7494
12637 7494
12637 7488
12638 4703
12638 1994
12638 7492
12639 5374
12639 11394
12639 1401
12640 5374
12640 11394
12641 7566
12641 4679
12642 9126
12642 9123
12642 2078
12643 7509
12643 1256
12644 7509
12644 1254
12645 7502
12645 1254
12646 1694
12646 1884
12646 5841
12647 7502
12647 1254
12647 1256
12648 7502
12648 1256
12649 5171
12649 7048
12649 7052
12650 5171
12650 7052
12651 1884
12651 5841
12652 1694
12652 5841
12653 7060
12653 12654
12655 7060
12655 12654
12655 1390
12656 12657
12656 3245
12658 3245
12658 12654
12659 12657
12659 1390
12660 12657
12660 7060
12661 12657
12661 7060
12661 1390
12662 12654
12662 1390
12663 12657
12663 3245
12663 12654
12664 2690
12664 1695
12665 4359
12665 12666
12665 12667
12668 4358
12668 1695
12669 1618
12669 12667
12669 8248
12670 12666
12670 1618
12671 1618
12671 12667
12672 12667
12672 8248
12673 4359
12673 12667
12674 4359
12674 12666
12675 12666
12675 8248
12676 12666
12676 1618
12676 8248
12677 12678
12677 7535
12677 7953
12679 7536
12679 7531
12680 12678
12680 7536
12681 12678
12681 7536
12681 7953
12682 7535
12682 7953
12683 12678
12683 7535
12684 12678
12684 7947
12685 12678
12685 7950
12686 12678
12686 7950
12686 7947
12687 7536
12687 7953
12688 5152
12688 5229
12689 2440
12689 4649
12690 10211
12690 316
12691 3739
12691 4649
12691 4638
12692 2440
12692 4644
12693 2440
12693 7079
12693 2441
12694 7077
12694 2441
12695 7079
12695 2441
12696 2440
12696 7079
12697 2090
12697 2096
12698 2090
12698 1301
12698 2096
12699 7077
12699 2440
12700 7077
12700 2440
12700 2441
12701 6830
12701 6697
12702 3832
12702 6830
12702 6697
12703 9804
12703 4935
12703 1066
12704 4935
12704 9804
12705 2711
12705 12706
12707 2711
12707 12708
12707 12706
12709 1404
12709 9804
12710 3618
12710 3631
12710 3622
12711 9152
12711 12708
12712 3631
12712 12708
12713 3631
12713 9152
12713 12708
12714 9152
12714 12706
12715 3631
12715 12706
12716 3631
12716 9152
12716 12706
12717 2711
12717 12708
12718 4844
12718 171
12719 1404
12719 2278
12719 9804
12720 11597
12720 7559
12720 7137
12721 7558
12721 7560
12722 11597
12722 7558
12723 1070
12723 2278
12724 7559
12724 7137
12725 11597
12725 7559
12726 11597
12726 7145
12727 7142
12727 11597
12728 7142
12728 11597
12728 7145
12729 1406
12729 1404
12729 1070
12730 4815
12730 5631
12731 2503
12731 157
12731 158
12732 1679
12732 1066
12733 386
12733 324
12734 324
12734 153
12735 7162
12735 7164
12736 7162
12736 7163
12737 3191
12737 6436
12738 1515
12738 1532
12738 2353
12739 1515
12739 2353
12740 2352
12740 2353
12741 2352
12741 2099
12742 1681
12742 1406
12742 1070
12743 12744
12743 5065
12743 7203
12745 7196
12745 7204
12746 5065
12746 7203
12747 12744
12747 7203
12748 12744
12748 7204
12749 12744
12749 5065
12749 7204
12750 12744
12750 7636
12750 7628
12751 5065
12751 7204
12752 12744
12752 7636
12753 12744
12753 7628
12754 7226
12754 6260
12755 7226
12755 6260
12755 316
12756 4398
12756 7577
12757 6982
12757 2545
12757 14
12758 13
12758 6983
12759 5171
12759 5162
12759 5172
12760 4397
12760 7577
12761 12011
12761 5162
12762 6260
12762 5172
12763 12011
12763 6260
12764 12011
12764 6260
12764 5172
12765 4397
12765 4398
12765 7577
12766 7576
12766 2491
12767 7577
12767 2491
12768 7653
12768 7657
12769 7653
12769 7657
12769 795
12770 1834
12770 12771
12772 1834
12772 1675
12772 12771
12773 7232
12773 1834
12773 1675
12774 1675
12774 12771
12775 7232
12775 7657
12775 12771
12776 7653
12776 795
12777 7232
12777 7657
12778 7657
12778 12771
12779 7270
12779 7249
12780 7270
12780 3905
12780 7249
12781 7270
12781 9
12782 7270
12782 969
12782 9
12783 3904
12783 3905
12783 3907
12784 7270
12784 969
12785 7251
12785 7270
12785 3905
12786 3905
12786 7249
12787 7251
12787 3905
12788 7251
12788 7270
12789 11222
12789 11216
12789 1164
12790 11222
12790 1164
12791 9731
12791 5344
12791 3598
12792 6129
12792 11222
12793 695
12793 696
12793 691
12794 1102
12794 11222
12795 468
12795 9731
12795 3020
12796 9731
12796 3020
12797 468
12797 9731
12798 695
12798 6465
12798 8062
12799 7719
12799 12800
12801 6894
12801 7719
12802 7717
12802 6900
12803 6894
12803 7719
12803 12800
12804 316
12804 12800
12805 168
12805 8868
12805 8863
12806 168
12806 316
12806 12800
12807 168
12807 12800
12808 7717
12808 6900
12808 7719
12809 7717
12809 7719
12810 227
12810 2231
12811 8107
12811 2309
12812 6037
12812 7742
12813 6037
12813 7742
12813 6038
12814 7737
12814 6038
12815 6037
12815 7737
12816 814
12816 1044
12817 1073
12817 1044
12818 1073
12818 814
12818 1044
12819 7742
12819 6038
12820 6037
12820 7737
12820 6038
12821 7738
12821 7385
12822 171
12822 9729
12822 5128
12823 9729
12823 5128
12824 171
12824 9729
12825 140
12825 7789
12825 1884
12826 140
12826 7789
12827 7789
12827 1884
12828 7366
12828 9699
12828 8518
12829 7366
12829 9699
12830 9699
12830 8518
12831 7366
12831 7355
12831 7358
12832 7366
12832 7358
12833 4137
12833 13
12833 418
12834 140
12834 7787
12835 7791
12835 7787
12836 7805
12836 12837
12838 7800
12838 12837
12839 7807
12839 23
12840 7800
12840 7805
12840 12837
12841 12837
12841 7807
12841 23
12842 12837
12842 23
12843 386
12843 22
12844 969
12844 22
12845 272
12845 23
12846 386
12846 969
12846 22
12847 7817
12847 7818
12848 6468
12848 7818
12849 7307
12849 12850
12849 7817
12851 12850
12851 7817
12852 7307
12852 7817
12853 6112
12853 12850
12853 6106
12854 6112
12854 12850
12855 12850
12855 6106
12856 6112
12856 6468
12856 6106
12857 6112
12857 6468
12858 350
12858 2367
12859 2364
12859 12860
12859 12861
12862 2364
12862 12860
12863 2364
12863 12861
12864 1756
12864 12860
12864 7829
12865 12860
12865 7829
12866 1756
12866 12860
12867 1756
12867 12861
12867 7829
12868 12861
12868 7829
12869 1756
12869 12861
12870 8789
12870 8790
12871 6575
12871 8789
12872 2133
12872 8790
12873 8787
12873 2133
12873 2131
12874 2133
12874 8790
12874 2131
12875 8790
12875 2131
12876 374
12876 319
12876 411
12877 374
12877 319
12878 8787
12878 2131
12879 8787
12879 2133
12880 19
12880 16
12880 17
12881 1
12881 2
