5848 11310
0 1
0 2
3 2
3 4
5 1
5 2
5 4
6 7
6 8
6 9
10 2
10 9
10 11
12 2
12 9
12 11
13 2
13 9
13 11
14 2
14 9
14 11
15 16
15 17
15 11
18 16
18 17
18 11
19 20
19 21
19 22
23 24
23 25
26 27
26 24
28 29
28 27
28 30
31 32
31 33
34 27
34 30
35 29
35 27
36 37
36 25
38 25
38 37
38 39
40 27
40 24
40 25
41 25
41 39
42 43
42 44
45 46
45 47
45 48
49 43
49 46
49 44
50 46
50 44
51 44
51 52
51 48
53 44
53 52
54 46
54 48
55 47
55 48
56 52
56 48
57 58
57 43
57 47
59 60
59 61
59 62
63 64
63 65
63 66
67 68
67 69
70 71
70 72
70 73
74 75
74 76
74 77
78 75
78 76
78 77
79 80
79 77
81 77
81 82
83 68
83 84
83 69
85 84
85 68
86 75
86 76
86 77
87 75
87 76
87 77
88 64
88 65
88 66
89 64
89 65
89 66
90 91
90 92
90 93
94 95
94 62
94 96
97 98
97 99
97 100
101 102
101 103
101 104
105 106
105 107
108 109
108 106
108 110
111 109
111 110
112 106
112 110
113 109
113 114
115 109
115 116
117 106
117 114
117 107
118 106
118 114
119 120
119 116
119 107
121 120
121 116
122 123
122 124
122 125
126 127
126 128
126 129
130 127
130 129
131 128
131 129
132 133
132 129
132 125
134 133
134 129
134 125
135 133
135 129
135 125
136 133
136 129
136 125
137 138
137 139
137 133
140 138
140 139
140 133
141 142
141 143
141 144
145 142
145 143
145 144
146 147
146 148
146 149
150 151
150 127
150 152
153 143
153 154
153 155
156 157
156 158
159 160
159 152
161 151
161 127
162 143
162 154
162 155
163 164
163 144
165 166
165 164
167 168
167 169
170 168
170 169
170 164
171 172
171 169
173 174
173 172
173 169
175 166
175 164
175 144
176 174
176 169
177 91
177 93
178 179
178 155
180 181
180 182
180 183
184 168
184 164
185 186
185 187
188 189
188 190
188 191
192 99
192 100
193 151
193 187
193 194
195 196
195 197
195 198
199 151
199 187
199 194
200 186
200 201
202 203
202 201
204 205
204 206
207 205
207 208
207 206
209 201
209 206
209 210
211 208
211 206
212 201
212 206
212 210
213 201
213 206
213 210
214 215
214 1
214 216
217 201
217 206
217 210
218 219
218 220
218 221
222 219
222 220
222 221
223 224
223 225
223 226
227 219
227 220
227 221
228 221
228 229
228 230
231 221
231 229
231 230
232 219
232 220
232 221
233 221
233 229
233 230
234 225
234 226
235 224
235 226
236 237
236 238
236 239
240 241
240 242
243 244
243 245
246 247
246 244
248 242
248 238
249 241
249 238
249 242
250 251
250 245
252 251
252 253
252 245
254 247
254 244
254 245
255 253
255 245
256 257
256 258
256 259
260 257
260 258
260 259
261 1
261 127
261 262
263 264
263 265
263 266
267 264
267 265
267 266
268 264
268 265
268 266
269 264
269 265
269 266
270 265
270 4
271 205
271 265
272 205
272 265
272 4
273 274
273 264
275 203
275 264
276 277
276 278
276 279
280 277
280 278
280 279
281 282
281 279
281 283
284 282
284 279
284 283
285 203
285 286
285 278
287 282
287 279
287 283
288 203
288 278
289 286
289 278
290 277
290 278
290 279
291 277
291 278
291 279
292 293
292 294
295 296
295 294
297 296
297 293
297 294
298 293
298 299
300 301
300 293
302 301
302 299
302 293
303 296
303 304
305 306
305 296
307 308
307 309
310 308
310 311
310 309
312 313
312 314
315 316
315 313
315 317
318 319
318 320
318 321
322 314
322 323
322 324
325 323
325 324
326 327
326 328
329 317
329 330
329 323
331 327
331 328
331 332
333 334
333 314
333 313
335 327
335 336
337 338
337 339
340 341
340 342
340 343
344 341
344 342
344 343
345 346
345 347
345 342
348 346
348 347
348 342
349 346
349 347
349 342
350 346
350 347
350 342
351 152
351 216
351 352
353 216
353 352
354 152
354 352
355 356
355 347
355 352
357 358
357 359
360 361
360 362
363 361
363 364
365 358
365 359
365 366
367 368
367 369
370 369
370 286
371 372
371 373
374 368
374 369
374 286
375 362
375 376
377 378
377 379
377 364
380 369
380 362
380 376
381 369
381 362
382 358
382 366
383 378
383 379
384 378
384 364
385 386
385 378
387 388
387 389
390 391
390 386
390 392
393 394
393 395
393 396
397 394
397 395
397 396
398 394
398 395
398 396
399 203
399 400
399 216
401 394
401 402
401 403
404 394
404 402
404 403
405 394
405 402
405 403
406 394
406 395
406 396
407 400
407 216
408 203
408 400
409 410
409 411
409 412
413 414
413 415
413 416
417 410
417 411
418 411
418 412
419 420
419 4
421 420
421 422
421 423
424 179
424 420
424 4
425 179
425 420
426 420
426 422
426 423
427 428
427 422
427 429
430 420
430 422
430 423
431 420
431 422
431 423
432 428
432 422
432 429
433 428
433 422
433 429
434 435
434 436
434 437
438 439
438 440
441 435
441 442
441 443
444 445
444 446
447 435
447 442
447 443
448 435
448 442
448 443
449 442
449 274
450 203
450 442
451 435
451 436
451 437
452 453
452 454
455 456
455 457
455 458
459 460
459 461
459 462
463 460
463 461
464 460
464 462
465 466
465 453
465 467
468 453
468 467
469 466
469 453
470 460
470 453
470 454
471 460
471 454
472 239
472 473
474 239
474 475
474 473
476 477
476 475
478 475
478 479
480 477
480 475
480 479
481 482
481 473
483 484
483 473
485 482
485 484
485 473
486 477
486 482
487 482
487 488
489 490
489 491
489 492
493 490
493 491
493 492
494 490
494 491
494 492
495 496
495 492
495 497
498 499
498 500
501 274
501 502
503 128
503 274
503 502
504 490
504 491
504 492
505 506
505 507
505 508
509 510
509 506
511 506
511 508
512 507
512 508
513 507
513 514
515 507
515 516
517 506
517 518
519 510
519 506
519 518
520 521
520 522
520 523
524 521
524 522
524 523
525 526
525 527
525 523
528 527
528 152
529 530
529 527
531 530
531 152
531 527
532 521
532 522
532 523
533 526
533 527
533 523
534 526
534 527
534 523
535 526
535 527
535 523
536 537
536 538
539 540
539 538
541 542
541 540
543 544
543 540
545 542
545 544
545 540
546 547
546 548
549 537
549 540
549 538
550 537
550 551
552 537
552 544
553 537
553 544
553 551
554 555
554 556
557 558
557 555
557 556
559 151
559 560
559 561
562 563
562 564
565 564
565 566
567 563
567 564
567 566
568 569
568 570
571 368
571 569
572 368
572 569
572 570
573 574
573 575
576 151
576 560
577 560
577 561
578 579
578 379
580 581
580 582
580 583
584 581
584 585
584 586
587 581
587 582
587 583
588 581
588 582
588 583
589 581
589 585
589 586
590 591
590 586
592 581
592 585
592 586
593 581
593 585
593 586
594 186
594 595
594 596
597 581
597 582
597 583
598 599
598 600
598 601
602 599
602 600
602 601
603 601
603 216
603 596
604 599
604 308
604 605
606 601
606 596
607 601
607 216
608 599
608 308
608 605
609 610
609 611
609 605
612 599
612 308
612 605
613 599
613 308
613 605
614 334
614 128
615 334
615 274
616 314
616 617
616 4
618 314
618 617
619 179
619 286
619 324
620 179
620 324
621 286
621 324
622 334
622 128
622 274
623 314
623 4
624 334
624 314
624 625
626 627
626 628
629 630
629 631
629 632
633 631
633 632
634 635
634 636
637 635
637 638
639 640
639 641
642 640
642 643
644 630
644 632
645 640
645 643
645 641
646 491
646 640
646 632
647 491
647 632
648 649
648 128
648 570
650 649
650 570
651 652
651 653
654 617
654 652
655 346
655 656
657 617
657 652
657 653
658 346
658 656
658 659
660 346
660 659
661 662
661 663
664 665
664 663
666 667
666 668
666 669
670 667
670 669
671 672
671 673
674 672
674 675
676 677
676 678
676 679
680 672
680 675
680 673
681 677
681 678
681 679
682 677
682 678
682 679
683 667
683 668
684 685
684 672
684 667
686 687
686 688
689 690
689 687
689 691
692 690
692 691
693 687
693 691
694 695
694 696
694 697
698 695
698 696
699 695
699 697
700 701
700 702
700 703
704 701
704 703
705 701
705 702
706 707
706 708
709 710
709 711
712 713
712 711
714 715
714 716
717 718
717 715
719 720
719 457
719 721
722 457
722 721
723 724
723 708
725 456
725 458
726 456
726 457
727 720
727 458
727 728
729 458
729 728
730 720
730 728
731 456
731 732
731 728
733 456
733 732
734 732
734 728
735 736
735 149
737 738
737 739
737 736
740 741
740 742
740 743
744 741
744 742
744 743
745 746
745 736
745 149
747 746
747 736
748 103
748 749
748 149
750 103
750 749
751 749
751 149
752 741
752 742
752 743
753 754
753 755
753 364
756 754
756 755
757 754
757 364
758 759
758 760
758 761
762 179
762 760
763 558
763 764
763 556
765 759
765 760
765 761
766 759
766 760
766 761
767 768
767 769
767 759
770 768
770 769
770 759
771 760
771 274
772 764
772 556
773 179
773 760
773 274
774 558
774 764
775 754
775 764
775 776
777 754
777 776
778 779
778 780
778 781
782 779
782 780
782 781
783 784
783 779
783 785
786 779
786 780
786 781
787 788
787 789
787 780
790 788
790 789
790 780
791 779
791 780
791 781
792 788
792 789
792 780
793 784
793 779
794 784
794 785
795 796
795 797
798 799
798 796
800 801
800 80
802 80
802 803
804 801
804 80
804 803
805 801
805 806
807 799
807 796
807 797
808 809
808 688
810 811
810 809
812 811
812 809
812 688
813 510
813 516
813 514
814 510
814 516
814 514
815 816
815 817
815 818
819 816
819 817
819 818
820 821
820 822
820 516
823 821
823 822
823 516
824 127
824 514
824 596
825 826
825 591
825 127
827 514
827 596
828 127
828 514
829 510
829 516
829 514
830 510
830 516
830 514
831 832
831 833
831 834
835 832
835 833
835 834
836 208
836 837
838 205
838 208
838 837
839 840
839 832
839 837
841 205
841 837
842 840
842 832
842 837
843 840
843 832
843 837
844 845
844 84
844 840
846 840
846 832
846 837
847 848
847 702
849 848
849 850
851 848
851 852
853 848
853 854
853 852
855 856
855 857
855 852
858 854
858 852
859 856
859 852
860 856
860 857
861 862
861 863
864 862
864 848
864 863
865 866
865 867
865 868
869 866
869 867
869 868
870 866
870 871
870 872
873 1
873 867
874 866
874 867
874 868
875 866
875 867
875 868
876 866
876 871
876 872
877 866
877 871
877 872
878 879
878 880
881 569
881 882
881 883
884 569
884 882
884 883
885 886
885 564
885 883
887 886
887 564
887 883
888 569
888 882
888 883
889 569
889 882
889 883
890 886
890 891
892 886
892 893
894 886
894 564
894 883
895 886
895 564
895 883
896 897
896 898
896 899
900 901
900 902
900 903
904 901
904 902
904 903
905 901
905 902
905 903
906 901
906 902
906 903
907 908
907 530
907 203
909 908
909 530
910 908
910 203
911 908
911 912
911 903
913 908
913 912
913 903
914 908
914 912
914 903
915 916
915 917
915 918
919 127
919 920
921 179
921 127
921 920
922 923
922 924
922 24
925 923
925 924
925 24
926 923
926 924
926 24
927 923
927 924
927 24
928 929
928 924
928 930
931 929
931 924
931 930
932 929
932 924
932 930
933 929
933 924
933 930
934 916
934 918
935 879
935 880
935 918
936 591
936 937
938 186
938 937
939 127
939 940
941 186
941 591
941 937
942 208
942 943
944 945
944 937
944 943
946 368
946 208
946 943
947 368
947 943
948 945
948 937
948 943
949 945
949 937
949 943
950 951
950 952
953 368
953 66
954 65
954 286
955 956
955 957
958 956
958 959
960 956
960 957
960 959
961 962
961 957
963 964
963 957
965 962
965 964
965 957
966 967
966 968
969 970
969 100
969 971
972 100
972 971
973 970
973 100
974 975
974 976
977 978
977 979
980 967
980 981
980 982
983 967
983 981
984 967
984 982
985 392
985 986
987 988
987 989
990 991
990 850
990 989
992 988
992 991
992 989
993 988
993 991
994 103
994 989
994 995
996 103
996 989
996 995
997 103
997 989
997 995
998 103
998 989
998 995
999 995
999 746
999 149
1000 995
1000 746
1000 149
1001 386
1001 392
1002 1003
1002 152
1004 1003
1004 1005
1004 1006
1007 1008
1007 1009
1007 1005
1010 1008
1010 1009
1010 1005
1011 1012
1011 1009
1011 1013
1014 1012
1014 1009
1014 1013
1015 186
1015 1003
1015 152
1016 186
1016 1003
1017 1008
1017 1009
1017 1005
1018 1008
1018 1009
1018 1005
1019 1020
1019 1021
1019 1022
1023 1020
1023 1021
1023 1022
1024 1021
1024 1025
1024 1026
1027 1021
1027 1025
1027 1026
1028 1029
1028 1030
1028 1020
1031 1029
1031 1030
1032 1020
1032 1021
1032 1022
1033 1020
1033 1021
1033 1022
1034 1029
1034 1020
1035 1036
1035 1037
1035 1038
1039 718
1039 715
1039 716
1040 1041
1040 116
1040 107
1042 1041
1042 116
1042 107
1043 1044
1043 107
1045 1041
1045 116
1045 107
1046 1044
1046 1047
1046 107
1048 1047
1048 107
1049 257
1049 1044
1050 1044
1050 259
1051 1041
1051 116
1051 107
1052 1041
1052 1053
1052 114
1054 95
1054 1055
1056 205
1056 1057
1058 216
1058 1057
1059 205
1059 216
1059 1057
1060 1061
1060 1062
1060 1063
1064 1065
1064 1057
1064 1063
1066 1065
1066 1057
1066 1063
1067 1065
1067 1057
1067 1063
1068 1065
1068 1057
1068 1063
1069 1070
1069 1065
1069 1071
1072 1070
1072 1065
1072 1071
1073 821
1073 1074
1075 1076
1075 821
1075 1074
1077 581
1077 1076
1078 414
1078 274
1078 617
1079 581
1079 1076
1079 582
1080 414
1080 617
1081 585
1081 1074
1082 1074
1082 585
1082 586
1083 1084
1083 1085
1083 1086
1087 414
1087 416
1087 1085
1088 368
1088 208
1088 500
1089 1076
1089 821
1090 1091
1090 1092
1090 1093
1094 1091
1094 1092
1094 1093
1095 1091
1095 1092
1095 1093
1096 1091
1096 1092
1096 1093
1097 1098
1097 1099
1097 1091
1100 1098
1100 1099
1100 1091
1101 1098
1101 1099
1101 1091
1102 1098
1102 1099
1102 1091
1103 1104
1103 1099
1103 1105
1106 1104
1106 1099
1106 1105
1107 1108
1107 1109
1107 1110
1111 1108
1111 1109
1111 1110
1112 1109
1112 1113
1112 1114
1115 1109
1115 1113
1115 1114
1116 1114
1116 152
1117 1114
1117 4
1118 1108
1118 1109
1118 1110
1119 1108
1119 1109
1119 1110
1120 1109
1120 1113
1120 1114
1121 1109
1121 1113
1121 1114
1122 1123
1122 1124
1122 1125
1126 43
1126 1127
1128 43
1128 1129
1130 1131
1130 1132
1133 1134
1133 1127
1133 1132
1135 1134
1135 1127
1136 1127
1136 1132
1137 1131
1137 1138
1137 1129
1139 1131
1139 1129
1140 43
1140 1127
1140 1129
1141 1123
1141 1124
1141 1125
1142 1123
1142 1124
1142 1125
1143 1125
1143 1144
1145 1146
1145 1147
1145 1148
1149 1146
1149 1147
1149 1148
1150 1151
1150 1152
1153 98
1153 1154
1155 98
1155 1156
1157 1158
1157 1154
1159 1158
1159 1156
1160 98
1160 1154
1160 1156
1161 1162
1161 1163
1161 1156
1164 1162
1164 1163
1164 1156
1165 1162
1165 1163
1165 1156
1166 1162
1166 1163
1166 1156
1167 205
1167 1147
1168 392
1168 1169
1168 986
1170 1171
1170 897
1170 898
1172 1173
1172 1171
1172 1174
1175 591
1175 898
1175 4
1176 898
1176 4
1177 127
1177 897
1178 368
1178 897
1179 1171
1179 897
1179 898
1180 1171
1180 897
1180 898
1181 591
1181 898
1182 1171
1182 897
1182 898
1183 391
1183 392
1184 1185
1184 803
1186 1185
1186 986
1187 1169
1187 986
1188 1185
1188 986
1188 803
1189 386
1189 1169
1189 1190
1191 1169
1191 1190
1192 1193
1192 788
1194 1193
1194 789
1195 1193
1195 73
1195 1196
1197 73
1197 1196
1198 1070
1198 1196
1198 1199
1200 1070
1200 1196
1201 1199
1201 1196
1202 1193
1202 788
1202 789
1203 1193
1203 73
1204 1205
1204 1057
1204 1063
1206 1207
1206 952
1208 1209
1208 1210
1208 1211
1212 1213
1212 1214
1215 1151
1215 1152
1215 818
1216 1209
1216 1210
1216 1211
1217 1209
1217 1210
1217 1211
1218 208
1218 30
1218 128
1219 208
1219 30
1220 1221
1220 1222
1220 1223
1224 1225
1224 508
1224 1226
1227 1221
1227 1222
1227 1223
1228 1221
1228 1222
1228 1223
1229 29
1229 1230
1229 1223
1231 29
1231 1230
1231 1223
1232 29
1232 1230
1232 1223
1233 29
1233 1230
1233 1223
1234 1225
1234 1226
1235 917
1235 1152
1235 1226
1236 1237
1236 1238
1236 1239
1240 1241
1240 1242
1240 556
1243 1237
1243 1238
1243 1239
1244 1245
1244 627
1244 1246
1247 1248
1247 1249
1247 1239
1250 1248
1250 1249
1250 1239
1251 1245
1251 1252
1251 1253
1254 1248
1254 1249
1254 1239
1255 1252
1255 1253
1256 4
1256 1257
1258 334
1258 330
1258 324
1259 186
1259 1260
1261 368
1261 1260
1262 368
1262 186
1262 1260
1263 1264
1263 724
1265 1266
1265 1267
1265 1268
1269 319
1269 320
1270 1271
1270 591
1270 127
1272 1273
1272 1274
1275 707
1275 718
1275 724
1276 466
1276 1277
1276 467
1278 466
1278 1277
1278 467
1279 466
1279 1277
1279 467
1280 466
1280 1277
1280 467
1281 466
1281 128
1282 186
1282 466
1283 186
1283 466
1283 128
1284 1285
1284 1286
1284 1277
1287 116
1287 1288
1289 1290
1289 116
1291 1292
1291 1290
1291 1293
1294 1290
1294 1293
1295 1292
1295 1290
1296 1290
1296 116
1296 1288
1297 1292
1297 1298
1299 1298
1299 1300
1299 1288
1301 1300
1301 1288
1302 1298
1302 1288
1303 64
1303 1264
1304 1264
1304 1305
1304 724
1306 1307
1306 1308
1306 388
1309 1310
1309 1308
1309 1311
1312 1310
1312 1308
1312 1311
1313 1310
1313 1308
1313 1311
1314 1310
1314 1308
1314 1311
1315 1310
1315 127
1316 1310
1316 205
1317 1310
1317 205
1317 127
1318 1307
1318 1308
1318 388
1319 1307
1319 1308
1319 388
1320 160
1320 1321
1320 1322
1323 160
1323 1321
1323 1322
1324 142
1324 143
1324 144
1325 142
1325 143
1325 144
1326 1321
1326 653
1327 179
1327 1321
1327 653
1328 152
1328 160
1328 570
1329 179
1329 1321
1330 143
1330 154
1330 155
1331 160
1331 570
1332 530
1332 155
1333 160
1333 1321
1333 1322
1334 221
1334 1335
1336 220
1336 1335
1337 220
1337 1335
1337 221
1338 1339
1338 230
1340 1339
1340 229
1341 1339
1341 229
1341 230
1342 673
1342 1343
1342 1344
1345 673
1345 1343
1345 1344
1346 673
1346 1343
1346 1344
1347 673
1347 1343
1347 1344
1348 205
1348 1349
1348 286
1350 1351
1350 1352
1350 1353
1354 205
1354 1349
1355 1349
1355 286
1356 1349
1356 1353
1356 1357
1358 1349
1358 1353
1358 1357
1359 1349
1359 1353
1359 1357
1360 1349
1360 1353
1360 1357
1361 1362
1361 1123
1361 1357
1363 1362
1363 1123
1363 1357
1364 1305
1364 724
1365 1366
1365 1367
1365 1368
1369 1370
1369 1371
1369 1372
1373 1374
1373 1375
1376 1377
1376 1375
1378 1377
1378 1379
1380 1374
1380 1377
1380 1375
1381 1382
1381 1383
1384 799
1384 1385
1384 1386
1387 1382
1387 1383
1387 1388
1389 1383
1389 1388
1390 1146
1390 216
1391 530
1391 205
1391 1147
1392 799
1392 1386
1393 799
1393 1385
1394 1395
1394 1396
1397 1395
1397 1398
1399 1146
1399 203
1399 216
1400 1146
1400 203
1401 591
1401 1209
1402 1209
1402 653
1403 1404
1403 389
1405 591
1405 1209
1405 653
1406 1310
1406 1407
1408 1409
1408 1410
1408 1411
1412 1310
1412 1311
1412 1407
1413 1311
1413 1407
1414 1409
1414 1410
1415 1409
1415 1411
1416 1417
1416 1418
1416 971
1419 1417
1419 1418
1419 971
1420 1417
1420 1418
1420 971
1421 1417
1421 1418
1421 971
1422 1417
1422 1423
1422 1424
1425 1417
1425 1423
1425 1424
1426 1417
1426 1423
1426 1424
1427 1417
1427 1423
1427 1424
1428 1152
1428 917
1429 917
1429 1226
1430 1431
1430 1432
1430 412
1433 1432
1433 412
1434 563
1434 259
1434 566
1435 563
1435 259
1435 566
1436 257
1436 258
1436 259
1437 257
1437 258
1437 259
1438 563
1438 274
1439 205
1439 563
1440 563
1440 259
1440 566
1441 563
1441 259
1441 566
1442 1443
1442 1444
1445 1446
1445 1447
1445 964
1448 1
1448 274
1448 1449
1450 1
1450 1449
1451 1452
1451 1453
1454 1455
1454 205
1454 286
1456 1455
1456 205
1457 1455
1457 286
1458 1452
1458 1459
1460 1452
1460 1461
1462 1452
1462 1463
1462 1453
1464 1463
1464 1453
1465 224
1465 225
1465 1466
1467 1468
1467 596
1469 274
1469 1468
1470 591
1470 962
1470 4
1471 1472
1471 697
1471 1473
1474 1472
1474 1473
1475 1443
1475 1476
1475 1444
1477 224
1477 1478
1477 761
1479 1480
1479 1476
1481 1476
1481 1482
1483 1484
1483 1472
1485 850
1485 1472
1486 1443
1486 1476
1487 1447
1487 962
1487 1468
1488 1447
1488 962
1488 1468
1489 1490
1489 64
1489 1264
1491 1492
1491 1493
1494 1495
1494 1493
1496 1497
1496 1492
1498 1497
1498 1492
1498 1499
1500 1492
1500 1495
1500 1493
1501 1492
1501 1499
1502 1503
1502 1495
1502 1504
1505 1503
1505 1499
1506 1503
1506 1495
1507 1495
1507 1504
1508 1509
1508 1510
1508 1511
1512 1509
1512 1510
1512 1511
1513 244
1513 1514
1515 244
1515 1510
1515 1514
1516 1497
1516 1511
1516 1499
1517 1497
1517 1511
1517 1499
1518 1509
1518 1510
1518 1511
1519 1509
1519 1510
1519 1511
1520 244
1520 1510
1520 1521
1522 1510
1522 1514
1523 1524
1523 570
1525 1524
1525 128
1526 1524
1526 128
1526 570
1527 1509
1527 1528
1529 201
1529 206
1529 1530
1531 1532
1531 653
1533 617
1533 1532
1534 1532
1534 617
1534 653
1535 206
1535 1530
1536 201
1536 1530
1537 1538
1537 742
1539 1540
1539 1538
1539 742
1541 1542
1541 879
1541 1174
1543 1540
1543 742
1544 685
1544 1540
1544 1545
1546 1538
1546 1547
1548 1540
1548 1545
1549 685
1549 1540
1550 879
1550 1542
1551 879
1551 1174
1552 1553
1552 1554
1552 1555
1556 1553
1556 1554
1556 1555
1557 574
1557 1558
1557 1030
1559 1560
1559 1558
1559 1124
1561 1562
1561 1563
1561 1555
1564 1562
1564 158
1565 1562
1565 1555
1566 1123
1566 1124
1566 1125
1567 1568
1567 158
1569 1570
1569 158
1571 1268
1571 1562
1572 1268
1572 1562
1572 158
1573 591
1573 1242
1574 591
1574 1242
1574 286
1575 368
1575 1576
1575 274
1577 1242
1577 286
1578 1579
1578 1580
1578 1581
1582 1579
1582 741
1582 1583
1584 1585
1584 743
1586 1579
1586 1581
1587 1580
1587 1581
1588 1576
1588 274
1589 368
1589 1576
1590 1591
1590 1592
1593 685
1593 1594
1593 1545
1595 685
1595 1594
1595 1545
1596 1597
1596 1598
1599 1600
1599 1601
1599 1598
1602 1594
1602 1603
1602 679
1604 1594
1604 1603
1604 679
1605 1603
1605 1606
1605 1580
1607 1606
1607 1580
1608 1371
1608 1609
1610 1371
1610 1611
1610 1609
1612 1613
1612 210
1612 1614
1615 1613
1615 1616
1615 1617
1618 1619
1618 1620
1618 1621
1622 1623
1622 1620
1622 1148
1624 1625
1624 253
1626 251
1626 253
1626 1614
1627 251
1627 253
1627 1614
1628 1629
1628 1630
1628 1621
1631 251
1631 253
1631 1614
1632 1613
1632 210
1632 1614
1633 1613
1633 210
1633 1614
1634 1613
1634 210
1634 1614
1635 388
1635 1636
1637 1308
1637 183
1637 1638
1639 1640
1639 1641
1642 1641
1642 1643
1644 1645
1644 1646
1647 1640
1647 1641
1647 1643
1648 1645
1648 1649
1648 1646
1650 1645
1650 1649
1651 1652
1651 37
1653 37
1653 1654
1655 1654
1655 1656
1657 1652
1657 37
1657 1654
1658 970
1658 982
1659 1660
1659 1661
1659 982
1662 1660
1662 971
1663 1660
1663 970
1664 970
1664 982
1664 971
1665 982
1665 971
1666 970
1666 1667
1666 1668
1669 970
1669 1667
1670 970
1670 1668
1671 1660
1671 970
1671 971
1672 338
1672 339
1672 1673
1674 1675
1674 1676
1677 1678
1677 379
1677 1679
1680 1681
1680 1682
1680 1683
1684 1681
1684 1682
1684 1683
1685 1598
1685 1686
1687 1688
1687 1686
1689 1675
1689 968
1689 1676
1690 1675
1690 968
1691 203
1691 1682
1691 653
1692 1683
1692 653
1693 203
1693 1683
1694 203
1694 1683
1694 653
1695 1681
1695 1682
1695 1683
1696 1681
1696 1682
1696 1683
1697 203
1697 1682
1698 1682
1698 653
1699 338
1699 1673
1700 1701
1700 61
1700 1702
1703 1704
1703 1705
1703 1706
1707 1708
1707 208
1707 596
1709 1710
1709 1704
1709 1711
1712 1710
1712 1704
1712 1711
1713 591
1713 1711
1714 1710
1714 1704
1714 1711
1715 1704
1715 1705
1715 1706
1716 1704
1716 1705
1716 1706
1717 1710
1717 1704
1717 1711
1718 1704
1718 1705
1718 1706
1719 1720
1719 1721
1722 1723
1722 1721
1722 1724
1725 1726
1725 1480
1725 882
1727 1728
1727 1104
1727 1724
1729 1726
1729 1480
1729 882
1730 1726
1730 1480
1730 882
1731 1104
1731 1720
1731 1721
1732 1104
1732 1721
1733 1104
1733 1724
1734 1728
1734 1724
1735 710
1735 1374
1736 710
1736 1737
1736 1374
1738 1739
1738 1740
1738 321
1741 1739
1741 1740
1741 321
1742 1739
1742 1740
1742 321
1743 1098
1743 1744
1745 1746
1745 319
1745 1739
1747 1746
1747 319
1747 1739
1748 1749
1748 1750
1751 1746
1751 319
1751 1739
1752 1753
1752 1053
1752 1749
1754 1753
1754 1053
1754 1749
1755 1756
1755 1701
1755 1757
1758 1756
1758 1701
1759 854
1759 797
1760 854
1760 1521
1761 702
1761 1762
1763 1764
1763 702
1765 1764
1765 702
1765 1762
1766 1762
1766 1767
1768 854
1768 797
1768 1521
1769 1770
1769 702
1771 1770
1771 1767
1772 1770
1772 702
1772 1767
1773 707
1773 718
1773 724
1774 1775
1774 1532
1774 1530
1776 1775
1776 1532
1776 1530
1777 1775
1777 1532
1777 1530
1778 1775
1778 1532
1778 1530
1779 1497
1779 1524
1779 1775
1780 1497
1780 1524
1780 1775
1781 1497
1781 1524
1781 1775
1782 1497
1782 1524
1782 1775
1783 215
1783 1784
1785 215
1785 1786
1785 1784
1787 445
1787 1788
1787 1789
1790 445
1790 1788
1790 1789
1791 627
1791 1792
1791 1789
1793 445
1793 1788
1793 1789
1794 368
1794 445
1795 368
1795 445
1795 4
1796 445
1796 1788
1796 1789
1797 445
1797 4
1798 627
1798 1792
1798 1789
1799 627
1799 1792
1799 1789
1800 707
1800 718
1800 724
1801 1802
1801 366
1801 376
1803 1802
1803 286
1804 368
1804 1802
1805 368
1805 1802
1805 286
1806 359
1806 376
1807 1808
1807 359
1807 376
1809 1810
1809 899
1811 1810
1811 1812
1811 899
1813 1171
1813 1812
1814 1173
1814 1812
1815 368
1815 1816
1817 1818
1817 266
1819 368
1819 1816
1819 4
1820 1812
1820 1810
1821 1822
1821 1823
1824 1825
1824 1822
1826 1591
1826 274
1827 1591
1827 591
1827 274
1828 1829
1828 1823
1830 1831
1830 1829
1830 1823
1832 1825
1832 1822
1832 1823
1833 1831
1833 1823
1834 1835
1834 1836
1837 1836
1837 1838
1839 1840
1839 1838
1841 1367
1841 1838
1842 1367
1842 1840
1842 1838
1843 1844
1843 1845
1846 1836
1846 1835
1846 1838
1847 1835
1847 1848
1849 1850
1849 1835
1851 1850
1851 1835
1851 1848
1852 1853
1852 975
1852 1854
1855 1630
1855 1856
1855 1857
1858 1859
1858 1617
1858 797
1860 1613
1860 797
1861 1859
1861 797
1862 1859
1862 1617
1863 1613
1863 1617
1864 1616
1864 1617
1865 1616
1865 797
1866 1613
1866 1616
1866 797
1867 378
1867 1868
1869 1868
1869 1870
1871 570
1871 551
1872 127
1872 940
1872 596
1873 940
1873 596
1874 1875
1874 1876
1877 1875
1877 1878
1879 1880
1879 1881
1882 1883
1882 412
1882 1881
1884 1883
1884 412
1885 412
1885 1881
1886 1883
1886 1887
1888 1883
1888 1889
1890 1880
1890 1740
1890 1881
1891 1740
1891 1881
1892 1893
1892 1894
1892 1895
1896 1894
1896 1895
1897 1898
1897 1899
1900 215
1900 251
1900 1901
1902 215
1902 251
1902 1901
1903 215
1903 251
1903 1901
1904 1901
1904 1786
1904 1905
1906 1901
1906 1786
1906 1905
1907 1374
1907 1908
1909 1910
1909 1374
1911 1893
1911 1895
1912 1894
1912 1913
1912 1914
1915 306
1915 311
1915 309
1916 306
1916 311
1916 309
1917 530
1917 304
1917 596
1918 530
1918 304
1919 311
1919 570
1920 591
1920 311
1921 306
1921 311
1921 309
1922 306
1922 311
1922 309
1923 128
1923 544
1924 304
1924 596
1925 306
1925 304
1925 299
1926 1927
1926 617
1926 286
1928 1927
1928 286
1929 1927
1929 617
1930 1927
1930 1931
1930 1932
1933 916
1933 1931
1933 917
1934 916
1934 1931
1934 917
1935 916
1935 1931
1935 917
1936 916
1936 1931
1936 917
1937 1927
1937 1931
1937 1932
1938 1927
1938 1931
1938 1932
1939 1940
1939 1568
1941 1942
1941 1940
1943 1944
1943 77
1945 1946
1945 1944
1947 1946
1947 1169
1948 1946
1948 1944
1948 77
1949 1950
1949 1169
1951 1942
1951 1940
1951 1568
1952 1950
1952 1169
1952 1953
1954 1950
1954 1953
1955 1404
1955 1956
1957 1210
1957 1956
1958 1959
1958 1960
1961 1404
1961 1210
1961 1956
1962 1092
1962 1956
1963 1
1963 561
1963 4
1964 1959
1964 1092
1964 1956
1965 1959
1965 1092
1966 1
1966 561
1967 561
1967 4
1968 1946
1968 1169
1968 1473
1969 320
1969 321
1970 1971
1970 321
1972 1746
1972 1971
1973 314
1973 323
1974 1746
1974 1971
1974 321
1975 317
1975 330
1976 328
1976 332
1977 327
1977 1978
1979 334
1979 313
1980 1981
1980 1982
1980 1983
1984 1981
1984 1982
1985 1981
1985 1983
1986 1987
1986 1982
1986 1988
1989 1988
1989 1982
1990 1987
1990 1988
1991 1981
1991 1988
1991 1992
1993 1981
1993 1992
1994 1988
1994 1992
1995 1987
1995 1996
1995 1983
1997 1998
1997 1999
1997 2000
2001 1998
2001 1999
2001 2000
2002 336
2002 1978
2002 2000
2003 336
2003 1978
2003 2000
2004 336
2004 1978
2004 2000
2005 1998
2005 1999
2005 2000
2006 336
2006 128
2006 4
2007 336
2007 128
2008 336
2008 4
2009 336
2009 1978
2009 2000
2010 2011
2010 1521
2012 2011
2012 2013
2014 244
2014 703
2015 244
2015 1510
2015 703
2016 862
2016 2011
2016 703
2017 1510
2017 703
2018 862
2018 703
2019 862
2019 2011
2020 2021
2020 2022
2023 862
2023 2021
2023 2022
2024 1273
2024 2025
2026 1273
2026 2025
2026 1274
2027 1274
2027 2028
2027 2029
2030 1274
2030 2028
2030 2029
2031 1274
2031 2028
2031 2029
2032 1274
2032 2028
2032 2029
2033 2034
2033 2035
2033 2029
2036 2034
2036 2035
2036 2029
2037 2034
2037 2035
2037 2029
2038 2034
2038 2035
2038 2029
2039 181
2039 182
2039 166
2040 186
2040 182
2041 2042
2041 2043
2044 2042
2044 2045
2044 2043
2046 203
2046 127
2046 181
2047 2045
2047 2043
2048 181
2048 127
2049 203
2049 181
2050 205
2050 182
2051 186
2051 205
2051 182
2052 2053
2052 2054
2052 1252
2055 2053
2055 1446
2056 2053
2056 2057
2058 2053
2058 1446
2058 2057
2059 627
2059 1252
2059 2060
2061 627
2061 1252
2061 2060
2062 2053
2062 1252
2063 2054
2063 1252
2064 627
2064 1252
2064 2060
2065 627
2065 1252
2065 2060
2066 2067
2066 2068
2066 1242
2069 2070
2069 1576
2071 1808
2071 286
2072 1242
2072 2070
2072 1576
2073 2074
2073 1581
2075 368
2075 1808
2075 286
2076 2074
2076 2077
2078 2079
2078 2080
2081 2082
2081 2083
2084 342
2084 2085
2086 346
2086 2085
2087 2088
2087 376
2089 2090
2089 2091
2092 2091
2092 2093
2094 2090
2094 2091
2094 2093
2095 2090
2095 356
2096 346
2096 2085
2096 342
2097 1213
2097 2098
2097 1209
2099 341
2099 2100
2101 1267
2101 2079
2102 129
2102 2103
2104 2103
2104 125
2105 1499
2105 2043
2105 2106
2107 2108
2107 138
2107 133
2109 2108
2109 769
2109 2103
2110 2108
2110 133
2111 2108
2111 769
2112 769
2112 2103
2113 2114
2113 2115
2116 2114
2116 2117
2116 2115
2118 1292
2118 264
2118 265
2119 1293
2119 653
2120 1292
2120 265
2121 1292
2121 264
2122 570
2122 2123
2124 591
2124 2123
2125 368
2125 1293
2126 368
2126 1293
2126 653
2127 2128
2127 803
2127 2129
2130 2128
2130 2129
2131 2132
2131 803
2133 2134
2133 803
2135 2136
2135 653
2137 2136
2137 205
2138 2128
2138 803
2139 2136
2139 205
2139 653
2140 1292
2140 2141
2140 1293
2142 203
2142 2143
2142 570
2144 2143
2144 570
2145 1292
2145 2141
2145 1293
2146 1037
2146 2147
2148 2149
2148 1037
2148 2147
2150 591
2150 216
2150 1701
2151 2149
2151 1037
2152 2149
2152 2153
2152 2154
2155 2147
2155 2156
2157 2149
2157 2154
2158 2149
2158 2153
2159 1701
2159 216
2160 591
2160 1701
2161 1723
2161 2162
2163 362
2163 361
2163 364
2164 2165
2164 1271
2166 2165
2166 1260
2167 316
2167 1271
2167 2168
2169 1271
2169 2168
2170 2171
2170 1154
2170 2172
2173 2171
2173 1154
2174 1154
2174 2172
2175 2165
2175 1271
2175 1260
2176 316
2176 2168
2177 2165
2177 2178
2177 2168
2179 1560
2179 1558
2179 1124
2180 1560
2180 1558
2180 1124
2181 1560
2181 1558
2181 1124
2182 1563
2182 1555
2183 152
2183 2184
2185 1
2185 2186
2185 570
2187 152
2187 2184
2187 653
2188 2184
2188 653
2189 901
2189 395
2190 902
2190 395
2191 2192
2191 2193
2194 901
2194 395
2194 902
2195 2192
2195 2196
2195 2193
2197 2192
2197 2196
2198 2199
2198 2200
2198 2201
2202 2200
2202 2201
2203 1248
2203 2204
2205 2204
2205 1257
2206 2204
2206 282
2207 282
2207 2200
2208 2199
2208 2200
2209 2204
2209 2200
2209 282
2210 1237
2210 1238
2210 2211
2212 1238
2212 2211
2213 2214
2213 1940
2215 2214
2215 93
2216 2214
2216 1950
2216 2217
2218 1950
2218 2217
2219 2214
2219 2217
2220 1944
2220 2221
2220 2217
2222 1944
2222 2221
2223 2221
2223 2217
2224 2225
2224 1661
2224 2221
2226 2225
2226 1661
2226 2221
2227 1728
2227 1720
2227 1105
2228 2229
2228 2230
2231 1728
2231 1720
2231 1105
2232 1728
2232 1720
2232 1105
2233 258
2233 1720
2233 548
2234 258
2234 1720
2234 548
2235 102
2235 2236
2235 2229
2237 258
2237 1720
2237 548
2238 630
2238 631
2238 643
2239 2240
2239 1570
2241 2242
2241 1570
2243 2244
2243 2245
2243 2246
2247 2245
2247 2246
2248 138
2248 2249
2250 138
2250 2251
2252 924
2252 2251
2253 138
2253 2251
2253 2249
2254 687
2254 2255
2256 690
2256 2255
2256 1563
2257 930
2257 2249
2258 2255
2258 1563
2259 2260
2259 2261
2262 1484
2262 2260
2263 738
2263 2264
2263 1093
2265 738
2265 2264
2266 2267
2266 2268
2266 1472
2269 2267
2269 2268
2270 2267
2270 1472
2271 1484
2271 2260
2271 2261
2272 2264
2272 1093
2273 2240
2273 2264
2273 2260
2274 2275
2274 2276
2277 428
2277 2278
2277 454
2279 95
2279 2280
2281 2282
2281 2280
2281 2283
2284 95
2284 2280
2284 96
2285 2280
2285 96
2286 2275
2286 2276
2286 454
2287 2276
2287 454
2288 2282
2288 2283
2289 2280
2289 2283
2290 2291
2290 1825
2292 1825
2292 2293
2294 2291
2294 2293
2294 1825
2295 2296
2295 2297
2298 2297
2298 2299
2300 2296
2300 2297
2300 2299
2301 2296
2301 2302
2303 2296
2303 2304
2305 2296
2305 2304
2305 2302
2306 2307
2306 2299
2308 685
2308 1594
2308 1545
2309 685
2309 1594
2309 1545
2310 2311
2310 2312
2310 1547
2313 2312
2313 1343
2314 2312
2314 1547
2315 2311
2315 1547
2316 2317
2316 1547
2316 1545
2318 2317
2318 1547
2318 1545
2319 2317
2319 1547
2319 1545
2320 2317
2320 1547
2320 1545
2321 2322
2321 2323
2321 2324
2325 2322
2325 2323
2325 2324
2326 2327
2326 880
2328 2327
2328 880
2328 2329
2330 2331
2330 2332
2333 2334
2333 2332
2335 2327
2335 2324
2336 2324
2336 2332
2337 2327
2337 2324
2337 2332
2338 2327
2338 2329
2339 1629
2339 2340
2341 1619
2341 2340
2342 1629
2342 1619
2342 2340
2343 2344
2343 785
2345 1395
2345 785
2346 1395
2346 2344
2346 785
2347 2344
2347 2348
2347 2349
2350 2344
2350 2348
2350 2349
2351 2352
2351 1619
2353 2352
2353 1630
2353 1619
2354 2355
2354 1870
2356 208
2356 2357
2358 91
2358 2355
2358 1870
2359 208
2359 2357
2359 128
2360 99
2360 1870
2361 1678
2361 99
2361 1870
2362 1678
2362 1156
2363 1678
2363 1154
2364 2365
2364 2366
2364 191
2367 128
2367 2365
2368 1459
2368 216
2369 2355
2369 157
2369 2370
2371 1704
2371 2372
2371 1706
2373 2374
2373 1711
2375 1710
2375 2374
2376 1710
2376 2374
2376 1711
2377 2378
2377 2379
2380 2381
2380 2378
2382 2381
2382 2378
2382 2379
2383 2384
2383 2379
2385 2386
2385 2379
2387 2384
2387 2386
2387 2379
2388 1746
2388 596
2389 1480
2389 1444
2389 1482
2390 2162
2390 1753
2390 1482
2391 2162
2391 1753
2391 1482
2392 127
2392 617
2392 321
2393 2162
2393 1753
2393 1482
2394 127
2394 321
2395 2396
2395 653
2397 530
2397 1857
2397 203
2398 203
2398 1857
2399 530
2399 1857
2400 1681
2400 1396
2401 2402
2401 1396
2403 1
2403 2396
2403 653
2404 1
2404 2396
2405 205
2405 1856
2405 570
2406 205
2406 1856
2407 2408
2407 2409
2410 2409
2410 2411
2412 2408
2412 2409
2412 2411
2413 1285
2413 2408
2414 2415
2414 2416
2414 2409
2417 2415
2417 2416
2417 2409
2418 2415
2418 2416
2418 2409
2419 2415
2419 2416
2419 2409
2420 1036
2420 2421
2420 2415
2422 1036
2422 2421
2422 2415
2423 439
2423 440
2423 446
2424 435
2424 436
2424 437
2425 1792
2425 446
2426 435
2426 442
2426 443
2427 1788
2427 440
2428 445
2428 1792
2428 446
2429 1788
2429 1792
2429 440
2430 2431
2430 2432
2433 435
2433 436
2433 437
2434 445
2434 1788
2434 2435
2436 2437
2436 2438
2439 530
2439 128
2439 2440
2441 128
2441 2440
2442 530
2442 2440
2443 570
2443 617
2443 2444
2445 2446
2445 2447
2445 1410
2448 2446
2448 2447
2448 1410
2449 2446
2449 2447
2449 1410
2450 2446
2450 2447
2450 1410
2451 617
2451 2444
2452 570
2452 2444
2453 2454
2453 2455
2456 579
2456 2457
2458 2459
2458 2460
2461 2462
2461 2459
2463 2464
2463 2465
2463 2466
2467 2462
2467 2459
2467 2460
2468 2469
2468 2470
2471 2459
2471 2472
2471 2470
2473 2469
2473 2470
2473 2460
2474 2470
2474 2460
2475 2459
2475 2472
2476 2472
2476 2470
2477 317
2477 323
2478 2479
2478 1012
2480 1008
2480 2481
2480 1009
2482 1006
2482 2483
2482 2484
2485 2483
2485 2484
2486 1006
2486 2484
2487 7
2487 2484
2487 2488
2489 7
2489 2488
2490 7
2490 2484
2491 2479
2491 1012
2491 1013
2492 2479
2492 1013
2493 2494
2493 1344
2495 2496
2495 1344
2497 2496
2497 2498
2499 2496
2499 2494
2499 1344
2500 2496
2500 635
2500 2498
2501 2496
2501 635
2502 490
2502 2494
2503 2494
2503 502
2504 2505
2504 669
2506 490
2506 2494
2506 502
2507 2446
2507 2508
2509 2510
2509 2508
2511 2512
2511 2513
2511 2446
2514 2512
2514 2446
2515 2512
2515 2513
2516 2510
2516 2446
2516 2508
2517 102
2517 103
2517 104
2518 102
2518 103
2518 104
2519 102
2519 103
2519 104
2520 2386
2520 2521
2522 2386
2522 2523
2524 610
2524 611
2524 2525
2526 610
2526 2525
2527 600
2527 2523
2527 294
2528 2523
2528 294
2529 600
2529 2523
2530 2386
2530 2523
2530 2521
2531 611
2531 2525
2532 308
2532 605
2532 2533
2534 530
2534 591
2534 720
2535 720
2535 591
2536 530
2536 720
2537 720
2537 457
2537 2538
2539 208
2539 458
2540 457
2540 216
2540 596
2541 457
2541 596
2542 457
2542 216
2543 720
2543 457
2543 2538
2544 720
2544 457
2544 2538
2545 1880
2545 2546
2545 2547
2548 1880
2548 2546
2549 1880
2549 2547
2550 1880
2550 1740
2550 2551
2552 1880
2552 1740
2552 2551
2553 1880
2553 1740
2553 2551
2554 1880
2554 1740
2554 2551
2555 1998
2555 2551
2555 2556
2557 1998
2557 2551
2557 2556
2558 1998
2558 2551
2558 2556
2559 2560
2559 2561
2562 2560
2562 1810
2563 1490
2563 1592
2564 1490
2564 2560
2564 1592
2565 368
2565 274
2565 66
2566 1490
2566 2560
2567 274
2567 66
2568 591
2568 65
2568 286
2569 1854
2569 2570
2571 2572
2571 2570
2573 2574
2573 2575
2576 2574
2576 2577
2576 2575
2578 2579
2578 976
2580 2579
2580 975
2580 976
2581 2572
2581 1854
2581 2570
2582 964
2582 959
2583 1597
2583 2570
2583 2575
2584 2577
2584 2575
2585 2586
2585 1468
2587 2586
2587 962
2587 1468
2588 1893
2588 2589
2588 2590
2591 216
2591 2590
2592 2589
2592 208
2593 203
2593 2589
2594 205
2594 2590
2595 205
2595 216
2595 2590
2596 1146
2596 1894
2597 1146
2597 1894
2597 1147
2598 203
2598 2589
2598 208
2599 1894
2599 1147
2600 208
2600 2601
2602 208
2602 152
2602 2601
2603 2604
2603 2605
2603 2606
2607 2604
2607 2605
2607 2606
2608 2604
2608 2605
2608 2606
2609 2604
2609 2605
2609 2606
2610 189
2610 2611
2610 2605
2612 189
2612 2611
2612 2605
2613 189
2613 2611
2613 2605
2614 189
2614 2611
2614 2605
2615 2616
2615 2617
2615 803
2618 2616
2618 2617
2618 803
2619 2616
2619 1910
2620 2616
2620 2617
2620 803
2621 2616
2621 1910
2621 2622
2623 2616
2623 2622
2624 1910
2624 2625
2626 2627
2626 1910
2628 2625
2628 653
2629 2627
2629 1910
2629 2625
2630 2631
2630 1453
2630 2632
2633 2416
2633 2634
2635 2636
2635 2637
2638 2636
2638 2637
2638 2639
2640 886
2640 564
2640 2634
2641 2636
2641 2639
2642 886
2642 2634
2643 564
2643 2634
2644 2636
2644 2416
2645 2636
2645 2416
2645 2634
2646 2647
2646 2648
2646 2649
2650 2648
2650 1352
2651 1351
2651 2648
2652 1351
2652 2648
2652 1352
2653 2654
2653 2649
2655 1110
2655 2649
2656 1110
2656 2654
2656 2649
2657 1629
2657 1630
2657 1621
2658 1025
2658 1125
2659 1629
2659 1630
2659 1621
2660 1123
2660 1025
2661 1630
2661 1856
2662 251
2662 253
2662 1614
2663 1619
2663 1620
2663 1621
2664 1619
2664 1620
2664 1621
2665 75
2665 2666
2665 2667
2668 75
2668 2666
2668 2667
2669 75
2669 2666
2669 2667
2670 75
2670 2666
2670 2667
2671 2672
2671 2666
2673 186
2673 1
2673 1410
2674 2672
2674 2666
2674 2675
2676 2672
2676 2675
2677 1
2677 1410
2678 186
2678 1410
2679 764
2679 776
2680 776
2680 1868
2680 198
2681 1447
2681 962
2681 1468
2682 224
2682 225
2682 1466
2683 224
2683 225
2683 1466
2684 224
2684 225
2684 1466
2685 225
2685 286
2686 225
2686 152
2687 962
2687 4
2688 1447
2688 962
2688 1468
2689 224
2689 1478
2689 761
2690 224
2690 1478
2690 761
2691 542
2691 2692
2691 551
2693 542
2693 2692
2693 551
2694 2692
2694 147
2694 544
2695 2692
2695 147
2695 544
2696 2692
2696 147
2696 544
2697 2692
2697 147
2697 544
2698 388
2698 183
2698 1636
2699 183
2699 1636
2700 2701
2700 2702
2700 2703
2704 625
2704 2703
2704 324
2705 1678
2705 1679
2706 2707
2706 339
2706 2708
2709 2707
2709 2708
2710 339
2710 2711
2712 339
2712 2713
2714 2715
2714 2707
2714 1022
2716 2715
2716 2707
2716 1022
2717 2707
2717 339
2718 2715
2718 2707
2718 1022
2719 755
2719 2720
2719 2721
2722 2715
2722 2707
2722 1022
2723 1123
2723 1025
2723 1125
2724 755
2724 2720
2725 1266
2725 695
2725 2268
2726 1266
2726 695
2727 701
2727 2268
2728 2729
2728 2268
2730 2729
2730 1762
2731 2729
2731 701
2731 2268
2732 1764
2732 2729
2732 1762
2733 1764
2733 2729
2734 1266
2734 2268
2735 1266
2735 691
2735 2736
2737 796
2737 2013
2737 696
2738 796
2738 696
2739 2013
2739 696
2740 2365
2740 2366
2740 191
2741 189
2741 190
2741 191
2742 2365
2742 2366
2742 191
2743 2744
2743 2702
2745 2744
2745 2702
2745 2703
2746 2747
2746 2748
2749 2748
2749 2750
2751 2747
2751 2748
2751 2750
2752 2747
2752 2703
2753 2747
2753 328
2754 2747
2754 328
2754 2703
2755 2365
2755 2366
2755 191
2756 2744
2756 2469
2756 2748
2757 2744
2757 2703
2758 203
2758 127
2758 2307
2759 1831
2759 2760
2759 1829
2761 189
2761 190
2761 191
2762 1831
2762 2760
2762 1829
2763 2291
2763 2293
2763 1831
2764 1831
2764 2760
2764 1829
2765 1831
2765 2760
2765 1829
2766 2291
2766 2293
2766 1831
2767 2291
2767 205
2768 2291
2768 2293
2768 1831
2769 2291
2769 2293
2769 1831
2770 2771
2770 2772
2770 2773
2774 2775
2774 2431
2776 2771
2776 2772
2776 2773
2777 2775
2777 2431
2777 2432
2778 2779
2778 2780
2778 2438
2781 2779
2781 2780
2781 2438
2782 2779
2782 2780
2782 2438
2783 2779
2783 2780
2783 2438
2784 208
2784 2771
2785 2786
2785 2438
2787 2786
2787 2437
2787 2438
2788 2789
2788 2790
2788 2028
2791 2789
2791 2790
2791 2028
2792 2789
2792 2790
2792 2028
2793 2790
2793 1601
2794 2454
2794 2795
2796 179
2796 2611
2796 216
2797 2454
2797 2455
2797 2795
2798 2789
2798 2790
2798 2028
2799 208
2799 2771
2799 596
2800 1844
2800 2801
2802 1844
2802 2801
2802 2803
2804 186
2804 2772
2805 1987
2805 2806
2807 186
2807 617
2807 2772
2808 488
2808 2809
2808 1914
2810 488
2810 2809
2810 1914
2811 477
2811 2809
2811 479
2812 477
2812 2809
2812 479
2813 477
2813 653
2814 179
2814 477
2815 488
2815 2809
2815 1914
2816 488
2816 2809
2816 1914
2817 477
2817 2809
2817 479
2818 477
2818 2809
2818 479
2819 189
2819 190
2819 191
2820 1104
2820 2821
2820 2822
2823 1104
2823 2821
2824 266
2824 2822
2825 2826
2825 2822
2827 2821
2827 2828
2829 1407
2829 2806
2830 2822
2830 266
2830 2826
2831 1818
2831 2821
2831 2828
2832 1818
2832 2821
2833 1213
2833 2806
2834 1104
2834 2822
2835 2082
2835 1987
2835 2806
2836 591
2836 570
2836 2123
2837 128
2837 502
2838 499
2838 2839
2838 500
2840 490
2840 2498
2840 502
2841 490
2841 2498
2841 502
2842 2843
2842 286
2844 1
2844 2843
2844 286
2845 2846
2845 2843
2845 2847
2848 2771
2848 596
2849 1850
2849 2847
2849 1848
2850 1850
2850 2847
2850 1848
2851 617
2851 2772
2852 1850
2852 2847
2852 1848
2853 2846
2853 2843
2853 2847
2854 2846
2854 2843
2854 2847
2855 2771
2855 2772
2855 2773
2856 2771
2856 2772
2856 2773
2857 1113
2857 2858
2859 174
2859 2043
2860 174
2860 144
2861 1764
2861 2446
2861 2862
2863 1764
2863 2446
2863 2862
2864 1764
2864 2446
2864 2862
2865 1764
2865 2446
2865 2862
2866 172
2866 166
2866 2043
2867 172
2867 2043
2868 172
2868 166
2869 174
2869 2043
2869 144
2870 2871
2870 768
2870 2872
2873 2871
2873 768
2873 2872
2874 2871
2874 768
2874 2872
2875 2871
2875 768
2875 2872
2876 2871
2876 643
2876 641
2877 128
2877 2872
2877 4
2878 2872
2878 4
2879 128
2879 2872
2880 768
2880 769
2880 759
2881 768
2881 769
2881 759
2882 1362
2882 1123
2882 1357
2883 1362
2883 1123
2883 1357
2884 278
2884 2885
2884 279
2886 2885
2886 279
2887 2885
2887 278
2888 826
2888 591
2889 277
2889 2890
2889 1144
2891 2890
2891 1144
2892 277
2892 1144
2893 521
2893 1321
2894 521
2894 160
2895 2896
2895 834
2897 521
2897 160
2897 1321
2898 2896
2898 834
2898 2899
2900 834
2900 2899
2901 2896
2901 1062
2902 1061
2902 2896
2903 2904
2903 2899
2905 2896
2905 1061
2905 1062
2906 368
2906 216
2906 585
2907 1850
2907 2858
2908 1850
2908 2909
2910 2911
2910 2912
2910 2913
2914 2911
2914 2912
2914 2913
2915 1131
2915 1138
2915 2913
2916 1131
2916 1138
2916 2913
2917 1131
2917 1138
2917 2913
2918 1131
2918 1138
2918 2913
2919 1108
2919 1109
2919 2909
2920 1108
2920 2909
2921 1109
2921 2909
2922 1850
2922 2909
2922 2858
2923 2924
2923 1822
2923 2925
2926 1822
2926 2925
2927 2928
2927 437
2929 2930
2929 2931
2929 871
2932 2930
2932 871
2933 2930
2933 2931
2934 2297
2934 2928
2935 2928
2935 2936
2937 2928
2937 437
2937 2938
2939 437
2939 2938
2940 2941
2940 429
2940 423
2942 2941
2942 429
2943 2941
2943 423
2944 420
2944 429
2944 2945
2946 2947
2946 2948
2949 368
2949 2912
2949 216
2950 368
2950 2912
2951 2912
2951 216
2952 429
2952 2945
2953 420
2953 2945
2954 988
2954 2955
2956 2957
2956 2958
2956 2959
2960 687
2960 697
2961 2959
2961 274
2962 2959
2962 617
2963 2958
2963 596
2964 2958
2964 4
2964 596
2965 128
2965 2966
2967 128
2967 2966
2967 286
2968 2959
2968 274
2968 617
2969 2966
2969 286
2970 410
2970 1431
2970 2971
2972 410
2972 1431
2972 2971
2973 2974
2973 2975
2976 2974
2976 2977
2978 2911
2978 2979
2980 2911
2980 2981
2980 2979
2982 410
2982 2974
2982 2979
2983 2979
2983 2981
2984 410
2984 2979
2985 410
2985 2974
2986 1382
2986 1385
2986 1386
2987 1385
2987 2988
2989 1382
2989 1385
2990 1382
2990 1386
2991 2992
2991 2988
2993 1382
2993 2992
2993 2988
2994 1898
2994 1379
2994 806
2995 1382
2995 2992
2996 1898
2996 806
2997 1379
2997 806
2998 2331
2998 596
2999 2331
2999 286
3000 2334
3000 2331
3000 2329
3001 2334
3001 2331
3001 2329
3002 2334
3002 2331
3002 2329
3003 2334
3003 2331
3003 2329
3004 880
3004 2329
3004 2432
3005 880
3005 2329
3005 2432
3006 880
3006 2329
3006 2432
3007 880
3007 2329
3007 2432
3008 530
3008 542
3009 1750
3009 3010
3011 3012
3011 1750
3013 1098
3013 1099
3013 1744
3014 1739
3014 1740
3014 321
3015 1099
3015 1744
3016 1744
3016 1749
3016 1750
3017 1746
3017 319
3017 1739
3018 1744
3018 1749
3019 1
3019 429
3019 286
3020 951
3020 1932
3020 952
3021 436
3021 3022
3021 3023
3024 1931
3024 3025
3026 2264
3026 1476
3026 3027
3028 3029
3028 3030
3031 3029
3031 3032
3033 436
3033 3022
3033 3023
3034 3035
3034 2711
3036 2021
3036 2711
3037 2021
3037 3035
3037 2711
3038 3039
3038 2708
3040 2775
3040 3025
3041 1476
3041 3027
3042 2775
3042 3025
3042 951
3043 3044
3043 3045
3046 2775
3046 743
3046 2432
3047 103
3047 3048
3049 3050
3049 3051
3052 3053
3052 3050
3054 3053
3054 3050
3054 3051
3055 3051
3055 1357
3056 3057
3056 3050
3056 1026
3058 3057
3058 3050
3058 1026
3059 3057
3059 3050
3059 1026
3060 3057
3060 3050
3060 1026
3061 1021
3061 1025
3061 1026
3062 1021
3062 1025
3062 1026
3063 530
3063 617
3063 542
3064 3065
3064 1530
3066 3067
3066 3068
3066 3065
3069 1524
3069 3065
3069 1530
3070 1524
3070 3065
3071 1524
3071 3068
3072 3068
3072 1532
3073 2513
3073 3074
3073 2440
3075 1524
3075 3068
3075 1532
3076 3067
3076 3068
3077 3067
3077 3065
3078 3079
3078 2556
3080 3079
3080 3081
3082 3083
3082 2283
3084 3079
3084 3081
3084 2556
3085 3086
3085 3079
3087 2283
3087 3088
3087 3081
3089 3083
3089 3086
3089 3079
3090 3083
3090 3086
3091 2283
3091 3088
3092 3088
3092 3081
3093 981
3093 3094
3095 2171
3095 3096
3097 2172
3097 1423
3097 1424
3098 2171
3098 3099
3098 3096
3100 2171
3100 3099
3101 1418
3101 3096
3102 3096
3102 1423
3103 3099
3103 1424
3104 1418
3104 3096
3104 1423
3105 2172
3105 1424
3106 2172
3106 1423
3107 822
3107 3108
3109 3110
3109 2890
3111 1248
3111 2204
3111 1257
3112 3113
3112 3114
3112 1493
3115 3113
3115 3114
3116 3110
3116 437
3117 435
3117 3110
3118 3110
3118 2890
3118 3119
3120 2890
3120 3119
3121 442
3121 3119
3121 443
3122 3119
3122 443
3123 442
3123 3119
3124 435
3124 3110
3124 437
3125 3126
3125 423
3127 420
3127 3126
3128 3126
3128 3129
3128 1138
3130 3129
3130 1138
3131 3129
3131 2941
3131 2945
3132 3129
3132 2941
3133 3129
3133 2945
3134 420
3134 3126
3134 423
3135 3126
3135 1138
3136 3137
3136 2772
3136 3138
3139 3140
3139 3141
3142 3143
3142 3141
3142 2483
3144 3145
3144 1249
3146 3143
3146 2601
3146 2604
3147 3145
3147 3148
3147 1249
3149 3148
3149 1249
3150 3140
3150 2091
3150 3141
3151 2091
3151 3141
3152 3143
3152 2604
3153 3143
3153 2601
3154 1152
3154 818
3155 3156
3155 2
3157 3158
3157 16
3157 11
3159 3156
3159 2
3159 9
3160 3156
3160 9
3161 1362
3161 3162
3163 1362
3163 3164
3165 283
3165 3164
3166 1362
3166 3164
3166 3162
3167 3158
3167 16
3168 3158
3168 11
3169 508
3169 1226
3170 897
3170 899
3171 2974
3171 2977
3171 2975
3172 2981
3172 2975
3173 3174
3173 940
3175 3174
3175 940
3175 943
3176 52
3176 1424
3177 58
3177 52
3177 1424
3178 2911
3178 2977
3178 2948
3179 58
3179 43
3180 3181
3180 937
3182 2977
3182 2948
3183 2975
3183 2948
3184 2981
3184 2975
3184 2948
3185 1619
3185 1620
3185 1621
3186 3187
3186 3188
3189 975
3189 1854
3190 3191
3190 3192
3190 2466
3193 3194
3193 2789
3195 3196
3195 2789
3197 3196
3197 3194
3197 2789
3198 3199
3198 3194
3200 3191
3200 2721
3200 3188
3201 2720
3201 2721
3201 2457
3202 3191
3202 2721
3203 3204
3203 975
3205 3030
3205 3204
3205 975
3206 400
3206 396
3206 3207
3208 2992
3208 690
3208 781
3209 2992
3209 690
3209 781
3210 2992
3210 690
3210 781
3211 2992
3211 690
3211 781
3212 811
3212 690
3213 690
3213 3214
3215 811
3215 690
3215 3214
3216 811
3216 1388
3217 548
3217 3218
3219 547
3219 548
3219 3218
3220 3221
3220 547
3222 547
3222 3223
3224 3221
3224 547
3224 3223
3225 3226
3225 3218
3227 3228
3227 3218
3229 3228
3229 3226
3229 3218
3230 3226
3230 3221
3231 3226
3231 262
3232 274
3232 1468
3232 596
3233 1998
3233 1880
3233 1889
3234 617
3234 964
3235 617
3235 286
3235 964
3236 1484
3236 3030
3236 1476
3237 2715
3237 1853
3238 1853
3238 3239
3240 1853
3240 3241
3242 2715
3242 3243
3244 2715
3244 1853
3244 3243
3245 3241
3245 3243
3246 3241
3246 3243
3246 3239
3247 1853
3247 3241
3247 3239
3248 3243
3248 3239
3249 3250
3249 1673
3249 3251
3252 123
3252 124
3252 125
3253 2647
3253 2648
3254 1113
3254 1114
3254 2858
3255 186
3255 2117
3256 186
3256 617
3256 2117
3257 123
3257 2117
3257 2115
3258 617
3258 2117
3259 123
3259 2117
3259 2115
3260 123
3260 2117
3260 2115
3261 123
3261 124
3261 125
3262 123
3262 2117
3262 2115
3263 1114
3263 2858
3264 1131
3264 3265
3266 1131
3266 3267
3268 3267
3268 2771
3269 1131
3269 3267
3269 3265
3270 1893
3270 1625
3271 3272
3271 1844
3271 2803
3273 3272
3273 1844
3273 2803
3274 1221
3274 216
3275 3250
3275 3251
3276 3277
3276 3278
3276 2795
3279 3278
3279 2795
3280 3277
3280 2795
3281 2455
3281 2803
3281 2795
3282 2455
3282 2803
3282 2795
3283 2455
3283 2803
3283 2795
3284 2455
3284 2803
3284 2795
3285 3272
3285 1844
3285 2803
3286 306
3286 304
3286 299
3287 301
3287 299
3287 1222
3288 3289
3288 2575
3290 3194
3290 3289
3290 2575
3291 3199
3291 981
3291 3094
3292 1173
3292 1171
3292 1174
3293 1542
3293 1174
3293 916
3294 3289
3294 93
3295 3289
3295 981
3295 93
3296 186
3296 69
3297 203
3297 69
3298 72
3298 84
3298 69
3299 72
3299 84
3299 69
3300 845
3300 84
3300 840
3301 845
3301 84
3301 840
3302 845
3302 84
3302 840
3303 186
3303 203
3303 69
3304 72
3304 84
3304 69
3305 72
3305 84
3305 69
3306 2936
3306 3307
3306 3308
3309 2936
3309 3307
3309 3308
3310 2936
3310 3307
3310 3308
3311 2936
3311 3307
3311 3308
3312 3307
3312 2924
3312 1822
3313 203
3313 4
3313 3308
3314 4
3314 3308
3315 203
3315 3308
3316 2297
3316 3317
3316 2936
3318 2297
3318 3317
3318 2936
3319 3320
3319 2577
3319 2556
3321 2574
3321 2577
3321 3322
3323 3320
3323 2577
3323 2556
3324 3320
3324 2577
3324 2556
3325 2574
3325 1854
3325 2577
3326 2574
3326 1854
3327 2574
3327 3322
3328 2577
3328 3322
3329 1854
3329 2577
3330 1553
3330 1854
3330 3322
3331 1008
3331 3332
3333 2365
3333 2366
3333 3334
3335 2366
3335 3334
3336 2365
3336 3334
3337 190
3337 3338
3337 191
3339 190
3339 3338
3340 3338
3340 191
3341 3342
3341 3338
3341 3334
3343 3342
3343 3334
3344 3342
3344 3338
3345 1468
3345 959
3346 3347
3346 1749
3348 1053
3348 3349
3350 3347
3350 2162
3350 1749
3351 1053
3351 2162
3351 3349
3352 574
3352 1030
3353 1558
3353 1030
3354 3349
3354 3355
3356 3357
3356 3358
3356 8
3359 7
3359 8
3359 9
3360 3357
3360 3358
3360 8
3361 3357
3361 3358
3361 8
3362 3358
3362 152
3363 3357
3363 3358
3363 8
3364 3358
3364 127
3364 152
3365 3358
3365 127
3366 7
3366 8
3366 9
3367 7
3367 8
3367 9
3368 1808
3368 359
3369 32
3369 33
3369 3370
3371 32
3371 3370
3372 3373
3372 3370
3374 33
3374 3375
3374 3376
3377 33
3377 3375
3378 33
3378 3376
3379 1108
3379 3380
3381 1108
3381 3382
3383 3384
3383 3373
3383 3370
3385 3384
3385 3370
3386 366
3386 376
3387 1802
3387 366
3388 316
3388 313
3389 316
3389 317
3390 316
3390 3391
3390 1260
3392 316
3392 3391
3392 1260
3393 316
3393 3391
3393 1260
3394 316
3394 3391
3394 1260
3395 1271
3395 1418
3395 3391
3396 1271
3396 1418
3396 3391
3397 1271
3397 1418
3397 3391
3398 1271
3398 1418
3398 3391
3399 530
3399 1147
3400 662
3400 665
3400 663
3401 665
3401 523
3402 521
3402 665
3403 521
3403 665
3403 523
3404 662
3404 527
3405 526
3405 662
3406 526
3406 527
3406 662
3407 3408
3407 3409
3410 3409
3410 3411
3412 3408
3412 3409
3412 3411
3413 1367
3413 1840
3413 1848
3414 1367
3414 1840
3414 1848
3415 1840
3415 274
3416 1840
3416 152
3417 1366
3417 1367
3417 1368
3418 274
3418 1840
3418 152
3419 1611
3419 361
3419 1676
3420 1366
3420 1367
3420 1368
3421 569
3421 2639
3421 886
3422 203
3422 208
3422 1199
3423 1616
3423 2013
3424 1070
3424 1065
3424 1071
3425 1098
3425 1982
3425 3426
3427 1098
3427 1982
3427 3426
3428 1098
3428 1982
3428 3426
3429 809
3429 696
3429 82
3430 102
3430 2826
3430 2828
3431 809
3431 82
3432 1816
3432 4
3433 102
3433 1818
3434 102
3434 1818
3434 266
3435 1611
3435 361
3436 2826
3436 2828
3437 102
3437 2828
3438 60
3438 61
3438 62
3439 95
3439 120
3440 95
3440 110
3441 95
3441 120
3441 110
3442 120
3442 107
3443 95
3443 62
3443 96
3444 95
3444 62
3444 96
3445 95
3445 62
3445 96
3446 816
3446 3108
3447 496
3447 4
3448 816
3448 499
3448 3108
3449 1366
3449 139
3449 3450
3451 1366
3451 139
3451 3450
3452 1366
3452 139
3452 3450
3453 179
3453 3450
3454 3450
3454 4
3455 179
3455 3450
3455 4
3456 138
3456 139
3456 133
3457 138
3457 139
3457 133
3458 510
3458 518
3458 497
3459 1366
3459 1367
3459 1368
3460 1366
3460 139
3460 3450
3461 2839
3461 499
3462 821
3462 822
3462 3108
3463 3464
3463 3465
3463 3466
3467 3464
3467 3465
3468 142
3468 3464
3468 154
3469 142
3469 3464
3470 181
3470 183
3471 182
3471 183
3472 142
3472 3466
3473 155
3473 3466
3474 3464
3474 154
3475 142
3475 155
3475 3466
3476 3272
3476 1554
3476 3477
3478 1616
3478 3479
3478 238
3480 1616
3480 3479
3480 238
3481 241
3481 3479
3481 239
3482 1616
3482 3479
3482 238
3483 241
3483 3479
3483 239
3484 241
3484 3479
3484 239
3485 239
3485 475
3486 241
3486 3479
3486 239
3487 1616
3487 3479
3487 238
3488 186
3488 203
3488 201
3489 3490
3489 210
3491 251
3491 3490
3492 2675
3492 3493
3494 251
3494 3490
3494 210
3495 3496
3495 253
3497 247
3497 3490
3497 3496
3498 3496
3498 210
3498 253
3499 3496
3499 210
3500 247
3500 3490
3501 247
3501 3496
3502 186
3502 152
3502 3223
3503 152
3503 3223
3504 1
3504 262
3505 127
3505 262
3506 179
3506 3221
3507 208
3507 3221
3508 186
3508 3223
3509 179
3509 208
3509 3221
3510 3221
3510 3511
3510 3223
3512 3221
3512 3511
3512 3223
3513 2911
3513 2981
3513 3514
3515 2911
3515 2981
3515 3514
3516 3517
3516 3518
3519 3520
3519 2416
3519 2409
3521 3520
3521 2416
3522 3520
3522 2409
3523 3520
3523 2981
3523 3518
3524 2981
3524 3518
3525 3520
3525 2981
3526 2911
3526 2981
3526 3514
3527 1649
3527 1643
3527 1646
3528 1649
3528 1643
3528 1646
3529 1649
3529 1643
3529 1646
3530 1649
3530 1643
3530 1646
3531 530
3531 1646
3532 617
3532 1646
3533 3534
3533 1649
3533 3535
3536 530
3536 617
3536 1646
3537 3534
3537 1649
3537 3535
3538 3534
3538 1649
3538 3535
3539 283
3539 3540
3539 17
3541 282
3541 279
3541 283
3542 205
3542 3540
3543 283
3543 3540
3543 17
3544 283
3544 3540
3544 17
3545 283
3545 3540
3545 17
3546 16
3546 17
3546 11
3547 16
3547 17
3547 11
3548 205
3548 274
3548 3540
3549 274
3549 3540
3550 1459
3550 216
3550 617
3551 3552
3551 3553
3554 306
3554 296
3554 304
3555 1221
3555 3556
3557 1230
3557 3553
3557 1223
3558 1221
3558 3556
3558 1222
3559 3556
3559 1222
3560 3556
3560 3552
3560 3553
3561 3556
3561 3552
3562 1230
3562 3553
3563 3553
3563 1223
3564 2702
3564 3565
3566 3567
3566 2702
3568 334
3568 330
3569 330
3569 324
3570 1746
3570 3565
3571 1746
3571 319
3571 3565
3572 3567
3572 2702
3572 3565
3573 319
3573 3565
3574 1271
3574 127
3575 1271
3575 591
3576 3567
3576 320
3577 3567
3577 1971
3578 2958
3578 4
3579 832
3579 837
3579 3580
3581 71
3581 2304
3582 837
3582 3580
3583 832
3583 3580
3584 71
3584 72
3585 71
3585 73
3586 2304
3586 68
3587 71
3587 2304
3587 68
3588 845
3588 3589
3590 845
3590 3589
3590 840
3591 2074
3591 373
3592 372
3592 2074
3592 373
3593 718
3593 716
3593 3594
3595 718
3595 716
3595 3594
3596 718
3596 716
3596 3594
3597 718
3597 716
3597 3594
3598 372
3598 3599
3598 3594
3600 372
3600 3599
3600 3594
3601 372
3601 3599
3601 3594
3602 372
3602 3599
3602 3594
3603 2275
3603 428
3603 3604
3605 428
3605 422
3605 429
3606 2275
3606 428
3606 3604
3607 2275
3607 428
3607 3604
3608 96
3608 3604
3608 454
3609 2275
3609 428
3609 3604
3610 96
3610 3604
3610 454
3611 96
3611 3604
3611 454
3612 109
3612 116
3612 114
3613 96
3613 3604
3613 454
3614 2199
3614 2201
3614 443
3615 1248
3615 2199
3615 1257
3616 2199
3616 2201
3616 443
3617 2199
3617 2201
3617 443
3618 1248
3618 2199
3618 1257
3619 205
3619 1257
3620 1248
3620 2199
3620 1257
3621 1248
3621 2199
3621 1257
3622 203
3622 442
3622 274
3623 2199
3623 2201
3623 443
3624 739
3624 3048
3625 739
3625 749
3626 741
3626 742
3626 743
3627 1579
3627 741
3627 1583
3628 466
3628 462
3629 462
3629 1286
3630 466
3630 462
3630 1286
3631 461
3631 467
3632 461
3632 1286
3633 461
3633 1286
3633 467
3634 1701
3634 61
3634 1702
3635 1701
3635 61
3635 1702
3636 1701
3636 61
3636 1702
3637 2775
3637 743
3637 2432
3638 2775
3638 743
3638 2432
3639 739
3639 3048
3639 749
3640 484
3640 479
3641 477
3641 482
3641 488
3642 2589
3642 241
3643 241
3643 2590
3644 484
3644 488
3644 479
3645 484
3645 488
3646 128
3646 238
3646 653
3647 128
3647 238
3648 238
3648 653
3649 2589
3649 241
3649 2590
3650 179
3650 230
3650 286
3651 230
3651 286
3652 635
3652 229
3652 2498
3653 635
3653 229
3653 2498
3654 635
3654 229
3654 2498
3655 635
3655 229
3655 2498
3656 490
3656 2498
3656 502
3657 490
3657 2498
3657 502
3658 179
3658 230
3659 221
3659 229
3659 230
3660 526
3660 656
3660 659
3661 526
3661 656
3661 659
3662 128
3662 659
3662 653
3663 659
3663 653
3664 128
3664 659
3665 179
3665 656
3665 570
3666 656
3666 570
3667 179
3667 656
3668 526
3668 656
3668 659
3669 526
3669 656
3669 659
3670 102
3670 2236
3671 203
3671 274
3671 264
3672 1104
3672 1099
3672 1105
3673 1104
3673 1099
3673 1105
3674 3675
3674 2229
3674 2230
3676 1728
3676 1720
3676 1105
3677 3675
3677 2229
3678 3679
3678 2236
3678 2444
3680 2236
3680 2444
3681 258
3681 1720
3681 548
3682 102
3682 2229
3683 574
3683 3044
3683 575
3684 574
3684 3044
3685 277
3685 3686
3685 2890
3687 277
3687 3686
3687 2890
3688 277
3688 3686
3688 2890
3689 277
3689 3686
3689 2890
3690 575
3690 3686
3690 3691
3692 575
3692 3686
3692 3691
3693 575
3693 3686
3693 3691
3694 575
3694 3686
3694 3691
3695 386
3695 1190
3696 308
3696 311
3697 368
3697 610
3697 570
3698 610
3698 570
3699 368
3699 610
3700 530
3700 591
3700 611
3701 530
3701 611
3702 591
3702 611
3703 610
3703 611
3703 605
3704 610
3704 611
3704 605
3705 610
3705 611
3705 605
3706 2701
3706 2702
3706 2703
3707 625
3707 2703
3707 324
3708 334
3708 314
3708 625
3709 334
3709 314
3709 625
3710 334
3710 314
3710 625
3711 2701
3711 2702
3711 2703
3712 625
3712 2703
3712 324
3713 625
3713 2703
3713 324
3714 220
3714 3715
3716 220
3716 3715
3716 3717
3718 2871
3718 636
3718 2872
3719 220
3719 3717
3720 636
3720 2872
3721 2871
3721 636
3722 769
3722 638
3723 768
3723 769
3723 638
3724 635
3724 636
3724 638
3725 768
3725 638
3726 98
3726 379
3726 1676
3727 3675
3727 3679
3728 3675
3728 2440
3729 710
3729 1737
3730 3675
3730 3679
3730 2440
3731 2444
3731 2230
3732 1737
3732 3035
3733 3250
3733 1737
3734 356
3734 663
3734 22
3735 356
3735 347
3735 352
3736 356
3736 347
3736 352
3737 356
3737 347
3737 352
3738 20
3738 1
3738 208
3739 356
3739 663
3739 22
3740 356
3740 663
3740 22
3741 356
3741 663
3741 22
3742 20
3742 1
3743 20
3743 208
3744 3745
3744 1609
3746 3747
3746 3745
3748 677
3748 3749
3750 677
3750 3749
3750 3745
3751 978
3751 1609
3752 968
3752 978
3752 1609
3753 3747
3753 3745
3753 1609
3754 968
3754 1609
3755 677
3755 678
3755 679
3756 677
3756 3745
3757 2958
3757 1878
3758 1875
3758 1876
3758 1878
3759 2958
3759 1878
3759 2966
3760 2348
3760 2192
3760 3761
3762 2348
3762 2192
3762 3761
3763 2348
3763 2192
3763 3761
3764 2348
3764 2192
3764 3761
3765 400
3765 396
3765 3761
3766 400
3766 396
3766 3761
3767 400
3767 396
3767 3761
3768 400
3768 396
3768 3761
3769 1876
3769 2966
3770 2344
3770 2348
3770 2349
3771 2344
3771 2348
3771 2349
3772 697
3772 1521
3773 702
3773 697
3774 702
3774 697
3774 1521
3775 850
3775 2955
3776 988
3776 850
3776 2955
3777 850
3777 989
3778 991
3778 850
3779 687
3779 697
3779 688
3780 1899
3780 653
3781 1898
3781 2627
3781 1899
3782 215
3782 251
3782 1901
3783 1898
3783 2627
3784 1898
3784 1908
3784 803
3785 1908
3785 803
3786 1898
3786 1908
3787 274
3787 423
3788 152
3788 423
3789 274
3789 152
3789 423
3790 429
3790 286
3791 1
3791 429
3792 1374
3792 1910
3792 1908
3793 2275
3793 721
3794 2275
3794 732
3795 2275
3795 732
3795 721
3796 720
3796 721
3797 436
3797 3022
3797 3023
3798 1927
3798 3025
3799 436
3799 3022
3799 3023
3800 1927
3800 1931
3800 3025
3801 746
3801 3048
3801 103
3802 3044
3802 3023
3803 1932
3803 951
3804 3044
3804 3023
3804 3045
3805 746
3805 3048
3806 2775
3806 951
3807 696
3807 82
3808 80
3808 77
3808 82
3809 1070
3809 789
3809 1199
3810 788
3810 789
3810 780
3811 1613
3811 1616
3811 2013
3812 1199
3812 208
3813 1613
3813 2013
3814 1070
3814 1065
3814 1071
3815 1070
3815 789
3815 1199
3816 1070
3816 789
3816 1199
3817 203
3817 1199
3818 1070
3818 789
3818 1199
3819 496
3819 492
3819 497
3820 496
3820 492
3820 497
3821 186
3821 3822
3823 368
3823 3822
3824 496
3824 617
3824 4
3825 368
3825 186
3825 3822
3826 496
3826 617
3827 496
3827 492
3827 497
3828 821
3828 3108
3829 510
3829 518
3829 497
3830 510
3830 518
3830 497
3831 510
3831 518
3831 497
3832 522
3832 3833
3832 833
3834 522
3834 3833
3834 833
3835 522
3835 3833
3835 833
3836 522
3836 3833
3836 833
3837 3833
3837 216
3838 1
3838 3833
3839 521
3839 522
3839 523
3840 1
3840 3833
3840 216
3841 832
3841 833
3841 834
3842 832
3842 833
3842 834
3843 257
3843 538
3844 257
3844 3845
3846 203
3846 286
3846 566
3847 203
3847 566
3848 542
3848 3845
3848 551
3849 542
3849 3845
3850 3845
3850 551
3851 257
3851 3845
3851 538
3852 286
3852 566
3853 205
3853 563
3853 274
3854 3029
3854 3030
3854 3032
3855 1942
3855 3856
3857 2264
3857 3027
3858 3859
3858 187
3858 561
3860 3859
3860 561
3861 3859
3861 187
3862 3859
3862 560
3862 893
3863 560
3863 893
3864 3859
3864 893
3865 151
3865 187
3865 891
3866 151
3866 891
3867 187
3867 891
3868 886
3868 893
3868 891
3869 2079
3869 3856
3870 912
3870 3871
3870 3872
3873 912
3873 3871
3873 3872
3874 912
3874 3871
3874 3872
3875 908
3875 912
3875 903
3876 1398
3876 2617
3876 3872
3877 1398
3877 2617
3877 3872
3878 1398
3878 2617
3878 3872
3879 912
3879 3871
3879 3872
3880 1395
3880 1396
3880 1398
3881 1398
3881 2617
3881 3872
3882 1267
3882 2079
3882 3856
3883 2079
3883 2080
3883 2736
3884 631
3884 3885
3884 2378
3886 631
3886 3885
3886 2378
3887 595
3887 583
3887 3885
3888 595
3888 583
3888 3885
3889 595
3889 583
3889 3885
3890 595
3890 583
3890 3885
3891 186
3891 595
3892 595
3892 596
3893 1579
3893 741
3893 1583
3894 631
3894 3885
3894 2378
3895 631
3895 3885
3895 2378
3896 1579
3896 741
3896 1583
3897 2244
3897 617
3898 3899
3898 2244
3898 2245
3900 2244
3900 208
3900 617
3901 2244
3901 208
3902 600
3902 2245
3902 294
3903 600
3903 2245
3903 294
3904 600
3904 2245
3904 294
3905 600
3905 2245
3905 294
3906 599
3906 600
3906 601
3907 599
3907 600
3907 601
3908 46
3908 945
3908 940
3909 945
3909 937
3909 943
3910 46
3910 945
3910 940
3911 46
3911 945
3911 940
3912 1134
3912 2912
3912 1138
3913 46
3913 945
3913 940
3914 1134
3914 1138
3915 1134
3915 2912
3916 2912
3916 1132
3917 1131
3917 2912
3917 1132
3918 2775
3918 743
3918 2432
3919 341
3919 342
3919 343
3920 341
3920 342
3920 343
3921 341
3921 649
3921 652
3922 649
3922 128
3923 341
3923 649
3923 652
3924 341
3924 649
3924 652
3925 179
3925 530
3925 343
3926 341
3926 649
3926 652
3927 179
3927 343
3928 530
3928 343
3929 3749
3929 3930
3931 3749
3931 3932
3931 3930
3933 3934
3933 3932
3935 3932
3935 3035
3936 3747
3936 3934
3937 3747
3937 2713
3938 3747
3938 3934
3938 2713
3939 3749
3939 3932
3940 1597
3940 978
3941 1597
3941 978
3941 979
3942 617
3942 321
3943 898
3943 899
3944 1173
3944 1171
3944 1812
3945 2082
3945 1987
3946 880
3946 918
3947 1987
3947 3426
3947 1983
3948 1987
3948 3426
3948 1983
3949 3950
3949 3951
3949 2366
3952 1213
3952 1407
3952 2806
3953 917
3953 918
3954 995
3954 746
3954 149
3955 995
3955 746
3955 149
3956 147
3956 148
3956 149
3957 147
3957 148
3957 149
3958 1404
3958 1210
3958 148
3959 1404
3959 1210
3959 148
3960 1404
3960 1210
3960 148
3961 1404
3961 1210
3961 148
3962 1012
3962 1009
3962 1013
3963 1012
3963 1009
3963 1013
3964 3342
3964 1013
3964 1656
3965 3966
3965 1246
3967 3342
3967 1013
3967 1656
3968 627
3968 1252
3968 628
3969 179
3969 1012
3969 208
3970 3342
3970 1013
3970 1656
3971 179
3971 1012
3972 1012
3972 208
3973 1037
3973 1038
3974 1036
3974 1038
3975 1036
3975 3976
3977 1036
3977 60
3977 3976
3978 1038
3978 3976
3978 3979
3980 60
3980 3976
3981 3976
3981 3979
3982 1038
3982 3979
3983 1037
3983 3984
3985 1037
3985 60
3985 3984
3986 826
3986 127
3987 821
3987 822
3987 516
3988 816
3988 817
3988 818
3989 826
3989 817
3989 3822
3990 826
3990 817
3990 3822
3991 826
3991 817
3991 3822
3992 826
3992 817
3992 3822
3993 378
3993 1868
3993 1870
3994 386
3994 197
3995 1098
3995 3010
3996 1092
3996 3010
3997 1092
3997 3012
3998 1099
3998 1092
3998 3012
3999 1041
3999 1053
3999 114
4000 1041
4000 1053
4000 114
4001 1098
4001 1092
4001 3010
4002 1041
4002 1053
4002 114
4003 2214
4003 197
4004 3012
4004 1750
4004 3010
4005 1099
4005 3012
4006 707
4006 724
4006 708
4007 2214
4007 386
4007 197
4008 4009
4008 1190
4010 4011
4010 4009
4012 4009
4012 4011
4012 1190
4013 530
4013 1
4013 2904
4014 530
4014 2904
4015 1
4015 2904
4016 1061
4016 2904
4016 1322
4017 1061
4017 2904
4017 1322
4018 1061
4018 2904
4018 1322
4019 1061
4019 2904
4019 1322
4020 1061
4020 1062
4020 1063
4021 1061
4021 1062
4021 1063
4022 1061
4022 1062
4022 1063
4023 1225
4023 1151
4023 818
4024 1225
4024 1151
4024 818
4025 1225
4025 1151
4025 818
4026 1225
4026 1151
4026 818
4027 816
4027 817
4027 818
4028 1151
4028 4
4028 596
4029 1151
4029 4
4030 1151
4030 596
4031 1225
4031 416
4031 508
4032 1225
4032 416
4032 508
4033 2839
4033 822
4033 500
4034 821
4034 822
4034 516
4035 186
4035 591
4035 2839
4036 186
4036 2839
4037 208
4037 500
4038 368
4038 500
4039 2839
4039 822
4039 500
4040 2839
4040 822
4040 500
4041 591
4041 2839
4042 2839
4042 822
4042 500
4043 2729
4043 4044
4045 4044
4045 850
4046 848
4046 863
4047 2729
4047 850
4047 4044
4048 2261
4048 989
4049 4044
4049 2261
4049 3032
4050 991
4050 2261
4050 989
4051 991
4051 2261
4052 4044
4052 3032
4053 2261
4053 3032
4054 715
4054 4055
4054 708
4056 4055
4056 708
4057 2924
4057 2931
4057 871
4058 3307
4058 2924
4058 1822
4059 2924
4059 2931
4059 871
4060 2924
4060 2931
4060 871
4061 2924
4061 2931
4061 871
4062 205
4062 127
4062 2931
4063 127
4063 2931
4064 3307
4064 2924
4064 1822
4065 1463
4065 4066
4067 1452
4067 1459
4067 1461
4068 1463
4068 4069
4068 4066
4070 1463
4070 4069
4071 2357
4071 4066
4072 1461
4072 4066
4073 1459
4073 4069
4074 1461
4074 2357
4074 4066
4075 1459
4075 4069
4075 2357
4076 4069
4076 2357
4077 186
4077 929
4078 929
4078 128
4079 3899
4079 3552
4079 930
4080 186
4080 929
4080 128
4081 3899
4081 3552
4081 930
4082 3899
4082 3552
4082 930
4083 3899
4083 2244
4083 2245
4084 3899
4084 3552
4084 930
4085 3899
4085 2244
4085 2245
4086 3899
4086 2244
4086 2245
4087 1185
4087 4088
4089 4090
4089 1185
4089 4088
4091 147
4091 148
4091 149
4092 327
4092 336
4092 1978
4093 4094
4093 332
4095 4096
4095 332
4097 4094
4097 4096
4097 332
4098 336
4098 4094
4099 4094
4099 1999
4100 336
4100 4094
4100 1999
4101 4096
4101 1978
4102 4096
4102 1999
4103 4096
4103 1978
4103 1999
4104 4090
4104 4009
4105 776
4105 198
4106 1868
4106 198
4107 196
4107 197
4108 866
4108 871
4108 872
4109 186
4109 867
4110 1792
4110 440
4111 3194
4111 982
4111 979
4112 98
4112 678
4113 98
4113 678
4113 1158
4114 3934
4114 979
4115 3194
4115 979
4116 3932
4116 3934
4116 3035
4117 3934
4117 975
4118 1173
4118 4119
4120 4121
4120 3822
4122 826
4122 4121
4122 3822
4123 816
4123 817
4123 4119
4124 826
4124 4121
4125 817
4125 4119
4126 816
4126 4119
4127 1173
4127 4121
4128 1173
4128 4121
4128 4119
4129 179
4129 186
4129 3373
4130 3384
4130 37
4130 39
4131 1213
4131 4132
4131 1214
4133 4134
4133 1214
4135 29
4135 30
4135 39
4136 128
4136 30
4137 29
4137 30
4137 39
4138 29
4138 30
4138 39
4139 1214
4139 1411
4140 29
4140 30
4140 39
4141 3384
4141 37
4141 39
4142 3384
4142 37
4142 39
4143 439
4143 446
4144 1237
4144 1
4144 127
4145 1241
4145 2068
4145 1576
4146 1241
4146 2068
4146 1576
4147 2068
4147 2435
4148 1238
4148 1006
4148 2483
4149 439
4149 2068
4149 2435
4150 445
4150 2435
4151 1788
4151 2435
4152 1241
4152 1242
4152 556
4153 1241
4153 2068
4153 1576
4154 3966
4154 1253
4155 4156
4155 4157
4155 1656
4158 3342
4158 1013
4158 1656
4159 3966
4159 558
4159 628
4160 628
4160 1252
4161 558
4161 628
4162 3966
4162 558
4163 2631
4163 1285
4163 4164
4165 2631
4165 1285
4165 4164
4166 4164
4166 2153
4166 1453
4167 4164
4167 2153
4167 1453
4168 1285
4168 1286
4168 1277
4169 1285
4169 1286
4169 1277
4170 2631
4170 1285
4170 4164
4171 2631
4171 1285
4171 4164
4172 4164
4172 2153
4172 1453
4173 4164
4173 2153
4173 1453
4174 4175
4174 548
4174 259
4176 257
4176 4177
4178 548
4178 4177
4179 257
4179 548
4179 4177
4180 1047
4180 4177
4181 4175
4181 1047
4181 4177
4182 4175
4182 259
4183 4175
4183 548
4184 4175
4184 1047
4185 386
4185 92
4186 4187
4186 362
4188 388
4188 3465
4188 4189
4190 388
4190 3465
4191 388
4191 4189
4192 203
4192 1311
4192 4
4193 3465
4193 3466
4194 154
4194 155
4194 4189
4195 154
4195 4189
4196 155
4196 4189
4197 203
4197 1311
4198 1311
4198 4
4199 1497
4199 1511
4199 1499
4200 1497
4200 1511
4200 1499
4201 1062
4201 2184
4202 2186
4202 1062
4203 4204
4203 1071
4205 2186
4205 1062
4205 2184
4206 4204
4206 4207
4206 1071
4208 4207
4208 1071
4209 2106
4209 166
4209 144
4210 4204
4210 394
4211 4207
4211 403
4212 4204
4212 394
4212 395
4213 491
4213 640
4214 4215
4214 128
4214 286
4216 1084
4216 1085
4216 1086
4217 595
4217 4218
4219 4220
4219 3885
4219 2378
4221 1084
4221 4215
4221 1343
4222 4215
4222 286
4223 4220
4223 4218
4223 518
4224 4218
4224 518
4225 4220
4225 518
4226 1084
4226 4215
4226 1343
4227 1084
4227 4215
4227 1343
4228 1484
4228 4229
4230 848
4230 702
4230 850
4231 738
4231 1093
4231 4232
4233 738
4233 4232
4234 1093
4234 4232
4235 738
4235 1484
4235 1093
4236 738
4236 1484
4237 1484
4237 1093
4238 1484
4238 4229
4238 4232
4239 4229
4239 4232
4240 923
4240 920
4240 4241
4242 1113
4242 32
4242 4241
4243 1113
4243 32
4243 4241
4244 1113
4244 32
4244 4241
4245 179
4245 920
4246 923
4246 920
4246 4241
4247 923
4247 920
4247 4241
4248 923
4248 920
4248 4241
4249 1113
4249 32
4249 4241
4250 1114
4250 152
4250 4
4251 3250
4251 1673
4252 3250
4252 1737
4252 3035
4253 4254
4253 4255
4256 4255
4256 4257
4258 1490
4258 64
4258 2323
4259 4257
4259 1493
4260 168
4260 4257
4260 1493
4261 168
4261 4257
4262 4254
4262 168
4263 4254
4263 3113
4264 857
4264 1859
4264 4265
4266 857
4266 1859
4266 4265
4267 857
4267 4268
4269 857
4269 1375
4270 857
4270 1375
4270 4268
4271 799
4271 4268
4272 1383
4272 4268
4273 799
4273 1383
4273 4268
4274 857
4274 1859
4274 4265
4275 857
4275 1859
4275 4265
4276 1308
4276 1638
4277 1638
4277 183
4278 4279
4278 1636
4280 1638
4280 4279
4280 1636
4281 1308
4281 388
4281 389
4282 1638
4282 4279
4283 1308
4283 389
4284 1404
4284 4279
4285 1404
4285 4279
4285 389
4286 1432
4286 1667
4287 411
4287 1432
4287 1667
4288 1085
4288 1086
4288 1207
4289 411
4289 1667
4290 415
4290 416
4291 1431
4291 1432
4292 685
4292 667
4293 685
4293 672
4294 410
4294 1668
4295 1431
4295 1668
4296 415
4296 952
4297 415
4297 1207
4297 952
4298 1374
4298 4299
4298 2349
4300 215
4300 1
4301 1786
4301 152
4302 530
4302 1786
4302 152
4303 179
4303 570
4303 1905
4304 530
4304 1786
4305 570
4305 1905
4306 179
4306 1905
4307 2631
4307 1455
4307 1449
4308 2631
4308 1455
4308 1449
4309 2631
4309 1455
4309 1449
4310 1449
4310 274
4311 1286
4311 4
4312 1286
4312 152
4313 1286
4313 152
4313 4
4314 2631
4314 1455
4314 1449
4315 179
4315 467
4316 179
4316 127
4316 467
4317 4318
4317 1473
4319 4318
4319 82
4320 391
4320 801
4320 1473
4321 697
4321 1473
4322 391
4322 1473
4323 391
4323 801
4324 4325
4324 803
4326 391
4326 4325
4326 803
4327 4318
4327 82
4327 1473
4328 391
4328 4325
4329 4330
4329 2572
4329 1568
4331 3113
4331 1307
4331 183
4332 3113
4332 1307
4332 183
4333 1307
4333 1308
4333 388
4334 3113
4334 1307
4334 183
4335 1509
4335 1504
4336 1497
4336 1504
4337 3113
4337 1307
4337 183
4338 1497
4338 1509
4338 1504
4339 1503
4339 1509
4339 1499
4340 1509
4340 1503
4341 801
4341 688
4341 806
4342 801
4342 688
4343 1514
4343 76
4343 1521
4344 76
4344 1514
4345 244
4345 1521
4346 1510
4346 1521
4347 797
4347 688
4348 1382
4348 688
4349 76
4349 1521
4350 1382
4350 797
4350 688
4351 668
4351 4352
4351 669
4353 668
4353 4352
4353 669
4354 1339
4354 675
4354 1335
4355 1339
4355 675
4356 675
4356 1335
4357 675
4357 673
4357 668
4358 675
4358 673
4358 668
4359 675
4359 673
4359 668
4360 675
4360 673
4360 668
4361 668
4361 4352
4361 669
4362 237
4362 238
4363 237
4363 239
4364 4365
4364 242
4364 237
4366 4365
4366 242
4367 4365
4367 237
4368 241
4368 239
4368 1528
4369 241
4369 1528
4370 239
4370 1528
4371 4365
4371 1509
4371 1528
4372 4365
4372 1509
4373 368
4373 1808
4374 2070
4374 1242
4375 1
4375 2654
4376 1110
4376 2654
4376 1352
4377 1
4377 274
4377 2654
4378 2654
4378 274
4379 1110
4379 2654
4379 1352
4380 1351
4380 1352
4380 1353
4381 1110
4381 2654
4381 1352
4382 1110
4382 2654
4382 1352
4383 1351
4383 1352
4383 1353
4384 1351
4384 1352
4384 1353
4385 2074
4385 2077
4385 1581
4386 4387
4386 716
4388 4389
4388 4387
4388 716
4390 2322
4390 4389
4391 1
4391 2843
4392 1305
4392 65
4392 66
4393 368
4393 707
4394 707
4394 286
4395 1850
4395 2847
4395 1848
4396 368
4396 707
4396 286
4397 2082
4397 2098
4398 2080
4398 2736
4399 92
4399 1942
4399 3856
4400 1382
4400 1377
4401 1382
4401 1377
4401 1379
4402 1630
4402 1857
4403 92
4403 982
4404 1629
4404 653
4405 1629
4405 152
4406 1629
4406 152
4406 653
4407 1619
4407 570
4408 1
4408 1619
4409 1
4409 570
4409 1619
4410 1146
4410 1147
4410 1148
4411 1146
4411 1147
4411 1148
4412 92
4412 3856
4413 591
4413 311
4413 570
4414 368
4414 309
4415 542
4415 2692
4415 551
4416 542
4416 2692
4416 551
4417 301
4417 3535
4418 3534
4418 301
4419 309
4419 653
4420 368
4420 309
4420 653
4421 1645
4421 1230
4422 1641
4422 1645
4422 1230
4423 3534
4423 301
4423 3535
4424 1641
4424 1230
4425 3194
4425 1942
4426 3194
4426 1942
4426 1854
4427 1661
4427 982
4428 1660
4428 1661
4429 2242
4429 1169
4430 1942
4430 1169
4431 2242
4431 1942
4431 1169
4432 1942
4432 1854
4433 1946
4433 1473
4434 341
4434 343
4434 2100
4435 1673
4435 1611
4436 1688
4436 1598
4436 1686
4437 2786
4437 4438
4439 1688
4439 3204
4439 4438
4440 1688
4440 979
4441 1688
4441 1676
4442 1688
4442 1676
4442 979
4443 2786
4443 4444
4445 2786
4445 4444
4445 4438
4446 3204
4446 4438
4447 1688
4447 4438
4448 3934
4448 1673
4449 1611
4449 1676
4450 2108
4450 138
4451 1673
4451 3934
4451 1611
4452 216
4452 1711
4453 591
4453 216
4453 1711
4454 605
4454 2533
4455 308
4455 2533
4456 2525
4456 1706
4457 2525
4457 2533
4457 1706
4458 368
4458 530
4458 1710
4459 2533
4459 1706
4460 368
4460 1710
4461 530
4461 1710
4462 617
4462 458
4463 208
4463 617
4463 458
4464 1484
4464 850
4464 1472
4465 1723
4465 1721
4466 1723
4466 1724
4467 1728
4467 4468
4469 1728
4469 1720
4469 4468
4470 1723
4470 2162
4470 4468
4471 1720
4471 4468
4472 2162
4472 4468
4473 100
4473 968
4474 967
4474 100
4474 968
4475 1480
4475 1444
4476 186
4476 1746
4476 596
4477 319
4477 591
4477 208
4478 186
4478 1746
4479 2162
4479 1753
4479 1482
4480 1998
4480 1999
4480 2000
4481 1753
4481 1053
4481 1749
4482 1753
4482 1053
4482 1749
4483 319
4483 208
4484 591
4484 319
4485 1480
4485 1476
4485 1482
4486 1444
4486 1482
4487 1764
4487 1762
4487 1767
4488 1764
4488 1767
4489 3113
4489 4490
4489 1493
4491 3113
4491 4490
4491 1493
4492 3113
4492 4490
4492 1493
4493 3113
4493 4490
4493 1493
4494 168
4494 4490
4494 1762
4495 168
4495 4490
4495 1762
4496 168
4496 4490
4496 1762
4497 168
4497 4490
4497 1762
4498 1786
4498 1784
4499 215
4499 4500
4499 1905
4501 215
4501 4500
4502 4500
4502 1905
4503 2042
4503 4500
4503 1784
4504 2042
4504 1784
4505 2042
4505 4500
4506 2045
4506 1786
4506 1905
4507 2045
4507 1786
4508 2045
4508 1905
4509 225
4509 152
4509 286
4510 579
4510 4511
4510 1583
4512 579
4512 4511
4512 1583
4513 579
4513 4511
4513 1583
4514 579
4514 4511
4514 1583
4515 4511
4515 2080
4516 4511
4516 2370
4517 2355
4517 2370
4518 4511
4518 2370
4518 2080
4519 4330
4519 1568
4520 1538
4520 2317
4520 1547
4521 2317
4521 1538
4522 1570
4522 1568
4522 158
4523 2885
4523 1125
4523 1144
4524 2885
4524 1125
4525 2572
4525 1568
4526 4527
4526 1845
4526 1844
4528 4527
4528 1844
4529 1845
4529 1025
4530 1845
4530 1026
4531 3050
4531 4527
4532 1845
4532 1025
4532 1026
4533 3057
4533 3050
4533 4527
4534 3057
4534 4527
4535 1553
4535 1554
4535 1555
4536 1553
4536 1554
4536 1555
4537 3030
4537 3204
4538 2134
4538 2132
4538 803
4539 2134
4539 2129
4540 205
4540 2134
4540 653
4541 2132
4541 570
4542 203
4542 2132
4543 2132
4543 203
4543 570
4544 2132
4544 2129
4545 2134
4545 2132
4545 2129
4546 2134
4546 653
4547 205
4547 2134
4548 2322
4548 4389
4548 4549
4550 4389
4550 4549
4551 4387
4551 2323
4552 4387
4552 2324
4553 3599
4553 358
4553 4088
4554 4387
4554 2323
4554 2324
4555 3599
4555 358
4555 4088
4556 3599
4556 358
4556 4088
4557 4090
4557 4088
4558 3599
4558 358
4558 4088
4559 4090
4559 196
4559 4009
4560 852
4560 4561
4562 205
4562 2931
4563 196
4563 198
4564 4090
4564 196
4565 857
4565 4566
4567 4568
4567 1431
4567 46
4569 3307
4569 2924
4569 1822
4570 4568
4570 1431
4570 46
4571 58
4571 47
4572 4568
4572 1431
4572 46
4573 2911
4573 2977
4574 3181
4574 940
4575 3181
4575 937
4575 940
4576 58
4576 1424
4577 1998
4577 1887
4577 1740
4578 3088
4578 3094
4579 3086
4579 3094
4580 3086
4580 3088
4580 3094
4581 1998
4581 1889
4582 964
4582 286
4583 1887
4583 1740
4584 1998
4584 1887
4585 4586
4585 2057
4587 1875
4587 2057
4588 1883
4588 1887
4588 1889
4589 1880
4589 1889
4590 4586
4590 2959
4591 4586
4591 2958
4591 2959
4592 4586
4592 1875
4592 2057
4593 4586
4593 2958
4594 1623
4594 4299
4594 1379
4595 1379
4595 1620
4596 4299
4596 1379
4597 1623
4597 4299
4598 1623
4598 1620
4599 1623
4599 1148
4600 1379
4600 1148
4601 1379
4601 1620
4601 1148
4602 1
4602 1899
4603 1
4603 1899
4603 653
4604 61
4604 4605
4604 96
4606 4607
4606 253
4608 1625
4608 4607
4608 253
4609 1998
4609 2551
4609 2556
4610 4607
4610 1895
4611 4607
4611 1895
4611 1913
4612 1913
4612 1914
4613 1894
4613 1913
4614 1625
4614 1914
4615 2240
4615 2264
4616 1893
4616 1625
4616 1914
4617 4607
4617 1913
4618 1221
4618 617
4619 2240
4619 2260
4620 301
4620 299
4620 1222
4621 1055
4621 61
4622 306
4622 304
4622 299
4623 306
4623 304
4623 299
4624 1221
4624 216
4624 617
4625 301
4625 299
4625 1222
4626 301
4626 299
4626 1222
4627 4318
4627 4011
4628 2214
4628 1940
4628 93
4629 981
4629 93
4630 1542
4630 1174
4630 916
4631 1542
4631 1174
4631 916
4632 2282
4632 1055
4632 4605
4633 1542
4633 274
4633 596
4634 1173
4634 1171
4634 1174
4635 1173
4635 1171
4635 1174
4636 3194
4636 3289
4637 3199
4637 981
4638 1542
4638 1174
4638 916
4639 1542
4639 596
4640 1542
4640 274
4641 738
4641 736
4642 738
4642 739
4643 147
4643 4644
4645 1404
4645 4644
4645 147
4646 147
4646 1210
4646 1960
4647 1404
4647 4644
4648 1210
4648 1960
4649 147
4649 1960
4650 1959
4650 4644
4651 1959
4651 4644
4651 1960
4652 379
4652 1676
4653 98
4653 1676
4654 1853
4654 975
4655 3187
4655 4656
4655 3188
4657 556
4657 364
4658 4656
4658 3188
4659 558
4659 364
4660 3191
4660 3192
4661 558
4661 555
4662 3191
4662 2466
4663 558
4663 556
4663 364
4664 2721
4664 3188
4665 2779
4665 364
4666 3194
4666 3094
4667 2779
4667 555
4667 364
4668 2779
4668 555
4669 1726
4669 2153
4669 2154
4670 1726
4670 2153
4670 2154
4671 1726
4671 2153
4671 2154
4672 2154
4672 1996
4673 2154
4673 1992
4674 2154
4674 1996
4674 1992
4675 1987
4675 1996
4676 1996
4676 1983
4677 1726
4677 1480
4677 882
4678 1726
4678 2153
4678 2154
4679 2574
4679 3984
4680 2574
4680 3979
4681 2574
4681 3984
4681 3979
4682 60
4682 3984
4683 179
4683 1978
4683 274
4684 1999
4684 286
4685 152
4685 1999
4686 152
4686 1999
4686 286
4687 1978
4687 274
4688 179
4688 1978
4689 3567
4689 1971
4689 320
4690 811
4690 4691
4692 854
4692 2022
4692 4268
4693 2022
4693 4268
4694 4695
4694 1374
4696 4695
4696 3251
4697 1377
4697 3251
4698 4695
4698 1374
4698 3251
4699 854
4699 1377
4699 3251
4700 854
4700 3251
4701 854
4701 2022
4702 2011
4702 2013
4702 1521
4703 154
4703 216
4704 179
4704 530
4704 155
4705 154
4705 152
4705 216
4706 154
4706 152
4707 142
4707 1
4708 142
4708 208
4709 181
4709 182
4709 166
4710 142
4710 1
4710 208
4711 181
4711 182
4711 166
4712 181
4712 182
4712 166
4713 1792
4713 286
4714 591
4714 274
4714 1788
4715 1792
4715 286
4715 596
4716 1792
4716 596
4717 1245
4717 956
4718 1245
4718 2586
4719 2586
4719 962
4720 1245
4720 956
4720 2586
4721 591
4721 1788
4722 1788
4722 274
4723 219
4723 4724
4723 2034
4725 2067
4725 1242
4726 2068
4726 2067
4727 4728
4727 2070
4727 2067
4729 4728
4729 2070
4730 4728
4730 2067
4731 2068
4731 1576
4731 2088
4732 1576
4732 2088
4733 2068
4733 2088
4734 4728
4734 376
4735 4728
4735 2088
4735 376
4736 1987
4736 3426
4736 1983
4737 1987
4737 3426
4737 1983
4738 2090
4738 356
4738 663
4739 2090
4739 663
4740 347
4740 2093
4741 2093
4741 352
4742 4743
4742 872
4744 347
4744 2093
4744 352
4745 4743
4745 21
4745 872
4746 21
4746 872
4747 4743
4747 3409
4748 4743
4748 4749
4750 4751
4750 1368
4752 1366
4752 4751
4753 1478
4753 4751
4753 4754
4755 1478
4755 4754
4756 139
4756 3450
4756 4754
4757 139
4757 4754
4758 3450
4758 4754
4759 1366
4759 4751
4759 1368
4760 1478
4760 4751
4761 129
4761 2103
4761 125
4762 143
4762 154
4762 155
4763 2083
4763 1407
4764 1681
4764 2402
4764 1396
4765 2128
4765 4766
4765 2402
4767 2128
4767 4766
4767 2402
4768 2136
4768 2143
4768 4766
4769 2128
4769 4766
4769 2402
4770 2128
4770 4766
4770 2402
4771 2136
4771 2143
4771 4766
4772 203
4772 2143
4773 2136
4773 2143
4773 4766
4774 2136
4774 2143
4774 4766
4775 710
4775 713
4775 711
4776 713
4776 1372
4777 1370
4777 4778
4779 1370
4779 4780
4781 1370
4781 4778
4781 4780
4782 338
4782 713
4783 338
4783 713
4783 1372
4784 1370
4784 1372
4785 1371
4785 1372
4786 368
4786 2465
4787 368
4787 127
4787 2465
4788 1260
4788 4789
4790 316
4790 1260
4790 4789
4791 2178
4791 2168
4792 2165
4792 2178
4793 1162
4793 4789
4794 1162
4794 2178
4795 1162
4795 2178
4795 4789
4796 316
4796 4789
4797 215
4797 216
4798 1374
4798 4299
4798 2349
4799 1374
4799 4299
4799 2349
4800 1374
4800 4299
4800 2349
4801 912
4801 3871
4801 2193
4802 908
4802 2196
4803 2196
4803 903
4804 908
4804 2196
4804 903
4805 1901
4805 1786
4805 1905
4806 1901
4806 1786
4806 1905
4807 912
4807 2193
4808 3871
4808 2193
4809 1249
4809 4810
4809 1239
4811 1237
4811 2211
4812 4810
4812 1239
4813 1249
4813 4810
4814 16
4814 2211
4815 16
4815 4810
4815 2211
4816 1003
4816 1005
4816 2488
4817 16
4817 4810
4818 1003
4818 2488
4819 1005
4819 2488
4820 2505
4820 2034
4821 2505
4821 2035
4822 2505
4822 2034
4822 2035
4823 4724
4823 4824
4825 219
4825 4824
4826 219
4826 4724
4826 4824
4827 2225
4827 1661
4827 2221
4828 2225
4828 1661
4828 2221
4829 4824
4829 669
4830 2505
4830 4824
4830 669
4831 2572
4831 3241
4831 3239
4832 1853
4832 4330
4833 4330
4833 4834
4835 1853
4835 4834
4835 4330
4836 929
4836 930
4836 2249
4837 4838
4837 1368
4839 2572
4839 3239
4840 2572
4840 3241
4841 4838
4841 4241
4842 32
4842 4838
4843 4844
4843 1368
4845 4844
4845 4838
4845 1368
4846 923
4846 4844
4847 923
4847 920
4847 4844
4848 32
4848 4838
4848 4241
4849 4844
4849 920
4850 2282
4850 1055
4851 2282
4851 4605
4852 4325
4852 4853
4854 4325
4854 4011
4854 4853
4855 2267
4855 1953
4856 2240
4856 2267
4856 1953
4857 4605
4857 96
4858 61
4858 4605
4859 4011
4859 1953
4860 95
4860 1055
4860 61
4861 4318
4861 4011
4861 1953
4862 2240
4862 1953
4863 2760
4863 2307
4863 2299
4864 2760
4864 2299
4865 1770
4865 3930
4865 4866
4867 1770
4867 3930
4867 4866
4868 1770
4868 3930
4868 4866
4869 1770
4869 3930
4869 4866
4870 862
4870 2021
4871 4695
4871 2021
4871 3930
4872 4695
4872 3930
4873 2021
4873 3930
4874 379
4874 1679
4875 219
4875 4724
4875 2034
4876 219
4876 4724
4876 2034
4877 4878
4877 1836
4877 1466
4879 4878
4879 1836
4880 4878
4880 1466
4881 4878
4881 4724
4881 226
4882 4724
4882 226
4883 4878
4883 4724
4884 219
4884 4724
4884 2034
4885 3347
4885 2162
4886 2054
4886 4887
4888 2054
4888 4889
4890 1446
4890 2465
4890 4889
4891 2465
4891 4889
4892 1446
4892 4889
4893 2054
4893 4887
4893 4889
4894 627
4894 1792
4894 1789
4895 4887
4895 2057
4895 2465
4896 4887
4896 2465
4897 4887
4897 2057
4898 2780
4898 4899
4898 2077
4900 2780
4900 4899
4900 2077
4901 2780
4901 4899
4901 2077
4902 2780
4902 4899
4902 2077
4903 2322
4903 4899
4903 4549
4904 2322
4904 4899
4904 4549
4905 2322
4905 4899
4905 4549
4906 2322
4906 4899
4906 4549
4907 2322
4907 2323
4907 2324
4908 2322
4908 2323
4908 2324
4909 1629
4909 1630
4909 4910
4911 1629
4911 4910
4912 1630
4912 4910
4913 4910
4913 4914
4913 1386
4915 2352
4915 1630
4916 2352
4916 2340
4916 4914
4917 2340
4917 4914
4918 2352
4918 4914
4919 4914
4919 1386
4920 4910
4920 1386
4921 190
4921 652
4922 3951
4922 653
4923 2100
4923 2085
4923 2606
4924 2100
4924 2606
4925 2085
4925 2606
4926 190
4926 649
4926 652
4927 1053
4927 4928
4929 3951
4929 596
4930 3950
4930 570
4930 617
4931 98
4931 92
4931 982
4932 2357
4932 1983
4932 4933
4934 530
4934 1461
4935 2720
4935 379
4936 2720
4936 2457
4937 1461
4937 596
4938 1459
4938 1461
4938 4933
4939 2357
4939 1983
4939 4933
4940 379
4940 2721
4941 1459
4941 1461
4941 4933
4942 1629
4942 1630
4942 1621
4943 128
4943 3138
4944 124
4944 4945
4946 123
4946 4945
4947 2114
4947 2117
4948 123
4948 124
4948 4945
4949 641
4949 4945
4950 2381
4950 1705
4950 1708
4951 2114
4951 641
4951 4945
4952 2114
4952 641
4953 2381
4953 1705
4954 2381
4954 1708
4955 2627
4955 2622
4956 2396
4956 2622
4957 2627
4957 2396
4957 2622
4958 2627
4958 1856
4958 1857
4959 2627
4959 1856
4959 1857
4960 2627
4960 1856
4960 1857
4961 2627
4961 1856
4961 1857
4962 1856
4962 570
4963 1
4963 2625
4964 1
4964 2625
4964 653
4965 1757
4965 1702
4965 4966
4967 1757
4967 1702
4967 4966
4968 1455
4968 4966
4969 1449
4969 4966
4970 530
4970 1757
4971 1455
4971 1449
4971 4966
4972 368
4972 530
4972 1757
4973 368
4973 1757
4974 1757
4974 1702
4974 4966
4975 1158
4975 678
4976 3934
4976 975
4976 979
4977 123
4977 124
4977 125
4978 982
4978 979
4979 190
4979 649
4980 596
4980 3951
4980 653
4981 2462
4981 4982
4983 2462
4983 4982
4983 2469
4984 2472
4984 4982
4984 3192
4985 4982
4985 2469
4986 4982
4986 3192
4987 2472
4987 3192
4988 1163
4988 3192
4988 2466
4989 1163
4989 3192
4989 2466
4990 1163
4990 3192
4990 2466
4991 1163
4991 3192
4991 2466
4992 2357
4992 1983
4992 4933
4993 98
4993 92
4994 394
4994 402
4994 403
4995 205
4995 403
4996 1225
4996 416
4996 508
4997 1
4997 2186
4998 2186
4998 570
4999 2186
4999 402
4999 2184
5000 2186
5000 402
5000 2184
5001 2186
5001 402
5001 2184
5002 2186
5002 402
5002 2184
5003 530
5003 403
5004 530
5004 205
5004 403
5005 2720
5005 379
5005 2721
5006 1076
5006 582
5007 3342
5007 1654
5008 1459
5008 1461
5008 4933
5009 4156
5009 1652
5010 414
5010 416
5010 1085
5011 4156
5011 1652
5011 4157
5012 2481
5012 3375
5013 2479
5013 3375
5014 530
5014 1461
5014 596
5015 2481
5015 1009
5016 1074
5016 586
5017 2721
5017 2457
5018 507
5018 516
5018 514
5019 414
5019 416
5019 1085
5020 5021
5020 492
5022 491
5022 5021
5023 5024
5023 1086
5025 5021
5025 5024
5025 1086
5026 5024
5026 497
5027 496
5027 5024
5027 497
5028 491
5028 5021
5028 492
5029 496
5029 5024
5030 1459
5030 1461
5030 4933
5031 579
5031 379
5031 2457
5032 2513
5032 2510
5032 5033
5034 5035
5034 2508
5036 2512
5036 5035
5037 2512
5037 5035
5037 2508
5038 746
5038 5035
5039 746
5039 5035
5039 5033
5040 2510
5040 5033
5041 2513
5041 5033
5042 128
5042 216
5042 544
5043 746
5043 5033
5044 368
5044 127
5044 897
5045 1298
5045 2123
5046 1292
5046 1298
5046 2123
5047 591
5047 962
5048 458
5048 2538
5048 114
5049 458
5049 2538
5049 114
5050 458
5050 2538
5050 114
5051 720
5051 457
5051 2538
5052 1300
5052 1293
5053 1300
5053 2123
5054 1300
5054 2123
5054 1293
5055 458
5055 2538
5055 114
5056 601
5056 2521
5057 599
5057 2521
5058 3899
5058 5059
5060 3552
5060 5059
5061 3899
5061 3552
5061 5059
5062 2244
5062 2246
5063 599
5063 601
5063 2521
5064 124
5064 5059
5065 124
5065 2246
5066 124
5066 5059
5066 2246
5067 1757
5067 2547
5067 4966
5068 2546
5068 5069
5070 1756
5070 2546
5071 1756
5071 2546
5071 5069
5072 5069
5072 4966
5073 1701
5073 5069
5074 1701
5074 5069
5074 4966
5075 1756
5075 1757
5076 2547
5076 4966
5077 1757
5077 2547
5078 2312
5078 1343
5078 1344
5079 2312
5079 1344
5080 2317
5080 1932
5080 952
5081 2317
5081 1932
5081 952
5082 1927
5082 1931
5082 1932
5083 2317
5083 1932
5083 952
5084 2311
5084 1084
5085 2311
5085 4215
5086 2317
5086 1932
5086 952
5087 2311
5087 1084
5087 4215
5088 1305
5088 65
5089 1490
5089 64
5089 2323
5090 1490
5090 64
5090 2323
5091 591
5091 65
5092 64
5092 65
5092 66
5093 1490
5093 64
5093 2323
5094 2334
5094 2331
5094 2332
5095 1893
5095 2589
5095 2590
5096 530
5096 1
5096 488
5097 1893
5097 2589
5097 2590
5098 1893
5098 2589
5098 2590
5099 152
5099 570
5099 479
5100 152
5100 479
5101 1
5101 488
5102 530
5102 488
5103 570
5103 479
5104 179
5104 477
5104 653
5105 3856
5105 157
5105 158
5106 151
5106 152
5107 3856
5107 157
5108 179
5108 186
5108 187
5109 179
5109 187
5110 91
5110 92
5111 151
5111 187
5111 194
5112 151
5112 187
5112 194
5113 98
5113 99
5114 1678
5114 1154
5114 1156
5115 2611
5115 216
5116 179
5116 2611
5117 591
5117 208
5117 586
5118 208
5118 586
5119 1266
5119 1268
5120 2372
5120 1706
5121 1704
5121 2372
5122 2372
5122 582
5122 2374
5123 582
5123 2374
5124 2372
5124 582
5125 1267
5125 1268
5126 216
5126 585
5127 368
5127 585
5128 2240
5128 2242
5128 1570
5129 924
5129 24
5129 2251
5130 24
5130 2251
5131 690
5131 1563
5132 929
5132 2249
5133 205
5133 902
5134 902
5134 570
5135 2136
5135 2143
5135 3871
5136 2616
5136 2617
5136 803
5137 2143
5137 3871
5138 2136
5138 3871
5139 901
5139 653
5140 1
5140 901
5140 653
5141 205
5141 570
5141 902
5142 1
5142 901
5143 1305
5143 66
5144 2147
5144 5145
5144 2156
5146 2147
5146 5145
5147 2153
5147 5145
5148 882
5148 2154
5148 2156
5149 882
5149 2156
5150 2154
5150 2156
5151 1036
5151 2421
5151 2415
5152 1036
5152 2421
5152 2415
5153 882
5153 2153
5153 5145
5154 882
5154 5145
5155 5156
5155 1409
5155 4132
5157 1757
5157 1702
5157 4966
5158 4134
5158 5156
5159 5156
5159 1410
5160 4134
5160 5156
5160 1410
5161 3384
5161 37
5161 39
5162 4134
5162 1214
5162 1411
5163 5156
5163 4132
5164 1409
5164 4132
5165 4134
5165 2447
5165 1411
5166 4134
5166 2447
5166 1411
5167 4134
5167 216
5168 179
5168 4134
5169 179
5169 4134
5169 216
5170 208
5170 1411
5171 152
5171 1411
5172 208
5172 152
5172 1411
5173 4134
5173 2447
5173 1411
5174 4134
5174 2447
5174 1411
5175 224
5175 1478
5175 761
5176 759
5176 760
5176 761
5177 2464
5177 2465
5177 2466
5178 2464
5178 2465
5178 2466
5179 2464
5179 2465
5179 2466
5180 2464
5180 1446
5180 2057
5181 2464
5181 1446
5181 2057
5182 2464
5182 1446
5182 2057
5183 2464
5183 1446
5183 2057
5184 1446
5184 1447
5184 964
5185 1446
5185 1447
5185 964
5186 1446
5186 1447
5186 964
5187 1241
5187 2068
5187 1576
5188 1238
5188 1006
5188 2483
5189 1238
5189 1006
5189 2483
5190 1238
5190 1006
5190 2483
5191 1982
5191 194
5191 561
5192 439
5192 2068
5193 1003
5193 1005
5193 1006
5194 1003
5194 1005
5194 1006
5195 1003
5195 1005
5195 1006
5196 1237
5196 1
5197 1237
5197 127
5198 852
5198 3204
5198 4561
5199 3204
5199 4561
5200 857
5200 4566
5200 4561
5201 4566
5201 4561
5202 1600
5202 3204
5202 5203
5204 1225
5204 416
5204 508
5205 1480
5205 4834
5206 1480
5206 4834
5206 1482
5207 2579
5207 3027
5207 4834
5208 4834
5208 1482
5209 2579
5209 4834
5210 2579
5210 3027
5211 3029
5211 2713
5212 3029
5212 2579
5212 2713
5213 339
5213 2713
5213 2711
5214 2579
5214 2713
5215 3022
5215 2955
5215 2736
5216 3022
5216 2955
5216 2736
5217 3307
5217 2938
5218 3307
5218 2938
5218 3308
5219 1266
5219 2736
5220 691
5220 2736
5221 3022
5221 2955
5221 2736
5222 3022
5222 2955
5222 2736
5223 2297
5223 2928
5223 2936
5224 2938
5224 3308
5225 414
5225 274
5226 4389
5226 716
5227 414
5227 416
5227 1085
5228 160
5228 1321
5228 1322
5229 3679
5229 2236
5230 1209
5230 1407
5230 2083
5231 20
5231 4749
5231 22
5232 20
5232 4749
5232 22
5233 20
5233 4749
5233 22
5234 20
5234 4749
5234 22
5235 4749
5235 2293
5235 3409
5236 4749
5236 2293
5236 3409
5237 4749
5237 2293
5237 3409
5238 4749
5238 2293
5238 3409
5239 186
5239 2291
5239 205
5240 186
5240 2291
5241 1585
5241 2431
5241 4549
5242 1585
5242 742
5242 743
5243 1585
5243 742
5244 1591
5244 1816
5244 1592
5245 1816
5245 1592
5246 2431
5246 4549
5247 1585
5247 4549
5248 2560
5248 2561
5248 1810
5249 1600
5249 1601
5250 1601
5250 1598
5251 1594
5251 1603
5251 679
5252 1594
5252 1603
5252 679
5253 1597
5253 976
5253 1598
5254 976
5254 1598
5255 1597
5255 2570
5256 1597
5256 2575
5257 1603
5257 1580
5258 964
5258 1468
5258 959
5259 4566
5259 2790
5259 1601
5260 4566
5260 2790
5261 1385
5261 2988
5261 1386
5262 2988
5262 1386
5263 1209
5263 2083
5264 1893
5264 5265
5264 1914
5266 1893
5266 5265
5266 1914
5267 1893
5267 5265
5267 1914
5268 1893
5268 5265
5268 1914
5269 5265
5269 1894
5269 1385
5270 5265
5270 1894
5270 1385
5271 5265
5271 1894
5271 1385
5272 5265
5272 1894
5272 1385
5273 3140
5273 2091
5273 868
5274 186
5274 1
5274 867
5275 2601
5275 152
5276 3140
5276 2601
5276 2604
5277 3140
5277 2601
5277 2604
5278 3140
5278 2601
5278 2604
5279 3140
5279 2601
5279 2604
5280 3140
5280 2091
5280 868
5281 3140
5281 2091
5281 868
5282 3140
5282 2091
5282 868
5283 1209
5283 2098
5284 2082
5284 2083
5284 2098
5285 1213
5285 2098
5286 410
5286 1431
5286 1668
5287 4187
5287 764
5287 362
5288 2631
5288 1285
5288 2408
5289 2631
5289 2408
5290 764
5290 4187
5291 5292
5291 1285
5291 1453
5293 5292
5293 1453
5294 1453
5294 2632
5295 2631
5295 2632
5296 2411
5296 2632
5297 5292
5297 2411
5298 1285
5298 5292
5299 5292
5299 2411
5299 2632
5300 4778
5300 366
5300 4187
5301 1371
5301 1611
5302 5303
5302 361
5302 4780
5304 5303
5304 4780
5305 361
5305 4780
5306 4778
5306 4187
5307 4778
5307 366
5308 257
5308 1044
5308 259
5309 2667
5309 2304
5309 2302
5310 2667
5310 2304
5310 2302
5311 2760
5311 2307
5311 2302
5312 2760
5312 2307
5312 2302
5313 2667
5313 2304
5313 2302
5314 2667
5314 2304
5314 2302
5315 203
5315 2307
5316 127
5316 2307
5317 2760
5317 2307
5317 2302
5318 2760
5318 2307
5318 2302
5319 2871
5319 643
5319 641
5320 2871
5320 643
5320 641
5321 630
5321 631
5321 643
5322 630
5322 617
5323 630
5323 127
5324 630
5324 127
5324 617
5325 2871
5325 643
5325 641
5326 630
5326 631
5326 643
5327 630
5327 631
5327 643
5328 3342
5328 1654
5328 1656
5329 1652
5329 4157
5330 551
5330 596
5331 2479
5331 2481
5331 3375
5332 1008
5332 2481
5333 551
5333 570
5333 596
5334 5021
5334 1086
5335 5336
5335 3518
5337 3517
5337 5336
5337 3518
5338 2647
5338 2649
5339 2421
5339 3517
5339 2409
5340 2416
5340 5336
5341 3517
5341 2409
5342 2421
5342 3517
5343 2911
5343 2912
5343 2913
5344 2911
5344 2912
5344 2913
5345 2421
5345 5336
5346 2421
5346 2416
5346 5336
5347 2925
5347 2201
5348 2930
5348 2201
5349 2930
5349 2925
5349 2201
5350 2924
5350 2925
5351 3145
5351 866
5351 872
5352 3148
5352 867
5353 3148
5353 868
5354 3148
5354 867
5354 868
5355 3145
5355 866
5356 3145
5356 872
5357 542
5357 617
5358 5359
5358 2948
5360 5359
5360 2947
5360 2948
5361 2276
5361 5359
5362 2276
5362 2278
5362 5359
5363 428
5363 2278
5364 2278
5364 454
5365 428
5365 2947
5366 2275
5366 2947
5367 2275
5367 428
5367 2947
5368 2278
5368 5359
5369 544
5369 216
5370 1098
5370 1982
5370 3426
5371 3950
5371 570
5372 2469
5372 2748
5373 2744
5373 2469
5374 2462
5374 2469
5374 5375
5376 2462
5376 2469
5376 5375
5377 2462
5377 2469
5377 5375
5378 2462
5378 2469
5378 5375
5379 5375
5379 2460
5379 1423
5380 5375
5380 2460
5380 1423
5381 5375
5381 2460
5381 1423
5382 5375
5382 2460
5382 1423
5383 3950
5383 3951
5383 2366
5384 2437
5384 1686
5385 2437
5385 5386
5387 3950
5387 3951
5387 2366
5388 755
5388 2721
5389 755
5389 5303
5389 1679
5390 5303
5390 1679
5391 755
5391 5303
5392 1675
5392 5303
5392 5386
5393 1675
5393 5386
5394 5303
5394 5386
5395 2437
5395 5386
5395 1686
5396 1478
5396 3717
5397 3717
5397 761
5398 759
5398 760
5398 3715
5399 759
5399 3715
5400 760
5400 3715
5401 1478
5401 3717
5401 761
5402 2801
5402 2803
5403 2801
5403 2454
5403 2035
5404 2454
5404 2035
5405 2801
5405 2035
5406 1388
5406 1620
5406 1148
5407 1388
5407 1148
5408 1910
5408 4691
5409 4691
5409 1379
5410 3214
5410 806
5411 1910
5411 4691
5411 1379
5412 806
5412 3214
5412 803
5413 3214
5413 803
5414 1620
5414 1388
5415 811
5415 4691
5415 1388
5416 2162
5416 3349
5417 3950
5417 3951
5417 2366
5418 3347
5418 3349
5418 3355
5419 530
5419 128
5419 2365
5420 1138
5420 1129
5421 2421
5421 2773
5421 3138
5422 2421
5422 2773
5422 3138
5423 2421
5423 2773
5423 3138
5424 2421
5424 2773
5424 3138
5425 569
5425 564
5425 2637
5426 569
5426 2637
5427 2637
5427 564
5428 1499
5428 2043
5428 2106
5429 569
5429 2639
5430 886
5430 2639
5431 1499
5431 2043
5431 2106
5432 1367
5432 1840
5432 1848
5433 1367
5433 1840
5433 1848
5434 3950
5434 617
5435 1499
5435 2043
5435 2106
5436 91
5436 2355
5437 4204
5437 395
5438 128
5438 2357
5439 2106
5439 166
5439 144
5440 1678
5440 1870
5441 2106
5441 166
5441 144
5442 1982
5442 194
5442 561
5443 2106
5443 166
5443 144
5444 1982
5444 194
5444 561
5445 530
5445 2365
5446 1982
5446 194
5446 561
5447 2513
5447 2510
5447 2862
5448 2513
5448 2510
5448 2862
5449 3067
5449 5450
5449 2510
5451 5450
5451 1530
5452 5450
5452 1532
5453 5450
5453 1532
5453 1530
5454 2513
5454 2510
5454 2862
5455 2513
5455 2510
5455 2862
5456 5450
5456 2510
5457 3067
5457 2510
5458 3272
5458 1554
5458 3477
5459 3272
5459 1844
5459 2803
5460 3272
5460 1554
5460 3477
5461 3272
5461 1554
5461 3477
5462 2025
5462 1029
5462 3477
5463 2370
5463 157
5464 2025
5464 3477
5465 2025
5465 1029
5466 3083
5466 2556
5467 3083
5467 2283
5467 2556
5468 1459
5468 617
5469 1084
5469 1085
5469 1086
5470 595
5470 4218
5470 583
5471 4218
5471 583
5472 1084
5472 1085
5472 1086
5473 1084
5473 4215
5473 1343
5474 4220
5474 2378
5475 4220
5475 3885
5476 4215
5476 128
5477 5478
5477 1273
5477 1606
5479 5478
5479 2225
5479 4352
5480 5478
5480 1606
5481 1273
5481 1606
5482 5478
5482 2225
5482 4352
5483 668
5483 4352
5483 669
5484 5478
5484 2225
5484 4352
5485 5478
5485 2225
5485 4352
5486 1418
5486 3099
5487 1418
5487 3099
5487 1424
5488 1322
5488 2899
5489 2904
5489 1322
5489 2899
5490 1205
5490 1057
5491 1205
5491 1063
5492 5493
5492 1071
5494 5493
5494 1065
5494 1071
5495 845
5495 1205
5495 5493
5496 5493
5496 1065
5497 845
5497 5493
5498 845
5498 1205
5499 856
5499 4444
5499 5203
5500 3032
5500 5203
5501 863
5501 5203
5502 863
5502 3032
5502 5203
5503 4229
5503 4444
5503 3691
5504 4229
5504 4444
5504 3691
5505 4444
5505 5203
5506 856
5506 4444
5507 2230
5507 2440
5508 2230
5508 2444
5508 2440
5509 4229
5509 4444
5509 3691
5510 4229
5510 4444
5510 3691
5511 4255
5511 991
5511 3114
5512 3114
5512 1493
5513 991
5513 3114
5514 4255
5514 991
5515 3267
5515 2772
5516 3267
5516 2771
5516 2772
5517 5518
5517 3138
5519 2771
5519 5518
5519 3138
5520 2772
5520 3137
5521 3137
5521 3138
5522 5518
5522 3265
5523 3137
5523 3265
5524 5518
5524 3137
5524 3265
5525 2771
5525 5518
5526 1008
5526 5527
5528 1008
5528 3332
5528 5527
5529 3141
5529 2483
5530 3143
5530 2483
5531 189
5531 5527
5532 189
5532 2611
5532 5527
5533 3332
5533 2605
5533 2606
5534 2611
5534 5527
5535 3332
5535 2605
5536 3332
5536 2606
5537 3540
5537 17
5537 3162
5538 1560
5538 1443
5538 4853
5539 3540
5539 3162
5540 17
5540 3162
5541 1560
5541 1443
5541 4853
5542 4011
5542 4853
5543 1560
5543 1443
5543 4853
5544 1560
5544 1443
5544 4853
5545 282
5545 3164
5546 282
5546 3164
5546 283
5547 2357
5547 1983
5547 4933
5548 328
5548 2750
5549 2702
5549 2750
5550 2462
5550 2957
5550 2966
5551 2702
5551 328
5551 2750
5552 2462
5552 2957
5552 2966
5553 2462
5553 2957
5553 2966
5554 2957
5554 2958
5554 2959
5555 2462
5555 2957
5555 2966
5556 2957
5556 2958
5556 2959
5557 2957
5557 2958
5557 2959
5558 3199
5558 3196
5559 3199
5559 3194
5559 3094
5560 3199
5560 2971
5560 412
5561 3199
5561 2971
5561 412
5562 410
5562 1431
5562 2971
5563 410
5563 1431
5563 2971
5564 3199
5564 3094
5564 3196
5565 3196
5565 3094
5566 3199
5566 2971
5566 412
5567 3199
5567 2971
5567 412
5568 4207
5568 402
5568 403
5569 4207
5569 402
5570 5571
5570 3761
5572 5571
5572 788
5572 3207
5573 788
5573 3207
5574 5571
5574 788
5575 396
5575 3207
5576 400
5576 3207
5577 5571
5577 2192
5577 3761
5578 5571
5578 2192
5579 1591
5579 2561
5579 1816
5580 1591
5580 2561
5580 1816
5581 1591
5581 591
5582 1591
5582 2561
5582 1816
5583 2334
5583 2561
5583 1810
5584 2334
5584 2561
5584 1810
5585 1591
5585 2561
5585 1816
5586 2334
5586 2561
5586 1810
5587 2334
5587 2561
5587 1810
5588 2331
5588 286
5588 596
5589 1213
5589 1407
5589 1211
5590 1213
5590 1407
5590 1211
5591 1209
5591 1210
5591 1211
5592 707
5592 718
5592 724
5593 1213
5593 4132
5594 1490
5594 1264
5595 1213
5595 1407
5595 1211
5596 1213
5596 1407
5596 1211
5597 1221
5597 1222
5597 1223
5598 3030
5598 1476
5599 1484
5599 3030
5600 848
5600 3035
5600 3030
5601 3030
5601 3035
5602 848
5602 3035
5603 3039
5603 3035
5603 3251
5604 3039
5604 3251
5605 3039
5605 3035
5606 3039
5606 1374
5606 2708
5607 1374
5607 2708
5608 1878
5608 2966
5609 1362
5609 3051
5609 1357
5610 1362
5610 3051
5611 1876
5611 2959
5612 2647
5612 3057
5612 2846
5613 3053
5613 1349
5613 1353
5614 3053
5614 1353
5615 3053
5615 1349
5616 2846
5616 2843
5616 2847
5617 2647
5617 3057
5617 2846
5618 2647
5618 3057
5618 2846
5619 2647
5619 3057
5619 2846
5620 127
5620 2465
5621 3679
5621 596
5622 596
5622 3679
5622 653
5623 3679
5623 2444
5623 3074
5624 3679
5624 653
5625 3679
5625 2444
5625 3074
5626 3679
5626 2444
5626 3074
5627 2513
5627 3074
5627 2440
5628 3679
5628 2444
5628 3074
5629 2513
5629 3074
5629 2440
5630 2513
5630 3074
5630 2440
5631 1876
5631 2959
5631 2966
5632 3277
5632 2846
5633 2647
5633 3277
5634 2647
5634 3277
5634 2846
5635 2843
5635 3278
5636 3278
5636 2847
5637 2843
5637 3278
5637 2847
5638 1836
5638 2455
5638 1466
5639 1836
5639 2455
5639 1466
5640 1836
5640 2455
5640 1466
5641 1836
5641 2455
5641 1466
5642 1241
5642 1242
5642 556
5643 1237
5643 1238
5643 1239
5644 1241
5644 1242
5644 556
5645 1237
5645 1238
5645 1239
5646 1245
5646 1246
5647 627
5647 1246
5648 1248
5648 1249
5648 1239
5649 1245
5649 1253
5650 205
5650 4
5650 1257
5651 3966
5651 1253
5651 1246
5652 1158
5652 1154
5652 1156
5653 4254
5653 168
5653 3113
5654 5655
5654 3045
5656 5655
5656 3317
5656 4866
5657 5655
5657 3317
5657 4866
5658 2297
5658 3317
5658 2936
5659 2297
5659 3317
5659 2936
5660 2672
5660 3045
5661 5655
5661 2672
5661 3045
5662 5655
5662 3317
5662 4866
5663 5655
5663 3317
5663 4866
5664 1553
5664 1854
5665 1553
5665 3322
5666 2242
5666 1853
5667 2242
5667 1853
5667 1476
5668 2242
5668 1267
5668 1472
5669 2242
5669 1476
5670 1267
5670 1472
5671 2242
5671 1267
5672 1267
5672 2255
5673 1267
5673 687
5673 2255
5674 570
5674 3535
5675 3535
5675 570
5675 596
5676 3534
5676 591
5677 3534
5677 653
5678 3534
5678 591
5678 653
5679 3950
5679 1640
5680 1640
5680 3951
5681 3950
5681 1640
5681 3951
5682 3534
5682 1649
5682 3535
5683 3535
5683 596
5684 21
5684 22
5685 3241
5685 3355
5686 3241
5686 3355
5686 4928
5687 127
5687 128
5687 3138
5688 3241
5688 4928
5689 1053
5689 1749
5689 4928
5690 3347
5690 3355
5691 1749
5691 4928
5692 127
5692 3138
5693 343
5693 2100
5694 3384
5694 3373
5694 3376
5695 3384
5695 3373
5695 3376
5696 3357
5696 3375
5696 3376
5697 3357
5697 3375
5697 3376
5698 179
5698 3373
5699 186
5699 3373
5700 3384
5700 3373
5700 3376
5701 3384
5701 3373
5701 3376
5702 1085
5702 1207
5703 3357
5703 3375
5703 3376
5704 3357
5704 3375
5704 3376
5705 1207
5705 1086
5706 3357
5706 3358
5706 3380
5707 1351
5707 3158
5708 1351
5708 3156
5709 1351
5709 3156
5709 3158
5710 7
5710 3382
5711 7
5711 8
5711 3382
5712 3358
5712 3380
5713 3357
5713 3380
5714 1108
5714 3380
5714 3382
5715 8
5715 3382
5716 414
5716 415
5717 5718
5717 937
5717 943
5719 937
5719 5718
5720 5718
5720 943
5721 5722
5721 2460
5721 5718
5723 3174
5723 943
5724 5722
5724 3181
5724 3174
5725 5722
5725 3181
5726 5722
5726 3174
5727 5722
5727 2460
5728 2460
5728 5718
5729 4568
5729 43
5729 47
5730 4568
5730 1431
5730 46
5731 2701
5731 47
5731 328
5732 2701
5732 47
5732 328
5733 2701
5733 2702
5733 2703
5734 2701
5734 47
5734 328
5735 4568
5735 43
5735 47
5736 4568
5736 43
5736 47
5737 2701
5737 47
5737 328
5738 4568
5738 43
5738 47
5739 3408
5739 834
5740 3408
5740 833
5741 522
5741 3833
5741 3411
5742 522
5742 3411
5743 3833
5743 3411
5744 3408
5744 833
5744 834
5745 840
5745 3589
5746 1829
5746 3589
5746 3580
5747 1829
5747 3580
5748 1829
5748 3589
5749 1245
5749 2720
5749 2060
5750 1245
5750 2720
5750 2060
5751 1245
5751 2720
5751 2060
5752 1245
5752 2720
5752 2060
5753 3187
5753 2466
5754 1162
5754 4656
5754 3192
5755 3187
5755 1162
5755 2466
5756 3187
5756 1162
5757 1600
5757 5203
5758 1600
5758 3204
5759 1162
5759 4656
5760 4656
5760 3192
5761 127
5761 467
5762 816
5762 499
5763 3228
5763 3223
5764 3226
5764 3221
5764 262
5765 1292
5765 2141
5765 1293
5766 1292
5766 2141
5766 1293
5767 1728
5767 2141
5767 2123
5768 1728
5768 2141
5768 2123
5769 1728
5769 2141
5769 2123
5770 1728
5770 2141
5770 2123
5771 3228
5771 3223
5771 262
5772 3228
5772 262
5773 1285
5773 1286
5773 1277
5774 711
5774 4055
5774 5775
5776 715
5776 4055
5777 711
5777 4055
5777 5775
5778 711
5778 4055
5778 5775
5779 5780
5779 373
5779 5775
5781 711
5781 4055
5781 5775
5782 1036
5782 5783
5782 3239
5784 1036
5784 5783
5784 3239
5785 1036
5785 5783
5785 3239
5786 1036
5786 5783
5786 3239
5787 1037
5787 60
5787 5783
5788 1037
5788 60
5788 5783
5789 1037
5789 60
5789 5783
5790 1037
5790 60
5790 5783
5791 60
5791 61
5791 62
5792 60
5792 61
5792 62
5793 2384
5793 2386
5793 2115
5794 2384
5794 2386
5794 2115
5795 2384
5795 1705
5795 1708
5796 2384
5796 1705
5796 1708
5797 1708
5797 208
5798 1708
5798 596
5799 2384
5799 2386
5799 2115
5800 2384
5800 2386
5800 2115
5801 2384
5801 1705
5801 1708
5802 2384
5802 1705
5802 1708
5803 4254
5803 4255
5803 4257
5804 386
5804 378
5804 92
5805 1640
5805 4157
5805 1643
5806 3493
5806 4265
5806 5807
5808 3493
5808 4265
5808 5807
5809 3493
5809 4265
5809 5807
5810 3493
5810 4265
5810 5807
5811 5807
5811 72
5811 73
5812 5807
5812 72
5812 73
5813 5807
5813 72
5813 73
5814 5807
5814 72
5814 73
5815 4743
5815 4749
5815 3409
5816 2675
5816 784
5817 2675
5817 3493
5817 784
5818 3221
5818 3511
5818 3223
5819 3221
5819 3511
5819 3223
5820 3511
5820 2826
5820 262
5821 3511
5821 2826
5821 262
5822 3511
5822 2826
5822 262
5823 3511
5823 2826
5823 262
5824 266
5824 104
5824 2826
5825 266
5825 104
5825 2826
5826 266
5826 104
5826 2826
5827 266
5827 104
5827 2826
5828 20
5828 21
5829 3320
5829 2577
5829 2556
5830 2283
5830 3081
5830 3320
5831 2283
5831 3081
5831 3320
5832 2283
5832 3081
5832 3320
5833 2283
5833 3081
5833 3320
5834 3514
5834 3081
5834 2948
5835 3514
5835 3081
5835 2948
5836 3514
5836 3081
5836 2948
5837 3514
5837 3081
5837 2948
5838 2911
5838 2981
5838 3514
5839 4156
5839 4157
5839 1656
5840 4156
5840 4157
5840 1656
5841 4156
5841 216
5842 4156
5842 128
5842 216
5843 4156
5843 4157
5843 1656
5844 4156
5844 128
5845 1640
5845 4157
5845 1643
5846 1640
5846 4157
5846 1643
5847 1640
5847 4157
5847 1643
