10729 21999
0 1
2 3
4 5
6 7
8 9
10 11
12 13
14 15
16 17
18 19
6 20
21 22
23 24
25 4
26 27
28 29
30 31
32 33
34 31
35 36
37 38
16 39
40 41
42 43
14 44
2 45
46 47
48 49
50 51
6 52
53 54
55 56
2 57
58 21
59 60
30 61
62 51
63 8
14 64
65 66
67 68
69 70
71 72
14 73
74 75
76 77
78 79
80 81
82 83
4 84
85 31
2 86
87 88
89 90
91 92
93 6
2 94
95 21
14 96
21 97
98 99
100 43
101 102
2 103
104 21
105 106
107 108
76 109
110 111
112 113
14 114
115 31
6 116
117 118
14 119
120 121
122 123
124 22
125 126
127 128
14 129
63 130
131 132
133 134
135 21
136 36
137 138
139 140
14 141
142 143
144 51
8 145
146 147
148 14
149 150
151 152
153 31
154 155
156 157
158 159
89 160
161 36
162 32
163 164
14 165
166 32
167 99
168 169
170 31
171 36
14 172
48 173
174 2
175 176
14 177
178 179
71 180
181 182
183 46
184 185
186 187
188 189
190 117
191 146
192 193
48 194
63 195
196 197
198 199
200 201
202 203
2 204
4 205
21 206
2 207
208 21
209 210
211 14
212 2
213 214
215 216
217 18
14 218
2 219
220 221
110 222
175 223
224 225
226 227
228 229
230 31
231 31
21 232
14 233
234 235
236 237
238 239
154 240
154 241
242 243
244 245
14 246
226 247
248 31
249 250
251 252
154 253
254 255
256 257
258 32
259 31
260 261
262 51
14 263
14 264
265 266
267 268
269 210
270 43
271 117
110 272
273 99
274 275
276 21
277 278
48 176
279 280
106 281
36 282
283 284
47 35
285 286
287 288
175 289
271 14
290 187
291 14
292 293
294 295
296 31
297 2
175 298
299 300
14 301
302 8
303 304
146 305
287 306
307 308
14 309
310 311
312 313
314 315
316 51
317 318
319 68
14 320
321 69
14 322
323 294
324 325
154 326
327 328
329 330
331 2
332 333
334 14
335 84
336 337
338 339
30 340
6 341
48 265
342 31
14 343
344 345
346 31
347 92
14 348
4 349
106 350
48 257
339 31
351 226
14 352
353 354
355 36
10 356
357 6
358 225
359 360
361 362
363 8
14 364
267 365
21 366
367 368
175 285
369 370
208 51
371 31
226 372
339 373
55 374
154 307
168 375
110 376
21 377
378 210
379 21
380 21
53 381
2 382
117 383
384 43
385 210
386 14
387 32
388 389
390 391
10 392
367 393
394 210
104 395
396 14
397 31
398 399
400 401
402 403
404 405
406 407
408 409
14 410
89 411
267 412
413 414
8 415
416 417
418 419
106 420
28 48
421 422
190 423
424 84
14 425
21 426
14 427
428 31
43 429
430 431
432 2
68 433
434 31
435 436
257 437
87 438
14 439
440 441
442 443
444 51
14 445
446 447
69 30
448 449
450 451
452 453
21 454
455 226
175 456
154 457
6 458
459 378
460 461
2 462
21 463
2 464
465 466
369 467
468 21
6 469
470 471
354 84
472 473
36 474
154 475
476 477
478 479
92 480
481 482
307 483
48 484
485 486
487 210
59 488
48 489
336 490
14 491
492 493
494 21
2 495
496 51
497 498
499 500
501 31
502 43
503 504
505 506
226 507
2 508
48 509
510 22
511 512
513 514
515 516
517 117
518 519
21 520
521 14
522 69
523 524
2 525
398 526
31 527
528 529
530 21
531 532
216 533
534 535
440 478
536 537
538 4
14 539
540 541
542 63
543 394
544 545
48 226
71 546
6 547
2 548
441 549
125 550
551 552
553 275
14 554
137 555
398 556
14 557
558 559
560 561
14 562
563 564
565 566
6 567
568 14
534 569
570 571
572 31
14 573
152 574
36 575
48 576
14 577
259 578
579 580
581 582
583 2
584 51
585 22
586 587
588 589
590 591
2 592
74 593
594 595
596 597
598 599
416 600
601 8
602 603
265 604
84 605
14 606
607 51
146 143
367 608
609 610
154 299
224 611
612 18
198 613
614 615
14 616
10 617
618 619
620 14
621 622
6 623
154 624
14 625
626 14
24 627
628 597
629 275
106 630
631 632
633 287
21 634
635 92
636 14
14 637
21 638
14 639
154 640
148 149
641 642
643 644
645 21
646 140
647 21
648 649
154 650
651 8
652 653
14 654
655 656
657 241
14 658
659 51
660 14
661 84
378 22
49 117
14 662
663 36
664 31
14 288
665 666
16 667
189 668
14 669
226 670
671 404
179 43
672 673
106 674
274 675
676 369
14 677
440 507
678 175
679 14
122 680
681 682
63 683
684 685
4 686
687 84
106 688
689 690
257 43
691 117
692 693
694 695
696 697
698 51
699 635
14 700
6 701
21 702
53 74
381 703
69 704
705 117
21 706
707 210
6 708
14 709
31 710
711 712
713 8
714 21
715 14
716 717
648 51
718 719
71 210
720 51
721 21
722 723
724 30
725 21
726 8
727 4
14 728
367 729
730 731
732 36
733 72
734 735
21 736
69 737
738 123
104 739
294 740
440 601
741 742
21 743
744 21
14 745
746 92
225 747
289 43
748 749
21 750
588 751
752 22
202 753
754 31
338 21
755 756
110 717
611 757
48 21
14 758
759 760
761 762
763 764
21 501
765 766
0 767
391 768
257 769
461 770
771 772
773 31
774 367
775 776
777 51
778 225
175 779
6 780
781 43
782 783
21 784
595 785
786 47
27 787
788 21
595 789
21 790
383 791
792 210
793 794
74 226
2 795
285 796
797 51
798 486
48 799
800 31
198 225
801 802
803 804
14 805
339 806
125 251
807 808
809 810
811 812
224 813
21 814
815 226
14 816
14 817
418 818
819 31
14 152
455 381
820 821
822 823
226 824
825 638
826 827
21 429
14 828
424 623
829 2
154 830
831 51
602 832
833 834
21 835
836 837
8 838
106 285
6 609
2 839
840 381
430 760
14 841
154 842
716 843
14 844
4 845
846 847
69 848
849 36
850 459
14 851
154 852
14 853
854 2
855 856
857 858
106 859
4 860
861 862
863 811
864 865
2 866
36 867
868 140
2 869
122 870
871 872
154 37
873 31
874 43
875 876
877 878
10 879
880 881
540 882
299 883
884 885
241 886
887 694
888 226
63 889
890 891
209 892
367 117
21 893
14 894
895 14
14 896
10 897
898 783
2 899
900 14
28 901
14 902
716 903
68 904
48 905
154 906
907 31
908 84
909 910
911 92
226 912
163 913
914 51
915 312
916 43
917 918
265 919
6 920
921 922
4 923
106 924
21 925
459 441
926 84
224 927
928 93
267 929
14 930
931 932
260 933
934 935
48 543
936 21
937 821
14 938
939 22
940 36
766 941
942 84
943 944
945 92
946 947
948 949
14 950
951 952
125 953
793 954
14 955
14 956
957 958
959 960
961 962
963 964
18 51
965 14
966 967
968 36
943 969
970 971
972 973
21 285
14 974
975 976
287 977
63 978
74 979
980 981
611 982
983 984
985 51
986 31
21 987
21 988
595 989
288 190
2 990
991 43
590 992
137 993
994 995
14 996
997 760
14 998
213 999
1000 748
48 1001
1002 234
179 1003
1004 36
1005 31
458 1006
213 1007
190 1008
4 1009
1010 68
1011 335
1012 1013
14 1014
1015 1016
1017 1018
642 1019
1020 1021
783 1022
210 145
106 822
1023 1024
1025 2
1026 1027
1028 1029
1030 947
1031 766
146 963
14 1032
1033 36
1034 51
1035 84
1036 1037
78 31
872 1038
1039 339
1040 117
16 878
1041 14
458 1042
1043 4
1044 1045
1046 1047
14 1048
1049 1050
1051 1052
4 1053
84 1054
1055 14
4 1056
4 1057
466 1058
442 1059
216 1060
1061 1062
1063 14
63 1064
1065 106
1066 92
2 1067
30 1068
1069 933
63 1070
213 981
14 725
1046 225
14 647
152 1071
179 1072
1073 31
154 734
350 201
1074 1075
14 1076
21 1077
1078 1079
1080 36
1081 8
1082 1083
1084 1085
48 1086
595 1087
4 1088
1089 8
307 1090
106 1091
1092 51
1093 642
565 21
947 1012
891 1094
294 14
21 1095
14 1096
1097 2
110 1098
1099 952
1100 367
1101 14
213 1102
1103 22
1104 164
21 1105
154 572
398 1106
1107 1108
642 1109
1110 648
1111 51
864 1112
21 164
1113 22
398 1114
1020 1115
1116 51
1117 210
947 1118
14 1119
1120 1121
1122 1123
14 1124
766 31
285 1125
21 1126
1127 251
1128 31
63 67
1129 51
14 1130
2 1131
489 1132
1133 210
312 84
14 1134
14 1135
154 1136
351 847
367 225
1137 872
1138 1139
1140 1141
459 1142
21 1143
339 1144
1145 1146
909 1147
512 1148
46 189
1149 92
1150 1151
8 1152
63 662
1153 51
21 1154
154 1155
459 430
154 1156
1157 1158
961 1159
30 51
1160 1161
400 1162
398 1163
1164 1165
21 1166
71 1167
748 1168
1169 21
1170 1171
595 1172
21 1173
1174 1175
1176 1177
1178 1179
707 117
1180 1181
226 505
1182 1183
1184 1185
1186 1187
1188 1189
14 1190
1191 1192
1193 1194
287 1195
14 1196
1197 1198
339 1199
1200 21
707 1201
21 1202
154 1203
528 1204
2 1205
21 1206
48 1207
949 1208
1209 920
21 1210
1211 1212
154 595
154 1213
1214 227
154 1215
1216 1217
14 1218
1219 146
595 1220
1221 43
189 1208
14 1222
489 1223
807 1224
48 1225
1226 6
1227 1228
24 1229
106 1230
295 1231
1232 861
213 1233
1234 1235
92 1236
1237 21
1238 31
21 1182
1239 31
1240 441
2 426
1241 1242
1243 1244
1245 1246
1247 1248
21 1249
1051 385
1250 1251
1252 22
225 1253
1254 84
16 1255
14 1256
367 1257
675 1258
1259 1260
807 1261
727 51
14 1262
1263 84
28 1264
225 766
2 1265
413 1266
1267 837
14 1268
1269 1270
1271 1272
1273 267
1274 785
69 1275
1276 282
1277 43
14 1278
8 1279
1280 588
1281 1282
1283 36
14 1284
14 1285
215 505
14 1286
1287 21
48 1288
1289 1290
2 1291
1292 1293
1294 31
14 1295
28 1296
811 1297
14 1298
1299 1300
1301 827
2 1302
711 1303
2 1304
4 1305
1306 1040
1307 1308
21 1309
21 1310
1311 1312
1313 2
381 1314
459 134
1315 1316
298 51
267 1317
14 1318
1319 36
1320 1321
1322 226
1323 43
43 1324
1325 1326
154 1205
1327 14
267 1328
48 1329
307 1330
1331 505
1332 785
755 1333
1334 1335
175 1336
226 52
1337 1338
748 1339
1034 1340
104 623
1341 92
1342 1343
1344 1345
1020 1346
1347 1348
1349 1350
1351 1352
1353 1354
83 760
307 1355
1356 1357
1358 51
1359 847
367 1360
386 1361
1362 216
14 1363
1022 210
1364 351
21 1365
6 1366
30 1367
1368 240
71 394
1017 1369
30 1370
14 1012
47 1371
1372 1373
257 226
1374 14
1080 84
595 1375
1376 31
818 1377
1378 1102
48 1379
287 1380
213 1381
2 1382
381 1383
861 1384
63 1385
14 1386
1387 1388
14 1389
1390 43
2 1391
1392 1393
14 1394
1395 1396
1397 1398
154 1399
1058 1400
1401 694
1402 459
117 1403
1404 226
63 1405
14 1406
398 1407
957 1408
1409 43
14 1410
1217 477
14 1411
14 1412
1413 391
1014 1414
14 1415
1416 31
379 1417
1418 684
1419 47
1420 1421
6 1422
1423 1424
14 1425
48 1276
478 1426
1427 1428
1429 1430
1431 127
48 1432
63 1433
440 1434
179 520
1435 22
1436 1437
69 1438
1439 63
1440 1441
234 229
1442 1443
310 1444
1445 417
69 1446
1447 1448
14 1449
1450 1451
1452 51
1453 1184
1184 1454
117 1455
1152 1456
154 1457
146 1458
595 1459
154 271
551 51
84 1460
223 1461
48 1133
339 1462
1463 99
1464 1465
1466 22
2 1467
633 1468
43 1469
4 1470
381 22
1471 43
1472 1473
1474 1475
6 8
359 1476
1477 92
1478 84
154 1479
294 1480
1481 1482
152 1483
1484 51
63 1485
251 31
1486 1182
14 225
21 1487
872 1488
1489 14
175 1490
1491 1492
1493 226
1494 381
1495 92
720 36
1496 1497
154 888
274 8
1152 1498
14 366
10 1499
154 1500
1501 106
1502 210
1503 51
8 1504
1505 1506
1035 8
1507 1508
1509 51
1510 31
1511 1512
1493 225
1351 1513
2 1514
14 176
847 1515
14 1516
154 1517
191 1518
63 1519
1520 1521
93 1522
2 1523
2 1524
63 1525
226 1526
1527 84
117 1528
1529 27
1127 418
1530 1531
821 1532
1533 31
146 1534
4 1535
1536 36
1040 1537
1538 818
1539 14
2 976
1540 226
1526 210
1051 1541
1542 31
1543 1544
947 1545
257 1546
1547 43
1548 31
1549 4
847 1550
1551 1163
626 1552
1553 225
466 1554
1555 959
367 307
1556 1557
1558 1559
6 1560
63 1561
1562 43
448 1563
1197 1564
1565 975
1566 1567
1568 6
1059 84
324 459
598 1569
1570 210
1571 1572
1573 1574
1575 505
21 1576
48 1577
48 1578
267 1579
1580 51
1581 1582
1583 1584
63 1585
1586 1587
261 31
1588 329
1589 1590
122 1591
1592 1593
1594 766
93 1595
1596 8
687 43
267 1597
1390 1598
307 1599
48 122
14 1600
1601 43
1602 234
1603 1604
1605 32
1606 51
175 6
1607 210
1608 689
1609 69
312 1610
226 9
1611 267
748 1612
740 164
1613 1614
1615 1616
2 1617
58 36
1618 1619
22 1620
1621 84
1622 1370
1623 824
122 1624
1152 117
21 1625
76 51
43 1626
1627 1628
811 1629
142 748
30 1630
1089 1631
1245 1632
642 1633
872 117
801 1059
1634 827
2 1635
21 1636
1637 31
1638 43
1639 31
1640 6
14 1641
1642 210
1643 84
21 1644
22 1645
1646 419
1647 1059
48 102
921 1584
257 1648
1649 31
1650 210
1651 1334
629 1652
1653 1654
1655 293
154 254
1656 1419
1055 21
367 1657
14 236
1658 1659
84 1660
1608 1661
1662 31
4 31
4 1663
220 1664
1665 43
1666 345
47 1667
1668 31
92 1669
14 1670
1671 210
1672 1673
1674 1587
1675 1676
21 1677
1678 1679
84 791
1477 1680
1681 847
14 1682
1683 1684
30 1685
1686 14
1687 4
14 1688
154 1689
590 1690
14 1691
1692 64
1693 43
28 1694
1695 1696
14 1697
14 1698
1699 1700
1099 317
1701 1702
1703 1704
1705 164
1046 210
1706 1707
1708 1709
329 1185
146 1710
1711 1712
1713 84
16 1714
1715 68
152 1716
448 1717
48 1718
190 1719
1720 84
1721 175
43 1722
965 1723
1724 31
690 990
1725 14
1726 1727
1728 1729
1730 84
154 1731
63 1732
10 1733
1734 36
14 1735
1736 2
307 84
1737 1738
1184 1739
1111 43
369 1740
1651 1741
1742 21
154 461
1743 16
63 1744
983 1091
1745 14
1746 21
1747 225
28 1748
1749 134
1750 84
994 1751
14 1752
1753 1754
1755 31
1756 51
1568 74
1757 68
1013 210
6 36
294 1758
689 458
63 1759
1650 21
207 1760
1761 1427
1220 1581
1762 84
498 51
292 18
1763 36
472 1764
78 1765
14 1766
1767 84
1768 294
14 456
48 1769
1770 1300
1658 226
461 1771
14 1772
1773 43
1774 2
93 1276
125 1775
228 1776
14 953
861 225
1777 48
4 1778
154 1779
1731 1780
1781 267
267 1782
14 1152
755 1783
154 1784
713 1785
1020 1786
1787 21
458 1788
14 1789
1790 1791
21 1792
1793 1794
146 1151
1795 47
1796 14
14 1797
1798 14
28 1799
1800 1496
1801 354
1802 1150
48 1803
1804 31
1805 22
14 1806
1807 2
1808 1809
1810 68
1811 1471
1812 210
213 1813
48 1814
1480 21
807 1815
14 1737
1816 1817
14 1249
89 1587
285 1581
1818 84
125 1819
1820 1821
14 1822
1658 1823
1396 1824
595 63
534 1825
225 1826
220 1827
14 1828
1829 503
105 146
957 569
665 1830
880 1831
16 1832
175 22
1833 92
307 1834
1445 1835
1836 36
21 1837
1244 1838
1388 1839
1652 14
154 1840
1841 772
1842 175
1843 31
1844 1845
63 1846
36 210
110 1847
149 31
21 1848
1849 461
707 1838
1850 1404
6 799
1851 30
400 1852
821 1853
21 1147
21 1854
31 1855
875 1091
92 1009
1856 31
458 43
898 31
10 1857
711 1858
21 1859
1086 226
14 1860
21 1861
961 1862
168 1863
2 1864
227 1865
1866 48
665 1867
8 1868
947 1230
1869 164
28 1870
28 1871
122 43
1120 1872
1873 872
154 1270
154 1874
1875 8
106 1876
21 1877
1878 1879
287 1880
1881 1882
14 1883
1884 1885
1886 623
1887 92
367 793
4 1888
1889 36
1696 1890
1891 872
1892 1893
1894 31
1895 8
154 874
1896 31
1897 1898
226 27
1899 1900
21 1901
1902 818
1903 21
110 1904
1012 36
122 179
1905 1906
210 1907
1908 1909
21 1044
225 1910
1911 210
21 1912
302 1913
21 1914
257 2
1915 47
1916 51
1917 394
1918 329
611 1230
1180 4
1919 1920
1921 164
1065 14
595 1262
154 1922
1923 1924
102 84
122 1925
14 1383
1152 1926
1539 1927
1396 1421
1928 1929
1923 1930
503 1931
1932 1199
1933 210
299 1934
2 1935
307 369
14 1936
154 1937
30 1938
154 1939
648 1940
1941 92
1942 30
1661 271
1943 1334
1944 47
1945 21
2 1108
14 1946
1947 21
1948 1949
1950 31
14 790
176 1951
1952 1953
1954 21
1955 21
398 1956
1248 1957
378 1958
1959 31
1960 972
1558 1961
152 373
1419 1962
1963 31
1964 43
154 367
1965 36
36 1966
303 1967
1968 1511
1969 2
175 49
154 1970
1878 1971
1216 133
1404 1972
106 1973
1974 1443
1975 159
239 31
1976 1977
1978 1979
1980 8
106 531
1981 1982
875 1983
1984 1985
994 1986
1987 43
875 1988
48 1989
10 1990
48 1991
21 1992
1993 210
1994 1995
27 1996
1089 1997
459 1998
398 1999
957 2000
2001 14
14 1940
14 2002
2003 2004
2005 1427
2006 84
2007 69
2008 2009
507 84
2010 51
875 2011
2012 146
1396 2013
478 2014
2015 51
2016 21
14 2017
14 2018
2019 51
1592 51
2020 1059
14 2021
21 434
2022 694
2023 267
21 896
2024 934
14 2025
2 2026
2027 1466
681 2028
69 2029
48 705
1144 51
287 1080
2030 2031
265 37
21 2032
28 1444
459 2033
21 2034
154 2035
2036 2037
1923 2038
2039 765
1581 2040
48 2041
21 2042
14 2043
2044 2045
21 2046
4 2047
31 2048
2049 2050
2051 51
63 2052
2053 31
312 2054
21 2055
943 2056
2057 84
1230 117
1709 210
2058 68
1845 2059
14 2060
748 790
190 2061
381 2062
2063 36
590 2064
1315 2065
689 2066
452 2067
168 2068
110 2069
1261 72
2 2070
950 21
891 2071
2072 2073
1241 2074
106 1270
1234 2075
2 2076
624 2077
1241 2078
2079 2080
2081 122
16 2082
598 110
14 2083
48 1425
267 2084
2085 1474
104 2086
14 2087
14 2088
2 2089
2081 36
69 21
694 1645
813 226
381 45
14 2090
1581 2091
4 2092
1445 2093
821 2094
154 2095
531 2096
1040 2097
8 1064
413 2098
2099 72
14 2100
2101 1234
48 544
14 2102
82 1281
2103 179
175 2104
14 2105
2106 31
294 2107
154 2108
43 2109
708 8
48 2110
367 1012
213 2111
2112 51
63 1384
2113 43
21 92
2114 2115
2116 210
48 989
2117 2118
762 2119
477 2120
87 2121
225 623
2122 837
684 2123
21 2124
2125 51
2126 2127
665 2128
4 2129
2130 2131
14 2132
14 2133
257 2134
2 2135
2136 2137
2138 1649
2139 508
2140 1946
2141 2142
1354 2143
21 2144
14 2145
398 2146
2147 2148
966 2149
2150 43
2151 22
6 2152
2153 2154
1445 92
16 2155
591 1862
2156 961
2157 2158
104 225
595 2159
21 2160
2161 2162
1020 2163
442 2164
299 2165
2166 1808
2167 14
2168 2169
398 2170
2171 2172
2173 1059
2174 1059
110 2175
36 2176
2177 2178
190 2179
375 31
367 2180
14 2181
2182 159
21 2183
609 783
1615 2184
225 1432
1152 1644
63 2185
154 2186
14 2187
1212 2188
1793 947
552 51
1608 307
21 2189
1650 48
2190 31
63 2191
1031 22
154 2192
2193 391
2194 14
14 2195
2 2196
4 2197
36 2198
1429 1996
122 2199
48 2200
468 36
225 1525
21 2201
4 2202
2203 367
154 2204
173 36
2205 2206
2 2207
14 2208
2209 14
2210 36
63 2211
381 2212
2213 31
2214 31
2215 31
459 2216
2217 793
154 2218
2145 51
2219 2220
2221 51
1416 92
2222 1194
2223 31
1919 2224
21 2225
1020 2226
2227 159
2228 2229
1086 1059
4 2230
2231 1016
2232 2
2233 2234
505 2235
68 2236
1698 2237
6 2238
14 2239
164 2240
226 2241
154 2242
680 31
2243 21
2244 47
2245 2246
243 31
597 2247
48 440
48 1035
1034 2248
2249 2250
154 2251
122 2252
1628 2253
63 2254
2255 2
2256 2257
1917 543
724 2258
110 2259
21 872
36 2260
1624 518
461 2261
2262 92
125 1017
367 2263
226 887
2264 21
63 2265
168 2266
2267 31
2268 140
2269 588
137 2270
65 2271
69 335
1012 1153
611 2272
461 2273
2066 36
2 686
14 2274
1288 210
2275 2276
2277 31
154 223
2278 2279
2280 43
2281 293
190 2282
154 629
2283 298
2284 2
2285 2
21 2286
196 441
21 2287
2288 36
2289 2290
2291 31
2292 2293
324 2294
2295 31
14 1291
46 2296
1731 51
285 1147
629 210
1245 2297
2298 21
21 2299
544 1578
367 720
257 2300
53 342
4 986
110 9
2301 32
32 2302
2303 2304
74 210
92 1277
2305 2
2306 51
14 2307
2308 621
1650 2309
2310 21
30 2311
2312 2313
2314 2315
642 2316
106 51
40 2317
459 2318
2319 2320
2321 30
324 275
299 2322
961 2323
1675 2324
2325 2326
2327 267
257 2328
2329 14
707 1698
110 192
14 2330
48 2331
14 2332
2333 759
14 2334
2335 354
14 2336
367 2337
2338 1728
31 2339
755 2340
2341 89
2342 2343
28 2344
2345 2346
154 2347
2348 391
2 2349
2350 36
2 2351
6 2352
317 2353
2079 2354
339 2355
2356 21
420 164
2357 51
69 2358
28 6
14 659
2359 2360
312 2361
48 2362
2363 2364
71 363
665 2365
2366 84
142 2367
966 2368
2 43
1375 106
2369 2370
21 2371
2372 14
14 2373
943 2374
14 2375
2376 14
1360 43
1721 2377
48 1033
226 51
294 2378
168 2379
2 2380
14 2381
2382 36
216 1757
14 194
2383 51
35 84
2384 31
2385 957
63 2386
2387 43
28 2388
63 10
1234 210
14 2389
106 2390
2391 99
72 2392
2393 2394
2174 210
367 689
125 2392
2395 51
110 2396
861 2397
607 226
324 1696
310 2398
2399 31
2400 43
2401 2402
210 2403
459 2404
21 2405
2406 31
14 2407
48 2408
16 2409
2410 96
2411 51
943 1085
48 609
106 2412
2413 873
224 1581
1155 2414
2415 31
2416 164
2417 818
2418 31
2419 36
21 2420
2421 2422
2423 51
14 429
14 2424
2425 43
1390 36
2426 2303
154 2427
2428 2429
2430 140
1221 84
2431 4
2432 2433
2434 36
14 1457
261 2435
63 2436
2 2437
2305 51
351 1904
642 2438
21 1893
21 2439
14 2440
2441 1862
1791 345
807 549
975 36
299 84
2442 84
2443 30
2444 210
16 2445
2446 2447
21 2448
2 2449
14 2450
224 2451
2452 36
1573 2453
413 2454
140 1393
48 269
74 956
369 2455
175 2456
2457 159
104 2458
14 2459
14 2460
106 879
1596 2461
2462 648
2463 31
310 2464
175 2465
2466 92
2229 2467
875 2468
48 2469
106 2470
2 2373
2 2471
1276 2472
2473 31
2474 1878
2475 22
16 2476
114 2477
2478 1140
48 2479
14 2480
14 2481
766 275
2482 21
14 2483
2484 2485
448 2486
2487 461
48 2488
2489 234
807 441
339 2490
1224 226
2491 299
2492 648
261 2493
2494 2109
2495 2496
2 461
14 2497
811 2498
459 2499
2500 21
2501 2502
2 2503
2504 512
2505 762
1658 2506
2507 21
2508 43
14 2509
71 2510
2511 818
2512 22
2513 22
110 459
2514 18
2221 14
1766 31
14 2515
2516 2517
2518 30
93 2519
2 2520
2521 2522
2523 31
6 1152
4 2524
154 1530
400 2525
552 2526
2 2527
888 37
154 2528
642 2529
1627 972
2530 2531
110 2532
2533 14
104 210
14 2534
146 2535
551 2536
931 2537
74 2538
21 2539
400 442
163 2540
1695 2541
2542 84
2543 2544
21 2545
2546 2547
2548 36
154 1391
1455 51
489 2549
48 2550
1020 2551
18 43
648 2552
2553 811
14 2554
93 689
181 2555
2556 2557
154 2558
14 2559
398 2560
2561 31
603 516
2562 642
2563 51
2564 2565
2566 36
14 2567
2568 2569
642 1281
590 2570
176 2571
84 2572
2573 92
14 2574
21 2575
400 2576
257 2577
63 2578
1973 2579
2580 2016
2581 43
21 2582
2583 189
2584 31
14 2291
30 2585
2586 31
48 2587
783 358
14 1814
381 2588
544 1925
48 2589
213 2590
2591 2592
2593 486
179 117
2594 2595
2596 14
748 2597
2598 1276
6 1907
595 2599
21 2600
21 2601
2602 146
16 2603
1402 785
2604 1094
225 2605
2606 339
2607 31
486 2608
159 2609
1445 2610
717 1335
2611 146
2612 2613
544 947
48 2614
21 2615
63 2616
14 1059
43 2617
2618 43
1507 822
106 2619
299 1899
2620 43
2621 275
154 2622
2623 31
1274 760
213 2624
2625 827
2626 84
2627 367
470 2628
21 2629
14 2630
2631 2632
14 2633
381 84
2634 4
48 2635
2636 43
2637 21
2638 2639
14 2640
2641 2642
2643 31
2644 2
2432 2645
48 2646
14 732
1354 2647
2648 2649
2650 68
540 2651
14 2652
2653 1862
2654 877
2655 210
2656 1285
2657 146
2658 283
271 21
31 2659
14 2660
2661 32
159 2662
2 2663
2664 14
2665 43
503 2666
2548 21
2667 1198
21 2668
14 2669
2670 36
2671 84
2672 2673
2674 381
2675 872
48 2676
283 2677
2678 14
2679 975
2680 31
154 2681
512 2682
2683 870
4 2684
2685 2649
1558 2686
161 1610
4 2687
1086 1235
339 2688
63 2689
2690 972
14 1901
2691 159
14 2692
106 189
215 31
2693 106
14 2694
2695 43
1351 2696
351 2697
2698 684
2699 14
2700 21
324 8
628 14
2701 51
92 2702
2703 1318
161 2704
1990 766
2 485
2705 31
801 442
2628 2706
2707 22
809 966
2708 2709
69 2710
1758 534
4 2711
154 1265
440 2712
1672 783
226 2713
2714 51
287 2715
2716 2717
76 1940
2718 2719
6 2720
880 2505
18 84
226 2721
14 508
2722 51
2723 2724
28 2725
63 2726
2727 142
2728 2729
1661 1527
875 2730
2505 2731
748 51
175 2732
1923 2733
63 2734
2 2571
891 2735
618 2736
2737 1289
2738 31
14 2739
48 2740
2741 92
14 206
2742 43
2743 2338
2744 534
648 2745
2 1216
58 2
14 2746
36 240
2747 84
48 1709
14 335
14 1616
21 2748
2749 2750
2751 2259
287 2752
2753 2754
2 2755
2132 31
28 2756
2757 31
125 2758
6 2200
14 2759
226 1335
14 2760
2761 51
2289 47
1243 2762
943 2763
63 2764
36 2765
267 2766
1680 2767
2768 31
175 2769
1270 2770
2771 283
2041 2294
994 2772
2773 14
63 931
21 456
1917 2774
228 2775
324 10
2136 10
1908 2776
2777 22
1647 766
2778 51
398 1325
21 2573
2779 456
14 2780
14 2781
2539 31
2782 2783
449 2784
416 1548
675 2785
492 210
2786 8
2787 31
692 2788
2789 765
36 2790
590 2791
2792 877
2793 31
14 2794
2191 140
14 2582
154 2795
2796 21
1494 189
2217 2797
2798 213
2799 2564
2800 82
48 117
416 2
2801 2
324 2802
2168 21
367 2803
154 1998
720 30
2804 14
2805 92
154 312
2806 31
2807 14
2808 163
1791 2809
6 2810
811 2811
2812 14
21 2813
125 2814
2815 43
2816 2817
417 1929
607 31
2818 152
117 2819
125 595
154 2820
48 285
14 2821
642 2822
373 975
793 2823
140 2824
2825 2826
449 1563
63 398
251 2827
1050 2828
2716 2829
122 117
14 2830
424 2831
1654 2832
1540 1473
2833 31
1082 2834
21 2835
544 1230
154 2836
2827 2837
2838 31
324 1098
2839 2840
2841 14
48 2591
2842 47
821 2843
63 64
32 1377
54 2844
478 2845
154 2846
21 2847
2848 947
2849 456
14 2850
14 2851
2852 22
154 505
336 226
1608 175
48 2853
417 2854
2855 31
1672 2728
2856 31
2857 285
943 2858
970 21
2859 920
1919 117
225 2860
2030 2861
2862 1684
46 2059
2153 2863
404 2864
2865 2866
2867 21
2868 51
48 2869
324 2870
2871 2872
2873 1059
14 656
14 2874
707 2875
14 104
175 2876
4 2877
1012 92
2878 2227
1596 210
2879 1898
2880 99
2798 947
2881 2613
154 2882
2883 1152
1576 31
47 1591
1396 1877
2 2884
2298 14
324 2885
466 2886
10 2887
2 1012
137 2888
225 1962
2591 904
1474 2889
544 2890
106 10
2891 2577
2892 2893
2894 31
870 31
740 2895
2896 84
486 2897
2898 32
2899 293
14 2900
2901 51
381 2902
299 2903
2904 65
89 2905
822 31
14 2906
190 2907
2908 31
6 2909
14 2910
226 2911
92 2912
367 2913
154 2914
402 2915
30 2916
657 2917
354 2918
2919 2920
2921 51
213 2922
2341 642
2923 99
2924 84
14 2925
63 2926
801 16
2927 248
594 2928
14 2929
106 2930
2931 524
14 2932
104 2933
2934 2
2935 922
2 2936
459 1658
642 2937
45 31
36 2938
2939 226
2940 110
947 36
1721 122
2941 43
2942 2943
2944 2945
2946 2686
2947 461
2948 36
2949 189
2 2950
459 2951
37 104
2952 293
2953 51
2954 51
2955 84
2206 2956
2957 2958
192 210
2959 36
598 2960
1234 2961
2962 36
2963 1108
2964 21
922 2965
137 2966
2967 21
261 2968
2969 19
14 572
8 2605
2970 381
2216 2971
1581 2972
36 429
122 1247
2973 2974
71 2975
540 21
602 2976
2977 1862
2978 51
2979 1091
1243 2564
110 927
2980 4
312 1966
458 2981
2982 2
21 2983
2984 2985
2986 275
16 2987
2 2988
287 2989
1692 1215
104 2362
261 2990
2 2991
1661 2992
416 117
2158 84
2993 84
146 2994
782 1973
14 2995
105 2595
4 2996
844 2997
154 2998
2999 31
2 3000
3001 92
48 3002
458 51
783 1426
458 54
3003 31
598 275
3004 3005
2 3006
3007 226
3008 3009
2898 818
3010 827
154 3011
10 3012
2020 3013
3014 31
3015 367
3016 21
441 3017
14 3018
3019 14
1360 84
154 3020
14 3021
994 2455
3022 920
512 3023
14 3024
3025 2557
2103 36
184 47
4 3026
3027 2956
3028 21
46 668
692 1224
2 3029
455 224
3030 22
2 3031
92 3032
3033 2861
14 3034
2960 3035
63 1656
872 3036
4 3037
3038 22
21 3039
14 1675
2 3040
226 2259
3041 534
3042 267
2800 1281
21 3043
1322 325
154 226
106 3044
2216 210
285 36
154 3045
3046 36
28 3047
14 3048
113 354
14 3049
4 3050
3051 2202
3052 544
14 3053
1028 3054
1082 702
765 824
3055 461
48 1810
63 2873
1661 3056
1120 3057
3058 3059
21 3060
2594 74
3061 51
14 216
3062 3063
1466 3064
2230 43
4 3065
123 84
3066 51
813 275
14 3067
48 3068
110 2033
3069 3070
1241 3071
3072 8
3073 14
14 3074
6 543
4 3075
14 3076
1672 1664
80 639
947 2557
367 3077
3078 31
2267 21
14 3079
888 175
1061 3080
997 3081
3082 36
806 22
503 3083
21 975
14 3084
1059 3085
63 3086
440 1022
6 145
14 3087
117 505
21 3088
3089 3090
2878 31
14 3091
2 3092
3093 31
225 3094
21 3095
3096 63
14 3097
3098 84
14 3099
28 3100
531 92
137 3101
307 22
1466 3102
2921 31
63 3103
0 3104
3035 3105
3106 156
48 3107
3108 14
74 3109
14 3110
367 1059
3111 43
1698 3112
1658 881
3113 21
3114 3115
3116 43
1374 2
470 3117
3118 466
22 3119
3120 2326
3121 51
4 1697
74 3122
565 3123
78 3124
16 3125
611 3126
14 3127
2303 1121
3128 21
8 84
3129 3130
294 3131
2 3132
503 3133
657 457
3134 2826
3135 1913
146 700
2623 3136
3137 623
3138 939
3139 31
3140 3141
1251 837
3142 14
3143 3144
3145 14
459 3146
713 3147
943 3148
1089 3149
324 3150
455 275
48 2825
1596 3151
179 175
259 14
3152 36
558 3153
106 3154
2 3155
963 3156
2049 3157
3158 31
689 842
2 3159
6 1989
3160 472
3161 1845
3162 31
179 3163
3164 48
1020 3165
2 3166
48 1403
104 84
1942 2
1429 3167
329 3168
2 3169
3170 3171
3172 31
1155 3173
3174 3175
880 459
3176 785
3177 3178
748 21
1698 1459
642 3179
748 110
3180 8
3181 2
31 437
3182 21
909 2
1461 31
14 3183
3184 381
48 2269
459 3185
3186 32
181 3187
3188 84
3189 2289
14 3190
48 1526
1919 3191
3192 354
3193 1281
63 3194
154 3195
2835 3196
3072 1713
3197 503
3198 210
257 3199
2166 689
21 3200
37 2
3201 3202
2 2668
3203 14
14 3204
807 3205
818 662
3206 31
287 2281
114 3207
1629 84
3208 2229
154 680
3209 1907
1919 3210
1100 381
294 3211
14 3212
3213 31
367 3214
8 1098
2432 3215
772 3216
4 819
48 3217
3218 31
14 3219
3220 163
2594 3221
154 3222
782 404
1227 21
3223 31
2252 31
379 3224
931 3225
287 3226
21 1248
324 3227
213 3228
3229 307
2621 210
28 3230
3231 31
14 3232
14 860
14 3233
351 3234
3235 51
154 3236
89 3237
21 3238
3239 117
14 3240
2 3241
3242 307
2762 3243
8 3244
16 3245
14 3246
3247 21
3248 43
2419 84
459 3249
1889 21
1698 3250
48 3251
210 2486
106 1929
21 3252
3253 762
544 1885
3254 3255
2 3256
14 3257
1005 10
3258 84
3259 175
3260 30
975 3261
110 2066
106 216
1650 84
3262 6
1423 3263
3264 31
3247 367
189 3265
154 3266
14 3267
18 2930
1089 55
459 210
3268 51
3269 3270
3271 684
2919 3272
10 3273
1396 3274
244 766
3275 21
93 3276
267 3277
154 3136
3278 3279
2538 1506
1424 623
202 2
3280 2
2 3281
2104 31
516 2976
1769 110
2 3282
3283 22
19 84
1082 51
1270 31
3284 2
3285 22
258 818
74 3286
3287 1672
21 3288
1646 226
74 3289
2394 3290
3291 3292
424 10
216 3293
1306 6
642 3294
2548 117
1479 648
3295 51
3296 31
3297 1978
1429 3298
114 3299
807 10
3300 1152
595 3046
3301 1978
3302 84
227 210
226 72
3303 3304
36 3305
528 53
3306 3307
1194 952
3308 3309
3310 31
3033 3144
1020 855
2492 3311
63 3312
2891 21
2992 3313
3314 84
983 2972
1856 84
122 51
3315 3316
14 3317
257 3318
1675 36
398 3319
2 3320
14 533
3321 210
225 3322
822 3323
1385 1224
3324 686
2 1860
48 880
1522 21
367 3325
3326 505
36 3095
154 3327
842 3328
783 275
3329 3330
2548 381
3331 2776
149 3332
3333 93
440 505
783 225
30 3334
136 92
2866 3335
3336 293
92 3337
3338 226
3339 22
1134 51
3094 210
251 3340
10 3341
3342 51
14 3343
21 3344
3345 1680
244 225
21 945
3346 785
307 3347
1527 92
14 3348
3349 2546
1272 32
190 3350
48 2881
3351 149
442 2464
69 3352
14 3353
3354 267
102 3355
3356 14
213 3357
168 3358
3359 3360
1624 847
10 9
1170 210
14 3361
14 2153
595 43
3362 1430
3363 2363
3364 51
657 3365
3366 2289
48 137
1675 3367
1303 9
3368 3369
21 2830
2 3370
48 1310
363 210
607 3371
14 2230
759 391
21 3190
3372 3373
560 3374
765 283
14 3375
648 3376
1061 110
21 2178
3377 31
63 3378
181 3379
30 43
55 3380
2591 226
3381 51
236 3382
63 226
1860 3383
2232 14
4 2336
3384 2394
10 3385
888 210
3386 2
3387 31
293 2795
595 84
1659 1059
307 3388
3389 36
14 3390
14 3391
220 3392
21 3393
1661 43
254 3394
14 2380
10 1013
14 1358
963 3395
14 3396
381 1033
1082 1382
339 3397
3398 1862
865 3399
154 3400
3401 458
179 2419
793 3402
74 452
28 3403
3404 3405
3406 2
1260 3407
1127 10
21 1461
3408 210
14 3409
3410 84
14 3411
146 452
691 3412
3413 31
14 3414
3415 21
4 3416
3417 14
140 3418
10 2259
2 3419
210 3420
3421 14
1359 47
74 3422
324 1952
48 3423
3424 31
2846 2098
2940 2505
3425 1906
14 3426
2049 3427
14 1474
226 3428
21 3429
1808 3430
21 3431
3432 51
154 3433
224 957
92 3434
14 3435
489 378
3436 68
22 3437
4 3438
110 2216
611 3439
3440 931
110 72
3441 1857
3442 329
317 3443
3444 187
3445 51
63 3446
3447 43
489 3448
3449 1512
2 3450
3451 168
388 3452
3453 645
63 3114
3454 22
154 3455
92 3456
3457 768
2984 226
3372 3458
947 826
369 2
3459 22
21 3460
3461 225
3462 31
785 3463
14 1987
2481 31
14 249
14 2520
3464 51
3465 369
48 2940
3466 21
2 2746
3467 163
59 3468
3469 32
3470 27
409 3471
63 1279
93 3472
609 3473
3474 31
448 3475
14 3476
21 3477
14 3478
359 3479
154 3480
3481 210
14 3482
154 3483
2553 594
14 3484
2 3485
1169 14
440 3486
253 21
2 1066
961 3487
14 3488
378 3489
3490 505
807 31
93 21
68 3491
1716 43
3492 3493
760 31
3494 21
1923 3495
30 1336
3496 14
3114 3497
440 1013
92 3498
2966 36
3499 14
21 43
3500 114
1155 1170
3501 36
3311 43
3502 621
518 84
3503 1675
1062 3504
2835 3505
3506 84
1737 3124
154 289
14 3507
329 3508
970 92
10 2331
3509 51
254 847
21 3510
3511 3267
3512 3513
947 1427
259 3514
3515 354
651 275
63 2403
1589 3516
1250 3517
689 176
440 210
14 3518
613 3519
3520 51
1061 3521
32 3522
3523 69
1906 1091
125 3524
3525 43
32 3526
3527 31
3528 163
3529 18
3530 169
14 1212
48 3531
1216 3532
3533 51
3534 3535
1906 3536
69 3537
1061 2505
154 3538
3539 3540
3541 3542
176 2070
3543 1684
10 989
386 3544
3545 14
4 3546
92 3547
1334 3548
2 3549
93 3550
154 1589
3551 51
14 3552
2161 3553
1089 210
3106 2754
14 3554
324 439
3555 47
3556 466
3507 339
163 2617
14 3557
14 3558
2081 271
3559 21
14 3560
3114 406
210 3561
224 2532
3114 2303
3002 210
3562 21
2 434
799 792
3563 14
14 686
48 1862
3453 14
3564 3565
440 378
55 3566
14 3567
3568 716
14 2882
14 3569
3570 3571
3572 31
14 3573
3574 1331
3575 14
3576 21
105 74
16 3577
2896 51
509 275
966 3578
3579 92
3580 31
3222 92
3581 36
3582 43
381 2117
602 3583
2 3584
267 3585
3586 3587
1243 3588
833 3589
315 51
590 3590
4 1078
310 3591
48 2613
3592 3593
221 3594
3595 226
1120 3596
14 2143
312 3597
748 3598
3599 36
3600 3601
14 2513
833 3602
3603 723
1589 806
275 3604
1396 36
3605 31
3606 51
1243 3607
369 3555
14 3608
48 31
179 3609
14 3610
48 3611
3612 267
3613 3614
21 3615
3616 51
37 92
14 3617
3618 146
3619 2
6 3620
43 1874
3621 3622
14 3623
3624 84
766 3625
947 214
3626 234
57 84
489 2531
122 3627
92 210
14 3628
1978 3629
117 766
1672 766
3630 3631
3632 2530
154 3633
14 2189
14 3634
655 3635
1547 84
36 3636
3637 14
2 3638
449 1875
3639 621
3640 818
708 210
3641 3642
456 117
861 1433
14 3643
3644 1437
3645 22
2 3646
14 3647
3648 210
3649 51
14 3650
4 3651
801 3652
14 3653
154 698
4 3654
3655 209
3656 3657
1911 2040
1155 3658
154 3659
3660 84
1396 3661
21 3662
14 3663
2505 225
14 3485
1127 3664
4 3665
2 893
14 1584
224 424
111 3666
6 3667
3668 4
10 630
3135 8
807 3669
807 2402
3637 21
65 3670
608 84
648 3671
3672 3673
1216 1290
3674 31
3301 1447
3675 3676
3677 818
1791 18
48 1581
14 3678
3679 22
14 3680
713 783
226 762
1000 3681
3682 14
3683 3684
168 3685
807 3686
3687 3688
398 3689
833 3690
48 3691
154 2841
1606 3692
2484 3693
3694 3695
947 3696
3697 1234
14 3698
1270 3699
3700 31
3701 3691
14 3702
3703 474
154 3704
74 3705
3706 31
3707 3497
3708 2
3709 31
146 3710
3711 14
14 3712
440 1671
3713 14
21 3714
168 1248
14 2761
21 3715
14 3716
288 1718
154 3717
503 3718
691 14
1020 3719
3720 3276
69 3721
3722 461
14 3723
3724 369
21 3725
829 949
3726 14
3727 14
14 3281
48 1925
3728 369
14 3729
21 3730
689 288
369 3731
149 3732
48 1170
1212 3733
459 10
294 3734
3735 14
3736 21
3737 1152
317 3738
748 3739
14 796
748 3740
3741 3742
21 3743
381 3172
14 3744
299 381
3745 31
1511 3449
16 190
1650 175
3746 84
2816 36
1466 2273
2 3747
3748 21
3749 51
312 2
3750 92
27 3751
1373 1427
21 3752
3753 51
3754 2893
1688 84
3755 31
154 845
3756 9
3757 2719
3758 189
14 2051
398 3759
48 3760
3761 36
3762 2891
3763 618
3764 785
1758 92
74 3765
3766 209
43 3767
47 3768
1769 274
3769 31
609 226
611 3770
14 3771
3772 84
338 1584
63 3773
400 3774
110 762
146 3775
3211 14
4 3776
2757 43
14 3777
48 518
2505 2451
934 3778
2081 226
3779 31
1152 1949
14 3780
1307 31
369 175
1271 818
14 3654
37 829
448 226
807 3781
63 3782
63 3783
48 3784
3785 84
8 3786
3787 959
14 3788
818 3789
3790 210
16 2467
2269 225
811 3791
3792 21
3793 2
154 1257
3794 3795
642 3796
110 2479
307 3797
63 3798
489 3799
307 1845
3800 43
236 3801
14 3802
14 3803
520 31
3804 590
21 3805
226 1581
694 838
3806 1012
2604 84
417 1718
3807 2901
2 3808
1262 3809
947 1233
404 225
3810 84
2803 43
621 3811
3812 3813
36 3814
3815 2368
894 51
251 3816
665 1335
623 3817
21 3818
74 3819
1160 3820
14 1044
1127 505
151 4
3821 1062
864 3822
146 2222
2283 947
3823 84
127 3824
2 3825
14 3826
1300 649
3534 3827
21 18
3828 1082
2 3829
3830 31
3831 99
14 3832
1052 1335
152 3833
3048 381
36 3834
1322 1991
1152 1161
3835 14
48 3836
1895 3837
595 3701
10 72
142 1243
307 2
190 3838
3839 461
793 3840
3841 32
3842 3170
3843 1477
14 3844
11 226
3430 84
14 3845
2516 3846
14 3847
3848 51
3849 22
14 3850
448 3851
3852 1334
21 3853
3854 36
14 3855
2 2178
3856 80
1829 1184
2788 3857
947 3858
590 2784
299 3859
1184 3860
3199 74
3861 51
3862 1194
694 3863
14 3864
3865 22
3866 114
2 3867
63 3868
3062 1020
2069 3869
381 3870
3871 456
14 3872
213 3873
3874 36
1056 3875
14 3876
3877 31
2516 3878
833 3879
122 798
2114 3880
2136 3881
637 31
6 3882
3883 99
43 3884
14 3885
257 3886
2 3887
3888 21
1208 2260
106 1228
3476 51
1448 3889
3890 772
3066 43
4 3891
36 3611
3892 31
1903 14
14 3893
2712 226
398 3894
651 3895
74 3896
3897 2
31 3898
3899 2289
14 3900
30 3901
14 1360
265 117
48 1022
14 3902
123 3903
21 3904
8 3905
14 3906
117 3907
3908 837
1061 3909
3910 51
670 3911
14 3912
1696 3913
14 3914
3795 8
3915 21
210 3916
2594 3917
3052 417
707 3918
14 3919
154 3920
48 3921
21 2418
14 3922
28 2576
3923 51
642 3924
3925 240
21 3926
4 754
559 32
861 3927
1022 3928
3929 36
3930 22
626 240
3931 1165
1003 84
874 648
14 3700
48 3932
2081 3933
875 766
2450 3934
154 2482
3935 2422
3936 36
243 36
880 210
14 3937
2333 3938
357 31
163 3939
8 3217
3940 391
3941 225
21 505
1422 441
122 2646
48 1592
369 37
3613 1518
6 3942
21 3943
14 3944
3945 3946
3947 1581
6 1761
869 31
324 1232
28 3948
1698 3949
92 3950
3951 3952
14 3953
3821 741
68 3954
80 84
65 3955
2295 287
3956 36
3957 3958
21 3959
3960 3961
21 3962
1020 3963
3964 21
21 3965
2041 210
3966 328
3967 391
3968 14
459 3969
6 3970
1251 3517
65 3971
74 117
21 3829
1050 3972
106 442
3973 68
4 3974
74 2559
3570 3975
398 3976
1808 544
28 3977
2004 2615
3978 3979
31 3980
63 3981
3982 257
614 367
1592 2048
3713 3983
99 3984
3985 648
595 275
14 3986
154 30
125 3987
3988 36
2 3989
3174 972
93 2343
1058 18
833 2073
408 1838
689 723
154 298
3990 3991
3992 303
864 1475
3993 14
154 3994
43 3995
3996 3997
2 475
6 3998
14 3999
1658 4000
142 106
544 4001
4002 21
14 638
807 2086
4003 36
4004 31
3174 4005
4006 21
367 175
4007 4008
21 4009
14 4010
607 84
226 145
106 4011
4012 1587
96 4013
48 4014
966 4015
37 1726
4016 1216
4017 2
3324 51
14 1292
14 4018
2161 4019
544 4020
287 4021
4022 21
63 2255
1540 4023
3763 4024
63 4025
4026 14
2 4027
4028 14
1923 1244
4029 14
540 1112
257 2337
459 4030
861 1013
2815 21
1587 4031
63 4032
478 4033
748 452
2 4034
2 4035
14 3311
6 43
14 2204
14 1071
4036 31
21 4037
611 4038
1127 71
339 84
3534 3672
14 4039
4040 14
3593 4041
3621 31
4 4042
14 1388
2699 92
723 43
837 4043
4044 4
21 1531
14 92
509 31
2289 1591
947 545
36 1963
4045 21
2630 84
2589 10
4046 1589
4047 872
269 441
4048 32
14 4049
21 4050
226 358
611 4051
4052 164
14 4053
4054 21
947 4055
381 4056
4057 1659
4058 2
69 4059
21 4060
4054 31
2340 72
63 222
1155 4061
6 226
1243 4062
14 4063
154 3419
4064 665
811 14
748 4065
4066 267
2110 8
4 2300
4067 4068
6 4069
2330 51
398 4070
623 3782
4071 1062
2034 31
611 763
4072 1429
14 4073
4074 6
4075 36
14 4076
1194 4062
14 1149
21 4077
3964 2
961 3423
48 598
14 2826
294 31
14 4078
106 1966
398 4079
503 4080
106 3846
3559 4081
14 4082
152 51
21 4083
833 4084
4 4085
4086 14
149 4087
2 4088
4089 4090
2628 92
63 4091
1991 385
820 4092
154 4093
3534 4094
226 1958
1981 4095
175 690
63 2216
104 2487
16 4096
1298 4097
324 210
606 4098
4099 2
1511 2055
4100 84
154 4101
4102 92
4 2343
4103 146
14 4104
4105 827
14 4106
287 2
3192 4107
4108 4109
14 769
16 4110
18 4111
4112 69
274 3341
1876 31
154 1012
481 4113
48 3851
2 4114
2140 168
2358 36
1437 31
3009 4115
485 4116
110 385
1675 51
63 1696
4117 329
1808 4118
1224 3227
4119 69
2079 4120
36 4121
4122 983
4123 51
1763 210
4124 2
21 3986
367 1230
4125 293
154 920
713 4126
22 1874
21 4127
3920 1595
4128 36
4129 14
4130 3129
16 4131
4132 68
1737 4133
1090 4134
4135 1864
14 4136
267 4137
154 4138
2 4139
1416 1848
4140 31
689 51
413 868
14 3587
2 4141
4142 694
329 4143
3496 257
765 2546
1020 4144
2 4145
146 4146
30 4147
4148 36
43 4149
4150 84
106 2511
1197 4151
670 1059
943 4152
2979 4153
4154 632
4155 51
4094 716
872 873
2 4156
48 298
2167 21
30 4157
125 4158
4159 159
3579 4160
2564 4161
476 4162
14 4163
947 2719
21 4164
621 4165
4166 36
1404 4167
21 36
4168 234
14 4169
4 4170
3208 4171
21 4172
299 4173
4174 210
14 2790
14 2588
2984 4175
4176 84
1746 187
2508 21
857 4177
4178 720
369 4179
175 84
3329 4180
358 1013
14 4181
4182 21
408 748
4183 31
30 4184
37 1075
400 4185
14 4186
4187 84
2 150
104 1090
178 31
14 4188
14 4189
1090 36
4190 14
1485 461
14 346
861 2058
4191 210
4192 84
2 1411
48 1280
3664 4193
4194 690
8 2510
1477 4195
63 4196
4197 2
117 240
4198 47
1628 106
49 2
4199 1234
2919 4200
1057 51
176 117
21 4201
629 689
312 4202
48 4203
14 736
2986 210
24 47
4204 51
969 716
4205 14
4206 92
1511 4207
154 187
4208 27
2 4209
324 683
14 4210
2505 8
4211 43
48 4212
1550 47
1127 4213
14 4214
4006 14
4215 1276
154 1307
4216 4217
4218 36
959 2326
1551 4219
226 1713
154 76
4220 1900
4221 4222
2 4223
404 461
1241 4224
154 265
14 4148
966 4225
21 1238
6 298
121 2583
14 2161
2081 1416
4226 285
788 6
595 3227
4227 74
503 2876
14 4228
4229 31
489 8
4230 4231
1276 464
154 847
4232 14
4233 14
4234 562
478 1347
917 2816
4235 175
4236 14
4237 31
367 4238
4239 31
324 4240
2245 657
307 14
4241 391
3106 760
69 4242
3027 213
2 4243
4244 694
4194 175
4245 14
14 4246
2 2705
4247 621
369 3079
30 4248
1034 4249
3442 503
4157 31
294 84
2 4250
179 4251
3559 4252
14 1276
2 1946
69 4253
21 84
4254 43
4255 4256
106 3694
367 64
4257 36
154 4258
440 611
4259 294
4260 14
122 189
14 4261
4262 2
4263 14
2 4264
175 18
324 63
4265 4266
478 4267
2 4268
78 4269
21 4270
32 4271
21 4272
2206 827
4273 1864
154 4274
121 4275
2 4276
8 4277
14 4278
48 4279
1061 4280
4281 8
14 4282
2 4283
154 4284
4285 2259
2264 14
4286 627
3736 30
14 4287
4288 51
21 4289
84 4290
544 4291
4292 847
299 1925
4 4293
4294 14
4 1111
4295 21
607 210
503 3168
4296 884
239 14
21 4297
4298 283
4299 43
14 4300
2516 4301
947 4302
3600 398
14 4303
4304 21
4305 2238
4306 2
48 1993
48 2770
154 4307
4308 818
259 4309
175 104
4310 4311
4312 4313
595 1906
190 3977
351 8
4314 43
4315 14
48 2289
3720 4316
14 4317
402 4318
14 2437
1661 4319
480 4320
1243 4321
1253 4322
966 2096
4323 149
4324 47
2811 1094
154 4325
3140 3342
21 4326
4303 92
4327 952
3052 870
21 3513
4328 164
213 4329
14 1213
4330 1016
1082 3552
37 1548
181 146
367 4331
307 299
6 110
367 4332
947 2922
2866 4333
4334 811
21 4335
16 4336
146 999
4337 31
4338 267
312 3485
14 4339
595 1581
1888 92
4340 210
441 4341
48 689
48 4342
122 4343
1929 84
4344 30
642 4345
2984 4346
4273 4347
540 4348
404 1191
807 4349
4350 790
48 4351
748 1060
4352 159
84 4353
4354 2222
28 4355
2638 2
4356 2281
4357 51
154 4358
154 1034
4359 4360
14 18
4361 4362
14 4363
400 4364
4365 4366
478 4367
104 2723
154 4368
14 4369
4370 8
807 210
14 4371
4372 1268
257 31
4373 339
21 4374
6 21
3062 4375
114 4376
2 4377
4308 32
215 4378
1197 827
21 4379
92 4380
1973 210
14 4381
4382 1205
398 4383
367 4384
724 175
4385 2422
48 3227
4386 257
1886 10
154 4387
175 2109
4388 461
48 1623
367 51
4108 4389
48 711
28 4390
267 4391
4392 827
8 4393
4394 21
48 1917
154 4395
154 4396
626 175
1427 4397
877 4398
4399 14
310 1296
4090 1427
36 2109
213 947
4400 31
28 4401
154 4402
4403 307
14 4404
14 4405
4406 299
4407 723
648 4408
31 4409
2 4410
1793 146
154 2059
4067 4411
14 4412
544 190
10 2966
4413 14
175 4414
149 4415
4416 43
4417 705
2216 226
3412 1758
607 92
4418 4419
798 189
1589 31
2051 4420
14 3351
30 3052
30 494
1853 4421
63 4422
106 1741
4423 4424
4248 31
21 4425
225 391
224 381
2002 51
92 1380
14 4426
4427 1878
367 48
287 4428
4429 793
3593 4156
3279 2546
2648 1016
466 1809
14 4430
748 4431
1626 51
168 4432
1661 1012
4433 14
14 4434
4435 51
489 4436
49 36
440 4281
611 4437
748 4438
2370 4439
179 4440
4441 534
386 4442
21 4443
294 4444
531 967
4359 1966
4445 36
2 2251
1978 4446
1089 3837
807 1825
2 4447
14 4448
546 549
3901 22
152 84
888 4449
440 553
110 611
4450 931
21 3396
4361 1709
69 1333
4451 459
842 2334
1658 210
1492 1651
1919 4452
818 4453
466 4118
14 4454
503 1185
10 4455
325 4456
283 4457
4458 36
1705 14
4459 31
4460 51
4461 4462
2727 1194
63 4463
14 4464
14 4465
4466 4467
4071 234
2952 4468
1923 4469
1396 4470
14 3725
3338 4471
3143 22
2136 4472
748 4473
48 4474
4475 63
21 4476
4477 705
1416 4478
14 149
369 4479
766 419
470 959
149 2618
4480 36
4481 21
6 959
48 3306
43 240
402 4482
69 117
122 1845
28 4483
1412 1511
14 4484
398 4485
14 4486
74 4487
4488 31
31 4489
1608 210
14 4490
21 4491
4492 92
3690 4240
286 4493
14 4494
1350 4495
4496 2318
4497 267
689 36
4498 43
14 2558
4499 4500
927 210
4501 31
21 4502
267 4503
4504 31
4505 4059
4506 84
1243 4507
154 1651
4508 14
63 4509
63 156
4510 4369
4511 31
30 2
4512 4
30 4513
4514 505
1155 4515
14 4516
14 4517
4518 4519
4520 818
307 6
409 117
3173 505
2 1778
3170 4521
31 4522
14 4523
642 4524
3574 4525
4526 21
1020 865
3174 21
2740 440
2723 4527
975 31
1650 4528
459 642
4529 723
2564 36
2739 51
3731 36
96 36
4530 1427
4531 210
3184 4150
4532 267
1955 31
3777 4533
2 4534
14 799
466 4535
4421 4536
4537 51
4538 14
6 4539
903 4540
21 4541
1416 43
807 4542
213 4543
4544 1558
1568 1498
4545 43
10 1312
4546 210
3235 2
4359 4547
22 4548
4549 22
748 4550
4551 213
4552 69
947 4553
2 3219
4554 2505
470 2814
1978 4555
14 4556
4 4557
6 4558
3486 4559
154 2039
4560 51
378 1320
146 3588
14 393
922 4561
1758 99
4562 14
69 4563
14 4564
4565 84
1429 4566
1650 4567
2294 210
459 275
1082 1460
14 1481
1919 4568
4569 4570
2 4571
63 2795
1919 21
14 4572
55 4573
4574 1427
4575 4576
590 4577
225 22
636 22
4578 51
6 4579
92 4580
79 972
4581 4582
4583 1437
793 4359
4584 4585
2 2767
48 417
125 4586
1919 4090
720 4587
1127 4588
4589 31
1661 137
1040 48
4590 872
4591 3821
4274 4592
339 4593
4594 189
55 4595
2 4596
3470 68
339 3867
398 4597
168 4598
4599 2339
4600 14
14 4601
4602 21
2001 21
125 1973
4603 933
190 4604
4605 2217
551 4606
21 4607
146 662
4608 4609
21 4610
544 21
55 4611
4612 36
4613 31
307 3274
1013 4614
21 4615
2992 84
1923 4616
4617 51
1276 2247
459 8
4421 4618
4194 37
2 4619
4620 14
324 961
4621 748
3131 201
4 4622
1133 225
14 1403
87 4468
367 84
6 4623
21 4624
4502 51
21 4625
106 3860
1046 1556
357 4626
226 32
4627 459
48 811
265 1986
2 4628
1366 36
4629 51
4569 4630
934 4631
154 4632
3486 210
4633 2126
2866 4634
4635 92
4636 4637
2866 117
818 3526
14 3886
4638 159
21 4639
48 302
2 4640
146 4641
609 8
4642 36
69 1885
1750 69
4643 4518
381 4238
152 4644
14 4231
163 4645
54 36
294 4646
21 2424
4647 4648
4 4649
1435 14
106 4650
14 4651
2 4652
4653 2026
141 31
117 4654
766 484
4655 14
459 4656
6 4657
4658 505
4659 516
28 2957
1061 385
21 4660
4281 623
21 4661
655 1883
1701 4662
14 814
1630 4663
4664 1272
2 4665
3813 4666
3176 391
4667 1828
4668 4669
53 3917
14 296
2505 275
4670 122
21 4303
4671 22
14 4672
2515 43
14 734
4673 55
4674 4675
4676 345
4515 505
4 4677
4005 4678
720 122
10 4679
459 225
4680 31
1427 4681
117 4682
2419 285
1329 210
4683 51
811 4684
2043 92
4685 3850
4212 4686
961 978
687 14
4687 4517
48 192
69 4688
257 4689
36 4690
4215 597
1817 4691
1499 766
4692 31
4028 21
2243 31
4693 31
21 2636
14 4694
21 4695
531 4696
4697 21
1548 84
293 4111
168 4698
642 4699
149 608
4700 14
93 43
1174 4701
14 4702
324 4703
21 4704
3372 4705
3185 4706
48 4707
4605 295
331 14
367 3998
10 4708
93 417
1089 459
2 615
400 4709
149 4710
4711 611
2 4712
4713 1964
381 4714
611 225
14 4715
14 4716
1461 36
4717 43
563 947
4718 47
4719 4720
2136 4721
277 681
4086 4722
4723 36
3196 4724
154 4725
1040 4726
4727 1919
339 572
4728 22
4729 531
110 4730
4731 51
1089 4732
4733 8
299 1970
4734 4735
3964 31
110 4736
1089 1553
2530 4737
4738 31
4739 4740
3750 51
48 2249
154 947
4741 3076
2081 37
28 2476
4742 327
4743 21
4744 2
689 4745
68 4746
4747 4641
14 4748
4749 21
2959 2536
287 3207
16 4750
106 2490
16 14
4751 31
63 4471
778 275
324 844
2 4752
14 4753
2153 1644
179 4754
21 4755
4375 31
3167 68
466 6
4074 36
4756 43
595 4757
4758 1893
4759 30
4760 3405
2 4761
4762 14
455 175
2696 68
4763 339
2501 99
4764 53
4765 4766
1935 51
4767 4768
760 2529
69 175
154 4769
2 3653
544 2844
14 4770
1978 3938
4771 257
367 4772
14 4773
4 4774
226 2621
6 2259
1587 4241
21 4775
961 4776
14 4777
154 4778
4779 2
63 2731
28 4780
1155 4781
1567 14
1216 4782
4783 21
4784 19
2 4785
14 4786
3089 4787
14 4788
294 3939
1589 4789
4575 4790
947 2795
4791 327
4792 14
931 4793
793 913
4744 14
1243 1612
1511 4794
1230 36
367 4795
4796 51
1585 731
402 4797
2 4798
4799 357
71 4800
1351 4801
4802 43
14 4649
4766 4376
1224 4803
154 4804
339 4805
190 4806
748 2564
1094 22
4807 4808
48 240
106 4809
2740 766
4810 14
78 4811
274 4812
1155 226
4813 4814
55 3216
4815 1658
14 4816
339 4817
4818 4819
21 4820
2939 8
4821 479
339 4822
4823 4824
21 4825
4261 43
4826 159
3193 4827
4240 4828
154 257
122 1335
122 689
4829 36
329 3718
4830 765
324 2723
30 4831
21 1723
2156 63
1698 4832
369 84
14 4833
16 4834
16 4835
2 4836
21 4837
398 4838
2621 4839
540 2649
3247 2
1698 4840
3027 4841
4842 293
14 4500
748 4062
4843 1919
63 4844
21 2442
821 4845
459 1991
4846 31
4847 4848
3002 240
4849 72
134 4850
14 4851
14 4852
4853 31
48 1224
4854 381
1817 4855
55 4856
117 43
4857 891
4858 84
4859 51
1728 3625
71 4860
21 1067
154 1697
822 4861
4862 474
4863 43
2 152
404 210
21 4864
16 4865
1429 216
947 4866
4867 31
3198 4868
14 4869
4870 14
4871 69
4872 2
994 4873
272 4874
164 4875
398 4876
629 175
4877 14
10 4224
131 3613
4878 146
689 947
63 3722
267 4879
14 4880
8 3789
4246 84
4881 234
110 4882
4883 14
287 605
2 4884
2229 4885
2599 4736
4886 1393
28 359
298 4887
154 1055
4888 4889
1224 1289
260 4890
31 4891
21 4892
4893 2
388 2038
4 1256
8 2441
4 4894
21 4895
4896 226
820 1139
4897 117
1594 783
3115 2303
3570 225
2223 36
110 4898
21 4899
2841 690
1547 1034
110 2505
4900 21
1808 4901
4902 84
4903 2
2860 210
544 461
1558 4904
226 665
21 2795
106 4905
4906 14
4907 2
213 4908
2275 457
748 3044
2372 2826
4909 1315
4910 36
4911 14
1956 505
4912 818
3359 642
4913 4
4914 1152
4915 1152
220 4515
1522 4916
31 4917
21 4918
1807 14
1658 225
21 339
2849 31
675 4919
2 4920
21 4921
690 2171
4922 4923
48 4924
14 312
1342 3244
14 2772
1650 186
2 4925
48 336
680 4926
1193 4927
3297 4928
4929 31
127 4930
1817 4931
4932 2905
748 1539
92 4933
4934 4815
398 4935
2289 31
1302 51
440 1658
1811 36
14 545
4936 43
2 1147
24 4365
4937 4565
680 4938
4939 2803
4940 621
324 4941
4942 827
14 544
176 84
4943 972
4944 31
3222 43
14 384
16 877
21 4945
4 4946
74 4947
877 4948
594 345
14 4949
2413 84
226 4950
4951 21
2723 4952
778 210
4285 210
595 1492
4953 1337
898 210
1808 175
4954 4224
4955 32
4956 293
4957 43
2707 31
4958 4959
4960 21
448 4961
251 4962
4963 51
2 4964
14 4965
110 4966
239 4967
335 31
4968 14
459 4969
21 4970
1486 4511
2723 222
14 1651
154 74
14 1482
69 4971
93 175
4897 14
14 4972
30 3477
106 4973
21 4974
793 31
21 4975
3052 381
4 4976
803 505
961 275
4977 4
4978 92
14 4979
3930 164
4980 31
4 4981
748 4982
1276 4983
593 827
2615 51
1046 10
1429 3927
176 4984
4985 441
14 4986
154 1082
14 537
93 4652
47 4432
595 4987
4988 1087
3007 10
595 879
48 2446
2 4989
21 4990
1416 4991
4992 51
505 1326
595 4993
1232 210
553 210
486 51
28 4994
4995 22
4996 84
2338 876
917 47
1526 275
154 4997
4998 51
4999 69
209 1303
2 289
961 1098
1351 509
1833 21
2873 461
14 5000
1429 5001
48 4582
1643 36
625 31
21 5002
4297 31
243 43
3784 210
5003 36
5004 240
74 5005
226 2158
310 5006
92 5007
226 1241
154 5008
14 5009
367 5010
63 5011
5012 168
5013 461
5014 84
48 225
125 110
21 5015
5016 5017
2294 2697
30 5018
168 1987
5019 121
5020 329
154 1013
714 2
21 5021
213 5022
5023 5024
324 258
5025 99
5026 51
5027 1696
251 5028
5029 36
707 540
225 5030
74 4055
448 5031
14 1307
994 4272
48 299
149 5032
5033 236
1808 43
5034 51
875 5035
1396 638
1416 1760
14 5036
4384 43
3501 293
5037 51
5038 5039
104 5013
5040 516
1020 5041
63 104
106 430
5042 5043
861 5044
5045 4
386 5046
14 72
3556 1194
5047 14
154 53
953 72
2069 275
3539 31
5048 1456
602 5049
3064 8
4292 518
3410 51
1214 5050
534 5051
63 2073
5052 4
400 5053
680 5054
1184 3168
21 5055
5056 43
607 847
154 5037
5057 4582
16 5058
14 5059
36 2921
125 459
565 14
30 5060
4 5061
110 18
611 5062
381 2171
803 5063
5064 818
21 5065
63 5066
5067 43
14 5068
14 5069
1548 5070
14 5071
2045 3504
14 5072
16 5073
1863 36
48 861
3734 99
5074 36
5075 55
154 5076
213 5077
470 5078
236 5079
3025 5080
125 5081
3412 5082
6 5083
14 5084
5085 30
959 84
5086 14
312 5087
14 1409
5088 4226
5089 4
1808 2735
104 1153
21 170
5090 21
1681 4296
5091 345
5092 4693
3003 43
154 36
74 5093
611 5094
324 224
642 5095
459 5096
5097 36
1608 226
2060 22
63 1849
1845 544
5098 51
459 5099
994 5100
5101 275
857 5102
28 5103
5104 14
4069 5105
2 5106
2 1837
5107 21
5108 821
793 2502
16 5109
5110 391
287 3823
48 424
110 1709
1384 84
104 5111
5112 92
5113 312
324 1993
1152 5114
1695 5115
48 325
2 5116
14 5117
689 285
5118 2394
226 5119
21 5120
818 5121
14 2569
1159 1059
351 275
72 600
3645 2516
4 4425
225 5122
655 117
5123 1212
5124 31
5125 51
2 5126
544 5127
5128 1862
3055 8
413 5088
922 5129
4 5130
2217 4818
28 689
3645 5131
1485 1908
5132 3945
4 5133
122 922
125 5134
2312 4052
1989 210
1174 5135
1624 4873
5136 14
5137 92
154 3390
225 3149
324 598
5138 1860
14 5139
2315 5140
146 298
181 5141
48 1230
1706 210
74 5142
1155 595
5143 3850
5144 149
2 5145
2751 110
5146 51
398 5147
1496 5148
48 2081
5149 684
1671 3005
14 1080
48 92
191 6
2484 226
448 5150
1197 5151
4008 47
665 5152
5153 766
5154 2866
267 3327
327 5155
5156 14
551 5157
1400 1094
558 818
730 5158
5159 31
2 5160
4734 2730
48 1502
5161 92
14 5162
5163 5164
440 449
14 5165
267 5166
5167 31
417 54
5168 31
28 5169
2673 847
5170 425
2 5171
5172 51
48 887
5173 159
48 2
1020 5174
21 2854
5175 65
14 5176
117 5177
3362 862
3754 99
28 5079
5178 2120
294 425
4263 2
2895 5179
71 5180
1216 5181
21 914
5182 5183
2782 5184
5185 14
28 5186
648 5187
466 293
5188 4713
5189 293
1443 14
5190 2762
287 210
540 5191
3556 1214
5192 2
310 31
14 4580
4069 225
1034 5193
5194 2229
257 5195
63 5196
449 6
5197 159
30 5198
5199 1396
5200 5201
48 4803
3362 27
3185 5202
844 823
5203 84
3608 4499
31 5204
5205 31
14 5206
5207 16
5208 785
154 2810
63 5209
2419 43
456 5210
2158 43
4194 117
748 3103
154 791
1122 345
4 5211
4365 51
63 4839
31 5212
14 5213
3064 22
48 651
2 5214
125 3362
1114 5215
5216 1059
87 5217
5218 263
4745 36
720 47
1391 5219
31 4272
1808 5220
5221 2171
398 2272
122 2878
1661 4407
14 5222
5223 22
54 74
5224 2055
329 5225
655 4056
329 5226
779 2921
123 5227
922 2192
21 226
122 5228
5229 36
2 5230
534 2726
5231 407
590 4349
5232 53
48 5233
917 5234
92 3505
3051 5235
5236 84
4584 2363
14 190
378 5237
696 169
534 5238
31 5239
524 5240
4600 5241
1661 381
154 565
4940 267
4743 5242
5243 1511
5244 5245
225 5246
783 5247
872 3674
63 898
21 3560
154 5248
226 1098
110 461
154 4183
5249 3185
14 303
1615 22
5250 210
175 293
4244 5251
16 5252
21 5253
694 2132
466 5254
4280 234
5255 14
154 4775
5256 5257
5258 5259
14 5260
2683 299
1471 1675
21 5261
21 5262
811 74
30 4460
8 747
104 5263
5264 210
1216 31
765 1253
2500 988
5265 84
154 6
16 5266
2 5267
2338 4153
149 5268
21 5269
2 5270
509 5271
2175 1659
6 5272
14 5273
146 2367
413 5274
5275 345
48 5276
5277 51
69 1182
5278 51
811 5279
5280 22
4 2196
6 5281
5282 36
48 6
5283 14
5284 2826
5285 5286
14 4660
5287 51
14 5288
379 51
3575 22
3574 92
261 5289
3150 5290
30 4949
1061 5291
1216 5292
724 2
5293 1354
5294 2
815 1553
1087 1543
5295 22
5296 2
5297 51
48 295
5298 642
16 36
1191 5299
367 1256
215 5300
5301 1952
5302 760
1763 5303
4594 5304
2114 5305
3812 3539
5306 503
400 2155
63 3227
5307 14
2 4434
5308 22
5309 435
4067 5310
1919 5311
888 48
5312 159
175 5313
994 4479
528 106
3765 827
861 5314
254 1791
4408 43
14 5315
5316 43
2338 1988
28 5317
125 5318
6 5319
14 5320
154 2334
21 5321
2 3518
1698 5322
220 210
5323 240
5324 293
5325 51
154 5326
110 1526
5327 51
1656 765
5328 3310
14 2361
5329 14
22 5330
680 226
226 5331
2 3995
5332 461
261 3008
14 4088
48 2483
2309 84
5333 31
14 1166
5334 766
5335 1241
21 4154
5336 51
459 783
2 5337
74 18
48 5281
4424 1964
1300 22
154 5338
2946 275
2634 51
5339 55
2 5340
5341 391
5342 4485
1020 820
2866 5343
5344 2840
642 5345
28 5346
5347 5348
63 5349
5350 339
500 5351
5352 31
110 1585
14 4589
459 5353
5354 31
104 461
3368 5355
3282 51
14 5356
1214 5357
5358 621
689 1709
122 705
1801 4107
3229 4
14 5359
154 5360
14 5361
5362 4107
5363 51
14 5364
5365 354
5366 1474
5367 22
176 226
5368 31
14 5369
5370 1016
14 5371
14 5372
807 1086
544 853
16 4709
4518 31
840 14
5373 5374
3058 31
30 1578
3615 5375
1087 5376
402 5377
689 110
213 5378
1983 4734
14 5379
74 84
5380 31
789 4361
608 5381
5382 24
5383 63
21 5384
48 1234
4774 36
154 5385
5386 31
21 5387
8 4666
5388 827
5389 21
524 5390
104 3102
14 5391
3062 21
2 2125
1194 2762
5392 3018
5393 287
5394 621
505 992
16 5395
106 2030
117 22
21 185
1020 821
1051 3852
16 5396
5397 51
339 5212
154 5398
154 1682
106 5399
154 5400
4186 36
48 293
5401 5402
5403 5206
36 5404
961 1205
4762 2692
590 4383
5405 267
524 18
3931 5406
146 5407
14 5408
5409 84
1243 4641
28 5410
861 5411
16 5412
5413 461
3686 5414
5415 5416
14 5417
811 2366
21 3432
14 3846
5418 3471
5419 201
2 5420
861 5421
9 3017
21 2399
106 5422
213 1378
5423 21
48 3895
772 5424
92 1894
2 1929
5425 4140
531 5426
4447 31
4733 210
16 5427
4808 31
5428 210
2975 31
48 5429
14 77
6 5430
5431 785
5432 2
28 117
8 5433
2370 5434
16 5435
307 117
595 5436
629 10
10 5437
71 459
5438 32
5439 31
110 2971
142 5440
413 14
218 5441
5442 857
5443 1930
213 5444
2 3818
14 5445
5446 210
5447 1050
2451 226
5448 32
1913 1026
5449 367
5450 210
5451 4926
398 5452
63 5453
5454 4565
14 5455
5456 43
2628 5424
4233 22
648 84
324 5457
5458 21
5459 84
14 5460
4 5461
21 5462
14 4528
1416 329
1354 51
3302 21
2516 5463
875 5464
4686 5465
1808 318
14 4946
14 5466
1227 164
2 2925
87 18
14 5467
5468 648
2 31
5469 11
5237 477
4617 14
339 2065
5470 5471
4429 164
5472 5473
2653 590
4331 43
14 5474
307 955
5475 51
505 5031
3574 5476
48 1075
14 5477
852 51
4736 210
689 1963
2 5478
2009 21
14 2757
1991 225
503 1454
5479 31
5480 3884
1584 5481
503 4143
2294 5482
1215 210
14 5483
590 5484
3341 32
5485 5486
5487 339
478 507
14 5488
287 4141
1197 4669
146 5489
1496 5490
5491 22
1263 5492
14 84
3945 21
48 5493
257 122
154 4974
1050 5494
3055 5495
154 3959
4203 275
3760 225
5496 1094
2 5497
14 1215
106 5498
5499 84
324 3648
5500 36
312 36
761 210
5501 51
997 5502
14 5503
55 5504
595 21
724 210
5505 31
4148 5506
5507 84
5508 84
14 2665
1588 503
5509 267
5510 2249
16 5511
1354 22
5512 51
5513 1946
1112 3573
2320 22
5514 1094
1822 31
456 31
5515 84
1216 5516
31 1874
5517 6
588 5518
5519 14
5520 5521
5522 5523
2940 210
5524 21
440 1581
1035 210
10 5525
4279 31
1020 5526
618 391
3737 106
1098 36
2081 175
5527 43
5528 2723
1155 210
2919 5529
53 952
1768 99
226 2331
14 5530
2638 5531
6 394
48 2926
2937 785
5532 2
307 48
14 146
5533 22
154 43
106 156
63 4627
3512 5534
1327 1900
5535 36
4172 31
21 3256
997 5536
106 1447
1698 5537
872 5538
287 5539
14 4223
5540 3754
106 1709
154 5541
122 5542
267 159
16 6
5543 31
2001 5544
48 5545
1955 84
2255 5546
2 5547
293 36
14 5548
5101 1312
6 5549
2 5550
793 5551
5552 14
2866 5553
5150 4070
788 31
287 5554
2 84
5555 14
1089 2461
2530 5556
14 1644
404 5233
1234 5557
5558 1184
92 5559
4300 3364
5560 5561
565 5336
5562 4
1388 5563
551 1701
2 972
14 5564
872 5565
2940 226
5566 16
5567 1474
5568 14
5569 2881
766 5429
642 5570
63 708
400 5571
5572 31
14 5573
1507 3821
1661 960
154 1364
2470 5574
2946 63
48 2294
2 5575
5576 6
10 1862
5577 210
2866 895
78 4599
1494 2289
595 5578
216 5579
4194 5315
310 4131
154 5580
424 226
2866 5581
123 2
110 5582
5583 1696
8 5584
5585 5586
629 43
1542 36
459 5587
648 5588
4421 4650
8 3194
216 5589
2 4193
2114 5590
14 5591
163 5592
689 2470
338 456
1923 2597
723 5593
41 2317
28 5073
1089 5594
922 483
14 3387
3876 4696
92 5595
21 1300
89 5596
63 4281
5138 36
168 5597
648 5598
21 4613
14 5599
154 3002
5600 4681
1752 31
1351 210
5601 3521
5602 21
611 3622
53 5603
28 5412
30 4246
14 5604
287 5605
267 5606
69 5607
1094 4671
14 5608
861 5609
4 5610
595 5611
5612 5613
1313 14
503 5614
3792 5615
4968 22
491 31
2 1483
5616 36
8 5617
287 1856
154 5618
5619 6
1838 3156
106 5620
5621 1437
4944 21
1075 5622
2 5623
14 2921
1241 3979
5624 785
14 1589
724 381
14 1202
5625 5626
2 5627
14 5628
487 762
807 5629
844 5630
1152 5631
14 3032
21 329
642 5632
4424 31
48 2729
339 5633
844 5634
5635 1614
458 5636
175 5637
1020 856
48 1556
14 5638
14 3195
14 4755
5639 22
294 5640
110 1086
5325 1817
369 5641
2338 5642
1548 723
30 4223
5643 4055
5644 164
440 1155
692 5645
267 5646
2591 5647
22 5648
2114 1388
303 51
324 2716
5649 5650
14 5651
213 5652
2331 36
2041 275
14 5653
1581 5654
1082 5655
440 227
14 4184
16 5656
14 4134
5657 234
5658 51
5659 14
2152 51
2 5660
775 4740
3803 723
16 5661
717 5662
14 5663
5664 4565
3595 71
154 5665
689 1033
14 5666
152 5667
5668 1919
175 5669
503 5670
1678 2505
2803 14
5564 84
63 227
1429 5671
3297 5672
4427 14
5057 5673
27 3954
4194 5674
2983 31
5675 2955
21 5676
4307 31
132 5677
154 5678
106 5679
104 2749
14 189
5680 2
2548 5681
14 5682
1120 5683
5684 2266
1127 5685
5686 51
63 2504
2826 1372
1127 5687
2969 18
5688 31
381 5689
723 5690
14 5691
4847 5520
5692 4361
1978 5693
299 5694
287 1648
265 22
5695 5696
5647 68
381 5697
1763 2721
5698 36
2 5699
3534 1174
122 1515
378 1224
48 783
5700 623
36 5701
5702 1818
1155 10
1061 3114
16 5703
2326 5704
861 5705
2 5706
3690 2587
5707 2
312 1308
48 224
807 5708
16 5709
2 5710
5711 21
807 5712
2432 5713
14 5714
5715 821
459 665
748 117
719 36
14 3808
1762 3961
225 5716
357 5717
154 5718
1914 5719
864 4536
142 1194
4327 5720
1155 5721
2835 4380
4372 4769
1845 14
5722 140
957 2589
5723 14
5447 5724
5725 159
5726 51
24 51
1815 959
5552 4
1820 3586
1127 31
2245 4339
5727 1830
154 4556
2994 2719
110 8
5728 877
6 5729
287 5730
14 5731
435 5732
5733 283
5734 5735
5014 31
1107 5736
5737 31
125 5738
611 4531
5739 785
5740 84
818 5741
63 5271
590 5742
651 2621
21 96
5743 5744
2329 339
4338 159
3534 5099
959 5745
466 5746
43 51
1698 5747
5748 3497
14 5749
5750 303
5751 2866
21 129
21 118
629 4441
1568 14
14 1662
1391 5752
1082 1938
14 2741
21 5714
595 983
190 2127
14 5753
251 3105
106 5754
2103 14
2 5755
48 5332
5756 303
105 972
154 1550
5757 512
5758 516
14 5759
16 2
4108 3146
4211 51
1197 6
5760 2004
110 74
21 5761
5762 51
3375 240
5763 22
4833 189
398 210
2 129
3760 275
168 4518
2846 14
785 5764
4 5765
4 2900
21 5766
1919 5767
1020 1532
2435 1152
1535 31
5768 113
295 4818
440 110
74 1187
5769 2749
5770 477
14 2301
1315 5771
1429 2839
154 1540
5772 2544
110 1607
32 897
5773 2394
6 1059
5774 36
14 5775
324 3932
5776 2717
168 1036
595 51
5777 43
5763 2
339 5778
4819 5779
5527 4359
5780 307
154 5290
5781 51
27 5782
122 49
299 4391
5783 51
5784 240
1923 5785
505 764
105 5786
21 5787
30 5788
2 5492
5789 5790
3726 21
2 5791
947 5792
142 5793
48 5794
367 1234
123 51
324 5795
5796 329
3920 51
5797 84
14 5798
5799 1919
5800 51
287 1284
5801 861
3152 189
106 4376
251 3209
1661 3075
14 1914
5802 5803
961 5804
2341 1250
5805 10
5540 164
5806 36
416 5807
2015 43
92 5808
4646 1864
642 5809
5810 3519
3574 5811
1895 225
69 2851
297 307
154 1963
5812 10
3656 1978
5813 51
43 3715
5814 5815
748 5816
997 5817
1661 5818
595 225
339 5819
5820 3593
28 5821
398 2323
2882 92
14 5822
1589 1068
5823 14
14 4139
2 115
5824 4565
5825 31
1198 5826
5827 43
5828 5829
711 209
5830 14
711 8
3072 210
1517 92
3890 5831
689 544
21 769
2 5832
5833 14
1022 5834
1515 51
5835 36
1658 275
5836 21
48 3362
173 8
14 5837
2 3505
272 5838
14 5839
895 106
512 5840
2 5841
5842 818
2 5269
28 5843
2602 5844
276 31
556 505
3756 5845
5846 486
21 5847
5848 3683
146 3201
14 2671
110 5849
21 5850
299 5851
69 5852
1396 84
6 2859
4 5161
154 2
5853 657
5854 5855
875 5153
811 31
381 5856
5857 345
5067 117
181 5858
5859 164
2624 1198
503 5860
14 5861
299 5606
2 5862
28 1714
5863 99
5864 1262
5865 43
5866 1437
21 289
1235 1059
5867 22
1227 200
5868 3832
5869 21
1354 31
78 5870
104 5871
1445 1425
755 3221
4815 1491
807 733
404 5872
339 364
1176 5873
14 5874
1608 122
689 210
5875 31
220 5876
16 5877
5878 110
14 5879
1923 5880
1020 5881
274 6
154 5882
1738 43
28 5877
3555 5883
48 404
5884 2
21 5885
48 2109
14 1709
8 5886
5887 1258
2 5888
1191 5889
48 5890
5891 31
5892 21
5893 14
1584 5894
5361 84
21 24
874 84
2069 8
1155 4023
6 5588
154 2704
5497 51
2 3506
381 36
8 4703
154 5766
14 5895
5896 84
21 5391
611 1857
1487 43
1447 31
5897 1869
5605 31
154 4139
5898 5899
87 5900
440 2713
48 22
21 5901
943 5902
3152 47
1089 1005
440 1989
5018 51
21 5903
3609 31
2041 110
861 511
154 5904
595 5905
369 5906
408 146
16 5907
5908 5909
36 5910
6 5911
48 2066
5912 595
125 5913
748 5914
14 5915
16 5916
5917 84
1419 5918
2484 8
1419 2037
48 5619
369 5919
21 5920
2 5921
3033 4230
5922 51
1013 5923
707 564
8 2986
134 5924
84 5925
2866 5926
513 293
14 1484
69 5927
48 54
5928 84
755 5929
880 63
106 4757
5930 84
21 1517
3242 152
642 5931
5932 14
1477 5933
4 5934
106 21
106 5935
684 5936
4038 5937
2138 5938
459 2259
106 4005
5939 1082
595 1933
1250 1281
3856 4
5940 14
14 5941
2638 858
14 3429
1068 51
3019 2
5942 210
2973 51
1952 5943
5944 32
1472 210
1539 31
1081 1270
4958 5945
448 5946
748 5835
5947 3659
1467 31
489 4839
5948 68
505 84
3005 5150
3064 210
5949 21
5950 14
544 3836
381 1967
2451 210
5951 247
5952 84
2 1876
707 1511
21 3231
4697 648
339 3503
5953 827
154 5954
47 283
5955 201
125 4209
799 441
402 5956
4296 5957
14 5958
48 5331
595 683
2952 18
534 5959
5960 975
339 5961
125 31
917 3718
3386 14
138 31
63 5962
5963 267
14 4380
36 5964
5965 2905
5966 267
1351 5967
4142 31
943 3673
5968 2
3086 10
267 5969
14 5970
5971 329
175 5972
478 3126
14 5973
1396 5974
4208 512
459 84
3556 5975
257 54
225 5290
2484 591
5976 36
1140 760
5328 31
267 5977
1658 5978
3052 293
257 1102
5979 5740
224 210
224 623
1466 5980
21 5981
642 5982
36 5983
63 2348
2979 5984
5297 565
5985 21
5986 55
48 455
5373 8
154 5987
287 5235
959 5426
5988 51
4213 618
5989 492
226 22
14 5990
4256 5991
5992 149
8 5993
5994 2
55 5995
5996 51
14 5997
680 5998
47 3530
80 5999
5472 4590
110 2869
48 3338
146 6000
156 3641
6 6001
4255 4920
154 498
2138 1222
5904 14
6002 22
8 210
6003 1946
6004 14
48 6005
324 336
4584 4681
1928 1234
14 6006
6007 84
104 1659
63 2099
294 3129
69 6008
441 6009
4726 117
398 5484
31 6010
748 6011
349 31
6012 47
877 6013
48 6014
4349 2020
6015 1437
21 6016
6017 5385
944 716
1814 84
225 1059
6018 705
611 4100
122 779
74 6019
48 125
2067 31
4716 31
611 6020
4 6021
6022 2
1820 1276
176 2384
4 3956
927 226
2 6023
14 2902
2 6024
1160 225
540 3236
386 6025
146 6026
14 458
378 275
154 3388
2275 3950
48 1541
2 6027
2 3926
565 6028
966 1474
4480 31
2 6029
14 226
16 6030
689 2109
21 4768
6031 512
6032 14
6033 1919
324 1188
2114 2537
2 6034
1020 14
1984 225
14 6035
30 5351
14 6036
14 2857
14 6037
28 6038
218 6039
2356 2
8 6040
125 275
1062 6041
154 2965
1628 74
734 6042
6043 36
6044 6045
37 240
6046 31
6047 84
6048 14
820 6049
6050 146
494 6051
381 5698
226 3362
354 6052
6053 6
47 5636
811 4583
3574 526
2796 14
31 5888
21 6054
110 1803
1305 43
48 5738
4935 1999
947 6055
6056 51
2769 1848
234 6057
48 43
257 6058
351 3486
4067 55
2264 2
2 6059
648 3214
6060 14
6061 36
324 1289
1583 21
530 43
63 2020
48 713
4 2760
14 5338
821 6062
561 6063
14 6064
1243 6065
220 6066
6067 6068
190 6069
21 6070
5675 14
861 210
6071 31
254 6072
110 2731
14 6073
6074 2196
6075 36
14 6076
6077 1345
4587 21
1555 2870
110 2873
2919 1506
6078 36
1728 6079
4 2481
2 6080
4 6081
6082 14
3348 51
1628 18
1527 6083
6084 963
257 6085
14 6086
4488 3587
317 1655
260 1440
6087 3765
4976 6088
707 505
6089 407
3763 234
63 5233
413 1393
3643 31
8 535
6090 51
31 6091
2909 31
3828 5743
14 6092
3647 1248
14 4975
48 283
43 6093
391 6094
2 2359
872 2642
1012 3250
125 6095
724 31
154 6096
14 6097
1234 2230
6098 1205
369 117
1700 6099
6100 748
1416 36
21 3872
4310 6101
6102 31
2044 6103
4 2181
458 6104
154 6105
2 6106
400 1694
36 6107
21 5068
10 6108
1117 226
448 398
154 6109
1952 6110
4824 2346
3760 6111
14 1154
21 6112
5772 3380
1051 1651
6113 595
4984 31
36 2615
598 210
6114 952
2461 32
705 47
1790 4354
3638 51
307 51
37 3002
16 6115
1584 43
2 1421
5561 51
6004 2
21 5171
4839 1059
216 692
5332 6116
6117 63
6118 458
1012 6119
14 6120
528 719
37 6
3576 51
123 6121
6122 783
154 6123
811 5140
961 210
21 6124
540 6125
509 6126
59 1900
14 2169
6127 6128
1020 6129
6130 14
6131 51
329 1926
63 6132
106 537
31 6133
369 226
6134 14
307 338
36 6135
259 6136
92 6137
2 4424
14 6138
14 6139
63 1047
1885 31
14 6140
104 6141
6 2924
6142 43
6143 1184
6144 283
4327 318
210 2109
762 5209
5818 31
2 5759
6145 140
14 6146
5305 1179
3757 6147
54 1425
947 4641
975 806
14 6148
48 6149
14 6150
14 6151
30 6152
4956 18
751 68
5994 92
1933 225
110 1771
84 20
6153 4
2004 6154
36 6155
48 1059
6156 21
48 2751
92 6157
228 385
179 4248
48 1155
6158 21
6137 2747
14 6159
21 2018
21 6160
21 483
872 6161
154 861
441 6162
210 275
2806 92
864 5201
14 1965
21 1345
21 6163
110 1556
648 2100
1628 125
1726 84
1020 6164
807 224
6165 1907
966 216
2949 2
14 3875
470 55
629 6166
48 708
21 6167
2 684
4 6168
689 190
2 3011
707 1087
16 901
261 6169
6170 772
6171 14
6172 2433
922 6173
6174 1817
125 6175
63 6176
1082 6177
6178 1919
6 1230
6179 6180
648 36
21 2778
84 6181
6182 51
14 6183
6184 43
6185 43
30 6186
14 5882
505 6187
931 6188
748 6189
21 3771
6190 524
947 6191
6192 51
226 2971
3309 5739
400 6193
544 1090
329 6194
6195 6196
1923 3103
6197 6198
6199 6200
6201 22
310 6202
110 1234
5949 2
381 1591
154 313
14 3251
63 6203
1581 1179
4569 6204
6205 14
21 6206
78 6207
3613 6208
6 243
2505 71
2 6209
6210 345
16 6211
6212 145
6213 827
53 690
2 6214
48 3007
6215 6216
21 4770
1674 2422
10 6217
21 6075
6218 14
312 6219
92 6220
5134 1216
87 6221
1051 226
1793 182
2723 6222
154 14
6223 259
122 847
6224 2
14 6225
6226 92
14 6227
14 2152
5284 1427
1978 6228
2948 1234
6229 51
6230 1906
92 6231
21 3484
2505 2119
110 5011
811 6232
677 92
8 547
4203 8
6233 512
6234 43
14 6054
540 674
6235 14
6236 198
6237 717
225 6238
6239 6240
21 6052
122 30
6241 303
14 6242
175 6243
14 298
21 6244
6245 1862
1808 84
544 6246
531 6247
14 3646
274 478
298 117
84 2906
14 5439
14 6216
48 1061
880 6248
6249 84
6250 14
92 3785
6251 2004
14 61
1216 1289
4922 6252
14 6253
2255 226
2228 5194
2079 760
21 165
114 6254
6255 31
324 4531
6256 31
21 352
22 6257
14 383
400 3125
30 947
63 6258
6259 43
6260 1396
2621 824
4594 6261
4403 339
4361 6262
2253 972
2723 5011
367 7
4084 6263
30 3188
14 1528
4134 6264
994 905
6265 51
6266 51
2697 275
6267 6268
2 169
14 6093
5582 4456
2 6269
4603 6270
381 6271
2366 293
6016 84
478 6272
6273 51
224 762
146 5790
2150 1107
3812 6274
1022 6275
6276 14
14 4331
6277 36
3964 69
225 6278
6027 31
1654 45
611 6279
6280 36
21 70
125 6281
748 5000
2 6282
78 6283
21 6284
154 6285
179 2
14 6286
110 711
657 3616
43 5204
21 5127
31 5798
6 3472
14 1340
2114 6287
48 5066
1155 6288
2 6289
6290 404
3153 818
975 6291
4 2102
6292 43
106 3299
154 6293
6294 210
440 6295
224 2751
4813 4225
36 4816
14 5126
31 6296
14 6297
14 1804
6298 2346
299 21
6299 31
2 5409
14 6300
3795 6301
1332 31
122 2548
6302 785
922 47
489 226
210 6303
154 2910
1896 6304
1596 6305
14 36
14 6306
459 534
441 4558
6307 391
14 6308
106 3540
6309 6310
1396 1530
6311 1062
14 6312
14 3983
154 6313
1539 18
16 6314
3248 36
154 3662
48 1845
1086 275
8 2259
21 4214
6315 21
202 266
21 117
6316 149
4307 14
807 110
6317 6318
2 2010
28 6319
63 3574
154 2239
1214 5140
14 6320
416 36
154 6321
294 6322
6323 14
154 2408
595 2697
6 6324
21 972
22 6325
110 6326
595 5582
63 3971
689 1761
6327 6328
2787 21
870 36
558 1059
8 6329
6117 3080
3052 117
317 6330
106 2158
489 6331
2946 210
692 6332
1995 43
2122 6063
6333 51
4 6334
213 6335
367 3597
943 4701
807 6336
265 84
6337 18
2 329
6232 2924
4922 2708
14 1324
324 1245
247 325
6338 36
48 5541
748 6339
307 31
642 6340
6341 6342
6343 4107
6344 14
5285 805
298 6345
48 3701
6346 621
2275 51
1555 6347
6348 31
156 6349
5167 51
6350 51
4937 31
3138 21
21 1639
359 6351
367 3376
21 6352
833 6353
14 6354
28 6355
6356 31
267 883
168 2660
680 381
2 2761
265 21
6357 22
21 977
611 6358
6359 2266
807 1846
1020 6360
6361 43
14 2092
6 4404
92 36
6 690
2500 6362
68 6363
5320 6216
6364 92
21 6365
4205 21
1351 5948
367 6366
1709 4666
10 623
398 6367
2536 6368
14 6369
398 1827
6370 6371
14 3231
14 6372
14 6373
6374 4113
6375 293
476 31
6376 65
22 31
2 149
3615 31
3702 43
947 2625
16 6377
106 6378
74 6379
146 4509
6380 159
63 6381
14 5137
1224 134
6382 5835
516 6383
369 6384
1020 6385
6386 213
544 456
21 6387
6388 5091
226 6389
6359 21
213 31
917 5226
6390 6391
27 6392
287 4331
6393 3131
1413 6394
6395 14
6396 36
6397 6398
287 6399
106 4181
254 47
1548 21
329 6400
957 6401
5024 6326
104 6402
3574 2977
1040 1560
690 4967
6403 36
6404 466
14 6405
14 4808
6406 51
6407 354
92 6408
168 6409
14 6410
4090 31
4617 1860
106 6175
6 4684
978 72
1245 6411
922 6412
6413 391
6414 638
285 43
652 6
14 6285
154 6415
267 6416
1838 5443
2 4615
4958 3720
122 456
2069 226
21 6417
172 31
6418 168
21 1589
2 2083
14 4377
6419 1728
3208 6420
6421 31
226 1525
1082 3966
47 6422
6423 159
1081 4048
69 6424
21 6425
6426 259
2799 146
14 4458
4475 461
2 1300
1584 6427
369 5729
142 53
6428 6429
223 84
2204 36
6430 1970
2 6292
648 6431
3592 21
642 6432
179 689
4771 14
4166 51
853 21
1046 6433
1068 43
367 6434
21 2996
6435 2
6436 4826
1276 6437
3810 31
448 6438
14 6439
14 6440
3140 6441
6442 818
224 275
2614 210
21 6268
2740 210
6443 51
565 4752
716 6237
461 275
503 6444
2901 43
299 6445
675 4679
1020 6446
14 6447
105 2597
21 5097
1919 6448
6449 22
6450 3271
931 6451
134 766
6452 959
48 6303
402 6453
326 4478
1731 6454
8 4340
6455 31
6456 821
191 6457
173 225
14 6458
6459 122
5473 872
6460 959
175 5541
175 6123
14 4964
6461 27
149 4644
48 1232
459 2158
308 6462
2646 47
3899 705
6463 6464
2287 31
6465 51
6466 5220
186 31
3115 6467
257 5070
106 6
154 463
1270 4803
642 40
1464 1671
154 6468
404 6469
611 610
2 6470
3970 6471
934 6472
4268 51
5507 1946
6473 51
156 6474
63 460
6252 243
1155 6475
110 5541
6476 36
69 2334
1214 6477
544 31
5288 31
21 6478
6479 2370
6480 21
6481 84
6482 21
168 335
226 275
4098 36
6483 14
3737 31
1230 51
14 6484
1479 6
3315 149
154 72
48 1847
440 5794
3720 6485
8 3604
648 4559
14 2584
14 6486
6487 2
6488 8
367 6251
4359 3939
21 6489
6490 4749
14 5862
122 2419
2294 6491
2 5635
3467 6492
2 6493
63 6494
14 6495
534 4860
3918 21
8 6496
3185 672
1406 6497
14 4424
63 6498
5994 22
1692 2
381 2307
6499 294
6388 254
3135 210
14 250
2816 6500
6476 14
4711 4212
4625 3342
5112 31
6266 14
6501 21
6502 461
48 962
2310 92
6503 43
6504 189
267 6505
14 2806
14 21
1396 6506
2 92
220 6507
1474 43
3331 84
6508 51
1601 149
2361 6509
298 84
14 6510
811 2952
48 3604
2500 5382
163 6511
6512 106
317 438
6513 31
63 3590
934 6514
6515 3490
6516 1253
21 6517
1082 2384
4821 4281
2718 827
4273 164
21 4691
665 6518
6519 6520
299 3327
5254 293
110 761
213 6521
152 6522
14 6523
2 6524
680 6525
6526 31
63 246
14 6527
16 6528
3731 84
2178 31
5075 2628
14 6529
5846 14
213 4553
2657 652
6 6530
257 2584
14 6531
2500 14
21 7
1472 8
417 117
21 2360
811 6532
2664 893
6533 51
983 6534
6535 210
379 210
4 5557
4888 6536
10 3151
2 6537
285 2557
544 2687
21 851
2450 21
2 3056
6538 31
6539 1558
53 14
2098 3224
261 5352
2394 294
6540 1900
367 6541
14 6542
1763 275
329 1739
14 1876
6543 780
154 4448
544 1461
154 4873
857 106
1845 226
1107 21
2004 806
1589 51
3923 6544
1194 1094
8 1978
14 6545
2288 14
48 4291
5787 31
293 285
2 6546
43 6547
14 6548
489 2302
47 6549
590 3013
14 201
21 5719
503 6550
4 806
5702 51
2751 210
720 6120
489 10
821 6551
32 5121
1075 4060
14 6552
2 6553
14 6554
106 6428
14 1778
503 6555
3005 6556
234 6383
4869 51
117 31
648 31
21 6557
30 6558
459 4108
4 2270
449 479
3319 505
63 6488
6559 5286
5049 516
5083 275
367 6560
6561 31
1416 6562
4231 3175
1949 6563
4807 4
14 1595
4633 6564
31 6565
14 4460
267 6566
2501 163
21 6567
961 6568
803 1160
706 92
1152 1543
14 3172
1434 63
4367 6569
1000 31
6570 339
6571 1241
63 6572
5523 1253
63 5700
179 1079
818 2549
2 6573
6574 2346
47 886
14 3943
3313 1308
3489 6575
257 2594
2825 6
367 210
2216 2148
2984 36
6576 87
6577 51
4713 43
317 5091
216 5096
925 84
2628 55
3795 6578
14 1125
154 3364
68 5705
4830 51
400 6355
6579 226
6580 952
367 6581
125 6582
8 2869
6583 505
2821 51
6 649
6584 407
154 303
21 6585
6586 1059
351 189
106 3201
21 5461
63 395
14 6587
367 6588
21 6296
1905 6589
14 5501
6590 551
14 6591
528 6592
2544 4611
283 6180
6593 1926
4126 8
1817 6594
120 189
152 5973
4489 51
154 1075
63 2116
5541 210
6595 2422
2 6596
6597 14
21 772
84 2068
6598 367
565 6599
154 1574
478 8
1596 6600
1479 339
14 6601
21 5361
846 6602
2819 1788
458 6603
14 5420
30 6604
6066 6116
648 6605
6606 14
3058 2826
106 6607
4627 6374
1207 43
21 177
24 6608
2338 6609
4922 1984
21 5825
2789 226
154 6610
6611 872
6612 537
1058 1123
6613 51
2 6352
48 6614
2 3079
6615 51
16 6616
6617 1212
1481 1108
154 1675
2888 84
4029 21
1082 6618
168 3311
14 2963
2009 31
6619 30
312 1438
807 6620
14 6621
4990 51
14 6536
216 459
6622 339
1845 240
154 6623
63 6624
590 6625
14 2003
6626 21
339 6627
4 3067
16 6628
398 6629
3970 947
2 6630
122 2789
1479 31
6631 21
4370 226
21 6632
1477 6633
14 6634
3135 398
6635 503
400 5266
947 6636
274 36
3124 31
220 6583
43 1897
1675 6637
367 6638
6639 68
31 1222
226 289
105 6640
307 1033
4122 1581
6641 51
975 6642
216 3932
216 4575
21 1416
6643 164
6644 31
1334 6645
965 606
3008 1069
807 63
6646 4406
48 6647
1919 6503
329 6648
106 1520
6649 92
28 237
6650 5677
3352 36
142 146
1020 624
931 2115
448 5373
6651 3704
6652 22
6653 6654
6 6655
299 6505
21 4572
478 225
21 1071
14 6656
402 6657
63 6658
859 3236
122 1425
63 6659
2 5847
2 6660
307 6661
1540 6662
6663 47
146 246
822 6664
590 3894
943 3672
14 6665
168 6666
6667 92
254 6342
459 6668
6669 818
53 84
149 6670
4743 31
745 51
220 6515
21 6671
14 6672
14 5579
2965 51
36 6673
3362 6639
2049 31
1850 961
2723 6674
149 6675
6676 216
21 6677
14 6678
3981 68
21 3745
146 6679
28 1832
122 6680
14 6681
2 5330
226 623
6682 226
1025 31
5801 68
30 5210
21 3162
225 2686
6647 84
680 21
14 6683
14 6408
1661 4206
3114 6684
6685 2628
3178 4941
6686 14
63 6687
6688 694
21 2965
21 4291
14 874
351 1384
21 5990
3124 6689
21 6690
434 51
6691 2
21 6692
14 6693
4 6694
2366 6695
1923 6696
2024 14
554 22
3808 327
324 6688
943 6697
69 1263
4 6698
257 1197
3999 6046
14 5267
21 6699
489 6700
213 6701
21 6649
3788 31
5250 226
1090 3663
861 6702
2816 6703
2548 6704
122 723
6705 36
895 2
793 2391
6232 18
6706 159
48 448
6707 51
6708 398
618 6709
6710 84
3007 6711
2275 14
6712 3765
175 36
154 6530
14 1855
1905 3297
4707 36
6713 14
43 6714
106 3553
114 6715
2 3906
3489 6716
324 407
4813 540
5349 682
48 1907
3581 6717
213 6718
748 6719
6720 461
14 6721
6722 14
6723 3115
870 47
367 6724
154 6725
6190 345
6726 407
1808 5217
122 2059
6727 36
1650 6728
5024 6729
544 690
6617 2318
6730 84
149 2224
21 6731
6732 21
6733 21
72 210
14 6734
374 5078
14 3296
3051 6735
461 6736
21 5925
6737 2
1650 31
397 43
154 6738
6739 164
5042 6740
63 6741
14 6742
1602 602
6743 740
6744 6745
907 6746
324 65
30 6747
449 6748
6749 31
213 3109
104 6750
6751 367
1080 43
820 4845
6752 348
6018 544
3861 6753
14 6754
2 6755
14 4358
6756 6757
106 5359
175 6758
8 1862
110 1384
4113 4345
3035 6759
922 6760
398 5257
5178 765
6761 43
6762 31
864 6763
14 6764
21 6765
2818 84
1527 5447
807 1127
213 6766
1852 14
21 6767
4304 2046
14 6768
168 4713
1675 4805
3574 1407
699 6769
21 6183
367 6770
14 6771
6288 210
3934 4121
6 225
6772 972
1289 5887
14 6773
21 6774
154 1515
14 6775
338 14
154 6776
711 6777
4 6778
2 176
1701 6779
5599 51
4313 3457
6780 6781
2394 6782
48 104
2087 31
6783 31
6784 827
14 6785
28 6786
6645 210
4067 959
21 6787
1216 6788
1379 8
122 2039
4 2742
5513 69
122 5067
6789 225
1671 6
21 6790
905 31
590 6791
590 6792
416 10
14 232
16 6793
14 4102
1675 6794
307 6431
6795 51
14 2299
69 5818
799 6796
6797 68
1439 512
154 115
74 6798
6799 1906
4359 84
459 3497
28 6800
2 2855
6691 14
6801 125
6802 2
6803 451
1919 6804
21 6805
329 3031
6806 106
1224 1159
3750 4424
14 4506
63 6807
6808 2004
1919 6809
36 4672
122 381
283 4520
6810 6811
6812 68
14 6813
1852 6814
6815 32
359 6816
0 6817
1558 110
6818 31
2 6819
3372 3312
6820 31
5848 2326
1396 2
1152 6821
5350 14
351 210
5326 6822
8 558
6823 1234
14 6824
648 5917
152 36
6825 92
21 5018
4286 6608
4 6826
4259 5859
478 6827
2294 6807
14 6828
28 6829
478 2560
611 459
6830 213
6831 312
2 1344
21 791
6832 43
224 2259
1866 791
14 6833
63 6834
122 6835
1929 210
3417 36
5250 14
48 6836
5803 51
4217 43
3222 175
14 6837
48 6838
5015 22
2331 4462
2564 4616
642 6839
1035 6840
6841 6842
2 6843
1413 6844
16 6845
22 6846
6847 6
4320 43
2778 84
1838 6848
154 6849
8 6850
224 783
3821 515
6851 14
369 1054
1107 6852
30 5896
48 3781
611 3269
21 6853
590 6854
6855 701
1287 31
820 6856
3515 5768
1012 461
21 6857
154 5501
21 1003
21 1689
69 6858
14 1861
6859 51
2 2894
3315 6860
6861 2
21 6862
692 2265
6863 6864
2 5368
3545 21
5071 36
6865 51
16 5843
623 6866
14 6867
14 91
2940 6868
6 1581
3821 3254
6869 267
6870 257
6871 22
3735 30
6872 14
190 6873
6874 6875
21 6876
10 1646
226 1152
267 6877
2505 1059
6878 283
863 84
2853 623
225 6879
3587 6880
63 6839
37 607
1658 6874
4602 14
642 6881
2 6882
21 1080
367 6883
1108 31
6646 267
6884 287
21 6885
4647 2628
53 21
4095 51
14 1182
6886 51
861 588
14 6887
6888 6889
363 6303
226 4393
947 6890
880 2960
367 6891
6892 31
2158 51
1471 51
1589 6893
21 1406
3062 4905
14 6894
6895 2544
6896 47
14 6897
154 49
6898 299
21 6899
48 1422
107 811
1081 210
5089 2
3237 1250
1396 6900
1675 5272
14 3000
1207 3052
6598 381
723 36
6901 654
14 5847
28 1008
1224 2587
6902 6903
6255 10
21 6904
404 2078
2245 3608
743 31
5844 1506
154 6905
21 6906
1905 6907
6908 6317
2911 766
1364 123
531 84
4 6909
21 3271
63 6910
544 6911
6912 1775
379 5610
1197 5258
1059 6913
48 601
4976 445
14 6914
3156 3543
6915 51
6916 6917
74 2346
14 6918
2638 6919
146 6920
961 6921
2 662
6922 51
6923 2826
2 6924
329 6444
6925 159
648 1057
6461 68
21 6926
6927 2
966 14
1925 189
181 6928
213 6929
84 4053
2 2615
324 558
168 6930
213 3471
3033 1568
6931 92
642 1141
122 106
190 1425
14 6932
2526 47
6933 972
30 6934
14 4853
6935 339
2751 226
6936 766
127 109
2917 31
238 4
312 6937
69 2373
6938 21
154 12
6939 3212
48 1706
48 6331
528 947
339 22
6940 1059
14 6941
14 6942
6943 1860
3812 84
6944 283
1661 853
1793 5259
154 339
642 6945
609 210
1139 821
6946 31
2 6947
417 22
10 6948
4221 1978
2016 6949
21 3893
14 6950
36 6951
6952 1581
4329 947
4529 21
398 3173
104 6953
2960 2148
5523 6954
5057 5411
333 51
21 6955
6956 1698
122 417
2694 2
110 3055
378 590
1661 48
16 5006
456 6957
3269 3126
6958 623
2488 225
821 865
2 6959
14 285
14 6960
2 6961
611 258
943 6962
2432 6963
14 4910
6964 2161
14 6965
6966 303
6967 339
1479 3489
5178 3086
6968 5039
216 3178
6 5323
63 3298
4693 5520
4896 210
5352 74
36 43
533 6969
4988 6970
1851 14
595 6971
994 6972
4751 127
14 6973
6974 3254
55 6975
224 1763
37 21
6976 1581
611 6977
176 1654
565 3966
317 5050
398 6978
8 2352
2419 5765
2066 210
598 63
3581 5964
648 81
5332 6979
1000 312
14 5699
6980 2
6981 14
48 4359
6982 1946
1862 210
442 6983
2879 6984
6985 509
168 4960
14 6862
1243 1194
6986 5394
1120 6987
55 6988
1581 6989
806 99
181 6990
6991 391
6529 31
748 418
6001 84
505 6992
1573 2542
14 4891
6993 21
3288 31
4815 1823
642 5341
122 1082
4951 2
154 5865
4 6994
453 6995
6996 31
175 6997
30 3887
2363 4832
6998 31
4878 2
959 6999
2081 43
154 137
947 7000
4 3352
1000 36
611 7001
5199 117
192 7002
7003 966
7004 51
7005 648
5088 140
2740 226
607 1371
14 7006
7007 51
1152 7008
239 21
399 84
611 7009
7010 1885
3970 4942
3011 43
2338 7011
2491 6986
2390 3070
154 4911
2 3742
1628 21
175 1059
7012 7013
16 7014
4870 257
21 6047
154 1354
21 7015
8 590
122 5983
1587 1212
3115 7016
1628 612
953 2339
590 5450
665 7017
14 7018
1808 21
7019 36
1224 6788
2871 7020
36 7021
106 1090
7022 354
14 7023
48 7024
2294 7025
931 7026
765 1335
2242 5718
37 5545
14 7027
30 1078
28 4185
6398 7028
386 894
2 6622
1661 7029
63 6331
7030 51
2516 7031
2 4773
324 766
3280 14
21 2004
2377 298
821 7032
339 7033
2 7034
3047 16
246 1285
154 378
1170 5128
106 833
14 7035
7036 4
154 518
7037 14
7038 51
149 92
655 14
7039 51
7040 7041
14 7042
154 895
7043 51
30 7044
7045 283
7046 51
146 7047
7048 21
1606 3453
7049 48
7050 4428
294 7051
811 36
7052 51
1058 891
7053 31
14 3903
106 7054
7055 134
2 7056
675 7057
312 2966
2 2218
7058 2
417 1709
69 210
48 3574
2217 4819
324 225
295 106
398 7059
154 7060
28 7061
7062 2079
4 7063
5332 210
213 7064
6899 410
1978 6844
7012 7065
2 7066
4 7067
5878 6122
4372 1034
2484 763
7068 4451
21 7069
648 7070
7071 31
14 5285
7072 84
2264 51
21 348
43 7073
2946 110
3574 31
367 5689
947 7074
7075 31
7076 827
7077 51
149 572
2039 47
7078 51
558 7079
595 7080
7081 14
21 3587
69 7082
48 2505
14 7083
1206 31
7084 7085
2842 189
652 2111
565 7086
7087 1016
21 1651
7088 21
947 7089
912 210
7090 7091
7092 1759
489 3677
7093 21
243 7094
723 117
11 210
21 4596
21 4465
2993 6692
117 7095
1157 7096
14 3154
7097 2866
540 7098
5287 14
367 1940
89 1281
2 6286
7099 21
6065 3156
2136 3273
7100 51
2397 512
154 149
1802 1518
14 7101
43 7102
7103 367
818 7104
1955 7105
5745 3178
63 1189
439 7106
307 92
1562 975
2638 106
27 7107
6723 7108
154 7109
22 43
7110 7111
7112 51
3534 7113
1845 7114
21 322
689 1925
2621 1502
48 7115
202 2601
21 6546
226 7116
225 7117
7015 31
4212 8
564 5259
7118 1152
1615 7119
7120 2020
7121 1050
7122 4713
14 1702
14 7123
14 2793
14 1173
2030 2690
21 7124
30 911
459 7125
63 5175
48 7126
7127 1675
257 1792
226 1570
5712 72
3711 31
3720 7128
8 7129
1061 5695
1721 7130
1046 7131
226 7132
125 1596
398 7133
6316 51
4203 226
1602 5735
48 6847
1000 7134
307 7135
367 7136
416 766
5541 22
2 3826
6 5082
14 7137
643 3952
7138 1978
7139 975
1396 7140
84 1045
5699 31
74 3613
1152 510
7141 31
7142 31
21 3434
726 210
2 7143
6 7144
14 4283
611 7145
1878 5607
149 5477
3459 51
267 7146
2 6931
37 7147
4883 7148
7149 6654
3198 2873
14 7150
957 6586
48 1439
4620 5241
21 203
1919 7151
512 493
1020 4421
48 1913
3295 31
267 21
2 249
7152 78
6020 2020
5056 84
5576 310
175 106
6839 760
594 6114
4608 595
14 6560
970 7153
7154 21
21 734
369 122
2268 7155
1539 106
1596 4732
861 5001
7023 21
6590 3581
5854 1907
2 7156
154 961
1624 47
6456 1020
1020 4092
7157 339
14 7158
110 7159
1479 459
1661 21
14 7160
8 6834
1568 7161
3303 74
294 4328
22 7162
3513 51
7163 36
2 1598
1010 27
28 175
175 545
4 5945
2872 31
7164 92
7165 391
7166 51
4351 7167
226 2403
21 4533
4041 6707
14 7168
168 7169
220 7170
285 84
7171 14
110 1059
226 1013
16 7172
216 822
1250 1267
307 179
528 31
7173 2
2137 10
14 7174
106 2154
7175 1253
5791 31
724 4445
2940 459
7176 31
257 21
7177 31
14 6671
276 14
117 84
21 4693
2 5554
8 394
7178 1396
224 3574
63 6736
7179 985
14 7180
1489 31
7181 32
545 36
4200 1152
505 7182
267 7183
30 7184
4108 7185
440 1035
7186 21
2926 461
122 7187
7188 14
14 3743
7189 818
28 7190
2939 5436
680 117
7191 51
110 7192
707 6682
168 6506
391 5764
1650 14
106 2826
48 1349
7193 32
6022 21
7194 106
48 7195
595 5770
7196 43
7197 540
5842 32
7198 952
154 4808
14 7199
4745 210
14 4981
863 18
2081 3052
7200 14
14 7201
4103 4740
7202 3683
146 317
4 6409
398 6827
110 7203
216 6428
6172 5142
6544 51
123 21
63 7204
14 7205
413 7206
106 1335
6 4950
213 7207
14 377
4108 7208
2270 36
6685 55
48 210
339 7209
6043 5505
63 1763
154 2004
4517 7210
2 1589
4084 7211
7212 31
7213 275
2594 7214
4 5637
5335 7215
14 7216
6117 7217
7218 51
3096 818
398 6272
6837 84
7219 16
59 7220
820 3822
2 3139
7221 51
28 2370
4258 92
2 7222
5349 3425
7223 31
16 7224
1160 7225
459 7226
6230 3656
455 36
7097 14
5695 505
131 213
5064 6398
5822 6167
2891 7227
14 3910
1812 7228
5057 889
1315 7229
748 7230
611 7231
2 7232
1260 3157
287 175
7233 8
1466 7234
236 7235
106 6322
106 117
7236 4671
2 911
28 5058
2 7237
146 7238
818 7239
7240 827
154 3953
154 2901
7241 2544
367 7242
31 5043
402 7243
7244 2
122 1033
14 3891
381 1196
4511 1182
505 7245
21 2087
7246 1864
7247 7248
2901 7249
2 7250
505 4219
369 4984
7251 972
43 7252
7253 51
4 6942
6802 31
21 7254
7120 7255
4603 31
4169 31
2431 14
110 5738
3081 18
7256 51
7257 4
2946 2294
367 7258
648 7259
63 1188
71 3868
216 1741
21 2063
154 7260
339 4995
707 7261
48 5083
14 6900
440 5250
192 7262
1923 7263
2723 4388
307 2192
7264 994
324 4576
864 4144
7265 84
92 7266
154 2673
43 7267
145 7268
1728 4591
6892 51
6309 7269
7270 672
7271 3062
7272 31
21 7273
7274 31
21 4142
449 1658
3850 7275
4313 7276
3644 36
55 7277
14 4624
14 7278
4537 4533
14 7163
120 2
154 4148
440 3135
106 167
16 7279
14 2912
2 7280
7281 122
707 4740
154 35
48 74
748 7282
1059 2033
782 6469
5274 140
106 163
4712 303
755 2597
621 7283
110 3072
14 3437
93 3761
154 468
21 7284
4958 7285
84 2109
7286 1152
7012 3471
21 152
74 6969
4977 163
4764 213
7287 31
3540 6304
154 7288
4 7289
154 7290
7291 146
10 2484
1548 43
14 3514
7292 766
3182 51
1923 1339
367 7293
7294 51
294 5620
621 7295
3022 1300
106 7296
466 146
692 7297
3166 31
943 1700
657 2835
122 1681
10 65
3550 240
37 123
895 36
3052 84
2 1210
3309 3940
3888 2
7298 51
398 6507
1288 766
590 7299
14 7300
1608 117
14 6843
2 7301
63 3786
851 31
14 2031
2 7302
2484 7303
14 7304
629 226
211 1581
7305 1519
21 6887
2 7306
14 1704
7307 140
748 2957
122 2289
69 2141
302 783
459 7308
146 891
1300 6637
725 31
478 7309
707 7310
4112 21
154 2081
3982 14
7311 22
4807 21
440 7312
3140 7313
1396 1685
198 7314
2 6424
864 7315
14 2347
287 689
611 6187
6177 299
89 2188
84 7316
4435 21
21 7228
390 1587
7317 21
3593 7318
5954 84
6307 7319
14 7320
5224 51
224 1051
3534 225
369 7321
7322 2206
4 7323
440 244
21 7324
14 327
28 7325
2679 14
570 785
2075 36
7326 190
7327 51
7328 294
1190 92
5224 6225
7329 22
3534 4382
14 6293
7330 947
4148 31
2118 51
400 7279
3574 226
7331 72
7332 92
1082 7333
14 1998
21 869
122 2
947 7334
21 7335
6670 43
22 51
257 4564
2 7336
14 7222
3198 1148
16 7337
2 7338
7339 972
1022 2713
48 2774
257 4916
2 3922
110 247
74 7340
1243 7341
10 7342
1795 551
7343 92
7344 21
89 7345
477 7346
14 5230
6480 355
4282 84
168 7010
7347 7348
63 7349
7350 7351
48 5757
4077 51
544 7115
2 7352
110 2721
7353 1152
7354 30
943 2404
448 611
2 7355
2646 847
3462 14
5447 7356
6778 36
486 4992
154 5548
7357 3183
3415 31
14 4449
14 7358
3874 92
1270 7213
648 7359
4 2210
821 7360
14 7361
1416 84
4 7362
14 7363
14 7364
7365 114
671 590
7366 21
24 4286
4240 7367
3449 537
146 621
7368 72
872 4309
607 7369
7370 631
6 230
14 495
4 663
2801 21
1919 7210
2866 639
213 1301
5601 1978
294 7371
6865 1082
7372 590
104 1059
966 1112
6044 7373
2405 84
1671 3326
4461 512
652 7374
875 7375
6480 819
2397 68
917 1931
4179 47
931 7376
1596 10
367 3870
69 7377
7378 21
594 466
154 1650
7379 1862
2816 5971
210 5331
125 3428
84 7380
486 831
4069 7381
7203 210
5023 2731
7382 2557
440 1089
294 7383
155 14
7384 31
7385 391
478 7009
28 7386
2841 43
48 2352
5392 1012
4772 43
154 6004
6080 51
21 7387
957 1556
154 51
4591 7388
875 742
175 210
4799 2826
4767 5340
7389 14
14 7390
14 7391
312 5991
14 7392
3130 3131
14 7393
74 6933
21 7394
5976 2613
220 7395
1276 2631
7396 3908
7397 339
146 7398
1216 7346
1845 689
5072 84
1661 122
748 7399
10 3064
970 175
30 7400
7401 2
7402 5125
4374 31
3814 51
7403 51
7404 516
611 3759
7405 7406
7407 14
16 7408
7409 1051
48 11
257 3447
7410 7411
21 7412
122 2470
231 14
2 2286
30 7413
21 7414
293 3791
5514 7415
154 2298
106 3314
6663 168
2866 20
1307 2961
299 36
236 39
2100 51
257 117
820 6551
2975 286
156 760
2 7416
48 5906
7213 7417
48 3486
1033 210
1852 7418
594 5900
21 2503
3222 2
7419 294
21 7420
586 5531
16 6420
14 7421
448 7422
5814 5545
274 226
3406 766
21 7423
7424 21
294 7425
7426 22
1923 748
398 7427
5762 21
3229 21
1787 1477
7428 1020
7429 51
7070 31
21 7430
2397 2840
63 3309
7121 31
1856 7431
4010 51
5929 2673
748 689
261 7432
2740 611
8 6575
110 778
1585 325
6250 21
146 7433
213 7074
590 7434
6986 299
1207 36
47 7435
14 175
7436 1864
692 7437
8 7438
324 6788
7439 1094
122 5541
5096 642
8 7440
7441 84
399 766
367 1461
7442 822
274 7443
367 6005
4424 51
4 7444
60 354
210 1070
259 1516
48 7445
806 1315
84 7446
339 51
459 7447
3481 1059
461 1153
5447 7448
5807 534
21 7449
21 7450
2723 7451
7452 2816
3509 31
7453 22
1080 7454
3556 1791
7455 2246
1227 22
7450 31
7456 146
21 7457
1701 7458
7459 329
2866 3834
7460 27
7461 51
1300 7462
861 787
7463 2923
799 226
14 7464
7465 234
7159 10
1194 776
2591 2269
861 7466
154 7467
2 3343
7468 3362
154 1566
7469 14
1086 4340
7470 569
2693 7471
880 272
210 27
48 1904
1790 254
14 6893
724 6059
21 1012
891 293
154 5277
14 6565
21 7472
48 1031
1923 7473
7474 367
3069 7475
287 7476
7477 7148
3489 7478
779 6336
6660 31
63 7479
2 6373
459 1012
1396 43
642 6391
369 1152
807 8
226 7480
5234 329
1728 7481
2594 5835
1608 2
63 2479
1194 43
4 7482
1142 7483
127 6753
6950 92
1127 534
7484 210
593 1198
5320 2826
21 6074
1082 31
3994 3680
7485 2
7486 972
765 5918
7487 92
7488 84
7489 31
7490 6571
84 7267
386 2803
84 2448
46 7491
7255 3148
14 2379
534 695
48 7443
1259 3850
1659 7492
7493 159
154 2255
190 6479
287 2490
2474 21
391 7494
799 7495
540 7496
154 4116
413 6145
6971 31
10 2530
398 611
339 2324
48 1763
154 123
28 106
1215 21
3781 385
7497 3115
1000 947
6140 92
3853 31
4108 6697
72 7498
3051 1360
8 1426
1033 117
285 117
14 7499
7500 621
678 14
7501 3664
5335 226
367 4133
1803 226
2628 5995
2 7502
21 3387
3551 720
93 240
84 4682
7490 404
1193 7503
4 7504
3306 1862
0 7505
7506 179
7507 159
7508 2153
6 1461
2753 7509
503 6068
14 2847
7510 7511
7512 14
14 7513
4952 461
6331 8
2403 275
117 2494
63 7514
2268 2454
14 2246
28 7515
307 7516
7517 2318
4202 43
154 7518
14 7519
36 7520
7521 5358
7522 51
1540 210
7523 14
2 2882
5027 7524
7110 92
1658 7525
48 7526
494 3087
2740 84
7527 68
2 7528
3481 7529
459 7530
2984 2352
1089 14
1661 14
595 7531
106 2876
21 5686
540 7532
3174 36
7533 43
7534 117
7535 21
14 2974
14 7536
21 615
815 10
966 7537
3321 225
21 1998
4888 4517
154 3962
339 1940
1082 7538
106 3918
110 3760
2 7539
3280 36
21 1218
7540 2
3659 7541
146 7330
7542 2891
7543 14
3701 275
7544 2217
5803 30
7545 4241
257 7546
225 7547
7548 684
1160 2709
367 567
3929 84
2 1711
48 1808
2879 690
7549 40
5528 461
21 1641
63 665
1542 51
7550 1194
2789 47
1020 7551
6245 210
4958 7552
4 7553
48 419
154 7554
21 7364
1216 7555
154 1861
48 7556
447 1342
5542 283
568 2
7557 21
173 10
14 1510
21 7558
994 7559
37 1812
176 36
2338 1729
7560 22
1763 7561
16 4780
287 7562
748 2762
4 4335
4674 3821
6759 1907
1923 6920
7027 22
642 7563
48 2255
3507 21
6836 7564
6215 2826
106 1906
154 5015
3653 31
7565 2866
63 6491
14 7566
7567 931
6749 14
461 5871
2 6527
21 3166
1082 710
154 2646
440 10
7568 14
47 2496
2009 22
707 6065
7569 3244
861 1329
7570 623
7571 14
7572 623
1016 7573
7574 621
2548 106
1978 235
7575 36
454 31
4581 1439
16 7576
43 4210
69 7577
2 7578
2568 36
317 2811
3363 4
7579 43
7580 1526
2340 598
8 5030
7581 21
766 84
2960 1216
21 6693
1775 275
2321 84
307 36
1671 1419
6463 18
6077 21
5772 7582
21 1315
442 401
2694 51
3534 7583
21 6538
14 7584
7585 1253
2 7586
3664 509
369 2999
294 7587
369 210
7588 1506
7589 2919
595 5776
14 2686
5734 7590
7591 63
5775 21
7592 2044
2113 14
104 6910
14 1963
2548 417
63 7593
2484 7594
2472 36
7595 941
14 1300
3758 46
2 7596
6208 1152
48 2259
1610 7597
1726 36
30 4086
154 7058
2 7598
7062 785
7599 21
7600 1773
2594 1783
7601 51
48 2451
367 7602
37 31
92 7603
14 7604
6406 21
48 2216
4976 5056
7605 31
7606 21
724 7607
7608 21
14 7609
2 1840
1919 7610
14 7611
30 7612
14 7613
69 1546
7614 748
4 3
2 6758
1728 772
7615 84
4430 36
21 5781
459 7255
6 2519
48 7616
21 7617
642 5123
7618 247
7619 14
7620 99
1387 7621
106 5589
392 4941
7622 51
6366 6
7623 14
7624 43
14 7625
7626 46
7627 1900
5122 477
6923 1427
7628 5990
2 1184
36 7629
367 7630
7631 2217
7632 32
14 7633
461 22
14 7634
14 7635
14 7636
14 94
125 833
2942 7637
14 4591
947 1153
458 2
1721 7638
14 223
324 226
1082 7370
2004 31
154 4018
3372 1978
63 6307
14 4402
168 7639
110 1929
7640 1445
724 84
381 7641
943 7642
287 21
807 5574
1949 7643
2 2456
367 7644
5564 43
1050 7645
14 5002
267 7646
7647 2004
63 2788
2 1367
248 7648
28 7649
4855 6508
21 7650
4491 51
3593 7651
14 7134
7652 14
4372 4749
1876 5754
400 16
69 3579
4463 783
5611 21
5786 7177
154 6847
6686 1572
3486 7653
299 847
7654 307
154 793
5561 6074
7655 5004
7271 251
7656 47
7657 51
5701 43
63 3476
14 3792
154 1600
2866 7658
7659 283
48 1472
4339 51
500 7660
5595 84
21 6081
7661 21
7662 48
93 14
257 1506
7663 14
1672 1342
14 7664
7665 7666
14 7667
2001 3405
5142 3243
37 1416
6237 3542
14 960
21 7668
821 7669
149 7670
402 7671
7672 31
2591 461
49 9
339 5906
456 210
7673 21
5431 7674
7675 51
125 7478
21 1275
2138 21
7510 7676
7496 2368
6617 7677
10 558
7678 1241
723 7679
293 31
110 351
14 7431
21 5623
1155 5452
8 7680
62 7681
31 1704
4 2626
2168 7682
1891 369
14 7683
106 7339
6481 43
260 106
512 7684
2321 614
122 287
14 7685
4753 31
317 6466
3765 7686
7687 9
3055 225
7688 92
154 1608
74 7686
122 36
274 225
14 289
14 2636
400 2398
2594 7689
10 3362
724 7690
14 6299
6138 7691
6936 84
7692 36
28 7693
110 6122
665 210
63 7694
14 7605
7695 127
2816 503
14 971
6865 84
154 7696
16 7697
69 7698
4798 36
1596 225
6280 4
3659 14
154 2196
7699 159
611 766
7700 14
125 7349
381 1651
3618 18
21 6035
4047 189
154 5996
7701 1062
3574 459
544 5425
14 7702
1396 1391
2121 293
6012 21
5488 1300
7703 7704
3581 7705
1245 1023
6773 22
7706 7707
400 7337
7708 84
48 2470
1197 7709
6360 106
5975 63
588 2676
962 68
87 2340
2278 7710
3648 7711
48 1351
7712 31
7713 21
21 7714
48 4437
16 7715
21 7716
7717 4374
225 247
3406 7718
789 3812
4 7719
4 4639
2 805
30 117
665 7720
226 36
4830 847
6592 1187
7721 621
5458 31
213 7722
106 3688
7723 110
4 1533
114 4444
7724 3875
818 7725
1834 51
14 7726
3931 7727
2030 7728
14 7729
31 7730
14 1761
14 7731
2 3369
1224 1216
378 1908
7732 31
30 4337
154 4304
7733 3035
7734 760
947 7735
7736 283
7737 1581
7738 92
137 4937
31 1096
4230 972
388 7238
590 7739
7740 14
459 325
3086 2158
107 7741
7742 3035
6262 1521
2 7743
14 2139
398 5428
943 1881
7744 257
7745 7091
7746 31
2 5761
21 7747
14 3030
16 7748
999 6298
1919 7749
1089 7750
7751 31
7752 146
1441 6270
179 7369
14 6415
1856 7753
21 7029
326 30
1127 226
3052 92
4 7754
7534 36
6932 22
146 3103
1012 7755
811 117
7756 7757
1661 36
7758 51
7759 92
7760 51
2157 14
7761 31
367 2171
3489 2734
122 102
14 7762
14 7658
2 7763
2 1907
1492 7764
10 534
1639 51
1140 7765
92 2483
1790 1440
944 1084
87 7766
2 4476
324 5024
14 1365
226 779
7487 84
7767 642
10 7768
611 4069
5914 7769
2137 623
2594 6969
3476 92
1347 1022
448 7770
7771 14
43 2554
156 7772
30 1614
7414 92
7575 14
7773 106
369 48
723 31
7774 226
5120 31
30 210
7775 14
307 3527
7776 14
30 7777
7778 1581
6724 51
47 4930
21 1697
14 7779
470 7780
154 3746
398 7781
2952 7782
175 4210
1160 6371
1354 6924
4597 1013
267 7783
2 2046
14 2183
2 7784
168 6029
1086 10
2136 7785
2 6185
21 7786
110 394
7402 21
1661 7787
4612 6155
14 464
7788 327
7789 63
4 4319
267 7511
1157 225
14 7790
1423 1335
7791 51
7792 1276
7793 6901
3594 210
4928 5291
544 7794
154 555
6483 21
381 7795
1627 1152
7796 1701
14 5400
32 7797
400 6319
3303 3009
154 799
21 461
5878 226
46 7681
146 7798
2 38
5441 451
31 3520
96 577
312 7799
104 275
154 7800
48 36
565 6158
251 7801
590 6977
31 7802
7803 68
14 7804
110 2446
31 7805
5454 47
28 544
2 7351
3516 31
1942 14
10 7785
21 7806
86 36
1470 648
5425 43
2 6599
711 226
3170 1335
176 45
7807 51
105 7808
7809 2136
48 1335
179 1078
7810 3741
7811 2628
2039 117
21 7812
7813 1022
54 84
14 2382
14 7814
16 7815
2 4661
818 1132
2501 106
392 3178
31 7816
48 1098
2294 226
6255 106
14 3633
69 1937
27 7817
154 7818
189 7819
3081 7820
3005 7821
4 7822
48 824
1000 3156
1020 7823
14 1355
152 7644
2161 7650
5594 1596
71 2185
14 7504
14 1614
6 1022
63 7547
7824 865
943 7825
154 7826
14 3438
48 449
189 1591
5264 226
21 3000
7827 92
398 7828
14 4875
7829 43
7830 159
1070 7831
7832 31
122 1364
1923 7833
7177 7834
14 7835
48 294
117 7836
1838 6065
7837 6
7838 7839
1628 6798
31 919
459 7840
5153 959
8 2802
1558 7841
1033 43
21 1481
544 3107
63 7842
2 7843
4687 51
14 7844
367 16
4492 43
154 7845
154 4020
146 7846
2878 36
14 7847
6077 31
14 597
7848 51
48 275
146 3192
1838 3201
93 2
611 7059
3958 84
2312 164
14 4998
2016 7849
168 6289
7850 303
7851 55
21 6947
7608 14
6 7852
947 7340
4 1275
287 14
952 2597
2952 7766
5198 31
1919 7289
724 285
7853 21
7771 22
6 275
248 821
7695 3593
1414 31
2 2411
7854 10
416 7855
324 7248
861 5805
7090 248
7485 14
793 7856
2 4083
21 7857
4741 31
827 7858
2 3053
43 5547
21 1817
21 7859
707 381
31 4250
154 3727
7860 494
1086 210
765 7861
2130 3917
267 7762
1429 7862
833 31
7863 1581
2488 210
7864 1466
7865 4
7620 752
190 1255
1973 7866
2853 210
1089 7867
36 7868
1675 7869
10 2861
3309 7870
7871 2
14 7872
6309 642
456 43
1292 43
3170 7873
4376 3565
265 7874
10 4349
7875 2826
2 6918
7876 1281
1063 2
367 7877
3600 2428
7347 1710
14 469
1675 2355
4830 595
1082 2046
2505 1623
398 7878
4420 4691
7879 14
76 7880
121 7881
154 5561
14 97
1466 5101
1022 7882
6 7883
28 7884
748 7885
14 7886
69 2090
31 7887
7888 7385
6 7889
7890 4740
689 1928
5979 7242
14 1693
7891 16
2782 2888
2934 14
8 1541
755 7214
122 7892
30 7893
3229 14
707 1753
213 7374
6839 5570
14 7294
7894 2303
5382 36
14 907
2081 381
226 1577
226 1031
21 7895
1587 5624
122 7896
7897 1555
41 1978
6743 6254
595 1350
7898 14
5203 36
63 1335
2891 6071
4686 210
16 7899
947 7900
154 7901
14 7902
69 6003
210 818
7358 84
2241 210
21 4565
217 36
5556 818
16 5103
7903 3664
7904 4842
7905 1212
7481 766
595 459
257 175
4854 367
3540 7906
48 779
6938 14
3114 7907
21 7908
21 2361
287 5177
1808 6015
14 7909
7910 84
7911 3066
7912 738
690 7913
224 459
14 7287
2362 1908
601 210
225 111
7821 1706
14 7914
21 303
154 5743
799 210
7915 303
146 1198
16 7916
7917 31
367 7918
14 7795
4361 7919
121 2
4452 149
910 2
48 6788
1698 4720
7920 259
5454 7921
14 7922
3832 7923
7924 93
80 20
106 7925
4 7926
4667 3129
7927 51
623 7928
7929 2731
14 5906
3277 7930
827 3858
18 7931
5458 3512
7932 4599
6 84
1458 7933
2841 21
588 7934
6967 31
1991 210
213 7935
1012 22
4218 84
784 92
21 1533
4065 18
14 7848
14 4034
6874 7936
14 3332
5009 92
7937 1581
4 7685
1548 7938
14 7939
7159 1659
2 1874
21 7940
28 5435
820 2927
2515 84
6 7431
590 5128
104 31
106 6262
7941 2303
154 7942
1614 51
7943 293
21 6996
21 7827
3222 240
14 3416
14 1565
565 7944
14 7945
1608 14
146 7946
68 1996
2 6448
63 72
47 696
3613 947
106 406
4047 84
398 6840
5141 5259
7947 51
847 1250
154 3861
7948 21
4231 18
63 6614
2 381
7949 31
748 7950
6 1540
2 7951
6 947
7952 36
748 7953
28 7954
1584 7955
1136 84
1082 2
149 7956
324 7957
14 6133
7958 36
531 5376
63 7959
21 7960
2866 7961
1216 7117
7266 240
14 7692
2122 41
6911 383
943 716
2 7962
3497 7108
648 991
154 152
176 5368
7963 189
2 7964
7965 3309
48 179
287 5856
4 4328
440 783
1075 2692
267 7966
4040 31
404 2074
47 4420
22 7616
864 7967
325 210
14 3156
10 7968
225 1280
7969 1590
1448 1978
7970 31
5343 31
833 7971
7972 31
1933 192
1086 7973
7974 210
5293 1445
154 508
7975 21
260 7471
6 1933
7976 2544
6585 31
14 2042
2 7977
7978 329
6478 7979
449 7980
14 6107
21 7981
21 5760
14 5097
21 2534
6 288
21 2293
48 2641
48 3198
3890 7982
1089 6175
7194 74
14 7983
28 5194
2984 6578
48 815
2136 6866
48 7984
154 2406
257 564
7985 503
351 10
2 634
187 31
48 1046
5301 4569
367 7986
4400 51
440 7987
4958 616
14 7988
6084 1427
540 5544
63 7989
5472 1038
1416 117
1127 9
6931 339
1416 7990
4 1982
7991 21
1563 7992
1081 226
84 51
7993 14
4 7994
5142 7995
106 381
53 43
7996 8
2 7997
21 7998
455 595
3271 7999
2394 2516
1160 8000
48 287
7058 14
8001 9
5560 14
1234 5541
8002 2
285 51
224 2940
287 778
14 8003
8004 1094
48 748
1948 329
8005 1952
4 5127
446 8006
6240 1443
1536 189
2136 210
947 8007
3039 31
14 8008
8009 8010
226 8011
4916 43
21 2921
287 8012
69 8013
4 8014
2 8015
63 8016
154 5127
1304 31
14 1887
156 8017
2 8018
3645 106
8019 2
2 8020
4547 99
125 226
5835 8021
63 8022
223 43
6 1310
1082 210
48 8023
3836 4359
8 8024
799 8025
1046 6301
6956 844
8026 6320
3821 4734
651 623
1973 8027
6809 84
1033 8028
6119 43
4386 14
4327 594
36 84
8029 84
1061 516
512 8030
961 7547
1379 941
811 8031
7480 941
31 8032
63 694
747 6288
21 4479
21 8033
21 6997
14 6028
21 8034
8035 18
36 8036
168 8037
8038 3170
14 8039
824 3863
2 8040
8041 76
947 1198
21 2524
8042 1560
225 4803
190 8043
861 5804
6 4393
369 8044
8045 68
8046 827
257 8047
642 8048
1252 2266
381 117
965 21
134 1189
122 626
6512 3185
461 8049
2919 8050
14 2998
381 8051
3850 106
8052 92
2673 254
6476 92
1837 51
154 106
8053 8054
1082 1457
2338 2730
1466 1980
461 8055
1970 3400
8056 21
5786 3156
2199 2430
18 3046
14 8057
6077 36
1558 5849
1744 505
8058 36
3726 31
3113 31
8059 21
4519 36
943 582
1020 7967
168 8060
8061 14
7838 43
7903 8062
8063 5447
14 8064
7012 8065
681 8066
84 8067
48 853
947 4065
8068 3570
154 6880
1082 5501
114 8069
470 5310
1663 2143
106 2312
3086 4224
14 2818
1082 7979
154 983
2217 8070
21 7140
8071 6
6170 8072
6510 22
367 8073
5429 8074
8075 8076
154 8077
821 7405
972 8078
8079 14
8080 1864
4532 76
7850 14
225 258
8081 18
1371 3371
8 4437
2 8082
8083 117
55 4068
176 8084
8085 1760
748 3862
3486 225
3613 8086
430 5302
27 8087
10 8088
224 1585
14 8089
367 8090
156 8091
2 8092
8093 51
21 8094
367 5740
602 1978
486 8095
8096 31
6174 2
31 51
324 192
327 51
1721 381
4 8097
48 1963
2138 7914
53 8098
21 8099
6 8100
1155 106
449 210
4310 1161
265 3706
287 1663
2138 2
4815 8101
8102 36
28 3774
2 72
179 6472
8103 544
8104 22
8105 31
829 22
30 4042
8106 51
6370 8107
398 7145
2363 5559
74 8108
84 8109
8110 1907
220 8111
623 275
6 8112
14 8113
22 3065
122 21
14 295
540 8114
8115 1907
588 8116
71 8
307 43
8 8117
3247 84
14 6776
14 8118
8119 31
2255 8120
8121 14
975 8122
1944 4691
689 54
485 51
8123 92
14 825
14 8124
154 6826
3211 1864
63 2850
7801 1907
8125 2631
2 1670
4903 117
2021 2
287 3907
544 8126
400 8127
385 8128
21 2669
303 8094
8129 382
1235 210
226 394
1477 8130
336 8131
8132 84
2 2475
154 8133
611 210
6 223
159 7283
872 2349
64 2
6855 225
3956 31
14 8134
21 6721
8135 43
2922 132
8136 5878
69 8137
154 7927
14 8138
1081 459
474 8139
5298 8140
3062 3553
2 6361
154 8141
16 4364
466 2597
367 3587
7723 210
2 6131
224 378
16 8142
1819 8143
8144 3822
629 117
48 274
174 21
48 1416
307 21
398 8145
8146 31
748 5142
248 6062
106 505
106 8147
943 8148
8149 8150
2 8151
6077 3662
14 50
47 189
69 14
16 8152
3188 3099
2505 8153
699 2196
1227 2540
5081 55
2952 8154
1495 1595
14 6024
4223 43
226 8
2452 21
2 8155
2 669
880 110
8156 51
14 1382
3691 275
1546 36
8157 92
48 4281
8158 3316
3795 210
21 7021
8159 32
14 5475
48 5335
14 8160
14 8014
3208 5103
6543 36
2673 7689
6222 1059
4 3090
84 8161
6376 6720
1276 84
400 6793
14 4677
1923 8162
449 1911
367 2095
122 14
755 7047
4315 22
811 8163
2222 8164
1791 5091
80 8165
190 8166
48 93
1850 6
110 2986
8167 369
8168 766
595 283
154 2264
1191 8169
14 8170
4 1604
8171 760
2837 3035
4745 43
8172 1860
154 2029
8173 4121
2 8174
2 8175
8176 285
505 22
1152 1002
2779 14
6544 14
53 1187
14 6241
288 92
2919 1150
8177 8178
8179 461
104 5196
8180 18
14 8181
402 8182
14 2615
259 8183
21 7559
14 8184
7460 68
596 14
2919 6087
28 8185
168 8186
558 5944
8187 92
3309 2080
14 5387
5295 14
4888 7918
14 8188
14 8189
2 4528
78 2768
8190 283
210 43
7642 8191
16 8192
2 4713
14 8193
21 8194
8195 283
78 106
5569 47
21 8196
10 8197
5690 36
6839 1413
84 8198
965 36
455 106
470 7582
4202 6924
4 8199
16 8200
68 862
448 245
213 8201
8202 14
2266 51
10 609
8203 7277
368 2004
1330 51
3960 22
122 3002
329 2817
106 3831
78 8078
1396 31
2931 18
104 6687
1618 642
152 31
8204 14
14 5278
5108 1020
4333 84
1354 7168
595 540
595 1753
14 8205
14 8206
14 893
259 8207
386 3533
2 5018
3489 1561
5668 381
394 766
92 31
154 3241
324 5849
8208 168
861 8209
6 8210
8211 31
4244 2829
8212 46
21 8213
154 285
2 4296
68 8214
140 8215
8216 6
154 8217
14 8218
2 6678
2395 14
8219 99
689 4592
8220 1020
154 8083
1216 6741
285 31
14 6762
225 5429
1602 8221
14 1520
21 8222
179 84
1905 8223
14 8224
8071 51
48 8225
748 4146
4363 84
5250 8226
1133 226
6 8139
48 1384
8227 210
611 8228
31 8229
7600 8230
5940 2866
1919 8231
36 8232
2 1509
748 963
782 210
84 4332
14 8233
8234 14
14 5042
1636 5316
14 8235
1671 8236
8237 8
272 8238
2 8239
154 2722
1923 3607
122 92
1673 505
8240 36
398 7381
8 227
648 5990
154 6059
398 5721
5750 31
3145 1234
430 5650
5229 31
154 1318
1524 31
708 275
154 8241
3362 2676
2789 210
398 7706
1558 8242
154 1836
14 2659
8243 4696
8244 1914
3066 6242
8245 43
21 2692
4 8246
4713 51
28 947
21 3240
7520 84
3846 3688
8247 2338
8248 827
1681 47
8249 210
2 5455
1287 14
943 7583
7454 2171
6661 84
30 8250
947 18
216 84
21 8251
14 6003
8252 51
947 827
257 36
14 6524
213 8253
310 7899
610 8254
5818 8255
2 3310
225 2731
8256 84
1468 21
259 8257
154 4760
7177 342
1919 5593
2 429
8258 36
21 3572
4158 783
299 351
651 226
21 4931
369 8259
2 4211
378 226
291 367
2363 1998
367 8260
8261 43
114 8262
4839 1908
5132 4239
3309 431
226 8263
43 4536
225 8264
21 8265
3021 31
8266 163
2847 51
8267 313
3620 8268
28 8269
223 31
8270 14
21 6300
440 3851
6249 21
8271 31
642 1140
1319 684
811 6277
8272 8273
3946 31
8274 972
8275 51
3993 51
8276 1212
48 4340
2216 8277
14 5478
821 8278
3007 651
21 8279
226 2770
966 1152
14 8280
8281 705
4285 110
213 4866
3781 31
4 3717
14 4
7025 1502
1726 117
1023 959
5374 505
2229 2061
110 2776
7122 51
48 111
590 8282
8283 5790
4521 8284
8285 14
283 8286
413 2268
3275 51
7347 8287
1698 8288
16 8289
8290 8291
2867 14
4280 6709
943 1175
2 8292
8293 299
14 7332
3086 31
8294 2835
1437 84
1028 1062
440 713
684 36
3792 31
607 4505
2338 8295
8296 36
3445 179
154 7101
3208 5194
122 6
125 6744
611 8297
807 4341
302 210
117 8298
5603 7085
92 8299
14 8178
1387 2468
3480 84
4830 5542
7264 1082
4813 8300
175 2470
2723 461
319 492
14 4305
8301 2686
2 6284
7668 31
8302 31
381 505
642 6413
720 92
2984 8303
2 4808
7903 43
648 5515
21 817
1507 1698
154 745
89 837
8304 21
154 8305
760 1413
1051 8306
1075 5635
302 4051
4584 4089
8307 1059
8308 2
4423 7221
1917 226
14 6612
1315 8309
137 8310
14 3368
8311 31
63 8312
2866 54
544 8313
6 381
14 8314
1814 36
2126 8315
63 8316
469 8317
8318 2
2316 1587
8319 14
6 793
14 7857
8320 312
8321 2266
3668 5743
2114 4793
7921 4565
8322 72
106 92
4645 99
21 8323
4310 7225
8324 8325
294 51
8326 14
1366 2
106 3008
21 5930
1658 2318
21 6027
189 8327
2 5688
21 8328
93 8329
8330 31
14 8331
14 6070
4 5669
125 6
8332 2762
8254 505
4065 21
163 8333
8334 51
404 6954
1464 227
2649 882
2 339
8335 51
265 7559
8336 36
2 7227
7189 3570
21 1772
2 210
1560 117
154 2500
21 8337
307 5895
1262 8338
63 1715
8339 791
1458 1506
127 1780
2081 2621
2 3337
402 8340
6321 14
3269 210
28 5703
5042 8341
6427 31
21 8342
3581 8343
8344 818
5472 189
8345 623
6218 1082
14 791
5738 210
8019 14
2 6771
8192 877
8346 295
55 5424
2523 2
104 8347
1472 1270
448 8348
7154 14
6946 51
8349 31
8350 43
4212 226
997 642
154 8351
14 3593
8352 68
618 8353
2990 933
8354 4609
324 22
982 5834
5063 8355
14 8356
8357 84
4730 3170
966 8358
21 5397
1046 72
287 31
8359 32
8360 31
1923 5443
861 8361
8362 8363
4767 31
874 303
2628 56
63 2373
14 7643
2 4202
2479 762
2 2544
2 5241
16 4806
122 8364
2203 3486
154 6227
402 765
84 5239
1396 8365
63 3879
8366 766
14 8250
8367 106
146 4055
154 161
14 6899
400 4390
2073 5704
5309 1543
261 8368
5639 303
1082 6124
14 8369
14 4274
7410 84
14 3236
1214 5496
8370 931
805 51
8371 2017
54 8372
63 8373
63 5603
14 7981
1661 84
2 456
4 1789
3732 51
36 8374
1678 1253
154 8375
312 7053
7688 872
4830 47
8376 43
2275 8377
7665 99
7490 8378
8379 99
14 8380
163 5551
5737 2004
48 227
2 8381
14 7414
966 6
48 6240
240 31
4691 8382
414 140
4179 36
590 8383
14 1354
6177 31
14 8384
8234 7114
5950 2
4815 8385
922 8386
63 1142
16 8387
8388 31
531 8389
14 8390
586 345
8391 2
14 8392
154 7169
1081 8393
4 8394
3512 92
8395 5331
125 2484
367 2062
324 8396
8397 8398
6 8399
14 7487
534 7131
146 5142
14 2778
6698 31
21 8400
1763 8401
154 8402
8403 2037
14 8404
21 8405
1082 14
8 8406
274 6586
2773 146
6256 14
21 8407
14 7819
179 1712
3794 441
154 8408
402 8409
2 5883
106 1140
1097 14
8410 31
4946 8411
14 8412
1808 8413
1902 419
379 2631
14 6244
287 43
1881 8414
972 8415
8416 6486
10 8417
636 21
2564 8418
611 7739
440 1672
943 4109
724 36
267 8419
5927 8420
226 2532
21 225
293 43
21 3213
7866 1241
3082 22
294 106
14 1479
31 8421
14 8422
2049 7286
21 293
14 1657
154 287
48 4148
154 8423
2 7201
367 7795
5744 31
4684 293
48 1726
14 4738
14 2364
1214 1554
4478 84
4086 21
14 8424
3024 3087
7276 2318
8425 175
36 8426
154 8427
1437 36
448 1325
846 106
14 243
220 1713
5168 21
4188 31
154 8428
1114 6275
8429 31
8430 92
5855 1907
5194 8142
2411 43
5541 43
2589 6
8319 31
8431 36
14 8432
2942 1906
14 3111
110 4874
811 1094
63 623
21 8175
5488 2
8433 31
8434 31
1082 21
3138 2
1194 8435
213 8436
8437 43
154 5803
149 1105
2 8438
1725 240
8439 3013
8440 68
2 6231
2 945
104 8441
1086 8
5075 959
5472 8442
2 8085
14 7387
8443 2196
8323 1663
3755 14
2 8444
7110 175
459 730
2432 8445
154 104
820 7315
295 8446
440 1224
2352 36
8447 2
14 7453
226 690
6 8448
6460 861
427 84
179 36
8449 84
8450 51
8451 31
338 84
8320 14
21 1503
3012 68
154 138
8348 505
1119 51
595 8452
154 8453
448 8454
63 3898
122 505
36 6439
8455 4067
8456 21
105 951
36 7675
8 4070
8457 163
4206 55
14 7843
7957 3561
2615 84
21 410
2419 4425
8458 4
48 8459
48 2022
10 8460
6 8461
821 3236
5223 14
21 99
6 8462
720 106
642 31
14 8463
783 5039
1906 3255
8464 210
2 8465
21 745
3058 748
6651 14
4190 36
553 8023
6 1209
2 8466
14 8467
8468 1584
48 492
1595 8469
648 4290
31 8470
175 1416
833 7247
8471 43
69 5936
14 8472
8473 51
14 4509
2978 2
2 8474
8475 283
595 36
8476 407
14 8477
2 7633
8478 6243
2 1964
6785 2
2001 1016
14 2897
5772 55
21 1276
1919 8479
110 3784
369 5888
2171 43
611 3486
14 2753
14 2306
1466 1312
269 4985
1429 589
2 8480
378 8362
226 7707
8481 36
2866 4036
391 958
225 3699
21 8482
14 3432
210 505
707 1977
125 72
5899 51
1838 7347
1234 8483
611 8484
14 1438
4358 43
416 6
4262 14
611 8485
1076 339
5822 31
110 1051
1703 36
8391 14
14 4921
4769 51
367 2217
961 683
21 4654
14 7467
2044 8486
154 4519
2 2851
6185 2088
1923 8487
4281 7167
997 8488
76 8489
5942 225
69 7536
861 433
864 8490
783 3773
5516 477
14 3329
6066 8491
8492 2613
110 1322
8493 30
21 5439
63 7255
417 36
8494 14
3622 783
176 210
63 2939
2667 827
7296 8417
6619 14
6502 2723
8495 51
8496 51
122 274
472 947
84 2364
21 8497
748 1193
6539 5024
465 1214
1933 2960
2217 3754
1581 3905
5178 8498
105 8499
692 8500
3897 14
2044 1978
917 4080
225 5380
156 8501
8502 225
7422 225
642 8503
154 3107
1020 1475
5024 8504
14 8505
2004 36
294 2255
963 8506
1458 8507
8508 505
36 8509
6147 827
5734 459
2114 31
1360 51
14 6561
8510 2
872 8511
369 8512
833 2326
917 6550
811 8035
4562 8513
48 2419
2297 8514
1354 8138
4218 811
14 1573
3062 7071
8515 51
274 110
14 5392
5786 19
8023 8516
367 8517
6305 32
8277 2148
8518 51
1650 117
961 84
8519 47
213 8520
8038 1558
21 8521
225 8522
3595 110
92 8314
2278 3074
1540 7882
1260 7356
3139 51
2866 8112
374 3117
8523 14
4 4189
154 1080
359 7224
567 84
14 2328
386 21
154 5839
1234 474
1441 53
815 225
339 8524
21 902
2 1951
1082 117
14 4379
8525 369
8526 36
922 7923
152 8527
8528 8529
386 369
367 1468
8 7797
861 4868
21 8410
14 8530
1812 84
21 8531
7382 2826
1155 8532
459 8533
14 1248
48 1858
3659 21
6151 1315
3538 51
4943 1152
3825 22
8534 458
2548 175
122 35
47 451
8535 63
2833 51
705 2118
181 8536
184 5146
6659 762
440 3064
947 2844
154 623
8537 14
146 8538
8539 21
154 8540
261 8541
154 8542
1245 8543
251 8544
14 8545
1082 1784
307 680
730 6868
110 2331
1429 1352
8546 5285
14 8547
3762 21
92 8548
28 8549
611 31
3406 84
440 448
21 3802
48 18
2453 1574
4554 1253
8550 1089
4802 14
1001 225
14 8551
14 8552
324 5594
970 1004
14 7822
21 8553
308 8554
755 8555
8556 872
1075 84
3741 51
9 8557
713 8558
1059 7564
8559 31
8560 2965
8561 947
48 2621
8562 4
4609 210
14 8563
503 6500
5812 943
8564 21
21 6123
8565 2866
7565 51
14 8566
2 8567
2177 36
2 8360
1584 8568
1422 210
48 8569
765 4084
5891 2
14 3447
470 8570
48 947
2723 8571
14 631
8572 14
1845 8573
14 4395
14 4957
146 2956
6658 461
154 8574
48 1235
16 8575
32 4453
1396 8576
442 17
3573 8577
3626 8578
154 8579
6855 210
2200 6009
611 509
1581 275
8321 458
2 8580
8581 31
470 8582
448 1343
4244 766
1777 339
8583 51
14 8584
154 1286
1791 1122
6 912
611 5051
5337 1675
6519 4618
367 2
2081 117
8585 14
28 8586
2597 1427
8587 14
172 3370
8588 367
2 8434
154 940
482 785
8589 267
154 8590
4 3014
8591 1864
4 2966
1589 6858
3185 8592
287 2617
137 8593
5234 503
1146 8582
10 2713
1184 1474
367 7749
5294 84
31 8594
6747 8595
22 3984
367 8596
251 8597
8598 36
154 7624
7409 2147
4323 648
642 8599
827 5677
213 8600
226 4455
122 2109
352 31
2797 164
14 2649
5914 1427
880 2148
2544 7727
287 2309
1658 8601
959 2619
6732 14
1300 8602
381 293
8603 14
5206 43
2 8604
28 7576
48 8605
298 8606
8607 2
8608 84
8609 51
8610 367
30 8611
102 226
5156 6478
8344 32
14 2819
7673 14
14 6124
324 448
2 8384
6 6216
78 8612
1615 3413
14 8613
8614 51
400 8615
2 6694
8616 3519
1396 4724
289 36
1020 8617
6874 2550
1429 3631
458 8618
2673 8619
8620 717
689 84
5000 8621
30 8622
48 3648
8623 43
65 8624
680 175
398 5342
14 8625
14 8626
14 8627
14 1517
110 226
4594 1337
595 8628
106 3809
6023 51
48 5250
63 8629
3534 8630
1004 21
5521 31
590 6992
8631 5584
48 358
21 8632
351 8633
14 8634
8635 339
5329 117
8636 972
966 8637
1540 2713
14 8638
14 8639
607 8640
3052 1033
14 4284
47 1780
8035 84
8641 84
236 8642
154 92
8643 369
1311 226
8644 2370
14 4487
127 8645
5611 2161
3979 210
8646 43
871 189
28 8647
1082 3953
1698 8648
154 1300
154 3741
648 5595
398 8649
55 2814
367 4557
310 8650
10 1553
21 7584
6700 210
1243 4550
3006 31
947 1813
154 210
1001 959
6519 1115
1543 8651
210 51
8652 22
8653 36
8654 3121
14 4014
21 5783
21 6440
8655 5745
1581 8656
14 5559
31 575
4626 8127
648 8657
21 2882
339 8527
4370 651
8658 43
122 8659
8660 2
2301 84
307 4772
1671 104
2823 164
1012 43
553 8661
106 3072
1152 243
154 4157
1820 84
8662 1102
8663 283
21 31
21 8664
440 7984
6440 31
3890 8665
8487 4740
324 1144
74 8392
8666 22
16 8667
1650 8668
564 213
14 7426
36 8669
8670 210
14 8671
7974 225
14 8092
2580 14
7767 391
1227 8672
4743 92
307 7502
8673 2723
339 8674
3051 8675
8676 459
1584 31
8677 63
855 574
5539 22
3622 509
251 14
1845 43
21 7285
154 6354
2564 8678
1107 5666
14 8679
1020 84
1405 210
10 505
2919 1545
68 5314
262 371
4843 21
3792 8680
2 3296
1919 8681
48 1013
14 8480
106 3097
14 5911
6501 2
89 8682
707 864
7392 6155
63 8683
14 4090
4970 31
8684 210
8685 705
398 5742
1300 8686
117 3797
21 4319
1020 8687
8688 14
1658 8689
1881 8690
957 3041
7432 3009
2628 1978
931 8691
21 3111
2704 84
6 8692
154 5979
1270 36
8693 2692
48 289
2739 31
87 8694
146 2205
190 8695
917 3168
68 8696
807 1089
8697 2158
650 14
2446 339
16 21
110 210
303 22
10 8698
84 5736
8699 84
1845 117
1475 8700
440 6
14 8701
224 36
287 4136
5061 51
7851 5504
8702 72
21 8205
283 8703
14 496
5074 14
1416 314
10 31
63 2331
4413 1848
8704 293
14 4085
4980 21
2511 31
8705 6654
21 8627
163 7371
14 8706
7940 92
707 1243
2 8707
8708 5015
1061 8709
2081 21
36 8710
6482 43
413 8711
106 8712
384 8713
104 8714
386 8625
2 3731
8715 36
5023 110
8716 391
14 8717
6635 329
2505 2541
1241 210
168 5454
595 6805
274 210
3630 5603
872 8718
287 3397
16 8719
21 8720
8721 2
7820 785
332 31
4194 210
1182 31
5772 8203
2 5771
1020 6519
5555 21
2130 3430
2 8722
106 288
8723 36
1388 8724
21 2695
707 21
146 3495
1224 1070
8655 3178
4310 959
168 340
2 2427
8725 51
63 8726
807 459
1869 106
8727 272
3113 7363
210 9
21 8728
8729 8730
48 8731
1082 8732
154 8120
8733 1281
6117 8734
6343 354
28 8735
7350 1371
87 7782
2 7109
4832 31
2546 8736
8737 14
154 8717
63 2587
1198 7340
1050 8738
5253 31
6170 959
8739 2
168 3513
544 104
14 63
502 149
4 8740
154 5423
125 1216
8741 36
110 1993
400 36
1082 37
2480 22
1518 827
402 1419
1567 21
3161 4
14 7051
1973 8742
1607 1908
21 7212
2 8743
2281 84
723 2748
818 8744
48 4520
14 1527
8745 6053
676 31
3140 21
190 3577
8746 18
14 8747
648 7316
8748 8729
3107 84
2631 8749
21 8750
8230 36
4584 8751
1661 7105
1761 84
1059 8752
89 642
122 240
110 4627
31 8753
398 8754
14 3454
8755 1268
8756 21
2 8757
367 4408
48 6396
3051 84
1120 7497
225 8758
8759 2
5302 8760
154 668
16 106
4791 43
3120 3683
63 766
14 8761
1075 43
2 22
509 1010
14 8333
8762 369
8763 8764
14 3431
5306 175
21 8765
8766 14
125 4196
14 4518
6 8767
6375 1094
8768 31
4 8769
8770 43
1607 2200
48 1303
8771 5550
3027 947
8772 8035
8175 51
14 8036
3970 21
2 8773
8 441
324 8774
2990 7471
31 4326
772 2943
1675 8775
14 899
14 8776
3287 3574
1198 4302
21 8777
6 417
14 8778
611 226
2484 7245
6570 152
246 3876
1395 14
8422 219
947 5388
1477 3914
8779 14
8780 21
8781 36
2934 43
472 8782
367 8783
14 8784
154 96
117 51
224 1322
14 8765
8785 114
5344 512
2544 8786
14 4924
4433 4
8787 4421
1243 776
2298 31
21 8788
14 8789
14 2988
225 31
1127 5051
2803 3155
8790 225
534 210
880 325
367 8369
359 8200
379 31
2516 47
14 8791
1671 2040
3534 4152
324 3085
154 7991
959 8792
10 3423
21 8793
14 8794
3309 391
8795 18
3534 8533
14 8796
6515 8797
448 6979
8798 2
4712 31
48 1560
8799 3009
7912 36
1020 8598
369 7664
1012 134
5698 43
127 4198
1919 3335
2630 51
201 8800
4276 51
7233 210
154 3121
4575 8801
458 8802
8803 1396
8804 341
1194 3156
21 5941
336 7080
2723 8805
48 8806
6600 32
106 2419
4217 96
2 8807
8808 84
400 1870
7458 36
14 8809
48 351
5387 51
2413 21
63 762
8176 2
2284 216
48 2844
149 8810
14 8482
1661 6861
63 4850
4194 14
21 7746
1721 14
21 7983
6089 8811
114 8812
2370 8813
14 8814
21 8579
2 5674
1152 4265
154 8815
63 770
2032 31
1396 8816
48 3321
5224 3850
1687 369
2136 1051
14 8817
310 8818
30 4432
1089 43
154 117
14 2178
8819 1684
8820 6559
267 2165
53 5908
303 31
28 2467
1919 4714
2446 8
8821 14
400 4131
2741 1276
225 8822
8823 2326
8824 394
459 1026
4 8825
707 8826
2 3264
225 2840
21 4226
890 1400
4 8827
2979 1581
680 689
137 8828
3848 31
6855 1241
106 2708
2 1761
14 4778
106 4487
8829 22
876 4591
154 3660
106 6820
3005 1419
2899 1094
402 8830
373 303
1529 68
2548 14
4 4959
122 4745
63 2749
92 43
4556 31
1796 2
14 8831
1337 47
1098 210
5207 359
4310 8832
154 7257
1808 88
1061 8833
642 8716
4767 21
8834 31
861 751
2 8084
137 8835
7200 21
14 8836
369 8837
8838 92
154 8839
1419 4084
5224 6746
8840 84
2 6408
6327 51
48 1553
78 1520
4888 8841
402 8842
2866 7558
5153 8843
14 3456
1062 8844
6122 2033
8845 461
5273 36
14 339
1061 210
2950 36
48 1929
307 30
71 1466
3594 8
14 8846
21 8847
265 8848
5468 51
96 187
3556 18
8849 43
3764 8850
1241 7144
681 8851
381 456
8852 43
3114 7497
3580 51
8853 1182
7994 84
307 122
505 7303
2 188
106 1461
275 2869
125 1155
21 3803
1461 117
5057 5757
8318 14
14 8854
5039 8855
3574 210
3251 8767
21 1675
926 21
4900 31
4124 21
14 4243
3052 36
8856 2731
8857 31
2333 515
21 6306
5101 22
2 661
2093 14
21 1068
106 6964
4594 8858
4310 8514
8859 1564
307 2026
7490 8153
2 8860
106 560
961 8861
8862 84
2591 490
14 6906
398 8532
2878 175
2 6560
1197 8863
5743 6542
689 49
2352 210
283 4955
367 781
324 2510
2375 92
730 226
8864 325
3841 818
540 8865
8866 1241
269 226
69 4014
544 176
260 8867
1881 8868
8869 14
5734 8870
14 6292
8871 31
21 8872
398 7041
2220 8873
398 5051
14 8874
4633 8875
8876 847
5711 14
48 8088
8424 6233
8258 3741
8877 51
7750 818
14 8591
93 8723
14 8878
1906 3254
14 3970
8879 1587
2114 1178
681 8880
7780 55
69 8881
2259 84
63 8882
1434 766
2071 293
63 3821
8 1993
5505 14
21 3593
21 3980
807 8883
30 8884
14 7962
6769 2732
224 708
8885 184
398 5465
63 4495
122 2177
1742 43
14 6328
3372 1062
8886 7078
8349 84
3007 210
2516 1480
2 6065
4120 785
642 6044
8381 43
3364 7324
8887 642
1487 92
4977 164
8888 2
642 8889
21 6455
8890 84
2275 8891
21 1929
21 6755
5216 63
63 8892
21 8893
1349 941
92 8894
121 4350
154 1425
10 6212
748 8162
14 5347
2628 8895
106 5048
3787 2
6839 1587
4310 1696
2446 225
629 110
14 8896
4240 7971
154 2615
4 8639
4323 43
2255 72
3509 14
809 540
8897 84
5332 446
2331 2682
6426 872
2030 6341
234 8898
6833 36
1020 8899
294 8900
8901 210
1127 1332
381 6638
14 8902
3383 43
8294 3958
489 3571
1127 1905
168 458
4 8903
154 4107
14 3611
48 1513
21 8904
2505 2216
324 31
14 5409
154 8905
888 43
614 84
429 51
21 6140
3795 8906
14 5048
8907 14
7513 31
63 2737
14 8908
14 2942
154 5789
1089 226
8909 807
110 4340
14 8083
8342 51
1390 5235
8910 189
184 51
398 8439
3850 8911
4 3937
14 8912
63 8131
5813 4
28 6628
6315 6
92 3079
2 2334
1335 235
30 381
888 122
312 21
2 4082
2255 4188
404 226
22 1452
14 1277
154 6286
14 8913
367 5697
30 8914
63 225
607 21
2952 8915
799 8916
554 84
2880 164
89 4699
63 5413
14 2914
14 1812
2 6552
5418 947
7790 51
417 1144
6 3795
28 2179
404 2729
14 4534
1214 2886
2008 5550
5569 4707
267 8917
880 8864
6226 1595
8918 2
154 1716
14 3956
55 2706
8919 516
2546 8920
565 8921
2879 381
4920 43
2680 8922
1061 10
159 4503
1518 2719
146 3694
8923 14
2697 459
6 8924
6682 1224
63 3784
5042 4037
154 544
916 51
8925 22
14 6905
154 84
154 8926
295 5179
595 8927
269 799
48 357
5878 1419
1552 92
6025 92
367 6006
5784 14
6398 3640
14 2511
32 8928
36 8929
5000 51
2 3091
997 8930
1120 8931
4 6681
14 8932
8933 210
14 8329
5060 92
14 8934
154 975
2 3141
4 7472
48 7077
1955 8935
4569 1658
1227 8936
36 8937
8938 2866
400 8315
2680 51
4361 8939
7302 51
3622 461
14 8940
2 2440
3549 31
1595 240
21 5604
48 478
310 8642
4 8941
4713 303
14 7143
8942 31
3156 8943
3321 8
8944 51
48 7561
74 8945
8946 1826
84 31
48 2986
2 3351
6170 1906
3593 4545
14 8947
6246 36
8948 51
3362 8861
154 1804
5974 84
154 8949
2 8950
1020 5200
8362 6875
36 5573
154 1040
2030 6342
7510 1451
970 14
92 8749
1661 3513
8951 31
36 8952
2430 8953
4636 8954
6215 341
31 7807
4 6561
294 8761
381 7749
8955 4
8956 1946
14 210
2 2908
3728 21
4 8957
14 8958
14 4052
5472 47
5250 766
154 2819
8959 1141
92 8960
6 8961
89 8962
8963 22
287 6596
4550 776
106 2649
7529 8964
1987 21
21 3136
847 1208
1973 6469
534 8965
93 8966
8 2469
8031 7162
255 524
5850 43
7838 339
6254 164
3008 5102
8967 43
154 8968
909 381
14 8969
257 1198
4745 84
8537 84
1353 21
14 8077
4872 1998
48 3487
154 7947
8 8381
5024 8970
8971 367
4126 8972
8973 36
1216 8974
7536 21
4086 287
8975 31
8126 31
4481 4
179 5479
2 8976
16 6479
6 72
8763 92
1864 4645
117 8808
505 8977
156 8978
6117 8979
8980 21
16 4483
8981 1253
2340 2361
772 5310
2778 22
1160 8982
8456 31
137 7273
621 2
21 4680
14 5908
8983 51
4609 84
1726 847
1429 1433
8177 2632
6607 1184
1692 6005
829 1208
4871 175
624 6519
36 8984
8985 14
7615 22
36 3958
1511 1474
14 8986
154 3720
1086 3306
3034 51
6066 6583
8172 14
287 6984
861 10
3794 711
287 163
267 8987
63 6336
14 3994
7092 959
5024 8988
103 84
8 275
14 8989
8876 47
4280 8990
14 1315
8991 36
544 1403
1245 1826
8992 189
611 3693
1127 3783
8993 51
2289 2118
14 5340
3574 225
14 8994
2 5483
74 1520
8995 2191
106 844
5652 827
1145 55
5520 31
477 7204
2171 36
503 8996
154 8997
2808 5179
31 8998
21 72
2723 8999
14 9000
9001 84
9002 225
9003 51
689 2844
1333 648
14 7567
14 6699
14 3020
14 9004
3664 5488
307 285
48 9005
48 7213
3877 92
9006 92
4421 9007
21 9008
16 6319
6583 7703
7291 14
691 1793
2 3792
5538 84
14 867
9009 3219
21 971
14 9010
440 224
2847 92
21 2663
2505 9011
261 106
14 4418
14 1658
3135 459
2432 9012
6 4252
63 459
14 9013
104 8845
122 84
657 14
14 945
28 18
2443 51
1046 783
4036 8035
1248 9014
9015 3765
1061 225
106 240
947 9016
3384 14
3321 459
1040 9017
2693 972
63 2033
8677 274
8 9018
175 1075
1447 3889
21 161
14 3037
36 22
21 4085
14 8763
8171 3908
48 623
324 1978
9019 92
6265 14
9020 159
2516 9021
14 9022
461 31
31 6186
7291 694
2952 8163
14 9023
14 5752
28 3044
220 9024
14 8040
2788 7831
2 9025
6674 22
4324 21
8224 51
9026 14
8405 31
154 2719
875 4153
21 9027
2979 766
9028 14
4799 6
642 2079
943 3535
14 5737
7177 3175
621 4503
7871 339
154 783
943 106
2 723
8 7480
351 3784
87 5720
440 1540
134 6879
215 9029
14 1590
3338 7144
398 5577
6980 22
21 4808
1307 5130
9030 74
7678 1253
1416 226
994 4004
9031 267
248 2094
14 9032
975 9033
14 8793
2508 1276
146 4321
226 4745
14 6559
9034 14
175 117
367 4939
705 51
4403 149
1216 4091
675 9035
9036 6237
1793 472
590 9037
3812 21
6067 329
1548 117
957 4985
459 1700
378 588
5123 9038
367 4399
2561 51
14 4559
1155 9039
21 8679
623 84
175 2
2 1033
210 623
14 1092
48 730
69 689
14 3136
2825 3511
6182 30
6 2370
21 4155
588 9040
2816 106
842 117
6930 829
7354 597
351 765
629 6329
16 9041
598 7002
6 9042
21 3426
8437 96
478 9043
1061 63
2101 6769
1396 6656
1315 51
1051 9044
1396 22
14 9033
14 9045
5582 8856
6 1276
934 43
8367 18
3062 3293
21 753
69 2610
7233 4069
9046 4518
125 6262
8234 6344
14 9047
14 9048
9049 1017
861 9050
2 2975
1808 438
8561 213
9051 36
9052 32
5575 31
3593 9053
225 275
446 210
16 3382
9054 92
6277 84
14 8497
416 4860
1245 4310
7203 21
14 8474
8283 345
9055 210
2878 21
3795 4349
509 476
836 3517
154 9056
190 2603
6398 9057
2650 512
9058 51
21 3814
1589 36
14 9059
1803 275
21 354
7034 51
14 9060
534 9061
43 7069
74 8
1437 345
6317 99
2 7504
4925 31
176 6755
1051 6726
2607 14
5562 2357
4799 5284
14 5678
1429 5609
9062 31
2 6594
28 9063
11 9064
21 8438
8888 14
4 9065
154 6037
1658 1012
48 6294
5143 5447
435 1544
6 459
27 9066
1075 117
611 9067
8425 51
47 1515
14 8271
21 3569
9068 210
1396 4242
5255 21
5853 886
9069 21
122 4830
478 6020
226 84
30 4979
351 35
5473 189
4889 9070
16 9071
10 66
48 8083
3368 4272
9072 2
4212 210
14 1817
9073 43
1082 5862
1695 5039
154 3649
7897 225
807 9074
2 8010
9075 1978
1388 9076
14 9077
10 84
857 4890
4839 818
55 9078
3356 2
14 7355
10 9079
1966 2617
9080 1511
9081 9082
1650 226
2631 5313
106 9083
36 8547
63 818
6 5906
9084 381
3412 2956
9085 21
21 9086
7312 9087
21 7042
6043 4256
716 1419
4191 766
2217 21
173 210
48 416
31 9088
146 5093
69 43
9089 1878
595 623
14 2343
168 5755
961 783
225 36
907 1543
6 9090
9091 1152
1596 226
2 2145
820 9092
6 9093
455 210
4 3367
595 10
3076 4107
122 285
8623 9094
3051 367
5098 31
104 2947
7060 1900
1923 9095
9096 621
2866 6184
30 2836
176 7351
3486 226
7581 14
2599 460
137 9097
224 2069
1020 9098
5164 590
14 5926
461 43
226 8074
870 381
9099 21
1905 5601
9100 2
6751 649
74 1152
9101 827
210 2731
9102 31
947 2826
9103 747
226 7711
14 5722
317 6695
2 6154
63 8272
6284 43
2975 818
9104 43
642 8978
2980 21
14 8151
6610 4
5447 3407
6495 46
595 961
63 9105
415 9106
1088 31
248 7405
5488 21
7177 6
5495 818
14 3214
9107 51
9108 2921
6774 31
8955 168
762 9109
1089 31
4763 1675
54 1761
3451 14
6017 8518
21 204
7835 31
27 9110
448 9111
1864 6447
8026 47
6466 293
7996 63
9112 2871
1046 2786
9113 339
7922 43
244 210
595 1728
4285 766
106 22
1845 6246
78 4487
9114 818
154 4197
149 36
1671 9115
21 7024
947 7207
9116 283
9117 1272
9118 947
22 9119
48 175
14 9120
583 410
707 1050
9121 1907
6870 14
5335 210
287 8299
1089 6711
313 7952
4285 275
9122 833
4584 9123
1940 84
21 4424
772 8072
122 127
251 5854
723 6876
4281 210
1622 7923
448 9124
598 9125
21 934
8011 505
14 7164
707 48
755 6679
4363 187
6078 123
7702 22
14 9025
4351 459
1923 9126
14 9127
14 3709
213 2919
307 3950
63 11
595 6836
9128 391
307 2081
21 7123
9129 2
9130 590
2 5682
168 31
9131 51
168 9132
6 778
154 1572
9133 21
69 1854
2484 3689
4202 51
8 5083
748 7769
459 1581
89 3517
6523 31
198 8398
254 524
21 4568
142 357
21 5743
2553 146
5768 2918
156 9134
9135 307
9136 51
5162 51
228 1978
2046 51
2666 329
14 2787
4011 22
213 9137
1396 21
63 1933
1555 225
69 9138
1300 51
953 6207
966 7496
7036 14
4907 84
69 2801
21 9139
9140 4286
1020 9141
9142 2
6466 18
226 7195
3664 6805
154 9143
7188 3061
8665 1978
154 1197
2315 9144
28 9145
4626 4559
5024 325
2952 5140
512 1713
14 7698
288 545
28 9146
3534 9147
10 9148
9149 367
16 5053
2 3435
145 9150
30 645
7619 2495
9151 21
8272 623
59 137
48 6605
14 9152
32 6846
8478 8517
1978 3353
448 5446
21 1199
2 9153
9154 14
287 3830
16 9155
8581 6414
14 5060
2 1697
4191 225
47 9156
1089 9157
8026 9009
7339 342
154 2874
861 2839
261 3303
9158 3089
14 784
74 2919
48 4896
6172 9159
9160 21
339 8073
0 8101
611 747
21 2070
14 51
6308 9161
14 7274
287 6097
9162 137
1194 3775
154 333
10 9163
21 9164
2953 31
2294 1803
84 8884
14 4166
9165 760
947 2597
378 675
9166 92
2921 84
888 947
154 9167
9168 648
872 6672
8918 230
1040 6
5643 827
970 9169
9170 31
2413 3268
5806 92
1650 43
4416 307
398 9171
4231 7161
1257 22
14 9172
274 43
1216 1159
5803 4288
14 9173
14 3665
9174 31
1701 800
680 43
1152 9175
6430 299
175 894
2401 2219
14 9176
4748 84
216 9177
5723 5561
1592 240
2574 43
1423 623
2879 2171
137 9178
9121 251
63 2249
1127 210
106 4987
47 9179
416 6620
14 9180
2 9181
21 5288
648 9182
8034 31
5905 329
6663 4511
154 4454
36 3411
3945 5767
122 5275
2594 9183
8180 293
21 9184
875 9185
5903 51
106 1474
623 3881
943 8197
413 139
9186 2
3092 3312
2 3060
36 1893
310 6314
14 500
9187 1152
590 9188
5004 14
4146 2521
4 9189
440 302
2 4809
4679 509
9190 369
1020 8563
811 2886
14 2172
14 2363
4046 152
3686 5887
9191 821
3072 225
1693 21
8 1570
7756 623
5170 2394
3821 9192
4421 7032
580 431
63 2840
9193 327
5057 225
595 31
14 9194
503 31
1650 1425
5884 14
48 69
9195 299
1020 9196
7589 146
531 9197
28 3208
4621 1243
48 378
367 9198
4119 51
6593 51
117 6710
14 4887
846 1397
7959 210
2883 251
2 6633
5236 4
9199 84
36 1293
21 9200
3321 10
21 8638
92 9201
14 6926
1082 1337
14 5184
8903 51
71 2020
5229 544
14 6472
1179 5322
2505 2396
2422 4521
5533 2
3664 4693
14 6291
642 9202
3945 6524
417 947
146 7890
925 1248
2 9203
21 5103
5730 9204
8352 27
5968 176
1698 9205
351 47
449 590
542 1429
190 9206
9207 3765
137 8416
14 7607
815 818
5288 43
184 6615
3440 1179
367 9208
9209 92
809 7197
3000 43
48 5879
63 9210
137 14
213 7398
4 7787
3391 117
1152 960
267 9211
4682 51
367 5187
125 2614
9212 21
2 9213
2419 1276
21 3444
2 745
131 9214
48 7203
21 9215
8033 31
63 394
398 6515
459 927
294 4359
9216 267
63 275
310 9217
5878 765
9218 293
2185 1059
14 3123
92 6975
2 5100
367 9219
43 9220
803 9221
14 7038
10 6332
8343 36
8670 226
21 9222
448 9223
2130 9224
9225 84
2 9226
6586 145
14 4628
2 9227
106 3035
69 9228
69 8113
1146 55
125 9229
21 9230
2 1503
96 6603
7673 9231
2710 734
226 5738
7984 8282
8416 51
2257 3850
9174 21
10 4566
6 1403
3557 22
875 9232
69 6077
551 9233
2866 8461
14 6059
14 5363
6 590
104 5271
45 2832
1828 6393
69 9234
9235 10
154 176
5028 2544
1487 36
2 9236
146 3044
9237 2138
154 9238
53 2484
8923 369
2 9239
947 6701
21 8583
544 7889
106 9240
28 226
713 210
48 1857
9241 14
14 5602
381 8596
2158 22
48 611
3052 14
707 595
9190 934
63 6402
9242 9243
449 2944
146 2255
21 6819
7490 6
31 1482
10 5057
2723 2933
21 6747
30 175
2103 21
48 30
269 110
799 8
14 6997
1445 848
110 1991
947 5953
9244 9245
63 534
30 3721
225 9246
9247 31
4 4632
3208 9248
110 363
4268 2778
3156 8621
8362 6238
4294 51
363 226
2319 22
9249 1337
872 9250
486 47
388 748
14 5468
106 540
1661 6975
87 9251
2505 210
48 2069
338 689
3136 8337
3658 210
117 5717
3129 8076
8521 31
1349 63
9252 84
2 36
3278 1466
3033 342
4590 189
2 9253
478 1551
9254 4892
21 2680
9184 51
5762 1075
329 9255
28 9256
1061 3707
21 8472
48 9208
6 190
3269 6979
279 9257
36 51
21 9258
21 9259
9260 5217
30 3455
8106 14
1548 9261
154 31
16 9262
16 4626
9263 1107
9264 31
8053 374
9265 22
92 2197
21 9189
1661 9266
152 9267
9268 6917
9269 14
224 351
4 9270
9271 99
9272 1978
14 793
4191 8742
106 5864
21 3902
1672 210
2919 3765
3174 354
3534 7642
190 4171
9273 43
7366 69
16 9274
675 9275
21 1812
2 6557
1342 2014
2837 92
4363 31
154 1709
459 6781
36 4864
2893 164
849 822
4579 92
8660 14
21 2296
5566 28
21 2871
2866 9276
110 651
6818 21
173 226
9277 1591
6051 51
9278 21
1470 149
14 9279
9280 84
5326 9281
106 3000
14 7622
14 7719
1895 10
9282 14
748 9283
2919 9284
14 9056
5786 293
9285 14
8375 51
7957 9286
2 1804
2436 512
7924 1595
2114 6451
590 9287
6487 21
803 2233
114 9288
689 1548
154 8643
14 1033
762 210
110 1907
21 7151
3008 9289
7706 9290
2 8551
1905 772
14 2470
226 5247
14 9291
146 2521
294 8672
8871 2
9292 31
952 9293
6 2110
338 69
154 1584
9294 1034
738 4
257 7747
2222 972
16 2229
2 285
21 1190
2719 3991
4 9295
10 7959
6 4592
21 3265
9075 225
367 9296
65 9297
3573 4421
117 36
2126 1176
1084 1882
312 31
6579 110
21 9298
3912 43
7214 2557
32 9299
21 9300
213 3696
1200 9249
9301 19
28 2082
14 9302
598 225
9303 22
9304 51
2 9305
324 51
9306 505
590 9067
2275 7758
1351 9307
5083 22
14 9308
1012 9309
265 905
2 6047
324 1241
3529 7931
7611 21
3069 2544
3254 9310
6626 92
9311 21
842 54
312 7910
31 1318
21 9312
14 6136
154 192
10 9313
63 730
9314 267
1061 9315
5639 21
224 1541
1919 4415
1234 1360
21 6554
3583 516
9201 1268
317 9316
5302 7517
381 92
48 8074
1923 9317
92 2711
4319 31
2505 325
307 921
283 9318
642 9319
149 4325
9320 9321
287 9322
2866 9323
21 3045
30 8313
1396 458
6149 210
16 9324
4122 984
7770 210
1734 31
1908 8055
154 1153
3787 595
8773 51
2984 110
21 554
7877 381
106 2768
6087 2346
14 8590
9325 827
9326 210
22 9327
9328 4
9329 385
8394 21
14 9330
9331 31
1243 9332
125 880
367 354
1089 1902
21 9333
2891 5543
699 9334
4782 509
1661 2
154 9335
2649 9336
53 2
378 36
1000 21
106 7463
655 1445
213 6784
14 1639
21 9337
2126 7576
3687 99
5281 210
1354 5268
716 581
5576 117
63 1502
489 5741
1651 51
189 2496
1225 21
2 298
307 7955
27 9338
459 1868
6077 734
811 5050
9339 21
947 7076
8481 811
14 8060
9193 21
9340 51
665 9341
9057 283
9342 1474
28 9343
2315 9344
4107 9345
267 9346
92 5608
9347 175
6747 84
5250 21
5251 1059
1698 9348
1939 36
456 36
947 3228
21 1592
505 3770
7176 4428
9349 47
6890 827
456 4037
14 6618
846 254
14 9350
14 4374
2505 9351
1628 31
63 2271
5047 51
3750 36
71 226
5429 9352
14 9353
9354 31
48 2484
30 9355
3534 9356
9357 22
2 2921
117 6813
244 226
63 2086
385 762
5981 84
293 9358
4647 55
21 9359
2259 210
14 9360
9361 1654
9362 51
48 7529
21 1033
611 9363
1675 5819
5565 36
6 1621
291 2921
28 84
21 1256
21 4692
1184 3083
9317 963
1216 6332
4395 84
9364 1496
689 2446
961 1430
642 9365
5012 2
9366 21
1608 37
154 9367
707 594
14 9368
9325 947
2 8784
7745 5041
1608 36
106 9244
9369 461
367 327
3970 9370
4485 8
16 84
543 210
1082 4742
961 10
2 3730
2044 4221
2966 43
154 9371
14 934
1155 225
1035 747
5362 47
287 6768
9372 2068
1292 36
14 2519
14 9373
611 221
9374 21
154 338
760 9375
6847 7792
9376 22
9377 51
9378 4671
14 1530
3772 14
1429 5344
14 4929
354 9345
299 1579
2044 31
8 7529
92 51
9154 257
9379 31
122 1075
9380 391
16 9381
312 22
63 733
154 168
9382 4
1289 1581
14 3325
5578 833
69 7729
69 7724
680 254
21 631
14 9383
2 2850
14 2715
4108 717
9384 2557
257 106
8 9385
21 9386
302 1144
21 9387
369 9388
6991 9389
2338 5464
6 1360
2 5499
1530 31
3969 43
152 806
9390 84
63 9229
2866 9391
46 9392
2470 31
14 4757
9393 283
1341 2196
369 5760
21 623
84 1403
14 1548
6867 1276
8001 441
7121 9394
28 4110
689 92
2 9395
9396 275
9073 36
106 9397
226 4069
14 648
30 6197
6 4014
192 9082
503 9398
9399 106
9400 31
689 299
679 47
7751 51
404 8729
9401 84
3556 952
6190 9402
2 2453
607 9403
28 9404
154 6138
14 3957
1211 1587
317 18
2949 7738
154 6795
861 2250
261 4603
9405 1591
1107 14
9406 84
1243 7399
1059 31
84 9407
329 5558
63 6568
2 223
9408 3765
875 5984
48 37
2568 51
7832 14
163 9409
30 21
142 9410
2 9411
10 7470
54 288
7395 8649
4194 4123
7442 9412
210 9413
1769 275
1442 7232
9414 2
2 8710
48 2544
8068 32
2463 51
2093 1879
14 5910
1589 9415
228 9416
943 8630
31 8566
242 126
544 2255
287 9417
2 1032
9052 818
9418 2
146 9144
92 9419
611 9420
9421 2649
168 6185
93 2263
8371 3893
220 4614
6374 459
648 9422
123 8351
14 8741
1170 8
48 553
3406 2144
9005 72
503 2649
1608 240
154 9423
9424 3368
9425 82
416 8
9426 9427
9428 2
748 6000
14 4359
30 9429
9430 21
4421 8700
8177 597
9009 51
975 2618
870 2
14 164
1584 9431
4685 1050
2 4470
16 5728
14 8567
21 9432
2321 3569
1475 9433
14 43
1981 92
10 5679
2960 32
10 1335
2 9434
9435 299
9436 2326
2909 1675
6 9437
772 3566
14 9438
3309 760
1253 1241
69 3188
2 9231
175 689
294 21
3747 31
1312 3064
9439 3675
5447 9440
3974 36
3996 2368
459 2689
21 9441
106 5692
307 9442
3799 84
3129 5463
154 264
154 8518
14 8252
14 7961
6512 9443
7522 14
14 6998
1539 8445
55 9444
21 9009
5574 8
9339 287
6722 9304
2643 84
1615 51
1981 9445
74 700
402 9446
2 2399
21 6667
1061 9447
2835 7977
16 7515
3414 36
9391 51
9448 32
2 3986
154 4745
2 9449
1167 210
175 7691
5345 391
287 3797
9420 8
595 9450
21 8003
265 9451
7490 210
367 21
2587 1990
307 287
21 9452
48 9453
2331 5673
14 5367
14 5076
9454 1140
1160 6841
307 888
2 9302
6 1858
922 5481
93 343
2714 21
9455 51
2591 2444
21 149
112 140
3810 43
9456 14
2 9457
9458 189
9459 4084
2446 210
1396 7034
10 762
9460 5316
707 2126
3850 9440
21 9461
369 4855
8433 51
16 3230
2751 2789
48 2789
21 8040
6966 14
9462 1445
102 1278
9463 226
9464 164
9465 36
122 2408
3028 6085
14 3662
819 36
8697 106
2322 1900
872 8731
48 27
398 9466
9467 14
37 518
2967 14
1013 9468
9469 2122
544 4745
3609 92
459 406
339 9470
528 9471
14 9472
381 2527
367 3486
7600 4
4346 9042
21 2169
225 6108
1838 9473
63 8855
14 9474
152 22
21 3606
455 10
48 961
2 5530
14 9475
176 4264
2294 1904
611 227
154 456
4268 43
168 3708
14 117
5449 381
226 484
21 5155
21 2076
398 5946
9476 31
652 947
1878 9477
224 10
509 9478
755 8619
9479 43
154 9480
110 275
87 9481
154 9482
3186 818
190 9483
531 9421
21 5460
9484 36
9202 785
1721 36
1792 51
156 9485
670 9486
3157 7448
36 9487
30 7499
49 43
7516 31
117 9488
1675 9489
872 4933
4485 2485
9490 175
2720 972
416 2744
1923 4473
48 4069
746 14
21 648
48 394
285 8390
517 371
4144 9491
2004 562
4027 31
4256 923
176 5328
1294 14
14 6161
2327 299
53 947
10 8001
1082 6282
1387 1728
6 4733
9492 1184
4612 7392
9493 14
564 1813
2 2581
21 383
1721 338
4 9494
7429 21
2223 975
1472 226
14 6724
8 9067
8494 257
9459 2326
7556 117
21 9495
720 8233
2 8244
9496 11
413 112
6337 3174
2288 6
125 53
4622 5911
895 51
9497 31
106 6065
7938 92
154 429
9498 1519
7122 14
9499 963
1585 210
7127 21
3574 275
2325 3683
146 3009
9500 6268
367 9501
4 9502
652 9503
7309 210
42 51
598 31
9504 1300
3253 272
21 5360
294 117
14 9487
2294 2386
7395 505
14 9505
8 3916
7625 96
1447 5734
9506 391
14 9065
339 8023
807 8702
8973 84
72 31
21 7586
2114 3225
721 2
3056 51
21 3922
5352 9507
590 7133
9508 31
2697 1059
1234 2066
1266 140
14 8484
14 9153
14 9509
1437 9510
213 2067
6 1198
2255 21
37 210
6644 51
590 2414
1040 36
6655 210
110 11
8416 9178
14 6091
5153 4734
21 9511
680 36
2865 117
5975 14
14 6417
28 9262
9512 21
595 22
3622 31
2 5159
1041 36
8040 31
30 1954
6044 9513
367 8029
21 8545
2 8657
5288 84
8627 51
9514 31
63 9515
97 31
31 8233
7714 31
5878 461
2 354
21 7964
9516 14
1663 5311
243 4734
597 51
14 4440
2835 31
4 9517
146 7348
2628 9518
9519 2
2 9429
14 6809
9493 1107
416 2402
961 4896
89 9520
36 2613
4282 22
893 51
1059 275
213 8007
9521 818
154 9522
259 92
2 2108
14 8219
7328 14
4 9523
1216 356
775 146
2 2778
9524 51
717 9525
6096 69
9526 43
63 9527
8480 31
1862 43
6 354
14 1461
48 5264
9528 2122
2546 9529
1086 441
14 9530
14 2961
9531 32
225 2795
236 2476
9532 3938
7836 51
2 6728
524 6072
121 21
2952 6221
1000 9533
2315 8154
8310 51
2544 9534
381 7835
1315 9535
14 7384
4 8463
9536 505
63 9062
2841 7960
213 9537
9380 9538
9539 18
224 110
14 4442
9540 1966
864 5881
9541 621
1672 225
63 2396
14 9542
601 2686
4 1669
8544 3035
5919 14
1245 9543
6 545
9544 3587
3792 5260
2256 8738
226 2986
154 6637
84 902
1808 4676
6214 9545
154 5702
6274 3540
4505 92
2332 31
2526 51
2157 106
7975 3140
4647 8054
5215 9306
1651 3852
3436 3630
4 4979
154 3252
1675 8023
14 1514
3321 6494
3492 2259
213 9546
14 1660
14 6168
3568 9547
92 9548
21 6552
106 9549
9550 14
9551 51
3712 31
9552 872
168 3334
48 220
707 122
1568 342
7810 4
880 226
100 84
149 9553
9554 36
4636 31
9555 369
30 8057
213 3613
21 6159
2030 31
1226 2921
14 382
154 9556
9557 953
611 9558
307 288
14 5760
8562 872
931 9559
49 84
106 9560
30 36
14 9561
2484 1594
159 9562
225 1064
9563 2
2 9548
747 5062
4627 9564
14 772
8016 9565
9566 8528
21 6757
6630 36
441 3312
9567 21
9568 27
298 9569
6 1356
2081 2
93 474
267 9570
104 8999
9571 289
14 6769
6376 1335
3650 36
168 1337
43 31
21 4688
14 9572
122 4148
21 5404
2200 226
2654 9573
21 841
65 9574
1312 22
1089 1223
2096 1016
5327 14
1808 14
449 2791
1243 7473
2 5591
748 9575
3645 163
9576 1406
378 43
2 2901
3412 1793
748 9577
983 5399
8452 505
137 6425
5592 164
1608 2244
9578 117
9579 3362
110 431
9580 2621
3486 8
2041 226
618 9581
2 3127
402 9582
1194 9410
971 43
48 1757
8677 3120
9583 14
1537 2289
9311 14
21 2917
6 4284
4291 31
1194 9584
4372 51
621 9585
8149 1978
1698 9586
6149 8901
154 21
14 4295
63 4527
1605 818
146 9587
21 240
3368 1861
9588 51
8171 2318
6492 2217
9396 210
1250 2905
14 163
9589 21
1127 8
2269 1990
9590 31
14 9591
4403 9592
4723 51
21 2301
48 72
1540 275
8889 7765
9593 287
2751 2984
5194 4096
9594 31
16 9595
4287 51
2450 4725
9462 14
398 8508
7378 2
9596 14
9597 259
642 9506
2 8949
4 9598
611 7781
4194 48
21 4049
21 9013
5261 51
5675 4
213 7089
21 1510
7822 36
3079 43
74 9599
1606 172
110 6662
9600 31
3698 51
7087 2649
63 3491
8089 2826
2544 9601
1919 4106
1243 963
893 84
9602 14
16 5169
14 4579
2259 43
48 110
5024 4874
1845 175
5178 7204
28 801
3253 1558
1654 31
1315 36
4783 6536
4357 2
8 2770
14 5641
9603 1152
4466 283
699 9604
14 5056
9605 21
489 9521
14 1503
1020 9606
225 1334
154 4921
2 3780
4443 31
8805 461
14 9607
114 7371
21 9608
1082 7265
1802 1102
7557 14
325 762
8608 4
1923 5080
421 21
14 422
9609 210
2372 1427
807 275
287 36
642 5431
267 9610
48 4745
9084 367
110 2403
5229 9611
8124 43
14 1390
4420 8382
1698 3329
2887 818
267 9612
7333 31
4230 342
4194 122
299 9613
69 36
2942 9310
4284 51
4361 9614
4476 31
48 244
369 2681
9235 8
8850 391
398 7372
10 5247
4 6192
595 7547
6850 32
811 3046
2673 8555
53 9615
9616 51
9617 872
477 9618
36 9619
31 9136
6 1814
0 9620
8159 818
345 36
9203 1897
154 9621
1661 31
1351 5890
2 6765
251 8110
225 9622
975 22
21 8484
947 9623
9099 14
888 84
1587 9624
385 2148
1300 4149
9625 14
226 210
2 9626
9627 36
2 5760
68 5411
9628 621
1400 952
2499 1868
369 2894
7665 9629
7598 36
110 325
3181 69
611 1241
267 9630
9631 2826
55 4648
1845 9632
9633 2422
444 2168
21 9006
106 1033
55 9634
4324 8953
1881 959
2465 51
717 9547
7148 43
9635 31
2001 7008
111 210
21 2463
5667 1144
106 1187
9636 329
14 3040
75 3765
9637 43
1075 2
7985 329
864 9638
9639 43
7984 766
6366 14
2992 21
110 2697
122 293
28 9640
106 3359
766 4734
0 9641
1046 9642
69 9643
750 51
1584 3584
312 8109
106 18
4072 68
16 947
680 1925
975 8232
125 210
48 2911
21 51
642 3457
1000 106
5092 14
4918 31
8748 1581
48 1761
357 84
6695 293
9644 14
312 9645
642 9646
9647 3765
9131 43
106 1794
485 189
226 68
2294 766
2138 5069
2 9648
6534 1152
6804 31
14 7066
9649 21
1998 43
9650 14
106 9651
5226 9652
937 4421
1127 9653
8061 21
1020 3822
9654 31
4296 6190
595 32
190 5109
1474 3074
14 9655
2 9387
244 7309
4 9656
1058 9260
807 9657
21 9658
4980 8105
287 1959
9659 42
21 9660
1155 446
5780 43
21 8271
2417 32
2 5400
665 325
9661 14
14 4889
9662 8842
274 9663
21 688
9411 31
4575 31
9325 2982
8530 31
9258 31
14 8997
106 7968
1856 43
226 1993
28 9664
7568 4
595 1272
14 5008
9665 1578
9666 6044
14 4176
2 9415
14 9667
2654 6211
5893 312
595 9401
9668 2227
14 7
7244 1817
9669 6602
14 9670
3086 9163
7972 14
9671 1581
9672 597
14 9673
146 9674
4 8710
9675 14
983 8409
4 9676
5823 21
48 5229
2984 8
55 8724
123 117
2 9677
3523 14
2 9678
30 3615
48 4546
459 3457
294 263
14 6540
110 2158
505 275
176 43
154 5958
1447 9679
106 298
3850 9680
3656 9681
14 9682
9683 1760
137 2178
6117 9684
3076 354
378 9685
21 1462
1234 92
648 373
864 9196
9686 84
1429 8030
440 590
30 6399
14 4796
1445 84
413 9687
14 9688
2338 10
14 9689
9690 14
6781 441
8603 31
5250 275
30 1059
1661 22
1152 6311
7793 14
156 9691
14 8420
724 117
741 766
63 4800
5786 528
367 3556
5653 31
312 2618
257 210
4201 36
267 9692
9693 2422
154 3836
447 210
9694 6917
3433 6
3069 4311
14 9695
9696 164
63 4630
48 665
8123 36
1087 2863
21 2630
642 9697
821 9698
590 8977
5681 175
9699 51
2256 3850
226 708
21 381
748 9700
9701 21
381 8563
1082 3123
5487 1675
367 14
4576 8
14 49
9702 1978
14 3347
9703 159
5042 3776
509 7989
92 9704
6534 959
14 2419
9705 110
1086 84
14 4526
442 9706
6581 240
3711 21
1212 8325
122 1651
8158 6860
7508 1511
22 6489
9707 240
7792 1416
324 110
2 8794
303 36
2638 261
123 9708
1551 1707
7531 766
5194 9709
14 9710
6 8670
3489 9150
14 8444
146 9711
9712 621
7913 51
3512 1416
14 5788
21 6109
2 9713
748 3025
4547 954
1994 51
1479 21
63 5318
7599 14
48 712
329 1453
14 9714
6949 51
8275 14
84 8435
258 766
803 7314
9715 2138
28 5571
807 5402
21 783
7957 941
1145 6988
2505 226
2461 818
1202 31
9716 31
2216 2951
1845 8747
1020 9539
14 3086
9717 84
31 8161
154 5468
9718 4216
8272 3670
947 8201
48 1585
378 10
1364 117
92 6558
970 5145
8424 5521
1587 7590
6515 3013
9719 31
14 9208
14 2217
14 7196
947 9720
6861 21
381 2896
114 2893
1785 4281
2 9721
1270 9722
36 461
381 4619
870 299
440 220
2 1536
858 1441
4583 18
67 27
1058 84
5425 9665
6247 3876
652 9723
10 9724
5088 5918
14 1230
590 4961
2940 325
211 2
9725 7511
7556 6
14 3011
2628 9726
16 9727
216 1973
448 9728
2646 36
21 4925
21 9172
2110 210
8 506
48 1658
1300 8646
37 226
8008 164
748 1708
14 2613
37 14
7203 226
9729 31
21 9730
1230 84
63 1216
544 6
4718 9731
213 5792
216 225
503 1474
5485 312
3581 4128
10 8237
2 4804
9187 972
9732 972
5541 394
898 9733
2072 5578
4078 31
106 3086
9734 642
80 5187
146 5082
154 9735
8772 4842
14 3805
69 2142
63 461
9453 766
4 5430
2 8330
1061 8053
1615 7006
127 6549
48 1082
5579 3641
69 9736
7501 9737
1908 9738
5472 4047
9739 7319
1020 7406
30 9740
507 6187
110 5828
2 4365
4 4254
3264 51
5972 9741
154 159
9742 21
723 8881
966 2649
381 4722
14 3250
367 43
2501 2516
329 6703
9661 2
14 7806
257 4254
680 9743
1419 7861
367 122
5985 14
21 6056
2 9744
2 371
110 2621
966 5544
154 9745
9746 2
294 5955
5027 9747
40 31
1197 3379
189 8442
807 2110
875 9748
179 6778
1618 2318
3388 922
440 609
2 3679
154 290
21 9749
21 2936
1814 117
3185 4446
4 21
4360 99
9750 456
213 9751
544 4474
257 9752
287 7712
6615 1963
2 5580
8659 31
137 456
2 5901
590 7001
2 4873
807 385
106 1012
14 8961
4421 2077
9753 21
154 6197
2564 9754
440 1862
8098 4362
9464 99
1838 963
6722 43
125 4905
9755 766
31 9756
9396 226
9757 43
748 14
8947 51
402 6609
811 2255
14 102
18 210
224 117
598 9463
9758 5142
48 4032
106 1403
168 8950
84 5837
2702 483
9759 299
168 9760
21 5749
9761 2613
226 5083
175 2177
14 3715
9382 14
106 84
14 7088
9762 14
104 1805
48 1215
7746 51
125 6780
2921 8505
14 7227
14 1075
244 5256
9763 4222
595 1896
831 9764
2 1415
168 5371
228 2736
2 6601
14 4226
2 6998
21 9590
1127 783
106 40
4621 146
21 9591
6851 2
2 1877
137 544
125 10
106 793
14 2258
21 7554
175 7844
943 4969
459 2731
4733 8797
7991 14
398 258
440 446
623 31
9765 14
680 2
1396 9766
8882 4240
14 4304
5496 524
8002 51
1769 226
21 3098
14 9113
9767 1427
2469 225
16 9768
1075 9769
154 5568
3157 3427
48 2946
1197 9770
2515 9737
6033 1445
350 7425
110 961
5164 941
14 6112
122 1419
1658 492
9771 51
5447 2050
2 3246
48 5057
122 1548
607 9362
440 3574
807 5959
9772 14
154 2975
3222 21
43 9773
367 544
9774 36
931 9775
21 8257
6239 21
198 4025
9776 43
63 424
6801 2
89 9777
449 4281
2114 14
9778 2326
9779 8325
14 5015
69 31
21 9780
6 8312
4615 31
104 9781
110 3691
5244 621
3924 9782
303 9051
880 10
8779 51
6 5254
2 9783
287 2105
2 4426
3574 2428
5485 544
63 5482
154 9784
257 37
9785 3641
84 9786
9328 69
398 9787
1175 9788
367 5975
3813 1152
1127 258
1862 9789
31 8130
1061 224
14 9790
6337 342
5529 827
2 9607
6533 84
448 1913
3121 3159
2 303
9210 84
398 9791
9134 3309
9656 36
225 9792
4132 861
267 9793
7046 84
2281 18
6710 51
611 9794
9795 2
122 9538
14 8924
9796 5387
8 9797
8510 14
1050 7286
1998 31
2952 9798
8809 31
168 8836
299 117
9799 72
2396 210
210 84
24 9800
4 9120
267 9801
14 5007
1675 31
9627 2613
7832 21
2599 1432
14 4704
9802 72
2326 3684
4830 226
21 848
9803 51
9804 1466
154 6964
106 55
1628 947
9805 1179
7589 1198
10 1763
8482 51
1923 4321
652 6055
63 7002
2114 5634
154 3066
294 9806
2878 159
2825 9807
9490 5896
21 1916
3787 8826
9354 51
459 2591
9808 4067
975 3066
21 7914
14 2013
369 3223
9687 140
8893 84
7759 6369
1502 9809
267 9810
2661 818
5887 5414
2 9127
6 2552
966 9811
6398 9812
1613 14
544 12
724 1366
1400 6477
9718 1946
154 369
5472 871
1237 14
198 9813
8015 51
14 8265
9814 31
595 3399
367 9815
342 1498
1560 2572
4706 7757
137 36
10 9816
154 122
6727 684
3033 3143
21 6894
1646 210
2 9432
9817 724
3321 110
48 4174
489 9448
1233 827
959 6811
9818 2719
5332 9819
154 5545
9820 503
6 117
314 1037
8 505
1652 6
1101 21
7942 21
69 8595
37 4148
48 123
642 9821
595 766
1040 1919
21 7077
275 5303
106 2416
267 31
1051 9822
8607 43
9823 14
48 3072
92 5861
9824 21
9508 51
4069 9797
3199 1152
161 6637
723 6947
367 164
28 9825
186 373
966 9826
63 7107
71 7234
21 9827
4956 689
2579 1253
307 381
707 7071
21 8184
11 9828
2136 3137
872 9829
7902 51
5451 680
21 7210
9830 36
388 6696
994 5155
1170 226
1793 1219
9831 21
857 587
1241 9832
2880 114
7339 4231
8587 2
16 9833
1160 8528
7336 51
14 9834
394 36
3239 14
74 4065
1322 210
2602 213
1917 110
125 21
9835 4107
1923 9836
872 2242
7908 84
28 9837
14 4640
154 7298
9179 169
9838 99
14 9839
215 8734
1020 106
190 9840
63 9841
225 1335
5115 9842
6309 9843
1180 6
14 9844
110 5574
9845 2998
2516 4819
5316 31
4182 2
3457 9846
367 226
21 9847
1214 9830
154 1955
811 317
861 3973
14 2141
244 10
1012 623
680 47
14 1143
748 3775
398 9413
154 9848
621 9849
14 4150
9850 99
14 2490
943 5099
63 9851
14 6513
110 1502
1906 505
14 2312
14 986
9852 31
14 9271
48 3795
864 9698
4603 972
14 9853
7479 461
621 9854
14 1072
7197 7496
5385 51
14 1792
1973 6745
3269 9855
9604 616
21 6350
48 545
14 4931
4810 36
705 31
9795 257
2697 766
8692 210
14 370
1039 1315
154 4522
106 3702
5340 51
9856 55
9419 2835
1684 9857
228 9858
5392 6746
5671 27
9859 2289
1061 325
8963 2
154 9860
9861 210
417 43
1400 293
367 9386
2 2381
9862 1907
2177 417
9265 14
748 240
8460 65
1243 9863
367 2569
6373 51
14 7394
1848 8434
1511 9864
9865 31
1234 84
307 1661
9866 1152
63 405
2975 51
9867 477
213 9868
803 9869
9870 31
14 7365
7397 2
1419 5119
9871 4827
1445 689
3945 9872
14 9181
3055 210
110 7561
4 3544
16 9404
9873 6715
14 3651
9874 6916
2 6077
1923 4507
4569 3408
92 987
68 9875
8156 21
2578 134
175 1033
3378 9202
2 1298
1215 110
28 9071
765 1962
943 9876
2971 6572
6 9877
1642 31
1838 9878
1020 9879
9880 339
458 8067
21 4264
8869 1661
125 7498
55 9881
595 385
175 1548
367 9882
2628 9078
3176 2422
14 9883
398 7170
43 9161
9884 53
313 96
544 705
4958 3871
9208 9885
342 353
1671 765
63 7138
807 7203
48 1548
92 9886
48 53
226 9887
4122 106
5039 9888
14 4920
106 2055
822 4180
9889 280
7122 1964
63 159
1089 7438
9890 51
3362 588
4512 648
14 839
6374 9891
2484 210
21 3617
226 461
225 9892
14 9893
6901 21
7221 84
2 6547
21 1496
4 9894
226 18
9895 1062
48 5303
10 785
3297 8223
35 117
225 505
2138 14
1665 14
225 1556
9896 3690
226 2479
4424 9897
4178 51
5042 697
1245 9898
9899 43
595 5498
21 8814
1881 3534
125 3519
9900 21
18 36
4144 2158
2778 36
943 10
1419 2546
626 9901
367 6021
7495 210
503 9902
590 1575
69 7893
8136 4237
441 1978
2 7199
2275 9903
14 8576
3758 668
14 9027
2625 9904
14 9905
8699 14
1351 9906
4768 8388
2 96
2577 7421
1000 2432
2 4741
1675 9907
2079 9908
4575 9909
14 9910
122 351
9911 43
5900 293
1020 8144
1838 9912
14 750
21 9665
21 9367
74 36
1020 9913
99 9253
3114 9914
9915 146
381 9916
9917 5447
6170 6974
5828 210
53 117
367 37
9918 159
367 9919
7773 164
8463 31
595 7906
4 6010
6331 210
6 5303
2922 149
92 9920
2 9215
807 2751
6065 7503
110 293
755 74
486 5470
609 8168
9921 92
2 6273
14 9922
163 794
440 4437
9923 367
9772 2
294 2975
28 8642
202 6677
9924 21
3231 51
14 1345
2 9925
966 9926
9927 327
680 8876
1193 2826
9326 3765
7433 1194
2 1283
1906 8072
1445 43
21 1797
5024 8856
1243 9928
367 9929
689 2259
351 227
3850 3074
3316 43
3328 9341
4475 2599
149 5952
9930 1502
21 5206
8124 84
175 3296
5458 8495
9931 159
2338 6453
824 210
4485 6279
6857 31
2148 5158
287 2063
381 723
14 9932
14 7383
134 693
8309 43
21 2259
9933 5795
5116 92
14 8606
561 2544
381 3205
1445 9934
359 3591
2 7749
14 9935
63 9936
4700 31
755 9937
861 9938
21 3031
8784 51
367 7259
5415 642
926 51
2 9939
7221 2351
4404 43
1445 2088
540 9197
947 3471
48 1652
7080 1513
4508 2
14 783
2315 18
8448 275
69 1308
1020 9940
1989 611
28 6479
9941 7221
4 9942
21 2888
14 2508
1919 9943
14 3513
7510 267
4244 7292
6 5828
9944 1587
9945 283
14 9226
489 9157
9946 51
104 8049
251 9947
7550 1243
1877 31
9948 31
106 4114
4 5581
9949 6
1081 9950
7717 21
4505 14
3999 31
2873 9951
416 63
36 9952
9711 4740
14 4291
2 7546
9953 1502
9954 6431
718 528
3306 210
14 9457
2 9955
9956 2615
14 4567
1160 1024
122 8560
154 7488
2035 14
137 2620
92 1697
1604 31
9957 3277
1845 210
7867 419
14 9766
947 1102
154 998
7305 461
2434 14
14 99
179 9266
648 3510
4 9958
1539 3215
8296 7927
154 3567
3761 7363
8708 9208
21 8174
14 585
3309 9959
14 9960
21 1410
110 6222
9961 2548
154 1033
1642 275
14 9962
21 2190
3792 43
2 9963
14 6109
14 3266
125 7863
724 7779
2879 9964
9917 1260
14 9965
811 3529
7126 210
223 36
21 4698
2130 595
14 9966
5828 8
14 9967
63 7561
14 9337
9968 14
1477 1701
48 5542
7510 9969
2 8937
137 9970
9971 1907
2229 7916
400 22
880 623
14 5580
2984 210
1492 225
16 4885
7521 2491
9972 1152
21 5663
10 4609
294 9271
6973 43
6815 818
14 9973
226 7417
6778 84
14 1113
6510 36
692 7117
9347 84
2294 6111
440 5332
1762 3960
154 4272
1698 2997
595 9974
9975 3521
5384 51
651 210
4778 43
204 31
21 9976
21 684
9977 2092
643 8276
2069 210
381 9978
2 8410
21 9979
398 8111
807 9980
720 31
5398 2
287 84
14 9295
1354 36
14 9590
6 74
14 3576
168 696
14 4387
7444 1589
14 9981
7723 63
1197 9982
9983 1591
9984 8822
10 3185
1606 84
842 8364
3105 1907
5820 51
565 1751
4629 31
2340 844
175 92
9985 595
5627 31
1017 505
298 18
1728 3947
9986 187
154 4713
9439 2826
106 4244
9987 648
1075 3024
590 9988
2919 9989
93 3998
21 3580
1020 9990
9353 51
9991 18
9992 14
9993 2266
3632 818
2878 381
14 9994
14 2462
9995 1062
154 48
3050 36
48 1958
63 6797
4414 31
69 9996
10 4152
154 9997
1573 21
8171 1212
595 14
2 161
30 3834
6 18
14 2442
1350 7480
5151 5259
2 422
689 456
14 7056
2 1982
9998 827
21 1354
898 8
16 9999
2158 477
505 8801
1197 84
10000 505
21 9970
1224 1189
5869 14
10001 21
6196 283
14 9939
3701 110
10002 21
169 31
5752 1599
14 9545
909 4333
4412 51
93 8894
9492 329
8193 92
10003 516
10004 4740
179 8827
14 2703
2419 31
2498 952
1447 3629
10005 31
8 6389
957 10006
21 6409
689 2483
7317 6
590 3398
14 5491
21 8829
2 10007
213 10008
2952 84
8746 84
2866 3316
10009 21
1661 870
2 10010
10011 461
2678 1817
446 8
1466 10012
1020 10013
36 2932
92 1048
179 210
10014 1094
2 872
1721 3135
21 7634
642 3908
367 2054
459 8291
308 10015
1808 9798
818 10016
21 8860
680 10017
14 819
240 84
822 4720
154 1929
811 5790
748 10018
48 7312
7455 267
8 1706
4741 176
154 4833
2 8613
2049 1050
30 10019
48 5574
4003 339
121 189
8869 21
9597 84
10020 51
10021 51
3575 31
48 446
6113 4708
2255 27
7613 92
5096 10022
236 10023
398 9609
210 1519
3099 84
3534 3542
154 175
8203 55
4 10024
6239 1443
2004 51
154 10025
31 9561
168 2306
959 2412
947 6379
807 8840
2175 2723
2 7918
1127 1164
3815 540
10026 694
1629 18
1000 14
6146 51
765 2037
2334 22
1763 226
8023 210
6138 10027
595 7529
14 5921
2866 7005
8234 1845
2 648
154 6747
190 36
14 10028
643 760
21 10029
4893 1693
10030 192
14 462
14 463
2 6621
402 9662
226 553
595 3300
2 10031
611 280
6260 14
16 10032
5472 1873
10033 3656
748 4943
966 532
154 6106
14 1648
87 10034
2 7489
1701 4193
3421 31
2778 2618
14 5124
2255 489
7742 1907
10035 21
8 4520
92 623
63 2975
861 3865
154 22
701 8227
21 10036
1654 7351
621 10037
10038 1808
5645 477
1396 8265
225 1270
10039 274
1194 3044
10040 31
4312 63
1955 117
4150 51
14 2620
7700 970
7278 920
947 3357
2835 7816
870 21
48 5828
3904 4286
891 18
3093 189
10041 31
175 10042
1596 162
1527 2284
4956 1791
398 6438
6 2844
274 1803
3664 31
2672 2594
785 157
1584 6173
10043 752
3027 10044
14 240
629 8
10045 4
351 10046
857 261
8 8744
6986 9957
1539 9159
6290 210
2306 84
10047 2
2984 10048
811 8367
312 4642
7179 1416
7039 69
2249 2158
2 2585
821 6856
10049 161
877 10050
872 8189
8069 164
48 4733
2505 65
4973 164
14 3750
216 10051
4 10052
1630 2
8562 14
14 140
7896 31
4073 36
190 1176
2544 7106
6368 36
441 1733
1040 5054
10053 21
10054 2749
4666 31
9921 84
2 8470
10055 4769
3810 5920
21 10056
10057 14
226 7959
190 10058
225 3604
5602 8244
14 10059
78 4362
2057 31
2174 225
1013 10060
3562 22
2 1528
48 1144
10061 818
14 7290
7888 785
4 92
2705 51
459 2587
137 381
10062 43
367 6973
4011 164
914 31
154 3847
106 223
385 234
1082 2371
499 30
716 10063
9770 8782
1020 7824
2 9403
10064 72
2 10065
5163 18
14 3907
8980 10066
827 6917
21 2109
2 10067
104 10068
3170 10069
48 84
329 9398
4240 3684
9671 1907
10070 716
24 9140
202 369
9807 2826
48 629
2621 36
1502 275
2971 210
1035 623
657 10071
225 762
3724 2
149 22
14 9608
6530 92
1677 92
5812 3534
540 10072
21 5958
43 9925
6450 10073
7489 2966
861 10074
48 461
1803 210
4792 267
975 9198
10075 21
748 5880
8846 84
3466 458
3025 3452
8 72
793 3131
14 6357
689 1254
146 6764
7631 164
3094 766
6 8263
2578 9936
4313 2686
6623 21
21 7799
10 10076
106 10077
8546 51
5234 1184
21 723
146 453
4896 225
10078 92
2623 51
224 9705
4020 84
14 2135
14 10079
1857 10080
8709 3374
110 813
680 106
14 8718
1224 509
2436 2331
7177 3077
21 10081
179 4502
3803 84
14 5639
10082 14
146 2762
947 5444
5044 27
381 10083
5605 51
1661 10084
5925 51
220 4935
1650 3965
861 9568
16 1008
6327 84
106 10085
1164 4265
14 5899
14 10086
857 6919
10087 766
21 7352
6519 3236
6402 461
4958 21
21 223
1214 10088
6 3338
110 1235
2 10089
629 381
4786 354
3007 3975
8503 785
1445 51
4603 21
594 1791
1520 972
6092 92
10090 21
224 10091
8267 31
7452 1184
2362 766
3534 4389
9412 822
4779 14
2294 275
14 10092
137 21
190 5103
3113 14
590 3331
287 2230
10093 3534
1429 3436
3658 8
1429 1810
48 807
10094 5039
3534 5902
175 10095
154 1860
14 2410
4002 84
2 10096
154 2548
14 10097
3534 2374
2891 14
48 14
14 10098
226 6303
9603 2720
64 92
5975 1127
2 10099
10100 55
14 6922
3784 2869
872 8442
8135 31
783 3648
400 29
1998 10101
5422 4693
10102 68
8770 339
872 10103
8 10104
14 10105
755 8499
338 6
5939 14
565 9551
748 947
7892 872
748 10106
2 5348
9730 31
810 2368
4649 51
807 5516
48 2052
6787 31
14 987
1245 10107
14 6747
8888 21
3621 10108
289 84
14 10109
14 3092
4050 51
424 210
3286 3236
8 2530
48 379
3123 31
694 5654
3534 10110
48 782
307 5326
3198 63
2229 10111
10112 2766
6738 381
287 10113
681 10114
14 10115
48 690
6400 1184
10116 1466
9993 30
1051 1334
213 10117
14 2118
10118 43
169 3768
122 93
14 293
707 11
4627 10119
6652 21
7178 21
213 9016
226 43
45 2384
99 10120
9593 14
1721 84
2 4381
9683 21
63 2078
14 4011
657 2805
10121 3185
6847 99
8268 36
14 7951
9479 648
1354 4710
2564 10122
48 6874
16 7884
10123 3311
2 3593
3806 43
63 10124
21 8668
5437 512
5485 6
458 7221
1152 7906
402 9185
10125 22
78 8986
48 4609
4786 31
1034 8327
14 3989
4373 51
4396 14
1191 5300
254 345
14 10126
287 7887
226 1253
528 10127
10128 84
21 8155
9504 1675
225 2259
6593 1185
4613 51
154 9208
9019 31
21 7392
6 4795
7424 14
1082 7944
54 2109
2673 47
287 10129
4259 106
9499 3025
388 9836
10130 14
607 117
1146 2
943 5587
14 5512
220 10131
1691 51
9418 84
8458 240
971 9545
388 1243
110 3094
505 3270
6849 84
210 5980
2 1900
14 2909
9500 2
123 6
14 10132
14 9654
1059 4650
78 6933
48 10133
4736 225
6 7974
28 10134
2217 2240
3157 2828
7542 2
10135 21
1198 10136
2 10137
14 4695
2 3076
7523 417
226 1706
7391 36
8379 10138
7457 31
5264 10139
14 2112
63 4801
14 12
3630 6363
2 9907
14 1376
213 10140
110 2469
3152 2646
7640 36
690 36
21 1860
9811 540
381 10141
10142 84
154 9060
1117 1241
2 10143
175 9353
3469 818
10144 92
2952 4901
48 792
10145 31
14 1935
8075 3129
1429 511
10146 312
2 7318
398 4781
63 1242
337 68
1658 10
2161 4987
48 505
9149 14
9735 51
213 10147
9729 10148
173 110
10 7530
3593 51
224 1127
16 9709
21 7377
48 2721
339 7726
4958 9261
6641 2
22 10149
53 10150
154 893
1461 1153
2 4458
21 5242
7206 140
400 423
1234 226
363 4455
7987 8
1820 1318
63 10151
1441 7471
48 1241
14 8998
184 1740
14 8427
14 2568
459 1908
2451 8
590 10080
2 3723
2 7909
8641 10103
1061 10152
943 9547
163 3840
2 8096
1020 10153
74 8538
2129 51
7021 22
1862 10154
3810 14
947 10155
7949 4666
4736 1059
10156 21
10157 1907
2 6348
4437 210
872 10158
1241 6976
63 2159
4125 18
367 4559
3321 1732
154 10159
5613 159
1049 2049
3648 10160
4783 51
8704 10161
8572 1661
21 10162
4059 84
14 7209
294 6139
1224 477
48 1445
14 4895
966 10163
681 6791
1808 8694
1020 10164
783 134
21 7147
261 8799
6404 1808
10165 14
1592 6822
3581 47
2935 7923
879 4361
89 4043
14 7063
154 9675
14 9648
6 4331
4 4715
69 3919
224 665
7177 21
10166 21
523 9538
152 10167
14 7915
1212 10168
651 74
2 2068
811 9401
6106 31
1127 1581
3157 9440
2594 6
803 106
10169 51
1017 9702
3760 226
10170 783
14 10171
251 2
8938 1919
104 3839
10 4746
2446 226
36 3204
590 7311
1198 214
9997 31
6172 21
106 10172
3574 611
122 69
21 1704
14 6522
287 117
181 10173
2 2704
106 1612
154 9939
10174 1050
2809 345
317 4356
14 6760
692 10175
10176 31
10177 844
104 226
9504 149
844 7376
10178 18
3292 505
2293 31
1728 10179
10180 43
459 1587
1061 807
1675 4756
48 8448
1260 10181
6670 51
616 47
3754 1921
10182 299
14 2801
1061 9763
21 5148
14 10183
8728 31
14 9619
4292 47
14 4249
122 1726
8515 21
2649 4536
48 1850
14 6135
9544 14
2169 43
21 10184
6328 92
716 6863
9097 84
7132 766
10185 72
8610 381
381 9893
5770 216
1234 339
4300 2
10186 43
402 8295
7547 31
2 5262
540 6247
689 298
14 9886
14 10187
149 9077
4 4858
1646 8
4208 68
122 175
10009 14
1216 9841
14 4013
10188 2866
122 283
31 2109
4632 10189
21 7380
1437 1094
93 6837
4 5036
110 6645
30 73
7661 31
4646 2517
10091 84
10190 2331
5264 6014
1075 36
7695 47
48 2939
295 544
117 10191
48 2158
1661 10066
966 106
9519 1396
14 8242
1160 6101
7851 772
6556 590
402 875
324 3686
2919 10155
14 3035
2793 92
154 994
744 10095
16 9837
398 3269
213 1458
175 43
8083 84
9237 36
8 225
7301 31
8629 27
10192 766
248 7091
367 10193
1989 1013
509 3898
10118 14
4496 760
1963 84
1347 7813
106 8722
459 7312
4782 477
571 84
265 6882
21 3474
21 6086
1061 4595
966 674
590 10194
7115 791
9054 14
595 8
154 10195
48 2984
32 8393
48 1152
1432 766
754 22
494 9803
14 6378
2 7320
1945 2
48 4726
106 4914
9165 837
4135 8080
478 210
0 10196
69 1971
2138 10197
10198 31
21 10141
53 4421
3489 209
63 5890
9563 14
1602 10199
287 6724
14 7880
461 84
2973 36
1539 53
6427 51
5472 2675
3923 14
71 5629
1089 10200
2 5328
110 145
2984 10201
6847 92
5458 47
1089 7768
1243 9575
2488 226
2984 9005
213 653
1013 10202
5096 644
267 10203
14 8926
1584 10204
1650 36
8180 10205
10206 827
14 4987
1671 226
10207 159
2 8477
14 10142
10208 2266
2928 952
5572 21
21 9236
6 474
1429 1010
416 459
21 9023
3648 3691
104 9951
28 10209
7490 225
63 1513
8196 51
1170 10210
1612 5117
3799 32
1068 4689
234 8221
154 455
2 4172
14 5368
3055 84
2053 51
11 10211
8361 68
9895 9581
21 4246
611 10212
707 10213
2890 84
106 10214
14 5885
2586 84
7292 225
1075 210
369 3352
379 110
6105 3311
1429 68
36 10215
684 4121
154 6324
6294 358
21 1092
307 10216
3129 8800
3713 1416
2044 8833
1828 1864
2611 4740
224 1904
226 7529
404 2550
3760 10217
122 1389
6967 92
2020 22
909 6626
1089 10218
14 7553
1630 176
381 8951
675 9867
14 1649
1923 22
8285 21
811 9344
154 723
10161 6001
287 106
4 2208
2500 5211
146 7120
1020 4536
287 144
2052 10219
10220 14
21 3232
2589 210
5776 10221
10222 2
146 8332
2622 51
14 4253
106 10223
10224 844
14 10225
3472 573
9729 10226
10227 21
6389 1581
31 10228
2028 3521
1596 1001
1798 21
6873 802
367 106
748 84
10229 31
680 14
544 54
14 10024
1176 10230
4 6957
10231 68
63 10232
459 8197
716 765
880 10233
367 10234
4563 723
888 544
801 10235
6 3477
10236 574
146 4747
14 7587
9386 51
8879 89
236 5346
14 1496
14 4571
21 4010
47 949
14 779
95 3251
440 6303
10237 31
212 14
1603 14
8058 1860
154 2223
657 886
16 3838
3534 10238
106 2789
872 9497
31 2884
10239 5650
2801 31
154 179
154 6278
2230 31
14 2704
227 31
1441 1069
69 10240
448 210
1796 7335
21 10027
394 275
4 2584
7506 51
307 240
21 298
21 4635
154 811
459 2858
1595 43
9036 717
3206 21
1212 10241
63 695
4 4984
2 9242
2998 10096
226 783
975 51
440 1472
811 10242
146 3819
48 607
4327 9292
267 10243
213 10244
1013 7182
63 1526
267 10245
2723 10246
125 10247
8 6689
324 941
10248 36
10249 51
154 1059
459 9691
8301 63
2 10250
149 51
1661 2813
2 4599
69 5637
9163 8498
154 4194
2638 1069
14 10251
110 708
6 4772
267 10252
110 4069
48 6662
14 213
1429 8209
307 9387
5915 51
440 104
3945 8256
10 9618
1361 51
3648 10253
14 2109
10254 3765
811 1214
6967 14
7606 2
440 10131
957 6971
455 63
14 106
7600 2
968 21
48 2866
1789 31
3226 84
21 1658
2594 2597
14 931
299 210
14 7461
2654 10255
127 21
2789 10256
6733 2177
4098 31
10257 295
6060 21
5517 1360
32 7239
21 5478
1698 4861
10258 818
14 10259
213 10260
14 5626
10261 616
14 1907
7095 84
748 8678
1976 3074
864 2649
2081 31
8525 30
48 842
5115 22
10262 51
10263 2
21 5059
534 4849
154 6724
14 7151
28 5916
236 1264
4813 7710
71 258
14 8446
10264 642
2004 42
63 1035
84 1153
10265 1059
92 117
2289 51
238 21
1734 3715
3716 51
110 1763
21 3084
154 10266
2408 47
10267 21
7180 117
43 10268
14 7120
1623 226
4 7641
472 5858
9514 51
2866 21
21 5467
6 3756
594 1214
965 9511
1905 3656
2125 43
154 10269
106 4875
14 4272
3055 10270
1092 31
6044 10271
489 8359
48 6579
398 2845
10272 8
1919 6632
30 10273
37 545
6711 32
955 51
36 10274
2 8628
1845 31
1905 10275
402 10276
3303 10277
4 10084
9806 99
257 84
14 2
2 8218
68 10278
10279 818
8863 5259
1262 5679
369 630
14 525
10280 1020
21 5364
14 9963
7046 1784
648 1239
1197 5259
48 1885
7382 14
65 6203
1425 51
9596 2
10 10281
10282 785
14 10283
10237 137
10 4520
154 10284
149 806
125 104
106 1698
1866 4014
71 10
3055 2926
10285 1427
190 10286
106 642
1936 2680
154 25
14 2134
8 9223
2 8853
4251 84
489 10287
48 1081
440 8
2984 1270
880 5727
2 7223
92 10288
459 2148
225 9841
822 10289
442 8650
2 6497
14 9704
10290 3497
4075 51
783 36
63 10291
10292 51
692 7248
339 9535
106 2
43 2563
63 10293
1696 199
14 3586
3556 811
6637 8372
3277 10294
14 2047
9557 78
2130 1808
4285 226
5205 1152
16 5346
48 512
10295 92
4071 36
1702 10296
14 8335
1501 63
10297 14
4784 293
10298 43
2 1734
7775 31
3534 1084
14 7237
10299 210
2546 8355
10300 267
7327 9524
37 4745
3799 818
811 7943
9246 31
14 7917
1155 4838
21 9708
544 18
63 192
6488 477
1020 9092
5178 1419
213 3830
1540 6358
10301 2826
8834 189
1364 47
2 10302
10091 766
63 4570
10303 2
1075 10304
225 618
1502 10305
4974 84
4644 43
1661 3377
6972 84
3046 84
47 684
748 2222
14 3818
122 2673
213 10306
3729 51
10307 528
299 43
540 10308
440 1170
9315 9444
2 8594
10309 99
369 110
3254 6907
994 8453
7774 1581
10310 1184
21 362
10311 2148
10312 14
8 9558
782 4191
9419 9489
7657 2
503 1926
2001 51
10227 31
10313 1596
261 5786
7469 1675
7518 14
154 8126
3769 21
503 6607
811 9481
274 477
48 145
459 226
10314 189
1234 2545
225 5549
117 461
7135 14
2 3111
47 1335
1034 188
367 10315
21 2332
48 2039
6388 345
8 4142
163 3402
32 7079
8339 9665
2 8521
5541 36
1769 210
21 10316
595 1511
908 31
540 10317
551 2
14 766
10318 3185
260 5786
48 2713
611 7984
595 3890
448 4876
163 2923
63 6668
63 10319
14 10320
10265 8025
63 10321
110 730
3648 275
3324 14
1577 766
966 8243
459 10322
4 8912
21 3314
10 6488
10323 14
2 10324
259 2641
1026 6625
441 10325
1036 36
14 9058
269 8
379 14
14 1056
154 1396
154 102
10326 51
122 595
2 2795
2866 7254
2599 10291
63 546
152 2618
9465 386
5597 36
69 9673
5224 14
10327 14
5759 51
48 7323
689 74
21 4490
369 92
459 3941
105 3896
53 285
8176 14
175 1316
1477 21
6611 3958
8557 5401
400 2756
165 84
503 5225
293 5390
459 3625
1020 2852
1020 10328
588 2249
1556 210
125 4636
1787 14
190 5703
1658 31
4094 10329
110 8448
807 8016
14 4269
684 5282
10330 711
6661 31
398 9861
21 10331
7048 48
3011 98
4069 1106
1845 84
16 8695
4 6181
3033 7834
8310 2783
7081 21
21 4434
16 10332
2 1922
213 10333
9707 21
9002 226
1603 4
14 10334
595 10335
10336 3765
21 5731
560 10337
2 6994
10338 2005
10339 31
6750 461
10340 21
3737 3664
63 8500
14 1203
694 3561
9866 3765
2816 329
8 10341
106 4693
2315 10342
84 7795
5090 36
7537 4696
4655 1034
6199 2318
2564 106
10343 2289
4344 4
373 43
154 6323
3311 51
3804 611
5024 4456
110 1335
122 210
21 10344
7067 36
10345 2
1089 3448
168 848
4830 117
1917 8
4465 51
9749 31
2288 21
675 10346
4 10347
14 4107
4830 2723
6 1812
22 84
2 8837
9480 14
765 5119
448 10348
16 10349
3931 3821
595 7949
9170 51
8807 43
146 227
48 35
6 4898
122 607
3509 21
402 5696
1698 10350
107 84
2729 210
2868 14
6499 106
947 10117
48 6246
318 18
6 10
2723 1059
10351 3497
5179 164
611 275
2394 106
609 2713
766 461
947 1381
179 226
2004 10352
14 4410
14 2198
10353 14
10354 89
9287 505
48 813
595 8897
10355 9437
4697 36
1050 510
6751 84
551 6902
14 8311
14 8941
5001 9040
807 226
63 10356
5612 159
48 9002
89 10357
37 4716
4505 84
10358 43
14 5018
2114 216
2491 5244
4317 36
466 812
3798 1581
2 10359
10360 4107
28 6193
7219 28
2 9682
168 5714
4166 31
9595 877
84 10361
21 1363
8976 31
1434 210
169 2496
6274 31
7690 92
2 6885
6 489
10167 43
2173 1908
14 7100
37 175
48 2971
7666 8812
294 10362
74 9603
14 10363
4197 14
2 894
9895 4024
6 7300
14 9008
14 3717
7563 1212
531 574
63 8702
7399 4739
6309 10364
2751 63
10365 623
1084 9876
726 31
10366 51
402 2743
966 8865
528 74
1035 10367
657 7284
146 3765
1065 164
369 10137
1608 3052
5305 931
440 1706
3114 225
544 417
5651 92
2606 14
299 10368
28 3382
872 8548
3613 8520
3062 4693
6402 22
5237 509
257 10283
14 5575
10369 3271
314 10274
2 9445
807 799
509 9892
110 1857
5352 972
1082 8921
4256 21
110 424
1896 106
6 9292
1194 10370
21 497
2286 2636
3909 772
154 7476
259 10371
3372 630
14 4767
1401 1581
10372 694
16 6013
448 10210
21 6484
2550 210
2675 189
10353 31
89 10373
6970 51
154 3247
4 7160
3485 152
4304 31
47 345
10374 51
5176 31
4140 9626
298 9967
146 4431
2826 10375
10376 21
2 8404
3212 6746
78 953
1684 972
1034 3610
359 5103
724 43
3297 8066
369 8820
14 10377
179 31
4 43
4579 4862
1661 117
3648 10378
31 6577
10379 342
2880 4347
6996 1152
4009 31
369 21
48 9877
558 10380
6492 10381
2 1693
154 5868
611 10
234 10382
48 4285
4 10383
10384 512
435 10385
2338 4318
459 32
154 1124
7348 2733
10068 461
1817 10386
551 9741
2879 14
2081 106
14 10387
14 10042
595 1059
10388 14
14 8173
63 10389
10390 51
14 7732
3309 8091
10391 1152
251 10392
3624 1107
3254 10393
14 9331
7913 36
2 10394
10395 621
10396 1437
7137 31
10397 31
8194 31
154 4807
9175 1388
225 10398
63 6502
2469 275
146 9599
689 2419
6 10399
2 8241
14 1523
369 14
183 51
5986 2628
21 10400
10401 9
21 4150
2643 10402
7528 31
2098 140
3198 225
216 540
342 971
9162 1107
8714 461
459 818
293 117
440 2484
8240 5133
9774 14
10403 31
927 761
1548 36
811 108
14 10404
2763 717
3354 1934
10405 766
8756 8531
1243 4747
643 459
270 69
2 9164
681 1978
154 4660
10406 43
294 10407
6374 3967
2 1354
381 9048
8079 149
2654 5103
21 5938
2921 6148
10408 14
9165 391
14 9222
975 779
63 7803
8451 21
154 1661
36 505
6669 2530
1770 84
48 7889
14 8126
1349 210
9946 84
1075 689
10409 267
1881 3535
1243 10122
28 877
2596 2
14 2834
1910 210
14 7956
287 381
943 5353
63 2960
14 2566
14 7403
2 10183
14 5850
10065 51
3069 8982
128 31
8 43
5542 4467
10 3486
2866 3233
1833 14
21 6308
14 9417
2217 9357
963 4641
10388 21
2217 5779
2161 84
4 8935
10410 9
1179 9586
121 14
1012 31
10411 14
2130 952
8 8661
3199 14
3690 10412
14 723
14 1490
9260 293
154 10413
28 10414
10415 84
2070 31
2081 210
4256 14
6 10366
4324 2430
10416 84
21 9350
5946 7569
8439 210
2245 2051
10417 4563
1276 10418
820 3399
5357 36
14 10419
440 1059
226 6936
154 930
106 2950
10248 117
1416 2956
9308 31
21 8183
413 2430
2 8479
4 8426
21 10420
5569 2613
2877 31
63 778
3348 31
1502 36
1845 36
10421 159
9329 234
122 6190
48 1089
14 3779
14 3286
381 6770
818 10422
6405 51
104 2261
369 4148
154 6152
10423 31
36 2881
339 10228
398 8484
2 10424
1139 10425
14 8371
14 2186
509 10246
2 8217
3489 4277
720 285
1661 287
9158 2
398 10080
10426 84
154 7370
2019 14
317 8772
299 47
234 619
63 3531
21 45
6403 21
106 9271
338 92
2 8884
16 51
2 10427
6205 175
3574 2235
267 189
48 7959
10428 14
4351 478
16 8586
6938 2
2 172
21 5988
154 728
154 8093
154 6559
369 10429
861 7126
9449 31
14 7754
2394 7246
37 905
175 226
3945 10430
10431 99
5142 5816
21 138
1194 18
146 756
181 8065
14 994
10432 4976
4265 8844
2256 2001
1300 4756
10433 2793
1539 21
14 4971
5960 31
10434 2168
2 2439
298 10435
8 10436
89 10437
636 2
14 304
48 1493
2878 689
14 4754
28 1177
89 10438
14 10439
571 1390
312 9635
14 7488
192 10440
198 6370
8276 391
74 947
2 5865
324 1070
43 2747
2168 10441
6 4011
1312 5980
28 236
69 2420
287 639
154 8412
21 7604
2962 14
10442 31
63 10443
10444 164
48 3621
6 2
489 210
2217 1231
14 381
21 10445
3752 31
10446 14
5017 283
5188 4
9657 22
8478 6138
21 6618
5438 818
125 225
48 458
820 6763
540 10447
14 3282
665 10448
10449 31
1881 10450
14 8968
106 2389
2072 7971
803 10451
244 10452
4005 36
9176 51
14 9430
6308 36
6157 36
5439 9932
4108 10453
338 43
8725 31
7550 748
10454 827
947 10140
489 10200
7307 4114
6 2911
9364 36
10284 31
1163 764
5045 14
1592 84
2138 8438
10049 31
747 9115
274 6777
2151 31
226 10455
1040 10456
1235 339
267 10457
48 7080
1184 31
78 10458
1144 117
21 5160
4554 1241
2 21
1658 10459
14 10184
1659 376
69 84
179 10460
3720 4003
14 2196
5243 21
92 434
8711 140
9780 6268
2350 22
2 9442
3362 6233
10461 2158
175 597
63 3817
3222 14
30 10462
14 1314
1276 8462
63 553
154 5799
89 10463
9627 48
726 941
2 3468
6312 84
14 1452
2 51
21 9353
14 3026
2168 4964
1051 210
1543 436
8688 2
10464 51
21 10465
10466 293
1248 348
224 2971
10408 51
10467 21
6090 14
367 1542
6168 31
2138 10215
10468 21
9201 31
6768 22
21 2025
943 8291
287 295
10469 648
3051 6259
2825 9631
78 3695
2749 210
481 1212
154 3113
1698 10470
602 5758
1241 3102
588 10471
7456 811
452 10472
1016 8577
10433 4428
3733 391
22 10473
8574 456
21 9305
142 10474
595 1977
807 2175
2136 6149
3988 43
21 3348
10475 27
27 10476
14 10477
14 4560
10478 16
2005 2363
6888 642
1120 10351
6836 210
225 10479
10480 367
10481 31
5898 9009
2649 22
1234 8675
10482 14
10483 14
6 1607
21 335
154 8623
21 4359
10484 14
14 5934
10485 3172
226 1862
146 7904
2878 621
14 9266
7147 51
9941 36
9608 8611
48 4830
248 3399
351 2673
22 1689
723 84
492 10486
961 1556
14 6567
10487 505
359 10488
472 4669
28 43
1672 2873
198 1160
4673 2814
472 6928
110 3170
806 43
175 5865
3945 7786
251 10157
6 1234
2001 84
156 6945
10489 2206
2 884
1558 63
2 2004
1155 84
63 193
213 827
2 7413
10129 92
2 8124
28 4806
287 10490
9753 5938
831 10491
21 7761
3748 51
785 3641
48 1127
339 36
10 7529
6092 51
4779 21
1540 10492
984 1582
642 10493
14 8410
14 9523
1351 31
295 794
10494 51
10495 827
367 10496
16 2725
10497 2992
961 226
125 224
4636 516
367 10498
785 10499
1434 1913
36 10500
122 47
1371 8640
154 5827
21 6627
16 10501
14 2726
10502 14
14 8929
324 2403
4126 1862
63 210
544 4359
8674 51
947 9091
4986 31
14 2684
2 3744
1602 4030
10503 36
947 9503
961 227
3052 456
307 456
267 10504
21 7791
2 10505
92 1053
9702 959
16 8549
9923 381
63 8441
4 729
154 981
14 3464
5987 43
4122 6781
961 27
154 10506
10 7974
10466 1808
10507 972
1016 3997
10508 2704
10509 822
9616 31
48 1933
2 117
7166 14
14 9495
10510 51
1808 7198
5942 36
1253 210
2001 821
14 10511
154 798
154 1416
104 10291
47 3547
10512 31
9478 22
809 531
369 10326
154 2778
6 1257
125 3760
110 5024
14 10513
10514 2466
6321 21
10505 7421
48 9705
10515 1253
8035 36
748 2067
2 907
943 1699
1315 4817
6901 10143
53 6172
28 4750
533 534
125 8396
2451 275
1573 10516
92 9475
14 184
63 2362
400 10517
4 10518
6186 791
14 10519
1145 10520
1089 351
4562 21
4809 5754
3489 10521
681 1906
833 5048
4351 398
30 3361
9580 941
4546 694
3011 21
689 240
14 5524
1539 8943
14 684
14 1677
14 1684
4674 8486
21 4440
748 342
4 2357
21 10522
21 3912
215 7861
10229 1817
3394 18
1207 544
225 10523
307 257
8473 31
2148 10233
1923 8506
367 2878
18 117
8809 4565
14 8020
748 31
4686 10348
14 8033
1655 5324
6428 9272
6 1763
287 10524
1858 712
3595 210
776 117
21 6157
78 84
10525 14
48 1646
10282 6044
216 861
1573 7111
461 8571
47 6654
1040 9178
5250 6258
110 2451
461 739
799 766
4514 747
8866 1253
21 7513
1184 5670
503 9652
10526 5743
210 5429
14 8957
748 10527
398 8933
7091 821
14 6197
16 311
1607 783
2673 7047
544 791
820 10528
10529 31
10530 51
1760 10531
14 10532
14 6557
106 7643
5162 10533
10263 14
2940 2686
861 7803
1090 6756
154 6364
2878 267
1364 189
5786 612
154 5042
367 1152
1079 10534
154 607
354 4107
5448 818
14 10535
21 1409
455 440
10536 175
2511 844
154 8122
2159 10201
21 8902
36 623
8873 10537
1548 210
2646 210
14 10538
2479 325
14 9771
3571 818
7432 4361
14 10539
122 31
2686 9320
9422 51
1194 9554
2505 10
14 8925
10540 7161
947 7065
9086 31
14 10541
10542 2778
154 7931
4 1517
14 4140
369 10543
63 9799
327 4831
3055 226
9796 31
48 4134
14 975
367 2001
14 9254
8102 43
3895 824
10544 84
3254 6589
4627 8504
1212 760
3534 7825
14 503
225 5794
8173 36
154 1315
63 2853
4349 2148
6597 22
10545 43
7999 684
861 10546
48 1642
257 10547
146 5586
494 10548
877 10549
283 10550
378 6122
6512 3114
181 117
8930 391
106 997
1698 10551
8362 9832
1726 47
943 10552
10 2621
154 10553
122 629
16 10554
966 4813
257 689
367 8913
5890 210
22 1880
154 239
168 5087
10555 831
30 500
48 3461
14 4848
480 84
472 8863
21 4702
14 6961
4 6105
847 47
1300 36
8756 14
10556 2826
14 1396
7037 21
14 9239
3517 2188
2 8983
14 4101
959 9792
168 704
324 10557
416 210
3035 10558
8097 51
1117 1253
1019 785
3338 766
14 8047
9216 7295
2 505
154 10559
294 6317
179 8328
558 7193
2 9943
716 9426
6717 36
122 299
7410 21
6032 2
294 2516
10560 21
1623 210
441 7268
699 14
10561 31
10562 92
125 6294
595 210
10014 952
14 3132
154 648
154 9227
623 10563
1761 31
398 1170
440 1850
125 2
48 3055
595 216
4026 179
4129 8279
9148 210
4943 2720
152 567
16 10564
2866 10565
7723 226
807 440
4 8080
5777 287
9987 51
48 2230
2826 10566
8 2331
267 9969
10327 21
3002 84
14 1419
21 2759
22 4019
398 6535
4899 31
106 3009
225 1706
459 8088
21 2017
367 236
9701 14
48 595
324 7863
3865 68
4991 92
14 8834
1955 7826
2 7147
4 6242
10567 164
5616 1307
28 4633
2 1654
503 10568
78 216
48 1540
21 4642
10569 32
1978 1062
512 7817
4142 51
21 2704
3198 2728
1429 5805
1194 963
4721 623
2931 3046
2130 9301
1061 10570
43 10571
287 10572
154 3867
10573 31
1955 14
2450 2176
14 5743
975 7136
6 2174
1878 5852
2 7387
7122 31
106 3063
154 10467
6 1706
2134 84
106 8942
5044 68
146 951
14 5930
10574 943
10575 6721
4184 84
7255 9356
459 6684
3630 7085
176 6998
285 2761
2259 10576
994 10397
63 8448
3780 31
4578 2
30 10577
146 2067
9894 43
4014 6510
339 5010
14 3537
2 6965
724 14
8336 22
51 5719
9106 275
2194 4
404 10578
21 184
28 190
154 10090
748 776
146 980
2114 932
6312 31
225 3852
2843 3236
1913 3064
14 3258
652 5643
10579 621
6217 65
7374 827
69 10052
6734 31
10580 4418
864 8617
110 3699
4815 10581
1082 10582
2331 210
63 10583
4107 7430
8 10584
3004 611
574 10585
257 14
14 2004
716 10586
3564 14
4 10587
21 6559
1000 10588
6100 146
14 9309
324 125
449 398
8666 36
430 5110
376 2776
9325 213
63 10589
947 10590
121 7963
434 22
21 8706
5094 1013
48 1208
2788 134
7092 4790
3947 1388
2 2423
154 7663
4700 21
14 4036
48 10253
367 703
2998 92
14 10591
7656 51
14 9006
4 10460
14 7446
87 5514
168 2694
442 3577
3011 92
1873 189
10592 3399
10185 534
3138 31
1706 84
106 6225
5488 51
1581 210
7829 117
448 2655
8645 47
9630 159
257 5259
8 9252
48 2403
3600 611
31 2090
1661 9104
5802 14
544 4134
1608 43
1716 51
154 664
106 3813
2215 941
2294 3486
6122 2723
9671 3035
1155 10348
1086 3085
3805 31
2815 36
154 2921
5911 43
388 1924
9244 5103
3821 4922
374 10593
175 1144
5803 2252
14 1580
78 8098
36 31
5237 31
110 1152
324 1290
1721 117
2289 705
10594 43
1429 6639
226 6668
36 1982
10595 51
6769 43
5534 51
10596 299
3937 31
31 2613
4603 10597
8849 4478
14 8407
367 1396
2491 10598
400 2344
10475 68
5743 7730
1850 7703
10599 14
10600 2
1817 10601
8 10602
545 84
21 10603
5420 31
807 2470
748 4451
367 213
122 948
2564 10604
448 10605
21 187
14 10606
220 6978
6 1502
14 227
10607 430
1079 10608
10609 18
10610 560
28 6814
154 3758
6 1086
213 10611
2516 10612
313 36
74 953
7984 210
10613 14
84 8878
5483 31
1896 3812
1429 26
14 8757
179 10538
503 3860
4878 14
3033 2690
324 7312
226 3666
1020 10614
21 4506
10615 367
307 176
8450 21
5389 14
1587 2354
137 3052
783 5429
503 6648
215 10616
2294 4203
8121 21
14 6029
1493 210
590 210
2816 10617
21 8854
6808 21
857 10597
10618 329
5326 14
2530 8928
127 7357
74 10619
9168 117
1066 872
21 9132
10521 72
9770 10620
611 8972
171 14
2952 10034
2 3800
3401 14
154 293
28 4336
665 5183
14 8203
807 5163
154 7997
8455 55
10621 36
226 10281
1061 10622
10623 84
92 4270
63 4069
2500 8922
6 102
10601 84
48 1812
10624 22
2049 3972
428 51
146 4451
9130 226
665 10625
3737 4693
283 10626
1214 9378
14 1622
2004 4516
11 5238
2 1488
14 3605
458 8686
1933 226
14 7156
783 210
888 110
755 10627
8454 590
14 6220
122 10628
48 4191
6 2505
154 225
7769 1427
336 210
1571 14
8261 2876
2 7390
3836 36
14 6480
3720 51
63 10629
106 2049
8889 10630
43 84
6407 4107
65 325
9399 164
14 4548
14 6537
8 4038
14 9847
2942 10631
10632 267
2170 3319
21 6253
14 8511
861 226
595 3683
7554 84
14 1361
2879 4610
10575 31
21 10099
1492 10633
2223 2
2 4278
10634 512
10468 43
1496 92
251 10635
2 6754
175 5355
5020 503
114 7665
31 10420
381 9501
1675 10636
146 6065
505 9111
21 4777
8029 51
10530 43
822 8288
6511 99
21 9377
3795 7855
9100 14
106 9119
6 378
7260 145
5780 14
63 1167
28 10637
1152 8722
2878 10300
2 7886
21 435
2081 689
8216 648
877 5103
21 7795
4044 2
146 5816
30 6787
14 6649
14 3829
114 10638
2 9108
154 1724
78 3618
14 5425
1650 689
14 7777
154 10639
10640 3504
9604 2
6020 6367
4843 84
995 84
1860 51
5774 14
149 3154
2229 8200
2289 5054
7652 51
154 3634
448 1170
947 10641
8927 4693
6225 3074
104 22
2708 8832
14 7617
6 5814
28 7715
3534 2056
10642 92
6 1521
1089 4664
2 7083
121 47
146 3243
154 10643
14 9621
9909 505
10644 14
10 2676
842 705
2723 8892
14 555
398 10645
351 10646
595 117
1214 10647
21 8568
71 22
3938 10648
137 117
689 43
1089 10649
724 8134
10650 345
106 2044
396 2
5283 1034
110 2789
2187 51
1820 92
10 363
14 4154
48 8
14 2884
6107 84
9030 1628
7331 180
4281 10602
7774 694
3586 2
14 7458
416 7470
14 531
8292 84
10430 51
5163 1538
966 6125
226 1432
2370 117
299 684
3570 461
4974 43
4591 1581
6874 226
2 7874
9986 8750
4962 1907
14 9713
2 5379
943 10651
14 31
14 9750
1686 21
1661 1522
9238 975
110 7213
3364 10652
21 1804
1335 210
2 10653
69 2523
14 22
6 210
1160 10654
10655 2289
14 6931
1404 10656
5154 257
14 7462
48 7144
3851 766
226 3784
21 4140
10657 5142
1478 72
8039 31
7589 947
2 3426
175 2255
2879 5221
28 10658
2991 31
872 10659
3208 360
37 179
1061 5299
146 9180
369 1859
1587 10168
5185 31
8149 10660
509 8049
10661 295
849 1698
261 7230
2920 3765
21 5375
14 10624
2544 6371
1705 2312
1726 254
21 10662
21 5550
458 9349
3035 8110
104 8179
5914 6216
1288 226
93 10176
4451 10663
1808 18
1791 6210
2 42
10664 187
3812 6304
7744 1068
307 1461
861 7468
10665 2
31 10666
10613 872
10667 505
8 5876
261 53
14 5875
2049 1260
36 893
9627 10668
14 10462
9469 6190
16 9063
6805 31
10669 6536
63 2173
226 10670
642 9944
4627 8811
6888 5649
1216 8698
28 8152
2122 8236
2 1333
1726 210
2973 2145
807 209
966 10671
4 10672
10673 14
10674 30
1955 43
312 6058
48 8901
7304 7928
652 14
949 51
154 8777
21 8693
513 811
10015 21
14 8217
1608 48
9379 14
2200 275
1912 92
10675 8
16 2369
14 1874
16 1799
1012 84
7811 3216
21 10541
5905 2
1000 8961
2 3339
154 4424
5178 3857
14 10339
3269 9794
5200 22
1878 14
3559 10426
2 10676
163 4376
2643 14
21 9719
10677 84
3810 4
28 3577
10 6175
14 10678
48 670
8168 84
3443 293
626 36
748 6960
3423 32
7511 51
844 5537
21 10679
2 9865
9796 14
48 8670
14 578
7589 7588
2255 947
2 4984
935 4533
63 6953
1878 21
36 8235
10680 31
10681 16
293 210
168 4202
943 7840
1214 36
2255 461
452 8538
106 36
6065 84
2303 10682
265 210
947 10683
109 47
10684 21
80 10101
110 5729
1020 9191
367 36
5335 225
6 1791
48 5942
9003 31
14 10685
3534 903
689 293
10686 31
807 22
1917 275
14 10687
7659 10688
117 4021
9696 201
2 8411
48 9
846 47
10634 68
2 6591
48 1012
10540 4231
48 3655
2782 1416
48 1672
10689 6268
3321 8022
21 8784
4421 10592
1651 10690
10691 84
748 5489
7958 1845
213 10692
1227 106
2 4087
4463 505
595 6676
2368 2158
2 986
657 51
257 4929
2432 8943
10693 51
21 10694
104 10232
32 10016
122 176
8371 51
8673 2033
1224 1581
213 2956
36 10695
383 84
1445 14
21 3717
4 6073
367 9978
1312 210
339 10696
3005 9188
680 3052
2 299
14 3261
10697 1443
21 604
6 236
10053 2
6128 14
10698 354
307 1963
602 10699
651 6496
8542 14
10700 117
10 7984
122 1486
154 1461
14 4631
10701 3309
5472 6504
994 4163
720 9488
595 106
14 7908
21 1824
8083 22
267 10702
629 36
888 36
1197 14
2984 6401
21 10703
307 226
1089 1646
381 2913
14 8743
4523 92
3534 3146
2 10582
748 9473
2492 21
5735 760
10704 163
125 6428
21 649
10705 1471
0 225
553 10706
6133 51
14 8641
699 21
254 2229
2956 10707
1747 8758
6286 21
1650 9948
14 9835
7049 7837
8513 3405
21 10708
3534 10552
2394 10709
5947 7673
14 4619
1120 459
1457 51
14 5635
1661 574
8780 14
10710 84
106 931
367 381
14 9312
2866 545
10484 127
379 175
14 9423
6016 51
10711 51
48 3428
317 293
10712 84
441 10713
21 10714
4012 2079
9376 14
3582 51
7647 14
10715 14
21 1716
478 226
611 4485
2148 6248
3284 31
14 8841
5914 10716
1226 648
540 2368
466 8031
4498 1675
154 5756
837 3517
2840 5705
3138 10717
14 9676
30 7660
503 1739
5992 22
30 1305
3090 10718
485 1059
21 2473
2753 7870
9954 84
6096 14
509 10011
14 3088
154 4384
2400 51
179 7124
324 8670
2 10703
1429 5044
970 51
307 2423
154 8381
2126 5229
2838 51
3212 51
2 7845
10166 14
69 7184
1250 8325
14 2795
2007 14
595 5589
14 5107
369 10719
21 10623
648 10720
154 6514
14 10465
2 2460
154 10721
1919 8540
381 9230
14 7502
4008 21
30 10519
10722 989
888 117
1051 9396
14 7019
14 2695
2 797
48 8431
10144 31
551 2466
2 6626
74 9187
21 8886
14 434
1003 51
21 10723
2001 10724
5057 210
1895 226
10556 1427
10464 2803
10 2417
10725 31
941 9733
312 10010
28 5395
947 10726
2636 10727
1197 10728
2 4093
265 10195
226 8864
312 4474
6178 21
8075 2516
675 5924
6156 31
21 8951
14 6
4007 21
28 8615
48 680
154 3992
