9000 13278
0 1
2 3
4 5
6 7
8 9
10 11
12 13
14 15
16 17
18 19
20 21
22 23
24 25
26 27
28 29
30 31
32 33
34 35
36 37
38 39
40 41
42 43
44 45
46 47
48 49
50 51
52 53
54 55
56 57
58 59
60 61
62 63
64 65
66 67
68 69
70 71
72 73
74 75
76 77
78 79
80 81
82 83
84 85
86 87
88 89
90 91
92 93
94 95
96 97
98 99
100 101
102 103
104 105
106 107
108 109
110 111
112 113
114 115
116 117
118 119
120 121
122 123
124 125
126 127
128 129
130 131
132 133
134 135
136 137
138 139
140 141
142 143
144 145
146 147
148 149
150 151
152 153
154 155
156 157
158 159
160 161
162 163
164 165
166 167
168 169
170 171
172 173
174 175
105 176
177 178
179 180
181 182
183 184
185 186
187 188
189 190
191 192
193 194
195 196
197 198
199 200
201 202
203 204
205 206
207 208
209 210
137 211
212 213
214 215
216 217
218 219
220 221
222 223
224 225
226 57
227 228
229 230
231 232
233 234
235 236
237 238
239 240
241 242
243 244
245 246
247 248
249 250
251 252
253 254
255 256
85 257
19 258
70 259
260 261
262 263
264 265
266 267
268 269
270 271
272 273
274 275
276 277
278 279
280 281
282 283
284 285
286 287
288 289
290 291
292 293
294 295
296 297
298 299
300 301
302 303
304 305
306 307
308 309
310 311
312 313
314 315
316 317
318 319
320 321
322 323
324 325
326 327
328 329
330 331
332 333
334 335
336 337
338 339
340 341
342 343
344 345
346 347
348 349
350 351
352 353
354 355
356 357
358 359
360 361
362 363
364 365
366 367
368 369
370 371
372 373
374 375
376 377
378 379
380 381
382 383
384 385
386 387
388 389
390 391
392 393
394 395
396 397
398 399
400 401
402 403
404 405
406 407
408 409
410 411
412 413
414 415
416 417
418 419
420 421
422 423
424 425
426 427
428 429
430 431
432 433
434 435
436 437
438 439
440 441
442 443
444 445
446 447
448 449
450 451
452 453
454 455
456 457
458 459
460 461
462 463
464 465
389 466
467 468
469 470
471 472
473 474
475 476
396 477
478 479
480 481
482 483
484 485
486 487
488 489
490 491
492 493
494 316
495 496
497 498
499 500
501 502
503 504
505 506
507 508
509 294
510 511
512 324
513 514
515 516
517 518
519 520
388 521
522 523
524 525
526 527
528 529
530 531
532 533
534 535
536 537
538 539
540 541
542 543
544 545
546 547
548 549
550 551
210 552
251 553
554 555
556 557
558 559
560 561
562 563
564 565
566 567
568 569
570 571
572 573
574 575
576 577
578 579
580 581
582 583
584 585
586 587
588 589
590 591
592 593
594 595
596 597
598 599
600 601
602 603
604 605
606 607
608 609
610 611
612 613
614 615
616 617
618 619
620 621
622 623
624 625
626 627
628 629
630 631
632 369
633 634
635 636
637 638
639 640
365 641
642 643
644 645
646 647
648 649
650 651
652 653
654 655
656 657
658 659
660 661
662 663
664 665
666 667
668 669
670 671
672 673
674 675
676 677
678 679
680 681
682 683
36 684
685 686
687 688
689 237
690 691
692 693
694 695
93 696
697 698
699 700
701 702
703 704
705 706
707 708
709 710
711 712
713 714
715 716
717 718
719 720
721 722
723 724
725 726
727 728
729 730
731 106
732 328
733 734
735 736
737 738
739 740
741 742
743 744
745 746
747 748
749 731
750 751
752 753
754 755
756 757
758 759
760 761
762 673
763 764
765 766
445 767
768 769
762 770
771 772
773 774
775 776
777 778
779 780
781 782
783 784
785 786
723 787
788 789
790 17
791 551
792 72
793 794
795 796
797 798
799 800
801 802
803 804
805 806
775 807
808 809
810 811
812 813
814 815
816 817
818 819
820 68
821 822
823 824
825 826
827 828
829 830
831 832
833 834
835 836
837 838
839 840
841 842
824 843
844 845
846 847
848 849
850 851
852 853
854 855
856 857
858 859
860 861
862 863
864 865
866 867
868 869
870 871
872 873
874 875
595 876
877 878
879 880
881 882
883 884
885 886
887 888
889 890
891 892
893 894
895 896
897 898
899 900
901 902
903 904
905 906
907 908
909 910
911 912
913 914
915 916
917 918
919 920
921 922
923 924
925 926
927 657
928 929
930 931
932 933
934 935
936 937
938 939
940 941
942 943
944 945
946 947
948 949
950 951
952 953
954 955
956 957
958 959
960 961
962 963
964 965
966 967
968 969
970 971
972 973
974 975
976 327
977 978
979 980
981 982
224 983
984 800
985 986
987 988
989 990
991 992
993 994
995 996
997 587
998 999
1000 1001
1002 1003
764 1004
1005 1006
1007 1008
1009 1010
1011 1012
1013 1014
1015 1016
1017 1018
1019 1020
1021 1022
1023 1024
1025 1026
1027 1028
330 1029
1030 1031
1032 1033
1034 1035
1036 1037
1038 1039
293 1040
1041 1042
1043 1044
1045 1046
617 1047
1048 1049
1050 1051
1052 1053
480 1054
1055 1056
1057 1058
1059 815
692 934
1025 1060
1061 1062
1063 1064
1065 1066
1067 1068
655 593
1069 1070
718 1071
1072 1073
1074 1075
1076 1077
1078 1079
1080 1081
1082 1083
814 1084
1085 613
401 164
1066 1086
1087 1088
1089 1090
1091 1092
1093 1094
1095 1096
1097 1098
1099 1100
1101 1102
1103 1104
1105 1106
321 1107
770 1108
1109 621
895 1110
1111 1112
1113 1114
1115 1116
1117 1118
1119 1120
1121 1122
1123 1124
1125 1126
1127 1128
1129 1130
1131 1132
1133 1134
1135 1136
1137 1138
1139 1140
1141 1142
1143 1144
1145 1146
1147 1148
1149 1150
1151 1152
932 1153
1154 248
1155 1156
1157 1158
1159 1160
1161 1162
1163 1164
1165 112
1166 1167
1168 1169
1170 1171
1172 1173
1174 1175
1176 1177
1178 1179
1180 1181
1182 1183
1184 1185
1186 1187
1188 1189
1190 1191
1192 1193
1194 1195
1196 134
1197 1198
1199 1200
1201 1202
1203 1204
1205 1206
1207 1208
1209 1210
1211 1212
1213 1214
146 1215
1216 1217
1218 1219
1220 1221
1222 1223
1224 1225
1226 1227
1228 1229
1230 1231
1232 1233
1234 1235
1236 1237
1238 1239
1240 1241
1242 1243
1244 1245
1246 1247
1248 1249
1250 1251
1252 1253
1254 1255
1256 1257
1258 1259
1260 1261
1262 1263
1264 1265
1266 1267
1268 1269
1270 1271
1272 1273
1274 1275
1276 1277
1278 1279
1280 1281
1282 1283
1284 1285
1286 1287
1288 1289
1290 1291
1292 1293
1294 1295
1296 1297
1298 1299
1300 1301
248 1302
1303 1046
327 1304
1305 1306
1307 1308
1309 1310
1311 1312
1313 315
1314 118
1315 1316
1317 1318
1319 1320
1321 490
1322 1323
1324 1325
1326 1327
1328 1329
1330 1331
1332 1333
1334 1335
1336 1337
1338 1339
1340 1341
1342 1343
305 1344
1345 1346
1347 1348
1349 1350
1351 1307
1352 1353
1354 1355
1356 1357
1358 1359
1360 1361
1362 1363
1364 1365
1366 1367
1368 1369
1370 1371
1372 291
1373 1374
868 1375
1376 1377
1378 1379
1380 1381
1382 1383
1384 1385
1386 1314
1387 1388
1389 1390
1391 1392
1393 1394
1395 1396
1397 1398
1399 1400
1401 1402
1403 1404
1405 946
1406 1407
1408 1409
1410 1411
1412 1413
1414 1415
1416 1227
1417 325
1418 1419
1420 1421
1422 1423
1424 1425
1426 1427
1428 1429
1430 1431
1432 1433
1434 1435
1436 1437
1438 1439
1440 1441
1442 139
1443 1444
1445 1446
1447 1448
1449 1450
1451 1452
1453 1454
1455 1456
1457 1458
1459 1460
1461 1027
1462 883
1463 1464
838 1465
1466 1467
1288 1468
1469 1470
1471 1472
1473 1474
906 1049
1475 1476
1477 1478
1479 1480
1481 1482
1483 412
1484 1485
1486 1487
240 1488
1489 1490
1491 1492
1493 1494
1495 1496
1497 1498
1499 1500
1501 1502
1503 1504
1505 1506
1507 1508
1509 661
1510 1511
1512 1513
1514 1515
1516 1517
1518 1519
1520 1521
1522 1523
1524 1525
97 1526
1527 1528
1529 1530
1531 1532
1533 282
1534 1535
1536 801
1537 1538
1539 1540
1541 1542
285 1543
1544 1545
1546 1547
1548 1549
1550 1551
1552 1553
1554 1486
1555 1556
1557 1558
1559 1560
1561 1562
1563 1564
1361 1565
1566 1427
1567 1568
1569 1570
1571 1572
1573 1574
1575 556
1576 1577
1578 1579
1580 1581
1582 1045
1583 88
1584 1585
1586 1587
1588 797
1589 1590
1591 1592
1593 1594
1595 924
1596 1597
1598 468
1599 1600
1601 1602
1603 1604
1605 1606
1607 1608
1609 1610
1611 1612
1613 1614
1615 1616
1617 1618
1619 1620
1621 1622
1623 1624
1625 1626
1627 1628
1629 1630
1631 1632
1633 1634
1635 1636
1637 1638
1282 1639
1281 1640
1641 1642
1046 1643
1644 1645
1646 1647
1648 1649
1650 1651
1652 1653
1654 1655
1656 499
1657 1658
1659 1660
943 1661
1662 1663
69 1664
1665 1666
1667 1668
1669 1670
1671 1672
1673 1674
1675 1422
107 1676
1677 1678
1679 1680
1681 1682
1683 1684
1685 1686
1687 1688
269 1036
1689 1690
1691 1692
1693 1694
1695 1696
1697 1698
1699 533
1700 1701
1702 1703
788 1704
1705 1706
1707 1514
1708 1709
1710 1711
1712 1713
1714 1715
307 1716
1717 1718
1026 1719
1720 1721
1722 1723
1724 1725
1726 1727
1728 1729
1730 1731
1732 1733
1734 1735
1736 1737
1738 1739
1740 1741
1742 1743
1744 1745
1746 1605
1747 1748
1749 1750
1751 1752
1753 1754
1755 1756
1757 1758
1759 1760
1761 953
1762 1763
1764 1765
1766 1767
1077 1768
1769 1770
1771 1772
1773 1774
1775 397
1776 1777
1778 1779
1780 1781
180 1782
1783 1784
1785 1786
1787 1788
1789 1790
1791 170
1792 1793
1794 1795
1796 1797
1798 1799
1800 1801
1802 1803
1348 1804
1805 1806
1807 1808
55 1738
1809 1810
910 1811
1812 1813
1814 1815
1733 1816
1817 1818
1819 1820
1821 1822
1823 1824
1825 1826
1820 1827
1828 1829
1830 1831
1832 1192
1833 1834
1835 1836
1837 1838
1839 1840
1841 1842
1843 1844
1845 1846
1847 1848
1849 1850
1851 1339
1852 1853
1854 1855
1856 1857
1858 1859
1860 1861
1862 1863
1864 1865
1866 1867
1868 1869
1870 1871
1872 1873
1874 1875
1876 1877
1878 1879
1880 358
1881 1882
1883 1884
1885 1886
1887 1888
1526 825
1889 132
139 1890
1891 1892
1893 1894
1895 462
1896 1897
1898 1899
1900 1901
1871 1902
1903 1904
1905 586
1906 1907
1908 1909
875 1910
1911 1912
1913 72
1914 264
1915 1916
1917 1918
1919 1920
1921 1922
1923 1924
1925 1926
1927 1928
1929 1930
1931 1932
719 1933
1934 1935
1039 1936
637 1937
1938 1939
1940 721
1941 1942
1943 1944
1945 1946
1947 1948
1949 1950
1951 1352
1284 1225
1952 1953
1954 1955
1956 550
1957 1958
1959 1960
1961 1962
1963 604
1964 1965
483 1966
914 1967
1968 1969
1970 1971
1256 1972
1973 1974
1249 1975
1976 1977
1978 369
1979 1980
1981 1982
1983 1984
1985 1986
1987 1988
1989 1990
1991 1992
1993 1994
1995 1996
1997 634
1998 771
1999 2000
2001 2002
2003 2004
2005 2006
2007 2008
2009 2010
2011 2012
2013 2014
2015 2016
2017 2018
1163 1645
2019 2020
2021 2022
2023 2024
2025 2026
2027 2028
2029 2030
2031 2032
2033 2034
2035 2036
2037 2038
2039 2040
1054 968
2041 2042
2043 1423
2044 2045
2046 2047
2048 2049
2050 2051
378 2052
2053 2054
2055 2056
2057 2058
2059 2060
2061 2062
2063 2064
2065 2066
2067 2068
1365 1076
1426 2069
2070 2071
2072 2073
2074 1492
2075 2076
256 2077
2078 2079
2080 2081
2082 2083
2084 2085
2086 1962
2087 2088
2089 2090
2091 2092
2093 2094
2095 2096
2097 596
2098 2099
2100 2101
708 2102
2103 2104
668 2105
2106 1052
2107 2108
2109 225
2110 2111
828 2112
2113 2114
2115 2116
2117 2118
2119 2120
2121 2122
2123 1251
2124 142
284 2125
2126 2127
2128 2129
2130 2131
2132 1274
2133 2134
2135 1257
2136 2137
2138 18
2139 2140
2141 2142
2143 2144
2145 2146
2147 2148
2149 2150
2151 2152
1548 2153
2154 2155
2156 2157
2158 2159
2160 2161
2162 2163
2164 2165
2166 2167
2168 2169
2170 2171
2172 2173
2174 1464
2175 362
2176 2177
2178 2179
2180 1449
1572 2181
2182 2183
2184 2185
2186 2187
2188 2189
2190 2191
2192 854
2193 2194
2195 2196
2197 2198
2199 2200
2201 1414
2202 1854
2203 348
2204 2205
2206 2207
2208 2209
2210 2211
2212 2213
2214 2215
2216 2217
2218 1246
2219 948
2220 381
2221 2222
2223 1410
2224 2225
2226 2227
2228 2191
2229 2230
2231 2232
2233 516
2234 2235
1899 2236
2038 2237
2238 2239
1245 2240
2241 2242
2243 2244
2245 2246
1114 2247
2248 1953
2249 2250
1421 1621
2251 2252
2253 2254
2255 2256
2257 2258
2259 2260
2261 2262
1202 2263
2264 2265
2266 2267
2268 2269
2270 2271
2272 2273
2274 1869
2275 2276
2277 2278
2279 2280
2281 2282
2283 2284
2285 2286
2287 2288
2289 2290
2291 872
2292 2293
2145 2294
2295 2296
2297 2298
2299 2300
2301 2302
1598 1433
2303 2304
2305 2306
2307 2308
2309 2310
2311 2312
2313 2291
2314 2315
2316 2317
2318 2319
2320 2321
2322 2323
2324 2325
2326 2327
2328 2329
976 20
2330 2331
2332 2333
2334 2335
2336 2337
619 2338
2339 2340
2341 825
2071 2342
2343 2344
2345 2346
2347 842
2348 2349
2350 2093
2351 799
2352 2353
1358 2354
2355 1801
2282 2356
227 2357
2358 2359
2360 2361
2362 2363
2364 2365
2366 2367
206 2368
2369 2370
2371 1236
2372 458
2373 2374
2375 2376
2377 1539
2080 2275
2378 2379
2380 2381
2382 2383
1237 2384
2385 2386
2387 2388
2389 2390
2391 2392
2393 2394
1088 2395
2396 2397
2398 2399
2217 2400
2401 2402
2403 2404
2405 2406
2407 2378
2408 2384
2409 2410
2411 2412
2413 2414
2415 1984
2416 2417
2418 1851
2419 2420
2421 2422
2423 2424
2425 2426
2427 2428
2429 2430
2431 2432
2433 2434
2435 2436
2437 618
2438 879
2439 2440
2441 2442
2443 2444
2445 2446
2447 2448
2449 2450
2451 2452
2453 39
2454 2455
2456 1446
2457 2458
34 2459
2460 2461
2462 2463
2464 2465
2466 2467
2468 1735
2469 2470
2471 1783
2472 2473
2474 2475
2476 2477
2478 2479
2480 2481
1849 2482
2483 1466
2484 1633
2485 2486
2487 2488
2489 2490
2491 2156
2492 1747
2493 2494
2495 2496
2497 2498
1530 2499
2500 1728
466 2501
2502 2503
2504 2505
2506 2507
2508 2509
2510 639
2511 2512
2513 2514
842 2515
2353 2516
2517 2518
2519 307
784 2520
2521 2522
2523 2524
2525 2526
2527 2528
2529 2530
2531 1277
2278 2532
2533 95
2534 2535
2536 2537
2538 2539
2540 2541
2542 2543
2544 2545
2546 2547
2548 740
2549 2550
2551 2552
2553 2554
2555 2556
2557 2558
1514 2559
2560 2561
966 2562
751 2563
2564 2565
2198 2566
2567 1033
730 2568
2569 2570
2571 2572
2573 2574
2575 2576
2577 2578
2579 795
2580 2581
2582 2343
2583 2584
2585 2586
246 2587
2588 2589
1086 2590
1599 2450
2591 2592
2230 2593
2594 2595
2596 2597
1264 1212
2598 2599
2600 2601
2171 2602
2603 2604
2605 2606
1671 2607
2608 2609
2610 2611
2612 241
2613 2614
1739 2615
2616 2617
2618 873
2619 2620
2621 2622
354 2440
1743 2623
2624 2625
2626 2474
2627 2628
518 2629
2212 802
2630 2631
2632 1414
2633 2002
2587 2484
2634 2635
2636 2637
2638 2639
2640 1746
2641 2642
2643 2644
2645 2646
2647 2648
1930 2649
2650 2651
2652 2653
2654 219
2655 2656
2657 2658
87 2659
2660 2661
2662 2663
2664 2665
1594 2666
2667 2668
2669 2670
2671 2672
2673 2674
2675 30
2676 2677
2678 2679
2534 2680
2681 2682
2683 2684
2685 2686
2687 2688
602 2576
2237 883
2689 2690
2691 2692
2693 2694
2695 2696
2697 2698
2699 2700
1287 193
2701 951
2702 2703
2704 390
2705 2706
399 942
1948 2707
119 402
2180 2708
2709 2710
2711 2712
2713 2714
2715 2716
2717 2718
2719 2720
2721 393
2722 2723
2724 1932
2725 2726
2727 2728
2729 1155
412 659
2730 2731
2732 2249
25 2733
2734 2735
2736 67
2737 1495
697 2738
1967 1358
2739 440
2740 2741
1715 2742
2743 2744
2745 2746
2747 2748
2749 2750
2751 2752
2753 2754
2065 2755
2756 2757
506 2758
2759 2760
2761 2762
449 2763
2764 2765
2766 2767
2768 2769
2770 2771
781 2772
2773 2774
2775 2776
2777 2778
2779 2780
2781 2782
2783 2784
2785 2786
2787 2788
2430 1712
2789 2790
886 1952
2791 2643
2792 2793
2794 546
2795 2796
2797 2798
2799 2800
2801 2802
2803 2804
1078 1938
2805 2806
2807 2808
2809 690
2810 2811
2812 2813
2814 2815
2816 2817
2818 2819
2449 773
2820 2821
2822 2823
2824 2825
2826 2827
938 1832
2828 2829
312 2830
2831 2832
2833 512
2834 2835
2836 748
2837 2838
2839 2840
1946 2841
1988 2842
930 2843
2844 2234
2845 2846
2847 1444
2848 2849
2850 2851
2852 2853
1208 2854
2855 2856
1772 38
2857 2858
2859 2860
2861 396
2804 2862
813 2863
2864 647
2802 1166
2865 2866
2867 2868
2869 2870
2871 2872
568 184
2873 1880
2874 2216
2875 2876
2581 2877
2878 2879
2880 2881
2882 2070
2883 2884
2885 2886
2887 2888
2454 2889
2890 2891
2892 2893
2894 2612
2181 2895
2896 925
2897 2898
2088 2899
2900 2901
2422 2902
2903 2904
2905 2775
1145 1588
2906 2907
2908 2909
2910 2911
2912 2913
2914 2915
1674 2916
2917 2918
2919 1748
1781 2920
2921 2922
2923 2924
335 2925
2926 2927
2928 2929
2930 2931
2932 808
2933 2934
2718 2935
1369 2936
2937 2938
1335 2939
2940 2941
2942 708
2943 2944
1407 420
2945 2946
2947 2630
2752 2536
2948 2949
2950 2951
1928 2952
2953 2954
2955 2790
2956 2957
2958 2959
2960 2961
2962 2963
2964 2965
2966 2967
2968 2969
2970 2971
2972 2973
2974 2506
2975 2976
2977 2978
2979 2980
2333 2981
2515 2160
2982 786
2983 2984
2985 2986
268 2987
2988 2989
2990 2991
890 2992
2993 2994
2995 2996
2997 2998
2999 3000
3001 3002
3003 3004
2271 3005
185 2905
3006 3007
3008 3009
1222 3010
3011 3012
155 3013
3014 2138
1974 3015
3016 3017
3018 3019
3020 3021
3022 3023
3024 3025
2301 3026
3027 3028
2532 3029
3030 3031
2352 3032
988 3033
3034 50
3035 612
3036 941
3037 1434
3038 1555
3039 3040
3041 1757
2369 3042
1922 3043
3044 3045
3046 3047
3048 42
3049 3050
3051 3052
3053 3054
3055 2224
3056 1017
3057 3058
3059 932
2169 3060
3040 3061
3062 3063
3064 896
1271 3065
3066 3067
2436 3068
1732 3069
3070 3071
3072 2797
3073 1231
3074 3075
3076 1061
3077 1926
3078 3079
3080 3081
2317 3082
3083 3084
1336 3085
3086 3087
84 3088
3009 2449
1018 3089
3090 3091
1729 3092
3093 3094
3095 1783
1606 3096
3097 3098
3099 2169
3100 344
3101 3102
3103 3104
852 1219
3105 2308
2014 3106
3107 3108
3109 3110
3111 2594
3112 3113
3114 3115
3116 2991
1651 3117
3118 3119
3120 450
2128 3121
3122 1468
3123 3124
1960 996
3125 3126
3127 3128
66 3129
3130 3131
3132 3133
1246 3134
3135 2713
3136 3137
3138 905
2411 3139
3140 3141
3142 2800
1512 3143
3144 3145
3146 2763
3147 1856
3148 3149
1944 3150
3151 3152
3153 810
3154 3155
3156 3157
3158 3159
3160 3161
3162 3163
3164 3165
3166 3167
3168 3169
2868 2287
3170 3171
3172 651
3173 207
3174 1569
730 3175
3176 2947
3177 3178
3179 1968
1263 3180
3181 3182
1033 3183
183 2614
3184 3185
2019 3186
3187 3188
3189 426
3190 3191
1348 3192
3193 3194
3195 3196
3197 3198
3199 3200
3201 3202
3203 3204
3205 2035
3206 3207
3208 2243
611 3209
3210 2341
452 3211
3212 3213
3214 3215
3216 972
3217 3005
3218 3219
3220 3221
3222 18
3223 3224
3225 3226
3227 3228
3229 1145
946 2362
956 3230
3231 3232
3233 3181
3234 3235
3236 3237
3238 1351
3239 3240
3241 3242
3243 3244
3245 3246
3247 3248
3249 3250
3251 3252
2161 1964
3253 3254
1568 3255
288 3256
3257 2869
2984 3258
3259 3260
3261 2573
3262 3263
3264 3265
3266 3267
3268 105
3134 1830
3269 3270
3271 1311
579 3272
3273 3274
3275 3129
3276 3277
3278 3279
3280 3281
3282 3283
1143 3284
3285 3286
3287 3288
941 3289
3290 3291
3292 2052
3293 2514
3294 3295
3296 3297
3298 3299
3300 3301
3302 3229
3303 3304
3305 3306
2505 3307
3308 3309
3310 3311
3312 3313
3314 3315
3316 3317
3318 3319
3320 3321
3322 3323
3324 2934
3325 2253
3326 3327
3328 3329
3330 3331
1277 3332
3333 3334
3335 3336
3337 3338
1081 3000
3339 3340
3341 86
3342 3343
3344 3345
3346 3347
3348 2509
2221 3349
3350 3351
3352 3353
2756 3354
2489 2537
3355 1907
1603 3356
3357 3358
3359 3360
3361 3362
3363 3364
3365 3366
159 3367
3368 3369
3370 3371
3372 3373
3374 3375
3376 3138
3377 430
858 3378
1180 3379
3380 3381
184 3382
2733 3268
3383 3384
3385 1465
3386 3387
2652 3388
992 3389
1612 3390
3391 3392
3393 494
1842 2919
3394 3395
2272 3396
3397 2680
3398 2801
3399 203
3400 1370
359 3401
3402 3403
3404 2348
1409 2380
512 3405
3406 3407
3408 995
3409 3410
2813 1393
3411 3412
3413 3414
1850 3415
3416 3417
3418 3419
3420 3421
3422 1691
279 3423
3424 3425
243 3426
157 3427
3428 3429
3430 3431
3432 3433
919 3434
1925 3435
802 1300
3436 1561
3437 3438
3283 3439
3440 885
3441 3442
3443 3444
3445 3446
3447 3448
1120 3449
3450 3451
3452 3453
1853 1921
3454 3455
3456 3040
2032 3071
2502 749
3457 3458
3459 3460
3461 3462
3407 3463
3464 1731
2256 3465
3466 3467
3468 1188
3469 594
3470 3471
3472 682
2681 3473
3474 3475
3476 3477
2611 3478
1966 977
3479 3480
3481 2309
1230 2762
2746 3482
1279 3483
1031 3035
1765 3225
3484 3485
3486 3487
1297 3488
3379 3489
3490 3491
3492 3493
1646 3494
3495 672
1837 3496
3497 2369
3159 3498
750 3499
2196 3500
3501 3281
644 3502
3503 943
3504 3505
3506 3507
3508 3509
3510 3511
3512 3513
3514 3515
3516 3517
3518 3519
3520 3521
3522 3523
3524 3525
1057 3526
3527 3528
3529 620
3530 547
3531 3532
1573 3533
341 3534
3535 3536
3537 3538
3539 3540
3541 3542
3543 2923
3544 3545
3546 3547
3446 2045
3548 2941
3549 3550
3551 1652
3103 3552
3553 3554
3555 3556
1206 3557
3558 3559
3560 2452
3561 3562
3563 3083
3564 487
3565 3566
3567 3568
3569 1491
3570 3571
3572 3573
3574 3575
2994 3576
3577 3578
317 3579
2122 3580
3581 3582
1994 1838
3583 3584
3585 1461
1097 528
3148 3586
3587 3588
3589 3590
3591 3592
262 3593
3594 3595
1632 1996
1661 3596
3597 3598
3599 555
39 3600
3601 3602
3603 3604
3605 2457
3606 2084
1592 3607
2186 3608
1632 2582
3609 3610
1074 3611
3612 3613
3614 3615
1702 3616
3617 3618
3619 3620
3015 3621
1034 3622
3304 3623
3422 3624
3625 3626
3627 3628
3629 3630
2265 3631
3632 940
1423 1207
3633 2314
3634 3635
3636 3637
3638 3639
3640 3641
3642 3432
3643 2767
3644 3645
1887 3646
3647 3648
3649 3650
518 3651
3652 3653
3654 2358
3655 3656
3657 1293
3658 3659
800 3660
1622 187
3661 1403
3662 3663
3664 3123
3665 3666
3667 3668
3669 3670
3671 3672
973 3097
3673 1447
3674 3675
3676 3677
3678 3057
3679 3680
242 3681
3682 3683
3684 166
1404 3685
1383 3335
3686 3687
3688 3689
3690 3691
681 3692
3693 3694
3695 1658
3696 3697
3698 3695
3699 3700
3701 3702
3703 3704
3705 3706
3707 1874
143 3708
3709 3710
3711 3712
3713 3714
3204 3715
1120 3716
3717 3718
1387 2006
3719 3720
3721 70
2389 2640
2460 3722
3723 3724
3725 2878
3726 989
3727 3728
3729 3730
1890 3731
3732 3733
3734 3735
3736 3737
585 1806
1419 3738
3739 991
3740 3741
3742 2929
1454 3743
3744 3745
3746 3747
3748 3749
3750 3751
2858 2363
539 3752
3753 3754
3273 98
3755 2133
3756 3757
1718 3758
3759 1808
3760 3761
3762 3763
3764 1139
3765 794
3766 1334
3767 3768
3769 3770
3771 3772
3773 3774
3775 2345
3776 2535
2823 3777
3778 148
3779 3780
3781 3782
3783 3784
3785 3009
3786 3787
3788 3789
344 771
3790 3791
3792 3793
3673 3794
3795 3796
2727 1067
3797 3798
3799 3800
3801 3802
3803 3804
683 3805
3806 3807
3808 3809
3810 2779
2535 2764
3811 3344
3812 1133
1685 1483
2092 3813
1715 3814
3815 3816
3817 509
3818 3819
3820 3821
3822 2963
2529 3823
3824 3825
3826 2086
232 3827
3828 3156
3829 2456
3830 3831
176 3832
3833 3834
3835 3836
3837 3838
3839 685
1601 3840
3841 3842
3473 3843
3844 3845
3477 3846
1921 384
3434 2293
3847 3848
694 3849
2227 3850
3851 3852
1904 3400
924 2270
3853 870
1758 3854
2148 3855
600 3856
3857 3858
3859 1619
3460 1485
3860 3861
3862 1665
3863 490
3864 3865
3866 3867
3868 3869
3870 3871
3872 3873
3874 3875
3876 3877
3878 422
2304 3879
3880 3832
3881 3882
3883 3884
3885 3886
64 3887
3888 1563
3889 522
3574 3890
1725 3727
3891 2370
3892 3125
3893 3894
3034 3895
3896 3897
3898 3899
3900 3901
3902 3903
2220 3610
236 3904
3905 3906
3907 3908
3909 3910
837 3911
3912 3913
1629 3914
3915 3916
3917 2773
3918 3919
3920 3657
3921 3922
3923 3924
3925 3926
3927 3928
3929 3930
1630 3931
3932 3933
3934 3935
3936 3937
3938 27
3939 3940
3941 3942
1720 3943
3944 3945
743 3946
3947 3948
3949 3950
3951 3952
3953 3954
841 3955
3111 3956
3957 3958
3959 3960
3961 3962
2152 3963
3964 1216
3965 3966
3607 3967
3968 3969
1506 3970
1946 3971
2549 3972
3973 3974
3975 3976
3977 3978
2496 3979
3980 3981
212 1728
3478 1817
1129 3982
3983 3984
3985 3986
2562 3987
3988 3944
3989 3990
1360 3038
3991 3992
2821 836
3993 3994
2130 3995
3996 3997
3998 2053
3999 4000
4001 169
4002 4003
4004 4005
44 4006
4007 2080
786 4008
4009 4010
218 2880
3813 4011
4012 4013
4014 610
4015 4016
4017 2975
4018 4019
4020 4021
4022 4023
4024 1685
4025 4026
4027 4028
4029 4030
4031 3055
874 4032
4033 2893
4034 4035
4036 4037
4038 2889
4039 4040
4041 4042
4043 4044
4045 189
4046 3760
763 1752
4047 4048
4049 4050
4051 4052
4053 4054
4055 4056
1947 4057
4058 4059
4060 4061
4062 2304
3191 4063
4064 4065
4066 4067
1304 2411
4068 4069
2803 2943
4070 4071
4072 4073
4074 4075
4076 4077
9 4078
4079 4080
4081 2126
180 4082
4083 2466
2077 1471
1075 2013
1004 4084
667 372
4085 4086
4087 4088
933 4089
4090 4091
4092 3165
1299 4093
4094 4095
4096 4097
4098 1677
4099 4100
4101 4102
4103 4104
4105 4106
4107 2769
4108 4109
993 2712
3944 4110
4111 4112
4113 4114
4115 4116
4117 4118
4119 4120
4121 4122
4123 3801
4124 2997
3172 4125
4126 4127
2030 4128
4129 4130
1248 4131
4132 4133
4134 121
4135 3575
3146 3529
4136 2851
3336 4137
176 4138
4139 4140
565 3314
1389 4141
4142 4143
796 3824
2957 1681
4144 4145
315 616
4146 4147
4148 4149
4150 1796
4151 1864
4152 4153
4154 46
2320 4155
4156 4157
4158 2157
4159 4160
4161 4162
4163 4164
1878 2779
2543 1914
4165 4166
1655 3696
4167 4168
4085 4169
4170 4171
4172 4173
1549 4174
4175 2734
3279 4176
3215 4177
4178 4082
4179 3305
4180 1583
4181 4182
3395 3370
4183 4184
4185 10
4186 4187
4188 4189
4190 3508
754 4191
3139 4192
4014 3149
49 3831
2568 4193
4194 4195
3269 4131
4196 4114
1422 4197
4198 4199
4200 3230
780 534
4201 4202
2954 4203
904 744
4204 4205
4206 4207
4208 4209
2711 372
4210 4211
4212 4213
2622 4214
4215 4216
4217 4218
4219 2971
3433 4220
4221 4222
4223 4224
4225 4226
4227 4228
4229 4230
4231 3865
4232 4233
4234 4235
4236 4237
4238 4239
4240 4241
4242 4243
4244 4183
2893 3765
4245 4246
4247 3034
4248 3117
4249 4250
3904 4251
4252 4253
3754 431
4254 4255
4256 4257
641 4258
4259 4260
4261 3570
4262 3189
3814 4263
4264 4265
4266 4267
4268 2571
4269 2264
2848 111
982 4270
901 4234
4271 4272
4273 2251
2998 52
3915 1971
4274 4275
3319 4276
4277 4278
4279 1326
4280 3797
4281 4282
4283 4284
4285 1940
4286 4287
2531 4288
4289 4290
4291 4292
4293 4294
4295 4296
4297 4298
1888 4299
4300 4301
4302 4303
619 4304
3138 4305
3564 4306
4307 3128
4308 2711
1867 1885
1178 4309
4310 4311
41 4312
4313 695
4314 4300
4315 727
4316 4317
4318 1366
1519 3315
3114 4319
4320 4321
4322 4323
4324 4325
4326 4327
4328 4329
4330 4331
4332 4333
4334 4335
4336 4337
4338 750
4339 2360
4340 4341
1122 3534
2877 4342
4343 4344
4345 4346
1618 4347
1396 2174
4348 4349
2737 4350
1811 2857
4351 4352
3272 2977
4353 4354
1680 4355
4356 2567
4357 4358
4359 4360
4361 2230
4362 4363
4364 3191
33 1151
2603 4365
4366 4367
4368 2292
4369 4370
2083 2204
4371 4372
4373 3536
4374 2805
4375 4376
4377 4378
223 4379
4380 2751
1954 4381
4382 172
2789 2051
4383 1919
4384 101
4385 812
4386 3203
3077 4387
4388 1599
767 4389
785 808
546 4390
4391 451
2063 61
4392 4393
1494 4394
267 4395
2919 3686
3798 4396
4397 1505
427 4398
4399 4400
3966 4401
4028 4402
4403 4404
4405 4406
4407 4408
4409 4410
4411 1706
4132 3764
4412 4413
4414 2444
4415 473
4416 4417
4418 428
1651 214
4419 4420
563 4421
4422 4423
4424 4425
4426 4427
4352 3867
1405 4428
4429 4430
2608 3664
4431 4432
453 4433
4137 4434
4435 4436
4437 4438
2629 4439
4440 4441
3624 4442
2062 4443
4444 4445
3383 4446
3222 4447
4448 4449
4450 4451
4452 8
4453 4454
1406 4455
4456 4457
4458 188
4459 4460
3198 1573
4461 266
4462 4463
1897 4047
4464 4465
4466 4467
1995 4468
4469 4470
3908 4341
4471 4472
896 1101
4473 4474
2822 1793
4475 4476
3981 147
4477 2972
3185 4369
4478 4479
4480 141
4481 4482
1811 2739
3824 4483
4484 4485
1663 4486
4487 1845
4488 3003
4489 4490
4491 833
4492 1983
4493 4494
4495 3238
4496 4497
4498 1360
4499 4500
4501 4502
3730 3127
4503 1303
4504 1050
4505 3883
2452 4506
4507 4508
4509 3736
1086 4510
4511 2926
4512 3907
4513 3532
4514 4515
1669 4516
4517 4518
4519 4520
4521 4522
4523 4524
4525 4526
4527 4528
4529 4530
4531 4532
2595 4533
4534 4535
1981 4536
4537 4538
4539 4540
4541 3196
3302 502
130 4542
4543 4544
4545 1673
3862 4546
4547 4548
4549 4550
4551 4552
4553 4554
4555 4556
59 4295
4557 4558
4559 2547
4560 775
1801 4561
2254 4562
4563 4564
4565 222
646 4566
4567 1738
4568 4569
1529 4570
4571 955
2750 4572
1467 2199
3616 4573
4574 4575
4576 4577
4578 4579
2637 4580
3595 1726
3321 4581
4582 4583
1137 4584
4585 4586
4587 3018
4588 4589
4590 4591
990 1220
4592 3227
4593 3390
4594 4595
4596 4597
3126 4598
2995 4599
4600 1638
4601 4602
4603 4604
4605 4606
4607 3993
4608 3387
4609 4610
4611 872
2011 281
3151 4612
4613 4614
4615 647
2459 4616
4617 4618
4619 4620
4621 4622
4623 4624
4625 4626
4627 4628
4629 1565
4630 2955
2163 3317
4631 3979
4632 1997
4633 4634
1004 4635
4636 4637
3326 3417
4638 4639
4640 1627
4641 4642
4643 4517
4644 4645
3023 4646
3843 4647
4648 4649
1198 4650
4651 4652
4653 4654
4655 4656
925 4657
4658 4659
4660 4661
4662 4663
4664 4665
3696 4666
4667 600
4668 227
4669 4670
4671 4672
4673 4674
4675 2307
4676 3261
4677 4678
4125 4679
3612 3211
4501 3680
79 2407
4680 4681
4682 4683
1255 4684
4685 4686
4687 4688
1342 1473
4689 4690
4691 1347
4692 4693
4694 2473
4441 3056
3386 4695
4696 452
4697 4698
1575 3563
4699 2759
4700 4701
3931 1622
4702 4703
4704 4705
4706 1598
2056 4707
4224 4708
4709 4710
4711 4712
4713 4714
3906 4715
4716 1397
1108 4717
3737 4718
134 2495
3439 2974
4719 565
4720 4721
4722 4723
4724 435
4725 4442
4726 2398
4727 4728
4729 4730
4731 1787
4732 4507
2836 4733
4734 4735
2783 3786
4736 4161
4737 4738
4739 3451
3315 4740
4741 4201
4742 4743
4744 2309
4745 4746
4747 3533
4748 3155
4749 4750
4751 370
179 4752
1942 4753
2866 2930
2722 4754
537 553
4755 4756
4757 4758
4759 4760
4761 4762
4763 4764
4765 4766
1 4767
4768 4769
2754 2836
4770 1425
4771 4772
4773 4774
4775 4776
4777 4778
4779 4780
2647 4716
2060 4781
4782 4783
4784 912
4785 4786
3568 175
4787 4066
4788 3725
4789 4790
4791 4792
4793 231
4794 4795
4796 4797
4798 4799
761 4800
4801 2350
4802 1702
2398 4803
4804 4805
4806 4807
4808 4613
1877 4492
4809 4810
4811 4812
4813 4814
4493 4804
4815 637
4816 4817
4818 4750
4037 1892
4819 4820
4821 4822
1013 4823
4824 4825
2227 2280
4826 614
4827 4828
4829 4830
4219 4831
4832 2823
4833 4834
4835 4836
4837 4838
4789 4839
4840 4841
4299 3732
4842 2428
232 4843
4844 438
4845 4846
2099 4847
4773 4848
4849 4850
1053 4851
4852 4853
625 460
4854 4855
4856 4857
4858 4859
4860 1905
4861 4862
4863 4864
4865 4866
4867 4868
4869 4870
4871 4872
4140 4873
2922 4874
4875 513
4876 4709
4877 4878
4879 4880
4881 4882
2674 4883
696 754
2852 4884
4885 4682
4886 4887
1698 4888
779 4889
3019 1355
4890 4891
4892 4893
4894 4493
4895 4896
4897 4898
3073 2782
2728 4899
4900 4901
4902 4903
4904 4905
4906 1424
1380 4907
4908 4691
4909 4910
4911 4912
1758 4913
4914 4915
4916 2438
4917 4695
4918 891
3602 2932
4919 669
4920 4921
4829 1990
4922 4923
4924 4925
4926 4927
638 1311
361 62
4928 4929
636 4930
4931 4932
4933 4934
4935 4936
4937 4938
4939 3619
4940 4941
190 4942
4943 4944
2486 2255
4945 4277
4946 1531
2425 1531
3453 4947
4411 4379
4948 4949
4950 4951
4952 4953
4954 4955
4956 2468
4091 4957
4958 4959
3784 4960
2521 4961
1716 4962
4963 4964
4965 4966
4967 1850
4968 3295
4969 1795
4970 4406
4971 2372
4972 4973
4974 1476
4975 4976
191 4977
4805 4978
2371 4979
2589 418
4980 1596
4981 3571
2842 4982
4983 280
4984 4985
1542 2699
2742 4986
4987 4988
4989 4373
597 1289
4990 4991
4992 3439
1634 2959
4659 4993
1210 3135
4293 4994
4995 4996
2488 1876
4997 4998
4999 5000
1796 5001
5002 776
5003 5004
5005 162
5006 4186
1583 5007
2051 5008
5009 5010
2915 5011
4915 5012
2941 5013
11 5014
1804 5015
5016 3304
5017 5018
5019 5020
5021 5022
936 5023
5024 5025
5026 5027
3043 5028
2524 3828
5029 5030
5031 5032
5033 2644
888 2796
5034 5035
5036 3664
2590 5037
5038 2252
5039 5040
5041 5042
4379 1537
5043 48
129 2275
4621 5044
2778 5045
5046 1778
2775 5047
5048 404
5049 5050
5051 5052
375 1941
4869 1846
5053 2600
5054 5055
1500 5056
1040 2126
4371 5057
5058 2754
5059 3100
5060 3795
5061 5062
4366 4199
5063 5064
5065 2687
5066 5067
4306 5068
3356 5069
5070 5071
5072 5073
5074 5075
3392 5076
4398 5077
5078 1579
5079 5080
3109 5081
5082 993
3053 2540
211 5083
5084 220
5085 5086
5087 5088
5089 5090
5091 5092
5093 3947
2612 1115
5094 5095
2949 5096
5097 5098
5099 1155
3991 561
1154 1296
187 319
5100 5101
5102 4380
5103 5104
5105 3541
2187 5106
5107 5108
5109 4924
2576 304
4482 5110
5111 5112
5113 5114
5115 5116
1307 3799
5117 4170
5118 3591
5119 5120
5121 1736
5122 5123
5124 5125
5126 3438
5127 1578
5128 5129
3994 5130
5131 5132
843 5133
2090 5134
5135 2755
5136 2969
4841 724
3152 1642
1528 400
1316 5137
5138 574
5139 5140
4896 5141
1543 5142
182 1775
5143 2590
5144 5145
623 1536
5146 5147
5148 2768
5149 3889
5150 3543
5151 3516
119 5152
1569 4291
5153 3709
5154 2626
4823 5155
5156 5157
2386 5158
2319 4675
2316 5159
5160 3920
5161 5162
4147 5163
864 2718
3232 5164
5165 5166
1666 5167
5168 5169
334 4054
5170 5171
5172 5173
5174 5175
5176 5177
5173 5178
4878 5179
5180 5181
4289 4713
5182 5183
5184 5185
5186 4173
5187 2632
5188 5189
1609 5190
5191 5192
5193 5194
5195 5196
5197 4637
5198 5199
5200 5201
2417 1224
5202 5203
5204 5205
260 5206
5207 4122
978 3968
5208 588
5209 5210
5211 5212
5213 5214
1474 3646
4583 1724
5215 131
5216 5217
5218 4333
5219 5220
5221 5222
5223 3455
5224 5225
5226 5227
3291 5228
5229 3878
3340 991
791 5230
4050 5208
3787 5231
5232 2322
2496 5233
5234 5235
3658 5236
5237 981
5238 5239
5240 5241
5242 5243
5244 5245
4797 5246
1400 5247
2342 5248
2627 1104
2556 4694
3780 5249
5250 3871
5251 5009
3157 5252
1289 5253
2891 5254
5255 1934
5256 3010
5257 5258
3444 4494
4740 5259
5260 5261
5262 5263
5264 5265
5266 1800
3710 5267
5268 5269
4316 5270
5271 1654
5272 4875
5044 485
2203 5273
5274 5275
1743 5276
5277 481
1131 5278
1668 5217
5279 3603
5280 5281
5282 5283
1854 4815
5284 5285
293 5286
5287 5288
5289 5290
5291 5292
5293 5294
5295 5296
1308 3237
5297 5298
5299 5300
5301 5302
5303 5304
5305 5306
4348 5307
2215 5308
5309 5310
4545 769
514 5311
952 2542
5312 5313
2832 5314
5315 5316
5317 5318
1141 4698
2480 5319
5320 2445
5321 3147
4578 720
5322 5323
5324 5325
4129 5326
3177 3593
442 5327
2735 5328
5329 388
5330 1767
5331 3890
215 5332
2671 5333
5334 5335
5336 1396
2632 4973
2276 2837
5337 1379
5338 5339
5340 3087
5341 5342
3600 3809
5343 5344
5345 5346
2239 5347
5348 1266
377 918
3167 5349
2678 1431
5350 5351
5352 2451
5353 5354
4229 2460
5355 4879
5356 5324
4599 4092
3558 1070
5357 5358
5359 2081
5360 5102
294 5361
5362 5363
1261 5364
5365 5366
5367 2116
326 3932
2618 110
459 5368
5369 5370
5371 5372
4585 4517
5373 5374
5375 596
5376 5377
4662 3203
5378 5379
5380 2820
5381 1659
5382 5074
5383 2830
3194 5384
4480 5385
5386 5387
1150 5388
5389 5390
5391 5392
5393 3755
5394 5395
5396 5397
5398 5399
5400 3209
1562 5401
4852 5402
5403 2950
1003 5404
5405 1966
4120 5406
5407 5408
5026 109
1042 5409
1398 2123
5228 5410
5411 5412
5413 5414
3098 5415
5416 3274
3263 5005
5417 5418
5419 4720
4173 5420
5299 5421
5422 5423
61 2519
1010 178
5424 4488
5425 5426
4370 5427
3464 5428
5429 5430
5431 5114
2655 3356
3008 5432
2312 5433
4764 3027
4465 5434
5435 1842
5436 5437
5438 4644
5439 5440
4042 5441
5442 1781
2118 5443
5444 5445
2609 1522
5446 5447
4144 3247
5448 5449
5450 4234
5451 1234
5452 542
5453 5454
5455 5456
5457 2510
5013 4477
4296 2312
5458 3436
892 5459
5460 5461
5462 1345
5234 5463
5464 5465
5466 5467
2461 5437
1979 5468
4283 3045
5469 3327
5470 5471
5472 5473
551 5474
4013 4123
5475 3643
3347 5476
3901 5477
529 5100
5478 5479
5480 5481
5115 3115
4166 5482
2664 2364
3798 5483
5484 4419
5485 4084
5486 2648
2270 982
5487 4914
5488 5489
3161 5490
2838 5491
5492 5493
5494 5495
5496 3293
5497 5498
5499 2168
4497 5500
5501 5502
5503 4485
632 5504
2527 5505
5506 3284
3807 1655
5507 3806
4691 4216
5508 5509
5510 5511
3679 1411
4844 5512
5513 3098
5514 5189
5515 5051
94 5516
5517 5323
5518 56
5519 5520
1470 5400
3124 5521
3697 3172
5522 4969
5523 5524
861 360
5525 4502
461 5526
5527 5528
5529 2071
4731 5530
5531 2359
1385 5532
5533 5534
5535 5536
5537 5538
5478 5539
3354 5330
5540 5541
678 5542
2563 5543
3904 5544
5545 3374
1931 5546
5547 3617
2900 5548
5549 5550
5551 1617
5552 5553
1001 4989
3487 505
152 4142
4292 5554
5555 495
3869 5556
5557 2629
5558 5559
3115 5560
2286 5561
5562 1662
5563 3350
5564 5565
5566 5466
5567 5568
5569 4609
5570 2568
265 660
1450 5571
5572 5573
4003 2338
5574 4196
318 5575
5576 2724
2259 1508
5577 5578
5579 5580
2815 592
451 3652
472 899
5306 2375
5581 5582
5583 5584
5585 2922
2700 5586
5587 5588
5589 1301
5590 715
5591 4655
4235 5484
3669 5592
5593 5030
4580 5594
3817 5595
5596 5597
5598 5599
3958 5209
5236 5600
4010 5601
5602 5603
4276 3758
4842 5604
5605 4551
5606 5607
5608 5257
5609 5610
839 5611
2347 5612
5613 5614
2172 2240
5404 1513
5031 5615
5616 3531
706 4087
5617 5129
5618 5619
3572 5620
698 5621
5622 5623
382 1470
1971 2031
5624 5625
2315 4342
5626 5627
3973 5628
2079 1695
728 5629
5630 1687
5133 5497
2854 1182
3182 1647
5631 3393
5632 4771
5633 5634
5635 5636
5637 4582
4164 5638
5639 5640
5641 5642
3794 5643
5526 558
633 3350
5644 5645
1276 5646
5647 5648
1554 1209
5649 5650
5651 2591
5652 4939
2981 5653
5654 5187
4008 4689
5655 5656
5657 5658
5659 5660
5661 5662
5663 5664
5665 3763
5666 5667
5668 1196
3308 4080
5669 5670
2465 5671
5672 5673
5037 851
848 5674
5675 2813
5676 5677
1058 5678
5679 5515
5308 5680
5681 5682
4471 5683
5684 2553
5685 1131
5686 4525
5575 5687
5688 2961
5441 5689
1489 2794
5690 3679
4921 5336
5691 1640
5692 879
2944 5693
5694 5695
5696 5697
892 5698
5699 4887
5700 913
5701 4933
5513 5702
5703 1631
2931 5704
4297 3076
5705 1395
5706 5707
5339 5708
5709 5710
5711 2043
2373 5079
716 5712
5713 5714
5715 5716
5395 5632
1064 2143
1077 5717
3667 5718
3527 1453
5719 5720
5721 2023
5722 4453
4928 3518
5723 5724
188 5508
4083 5725
5618 709
1113 5726
1297 45
5727 5728
2465 5729
3805 5730
5731 5499
5732 277
1130 198
5733 5734
3380 5735
5736 2164
5737 5738
3083 5739
5740 5741
81 3719
5742 5743
1745 5744
5745 5746
2550 4636
5747 3095
5748 5266
5749 5750
1770 3649
5751 298
5752 5753
4650 4751
5754 5755
876 5756
719 5757
5561 5758
3596 3775
988 2864
5759 5357
5760 5761
5762 5763
5764 3957
3085 5077
999 5765
5766 5767
5768 5769
5770 5771
5772 1401
555 5773
4884 5774
302 5237
5775 5627
5776 5777
2232 5778
5779 5512
5780 5781
5782 5783
5784 5785
4239 3222
5786 2544
5787 5788
5387 4569
4162 1544
4552 5789
5790 5791
2978 5792
4981 1333
2262 2332
5732 192
5793 5794
5795 3928
5796 5321
5797 5798
129 1690
5799 3272
880 3167
4864 5800
4260 4816
1532 5801
5802 4641
5803 243
5804 2654
2895 3154
5285 5805
1792 4939
2965 5806
1232 4432
2697 2038
5727 2162
5032 3717
5807 5808
5809 5810
1625 3467
2154 3767
5811 5812
5806 1338
5813 5814
5815 5816
5817 5818
5819 536
5820 5821
5672 1457
5314 1111
1673 4369
5822 876
5823 2701
5824 4621
4393 5825
2873 5826
4531 5827
5828 2776
4821 5829
5830 5831
5832 5833
5834 5835
5502 4385
5836 2777
5837 5838
271 5839
5096 3055
1942 5840
4030 5841
4138 4330
5842 5843
5844 2037
3267 5845
4777 5846
1937 5847
5848 5849
5850 5851
5852 903
894 5853
5854 5855
5856 5212
5857 1189
5858 5859
151 1762
1468 5860
2587 3581
5861 3731
1399 5862
3372 5863
5864 5865
5866 5867
5868 2197
5071 3703
5869 5870
5871 5872
5781 5873
5874 5875
5876 5877
5785 1402
2438 5878
5879 5880
5091 5612
3107 4266
5881 5697
4966 4890
3557 1586
5882 5883
339 5884
1524 5885
4322 1039
5379 5886
5887 2825
5888 5889
1746 5879
5890 1066
1816 5891
3701 3747
4748 5892
3331 199
3834 5329
5040 5893
5894 5895
5896 1172
1484 5897
5898 2659
5899 5900
5901 5902
5903 1773
3537 2510
5904 4525
1734 1533
5456 5905
4830 5637
3057 5801
1301 5906
5907 2273
5254 4786
5908 5909
5217 4856
5910 460
4581 4128
1986 3184
2030 5911
2240 5912
5913 5914
2621 5770
1949 5915
5916 5917
5918 5919
3063 3306
5920 5921
313 5922
3170 5923
5924 2673
5925 5926
5927 5540
2596 5928
3678 3446
3235 5929
5930 5931
5932 3885
4874 5460
916 5933
5934 5483
3105 5935
5936 5937
5938 5342
4235 5939
5578 5940
651 5941
3780 5942
5943 5944
5945 5946
3526 5618
5947 5948
5014 1927
5949 5950
5951 5952
5953 2957
5954 5955
5956 3658
3397 3712
1203 5957
4600 132
461 4582
5958 5959
5960 2522
5961 1202
3858 4995
5962 5963
4832 5964
3369 3205
5965 4185
5821 5099
1614 5966
5948 5967
163 5968
5969 1635
5970 2955
1616 5971
1884 5972
5973 5974
2800 5975
5976 5977
5978 1493
3345 5892
5979 3394
3702 1870
5980 410
5981 1126
5982 5983
5984 5985
5986 5987
1032 5041
5988 5989
3298 5990
5991 538
5992 5401
833 5858
5993 5994
3494 5995
5238 4126
5996 4629
77 5411
5997 5998
5999 6000
6001 6002
4758 5676
6003 6004
1581 1232
6005 6006
6007 2017
2228 6008
6009 6010
2519 127
6011 4090
2639 5899
6012 2231
6013 6014
6015 6016
3674 4469
1173 6017
5382 6018
3500 6019
6020 6021
6022 4181
1251 1930
5267 6023
1440 6024
6025 6026
6027 6028
3968 6029
2679 6030
4654 5886
1294 2518
1371 6031
3666 6032
6033 4812
5686 6034
6024 6035
920 4368
6036 6037
3231 3113
6038 6039
6040 3096
257 5572
3726 2584
491 6041
2689 6042
6043 4653
319 6044
6045 6046
6047 5503
6048 6049
6050 2193
6051 269
994 1765
1049 6052
6053 6054
6055 2476
6056 4225
6057 6058
5209 3812
6059 6060
6061 6062
1191 1087
6063 5104
4048 6064
6065 6066
3648 1089
5227 4182
6067 1860
297 2128
3717 6068
3067 4472
857 1819
2091 2673
6069 6070
3768 6071
5273 5630
5815 6072
6073 1152
5411 3721
927 4788
5012 503
6074 6075
80 6076
6077 2676
6078 785
3071 6079
3099 6080
6081 1509
6082 5191
625 4830
4839 6083
6084 272
5290 4357
1748 6085
6086 6087
1343 1887
2023 2151
3352 6088
6089 4602
6090 2665
6091 1187
6092 4055
6093 5196
4184 6094
2890 6095
6096 4833
5439 700
3084 6097
204 4427
6098 6099
4321 6100
2361 44
6101 6102
2032 6053
6103 1021
6104 6105
5891 1708
6106 6107
1841 2382
714 5052
3496 6108
331 3425
1472 5259
6109 6110
6111 6112
3594 10
6113 4367
1725 6114
6115 4361
6116 6117
5598 3716
6118 6119
5134 3960
5571 6120
6121 2538
6122 6123
1844 5576
5412 6124
2546 3470
5392 2876
4910 6125
4018 6126
6127 5590
711 6128
6129 6130
5746 510
6131 4148
397 6132
6133 3691
3979 987
5410 6134
6135 6004
6136 2408
3895 6137
6138 648
1672 2852
6139 3486
32 979
5375 5355
6140 2784
6141 4230
6142 5669
6143 6144
6145 5438
5884 1161
6146 6147
5908 2494
6148 230
4619 6149
6150 5491
6151 6152
712 6153
949 6154
6155 2573
6156 1858
5223 6157
5507 928
6158 6159
2863 6160
208 5006
6161 6162
4016 3075
1377 6163
817 6164
6165 1967
6166 5759
5838 6167
6168 3288
5703 6169
6170 2725
2563 6171
6172 6173
6174 6175
6176 6177
4931 6178
4834 6179
6180 239
6181 6182
6183 2416
6184 6185
6186 3594
6187 3174
3684 6034
2769 6069
4052 6188
6189 202
4590 6190
6191 2012
3749 5343
6192 6033
6193 6170
558 6194
4467 5850
6195 6196
4243 6197
6198 2690
2109 6199
5346 6200
6201 6202
6203 6204
6205 5980
6206 6207
6208 6209
5875 5581
488 6210
6211 540
6212 6213
6214 4038
6090 4117
6215 6216
6154 6217
6218 4431
6219 6220
6221 5221
6222 3707
6223 2325
2589 6224
1576 6225
6226 6227
6228 6229
6230 4345
6231 1821
6232 6233
5205 4815
6234 6235
5625 3729
2266 6236
273 6237
2138 4894
4518 4204
6238 6239
6240 1320
6241 6242
2131 6243
6244 6245
5601 4138
4953 6246
3158 6247
133 6248
3220 622
6025 6249
6250 6251
6089 3318
1824 5414
1874 6252
6253 2610
6254 6255
6256 2548
4929 4619
6257 6258
6259 6260
6261 4007
6262 241
6263 6264
3515 790
6265 6266
3467 2551
6267 6268
6269 3827
6270 970
2372 3873
6271 5094
6272 6273
5584 1057
6274 6275
6276 1362
6277 6278
6279 4935
48 249
4200 6280
6281 6282
2626 6283
6284 5446
6285 6286
6137 875
3329 3574
5158 1119
5076 1713
6287 6288
3332 6231
5247 1163
6289 5501
6290 2172
6291 4450
1369 6292
6293 6294
4446 2736
6295 6296
6297 6298
6299 6300
6301 6234
2845 6302
3063 6303
87 5952
5367 2022
6119 5208
3656 3255
5707 6304
6002 1121
6305 6151
4934 6022
1349 4872
6306 6307
6308 6309
4094 6310
6311 6312
3509 6313
6296 6314
1591 867
6315 2455
2872 6133
3622 6316
2760 3546
1984 4521
5466 4549
5346 847
2418 1791
2482 6317
3283 1316
1658 177
5253 6318
5112 63
6319 40
6320 254
4703 6321
3370 6322
6110 6323
4358 6324
2463 952
1130 6325
6326 6327
6328 6329
4944 3918
3825 6330
6331 6332
6333 5057
6334 5671
6335 2062
4003 186
2958 4344
1085 6336
6337 6338
1866 5315
6274 6339
3306 6274
5388 2229
3547 6340
3431 5477
2659 1143
6341 6342
1881 4150
6343 6344
865 3206
6345 6346
6347 6348
2343 6349
5902 317
2593 3759
6014 6350
6351 6352
5061 1486
5814 4325
5320 6353
5871 6354
6355 6356
6357 1951
1834 1174
787 6358
4116 6359
5534 3443
6360 3376
6361 6362
2250 4219
1557 844
3538 889
6363 3384
6364 6365
2599 1205
6366 4304
5833 6367
4728 155
1636 3312
6368 4565
6369 1534
6370 3254
6371 6372
5774 6373
6374 5882
999 6375
3984 6376
1492 6263
6377 4544
6378 4475
2475 6379
2989 5596
6380 6381
940 6382
3902 6383
1095 273
6384 6385
1808 733
587 3303
6386 5304
1354 4612
414 1324
3908 2010
6387 920
6388 6389
6390 6391
6392 6393
6394 4699
3545 6173
6054 5564
6395 6396
6397 5709
3437 5586
5262 6071
4167 6398
5600 5166
3758 6399
6400 2912
6401 2791
6402 2072
6403 6404
6405 5157
6076 2555
5308 3965
4837 6406
6407 2425
6408 6409
5523 6410
6411 6345
6412 6413
6414 6415
6416 5836
4695 6417
6418 6202
6419 6420
6421 6422
6423 2189
6424 6425
6426 4024
6427 1432
6374 6428
5923 3625
4337 6429
716 6430
6431 6432
1455 2182
6433 6434
6435 6436
6437 6438
6439 6440
2017 5228
6441 6001
6442 6443
6444 6361
5928 3589
6445 6427
6446 5529
6447 6448
6116 6449
6450 161
6451 6452
6453 4948
6454 6455
3933 5761
6456 5908
5890 6457
5284 698
705 5780
6458 6459
2292 5712
6460 1068
2928 6461
3769 6298
1885 6462
6227 6463
6464 6465
4345 6466
6467 1186
3879 3122
4160 3582
3731 5091
6468 6425
6469 6470
6471 6472
6473 3730
1415 3357
6474 3561
3213 6475
5342 5223
2520 339
6476 6477
6478 2627
792 3546
280 6394
6479 2817
6480 4135
6481 6468
2755 6482
2323 6483
6484 4796
6485 6486
6487 4611
6488 4064
6489 223
2421 2539
6490 6491
3169 4556
2089 4562
6492 322
4994 1524
1006 6493
2158 5462
6494 1182
6495 3082
4482 5285
5066 6496
6497 2394
6498 5334
6499 6500
6413 2057
6501 1864
6502 2660
4067 6503
6504 1791
6505 1544
6506 3725
5880 6507
6455 5248
2927 1025
6508 6509
6510 6511
2758 6512
2049 6488
5935 6513
6514 6515
5359 6516
5449 6517
5010 2132
3206 6419
6518 3917
6519 6520
6521 3385
4284 2715
6522 5190
6523 6524
3714 3348
954 6525
198 6526
6527 1256
541 411
6528 4770
6529 3919
2036 6530
606 4446
6126 6531
6532 6533
6534 3955
2444 4514
5245 5901
623 6535
2233 1683
6536 576
2328 6537
6538 3398
147 2175
6539 6187
3836 6540
4063 6099
1602 6271
6541 6542
1736 2243
4430 6543
6544 4936
6545 3348
4281 6546
6547 6387
6548 5823
6549 6550
6129 5764
6152 1893
5729 2855
6551 6552
2592 379
4616 2526
6541 3856
6553 148
6554 3476
4521 2423
1992 2059
6204 6352
5963 1694
6555 6374
143 3989
6556 6557
6558 4949
5831 5874
6559 6560
2578 6365
2247 4479
6561 5974
6562 6563
6564 6565
6566 6567
6568 413
805 2699
3685 6569
99 4532
6570 6571
1207 6572
1168 6573
5862 5024
3444 887
6574 5898
5760 6575
1754 6576
6577 6578
2567 4519
6579 6580
1973 6435
6581 5657
859 5402
6239 3857
6582 697
3420 6583
6584 5762
4740 295
1269 5848
4935 1707
2356 2814
1678 6585
2767 6586
2039 2132
3087 6587
6588 4952
6589 6590
217 5679
5716 5161
6164 6591
4337 6592
2915 3378
6593 6594
6313 4566
3157 3478
2183 6255
6030 6595
6596 6597
6598 6599
3489 1388
3149 3298
2127 6600
6601 501
980 6602
4678 6603
4325 6490
6451 2873
6604 6605
5773 6606
6607 6093
2898 1619
162 6178
3867 6608
6609 6027
5211 4385
4156 6610
1179 6611
5665 2617
6612 434
221 1250
4589 6190
6066 6319
6613 5405
4056 1209
3568 4701
799 1013
6614 6615
5235 5727
6616 6617
5917 1109
6618 4090
6619 6514
6620 557
6621 6622
2410 605
4285 2433
6623 4565
6603 6624
4522 1328
2772 4212
5615 6625
1064 6626
6551 6627
6628 6629
769 1836
4529 6630
6631 3173
6632 6633
3472 1356
6634 6635
466 6636
5500 5105
6637 5971
1862 1117
6638 874
4164 2345
6639 5916
6370 5535
1827 6640
6641 6642
6167 6643
4078 5831
5723 3718
722 6192
6644 6645
684 6646
2257 6647
2234 297
4710 3459
1664 330
6648 6649
6391 6650
6651 4009
6652 3041
830 6653
6654 3433
3924 4168
6655 6656
738 6657
2996 3164
6658 6659
3521 5881
6660 233
3573 6495
6635 3501
3289 4895
6661 1098
6662 2045
6663 6664
4712 5435
544 1162
4812 1220
6665 1176
4540 5924
2730 4331
521 6666
6667 5638
3090 6668
2835 5065
2225 6669
1496 6670
5509 6671
5461 6302
6672 6673
6674 4555
6620 4112
4708 2147
6675 4452
6676 6677
1158 6678
2505 6085
6679 5496
6303 6680
2879 6681
3920 521
2250 6358
5125 6082
5317 3936
836 6682
6683 414
6196 102
6684 3193
1713 6685
898 6686
4384 6687
250 3830
6688 6689
6690 6691
4983 1894
6692 6179
6570 385
6693 6694
6695 3790
6696 432
6697 3704
6260 3562
4686 6698
6699 197
73 818
6486 6111
6700 1588
547 1580
6701 3139
2288 5943
4071 1710
5292 6702
1873 3011
3430 5244
6703 6704
5333 5184
6705 2729
6706 6707
6248 860
6708 6709
6710 6711
6712 3612
4425 6109
2738 4909
6713 3072
819 609
6714 1235
3351 1287
6636 2721
6715 5372
6716 4451
6717 6718
5158 6719
6720 4547
6721 6722
6723 3909
1912 6616
2997 301
6724 6725
6726 6511
1364 6727
6728 5092
6729 6730
3219 4775
5887 4941
3518 6731
6732 2732
6148 2300
6733 6734
2120 5210
5568 6735
5116 3820
3939 6736
2383 3686
6737 5495
1652 858
6738 3260
1464 257
5724 6739
3719 665
21 2419
2963 475
6740 4481
1162 6741
3147 6742
6743 6744
6745 5326
2164 6746
1705 6469
6747 5094
6681 691
6748 4437
6749 1124
6115 6750
3877 5547
6751 4633
5369 6752
5074 4403
6753 5861
6754 531
6755 1974
6756 6757
6758 2471
6759 6760
6761 1052
4287 638
4639 1727
4220 286
5472 5628
6762 671
6763 6764
5023 6765
4001 4861
5028 6766
6767 5567
6768 1834
935 6769
254 3440
3311 4980
4395 4223
6770 26
4152 5403
6771 6772
1375 2638
4751 6185
6773 6774
1413 1254
6775 6776
6777 6679
2349 6778
6779 5993
3286 6780
6781 4980
6782 6783
1151 6602
6784 6785
6520 6786
6787 2422
6788 6789
6191 677
6056 100
175 1881
6790 5988
6511 2525
6791 5820
6071 6792
2263 6793
6794 3629
6795 4677
6796 6567
2968 6797
2801 5145
6798 4587
6799 6800
5055 5951
6801 6802
6803 689
6804 6805
1560 6806
4312 6807
1216 2059
2929 2942
6808 6790
2692 2766
4506 3840
1817 6610
4693 6809
6810 4052
6811 6812
6813 6814
1441 6815
6816 4374
6817 6818
5426 6819
6548 6820
6821 6782
6822 725
5053 6823
116 6824
6825 2352
6826 5604
2295 6804
6827 6828
4519 150
1909 1146
1457 1567
6829 4462
31 6830
4653 5125
6383 6831
4440 5914
6832 6833
2331 5252
6834 1963
5327 966
6835 6836
6028 2575
6837 5667
6838 4079
4313 2716
6839 6840
3374 5606
4586 6817
5983 3801
5013 6841
5511 6842
5092 5896
4195 4258
450 6843
6844 6690
477 6845
6846 6847
6848 1134
3660 4823
5394 6230
4866 6849
2303 1582
2001 4096
6850 6851
1996 3399
1545 1030
6852 6584
6853 2906
3580 6854
6855 3825
6505 5595
5349 1957
2364 6856
6857 6858
3199 6859
5758 2167
6604 4262
2710 5111
3415 6860
1241 642
5075 2660
6861 1218
6862 6863
2012 3991
6864 6865
6866 6867
4824 6868
6869 2046
6750 3759
4633 6195
6870 6871
6872 3789
5026 364
6873 1195
5254 387
6874 6366
1528 423
3409 2285
6875 2843
581 2014
1574 6876
6877 2219
6255 6878
5879 6040
2237 5570
6879 6880
6881 3665
6882 6883
6884 1459
1450 6885
1310 6886
6755 3929
5559 6887
4890 5206
6843 5059
6888 4382
6889 6086
2795 535
3590 2527
3217 6890
3926 6891
6482 3829
5637 6892
3218 6893
6894 6895
6896 4
6897 6898
2464 3418
6899 2367
2790 3723
6900 4906
4583 559
6901 5150
5163 6902
6903 6904
2323 6362
703 6905
2296 6884
6594 3342
6563 6906
6907 2613
6908 6105
5550 6909
2658 5067
3723 6910
2282 3408
1822 6911
5941 829
6912 2349
3320 2029
1721 6723
285 6913
1865 6914
1660 6915
6916 6917
6918 6919
5263 6548
6215 6727
4733 6660
1238 6920
68 1951
5089 6921
6922 6923
1110 6924
3630 2427
6925 6926
4120 6927
5442 6928
6929 234
6930 1761
1810 6931
797 6932
6933 4266
6934 86
6935 2048
6936 5837
6937 6938
3479 3502
6939 6940
2127 6941
6942 2702
1345 1096
6943 3550
6331 3202
6944 1014
6284 6181
4442 6945
4538 3468
5675 279
6946 159
6120 5976
2765 6947
6948 1252
353 185
3822 6949
4874 6950
6951 2313
1062 6952
5791 1570
6019 6542
3884 5235
4893 1605
5110 6953
4168 6564
6954 6955
6836 1819
6956 4704
917 6957
1640 6191
6958 5444
115 6183
6959 1197
1918 3142
4634 3647
4223 3630
1092 5287
6653 6960
688 2793
5628 6961
6962 6963
2706 6215
4221 810
6964 6965
4974 1498
6966 5518
6967 3995
6745 1775
629 4942
6627 6614
4344 3601
1976 554
6968 6186
2082 6327
5720 6969
6970 6971
6972 6973
2286 2327
6974 6975
824 5163
5761 6811
3475 6976
5541 3192
4749 6408
1778 6977
3925 3642
5498 4495
6978 4308
6589 6979
3933 2412
2988 3635
6980 2945
6498 6981
6719 5598
3451 6982
6983 6984
1110 6985
6718 3631
4772 6986
2161 6987
2004 5909
6988 6989
6990 5657
6991 6992
1195 5457
6253 3156
6993 6994
3256 4217
6995 2104
3520 6996
6997 1608
6998 3346
4530 6999
5593 2378
6346 7000
7001 3839
3882 163
7002 2217
7003 7004
1606 4827
5248 5338
7005 3796
4300 6216
6153 7006
980 6978
7007 6844
4543 4019
4788 7008
7009 7010
7011 7012
7013 5930
7014 4911
5653 5348
7015 6280
6888 7016
7017 2914
3274 4531
7018 5615
6801 7019
5970 7020
7021 2053
13 585
6762 7022
4487 82
1021 1374
4118 6888
1111 7023
6828 7024
7025 7026
7027 1689
3762 6310
7028 5120
5773 4040
3745 7029
7030 7031
7032 7033
7034 6701
393 3781
5934 35
1639 2330
2110 934
1024 7035
7036 7037
7038 7039
7040 7041
7042 3421
7043 3746
7044 7045
5298 1637
7046 7047
2298 348
6016 3445
5642 2924
7000 4046
7048 7049
1490 3530
7050 5444
7051 6392
3629 7052
6956 882
7053 4028
5614 4070
7054 7044
5433 7055
7056 6233
1101 5153
1164 7057
6057 6660
5603 7058
7059 5592
1592 2826
7060 3868
7061 306
1183 6833
1315 7062
430 7063
2337 4405
830 7064
6365 2015
6856 6881
7065 548
6994 7066
7067 806
7068 6246
7069 6132
3036 4061
4753 7070
7071 1895
811 7072
569 7073
287 6684
4006 2988
5777 7074
7075 3527
7076 6373
6391 3838
5528 7077
7057 2354
6466 7078
7079 6635
2830 606
4852 7080
4656 1011
5788 7081
3360 4014
7082 7083
4278 3462
7084 4789
2195 2913
953 2087
3950 3285
7085 3510
1917 5383
7086 3485
7087 3037
5123 7088
7089 4929
7090 6892
2392 5482
4191 3214
7091 5936
7092 1242
3058 7093
7094 2267
7095 7096
7097 1391
742 7098
6448 2789
2115 7099
7082 7100
7101 7102
3338 268
4255 160
1661 5170
3986 3474
5195 7103
4304 7104
1776 4907
7105 7106
4518 1494
7107 7108
93 6401
5062 7109
7110 7111
553 6990
7112 4356
7113 4498
1304 7114
6535 7115
4376 7116
7117 5049
6095 386
7118 5647
4942 7119
5376 7120
258 7121
5184 3651
4192 3490
648 6247
2541 4963
2838 7106
2507 2623
7109 5803
2832 7122
4183 2835
7123 7124
3838 7125
5796 7126
5828 7127
5265 5992
5946 7128
6030 2839
398 7129
71 7130
2870 7131
4606 7132
738 2862
6360 332
7133 6938
7134 6239
3951 1610
7135 1928
7136 4359
4774 5722
6990 2226
6329 5926
171 5834
7137 2462
7138 7139
7140 6433
5853 7141
7142 7143
7144 7102
5748 3942
6885 7145
7146 7147
1694 1418
1102 7148
5605 1784
6849 7149
7150 2738
1875 7151
5443 3443
6633 5146
6980 2356
7152 7153
7154 3632
7155 4593
7156 4765
4434 7157
6292 5341
1755 352
7158 7159
2807 7160
1895 5263
1925 7120
7161 7162
5164 3290
631 1979
5290 5981
1146 7163
7164 6343
2070 1623
1082 7165
1826 7166
5634 7167
211 7168
5447 6401
7169 2501
6772 4877
561 7089
3945 7170
2289 3233
7171 7131
7172 5910
2986 5688
2122 1331
7173 7174
74 7175
6783 7176
7177 5305
573 3366
7178 1672
2829 7179
7180 2373
7181 5462
4781 400
7182 7183
468 4984
3861 7184
5454 4382
4078 7185
7186 6309
732 4666
1327 3900
1668 7187
7188 5361
7189 4326
6122 6889
7190 5218
3378 7191
1962 5312
2111 7192
7193 7194
2061 3176
3976 6759
4044 7195
3851 7196
2601 4882
7197 1308
7198 6008
7199 5907
7200 5663
371 7201
7202 4254
3081 3638
3028 2833
7203 2491
5311 4727
7204 5997
5275 4489
6493 1330
7205 3120
5337 831
7206 7207
5245 6411
1740 7208
4182 7067
283 3308
7088 2399
2624 4121
7209 7210
7211 1147
7212 7213
3816 7214
1388 1284
7215 4323
7216 2415
3611 950
1741 1463
6600 4818
575 6771
7217 3845
1177 856
5303 6321
3535 7218
5069 3007
7219 7220
7221 7222
2101 6070
7223 7224
1260 2820
3957 2119
7225 1295
7226 7227
6260 1803
437 7228
2216 7229
1662 2405
7230 2733
5210 1475
504 6599
3341 6574
1373 5736
4296 2207
5175 6752
3280 7064
7231 345
2200 5177
422 4588
1585 2847
666 91
5807 7232
306 4625
7233 4535
7234 4375
1463 5261
2069 7235
5103 5937
6967 4891
5530 3093
2604 7236
3843 7237
4240 7238
6397 7239
6816 7036
7240 3400
5852 7241
2586 2421
5734 7242
7243 3457
7244 6095
7245 6201
2675 4184
6188 1380
7246 3377
7247 928
6399 7248
4220 1707
7249 5670
7250 6421
5278 5624
7251 5723
7252 7253
853 4885
2298 5945
7254 5602
4620 6696
1334 3539
7033 6307
2456 6138
7255 2860
4880 7256
7257 7204
7258 3328
7105 7259
7260 7261
900 572
1726 5014
3466 682
3683 4767
7262 7263
1479 22
7264 6774
7265 7266
2918 7267
3438 7268
5051 4414
2616 1954
7269 3886
5563 6342
2561 1477
5353 4065
3526 3212
2340 844
6073 7179
7270 4208
6664 7233
6645 3223
7020 6910
2074 2143
7228 1845
6744 3609
3068 7271
4838 7272
4955 5216
1861 7273
5960 7274
7275 3993
7276 2956
7277 4579
3712 7133
7278 576
5586 3413
1790 4985
7279 3632
7280 7281
1233 3355
5145 7282
7283 3667
3625 5808
746 7284
2306 4919
2246 7285
2578 7286
7287 3907
5030 3044
7288 7289
1969 1264
1201 571
7290 7291
6999 7292
7018 7293
2520 7294
3028 3862
7295 6257
1488 7296
7297 1814
6385 2305
1506 7298
7299 2773
7300 3025
3068 6580
7294 5460
103 5079
7301 216
7302 2663
6946 7303
4423 6059
4755 33
2325 5089
7304 7305
7306 5338
7063 7025
7307 1620
7308 6290
6140 7309
6313 7310
367 2745
2341 5154
1871 7142
5587 4483
5410 3344
675 7311
6666 6636
7312 7313
3070 3456
6464 7314
7315 4928
7316 1843
6793 7317
356 5804
7318 1000
2291 7319
7320 4004
7321 7322
7323 7324
4305 1048
1975 4508
5791 7228
2572 7325
7326 2391
7327 6825
3484 75
7328 4859
193 3100
2541 4108
6408 4864
7329 7330
7331 6218
7250 5989
7167 4458
2068 4495
3557 5969
7332 7333
7334 7277
4834 3497
3175 7335
7336 1010
1460 6451
7337 5565
7338 1359
5579 7339
7340 7075
5984 578
782 6397
5216 4753
449 6458
4288 7341
7342 7343
5054 7344
3006 2979
4860 7345
2420 7346
641 5251
7347 3972
6668 7348
4828 4017
7118 7349
7350 5728
7351 7244
3025 6789
7352 5561
7353 998
7354 5232
7355 7011
7356 6961
5590 5040
3054 5419
7357 3137
4603 7358
7359 7360
7361 2192
3013 7362
2917 274
2579 7363
6568 998
6595 7364
4986 5043
7365 7366
3888 7367
4417 299
7368 7369
5286 7370
935 7371
7372 1839
704 7373
5971 633
3842 7374
3337 6818
5653 5714
3427 2615
4949 6003
527 6775
7375 7201
7297 1623
7376 7377
3677 7378
6657 6850
1479 7379
7380 4274
7381 7382
4186 7383
1065 1657
6747 7384
7193 7385
1169 1406
996 5031
1105 2607
7386 7387
4157 5317
3216 6295
5083 7288
7388 2139
7389 1809
7390 6341
7391 7392
3325 7200
4139 7051
2601 7393
6335 7394
7395 7396
3449 6265
2185 7397
23 5921
6817 4204
6396 7398
4626 4962
3239 1511
5865 6866
2855 4692
4887 3810
6945 5811
1408 7399
3094 4352
6356 7400
110 5296
4579 6732
3940 7304
7401 4692
7402 2954
4091 2591
6521 4245
6136 5645
3419 6334
7403 7404
6560 6943
7405 7356
7150 5567
4855 7406
4106 2135
3840 6747
6682 7407
7408 286
2018 3188
7409 7410
2707 7411
7412 7413
3154 7414
741 6394
5642 5127
6681 4945
1513 3359
7415 7416
7417 2316
7373 7418
2665 7016
5851 7419
7420 4407
6053 7421
4378 5683
5159 4188
7349 3506
6526 7422
1292 6452
3500 3278
5249 5451
5274 5087
7423 7424
7425 4125
6381 5869
6539 4574
1693 6895
7426 4449
5634 6201
343 3988
1666 758
6892 7427
5959 7428
7429 7430
4734 7431
7432 4024
7433 456
7434 7435
3889 7436
5967 5717
7024 7437
7130 7438
5788 4676
7439 7440
5465 2391
7392 7186
6742 1900
7441 3962
5130 6123
4317 5548
4912 7442
4256 5895
7443 7444
7445 7446
6876 7447
1339 7448
2467 1262
7449 6311
4524 5355
123 3657
7450 7451
4264 6332
7452 6612
103 7122
4794 4560
127 1157
4199 6205
7453 7454
3243 6347
6553 6986
7455 2082
6662 3058
7456 1208
3995 7457
7408 71
7458 7459
2390 7174
5250 6831
6479 2901
3246 7460
748 6384
2747 5246
4084 6716
7461 3310
7222 2018
5326 7069
1140 7462
1812 6380
7463 7464
457 7465
151 4918
113 5385
5508 7186
6308 4824
7094 6615
1913 1733
6872 5226
2774 7466
1517 3597
4258 6675
6591 2909
5132 7467
5806 6878
3935 7072
1045 7468
7469 7470
4709 1903
1323 2918
4918 3881
5854 6721
4976 7471
977 7472
2870 689
4284 7473
5402 1258
5364 7474
7475 3036
7476 5862
5895 7328
4505 6690
7477 4567
4341 3134
6774 678
5837 6169
7478 5423
1138 7149
1751 4843
7479 6946
4445 7480
5233 3509
7481 3294
657 6506
7482 1751
6887 7308
6483 5796
3744 3104
5227 7483
5421 7484
4309 7485
7486 3405
7487 5776
7220 7488
133 2209
7489 7490
3004 7383
7491 6419
7492 6407
7046 7493
5022 5719
7494 6736
6008 7495
7496 6813
2516 5486
5643 1448
6764 2284
4217 7497
7498 2960
5741 2995
4107 2100
2337 7499
7500 1091
7501 5354
7443 1341
5358 7502
2694 4297
7503 3514
7504 7505
3471 5131
7285 7506
7076 770
5302 4058
7507 7508
1927 7509
5612 6589
6229 5386
2005 6706
3538 3715
7510 3080
3741 7511
5225 3012
2933 6020
5452 5327
2057 7512
7513 7514
4903 5463
7515 7516
3471 1876
1480 5920
7517 5863
4991 7518
3268 4010
4008 7519
1474 1410
5430 7520
3636 2141
365 7521
7522 7523
3943 7524
1510 7525
1802 4752
3591 5211
6992 314
1365 5948
7526 7527
2236 4702
444 7528
1805 510
7325 6930
7529 6993
3634 7530
1008 2269
7531 5817
693 7532
3161 1265
6309 4252
656 5800
6849 7533
4048 6992
3913 7534
1466 5176
7168 7535
4766 7536
6060 7537
7538 4755
7539 4435
5167 7540
235 6841
4206 7541
7394 5826
3005 7287
5913 3992
7542 1392
5825 6431
4135 5569
6865 5388
3265 4759
404 7481
6177 5359
7543 7544
7545 7546
1094 7547
6960 1234
6387 7490
475 4994
4670 5139
448 6146
1460 7548
7549 5341
3517 1437
7550 4118
4391 7551
2085 7552
7502 5399
3112 4377
4467 3144
7553 7554
6863 6481
6501 4268
6228 7555
7556 5885
695 5684
7557 2605
5206 1159
7558 2599
7287 7559
7560 363
7226 112
7561 64
7562 958
6220 3888
4898 4571
1990 7090
7563 5703
7564 138
6151 2441
4535 7565
7566 7567
6088 4127
7568 4732
5397 6683
2661 2803
6954 2491
5189 7569
7570 1489
4628 7571
3499 680
2339 7572
3845 4779
2784 3788
7573 7574
7575 7013
6726 2459
7576 2393
6643 5062
2879 2745
7577 5236
1353 6267
3913 2691
4143 7578
3740 1957
7579 7137
2222 7097
7580 7581
95 4180
3131 7582
7583 4892
1523 4988
7584 7568
4171 7585
7586 6695
7587 5932
2810 3180
7588 7589
7590 4488
3504 7591
7592 7593
2512 6077
2367 5701
5183 6403
7594 4717
6497 782
5500 7595
6367 7596
4072 3797
111 1378
7597 6708
7598 7580
6902 5497
4330 7599
7600 4771
7371 7260
7601 3576
3530 7331
4814 6002
7602 7603
1112 7504
7604 1675
1302 3488
640 6894
6848 1721
5607 6415
7184 3705
3178 7605
5482 7606
4817 7607
1478 6842
5922 7332
7340 3276
6606 7172
7608 7609
7610 7611
4776 6864
7612 7613
7614 1324
2116 4981
2002 7458
7615 2464
5909 7376
4353 102
2310 1233
2346 7616
7617 4159
6061 4884
3617 5516
612 6060
4045 628
5639 7618
7619 6478
2677 1462
7431 7318
7620 2900
7621 6028
7205 7194
2615 7452
1148 3253
2344 768
5179 7622
5903 7623
4290 5224
2925 7624
5747 7625
7626 7627
7628 7514
2302 5060
3225 1757
4820 1029
7405 7334
1051 1693
5914 6158
7629 7630
3649 7631
7632 7633
7634 3048
7501 7635
3476 3226
3026 7303
1218 2403
2876 7636
3556 7363
7265 7402
3021 7637
4536 7638
7639 1567
7640 4291
1637 1822
2674 5602
6127 7429
4033 7641
2619 7642
5000 4716
5664 6922
6423 7643
6388 2426
7644 6176
7645 7309
5233 3033
5933 7646
3168 2159
7647 6439
714 2839
6691 2173
4970 7437
2376 3558
6114 7496
1241 4259
7090 7177
2248 891
916 5505
7288 617
5763 2816
7648 4264
463 5823
3848 3880
7057 7649
4925 4682
7650 3410
7017 2740
2778 1825
1987 1559
4768 5757
1193 6980
7261 3690
7651 7652
2072 7653
7654 2208
7655 3549
7154 7475
7656 7657
7658 936
7423 4021
7659 6560
7564 164
7660 7661
5076 7662
3189 7663
7664 6212
7665 3452
3164 4646
6112 1660
3032 7666
4218 7667
479 3815
7135 6527
7668 520
5017 5535
4474 5165
1098 5101
5843 7669
7056 7022
981 7670
7671 856
6364 7487
5674 7672
7333 5784
6975 2003
2714 7673
3187 7276
2825 3756
4038 332
7674 7675
3166 5911
1993 7676
4075 7486
5819 2978
6036 7677
6032 7230
7384 7678
2606 3742
1012 7679
7661 7680
7681 3520
6006 7682
7605 6798
1788 5085
7683 4221
5568 6555
7684 6717
3359 7685
7686 2445
7444 676
7687 7688
7689 7690
7466 7691
4032 7692
1315 5107
1329 7693
4364 5640
6312 3401
57 7694
1128 3404
7695 823
4905 1740
1370 5897
6092 7696
7697 6634
3576 1226
7457 2882
7698 7279
2458 6592
820 7159
7235 7699
5845 7700
2395 4570
7701 897
691 7702
6883 2865
3930 7703
7704 7705
5681 578
3106 7706
4158 3270
7707 7708
7709 6454
7710 7711
2375 7712
6933 3353
571 4392
7713 3844
6449 1389
309 7714
5231 6113
3976 5102
7715 5824
6540 718
7552 7716
262 7717
7718 6500
6189 5464
7719 4029
7038 7720
1211 7721
3788 7722
6929 2306
4701 5021
984 1503
4111 4670
7723 7724
7725 7424
7726 5964
6996 5696
3205 6009
620 7727
5527 3133
7728 745
7729 7463
1880 7316
6767 3655
7730 7731
4079 7391
3406 7732
5050 7733
7734 7735
6369 383
5325 7736
1239 7737
3865 5380
4584 3107
1829 5434
5830 4265
6207 4456
7738 3416
2112 7739
447 7740
7741 6782
2953 7742
6830 7743
4630 5536
7744 323
3775 7584
2107 7036
6052 2622
7745 1059
4169 3577
1071 3785
1462 7746
7747 6900
6831 7040
2242 7748
2357 7749
4642 2368
5194 3403
7750 5732
6866 4737
7751 7668
598 7583
7752 7753
3067 4197
1038 4697
7471 7291
5276 2958
7754 1686
2006 7755
4566 7756
7757 5119
7756 7758
4431 7759
3012 4043
621 3201
3210 96
7760 4383
6773 1127
1309 7761
6171 1777
7762 6295
3330 7445
7671 5105
7460 7763
7764 7429
7247 7765
545 7766
6581 5641
3316 4586
3328 6480
7767 4481
7768 442
4516 4793
7769 1670
255 7770
7536 54
7771 7772
7773 7774
7775 3748
282 6838
329 7697
7185 5875
443 765
3709 2115
7776 6798
3969 2187
7777 6558
2526 6733
7778 7779
7780 4585
6737 1149
7781 2600
4340 2218
4526 2139
1194 4386
7267 7782
7783 6875
4919 2703
834 7623
1225 3190
7784 7785
7607 5890
1551 7786
7099 6023
1641 3360
1553 118
201 7415
7787 696
6764 7565
7788 7789
7763 7790
4787 7791
7792 6726
2193 7793
6546 5395
7794 2238
7795 7796
7797 1340
4602 6315
7100 6896
6921 7798
543 967
7799 5439
7800 7801
2448 6623
4875 7351
4461 1247
4365 6048
4209 5932
6529 5674
7802 6017
4792 5546
29 6494
873 1142
439 389
7803 7804
7474 7050
4470 6045
3192 7805
1958 7806
6150 4706
7259 7807
911 6605
7502 7808
3708 3663
4871 5047
5829 6278
7367 4742
7387 1633
7809 6400
4580 526
7810 7811
2913 7812
115 3379
7813 4039
4141 7319
3831 1594
5867 7390
4658 7814
7815 1439
5011 7816
7817 7801
6759 2752
5178 7803
6042 7818
744 7134
7095 6314
6749 4957
3275 3001
7819 4696
6276 448
1138 7820
5870 7821
7822 7823
6995 1072
7824 5446
1083 7825
67 5748
4081 5649
4733 7826
7827 7092
6373 7828
364 4194
1376 7829
7830 866
2683 2321
1692 4725
616 5569
6947 7162
2097 4347
7831 7832
7555 7426
215 7741
5706 6087
5018 6447
2095 6503
6729 7523
3964 6329
5344 6076
7833 7834
4238 2318
7835 6103
7836 7837
7573 3513
5842 717
6895 310
985 4412
3600 1753
5155 3376
7838 5900
7278 2206
945 7017
7021 7591
1909 4972
4494 3300
3728 7839
7840 3141
3237 7841
4274 7842
5832 7843
6648 6197
4263 6939
3733 3341
2911 7844
435 5425
7845 6534
7846 5448
5892 7435
6470 5078
3117 7847
7440 6663
3261 948
4448 7848
7459 1429
6691 5350
7504 7849
7592 2108
7850 1843
7847 2708
3827 7851
3515 5827
2155 5262
4769 2719
7673 3397
7500 7852
4122 7853
5893 5608
7470 1002
2565 5426
7854 7855
7856 4539
5802 7830
7096 6956
3229 167
7857 7858
7077 7859
5081 7860
7861 5616
3180 6710
4959 6943
3966 7862
177 1918
2717 4847
7449 7863
1628 3089
6730 7864
7865 3854
1729 4754
7866 5606
7867 7868
6768 4632
7869 6632
6823 7870
3552 7871
7872 7873
4376 6963
4214 1280
3177 2720
7874 3357
7875 6824
4189 1299
7876 3554
7122 7877
5152 7878
1497 624
7879 7515
6806 7530
3441 7746
5182 4745
5021 4150
4648 7880
5947 2146
4486 1600
7103 3275
7881 3803
7595 7882
7883 7884
7461 4279
7885 191
7886 7887
4615 5107
7888 507
2163 2083
7889 5797
7890 117
4998 4916
5401 7891
2827 5243
7892 1412
7893 6111
3317 3337
7397 7894
724 1749
1313 5083
7284 3406
1664 7895
484 7896
7897 6536
7898 4399
3987 3624
3178 7899
7900 7901
4901 6386
5632 4346
5662 6063
2735 7141
4181 4088
3136 1322
514 7244
2912 7902
7903 3964
7858 7816
7904 4658
7905 853
5906 7887
5047 1868
4725 7541
2410 4154
908 7612
4768 4329
7906 5475
7162 5234
2875 7907
5485 6291
7238 2033
6264 6091
7908 4813
1501 4967
6965 7909
2146 7910
7612 7911
7585 7912
5420 7913
5640 6098
6059 7914
5370 6
3729 7915
7916 7917
7918 4715
7808 3633
3534 2362
5805 4868
4491 7248
6472 6816
4011 5982
7229 2807
5251 4663
7448 3247
7919 7920
869 7921
1050 5962
7922 7923
3937 6871
465 7548
4754 7247
2026 2028
7924 7915
679 3564
6725 5673
7925 813
145 7926
6513 7823
2969 7927
2244 7399
6572 5168
6550 7635
7928 7596
7929 4536
4514 7930
6181 5562
659 6628
7931 3402
6961 1933
6273 7932
6646 7914
1374 7933
2680 6937
3421 1785
1795 7014
5623 337
7934 5506
2499 7935
4062 5551
7936 569
5132 7216
4390 3481
3539 7083
5409 3606
7937 3602
2965 7938
7939 7940
7941 5873
5617 3952
4895 5742
5443 2035
7942 6261
6590 3671
7943 6340
6052 7683
5258 6510
586 7944
7945 7946
3689 1229
7947 3493
3554 3859
2976 7081
6158 4640
3753 3377
7210 2822
3754 5471
6054 7644
4109 7948
140 7949
6298 7327
1644 4453
4022 7862
7950 433
7951 6877
7952 6116
7236 7953
7954 2044
7898 7527
1945 2483
2846 7085
2254 7955
6926 4706
6175 7550
6519 566
5108 1742
7956 1366
7957 3941
309 7685
7958 7959
2504 2261
7960 128
2117 5533
3837 5328
5357 228
7961 6519
7962 5312
6100 7963
1174 1759
3482 3461
5498 3814
7964 7965
7966 5625
6302 544
7967 4422
7405 5473
5942 962
7968 7952
7969 7970
5052 4515
7829 4096
486 7971
614 6597
5 6719
5506 5573
7972 6790
7973 5366
5368 7974
3792 6880
149 7975
1189 486
7976 7977
6903 3841
6713 2457
1624 4660
6108 7978
5065 7979
7980 7981
4843 4076
5683 7280
2850 6563
271 4876
7982 1007
363 7245
1558 7983
3238 7984
7985 4849
5701 7223
1509 7184
7986 6200
2397 5271
2609 5521
5937 2109
5086 602
7987 6595
2476 7598
50 7988
5203 2896
7989 7342
6147 7990
7991 1136
1793 3627
7992 3079
7993 6413
7629 7994
5480 7821
4443 2947
7995 7996
6155 6404
1028 791
3718 4018
2712 1764
6439 4478
4961 7084
5141 6471
1703 2549
7997 278
7998 1512
4302 3975
5904 7438
7999 7649
2853 3661
661 5256
8000 636
1116 8001
653 4779
7033 8002
8003 2887
8004 8005
4507 2683
4404 869
4043 3949
7340 3582
8006 238
8007 2205
4218 8008
4956 3395
8009 4440
8010 3084
3648 8011
3209 8012
8013 408
8014 4190
8015 570
362 5633
3313 290
2744 8016
757 5188
4532 6522
2907 6618
5678 4892
149 3354
1731 3778
1491 1480
8017 1656
1786 4286
7305 2669
8018 8019
3251 3973
8020 4989
3426 6074
534 8021
5156 2884
5993 6433
3244 3911
3689 5868
3048 3027
314 6480
8022 203
5919 1194
8023 8024
8025 7265
292 8026
8027 6117
1593 6687
8028 1959
2793 4594
4801 7655
6630 7819
673 7594
8029 8030
8031 5735
5427 2834
6585 7695
6897 6576
3029 2890
3846 6269
5603 8032
3368 2118
6802 1180
2886 1929
6997 6729
3765 3411
6586 5784
4292 4870
7308 1244
8033 6546
8034 7123
6646 8035
2042 2212
5912 8036
6973 3486
5252 4156
6247 4623
8037 8038
3361 7620
8039 8040
5192 2027
3800 7841
8041 8042
5457 1687
1820 4119
5138 6276
8043 8044
8045 686
2940 8046
5521 4987
2206 292
6858 8047
8048 6464
8049 7760
7157 6406
2260 2103
7865 7902
7293 5876
276 7911
1018 1737
2721 7681
8050 8051
1314 8011
6016 1768
5058 8052
8053 1272
4286 5205
592 7293
2635 1153
7568 1249
7188 7967
1084 3836
2921 5660
4888 7393
7708 1891
329 8054
4000 1875
8055 3926
531 8056
8057 8058
4349 2097
7248 3273
8059 7226
3323 8060
4660 1815
8061 5563
3856 3232
333 4305
8062 8063
7114 7034
5648 3029
1063 4847
7626 7012
7618 4900
1283 6853
8064 8065
4657 5887
8066 7100
7273 8005
8067 8068
8069 5537
8070 7433
8071 6238
8072 2326
2651 526
6216 2645
2716 2577
500 3604
8073 7616
7452 3668
8074 6026
7147 6800
4056 2055
926 2824
5419 4108
8075 6420
8076 427
1498 4829
8077 137
2902 459
601 3290
5407 1007
3162 6758
311 5733
5532 1771
7707 3160
6659 7980
3702 7508
6475 566
5925 174
7801 711
7887 8078
5332 7176
7661 4791
8079 7806
7016 8080
690 2297
5295 6380
949 6355
6130 7848
8081 8082
3381 3932
8083 1240
8084 7112
2414 528
6428 406
8085 4397
8086 4492
6820 6795
8087 3876
2772 8088
216 675
303 7026
710 1650
4828 5332
2400 8089
8090 4598
4739 7320
8091 4795
8092 5999
7901 8093
5750 1923
2571 6914
8094 354
6544 5780
6068 4543
8095 7295
7694 472
1676 8096
1857 8097
8098 5064
8099 513
7140 261
8100 1888
5691 8101
5177 8102
3436 3475
8103 5832
8104 4086
5179 3816
5147 4527
4356 5281
6914 5852
4982 8105
8106 7675
210 4390
8107 3426
1008 8108
7468 4806
6959 3495
4699 8109
8110 4593
3493 8111
4307 4006
2390 5880
2899 3858
5670 8112
8113 15
6289 1200
8114 2487
2229 8115
8116 7935
765 2562
1704 8117
8118 7380
2667 5396
336 8119
5307 5375
3850 1705
6896 8034
1739 7442
8120 4455
6118 1458
4051 8121
4243 7945
5555 8035
5068 3014
8122 8123
7873 2783
4595 212
8059 6236
8124 346
5153 6985
6575 8125
4891 8126
7536 7477
7335 3236
7102 8127
4606 1780
6618 8128
8129 7334
3367 4758
7862 8130
1067 6533
5730 7213
7751 7705
516 8131
6265 8132
4856 8133
3882 5698
2731 5840
1858 5148
3382 4249
6123 6604
5037 8134
8135 519
3533 8136
8137 7835
4760 2150
889 7461
7235 4473
776 3112
3847 773
7971 3368
1975 4530
6139 3608
8138 8139
4896 2403
1381 5888
7345 997
2174 3802
6795 7439
4903 8140
4389 3320
1833 4591
3291 663
5423 1271
6325 8141
5661 5103
8142 5480
2696 7617
8143 7682
1217 5229
7624 1944
871 5313
7451 3227
3820 1753
2366 8144
6491 7321
3126 4614
3254 4630
53 7884
6911 7411
5068 5533
1047 8145
5020 5759
929 7931
11 8146
1379 954
2392 704
4166 7829
8120 761
6184 8147
2693 5582
6157 3153
3910 6803
5242 974
683 8148
6928 8149
89 7721
4194 1166
7728 3583
5658 5127
7687 3900
7583 2640
7610 1290
464 6751
1372 8150
6534 5729
6756 1467
8151 3938
3049 2804
7798 8152
4700 4469
918 5778
4153 2951
1507 4913
3282 8153
8070 1144
7296 5927
7677 8154
6680 8155
8156 3383
987 7271
7663 8076
8157 6075
2824 5018
252 6581
921 944
4616 8158
7940 96
8159 4968
2812 8124
3987 8160
2054 3637
8161 6388
8162 2650
677 5913
5669 2215
7221 4951
2242 7867
8122 6248
7480 503
8163 8164
2905 6867
8165 7528
5893 6430
8166 8167
1035 7117
6243 6446
6679 4731
8168 6539
591 8169
8170 5060
8171 7962
3579 145
1500 7043
8172 4068
6477 8173
2863 8174
3284 4990
2597 4835
8175 7199
1893 5487
204 8176
8177 3937
4806 7539
3735 4921
8178 6770
8179 8180
1584 4542
1508 6995
6442 8181
7253 8020
8182 5053
1836 8183
4277 3766
7375 8063
7303 8184
4321 2376
8185 7368
2015 6325
7956 3676
3130 2431
6383 7983
1993 7422
2816 8186
4312 1853
8187 4465
8188 8189
5905 4270
1839 2129
4257 4858
3609 355
3498 54
2555 3720
4406 8190
8024 4971
7850 2638
2192 3136
7571 4121
8191 5617
6097 822
8192 4387
1420 5633
3671 1964
409 8193
767 7143
2701 7439
4026 1076
8194 447
3880 8195
7370 7372
2238 1597
14 8196
1997 1759
8197 670
5199 8198
8199 7406
7746 4101
4778 6180
8200 263
8201 2078
3506 8202
8047 8140
5050 5942
5207 6441
6674 1346
3211 2533
6536 8203
4398 3963
7605 6435
2041 1536
7110 861
8060 2723
1070 1866
1330 7714
8115 8204
4550 30
5629 146
6736 3380
5635 3551
6437 8205
8037 3266
8206 6654
543 4522
3343 4240
4329 8207
6625 5877
5949 6639
6531 6688
299 8208
4643 5978
2446 601
7735 580
7562 4046
3688 8209
6167 1986
2435 8210
6315 4276
7742 1589
4976 8211
4690 7618
1935 7329
3970 2777
3183 5279
8212 6024
8213 8151
2662 8214
8215 1023
2946 2815
3919 3118
1943 1102
6717 4269
2952 1972
3391 4145
6194 4908
7058 4904
8216 8217
8218 37
1128 5542
3442 1041
8219 7709
117 5795
4049 8220
740 2272
6951 6487
8221 8222
3589 8223
4800 8224
8225 446
1612 8226
8227 247
1346 8228
4589 3047
8229 6751
3351 4462
8230 8046
2499 4838
1485 2493
1355 7998
7170 5725
7932 6256
6786 2241
5372 8231
6217 6356
419 8232
8233 1656
4327 3808
8234 1260
6824 8162
583 8235
8236 8209
4886 8237
5995 2979
1686 6568
4608 415
7541 3492
6673 4684
5093 476
4814 3510
8238 3473
8218 2008
6242 8239
5197 1701
3429 7197
8127 3507
4026 4953
2547 8240
8125 6812
5288 6156
8241 2279
7503 5742
7373 8242
3613 94
7512 6424
8243 8244
8245 8246
7824 92
2501 392
8247 7954
7005 7919
6236 5940
2948 6722
7685 1469
5698 7118
1972 6551
5936 8248
26 5298
4555 7312
7231 5933
7638 7200
882 8249
2232 4311
5756 1170
1099 8057
7528 8250
2569 7976
8162 2637
4984 1412
7179 5277
8251 3947
7603 8037
7045 106
2792 8252
8253 1723
4920 4905
4538 8254
6393 814
2179 4711
7192 6769
4888 8255
7281 4950
5778 6103
60 7061
8256 8257
1221 1533
2595 8258
8078 8259
4415 1624
7658 7843
3579 8260
8261 6266
8262 5724
7533 7095
8263 6128
4694 7238
4040 4777
2475 3329
104 3848
4355 2996
8176 5718
2592 380
2276 8264
6106 6159
3997 5846
4893 7723
6913 8265
8266 6281
973 1239
6235 6791
2399 8267
5354 7778
2213 8268
7679 5856
4541 1073
7419 14
3549 2094
6958 8269
2936 5938
8010 2381
8033 7600
8180 3086
8270 2432
7892 6055
7558 189
1911 8067
6153 1825
7183 3905
557 919
8271 52
4011 5705
5400 1252
6692 8067
8272 8273
8274 8275
4301 7619
2786 5797
3295 8276
8277 756
8278 8279
8280 7329
7559 2009
7176 8281
8282 6920
2414 6355
3104 803
6818 8179
6983 3032
3281 7526
2121 7403
7131 8006
8283 8284
5261 84
4000 8257
8146 796
5546 2439
3857 7656
1600 437
28 7281
6723 4320
3650 4499
8285 6038
8286 1935
3728 4908
6982 4005
2446 662
2385 8287
6661 7298
8288 7211
3588 6141
5673 4831
3743 2982
6133 4588
2939 7082
7282 1167
5418 8289
7213 5706
6937 8290
1319 8291
5364 8292
5366 8293
4825 1294
2439 8294
4447 827
3812 6141
6087 2024
7662 7985
597 4880
8295 4862
4332 1823
1938 4409
8296 3616
3714 4013
1980 3409
3640 3001
1417 1009
5757 6882
4421 1667
2770 1571
8297 5087
5798 8298
3700 4409
3916 3070
6021 5430
8299 398
8300 2528
6962 1615
6327 8007
8301 8302
8303 5979
4251 7409
8304 5973
7330 8196
7871 804
7275 7374
759 500
158 4298
3081 4791
4368 4069
3588 8305
1257 8306
4228 3404
7890 5695
6837 1333
7458 5073
1900 4975
8307 7663
1701 4281
3452 2085
1177 6835
3069 3866
5463 7350
7529 8308
8309 1786
7712 1069
6891 7996
8310 8145
766 7156
7670 5456
5151 2320
1229 7198
6058 7701
1081 5947
8311 8312
7412 5763
5082 6300
331 4165
1020 7643
1153 7038
8313 8314
4193 6655
8315 2556
5592 6713
8316 7491
8255 2336
4831 7639
7426 1584
6350 5111
5406 2812
3355 5726
7425 3622
8317 4020
474 4661
1001 2668
1505 1700
556 6547
7582 8318
8319 3786
3389 8320
6931 7786
7068 7492
4503 2303
4813 2846
3267 6359
7008 4605
181 2861
4626 2423
6259 8321
7591 3109
3687 8322
6288 2647
3931 8323
1147 8324
4862 8325
63 2170
3405 1417
7828 8326
2434 722
4899 8327
1087 4850
2561 5510
8328 8329
2791 4191
7609 6140
6494 8330
2293 8106
4990 6804
7968 6951
3335 8331
8332 4015
8333 7975
6893 8334
728 3980
8335 8336
58 7897
8337 8338
6268 6240
4564 8339
8340 5519
4455 5492
7686 4667
8341 8342
4707 7436
3250 4523
5580 4172
5488 7489
3091 5770
3082 8227
8343 4271
5730 6889
8344 8345
3064 1943
371 5356
688 8072
8346 8347
5765 8348
520 8349
549 8124
3569 8350
7692 6518
7163 8351
5679 713
2613 4496
4351 626
8352 8353
7493 7566
6098 4901
5739 7489
4645 7830
4573 8155
7087 8354
7510 7660
5744 8355
5157 8356
3599 1497
7544 8114
8298 8357
7381 24
8226 8268
234 668
3175 7197
4016 4977
8358 4796
1090 4247
8359 458
7195 4211
4810 5249
8360 2853
1454 6078
4086 8045
8361 7726
4948 1368
3265 807
1684 1859
7560 6964
4528 8215
7706 3053
8173 477
7182 1814
5597 5130
6254 6049
635 7852
8362 8363
8364 4860
8365 2896
153 7674
6978 5082
3235 5345
8119 8366
1127 4227
2049 1368
8367 4437
7843 3892
1487 3135
6015 4946
1094 8297
3691 4590
8248 224
7871 8368
6919 424
6251 8291
7225 4737
7446 8311
6912 4306
2753 6057
7324 3673
6533 7494
8170 3310
141 8369
7085 545
772 4826
3202 8370
8371 649
2539 7974
492 6580
4088 805
6952 4782
1444 229
3795 7794
8372 8167
5512 4152
7689 7668
489 8373
7256 6318
4263 7984
7804 1744
8300 2318
8173 8374
2992 4334
8375 7420
7754 8376
5817 8377
582 8378
170 8379
498 3555
1638 8122
8380 5333
3043 6771
6368 8381
2579 5587
2898 8227
6985 5367
3188 2770
8382 8383
2518 7656
3371 3309
1184 1169
7041 8384
8385 6989
1415 8386
8307 8248
5539 5407
4210 498
8306 8387
190 1206
8388 7964
6617 7493
8389 6622
2346 4732
5201 8390
2321 8391
755 1034
8002 8392
4031 964
5671 8393
7277 6724
2300 5289
8394 1789
5961 8395
7625 5605
8396 7700
5070 7950
6334 8103
4188 6293
6975 6456
3213 2620
3169 6305
19 4804
1344 7916
5124 4034
8397 7808
3179 4180
8398 8399
3645 7929
253 1762
3489 2417
5709 4212
8400 7908
3787 7722
6018 4404
8401 1060
5525 7447
4175 8402
3922 2029
8286 3016
3185 8403
8404 8405
4723 7482
7731 8406
2806 7037
6640 7997
4665 2880
4873 5468
4262 5721
6558 8407
8408 6289
8409 2743
5328 2502
2342 4415
8275 7362
1350 6198
8410 8230
8411 945
2525 7266
8136 8412
5397 7218
5057 1099
8413 2581
6507 6877
3821 5523
2806 8414
2888 8415
5150 5641
410 8416
588 2389
1090 8417
8418 8419
8080 173
3195 8420
3849 8317
8377 7473
3020 4674
7733 2334
4673 3894
819 6041
3513 4557
7279 6091
8179 2987
59 7278
6159 7903
1115 7615
8362 8053
8421 8066
7374 1625
4721 7948
275 8378
5034 8422
3260 8423
7996 6544
4767 2099
7369 6651
7868 6242
8011 8424
1708 3863
3864 8272
7822 8214
6339 8425
6124 6429
2854 5169
736 8426
5257 8097
8237 1878
2269 464
2762 1566
5986 8427
6210 8118
7943 5071
793 8053
5213 8428
8429 8430
2633 8431
4061 7503
4636 1730
8432 1813
3297 8024
8369 4324
8253 4295
6532 3990
8433 7712
8434 6883
5310 8435
4394 8436
8437 8438
8220 6118
405 6368
8439 8440
3307 3524
1331 6369
2317 6294
3950 8441
7273 4241
7410 762
2101 7771
8126 1160
6375 5740
6947 4902
605 7441
8442 8212
4095 1955
7891 4179
7717 6755
7638 8163
6800 6617
2994 8443
1160 7297
2294 8256
7335 6655
7802 4889
4162 3223
2831 3647
8444 4023
4463 915
6252 931
7302 8445
656 8446
2616 6310
8382 7863
4105 6527
5099 5270
8447 7392
7596 8090
4679 4809
4853 7676
2635 6225
2528 3132
7514 108
6739 8448
1243 454
75 8449
247 7307
3508 3659
8450 1579
3041 6344
2251 3198
4575 8451
1706 3162
3060 6269
8452 3567
1565 8238
5812 7398
8453 3522
1181 1387
8390 4656
5318 8128
995 8454
3555 1926
1434 4124
8309 2165
7330 8182
2377 7773
4213 7385
4718 6370
2264 5170
1003 8455
6994 4933
524 6552
8456 8296
3628 3297
5024 5247
5288 1683
5122 4726
4198 7483
5560 3821
1610 4669
8457 3469
2084 5453
2643 8458
734 5736
7099 6837
5361 36
3248 1383
5129 6620
7045 4338
5318 6870
7526 7538
4226 4384
3662 2727
4807 8459
2967 8460
6261 6177
2348 4836
7153 8461
7524 5306
8097 7792
862 5544
2907 4157
5491 467
1516 4259
8212 8462
2645 6478
7364 8463
4128 8464
2708 6821
7047 8465
3866 5891
8344 7137
2280 4411
5433 2844
7599 8286
7614 7220
8264 7105
1681 1572
2557 687
710 7723
4037 41
1634 1453
1955 8466
4002 1016
3565 7001
1079 3699
5020 4803
420 5493
7318 7253
2515 6590
8467 5017
8468 7469
5134 8361
3704 5200
4855 8469
2119 8470
8211 7290
1469 610
7465 5160
225 7209
8055 8308
6345 8471
5544 8472
6753 3874
4913 1072
4177 8451
8473 3670
1325 7190
6739 6126
734 6583
8474 1530
4762 8467
8336 8143
4034 5192
8475 5830
4342 2513
7565 8110
8384 8470
2924 8450
37 5555
8476 745
8464 3741
8477 4863
2899 265
1798 5816
4025 2646
7921 5352
2329 8478
2405 8168
8479 8175
5015 8480
7078 5580
3396 6559
6728 8481
289 8008
6266 4917
4922 5141
888 3301
4134 8050
5424 8387
1384 7470
1965 8482
5281 1038
7437 4167
2690 6232
6350 361
7864 446
855 1323
6144 3325
2075 8361
4357 2184
701 4242
5987 5197
7143 8483
4228 2597
7715 8186
5938 7206
7811 7241
5663 7955
4710 7240
7067 5300
3314 1471
4607 2989
4756 6073
8484 7938
7611 6131
3432 6279
3668 4724
3289 6861
8485 8486
7379 8350
6316 4809
1107 2557
8487 5545
199 8311
2584 6226
8488 8489
6760 2489
8490 2092
1800 3572
8491 6481
8492 3672
7165 7815
3127 1559
6844 6290
5573 2295
3870 7983
7404 6854
8493 8494
3807 7931
3096 5787
898 2105
8495 6115
5972 5520
7982 8496
1390 1812
7773 2175
6602 6299
8497 8498
2450 436
7037 6476
8499 5956
965 2805
4333 5413
4209 1371
7321 1213
923 5237
7492 6015
3548 8500
5229 1527
4979 81
8324 2619
2442 5487
4747 568
7418 2917
4951 3187
1375 7838
7130 6684
7965 6305
4577 320
6203 8501
5064 1671
6909 4364
5949 1167
8502 4738
8040 4604
8345 8251
3573 7417
4926 495
8503 7633
4634 1386
8504 7776
2427 5655
3258 8505
8353 4773
138 6753
4160 7516
4027 3982
1367 8506
6707 3595
7108 3287
3943 7177
7838 5352
6074 7673
3224 7880
2829 7793
702 6648
6869 4916
975 8507
2565 5566
1597 8278
5660 8400
1152 480
5215 4686
6940 8508
7880 1699
2593 4429
4436 4608
1690 2837
7495 3983
8174 907
8509 7968
1816 1321
886 8367
674 8004
8510 5779
538 8511
2605 8200
4639 8512
6010 6530
7280 7221
4063 4702
4947 7716
8513 6565
7497 6693
3972 3464
4400 6714
1171 3158
2363 8514
6317 6860
8515 5412
7260 6919
8516 1244
5715 5028
8517 5378
6569 8518
3031 8519
4524 200
7060 2634
6219 5231
7767 8520
564 256
7487 8521
4790 6944
5314 1089
6667 2938
3899 8522
5243 8523
7622 3251
454 2419
4934 706
7923 8524
4688 8324
7066 705
3047 7264
7837 4248
6605 8307
2191 3983
8525 7634
8526 8470
2210 7084
8527 5710
8160 5811
4674 8344
8528 4837
7427 8529
8530 2155
1291 8531
153 3434
6547 5739
2358 1499
6328 6149
8532 2973
6137 120
5059 8533
6185 7375
7786 4484
7344 8534
1338 2258
3503 4269
3155 7434
8535 7729
787 1750
8536 1697
1165 1461
6730 7556
6754 8537
8538 8144
1071 7669
8539 5583
8540 515
508 6517
3419 7354
7300 6089
7438 7388
7877 7023
1016 353
8334 4776
4397 6465
485 2962
8318 2810
8130 8440
6626 8541
1219 6208
532 7104
8542 7832
8543 7573
8544 5987
2424 1495
3677 8506
8545 1577
2732 723
8360 8546
8547 2281
5689 6268
1382 7662
8548 3216
8060 2396
7024 3923
7857 8182
6258 760
5816 938
8549 7896
3705 8197
169 8289
4222 5691
7494 8550
8551 8552
5418 8553
8291 3140
4104 5494
7234 5001
5883 8554
8555 8556
2374 3794
7516 8542
125 8557
2729 4759
4760 3066
4237 584
2443 2657
8558 5907
663 3811
3140 8431
541 489
8559 8353
8560 2500
8019 8561
8562 8384
5222 7564
6417 3494
5377 2005
8249 3544
6241 1449
4145 1382
4571 5481
947 8216
4417 1980
5282 4441
8315 3343
7035 5707
798 8563
481 7601
6343 8564
3372 7628
8062 5957
5166 391
4099 8565
5702 4353
1936 1141
5564 6270
2150 4471
8185 24
8566 7101
6134 4748
1898 8512
5196 3640
8567 1911
4449 5766
8372 757
804 6423
2415 542
8568 1518
8569 725
6207 2945
8570 8571
8572 8069
3720 2472
7984 8508
2330 3828
5926 2110
4605 2809
8111 5522
1302 3841
5756 443
3872 6787
6694 4940
6190 6773
4250 5849
3414 5585
3955 7401
8235 4958
5120 3614
4253 8573
2964 2183
6217 8574
1048 2621
4360 2180
8575 7636
8576 6273
2477 850
8577 5708
7924 2361
1764 6652
8578 305
8579 4227
8580 7592
8526 5954
2607 8360
6182 8581
5668 8014
2034 7907
1939 7602
5588 3585
2426 6056
7699 7577
8489 6499
815 8582
5200 5591
3174 4575
4649 532
8583 8398
1026 1539
7010 5106
8584 7346
8373 8585
6761 1832
4596 6941
8448 4461
2620 7961
310 1419
360 7257
6592 3684
8451 7640
4331 8586
5264 1561
220 1902
8587 7039
7254 8550
7600 8588
1678 4963
6496 4648
6509 6422
6927 5675
3875 8589
390 3949
8590 5680
7543 8591
272 2387
3050 737
6193 3252
7013 8266
6459 1978
7878 3895
8477 4750
6566 8592
8222 5765
2268 1459
5080 5775
8593 209
4065 8594
5008 8555
2159 6674
3742 263
83 8595
6731 7943
8305 4229
2580 2314
8596 8597
1754 5524
4879 7431
971 6516
8598 5286
2013 8304
8599 4756
8600 6219
8145 8343
6675 5334
4408 7168
8411 2843
5214 3553
3777 3628
417 1354
4057 1135
2047 6512
8601 2218
1298 1132
6488 7559
197 7080
756 5302
2878 2809
1361 8039
1235 667
6086 5721
7793 7453
5619 7836
8602 4923
3652 8533
5378 2100
7341 8603
6023 5431
8184 5309
431 302
2168 3477
5676 8435
6000 5371
1401 7796
4433 5373
6441 7908
8087 8604
6063 5476
1186 6212
8167 5514
3264 8605
8606 7169
1148 407
6079 7644
6864 8607
7915 4307
5067 6874
7268 957
2113 3349
8068 4627
6235 8608
2889 8609
1840 8610
6924 2021
7091 7196
6822 880
3086 8329
8611 1805
2319 4447
4265 2113
7878 6638
7853 4845
1448 8233
8581 1663
4679 829
5175 5594
3300 8612
4819 8613
6725 2249
8614 2560
7124 8615
4323 6487
7839 4215
8028 3408
8616 3430
5968 5647
1901 8211
7938 2257
8617 1520
2028 3264
8169 8618
3307 5442
8619 6479
1799 6761
2892 2441
5688 5530
809 4689
5607 8287
7178 863
937 7900
4458 8447
8259 1593
1950 3420
8425 8085
907 8368
3253 7642
6321 7590
5992 1310
6766 8620
3412 4915
440 6402
3171 5428
8383 6502
374 2731
8553 5517
2245 8272
8621 7867
7473 8521
789 4302
3675 6497
6797 8622
3608 3792
1627 1991
7081 6155
3150 5543
8577 1961
8623 8624
630 4140
8019 6977
6447 3757
21 7114
4486 5790
8625 5255
7430 5039
8626 7051
2103 1667
4683 5289
5225 8627
2760 6731
5810 6875
4568 8576
608 8283
6502 7681
8628 8323
4347 1288
3974 4328
6233 6012
7977 7729
5977 5609
2190 300
8629 1917
6213 852
7940 7451
944 4547
1080 4155
8630 7775
8631 956
8632 8264
3750 8546
109 2802
7145 8633
5056 3701
4422 684
7910 8634
7932 7485
7821 5324
8635 1609
5104 8636
8637 6942
1769 7454
6785 8201
8638 5772
4319 6337
8639 2486
8404 789
4597 8640
6622 8641
3716 8261
7680 1931
4592 4424
6908 3179
7507 5056
4786 8642
8027 4477
6643 8403
1 8350
2149 4377
8643 4932
1872 4473
8644 4154
8645 3638
660 4996
4775 8503
2533 5373
4479 7306
5876 8646
8423 8647
4443 2523
6434 4412
1150 4361
6716 4035
7679 5118
1020 1920
8178 5646
7 4464
8458 4574
3871 4448
7456 29
1774 8191
7800 5738
3085 5652
6666 8383
2214 3903
845 1782
5621 4910
8016 8461
1320 2633
4250 8015
8648 8649
2087 1914
7716 1440
4979 8650
6874 4649
6312 6018
5929 846
6953 8491
321 5751
242 7845
3201 8651
7436 6857
5785 8537
6552 7094
3834 5160
6853 8645
6357 4041
807 2149
8652 6493
6379 5331
7532 6918
4335 8616
6772 7990
7851 4077
3894 7579
2144 7698
8004 2678
7970 2124
373 7164
478 5458
8653 6612
1394 8654
8 8475
4464 8655
6923 5392
927 2383
7255 2657
6873 5273
5860 7468
6330 525
6597 2662
8547 1193
1275 7479
6981 6371
5857 679
8231 6483
7965 3934
8257 8245
8500 8656
8657 7178
7406 7432
7632 8658
7268 3414
8444 5274
3427 7283
3288 6251
6711 8659
8235 7659
8329 3330
7111 6734
8660 3111
3324 798
7139 7150
5133 1714
2338 6524
7627 7704
1416 7575
3121 7846
3994 1626
368 478
8159 7481
5705 3735
3401 868
5541 7423
7557 8207
8424 4247
8080 2365
5241 7630
7779 2158
8661 6598
8030 4070
7002 3207
1884 2096
8319 8600
8662 470
8031 7058
7339 5186
8597 8554
4846 1122
3129 3941
5339 473
2585 6121
1711 2431
4367 6211
6938 4505
501 8069
7070 4857
8051 7466
8663 3980
5989 8236
8287 4503
8545 5556
8074 8664
7985 8331
5924 3989
4914 4564
3263 3881
3877 3613
5553 1516
1270 8617
3974 8665
3863 1522
8666 8667
89 8668
5106 6879
1890 8406
8202 469
6735 8669
8641 8670
2761 4289
8412 6907
3226 8671
8672 2386
6243 8219
8359 7588
6246 1768
6906 3234
6314 881
8673 8253
6659 6571
1037 8674
8571 1430
4622 8675
8005 8571
7236 7414
8676 6272
5550 7519
1226 6080
423 3046
1327 8616
6351 3234
8262 8677
2064 126
5931 8678
7145 5976
579 1916
8388 3168
3580 1535
515 6043
4558 8679
6337 8081
5731 6554
2713 2534
3706 7861
7914 4103
6046 8088
8465 2201
6523 6336
168 5417
2553 2577
368 5264
1763 885
6634 8680
6836 8534
8607 8115
3757 2050
523 6858
8681 4159
2368 6450
6857 4902
6037 1137
2397 3806
6424 5804
3152 8478
5620 8428
3293 6609
8244 1095
6886 3062
2207 8598
5479 7982
8522 6457
2774 3954
2651 1959
8585 8682
6624 7233
1846 8595
3208 5128
2437 4002
8042 3130
7550 5453
8135 8096
357 218
5717 8247
8132 3386
8683 8089
4516 3060
2834 244
7116 6768
7484 8631
3560 5363
2524 2631
7298 6416
8283 6036
8047 958
6039 2430
909 340
6904 3199
7594 8147
567 7837
2135 8684
5777 2479
1493 1291
5963 3038
6628 2967
4967 8559
577 8026
6654 8685
8686 8138
7852 8687
7440 5752
3703 3448
5764 7041
5659 6847
1055 7377
6041 6545
4678 6663
6682 8269
8189 3490
5960 8688
7480 4668
6489 2279
4965 4533
7876 1963
3737 8467
8689 4991
2098 2074
2326 8560
2073 8690
2047 5878
6392 7745
2360 1296
7309 6872
5270 7604
8691 4680
3846 7809
6586 8692
7764 6715
1332 3059
8058 4224
7549 3454
8693 8427
2858 6402
4196 8694
350 978
7467 5452
5492 8224
1170 6138
1231 1426
8226 1714
8038 4116
3663 6532
1829 4340
5519 4066
2980 1896
1773 5283
961 6611
6445 3598
8348 4273
3204 2040
7551 3998
2050 8313
5072 8175
7483 5299
3561 3902
1709 2608
2334 5554
8488 8695
156 4426
849 6834
8696 8697
3474 6724
3186 34
5531 4999
6222 3999
1472 6220
5001 6962
8535 736
6362 8698
1873 5224
7249 7547
2288 8699
8501 5242
7844 4207
8700 2897
8701 8576
8430 7665
3200 3466
6342 1286
2112 1848
2652 8613
2052 8038
3143 1641
5595 7188
1618 3879
3528 3277
8702 1937
8703 4236
2512 5844
8184 8704
7382 6032
1679 6101
7098 8705
4450 2196
7771 6779
5239 3352
627 5036
7171 2717
5849 1201
7187 6353
6796 6249
2481 6665
5187 7047
5680 8706
8707 777
1272 5019
7657 1349
3279 6541
8606 4153
8708 8206
5733 5244
2530 1803
4534 1213
8463 2437
6093 8709
7064 7898
8393 2856
8548 5539
7464 209
8710 8711
7520 4641
2851 6351
3562 7572
3917 8050
5636 8712
8130 5029
8713 2069
6941 8477
8714 399
6578 8715
7869 6904
8068 8716
6430 8437
1199 7959
8499 7699
8441 8192
8717 2239
4058 8363
7128 7113
2780 2670
8256 7910
6232 376
6650 5668
3079 652
8718 3698
135 4631
7256 1000
4100 7140
634 6829
386 4727
6347 6142
5474 2042
7537 6893
6099 5303
5280 5098
7214 5473
8204 8137
7667 6694
8719 7261
5199 1116
5755 4886
497 4301
1766 8720
8645 6011
2224 8721
7889 8034
4765 3159
2060 1527
8297 1862
2654 8234
1818 4242
3224 1030
7900 6742
7812 8420
1357 8148
7904 2492
8722 2706
6503 5369
7269 908
8449 8664
3733 685
502 6700
2305 6942
2026 8608
7718 7012
8723 1254
8724 6082
8405 3051
7787 5193
8369 5813
1998 2141
8330 6832
4413 7183
6174 6656
3620 3296
2710 8725
5495 6865
7760 615
8698 5321
1869 7632
643 2833
4073 5934
7274 4818
2991 618
3695 7336
8726 3650
8356 6712
5973 8727
7125 2503
8379 482
6475 5619
1205 8510
2048 2271
3680 8728
7990 632
7462 2223
7315 2759
4502 8729
1689 6150
7789 3732
3981 1420
5149 2055
549 7433
3830 6856
8730 2402
8194 3245
436 4487
6097 5488
13 8611
1985 2582
8731 2003
7736 8732
6067 7301
4201 8495
8434 4840
8189 6629
5554 8733
7766 2202
7218 7614
6840 6390
8036 6326
8689 457
1429 582
5740 8734
1268 4249
222 7366
5782 1165
6522 6297
6833 5953
5666 3059
3542 7882
7239 8735
1437 2999
1214 1611
4174 7396
7789 3088
161 7043
8293 8685
8736 2598
3984 6485
8732 5786
8737 3706
7378 7800
8738 8712
1135 6601
8250 4389
652 7217
768 8176
506 8255
6399 8739
349 4504
8740 865
2498 729
3826 3853
8371 1631
5128 1575
963 666
8271 8741
5859 5903
3340 3618
8023 1719
7346 658
8742 4210
2952 8743
3292 7603
3615 8421
8744 7570
1534 8745
5699 3940
910 4645
8716 6846
4463 194
6306 2170
4581 8746
5437 7379
8526 1976
3276 8542
8079 8190
7866 7237
8618 8262
4410 3333
165 3468
2787 2433
3922 1924
5363 1601
5269 4954
4147 5793
3458 3921
3823 4178
2666 6881
8549 3021
6976 5672
7274 3771
7365 8747
8514 2073
6238 2088
8392 6711
7828 3685
7692 5090
2631 2324
3412 4445
8435 5135
7978 4130
1215 2377
1670 8748
7395 6887
6669 8414
3303 3956
8749 8750
8656 8751
8095 3751
6381 8142
3773 2543
8752 5518
6113 7367
8391 3999
3250 5307
1126 2185
6911 8123
7579 2572
6372 6331
3102 1779
939 8547
7151 930
3551 2914
7630 136
2010 1831
4283 8753
3832 2730
8723 6672
4127 8731
6027 5086
2842 5644
8098 8754
4927 8755
2335 90
406 4509
3683 7171
7546 8372
8756 2749
8121 5113
6420 8688
8466 2350
8757 4787
8590 7040
3531 2182
7553 5972
1968 3160
8692 6754
4835 8223
6671 4252
6035 4416
2746 5417
1267 6807
8640 4863
1815 3906
6079 7942
7835 6543
7776 8758
3122 1582
7917 8699
4681 7474
8748 4722
1250 5854
1515 4729
2688 2153
6213 8759
8760 58
5368 7589
5714 6538
6859 3472
7428 8761
4279 6781
7988 2940
261 985
1069 6813
962 2335
7727 1978
2406 6187
8762 4667
6196 2831
8141 7422
2931 8696
6910 5894
8334 5494
2479 4490
8210 6579
5988 3037
1865 7810
1802 2339
2990 6366
6513 8763
7358 144
6952 5677
7604 5711
2847 5387
6823 4881
2739 866
2982 5549
559 3727
4881 6828
8252 8764
8280 7419
8458 3215
8568 8765
8766 4170
8694 1442
6720 8767
4230 5436
1723 2311
5277 2993
8711 7539
8355 3592
5126 8631
1910 4134
4717 1203
8610 7904
6338 1305
8768 574
8419 8566
8022 4426
8769 8237
6130 3587
7115 8161
8634 5967
7933 6038
1730 8588
2545 6748
8557 933
6855 8743
6571 4175
8490 4012
395 8593
7975 1766
8770 7525
4954 1941
8771 8772
8506 5737
7232 2546
783 8773
1863 6354
3935 6152
671 1455
8154 5239
6460 5754
4996 1222
7645 7223
8774 732
5476 2089
6363 7103
6905 7418
3778 8591
8775 3948
3410 7352
6569 8347
6845 6168
7877 5080
6474 6348
8776 4466
1952 8418
8652 2121
8777 3969
8374 4358
4109 7030
4131 4529
4378 8778
8504 7899
8117 5311
5943 7970
1989 1720
8779 7857
8056 2490
2267 5577
8780 8009
7498 2985
7540 8302
7826 6929
527 591
1031 4423
2277 5272
2137 2290
7089 6107
8129 7214
2723 5507
2313 6449
7198 2198
3970 4282
352 5865
383 6948
8642 8781
5596 902
5999 7354
8782 8637
3605 4336
8783 8784
8139 7259
194 7231
2811 8785
965 2225
8575 1421
7074 4820
5212 7270
2262 3524
7074 8786
6658 5490
3450 2485
5689 8787
7166 8788
4822 5362
8789 8362
4298 4757
6457 5143
496 4741
1787 6609
7980 6839
7053 3707
6223 4032
6162 8358
8790 6164
863 6061
8610 507
6621 8754
4672 338
2311 6462
6330 5783
8000 2984
4185 795
6827 8791
4704 3544
4885 8580
8399 2147
5168 7864
8792 2469
7463 394
2181 2604
5695 3927
5520 2095
2901 7522
4511 5629
5650 6600
2219 2413
351 7744
5073 8558
3953 6649
7833 2920
3747 8511
2420 7034
8745 7747
4945 3482
3015 8468
3903 8590
7906 2692
1785 6741
7695 4146
8715 4527
469 2891
7537 4104
8074 8793
8558 583
2354 116
2987 8328
8413 6777
6640 6927
753 270
6320 2849
2204 3338
7224 5226
8241 2226
6272 1125
2602 7202
4155 2145
2766 8405
6013 2709
8794 4232
8643 8099
7314 1097
4993 8666
6746 2429
4548 2740
3978 6959
1228 2228
3800 250
8402 3837
8751 236
1904 4208
8032 4920
5677 2065
5738 8263
5900 3560
967 3422
7894 739
8406 2347
681 7355
6587 3331
6044 5509
7941 1515
7637 8345
951 6561
2736 8795
4009 8796
4988 8490
2176 7971
2797 4057
4857 8776
8675 4293
3692 7718
2798 7991
5296 4897
8443 1416
8797 1611
5012 8661
5694 939
1525 3773
6987 839
5779 5969
6119 598
4867 2245
5483 7654
5754 5699
6982 8639
4715 8798
3463 1477
1716 1158
333 3091
6810 1776
3914 8628
3946 6868
4810 6653
3501 7152
4719 1518
8799 5803
1386 1552
1156 3066
6336 8783
5517 8800
7049 7217
8598 7055
1761 8071
4546 8017
476 8775
8709 226
7781 1698
1136 3302
7740 8737
25 6651
1247 8801
8515 4336
6766 4877
1456 4310
7855 5230
7191 7992
6001 4845
7073 6676
7363 8802
8426 5693
7132 2297
2598 8803
2908 8804
7991 166
6697 608
1777 74
8620 6193
7333 5772
778 421
7588 1540
8805 3441
8806 8765
2058 356
6998 5662
7144 7349
3770 5422
1806 8807
3954 5063
7344 7065
7402 4110
7875 7791
5687 1015
6923 8663
1015 8808
8459 8132
8317 5540
6968 6706
4889 8770
6004 7549
6108 4041
8809 8265
380 8810
8333 2487
5259 2007
1432 3899
8811 5882
7755 1285
1797 5719
6011 6743
4936 7941
8812 6787
8809 5142
8274 4943
6841 3977
2167 8043
1628 5574
5294 428
8242 1428
3532 6254
4261 3114
5725 8270
7464 8813
1519 509
2726 4338
2840 3116
4577 1441
5848 8814
3810 7305
4819 4490
8815 8735
6486 1659
5899 4822
4039 3996
8712 1653
6282 2983
8777 7009
5997 62
2236 4106
3197 4599
5648 8202
6685 1190
1312 6562
1223 7056
373 6652
5927 1347
7453 2993
7783 921
1096 7545
959 4652
2552 6122
8222 8816
8817 8456
7752 2785
7181 8244
2856 7928
5884 5461
7926 6131
4278 3540
8818 6007
7312 4033
7696 1554
2374 8084
3637 3744
1562 4049
1696 351
2630 8819
8427 1700
3835 717
2771 6134
5623 8753
6870 1123
2194 1769
3774 6081
2646 6588
7299 8152
6662 7783
8016 877
8735 8527
8820 5923
7903 1991
8821 8321
123 8822
8823 862
5253 8710
55 157
6296 1238
7270 8824
8825 2222
8279 5061
4907 8826
8625 7599
3002 7957
3641 471
6639 1363
5162 2725
7160 8827
8025 3988
2881 4680
8296 6303
7157 7472
8820 3076
1293 8382
7011 7690
6530 2795
4427 7283
3910 6100
5836 712
7848 8828
6689 4395
432 4700
2666 7382
6649 8098
8387 8485
2470 8705
6696 3567
8704 7005
2114 2693
7241 743
3971 2351
8829 2064
7484 8416
6176 970
3855 8830
35 8831
1688 640
2574 6154
6 8832
8833 5182
8498 4318
3214 1035
1902 8834
4542 1443
7399 8010
3525 2981
3873 2902
8091 3278
3977 4251
8428 8700
1273 6166
3382 6676
5822 3829
519 4572
8485 3004
2355 3101
7319 2618
4496 6286
6384 8782
8381 7365
6814 8299
4203 2466
7646 5528
2554 8835
7093 922
7710 8349
6163 2001
8836 7765
8837 5470
8838 3682
5850 8113
3861 7740
5678 709
7691 8657
3997 5622
8192 6780
1859 4107
4115 8385
3345 3144
1596 7688
7930 2990
7534 8839
5010 9
2503 2749
4697 4520
8058 8398
2153 7395
7791 2636
8840 2454
5344 8232
5658 3850
860 6014
6678 4350
4141 5295
3507 8662
5045 5394
5256 8197
7593 8374
2707 6601
136 4407
8841 5432
5941 8680
3353 7389
7778 8842
4685 22
3092 8836
2849 5337
3023 5690
5753 6763
8764 8843
7292 1436
2776 2274
8812 2586
4203 1590
950 8304
4510 8844
8845 763
5716 894
7872 7770
5548 5711
1566 4290
5610 4745
2782 8713
4559 8457
5002 4176
2077 8600
3644 4420
8846 3961
7054 749
1547 6650
5404 308
6931 6047
599 1058
7567 8465
4850 1529
6476 2861
366 168
5004 8397
8573 7225
6371 7648
7485 960
7505 5097
3124 7856
1737 1408
1564 4743
7957 7561
8674 7445
7743 1549
7563 1445
8847 2606
7674 7578
5950 6498
5330 2642
3113 8818
1992 6221
5136 65
1227 7769
7404 6898
8112 3965
5331 8848
3547 818
3639 8094
8604 3339
4303 5360
5643 8849
4216 8714
5728 3316
2401 8850
6323 6991
2104 7187
5471 923
4868 8851
8759 6861
5025 6165
6198 1223
7272 5390
4539 8852
244 8157
1286 6843
6948 7747
990 6227
6516 8686
7263 8769
3461 8553
496 8853
3681 841
4253 4825
76 8854
2447 405
8183 1674
5894 6520
8273 835
7266 2953
4783 2066
7264 8254
229 8676
7427 1724
6587 4523
8107 2714
7396 8516
6963 6637
8531 5180
2862 1481
7476 2256
5794 2498
8507 7986
8229 4475
1041 8429
3299 6412
7861 7790
560 7315
772 8049
8740 8316
2623 4343
3791 8623
8747 5747
2283 6585
4098 2540
7631 6161
2384 5343
1654 8774
739 7199
811 8101
8742 4044
6593 8855
3785 4388
7836 1650
8126 2882
1413 7598
7849 8509
5604 7181
5985 5799
8578 2867
6105 7707
6224 6593
8646 1613
8856 8833
8690 6204
8452 5925
878 6050
8236 1435
6524 7127
929 5193
4652 4643
7920 6936
3078 3923
7161 3883
1970 2753
7104 6523
4192 3764
7637 6949
8129 3986
8857 7006
4476 6195
4964 4146
8758 416
5035 4316
230 5981
4930 8505
4215 8299
4811 989
8438 343
1061 3626
7784 7
8066 4647
3061 128
8432 1197
8858 5813
6953 6862
8054 7079
5940 2903
7896 3822
1059 8841
6250 7840
2536 4944
2258 4144
2140 5654
7486 7336
6540 8582
3299 611
4207 7947
8859 8586
1649 8617
7992 7048
4770 2888
4064 2936
8238 8421
7360 7854
429 4959
7895 3424
4019 6333
1192 6206
2532 7351
957 8773
8609 3090
8693 8085
3487 3793
7702 3766
4738 8860
8861 8646
3424 8862
4557 8354
6704 1999
8863 572
8864 5329
4315 2076
7338 6072
3736 4761
8096 7689
8492 8865
4520 253
1857 1901
7400 3676
5624 8866
5820 6705
8852 2091
8705 1913
7626 8867
8663 8575
6096 4730
2200 8837
7761 8817
3651 4997
1504 6453
2771 2895
1767 60
8190 8868
6166 4668
8869 8791
8658 917
7027 6925
4882 4970
4275 1807
643 4075
6515 445
955 5786
8493 4273
4097 7459
6170 334
5959 8481
7521 4662
3017 8280
8667 6065
5467 2675
2173 8870
7636 1630
2442 3411
5069 1823
8871 4073
2611 701
1482 6808
6352 974
8853 8872
7963 8673
6444 8103
3236 6090
7928 6809
5983 1395
6179 3891
1745 5118
5181 8771
4102 6174
7126 8873
6229 1585
5376 4387
1877 7216
6878 1851
2715 6364
5167 3912
6341 3120
7616 2684
4137 8528
4805 8612
8874 4958
8818 8778
7169 8150
8654 4844
287 2559
7721 2761
5877 6377
6199 3959
6918 4375
6125 2246
7576 3675
6180 8119
3961 6632
8355 8408
5920 6467
7311 713
1712 8875
3425 1376
2290 7450
3141 8479
4113 1409
7961 7020
7811 3371
1538 3095
7582 1648
1620 7869
4685 2461
3898 7607
6940 249
4474 2704
7606 4097
4772 7339
300 6485
4089 1306
867 8876
6332 2221
8877 721
6871 1078
8878 7597
8879 4584
8086 7061
4178 8880
2408 7775
3553 2897
4444 1273
3258 764
8881 5019
8249 5553
8109 792
7029 4383
2252 4747
2009 5353
7098 8109
5572 5479
487 2117
3897 6737
2970 7139
3587 3958
5827 8882
4724 2564
6778 4239
6263 6467
2960 2470
4848 1400
5994 6703
6316 3779
3362 8619
6965 7245
3522 6838
8883 8566
3659 2695
2702 5440
1183 3245
7495 8749
8835 7286
8698 937
5762 8619
6104 3389
7383 8476
4526 1043
6506 367
7950 3447
8455 1005
7825 8884
822 8885
8045 3578
8681 7758
4836 4238
4997 8886
2821 8292
8146 7509
5965 3556
2156 2235
3002 8863
3623 4966
8154 8879
3089 4113
6205 5421
7676 1259
3137 3763
6287 7666
2157 5156
3905 5034
8102 8887
8888 5620
3738 5734
6132 6168
5771 7348
6396 5522
5428 7543
6721 2649
8624 4720
7002 8075
7701 7421
8889 6890
1763 2248
1882 7234
5856 1903
8077 6064
6003 6292
7888 5448
8753 4313
7400 529
6463 7909
8665 7557
7732 8530
407 4718
5812 4766
1747 7814
7327 7478
1496 2911
385 893
6727 4025
2434 2468
6625 6068
1551 8782
8437 8029
7999 8757
7488 7190
8890 2231
4883 3734
8891 5821
8245 5809
5627 5280
492 3282
8534 4119
8415 357
4202 8892
1139 1473
2741 8779
8893 2203
6443 1399
7155 823
470 4785
8358 8894
2129 7888
1402 2401
465 1552
6698 8895
16 6825
5664 5391
4093 8896
4439 4998
2056 3776
1749 8696
2428 8243
2818 5889
8873 5608
7450 3182
3656 6735
8083 4763
8339 8661
347 8864
6348 2214
884 4193
8897 8898
8791 3078
3390 843
1418 1556
8247 3445
1797 5866
7000 8260
2467 7032
8308 7995
562 2260
51 8410
6700 5538
2617 2134
8601 8448
8551 1772
8899 7294
4470 781
4233 8574
8513 8900
7547 8444
2935 3207
5581 7479
2698 2497
6083 8840
4961 3971
2670 976
7272 517
1718 8901
4231 8234
8531 8902
1784 6852
1621 7167
2453 5116
7820 1970
291 8766
2961 1732
7724 4827
5135 8903
7574 7087
7927 5046
3065 8904
3448 5172
6405 3121
2871 3878
7827 6709
790 5743
8905 7894
5916 6981
8906 7997
359 7850
7649 7875
8785 1521
8349 8210
8682 4672
2916 5467
6421 3688
8487 2682
2380 7004
8239 5571
8128 6749
7860 3552
8389 3699
5601 8767
8251 2463
6615 3259
2331 2906
6240 6163
2883 6630
5543 6810
38 4327
3145 2908
5283 6556
1267 5144
2211 6788
342 8907
8331 8474
8155 5986
3106 8727
6932 5438
8268 5589
3485 8664
1547 8499
4421 4955
387 154
8436 5340
826 7258
2393 5173
7874 7853
2786 2482
7004 2894
8417 1112
8046 8027
6208 8580
906 3454
2365 8626
6145 909
902 4784
8078 49
4723 8845
5470 8887
1253 4906
6064 1313
7371 7532
3366 5136
746 8423
7311 2679
8781 8908
6708 4854
6693 4657
228 5398
8862 1377
7119 1586
5966 4372
7819 7292
1824 5240
7174 7989
5859 8909
1929 8910
2937 2554
6438 7053
1328 1691
5538 3324
554 7813
8508 3799
7271 8153
1237 80
4941 7881
8911 1270
8912 5958
7628 5027
4591 8579
992 6065
7096 3916
3956 4965
4400 979
8636 6199
8416 4200
3364 8561
1281 7444
8794 8519
6450 3607
8801 6549
3760 1290
8879 6933
4123 2508
2302 8704
6765 644
4618 7876
2451 6657
4454 8340
6884 8913
6080 1669
8511 6619
4069 715
5536 6448
8914 7360
7086 6025
1520 8904
7770 8319
8915 8614
7069 7108
8667 2332
4610 2106
1156 1675
1960 6775
1932 6277
6637 4632
8916 8171
2938 6437
5398 8917
1458 8539
2537 6529
8828 5767
4611 1936
65 8918
931 5636
8795 7795
8093 3479
2081 8632
2750 135
5181 8338
832 8367
8885 8919
7243 2672
7129 3503
8414 181
5743 4922
7813 79
8733 8920
3403 7425
1826 6230
5792 8921
6789 4601
7672 2409
5613 8029
8892 6750
2509 7762
6202 8447
5097 7215
8615 2136
8460 5741
6110 4047
1910 6518
4260 4074
3536 7219
8876 8922
5260 7788
7491 5649
8706 8562
7870 6827
8640 1841
4335 311
3358 340
8522 6055
346 3833
1121 1405
1607 4622
7112 8849
5560 8081
6851 7972
4362 840
101 8185
7714 382
8481 5219
1504 7777
5219 1172
8509 7215
8153 7062
3241 4826
8312 4735
6010 780
196 7467
2548 960
8923 2758
8056 4798
5799 7759
6124 259
6752 7784
6821 6885
4671 784
4764 642
8731 6047
8924 2928
303 1883
8722 4314
665 3644
8537 8730
2570 7922
2359 7507
969 3099
4561 3102
7141 7054
7882 8906
8902 8337
7415 854
2462 6930
6564 4780
8925 8241
1653 7080
2904 140
4957 378
8030 342
2484 7075
5468 7650
5922 607
1828 4512
8842 8388
4233 8498
8529 8433
5316 7129
4004 7939
8877 6121
8014 5956
3777 8401
8926 1646
8927 8100
4629 3614
8293 3721
7693 1692
5459 7144
7812 6019
7567 2624
3694 6505
8928 5110
7518 122
6429 5686
8834 8483
3088 6574
5241 8375
8929 7044
2108 6477
6906 1088
5839 3459
8565 260
7774 7560
1425 8930
3287 8787
7884 8159
2395 5929
8208 8072
4749 3772
2177 8013
8900 6745
7855 622
1002 7998
8655 1828
144 5545
4655 270
1352 7895
5767 3722
2764 8290
6562 1191
5505 5527
3952 4111
2920 5863
8931 6500
4054 8847
2669 326
5095 6508
6738 8476
2962 8675
7731 3681
2649 3819
2741 5011
7818 376
4661 7918
7601 969
6359 6988
5393 5665
4059 5122
8767 8625
2247 6901
6894 4334
6619 1870
5144 5138
6626 7229
7421 7337
5559 7007
8849 1032
3347 2253
3891 8716
2983 8845
826 2474
7946 1079
1790 4030
8932 6288
8366 3849
4707 2765
7966 8896
3402 3697
2324 6253
8595 5269
7762 7533
4248 4360
4623 4468
3462 5322
3796 8717
6299 1054
8039 2681
4413 2000
1684 8517
2819 6796
8587 8592
8752 8709
7748 6241
8147 8062
5684 4020
8228 8277
8203 8740
5885 8225
2887 2058
3221 8933
3270 2883
4425 1896
2273 7659
6307 7202
7623 8897
7343 2413
8886 5692
5389 7009
7107 5441
1999 6791
7987 8934
3631 3269
3566 8935
2424 1329
7580 6607
6669 6006
8013 3369
7518 6805
5415 4354
4743 488
8801 6794
8697 6582
6160 7269
8909 5282
8545 2819
4742 540
3074 8936
4873 6393
2040 2301
8051 8656
8890 1456
4587 417
8937 6378
2980 8649
2054 3110
1391 7347
3252 4053
4669 4236
3286 7832
5246 635
7121 7739
7478 6983
43 4546
7833 8893
426 2151
720 8434
4735 7252
8306 6627
4769 7899
2916 4244
8328 1037
4561 7417
2656 3006
3511 2202
6353 8133
3646 3565
7337 6686
1475 6848
425 1833
1969 5007
6714 4308
3358 4846
7350 7780
7454 8726
7026 7553
8855 6067
8118 4202
7974 4811
3061 7027
8938 142
237 7897
550 6491
7755 4638
2106 4271
8939 1043
3584 7284
6504 6785
4947 4576
8683 2521
2 8408
1435 2190
8365 4761
7993 6862
7650 1084
912 7091
1431 7987
8541 7698
5250 6129
8930 4664
8604 5547
3431 8940
8924 895
3782 2569
6512 8569
5458 3985
8559 6443
8554 8365
5883 4509
3586 8928
8668 4314
6484 5930
3852 6998
150 3262
8885 2685
5944 8938
7814 2504
1788 3094
8638 8795
4074 3698
6944 6214
6916 7944
4736 6644
859 7048
5222 8694
4418 4381
3018 6436
8260 7610
8941 4051
8395 8942
8822 8913
8596 7506
8392 4254
7949 8858
8650 664
6642 5681
8181 7476
4053 8665
8775 1525
7796 8888
5631 4603
8671 7809
5323 1501
6349 4545
1645 7999
1452 7585
4435 6683
4624 156
6986 2756
7180 7324
7615 7845
3626 8943
8301 8643
8052 747
7804 1012
8164 2875
6698 5109
53 5048
8944 3186
1322 5393
8240 195
5365 8206
8830 2387
7172 4778
3367 5309
1883 7670
1982 8164
8741 7883
5861 8945
8065 2154
2661 6996
6826 7779
6017 1510
8773 8899
8717 6936
308 1006
1305 8946
533 1085
968 5499
1879 7827
3171 5807
8798 7620
1897 7994
6868 2517
416 6537
3194 6799
5009 4452
8866 6473
2877 5496
8424 5152
3440 831
3541 857
1173 8865
6624 8947
2223 5690
8321 6474
7224 6022
7109 8948
8607 8949
3693 4161
2205 6051
3181 8926
5090 7299
8149 5713
7290 2020
6740 3586
845 5386
1782 4568
8567 5384
6531 266
2125 8551
4430 733
2648 1398
6879 4439
5718 1835
7028 5996
6492 1696
8714 1804
6426 8950
6209 2107
8572 2709
7306 3543
4946 3678
8680 3280
3948 2542
3150 8941
3423 8342
3024 2211
4205 8436
8945 6728
4299 7001
1433 7892
7393 4405
1934 8779
6757 4001
6172 6925
2625 7874
3322 213
6949 5093
8352 7063
4282 5045
2076 4511
2037 2677
5953 7460
2472 3645
6294 1154
8093 4975
5798 8951
846 8952
3578 5054
6917 6779
4872 2689
1340 5858
1255 7581
3890 5815
8780 8909
5477 5149
6389 7886
8832 8889
4617 5214
8223 8300
7364 5687
7763 1682
3394 7810
8158 7111
6062 7076
7749 2985
8953 7323
8524 8813
1860 674
2034 8570
8523 539
6470 3163
4703 8684
3887 2355
6318 2667
2370 5659
7937 6078
8588 6553
2265 8954
5190 8703
8278 7696
4071 8042
8814 5961
2255 6283
8633 8856
8778 7222
7909 6418
8669 7211
4267 7389
3734 8032
2808 3024
8864 438
6928 7517
8764 4595
7856 5944
6829 4937
8679 8955
419 6594
5864 8573
8792 742
8672 4
8883 5459
904 8071
85 7934
8144 7645
8637 7799
8940 522
8415 4664
8648 5240
5112 6020
821 5198
5405 8956
4950 8330
8641 1106
7782 5293
8196 7781
6554 994
2516 2885
855 6905
760 5845
4326 8652
8800 7246
7359 1104
2404 6472
8957 552
8928 5990
6285 1176
8462 630
5597 911
8099 1704
4899 6460
6281 4722
8958 7032
3044 8377
8813 8957
4080 6308
5399 2580
7348 7443
2044 5810
6422 8959
2959 7937
5841 6672
8896 7924
4553 7239
1556 5631
4569 8676
3142 312
8594 8842
5408 6378
2944 8543
8960 1100
6596 7859
2814 8454
6850 1482
1676 7355
812 8824
8669 6428
1411 3566
2308 1847
7834 6873
1647 4592
3011 2704
1430 3914
8728 8961
1553 2061
6188 7738
5898 7934
4149 5551
6194 7296
2923 8577
6452 7449
6561 5752
1332 125
3165 5525
7060 3327
6685 4849
5758 5842
7886 4225
1185 8120
3545 1517
463 3611
8687 8540
5697 8535
8632 8138
6094 6830
3998 3653
5835 3336
3242 6596
8478 6740
5445 289
5990 7993
6805 8822
240 5526
4272 4851
4548 5255
5432 3847
3839 8104
8320 4036
1907 251
6453 6935
8959 5868
4483 5782
4093 4339
7077 5935
6664 6763
7522 2043
8806 3694
8882 16
5383 8156
8962 6578
4684 6966
7191 8869
7325 903
7569 5123
4197 7456
131 1317
7138 6582
2682 7866
5975 313
7163 6932
7132 8893
7398 1794
8826 3484
4489 2653
4270 3217
6461 2102
8102 1503
1537 6758
1643 3449
8035 3896
8289 8295
3373 5919
7282 1362
6598 2469
7666 5486
3789 4198
7117 3779
7055 296
8148 7212
1711 7170
8963 7357
8804 6972
323 6139
1200 3504
8760 8673
8787 1319
2020 7792
4267 8052
801 8161
2137 7939
8276 8747
1635 5403
6409 8446
5188 4059
5008 3724
1092 8964
6882 8504
3519 4620
8449 8695
7920 8903
7704 7690
2971 6767
1490 8955
2329 5704
1100 8583
5789 7412
2986 6777
8378 8874
3052 3975
7963 3559
8811 8596
3660 7777
8933 7068
2972 3978
337 694
1735 6322
8920 8564
4792 8094
8017 758
2976 5183
8880 1178
8943 8457
4451 8091
1221 8453
1727 7135
3469 195
6317 8951
7160 7300
6588 2628
4848 1644
5867 8061
213 2722
1830 6549
8471 7562
5931 6282
7962 7815
6286 7671
3584 8915
2700 3497
5 7124
6125 8811
3190 1899
1392 8820
5853 8929
7842 1949
5085 4351
8831 8158
8873 1856
3163 1082
7753 1849
1779 5159
4762 926
8281 2975
729 3428
604 8846
2639 5576
8809 4261
8586 3016
1044 5654
8200 2720
3456 4705
8834 5855
8290 7161
5416 3514
5600 2696
8948 8107
6344 1507
5886 8724
7156 8160
2263 4393
731 8756
3653 3636
8217 4136
1750 7138
5955 4974
8850 5213
4241 8570
5855 8746
4089 7720
5185 8886
4176 3231
8943 4782
5720 7390
483 4434
6832 7276
8703 3769
8593 2794
91 7164
4419 3852
2781 6839
7353 8221
5304 6631
664 5484
7611 5180
2751 8274
2201 2625
7289 8310
2614 1268
5974 5768
4454 8757
6165 1164
7735 1075
8401 8023
3752 8965
8552 2453
8563 8966
1481 8543
3893 4268
7490 4068
5108 7386
7411 8572
8772 4349
6178 2277
5774 1403
3618 6104
238 8203
202 7326
3311 7794
5503 8967
5808 4559
8521 2478
4433 2705
7902 3195
6322 283
5700 6379
5537 8725
7933 6746
6044 8808
8368 2188
2400 2808
8195 374
3621 1384
2494 3074
5454 8442
2412 4132
6034 8939
6886 8456
7953 6504
5753 5769
7385 7958
803 1019
8088 7193
8342 7558
47 8962
8064 5577
456 3833
3108 5058
2287 3123
2927 1215
8918 3101
1029 5464
6807 8768
5063 8657
8172 6127
7798 702
2780 7092
8937 5513
6680 6275
6409 6757
5952 8070
8788 6466
7981 8402
8950 7754
7133 7007
658 8188
5945 7757
8868 8336
6668 7797
5000 5084
1760 4937
409 6009
4795 5002
8380 517
8100 7788
8500 235
4506 6851
7019 1181
113 1028
8951 4739
7031 2698
2497 5570
8804 8113
5878 6822
5964 1060
379 4115
5474 7322
6499 8867
3517 1080
4205 8180
8679 6642
8968 4456
530 6760
7907 1629
6979 8492
7702 7757
5516 6908
2406 5790
8208 2285
3724 4256
7006 8969
2866 2328
384 5715
8326 8346
8903 7563
3627 3620
8250 3921
4870 5268
3119 8644
8339 8792
6169 1985
7520 205
1210 3776
8613 6189
5915 7042
3959 7210
3196 7686
4865 6037
6591 1695
8043 4960
8622 8018
6556 5121
8844 8156
7173 6339
6811 4133
6465 6661
2946 654
8970 3385
7471 3480
8687 8964
3388 7361
8708 3642
8550 8031
573 7561
401 4537
8232 8315
5139 4142
3761 5978
2999 2705
6902 2067
1005 7189
8854 8515
5814 6603
5481 7736
4612 3143
4500 6484
7010 5557
7772 7651
847 7243
7816 8869
1123 1939
3593 1973
4878 5504
4410 7295
8904 8932
1312 3483
8825 4802
7581 8752
8743 524
1821 1948
7042 1161
5100 7378
4799 4618
2485 8181
2388 8971
6915 8741
3384 66
639 890
7851 6400
4797 8678
4938 3590
2583 7774
1965 5611
3528 8972
8209 1228
3523 7391
4647 8672
607 8638
2642 2063
8878 1879
8089 2210
3661 6573
7725 4163
124 3571
4082 8701
1542 4833
1359 7890
8726 8443
3960 4832
5435 2492
7317 8973
4544 4371
8790 3145
2950 3313
7242 5901
231 7482
6970 8974
8292 6958
8967 1055
8975 6901
2473 1981
3967 3746
8808 1755
1009 7534
124 4319
7262 5755
5415 8953
508 4659
8282 5552
4646 4501
6211 5980
8706 4401
8821 3243
5155 8407
6468 8851
8919 7764
5781 1541
6267 8862
8976 5745
2523 1639
5137 2506
6599 7498
8718 1065
296 7372
5489 8919
8546 1168
7065 5406
5646 5297
5101 7817
2493 4015
4130 7107
6623 8921
8859 5291
5776 2016
8505 8977
7841 2664
5489 8172
8978 4163
4092 1574
7496 7839
6094 7979
8824 7587
4938 915
6784 816
2209 7110
4841 2930
2152 4460
8979 4696
8163 5391
2757 2641
2748 7500
8357 7320
7230 8980
6907 5319
281 560
8323 318
7684 1886
8627 8742
471 8863
6324 6250
6107 6328
8403 8799
525 2266
2684 6222
6803 8760
3868 1576
6333 6688
3615 2939
6656 4117
2685 8198
7022 8890
8351 8386
7847 7741
7935 8380
4484 7799
8530 7071
4683 7593
1446 8371
1752 5485
8697 8520
7093 7369
8325 3753
5666 2634
3802 5478
8826 5889
8981 7889
8090 4363
6814 5315
8417 51
1187 6382
6398 8513
413 2966
8624 2511
8935 8104
2977 2448
6277 8294
3772 6756
8454 7018
1478 462
6876 8412
8246 7954
6846 7571
2284 7155
1643 4807
4924 7905
676 8009
8895 2299
5975 5475
3811 4466
6358 2970
8265 5115
7790 4513
3277 114
499 5042
2021 5142
6645 6496
2768 8364
8762 6542
5465 4165
881 8282
8295 8800
7758 3581
707 284
1047 4610
4563 741
4151 5979
7606 8242
6403 3030
6515 7142
6225 8587
7008 3687
7986 8965
7709 7647
1847 8763
5921 7664
8982 3240
7675 8041
8734 3197
7988 120
1868 6042
7023 5626
7578 8976
2691 8983
6012 377
1393 8736
5038 7936
7134 2517
3248 5834
4485 699
6200 8165
3569 2098
5268 563
4781 5221
7948 2697
8480 8978
8258 2130
3875 8912
4705 6172
5351 2162
2066 5822
1855 8702
7955 4315
8979 6712
1144 8689
8337 3249
5582 158
8647 8065
8322 1780
7203 2844
7927 8018
1106 3750
7885 6031
5645 1236
186 5828
7527 32
8659 1499
1044 4972
5906 5043
121 3548
3603 5005
8348 8734
5215 3722
6671 1756
4370 4244
1224 6909
7432 455
7517 7513
8440 5593
8898 3951
7750 6031
7113 5962
8984 5869
7343 7314
6880 6869
6293 4339
3784 3092
7511 8985
1133 8838
7125 1196
1259 1837
8579 1175
7831 6802
3996 2407
8450 8916
7925 5081
8892 4275
4615 245
5409 6175
160 8659
7994 8077
8986 5265
6743 5651
7313 5301
3334 6258
5434 8677
806 3437
5847 3271
7831 114
6689 8057
7242 494
1325 1604
6469 1578
7442 8653
3416 1381
2458 2798
4350 2910
8955 5984
6262 7730
8123 6013
8751 8823
5722 7554
686 6934
1710 8907
5075 3049
884 4102
8772 1617
2688 5558
1341 8780
5007 1211
7608 7873
8921 6489
8844 8134
1300 6389
7285 835
6934 5055
1253 6528
3818 4374
6462 7203
8105 8630
972 8937
7323 42
8393 5833
6072 5694
595 7768
5098 4322
5336 1741
5826 7510
4042 1353
4021 2937
2429 1279
5846 336
8870 8036
6722 4031
4986 6939
2903 7227
4126 6974
1053 6206
7194 4391
8755 4741
8341 8973
8594 7206
8519 8497
1258 7713
6899 6993
1908 167
5390 5557
7511 5096
6670 4206
8420 8762
3751 1184
8400 6950
7310 8681
4394 8902
6029 2186
2046 8923
7737 7634
1073 5320
8972 6183
753 5238
8684 5424
1532 100
3052 530
4498 5996
8325 8837
4294 7556
4432 1906
584 3770
6687 7381
3319 4060
8874 5294
8887 1595
154 8781
5176 2841
8727 4098
8569 2336
7208 5260
8438 5258
1295 8502
7207 7964
8201 6613
975 5345
4280 8151
8169 7251
8939 1908
4012 5982
5910 239
726 7499
5137 1742
7979 1548
4211 3077
2142 8049
1439 7825
2998 5682
5301 8789
5542 6912
4468 8022
7973 77
4628 7566
7147 8987
5042 5279
1068 3939
8376 7353
4355 3022
6920 8083
893 2734
1977 78
3097 8525
6275 8693
8868 6398
7639 3655
6808 7574
7307 6903
6088 1810
1404 777
4635 5124
8112 4022
2490 848
5693 3512
7711 6244
7635 6826
6847 5207
2574 4232
3491 6101
1317 8895
7759 5819
4143 12
7863 5382
3365 8988
6633 6859
8989 8341
2514 7621
1011 4876
5347 8279
3455 7683
8668 4713
6695 7706
8748 4793
4562 2075
3892 4808
6608 1709
2416 5549
7617 7879
5147 1356
4594 8560
8186 1607
3672 8982
3183 3262
5769 2283
7246 1502
5749 5185
3842 3200
325 3912
6382 8759
1014 6360
8433 6114
455 8584
7651 5994
6867 8860
5023 4808
8267 5004
2165 1278
8261 3233
5783 8059
2817 6997
7441 47
2894 5198
8574 7956
8785 3654
6525 2545
2522 1945
7972 7384
1982 2033
1438 3361
6490 8947
4035 4794
4799 849
1956 4324
8872 8495
5794 2067
8971 8166
8831 2208
552 4744
3896 8853
200 4734
6557 3208
2840 8463
2402 4617
8990 1987
5860 8710
295 8218
7646 3242
4567 4911
5335 8475
5178 4554
1604 4332
3711 5558
3447 7576
8483 3321
8786 69
3465 5025
4784 5939
8446 366
2027 4560
7185 1274
3525 8149
1682 2603
8991 6184
5362 6970
8269 288
8810 8385
2102 1543
1394 347
6404 8794
474 3853
6149 8452
8976 8611
6048 7953
7322 8797
2588 3748
17 8602
747 1550
8992 8878
2495 4190
7682 182
8303 2788
338 5915
8320 7708
7624 751
6432 628
2500 3783
7524 4320
2244 3563
3128 3634
174 692
6776 7251
8993 3365
2610 6921
4817 8718
8629 4510
3458 5750
6545 4866
8332 7885
817 2078
5171 7584
575 6146
5504 479
7977 7923
4226 8259
6300 5731
8755 6210
6955 4158
2007 1563
4148 8771
8819 6223
5381 8271
5319 6285
7515 3285
6973 8536
3885 7750
8254 5857
4962 2737
8970 3911
3193 7146
4195 5950
7552 8442
8193 779
8816 8493
3388 201
5203 7497
8881 4726
4076 6291
7304 3381
6143 3346
5431 5469
7590 3173
5408 8108
7019 5377
1560 5644
5371 2322
5117 1451
3 1199
2327 2166
8165 3457
5998 6306
7413 7715
851 5195
5374 8722
8817 4802
7901 6765
8784 8994
7619 8802
8836 92
8426 394
8803 8510
7072 4983
7958 7551
5630 4504
130 5766
7834 3373
1526 6323
7401 2160
5771 1280
7724 214
5347 5838
6891 6279
5809 7151
6792 7949
1022 8285
2235 6405
827 258
6161 4500
3259 8064
8799 5427
8233 5041
8783 3219
1642 3148
511 8911
1428 274
8012 8003
5840 8859
3257 3909
7921 737
8872 1149
7744 6029
961 3396
5870 370
8761 8193
8204 4429
2686 6715
8152 3953
4112 152
8719 2872
567 7136
3481 1581
8472 7410
3305 589
4995 1350
2488 8720
2188 7613
1915 5048
5113 7738
3700 8670
6085 8322
8520 5284
1397 221
3435 6186
2022 3570
834 98
2086 871
7025 4774
3781 3521
7995 7066
4711 1840
7509 6855
8730 4798
8906 8395
4780 7978
2860 5066
8768 1922
3184 6349
2333 6319
7945 8389
8724 7652
6069 1905
8651 1309
8012 6528
1595 6935
5958 2177
2686 6000
3870 7555
5835 482
5775 8084
5172 5201
4746 3030
7341 3072
1555 8040
3511 4428
7469 3019
4698 6320
8947 4534
2885 2123
7677 752
5818 2478
8346 1204
4328 1933
7703 2125
7722 4366
403 8819
7029 1019
1649 2811
5450 8650
3604 4931
1217 2111
8746 2948
6147 6459
3752 6514
8366 1488
4693 6987
2538 6192
8205 4027
3512 8744
5171 8954
8977 4635
2008 4926
1093 4246
8935 8728
3230 783
5379 7772
8918 5046
165 3874
7366 1538
6707 4638
5436 0
8494 5038
8636 2090
1134 3257
8001 8092
6786 7136
2558 2792
8581 4388
6495 8700
5164 6007
7951 4676
6237 8971
259 5904
1212 1230
8931 8695
7918 870
6852 8884
8677 8601
3990 7254
3859 8846
1452 3782
4402 6252
8439 78
5230 2041
7535 7289
8995 8375
1961 8916
5787 4017
3228 97
4666 650
7370 2179
7703 5532
5588 1103
7240 1484
6035 631
8523 8507
613 3218
3221 4952
4472 28
2379 3045
2351 4790
8901 4491
7196 5661
6197 6621
1109 6372
8073 6438
6301 2025
5792 8925
4513 4365
5918 7521
8584 1483
8914 2628
4597 4712
7070 5291
8744 395
6815 5751
349 7128
1378 4898
2382 5800
5995 4424
6583 8309
2672 5749
759 8301
6629 1679
5589 2742
8996 3256
7097 1703
3666 7745
3505 7925
1771 7189
3962 6577
8969 7166
3491 1140
7602 3333
226 3641
794 4444
7859 7822
8240 5131
4601 8840
8622 3363
5626 7505
1265 3073
8954 1248
6834 2409
7175 3692
2859 6644
8082 8946
8563 4644
8964 2233
1487 8948
7428 408
5267 8121
4960 7824
2120 5955
8285 6647
8670 8095
5650 8688
7106 8394
766 1171
1807 1950
5585 8899
3399 2344
2471 1083
4246 1117
7519 5639
5451 963
7416 703
6732 4840
8335 6005
4060 8739
8721 6005
5003 5358
699 1056
5119 1335
1688 1051
5873 6096
7407 8996
7688 6092
429 7655
649 1995
8917 8413
735 2943
6367 3125
8894 2747
8474 8528
8502 7657
2559 5384
5795 2650
4310 2964
6709 8199
3051 8692
8860 4871
5340 3249
6776 5032
4346 5579
3967 5991
4964 7030
3153 3934
3771 2483
6244 6579
589 7173
3498 4624
6455 4478
3046 4537
6960 4399
8464 2949
8338 4348
2934 5429
6245 493
8847 8924
3575 1798
3364 5685
1427 1872
1142 2848
6482 1445
726 5349
3499 107
2884 8979
2184 7840
4213 3
3003 208
8101 2011
5874 2114
415 1603
7149 3915
1889 7654
7942 3039
8488 8793
4311 8484
6842 1074
4187 7728
1564 4927
670 5616
8997 7165
8729 2481
8770 8021
5029 7531
850 6607
196 7768
8796 6720
4420 6143
1124 3292
5022 6045
593 8861
7212 1024
7331 5985
5016 4099
774 8195
680 6171
603 8578
4904 6575
4237 5140
8373 7380
7749 8917
3033 646
7678 7250
7805 7725
2951 1372
4637 8033
1587 1636
8761 5220
4372 8960
1242 20
7083 8981
4985 8723
6977 4189
4508 5151
8802 1103
2079 8956
878 2828
7347 3170
6573 8707
2004 8967
3901 4055
1616 8061
6812 8927
3598 3898
3415 6442
4613 645
8105 6136
7633 8949
8228 7313
6173 6445
2068 3428
8729 8961
1363 2763
8905 6256
8634 8246
7237 2385
5449 3339
6376 7893
7652 6301
3739 8666
7669 6182
8281 8833
5529 6454
1844 7680
3715 8170
5902 6346
8739 5416
6280 4671
7641 8789
5946 7028
3056 5121
774 82
2016 7158
411 7015
2636 5174
2178 4596
6976 8220
8187 8618
1722 1867
4556 2892
8532 1390
6517 3739
8908 7362
1318 6148
1580 6218
4133 1342
491 3713
3375 6414
2142 3745
8986 8651
7653 6203
2909 6492
4428 1855
3670 3605
403 6638
6412 8003
8984 4650
7115 6407
1665 324
5713 7513
1063 2874
8527 5744
8390 7803
8131 4654
5140 12
5374 88
3938 4396
8907 3945
4402 8738
3749 418
8848 7338
5735 5760
8828 8305
6046 6969
301 5381
2668 3535
6075 3711
3542 1827
8134 6363
1125 8905
1919 8445
1214 8110
4438 8418
4497 1269
6157 7207
7434 816
1557 6228
7548 6335
3804 8313
1132 7966
6890 4512
4859 8621
1577 6566
3349 7542
8533 1998
8639 5154
3110 3103
5429 8966
6406 5389
8133 662
4729 8567
4803 5003
5818 5275
298 687
5696 735
5801 7368
8557 6338
6440 1114
6135 905
7751 8998
8386 6145
6926 6427
8041 5745
8858 4677
8797 2213
5621 4867
8461 8599
3000 1364
8725 2933
8370 8825
8496 2268
1892 1852
6436 8468
3429 1351
2658 7930
6806 2371
5292 3017
2788 4956
7424 6667
8582 3008
40 5348
7328 2241
3519 5070
8131 8517
4642 1591
1357 8215
2000 8891
7127 8784
4721 5844
8525 8953
8678 8000
6033 1734
4403 3050
8851 3864
7414 6784
6463 8453
8605 6705
178 2799
3176 402
6283 5700
837 6142
4050 4179
8691 1261
7727 8986
5638 8073
3228 6109
6550 7052
1040 2178
8273 5380
6769 8719
7545 8277
1916 2447
8961 4085
7120 6968
2566 8749
4114 7003
7227 4480
3738 3393
8150 5117
3635 901
2818 7086
5322 7753
3854 4541
1027 7854
2024 4459
8671 7865
6641 4124
537 8925
6701 8188
6799 1912
2865 8758
8733 562
8628 8934
7640 7733
8798 8422
523 8471
5088 8963
6665 4169
5805 8491
4177 5049
2551 3805
23 5109
8942 6793
8136 183
5447 5033
8914 3220
2966 6375
7448 171
7361 8963
4067 5174
8609 1717
8972 3743
2956 1571
8125 7208
3942 3887
8965 444
8608 8605
493 4992
3039 7960
8884 3362
7472 8777
8871 8944
6510 8025
8977 6043
7175 8931
8460 1680
7376 8936
5360 4728
4757 1062
8975 252
6257 1185
4101 1042
5622 2379
3294 8381
439 8606
511 1648
5191 2025
4730 6692
5385 1956
6703 6234
1863 7357
7587 6160
8484 1022
335 3064
3791 3054
4570 8116
6066 4036
4663 2039
4993 2261
7622 5472
3465 913
433 3674
8982 8482
7959 7021
1794 7477
4631 2436
6710 3654
7960 4007
6781 7687
8140 4651
2394 4553
5888 5556
6917 4100
3559 1722
3132 4675
6913 8552
5708 3826
7148 3710
7795 5266
6840 1546
219 8691
6801 6780
8076 983
7700 8999
4917 8926
2864 7062
3007 8648
4708 5655
6577 5146
15 8536
5896 6979
8685 7408
6565 4129
73 1321
5534 4894
8411 5635
1159 986
7394 1282
3065 6984
3623 8565
1983 4625
2199 4861
3823 4752
3928 8028
8430 3606
5316 7684
5905 8832
1570 4869
2134 4418
5847 8217
6414 4149
1756 5864
707 3929
7726 2926
4005 3210
504 2357
5027 5918
1442 7730
8913 1292
6863 7512
316 7358
7664 7905
8431 5072
6070 6916
6040 7951
6128 8857
7542 2694
6984 6287
7031 5793
3585 7359
3809 6897
1545 7967
8996 5202
3255 8288
8615 5599
8699 7969
7820 3108
4023 7531
7589 3726
2799 8839
7642 5970
1275 3026
3423 8736
6537 3151
8044 6284
900 8993
7316 7660
3042 2921
5088 2653
1831 7501
5682 1915
581 7586
3643 7332
2133 5293
7737 4763
7577 5165
4573 8544
7079 8409
1108 8326
6792 6820
8512 4105
2726 2925
3756 3803
8564 2259
1719 8359
8938 4540
2166 3783
5039 7126
3342 1861
8956 350
1809 1550
3460 6456
6340 6697
6415 4062
6677 8015
7499 8079
6778 3014
8949 6957
7457 6446
1699 3035
4533 6967
4851 8968
2695 7310
1774 8898
4457 654
8199 1243
8171 8997
4609 1799
8026 4081
6718 6955
8769 8992
8459 4436
6304 4459
7506 7407
8933 6535
2432 8318
8927 1343
3597 4816
43 1447
4897 8142
7447 2480
7158 8786
4923 2886
6809 4362
1175 2596
5297 6231
2031 6058
4499 7575
6957 8137
2307 828
3271 2850
8998 7710
5911 3740
8985 8721
7015 8585
5746 3131
5220 7802
7192 2871
4714 497
8599 2828
8776 6702
8541 8827
7912 2570
1436 453
8870 7455
3463 7071
6237 7546
3492 6395
8288 4687
5335 7648
1278 4287
1521 5531
8856 5609
1443 1318
3927 2281
1760 5928
8486 6738
7672 3119
8987 7046
246 7386
8702 947
3387 2655
2827 5991
5455 5370
172 8462
8363 8881
278 8989
1283 3080
7465 122
8141 7159
1266 3398
8988 2968
3413 3042
5511 7734
5036 2867
8901 7797
626 603
441 8876
99 8635
8075 8683
8942 8989
267 6794
6361 7658
5872 4094
3992 6106
5871 1118
5310 7919
832 6525
1953 8883
5422 8807
2641 7913
5143 2477
6049 2418
8875 1190
173 4139
7858 7870
4476 5702
3093 3069
5968 2278
4554 8815
7397 8479
341 2857
5114 3326
4077 2195
7891 3062
6354 3762
3133 3105
7785 8187
5692 1923
650 7697
7540 8983
1188 8589
3592 5501
8940 6411
6377 1614
1502 8352
7286 1129
6473 8990
1886 6954
8815 1744
8302 788
6741 5204
5866 1615
6988 8396
7826 6385
7554 8340
8469 6426
8225 3860
3819 964
1093 1465
6860 3450
6819 4549
8980 104
8213 6770
8243 6084
5300 5126
942 8480
8216 8514
5469 5667
2508 8548
8958 5998
3884 5350
3886 276
577 8316
7508 5084
2455 1717
5897 8332
838 7249
8270 1262
7765 7787
6950 2845
8838 0
2096 5455
8839 7906
4640 1017
206 4255
6297 8882
4688 3212
8934 5575
8106 5614
4214 4222
4386 3537
7388 7146
5078 8997
4853 6526
1891 6658
609 4865
3924 653
983 1336
7523 6572
8647 7732
778 8518
7195 8441
4515 3116
8425 8048
8114 3470
8539 599
6083 6214
6117 8532
1958 8985
1589 7204
1198 8991
7059 4288
6614 8486
8544 2550
6021 2171
1906 536
3334 3266
8888 8850
7387 5276
3146 5917
8875 3483
6557 8191
4909 6555
3540 7752
7267 3755
5839 6974
8897 8635
6221 5574
1590 8958
6616 4627
8562 1977
7806 8335
441 7653
8922 8501
45 4607
5351 7455
4987 8852
5951 548
3690 425
2743 7152
6699 8738
8207 2719
7846 8087
3435 5965
179 2340
4103 3897
5502 3505
8827 7154
3417 3869
4800 8999
391 7879
4401 8439
1835 2564
8843 3322
2676 8805
5578 3767
2140 8987
4932 5272
4381 4801
5712 5613
4572 2435
8473 8854
7209 1337
5843 8044
424 7116
7913 8829
3793 8923
7003 6262
1994 820
1540 2583
6922 727
7475 3318
2404 6209
8952 2671
8422 4317
8765 3817
8117 4303
8394 7719
8082 6410
7595 8814
4651 7780
392 1451
7693 6670
5161 8620
5490 2781
8591 8333
8001 3418
1894 4563
8354 6641
8006 864
8603 1947
1385 8455
1924 3166
8356 3876
615 7302
8701 4309
7860 8174
5552 1240
8720 8086
4359 7748
3488 7275
7570 4558
2036 887
6608 627
624 6606
5726 8975
8891 5035
1626 2552
672 8991
8379 6613
1608 4294
5594 590
8157 2687
6425 4231
3930 3621
3813 4883
6788 4839
6971 1602
4354 7180
6543 1373
7818 8658
3985 3815
8370 7761
6226 6964
6434 6704
8649 7629
7326 7416
8198 8092
8327 7262
8597 5202
8973 4045
8994 8503
6647 3391
7435 8790
3639 6744
8910 3818
986 7182
6969 7205
6733 7742
7232 7544
8561 1298
1285 1898
4087 1541
2785 8981
2381 821
7805 5015
2299 4925
8983 8404
5829 8974
467 1789
345 3241
90 8920
8626 3665
3010 6762
2874 2935
2841 984
693 1882
8391 2294
1838 6357
7153 7538
2973 8432
8602 2353
5881 7976
6999 3516
4783 594
8807 8911
5768 1677
2274 8994
7121 4978
997 8660
4714 8627
3246 8737
1852 6570
6734 7257
2144 6264
7049 7713
3774 3860
6507 7342
8841 8980
8116 8952
5591 8284
8357 2136
8932 4999
6702 5851
7989 8048
6039 3392
8835 8205
6102 3022
1523 3713
7807 7719
7123 8298
6610 3936
4973 8351
8177 7946
1568 5583
7929 6144
3309 3946
27 4600
2868 7916
1119 1303
8966 5802
6991 7258
8614 3407
2602 205
8472 6062
5599 2289
8108 8229
275 7782
8314 8555
8230 7952
6417 2656
4396 1889
5313 1438
8711 5396
6418 3523
2296 8496
7678 6508
922 8796
5232 6444
83 375
8912 8945
3682 2869
4136 8690
8183 5566
6461 6924
8707 1407
1818 8177
7530 5450
6471 8910
4552 6584
4110 4083
8143 8900
8682 7842
1697 505
7717 2942
7817 6416
4604 8487
7766 5204
7409 3495
8889 8655
8754 1105
8865 3239
8407 6135
914 8848
8978 3596
322 6972
6815 4416
7317 6431
6845 6324
5954 3599
5305 8529
8538 7609
8922 2826
590 7785
8756 8135
7052 4842
7641 793
7352 3835
245 7756
6538 108
264 6081
6311 358
5194 755
6783 8633
5939 3851
3529 6458
1657 8629
5651 2220
7691 8823
7944 5016
8556 4257
4930 8540
7769 8266
5162 8929
7148 8941
1476 1989
7981 6390
5186 2757
3844 3496
1813 8984
5584 4687
5656 6084
2724 4821
3808 7403
1337 1792
7926 3375
5710 2
5414 8995
6102 7462
8284 752
5704 7767
6945 6395
3332 8603
2992 1326
1263 8002
8410 7849
2644 8168
8713 1546
3768 2904
5169 8194
8803 8654
4380 3013
8750 6376
5656 3855
959 3761
5033 5562
7572 1558
3982 6699
8231 7430
7356 4578
233 897
3577 6835
8589 2176
