10790 22469
0 1
0 2
0 3
0 4
0 5
0 6
0 7
0 8
0 9
0 10
0 11
0 12
0 13
0 14
0 15
0 16
0 17
0 18
0 19
0 20
0 21
0 22
0 23
0 24
0 25
0 26
0 27
0 28
0 29
0 30
0 31
0 32
0 33
0 34
0 35
0 36
0 37
0 38
0 39
0 40
0 41
0 42
0 43
0 44
0 45
0 46
0 47
0 48
0 49
0 50
0 51
0 52
0 53
0 54
0 55
0 56
0 57
0 58
0 59
0 60
0 61
0 62
0 63
0 64
0 65
0 66
0 67
0 68
0 69
0 70
0 71
0 72
0 73
0 74
0 75
0 76
0 77
0 78
0 79
0 80
0 81
0 82
0 83
0 84
0 85
0 86
0 87
0 88
0 89
0 90
0 91
0 92
0 93
0 94
0 95
0 96
0 97
0 98
0 99
0 100
0 101
0 102
0 103
0 104
0 105
0 106
0 107
0 108
0 109
0 110
0 111
0 112
0 113
0 114
0 115
0 116
0 117
0 118
0 119
0 120
0 121
0 122
0 123
0 124
0 125
0 126
0 127
0 128
0 129
0 130
0 131
0 132
0 133
0 134
0 135
0 136
0 137
0 138
0 139
0 140
0 141
0 142
0 143
0 144
0 145
0 146
0 147
0 148
0 149
0 150
0 151
0 152
0 153
0 154
0 155
0 156
0 157
0 158
0 159
0 160
0 161
0 162
0 163
0 164
0 165
0 166
0 167
0 168
0 169
0 170
0 171
0 172
0 173
0 174
0 175
0 176
0 177
0 178
0 179
0 180
0 181
0 182
0 183
0 184
0 185
0 186
0 187
0 188
0 189
0 190
0 191
0 192
0 193
0 194
0 195
0 196
0 197
0 198
0 199
0 200
0 201
0 202
0 203
0 204
0 205
0 206
0 207
0 208
0 209
0 210
0 211
0 212
0 213
0 214
0 215
0 216
0 217
0 218
0 219
0 220
0 221
0 222
0 223
0 224
0 225
0 226
0 227
0 228
0 229
0 230
0 231
0 232
0 233
0 234
0 235
0 236
0 237
0 238
0 239
0 240
0 241
0 242
0 243
0 244
0 245
0 246
0 247
0 248
0 249
0 250
0 251
0 252
0 253
0 254
0 255
0 256
0 257
0 258
0 259
0 260
0 261
0 262
0 263
0 264
0 265
0 266
0 267
0 268
0 269
0 270
0 271
0 272
0 273
0 274
0 275
0 276
0 277
0 278
0 279
0 280
0 281
0 282
0 283
0 284
0 285
0 286
0 287
0 288
0 289
0 290
0 291
0 292
0 293
0 294
0 295
0 296
0 297
0 298
0 299
0 300
0 301
0 302
0 303
0 304
0 305
0 306
0 307
0 308
0 309
0 310
0 311
0 312
0 313
0 314
0 315
0 316
0 317
0 318
0 319
0 320
0 321
0 322
0 323
0 324
0 325
0 326
0 327
0 328
0 329
0 330
0 331
0 332
0 333
0 334
0 335
0 336
0 337
0 338
0 339
0 340
0 341
0 342
0 343
0 344
0 345
0 346
0 347
0 348
0 349
0 350
0 351
0 352
0 353
0 354
0 355
0 356
0 357
0 358
0 359
0 360
0 361
0 362
0 363
0 364
0 365
0 366
0 367
0 368
0 369
0 370
0 371
0 372
0 373
0 374
0 375
0 376
0 377
0 378
0 379
0 380
0 381
0 382
0 383
0 384
0 385
0 386
0 387
0 388
0 389
0 390
0 391
0 392
0 393
0 394
0 395
0 396
0 397
0 398
0 399
0 400
0 401
0 402
0 403
0 404
0 405
0 406
0 407
0 408
0 409
0 410
0 411
0 412
0 413
0 414
0 415
0 416
0 417
0 418
0 419
0 420
0 421
0 422
0 423
0 424
0 425
0 426
0 427
0 428
0 429
0 430
0 431
0 432
0 433
0 434
0 435
0 436
0 437
0 438
0 439
0 440
0 441
0 442
0 443
0 444
0 445
0 446
0 447
0 448
0 449
0 450
0 451
0 452
0 453
0 454
0 455
0 456
0 457
0 458
0 459
0 460
0 461
0 462
0 463
0 464
0 465
0 466
0 467
0 468
0 469
0 470
0 471
0 472
0 473
0 474
0 475
0 476
0 477
0 478
0 479
0 480
0 481
0 482
0 483
0 484
0 485
0 486
0 487
0 488
0 489
0 490
0 491
0 492
0 493
0 494
0 495
0 496
0 497
0 498
0 499
0 500
0 501
0 502
0 503
0 504
0 505
0 506
0 507
0 508
0 509
0 510
0 511
0 512
0 513
0 514
0 515
0 516
0 517
0 518
0 519
0 520
0 521
0 522
0 523
0 524
0 525
0 526
0 527
0 528
0 529
0 530
0 531
0 532
0 533
0 534
0 535
0 536
0 537
0 538
0 539
0 540
0 541
0 542
0 543
0 544
0 545
0 546
0 547
0 548
0 549
0 550
0 551
0 552
0 553
0 554
0 555
0 556
0 557
0 558
0 559
0 560
0 561
0 562
0 563
0 564
565 566
1 25
1 567
568 569
570 30
570 38
570 571
570 86
572 573
574 64
574 575
576 577
578 579
578 580
578 581
582 583
582 205
584 579
584 580
584 581
585 25
586 30
586 587
588 589
588 587
590 579
590 580
590 86
590 581
591 592
591 593
591 205
594 26
594 305
594 587
595 596
597 579
597 580
597 581
598 20
598 599
600 567
601 21
601 569
2 7
2 62
2 602
2 119
2 603
2 604
2 605
2 596
606 30
606 62
606 64
606 119
606 170
607 104
607 587
608 609
608 205
3 25
3 610
3 64
3 71
3 119
3 170
3 305
3 587
611 26
612 25
612 580
613 25
614 579
614 194
614 196
615 569
4 616
4 205
4 426
617 30
618 25
618 80
619 569
620 621
622 623
622 624
622 102
622 129
622 625
622 626
622 587
627 25
627 53
627 90
627 305
627 587
628 25
6 579
6 85
6 599
7 15
7 30
7 629
7 196
630 631
630 632
630 633
630 634
635 636
637 638
637 639
637 169
640 56
640 641
642 30
643 20
643 30
643 38
643 644
643 645
643 587
643 646
643 647
648 205
649 609
649 205
650 196
650 651
652 579
652 64
652 196
8 653
8 205
9 30
654 579
654 581
655 656
657 579
658 659
660 661
636 30
636 38
636 64
636 662
636 663
636 196
636 205
636 664
636 665
636 666
636 587
636 667
636 668
636 669
636 670
636 671
636 672
636 673
674 38
674 599
10 25
10 675
10 62
10 86
10 119
10 587
676 677
676 102
676 587
676 678
676 679
11 30
11 680
11 36
11 38
11 45
11 54
11 196
681 20
681 567
682 87
683 38
683 196
684 30
684 129
684 196
685 21
685 26
685 569
686 569
687 688
687 205
689 690
689 691
689 692
689 693
12 30
13 30
13 196
579 694
579 695
579 25
579 30
579 653
579 675
579 696
579 697
579 610
579 698
579 699
579 700
579 701
579 85
579 702
579 703
579 581
579 704
579 705
579 706
579 577
579 707
579 625
579 708
579 641
579 152
579 169
579 189
579 709
579 710
579 599
579 587
579 711
579 712
579 713
579 714
715 205
716 36
716 717
716 718
716 719
716 720
716 721
716 633
716 722
716 723
724 30
724 38
725 28
725 726
14 20
14 25
14 305
14 587
727 728
727 196
729 87
730 731
730 55
730 125
730 732
15 20
15 733
15 734
15 30
15 735
15 38
15 736
15 737
15 45
15 48
15 738
15 739
15 740
15 741
15 60
15 62
15 64
15 742
15 75
15 743
15 86
15 87
15 92
15 744
15 745
15 106
15 720
15 109
15 746
15 119
15 747
15 748
15 122
15 749
15 136
15 750
15 751
15 752
15 753
15 754
15 755
15 756
15 757
15 758
15 169
15 171
15 759
15 760
15 761
15 762
15 193
15 196
15 763
15 764
15 765
15 766
15 767
15 768
15 769
15 264
15 770
15 771
15 772
15 773
15 774
15 775
15 265
15 776
15 268
15 777
15 778
15 779
15 780
15 781
15 782
15 312
15 314
15 315
15 783
15 784
15 785
15 786
15 787
15 788
15 789
15 341
15 790
15 791
15 792
15 793
15 794
15 795
15 364
15 796
15 797
15 798
15 799
15 800
15 387
15 389
15 801
15 802
15 803
15 804
15 805
15 806
15 807
15 808
15 809
15 810
15 811
15 812
15 813
15 814
15 815
15 816
15 817
15 818
15 434
15 435
15 819
15 820
15 821
15 822
15 823
15 824
15 825
15 826
15 827
15 828
15 829
15 830
15 831
15 832
15 833
15 834
15 835
15 836
15 837
15 838
15 839
15 840
15 841
15 842
15 843
15 844
15 845
15 846
15 847
15 848
15 849
15 850
15 851
15 852
15 853
15 854
15 855
15 515
15 856
15 857
15 858
15 859
15 860
15 861
15 862
15 863
15 864
15 865
15 866
15 867
15 868
15 869
15 870
15 871
15 872
15 873
15 874
15 875
15 876
15 877
15 878
15 879
15 880
15 881
15 882
15 883
884 205
885 599
886 25
886 87
694 677
694 587
694 679
695 25
695 887
695 737
695 888
695 889
695 569
695 587
890 891
890 196
17 30
17 892
17 893
17 894
17 895
17 896
17 897
17 898
17 899
17 900
17 901
17 902
18 903
18 904
19 905
19 906
907 194
908 653
20 909
20 733
20 25
20 26
20 910
20 911
20 28
20 30
20 912
20 38
20 913
20 42
20 699
20 914
20 915
20 916
20 917
20 918
20 919
20 905
20 56
20 920
20 60
20 921
20 922
20 62
20 64
20 923
20 924
20 925
20 71
20 75
20 80
20 86
20 87
20 926
20 927
20 928
20 929
20 930
20 105
20 106
20 931
20 932
20 933
20 934
20 116
20 935
20 633
20 936
20 937
20 129
20 938
20 136
20 138
20 939
20 940
20 941
20 141
20 942
20 943
20 944
20 945
20 946
20 947
20 948
20 949
20 153
20 950
20 951
20 162
20 164
20 952
20 603
20 953
20 169
20 170
20 954
20 955
20 956
20 957
20 183
20 958
20 959
20 960
20 961
20 589
20 962
20 963
20 964
20 965
20 966
20 967
20 194
20 196
20 968
20 197
20 969
20 970
20 971
20 200
20 972
20 208
20 209
20 213
20 973
20 230
20 231
20 974
20 975
20 976
20 977
20 978
20 247
20 248
20 979
20 980
20 981
20 982
20 254
20 255
20 256
20 257
20 262
20 265
20 983
20 984
20 985
20 986
20 987
20 988
20 989
20 990
20 991
20 992
20 567
20 993
20 994
20 995
20 996
20 301
20 997
20 998
20 999
20 1000
20 1001
20 1002
20 311
20 312
20 313
20 314
20 315
20 1003
20 1004
20 1005
20 1006
20 1007
20 1008
20 1009
20 328
20 329
20 330
20 331
20 1010
20 1011
20 1012
20 1013
20 645
20 1014
20 1015
20 1016
20 344
20 569
20 596
20 1017
20 347
20 1018
20 348
20 1019
20 1020
20 1021
20 1022
20 1023
20 1024
20 1025
20 1026
20 1027
20 1028
20 1029
20 364
20 365
20 366
20 1030
20 1031
20 1032
20 1033
20 1034
20 1035
20 1036
20 1037
20 1038
20 1039
20 1040
20 1041
20 1042
20 1043
20 1044
20 1045
20 1046
20 1047
20 1048
20 386
20 387
20 388
20 389
20 1049
20 1050
20 392
20 393
20 1051
20 1052
20 1053
20 1054
20 394
20 1055
20 1056
20 1057
20 1058
20 1059
20 1060
20 1061
20 1062
20 1063
20 403
20 1064
20 1065
20 1066
20 1067
20 1068
20 1069
20 1070
20 1071
20 410
20 1072
20 1073
20 1074
20 1075
20 1076
20 1077
20 413
20 414
20 415
20 416
20 417
20 418
20 419
20 420
20 421
20 422
20 423
20 1078
20 425
20 1079
20 1080
20 1081
20 1082
20 1083
20 1084
20 1085
20 1086
20 432
20 434
20 435
20 1087
20 1088
20 1089
20 1090
20 1091
20 1092
20 1093
20 1094
20 1095
20 1096
20 1097
20 1098
20 1099
20 1100
20 1101
20 1102
20 1103
20 1104
20 1105
20 1106
20 1107
20 823
20 1108
20 1109
20 1110
20 1111
20 1112
20 1113
20 1114
20 1115
20 1116
20 1117
20 1118
20 1119
20 1120
20 1121
20 1122
20 1123
20 1124
20 647
20 1125
20 1126
20 1127
20 1128
20 1129
20 1130
20 1131
20 1132
20 1133
20 1134
20 1135
20 1136
20 1137
20 1138
20 1139
20 457
20 1140
20 1141
20 1142
20 1143
20 1144
20 1145
20 1146
20 1147
20 1148
20 1149
20 1150
20 1151
20 1152
20 1153
20 1154
20 1155
20 1156
20 463
20 1157
20 1158
20 1159
20 1160
20 1161
20 1162
20 1163
20 1164
20 468
20 469
20 471
20 1165
20 1166
20 1167
20 1168
20 1169
20 1170
20 1171
20 1172
20 1173
20 1174
20 1175
20 1176
20 1177
20 1178
20 1179
20 1180
20 1181
20 1182
20 1183
20 1184
20 1185
20 1186
20 1187
20 1188
20 1189
20 1190
20 1191
20 1192
20 1193
20 1194
20 1195
20 1196
20 1197
20 1198
20 1199
20 1200
20 1201
20 1202
20 1203
20 1204
20 1205
20 1206
20 1207
20 1208
20 1209
20 1210
20 1211
20 1212
20 1213
20 1214
20 1215
20 1216
20 1217
20 1218
20 1219
20 1220
20 1221
20 1222
20 1223
20 1224
20 1225
20 1226
20 1227
20 1228
20 1229
20 1230
20 1231
20 1232
20 1233
20 1234
20 1235
20 1236
20 1237
20 1238
20 498
20 1239
20 1240
20 1241
20 1242
20 1243
20 1244
20 1245
20 1246
20 1247
20 1248
20 1249
20 1250
20 1251
20 1252
20 1253
20 1254
20 1255
20 1256
20 855
20 1257
20 1258
20 1259
20 1260
20 512
20 1261
20 1262
20 1263
20 1264
20 1265
20 1266
20 1267
20 1268
20 1269
20 1270
20 1271
20 1272
20 1273
20 1274
20 1275
20 1276
20 1277
20 1278
20 1279
20 1280
20 1281
20 1282
20 1283
20 1284
20 1285
20 1286
20 1287
20 1288
20 1289
20 1290
20 1291
20 1292
20 1293
20 1294
20 1295
20 1296
20 1297
20 1298
20 1299
20 1300
20 1301
20 1302
20 1303
20 1304
20 1305
20 1306
20 1307
20 1308
20 1309
20 1310
20 1311
20 1312
20 1313
20 1314
20 1315
20 1316
20 1317
20 1318
20 1319
20 1320
20 1321
20 540
20 1322
20 1323
20 1324
20 1325
20 1326
20 1327
20 1328
20 1329
20 1330
20 1331
20 1332
20 1333
20 1334
20 1335
20 1336
20 1337
20 1338
20 1339
20 1340
20 1341
20 548
20 1342
20 1343
20 1344
20 874
20 1345
20 1346
20 1347
20 1348
20 1349
20 1350
20 1351
20 1352
20 1353
20 1354
20 1355
20 1356
20 1357
20 1358
20 1359
20 1360
20 1361
20 1362
20 1363
20 1364
20 1365
20 1366
20 1367
20 1368
20 1369
20 1370
20 1371
20 1372
20 1373
20 1374
20 1375
20 1376
20 1377
20 1378
1379 102
1379 1380
1379 587
1381 653
1382 1383
1382 1384
1382 1385
1386 1387
1386 975
1386 587
21 62
21 64
21 1388
21 1389
21 119
21 1390
21 1391
21 1392
21 1393
21 1394
21 170
21 1395
21 1396
1397 1398
1399 64
909 1400
909 25
909 1401
909 60
909 1402
909 64
909 82
909 87
909 105
909 141
909 169
909 170
909 587
909 1403
909 1307
909 1329
1400 38
1404 1405
1406 38
1407 205
1408 653
1409 205
1410 1411
1412 64
1413 164
1414 26
1414 1415
1416 1417
1416 169
1416 1418
1416 1419
1416 1420
1421 653
1422 64
1422 1423
1422 1424
1422 169
1422 1425
1422 1426
1422 1427
1422 1428
1422 1429
1422 1430
1422 1431
23 1432
23 1433
23 1434
733 1435
733 680
733 1436
733 1437
733 1438
733 1439
733 1440
733 45
733 1441
733 1442
733 1443
733 1444
733 1445
733 1446
733 1447
733 1448
733 52
733 1383
733 1449
733 1450
733 1451
733 1452
733 71
733 1453
733 1454
733 1455
733 1456
733 1457
733 1458
733 1459
733 87
733 1460
733 1461
733 1462
733 1463
733 136
733 1464
733 1465
733 170
733 1466
733 1467
733 1468
733 1469
733 1470
733 1471
733 1472
733 1473
733 265
733 1474
733 1031
733 1475
733 1476
733 1477
733 1478
733 1479
733 1480
733 1481
733 1482
733 1483
733 1484
733 1485
733 1486
733 1487
733 1488
733 1489
733 1490
733 1491
733 1492
733 1493
733 1494
733 1495
733 1496
733 1497
1498 1499
1498 1500
1498 1501
1502 25
1503 25
25 26
25 1504
25 27
25 910
25 1505
25 28
25 583
25 1506
25 29
25 30
25 573
25 1507
25 675
25 38
25 737
25 44
25 46
25 1508
25 700
25 51
25 1509
25 54
25 1510
25 56
25 57
25 1384
25 1511
25 60
25 62
25 64
25 1512
25 71
25 74
25 75
25 1513
25 79
25 1514
25 1515
25 1516
25 1517
25 82
25 86
25 87
25 926
25 602
25 98
25 104
25 105
25 1518
25 106
25 1519
25 109
25 114
25 118
25 119
25 121
25 123
25 1520
25 129
25 135
25 136
25 629
25 1521
25 141
25 1522
25 1523
25 149
25 151
25 152
25 156
25 1524
25 162
25 758
25 167
25 1525
25 1526
25 603
25 169
25 170
25 1418
25 178
25 1527
25 1528
25 186
25 762
25 196
25 1387
25 205
25 1529
25 1530
25 227
25 239
25 1531
25 245
25 693
25 268
25 1532
25 1533
25 1534
25 305
25 322
25 327
25 569
25 596
25 587
25 1535
25 1536
25 379
25 403
25 1537
1538 653
1538 164
26 30
26 38
26 1539
26 737
26 1540
26 700
26 1541
26 60
26 62
26 64
26 75
26 86
26 87
26 106
26 119
26 1542
26 758
26 603
26 169
26 170
26 1418
26 196
26 228
26 265
26 1543
26 587
26 1415
1544 205
1545 569
1546 64
1546 575
592 1547
592 1548
592 1549
592 205
1550 205
734 169
734 1418
734 1419
734 1551
1504 1552
27 62
27 119
27 692
27 693
27 587
1553 653
688 653
1554 653
1555 1556
1557 653
1558 653
1559 1398
1560 1398
1556 49
1561 49
1562 653
1563 49
910 1507
910 1441
910 62
910 119
910 265
910 692
910 305
910 587
1435 1564
1435 1565
1435 71
1435 119
1435 1566
1435 1567
1435 1568
1435 170
1435 1569
1435 1570
1435 1571
1435 1572
1435 1573
1435 1574
1435 1575
1435 1576
1435 265
1435 1577
1435 1474
1435 1578
1435 1579
1435 1580
1435 1581
1435 1582
1435 1583
1435 1584
1435 1585
1435 1586
1435 1587
1435 1588
1435 1589
1435 1590
1435 1591
1435 1592
1435 1593
1435 1594
1435 1595
1435 1596
1435 1597
1598 205
1598 1599
1600 1601
1600 1602
1603 121
1405 911
1405 1604
1405 1605
1405 1606
1405 169
1405 1418
1405 1607
1405 1608
1405 1609
1405 1610
1405 1611
1564 71
1612 87
1612 129
1612 205
1613 30
1613 567
1614 73
1614 1615
1614 1466
1614 1616
1614 265
1614 692
1614 693
1617 75
1618 1601
1505 653
1505 1398
1505 38
1505 1619
1505 737
1505 49
1505 64
1505 87
1505 105
1505 1620
1505 758
1505 603
1505 170
1621 653
911 30
911 1622
911 1623
911 1624
911 38
911 1625
911 62
911 86
911 87
911 1626
911 119
911 1627
911 1628
911 169
911 170
911 1418
911 177
911 1629
911 1630
911 1631
911 1632
911 1633
911 1634
911 262
911 1635
911 1636
911 1637
911 1638
911 1639
911 1640
911 1641
911 1642
911 801
911 1643
911 1644
911 1645
911 1646
911 1647
911 1648
911 1649
911 1650
911 1651
911 1652
911 1653
911 1654
911 1655
911 1656
911 1657
911 1658
911 1659
911 1660
911 1661
911 1662
1663 1664
1665 205
28 38
28 56
28 62
28 726
28 71
28 86
28 87
28 119
28 130
28 1666
28 170
28 265
28 305
28 1667
28 1668
28 1140
28 1669
1670 891
1671 1624
1671 1418
1671 1672
1673 1398
1674 653
1674 1675
1676 1398
1677 653
1677 1398
1678 1398
1679 30
1679 609
1680 49
1681 1682
583 38
583 737
583 87
583 109
583 1542
583 170
583 196
583 205
583 587
1683 1684
1683 1685
1686 1687
1686 1446
1499 1688
1499 1689
1499 71
1499 1566
1499 170
1499 760
1499 1690
1499 265
1499 692
1499 693
1499 1691
1499 1692
1693 124
1506 62
1506 71
1506 86
1506 119
1506 130
1506 170
1506 228
1506 305
1506 587
1506 1694
1695 1629
1696 30
1696 1697
1696 1698
1696 1699
1696 1700
1696 1701
1696 1702
1696 1703
1696 1704
1696 1705
1696 1706
1696 1707
1696 1708
1696 1552
1696 1709
1696 1710
1696 1711
29 119
29 587
1712 196
30 680
30 731
30 1713
30 1714
30 31
30 32
30 1715
30 1716
30 1717
30 1718
30 1719
30 638
30 1720
30 38
30 1721
30 1722
30 1723
30 891
30 1724
30 42
30 1725
30 1726
30 1727
30 1728
30 43
30 1729
30 1730
30 737
30 1731
30 44
30 45
30 914
30 1732
30 659
30 1733
30 1734
30 1735
30 46
30 48
30 1736
30 1737
30 1738
30 1739
30 1740
30 1741
30 1742
30 51
30 1743
30 1744
30 918
30 919
30 1401
30 1745
30 1746
30 1747
30 1748
30 1749
30 54
30 905
30 1750
30 1751
30 56
30 57
30 58
30 728
30 1752
30 1753
30 1500
30 60
30 1754
30 1755
30 1756
30 1757
30 1758
30 62
30 1759
30 63
30 1760
30 1761
30 1762
30 64
30 923
30 1763
30 65
30 66
30 924
30 925
30 1764
30 1765
30 67
30 71
30 1455
30 75
30 76
30 1766
30 1767
30 79
30 1768
30 82
30 1769
30 83
30 1770
30 84
30 86
30 1771
30 1772
30 87
30 926
30 1773
30 1774
30 88
30 1775
30 1776
30 1777
30 1778
30 1779
30 1780
30 927
30 702
30 1781
30 1782
30 1783
30 1784
30 1785
30 1786
30 92
30 1787
30 95
30 1788
30 97
30 1789
30 1790
30 1791
30 1792
30 98
30 1793
30 1794
30 1795
30 1796
30 1797
30 1798
30 1799
30 1800
30 100
30 1801
30 1802
30 103
30 104
30 1803
30 1804
30 744
30 105
30 1805
30 106
30 107
30 1806
30 1807
30 1808
30 1809
30 1519
30 1810
30 1811
30 1812
30 109
30 1813
30 1814
30 1432
30 1815
30 1816
30 111
30 1817
30 112
30 1818
30 1819
30 113
30 1820
30 1821
30 114
30 115
30 1822
30 1823
30 1824
30 1825
30 1826
30 1827
30 1828
30 1829
30 1830
30 1831
30 1832
30 1833
30 1834
30 1835
30 119
30 120
30 1836
30 1837
30 1838
30 747
30 748
30 123
30 1839
30 1840
30 1841
30 1842
30 1843
30 1844
30 1845
30 633
30 124
30 1846
30 125
30 1847
30 936
30 1848
30 1849
30 1850
30 1851
30 1852
30 1853
30 937
30 1854
30 1855
30 1856
30 126
30 1857
30 1858
30 1859
30 1860
30 1861
30 1520
30 1862
30 1863
30 1864
30 1865
30 1866
30 1867
30 1868
30 129
30 1869
30 1870
30 938
30 1871
30 577
30 1872
30 130
30 1873
30 1874
30 131
30 132
30 1875
30 1876
30 1877
30 136
30 1878
30 1879
30 137
30 1880
30 629
30 138
30 1881
30 1882
30 1883
30 1884
30 1885
30 1886
30 1887
30 942
30 1888
30 1889
30 1890
30 142
30 144
30 1891
30 1892
30 1893
30 1894
30 1895
30 1896
30 1897
30 1898
30 1899
30 146
30 1900
30 1901
30 1902
30 1903
30 1904
30 1905
30 1906
30 1907
30 1542
30 1908
30 1909
30 1910
30 1522
30 944
30 1911
30 1666
30 1912
30 1913
30 149
30 1914
30 150
30 946
30 1915
30 151
30 1916
30 947
30 1627
30 753
30 948
30 949
30 153
30 950
30 1917
30 1918
30 1919
30 1920
30 1921
30 154
30 1922
30 1923
30 155
30 1924
30 1925
30 1926
30 1524
30 755
30 1927
30 158
30 159
30 1928
30 1929
30 951
30 1930
30 1931
30 1932
30 1933
30 1934
30 1935
30 1628
30 1936
30 757
30 1937
30 1938
30 1939
30 1940
30 1941
30 1942
30 1943
30 1944
30 1945
30 1946
30 1947
30 1948
30 1949
30 1950
30 1951
30 1952
30 1953
30 166
30 758
30 1954
30 167
30 1955
30 1956
30 1957
30 1958
30 1959
30 1960
30 168
30 1961
30 896
30 1962
30 1963
30 169
30 1964
30 1965
30 170
30 1966
30 171
30 1967
30 172
30 1968
30 1969
30 1970
30 1971
30 1972
30 1973
30 1974
30 1975
30 1425
30 174
30 1976
30 1977
30 955
30 1978
30 1979
30 1980
30 1981
30 1982
30 1983
30 1419
30 176
30 1984
30 1985
30 1986
30 177
30 179
30 1987
30 181
30 1988
30 1989
30 182
30 956
30 1990
30 1991
30 1992
30 183
30 1993
30 1994
30 1995
30 1996
30 958
30 184
30 1997
30 1528
30 1998
30 186
30 1999
30 2000
30 187
30 959
30 960
30 2001
30 189
30 2002
30 2003
30 962
30 2004
30 2005
30 963
30 190
30 965
30 2006
30 2007
30 2008
30 191
30 2009
30 966
30 193
30 2010
30 196
30 968
30 2011
30 2012
30 2013
30 2014
30 2015
30 2016
30 2017
30 2018
30 970
30 2019
30 2020
30 971
30 2021
30 2022
30 2023
30 2024
30 2025
30 2026
30 2027
30 2028
30 2029
30 200
30 2030
30 2031
30 2032
30 202
30 204
30 2033
30 2034
30 2035
30 207
30 2036
30 1529
30 210
30 2037
30 2038
30 2039
30 2040
30 2041
30 2042
30 2043
30 2044
30 212
30 2045
30 213
30 214
30 215
30 2046
30 2047
30 216
30 2048
30 2049
30 2050
30 217
30 2051
30 2052
30 2053
30 2054
30 219
30 2055
30 2056
30 2057
30 2058
30 2059
30 2060
30 2061
30 2062
30 2063
30 2064
30 223
30 2065
30 2066
30 2067
30 2068
30 225
30 2069
30 2070
30 973
30 2071
30 903
30 2072
30 2073
30 2074
30 2075
30 2076
30 2077
30 2078
30 2079
30 765
30 2080
30 231
30 2081
30 2082
30 2083
30 2084
30 2085
30 2086
30 1632
30 766
30 2087
30 1633
30 2088
30 232
30 2089
30 2090
30 2091
30 2092
30 2093
30 975
30 2094
30 2095
30 2096
30 234
30 235
30 2097
30 2098
30 2099
30 2100
30 2101
30 2102
30 2103
30 2104
30 2105
30 2106
30 2107
30 2108
30 2109
30 239
30 240
30 2110
30 2111
30 2112
30 2113
30 1531
30 2114
30 2115
30 244
30 245
30 2116
30 246
30 2117
30 2118
30 2119
30 2120
30 980
30 2121
30 2122
30 1675
30 2123
30 2124
30 250
30 2125
30 2126
30 2127
30 2128
30 2129
30 251
30 2130
30 2131
30 252
30 2132
30 258
30 2133
30 2134
30 2135
30 2136
30 2137
30 2138
30 2139
30 2140
30 2141
30 260
30 2142
30 2143
30 2144
30 2145
30 2146
30 2147
30 2148
30 2149
30 2150
30 2151
30 2152
30 1472
30 2153
30 2154
30 2155
30 2156
30 2157
30 2158
30 2159
30 2160
30 2161
30 265
30 266
30 267
30 693
30 2162
30 2163
30 2164
30 2165
30 2166
30 2167
30 2168
30 2169
30 2170
30 2171
30 2172
30 2173
30 2174
30 983
30 2175
30 2176
30 2177
30 2178
30 2179
30 2180
30 2181
30 2182
30 2183
30 2184
30 2185
30 2186
30 2187
30 2188
30 2189
30 2190
30 2191
30 2192
30 2193
30 2194
30 272
30 2195
30 2196
30 2197
30 2198
30 2199
30 2200
30 2201
30 2202
30 2203
30 2204
30 2205
30 2206
30 2207
30 2208
30 2209
30 278
30 2210
30 2211
30 2212
30 2213
30 986
30 2214
30 778
30 2215
30 2216
30 2217
30 2218
30 987
30 281
30 2219
30 2220
30 2221
30 2222
30 2223
30 2224
30 2225
30 2226
30 2227
30 2228
30 2229
30 621
30 2230
30 2231
30 2232
30 284
30 2233
30 2234
30 285
30 286
30 2235
30 2236
30 2237
30 2238
30 992
30 2239
30 2240
30 2241
30 2242
30 290
30 2243
30 2244
30 2245
30 2246
30 2247
30 2248
30 2249
30 2250
30 2251
30 2252
30 293
30 294
30 2253
30 993
30 2254
30 2255
30 2256
30 2257
30 2258
30 2259
30 296
30 2260
30 2261
30 2262
30 2263
30 2264
30 2265
30 2266
30 2267
30 2268
30 996
30 2269
30 2270
30 2271
30 2272
30 2273
30 2274
30 2275
30 2276
30 2277
30 999
30 2278
30 2279
30 2280
30 2281
30 306
30 2282
30 2283
30 2284
30 307
30 1000
30 1001
30 2285
30 2286
30 308
30 2287
30 2288
30 2289
30 2290
30 2291
30 2292
30 898
30 2293
30 2294
30 2295
30 2296
30 1002
30 2297
30 2298
30 2299
30 2300
30 2301
30 2302
30 311
30 2303
30 2304
30 312
30 313
30 314
30 315
30 2305
30 1003
30 2306
30 2307
30 316
30 2308
30 2309
30 317
30 784
30 2310
30 2311
30 2312
30 2313
30 318
30 2314
30 2315
30 2316
30 2317
30 1005
30 2318
30 2319
30 2320
30 2321
30 2322
30 2323
30 2324
30 2325
30 2326
30 2327
30 2328
30 2329
30 2330
30 2331
30 2332
30 2333
30 2334
30 1007
30 2335
30 2336
30 1638
30 325
30 2337
30 2338
30 2339
30 2340
30 1009
30 326
30 2341
30 2342
30 2343
30 2344
30 2345
30 2346
30 2347
30 2348
30 2349
30 2350
30 2351
30 2352
30 2353
30 2354
30 2355
30 2356
30 2357
30 2358
30 2359
30 2360
30 2361
30 2362
30 2363
30 2364
30 2365
30 2366
30 2367
30 2368
30 2369
30 2370
30 2371
30 333
30 2372
30 2373
30 2374
30 2375
30 1013
30 2376
30 2377
30 2378
30 2379
30 2380
30 2381
30 1014
30 2382
30 2383
30 336
30 2384
30 2385
30 2386
30 2387
30 2388
30 787
30 2389
30 2390
30 339
30 2391
30 2392
30 2393
30 2394
30 2395
30 2396
30 2397
30 788
30 2398
30 2399
30 2400
30 2401
30 2402
30 2403
30 2404
30 341
30 2405
30 2406
30 2407
30 342
30 2408
30 2409
30 2410
30 345
30 2411
30 2412
30 2413
30 346
30 2414
30 2415
30 2416
30 2417
30 2418
30 2419
30 2420
30 1017
30 2421
30 2422
30 2423
30 790
30 1018
30 2424
30 2425
30 791
30 2426
30 2427
30 350
30 2428
30 2429
30 2430
30 2431
30 2432
30 2433
30 1020
30 2434
30 2435
30 2436
30 353
30 2437
30 2438
30 2439
30 566
30 2440
30 2441
30 2442
30 2443
30 2444
30 1022
30 2445
30 2446
30 2447
30 2448
30 2449
30 2450
30 2451
30 2452
30 2453
30 2454
30 2455
30 2456
30 2457
30 2458
30 2459
30 2460
30 2461
30 2462
30 2463
30 2464
30 2465
30 357
30 1024
30 2466
30 2467
30 2468
30 2469
30 2470
30 2471
30 2472
30 2473
30 359
30 2474
30 2475
30 2476
30 2477
30 2478
30 360
30 711
30 2479
30 2480
30 2481
30 2482
30 2483
30 2484
30 2485
30 2486
30 1026
30 2487
30 2488
30 2489
30 2490
30 2491
30 2492
30 2493
30 2494
30 2495
30 2496
30 2497
30 2498
30 2499
30 2500
30 2501
30 2502
30 2503
30 795
30 2504
30 2505
30 2506
30 2507
30 362
30 2508
30 2509
30 2510
30 2511
30 2512
30 364
30 365
30 366
30 2513
30 367
30 2514
30 2515
30 2516
30 2517
30 1032
30 2518
30 2519
30 2520
30 2521
30 2522
30 2523
30 2524
30 2525
30 2526
30 1536
30 2527
30 371
30 2528
30 2529
30 2530
30 2531
30 2532
30 797
30 2533
30 2534
30 2535
30 2536
30 2537
30 2538
30 2539
30 2540
30 2541
30 2542
30 798
30 2543
30 2544
30 2545
30 2546
30 2547
30 2548
30 2549
30 2550
30 2551
30 2552
30 2553
30 2554
30 2555
30 2556
30 2557
30 2558
30 380
30 2559
30 2560
30 2561
30 2562
30 1043
30 2563
30 381
30 382
30 2564
30 2565
30 2566
30 2567
30 384
30 1046
30 2568
30 2569
30 2570
30 2571
30 2572
30 2573
30 2574
30 2575
30 2576
30 2577
30 800
30 2578
30 2579
30 2580
30 2581
30 2582
30 1048
30 2583
30 2584
30 386
30 387
30 388
30 389
30 2585
30 801
30 2586
30 2587
30 2588
30 2589
30 2590
30 2591
30 2592
30 2593
30 2594
30 2595
30 2596
30 802
30 2597
30 2598
30 2599
30 2600
30 2601
30 2602
30 2603
30 2604
30 2605
30 2606
30 2607
30 2608
30 1482
30 2609
30 2610
30 2611
30 2612
30 2613
30 2614
30 2615
30 2616
30 2617
30 2618
30 2619
30 399
30 2620
30 2621
30 2622
30 2623
30 401
30 2624
30 2625
30 2626
30 2627
30 402
30 2628
30 1063
30 403
30 2629
30 405
30 2630
30 2631
30 2632
30 2633
30 2634
30 2635
30 2636
30 1067
30 406
30 2637
30 2638
30 2639
30 2640
30 408
30 2641
30 2642
30 2643
30 1071
30 2644
30 2645
30 2646
30 2647
30 2648
30 2649
30 2650
30 2651
30 2652
30 2653
30 2654
30 2655
30 2656
30 2657
30 2658
30 2659
30 2660
30 2661
30 2662
30 2663
30 2664
30 2665
30 2666
30 2667
30 1075
30 2668
30 2669
30 2670
30 2671
30 2672
30 2673
30 812
30 1076
30 2674
30 2675
30 2676
30 2677
30 2678
30 2679
30 2680
30 2681
30 2682
30 2683
30 2684
30 2685
30 2686
30 2687
30 2688
30 2689
30 814
30 2690
30 2691
30 2692
30 2693
30 412
30 815
30 2694
30 2695
30 2696
30 2697
30 2698
30 2699
30 2700
30 2701
30 2702
30 2703
30 2704
30 1079
30 2705
30 2706
30 2707
30 428
30 2708
30 2709
30 2710
30 1082
30 2711
30 2712
30 2713
30 2714
30 817
30 2715
30 2716
30 2717
30 430
30 2718
30 2719
30 1645
30 2720
30 431
30 2721
30 1086
30 432
30 433
30 434
30 435
30 2722
30 1087
30 2723
30 2724
30 2725
30 2726
30 2727
30 1088
30 439
30 2728
30 2729
30 2730
30 440
30 2731
30 2732
30 2733
30 442
30 443
30 2734
30 2735
30 1090
30 1091
30 2736
30 2737
30 1092
30 2738
30 821
30 2739
30 2740
30 2741
30 2742
30 2743
30 2744
30 2745
30 445
30 2746
30 1095
30 2747
30 2748
30 2749
30 446
30 2750
30 2751
30 2752
30 2753
30 2754
30 822
30 2755
30 2756
30 1097
30 2757
30 2758
30 1098
30 2759
30 2760
30 2761
30 2762
30 2763
30 2764
30 2765
30 2766
30 2767
30 2768
30 2769
30 2770
30 1102
30 2771
30 2772
30 1105
30 2773
30 2774
30 2775
30 1106
30 2776
30 2777
30 2778
30 823
30 2779
30 2780
30 2781
30 2782
30 2783
30 450
30 2784
30 2785
30 2786
30 2787
30 2788
30 2789
30 2790
30 2791
30 2792
30 2793
30 2794
30 2795
30 2796
30 1647
30 2797
30 2798
30 2799
30 1114
30 1117
30 2800
30 824
30 2801
30 2802
30 2803
30 2804
30 2805
30 2806
30 1120
30 2807
30 2808
30 453
30 2809
30 2810
30 825
30 2811
30 2812
30 2813
30 2814
30 2815
30 2816
30 1122
30 2817
30 2818
30 2819
30 2820
30 2821
30 2822
30 2823
30 2824
30 2825
30 2826
30 2827
30 2828
30 2829
30 2830
30 2831
30 2832
30 1127
30 2833
30 2834
30 2835
30 2836
30 2837
30 2838
30 2839
30 2840
30 2841
30 2842
30 2843
30 2844
30 2845
30 2846
30 2847
30 1137
30 2848
30 2849
30 2850
30 2851
30 1650
30 2852
30 2853
30 2854
30 2855
30 2856
30 2857
30 1537
30 2858
30 2859
30 828
30 2860
30 2861
30 2862
30 2863
30 2864
30 458
30 1651
30 2865
30 1145
30 2866
30 459
30 2867
30 1148
30 2868
30 2869
30 2870
30 2871
30 2872
30 2873
30 2874
30 830
30 2875
30 2876
30 2877
30 2878
30 831
30 2879
30 2880
30 463
30 2881
30 2882
30 2883
30 465
30 2884
30 2885
30 1653
30 2886
30 2887
30 2888
30 1160
30 2889
30 1161
30 2890
30 2891
30 2892
30 2893
30 2894
30 2895
30 2896
30 2897
30 2898
30 2899
30 468
30 469
30 470
30 471
30 2900
30 1166
30 2901
30 472
30 1168
30 2902
30 2903
30 2904
30 1169
30 1170
30 2905
30 2906
30 2907
30 2908
30 2909
30 2910
30 2911
30 1654
30 2912
30 2913
30 2914
30 2915
30 2916
30 2917
30 2918
30 1177
30 2919
30 2920
30 1178
30 2921
30 2922
30 2923
30 2924
30 2925
30 2926
30 2927
30 2928
30 1182
30 2929
30 1185
30 2930
30 2931
30 475
30 2932
30 1187
30 2933
30 2934
30 2935
30 2936
30 2937
30 2938
30 1191
30 476
30 2939
30 2940
30 2941
30 2942
30 2943
30 2944
30 2945
30 1194
30 2946
30 2947
30 2948
30 2949
30 2950
30 2951
30 2952
30 2953
30 1196
30 2954
30 2955
30 1197
30 2956
30 2957
30 2958
30 2959
30 2960
30 2961
30 2962
30 1199
30 2963
30 1201
30 2964
30 1202
30 2965
30 2966
30 2967
30 1205
30 2968
30 1206
30 2969
30 2970
30 2971
30 2972
30 2973
30 2974
30 478
30 2975
30 2976
30 2977
30 2978
30 2979
30 2980
30 2981
30 2982
30 2983
30 2984
30 2985
30 2986
30 2987
30 2988
30 2989
30 1208
30 1209
30 2990
30 2991
30 2992
30 1210
30 835
30 2993
30 480
30 2994
30 2995
30 2996
30 2997
30 2998
30 1212
30 2999
30 3000
30 3001
30 3002
30 3003
30 3004
30 3005
30 3006
30 3007
30 3008
30 3009
30 3010
30 3011
30 3012
30 3013
30 3014
30 3015
30 3016
30 3017
30 1420
30 3018
30 3019
30 3020
30 3021
30 3022
30 3023
30 3024
30 3025
30 3026
30 3027
30 3028
30 3029
30 3030
30 3031
30 3032
30 3033
30 3034
30 3035
30 3036
30 3037
30 3038
30 3039
30 3040
30 3041
30 3042
30 3043
30 3044
30 3045
30 486
30 3046
30 3047
30 3048
30 846
30 3049
30 3050
30 3051
30 3052
30 3053
30 3054
30 3055
30 3056
30 3057
30 3058
30 3059
30 3060
30 3061
30 3062
30 3063
30 3064
30 1223
30 3065
30 489
30 3066
30 3067
30 1229
30 3068
30 3069
30 3070
30 3071
30 3072
30 3073
30 3074
30 3075
30 3076
30 3077
30 3078
30 3079
30 3080
30 3081
30 3082
30 3083
30 3084
30 3085
30 3086
30 3087
30 3088
30 3089
30 3090
30 1233
30 3091
30 3092
30 3093
30 3094
30 3095
30 3096
30 494
30 3097
30 3098
30 3099
30 495
30 3100
30 3101
30 3102
30 3103
30 3104
30 3105
30 3106
30 3107
30 3108
30 3109
30 3110
30 497
30 3111
30 1238
30 3112
30 3113
30 500
30 1239
30 3114
30 501
30 3115
30 3116
30 3117
30 3118
30 3119
30 3120
30 3121
30 3122
30 3123
30 3124
30 3125
30 3126
30 3127
30 3128
30 1241
30 3129
30 504
30 3130
30 3131
30 3132
30 3133
30 3134
30 506
30 3135
30 3136
30 3137
30 1245
30 3138
30 3139
30 3140
30 1247
30 3141
30 3142
30 3143
30 3144
30 1249
30 3145
30 3146
30 3147
30 3148
30 3149
30 3150
30 852
30 3151
30 3152
30 3153
30 3154
30 3155
30 3156
30 3157
30 3158
30 3159
30 3160
30 511
30 3161
30 3162
30 3163
30 3164
30 3165
30 3166
30 3167
30 1252
30 3168
30 3169
30 3170
30 3171
30 3172
30 3173
30 3174
30 3175
30 3176
30 3177
30 3178
30 1255
30 3179
30 3180
30 3181
30 3182
30 3183
30 3184
30 3185
30 3186
30 855
30 3187
30 3188
30 3189
30 3190
30 3191
30 3192
30 3193
30 3194
30 3195
30 3196
30 1403
30 3197
30 3198
30 1260
30 3199
30 512
30 1261
30 3200
30 3201
30 3202
30 513
30 3203
30 514
30 3204
30 3205
30 3206
30 3207
30 3208
30 3209
30 3210
30 3211
30 3212
30 1263
30 3213
30 3214
30 3215
30 3216
30 3217
30 3218
30 3219
30 3220
30 1266
30 3221
30 3222
30 3223
30 3224
30 3225
30 1270
30 1271
30 3226
30 3227
30 3228
30 3229
30 3230
30 3231
30 3232
30 3233
30 3234
30 3235
30 3236
30 3237
30 516
30 3238
30 3239
30 3240
30 3241
30 3242
30 3243
30 3244
30 3245
30 3246
30 3247
30 3248
30 3249
30 3250
30 3251
30 3252
30 1278
30 3253
30 3254
30 3255
30 3256
30 3257
30 3258
30 3259
30 3260
30 518
30 859
30 3261
30 3262
30 3263
30 3264
30 3265
30 3266
30 3267
30 3268
30 3269
30 3270
30 3271
30 3272
30 3273
30 3274
30 3275
30 3276
30 3277
30 520
30 3278
30 3279
30 3280
30 3281
30 3282
30 1282
30 3283
30 3284
30 3285
30 3286
30 860
30 3287
30 3288
30 3289
30 3290
30 1286
30 523
30 524
30 3291
30 3292
30 3293
30 3294
30 3295
30 3296
30 3297
30 3298
30 3299
30 3300
30 1294
30 3301
30 3302
30 3303
30 3304
30 3305
30 3306
30 3307
30 3308
30 3309
30 3310
30 3311
30 3312
30 527
30 1296
30 3313
30 1297
30 3314
30 1298
30 3315
30 3316
30 1299
30 3317
30 3318
30 3319
30 1302
30 3320
30 3321
30 3322
30 3323
30 3324
30 3325
30 3326
30 3327
30 532
30 3328
30 3329
30 3330
30 3331
30 533
30 3332
30 3333
30 863
30 3334
30 3335
30 1309
30 3336
30 3337
30 3338
30 3339
30 3340
30 1311
30 3341
30 3342
30 3343
30 3344
30 3345
30 3346
30 3347
30 3348
30 3349
30 3350
30 3351
30 3352
30 3353
30 3354
30 3355
30 3356
30 3357
30 534
30 3358
30 3359
30 3360
30 3361
30 3362
30 3363
30 3364
30 1319
30 3365
30 3366
30 3367
30 3368
30 3369
30 3370
30 3371
30 3372
30 3373
30 3374
30 3375
30 3376
30 3377
30 1325
30 867
30 3378
30 3379
30 3380
30 541
30 868
30 3381
30 542
30 543
30 3382
30 3383
30 3384
30 3385
30 1332
30 3386
30 3387
30 1335
30 3388
30 3389
30 3390
30 3391
30 3392
30 3393
30 3394
30 3395
30 1339
30 3396
30 3397
30 3398
30 3399
30 3400
30 1660
30 3401
30 3402
30 3403
30 3404
30 3405
30 3406
30 3407
30 3408
30 3409
30 3410
30 549
30 3411
30 3412
30 873
30 3413
30 550
30 552
30 3414
30 3415
30 3416
30 3417
30 3418
30 3419
30 3420
30 3421
30 3422
30 3423
30 3424
30 3425
30 3426
30 1347
30 3427
30 3428
30 3429
30 3430
30 3431
30 1349
30 3432
30 3433
30 3434
30 3435
30 3436
30 3437
30 3438
30 3439
30 3440
30 3441
30 3442
30 3443
30 3444
30 875
30 3445
30 3446
30 3447
30 3448
30 3449
30 3450
30 3451
30 3452
30 557
30 3453
30 3454
30 1353
30 3455
30 3456
30 3457
30 3458
30 3459
30 3460
30 3461
30 3462
30 3463
30 3464
30 877
30 3465
30 3466
30 3467
30 1358
30 3468
30 558
30 3469
30 1361
30 3470
30 3471
30 3472
30 3473
30 1610
30 3474
30 3475
30 3476
30 3477
30 3478
30 3479
30 3480
30 3481
30 3482
30 3483
30 3484
30 3485
30 3486
30 3487
30 3488
30 3489
30 3490
30 3491
30 3492
30 3493
30 3494
30 3495
30 3496
30 3497
30 3498
30 3499
30 3500
30 3501
30 3502
30 3503
30 3504
30 3505
30 3506
30 3507
30 3508
30 3509
30 3510
30 3511
30 3512
30 3513
30 3514
30 3515
30 562
30 3516
30 1375
30 3517
30 3518
30 3519
30 3520
30 3521
30 3522
30 3523
30 3524
30 3525
30 3526
30 3527
30 3528
30 3529
30 3530
30 3531
30 3532
30 1378
30 3533
30 3534
680 1714
680 3535
680 1565
680 736
680 1722
680 1439
680 3536
680 3537
680 1727
680 45
680 3538
680 3539
680 49
680 3540
680 3541
680 52
680 3542
680 1500
680 3543
680 3544
680 3545
680 63
680 3546
680 3547
680 3548
680 3549
680 3550
680 71
680 631
680 1453
680 1454
680 72
680 1455
680 73
680 3551
680 74
680 1459
680 3552
680 3553
680 1773
680 1774
680 3554
680 1785
680 3555
680 1865
680 3556
680 3557
680 3558
680 3559
680 133
680 3560
680 3561
680 3562
680 3563
680 3564
680 1462
680 3565
680 3566
680 136
680 1602
680 3567
680 3568
680 634
680 3569
680 3570
680 3571
680 3572
680 3573
680 3574
680 3575
680 3576
680 3577
680 1967
680 177
680 3578
680 3579
680 3580
680 760
680 3581
680 3582
680 3583
680 3584
680 3585
680 3586
680 2000
680 187
680 3587
680 3588
680 1630
680 3589
680 3590
680 3591
680 262
680 3592
680 3593
680 3594
680 3595
680 3596
680 3597
680 2151
680 3598
680 3599
680 1470
680 3600
680 3601
680 3602
680 3603
680 3604
680 3605
680 3606
680 771
680 3607
680 3608
680 3609
680 3610
680 3611
680 3612
680 3613
680 3614
680 3615
680 3616
680 3617
680 3618
680 3619
680 3620
680 3621
680 3622
680 3623
680 3624
680 3625
680 3626
680 3627
680 3628
680 3629
680 3630
680 3631
680 3632
680 3633
680 3634
680 3635
680 3636
680 3637
680 3638
680 3639
680 3640
680 3641
680 3642
680 3643
680 3644
680 265
680 3645
680 3646
680 3647
680 3648
680 3649
680 3650
680 3651
680 3652
680 3653
680 3654
680 3655
680 3656
680 1474
680 3657
680 3658
680 3659
680 3660
680 3661
680 3662
680 3663
680 3664
680 3665
680 3666
680 3667
680 3668
680 3669
680 3670
680 3671
680 3672
680 3673
680 3674
680 3675
680 3676
680 3677
680 2595
680 1475
680 3678
680 3679
680 3680
680 3681
680 3682
680 3683
680 3684
680 3685
680 3686
680 1478
680 3687
680 3688
680 1481
680 3689
680 3690
680 3691
680 3692
680 3693
680 3694
680 3695
680 3696
680 3697
680 3698
680 3699
680 3700
680 3701
680 3702
680 3703
680 3704
680 3705
680 3706
680 3707
680 3708
680 3709
680 3710
680 3711
680 3712
680 3713
680 3714
680 3715
680 3716
680 3717
680 3718
680 3719
680 3720
680 3721
680 3722
680 3723
680 807
680 3724
680 3725
680 3726
680 3727
680 3728
680 3729
680 3730
680 3731
680 3732
680 3733
680 3734
680 3735
680 3736
680 3737
680 3738
680 3739
680 3740
680 3741
680 3742
680 3743
680 3744
680 3745
680 3746
680 3747
680 3748
680 3749
680 3750
680 3751
680 3752
680 3753
680 3754
680 3755
680 3756
680 3757
680 3758
680 3759
680 3760
680 3761
680 3762
680 3763
680 3764
680 3765
680 3766
680 3767
680 1495
680 3768
680 3769
680 3770
680 3771
680 3772
680 3773
680 3774
680 3775
680 3776
680 3777
680 3778
680 3779
680 3780
680 3781
680 3782
680 3783
680 3784
680 3785
680 3786
680 3787
680 3788
680 3789
680 3790
680 3791
680 3792
680 3793
680 3794
680 3795
680 3796
680 3797
680 3798
680 3799
680 3800
680 3801
680 3802
680 3803
680 3804
680 3805
680 3806
680 3807
680 3808
680 3809
680 3810
680 3811
680 3812
680 3813
680 3814
731 1714
731 1398
731 3815
731 42
731 1500
731 3816
731 3817
731 3818
731 1773
731 1774
731 3819
731 3820
731 3821
731 3822
731 3823
731 3824
731 721
731 3825
731 3826
731 3827
731 723
731 3828
731 3829
731 3830
731 3831
731 3832
731 3833
731 3834
731 3835
731 1963
731 2018
731 2030
731 3836
731 3837
731 3838
731 3839
731 3840
731 3841
731 3842
731 3843
731 3844
731 3845
731 3846
731 3847
731 3848
731 3849
731 3850
731 3851
731 3852
731 3853
731 3854
731 3855
731 3856
731 3857
731 3858
731 3859
731 3860
731 3861
731 3862
731 3863
731 3864
731 3865
731 3676
731 3866
731 3867
731 3868
731 3869
731 2173
731 3870
731 3871
731 3872
731 3873
731 3874
731 904
731 3875
731 3876
731 3877
731 3878
731 897
731 3879
731 3880
731 3881
731 3882
731 3883
731 3884
731 3885
731 3886
731 3887
731 3888
731 3889
731 3890
731 3891
731 3892
731 3893
731 3894
731 3895
731 3896
731 3897
731 3898
731 3899
731 3900
731 3901
731 3902
731 3903
731 3904
731 3905
731 3303
731 3346
731 3453
731 3813
1714 1717
1714 2871
912 196
31 75
31 86
31 313
31 387
32 36
32 38
32 700
32 905
32 57
32 73
32 1772
32 87
32 3906
32 97
32 3907
32 1389
32 105
32 3908
32 118
32 119
32 120
32 1847
32 3909
32 3910
32 3911
32 1542
32 1522
32 1628
32 603
32 1964
32 170
32 177
32 180
32 762
32 3912
32 604
32 3913
32 3914
32 219
32 229
32 2107
32 239
32 241
32 2166
32 3915
32 2252
32 993
32 3916
32 2400
32 2405
32 596
32 3917
32 354
32 360
32 3918
32 3919
32 379
32 382
32 3920
32 3921
32 3922
32 1645
32 3923
32 3924
32 3925
32 3926
3927 1436
3927 3553
3927 1466
653 3928
653 3929
653 3930
653 38
653 3931
653 3932
653 3933
653 3934
653 3935
653 3936
653 3937
653 3938
653 3939
653 3940
653 3941
653 3942
653 3943
653 3944
653 3945
653 3946
653 3947
653 3948
653 3949
653 3950
653 3951
653 3952
653 3953
653 3954
653 3955
653 3956
653 3957
653 3958
653 3959
653 3960
653 3961
653 3962
653 3963
653 3964
653 3965
653 3966
653 3967
653 3968
653 3969
653 3970
653 3971
653 913
653 3972
653 3973
653 1736
653 3974
653 49
653 3975
653 3976
653 3977
653 3978
653 87
653 3979
653 3980
653 3981
653 3982
653 3983
653 1903
653 3984
653 3985
653 3986
653 3987
653 3988
653 3989
653 3990
653 3991
653 1599
1398 3992
1398 3993
1398 3994
1398 3995
1398 3996
1398 3997
1398 3998
1398 3999
1398 4000
1398 4001
1398 4002
1398 4003
1398 4004
1398 4005
1398 4006
1398 4007
1398 4008
1398 4009
1398 1548
1398 4010
1398 196
3928 4011
3928 4012
3928 593
4013 64
4013 170
4014 1687
4014 4015
4016 75
4017 1602
4018 2000
4018 692
4018 693
4018 4019
4018 4020
4018 3772
4021 1619
4022 4023
4024 1509
4025 1509
4026 4027
4026 1509
4028 1509
573 1439
573 71
573 119
573 1461
573 3563
573 169
573 170
573 1466
573 265
573 692
573 587
1507 4027
1507 1509
1507 119
1436 1452
1436 4029
1436 1458
1436 4030
1436 1466
1436 4031
1436 4032
1436 4033
1436 4034
1436 4035
1436 4036
1436 4037
4038 75
1622 4039
1622 4040
1623 38
1623 1418
1605 4039
1715 1718
1716 4041
1717 4042
1718 4043
1718 4044
1718 4045
1718 4046
1718 4047
1718 1636
1718 4048
1718 4049
1718 1637
1718 4050
1718 4051
1718 4052
1718 4053
1718 4054
1718 4055
1718 4056
1718 4057
1718 4058
1718 4059
638 169
638 1418
4060 1625
735 739
4061 1420
4062 4063
4062 1720
4062 4064
4065 4066
4065 4049
4067 764
1720 38
1720 43
1720 4068
1720 105
1720 4069
1720 4070
1720 767
1720 4071
1720 4072
1720 4073
1720 4074
1720 4075
1720 4076
1720 4077
1720 4078
1720 4079
1624 4080
1624 4081
1624 4082
1624 1672
1624 4083
675 4084
675 4085
675 4086
675 4087
675 4088
675 4089
675 1500
675 71
675 1459
675 119
675 1461
675 1879
675 152
675 1466
675 205
675 227
675 1470
675 265
675 692
675 1474
675 305
675 587
4090 1687
4091 1687
4092 1687
4093 1687
4094 1687
4094 1446
4094 71
4094 170
4094 265
1438 4087
1438 71
1438 1455
1438 1459
1438 119
1438 3573
1438 4095
1438 3593
1438 3596
1438 1470
1438 4096
1438 4097
1438 265
1438 3657
1438 4098
1438 3737
1438 4099
1438 4100
4087 119
4087 1461
4087 170
4087 1466
4088 1439
4088 1455
4088 1459
4088 170
4088 1466
4088 4101
4088 412
4102 1387
4102 587
4103 1687
696 577
697 577
3535 692
3535 693
35 75
35 758
35 196
4104 4105
36 48
36 4106
36 905
36 4107
36 4108
36 4109
36 64
36 718
36 4110
36 3907
36 1806
36 118
36 119
36 4111
36 633
36 4112
36 3829
36 3830
36 4113
36 4114
36 4115
36 4116
36 4117
36 936
36 1850
36 4118
36 4119
36 141
36 142
36 603
36 170
36 177
36 762
36 4120
36 4121
36 226
36 903
36 4122
36 3839
36 4123
36 2072
36 4124
36 4125
36 4126
36 4127
36 4128
36 4129
36 4130
36 4131
36 4132
36 4133
36 4134
36 4135
36 4136
36 4137
36 4138
36 4139
36 4140
36 4141
36 4142
36 4143
36 4144
36 4145
36 2171
36 4146
36 4147
36 4148
36 4149
36 4150
36 4151
36 4152
36 4153
36 4154
36 4155
36 4156
36 4157
36 4158
36 4159
36 4160
36 4161
36 269
36 4162
36 3886
36 3894
36 4163
36 4164
36 4165
36 4166
36 4167
36 4168
36 4169
36 993
36 2400
36 498
36 3926
36 4170
36 4171
36 4172
36 4173
36 4174
36 4175
36 4176
610 64
610 587
4177 87
37 737
4178 3907
4178 4179
4178 4180
4178 4181
4178 4182
4178 4183
4178 4184
4178 4185
38 891
38 42
38 1730
38 737
38 44
38 45
38 914
38 659
38 1734
38 1735
38 580
38 4186
38 4187
38 4188
38 46
38 48
38 4189
38 4190
38 51
38 4191
38 1748
38 1749
38 54
38 905
38 4192
38 56
38 57
38 4193
38 60
38 922
38 1757
38 1758
38 62
38 63
38 1760
38 1761
38 4194
38 64
38 4195
38 4196
38 72
38 73
38 74
38 75
38 4197
38 1766
38 4198
38 4199
38 78
38 4200
38 4201
38 80
38 4202
38 4203
38 82
38 4204
38 1770
38 84
38 86
38 1771
38 4205
38 87
38 926
38 4206
38 4207
38 1778
38 4208
38 1779
38 4209
38 927
38 4210
38 4211
38 4212
38 929
38 97
38 4213
38 4214
38 4215
38 4216
38 1791
38 1793
38 4217
38 1797
38 1799
38 4218
38 100
38 4219
38 4220
38 101
38 4221
38 103
38 4222
38 1804
38 105
38 4223
38 1518
38 4224
38 106
38 4225
38 1806
38 1808
38 4226
38 4227
38 1810
38 4228
38 109
38 4229
38 1813
38 1815
38 1816
38 4230
38 112
38 4231
38 113
38 1821
38 114
38 115
38 1826
38 1831
38 1834
38 4232
38 119
38 120
38 121
38 122
38 123
38 1840
38 1841
38 4233
38 4234
38 633
38 1847
38 4235
38 4116
38 936
38 1853
38 1855
38 1858
38 1520
38 1863
38 4236
38 129
38 4237
38 4238
38 577
38 4239
38 130
38 4240
38 131
38 132
38 4241
38 1460
38 4242
38 136
38 137
38 629
38 4243
38 4244
38 138
38 4245
38 4246
38 4247
38 1393
38 4248
38 4249
38 4250
38 4251
38 941
38 141
38 1890
38 142
38 144
38 4252
38 4253
38 751
38 1899
38 146
38 4254
38 4255
38 1904
38 1905
38 148
38 1909
38 1910
38 944
38 1913
38 4256
38 149
38 4257
38 946
38 4258
38 4259
38 4260
38 151
38 4261
38 947
38 753
38 4262
38 1918
38 1919
38 1920
38 1921
38 154
38 4263
38 155
38 1924
38 4264
38 1927
38 1928
38 951
38 4265
38 1932
38 1934
38 162
38 1936
38 757
38 4266
38 1938
38 4267
38 4268
38 1941
38 1942
38 4269
38 1954
38 4270
38 1958
38 168
38 4271
38 4272
38 4273
38 169
38 1964
38 1965
38 170
38 4274
38 171
38 1971
38 1973
38 759
38 174
38 1977
38 1980
38 1981
38 1983
38 175
38 1986
38 177
38 4275
38 4276
38 1989
38 4277
38 4278
38 184
38 1997
38 760
38 4279
38 2001
38 961
38 4280
38 962
38 2004
38 4281
38 4282
38 2008
38 2009
38 4283
38 193
38 4284
38 196
38 4285
38 2013
38 2014
38 971
38 1387
38 4286
38 2023
38 2029
38 4287
38 4288
38 4289
38 4290
38 4291
38 205
38 4292
38 207
38 1529
38 4293
38 4294
38 4295
38 2041
38 4296
38 2042
38 4297
38 4298
38 4299
38 216
38 4300
38 4301
38 4302
38 4303
38 2053
38 4304
38 4305
38 4306
38 2062
38 4307
38 2064
38 4308
38 4309
38 4310
38 4311
38 2072
38 4312
38 4130
38 4313
38 2077
38 4314
38 2080
38 229
38 4315
38 2083
38 2088
38 4316
38 4317
38 4318
38 975
38 2096
38 234
38 2097
38 2099
38 4319
38 237
38 4320
38 2109
38 2110
38 4321
38 4322
38 4323
38 2114
38 4324
38 243
38 4325
38 246
38 2117
38 4326
38 249
38 2120
38 4327
38 4328
38 250
38 982
38 2125
38 2127
38 2130
38 4329
38 2132
38 4330
38 4331
38 4332
38 258
38 4333
38 4334
38 1429
38 4335
38 4336
38 4337
38 2150
38 265
38 266
38 4338
38 4339
38 2190
38 4340
38 2192
38 4341
38 270
38 271
38 4342
38 2200
38 274
38 4343
38 2202
38 276
38 2203
38 4344
38 2212
38 4345
38 4346
38 279
38 2214
38 4347
38 4348
38 4349
38 987
38 2220
38 666
38 4350
38 2223
38 4351
38 2229
38 4352
38 2231
38 284
38 4353
38 4354
38 286
38 2239
38 2240
38 4355
38 2245
38 2248
38 4356
38 2251
38 4357
38 4358
38 4359
38 4360
38 295
38 2255
38 2260
38 297
38 4361
38 995
38 2266
38 4362
38 2270
38 997
38 2273
38 998
38 4363
38 2274
38 2275
38 4364
38 4365
38 4366
38 4367
38 4368
38 306
38 2282
38 2284
38 4369
38 4370
38 4371
38 4372
38 2285
38 2286
38 308
38 2287
38 2288
38 2289
38 2290
38 2291
38 2292
38 4373
38 2296
38 4374
38 4375
38 2300
38 2301
38 4376
38 4377
38 4378
38 312
38 313
38 314
38 315
38 1003
38 2306
38 4379
38 316
38 2308
38 2309
38 4380
38 4381
38 4382
38 4383
38 4384
38 318
38 2319
38 2320
38 2322
38 4385
38 1006
38 4386
38 4387
38 2328
38 2329
38 4388
38 4389
38 2333
38 4390
38 4391
38 4392
38 4393
38 4394
38 1008
38 2339
38 4395
38 4396
38 4397
38 4398
38 2345
38 4399
38 4400
38 4401
38 2350
38 4402
38 4403
38 4404
38 4405
38 4406
38 2365
38 2366
38 4407
38 4408
38 4409
38 4410
38 2376
38 1014
38 4411
38 4412
38 1015
38 336
38 2384
38 4413
38 4414
38 4415
38 4416
38 4417
38 341
38 2405
38 4418
38 2407
38 342
38 2409
38 4419
38 2411
38 2412
38 2413
38 2414
38 4420
38 4421
38 4422
38 4423
38 4424
38 4425
38 1019
38 4426
38 4427
38 350
38 2428
38 4428
38 2430
38 2431
38 2432
38 4429
38 1020
38 4430
38 4431
38 900
38 2436
38 4432
38 4433
38 4434
38 2439
38 566
38 4435
38 2441
38 2442
38 4436
38 1021
38 2444
38 2445
38 4437
38 2446
38 4438
38 2448
38 2452
38 2456
38 4439
38 4440
38 1024
38 4441
38 4442
38 358
38 2468
38 2472
38 2476
38 2477
38 4443
38 2485
38 2486
38 4444
38 4445
38 2489
38 2492
38 2496
38 4446
38 4447
38 4448
38 4449
38 4450
38 4451
38 2508
38 4452
38 2512
38 364
38 365
38 366
38 2513
38 4453
38 2516
38 1032
38 4454
38 4455
38 2518
38 2519
38 2522
38 4456
38 4457
38 2530
38 4458
38 4459
38 4460
38 4461
38 2537
38 4462
38 4463
38 2543
38 4464
38 1037
38 4465
38 4466
38 2548
38 1038
38 4467
38 4468
38 1039
38 2555
38 4469
38 4470
38 4471
38 382
38 2564
38 2565
38 2567
38 4472
38 2568
38 4473
38 2569
38 4474
38 4475
38 4476
38 2577
38 4477
38 4478
38 4479
38 4480
38 4481
38 386
38 387
38 388
38 389
38 390
38 2587
38 2588
38 4482
38 2589
38 4483
38 1049
38 393
38 4484
38 4485
38 4486
38 396
38 4487
38 4488
38 4489
38 2606
38 4490
38 2610
38 2617
38 1059
38 4491
38 1060
38 4492
38 1061
38 4493
38 2620
38 2622
38 2626
38 402
38 1063
38 4494
38 4495
38 4496
38 4497
38 1064
38 4498
38 4499
38 2633
38 4500
38 4501
38 406
38 2638
38 4502
38 2643
38 4503
38 2645
38 2646
38 2648
38 2655
38 4504
38 4505
38 2660
38 4506
38 2665
38 4507
38 4508
38 2666
38 1075
38 2668
38 4509
38 2670
38 4510
38 4511
38 2677
38 4512
38 4513
38 2680
38 4514
38 2683
38 2690
38 2691
38 2696
38 1080
38 2708
38 4515
38 2709
38 4516
38 2714
38 4517
38 4518
38 4519
38 818
38 2717
38 430
38 4520
38 2719
38 4521
38 1645
38 4522
38 431
38 1086
38 432
38 433
38 434
38 435
38 2722
38 4523
38 4524
38 4525
38 2728
38 2730
38 2732
38 4526
38 2733
38 4527
38 4528
38 4529
38 4530
38 1090
38 4531
38 1092
38 2738
38 4532
38 2739
38 2741
38 2742
38 4533
38 1094
38 2745
38 1095
38 4534
38 4535
38 4536
38 1099
38 4537
38 2764
38 4538
38 4539
38 4540
38 4541
38 2770
38 4542
38 4543
38 4544
38 4545
38 1102
38 4546
38 4547
38 4548
38 823
38 4549
38 450
38 2785
38 2786
38 1109
38 4550
38 1111
38 4551
38 4552
38 4553
38 2797
38 1113
38 4554
38 4555
38 4556
38 2806
38 4557
38 4558
38 4559
38 4560
38 2814
38 4561
38 1124
38 2818
38 2819
38 4562
38 4563
38 2820
38 4564
38 4565
38 4566
38 4567
38 4568
38 2825
38 2829
38 2830
38 2831
38 2833
38 1128
38 2836
38 2837
38 4569
38 4570
38 2839
38 4571
38 2849
38 4572
38 4573
38 4574
38 2854
38 455
38 4575
38 4576
38 1139
38 828
38 2860
38 4577
38 4578
38 1144
38 2865
38 4579
38 459
38 4580
38 1146
38 4581
38 4582
38 4583
38 1151
38 4584
38 2873
38 4585
38 4586
38 4587
38 4588
38 1154
38 4589
38 4590
38 4591
38 4592
38 2878
38 4593
38 4594
38 4595
38 4596
38 463
38 1157
38 1158
38 1159
38 4597
38 465
38 2887
38 2888
38 4598
38 4599
38 4600
38 2894
38 1162
38 4601
38 1163
38 4602
38 4603
38 468
38 469
38 470
38 471
38 4604
38 2900
38 4605
38 4606
38 4607
38 1170
38 4608
38 2911
38 4609
38 4610
38 4611
38 474
38 1176
38 2920
38 4612
38 2925
38 4613
38 2933
38 4614
38 4615
38 4616
38 4617
38 4618
38 4619
38 4620
38 4621
38 2943
38 1194
38 4622
38 4623
38 4624
38 2948
38 4625
38 1199
38 834
38 1202
38 4626
38 4627
38 4628
38 4629
38 4630
38 2974
38 4631
38 2975
38 4632
38 4633
38 4634
38 4635
38 2981
38 2983
38 2985
38 4636
38 4637
38 4638
38 4639
38 4640
38 2995
38 2996
38 1211
38 2998
38 3000
38 4641
38 4642
38 4643
38 4644
38 3016
38 1420
38 1215
38 3022
38 4645
38 3027
38 3028
38 4646
38 3031
38 4647
38 482
38 4648
38 3037
38 4649
38 4650
38 4651
38 3045
38 4652
38 4653
38 4654
38 3054
38 4655
38 3057
38 3059
38 4656
38 1222
38 713
38 4657
38 4658
38 4659
38 3067
38 3070
38 492
38 1230
38 4660
38 3075
38 3076
38 3078
38 3079
38 4661
38 3081
38 4662
38 3083
38 4663
38 3093
38 3095
38 4664
38 4665
38 3106
38 3109
38 500
38 4666
38 4667
38 4668
38 3125
38 3126
38 4669
38 3129
38 4670
38 3135
38 3139
38 1247
38 4671
38 4672
38 1248
38 3144
38 4673
38 4674
38 3148
38 4675
38 4676
38 3152
38 3153
38 853
38 3162
38 4677
38 4678
38 4679
38 3176
38 4680
38 4681
38 1255
38 4682
38 4683
38 4684
38 1256
38 902
38 3190
38 4685
38 4686
38 3198
38 1259
38 4687
38 512
38 4688
38 3212
38 3214
38 3215
38 4689
38 3222
38 4690
38 4691
38 3232
38 1272
38 4692
38 4693
38 4694
38 4695
38 4696
38 4697
38 3261
38 4698
38 4699
38 3276
38 520
38 4700
38 3281
38 4701
38 4702
38 1283
38 3288
38 3290
38 525
38 4703
38 4704
38 4705
38 4706
38 3297
38 526
38 4707
38 3301
38 3304
38 3307
38 1295
38 4708
38 4709
38 3319
38 4710
38 531
38 4711
38 533
38 3332
38 4712
38 4713
38 4714
38 3339
38 4715
38 3349
38 3351
38 3352
38 4716
38 3354
38 4717
38 4718
38 865
38 3360
38 4719
38 535
38 3365
38 3369
38 4720
38 1320
38 3371
38 539
38 1324
38 4721
38 4722
38 4723
38 1327
38 4724
38 4725
38 4726
38 4727
38 3383
38 4728
38 4729
38 3385
38 4730
38 4731
38 1333
38 4732
38 4733
38 4734
38 4735
38 4736
38 3391
38 3394
38 3395
38 4737
38 3402
38 4738
38 3406
38 4739
38 546
38 3410
38 549
38 4740
38 4741
38 1343
38 551
38 4742
38 4743
38 4744
38 4745
38 4746
38 4747
38 4748
38 4749
38 4750
38 1348
38 3428
38 4751
38 3430
38 3431
38 4752
38 4753
38 4754
38 3442
38 4755
38 3443
38 1352
38 4756
38 4757
38 4758
38 4759
38 4760
38 4761
38 4762
38 4763
38 4764
38 4765
38 4766
38 3454
38 4767
38 4768
38 4769
38 3458
38 4770
38 1357
38 4771
38 4772
38 3465
38 4773
38 1364
38 3477
38 4774
38 4775
38 3478
38 3481
38 4776
38 3483
38 4777
38 881
38 4778
38 4779
38 4780
38 4781
38 4782
38 4783
38 3503
38 4784
38 4785
38 4786
38 1370
38 4787
38 3508
38 4788
38 4789
38 4790
38 4791
38 4792
38 4793
38 4794
38 4795
38 4796
38 4797
38 4798
38 3530
38 3532
4799 4800
4799 1470
4799 4801
4799 4802
4799 4803
4799 4804
4799 4805
4799 4806
4799 4807
4799 4808
4799 4809
4799 4810
4799 4811
4799 4812
4799 4813
4799 4814
4815 205
4816 4817
698 87
4818 87
4818 1615
4819 45
4819 46
4819 4820
4819 4821
4819 4822
4819 4823
4819 4824
4819 71
4819 4825
4819 4826
4819 4827
4819 1466
4819 4828
4819 4829
4819 265
4819 4830
4819 4831
4819 4832
4833 205
39 45
39 4834
39 70
39 71
39 119
39 4835
39 1467
39 4836
39 1999
39 4837
39 4838
39 1470
39 4839
39 4840
39 4841
39 4842
39 4843
39 4844
39 4845
39 265
39 4846
39 4847
39 776
39 4848
39 4849
39 3684
39 4850
39 4851
39 4852
39 4853
39 4854
39 3707
39 4855
39 4856
39 3731
39 4857
39 4858
39 4859
39 4860
39 4861
39 4862
39 4863
39 4864
39 4865
39 4866
39 4867
39 4868
39 4869
39 4870
39 4871
1565 1442
1565 71
1565 4872
1565 1568
1565 4873
1565 4874
1565 4875
1565 4876
1565 4877
1565 4878
1565 4879
1565 4880
1565 4881
1565 1573
1565 4882
1565 4883
1565 4884
1565 4885
1565 4886
1565 4887
1565 4888
1565 4889
1565 4890
1565 4891
1565 4892
1565 4893
1565 4894
1565 4895
1565 4896
1565 4897
1565 4898
1565 4899
1565 4900
1565 4901
1565 4902
1565 4903
1565 4904
1565 4905
1565 4906
1565 4907
1565 4908
1565 4909
1565 4910
1565 4911
1565 4912
1565 4913
1565 4914
1565 4915
1565 4916
1565 4917
1565 4918
1565 4919
1565 4920
1565 4921
1565 4922
1565 4923
1565 2610
1565 4924
1565 4925
1565 4926
1565 4927
1565 4928
1565 4929
1565 4930
1565 4931
1565 4932
1565 1584
1565 1585
1565 1586
1565 4933
1565 1588
1565 4934
1565 4935
1565 4936
1565 4937
1565 4938
1565 4939
1565 4940
1565 4941
1565 4942
1565 4943
1565 4944
1565 4945
1565 4946
1565 4947
1565 4948
1565 4949
1565 4950
1565 4951
1565 4952
1565 4953
1565 4954
1565 4955
1565 4956
1565 4957
1565 4958
4959 1439
4959 45
4959 1442
4959 1500
4959 4960
4959 71
4959 1455
4959 1459
4959 87
4959 119
4959 4961
4959 1566
4959 1461
4959 4962
4959 4963
4959 4872
4959 170
4959 1466
4959 4964
4959 4965
4959 4966
4959 1470
4959 4967
4959 4968
4959 4969
4959 4970
4959 4971
4959 4883
4959 4884
4959 4972
4959 4973
4959 265
4959 4896
4959 3665
4959 4974
4959 4975
4959 993
4959 4976
4959 4977
4959 4978
4959 4979
4959 1578
4959 4980
4959 4981
4959 4982
4959 4983
4959 4984
4959 4985
4959 4986
4959 4915
4959 4987
4959 4919
4959 4988
4959 4920
4959 4989
4959 2610
4959 4927
4959 4990
4959 4991
4959 4992
4959 4993
4959 4994
4959 4995
4959 4996
4959 4997
4959 4998
4959 4999
4959 4943
4959 5000
4959 5001
4959 5002
4959 5003
4959 5004
4959 5005
4959 4958
1688 5006
1688 1572
1688 5007
1721 56
1721 106
1721 5008
1721 603
1721 169
1721 170
1721 604
1721 2166
1721 2400
1721 5009
736 1439
736 1442
736 3543
736 63
736 3547
736 71
736 634
736 5010
736 262
736 1470
736 770
736 5011
736 265
736 3645
736 3656
736 1474
736 3658
736 5012
736 3695
736 5013
736 807
736 1491
736 5014
736 5015
736 5016
5017 1425
5017 5018
1722 196
3815 719
1439 3536
1439 45
1439 48
1439 5019
1439 4192
1439 5020
1439 5021
1439 5022
1439 571
1439 1452
1439 5023
1439 71
1439 631
1439 4825
1439 3551
1439 5024
1439 74
1439 1459
1439 3553
1439 3556
1439 3558
1439 1460
1439 1461
1439 136
1439 5025
1439 3569
1439 5026
1439 5027
1439 1879
1439 4873
1439 4874
1439 168
1439 170
1439 1466
1439 5028
1439 5029
1439 1999
1439 3585
1439 5030
1439 3586
1439 5031
1439 5032
1439 3844
1439 5033
1439 5034
1439 2150
1439 5035
1439 264
1439 5036
1439 5037
1439 5038
1439 1470
1439 5039
1439 5040
1439 5041
1439 5042
1439 5043
1439 3607
1439 3609
1439 5044
1439 5045
1439 4096
1439 5046
1439 5047
1439 5048
1439 265
1439 266
1439 5049
1439 1474
1439 5050
1439 3683
1439 5051
1439 5052
1439 5053
1439 5054
1439 3697
1439 3698
1439 5055
1439 5056
1439 5057
1439 4490
1439 5058
1439 5059
1439 1489
1439 5060
1439 406
1439 5061
1439 5062
1439 5063
1439 5064
1439 5065
1439 5066
1439 3770
1439 5067
1439 5068
1439 5069
1439 5070
1439 5071
1439 5072
1439 5073
1439 3789
1439 5074
1439 5075
1439 5076
1439 5077
1439 5078
1439 5079
5080 1509
5081 4023
5081 631
5082 1509
5083 1509
5084 1509
4023 5085
4023 5086
4023 5087
4023 5088
5089 1387
5089 587
5090 3988
1697 1725
1698 5091
1698 1725
1699 1725
1700 1725
1700 1730
1700 5092
1701 1725
1702 1725
1702 5093
1703 1725
1703 5094
1703 111
1704 1725
5095 1725
1705 1725
1706 1725
1707 1725
1708 1725
1552 1725
1552 5096
1552 4221
5091 5097
5091 900
1440 1602
1440 1466
5098 975
5098 1078
5099 205
5100 205
3933 205
3939 205
3944 205
3953 205
3961 205
3967 205
5101 5102
5101 5103
5104 49
5105 49
5106 49
5107 49
5108 49
5109 49
5110 5111
5110 49
5111 49
5112 49
913 5113
913 3988
3536 1384
3536 5114
3536 5115
3536 5116
3536 5117
3536 5118
3536 5119
3536 5120
3536 5121
3536 5122
3536 5123
3536 1452
3536 71
3536 119
3536 1461
3536 265
3536 5124
3536 5125
3536 5126
3536 5127
5128 4821
5129 205
5130 4211
5131 196
5131 5132
5131 5133
1709 1725
1724 1725
5134 1710
5135 1725
5135 5136
42 1728
42 905
42 62
42 86
42 87
42 119
42 5137
42 758
42 603
42 169
42 170
42 4120
42 196
42 1474
42 5138
42 2267
42 5139
42 5140
42 2918
3537 1725
3537 5141
1725 5142
1725 1710
1725 5143
1725 5144
5145 1710
1727 169
1727 5146
1727 5147
1727 5148
1727 2162
1727 5149
1727 5150
1727 5151
1727 5152
1727 5153
1727 5154
1727 5155
1727 5156
1727 5157
1727 5158
1727 5159
1727 5160
43 87
43 1417
43 105
43 169
43 170
43 5161
43 5162
43 5163
43 1652
43 5164
43 5165
43 5166
43 5167
43 5168
1730 60
5169 4181
5170 4202
5170 102
5170 587
5170 5171
5086 1509
5172 1509
5173 1509
5174 1509
3997 3990
5175 4825
5176 1602
1619 49
5177 1601
5177 1466
737 44
737 46
737 51
737 54
737 56
737 57
737 5178
737 5179
737 62
737 64
737 74
737 4197
737 86
737 5180
737 105
737 1518
737 106
737 5181
737 1519
737 109
737 5182
737 5183
737 1827
737 120
737 121
737 1866
737 133
737 1461
737 135
737 141
737 142
737 1542
737 149
737 151
737 169
737 170
737 196
737 205
737 709
737 5184
737 2148
737 5185
737 2201
737 2232
737 5186
737 5187
737 2294
737 4376
737 5188
737 2323
737 2332
737 5189
737 5190
737 5191
737 2395
737 5192
737 2450
737 2498
737 4460
737 2559
737 5193
737 1065
737 4522
737 5194
737 2874
737 5195
737 5196
737 2969
737 5197
737 5198
737 5199
737 5200
737 5201
737 3144
737 5202
737 5203
737 5204
737 5205
737 5206
737 5207
737 5208
737 5209
737 5210
737 5211
737 5212
737 5213
737 3313
737 5214
737 5215
737 5216
737 5217
737 5218
737 5219
1601 1384
1601 5220
1601 1466
1601 5221
1601 5222
699 196
699 567
699 398
699 412
44 5223
44 62
44 64
44 71
44 75
44 106
44 119
44 1542
44 758
44 603
44 169
44 170
44 196
5224 5225
1689 5226
45 1732
45 1687
45 4820
45 4821
45 1442
45 4192
45 1384
45 5227
45 5228
45 64
45 5229
45 3550
45 72
45 1455
45 74
45 5230
45 1459
45 3553
45 87
45 105
45 119
45 3557
45 5231
45 1460
45 5232
45 5233
45 1461
45 5234
45 5235
45 134
45 1462
45 3565
45 136
45 5236
45 5026
45 5237
45 5238
45 5239
45 5240
45 5241
45 5242
45 1521
45 170
45 177
45 760
45 3582
45 5243
45 5244
45 1999
45 5245
45 3586
45 5246
45 5247
45 5248
45 5249
45 3590
45 2150
45 5035
45 5250
45 5251
45 5252
45 5253
45 5254
45 5255
45 5043
45 5256
45 5257
45 5258
45 5259
45 5260
45 5261
45 5262
45 5263
45 4096
45 5264
45 5265
45 5266
45 5267
45 5268
45 5269
45 5270
45 5271
45 5272
45 266
45 5273
45 5274
45 5275
45 5276
45 5277
45 1474
45 5278
45 3665
45 5279
45 5280
45 3669
45 5281
45 337
45 5282
45 4978
45 5283
45 5284
45 5285
45 5286
45 5287
45 5288
45 5289
45 5290
45 5291
45 5292
45 5293
45 5294
45 5295
45 3715
45 397
45 5296
45 5297
45 5298
45 5299
45 5300
45 5301
45 5302
45 5303
45 412
45 5304
45 3755
45 5305
45 5306
45 1495
45 3768
45 5307
45 5308
45 5309
45 483
45 5310
45 5311
45 5312
45 5313
45 5314
45 5315
45 5316
45 3794
45 5317
45 5318
45 5319
914 196
1732 5320
1732 1602
1732 5027
1732 3572
1732 3573
1732 5321
1732 5322
659 5323
659 193
915 589
915 988
1733 196
5324 196
1734 167
1734 4337
1734 3401
5325 1687
5325 1446
5326 5327
5326 3988
5328 936
5328 4181
1735 86
1735 119
1735 1520
1735 5329
1735 5330
1735 5331
1735 170
1735 1976
1735 1982
1735 5332
1735 1531
1735 2195
1735 5333
1735 5334
1735 5335
1735 5336
1735 5337
1735 5338
1735 5339
1735 5340
580 62
580 5341
580 5342
580 5343
580 5344
580 1798
580 5345
580 706
580 1880
580 708
580 5346
580 196
580 5347
580 5348
580 2277
580 5349
580 5350
580 5351
580 5352
580 361
580 5353
580 5354
580 5355
580 5356
580 5357
580 5358
580 5359
580 5360
580 5361
580 2957
580 5362
580 5363
580 3120
580 5364
580 5365
580 3236
580 5366
580 5367
580 5368
580 5369
580 5370
5371 1938
4188 4318
5372 5373
5374 64
5374 1786
46 4820
46 5375
46 4821
46 5247
46 5376
5377 141
1508 1761
47 177
5378 1429
5378 5379
916 587
48 56
48 64
48 70
48 72
48 73
48 75
48 86
48 87
48 105
48 109
48 119
48 169
48 170
48 196
48 2150
48 2160
48 2515
48 5052
48 2612
48 5380
48 5381
48 498
48 5382
5383 1384
5383 5384
5383 72
5383 5385
1441 3541
1441 5386
1441 71
1441 73
1441 1460
1441 760
1441 5387
1441 1616
1441 5388
1441 5389
1441 5390
1441 3711
1441 5391
1441 5392
1441 3745
1441 5393
1441 412
1441 837
1441 5394
1441 3763
1441 5395
1441 5396
1441 5397
5398 5399
5398 1429
5398 1431
5400 656
700 60
700 86
700 119
700 603
700 170
700 205
3538 3545
3538 5401
3538 5402
3538 1630
3538 5403
3538 2595
3538 5404
3538 5405
3538 4927
3538 5406
3538 5407
3538 5408
3538 5016
5409 169
5410 569
5410 596
1687 1446
1687 5411
1687 71
1687 170
1687 5412
1687 5413
1687 5414
1687 265
1687 692
5415 719
5415 629
5415 196
5415 313
4820 4821
4821 5416
4821 5417
4821 1384
5417 1466
5418 1384
5418 1466
5418 5419
5418 5420
5418 5421
5418 5422
5418 5423
5418 5424
5418 5425
5418 5426
1442 571
1442 631
1442 1455
1442 634
1443 3544
1444 5427
1444 3672
1444 5428
1444 5429
1444 5430
1445 1470
1445 1474
1445 5431
1445 5432
1445 5433
1445 5434
1445 5435
1445 412
1445 5436
1446 71
1446 119
1446 5234
1446 5235
1446 170
1446 5412
1446 265
1446 5437
1446 5438
1446 5439
1446 3696
1446 5440
1446 5441
1446 5442
1446 5443
1446 5444
1446 5445
1446 3799
1446 5446
1448 5447
1448 5448
1448 5449
1448 5450
1448 5451
5452 87
49 3998
49 5453
49 5454
49 5455
49 4001
49 5456
49 5457
49 5458
49 5459
49 5460
49 5461
49 5462
49 5463
49 5464
49 5465
49 5466
49 5467
49 5468
49 3980
49 5469
49 5470
49 5471
5472 5473
5472 5474
5472 87
5472 1432
5472 4349
5472 5475
5472 5476
5472 5477
5472 5478
4189 87
5479 5480
5479 5481
5479 5482
5479 692
5479 693
5479 5483
5484 86
5484 196
5485 1509
5486 1509
5487 1509
1411 1509
5488 1509
5489 5490
5491 5492
5491 5493
5491 5494
5491 5495
5491 5496
5491 5497
5491 5498
5491 692
5491 693
5499 158
5500 5501
5500 5502
917 87
917 196
5503 589
1737 196
1738 2016
1738 5504
1738 5505
1739 196
5506 1455
5507 633
5492 5508
5509 4245
4190 156
5510 1889
50 196
5511 5512
5511 2141
5511 2238
5511 5513
5511 5514
5511 5515
5511 5516
1742 1520
1742 1938
1742 5517
5518 87
51 60
51 62
51 64
51 5519
51 75
51 86
51 87
51 4226
51 603
51 170
51 196
51 5520
51 5521
51 2083
51 4436
51 5522
51 4543
51 5523
51 4670
5524 142
5524 169
5524 226
5524 5525
5524 5526
5527 2102
5528 5529
5530 2102
5530 5531
5532 5533
5534 1509
5092 692
5092 693
5535 5536
5535 692
5535 693
5537 72
52 71
52 5538
52 3554
52 119
52 170
52 1466
52 3590
52 5539
52 5540
52 5541
1383 1452
1383 5542
1383 5543
1383 1470
1383 3671
1383 3721
1383 3723
1383 5544
1383 5545
1383 3744
1383 5546
1383 5547
5019 1753
5019 5548
5019 5549
5019 5550
5019 5551
5019 3604
5019 5552
5019 5553
5019 5554
5019 5555
5019 5556
5019 5557
5019 5558
5019 5559
5019 5560
5019 5561
5019 5562
5019 5563
5564 2150
5565 2153
5565 3631
5566 71
1449 5021
1449 3603
1449 5567
1449 3642
1449 1479
1449 5568
5569 5538
1744 102
1744 196
5570 1026
5570 5571
5572 5573
5572 5574
918 5185
918 569
918 596
5575 571
5576 1419
5576 1420
3542 5231
5577 1420
4106 903
5578 5231
1746 151
5579 1509
5579 5580
5533 1509
5581 136
1509 5582
1509 5583
1509 5584
1509 5585
1509 5586
1509 5587
1509 5490
1509 5588
1509 5589
1509 119
1509 136
1509 170
1509 692
1509 587
1509 5590
1509 5591
1748 2238
1748 2398
1749 4201
1749 5592
1749 5593
1749 5594
1749 5595
1749 3000
1749 5596
1749 3342
1749 5597
1749 5598
1749 5599
1749 1377
5320 5600
53 5601
53 86
53 119
53 130
53 5602
5603 196
5604 136
5605 71
5605 5606
5605 412
5607 5608
5607 5609
5607 4367
5607 1015
5607 5610
5607 5611
5608 1015
54 5612
54 5613
54 5614
54 60
54 62
54 64
54 71
54 75
54 87
54 5615
54 119
54 5616
54 5617
54 723
54 5618
54 5619
54 1542
54 758
54 603
54 170
54 1466
54 3841
54 5620
54 5621
54 5622
54 5623
54 5624
54 5625
54 5626
54 5627
54 5628
54 5629
54 5630
54 3850
54 5631
54 5632
54 5633
54 5634
54 5635
54 5636
54 5637
54 5638
54 5639
54 5640
54 5641
54 5642
54 5643
54 5644
54 5645
54 5646
54 5647
5648 5649
5650 5651
5650 5652
5650 5653
5650 5654
5650 55
5650 905
5650 5649
5650 5655
5650 5615
5650 5656
5650 5657
5650 5658
5650 170
5650 228
5650 5659
5651 5649
5660 5649
5660 1847
5652 5649
5652 5658
5652 3841
1510 5661
1510 5649
1510 5662
1510 5663
1510 5132
5653 5649
5653 5664
5654 5649
5665 5666
5667 905
5667 64
5667 86
5667 125
5667 170
5667 5668
5667 2603
5669 1847
5669 5621
5661 905
5661 5613
5661 5670
5661 5671
5661 5656
5661 5672
5661 5673
5661 228
5661 5674
5661 5675
5676 740
5676 5649
5676 64
5676 86
5676 87
5676 170
5676 5677
5676 5678
5676 5679
5676 5680
5676 5681
5676 5682
5676 5683
5676 5684
5612 170
905 5685
905 740
905 5614
905 5686
905 62
905 64
905 71
905 75
905 86
905 3907
905 1806
905 5655
905 5615
905 119
905 5687
905 5688
905 5689
905 5690
905 5691
905 5692
905 1847
905 5693
905 3831
905 4116
905 5619
905 5694
905 1853
905 758
905 169
905 170
905 1466
905 5695
905 5696
905 226
905 5697
905 5673
905 3841
905 5698
905 5621
905 5624
905 5699
905 5700
905 4130
905 5701
905 5630
905 5702
905 3850
905 5631
905 5703
905 5680
905 265
905 5704
905 5705
905 5706
905 2169
905 906
905 5707
905 5708
905 5709
905 5644
905 5710
905 5711
905 5712
5685 64
5685 86
5685 125
5685 136
5685 5673
5685 5713
5714 86
5714 170
5714 5706
5715 5649
740 741
740 125
740 5716
740 5674
740 5626
740 5717
740 5628
740 3850
740 5718
740 5705
740 5719
740 5720
740 5721
740 5642
5722 741
5723 3841
5614 170
5686 86
5686 5618
5686 5724
5686 5708
5686 5640
4192 71
4192 75
4192 86
4192 119
4192 1461
4192 5725
4192 3563
4192 5726
4192 603
4192 170
4192 1466
4192 1470
4192 265
4192 1474
4192 5727
1751 86
5728 5729
5728 5730
56 60
56 62
56 5731
56 64
56 5732
56 71
56 75
56 87
56 5733
56 1787
56 5734
56 5735
56 106
56 114
56 115
56 119
56 5736
56 1871
56 130
56 5329
56 1886
56 942
56 146
56 1904
56 1542
56 1666
56 4256
56 1914
56 5737
56 5738
56 947
56 160
56 1938
56 1943
56 758
56 603
56 4271
56 169
56 170
56 1967
56 1982
56 196
56 2014
56 4288
56 207
56 5739
56 5740
56 5741
56 5742
56 4302
56 4305
56 5743
56 224
56 1630
56 2078
56 5347
56 2092
56 234
56 2097
56 4319
56 2105
56 237
56 5348
56 5744
56 5745
56 2116
56 5746
56 5747
56 5748
56 5749
56 5750
56 5751
56 2199
56 277
56 2212
56 2220
56 5752
56 2239
56 5753
56 5754
56 5755
56 5756
56 2276
56 4365
56 2278
56 4377
56 5757
56 2322
56 5758
56 5759
56 2349
56 2351
56 5760
56 2359
56 2360
56 5761
56 2364
56 2366
56 5762
56 2372
56 5763
56 2380
56 1014
56 4412
56 336
56 338
56 5764
56 5765
56 5766
56 5767
56 4421
56 1017
56 5768
56 1018
56 5769
56 2426
56 5770
56 5771
56 2436
56 2438
56 2439
56 4437
56 2463
56 2466
56 5772
56 5773
56 5774
56 5775
56 4449
56 2506
56 367
56 5776
56 2516
56 2522
56 5777
56 2525
56 5778
56 2553
56 2557
56 2561
56 4475
56 2582
56 5779
56 2597
56 5780
56 4492
56 5781
56 2627
56 5782
56 5783
56 5784
56 2656
56 5785
56 2699
56 2707
56 5786
56 430
56 5787
56 5788
56 2743
56 5789
56 5356
56 5790
56 5791
56 823
56 5792
56 5357
56 2808
56 5793
56 5794
56 2859
56 5795
56 5796
56 4606
56 2902
56 4609
56 2928
56 2938
56 2947
56 5797
56 2956
56 5798
56 5799
56 5800
56 3002
56 3008
56 5801
56 3037
56 5802
56 5803
56 5804
56 3118
56 5805
56 5806
56 3159
56 5807
56 5808
56 3172
56 5809
56 3244
56 5810
56 3292
56 5811
56 864
56 5812
56 3439
56 5813
56 5814
56 5815
56 3513
56 5816
56 5817
5818 1425
5818 1431
57 60
57 62
57 64
57 71
57 75
57 86
57 87
57 106
57 115
57 119
57 1542
57 758
57 603
57 170
57 196
57 5819
57 310
57 2393
57 5820
57 5821
57 2675
57 5822
57 3418
5823 4201
5823 5824
5823 959
5823 587
741 5825
5826 4289
5826 5827
5178 64
5178 75
5178 105
5178 1827
5178 3917
5178 5828
5178 5829
5178 2628
5179 3558
920 5830
920 196
920 1015
4193 196
1752 164
1753 5831
1753 5832
1753 5833
1753 5834
1753 5835
1753 5836
1753 5837
1753 5838
1753 5839
1753 5840
1753 5841
1753 5563
1753 5842
5843 3553
5844 5831
5020 5025
5020 5845
5020 3582
5020 5846
5020 5847
5020 5848
5020 5849
5020 5850
5020 5851
5852 5750
4834 5853
4834 206
4834 5854
5855 5856
5857 265
5857 692
5857 693
1384 5858
1384 71
1384 5859
1384 119
1384 169
1384 1466
1384 1470
1384 4828
1384 265
1384 692
1384 587
5227 5860
5861 136
5861 169
5861 1999
5862 3574
5863 71
5863 119
5863 136
5863 265
5863 692
5863 5281
5863 5864
5863 5865
5866 5263
5866 5867
5868 196
59 1533
1511 921
5869 5573
5869 5870
1500 71
1500 87
1500 119
1500 5666
1500 1566
1500 170
1500 206
1500 265
1500 5871
677 78
677 1891
1625 5872
1625 1420
5573 5574
5573 5873
5573 5874
5573 5551
5573 5226
5573 5875
5573 5876
60 5021
60 4107
60 5877
60 62
60 64
60 75
60 82
60 86
60 87
60 103
60 104
60 105
60 106
60 1519
60 109
60 118
60 119
60 121
60 123
60 1520
60 1866
60 133
60 135
60 629
60 141
60 142
60 149
60 151
60 156
60 1524
60 758
60 167
60 603
60 169
60 170
60 171
60 762
60 196
60 4288
60 2033
60 205
60 215
60 239
60 1531
60 286
60 379
60 2663
60 2679
60 2929
60 1185
60 5878
60 3381
5021 71
5021 1459
5021 5879
5021 119
5021 1838
5021 1566
5021 1461
5021 5880
5021 5881
5021 136
5021 634
5021 5882
5021 170
5021 5883
5021 1470
5021 5884
5021 2152
5021 5885
5021 5567
5021 265
5021 5886
5021 5887
5021 5440
5021 5888
5021 5889
5021 5890
5021 3716
5021 1486
5021 1692
5021 5891
5021 5892
5021 5893
5021 5894
5021 5895
5021 5896
5021 5897
5021 5898
5021 5899
5021 5900
5021 5901
4107 1846
4107 5902
4107 5903
4107 5904
4107 5905
5877 262
5877 5906
5907 5908
921 703
921 752
921 587
5609 1015
3816 633
3816 5705
5909 87
5910 196
922 5911
922 82
922 86
922 119
922 5912
922 5913
5473 5914
5473 5915
5474 5914
5916 1548
1755 609
1756 75
1756 947
1756 5917
1756 3202
4108 4109
4108 124
4108 4113
4108 903
4108 5918
4108 5919
4108 5920
4108 5921
4108 5922
4108 5923
4108 5924
4108 5925
4108 5926
4108 5927
4108 5928
4108 5929
4108 5930
4108 4137
4108 5931
4108 4138
4108 5932
4108 5933
4108 4144
4108 5934
4108 5935
4108 5936
4108 5937
4108 4150
4108 5938
4108 5939
4108 5940
4108 4158
4108 4161
4108 3890
4108 4165
4108 5941
4108 5942
4108 5943
4108 5944
4108 5945
4108 5946
4108 4175
4108 5947
4108 5948
4039 1784
4039 1627
4039 5949
4039 196
4039 2299
4039 2375
4039 5950
4039 5951
4039 5952
4039 5953
3543 64
3543 71
3543 1455
3543 1459
3543 119
3543 170
3543 1466
3543 5954
3543 265
3543 5955
3543 1474
3543 268
3543 5956
1450 5265
5022 5957
5022 5833
5022 2150
5022 5958
5022 5836
5022 5959
5022 5960
5022 5961
3544 3545
3544 5962
3544 5883
3544 5963
3544 5964
3544 5965
3544 1006
3544 5889
3544 5966
3544 5967
3544 2721
3544 5865
3544 839
3544 5895
3544 5968
3544 5896
3544 5969
3544 3303
62 5970
62 1402
62 64
62 1455
62 73
62 74
62 75
62 79
62 82
62 86
62 1772
62 87
62 3907
62 98
62 1800
62 103
62 104
62 105
62 745
62 1518
62 106
62 1519
62 109
62 114
62 1830
62 118
62 119
62 120
62 121
62 122
62 5971
62 123
62 633
62 5972
62 125
62 3832
62 5973
62 1866
62 129
62 3556
62 132
62 1461
62 135
62 136
62 629
62 4245
62 1393
62 1884
62 141
62 5974
62 1394
62 142
62 1542
62 1522
62 149
62 151
62 152
62 155
62 156
62 162
62 5975
62 758
62 167
62 1525
62 169
62 170
62 172
62 186
62 762
62 196
62 205
62 1529
62 1395
62 226
62 5976
62 237
62 239
62 5977
62 5978
62 2166
62 5979
62 5980
62 2238
62 993
62 5981
62 2313
62 2337
62 596
62 1031
62 382
62 5982
62 445
62 5983
62 5984
62 2847
62 5985
62 2860
62 5986
62 5987
62 1173
62 4610
62 1190
62 5988
62 3044
62 5989
62 1224
62 5990
62 3105
62 5991
62 1240
62 5992
62 4675
62 5993
62 5994
62 5995
62 5996
62 5997
62 3448
62 5998
62 3480
62 3531
5114 5999
5119 605
6000 5048
6000 1488
5574 5551
5574 6001
5574 5876
5228 692
5228 693
1759 1602
6002 136
6002 1470
6002 6003
6002 6004
6002 6005
6002 6006
6002 6007
6002 6008
6002 6009
6002 6010
6002 6011
6002 6012
6002 6013
6002 6014
6002 6015
6002 6016
6002 6017
6002 6018
6002 6019
6002 6020
6002 5562
6002 6021
6002 6022
6002 6023
6002 6024
6002 6025
6002 6026
6002 6027
63 71
63 87
63 119
63 5323
63 5231
63 1460
63 1521
63 170
63 177
63 1466
63 6028
63 196
63 1470
63 6029
63 3617
63 6030
63 6031
63 6032
63 6033
63 3626
63 265
63 3659
63 3674
63 2170
63 3709
63 3719
63 5406
63 6034
63 6035
63 6036
63 3741
63 6037
63 6038
63 6039
1451 6040
6041 136
6041 6042
6041 6043
6041 6044
6041 6045
6041 5430
4823 119
4823 1461
4823 1474
6046 4825
6046 3607
6047 71
6047 75
6047 119
6047 1566
6047 206
6047 1470
6047 6048
6047 6049
6047 6050
6047 6051
6047 6052
6047 265
6047 1474
6047 6053
6047 6054
6047 6055
6047 6056
6047 6057
4824 3550
4824 6058
4824 71
4824 4825
4824 3557
4824 3558
4824 136
4824 1466
4824 6059
4824 5035
4824 6060
4824 6061
4824 6062
5873 5551
5970 926
5831 6063
5831 6001
5731 4203
1760 87
1760 1534
1760 1380
1760 6064
1760 6065
6066 102
6066 141
6066 587
1761 102
1761 4344
1761 2401
1761 6067
1761 6068
1761 3222
6069 587
6069 679
1762 169
1762 6070
1762 3591
1762 6071
1762 5771
1762 6072
1762 6073
1762 6074
1762 6075
1762 5899
5649 64
5649 6076
5649 5656
5649 5658
5649 6077
5649 228
5649 5659
5649 732
5649 1532
5649 587
4194 87
4194 196
64 6078
64 6079
64 71
64 72
64 73
64 74
64 75
64 6080
64 79
64 1515
64 82
64 86
64 87
64 926
64 6081
64 6082
64 6083
64 1786
64 6084
64 6085
64 663
64 6086
64 103
64 104
64 6087
64 6088
64 6089
64 105
64 745
64 106
64 6090
64 1806
64 6091
64 1519
64 109
64 6092
64 1821
64 118
64 6093
64 119
64 120
64 121
64 575
64 123
64 1844
64 4234
64 6094
64 5687
64 6095
64 6096
64 125
64 5666
64 936
64 1866
64 3909
64 3556
64 133
64 1461
64 135
64 136
64 6097
64 629
64 1521
64 141
64 1886
64 6098
64 1902
64 1542
64 1910
64 1522
64 6099
64 6100
64 149
64 151
64 754
64 153
64 6101
64 1923
64 1924
64 156
64 1524
64 6102
64 758
64 167
64 603
64 169
64 170
64 171
64 6103
64 6104
64 1527
64 186
64 762
64 3912
64 6105
64 193
64 4284
64 196
64 968
64 6106
64 604
64 2026
64 205
64 1529
64 6107
64 6108
64 2054
64 6109
64 2058
64 221
64 4310
64 226
64 6110
64 6111
64 4312
64 5679
64 6112
64 6113
64 766
64 6114
64 6115
64 6116
64 237
64 239
64 6117
64 1531
64 4324
64 245
64 6118
64 250
64 2139
64 2140
64 6119
64 264
64 3616
64 265
64 266
64 5273
64 268
64 5281
64 5634
64 6120
64 2166
64 6121
64 6122
64 6123
64 6124
64 6125
64 6126
64 6127
64 5980
64 6128
64 985
64 2210
64 3915
64 284
64 6129
64 286
64 993
64 996
64 6130
64 5755
64 6131
64 6132
64 4365
64 6133
64 5336
64 6134
64 6135
64 6136
64 312
64 313
64 314
64 315
64 6137
64 6138
64 2319
64 6139
64 6140
64 6141
64 6142
64 6143
64 2348
64 2355
64 6144
64 2368
64 2379
64 6145
64 6146
64 337
64 5764
64 2394
64 2400
64 2402
64 4419
64 6147
64 3917
64 2418
64 5768
64 1018
64 6148
64 6149
64 6150
64 4431
64 2437
64 354
64 2445
64 6151
64 2459
64 2461
64 6152
64 1027
64 6153
64 667
64 2504
64 6154
64 2509
64 364
64 365
64 366
64 6155
64 5777
64 2524
64 5353
64 1034
64 2538
64 372
64 374
64 2554
64 379
64 382
64 6156
64 2566
64 6157
64 6158
64 386
64 387
64 389
64 390
64 5193
64 6159
64 2594
64 6160
64 6161
64 3717
64 3735
64 6162
64 6163
64 4492
64 6164
64 810
64 6165
64 2639
64 2641
64 670
64 6166
64 4506
64 6167
64 6168
64 2684
64 2686
64 6169
64 6170
64 2714
64 6171
64 432
64 433
64 434
64 435
64 2723
64 6172
64 819
64 6173
64 2735
64 6174
64 6175
64 6176
64 6177
64 6178
64 2777
64 6179
64 2779
64 6180
64 2790
64 2794
64 6181
64 6182
64 672
64 6183
64 2827
64 6184
64 6185
64 2866
64 6186
64 6187
64 6188
64 463
64 6189
64 6190
64 2896
64 6191
64 5338
64 468
64 469
64 471
64 2913
64 1176
64 6192
64 1183
64 2954
64 834
64 4630
64 6193
64 6194
64 6195
64 6196
64 6197
64 6198
64 4651
64 6199
64 3060
64 3077
64 3080
64 3098
64 6200
64 3103
64 6201
64 3108
64 6202
64 6203
64 6204
64 4672
64 3164
64 3168
64 4683
64 512
64 3207
64 3217
64 6205
64 6206
64 6207
64 858
64 3259
64 6208
64 4700
64 6209
64 6210
64 6211
64 6212
64 1303
64 6213
64 6214
64 3338
64 4715
64 6215
64 3353
64 3361
64 536
64 6216
64 6217
64 6218
64 540
64 3379
64 5996
64 6219
64 4727
64 547
64 6220
64 6221
64 551
64 3420
64 3424
64 3441
64 6222
64 4766
64 4770
64 6223
64 1363
64 6224
64 3492
64 6225
64 6226
64 6227
64 6228
64 6229
717 5655
717 6230
717 6231
717 6232
717 6233
717 142
717 6234
717 6235
717 5628
717 5705
717 5720
717 6236
717 6237
717 3877
717 6238
6239 571
6239 136
6239 6240
6239 6241
6239 6242
6243 2880
6244 197
4195 401
1763 942
1763 6245
742 86
6246 5551
6246 6247
6246 6001
6246 6248
4196 87
4196 171
4196 196
6078 1520
6078 758
6078 170
6078 6249
6078 6250
6078 6251
6078 6252
6253 87
3547 6254
6255 125
3548 760
3548 4982
3549 634
6254 3558
6254 4490
3817 903
726 6256
726 587
726 1669
6257 2141
6257 2160
6257 1026
6257 1339
5732 82
3977 3988
69 196
6258 6259
70 6260
70 71
70 6261
70 119
70 1566
70 170
70 4965
70 1470
70 265
70 5274
70 4981
70 4933
70 6262
70 6263
70 6264
571 136
571 3591
571 6265
571 6266
571 6267
571 6268
571 6269
571 6270
571 6271
571 6272
571 6273
571 265
571 6274
571 6275
571 6276
571 6277
571 6278
571 6279
571 6280
571 5431
571 6281
571 6282
571 6283
571 6284
571 6285
571 6286
571 6287
571 6288
571 5432
571 6289
571 6290
571 5433
571 6291
571 6292
571 6293
571 6294
571 5591
571 6295
571 6296
571 6297
571 6298
571 6299
571 6300
571 6301
571 6302
571 6303
571 6304
571 6305
571 6306
571 6307
571 6308
571 6309
571 843
571 6310
571 6311
571 6312
571 6313
571 6314
571 5436
5229 6315
5229 5874
5229 6316
5229 6317
5229 3611
5229 6318
5229 6319
5229 6320
5229 6321
5229 6322
5229 3628
5229 3631
5229 6323
5229 5554
5229 6324
5229 5839
5229 6325
5229 6326
5229 5287
5229 6327
5229 6328
5229 6329
5229 6019
5229 2611
5229 6330
5229 5560
5229 5841
5229 6331
5229 6332
5229 6333
5229 6334
5229 6023
5229 6335
5832 5551
1452 4029
1452 3550
1452 71
1452 119
1452 3557
1452 5027
1452 1466
1452 5246
1452 6336
1452 3648
1452 3682
1452 5289
1452 6337
6338 5040
6339 71
6339 119
6339 2150
6339 6340
6339 6341
6339 6342
6339 6343
6344 6259
6344 6345
6344 6346
6347 5040
4029 6348
4960 6349
4960 6350
5384 72
6351 6352
6351 3655
6353 5481
6353 5482
6353 6354
6353 6355
6353 6043
6353 6356
6353 6044
6353 6045
6353 6357
6353 5430
6358 1455
6359 3557
6359 6360
6359 6361
3550 71
3550 1461
3550 6362
3550 1466
3550 1470
3550 6363
3550 265
3550 3682
3550 6364
3550 3718
3550 6365
3550 6366
3550 3808
6367 71
6367 119
6367 170
6367 5257
6367 6368
5023 1458
5023 169
5023 3582
6369 6370
6369 6371
6372 5040
6372 6373
6058 5858
6058 6374
6058 6375
6058 6376
6058 6377
6058 6378
6058 6379
6058 6380
6058 6381
6058 6382
6058 6383
6058 6061
6058 6384
6058 6385
6058 6386
6058 6387
6058 6388
6058 6389
6058 6390
6058 6208
5858 1488
71 631
71 1453
71 1454
71 72
71 6391
71 74
71 6392
71 5230
71 1459
71 3552
71 3553
71 6393
71 6394
71 75
71 79
71 86
71 926
71 1788
71 98
71 103
71 104
71 105
71 1518
71 114
71 118
71 119
71 121
71 122
71 123
71 1866
71 129
71 130
71 3556
71 3557
71 3558
71 3559
71 6395
71 5231
71 133
71 6396
71 6397
71 6398
71 1460
71 4961
71 5232
71 6399
71 1566
71 1461
71 5725
71 5234
71 5235
71 6400
71 134
71 3563
71 135
71 3564
71 1462
71 4826
71 4242
71 3565
71 136
71 5236
71 1568
71 634
71 3569
71 6401
71 5026
71 5027
71 3570
71 3573
71 1879
71 5239
71 1464
71 5240
71 6097
71 5010
71 4095
71 4874
71 5242
71 629
71 1521
71 141
71 6402
71 1522
71 944
71 151
71 156
71 758
71 167
71 603
71 170
71 184
71 6403
71 1466
71 6404
71 6405
71 185
71 5029
71 6406
71 760
71 1467
71 6407
71 6408
71 5243
71 6409
71 6410
71 4279
71 3584
71 6411
71 3586
71 6412
71 5246
71 5321
71 187
71 3587
71 6413
71 4965
71 196
71 205
71 206
71 226
71 239
71 6250
71 243
71 3590
71 6414
71 6336
71 4101
71 2150
71 5035
71 264
71 4966
71 3595
71 5250
71 6415
71 6416
71 5253
71 6417
71 5038
71 3602
71 6418
71 5254
71 4839
71 5255
71 6419
71 4879
71 5256
71 1471
71 4970
71 3605
71 3606
71 6420
71 5011
71 3607
71 5257
71 6421
71 5529
71 1573
71 6422
71 6423
71 6424
71 6425
71 5259
71 6363
71 6426
71 1574
71 6427
71 3616
71 6428
71 5261
71 6048
71 6429
71 5262
71 6430
71 6431
71 3621
71 774
71 775
71 6432
71 4096
71 6433
71 6434
71 6435
71 6436
71 5267
71 6050
71 4885
71 3634
71 5269
71 6437
71 6438
71 6439
71 4829
71 3640
71 3642
71 265
71 266
71 4891
71 5955
71 5273
71 3646
71 6440
71 267
71 3647
71 6441
71 3648
71 5965
71 4893
71 3652
71 5049
71 3656
71 5277
71 1474
71 4896
71 4847
71 6442
71 3664
71 6443
71 656
71 6444
71 5280
71 268
71 6445
71 6446
71 6447
71 5281
71 6448
71 327
71 379
71 2564
71 4900
71 6449
71 6450
71 4977
71 6451
71 6452
71 5439
71 5285
71 1477
71 6453
71 6454
71 6455
71 6456
71 5286
71 4907
71 3690
71 6457
71 1483
71 6458
71 6459
71 6460
71 6461
71 4912
71 6364
71 6462
71 6463
71 6161
71 3699
71 4917
71 5295
71 6464
71 6465
71 3717
71 6466
71 6467
71 6468
71 1583
71 6469
71 3734
71 3735
71 5298
71 3739
71 6470
71 6471
71 6472
71 1490
71 5301
71 5302
71 5303
71 412
71 6176
71 6473
71 6474
71 4938
71 5305
71 6475
71 6476
71 6477
71 5969
71 1597
71 6478
631 1773
631 3555
631 5233
631 6479
631 6480
631 2032
631 262
631 6266
631 6268
631 6481
631 6482
631 6269
631 6270
631 6271
631 6483
631 6272
631 6484
631 6485
631 6486
631 6487
631 6488
631 6279
631 6489
631 6282
631 6283
631 5088
631 6490
631 6284
631 6285
631 6491
631 6492
631 6287
631 6493
631 6494
631 3703
631 6290
631 6291
631 6293
631 6294
631 6242
631 5590
631 6495
631 5435
631 6496
631 6296
631 6297
631 6298
631 6497
631 6299
631 6300
631 6498
631 6303
631 6305
631 6499
631 6308
631 6309
631 6500
631 6501
631 6502
631 6503
631 6504
631 6313
631 6505
6506 6507
6508 3557
6508 6509
6508 6510
6508 6511
6508 6512
6508 6513
6508 6514
6508 6515
6508 6516
6508 6517
6508 6518
6508 6519
6508 6384
6508 6520
6508 6388
1453 5567
1453 6521
1454 1459
1454 119
1454 170
1454 1466
1454 265
6522 5859
6522 6523
6522 5550
6522 6524
6522 6525
6522 6526
6522 6527
6522 6528
6522 6019
6529 5729
6529 188
6530 6531
6530 6532
6530 5853
6530 6533
6530 4836
6530 6534
6530 4837
6530 4838
6530 6535
6530 4840
6530 6536
6530 6537
6530 6538
6530 4845
6530 3643
6530 265
6530 6539
6530 6540
6530 6541
6530 6542
6530 776
6530 4849
6530 3684
6530 6543
6530 6544
6530 6545
6530 6546
6530 4850
6530 6547
6530 3689
6530 6548
6530 4851
6530 4852
6530 6549
6530 6550
6530 6551
6530 6552
6530 6553
6530 6554
6530 6555
6530 4855
6530 3731
6530 3732
6530 3733
6530 6556
6530 6557
6530 6558
6530 6559
6530 4857
6530 4859
6530 6560
6530 4862
6530 4864
6530 6561
6530 6562
6530 6563
6530 6564
6530 6565
6530 6566
6530 6567
6530 6568
6530 3803
6530 4869
6530 6569
6530 4871
6530 6570
6530 6343
6571 72
6572 1602
6573 5031
6574 6575
6576 6330
72 1459
72 86
72 87
72 119
72 1461
72 6577
72 170
72 1466
72 6578
72 760
72 6410
72 3584
72 6579
72 1470
72 3613
72 3621
72 3634
72 3640
72 265
72 6580
72 6581
72 6582
72 3712
72 6583
72 6584
72 6585
72 6586
72 6587
72 3756
72 6588
72 3785
72 6589
1455 73
1455 1456
1455 632
1455 6590
1455 5230
1455 1459
1455 86
1455 87
1455 3556
1455 4961
1455 5232
1455 5725
1455 4242
1455 136
1455 5236
1455 3570
1455 170
1455 177
1455 5962
1455 6591
1455 6507
1455 3586
1455 6412
1455 4105
1455 6592
1455 187
1455 6593
1455 1571
1455 5256
1455 4970
1455 6594
1455 6595
1455 6596
1455 692
1455 5276
1455 6597
1455 3675
1455 6598
1455 5284
1455 5887
1455 6599
1455 6600
1455 5052
1455 6601
1455 804
1455 6602
1455 6603
1455 6604
1455 6605
1455 5295
1455 6606
1455 6607
1455 4929
1455 6608
1455 6609
1455 6610
1455 5064
1455 6611
4825 3569
4825 3591
4825 3607
4825 6612
4825 6613
4825 6614
4825 6615
4825 6616
6617 119
6617 6618
6617 6619
6617 4850
6617 6547
6617 3691
6617 6620
6617 6548
6617 4853
6617 6550
6617 6621
6617 3729
6617 6622
6617 6623
6617 6624
6617 6625
6617 6626
6617 6627
6617 6628
6617 6629
6617 6341
6617 6630
6617 6631
73 1459
73 75
73 86
73 87
73 119
73 3577
73 170
73 177
73 1466
73 760
73 3583
73 196
73 3592
73 5254
73 1385
73 771
73 5257
73 6423
73 6632
73 3627
73 5046
73 3633
73 5388
73 4972
73 3638
73 265
73 6633
73 6634
73 5278
73 3661
73 6635
73 6636
73 3678
73 3681
73 3685
73 5389
73 6637
73 3687
73 6638
73 6639
73 5390
73 6640
73 6641
73 5393
73 6642
73 3747
73 6643
73 5394
73 6644
73 6645
73 6646
73 6647
73 3786
73 3795
73 6648
73 6649
73 498
1456 3564
1456 6405
1456 6650
1456 6651
1456 1469
1456 6652
1456 6653
1456 3670
1456 6654
1456 6655
632 119
632 170
632 6656
632 6426
632 6486
3551 265
5024 119
5024 1470
6315 5045
6391 119
6391 177
6391 206
6391 265
6391 5854
6391 6544
6391 3692
6391 6550
6391 6552
6391 6553
6391 6657
6391 6554
6391 6555
6391 4855
6391 6658
6391 4856
6391 3733
6391 6558
6391 6659
6391 6625
6391 6610
6391 6660
6391 4861
6391 6661
6391 6563
6391 3784
6391 6566
6391 6662
6391 6663
6391 6569
6391 6664
6391 6665
6666 5551
6666 6667
6666 6668
6666 6669
6666 5040
6666 6670
6666 6671
6666 6001
6666 6672
6374 5287
74 1459
74 86
74 6261
74 119
74 5536
74 1566
74 6673
74 634
74 169
74 170
74 6674
74 6675
74 6676
74 196
74 1470
74 1690
74 6677
74 6678
74 6679
74 4886
74 6680
74 4889
74 265
74 6681
74 4897
74 6682
74 6683
74 4898
74 4899
74 6684
74 6685
74 6686
74 6687
74 3693
74 6688
74 6689
74 6690
74 6691
74 6692
74 6693
74 1587
74 6694
74 6695
74 6696
74 6697
74 6698
74 1590
74 6699
74 6700
74 6701
74 6702
74 1593
74 6703
74 4997
74 6704
74 6705
74 6706
74 6707
74 6708
74 6709
6710 5729
1457 119
1457 5567
1457 3642
6711 5551
6712 6060
1458 6713
1458 6714
1458 6715
1458 4830
1458 6716
6392 119
6392 170
6392 1466
6392 186
6392 1470
6392 6717
6392 6718
6392 265
6392 6719
6392 1474
6392 6447
6392 6720
6392 6721
6392 6722
6392 6723
6392 6724
6590 6592
6590 6725
6590 2524
6590 6726
6590 4810
5230 119
5230 170
5230 266
5230 3761
5230 6727
1459 119
1459 3558
1459 133
1459 6398
1459 1460
1459 1461
1459 5725
1459 6728
1459 135
1459 1462
1459 4242
1459 136
1459 6729
1459 3573
1459 6730
1459 4095
1459 1521
1459 170
1459 1466
1459 185
1459 6406
1459 760
1459 6410
1459 3586
1459 5246
1459 6731
1459 206
1459 4101
1459 2150
1459 264
1459 6416
1459 6424
1459 3616
1459 6732
1459 6733
1459 773
1459 4097
1459 5270
1459 4829
1459 265
1459 266
1459 3646
1459 3652
1459 1474
1459 3664
1459 5279
1459 5280
1459 5281
1459 6448
1459 6734
1459 1477
1459 6735
1459 4982
1459 6460
1459 6462
1459 805
1459 6736
1459 3735
1459 3742
1459 412
1459 5311
1459 6737
1459 6738
3552 6739
6740 5551
3553 1466
3553 4031
5879 6741
5879 5148
5879 5149
5879 6742
5879 6743
5879 6744
6745 5245
6745 6746
6393 770
6393 774
6394 119
6394 161
6394 170
6394 1466
6394 265
6394 1474
6394 6747
6394 6748
6394 6749
6750 1463
6750 5962
6751 1521
6751 6752
6751 5567
6751 3653
6751 6753
6751 6754
6751 6755
6751 5288
6751 1057
6751 3722
6751 6756
6751 5891
6751 809
6751 6757
6751 6758
6751 4020
6751 3772
6751 6759
6751 6760
6761 589
6761 6762
75 82
75 86
75 87
75 926
75 1778
75 92
75 4212
75 3907
75 103
75 104
75 105
75 106
75 109
75 115
75 118
75 119
75 6763
75 121
75 123
75 6764
75 1847
75 6765
75 1520
75 1866
75 1868
75 6766
75 132
75 135
75 136
75 1879
75 3910
75 137
75 629
75 940
75 1521
75 141
75 1885
75 942
75 142
75 6767
75 146
75 1906
75 1522
75 151
75 6768
75 1917
75 6769
75 156
75 1938
75 758
75 167
75 1525
75 603
75 170
75 171
75 6770
75 955
75 6771
75 181
75 6772
75 1997
75 186
75 6773
75 2003
75 762
75 191
75 196
75 2014
75 6774
75 201
75 6775
75 205
75 207
75 1529
75 6776
75 2048
75 2055
75 6777
75 2062
75 2064
75 6245
75 6778
75 237
75 2107
75 2109
75 239
75 6779
75 6780
75 1531
75 6781
75 5977
75 2118
75 6782
75 979
75 6783
75 250
75 2127
75 6784
75 253
75 5033
75 264
75 265
75 1474
75 268
75 5705
75 2184
75 6785
75 283
75 2229
75 284
75 286
75 2242
75 6786
75 6787
75 6788
75 2247
75 297
75 2273
75 304
75 4365
75 6789
75 2309
75 321
75 6790
75 2352
75 6791
75 6792
75 6793
75 336
75 6794
75 2396
75 6795
75 345
75 2415
75 347
75 5770
75 6796
75 2459
75 2475
75 6797
75 6798
75 2489
75 6799
75 2509
75 6800
75 2518
75 2519
75 2524
75 2530
75 799
75 2551
75 6801
75 379
75 5193
75 1049
75 1050
75 392
75 393
75 6802
75 1051
75 1052
75 1053
75 6803
75 1054
75 394
75 2592
75 1056
75 6160
75 1057
75 2626
75 2627
75 6804
75 405
75 6805
75 6806
75 406
75 6807
75 6808
75 6809
75 2669
75 1077
75 2687
75 6810
75 6811
75 2699
75 2710
75 6812
75 6813
75 6814
75 2737
75 6815
75 6177
75 5380
75 6816
75 6817
75 6818
75 2835
75 2837
75 6819
75 1134
75 6820
75 6821
75 6822
75 2843
75 6823
75 1143
75 6824
75 6825
75 1149
75 2868
75 2879
75 6826
75 2883
75 1160
75 6827
75 4600
75 6828
75 6829
75 6830
75 6831
75 1179
75 6832
75 6833
75 1186
75 6834
75 1189
75 6835
75 6836
75 2958
75 6837
75 2977
75 2992
75 1210
75 6838
75 3003
75 6839
75 3023
75 6840
75 6841
75 6842
75 6843
75 6844
75 6845
75 6846
75 6847
75 6848
75 6849
75 6850
75 1221
75 6851
75 3062
75 6852
75 6853
75 6854
75 6855
75 6856
75 6857
75 6858
75 6859
75 6860
75 1237
75 3119
75 6861
75 6862
75 3183
75 6863
75 6864
75 512
75 3219
75 6865
75 6866
75 3280
75 6867
75 6868
75 521
75 3289
75 6869
75 6870
75 5382
75 6871
75 6872
75 3356
75 3359
75 4720
75 6216
75 6217
75 3372
75 6873
75 6874
75 6875
75 6876
75 6877
75 6878
75 4741
75 6221
75 6879
75 4754
75 4762
75 6880
75 4763
75 556
75 6881
75 4770
75 6882
75 6883
75 6884
75 6885
75 6886
4068 4076
3818 6887
77 141
6888 87
6888 2843
6889 1767
6890 205
4199 312
4199 6891
6892 2127
5096 4221
6893 6894
6893 196
6895 87
5094 944
662 629
78 87
78 181
78 6896
78 6897
78 4424
78 2619
78 433
78 6898
78 4765
79 86
79 87
79 106
79 119
79 603
79 170
79 645
6899 6900
6899 269
6899 5946
1516 5672
1516 6316
6901 6151
6901 5611
4201 5824
4201 6902
1768 196
6903 4301
80 1533
6904 191
6904 1533
6905 1425
6905 1429
6905 1431
6906 196
718 6907
718 6908
718 6909
718 6910
718 6911
718 6912
718 6913
718 6914
718 6915
718 2174
718 6916
718 6917
718 2482
718 6918
718 6919
718 6920
4202 86
4202 1944
4202 6921
4202 6922
4202 5171
6923 1953
6923 2123
6923 6924
6923 1533
4203 106
4203 1533
6925 1425
6925 1429
6925 5379
6925 1431
81 196
82 86
82 104
82 106
82 6926
82 119
82 633
82 1520
82 130
82 6927
82 146
82 1522
82 1524
82 758
82 603
82 169
82 170
82 4282
82 6928
82 6929
82 327
82 2843
82 2988
82 3328
82 6930
82 3367
82 3505
1769 6931
1769 6932
1769 1642
1769 1652
1769 4082
1769 6933
1769 6934
4204 87
1770 196
6935 87
84 6936
5671 228
6937 86
85 599
6938 1425
86 1772
86 87
86 926
86 97
86 3907
86 5734
86 101
86 103
86 4222
86 105
86 106
86 931
86 109
86 6939
86 1432
86 4230
86 114
86 115
86 118
86 119
86 122
86 123
86 633
86 124
86 5688
86 5689
86 6095
86 6940
86 1847
86 5908
86 936
86 1866
86 6766
86 132
86 4961
86 134
86 136
86 629
86 5329
86 1881
86 139
86 942
86 142
86 4252
86 1542
86 1522
86 1666
86 5008
86 946
86 151
86 1917
86 6769
86 156
86 162
86 1938
86 6102
86 1943
86 758
86 167
86 603
86 169
86 170
86 171
86 172
86 954
86 178
86 180
86 186
86 6406
86 760
86 1999
86 3584
86 4105
86 6941
86 6942
86 964
86 193
86 2010
86 6943
86 196
86 198
86 604
86 4289
86 3913
86 205
86 206
86 1529
86 2048
86 4303
86 6944
86 226
86 6945
86 6110
86 5698
86 5621
86 6946
86 6947
86 6948
86 2083
86 2092
86 6949
86 2105
86 237
86 239
86 241
86 6950
86 6951
86 6250
86 243
86 6952
86 250
86 258
86 262
86 6593
86 1470
86 5254
86 6271
86 6596
86 3640
86 265
86 1474
86 6953
86 6445
86 4975
86 3859
86 5637
86 6122
86 6954
86 5721
86 5709
86 6955
86 2174
86 5644
86 6956
86 3886
86 6957
86 6785
86 6958
86 276
86 4344
86 284
86 286
86 297
86 2265
86 6131
86 6959
86 2301
86 312
86 313
86 315
86 6960
86 2331
86 6259
86 327
86 4399
86 2354
86 6961
86 2363
86 6962
86 6146
86 2385
86 6963
86 2400
86 346
86 2415
86 6964
86 900
86 566
86 4439
86 6965
86 355
86 356
86 2468
86 5773
86 6966
86 4446
86 363
86 6967
86 1032
86 6968
86 6969
86 2530
86 2546
86 379
86 2564
86 6970
86 2569
86 2570
86 6158
86 4477
86 4478
86 6971
86 6972
86 6973
86 6605
86 3707
86 1057
86 4929
86 3725
86 6034
86 5298
86 6974
86 6975
86 6976
86 1061
86 2619
86 399
86 1065
86 6977
86 4504
86 2664
86 2665
86 2680
86 2687
86 2688
86 412
86 2705
86 6978
86 2714
86 6979
86 1645
86 434
86 6980
86 1093
86 822
86 6981
86 2755
86 6982
86 6983
86 6984
86 1102
86 6181
86 452
86 1117
86 5358
86 6985
86 5793
86 1123
86 2822
86 5984
86 6986
86 2835
86 6987
86 4569
86 6988
86 6989
86 828
86 2860
86 5795
86 1144
86 6990
86 6991
86 1156
86 6992
86 2888
86 6993
86 6994
86 468
86 469
86 470
86 471
86 6995
86 6996
86 6997
86 5595
86 6998
86 1190
86 4618
86 4619
86 6999
86 2954
86 2964
86 7000
86 2970
86 6194
86 3015
86 5801
86 3017
86 7001
86 7002
86 7003
86 7004
86 7005
86 7006
86 7007
86 6629
86 7008
86 7009
86 7010
86 3038
86 7011
86 7012
86 6842
86 7013
86 7014
86 5989
86 7015
86 7016
86 7017
86 1224
86 7018
86 7019
86 7020
86 6859
86 7021
86 3092
86 7022
86 7023
86 498
86 3117
86 7024
86 7025
86 3131
86 3141
86 1248
86 3144
86 4676
86 7026
86 7027
86 7028
86 7029
86 7030
86 3214
86 7031
86 7032
86 7033
86 3239
86 3242
86 7034
86 7035
86 4697
86 7036
86 3289
86 4705
86 7037
86 7038
86 6211
86 7039
86 7040
86 3331
86 7041
86 3355
86 7042
86 7043
86 7044
86 7045
86 7046
86 7047
86 7048
86 7049
86 6875
86 1327
86 6877
86 3393
86 7050
86 7051
86 7052
86 7053
86 1350
86 7054
86 7055
86 7056
86 7057
86 7058
86 1359
86 7059
86 4776
86 7060
86 1367
86 7061
86 7062
86 3522
86 7063
86 7064
7065 7066
7065 228
7065 7067
7068 1387
7068 3241
1771 171
1771 7069
1771 2811
1772 119
1772 169
1772 170
87 926
87 7070
87 88
87 90
87 927
87 1782
87 7071
87 1786
87 92
87 7072
87 1793
87 7073
87 4218
87 5734
87 102
87 103
87 104
87 105
87 1805
87 4223
87 106
87 4225
87 7074
87 1806
87 7075
87 109
87 1813
87 7076
87 1817
87 112
87 1818
87 7077
87 4231
87 1826
87 1829
87 118
87 1831
87 119
87 120
87 121
87 123
87 7078
87 1841
87 7079
87 633
87 7080
87 7081
87 125
87 4235
87 5908
87 4116
87 7082
87 4118
87 1853
87 5973
87 7083
87 1866
87 129
87 938
87 1871
87 3909
87 4239
87 130
87 4240
87 131
87 132
87 3558
87 6397
87 1460
87 7084
87 1462
87 1877
87 136
87 7085
87 634
87 1879
87 7086
87 629
87 5329
87 4243
87 138
87 1881
87 7087
87 141
87 1889
87 143
87 7088
87 1894
87 146
87 4254
87 1904
87 1910
87 1522
87 1523
87 944
87 149
87 7089
87 5008
87 7090
87 1914
87 4259
87 151
87 753
87 6769
87 155
87 156
87 7091
87 7092
87 951
87 4265
87 7093
87 4266
87 1938
87 1940
87 1944
87 1958
87 168
87 7094
87 4272
87 1964
87 170
87 171
87 172
87 1972
87 1973
87 759
87 1425
87 174
87 1977
87 7095
87 1984
87 177
87 7096
87 7097
87 1989
87 182
87 7098
87 957
87 1994
87 7099
87 1995
87 7066
87 1528
87 7100
87 6405
87 7101
87 760
87 3586
87 2000
87 7102
87 3587
87 6510
87 7103
87 2004
87 7104
87 2005
87 2006
87 191
87 193
87 967
87 7105
87 7106
87 196
87 969
87 2022
87 7107
87 2024
87 2025
87 7108
87 7109
87 7110
87 7111
87 2031
87 2032
87 7112
87 4292
87 2036
87 1529
87 4293
87 7113
87 7114
87 2042
87 2045
87 4298
87 6922
87 7115
87 7116
87 2052
87 4305
87 2060
87 7117
87 2062
87 2070
87 4308
87 4310
87 903
87 7118
87 2073
87 2075
87 7119
87 4315
87 7120
87 7121
87 233
87 7122
87 7123
87 2096
87 6114
87 7124
87 7125
87 976
87 977
87 237
87 7126
87 4323
87 2112
87 7127
87 1531
87 2114
87 242
87 2115
87 245
87 2118
87 4326
87 2120
87 6952
87 981
87 250
87 2125
87 2126
87 2128
87 6784
87 2130
87 2132
87 7128
87 4333
87 4334
87 2141
87 262
87 6059
87 2150
87 1470
87 3601
87 5040
87 7129
87 6653
87 7130
87 5482
87 7131
87 7132
87 4972
87 3642
87 6753
87 7133
87 6010
87 7134
87 4339
87 7135
87 7136
87 5917
87 2174
87 2175
87 7137
87 3893
87 270
87 2193
87 7138
87 4342
87 7139
87 2200
87 275
87 7140
87 7141
87 7142
87 7143
87 7144
87 278
87 7145
87 279
87 2217
87 987
87 7146
87 2230
87 2232
87 286
87 990
87 2235
87 991
87 7147
87 290
87 4355
87 2247
87 7148
87 2249
87 7149
87 2257
87 7150
87 2260
87 2261
87 5754
87 996
87 780
87 2270
87 5819
87 7151
87 4363
87 2275
87 4364
87 6959
87 7152
87 4369
87 7153
87 4371
87 898
87 4373
87 2294
87 2297
87 7154
87 312
87 313
87 314
87 315
87 7155
87 783
87 5757
87 7156
87 2320
87 7157
87 7158
87 2321
87 4385
87 1006
87 7159
87 2326
87 2329
87 4389
87 7160
87 7161
87 4391
87 7162
87 7163
87 4398
87 2349
87 4400
87 5379
87 7164
87 7165
87 2354
87 2362
87 4407
87 5762
87 2368
87 2369
87 333
87 7166
87 7167
87 1380
87 2373
87 7168
87 4410
87 7169
87 2377
87 7170
87 2380
87 2381
87 6897
87 334
87 7171
87 1014
87 4411
87 336
87 2386
87 337
87 7172
87 2390
87 339
87 7173
87 1016
87 4415
87 2405
87 2408
87 2409
87 7174
87 569
87 596
87 7175
87 2410
87 6147
87 2419
87 4423
87 7176
87 2424
87 2425
87 2426
87 7177
87 350
87 5351
87 2429
87 4429
87 2434
87 7178
87 4434
87 566
87 7179
87 2442
87 2446
87 1023
87 4438
87 7180
87 7181
87 2457
87 2462
87 1535
87 4441
87 7182
87 2467
87 7183
87 4442
87 7184
87 5772
87 7185
87 1025
87 360
87 5774
87 711
87 2479
87 2482
87 4444
87 1027
87 2491
87 1028
87 2502
87 4448
87 4450
87 5571
87 7186
87 4452
87 364
87 365
87 366
87 7187
87 4453
87 1032
87 4455
87 7188
87 2522
87 2523
87 1033
87 7189
87 7190
87 796
87 2524
87 7191
87 7192
87 2530
87 2535
87 4460
87 2537
87 7193
87 4463
87 2539
87 2540
87 7194
87 2542
87 4464
87 7195
87 4467
87 7196
87 2550
87 1039
87 378
87 2554
87 2556
87 4469
87 7197
87 2563
87 382
87 2568
87 7198
87 3921
87 4473
87 7199
87 7200
87 5354
87 4476
87 4479
87 386
87 387
87 388
87 389
87 390
87 7201
87 7202
87 2587
87 4482
87 4483
87 2592
87 2593
87 1055
87 7203
87 6973
87 7204
87 4486
87 7205
87 2602
87 2603
87 2605
87 4489
87 2606
87 2607
87 7206
87 4982
87 6460
87 5840
87 6756
87 1059
87 1060
87 7207
87 2619
87 7208
87 4493
87 7209
87 2624
87 7210
87 4494
87 4495
87 2629
87 2633
87 7211
87 1066
87 7212
87 4501
87 406
87 5784
87 2642
87 1069
87 4503
87 7213
87 2649
87 7214
87 7215
87 2661
87 2662
87 7216
87 7217
87 4508
87 7218
87 1075
87 2677
87 4513
87 6168
87 2693
87 412
87 7219
87 7220
87 4515
87 2712
87 2713
87 430
87 7221
87 4522
87 2721
87 1085
87 1086
87 7222
87 432
87 433
87 434
87 435
87 7223
87 4523
87 438
87 4525
87 440
87 7224
87 4530
87 2740
87 7225
87 1099
87 4537
87 2762
87 7226
87 679
87 4545
87 1104
87 2772
87 823
87 449
87 1108
87 7227
87 1110
87 4550
87 4551
87 7228
87 1119
87 4557
87 7229
87 453
87 1121
87 4568
87 5983
87 2829
87 5794
87 7230
87 1133
87 7231
87 5985
87 1138
87 4572
87 7232
87 7233
87 1139
87 456
87 7234
87 4578
87 459
87 4582
87 7235
87 7236
87 1153
87 4591
87 7237
87 463
87 7238
87 2887
87 7239
87 4599
87 7240
87 6827
87 2892
87 4602
87 4603
87 7241
87 468
87 469
87 470
87 471
87 4604
87 2900
87 2901
87 4607
87 7242
87 1169
87 7243
87 2916
87 7244
87 6831
87 7245
87 7246
87 6996
87 7247
87 6832
87 7248
87 7249
87 2933
87 2934
87 4617
87 2939
87 7250
87 1195
87 4623
87 7251
87 7252
87 4625
87 5362
87 2963
87 1202
87 1204
87 7253
87 1207
87 2986
87 7254
87 7255
87 2999
87 7256
87 3005
87 7257
87 7258
87 7259
87 3755
87 7260
87 5308
87 5317
87 485
87 3051
87 7261
87 7262
87 7263
87 7264
87 7265
87 4657
87 1225
87 7266
87 1227
87 4659
87 7267
87 491
87 7268
87 7269
87 7270
87 7271
87 3086
87 7021
87 7272
87 7273
87 7274
87 3096
87 3097
87 7275
87 7276
87 7277
87 7278
87 500
87 3116
87 851
87 3128
87 7025
87 3129
87 7279
87 3137
87 1246
87 7280
87 6204
87 3144
87 4674
87 7281
87 5912
87 7282
87 3156
87 3181
87 3812
87 3195
87 3196
87 1403
87 3197
87 7283
87 6864
87 512
87 7284
87 3203
87 7285
87 7286
87 7287
87 7288
87 4689
87 1267
87 7289
87 3225
87 7290
87 7291
87 4695
87 1275
87 7292
87 7293
87 3260
87 3275
87 3289
87 7294
87 7295
87 7296
87 3330
87 533
87 3333
87 863
87 7297
87 1310
87 3360
87 3366
87 7298
87 7299
87 540
87 7300
87 3373
87 7301
87 7302
87 7303
87 1337
87 1338
87 7050
87 3396
87 3399
87 3400
87 4738
87 1341
87 1345
87 4746
87 3421
87 4748
87 3426
87 7304
87 7305
87 7306
87 7307
87 7308
87 5598
87 7309
87 7310
87 3464
87 3465
87 7311
87 4773
87 558
87 7312
87 7313
87 7314
87 5814
87 4779
87 4780
87 7315
87 3498
87 3500
87 3501
87 4784
87 7316
87 7317
87 7318
87 4794
926 119
926 758
926 603
926 170
926 604
4206 212
4206 1145
1773 196
4207 196
7319 102
7319 193
7319 6024
88 5329
88 2133
7320 1786
7320 119
7320 7321
1775 1419
1776 196
1777 1533
1778 6114
4208 120
7322 1425
7322 1431
1684 7323
1684 5982
90 196
90 212
1779 1796
1779 105
1779 7324
1779 7325
1779 7326
1779 7327
1779 4044
1779 7328
1779 751
1779 1419
1779 4070
1779 1629
1779 2046
1779 7329
1779 2059
1779 4046
1779 7330
1779 1631
1779 7331
1779 4050
1779 7332
1779 5950
1779 5161
1779 7333
1779 7334
1779 801
1779 7335
1779 7336
1779 7337
1779 7338
1779 4074
1779 2780
1779 7339
1779 4055
1779 7340
1779 832
1779 4056
1779 7341
1779 4077
1779 3199
1779 3298
1779 7342
1779 7343
1779 7344
1779 7345
1779 6934
1779 7346
7347 169
4110 903
4209 3907
4209 7348
4209 4180
4209 7349
4209 7350
4209 7351
7352 719
927 196
3554 1462
5399 1425
6082 575
7353 1431
4210 196
7354 6887
7354 7355
6887 1518
6887 3819
6887 3820
6887 7356
6887 3823
6887 7357
6887 7358
7359 7360
7359 122
91 2053
91 7361
1783 2127
703 6083
703 119
703 752
703 305
1785 629
1785 196
7362 7363
7362 949
7362 587
7362 375
5343 581
3906 97
3906 119
3906 170
7071 312
1786 7364
1786 6092
1786 119
1786 7321
1786 7365
1786 7366
1786 6135
92 170
92 196
7367 4416
1787 2422
4211 4379
4211 7368
4211 7369
4211 7370
7371 123
7371 1529
94 170
94 7372
94 7373
94 3019
94 7374
929 2814
7375 4245
7375 170
95 1815
95 1938
95 196
95 4435
95 5775
95 2979
96 196
609 7376
609 7377
609 7378
609 147
609 196
1788 119
1788 7379
1788 170
1788 1466
1788 196
1788 7380
1788 7381
1788 1470
1788 7382
1788 6071
1788 7383
1788 7384
1788 7385
1788 6072
1788 7386
1788 7387
1788 7388
1788 7389
1788 6074
1788 6075
1788 5899
1788 5900
1788 7390
97 170
97 2860
97 7271
97 7391
97 7392
7393 3907
7393 936
4214 4294
1789 237
1789 3124
581 5344
581 706
581 708
581 587
581 712
719 5323
719 7394
719 226
719 7395
719 7396
719 7397
719 3862
719 7398
719 7399
719 7400
719 3880
719 5905
7401 196
4216 112
4216 1938
639 1420
7072 2223
7376 120
7376 7402
7376 7403
7376 4608
7376 7404
6085 209
7405 3907
7405 936
3907 119
3907 7406
3907 7407
3907 7408
3907 7409
3907 7410
3907 7411
3907 758
3907 603
3907 169
3907 170
3907 7412
3907 7413
3907 7414
3907 7415
3907 7416
3907 4180
3907 265
3907 3854
3907 2164
3907 7349
3907 2166
3907 7417
3907 7418
3907 7419
3907 7420
3907 7421
3907 7422
3907 7423
3907 7424
3907 7425
3907 7426
3907 7427
3907 7428
3907 7429
3907 7430
3907 7431
3907 7432
3907 7433
3907 7434
3907 7435
3907 7436
3907 7437
3907 7438
3907 7439
3907 7440
3907 7441
3907 7442
3907 7443
3907 7444
3907 7445
3907 7446
3907 7447
3907 7448
3907 7449
3907 7450
3907 7451
3907 7452
3907 7453
3907 7454
3907 7455
3907 7456
3907 7457
3907 7458
3907 7459
3907 7460
3907 7351
3907 7461
3907 7462
3907 7463
3907 7464
3907 7465
3907 7466
3907 7467
3907 7468
3907 5979
3907 7469
3907 7470
3907 7471
3907 7472
3907 7473
3907 7474
3907 7475
3907 7476
3907 7477
3907 7478
3907 7479
3907 7480
3907 7481
3907 7482
3907 7483
3907 7484
3907 7485
3907 7486
3907 7487
3907 7488
3907 7489
3907 7490
3907 7491
3907 7492
3907 7493
3907 7494
3907 7495
3907 7496
3907 7497
3907 7498
3907 7499
3907 7500
3907 7501
3907 7502
3907 7503
3907 7504
3907 7505
3907 7506
3907 7507
3907 7508
3907 7509
3907 7510
3907 7511
3907 7512
3907 7513
3907 7514
3907 7515
3907 7516
3907 7517
98 119
98 130
98 758
98 2207
98 3917
98 7518
98 1116
7519 7520
7519 136
7519 196
7519 6259
7521 575
7521 589
7522 401
7522 7523
7522 7524
1793 196
1794 1522
1794 1925
1794 7525
7526 1425
7526 1429
1796 2046
7527 936
4217 1938
1797 7528
1798 1938
7529 936
1799 114
1799 1868
1799 7530
1799 5744
1799 2145
1799 992
1799 2490
1799 7531
1799 1097
1799 1234
1799 6210
1388 170
6076 7532
6076 7533
7534 7535
1800 7536
1800 3830
99 141
99 6986
99 6997
100 7537
100 6116
100 7538
100 4521
100 7539
100 7540
4219 569
1389 119
7360 114
7360 196
7360 4512
7360 4558
7360 4597
7360 4638
101 105
101 196
1802 196
7541 1429
102 108
102 4227
102 7537
102 955
102 1997
102 963
102 7542
102 6245
102 2076
102 7543
102 6119
102 4350
102 4393
102 347
102 2425
102 7544
102 566
102 6151
102 2520
102 7545
102 2548
102 1054
102 6167
102 7546
102 2682
102 7547
102 7548
102 7549
102 7550
102 679
102 1117
102 4573
102 7235
102 7551
102 2909
102 7552
102 1193
102 1210
102 3035
102 3167
102 7553
102 1255
102 7554
102 4688
102 7555
102 7033
102 3262
102 7556
102 7557
102 7558
102 7559
102 7560
102 7561
102 7562
102 3444
102 7563
7564 629
4221 587
103 119
103 758
103 603
103 170
103 265
103 2258
103 6897
103 7565
103 2695
103 7222
103 4535
103 4637
103 7566
1547 4004
7567 4118
7568 170
4222 5352
104 106
104 109
104 119
104 130
104 1542
104 758
104 603
104 170
104 196
104 265
7569 666
930 194
930 4296
930 255
930 2880
7570 114
105 106
105 1812
105 5655
105 6926
105 7571
105 119
105 936
105 1865
105 1868
105 4237
105 130
105 7572
105 1882
105 7573
105 7574
105 946
105 7575
105 758
105 169
105 170
105 171
105 1967
105 7576
105 7577
105 7578
105 7579
105 196
105 604
105 7580
105 200
105 210
105 2038
105 7581
105 903
105 7582
105 2089
105 7583
105 6780
105 6250
105 2129
105 253
105 4096
105 265
105 2164
105 6958
105 2223
105 7584
105 2238
105 993
105 2254
105 7585
105 7586
105 6789
105 309
105 2296
105 7587
105 7588
105 7589
105 900
105 2456
105 6965
105 7590
105 7591
105 7592
105 1027
105 7593
105 7594
105 382
105 7595
105 7596
105 7597
105 7598
105 7599
105 407
105 2654
105 2669
105 412
105 2715
105 1093
105 7600
105 7601
105 7602
105 7603
105 7604
105 7605
105 1145
105 2868
105 1151
105 1160
105 7606
105 2923
105 2930
105 7607
105 1186
105 7524
105 7608
105 5196
105 7609
105 7610
105 7611
105 2994
105 7612
105 7613
105 3007
105 5198
105 5199
105 3055
105 7614
105 5200
105 7615
105 5201
105 7616
105 3144
105 7617
105 5202
105 5203
105 5204
105 7618
105 5205
105 7619
105 7620
105 5206
105 5208
105 7030
105 5209
105 5210
105 5211
105 7621
105 7622
105 7623
105 5212
105 5213
105 7624
105 7625
105 7626
105 7627
105 7628
105 5214
105 5215
105 5216
105 3357
105 7045
105 7046
105 7047
105 7048
105 7629
105 7630
105 5218
105 3451
105 7631
105 5219
105 7632
1424 5379
745 7633
745 1852
745 7634
745 170
745 7635
745 7636
745 7420
745 7637
745 7638
745 7639
745 7440
745 7444
745 7451
745 7453
745 7640
745 7461
745 7641
745 7642
745 7643
745 7469
745 7473
745 7644
745 7645
745 7646
745 7647
745 7480
745 7481
745 7487
745 7492
745 7648
745 7649
745 7506
745 7650
745 7651
745 7652
745 7514
7653 949
7653 1945
7653 959
7653 960
7653 1675
4223 7313
7654 577
1518 7655
1518 7520
1518 7656
1518 119
1518 7657
1518 5656
1518 7658
1518 7659
1518 7660
1518 136
1518 5726
1518 7661
1518 7662
1518 7663
1518 4281
1518 4301
1518 7664
1518 5512
1518 7665
1518 7666
1518 7667
1518 7668
1518 3606
1518 2154
1518 3859
1518 5571
4224 1432
4224 7111
4224 7669
4224 7670
4224 4398
4224 5571
4224 7671
4224 7386
4224 7672
106 109
106 114
106 115
106 118
106 119
106 121
106 123
106 141
106 1522
106 151
106 156
106 158
106 170
106 3912
106 196
106 205
106 239
106 265
106 2236
106 6959
106 6789
106 2318
106 7673
106 382
106 7674
106 2614
106 7215
106 1135
106 1136
106 7675
106 7247
106 1188
106 7676
106 7677
106 4615
106 2976
106 1209
106 5990
106 7678
106 5806
106 7679
106 3304
106 7680
106 7681
106 6872
106 3356
106 7682
106 7683
106 7684
106 7685
106 7686
107 629
931 1814
931 7687
931 2593
720 7688
720 7689
720 3821
720 7690
720 633
720 7691
720 7692
720 7693
720 7694
720 7695
720 3836
720 7696
720 7358
720 7697
720 7698
720 3676
720 7699
720 7700
720 3870
720 7701
720 7702
720 7703
720 7704
720 7705
720 7706
720 7707
720 7708
720 3899
720 7709
720 7710
720 7711
704 577
704 196
1806 633
1806 7712
1806 169
1806 193
1806 7713
1806 2165
1806 7714
1806 7715
1806 2176
1806 2931
7716 3825
7716 7660
7716 5705
6091 2154
6091 7133
1808 109
7717 4230
5181 1393
7075 7069
1519 115
1519 4874
1519 5137
1519 758
1519 170
1519 7718
1519 7719
1811 114
4228 955
7720 666
7720 7721
5655 5656
5655 125
5655 5666
5655 723
5655 1865
5655 170
5655 5705
109 4230
109 7076
109 119
109 120
109 7722
109 155
109 7091
109 1943
109 4271
109 1964
109 170
109 4276
109 196
109 5520
109 7723
109 7724
109 4323
109 6783
109 5749
109 7725
109 7726
109 7727
109 2529
109 5780
109 2674
109 4555
109 4571
109 7728
109 1165
109 1255
109 3294
4229 975
6939 1921
6092 119
6092 7729
1814 4277
1432 7730
1432 7731
1432 169
1432 7732
1432 7733
1432 7734
1432 7735
1432 7736
1432 1433
1432 7737
1432 7738
1432 5711
1432 4349
1432 7739
1432 7740
1432 2226
1432 7741
1432 7742
1432 7743
1432 7744
1432 7745
1432 7746
1432 7747
1432 6962
1432 7748
1432 5914
1432 7749
1432 7750
1432 7751
1432 7752
1432 794
1432 7753
1432 7754
1432 7755
1432 7756
1432 7757
1432 7758
1432 7759
1432 7760
1432 7761
1432 7762
1432 6166
1432 820
1432 2737
1432 7763
1432 7764
1432 7765
1432 7766
1432 7230
1432 7767
1432 5915
1432 7768
1432 7769
1432 7770
1432 7771
1432 7772
1432 7773
1432 7774
1432 7775
1432 7776
1432 7777
1432 6860
1432 7778
1432 7779
1432 7780
1432 7781
1432 7782
1432 7783
1432 7784
1432 7785
1432 7786
1815 7787
1815 2055
1815 5767
1815 7788
7789 1938
7789 196
7789 6143
7789 6795
4230 170
4230 7790
7791 1967
7791 184
7791 196
7791 7600
5183 7792
5183 196
5183 4302
5183 7000
5183 5878
7793 196
7793 406
7794 196
7795 196
7796 7323
7796 1856
7796 7797
7796 4301
7796 2105
7798 7080
7798 7799
7798 7800
7798 169
7798 196
7798 7801
7798 7802
7803 6250
112 7804
1818 1020
7805 142
7805 903
1820 196
1821 2085
1821 4605
1821 4692
3908 170
3908 193
3908 7806
114 119
114 130
114 1896
114 758
114 170
114 6103
114 1466
114 196
114 245
114 265
114 4341
114 2238
114 651
114 2270
114 6131
114 7175
114 7807
114 7195
114 4468
114 7201
114 7203
114 7808
114 4491
114 7809
114 7810
114 646
114 2699
114 7811
114 6171
114 7812
114 7813
114 7814
114 5594
114 7815
114 6189
114 7816
114 7817
114 3082
114 1232
114 7818
114 7819
114 507
114 7820
114 3138
114 7281
114 7821
114 7027
114 3174
114 3228
114 7822
114 7823
114 7824
114 537
114 7825
114 7826
114 4753
114 5366
114 7308
114 7827
114 7828
115 629
115 603
115 170
115 191
115 312
1822 193
116 141
116 1523
116 1070
116 3456
1823 196
1824 196
7829 629
1825 1938
1827 7830
1827 3917
1827 7831
1827 5829
1827 7832
1827 4679
7833 1918
7323 4301
7323 7834
1828 194
7835 196
7536 3830
7536 3847
7536 1630
7536 3878
7836 4116
7836 2238
7836 4457
118 119
118 130
118 758
118 170
118 1466
118 265
118 2268
1832 151
7837 1947
7837 1948
7837 1952
7837 2101
7837 7590
5615 603
7838 196
7325 169
7839 764
7839 1420
7840 629
7841 1425
7841 1429
6093 1522
7842 123
1835 758
7326 1938
7326 1419
7363 949
119 120
119 121
119 122
119 123
119 633
119 125
119 1847
119 7843
119 1520
119 129
119 3909
119 130
119 7844
119 3556
119 7845
119 3557
119 3558
119 6395
119 5231
119 133
119 6396
119 6397
119 6398
119 1460
119 4961
119 5232
119 6399
119 1566
119 5233
119 1461
119 5725
119 7846
119 5235
119 6400
119 134
119 3563
119 135
119 3564
119 1462
119 4242
119 3565
119 7847
119 136
119 5236
119 1568
119 634
119 1878
119 3569
119 6401
119 5026
119 5027
119 6729
119 3573
119 1879
119 6730
119 1464
119 5240
119 4873
119 6097
119 4095
119 5242
119 7848
119 3910
119 629
119 1521
119 4245
119 141
119 942
119 1394
119 142
119 6402
119 1522
119 944
119 5008
119 151
119 156
119 160
119 162
119 1628
119 5975
119 758
119 167
119 603
119 1964
119 170
119 172
119 955
119 177
119 178
119 184
119 6403
119 1528
119 6533
119 1466
119 6404
119 1569
119 185
119 186
119 7849
119 5029
119 6406
119 760
119 1467
119 6407
119 5243
119 6410
119 4279
119 3584
119 3586
119 6412
119 5246
119 5321
119 187
119 6413
119 7103
119 4965
119 762
119 3912
119 196
119 604
119 4287
119 2034
119 205
119 206
119 1529
119 210
119 7113
119 1395
119 226
119 233
119 237
119 239
119 241
119 1531
119 6250
119 243
119 245
119 3590
119 250
119 982
119 6059
119 6414
119 6650
119 4101
119 2150
119 5035
119 264
119 3595
119 7850
119 6416
119 5253
119 6417
119 3599
119 3602
119 6418
119 5254
119 4839
119 7851
119 6575
119 1571
119 6419
119 5256
119 1471
119 4970
119 6268
119 6717
119 3606
119 5011
119 3607
119 5257
119 6421
119 1573
119 6422
119 3609
119 6423
119 6424
119 5258
119 5259
119 6426
119 7852
119 3614
119 6427
119 7853
119 3616
119 6732
119 6733
119 5261
119 6048
119 6430
119 3621
119 6432
119 6031
119 4096
119 6433
119 5046
119 4097
119 5264
119 6434
119 6435
119 5567
119 5266
119 5267
119 5268
119 3634
119 5269
119 3635
119 5270
119 6438
119 3639
119 7854
119 3640
119 7855
119 7856
119 265
119 266
119 5955
119 5273
119 3646
119 6440
119 267
119 5854
119 3647
119 6441
119 6540
119 3648
119 5965
119 5274
119 5275
119 3652
119 7857
119 5049
119 3654
119 1474
119 6542
119 4847
119 3664
119 6443
119 3665
119 5279
119 268
119 7858
119 6445
119 7859
119 6447
119 5281
119 6448
119 5864
119 3675
119 2174
119 3915
119 286
119 2238
119 2252
119 993
119 2281
119 6135
119 323
119 7860
119 327
119 7861
119 2400
119 2405
119 596
119 3917
119 354
119 7862
119 3919
119 1031
119 2528
119 2552
119 379
119 2564
119 4472
119 7863
119 3921
119 7864
119 7865
119 6971
119 2592
119 7866
119 6449
119 6450
119 4977
119 6451
119 5606
119 3678
119 7867
119 5284
119 3682
119 3683
119 1476
119 5285
119 1477
119 6599
119 6735
119 7868
119 5286
119 1481
119 1483
119 6721
119 4982
119 804
119 6458
119 6602
119 7869
119 6460
119 6462
119 7870
119 6161
119 1484
119 3699
119 6621
119 6604
119 7871
119 4854
119 7872
119 3707
119 3708
119 3710
119 3713
119 5294
119 805
119 6736
119 5590
119 6464
119 3717
119 1057
119 6467
119 6468
119 5443
119 5966
119 3735
119 5298
119 3742
119 7873
119 5967
119 1489
119 1490
119 5303
119 403
119 7874
119 6165
119 412
119 1645
119 6175
119 7600
119 7875
119 6176
119 7876
119 6983
119 7877
119 2812
119 1537
119 7878
119 5009
119 6189
119 7879
119 6473
119 7880
119 2913
119 3924
119 3925
119 7881
119 6474
119 3757
119 7882
119 4996
119 3761
119 7005
119 7883
119 7884
119 3778
119 6611
119 5311
119 7885
119 6477
119 6737
119 7886
119 7887
119 7888
119 6738
119 7889
119 7890
119 848
119 4661
119 7891
119 3159
119 3174
119 7892
119 3926
119 5365
119 7893
119 7894
119 3246
119 4699
119 7895
119 7896
119 7392
119 7897
119 7898
7899 7900
7899 7657
7899 633
7899 3843
7899 7700
7899 7703
7899 7901
7899 7704
7899 7708
935 1084
7902 1522
7902 1938
7903 1522
7904 7905
7904 169
7904 228
7904 7906
7904 305
7904 587
120 1542
120 170
120 6922
120 978
120 270
120 7907
120 2242
120 1396
120 326
120 7908
120 7909
120 7910
120 6800
120 4504
120 6169
120 1096
120 4540
120 4596
120 2900
120 7014
120 7911
120 530
120 7912
120 7312
1836 4642
1837 332
121 130
121 1542
121 155
121 758
121 603
121 169
121 170
121 196
121 237
121 265
121 5281
1838 196
122 130
122 170
122 233
122 7913
122 7164
122 4409
122 7914
122 427
122 7915
122 7916
122 4601
122 7270
122 7917
5971 171
1391 170
575 6108
575 587
575 7918
7919 7685
123 124
123 722
123 1851
123 7658
123 130
123 142
123 758
123 603
123 170
123 1969
123 6772
123 196
123 604
123 3849
123 7582
123 2088
123 265
123 4153
123 7920
123 7921
123 7922
123 7923
123 2377
123 2396
123 2556
123 7924
123 7925
123 6164
123 6804
123 2634
123 2659
123 2697
123 2705
123 1090
123 7926
123 2809
123 2867
123 4585
123 7927
123 7928
123 2989
123 7272
123 7929
123 7930
123 7931
123 3321
123 3322
123 3323
123 3324
123 3325
123 3326
123 3327
123 7932
123 3467
123 7933
7078 364
6764 7934
1840 4288
4233 1938
1842 364
1843 1938
1844 196
7935 1145
7321 6135
7321 587
7936 1892
7936 2021
7079 633
7079 7937
7079 2171
3821 7657
3821 633
7938 226
3822 633
3822 7660
3822 5976
3823 5978
7939 7080
7939 7940
7939 5618
7939 169
7939 7941
7939 7942
7939 7943
7939 7944
7535 7080
7535 7799
7535 7800
7535 7532
7535 7533
7535 7945
7535 7941
7535 7946
7535 7801
7947 4457
7948 7657
7948 633
7948 5705
3824 633
721 5618
721 169
721 226
721 7395
721 7949
721 3877
721 7950
721 4457
721 7951
721 7952
3825 7657
3825 633
3825 142
3825 169
3825 5705
3825 3865
3825 7953
3825 7954
3825 7955
3825 3902
7956 903
7956 4123
7956 7957
7956 7958
7657 7355
7657 6094
7657 7959
7657 7692
7657 7960
7657 3836
7657 7961
7657 7962
7657 7963
7657 5705
7657 5978
7657 3859
7657 7964
7657 7965
7657 3866
7657 3868
7657 5643
7657 3876
7657 7954
7657 3897
7657 7966
633 7355
633 7967
633 6094
633 7968
633 7969
633 6907
633 7693
633 7970
633 1853
633 7971
633 7972
633 603
633 170
633 1466
633 6910
633 7696
633 7961
633 7973
633 7974
633 7975
633 4130
633 3848
633 7963
633 3851
633 7976
633 3854
633 7977
633 7978
633 2163
633 5978
633 7979
633 7980
633 7698
633 7965
633 3676
633 7699
633 7981
633 7432
633 3868
633 7982
633 5903
633 5917
633 7983
633 7984
633 3872
633 983
633 3874
633 3875
633 7985
633 7986
633 3876
633 6123
633 7987
633 3881
633 3882
633 7988
633 7989
633 7990
633 7991
633 3893
633 7992
633 2430
633 7993
633 7994
633 3900
633 7995
633 7996
6094 7959
6094 169
6094 7997
6094 7982
6094 7701
6094 7998
6094 7999
6094 8000
6094 8001
6094 3904
124 170
124 3849
124 8002
124 8003
124 8004
124 8005
124 8006
124 8007
124 8008
124 8009
124 7920
124 8010
124 4171
8011 3876
7080 4235
7080 7082
7080 5618
7080 142
7080 169
7080 7412
7080 8012
7080 8013
7080 8014
7080 8015
7080 8016
7080 8017
7080 8018
7080 8019
7080 8020
7080 8021
7080 8022
7080 7989
7799 4235
7799 8023
722 170
722 226
722 7949
722 7397
722 8024
722 8025
722 7399
722 6123
722 8026
722 5905
722 8027
722 8028
7692 7660
7406 936
8029 142
1846 2171
7407 936
7407 7636
7407 8030
7407 8031
7407 8032
7407 412
5972 7081
5972 170
8033 936
8034 2164
7081 8035
7081 8036
7081 7428
7081 7450
7081 7641
7081 7645
7081 7479
7081 8037
7081 8038
7081 8039
7081 8040
7081 8041
7081 8042
7081 8043
8044 936
8044 7349
3826 125
3826 170
5689 125
6230 5656
6230 5699
6230 7118
6230 8045
8046 125
6231 8047
6231 1847
6231 136
6231 5724
6231 8048
6231 6946
6231 8024
8049 723
6095 125
3827 5656
3827 125
5616 5656
5616 125
5616 8050
5616 170
5656 5666
5656 6233
5656 136
5656 170
5656 6234
5656 5639
6096 125
6096 170
5617 1847
6940 125
6940 170
6940 8051
6940 8052
125 5692
125 8053
125 5666
125 8054
125 170
125 177
125 762
125 226
125 3841
125 5621
125 6947
125 5633
125 5680
125 8055
125 5719
125 8056
125 5636
125 5706
125 5637
125 8057
125 8058
125 6236
125 6122
125 906
125 5709
125 8059
125 8060
125 8061
125 8062
125 403
125 5647
125 8052
125 8063
8064 5628
8064 3850
8065 5691
5690 8066
5691 8054
5691 8067
5691 8055
5691 3861
5691 8068
5692 169
8069 5666
8069 723
8070 723
8070 1847
5666 5674
5666 8055
5666 8056
5666 8071
5666 5825
5666 8072
5666 8060
5666 6139
5666 8073
723 170
723 8074
723 5698
723 8075
723 8056
723 8071
723 8061
723 8076
723 8062
723 8077
5657 7940
5657 8078
5657 228
8079 5693
8080 1847
8080 603
8081 1847
8081 170
1847 758
1847 170
1847 5677
1847 5699
1847 6946
1847 8075
1847 8082
1847 8083
1847 6237
1847 8084
1847 8085
1847 8086
1847 8087
1847 8088
1847 8076
1847 8089
6232 3841
5658 228
5693 5323
5693 5718
5693 8090
5693 8082
5693 5635
5693 8083
5693 5639
5693 8084
5693 8088
5693 8045
5693 8091
5693 8092
5693 8093
5693 8094
5693 8095
5693 8063
4112 903
4112 8096
4112 3878
4112 8097
8098 903
3829 8099
3829 3849
3829 8100
3830 4117
3830 3834
3830 8101
3830 7920
3830 8102
8103 169
8103 7942
8103 4457
4113 8104
4113 903
8105 1848
8105 8106
8105 8107
8105 777
8105 8108
8105 5917
8105 8109
4114 903
7409 7659
7409 8110
7409 8111
6907 6910
6907 8112
6907 2178
8113 936
4235 8023
4235 7946
4235 7943
4235 8114
4235 4457
4115 7658
5908 3831
5908 169
5908 1999
5908 7134
5908 2170
5908 2172
5908 8115
5908 2177
5908 8116
5908 8117
5908 7137
5908 2185
5908 8118
5908 8119
5908 8120
5908 8121
5908 8122
5908 3248
5908 8123
5908 8124
5908 3249
5908 8125
5908 8126
5908 8127
5908 8128
8129 5917
4116 5694
4116 8130
4116 1460
4116 169
4116 226
4116 8131
4116 8132
7800 8133
4117 8134
4117 8005
4117 8135
4117 8136
4117 8137
4117 8138
4117 8009
4117 8139
7082 226
7082 8140
7082 4457
936 7633
936 7634
936 169
936 170
936 196
936 7414
936 7415
936 7416
936 8141
936 8142
936 8143
936 8144
936 4181
936 8145
936 8146
936 8147
936 8148
936 8149
936 8150
936 8151
936 8152
936 7417
936 8153
936 7418
936 8154
936 8155
936 8035
936 7420
936 7422
936 7423
936 7424
936 7426
936 7429
936 8156
936 7638
936 8157
936 8158
936 8159
936 7639
936 8160
936 7434
936 4182
936 8161
936 8162
936 7438
936 8163
936 8164
936 7443
936 8165
936 7445
936 7448
936 8166
936 8167
936 7454
936 8168
936 7455
936 8169
936 8170
936 7456
936 8171
936 7640
936 7459
936 7351
936 8172
936 8173
936 8174
936 8175
936 8176
936 7641
936 8177
936 7464
936 7465
936 7466
936 7642
936 7468
936 8178
936 8179
936 8180
936 7474
936 8181
936 4183
936 8182
936 8183
936 8184
936 7478
936 8185
936 8186
936 8187
936 8188
936 8189
936 8190
936 8191
936 7483
936 7484
936 7485
936 7486
936 4184
936 8192
936 7488
936 7490
936 8193
936 8194
936 7495
936 7648
936 7499
936 7500
936 8039
936 8195
936 8196
936 8197
936 8198
936 8199
936 8200
936 7649
936 7504
936 8201
936 7507
936 8202
936 8203
936 7509
936 7652
936 7510
936 8204
936 8205
936 8042
936 8206
936 8207
936 7512
936 7515
936 8208
936 7516
7940 8133
3832 8209
3832 8210
3832 8211
3832 8212
3832 8213
3832 8214
3832 8007
3832 8215
3832 8135
3832 8136
3832 8101
8216 8215
8216 4159
8216 4160
8216 8217
5618 4118
5618 5694
5618 4259
5618 2176
1848 170
1848 226
1848 5917
1848 8218
1848 8219
8133 142
8133 8220
8133 8114
8221 5008
8221 170
8221 6909
8221 2171
7843 170
7843 8222
7843 8223
7843 8224
7843 2171
1849 2171
8225 412
1850 170
1850 5924
1850 8226
1850 4143
1850 5937
1850 8227
1850 4164
1850 8228
1850 3903
1851 226
1851 2238
4118 142
4118 169
4118 226
4118 8229
4118 8230
4118 5525
4118 8231
4118 6126
4118 8232
4118 8233
7905 4311
7905 8234
1852 7497
1852 8235
8236 142
8078 3851
1853 142
1853 169
1853 4311
1853 8237
1853 8238
1853 8239
1853 8240
1853 8241
1853 8242
8130 4457
8243 226
8244 903
7658 903
7658 4126
7658 7920
7712 8245
7712 8246
7712 8239
7712 8240
7712 8241
7712 8247
7712 8248
7712 8249
8250 3868
8250 5903
8251 3868
3835 170
3835 5921
3835 8252
8253 4457
4119 4159
7659 3909
7659 8254
7659 8255
7659 7455
7659 7646
7660 7978
7660 3859
7660 8256
7660 3868
7660 2176
7660 7702
7660 6957
7660 8257
7660 8258
7660 8259
937 1311
8260 2473
8260 1166
8260 8261
1856 5373
1856 169
1856 170
1856 1999
1856 7105
1856 8262
1856 2105
1856 8263
1856 7834
1856 8264
1856 8265
1856 8266
1856 2238
1856 8267
1856 8268
1856 8269
1856 1685
1856 8270
1856 8271
1856 8272
1856 8273
1856 8274
1856 8275
1856 8276
1856 8277
1856 8278
1856 8279
1856 8280
1856 812
1856 2737
1856 8281
1856 8282
1856 8283
126 196
1857 8284
8285 973
8285 995
8286 1193
1860 196
1860 4616
8287 4301
8287 1685
1520 6927
1520 8288
1520 758
1520 603
1520 4271
1520 170
1520 6104
1520 762
1520 196
1520 2061
1520 2084
1520 8289
1520 6134
1520 2331
1520 2367
1520 7192
1520 7612
1520 8290
1520 8291
1520 7618
1520 5807
1520 8292
1520 8293
1520 8294
8295 8296
5323 1462
5323 1472
8297 758
1865 634
8298 629
1866 141
1866 758
1866 170
1866 196
1866 215
1866 2068
1866 6136
1866 5758
1866 2778
1866 2850
1866 2968
1866 8299
1868 8300
1868 1369
129 130
129 196
129 213
129 2087
129 232
129 8301
129 8302
129 2204
129 8303
129 2211
129 8304
129 300
129 8305
129 311
129 1008
129 340
129 8306
129 8307
129 7209
129 7225
129 8308
129 8309
129 8310
129 4593
129 8311
129 6997
129 4628
129 3059
129 7020
129 3075
129 8312
129 7284
129 8313
129 3287
129 8314
129 3317
129 1350
1869 171
938 347
938 6820
4237 8315
8316 6250
4238 629
1871 312
577 196
577 8317
577 587
577 8318
3909 8319
4239 629
4239 196
130 752
130 156
130 162
130 758
130 167
130 170
130 196
130 1529
130 233
130 8320
130 237
130 245
130 265
130 998
130 323
130 327
130 2400
130 379
130 2564
616 205
7327 169
7327 8321
8322 167
8323 196
8104 196
1873 1938
1873 6987
4240 5742
4240 587
8324 315
8324 366
7844 170
3556 5401
3556 170
3556 762
3556 196
3556 1529
3556 1470
3556 8325
3556 1474
3556 8326
3556 8327
3556 6038
3556 8328
3556 5016
3556 484
132 170
132 7723
132 320
132 8329
8330 1913
7845 1875
7845 4714
6894 1875
8331 1875
8332 1875
1875 4714
8333 7675
893 900
3982 205
3557 1461
3557 1466
3557 6674
3557 3582
3557 5846
3557 8334
3557 6378
3557 1470
3557 8335
3557 8336
3557 8337
3557 5102
3557 8338
3557 8339
3557 8340
3557 8341
3557 8342
3557 8343
3557 8344
3557 8345
3557 8346
3557 8347
3558 1566
3558 1461
3558 3563
3558 8348
3558 634
3558 8349
3558 1879
3558 170
3558 1528
3558 1466
3558 6406
3558 5387
3558 4279
3558 187
3558 5695
3558 6059
3558 1470
3558 6419
3558 6029
3558 8350
3558 3617
3558 6032
3558 7855
3558 265
3558 1474
3558 6442
3558 1476
3558 5404
3558 6613
3558 4490
3558 8351
3558 5013
3558 8352
3558 3741
3558 6975
3558 809
3558 8353
3558 3765
3558 8354
3558 8355
3558 8356
3558 3781
3558 8328
3558 3792
3558 8357
3558 484
3558 8358
8359 6675
8360 7102
3559 1466
3559 265
7972 267
6395 5232
6395 170
6395 5257
6395 5529
6395 266
6395 8361
5548 8362
8363 5226
5231 8364
5231 170
5231 8365
5231 1470
5231 266
5231 5285
5231 5407
5231 8366
8367 772
8367 8368
8367 3624
8367 8369
8367 1475
133 1566
133 1461
133 136
133 758
133 169
133 170
133 1470
133 265
5536 1999
5536 8370
5536 8371
5536 8372
5536 8373
5536 8374
6396 265
6396 7857
6396 8375
6397 4835
6397 8376
6397 3595
6397 6535
6397 3622
6397 3635
6397 8377
6397 4982
6397 6551
6397 6627
6397 8378
6397 8379
3560 5853
8380 3605
6398 1521
6398 170
6398 1466
6398 265
1460 1461
1460 134
1460 3569
1460 8381
1460 1889
1460 142
1460 170
1460 1466
1460 8382
1460 8383
1460 8384
1460 760
1460 8385
1460 6675
1460 6510
1460 8386
1460 6731
1460 196
1460 3590
1460 5250
1460 1470
1460 8387
1460 6421
1460 5529
1460 6422
1460 8388
1460 5482
1460 7669
1460 7132
1460 5270
1460 3642
1460 265
1460 5854
1460 8389
1460 3668
1460 8390
1460 2170
1460 8391
1460 1005
1460 7867
1460 8392
1460 8393
1460 3706
1460 8394
1460 8395
1460 6467
1460 6468
1460 1486
1460 8396
1460 8397
1460 1487
1460 8398
1460 8399
1460 8400
1460 3766
1460 8401
1460 6037
1460 8402
1460 6039
1460 8403
1460 8404
1460 8405
4961 1566
4961 265
5663 5226
5232 8406
5232 170
5232 265
5232 8407
5447 8408
5729 8409
5729 4800
5729 8410
5729 6507
5729 8411
5729 8412
5729 8413
5729 8414
5729 4803
5729 4804
5729 8415
5729 8416
5729 4805
5729 8417
5729 8418
5729 8419
5729 692
5729 8420
5729 693
5729 8421
5729 8422
5729 8423
5729 8424
5729 5730
5729 4812
5729 4814
1566 1461
1566 6400
1566 134
1566 4242
1566 5236
1566 1568
1566 3570
1566 1879
1566 4874
1566 7848
1566 170
1566 6403
1566 1466
1566 185
1566 760
1566 6407
1566 8425
1566 5243
1566 3586
1566 5321
1566 4965
1566 6414
1566 2150
1566 264
1566 8426
1566 1470
1566 6418
1566 1571
1566 5256
1566 4970
1566 1573
1566 6422
1566 6423
1566 6427
1566 3621
1566 775
1566 4096
1566 5567
1566 3640
1566 8427
1566 266
1566 3664
1566 656
1566 6953
1566 6449
1566 4977
1566 5286
1566 4490
1566 5298
1566 1489
1566 8428
1566 412
1566 7881
1566 6474
5233 170
5233 1470
5233 5266
5233 265
8429 7852
8429 6435
8429 4490
1461 3563
1461 7847
1461 8430
1461 634
1461 5027
1461 170
1461 1466
1461 760
1461 3584
1461 3586
1461 6336
1461 4101
1461 264
1461 6416
1461 6593
1461 5038
1461 1470
1461 3616
1461 6733
1461 4096
1461 266
1461 3646
1461 3648
1461 5049
1461 8431
8432 8433
8432 6966
8432 8434
8432 8435
8432 8436
8432 8437
7084 169
7084 1470
5725 1466
5725 265
6728 770
7846 170
7846 1466
7846 265
6362 1602
6362 4817
6360 6680
8438 8439
8438 5502
8438 8440
5234 170
5234 8441
5235 170
5235 265
5235 8442
5880 169
5880 188
5880 5057
5880 8443
6400 170
6400 1569
6400 266
6400 1474
6400 1031
6400 4984
8444 8445
134 136
134 169
134 170
134 4877
134 1573
134 6425
134 6427
134 4886
134 8446
134 265
134 4892
134 8447
134 4904
134 6455
134 4910
134 4911
134 8448
134 6692
134 8449
134 8450
134 1589
8451 6410
8451 265
8451 1474
5549 5551
3562 5322
5881 8452
6479 1470
6479 1474
3563 6097
3563 170
3563 1466
3563 265
8453 6668
135 1878
135 758
135 170
135 1466
135 5402
135 1470
135 265
135 1474
135 8454
135 8455
3564 8456
4962 6434
8457 136
8457 8458
1462 8459
1462 170
1462 1466
1462 3591
1462 8460
1462 8461
1462 3762
8462 5875
8463 5551
8463 6001
4030 1602
8464 5551
8465 1602
1463 8466
8467 8468
8469 5040
8470 8430
6673 8471
6673 8472
6673 169
6673 5508
6673 8473
6673 8474
6673 5263
6673 8475
6673 8476
1877 1999
1877 8477
1877 5149
1877 5151
1877 2608
1877 5152
1877 6742
1877 8478
1877 5155
1877 5156
1877 5158
1877 8479
1877 8480
1877 5160
1877 8481
8482 4826
4826 6577
4826 1470
4826 8483
4826 6443
4826 8484
4826 6581
4826 8485
4826 6587
4826 6588
4826 3778
4242 170
4242 265
4242 3714
4242 8486
8487 7101
8487 1488
3565 6368
3565 3687
3565 4860
3565 6630
7847 1466
7847 1470
8348 6259
8488 1999
3566 170
3566 412
8489 136
8489 6445
6618 8490
136 7085
136 6729
136 4255
136 7090
136 8491
136 8492
136 8493
136 169
136 170
136 8494
136 8495
136 7849
136 8496
136 6591
136 6348
136 6752
136 1999
136 8456
136 5247
136 188
136 6413
136 4301
136 8497
136 6947
136 6948
136 8498
136 5512
136 7665
136 7666
136 7668
136 3590
136 8499
136 8500
136 1470
136 4801
136 8501
136 8502
136 8503
136 6679
136 7131
136 3623
136 2156
136 6680
136 2161
136 1474
136 8504
136 4342
136 4398
136 2562
136 5606
136 7868
136 1481
136 8505
136 8506
136 5888
136 8507
136 412
136 3755
136 1495
136 8508
136 8509
136 4696
136 8510
8406 6477
8471 8511
1602 1466
1602 8512
4963 656
5025 8513
5025 5847
5025 8514
5025 8515
5025 8516
5025 8517
5025 8518
8430 6401
8430 8519
8430 7131
8430 8520
8430 5403
8430 5285
8430 5405
8430 8521
8430 8522
8430 8523
8430 8524
8430 8525
4872 8526
4872 8527
8528 169
8528 3582
8528 5048
8528 8529
5874 5840
8530 8531
8530 8532
3567 1521
3567 6045
3568 206
7085 7259
8533 5840
5236 170
5236 1470
5236 6436
5236 265
5236 1580
5236 4921
5236 8534
6713 8535
1568 170
1568 2150
1568 8536
1568 8537
1568 3621
1568 8538
1568 1474
1568 656
1568 8539
1568 8540
1568 1581
1568 6465
1568 8541
1568 8542
8543 5419
8543 8544
634 7087
634 1889
634 170
634 8545
634 264
634 1470
634 8546
634 265
634 1474
634 8547
634 6010
634 8548
634 8549
634 8550
634 4927
634 8551
634 8552
1878 170
8553 5040
8554 8399
3569 1466
3569 3591
3569 1470
3569 8555
3569 265
3569 4817
3569 8556
3569 6337
3569 6614
3569 8557
3569 6616
6401 170
6401 1470
8558 1474
8559 770
8559 5498
8560 5040
5726 8561
5726 8352
5551 8562
5551 8563
5551 8564
5551 5040
5551 8565
5551 8566
5551 8567
5551 8568
5551 8569
5551 8570
5551 8571
5551 8572
5551 8573
5551 8574
5551 8575
4827 6612
5026 170
5026 1466
5026 1470
5026 1474
5026 3694
5026 3746
5026 3776
8576 5560
8577 5040
8577 8578
5027 1466
5027 265
5027 8579
3570 1569
5237 8580
5237 8581
5237 8582
5237 8583
5237 8584
5237 8585
5237 8586
5237 8587
5237 8588
8589 3586
8589 5256
6729 1466
6729 6735
8590 8591
8590 2154
8590 8592
8590 7133
8590 2609
5238 8593
5238 8594
3573 1466
8595 2238
1879 170
1879 7100
1879 8596
1879 6656
1879 6267
1879 6426
1879 8597
1879 5266
1879 265
1879 6486
1879 8598
1879 6488
1879 8599
1879 1474
1879 5502
1879 8600
1879 8601
1879 8602
1879 5292
1879 6241
1879 8603
1879 6294
1879 8604
1879 8605
1879 8606
1879 8607
1879 8608
5239 170
5239 5257
5239 5437
5239 8609
5239 8610
6730 170
6730 1466
6730 7851
6730 265
6730 5955
6730 1474
8611 4490
1464 7849
1464 6536
1464 265
1464 8612
1464 3750
3574 8613
3574 8371
3574 8614
3574 8347
5240 170
5240 1466
5240 1470
5240 265
4873 5243
4873 8615
1465 8616
1465 8617
1465 8618
1465 8619
1465 8620
1465 8621
1465 5296
1465 8622
1465 8623
1465 8624
1465 8625
6097 170
6097 1466
6097 8626
6097 6031
6097 8627
6097 265
6097 1474
6097 8628
6097 8629
6097 337
6097 6161
6097 8630
6097 8631
6097 8523
6097 8632
6097 8633
6532 5853
3575 169
5010 170
5010 1466
5010 1470
5010 265
4095 1466
4095 265
8634 8635
8634 5251
8634 1470
8635 169
8635 8636
8635 8637
8635 8638
8635 1470
8635 5042
8635 8639
8635 5419
8635 5044
8635 5421
8635 8640
8635 8641
8635 5050
8635 8642
8635 8643
8635 5054
8635 5425
8635 5055
8635 8644
8635 8645
8635 8646
8635 8647
8635 5058
8635 8648
8635 8649
8635 8650
8635 8651
8635 8652
8635 8653
8635 8654
8635 8655
8635 8656
8635 5067
8635 5072
8635 5073
8635 8657
8635 5075
8635 8658
8635 8659
8635 8660
8635 8661
8635 8662
8635 8663
8635 8664
4874 1569
4874 1474
3577 8496
8665 6731
6577 1470
8666 5427
5242 170
5242 265
8667 5250
7848 170
7848 8668
7848 206
7848 8669
3910 1542
3910 170
7086 7087
7086 169
7086 2238
7086 4398
707 587
8670 2524
8670 8392
137 4347
137 3917
8671 1685
8671 5982
629 141
629 146
629 8672
629 5738
629 7091
629 1939
629 758
629 603
629 170
629 8673
629 1979
629 8674
629 1989
629 6942
629 7106
629 2023
629 2034
629 2066
629 4310
629 6951
629 8675
629 280
629 4351
629 8676
629 8677
629 5504
629 8678
629 4393
629 8679
629 4406
629 8680
629 8681
629 4414
629 8682
629 2417
629 566
629 8683
629 5505
629 2500
629 7545
629 8684
629 6156
629 3921
629 8685
629 8686
629 6164
629 4498
629 8687
629 8688
629 6171
629 8689
629 8690
629 2788
629 5523
629 4560
629 8691
629 8692
629 2846
629 8693
629 2861
629 8694
629 462
629 6993
629 8695
629 2912
629 8696
629 3056
629 8697
629 4656
629 8698
629 8699
629 3085
629 8700
629 8701
629 8702
629 3121
629 3195
629 8703
629 1290
629 8704
629 3350
629 1314
629 6876
629 8705
629 8706
629 8707
629 3473
629 8708
629 4796
5329 1961
5329 8709
8710 596
8711 162
8711 1938
8711 6218
4244 587
138 196
625 8712
625 8713
625 8714
939 196
939 4470
939 3364
940 7087
940 8715
1881 8716
1521 170
1521 1466
1521 5243
1521 6424
1521 8717
1521 8718
1521 8520
1521 265
1521 1474
1521 8719
1521 8720
1521 6288
1521 7887
1521 8721
1882 170
8722 237
8722 2388
8722 4504
8722 8723
4245 153
4245 8724
4245 8725
4245 8726
4245 170
4245 604
4245 8727
4245 6782
4245 4359
4245 8728
4245 6792
4245 2392
4245 2400
4245 4430
4245 2484
4245 2505
4245 2532
4245 2603
4245 2658
4245 1089
4245 6180
4245 8729
4245 7232
4245 7000
4245 8730
4245 8731
4245 8732
4245 7931
4245 8733
4245 8734
4245 1285
4245 3316
4245 8735
4245 3375
4245 5997
4245 8736
4245 3509
4245 3533
4246 4394
4246 6969
4246 8737
4246 7237
4246 8738
4246 3009
4246 1253
4246 8739
4247 7727
1393 8725
1393 2010
1393 195
1393 8740
1393 8741
1393 2241
1393 2251
1393 8742
1393 8743
1393 5189
1393 5522
1393 4440
1393 2482
1393 4471
1393 8744
1393 8745
1393 8746
1393 8737
1393 8747
1393 8748
1393 8749
1393 8750
1393 8751
1393 8752
1393 8753
1393 4668
1393 8754
1393 5205
1393 8755
1393 4697
1393 8733
1393 8756
1393 522
1393 8757
1393 4739
4248 8758
4248 2063
4248 2489
4248 7831
4248 8759
4248 1304
4248 8760
8761 237
8761 1129
8761 1305
4250 8762
4250 8763
4250 7013
4251 8764
4251 8765
4251 3305
1883 196
7087 962
7087 4342
7087 4398
7087 8766
7087 4982
7087 6201
7087 8767
8296 170
941 167
4044 8768
7797 1685
1884 942
1884 5187
1884 2877
1884 8769
1884 2948
8770 196
141 1905
141 1542
141 4257
141 758
141 4277
141 4278
141 8771
141 196
141 2011
141 8772
141 223
141 8773
141 8774
141 2090
141 4321
141 6951
141 7128
141 258
141 265
141 2199
141 8675
141 8775
141 6787
141 8776
141 4371
141 8777
141 8778
141 8779
141 8780
141 4391
141 8781
141 2363
141 1013
141 8680
141 7544
141 8782
141 8307
141 3918
141 2511
141 3919
141 8783
141 8784
141 8785
141 7196
141 8786
141 2585
141 1049
141 5821
141 412
141 7220
141 8787
141 5787
141 437
141 1095
141 6180
141 8691
141 8788
141 461
141 8789
141 8790
141 8791
141 833
141 2941
141 2958
141 8792
141 3013
141 8793
141 485
141 7271
141 3091
141 3094
141 8794
141 3127
141 8795
141 8796
141 7279
141 3157
141 3175
141 3193
141 1263
141 8797
141 8798
141 7031
141 8799
141 8800
141 8801
141 8802
141 7040
141 3341
141 8803
141 1330
141 1334
141 8804
141 3392
141 8805
141 4767
141 8806
141 8807
141 3518
141 6226
141 7828
141 7064
942 8808
942 1935
942 603
942 762
942 4393
942 8809
942 403
942 8702
942 3274
942 8757
942 8810
942 6223
6098 8811
8812 1889
8812 2238
1889 8813
1889 8814
1889 196
1889 6070
1889 7380
1889 7381
1889 8815
1889 7383
1889 8816
1889 7384
1889 8817
1889 8818
1889 7385
1889 6072
1889 7387
1889 8819
1889 6075
1889 7672
1889 7390
5330 1166
8820 255
8821 7666
641 196
5974 5983
1394 170
142 1522
142 170
142 1991
142 8822
142 196
142 604
142 226
142 4311
142 8823
142 6422
142 3655
142 8024
142 5917
142 7761
142 8123
8824 196
8825 196
7792 196
144 4253
144 8302
144 8826
144 8827
144 8306
144 8828
144 2624
144 2769
144 8829
144 8308
144 1141
144 8830
144 1243
144 3237
144 1289
4252 8831
3911 596
8832 2737
894 900
8833 900
751 169
751 6931
751 8834
751 8835
751 8836
751 1656
8837 196
8837 7120
7730 169
1897 196
1899 2293
1899 7923
1899 7170
1899 7172
1899 8838
1899 4775
146 758
146 196
4255 2546
8839 8840
8839 8841
8842 205
8843 205
8844 425
5373 4301
5373 8845
5373 8282
5373 8846
4064 1419
943 8847
1905 151
1905 5186
1906 1101
1907 169
1907 1057
1542 170
1542 762
6402 170
6402 1466
6402 187
6402 265
6402 1474
6402 8521
6402 4490
5346 1914
1910 156
1910 1529
8848 2055
8848 6250
1522 758
1522 603
1522 170
1522 8849
1522 7525
1522 265
1522 3915
1522 322
1522 8850
1522 3238
1523 170
1523 2019
944 758
944 170
944 1466
944 8851
944 8852
944 5339
8813 5771
8853 1921
8814 7860
1911 1921
1911 2941
1666 6942
945 312
1912 4485
1913 1940
1913 196
1913 4388
1913 2485
1913 4454
1913 7258
1913 3086
1913 3114
1913 6202
1913 6220
8854 569
6100 1938
8855 191
8855 1533
149 8856
149 758
149 169
149 170
149 762
149 8857
8672 6811
8672 8858
752 196
752 7563
5008 170
5008 8141
7090 169
7090 4289
7090 2238
7090 8859
1914 7861
1914 8860
1914 4507
1914 5360
1914 8861
1914 2895
1914 4612
1914 3010
1914 3177
1914 3223
1914 8862
1914 8863
1914 7049
8864 8865
5738 8866
4257 2104
4257 1058
4257 8867
4257 1152
4257 8868
946 8869
946 8841
946 8264
946 5914
946 5982
946 8281
946 8870
946 8871
946 8872
8873 1938
8874 169
8874 1057
4258 151
4259 170
4259 8106
4259 5917
4259 7607
4259 8875
8876 8877
8876 196
4260 4454
151 6769
151 8878
151 1628
151 758
151 603
151 169
151 170
151 1419
151 196
151 199
151 200
151 2079
151 8879
151 4047
151 5280
151 7136
151 5644
151 284
151 8880
151 8881
151 8777
151 5760
151 8882
151 789
151 7565
151 7182
151 2480
151 795
151 7831
151 8883
151 2592
151 4484
151 8884
151 2634
151 1066
151 1068
151 8885
151 8886
151 5785
151 8887
151 2658
151 2661
151 4506
151 2669
151 8888
151 8889
151 7228
151 8890
151 8891
151 2886
151 8892
151 2898
151 8893
151 5987
151 8894
151 5197
151 8895
151 7011
151 7017
151 7266
151 5990
151 3105
151 5991
151 851
151 5805
151 8896
151 3184
151 6865
151 6869
151 8315
151 8897
151 4721
947 758
947 4286
947 8898
947 8899
947 8900
947 3282
8901 596
753 196
948 8902
948 273
948 7184
948 8903
948 8904
948 5806
948 1254
949 273
949 5756
949 375
949 4503
949 8905
949 4553
949 4607
949 8906
949 1277
949 8907
152 162
152 587
153 169
153 196
950 2298
950 3534
6101 1053
8908 173
8909 6250
6769 8910
6769 3069
4262 8911
4262 3033
4262 3471
1918 8912
1918 8683
1918 8913
1918 8695
1918 8914
1918 8701
1918 4749
1918 3514
1919 8915
1919 8916
1920 7149
1920 8917
1920 6215
1920 8918
1921 2108
1921 7176
1921 7016
1921 8919
1921 7912
154 8920
154 8916
4263 191
1922 758
5949 5951
1924 170
8921 196
8921 312
156 758
156 603
156 170
156 196
156 8922
156 265
156 4360
156 2280
156 5757
156 2358
156 6146
156 1019
156 4429
156 8923
156 2529
156 7196
156 2565
156 1061
156 8787
156 8924
156 2757
156 6984
156 1668
156 8925
156 8926
156 7261
156 3072
156 3343
156 7299
156 1323
156 1368
1524 758
1524 170
1524 5748
1524 8927
626 4760
8928 1395
1927 4481
7091 8929
158 5913
159 196
1928 8300
1929 312
8930 4296
8931 5512
8931 1074
7092 196
1931 1938
160 5331
160 758
160 170
160 1420
1933 196
1935 8912
162 196
162 222
162 4451
162 8932
162 3029
162 8933
162 6209
1628 169
1628 170
1628 2194
1628 4071
1628 4072
1628 5163
1628 7340
1628 8934
1628 4078
1628 8935
1628 8936
8491 196
8491 1429
757 387
8856 758
4266 196
4266 8937
4266 786
8938 1425
8938 1429
8938 5379
8938 1431
1938 952
1938 953
1938 1962
1938 170
1938 7098
1938 1992
1938 6772
1938 2016
1938 7580
1938 2027
1938 7109
1938 4297
1938 2052
1938 8939
1938 8940
1938 7724
1938 2074
1938 8941
1938 229
1938 4315
1938 8942
1938 1631
1938 2090
1938 234
1938 236
1938 7125
1938 4323
1938 2112
1938 8943
1938 2126
1938 2143
1938 8944
1938 8945
1938 8946
1938 2208
1938 2219
1938 8947
1938 8948
1938 289
1938 6787
1938 7725
1938 7149
1938 2261
1938 4361
1938 8949
1938 298
1938 8950
1938 8742
1938 2283
1938 8951
1938 2296
1938 2298
1938 2307
1938 316
1938 783
1938 2312
1938 6138
1938 7726
1938 2321
1938 2330
1938 8952
1938 8953
1938 8954
1938 4392
1938 7538
1938 6142
1938 7165
1938 6144
1938 6961
1938 8955
1938 5761
1938 2368
1938 2370
1938 7589
1938 5763
1938 5191
1938 2382
1938 6145
1938 6146
1938 8956
1938 2404
1938 8682
1938 7175
1938 2418
1938 4422
1938 8957
1938 6150
1938 8958
1938 8782
1938 2440
1938 8959
1938 2483
1938 6797
1938 2494
1938 8923
1938 5951
1938 6800
1938 1030
1938 6968
1938 8960
1938 7531
1938 2535
1938 7194
1938 8961
1938 799
1938 2554
1938 2556
1938 1045
1938 4474
1938 7596
1938 2576
1938 7864
1938 6159
1938 2591
1938 2592
1938 2596
1938 7924
1938 2605
1938 2617
1938 6162
1938 8962
1938 8963
1938 4498
1938 4499
1938 2631
1938 2635
1938 3922
1938 8886
1938 8329
1938 4511
1938 2678
1938 8964
1938 2702
1938 6169
1938 2703
1938 8787
1938 2706
1938 4516
1938 5786
1938 8965
1938 6979
1938 6171
1938 430
1938 2720
1938 8852
1938 2726
1938 8689
1938 6980
1938 8966
1938 8967
1938 2763
1938 4539
1938 8968
1938 2773
1938 2776
1938 451
1938 2792
1938 2799
1938 6182
1938 8925
1938 1122
1938 2823
1938 8969
1938 8729
1938 5822
1938 1143
1938 8917
1938 5796
1938 2870
1938 2876
1938 4589
1938 8970
1938 2882
1938 2908
1938 8971
1938 7246
1938 8972
1938 5797
1938 8973
1938 5800
1938 6193
1938 8974
1938 3001
1938 3014
1938 3040
1938 5802
1938 8975
1938 3052
1938 6199
1938 1220
1938 1226
1938 8976
1938 4662
1938 8977
1938 850
1938 3111
1938 8978
1938 7024
1938 8979
1938 8980
1938 1244
1938 8981
1938 3155
1938 3161
1938 3180
1938 3194
1938 8982
1938 4688
1938 3208
1938 7288
1938 3221
1938 8983
1938 8984
1938 3252
1938 7556
1938 3279
1938 8985
1938 1281
1938 8986
1938 3289
1938 8987
1938 7038
1938 3304
1938 528
1938 8988
1938 8989
1938 8990
1938 8991
1938 8992
1938 8993
1938 8994
1938 6930
1938 3365
1938 8995
1938 7825
1938 3384
1938 8996
1938 3390
1938 8997
1938 8998
1938 1340
1938 546
1938 8805
1938 3415
1938 1346
1938 7051
1938 3432
1938 3434
1938 554
1938 8999
1938 9000
1938 9001
1938 9002
1938 561
1938 9003
164 2082
164 9004
164 9005
164 2994
164 3529
7575 365
4267 1527
9006 1946
9006 995
9006 587
895 587
9007 196
9007 2064
1942 2368
1942 6154
5975 170
1943 8840
1943 9008
1943 9009
4269 197
4269 621
4269 9010
4269 5820
4269 4556
4269 9011
4269 8975
4269 8977
165 170
1945 9012
1947 9013
1948 9014
1948 9015
1949 1182
1949 6936
1949 1344
1950 7176
1951 402
1951 9016
1951 500
1951 9017
1953 8772
8726 313
758 167
758 603
758 169
758 170
758 177
758 178
758 1527
758 7097
758 186
758 762
758 196
758 1529
758 9018
758 2080
758 237
758 239
758 1531
758 6250
758 249
758 250
758 265
758 268
758 286
758 992
758 2400
758 3917
758 2462
758 1024
758 1031
758 412
758 9019
758 8689
758 2752
758 9020
758 6762
758 1537
758 7523
758 7240
758 9021
758 1166
758 9022
758 9023
758 9016
758 9024
758 9025
758 3112
758 8978
758 9026
758 3134
758 3183
758 9027
758 1269
758 5810
758 8703
758 9028
758 3365
758 9029
758 9030
758 9031
758 7053
758 9032
758 1360
1954 9033
8492 169
167 603
167 170
167 196
167 2037
167 2215
167 7151
167 9034
167 4396
167 9035
8493 4289
8493 9036
4270 170
1957 285
1958 9037
1958 6196
1958 496
603 170
603 955
603 1528
603 1466
603 186
603 9038
603 3912
603 604
603 205
603 1529
603 226
603 239
603 6950
603 1531
603 5267
603 267
603 2166
603 2174
603 3917
603 379
603 6176
603 2812
603 9039
603 3159
603 3926
953 9002
1959 169
1959 9040
1959 9041
1959 2949
1959 9042
1959 9043
1959 9044
1959 9045
1959 1339
1959 9046
1959 8872
1959 9047
168 170
168 9048
168 312
168 313
1961 196
1961 2223
4271 6804
1962 9049
4272 170
9050 759
9050 4413
1963 3698
1963 807
169 170
169 1419
169 7099
169 7066
169 5962
169 7101
169 9051
169 9052
169 1999
169 2000
169 7102
169 9053
169 8386
169 4281
169 3912
169 9054
169 7105
169 196
169 2032
169 9055
169 2046
169 4301
169 7330
169 9056
169 9057
169 8013
169 9058
169 2073
169 1632
169 2105
169 1634
169 1531
169 243
169 9059
169 250
169 9060
169 1470
169 5040
169 8502
169 5041
169 9061
169 5529
169 9062
169 3608
169 8503
169 1472
169 2154
169 5482
169 7669
169 9063
169 6680
169 2161
169 5103
169 9064
169 267
169 9065
169 7133
169 5502
169 3854
169 3855
169 7134
169 6120
169 3859
169 6121
169 8390
169 7636
169 7135
169 7965
169 7350
169 2171
169 9066
169 8391
169 2172
169 3879
169 9067
169 9068
169 2185
169 6957
169 8102
169 9069
169 9070
169 9071
169 6932
169 9072
169 993
169 4049
169 9073
169 324
169 4398
169 8273
169 2374
169 7332
169 5136
169 337
169 9074
169 9075
169 2460
169 2518
169 5376
169 2551
169 7334
169 2562
169 382
169 2573
169 801
169 2599
169 7206
169 9076
169 9077
169 9078
169 8445
169 9079
169 8395
169 7808
169 1057
169 9080
169 9081
169 2644
169 2653
169 2661
169 812
169 2737
169 1646
169 4547
169 4053
169 7934
169 4569
169 2851
169 9082
169 8836
169 9083
169 7671
169 7386
169 9084
169 9085
169 5827
169 9086
169 9087
169 9088
169 6198
169 9089
169 844
169 9090
169 3115
169 9091
169 3150
169 9092
169 3199
169 9093
169 3245
169 5712
169 1658
169 9094
169 3298
169 7344
169 1662
1964 170
9095 1429
9095 9072
170 171
170 172
170 955
170 177
170 178
170 1527
170 180
170 9096
170 183
170 958
170 6403
170 1528
170 1466
170 6404
170 7100
170 185
170 186
170 5412
170 3580
170 5029
170 6406
170 760
170 6407
170 5243
170 6409
170 6410
170 4279
170 6411
170 3586
170 6412
170 5246
170 187
170 6413
170 5695
170 4965
170 7372
170 762
170 6943
170 196
170 4286
170 9097
170 604
170 9098
170 2034
170 205
170 206
170 9099
170 219
170 2061
170 9100
170 1395
170 226
170 3841
170 6945
170 6110
170 5698
170 5621
170 7118
170 3842
170 2072
170 3847
170 3849
170 6946
170 6947
170 6948
170 8762
170 7120
170 9101
170 8289
170 5633
170 237
170 239
170 241
170 4321
170 7373
170 6250
170 243
170 3590
170 250
170 982
170 9102
170 6414
170 2150
170 264
170 7850
170 6415
170 6416
170 6417
170 1470
170 6418
170 5254
170 7851
170 6575
170 5255
170 1572
170 6419
170 5256
170 1471
170 4970
170 3606
170 5011
170 5257
170 6421
170 5529
170 1573
170 6422
170 6423
170 5258
170 5259
170 6426
170 7852
170 3614
170 6427
170 3616
170 6732
170 6428
170 6733
170 5262
170 6430
170 3621
170 4096
170 6434
170 6435
170 5266
170 5267
170 5268
170 6438
170 7854
170 3640
170 7855
170 265
170 266
170 5955
170 3646
170 6440
170 267
170 6441
170 5274
170 3652
170 3656
170 1474
170 3664
170 656
170 3665
170 5279
170 5280
170 6953
170 268
170 9103
170 6447
170 2164
170 2166
170 5636
170 5637
170 9104
170 6122
170 8071
170 6954
170 5721
170 5709
170 6955
170 9105
170 5643
170 2174
170 9106
170 5979
170 2178
170 5645
170 6956
170 9107
170 5333
170 277
170 9108
170 286
170 2238
170 8948
170 8676
170 2252
170 993
170 2281
170 6789
170 9109
170 6259
170 2353
170 9110
170 2400
170 2405
170 9111
170 3917
170 2426
170 9112
170 9113
170 900
170 9114
170 354
170 2456
170 1031
170 2524
170 7594
170 379
170 382
170 2564
170 3920
170 3921
170 801
170 9115
170 6449
170 6450
170 4977
170 5606
170 5439
170 6599
170 1483
170 6721
170 804
170 6602
170 6459
170 6460
170 3696
170 6462
170 6463
170 7870
170 6161
170 3699
170 8441
170 6604
170 3707
170 5442
170 805
170 5590
170 6464
170 8431
170 6467
170 6468
170 6722
170 5443
170 3735
170 5298
170 3742
170 9116
170 1489
170 6472
170 9117
170 1490
170 403
170 407
170 2669
170 412
170 2704
170 1080
170 1645
170 9118
170 9119
170 9120
170 2812
170 2879
170 2883
170 2885
170 6189
170 1160
170 7879
170 9121
170 3924
170 2931
170 4624
170 9122
170 7611
170 7612
170 9123
170 9039
170 9124
170 6474
170 3757
170 9125
170 4996
170 9126
170 3765
170 7884
170 5312
170 9127
170 9128
170 6738
170 9129
170 9130
170 1218
170 3069
170 493
170 4661
170 6252
170 505
170 3132
170 9131
170 9132
170 3174
170 8731
170 9133
170 3926
170 8732
170 9134
170 9135
170 9136
170 8987
170 1306
170 6214
170 9137
170 9138
170 9139
170 4782
170 9140
4274 2281
171 955
171 182
171 196
171 9141
171 299
171 7673
171 2433
171 9142
171 9143
171 5776
171 1041
171 2802
171 2831
171 9144
171 8789
171 6994
171 9145
171 4640
171 3011
171 8698
171 3084
171 3151
171 4681
171 7555
171 9146
171 4698
171 3347
171 9147
171 9148
1967 196
9149 196
8840 7667
8840 9150
8840 9151
8840 9152
8840 9153
8840 9154
8840 9155
8840 9043
8840 9045
8840 9156
9157 8674
6103 587
1973 365
954 2278
1974 196
1974 254
8494 2238
6104 2547
9158 1425
9158 1429
173 364
9159 196
1425 9160
1425 9161
1425 9162
1425 9163
1425 9164
1425 9165
1425 1427
1425 9059
1425 9166
1425 9167
1425 9168
1425 9169
1425 9170
1425 9171
1425 9172
1425 812
1425 2737
1425 9173
1425 9174
1425 7934
1425 9175
1425 9176
1425 9177
1425 9178
1425 9179
1425 9093
1425 9180
1425 9181
1425 9031
1425 9182
1425 9183
174 1008
7661 7732
7661 9184
7661 7735
7661 7739
7661 8266
7661 7742
7661 9185
7661 9186
7661 7750
7661 812
7661 9187
7661 7766
7661 7774
7661 9188
7661 6860
7661 9189
7661 9190
1418 9191
1418 4080
1418 305
1418 9192
1418 9193
1418 4040
1418 587
1418 9194
1418 9195
1418 4076
955 196
955 604
955 9196
955 7171
955 9197
955 9198
955 6810
955 9199
955 9200
955 9201
955 1156
955 9202
955 9203
955 9204
955 7029
955 9205
955 553
955 3469
955 9206
955 564
1979 8699
7787 196
7787 621
9207 900
7095 7667
7095 9208
9209 1420
1419 9210
1419 1636
1419 4049
1419 2575
1419 5953
1419 7338
1419 5163
1419 9211
1419 8835
1419 1648
1419 9212
1419 5165
1419 6865
1419 5167
1419 5168
1419 9213
1419 9214
1419 9215
1419 9216
1419 9217
177 6404
177 963
177 196
177 265
177 9218
177 2642
178 265
178 2578
178 9219
178 9220
1527 762
1527 2900
4275 7685
9008 1999
9008 196
1987 7152
8877 8940
8877 9221
4276 196
181 9222
181 678
181 4517
181 8971
181 9223
181 7291
9224 196
9225 314
1989 196
182 4382
9226 2109
9227 196
1991 9228
1993 599
9229 2785
1996 196
7066 8107
7066 8108
7066 7067
7066 2196
7066 9230
184 1466
8365 1474
9231 9232
6403 265
6403 1474
6403 337
6403 9233
1528 7855
5962 5276
5962 9234
9235 5040
8616 6259
8616 1475
8616 9236
8616 9237
8616 9238
8616 9239
8616 9240
8616 9241
5853 6533
5853 1999
5853 4838
5853 4842
5853 4843
5853 6539
5853 6541
5853 4848
5853 6543
5853 9242
5853 6620
5853 9243
5853 4852
5853 4853
5853 6657
5853 9244
5853 4855
5853 6658
5853 3738
5853 4858
5853 6626
5853 6661
5853 8379
5853 9245
1466 6406
1466 6348
1466 6410
1466 5387
1466 4279
1466 3584
1466 3585
1466 5246
1466 206
1466 226
1466 6250
1466 243
1466 6059
1466 6336
1466 4101
1466 5035
1466 1616
1466 9246
1466 6415
1466 6416
1466 6417
1466 5038
1466 5254
1466 3606
1466 5011
1466 3607
1466 3609
1466 6424
1466 7852
1466 3616
1466 6733
1466 6430
1466 5267
1466 9247
1466 5270
1466 6438
1466 7855
1466 265
1466 266
1466 3646
1466 267
1466 3648
1466 3652
1466 5049
1466 5277
1466 1474
1466 4817
1466 3665
1466 5279
1466 5280
1466 268
1466 7859
1466 6447
1466 5281
1466 6448
1466 2238
1466 337
1466 3682
1466 5285
1466 6735
1466 1483
1466 9248
1466 5289
1466 6364
1466 6462
1466 3699
1466 9249
1466 3707
1466 5295
1466 3717
1466 4032
1466 8431
1466 1057
1466 6467
1466 5392
1466 3735
1466 3739
1466 3742
1466 3745
1466 9117
1466 1490
1466 5303
1466 412
1466 6176
1466 6189
1466 4034
1466 3757
1466 7882
1466 4996
1466 5305
1466 5222
1466 7005
1466 7883
1466 3763
1466 3770
1466 9250
1466 9251
1466 6737
1466 9252
8382 3642
9253 5041
6404 264
6404 1470
6404 3602
6404 6271
6404 6273
6404 265
6404 8598
6404 1474
6404 6444
6404 8601
6404 6490
6404 6494
6404 3703
6404 6289
6404 6496
6404 9254
6404 6497
6404 8605
6404 6307
6404 6501
6404 9255
6404 6504
6404 8607
6404 9256
6404 6505
6404 9257
1998 6586
7100 1470
9258 5854
9259 9260
9259 5840
1569 775
1569 5060
6405 1474
7101 5032
7101 9261
7101 9262
7101 9263
7101 9264
6674 8424
9265 9266
9265 1488
9265 9267
6376 9268
6376 9269
6376 5071
6376 9270
185 265
185 8447
185 7859
185 9271
185 4985
185 9272
185 7881
185 9233
6578 1470
8495 1999
9273 5251
9051 9274
186 196
7849 3635
8496 3592
8496 5277
8496 5284
8496 3700
8408 6408
8408 2150
8408 9275
8408 3760
8408 3777
9276 5245
9232 9277
9232 2150
9232 9278
9232 8580
9232 9279
9232 9280
5029 265
5029 1474
5029 6277
5029 337
5029 9281
5029 6311
6406 1470
6406 6048
6406 6430
6406 265
6406 1474
6406 6447
6406 9282
6406 4490
6406 1494
760 604
760 3605
760 771
760 3610
760 3620
760 3625
760 3632
760 3636
760 3638
760 3641
760 265
760 6633
760 6634
760 5277
760 3660
760 6635
760 9283
760 3675
760 6636
760 6638
760 6639
760 9284
760 3700
760 6640
760 9285
760 6641
760 806
760 3724
760 412
760 5445
760 6644
760 5395
760 6646
760 6647
760 9286
760 9287
760 9288
760 5396
760 9289
760 6648
760 9290
9052 9291
9052 5040
9052 9292
9052 9293
9052 5704
9052 6327
9052 5840
9052 9294
9295 3770
6407 9296
6407 6051
6407 266
6407 1474
6407 9297
3581 5052
3581 3804
6348 4031
9298 7860
3582 8513
3582 5034
3582 9299
3582 9300
3582 9301
3582 9302
8425 265
6752 1999
5243 4967
5243 9303
5243 4881
5243 8536
5243 6436
5243 265
5243 9304
5243 9305
5243 6953
5243 4980
5243 9306
5243 9307
5243 9308
5243 9309
5243 4932
5243 4991
5243 4935
5243 4939
5243 9310
9311 1470
8596 5250
5244 1470
5244 265
5244 8604
1999 8386
1999 4301
1999 7975
1999 2149
1999 5036
1999 2151
1999 7129
1999 5529
1999 9312
1999 6540
1999 9313
1999 7133
1999 7670
1999 5376
1999 1484
1999 9314
1999 8532
9315 337
8385 5257
9316 9317
9318 7133
9319 5048
6409 6410
6409 1470
6409 6267
6409 265
6409 9320
9321 4982
9322 5482
6410 226
6410 265
6410 1474
6410 5281
6410 5864
6410 9323
5387 9283
8636 5251
8636 6259
8636 9324
8636 9325
8636 8657
8636 9326
8636 9327
4279 265
9328 8536
9328 3621
3584 1470
3584 265
3584 9329
5957 9330
5245 8473
5245 9331
5245 3624
5245 5263
5245 9332
5245 9333
5245 9334
3585 5031
3585 8535
3585 9335
3585 9336
3585 4035
5030 9337
5030 5839
5030 5840
5030 9338
6411 5257
6507 8414
6507 4802
6507 9339
6507 6725
6507 9079
6507 9340
6507 4807
6507 9341
6507 9342
6507 4808
6507 9343
6507 4810
6507 9344
9345 5040
9345 9346
9345 9347
9345 9348
9345 9349
9350 6680
9350 9351
9277 5247
6480 9352
3586 6676
3586 762
3586 265
3586 9353
3586 6053
3586 8527
3586 4926
3586 4941
3586 9354
3586 6705
3586 9355
9356 6320
9356 8341
9356 9357
9358 1472
2000 1470
2000 9359
2000 5442
2000 1057
8668 265
8668 9360
8668 9361
8668 9362
5031 9363
5031 6326
6675 9364
6675 9365
6675 9366
8439 196
8439 5502
8439 9367
9368 5040
9368 9369
6412 265
5246 4101
5246 1470
5246 8368
5246 6433
5246 265
5246 1474
5246 8609
5321 1474
4105 196
4105 4673
6592 9370
6592 6259
9371 5296
7102 6370
7102 9372
7102 9373
7102 8339
7102 9374
7102 1488
7102 8346
7102 9375
187 6420
187 6432
187 265
187 9376
187 9377
187 4490
187 9378
3587 266
3587 1474
3587 6655
6510 9379
6510 9380
5032 9269
5032 9381
5032 5559
8456 3594
8456 6654
9382 8499
9382 3630
9382 5429
9383 5040
9383 9384
5247 9385
5247 9386
6317 5040
9387 5040
9053 5040
9053 9388
9389 7868
188 9390
188 9076
188 9079
188 8443
188 5894
6667 6668
6413 9391
8433 9392
8433 3612
8433 9373
8386 9393
8386 9394
6668 9395
9396 5414
9268 6513
9268 6514
9268 6515
9268 9397
9268 6519
9268 1488
9268 6520
9268 9398
8591 9399
8591 3612
8591 2154
8591 7133
7103 4972
7103 9400
5695 6652
5695 6484
3588 5567
7663 5567
7663 265
9401 5052
5833 5875
5833 5840
9402 9300
9402 5849
2001 312
6773 313
6773 314
589 196
589 9403
589 5739
589 9404
589 8811
589 9405
589 9406
2002 196
762 604
762 243
762 267
762 268
762 4356
762 1031
762 2812
762 5009
762 3286
962 196
962 435
9038 6250
9038 243
963 196
964 340
3912 7127
3912 2252
3912 2950
2007 386
9407 6858
191 9408
191 9409
191 4426
191 9410
191 7674
191 9411
191 1069
191 9412
191 9413
4283 196
193 196
193 2040
193 9414
193 7156
193 9415
193 9416
193 4431
193 7181
193 6800
193 372
193 7595
193 1054
193 7925
193 9417
193 9418
193 6992
193 9419
193 7606
193 3925
193 6198
193 9420
193 8697
193 7022
193 3121
193 4686
193 9421
193 9422
193 3362
193 9423
193 9424
194 2338
194 9425
194 2488
194 714
194 3185
194 6877
194 9426
9427 1420
7105 8841
7105 7667
7105 9428
7105 1057
7105 9429
7105 9430
7105 9152
7105 9431
7105 9432
7106 196
9433 196
9433 239
8771 9434
8771 196
8771 239
196 2020
196 2021
196 7107
196 9408
196 7108
196 2026
196 2028
196 7110
196 9435
196 205
196 2035
196 207
196 9436
196 2040
196 9033
196 215
196 216
196 9437
196 4302
196 7115
196 2056
196 2057
196 9438
196 2062
196 2063
196 2064
196 6245
196 4310
196 2073
196 2074
196 2075
196 4314
196 7119
196 4316
196 5347
196 2093
196 975
196 6114
196 9439
196 8320
196 768
196 9440
196 4320
196 238
196 239
196 6117
196 2111
196 4322
196 2114
196 242
196 243
196 2116
196 4328
196 250
196 2125
196 251
196 9441
196 4334
196 9442
196 2141
196 1429
196 262
196 2147
196 3642
196 5132
196 3859
196 6121
196 8390
196 9443
196 2174
196 2184
196 2192
196 2195
196 4343
196 275
196 7140
196 2211
196 4345
196 7145
196 2215
196 4348
196 2218
196 7921
196 2225
196 2226
196 2228
196 7146
196 2231
196 8775
196 9444
196 285
196 286
196 2235
196 2236
196 992
196 2244
196 6788
196 7148
196 8300
196 2250
196 2253
196 7403
196 2256
196 9445
196 2262
196 8949
196 2270
196 9446
196 299
196 6130
196 781
196 998
196 6131
196 8880
196 304
196 9447
196 7152
196 307
196 8951
196 1000
196 898
196 2293
196 2295
196 2297
196 2298
196 7154
196 9448
196 2304
196 312
196 313
196 314
196 315
196 784
196 9449
196 4383
196 4384
196 2314
196 5349
196 2315
196 2316
196 2317
196 2320
196 4385
196 2325
196 4386
196 319
196 4388
196 6960
196 4389
196 6140
196 9450
196 9451
196 1008
196 2340
196 9452
196 7860
196 7163
196 2346
196 9453
196 4401
196 2350
196 5379
196 4402
196 4403
196 8911
196 1012
196 7167
196 9454
196 7169
196 9415
196 2378
196 5136
196 2383
196 336
196 2387
196 2390
196 4413
196 9075
196 2399
196 2403
196 5766
196 2409
196 7175
196 2410
196 6064
196 347
196 7176
196 5769
196 4425
196 4427
196 350
196 351
196 2435
196 900
196 7179
196 8828
196 4436
196 1022
196 2447
196 2449
196 9455
196 2454
196 2462
196 7518
196 8766
196 9456
196 9457
196 1667
196 7590
196 9458
196 7183
196 9459
196 2478
196 4443
196 9460
196 6153
196 2496
196 1028
196 2497
196 2501
196 2502
196 7186
196 362
196 4452
196 9143
196 365
196 366
196 7187
196 6155
196 4455
196 9461
196 2518
196 2519
196 9462
196 2522
196 4456
196 7189
196 7190
196 2526
196 8784
196 4457
196 9463
196 7914
196 4460
196 2536
196 7193
196 2541
196 1036
196 9464
196 373
196 1038
196 2550
196 6801
196 1041
196 9465
196 1042
196 2558
196 2560
196 1043
196 9466
196 8786
196 5593
196 6970
196 9467
196 7199
196 9468
196 2571
196 2572
196 2574
196 385
196 9469
196 1047
196 2580
196 2581
196 4477
196 9470
196 387
196 388
196 389
196 390
196 7202
196 2586
196 4482
196 2589
196 1050
196 9471
196 1051
196 1054
196 394
196 2590
196 2593
196 7203
196 2598
196 2601
196 7205
196 2602
196 2605
196 9472
196 7368
196 9473
196 7207
196 7208
196 4493
196 2623
196 400
196 9474
196 9475
196 5783
196 9476
196 2636
196 4502
196 9477
196 8885
196 1071
196 2647
196 2652
196 2656
196 2657
196 9478
196 7217
196 9479
196 7218
196 2666
196 8507
196 9480
196 2668
196 4509
196 411
196 4510
196 7546
196 2687
196 2689
196 813
196 9481
196 2692
196 2693
196 2695
196 2699
196 2701
196 9482
196 816
196 1079
196 9483
196 2710
196 1083
196 9484
196 2715
196 429
196 2716
196 430
196 2718
196 8745
196 9485
196 7361
196 2721
196 433
196 434
196 435
196 9486
196 436
196 2724
196 4524
196 7915
196 443
196 9487
196 7224
196 8746
196 2738
196 2740
196 2744
196 5194
196 9488
196 1095
196 2748
196 2749
196 2753
196 2756
196 9489
196 2766
196 2767
196 4538
196 4541
196 679
196 447
196 4544
196 448
196 4545
196 2771
196 9490
196 9491
196 5791
196 823
196 9492
196 2781
196 8913
196 2796
196 2804
196 2807
196 9493
196 9494
196 4561
196 5983
196 2828
196 2834
196 454
196 8890
196 8310
196 1132
196 8865
196 2842
196 1134
196 6820
196 1136
196 2845
196 9495
196 2846
196 9496
196 2847
196 5985
196 2848
196 9497
196 2853
196 2856
196 6989
196 9498
196 9499
196 9500
196 1142
196 2864
196 4579
196 459
196 4580
196 6825
196 1149
196 1150
196 4582
196 8900
196 9501
196 9502
196 1153
196 1155
196 7551
196 4594
196 4595
196 463
196 2881
196 464
196 2889
196 4599
196 2890
196 2891
196 4600
196 9503
196 9504
196 6828
196 8311
196 468
196 469
196 470
196 471
196 1165
196 2900
196 6995
196 9505
196 8790
196 9506
196 2906
196 2907
196 9507
196 2910
196 9508
196 7675
196 1175
196 2914
196 2917
196 7245
196 9509
196 9510
196 9511
196 2927
196 9512
196 1182
196 7248
196 1185
196 9513
196 2932
196 7552
196 9514
196 1189
196 7677
196 4615
196 2936
196 5361
196 2944
196 2945
196 8830
196 9145
196 2952
196 9515
196 2958
196 1198
196 2960
196 2961
196 2962
196 5988
196 1199
196 9022
196 1203
196 4629
196 2969
196 2973
196 7928
196 5798
196 9516
196 4632
196 2978
196 4633
196 9517
196 9518
196 2980
196 6193
196 9519
196 4636
196 2991
196 9520
196 2993
196 9521
196 7255
196 1211
196 9522
196 7256
196 9523
196 3009
196 3012
196 3017
196 9524
196 3018
196 3020
196 9525
196 7002
196 9526
196 3034
196 8401
196 6841
196 4649
196 3038
196 8696
196 9527
196 3049
196 7262
196 3053
196 3057
196 6199
196 847
196 487
196 9528
196 9529
196 488
196 6851
196 9530
196 3063
196 8291
196 3066
196 7268
196 6853
196 9531
196 9532
196 9533
196 1231
196 7566
196 9534
196 3087
196 3088
196 9535
196 7818
196 9536
196 9537
196 1235
196 4665
196 9538
196 9539
196 1236
196 9049
196 7278
196 4666
196 1239
196 6861
196 3128
196 9540
196 3133
196 4671
196 509
196 3145
196 3146
196 7281
196 3155
196 7821
196 3158
196 9541
196 4677
196 3165
196 9542
196 3171
196 5808
196 4678
196 3178
196 5205
196 9543
196 4682
196 9544
196 9545
196 6863
196 1258
196 9546
196 9027
196 512
196 3200
196 3201
196 9547
196 3206
196 3209
196 8755
196 9548
196 9549
196 9550
196 9551
196 9552
196 9553
196 3213
196 3216
196 7031
196 4690
196 3227
196 3231
196 7033
196 7290
196 9554
196 1273
196 6206
196 3243
196 8125
196 9555
196 7293
196 3264
196 3265
196 3266
196 3267
196 3268
196 3269
196 3270
196 3271
196 3273
196 4700
196 8405
196 9556
196 6868
196 3283
196 861
196 1284
196 7822
196 8986
196 3291
196 4704
196 7295
196 1287
196 3296
196 1292
196 3299
196 862
196 3300
196 8704
196 7296
196 7039
196 4709
196 7680
196 9557
196 9558
196 8907
196 864
196 9559
196 1308
196 9560
196 7557
196 8990
196 3344
196 3346
196 9147
196 4716
196 1315
196 9561
196 9562
196 866
196 7042
196 5597
196 9014
196 9563
196 9564
196 540
196 5993
196 9565
196 9566
196 5994
196 7300
196 3377
196 9567
196 3381
196 4724
196 4726
196 9568
196 4730
196 4733
196 9569
196 8838
196 4734
196 9570
196 545
196 9571
196 3408
196 3410
196 1342
196 4740
196 550
196 7370
196 3414
196 4745
196 9572
196 3423
196 9573
196 3429
196 3431
196 4752
196 9574
196 9575
196 9576
196 3440
196 7562
196 4757
196 4759
196 3447
196 9577
196 3460
196 3462
196 9578
196 9579
196 5599
196 5998
196 7933
196 9580
196 9581
196 880
196 7059
196 4777
196 9582
196 3485
196 3486
196 3487
196 3488
196 3489
196 3490
196 3491
196 4778
196 9583
196 4786
196 4787
196 3511
196 3521
196 3523
196 7318
968 3007
197 6106
197 9584
197 9585
197 8290
2011 8788
2011 8795
2011 8802
9586 1420
2018 2422
8262 4301
8262 1685
5602 305
5602 587
1387 7147
1387 9005
1387 9587
1387 9588
1387 9589
1387 9590
1387 7302
1387 9591
1387 3512
9592 5379
9593 587
6106 312
604 226
604 2174
604 403
604 9594
604 3926
6774 314
9595 1429
1629 9596
4288 9403
4288 237
4288 1682
4288 9486
4288 7226
4288 9597
4288 9598
4288 7289
4289 9062
4289 7130
4289 8859
2032 1472
4291 313
4291 1210
203 8870
9599 1210
2034 766
2034 7392
205 305
205 587
206 1470
206 6268
206 4882
206 5261
206 265
206 266
206 1474
206 6542
206 9600
206 7858
206 3674
206 5285
206 3726
206 6556
206 1490
206 3755
206 9601
206 1495
206 7885
206 6570
206 487
972 8946
207 9602
209 9535
209 8991
1529 245
1529 5747
1529 9010
6902 587
210 9603
210 9604
2037 2104
4294 587
4295 237
4295 9457
4295 1214
4295 9605
4295 9606
4295 4723
2040 315
4296 9607
9608 7044
211 6958
211 7620
7114 390
6107 313
9018 4368
9609 312
9609 386
9099 6219
2042 4366
2042 1239
9033 2814
212 233
212 9445
212 303
212 7913
212 7161
212 4409
212 7185
212 4491
212 2787
212 8829
212 6985
212 2869
212 7001
212 7817
212 500
212 8314
2046 9610
2046 2780
8317 2430
9403 2058
9403 2302
9403 8766
9403 9611
9403 9612
9403 7254
9403 9613
5739 237
5739 9614
5740 237
5740 1147
5740 6199
5740 9534
5742 237
5742 1213
5742 1255
2048 9615
9437 312
4301 9616
4301 9617
4301 7834
4301 8265
4301 8266
4301 9618
4301 1685
4301 9619
4301 8273
4301 8275
4301 9620
4301 9621
4301 9622
4301 9623
4301 9624
4301 9625
4301 812
4301 9626
4301 9627
4301 8281
4301 486
4301 9628
5696 5917
9629 1057
9164 1431
2053 9630
2053 9631
2053 7361
2053 6999
219 9632
2055 9023
4305 4329
9633 314
9633 432
9633 435
709 569
2062 9634
2062 2897
2062 9635
9100 9636
4307 365
2064 2629
223 9607
1395 7023
9637 1429
5018 1429
9638 5982
8841 9639
8841 9151
8841 9430
8841 9154
8841 9046
8940 9640
9165 1429
9641 4651
8497 4398
5225 587
4309 9021
4310 308
4310 318
4310 2365
7412 226
7412 3879
7412 9642
7412 9643
7394 227
226 4123
226 8099
226 9644
226 3845
226 4130
226 5927
226 4132
226 265
226 1474
226 9645
226 9646
226 4141
226 2170
226 9066
226 9647
226 2172
226 2173
226 3872
226 3874
226 9648
226 8131
226 9649
226 7950
226 9650
226 9651
226 2180
226 2183
226 3885
226 8026
226 2185
226 3890
226 3891
226 2188
226 2189
226 3894
226 3895
226 9652
226 8122
226 9653
226 9654
226 2238
226 9655
226 9656
226 9657
226 9658
226 9659
226 9660
226 9661
226 8132
903 9662
903 9663
903 4122
903 4123
903 4126
903 9664
903 9665
903 9666
903 9667
903 9668
903 9669
903 5920
903 8099
903 5923
903 3846
903 9670
903 8226
903 9671
903 5929
903 9672
903 9673
903 9674
903 9675
903 9676
903 9677
903 9678
903 4136
903 4137
903 9679
903 9680
903 4139
903 4140
903 4142
903 9681
903 9682
903 9683
903 4146
903 9684
903 5937
903 4148
903 9647
903 4149
903 9685
903 7136
903 9686
903 9687
903 4152
903 4153
903 4154
903 9688
903 4157
903 8227
903 4159
903 3878
903 9689
903 9690
903 9691
903 3893
903 9692
903 4163
903 4167
903 4168
903 4169
903 4170
903 9693
903 9694
903 9695
903 4172
903 4174
903 9696
903 9697
903 9698
903 4176
9699 5934
6909 2171
9700 2171
9700 2178
9701 5928
9701 269
9056 2169
9056 5917
9056 5751
9056 4457
3838 5934
4311 3872
4311 8247
3840 9702
7961 5978
3841 5668
3841 5622
3841 5624
3841 5699
3841 9703
3841 5627
3841 5628
3841 5719
3841 8082
3841 9704
3841 5638
3841 9705
3841 9706
3841 8060
3841 5713
5668 3842
5668 5632
9707 3850
5698 5620
5698 5628
5698 3850
5698 5664
5620 8083
5621 8055
5621 8090
5621 9708
5621 8059
5621 8068
5621 8087
5621 8091
5621 8092
5621 8094
5621 8095
5623 9709
5624 8086
3842 5632
3842 8077
9710 6914
9711 9712
9711 2171
9711 2181
8222 2171
9713 2171
8223 2171
1530 5132
1530 305
1530 587
7973 5705
7973 2171
7973 9714
7973 9715
9716 5921
9716 9717
9716 4153
4123 9718
4123 5921
4123 9719
4123 9720
4123 9688
2072 9721
2072 9722
2072 5941
7348 9723
7348 9724
7348 7351
7348 9725
7348 8204
8013 8023
8013 9726
8013 7945
8013 3879
8013 9069
7974 5705
5919 269
9727 3844
9718 2238
8099 4127
8099 4128
8099 9728
8099 9729
8099 5932
8099 9717
8099 9730
8099 9731
8099 9732
8099 9733
8099 9734
8099 3890
8099 7926
3844 9735
9058 2238
8023 7943
5921 269
5922 3849
9736 3890
227 228
227 7396
227 8025
227 3862
227 7400
227 305
227 587
227 8028
5976 4159
8014 3879
8015 9036
8015 3879
3846 9737
3846 7926
3846 9738
8141 7637
8141 2654
4179 4181
4180 4181
4180 8152
4180 9739
4180 9740
4180 7462
9741 7351
9742 9743
4312 6120
4312 900
4312 4457
4312 8875
5924 3894
4129 2238
2073 9069
9744 3890
9670 3849
9745 2171
5927 3849
8017 7942
8017 7943
9712 9746
3849 4132
3849 9747
3849 9748
3849 9749
3849 4172
7949 3874
9750 3872
228 5701
228 4181
228 5675
228 305
228 587
5627 5629
5628 8072
5630 9751
9709 6954
3850 8085
3850 5641
9752 305
9752 587
5718 9753
9754 2238
9755 3890
9756 3852
9757 9758
9757 6792
8224 2179
3851 5705
3851 9759
3851 4457
9760 9761
1630 1420
9762 312
1433 9763
1433 7762
1433 486
9764 2425
231 313
7119 239
7119 898
6113 2290
6113 6183
2085 6168
9101 323
9101 9765
8289 2086
1632 1420
1633 1608
974 314
2091 6623
975 6791
975 9766
975 9767
975 9499
975 9527
975 1331
975 7057
9768 599
9769 1429
6115 6250
236 1210
7125 313
7125 314
6949 4626
2100 7219
2101 4471
2101 1373
6116 1015
2105 8264
2105 8274
2105 8276
2105 9770
2105 9623
2105 9771
2105 9627
2105 7728
2105 9772
2105 9773
2105 9774
2105 9775
2106 7666
237 1429
237 265
237 3878
237 4368
237 5765
237 9776
237 5611
237 9777
237 6986
237 9778
2107 2120
2107 4358
239 4328
239 265
239 4343
239 7152
239 4385
239 9450
239 2390
239 7175
239 2410
239 7183
239 4460
239 2602
239 7207
239 7209
239 9479
9779 301
9779 413
5512 9780
5512 9774
9781 587
4322 2309
7127 4663
6951 2385
7665 9782
7665 9783
7666 9784
7666 9785
7666 9786
7666 9787
7666 9788
7666 2737
7666 4547
7666 9789
7666 8299
7666 9790
7666 9791
3589 9792
7667 9428
7667 782
7667 9793
7667 9429
7667 9794
7667 9795
7667 9796
7667 9044
7667 9797
7667 9432
7668 9798
9784 9785
9784 2644
6250 6430
6250 265
6250 268
6250 312
6250 2592
6250 6170
6250 6176
6250 1160
6250 4620
6250 2951
6250 9799
6250 8981
6250 9800
6250 3502
243 5382
978 1396
978 2406
9059 5379
6781 3306
6781 9801
245 9802
2116 312
246 7214
246 2922
246 7273
246 8313
246 9803
246 9000
247 6972
248 9589
2117 7040
9804 1429
9805 7761
2120 9806
2120 9523
4327 5513
4327 9807
4327 9808
4327 5515
4327 5516
9809 8870
2123 544
2124 2644
3590 3591
3590 265
250 382
3591 3642
2127 259
2127 9810
2127 3072
2127 3258
2127 7823
4080 9811
254 4500
258 8693
9102 9812
1428 1429
260 9039
8302 9813
261 387
1429 9166
1429 9167
1429 9814
1429 9815
1429 1430
1429 9816
1429 9168
1429 4427
1429 9171
1429 9817
1429 9173
1429 9174
1429 9176
1429 9818
1429 9179
1429 9819
1429 9180
1429 9820
1429 9821
1429 9822
1429 9182
9060 2194
2144 7137
2144 6806
2144 7599
7738 5475
7738 7744
7738 9823
7738 9185
7738 9824
7738 9186
7738 5914
7738 7750
7738 9825
7738 7759
7738 9826
7738 9827
7738 9828
7738 4696
5097 9829
5097 9830
8944 2415
8944 9831
8944 2801
8944 9832
6414 4880
6414 4887
6414 4973
6414 9833
6414 6682
6414 9834
6414 4905
6414 9835
6414 9836
6414 6690
6414 4922
6414 4925
6414 9837
6414 6692
6414 8428
6414 6629
6414 4950
6414 9838
6414 4956
5034 9839
6336 5035
6336 265
6650 1474
9840 1472
9840 2154
5006 656
9841 7852
4876 4884
4101 265
4101 1474
2150 9278
2150 1470
2150 6575
2150 9842
2150 8555
2150 265
2150 9283
2150 9843
2150 9844
2150 9845
2150 9846
2150 9847
9848 4801
9848 2608
9848 9849
9848 9343
9850 5052
9851 770
264 1616
264 1470
264 9048
264 5567
264 265
264 6753
264 656
264 6450
264 8719
264 9852
264 9853
264 5056
264 4854
264 9854
5036 9855
5036 9338
9856 7206
5883 265
5250 1470
5250 9857
5250 5264
5250 265
5250 6274
5250 8599
5250 1474
5250 6278
5250 6280
5250 6294
4838 1470
1616 266
1616 412
1616 3770
9246 1470
9246 9283
9858 3642
5958 5040
5958 9859
2151 8026
7850 265
7850 3728
5251 9860
5251 9861
5251 9862
5251 5042
5251 9863
5251 8640
5251 9864
5251 8642
5251 8643
5251 8645
5251 8646
5251 9865
5251 9866
5251 8648
5251 9867
5251 8651
5251 9868
5251 9869
5251 9870
5251 9871
5251 8655
5251 9872
5251 9873
5251 5069
5251 8657
5251 5076
5251 8659
5251 8660
6415 6732
6415 266
6415 5056
9874 5040
9875 3606
6416 265
6416 1474
6416 9876
8413 6259
9877 1474
6265 5278
9860 5419
9860 9878
5252 5265
6378 8434
6378 9879
3598 9880
3598 9881
9269 5840
5253 265
8637 9861
8637 5419
8499 5482
9882 9283
6417 1470
6417 1474
6417 6629
3599 265
3599 1474
3599 8505
9883 3605
8500 9884
8500 8466
8638 5419
8638 9885
5038 265
5038 6364
9886 8369
1469 9887
1469 5969
1470 6418
1470 9888
1470 4970
1470 6268
1470 6717
1470 3606
1470 5011
1470 9857
1470 6422
1470 6426
1470 6482
1470 8503
1470 3616
1470 5262
1470 774
1470 775
1470 4096
1470 5048
1470 5266
1470 6272
1470 5269
1470 8483
1470 9889
1470 9890
1470 9064
1470 6719
1470 9891
1470 5854
1470 3647
1470 9892
1470 3653
1470 1474
1470 8484
1470 6445
1470 5281
1470 8107
1470 9070
1470 993
1470 6800
1470 6452
1470 5606
1470 8326
1470 8600
1470 9359
1470 7868
1470 6546
1470 9893
1470 6549
1470 6288
1470 9352
1470 6613
1470 9894
1470 3704
1470 7872
1470 5442
1470 5590
1470 8395
1470 7808
1470 3717
1470 9895
1470 9896
1470 6606
1470 1057
1470 5058
1470 9080
1470 8648
1470 9244
1470 6747
1470 9897
1470 9898
1470 3735
1470 6608
1470 9899
1470 9900
1470 9901
1470 7881
1470 4996
1470 9902
1470 6304
1470 5066
1470 6759
1470 3782
1470 9903
1470 9904
1470 5314
1470 9905
1470 9906
1470 9907
1470 8458
1470 4870
1470 9908
1470 3248
1470 9909
9910 3621
3600 6009
3602 1474
9911 4490
9911 9912
9913 5257
9913 656
5039 8644
5039 8647
5039 9914
5039 9869
5039 5069
5039 9915
5039 9916
5039 9917
4967 4918
4967 807
9918 770
9919 770
9920 4801
9921 5048
6418 6596
6418 9922
6418 1474
6418 1578
6418 7881
9923 8369
9861 8653
9861 8658
9924 5419
9924 5425
5254 265
5254 1474
5254 3678
5254 6492
5254 9925
6003 6329
9926 1474
6575 265
6575 6464
6575 9927
4801 2152
4801 5885
4801 9928
4801 2384
4801 6598
4801 9929
4801 5064
4801 4809
8501 2384
8501 9930
8501 9931
8501 9932
5255 412
5040 9933
5040 3604
5040 9934
5040 6004
5040 5834
5040 6006
5040 9935
5040 9936
5040 6319
5040 5045
5040 5837
5040 6007
5040 6321
5040 9937
5040 6322
5040 9938
5040 9939
5040 9940
5040 9941
5040 6323
5040 5875
5040 9942
5040 6009
5040 9943
5040 5555
5040 5556
5040 8362
5040 7206
5040 9317
5040 9944
5040 9945
5040 9946
5040 9947
5040 6011
5040 9948
5040 9949
5040 9950
5040 9951
5040 8445
5040 9952
5040 9953
5040 9954
5040 6014
5040 9955
5040 9956
5040 9957
5040 6333
5040 9958
5040 8574
5040 9959
5040 9960
5040 9961
5040 9962
9372 9963
9372 1488
9964 1472
5322 5045
5322 5961
9965 9357
3604 5840
3604 6330
770 9966
770 773
770 774
770 775
770 5012
770 9967
770 5445
770 6643
9966 1474
9968 9969
9968 1475
9968 9970
5041 9971
5041 5840
5041 6332
5041 9251
5041 9972
4878 656
8335 2384
1572 4916
6419 1474
9048 6033
9048 3644
9048 6442
9048 3688
9048 9973
9048 8552
9048 6749
9048 3793
9048 9974
6652 656
9061 2156
9975 5502
5256 266
5256 6368
5256 9833
5256 6683
5256 3687
5256 9976
9977 5439
6004 9978
9303 4931
9303 6700
9303 9979
9980 2158
9980 5502
9980 7860
9980 9981
9980 9982
1471 265
4802 2152
9983 9984
9983 6680
9983 6259
9983 2384
9983 9985
9986 3631
6005 6966
5834 9987
4970 9988
7129 1473
7129 9989
7129 6694
7129 6709
6717 4490
9990 3631
3605 9991
3606 265
3606 1474
3606 9992
3606 9993
3606 9994
3606 9995
3606 9996
6671 9997
9998 9999
10000 266
8336 10001
8336 10002
6420 4490
4880 6696
4880 10003
4880 10004
772 10005
5011 265
5011 1474
5856 10006
5856 5750
5856 5502
5856 6259
5856 10007
5856 10008
5856 10009
5856 8396
5856 9367
5856 9982
5856 10010
5856 10011
3607 265
3607 5051
5257 3614
5257 8452
5257 265
5257 10012
5257 3696
5257 8361
5257 5441
5257 6464
5257 10013
5257 10014
5257 10015
5257 3800
5257 10016
10017 8445
6421 5274
5529 5413
5529 5438
5529 8361
5529 10018
5529 8407
10019 10020
9062 7259
10021 5501
10021 10022
8639 5055
10023 7860
10024 5750
10024 10025
1573 265
1573 1474
1573 656
1573 1591
1573 10026
3608 10027
3608 5053
3608 10028
3608 10029
3608 10030
3608 5840
3608 9956
3608 9957
3608 10031
3608 10032
3608 6021
3608 6022
3608 5074
3608 10033
6422 6595
6422 265
6422 1474
6422 4902
6422 6054
6422 4986
6422 10034
6422 5000
6422 6707
6422 6708
6422 10035
3609 265
3609 8579
3609 6615
3609 10036
10037 5103
6423 6427
6423 1579
6423 10038
6423 10039
4971 1474
5835 9363
5835 6017
6424 265
10040 5048
10041 5502
3611 10042
5419 9863
5419 10043
5419 5423
5419 692
5419 10044
5419 693
5419 10045
5419 10046
5419 10047
5419 10048
9331 10049
9331 10050
10051 5750
10051 5502
10052 3631
9863 10053
2152 3612
2152 10054
6349 10055
3612 10056
3612 6512
3612 10057
3612 10058
3612 6371
3612 8437
5258 265
5836 10059
5501 10060
5501 5750
5501 5502
5501 10061
6425 1474
7130 5827
5259 265
6426 265
6426 1474
8503 9036
10062 8345
10063 9337
10064 9989
10064 6259
10064 3775
10065 1475
3613 5547
3613 10066
5885 2608
1472 10067
1472 10068
1472 8478
1472 10069
1472 10070
1472 5157
1472 10071
1472 10072
7852 8718
7852 7854
7852 7856
7852 265
7852 1474
7852 6442
7852 6721
5260 1488
6427 1474
6427 6453
6427 10073
8388 10018
2153 10074
1575 656
1576 10075
6594 9340
7853 6442
6678 4978
3616 265
3616 10076
3616 3757
3616 7883
3616 6738
2154 10077
2154 10078
2154 10067
2154 9999
2154 10079
2154 10080
2154 8506
2154 10081
2154 10069
2154 2609
2154 10082
2154 10070
2154 2612
2154 10083
2154 7260
2154 10072
2154 10084
2154 6743
2154 10085
2154 6744
2154 10086
2154 10087
6732 265
6732 4490
6732 10088
8452 10089
6320 5840
10090 9937
10027 3631
6733 265
5261 265
5045 10091
6048 10092
6429 3665
5420 5423
3619 266
6430 312
6430 412
10093 265
10093 656
3621 265
3621 1474
3621 8615
3621 10094
773 774
10095 774
10095 265
774 775
775 1474
5482 3630
5482 10096
5482 3651
5482 5427
5482 2374
5482 10097
5482 10098
5482 5429
5482 10099
5482 10100
9363 9962
8568 6001
2155 6680
2155 10101
2155 10102
2155 10103
2155 10104
2155 10105
6595 266
3623 8630
3623 10106
10107 5750
10107 5502
10107 6259
6049 1474
6049 656
10108 10109
10108 10110
9937 10111
9937 10112
9937 10113
9937 10114
5414 10016
2156 9064
2156 10115
2156 9077
8337 10116
10117 5750
10117 5502
5263 10118
5263 10119
5263 10120
5263 10121
5263 10049
5263 9237
5263 9238
5263 10122
5263 10123
5263 9240
5263 10124
5263 10125
5263 6346
4096 265
4096 1474
4096 2654
4096 10126
4096 7630
10127 5502
10109 10128
10109 9881
10109 6680
10109 10129
10109 10130
10109 10131
10109 1488
10109 10132
10109 10133
10006 5502
10006 10134
9300 10135
9300 10136
3627 5056
9938 10137
9938 10138
6433 265
5046 265
5046 5275
5046 6545
5046 6466
5046 8612
5046 10139
5046 6565
4097 265
4097 1474
5264 6259
6434 6437
6434 265
6434 1474
6435 1474
6435 8629
6435 6613
6435 8327
6435 10140
6435 8366
9880 6680
10056 5272
10056 10141
10056 10142
5226 10143
5226 10144
8627 9130
3629 412
7132 266
9312 5567
9312 3663
9312 3679
9312 10145
9312 5291
9312 10146
9312 9899
9312 3764
9312 6758
9312 1497
9312 10147
5048 10148
5048 10149
5048 10150
5048 8468
3630 6357
4884 1474
4884 4974
4884 10034
1473 1474
3631 5840
3631 6331
3631 6020
3631 10151
3631 9251
3631 10152
3631 10033
2158 5502
2158 10153
2158 10154
5265 10155
9063 9036
5567 3642
5567 265
5567 7858
5567 3683
5567 1476
5567 5052
5567 1481
5567 4982
5567 3705
5567 5294
5267 265
5267 1474
5267 312
5267 10156
6060 10157
6060 10158
6060 10159
6060 1488
6060 6389
6060 10160
8538 10161
8546 6680
8546 9351
8546 10162
8546 10163
8546 2384
8546 10164
8546 10165
8546 10166
8546 10167
8640 8656
6379 5287
6379 8436
5269 6621
5269 3704
5269 7871
5269 10168
6051 1474
6051 4988
6437 4913
6437 1589
10096 1497
6008 5840
10169 10022
10169 5502
2160 2342
6485 5278
5270 265
5270 10170
5270 4099
3637 8661
4972 266
4972 4982
8520 412
6438 1474
6438 10171
4887 4888
4843 3715
4973 4891
6680 10057
6680 9985
6680 9079
6680 10172
6680 10173
10174 5502
10174 8396
7854 7856
4829 265
10022 5502
10022 6259
10022 10009
10022 10175
10022 10061
10176 9351
3640 10177
3640 1474
3640 4978
3640 4906
4845 5854
5423 9871
10178 1474
7855 1474
10179 2384
3642 6754
3642 7858
3642 6755
3642 5283
3642 10180
3642 1479
3642 5291
3642 3701
3642 10181
3642 9896
3642 9898
3642 9899
3642 6757
3642 10182
3642 6760
3642 10183
3642 10184
3642 10185
3642 10186
9395 5840
10187 2384
9864 8641
9864 8650
9864 10188
9864 10189
8460 265
8427 1474
265 266
265 3646
265 5854
265 9892
265 5274
265 3652
265 5049
265 10190
265 1474
265 6597
265 3664
265 3665
265 5280
265 6953
265 5281
265 6684
265 6448
265 286
265 2238
265 3917
265 379
265 6450
265 5606
265 7867
265 5284
265 3682
265 6654
265 6599
265 6456
265 1483
265 10191
265 804
265 5289
265 6458
265 6602
265 6459
265 7870
265 3699
265 10192
265 6605
265 4854
265 805
265 5890
265 3717
265 8431
265 1057
265 6467
265 6337
265 5298
265 9116
265 5967
265 10193
265 6472
265 9901
265 1490
265 1537
265 7881
265 6474
265 10194
265 3761
265 7883
265 10195
265 9126
265 7884
265 3768
265 8669
265 6611
265 6477
265 9127
265 6629
265 10196
265 10197
265 10198
5272 10199
5704 6012
4890 10200
5103 10201
5103 10202
5749 5502
3645 412
10203 10118
10204 6442
1577 1474
1577 6686
266 8369
266 5274
266 6449
266 1477
266 9306
266 5052
266 10205
266 3749
4891 1474
8592 7133
10206 9376
10206 412
10141 2524
3646 1474
9971 5959
9971 10207
9971 5840
6440 1474
9036 267
9036 10208
9036 8391
9036 10209
9036 8126
9036 10210
8641 10211
267 7259
9891 1474
5854 6543
5854 4854
5854 7872
5854 6623
5854 4869
9304 10212
9304 6449
9304 10213
10044 10214
9892 1474
6441 4490
6539 10215
3648 10036
8369 3662
8369 10216
8369 10217
5750 10218
5750 5502
5750 10219
5750 10220
5750 10221
5750 10222
5750 1488
5750 10223
5750 10224
5275 4854
5275 6608
10225 7860
10225 9236
10225 9274
10225 10226
10225 10124
693 587
3652 10227
10228 7860
10229 7860
3653 1474
10230 4901
8389 5502
5049 3740
3654 10231
10215 3655
10215 9243
10215 6561
9390 2238
9390 6259
6753 3683
6753 4982
5870 9997
1474 5279
1474 9103
1474 6447
1474 6448
1474 10232
1474 2238
1474 304
1474 3677
1474 1006
1474 10233
1474 4977
1474 5606
1474 6654
1474 9306
1474 6456
1474 9323
1474 6458
1474 4916
1474 9352
1474 10094
1474 3702
1474 10234
1474 10235
1474 10236
1474 10237
1474 6292
1474 10075
1474 8603
1474 805
1474 5890
1474 5590
1474 9973
1474 4490
1474 9837
1474 3717
1474 10238
1474 10239
1474 10240
1474 4990
1474 1488
1474 5298
1474 10241
1474 10242
1474 10243
1474 4993
1474 1490
1474 1491
1474 1492
1474 1493
1474 10244
1474 3751
1474 3752
1474 10245
1474 6699
1474 10246
1474 10247
1474 7259
1474 6302
1474 6498
1474 1494
1474 5893
1474 6476
1474 5310
1474 5070
1474 10248
1474 5311
1474 5968
1474 1595
1474 6499
1474 10249
1474 6737
1474 8455
1474 10250
1474 5316
1474 10251
1474 7886
1474 5003
1474 3794
1474 3796
1474 10252
1474 3797
1474 9128
1474 10253
1474 10254
1474 10255
1474 7015
4817 10256
4817 10257
4817 4034
4817 10258
10212 6449
8617 6259
8617 10119
4894 10259
4894 10260
4895 4899
10057 10261
10057 10165
10057 10172
10057 10101
10057 10167
4896 4979
4896 4980
4896 1579
4896 10262
4896 6701
6754 4982
5278 6490
5278 9320
10263 6689
5050 10264
10202 10143
10202 7860
10265 9301
10266 5502
10266 2384
10266 10267
10045 8649
6442 6721
6442 10268
3664 6473
3664 10245
3664 10269
8362 5558
8362 5840
8362 10152
8362 10270
7133 9999
7133 10271
7133 10082
7133 10272
7133 10071
7133 10273
7133 10084
7133 10274
10012 8342
10012 10275
10012 10276
10012 8374
10012 10277
6443 6451
5502 10219
5502 10278
5502 10007
5502 10001
5502 10116
5502 10279
5502 10153
5502 5780
5502 8343
5502 10175
5502 10134
5502 8396
5502 10221
5502 10222
5502 10280
5502 9981
5502 10025
5502 10281
5502 10282
5502 10223
5502 10267
5502 10224
5502 8440
656 8539
656 10283
656 10284
656 9988
656 6054
656 6454
656 10285
656 4983
656 6055
656 4914
656 6691
656 6613
656 4987
656 10131
656 6693
656 808
656 4934
656 6976
656 8450
656 8541
656 6698
656 4994
656 10286
656 1592
656 6703
656 4940
656 6704
656 3769
656 10287
656 4999
656 4945
656 4946
656 10004
656 10288
656 5003
656 10289
656 10290
656 10291
656 10292
656 4955
656 10293
9351 10294
9351 1488
9351 10295
3665 4903
3665 4909
3665 10234
3665 10296
3665 4953
10259 6695
6953 5002
10297 487
10162 10166
10162 10298
10162 1488
10162 10132
10162 6361
3670 5281
6445 10299
9366 6259
9366 1488
10300 4978
9283 9248
9283 10301
9283 412
9283 10302
10200 4978
10163 8345
10163 1488
5427 10303
5427 3683
7859 9306
5281 3703
5281 3735
8340 9963
3675 5056
3853 5705
5705 3854
5705 5978
5705 10304
5705 3868
5705 7983
5705 2176
5705 3876
5705 6124
5705 10305
5705 10306
5705 7034
9758 10307
7402 900
3855 8121
6912 3868
8002 7920
3856 3876
3857 3886
10308 3872
10309 7926
10309 9697
5132 10310
10311 5944
4181 8150
4181 8154
4181 10312
8146 5979
10313 2166
2164 8153
2164 7422
2164 7428
2164 7429
2164 7443
2164 7452
2164 7460
2164 7470
2164 10314
2164 10315
2164 10316
9675 4153
9677 269
3858 269
6913 2171
9645 7926
6120 10317
9743 9658
8003 7920
3859 9714
3859 2176
10318 2171
7349 8150
7349 8158
7349 10319
7349 9739
7349 10320
7349 10321
7349 8041
7349 10322
2166 7424
2166 8254
2166 7426
2166 10323
2166 10324
2166 10325
2166 10326
2166 10327
2166 7437
2166 10312
2166 8255
2166 10328
2166 7448
2166 10329
2166 10330
2166 8170
2166 10331
2166 7456
2166 9740
2166 8179
2166 10332
2166 10333
2166 7644
2166 10334
2166 10335
2166 8198
2166 7503
2166 8201
2166 10336
2166 8205
2166 403
8004 10337
8004 8138
7979 9104
7979 2238
7979 4457
4138 10338
4339 2238
9646 9104
9646 2238
8005 10339
5637 5638
8256 3866
8256 3883
8256 10340
10341 2169
10341 5917
10341 4457
10342 3890
10342 2238
10343 7906
2167 2171
2167 2178
2168 2171
10344 900
8390 9069
8108 4457
4142 7958
4142 314
10345 4153
9104 4457
10346 2171
10347 7351
7636 10348
7636 7456
7636 10349
7636 10350
7636 8037
7636 10351
7636 8194
7636 10352
7636 7651
7636 412
10353 5944
8213 7920
7965 3251
5934 3878
10354 5979
7350 8178
7350 10355
2169 8218
2169 8875
2169 10356
2170 8120
2170 7292
2170 8127
2171 6914
2171 10357
2171 10358
2171 10359
9443 3773
3866 7706
8254 7457
8254 7458
8254 10360
10361 3890
9717 3867
10362 900
10362 7681
9730 2238
8100 7926
8391 9133
10363 2238
10323 8030
7432 10364
2172 4457
2172 9133
3868 10365
3868 2176
3868 10366
3868 3886
3868 7710
9706 5644
10367 269
9747 9688
5903 7901
5903 7709
10368 5917
5917 10369
5917 8219
9732 3890
9732 9658
5643 2181
6914 2422
10370 2181
8166 7351
3872 3881
3872 3884
3872 10371
983 10372
3874 3887
3874 10373
3874 3891
3874 3893
2175 900
8169 7351
7351 10374
7351 10375
7351 8197
7351 10376
7351 8202
10357 6916
10377 4457
10378 3890
8115 4457
2176 8239
2176 10379
2176 10372
10379 2182
10380 2182
10381 2182
10382 2182
9702 9658
10383 3890
3876 3884
10384 10385
10384 10386
10384 2422
10384 6918
10384 10387
8021 2238
3878 10388
897 900
7468 5979
5979 10389
5979 10390
5979 7508
5979 10391
5979 8043
6123 10392
6123 10393
10394 4457
7702 7711
3879 10395
9734 3890
8009 7920
3882 3892
9650 2238
9650 4457
7137 10248
9761 5944
10385 2482
2180 486
10396 6918
2181 10397
9067 486
10398 9658
2182 4457
2182 10399
2182 10400
10401 4457
2184 8918
8062 856
3887 10402
6957 10403
10404 4457
10405 3890
3890 9654
3890 6478
10406 4457
10317 10402
7958 5946
3892 10407
10408 5289
10409 4457
10369 900
8122 4457
10410 5946
8218 10356
2191 315
2191 7048
9107 6163
1635 1420
7138 2238
7834 1685
985 2470
9071 4398
9196 587
7141 2786
2205 9519
10411 587
6932 1640
6924 1533
8303 1145
2213 10412
2215 1013
2216 313
4349 9823
10413 5914
988 587
2220 10414
2220 10415
2220 4684
2220 9564
2220 6227
7739 10416
7739 1057
666 668
282 1533
2223 348
2223 3312
2227 312
621 587
779 10417
779 7041
9814 5379
8266 2464
8266 5982
284 5828
10418 4464
1533 10419
1533 587
1533 10420
1533 10421
1533 9411
1533 10422
8741 314
9428 2238
10423 1015
286 10424
990 431
2238 9072
2238 9075
2238 2524
2238 10425
2238 6381
2238 10426
2238 10427
2238 2674
2238 9173
2238 10428
2238 7387
2238 10429
2238 8508
2238 9240
2238 10430
2238 8871
2238 10431
2238 8219
2238 10432
2238 10433
10434 587
8676 2283
9815 5379
567 10435
567 587
567 10436
567 2616
567 10437
567 1126
2246 312
9072 2573
9072 10438
8677 308
7148 6800
4358 3919
4358 7391
4358 10439
10440 900
2252 10441
10442 4416
2256 314
995 2993
4049 8284
651 587
9073 1420
298 10443
2270 365
9446 9777
10444 5982
299 10445
299 3220
10446 7685
1534 1380
7743 7750
8950 366
300 2289
2275 4795
10435 10447
999 10448
305 10449
305 587
305 6001
6133 3129
4366 7252
4366 4774
4368 7193
4368 3452
1682 9543
7586 365
2281 9109
7922 4769
7152 9450
7152 4460
7152 10450
7152 10451
7152 10452
8811 6152
7153 312
2286 10453
308 10454
308 6065
308 10455
2288 7176
2288 3116
2289 10453
2290 6183
2292 8792
1685 10456
1685 1057
1685 812
10457 2425
898 900
2294 10458
10459 5379
4375 8886
7154 387
2302 10460
10461 5914
10461 5478
9823 5914
9823 10462
9823 10463
2303 364
599 322
599 8847
599 10464
599 587
599 10465
599 10466
312 1011
312 333
312 6793
312 10467
312 10468
312 7591
312 1031
312 4465
312 799
312 7597
312 803
312 10469
312 2661
312 10470
312 10471
312 10472
312 4518
312 10473
312 10474
312 454
312 2863
312 10475
312 4588
312 8891
312 6473
312 10476
312 10477
312 4624
312 2967
312 2994
312 10478
312 10479
312 3123
312 7282
312 3174
312 10480
312 10481
312 10482
312 10483
312 10484
312 3254
312 10485
312 10486
312 6870
312 7681
312 10487
312 3412
312 9574
312 7896
312 6882
312 10488
312 10489
312 10490
313 9110
313 6793
313 1030
313 7593
313 4461
313 7598
313 2654
313 6978
313 6812
313 10491
313 7601
313 10492
313 1106
313 1107
313 2785
313 10493
313 7231
313 7233
313 10494
313 5795
313 10495
313 9121
313 9507
313 10496
313 2923
313 1186
313 4624
313 2994
313 7019
313 10497
313 7678
313 7894
313 10498
313 10499
313 10500
313 9136
313 1313
313 8994
313 6873
313 5995
313 10501
313 9139
314 8743
314 333
314 10502
314 10503
314 6965
314 6798
314 6967
314 9462
314 370
314 799
314 1052
314 2604
314 10504
314 2653
314 2725
314 2729
314 10505
314 8748
314 9417
314 4559
314 9509
314 10506
314 1200
314 10507
314 10508
314 3192
314 3318
314 10307
314 7681
314 6878
314 3404
314 878
315 6793
315 10509
315 6798
315 2508
315 2534
315 799
315 393
315 6815
315 10474
315 9417
315 9498
315 7605
315 7728
315 7611
315 10510
315 3099
315 10511
315 8985
315 10486
315 7684
7155 372
2309 10512
7923 2984
6137 463
9449 2365
2317 10513
7157 8895
8270 9773
2329 3230
8272 9773
321 10514
2334 387
6259 8531
6259 5282
6259 2674
6259 9772
6259 9084
6259 10515
6259 10516
6259 10517
6256 9450
10456 5982
4391 4570
6141 339
10518 2737
10519 1126
324 2546
10520 1647
5759 2843
10521 4651
661 1420
7860 10278
7860 10049
7860 10522
7860 10523
7860 10524
7860 10525
7860 10526
4398 7168
4398 3382
2343 365
328 6212
329 10527
329 9590
330 4435
330 3272
330 3519
2349 4653
2349 10528
5379 9170
5379 9171
5379 2737
5379 9175
5379 9177
5379 9179
5379 9093
5379 9821
5379 10529
5379 9183
2352 10530
4404 423
2364 10531
7528 8870
2371 1336
7166 10532
7166 10533
2373 4529
4072 4076
2375 10534
2375 4083
1013 3449
6792 10307
7168 7223
7168 10535
6962 7230
6962 7728
9005 587
10536 596
645 2579
645 3125
6897 6793
6793 364
6793 387
1015 587
1015 5610
1015 10537
1015 10538
10464 587
2384 9985
2384 10009
2384 10134
2384 10025
2384 10105
10539 394
10449 587
337 6458
337 6462
337 5294
337 5305
337 10540
2389 1336
899 900
339 8962
339 2951
339 8697
4413 10541
2398 9780
2398 9090
4416 7198
9111 9812
5914 10542
5914 10543
5914 10544
5914 9826
5914 5477
5914 10545
5914 9827
5914 9828
5914 10546
5914 7767
5914 7772
5914 486
5914 9188
5914 7781
5914 7782
5914 10547
5914 10548
569 596
569 587
596 587
2410 7205
6147 1156
10468 432
10509 1031
10549 2962
3917 1034
3917 7804
3917 9488
10534 1652
2420 4428
9810 4428
2421 433
347 387
347 6820
347 8999
2422 406
2422 7260
2422 3186
2422 10500
2422 8996
1018 388
2425 374
6148 8983
2427 387
5950 8768
7177 2758
4428 1365
587 9197
587 9587
587 10550
587 5531
587 9588
587 5790
587 10551
587 10552
587 10553
587 10554
587 9590
587 1664
587 10555
587 1431
900 4552
900 9829
900 901
900 9830
8958 7045
10556 812
10556 5982
10557 9972
354 1645
354 2879
2445 6855
10558 10559
4073 7336
4073 4055
4073 1420
4073 7342
2459 6195
2464 7761
2464 10560
10561 4054
6965 389
6965 10562
10563 2966
9458 8926
8959 2879
7752 10564
2487 433
6966 2509
10565 7048
10566 435
10566 7008
2501 2521
361 404
2507 415
7384 7388
2509 9466
2509 8883
364 799
364 392
364 9484
364 10567
364 2734
364 7603
364 9417
364 2821
364 1537
364 6190
364 3102
364 510
364 6866
364 10568
364 540
365 799
365 1050
365 2615
365 7227
365 10559
365 468
365 9512
365 3397
366 799
366 1049
366 8688
366 2817
366 9500
366 7249
366 2966
366 5803
366 10569
367 9505
367 10570
368 387
9631 5810
2520 1059
2523 7250
2524 10571
4457 10572
4457 8124
4457 10573
4457 10574
4460 10450
4460 7209
2538 672
7333 1662
7194 3390
2546 2562
2546 10575
2546 7671
2546 10576
2546 4667
2547 533
9037 672
10577 3222
4081 1652
372 433
372 6173
799 386
799 1420
10578 7048
4052 10412
4052 10579
4052 1420
8531 8532
382 498
2564 4536
3920 2860
8883 7045
3921 7561
3921 10580
9469 388
9469 1156
10425 2608
10550 679
9623 9773
9470 2984
4480 1100
386 6803
386 10471
386 9020
386 10475
386 10581
386 10582
386 9533
386 10482
386 10583
387 6174
387 2774
387 5195
387 4644
387 7297
387 3345
387 3499
388 6820
388 10584
389 2926
389 10506
389 9514
389 2982
389 10507
389 3104
389 6205
389 8810
389 4742
390 9419
390 470
390 477
1049 7927
1049 7932
1050 10585
392 2876
392 10586
6802 433
1051 434
1053 432
1053 10587
1053 10588
1054 9514
394 10589
2593 9513
2599 2949
2599 1339
9771 812
8686 2630
10590 10591
10590 6371
10590 10592
7206 10144
7206 10593
10233 6734
1475 9332
1475 10594
1475 10595
10144 1488
10144 10593
6449 10596
6449 9272
6449 10260
6449 10597
6449 7881
10598 5442
4978 1691
4978 6455
4978 5001
5960 5840
5606 10599
8326 5405
1578 6687
3679 4019
3679 6521
10180 5052
3683 6608
9262 9263
9262 1488
1476 5568
1476 10600
5887 9079
5887 4811
5887 10601
8341 10602
8341 7808
8341 1488
8341 3773
8341 10603
8341 10604
3686 1488
9359 10605
5285 10606
1477 6735
1477 10607
1477 6736
1477 10196
1477 10608
6453 9976
8549 5287
1478 3705
6001 5876
3687 412
3687 9289
8719 9893
8719 10609
8719 10610
8719 10611
8719 10612
8719 10613
8719 10614
8719 10615
8719 10616
8719 10617
8719 3811
10618 4996
6456 6457
6600 412
5052 3705
5052 10609
5052 10146
5052 5307
5052 3791
4850 3715
1480 397
8643 10619
1581 10620
8393 5057
3691 3717
2608 10621
2608 10282
2608 10622
2608 10623
2608 10624
2608 8481
1482 10525
6620 3715
9248 9250
9893 4982
10625 9301
10626 9301
5287 8435
5287 10627
5287 9879
5287 10160
5287 10628
4982 6555
4982 6756
4982 6642
4982 5304
4982 838
4982 6646
4982 10629
4982 5397
4982 3805
4982 3812
9393 1488
5289 10630
10150 10631
7869 4854
9301 10632
4912 10004
10130 8345
6462 10198
4986 6702
7870 10633
7870 412
10634 9960
3697 10635
3698 9870
3698 8654
9078 10122
9078 9239
9078 8625
3699 6737
9853 10636
6493 9352
8441 6470
9836 6690
9836 10637
9836 10038
6690 8669
9352 6495
9352 6301
9352 10638
9352 9255
8527 10639
9234 412
10640 3735
8445 5840
8445 9960
6613 807
8620 9241
8521 4490
3703 5056
3703 412
9894 8532
9894 1496
3705 10641
10642 10237
10643 3710
10001 10008
10001 10644
10001 10011
5055 10645
10646 6371
5056 10647
5056 6645
5056 9250
5056 10648
4854 7872
4854 3710
4854 10649
4854 10650
4854 4857
4854 10651
4854 9245
4854 10652
4854 10653
10020 9251
5568 10614
5568 10600
8342 10654
3710 1057
3710 4867
4921 4947
10655 412
9930 1488
9976 1594
9976 10251
9976 9310
2609 10656
5057 4490
3715 4859
9854 5444
9854 5313
9854 9927
9854 10657
6015 6328
4490 1057
4490 1488
4490 10658
4490 9116
4490 9900
4490 3773
4490 6748
4490 8356
4490 10659
4490 10660
4490 6723
4490 10088
4989 10597
6465 1692
4098 3735
3717 10168
3717 6628
3717 8490
3717 10661
9866 487
9309 10662
5840 6330
5840 9958
5840 10663
807 412
807 10004
4931 6702
6722 10664
5392 412
10426 6371
8443 5898
1586 6706
8551 10429
8551 10665
10666 6021
1588 10667
2611 10668
6330 10669
6384 10670
4990 10671
6036 5015
1488 6371
1488 9357
1488 10669
1488 3036
1488 10672
1488 9264
1488 10673
1488 10674
1488 10675
3735 10676
3735 10677
5007 5298
5298 9979
10678 9871
9333 8399
6756 10679
6585 10631
6976 9250
6371 10680
6371 10681
6371 6208
6371 10682
1489 10683
9357 10523
9357 10684
5060 10685
5060 10290
1490 498
5302 412
5303 10197
7335 1420
9472 432
1059 7539
5781 4503
5781 10686
7761 7763
7761 10546
7761 10687
7761 10688
7761 6860
7761 10689
7761 9092
7761 1434
7761 10547
9596 7340
7790 8697
401 9025
5953 1420
10690 2703
10691 812
10691 5982
9477 9777
4503 9481
4503 10692
4503 5798
4503 3172
4503 7285
4503 4732
4503 10693
2644 10694
8886 8749
8886 3104
5531 10695
5531 10696
2658 7044
6807 7045
6809 1145
8687 4761
2667 9120
812 6860
812 9628
812 10697
812 10698
10699 1420
2688 5359
412 10700
412 5305
412 1494
412 3770
412 10701
412 9391
412 9092
6811 433
2694 1420
414 7314
415 2843
416 3479
425 9546
2698 6194
2704 10702
8787 8924
10703 7008
4519 6832
2716 1145
1645 10704
1645 10705
1645 1648
1645 6198
1645 6867
431 4575
432 10473
432 10706
432 10686
432 6473
432 6836
432 477
432 9516
432 10707
432 10708
432 10709
432 10710
432 9131
432 10481
432 8982
432 3256
432 10487
432 4755
432 10488
432 6886
433 2754
433 2791
433 9204
434 9417
434 10711
435 6821
435 9200
435 6836
435 4624
435 477
435 6852
435 3224
435 10712
435 10713
435 7374
1088 3067
1088 3095
5982 10560
5982 10714
5982 10715
820 9187
2737 2949
2737 7774
2737 10716
2737 10717
2737 10718
7601 7044
10719 468
1096 8723
8924 10720
8924 10721
5611 6184
5611 1180
9777 10722
9777 4713
9173 1301
679 10554
1102 5217
10723 6832
10492 7044
10705 1420
10705 5166
4547 1339
10724 7044
9406 10725
5792 6842
7926 10726
10727 7728
2800 7008
7228 8894
9208 9151
9208 9152
9208 8872
453 3170
9494 4691
5793 6818
5983 1316
5983 10728
6986 6874
1126 10729
1126 10730
5794 2880
1649 1420
10412 4058
9615 8767
2843 5813
2843 8292
9495 469
9496 3320
9496 3340
10692 9144
10731 8895
1537 469
1537 3765
5594 1217
4055 10732
10733 1662
5795 7008
6824 1280
1145 8793
1145 9813
1145 4711
1145 10734
459 546
9627 2871
2871 9773
7340 9215
7728 10735
4590 3054
1156 9540
463 6835
463 10736
463 1302
463 3419
463 6222
7769 486
9083 9212
1160 7008
1160 9135
1160 7045
6993 9529
6473 10737
10417 7041
8892 10738
10739 7044
9419 10740
469 3154
469 3179
469 9136
469 3451
470 10741
471 3278
471 10742
1166 5340
1166 8800
1166 3380
1166 10743
1166 3515
8893 7008
2912 2962
10496 7008
7772 4696
3924 498
9602 1420
5339 9024
5339 5809
5339 8261
5339 10744
5339 10745
1193 4743
1193 879
1193 10746
1193 9206
1193 8806
10747 7033
4624 7046
9145 10748
2949 10749
2949 9798
9212 1420
2961 3032
2961 4719
2962 8858
2962 10750
2962 7559
2962 7055
2962 8705
5164 1420
10751 3146
477 9594
7387 10752
7611 7008
7611 7048
7774 10753
7774 10689
7774 7782
9799 7045
2994 7008
8895 10528
4641 1214
4642 8312
6194 4708
6194 10693
6194 5367
1420 6851
1420 10754
1420 849
1420 1659
1420 10755
1420 10756
1420 10757
9525 10758
9430 9431
9430 9153
9430 9796
9430 9043
10759 8987
4858 10651
8399 10760
8468 10761
5827 8859
5827 8508
4996 4940
10667 10251
8400 10762
10763 8437
6021 10628
10764 10042
9088 9906
8669 10765
6198 6865
6198 10766
5068 5070
8532 1496
8532 10767
10429 10768
7008 4654
7008 7019
7008 10769
7008 10497
7008 3144
7008 3186
7008 10770
7008 8732
7008 10771
7008 10772
7009 7678
10665 8437
10773 9972
8557 5127
6724 10774
10775 3809
10774 8357
10688 4696
3043 10535
3054 10776
9531 6854
6854 7832
4660 6898
10777 7045
4661 10778
9536 3202
7022 10439
499 3474
4666 7047
9795 8872
1242 4706
9012 3142
1664 10779
1664 10780
9179 1301
3213 10781
3220 7679
8846 10749
4694 3289
8732 7044
10782 10400
8123 8126
10783 6882
10784 8125
8125 7292
9658 10785
7895 9138
10749 10786
529 3454
8988 7044
7040 7047
6215 3421
5993 9566
10787 3505
1336 10788
1336 10789
1336 7316
9046 8872
9046 9047
8872 9047
