4969 12498
0 1
0 2
0 3
0 4
0 5
0 6
0 7
8 9
8 10
8 11
12 13
12 14
12 15
12 16
12 17
18 19
18 20
18 21
18 22
18 23
18 24
18 25
18 26
27 28
27 29
30 31
30 32
30 33
30 34
30 35
30 36
30 37
30 38
30 39
40 41
40 42
40 43
44 45
44 46
44 47
44 48
44 49
44 50
44 51
44 52
53 54
53 55
53 10
53 56
57 58
57 59
57 60
61 62
61 63
61 64
65 66
65 34
65 67
65 68
69 70
69 71
72 73
72 74
72 75
72 76
72 77
72 78
72 79
72 80
81 82
81 83
84 85
84 86
84 87
84 88
84 89
84 90
84 91
19 92
19 93
19 94
19 95
19 96
97 98
97 99
97 100
97 101
97 102
97 103
97 104
105 106
105 107
105 108
109 110
109 111
112 113
112 114
112 115
116 117
116 118
116 119
116 120
116 121
116 122
116 123
116 124
125 126
125 127
128 129
128 130
128 131
128 132
128 133
134 135
134 136
134 137
134 138
134 139
134 140
134 141
142 143
142 144
142 145
142 146
142 147
142 148
142 149
150 151
150 152
150 153
150 154
150 155
150 156
150 157
150 158
150 159
150 160
150 161
162 163
162 39
162 164
162 165
166 45
166 167
166 168
166 169
170 171
170 172
170 173
170 174
170 175
170 176
177 178
177 179
177 180
177 181
177 182
177 183
184 185
184 186
184 187
184 188
184 148
189 190
189 191
189 71
189 9
189 192
189 193
194 195
194 196
197 198
197 199
197 200
197 201
197 202
203 13
203 204
203 205
203 206
203 207
208 209
208 210
208 211
208 212
208 213
214 215
214 216
214 217
214 218
214 219
220 221
220 222
220 223
220 224
220 225
220 226
227 228
227 229
227 230
227 231
227 232
227 233
234 235
234 236
234 237
234 238
239 240
239 241
239 242
239 243
239 244
245 246
245 247
248 249
248 250
248 251
248 252
253 254
253 22
253 255
253 226
256 257
256 258
256 259
256 260
256 261
262 263
262 264
262 265
262 266
262 267
262 268
269 270
269 271
269 272
269 273
269 274
269 275
276 277
276 278
276 279
276 280
281 282
281 283
281 284
281 285
281 286
287 288
287 289
287 88
287 290
287 291
287 292
287 293
294 295
294 296
294 297
294 298
294 299
294 300
301 302
301 303
301 209
301 304
301 305
301 306
307 308
307 309
307 310
307 311
307 312
307 313
307 314
315 316
315 317
315 318
315 319
315 320
315 321
322 323
322 324
325 326
325 327
328 329
328 330
328 331
328 332
333 334
333 163
333 335
333 336
337 338
337 339
337 340
337 341
337 342
337 343
113 344
113 345
113 346
113 338
113 347
113 348
113 349
350 351
350 352
350 353
350 354
355 356
355 357
358 359
358 360
358 361
358 362
358 363
358 364
365 366
365 367
365 368
365 96
365 369
370 371
370 372
370 71
370 373
374 375
374 376
374 377
374 378
374 379
374 380
381 382
381 383
381 384
381 385
381 386
387 388
387 389
390 391
390 392
390 393
390 394
395 1
395 396
395 397
395 398
395 399
395 400
401 402
401 403
404 405
404 406
404 407
404 408
404 409
410 411
410 412
410 413
410 414
415 416
415 417
415 418
415 74
415 419
415 420
421 422
421 423
421 424
421 425
421 426
421 427
421 428
421 218
421 429
430 431
430 432
430 433
430 434
435 436
435 437
435 438
435 193
435 439
435 440
441 442
441 443
441 444
441 445
441 446
441 447
441 448
441 449
450 451
450 102
452 453
452 454
452 455
344 456
344 457
344 49
344 458
344 459
460 461
462 463
356 464
356 465
356 108
356 466
356 467
356 468
129 469
129 470
129 471
129 472
129 473
129 474
129 475
129 476
477 98
477 478
477 479
477 480
477 481
482 408
482 483
482 246
482 484
436 485
436 486
436 487
436 488
436 489
436 490
491 492
491 493
491 494
491 495
496 82
496 497
496 498
496 499
500 501
500 502
500 503
504 505
504 506
504 507
504 508
504 181
504 509
510 511
510 512
510 513
195 514
195 515
195 516
195 517
221 518
221 519
221 520
221 521
221 522
221 523
221 25
221 524
221 525
526 527
526 528
526 529
526 530
526 354
526 531
532 533
532 534
532 397
532 535
532 536
532 537
532 538
539 540
539 541
539 542
539 451
539 543
539 544
539 545
539 261
546 547
546 548
45 444
45 549
550 551
550 552
550 553
550 554
550 68
98 555
98 556
557 558
557 559
557 560
557 561
562 563
562 564
562 565
562 260
562 566
562 567
562 568
569 570
569 571
569 572
569 137
569 573
569 267
569 574
569 575
569 576
577 578
577 246
579 437
579 580
579 581
579 582
579 583
579 584
579 585
579 536
579 586
579 587
579 588
579 238
589 590
589 591
589 592
593 594
593 595
593 596
593 597
593 598
593 599
593 600
190 601
190 602
190 603
190 604
605 606
605 607
605 608
605 609
605 610
605 611
605 612
605 613
614 615
614 616
614 617
614 618
614 619
614 213
614 620
614 621
622 623
622 624
625 308
625 626
625 627
625 628
625 629
630 631
630 632
630 633
630 634
630 635
630 80
636 637
636 638
636 639
636 640
636 641
130 642
130 643
644 645
644 646
644 647
644 648
644 649
650 371
650 651
650 417
650 652
650 653
650 654
655 656
655 657
655 42
655 658
655 659
655 660
655 661
655 662
663 664
663 665
663 666
663 667
663 16
663 668
663 669
670 671
670 672
673 674
673 675
673 49
673 676
673 677
673 678
673 679
673 680
673 681
682 372
682 683
682 684
682 685
682 686
682 687
594 413
594 688
594 689
594 690
691 692
691 693
691 694
691 695
691 696
691 697
691 698
691 699
700 375
700 701
700 702
700 703
700 704
700 705
700 706
700 707
316 708
316 709
316 535
316 494
316 710
316 711
316 712
198 713
198 714
198 715
198 716
198 717
198 718
198 719
198 720
721 722
723 724
723 725
723 427
723 726
723 727
723 728
729 713
729 398
729 730
731 732
731 733
731 734
731 735
731 736
731 737
738 739
738 740
738 741
738 742
738 743
738 744
738 745
746 747
746 748
746 286
746 749
746 750
746 751
746 752
753 442
753 754
753 628
753 755
405 756
405 757
405 758
405 759
405 760
405 761
405 762
405 763
764 765
764 766
764 767
764 768
764 684
764 769
764 498
764 770
771 772
773 774
773 775
773 776
777 778
777 779
777 780
777 781
777 782
777 783
777 784
785 606
785 786
785 516
785 787
788 631
788 789
790 791
790 792
790 793
790 794
790 795
790 796
790 797
798 799
798 800
798 801
798 802
798 803
804 805
804 806
804 807
804 808
804 809
804 810
804 811
812 813
814 815
814 816
814 817
814 818
814 687
819 820
819 668
821 822
821 823
824 825
824 826
824 827
824 828
829 830
829 831
829 832
833 665
834 258
834 835
834 836
834 837
838 249
838 839
838 840
838 841
838 842
838 843
838 844
838 635
838 845
838 846
838 10
838 847
848 171
848 849
848 850
848 573
848 851
848 852
848 853
848 854
848 855
856 857
856 858
856 859
856 860
861 862
861 835
861 863
861 864
861 865
866 867
866 868
866 869
866 870
866 871
866 872
866 873
866 874
866 875
866 876
866 877
878 849
878 879
878 880
878 688
878 881
882 883
882 884
882 885
882 886
887 888
887 889
887 890
887 567
887 891
892 893
892 894
892 895
382 896
382 897
382 898
382 899
382 900
901 902
901 903
901 904
901 905
901 906
901 907
908 909
257 910
257 911
257 433
257 736
257 912
257 913
257 914
257 915
916 917
916 243
916 459
916 918
919 920
921 922
921 46
921 923
921 924
921 925
921 926
927 928
927 926
927 929
927 930
931 932
931 933
931 934
931 457
931 935
931 936
931 680
931 291
937 938
937 939
937 940
937 749
937 941
937 942
937 943
944 945
944 946
944 947
944 948
944 949
944 950
951 952
951 362
951 953
951 954
955 956
955 957
955 958
959 541
959 960
959 961
959 947
959 962
963 964
963 965
963 966
963 967
963 968
963 373
249 969
249 970
249 971
249 972
249 973
249 974
249 975
249 976
249 977
249 978
979 980
979 521
979 981
979 566
982 983
982 591
982 984
982 985
982 986
982 987
988 989
988 990
991 535
991 992
991 993
991 994
991 995
991 996
997 26
997 11
422 998
422 999
422 1000
422 1001
422 1002
422 1003
1004 1005
1004 756
1004 107
1004 1006
1004 1007
1004 1008
1004 1009
1010 1011
1010 1012
1013 1014
1013 1015
1013 1016
1013 1017
1013 1018
1013 1019
1013 816
1013 1020
1021 551
1021 492
1021 1022
1021 1023
1021 1024
1021 1025
1021 1026
1021 1027
1028 1029
1028 1030
1028 1031
1032 1033
1032 719
1034 1035
1034 46
1034 1036
1034 1037
1034 1038
1039 1040
1039 1041
1039 1042
1043 1044
1043 1045
1043 637
1043 984
1046 1047
1046 1048
1046 1049
1046 1050
359 1051
359 1052
359 1053
1054 1055
1054 1056
1054 481
1057 1058
1059 1060
1059 1061
1059 1062
1059 1063
1059 1064
1065 1066
1067 1068
1067 1069
1067 793
1067 429
1067 1070
778 1071
778 1072
778 1073
778 1074
778 1075
1076 1051
1076 971
1076 1077
1078 1079
1078 1080
1078 250
1078 1081
1078 1082
1078 1083
1084 1085
1084 1086
1084 1087
1088 1089
1088 1090
1088 793
1088 1091
1088 67
1088 1092
1093 709
1093 1094
1093 1095
1093 1096
1097 1098
1005 1099
1005 1100
1005 1101
1102 1103
1102 1104
1102 524
1105 1106
1105 1107
1105 1108
1105 1109
1105 1110
1105 1111
1112 902
1112 1113
1112 1114
1112 1115
1116 1117
1116 1118
1116 335
1116 1119
1116 1120
1121 1122
1121 1123
1121 4
1121 1124
1121 1125
1121 473
1121 1126
1127 1128
1127 1129
1127 1130
1127 1131
1132 1133
1132 1134
1132 1135
645 1136
645 1137
645 1138
645 1139
645 1140
645 1141
1142 867
1142 1143
1142 1144
1142 1145
1142 1146
1142 1147
1142 1148
1142 1149
1150 1151
1150 953
1150 742
1150 1152
1153 1154
1153 1155
1153 1156
1153 1157
1153 1158
1159 1052
1159 1160
1159 772
932 1161
1162 1163
1162 803
1162 1164
1162 1165
1166 1167
1166 1168
1169 1170
1169 1171
1169 1172
1169 1173
1169 1174
1169 1175
1169 1176
1169 1177
1178 1179
1178 1180
1178 1181
1182 1183
1182 1184
1185 1186
1185 1187
1185 1188
1189 1190
1189 1191
1189 1192
1189 1163
1193 1194
1193 1195
1193 1196
1193 1197
1193 1198
99 1133
99 1199
99 1200
99 1201
99 1202
1203 1204
1203 1205
1203 1206
1203 1125
1203 1207
1208 1209
1208 1210
1208 1211
1208 1212
1208 1213
1208 1214
1208 1215
1208 575
1216 1217
1216 1218
1216 1219
1216 1140
1216 1220
1216 686
1216 1221
1216 1222
1216 1223
1224 1225
1224 1226
1224 1227
1224 114
1224 1228
1224 1229
1224 857
1224 1230
1224 1231
1224 1232
671 1233
671 1234
1235 1236
1235 1237
1235 1238
1235 649
1235 466
1235 1012
1239 1240
1239 1241
1239 1242
1239 1243
1244 1245
1244 1246
1244 1247
1248 1249
1248 1250
1248 1251
1248 1252
1248 1253
1254 1118
1254 905
1254 1255
1254 1256
1254 1257
1254 1258
1254 1259
222 1260
222 1261
222 1262
222 1263
222 851
222 1125
1264 363
1264 1265
1264 1266
1267 1268
1267 1269
1267 618
1267 1270
1267 1271
1272 1273
1272 126
1272 1274
1272 1275
1276 1277
1276 1278
1276 1279
1280 1047
1280 1281
1280 1282
1280 1283
1280 445
1284 1285
1284 1286
1284 1287
1284 1288
1289 1290
1289 1291
1289 1292
1289 1293
1289 1294
1295 1136
1295 1296
1295 1297
1295 332
1298 506
1298 1015
1298 1299
1298 1300
1298 1301
1298 1302
1298 1303
1304 964
1304 266
1304 1305
1304 1306
1304 1307
1308 1309
1308 1310
1308 1311
1312 1313
1312 1314
1312 1315
1316 1317
1316 1318
1316 583
1316 289
1316 1319
1316 1320
1316 1321
1322 1323
1322 1324
1322 1325
1322 1326
1322 1327
1322 1328
1329 1330
1329 1331
1329 1332
1329 1333
1329 1334
1329 1335
527 1171
527 1336
527 1337
527 25
527 90
1338 1339
1338 1340
1338 1341
1338 1342
1338 1343
1344 1345
1344 1346
1347 1348
1347 1349
1347 1350
1347 1351
1347 792
1347 1352
1347 1353
1347 1354
1355 635
1355 1356
1355 1357
1355 1358
1359 1360
1361 1362
1361 1363
1364 501
1364 1365
1364 1366
1364 1367
1364 1368
1364 1369
1364 1370
964 1371
964 1152
964 1372
964 1373
1374 980
1374 1375
1374 1376
1374 1377
1374 1378
1374 1379
1374 1380
1381 1382
1381 126
1381 1383
1384 1385
1384 1386
1384 929
1384 1387
1388 626
1388 1389
1388 1390
1391 106
1391 1392
1391 1205
1391 1393
1391 1394
1391 1395
1391 1396
66 1397
66 1398
66 1399
1400 1401
1400 1402
1400 1403
1400 702
1400 679
1400 755
1400 751
1404 1405
1404 1406
1404 858
1404 1407
1404 929
1404 1408
1404 1409
1410 1411
1410 1412
1410 575
1044 1413
1044 1414
1044 1415
1416 1417
1416 1418
1416 1419
1420 1421
1420 1422
1423 1424
1423 1425
1423 1426
1423 1427
1423 1428
1423 1019
1423 1429
1430 1431
1430 1432
1430 1433
1434 167
1434 1435
1434 1436
888 1437
888 654
888 1438
1439 1440
1439 1441
178 1442
178 185
178 1443
178 525
1444 1445
1444 1446
1444 899
1444 1447
1444 1448
1190 1449
1190 1450
1190 850
1190 1451
1190 1452
1453 1454
1453 1455
1453 1456
1457 1458
1459 563
1459 1460
1459 1461
1459 1462
1459 1463
1209 1117
1209 1464
1209 55
1209 1465
1209 1466
1442 1467
1442 1468
1442 1469
1442 292
1442 1448
1401 1470
1401 1471
1401 1472
1401 352
1401 1009
1473 1474
1473 1475
1473 255
1473 684
1473 537
1473 1476
258 1477
258 1478
258 1479
258 1480
258 1481
258 761
1437 784
1106 1482
1106 1483
1106 1484
1106 1485
1106 1486
1106 770
1487 13
1487 1488
1487 271
1487 1343
1489 501
1489 1490
1489 1491
1492 1493
1492 1494
1492 1007
1492 1306
1040 1495
1040 1496
1040 1497
1040 1498
1499 1500
1499 1427
1499 1501
1499 1502
1499 1503
1499 1504
1186 1160
1186 1505
1186 1506
1507 185
1507 1508
1507 796
1507 1509
1507 1510
1511 1512
1511 647
1511 384
1511 1513
1511 643
1511 1514
1515 1516
1515 1517
1515 1518
1515 1519
1520 1521
1520 1522
1520 1523
1520 1524
1525 693
1525 1526
1525 1527
1528 1529
1528 1530
1528 1531
1528 168
1528 1532
1528 1533
1528 183
518 1534
518 1535
518 1082
518 1230
518 1536
518 1537
518 1538
1539 1540
1539 1541
1539 1542
1539 1543
1539 1544
1539 1545
1546 1547
1546 1548
1549 1228
1549 565
1549 252
1550 1551
1550 1552
1550 826
1550 1553
1550 1554
1555 1556
1555 1557
1555 1558
1555 1559
1555 1560
1555 1561
1555 341
1562 1563
1564 118
1564 1565
1564 1252
1564 1566
1564 1567
1564 1568
1564 1569
1051 1570
1051 1571
1051 1572
1051 1573
1574 199
1574 1575
1576 1577
1576 1022
1576 1578
1576 1579
1576 728
1580 1405
1580 400
1580 1581
1580 1582
1583 1584
1583 1585
1583 1586
1583 1324
1583 1587
1583 1506
1583 1588
383 1589
383 1590
383 1591
383 1592
383 1593
383 1594
383 1595
383 1596
383 1002
383 1597
383 1598
383 237
1599 1600
1599 540
1599 1601
1599 1602
1599 1603
1599 1604
1605 1483
1605 297
1605 1606
1605 1607
1605 1608
1605 1609
1605 1610
1611 1612
1611 1613
1611 1614
1611 1615
1611 1616
1611 1617
1618 1619
1618 1620
1618 1113
1618 121
1621 1622
1621 1623
1621 1624
1621 1625
1626 1627
1626 1628
1626 1629
1626 1274
1630 1631
1630 1632
1630 1233
1630 1633
1630 1634
1630 1635
1630 1636
1637 1638
1637 1639
1637 1640
1637 1641
1637 1642
1637 1643
1285 1644
1285 1645
1285 1646
1285 1299
1285 1647
1648 1649
642 1650
642 939
642 1651
642 1652
642 1253
642 1653
1654 437
1654 1655
1654 1656
1654 88
1654 783
1654 1657
1658 1659
1658 418
1658 1660
1658 1661
1658 1662
1658 1663
1658 1664
326 494
326 1665
326 697
326 1666
326 1667
326 1668
1669 1670
1669 1367
1669 1671
1669 1513
1669 1672
1669 1673
1669 1674
1669 1675
1669 1676
1669 1677
1678 1679
1678 1213
1678 1680
1681 479
1681 1318
1681 1072
1681 1682
547 1683
547 1684
547 1685
547 1686
547 1687
547 1688
547 1299
547 1689
1690 1691
1690 1692
1690 1411
1690 157
1690 1693
1690 1694
1225 1695
1225 1696
1225 1697
1225 1164
505 1613
1698 1699
1698 1700
1698 1701
1698 1702
1703 398
1703 1704
1703 1705
288 1706
288 1517
288 1707
288 1708
288 1709
1710 1071
1710 1711
1710 1712
1710 1713
1710 782
1710 1714
1715 1716
1715 1049
1715 1717
1715 1718
1715 1719
1715 1720
1715 1721
1715 1722
1715 1723
1715 1724
371 1725
371 1726
371 1151
371 1727
371 1075
1728 1729
1728 285
1730 1731
1730 1233
1730 1732
1730 1733
1730 93
1730 1734
1730 1735
1730 1736
615 1737
615 347
615 1212
615 1738
615 667
615 1739
1740 1741
1740 1742
1740 1743
1740 1744
983 1745
983 1746
983 1695
983 1747
983 1748
983 1749
983 1750
983 1751
1752 1753
1752 367
1752 1754
1752 1755
1752 1756
1757 1758
1757 1759
1757 335
1757 1760
1761 1762
1761 1763
1764 1765
1764 1766
1133 1767
1133 1768
1133 1769
1133 1770
1133 1771
1772 1773
1774 694
1774 1775
1774 1776
1774 1300
1774 196
1777 1778
1777 1015
1777 1779
1777 1780
1777 1781
1071 1782
1071 1783
1071 1784
1071 1785
1071 216
1071 1786
1071 1787
1788 1789
1788 1790
1788 1755
1788 1791
1788 1792
1793 1794
1793 1541
1793 1795
862 1796
862 1797
862 1165
1798 1799
1798 558
1798 602
1798 1800
1798 1801
1802 1803
1804 1805
1804 1806
1804 1807
1804 1808
1804 1809
1804 1810
1804 1811
1804 1812
1804 1813
1804 1814
1804 268
1815 1816
1815 1817
1815 1818
1819 516
1819 1820
1819 273
1819 1821
1819 1822
1823 1824
1823 1825
1823 1826
1823 1727
1823 744
1823 1827
1823 1828
1829 1830
1829 1831
1829 1832
1829 1833
1834 1835
1834 1836
1834 1837
1834 363
1834 1838
1834 1839
1834 1840
1834 1841
1842 1843
1842 1844
1842 1592
1842 1845
1842 1846
1842 1847
1782 1848
1782 48
1782 1849
1782 1850
215 1851
215 1852
215 1378
215 39
215 1853
1854 1855
1854 1856
1854 1399
1854 1177
302 906
302 1857
302 1858
302 321
1859 830
1859 1049
1859 1860
1859 1861
1859 1862
1859 1863
1864 1865
1864 1866
1864 1867
1864 1689
756 1868
756 854
1869 1870
1869 1644
1869 1871
1869 1872
1869 1288
1869 1873
1874 1875
1876 1877
1876 204
1876 1878
1879 1880
1879 151
1879 806
1879 1881
1879 1882
1879 1693
1883 1884
1883 1885
1883 1886
171 1887
171 1888
171 999
171 1889
171 1890
171 64
1891 93
1891 1006
1891 94
1891 1892
1891 1893
1891 1104
1891 122
1891 320
1894 1895
1894 1896
1894 1897
1894 1898
1894 1899
1107 1629
1107 1900
1107 1901
1107 1902
1107 918
1903 1741
1903 1904
1903 1905
1903 704
1906 1907
1906 1908
1906 1909
1906 1595
1906 1196
1906 1910
1210 1911
1210 1912
1210 1913
1210 1914
1210 1915
674 1916
674 205
674 1061
674 1917
674 145
674 1918
674 1919
1920 840
1920 1921
1920 1922
1923 1924
1923 1925
1923 1926
1923 271
1923 1927
1923 1928
1929 869
1929 1099
1929 251
1929 186
1612 1930
1931 443
1931 732
1931 1932
1933 1934
1933 1124
1933 704
1935 1936
1935 1937
1938 1939
1938 1799
1938 1940
85 1941
85 973
85 1942
85 1943
85 1944
85 490
85 1945
867 520
867 1946
867 1947
867 1948
867 1146
1949 1950
1949 1951
1949 1952
1953 13
1953 1954
1953 1066
1953 1955
1953 1956
1957 402
1957 1123
1957 1958
1957 1776
1957 1074
1957 1959
1957 1960
375 1234
375 186
375 1961
1962 708
1962 1963
1962 571
1962 1964
1962 1965
1962 1966
1962 1418
1962 1967
1968 1969
1968 1970
1968 21
1968 976
1968 1971
1968 1343
1972 1973
1972 1558
1972 1974
1972 1975
1972 1976
1972 1977
1877 1978
1877 1979
1877 1399
1877 1980
1877 1981
1982 1983
1982 1488
1982 1984
1982 1853
1985 651
1985 1986
1985 286
1985 1987
1988 533
1988 1989
1988 1990
1988 1991
1988 1992
1988 1993
1988 1994
1995 1996
1995 1997
1995 1998
1995 1999
1995 1847
1995 1763
1995 2000
1758 2001
1758 2002
1758 2003
1758 2004
1758 2005
1758 2006
2007 324
2007 2008
2007 187
2007 2009
2010 2011
2010 2012
2010 1463
2010 2013
2010 2014
2015 998
2015 2016
2015 59
2015 2017
2018 2019
2018 2020
2018 2021
2018 2022
2018 2023
2018 2024
2018 2025
1199 2026
1199 2027
1199 1011
1199 2028
2029 2030
2029 2031
2029 2032
2029 679
2033 2034
2033 1666
106 870
106 2035
106 2036
106 1990
106 2037
2038 1805
2038 303
2038 2039
2038 2040
2038 2041
2038 25
2038 2042
2043 2044
2043 1258
2043 2045
2046 1695
2046 1634
2046 2047
2046 2048
651 205
651 2049
651 2050
651 1607
651 2051
651 2052
623 1754
623 2053
623 2054
623 237
2055 1227
2055 809
2055 1832
2056 696
2056 2057
2056 1609
2056 2058
2059 1601
2059 2060
2059 1156
2059 158
2059 2061
2059 2062
2059 2063
511 2064
511 2065
511 2066
511 1623
511 2067
1035 92
1035 2068
1035 2069
1035 2070
2071 2072
2071 2073
2071 233
2071 2074
2075 1268
2075 2076
2075 2077
2075 1063
2075 1011
2075 2078
2075 2079
2075 2080
2075 2081
2082 438
2082 2083
2082 2084
2085 2086
2085 232
2085 2087
2085 2088
2089 2090
2089 2091
2092 2093
2092 2094
2092 2095
2092 2096
2092 2097
2092 104
2098 2099
2098 616
2098 1192
2098 2100
2098 2101
2098 2102
2103 835
2103 1122
2103 2104
2105 2106
2105 2107
2105 457
2105 2108
2105 2109
2105 1979
2105 2110
2105 2111
2105 2112
2105 2113
1907 2114
1907 2115
1907 2116
1907 207
1907 2117
1907 1980
2118 1998
2119 2088
2119 2120
2121 2122
2121 22
2121 2123
2121 1776
2121 1414
2121 2124
2121 2125
2121 2126
1973 2127
1973 2128
1973 719
2129 2130
2131 2106
2131 2132
2131 2133
2131 1604
2134 1551
2134 2135
2134 1628
2134 2136
2134 1863
402 1939
402 2137
402 925
402 2138
2139 2140
2139 1192
2139 2141
2139 608
2142 2143
1824 2144
1824 1113
1824 585
1824 2145
1824 880
1824 587
2146 2147
2146 2148
2146 2149
2150 2144
2150 2151
2150 2152
2150 1610
2150 2153
277 580
277 1926
277 2154
277 2155
277 2156
277 599
277 2157
277 2158
277 1609
2159 2160
2159 2161
2159 1369
131 1687
131 2162
131 2163
131 2164
1161 2041
1161 2165
1161 584
1161 2166
1161 1130
1161 2167
1161 2168
1161 2169
1161 2170
1161 2171
2172 2173
2172 411
2172 2151
2172 2174
2172 2175
2176 1424
2176 2177
2176 956
2176 1256
2176 2178
2176 2179
2176 2180
442 1600
442 2181
442 2182
442 2183
442 2184
442 1458
2185 2186
478 501
478 2187
478 2188
478 1734
478 2189
478 160
2190 444
2190 377
2190 1956
2190 2191
2190 2192
2193 2194
2193 2195
2193 1762
2193 11
1154 2196
1154 1484
1154 2197
1154 2198
1154 1547
1154 2199
1154 2200
2201 2202
2201 2203
2201 728
2201 2204
2173 2205
2173 2206
2173 2207
2173 2208
2173 2209
1556 2210
1556 2211
1556 2212
1556 2213
1556 2214
1556 247
1556 2215
2216 2217
2216 2218
2216 2219
2220 2221
2220 503
2220 2002
2220 87
2220 1866
2220 217
2220 929
2220 1702
2220 2222
2223 2224
2223 2225
2223 1181
2223 1568
1916 408
1916 2226
1916 1594
1916 2227
1916 1448
2228 2229
2228 2230
2228 2231
533 1609
533 2232
2233 2234
2233 840
2233 2235
2233 2236
2233 154
2233 2237
2233 2238
2233 2239
2233 1705
172 928
172 1443
172 966
172 2240
172 2241
172 2242
2243 2244
2243 2245
2243 2246
2247 799
2247 2248
2247 2249
2247 2250
578 2251
578 2252
578 42
578 2253
578 2254
578 2255
578 2074
2256 2257
2256 2258
2256 2259
2256 414
2256 1380
2260 311
2260 2261
2260 2262
1 1851
1 107
1 1188
1 341
1 2263
1 2264
2265 2266
2265 181
2265 140
2265 2254
2267 2268
2267 2269
2267 2270
2267 2271
2267 2272
2267 2273
2274 2275
2274 2276
2274 275
2274 1582
1659 2277
1659 981
1659 1319
1659 2278
1659 2279
2280 2281
2280 2282
2280 2283
2280 1408
416 2284
416 2285
416 2286
416 2287
416 853
2288 1529
2288 1650
2288 1645
2288 2289
2288 1958
2288 2290
2288 2291
2288 2292
2288 2293
223 2294
223 2295
2296 2297
2296 2298
2296 2299
2300 1477
2300 1042
2301 483
2301 2302
2301 2303
2301 2304
2301 2305
2301 314
2306 2307
2306 2308
2306 2309
2306 1275
2310 2311
2310 2312
2310 1146
2310 2276
2310 2313
2310 2314
2315 1212
2315 2316
2315 1174
2315 796
2317 2318
2317 1286
2317 528
2317 2319
2317 1172
2317 772
2317 2320
2317 2321
2322 2323
2322 2324
2322 1427
2322 427
2322 1845
2325 2318
2325 2326
2325 876
2327 2328
2327 1310
1880 1281
1880 2329
1880 2330
1880 2331
1880 2332
1880 1419
1880 1476
2333 2334
2333 2017
2333 335
2333 1707
2333 1158
2333 2279
270 361
270 2335
270 2336
270 2337
270 1422
270 2338
2339 2340
2339 2341
2339 1780
2339 2342
2339 1666
2339 2343
2339 574
2344 1464
2344 2345
2344 2346
2344 2347
2344 2348
2349 2350
2349 1686
2349 1232
2349 1945
2351 2352
2351 2353
2351 2354
2351 2355
2351 2356
2351 1481
2351 2357
2351 2358
2351 2359
1600 2360
1600 2361
1600 2362
1600 1794
1600 2363
1600 2364
1600 2365
1600 476
2366 2367
2366 2164
2368 412
2368 2369
2368 51
2297 2370
2297 186
2371 2372
2373 2374
2373 2375
2373 2376
2373 1780
2373 2003
2377 1194
2377 2378
2377 440
2377 2379
2380 2381
2380 2382
2380 2383
2380 2384
1424 2375
1424 2385
1424 2386
1424 1262
1424 2387
1424 2388
1424 2389
1424 2048
1424 751
376 2390
376 2391
376 763
606 2392
606 1181
606 2393
606 2394
606 2395
606 1469
2318 457
2318 3
2318 1873
2318 2396
13 899
13 2397
13 2398
13 2399
13 2400
13 1770
13 2401
2402 2403
2402 719
2402 2338
240 2404
240 2123
240 2032
240 2405
2406 2407
2406 2408
2406 2409
839 1865
839 2410
757 2411
757 2412
757 2227
757 1961
1068 2413
1068 2414
1068 586
2415 1925
2415 394
2266 1831
2266 946
2266 2080
1870 2416
1870 2417
2221 2418
2221 2419
2420 2421
2420 2422
2420 2423
2420 2209
2420 855
2424 1908
2424 1082
2424 2425
2426 1282
2426 1940
2426 1263
2426 554
2426 1380
391 1471
391 2427
391 2428
391 2429
391 2430
391 2158
2431 1535
2431 2432
2431 2433
2431 1567
2374 2434
2374 2435
2374 1030
2374 1974
2374 666
2374 1666
2374 42
2374 2436
2374 2437
2438 137
2438 2439
2438 2440
2438 2441
2438 2442
2438 2443
1631 2444
1631 953
1631 2445
1631 2446
2447 1969
2447 2448
2447 2382
2447 926
2447 2449
2450 2451
2450 2452
2450 2440
2450 1579
1805 2453
2454 2455
2454 2135
2454 2456
2454 999
2454 2457
2454 196
2454 2458
2459 2460
2459 2461
2459 1811
2421 1795
2421 1001
2421 2462
2463 1114
2463 331
2463 1115
2464 2444
2464 2224
2464 840
2464 1274
2464 2465
2464 1709
437 2466
437 2467
437 2468
437 934
437 2469
437 2470
437 1990
437 2471
437 1302
437 2472
135 260
135 2037
1052 553
1052 312
1052 399
2473 278
2473 2217
2473 2474
2475 2476
2475 1775
2475 2477
2475 2478
2475 2348
423 1041
423 2479
423 1320
423 1000
423 2480
2481 2482
2481 2483
2481 993
2481 516
2481 2484
2481 2485
2481 2486
2481 1527
278 2487
278 2488
2489 2490
2489 2094
2489 2491
2065 151
2065 2492
2065 230
2065 2493
2065 2494
2495 1226
2495 2496
2495 2497
2495 388
2495 2498
2495 1662
2495 141
2499 2500
2499 2501
2499 96
2502 2503
2502 2485
1632 114
1632 1110
2504 2505
2504 2506
2504 2507
2504 2508
2504 1738
2504 2509
2504 2510
2504 420
2504 2511
2512 2513
2512 2514
2512 2515
2512 2516
2512 2517
2518 2519
2518 1200
2518 1406
2518 2520
2518 2521
2518 2522
2518 1944
2518 895
2518 2523
2524 479
2524 713
2524 2525
2524 2526
570 2527
570 2528
570 2529
2530 2234
2530 2466
2530 541
2530 2531
2530 1263
2530 2486
2530 1966
2530 6
2530 2532
2533 1062
2533 2534
2533 2535
2533 2536
2533 2537
2533 2538
2533 629
2539 1577
2539 92
2539 2061
2539 2540
2539 2541
2539 1346
2542 2543
2542 2544
2542 2545
2542 1665
2542 2546
2542 261
2542 2547
1954 1656
1954 2548
1954 2549
1954 1303
403 486
403 2550
403 2551
2552 2553
2552 2554
2552 2555
2552 2556
2552 2557
2552 1164
2558 2559
2558 2560
2558 11
1449 863
1449 2561
1449 2562
1449 2563
910 2564
910 935
910 440
805 2565
2566 2567
2566 1729
2566 1339
2566 2568
2566 2569
2566 2570
2566 1053
282 2571
282 2572
1440 1713
2573 841
2573 2332
2574 2575
2574 487
2574 2576
2574 2577
2574 2578
2350 2579
2350 2031
2350 2580
2350 911
2350 827
2350 2110
2350 2581
2350 2582
2583 1241
2583 2545
2583 2272
2583 2584
2583 607
2583 29
2583 2585
2586 2587
2586 2588
2589 1645
2589 2590
2589 810
151 2591
151 2592
151 2593
151 2232
2594 1221
2594 662
2595 2596
2595 1516
2595 2203
2595 1769
2595 2597
2595 750
2444 229
2444 2598
2444 2599
2600 2601
2600 304
2600 2602
2600 2603
2600 225
2600 2604
1691 1123
1691 2196
1691 2605
1691 2606
2607 779
2607 2608
82 2072
82 2609
2610 2611
2610 2612
2610 298
2610 265
2610 1406
2610 2613
2614 2615
2614 643
2616 2617
2618 1595
2407 479
2407 2619
1512 2620
1512 652
1512 244
1512 2000
2323 2621
2323 2622
2623 2624
2623 1292
2623 2625
2623 2626
2623 2219
1996 2627
1996 407
1996 2628
1996 1595
1996 188
1996 2629
1996 1635
1191 2630
1191 2631
1128 552
1128 2632
2633 1421
2634 1554
2635 2636
2635 1047
2635 2637
2635 2541
2635 2638
1317 2639
1317 2640
2641 2642
2641 2643
2641 2644
2641 2513
2641 1542
2641 2645
2641 2646
2641 2647
1290 2275
1290 2648
1290 2649
1290 2650
1290 2651
2652 1732
2652 2653
2652 2654
2652 702
2652 2655
2652 2656
2652 39
2652 1714
2099 2657
2099 1350
2099 1946
2099 1341
2099 2658
2099 2659
2099 2660
2099 2661
2662 2663
2662 1335
2664 2665
2664 697
2664 2666
2664 658
2667 2341
2667 1941
2667 104
2668 1602
2668 2669
2668 2285
2668 2670
2668 2671
2668 1368
2668 1223
1835 2672
1835 2673
1835 1797
1835 2674
2675 2676
2675 2677
2675 2678
2675 2679
2675 252
2680 2002
2680 1249
2680 767
2680 2681
2682 204
2682 2683
2682 903
2682 2684
2682 2685
2682 2062
2682 103
2686 1427
2686 2687
2688 2689
2688 2690
2688 2012
2688 2691
2688 2692
2688 2693
2694 2695
2694 1050
2694 2696
2694 1183
2694 2697
2698 2699
2698 2700
2698 2701
2698 2702
2698 1278
2698 2703
631 2704
631 1570
631 2705
631 2706
2707 304
2707 1888
2707 2708
2177 581
2177 2709
2177 712
2177 942
595 2710
595 2711
739 143
739 2712
1277 1479
1277 2534
1277 2713
1277 2218
1277 2714
1277 2715
1277 2716
590 2717
590 1742
590 1592
590 2718
590 2719
590 2720
590 2721
204 2722
204 2723
204 2179
204 1810
204 2724
204 1343
479 2725
479 825
479 2726
479 2727
479 429
2728 486
2728 2729
2728 2730
2728 2731
1160 2732
1160 2378
1160 2520
1160 1817
1160 2117
2733 1143
2733 652
2733 2734
2735 1741
2735 2736
2735 2737
2735 2738
2735 2739
2740 2608
2741 2487
2741 2742
2741 1407
2741 2743
2741 2744
2745 2746
2745 1172
1789 2747
1789 2748
1789 2749
1318 2747
1318 407
1318 251
1318 818
2750 1517
2750 1412
2750 1164
2750 2751
945 351
945 2713
945 1734
945 336
945 1765
945 2110
2752 2753
2752 2754
2752 2755
2752 2756
2752 1378
2752 2757
2758 2759
2758 260
2758 2760
2758 2726
2758 385
2761 534
2761 1340
2761 2762
2761 1565
2761 2763
2761 1609
501 2764
501 2765
501 894
501 2766
2767 2768
2767 2769
2767 2770
2767 2771
2767 1341
2767 2772
2767 1709
2773 360
2773 2656
2773 1553
2773 2774
2773 196
1495 2775
1495 717
1495 2776
1495 2777
1495 2778
1495 1087
1495 531
2779 2780
2779 2781
2779 1141
2779 2782
2783 1866
2783 2784
2783 1960
2783 2785
2786 2787
2786 2788
2786 2789
2786 1956
2786 2790
2786 2791
2786 1643
2792 1471
2792 2793
2792 2794
2792 2795
2792 2796
2797 2798
2797 2799
2797 2145
2797 149
2800 1049
2800 2801
2802 23
2802 610
2802 2803
2802 2804
2805 2806
2805 799
2805 2807
2805 2808
2805 1884
2636 2809
2636 2810
2636 1372
2636 2811
2636 2812
965 2627
965 2813
965 2460
965 2100
965 2718
965 206
965 2814
965 2815
2816 2817
2816 2818
2234 1045
2234 174
136 2819
136 2820
136 2821
136 2822
136 2823
2824 1851
2824 528
2824 1966
2798 396
2798 781
2798 2395
2798 414
2825 2826
2825 2827
2825 2828
2825 2829
2825 818
2825 1714
2830 2468
2830 2831
2830 2544
2830 1167
1045 1402
1045 1808
1045 2832
1045 490
1129 1741
1129 2078
1129 1328
1731 2833
1731 88
1731 816
2834 493
2834 2341
2834 1866
2834 2835
2834 1722
2834 2673
2834 2751
2836 2837
2836 737
2836 1334
2838 2575
2838 2839
2838 1721
2838 1395
2838 2840
2838 64
2838 2841
2842 1606
2842 2843
2842 2844
2842 2845
2842 2846
2842 2847
1217 2756
1217 974
1217 2704
1217 2848
2849 1366
2849 2048
2850 100
2850 1405
2850 252
2850 2851
2850 2852
2850 2853
2850 2854
2850 2855
2850 2856
2850 1810
2850 341
2857 2858
2857 2859
2857 1335
822 2860
822 2195
2861 2862
2861 2863
2861 2864
2865 2866
2865 2283
2865 480
2865 2867
2865 2868
815 841
815 728
815 2869
815 2384
815 2870
815 2871
815 2872
295 2873
295 2874
295 2875
295 2537
295 1667
295 978
2876 2877
2876 2878
2876 2879
2876 446
2876 2880
2876 2881
2882 2883
2882 2433
2882 1379
2884 2807
2884 567
2885 906
2885 342
2553 1590
2553 2013
2553 2886
1557 42
2093 2887
2093 2888
2093 1629
2093 1640
2093 811
2093 1567
2889 2890
2889 2891
2889 2892
2889 2893
2889 2894
2889 2895
2889 2896
2889 1787
2897 1041
2897 2168
2897 1278
2897 2898
329 2899
329 2900
329 2737
329 14
329 703
329 2057
329 2901
329 1452
2902 2903
2902 1146
2902 455
2902 2904
1226 2905
2496 2906
2496 2907
2496 1986
2496 1675
2496 2908
1589 2909
1589 2910
1589 2911
2806 2912
2806 2913
2806 2236
2806 132
2806 703
2806 2287
2806 2914
2806 2915
1482 2916
1482 434
1482 2917
1482 1139
1482 2918
1482 2919
1482 332
1450 709
1450 179
1450 2920
1450 1428
1450 2921
2922 2923
2922 2924
2922 1747
2922 2925
2922 2862
2490 2926
2490 2711
2927 58
2927 2044
2927 2928
2927 2929
2927 2930
2927 2931
1997 2404
1997 2932
1997 1773
1997 2933
1997 2934
2935 2936
2935 2937
2935 2938
2935 465
2935 2501
2935 1770
2935 2904
2935 2751
485 2939
485 494
485 353
485 1614
485 2070
485 2940
485 2941
2942 1592
2942 1838
2942 2943
2942 2944
580 2945
580 2448
580 2946
417 2947
417 2948
70 2096
70 1212
70 2949
70 1750
1868 1181
1868 466
540 2950
540 1530
540 543
540 1910
2951 425
2951 2637
2951 2952
2951 826
2951 2953
2951 531
366 2954
366 2250
205 2955
205 2605
205 620
205 2956
2957 92
2957 1794
2957 2958
2957 2959
2960 2361
2960 1734
2960 2896
2611 2277
2611 2520
2611 2847
1778 2788
1778 2505
1778 1518
1778 2961
922 2214
922 1058
922 2962
922 2963
922 1694
922 2024
2964 2965
2964 2907
2964 2966
2964 681
2964 2815
2967 2968
308 2762
1895 2969
1895 2394
1895 2970
1895 1569
1441 2971
1441 2972
1441 2704
1441 2973
1441 2974
1060 1899
1060 1884
1060 2975
1060 990
464 2976
464 2258
464 2977
464 1319
464 876
464 2572
2826 2978
2826 1729
2826 219
2826 2979
2980 875
2980 2981
2980 2982
2980 159
2980 1101
2980 762
2980 481
2980 698
2980 2983
2980 2984
2985 558
2985 1717
2985 1912
2985 2986
2987 2988
2987 2989
2987 2990
2991 724
2991 2992
2991 783
2991 91
2991 2993
2994 2995
2994 2364
2994 2996
2994 1965
2997 1645
2997 1122
2997 14
1936 2998
1936 1378
1936 2999
3000 3001
3000 377
3000 517
3000 2472
3002 1493
3002 2657
3002 3003
3002 2781
3002 378
3002 3004
933 1560
933 2781
1233 3005
1233 3006
1233 3007
1233 3008
1233 1360
1233 2389
1233 3009
1233 1202
3010 2417
3010 474
2620 3011
2620 3012
2620 434
2620 2507
2620 1115
3013 3014
3013 2666
3013 3015
3016 3017
3016 1471
3016 2196
3016 3018
3016 336
3016 3019
3016 1705
3016 2401
3020 3021
3020 1033
3020 3022
3020 3023
3024 1082
3024 3025
3024 639
3024 3026
3024 2523
2627 3027
2627 3028
2627 3029
2627 3030
2627 3031
2627 3032
1014 3033
1014 2592
3034 3035
3034 3036
3034 3037
3034 2080
1470 2890
1470 3038
1470 946
1470 3039
1470 1813
1402 3040
1402 1779
1402 3041
1402 2795
1402 853
1402 995
1402 699
1402 3042
1117 1584
1117 1650
1117 3043
1117 3044
1117 3045
1117 3046
1117 2674
1601 950
1601 3047
1601 1762
1601 1971
3048 3049
3048 1366
3048 853
3048 1335
3050 2939
3050 3051
2676 3052
2676 3053
2676 3054
2676 3055
2676 3056
2601 2028
2601 1221
1061 3057
1061 1902
1767 3058
1767 3059
1767 3060
1767 3061
1108 3062
1108 2485
1108 1689
1108 1221
3063 3064
3063 928
3063 1633
3063 3065
3063 1796
3066 1324
3066 635
3067 3068
3067 3069
3067 2909
3067 1386
3067 448
3067 3070
1939 1897
1939 3071
1939 427
1939 3072
1939 3073
1939 679
1939 3074
3075 2612
3075 1700
3075 3076
3075 2572
3075 2405
3077 1551
3077 470
3077 455
1783 2360
1783 138
1783 3078
1783 3079
1521 3080
1521 2893
1521 3081
1521 748
1521 3082
1521 3083
2466 1055
2466 3084
2466 850
2466 3085
2466 165
2466 2904
2890 3086
2890 3087
2890 3088
3089 2709
3089 2983
3090 1970
3090 653
3090 2261
3090 749
1627 3091
1627 3092
3093 2657
3093 2602
3093 1523
3093 509
3093 2785
3093 3094
3093 3095
31 179
31 1019
443 3096
443 3097
443 3098
443 1572
2827 709
2827 2240
2827 730
2827 1689
2827 1724
3099 2696
3099 2069
3099 2757
3099 784
3100 1711
3100 3101
3100 3009
3100 3102
3103 3104
3103 2602
3103 3105
3103 3106
3103 3107
3103 3108
2160 3109
2160 364
2160 235
2160 3110
3111 1504
3111 517
3111 490
1590 92
1590 2034
1590 3112
1590 1991
1590 1242
1590 3113
1590 1149
1590 3114
2487 3115
3116 3117
3116 3118
626 3119
626 1524
938 2001
938 3120
938 3121
3122 3123
3122 2562
3122 3124
3122 585
3122 2948
3125 3126
724 1249
724 444
724 3127
724 2440
724 3128
724 3129
724 3130
724 2959
1477 2019
1477 3131
1477 2155
1477 3132
2683 1613
2683 1283
2683 2630
2683 2090
2683 2835
2683 3133
2683 3134
1741 3135
1741 3136
3137 1665
3137 3138
2001 3139
2451 3140
2451 3141
2451 978
1784 3142
1784 1258
1784 3092
1784 3143
1784 3144
3145 1090
3145 3146
3145 702
3145 3147
3145 3148
1577 3149
1577 519
1577 2319
1577 3150
1577 3151
1577 3152
1577 2091
1577 3153
2434 3154
2434 3155
2434 1718
2434 1319
2434 3156
1227 2787
1227 3157
1227 3158
1227 3159
1227 3094
1227 2599
2298 3160
2298 1616
2298 1147
2298 2292
2298 3161
54 2506
54 3162
54 684
54 2871
1711 2340
1711 585
1711 3163
1711 2246
2453 1077
2453 3164
2453 1609
3165 3166
3165 3167
3165 3168
3165 3169
3170 100
3170 3171
2224 2619
2224 380
1079 400
1079 996
1079 2401
2575 1080
2575 942
2575 498
3172 555
3172 1393
3172 2133
3172 3173
3172 2509
3174 2579
3174 461
3174 3175
3174 1608
3174 3176
1655 407
1655 3177
1655 3178
3179 1593
3179 2429
3180 1785
3180 3181
3180 3106
3180 3182
3183 1865
3183 3184
3183 3185
3183 2608
3183 3186
3187 1137
3187 3188
3187 3189
3187 3190
3187 1378
3187 3134
3191 75
3191 3192
3191 3193
3191 3194
835 3195
835 3196
835 2189
835 96
835 2343
3197 3198
3197 906
3197 3199
2435 5
2768 3200
2768 903
2768 3201
2768 3202
2768 3203
2768 1801
1080 1349
1080 25
1080 2227
1080 940
2899 2413
2899 3204
2899 2167
2899 1677
2899 1598
3205 3206
3205 3207
3205 2959
3011 3208
3011 3209
3011 3210
3011 3211
3011 3212
3011 60
3011 2570
3011 1452
3213 555
3213 3214
3213 813
1742 1683
1742 1151
1742 3215
1742 3216
868 3217
868 2152
868 1114
868 3218
1896 3219
1896 2949
2596 789
2596 2328
2596 2175
2596 267
2596 2674
2596 3220
73 3221
73 3222
3223 3224
3223 3225
3096 1746
3096 3226
3227 3228
3227 2671
3227 3229
2060 3230
2060 3231
2060 2304
2060 207
3232 2736
3232 2923
3232 801
3232 3233
3232 544
3232 3234
3232 3235
3232 699
3232 3236
3232 3237
2809 1055
2809 3238
2809 3239
2809 3240
2809 1491
2809 914
3241 3242
3241 3243
3244 283
3244 2535
3244 1569
3244 3245
3246 20
3246 2998
3246 493
3246 2684
3246 635
3246 2287
3246 2778
3246 1863
3247 296
3247 3248
3247 362
3247 2376
3247 3249
3247 3250
3251 1007
3251 754
708 3252
708 2305
708 3253
708 2522
708 2777
3254 3255
3254 544
3254 3256
3254 2949
1286 48
1286 2632
1286 3257
1286 1219
1286 272
1286 3070
3258 3259
3258 2149
2455 3260
2455 3261
2455 3262
3123 2345
3123 3263
3123 3008
3123 1075
1496 1799
1496 3264
1496 906
1496 2494
1496 3265
896 2642
896 2482
896 1613
896 3266
896 516
1983 266
1983 1884
1983 832
1983 175
502 408
502 2719
502 3267
3268 3269
3268 1175
3268 2359
3268 3270
3268 1981
3027 1123
3027 1192
3027 2996
3027 3271
3027 3272
3027 2028
3027 3273
1365 145
1365 1666
3274 3275
3274 3276
3274 926
3052 3006
3052 3277
3052 2272
3052 1708
3052 1270
3052 1841
3278 3279
789 3280
1732 1493
1732 224
1732 3281
1732 1986
1732 802
1732 1353
863 2699
863 3081
863 523
863 3282
3283 434
3283 3284
3283 2125
3283 3285
3283 3286
3287 3062
3287 3003
3287 3288
3287 3289
902 544
902 1676
902 3290
902 3291
3142 1808
3142 3292
3142 2730
3142 3293
3142 1310
3294 3295
3294 999
3294 639
3294 628
3296 3297
3296 3298
3299 362
3299 1139
3299 3300
3299 3301
3299 3031
3302 3303
3302 2370
3302 3304
424 2612
424 3305
424 3306
424 3307
1644 3308
1644 554
1644 3309
1644 3310
555 3311
555 1925
555 512
555 3312
555 3313
555 3314
555 576
3315 2367
3315 3316
3315 3317
3318 806
3318 1794
3318 3319
3318 2843
3318 889
551 809
551 1007
551 103
3320 3321
3320 2027
3320 3322
3320 2484
3320 3026
3320 3323
3320 3324
3325 3326
3325 3327
3325 3328
3325 3329
3325 2556
3325 2330
3325 2856
3325 3330
3331 2679
3331 3189
3331 1926
3331 1642
3331 3332
3331 3119
3331 2841
1963 797
3333 2137
3333 483
3333 2669
3333 473
3333 2384
1785 3334
1785 3335
1785 1770
1785 1358
1785 291
1785 3336
1656 1970
1656 3337
1656 3338
3339 2953
3339 537
3340 514
3340 924
3340 2714
3340 3341
3340 3342
3340 1786
506 3343
506 3344
506 1259
506 2102
506 2013
506 43
3345 2912
3345 3346
3345 522
3345 1759
3345 3347
3345 3348
3345 3349
3149 3350
3149 1617
3321 2747
3321 3263
3321 3351
3321 1309
3321 3352
3321 726
3321 1320
3321 3353
3321 3354
3355 3356
3355 3357
3355 891
2753 3358
2753 1527
2753 3132
2753 2931
3359 825
3359 1340
3200 3360
3200 2004
3200 706
3361 406
3361 457
3361 2822
3361 247
3361 600
3362 1969
3362 3363
3362 3364
3362 3365
3362 1053
3362 3366
3367 2212
3367 722
3367 3368
3367 513
3367 192
3367 3369
3367 3370
3367 1111
3371 3131
3371 1229
3371 2188
58 3372
58 646
58 3373
58 1833
58 3374
1917 3375
1917 3376
709 1179
709 1287
709 3377
709 3378
709 2399
709 1986
709 3379
3380 2562
3380 94
3380 3381
830 3382
830 844
830 3383
632 3384
632 3385
632 1832
632 3386
3387 1393
3387 3388
3387 3389
3384 3390
3384 3391
3384 802
3384 3392
3393 3394
3393 2184
3393 3395
3393 3396
3393 1910
3393 1818
1806 428
1806 3397
3398 2701
3398 1779
3398 3399
3398 621
3255 2482
3255 3400
3255 1171
3255 2734
3255 2427
3255 3401
3255 2650
3255 2965
3255 1671
3255 1074
3255 3402
3255 3403
3404 1794
3404 1595
3404 2058
425 2565
425 3405
425 2975
425 1001
425 3406
456 736
456 2794
456 3407
250 2106
250 3408
250 3409
250 1130
250 853
1887 1892
1887 77
1887 3410
1887 3411
1887 3412
3413 3414
3413 3151
3413 3415
3413 3416
3104 1480
3104 1700
3104 2382
3104 3168
3417 779
3417 379
3417 1822
411 3418
411 2194
411 3419
411 1343
438 3420
438 210
438 2969
438 2009
438 3265
3421 521
3421 1113
3421 3060
3421 2091
1848 351
1848 1049
1848 2920
1848 3422
1848 3423
1848 3424
1848 3425
2404 3426
3427 1816
3427 3064
3427 3428
3427 3429
3427 3423
3427 3430
3427 3431
179 2722
179 3385
179 3061
3432 3308
3432 3433
3432 2955
799 893
3434 733
3434 3435
2106 3436
2106 970
2106 3437
2106 3438
2106 3439
869 259
869 704
869 3110
869 3440
869 3441
3442 3443
1591 2819
1591 3444
1591 2132
1591 2198
1591 3445
1516 3446
563 1851
563 1622
563 3182
563 3447
563 3448
3449 3450
3449 181
3449 3451
3449 3452
1733 1951
1733 3453
1733 3454
1733 3455
1733 2484
3456 3124
3456 3457
3456 3450
3456 193
3456 2171
3458 559
3458 36
3458 640
1313 2571
1313 3101
1313 3459
1911 2855
1911 2436
1911 3460
1911 3374
3461 3462
3311 2393
3311 2338
3311 855
2281 3463
2281 3464
3465 774
3465 508
3465 3466
3465 3467
3465 320
3465 3468
3465 3469
3470 918
2210 616
2210 2637
3471 173
3471 695
3471 2701
3471 3060
3471 2914
3471 3305
3471 3472
3471 3473
713 3474
713 1701
713 943
2689 3475
2689 2954
2689 1362
2689 3476
2689 3477
2689 1722
2689 3478
2689 853
2689 3479
2689 668
2689 3220
1397 607
1397 3480
1397 3468
3481 3482
372 3181
372 536
1908 791
1908 283
1908 1394
1908 2930
2591 1331
2591 2845
2591 1978
2591 3483
2591 1666
2591 3484
2591 3485
1099 3486
1099 3487
1099 3150
1099 3488
1099 1476
1716 800
1716 3489
1716 3490
1716 3491
3492 3493
3492 3494
3492 3495
3492 3496
692 2571
692 2828
692 583
692 3395
692 274
692 3497
3498 444
3498 2187
3498 1438
3498 877
3499 2329
3499 1641
3499 2309
3499 3479
1584 2531
1584 3500
1584 2058
3486 1360
3486 1356
3475 571
3475 1852
3475 3501
1392 3502
1392 1568
3117 2642
3117 3503
3117 3252
3117 3504
3117 2076
3117 3463
3117 3466
3117 3505
3117 1149
3117 3506
3507 2564
3507 3508
3507 3509
3507 3510
3507 3511
3507 2442
3512 3513
3512 2219
3512 3514
3512 525
3512 3515
3516 1930
3516 3517
3516 38
3516 3518
3516 3519
3516 2855
3520 2151
3520 3521
3520 3522
1062 2642
1062 3523
1062 3524
1062 1426
1062 3525
1062 3032
3526 448
3526 3527
3526 1448
2311 874
2311 1513
2311 2587
2311 3528
3529 3530
3529 591
3529 1679
3529 3531
2612 2094
2612 493
2612 3532
2612 1762
2612 2080
3533 493
3533 1586
3533 2354
3533 3534
3533 1624
3533 3535
3533 3536
3537 34
3537 1892
3537 3538
3537 3539
3537 3540
3537 3392
1483 1356
1483 3541
2413 974
2413 3542
2413 3543
2413 176
2799 2672
2799 1256
2799 809
2799 913
2799 762
2799 3544
3545 849
3545 972
3545 3546
3545 3547
3545 266
3545 3548
3545 3549
3545 886
503 3550
503 43
1699 2545
1699 1651
1699 1320
1699 1357
1699 3551
1699 3552
3553 2411
3553 2041
3553 3554
3555 675
3555 565
3555 1207
3555 3502
3555 1465
46 565
46 2305
46 3556
1211 3466
1211 2478
3557 1261
3557 2738
3557 3558
3557 3559
2275 1478
2275 3560
3561 3562
3561 3006
3561 3031
3563 3319
3563 3564
3563 3565
3563 3057
3563 1693
2411 494
2411 1274
2411 3061
3566 2978
3566 3567
3566 2649
3566 2293
1155 985
1155 3073
1155 1019
1155 3568
1155 3388
1155 3569
1155 3570
2307 597
2307 3409
2307 681
2307 440
758 2147
758 2921
758 1385
758 1526
758 3571
758 3572
514 3573
514 694
514 3574
514 338
514 2723
514 628
534 3575
534 2989
534 1695
534 2911
2579 3576
2579 3070
152 2863
152 3577
3068 1694
3068 2126
3578 734
3578 461
3578 1513
3578 3579
3578 1149
3578 3580
2819 1213
2819 3581
2642 1790
2642 229
2642 2671
2642 2726
3308 3582
3583 637
3583 522
3583 2880
3583 3584
1055 3585
1055 3586
1055 3587
1055 516
1055 1796
1055 292
596 1712
596 3588
596 3040
596 3589
596 1943
596 2081
596 1466
2452 3590
2452 3591
2452 2650
2452 685
3592 3593
3592 3594
3592 3595
3592 3596
3597 3368
3597 647
3597 3019
3597 2262
3597 3549
3523 3028
3523 1138
3523 1476
3598 3599
3598 117
3598 3600
3598 1421
3601 2822
3601 2227
3602 3603
3602 1179
3602 3377
3602 3604
3602 3605
3602 2963
3602 3220
3602 2013
2127 2793
2127 3606
2127 3085
3607 849
3607 727
3607 2744
3607 942
3607 3353
3607 2804
3524 3608
3524 3609
3524 2383
3524 3452
3610 3611
3610 3253
3610 147
3610 3612
3613 3416
1851 3140
1851 3614
1851 213
1851 3324
3615 3616
3615 1250
3615 1718
3615 3617
3615 604
2482 138
2482 1288
2482 2847
1897 1460
1897 3618
1897 3619
1897 3620
1897 2854
1897 3621
1897 1625
3622 3017
3622 2756
3623 224
3623 2762
3623 3121
3623 3535
3624 1170
3624 3625
3624 1974
3624 3626
2912 1502
2912 3627
2912 2249
2877 3628
2877 3629
2877 3630
2877 2572
2877 3631
3632 2053
3632 3535
3633 1369
3633 213
3633 3634
3633 1792
2467 1382
2467 2128
2467 3390
2467 2057
2467 3635
1650 2887
1650 3636
32 3637
32 762
32 3638
3639 3043
3639 917
3639 3640
3639 2661
3069 3641
3069 676
3069 471
2873 3642
3643 2378
3643 3644
3643 973
3643 3645
3643 3646
3647 3648
3647 35
3647 2515
3647 3649
3562 3586
3562 1901
3562 2908
3562 3650
3562 2074
714 1493
714 3084
714 515
714 726
714 3108
714 123
714 3651
714 3652
3058 552
3058 1173
3058 1383
3058 1763
3058 2396
3653 3109
3653 3654
3653 2461
3653 3655
3653 3656
3653 3657
3653 3658
3659 2729
3659 22
3660 2522
3660 3661
3660 1961
3660 3307
3530 2713
3530 1505
3530 1941
3530 3662
3663 1587
3663 3664
3663 3665
3663 1663
3663 1363
3663 3666
1194 840
1194 3667
1194 3668
1194 3669
1194 1943
1194 3670
1194 174
2375 260
2375 3671
2375 1545
100 3672
100 392
100 2893
100 2328
100 3003
100 1926
100 3673
3674 3675
3674 3676
3674 554
3674 95
3674 2569
3677 906
3677 536
2468 3678
2468 3679
2468 3680
2468 914
3681 3682
3683 3166
3683 3312
3683 2829
3683 890
3683 3684
1645 3006
1645 1918
1645 3685
1645 2068
1645 3686
1645 2167
1645 2585
1240 2352
1240 2988
1240 536
1240 3687
3005 3688
3005 2147
3005 1118
3005 87
3005 3689
3005 3690
3005 3691
3005 2417
3005 3692
3005 697
3005 3693
2665 158
2665 339
2665 3694
2677 923
2677 3695
2677 2248
2677 3696
2677 3697
3698 472
3698 1027
2392 126
2392 3272
2392 3699
1551 2135
486 1375
2936 3700
2936 1790
2936 948
1493 693
1493 1173
1493 816
296 3701
296 2781
296 936
3702 2730
3702 1866
3702 844
3702 3001
3702 3703
3702 3704
3702 3705
1348 143
1348 1469
1348 3706
3707 2039
3707 1743
3707 792
3707 2276
3707 3708
715 2519
715 2163
345 1027
2229 3603
2229 1586
2229 3577
1413 3700
1413 3709
1413 3132
1413 567
2519 2268
2519 823
2519 3710
426 3711
426 3712
426 1726
426 3713
426 3025
426 2955
426 2110
426 1135
426 3714
426 1771
952 1146
952 3715
952 531
3043 3716
3043 3182
3043 3717
3043 2164
3043 2993
1425 1048
1425 3718
1425 2781
1425 3719
1425 3720
3721 3722
3721 3723
3721 1504
3721 393
1799 996
1799 3724
3725 330
3725 2853
1622 3726
3035 259
3035 2034
3035 3276
3035 2330
3035 890
3035 2006
396 3727
396 1195
396 3728
396 2551
396 2222
1619 3006
1619 542
1619 2554
1619 247
1950 493
1950 722
1950 3405
1950 1037
1950 2048
1950 2930
1950 1275
3729 3730
3731 1479
3731 3732
3731 2037
3487 3733
3487 1245
303 3734
303 3735
303 628
303 1603
303 3736
3737 3550
3737 1508
3737 2440
3737 1836
3737 3738
3737 3739
3737 3460
3737 672
3641 2883
3641 3166
3641 1639
3641 2021
3641 911
3641 3740
3641 3065
3641 3114
3741 3742
3741 3743
3741 3744
3400 3155
3400 2457
3400 169
3400 1704
3400 3745
3400 621
1807 637
1807 3746
1807 3144
870 3747
870 2536
870 2508
2878 2258
2878 2492
3748 1234
3748 787
3748 3468
3749 1759
3749 3750
3749 202
2879 693
2879 3751
2879 3752
1522 565
1522 3073
1522 2419
3753 3754
3753 3575
3753 3755
3753 2417
3753 3756
3753 2152
3753 718
3753 3757
1816 3758
1816 582
1816 3587
1816 3759
3760 3758
3760 549
3760 3433
3760 3500
3760 772
3760 3761
637 2972
637 936
637 1769
637 3762
637 3129
637 2419
1602 3763
1602 1569
47 3759
47 3764
47 3765
47 2766
3766 1712
3766 3
3766 2470
3766 536
3766 3767
3766 1862
1349 2543
1349 3768
1349 3769
1349 1593
1349 1775
3770 1695
3770 3771
759 1123
759 2305
759 3018
759 88
759 668
3603 508
3603 3772
3603 2833
3603 844
3603 3773
3774 1405
3774 1270
3062 2969
3062 1215
3062 3775
980 3776
980 3003
980 3777
980 139
980 2347
980 3661
840 1719
840 3750
998 1704
998 1075
998 2948
3778 3779
3778 1697
3778 2871
3778 3584
3780 1213
3780 414
2891 1090
2891 3781
2891 2396
2883 2888
2883 2062
2883 3782
1725 3783
3420 2123
3420 1541
3420 699
3420 357
2874 153
2874 2145
2874 1447
2874 3185
2874 1120
571 3784
571 3785
571 3491
571 1945
1015 2204
1015 2278
1015 373
1179 86
1179 3190
3786 3625
3786 3787
3786 226
3786 2812
351 3788
351 3312
351 2976
351 3789
351 984
351 1163
3790 1540
3790 3791
3790 894
3790 3605
3790 2638
3790 2693
3792 2456
3792 2340
3792 3567
3792 1768
3792 1026
1464 512
1464 3793
1464 3194
2352 564
2352 469
2352 1898
2352 1037
2352 2925
3688 3248
3688 1048
3688 3794
3688 1809
3688 3795
3796 3203
3796 3797
541 3798
541 1796
541 3799
2140 3800
2140 3801
2140 3131
2140 3779
2140 3802
2140 2170
2345 1081
2345 2272
1745 2136
1745 3628
1745 781
2107 3715
2107 3803
334 3804
1122 3219
1047 934
1047 3805
1047 1360
1047 698
2725 1922
2725 181
2725 3806
2725 1435
2725 3571
2725 3178
463 3799
463 175
463 3807
463 942
806 1041
806 3329
806 3426
406 2817
406 1069
406 3808
406 3809
406 2343
406 174
406 1853
3810 3448
3810 3379
1291 1371
1291 3811
1291 2253
1291 3812
2820 185
2820 3813
3814 3815
3814 3816
3814 3817
564 3167
564 29
3017 2034
3017 461
3017 2073
3017 3511
3818 741
3818 2381
3818 2070
3818 2556
3818 1724
3819 3820
3819 3252
3819 3821
3819 1011
3819 3822
3819 2538
3819 2254
3823 3824
3823 3825
3823 1796
3823 3826
3823 3540
1089 3827
1089 3828
1089 3829
1089 3830
2831 3167
3204 185
3204 3831
3204 3022
3204 826
3204 3832
20 1461
20 2679
20 2554
20 3351
20 2880
20 3833
360 3834
360 102
360 1820
360 2507
3835 3217
3835 1578
3836 2003
3836 3837
3573 3365
3573 193
3573 3838
3573 3839
3573 1609
3573 459
2002 3840
2002 2691
2002 3841
2002 1092
1136 3842
1136 1791
1136 885
1136 3843
1136 3844
3820 1273
3820 3845
3820 3846
3820 2239
2759 2470
2759 3668
2759 909
2759 231
2759 3686
2759 3541
2759 1519
2759 111
934 3847
934 3848
934 63
934 1258
774 3849
774 3785
774 2907
774 599
774 2631
3260 2394
3260 766
3260 3850
3260 3851
3260 943
3852 3853
3852 3405
3852 3784
2334 3854
2334 1831
2334 154
2334 874
2334 1343
1143 3855
1143 1998
1638 2476
1638 2341
1638 2807
3444 1292
3444 3353
2821 2780
2821 3085
2905 3856
2905 3857
2905 2430
2905 3858
2905 3859
2905 1491
2905 467
2268 3503
2268 956
2268 3012
2268 285
2268 3860
2268 3730
3861 3862
3861 154
3861 3275
3861 3386
2729 3863
263 849
263 3864
263 3865
263 2149
263 3866
3867 2432
3867 3868
3867 2313
3867 561
3021 2996
3021 717
3021 1506
3021 1177
185 2617
185 3869
185 3870
185 2944
185 3871
185 690
185 3872
3873 1192
3873 2
3873 1670
3873 244
3343 999
3343 1184
3343 3856
3343 3874
3343 2314
3343 2993
652 3866
1683 3875
1683 3876
1683 3877
1683 1952
581 3565
581 2072
581 3878
581 1822
1241 1558
1241 3879
1241 3385
1241 2115
3880 3769
3880 2928
3880 3881
3880 1165
3166 3882
3166 1237
3166 657
3166 2540
3166 3883
3788 2353
3788 3884
3033 2711
3885 3522
3885 3429
3885 3218
3885 3886
3885 3887
3888 3889
3888 3312
3888 1250
3888 3890
3238 1176
3891 3636
3891 2576
3891 3892
1843 905
1843 3893
3894 3226
1249 1850
1249 2962
1249 3895
3896 3897
3896 1769
3896 3898
3896 3899
1969 3405
1969 2124
1969 1696
1969 3900
1969 3651
209 3408
209 487
209 3488
209 704
209 2999
209 2645
209 1092
254 2755
254 461
254 1196
254 2585
1855 3221
1855 3901
1855 3430
1855 2074
1170 3902
1170 717
1170 3454
1170 2619
1170 3903
1170 284
1170 3634
2592 292
2592 2480
3038 3679
3038 3904
3038 2743
3038 3905
3906 3907
3906 741
3906 2918
3908 2035
3908 3909
3908 1608
3908 3705
3910 3911
3910 3201
1085 3912
1085 2770
1085 3913
1085 2568
1737 716
1737 2648
1737 1672
1281 1296
1281 3762
1281 1853
1281 64
2817 3895
2151 2213
2151 3889
2151 530
2151 3914
2151 3915
2151 1237
2151 1002
2151 2705
2151 3469
2151 2163
3916 3593
3916 2254
1144 3720
507 813
507 3193
3917 3768
3917 3029
3917 3313
3917 1959
3917 1418
1500 3918
1426 3828
1426 3341
1426 2313
1426 1814
1478 1924
1478 741
1478 2506
1478 1901
1478 3528
1478 1791
1478 2563
1478 3765
3919 2340
3919 1616
3919 3920
114 1086
114 1222
3912 3921
3912 1231
3912 3074
2653 556
2653 1130
2653 2330
2653 3922
2653 3923
3924 2926
3924 3
3924 3925
3924 1053
1924 23
1924 3214
1924 3539
1924 1960
2747 3926
2747 3927
2747 770
917 3192
917 3928
917 3929
2066 2543
2066 3930
2066 3582
2066 1901
2066 1998
2066 3931
2066 3932
786 766
786 2718
3933 484
3933 3839
3933 1431
3933 386
3049 1472
3049 2713
3049 3934
3049 3935
3049 2416
3049 3256
3049 2712
3049 3416
3049 990
2360 3936
3937 1794
3937 3897
3937 2637
3937 3305
2503 117
2503 207
2503 2179
2503 1653
2361 985
2361 3938
2361 698
2361 3939
2361 603
2361 1750
2564 664
2564 3857
923 2041
923 2953
923 3940
923 1657
923 2720
923 567
3941 3942
3941 734
3941 2521
3941 3943
3941 3944
3945 2738
3945 1697
1314 3849
1314 523
1314 2718
1314 3946
1314 2970
1314 3544
1314 3947
3948 3949
3948 3950
3948 3951
3263 1036
3263 75
3263 2866
3263 801
3263 2399
3263 80
2147 1389
3952 836
3952 974
3952 735
3952 3953
3952 3785
3952 860
3952 3843
3952 3954
3955 1201
3955 3046
224 3956
224 3957
224 2382
224 489
224 3958
3700 3959
3700 133
3700 2947
3700 3960
3758 3120
3758 3843
3961 2685
3961 168
3961 2175
3961 2091
3961 3962
3961 699
3961 3963
3964 3965
3964 1138
3964 1380
2362 1946
2362 3363
2362 3966
2362 3150
2362 1899
2362 3226
2362 1762
346 831
346 3807
1830 3967
1830 71
1830 3745
397 3871
304 3350
304 3556
304 3752
304 1604
304 1491
304 3923
2289 1844
2289 3968
2289 711
2289 3132
519 2135
519 3092
519 3969
2137 1633
2137 454
2137 2052
2137 3970
2137 56
2137 3971
3972 956
3972 808
3972 2982
3972 3061
3972 1009
3972 3403
3973 3230
3973 3974
3973 2843
3973 1867
3973 3975
3973 1299
871 444
871 3976
871 860
2277 1098
2277 3879
2277 1023
2277 2028
3977 3978
3977 2403
3360 3979
3360 2008
558 3980
3981 117
3981 498
210 1840
210 3630
407 2439
407 3982
407 121
407 340
407 3664
41 3983
41 3984
41 3451
41 3985
41 1111
872 3107
872 1748
872 2968
317 3986
317 1229
317 3101
317 3763
317 608
591 3550
591 3855
591 3987
591 2305
591 466
3988 3865
3988 1337
3988 3989
3988 3990
2887 3534
2887 453
2887 3369
2887 440
2937 3003
2937 3496
2937 3991
1871 3992
1871 3925
1871 2674
1871 3993
1871 2721
1871 3927
3084 3994
3084 2875
3084 3995
3281 3685
3281 3996
3281 1197
3281 1662
3281 2293
3997 3998
3997 1570
3997 2933
3997 3309
3997 2379
2543 3081
2543 3001
2543 3999
2543 4000
3436 2387
3436 4001
3436 2161
3599 4002
3599 4003
3599 4004
3599 3785
3599 1023
2135 4005
4006 4007
4006 4008
4006 1992
4006 1750
4009 4010
1200 4011
1200 4012
1200 4013
1200 4014
1200 604
1375 1237
1375 628
1375 26
1375 3931
1375 2727
1375 4015
408 3980
408 3252
408 3743
408 1674
408 261
408 1567
408 2081
408 4016
408 2443
4017 3003
4017 1943
4017 3851
4017 3392
4017 3412
4017 776
1970 4018
1970 4019
1970 176
4020 71
4020 851
4020 4021
492 1268
492 2559
492 2286
492 1604
492 176
1534 1675
1534 2711
1534 4022
1534 4023
4024 1398
4024 4025
4024 266
4026 3986
4026 4027
4026 4028
4026 912
4026 2803
4026 4029
2571 4030
2571 3982
2571 1454
2571 3743
2571 2062
2571 233
2257 92
2257 4031
2257 4032
2257 2766
559 2476
559 722
559 1541
559 597
559 212
559 3403
2324 2020
2324 3699
552 4033
552 597
552 4034
199 2302
199 323
199 2863
199 699
199 4035
199 918
3303 4036
3303 3338
3303 4037
3303 3732
4018 2182
4018 4038
4018 89
2205 2621
3585 2764
3585 513
3585 4039
3585 1762
153 2914
3590 1077
2372 2996
2372 252
2372 4040
2372 2207
2372 4041
2372 659
1069 601
1069 4042
1069 3668
1069 2125
1069 4043
1069 4044
1268 4045
1268 1765
1268 1999
1268 2498
1268 2485
1268 4046
1268 4047
1844 2625
1479 2781
1479 4048
2202 4049
2202 4050
2202 1663
2202 238
4051 1684
4051 4052
4051 1173
4051 4053
4051 2199
4051 2856
4051 2815
616 1706
4054 1417
4054 1952
4054 1693
4054 4015
2550 4055
520 2958
520 1319
279 4056
279 305
279 4057
279 300
361 1888
361 4058
3695 4059
3695 668
3326 93
3326 4060
3326 4061
3326 1017
264 816
264 4062
264 2622
1041 2115
1041 875
1041 1614
1041 1642
1041 4063
1041 1770
1287 1118
1287 2690
1287 484
1287 468
2094 3983
1888 2691
4064 1212
4064 488
4064 202
4064 4065
2678 825
2678 2346
2678 4050
2678 1386
2678 568
4066 2681
1072 2976
1072 2109
1072 4067
548 597
548 3107
548 2062
548 4068
548 473
548 4069
548 4070
548 4071
548 3697
1803 4047
1803 2859
4072 4073
4072 4074
4072 3927
4072 1702
83 1474
83 953
83 3457
83 3893
83 1993
83 3927
791 3414
791 2494
903 1919
903 2924
903 241
903 1671
903 2191
903 2081
4075 118
1376 4076
1376 4077
1376 4078
1234 4079
1234 3072
1234 4080
4081 2235
4081 4082
4081 4083
4081 3531
4081 3884
4084 2736
4084 4085
4084 59
4084 1356
2657 3295
2657 4031
2657 4086
2657 4087
3006 2115
3006 3640
3006 1771
3006 4088
3006 3929
2732 2108
2732 3495
2732 1238
2732 4089
2732 3392
4090 3862
4090 4091
4090 3913
4090 4092
4090 4093
4090 4094
4090 268
2122 4093
2122 976
2122 1131
2998 2690
2998 4095
2998 3670
2998 2204
2998 4096
2998 4097
2998 918
2998 4098
2998 4099
2998 2946
3824 2534
3824 2471
3824 1373
48 1505
48 781
1460 767
1098 1251
1098 2292
3994 3270
3994 4100
86 2188
897 4101
897 3392
1382 4102
693 1242
693 1177
3882 1926
3882 1050
3983 1090
3983 2396
3208 1661
3208 4103
3208 2442
4104 4056
4104 4105
4104 4079
1808 4106
1808 2560
1808 3581
2367 4107
2367 4108
2367 1231
2367 1372
431 3986
431 2598
431 2405
431 3282
1029 33
1029 2286
1029 4109
1029 3225
2654 2839
2654 167
2654 509
2654 1873
2469 1675
1471 3625
1471 1090
3086 3980
3086 825
3086 4110
3086 4111
3086 4112
3086 2152
3086 1498
3264 4113
3264 1536
956 2644
956 3057
956 2507
956 685
956 1853
1480 3391
2938 1712
2938 4114
2938 1932
2938 4115
2938 4116
1350 582
1350 4117
1350 3826
1350 4118
1613 2235
1613 3109
1613 1958
1613 995
1613 4119
1613 2255
1613 4120
1679 1455
1679 827
3408 3828
3408 704
3408 2803
3408 668
2039 4121
2039 4122
2039 3173
2039 2721
1273 3059
1273 4123
1273 1542
1273 4034
1273 4124
1273 3925
1273 3502
457 549
457 2921
457 2955
457 3391
1180 3710
1180 4125
1180 1438
1180 3004
3768 2162
3768 3378
3768 4126
3768 3704
3768 2886
675 4127
675 2183
675 3593
675 4128
675 3795
675 1469
675 1689
2226 4129
2226 1466
4130 2456
4130 4131
656 4132
656 1433
656 4133
1946 4134
1946 2238
1946 78
1946 914
1746 2527
1746 4135
1746 3743
1746 2577
1746 266
904 4057
904 3041
521 4136
92 4137
92 4138
92 3473
3854 3982
3854 2946
2308 4139
2308 3680
2308 3549
2308 3307
2769 2427
2769 1566
2769 2930
2769 2901
2769 3696
2769 475
3672 4073
3672 1229
3672 102
3672 4117
3672 4140
259 1984
259 2255
2672 2954
2672 4141
2672 687
3711 280
1623 4142
1623 1306
1623 3696
3769 298
3769 1951
3769 3899
3769 3501
3071 573
3071 3870
3071 164
3071 4143
418 4144
418 3424
418 4145
2837 1775
2837 898
2837 3405
2837 2365
2837 2441
2353 2730
2353 4146
4147 4148
4147 3383
4147 4149
4147 818
4147 3386
4150 1558
4150 241
4150 4151
4152 3262
4152 4153
4152 2944
4152 4029
515 3879
515 2477
515 1971
515 818
3942 3272
3261 3271
3261 2391
3261 1744
3261 3665
3261 1432
180 2479
180 1543
180 3078
4154 2754
4154 362
4154 3131
4154 4155
4154 4156
4154 420
4154 4157
4154 915
3363 3789
3363 434
3363 2718
3363 4158
3363 4093
3363 1232
2770 2136
2770 2537
2770 860
2770 620
2770 4159
4056 1975
4056 737
4056 2153
4160 3682
4160 2640
1628 696
1628 1756
3221 2924
3221 4161
3221 321
849 428
849 2903
849 17
849 4162
849 3094
3776 2695
3776 1893
4163 4164
4163 2157
4163 3658
2378 2892
2378 3003
2378 3060
2378 4165
2378 1893
2378 3402
297 3648
297 1558
297 4166
297 751
3648 3798
3648 2619
3648 4167
3618 1930
3618 3556
3618 5
3618 3868
3618 4168
4010 706
4169 4170
4169 1156
4169 1899
4169 2207
4169 3817
4113 542
4113 4171
4113 1541
4113 2563
4113 3552
4170 119
4170 1081
4170 62
4170 3445
4170 643
4170 4172
4170 2028
1472 4173
1472 4174
1472 3284
1472 3306
1472 3642
2971 740
2971 697
2971 4068
2971 2168
2244 1481
398 4175
398 3466
1649 1339
1649 4173
1649 600
1649 474
1649 1086
1649 712
2950 4176
2950 2191
2011 1352
2011 2617
2011 4177
2011 4178
1351 3505
1351 2832
1351 2796
2913 2687
2913 4179
4180 4181
4180 767
4180 3999
4180 3621
2764 4182
2764 2417
2764 3171
2764 1986
2764 4183
4184 2893
4184 4172
4184 1993
1530 2329
1530 3322
1530 4185
1530 15
1530 2486
1530 986
841 2713
841 4186
841 229
841 4187
841 1448
4188 4038
4188 15
4188 4189
4190 2355
4190 4191
4190 4125
4190 4192
4190 3631
327 2155
327 3668
327 2862
327 4193
327 2721
1260 722
1260 4076
1260 4194
1260 3514
1260 467
800 4195
800 3716
800 4196
800 1635
800 669
4197 633
4197 4198
4197 4199
4197 4200
4197 1001
4197 4201
3080 3329
4073 994
4073 3839
4073 2791
4073 687
4073 538
4073 2523
4073 3245
4182 969
740 2023
740 2999
740 3650
740 3705
740 1987
740 3497
664 2867
664 1548
664 1038
1881 1236
1881 2083
1881 3830
2095 4202
2095 3785
2095 4065
2095 4203
4204 4205
4204 2943
4204 2854
4204 2721
4206 1978
4206 4207
4206 3129
143 792
143 3235
1535 1918
1535 4208
1535 3690
1535 1341
1535 3655
1535 4098
4106 2995
4106 4036
4106 3517
4106 63
4106 1779
4106 39
4106 1025
4106 3169
4106 4209
572 4210
572 4139
572 4211
572 1734
572 1597
572 4096
2217 911
2217 312
2217 2508
2217 4212
2217 3962
2217 2014
4213 542
4213 1371
4213 3394
4213 3872
4213 1466
4214 584
4214 4215
3242 1151
1794 2507
144 3751
144 2649
144 4216
144 2394
144 1009
144 67
144 4217
556 1323
556 2329
556 4218
556 2843
556 1278
3965 1893
3965 1543
3965 2167
3965 4219
3965 3927
4220 4221
4220 1791
4220 2663
4222 1922
4222 1509
3831 4173
3831 2789
3831 879
3831 762
3831 202
3831 127
1712 1077
1712 2904
2736 445
2736 193
2736 96
2736 2053
528 3189
528 4223
528 4224
528 4225
528 2279
444 3666
842 602
842 2476
842 3855
842 157
842 2061
842 3234
842 2436
842 968
842 2112
4127 3418
4127 543
4127 3925
4127 2320
4127 4226
2754 1695
2754 1007
2754 2498
2754 4227
21 2742
21 1319
21 3866
21 719
21 4228
21 818
21 243
3493 392
3493 3275
3493 3943
3712 1930
3712 2880
3712 3528
3712 183
3350 4229
3350 3234
3350 4230
3350 1020
3350 2538
2040 138
2040 385
2040 2338
2174 985
2174 4231
4232 4233
4232 3962
4232 4234
4232 2811
3959 850
3959 3196
3959 1579
3959 1569
2019 1790
2019 2976
2019 252
2019 4235
4236 4237
4236 809
4236 300
3907 3352
3907 2934
1033 1604
4085 95
4085 2081
4238 439
4238 1307
4238 52
2456 1937
2456 2696
2456 4239
2456 4240
2456 1086
2456 3370
4241 2058
2034 4242
2034 4243
2034 3519
493 1030
493 796
4244 554
1825 4245
1825 4246
1825 4247
1592 3249
1592 2624
1592 3784
1592 3569
3701 4248
3701 522
2978 495
2978 975
2978 3314
2978 1334
2978 4249
4250 4114
4250 3059
137 4191
2544 3500
2544 2609
2544 340
542 1393
542 2866
542 2723
1036 592
1036 3705
725 4251
725 225
725 1100
725 4252
725 699
1937 3690
1937 4253
392 1037
392 4254
4255 191
4255 4256
4255 1469
4255 3439
1852 4218
1852 3327
1852 4257
1852 4258
2954 1850
2954 2042
2954 3838
2954 4259
2954 3892
4260 3160
4260 509
4260 4159
3346 582
3346 454
3346 3375
3346 4261
3346 4035
3346 2785
3346 3102
601 2822
601 522
601 3723
601 164
601 490
1753 4262
1753 2894
1753 516
1753 3347
1753 4263
1753 4264
1753 3552
298 2072
298 4265
4266 3463
4266 4267
1118 1673
1118 3115
1118 1885
2628 3879
2628 3483
2628 1135
2628 900
2628 1303
145 659
4268 1729
4268 4269
4268 3878
4268 4046
4268 4270
4268 2208
4268 2241
1726 2644
1726 489
1726 3954
2787 2492
2787 3538
2787 293
4271 972
4271 3121
4272 3222
4272 2629
4272 1635
2108 229
2108 4273
2108 4274
2108 4275
2044 1771
2722 755
2722 79
2722 2014
3230 4276
265 4277
265 2516
265 1912
265 2087
265 1537
265 4278
265 3886
4279 2041
4279 4280
4279 1991
4279 4281
1921 4282
1921 3018
1921 3025
1921 188
2136 4283
2136 4284
2136 4285
2136 3161
2828 1856
2828 4111
2828 4286
2828 2117
2828 3491
2828 915
2235 3381
2235 2621
2235 1991
2235 4287
2235 3750
2235 1141
3713 1585
3713 4288
3713 634
2363 1608
2363 1536
2363 4289
2363 4098
2363 1750
3377 34
3377 3082
3377 3767
3377 218
3377 4290
3377 4116
1558 3974
1558 4291
1558 1485
1558 3704
1558 612
1558 4292
602 3344
3217 3209
3217 857
3217 894
3217 4293
3217 3220
1427 2643
1427 1095
1427 1140
1427 274
1427 2904
1494 3902
1494 2818
1494 4294
483 1456
483 1792
4295 899
4295 4296
4295 4297
4295 4298
4299 1700
4299 4300
4299 4158
432 1984
432 4301
4302 433
4302 2852
4302 3650
4303 4304
4303 2192
4303 4305
4306 1594
4306 200
4306 4307
4306 1113
4306 4308
4306 2917
4306 4309
4306 545
4306 3887
4310 2742
4310 2851
4310 1847
1377 2195
1377 855
981 1595
981 1882
981 3160
981 1395
981 3922
981 2232
981 1109
4311 3801
4311 4312
4311 1341
4311 2660
1330 1481
1330 3992
1330 4313
2236 1723
2236 2004
2236 4314
1461 3275
1461 4315
1461 4316
4317 4318
4317 4319
4317 3715
4320 181
4320 649
4320 698
4320 4321
4320 776
1790 4322
1790 3889
1790 1145
1790 110
1790 4035
1790 4159
883 4323
883 4248
883 1586
883 4324
883 4325
883 3866
883 2449
883 440
1639 875
1445 4326
1445 899
1445 4327
1445 914
3414 3845
3414 75
3414 1905
3414 1738
3414 186
3682 1261
3682 1606
3682 2982
3682 3661
3682 2901
3209 3510
3209 2588
4322 2155
4322 4328
4322 3286
4322 4329
3675 1653
4330 2918
4330 2051
4330 1027
765 2765
765 600
765 968
765 2025
765 4118
765 3705
765 4331
765 499
2900 553
2900 975
2900 4314
732 3911
732 4332
732 2744
3980 2801
3980 4333
3980 449
3550 87
3550 2246
3550 1961
3550 2058
3608 2096
3608 3356
2945 2679
2945 646
2945 4334
2945 1018
2945 1680
2945 4335
2945 2321
1501 4336
4337 966
4337 1893
4337 1356
4337 612
3754 3986
3754 2813
508 1049
508 4164
508 2776
508 1187
508 419
508 2711
4338 4339
4338 3518
4338 4340
4338 4341
4338 4342
1123 905
4343 3678
4343 1345
4343 4344
2432 879
4019 2491
4019 2162
4019 480
4176 2755
4176 4345
4176 4327
4176 3812
4176 244
4176 828
191 3921
191 2569
191 212
191 1588
191 1042
191 183
1865 710
1865 4297
1865 4346
1865 498
2212 2972
2212 3215
2299 4347
2299 4348
2299 1506
2299 4349
2299 1724
2299 4350
969 120
969 2813
969 364
969 4012
969 4125
969 2410
969 3136
969 2904
4351 3219
4351 2155
4351 3428
2206 2755
2206 2775
2206 219
2206 2959
2206 3515
2206 4352
2755 1947
2755 3703
2755 3402
2755 272
3248 2812
1951 4353
2534 3468
93 3463
93 2810
93 3856
93 324
93 4354
93 1652
93 4355
362 4356
362 2700
362 4357
362 4358
362 1462
362 164
362 476
3525 3087
3525 940
3525 2638
3525 1792
3625 2483
4359 3889
4359 2269
4359 4360
4359 4361
4114 4362
4114 6
4114 52
4363 4364
4363 3978
4363 1827
4363 3469
4363 4365
4366 831
4366 4367
2988 1934
2988 168
2988 1956
3014 1948
873 4368
873 2934
4369 90
2926 4370
2926 4116
2839 1066
2839 4060
2839 1899
2839 1536
2839 1135
2839 1101
2839 1301
2839 1353
1236 4371
1236 4372
3800 1282
3800 156
3800 2981
3800 2072
167 4373
167 3680
167 1164
4374 4375
4374 2005
1090 3157
1090 4376
4377 4378
4377 1914
2319 3
2319 2191
3494 1559
3494 4379
3494 3925
3494 2541
49 4380
49 4381
49 4382
117 4252
117 4383
117 3410
3845 1593
3845 1345
3845 1779
3845 2009
3845 4384
1362 3128
1362 3351
1362 2808
1362 3110
1362 43
4385 4386
4385 2429
4385 4387
4385 2006
3840 1339
3847 2016
3847 1620
3847 1838
3847 610
4388 2077
4388 314
2196 4389
2196 1488
2196 3826
2196 237
4282 3504
4282 2763
4282 164
4282 320
4282 2054
3805 3126
3805 1595
3805 3987
3805 592
4390 3262
4390 4391
4390 1736
3127 1706
3127 2727
3127 4392
3109 2781
3109 2918
3109 3857
3109 3134
3974 801
4393 2858
4393 4394
4393 643
1958 4395
1048 3556
1048 4396
1048 2209
1048 4021
905 2148
2713 3850
2713 4313
3966 471
3966 2853
3966 3153
3966 3990
3966 4397
1909 780
1909 3319
1909 4398
4399 158
2041 4224
2041 206
2041 286
1660 2128
1660 3897
1660 1229
1660 4400
1660 2219
1660 3083
1660 2163
3949 3727
3949 1616
3949 1603
4386 4032
4386 3074
4401 3003
4401 2780
4401 826
4401 4402
4401 3212
4401 1987
1323 4191
1323 3514
1323 576
4403 319
4403 4404
4403 909
4403 3943
4403 4405
4403 1636
747 4406
747 4407
747 4391
747 2726
3453 2394
3453 2460
3453 1378
3453 3863
4408 1640
4408 3474
4408 3319
4408 4409
4408 2382
4408 3953
4408 4410
4408 272
2302 1833
733 126
733 4411
733 2650
733 1466
3446 2104
3446 2751
101 3256
101 4412
4413 3231
4413 4414
4413 4415
4413 875
4413 1912
2565 4416
3801 4354
3801 2847
3801 3273
3609 1145
3609 4235
3609 3041
3609 4417
3609 4418
3609 4419
3609 1928
3609 4420
4421 1282
4421 1801
4421 2458
4421 4100
4421 468
4422 1319
4422 4423
4422 2631
2213 3435
2213 4424
2213 2294
2213 2336
2213 4425
2213 2254
2213 4426
87 1640
87 928
87 2365
1192 3911
1192 120
1192 3257
4323 2416
4323 1779
4323 4095
4323 1215
4137 857
4137 2394
4137 2100
4137 3750
305 1490
305 78
305 4427
2939 4283
2939 4428
2939 2507
2939 4327
2602 4429
2602 1779
2602 2479
2602 2063
4430 38
4430 4431
4430 1668
3140 2580
3140 4432
3140 4433
3140 2104
1552 427
1552 373
1552 4120
1049 4107
1049 2953
1049 4434
1049 4410
1049 3452
4435 2621
4435 3178
831 3656
831 3374
1030 2505
1030 1174
1030 4128
1030 610
1030 2313
1030 3298
1030 4275
1030 440
4210 3087
3022 4436
3022 232
3022 4427
4101 2184
4101 949
4101 2898
4101 2458
3986 3548
3986 2585
3986 3970
3986 4437
3986 4029
1700 3372
3210 665
3210 2460
3210 3175
3210 3440
3210 3922
2476 3150
2476 2708
3575 3825
3575 4091
4326 3889
4326 3401
4326 1075
4326 4438
4326 2180
4439 1850
4439 1481
4439 3094
3911 347
3911 3522
3911 3202
3911 4440
3911 3658
4441 4442
4441 1565
4441 2430
4441 1915
4441 4443
4444 1890
4444 4445
957 3751
957 4446
957 1545
4447 2457
4447 1481
4447 4068
4447 3606
4447 4448
4447 855
4449 2923
3007 4450
3007 1017
3007 1647
1849 779
1849 1661
283 4451
283 1724
3277 3284
3277 4412
825 4452
1156 384
1156 4453
1156 2125
1156 1275
1156 1452
4186 22
2788 3155
2788 2562
3252 3864
3252 4058
3252 4267
3252 3455
3252 3895
4454 4455
1171 242
1171 4177
1171 1862
1171 429
1593 928
1593 2025
2020 3794
2020 4286
2020 2485
2020 2400
2746 2863
2746 2946
2245 2167
2245 2053
2909 741
2909 2869
2909 4456
2909 3929
2225 1614
2225 4192
1800 722
1800 1686
1800 2279
4457 647
4457 3830
4027 4312
4458 3979
4458 192
4458 3225
3591 4459
4460 3629
4461 3586
4461 1560
4461 3023
4461 1571
22 2491
22 925
22 4146
4406 970
4406 4121
4406 4375
4406 4423
4406 1822
4462 4463
4462 4205
4462 1974
4462 1455
4462 4464
3126 3337
3126 4465
3126 1609
1925 3982
1925 2309
1925 3202
1925 3185
1925 1680
1925 1635
3231 2906
3231 3671
3231 4466
173 4231
173 2999
1204 2342
1204 3289
1204 2400
1204 561
3064 458
3064 3386
734 3504
734 1490
734 4455
734 5
734 2291
2888 384
2888 1115
2888 4172
741 2024
741 996
3076 3804
3076 1755
807 1371
3825 4139
3825 2492
3825 4467
3825 2448
3825 1965
3825 7
3012 1899
3012 920
3012 797
3053 1037
23 4468
494 34
494 3488
494 1735
494 4469
494 3841
494 4470
2128 2559
2128 2052
2128 575
2128 2811
2128 306
2016 3897
2016 1581
4195 1568
694 229
694 4471
694 3817
4472 4091
4472 3065
4472 3605
4472 2569
4473 4474
4473 2727
4473 2766
4473 4475
3059 1261
3059 794
3059 4252
3059 3253
3059 4289
3059 3858
3059 4476
4477 2203
4477 2513
4477 3330
4477 4478
4477 1259
1228 1261
1228 2748
4479 4463
4479 1955
4479 2203
4479 4254
4139 4480
1594 4481
1594 1183
1594 4482
2734 3173
2734 3467
2734 1568
2734 3963
3334 536
3334 4331
4248 2270
4248 2189
4248 1008
4248 987
1073 3864
1073 3593
1073 4483
1073 4484
1073 4485
2928 3862
2928 3121
3105 157
3105 3262
3105 680
2603 4486
2603 1257
2603 4487
2603 1293
2603 5
2603 3502
1585 242
1585 4488
1918 2329
1918 2886
4489 14
4489 3996
3685 2078
3685 3757
2995 467
4490 3131
4002 4487
4002 2219
3201 4123
3201 343
4312 3879
4312 1687
4312 4491
4492 1345
4291 4493
4291 3003
4291 4494
4291 2843
4291 3286
4291 3527
4291 2449
3154 3364
3154 4495
3154 3975
722 1673
722 3026
722 3298
722 890
2690 1020
2329 1337
2329 1172
2329 611
4496 1100
4496 4358
4496 2811
2497 654
2497 2522
2497 1514
2989 4497
2989 4498
2989 2711
2989 2048
4499 3328
4499 4500
4499 4267
4499 2072
4499 2141
4499 803
4499 3354
4501 16
3508 3802
3508 3057
3508 1697
3344 3157
3344 3467
2910 4494
2910 1031
2910 2051
2910 140
2910 4502
2910 91
2775 4503
2775 2866
2775 4504
2775 4505
3214 3295
3214 2624
3214 697
3214 1513
3214 3638
2165 4465
2165 1311
2165 2598
2165 4226
2165 987
2165 43
4506 339
4506 4289
4506 1538
4506 4491
3184 3098
3184 3405
3184 2430
3184 4483
2531 1320
2531 2581
4507 154
4507 4508
4507 3594
4507 339
3902 2969
3902 4509
3902 2774
3902 174
3902 4043
3902 1828
970 3019
970 4510
4164 2943
4164 4360
4164 244
695 37
4486 874
4486 3671
4486 4511
4486 3451
4486 4277
4486 3951
4486 4512
3206 4513
3206 4514
3206 2615
3206 2343
1595 4452
1595 3662
1595 2125
1595 684
1595 1701
107 252
107 1578
107 4200
107 1278
107 286
107 3687
107 1705
4121 289
4121 3395
4121 3212
4515 2643
4515 4308
4515 1940
4515 2517
4516 2545
4516 3694
4516 4517
4516 4518
4463 3593
2026 4519
633 3571
633 3799
3295 2525
3295 4062
2892 846
3709 3813
3709 1615
3709 517
3709 782
3709 2659
4300 2617
4300 4520
4300 608
4300 1833
4300 2180
4300 4521
2860 3424
2860 213
2860 3366
4522 2818
4522 2955
1620 311
1620 4273
2340 14
2340 666
2340 3039
2340 1828
3177 2762
3177 654
3177 2560
3177 3999
4523 2756
4523 2133
4523 4076
4524 2841
4218 3292
4218 2399
4218 845
4218 4525
4218 1271
4218 4234
4218 3410
427 4526
3934 3190
3934 193
3934 480
1282 4527
1282 4068
1282 2158
4414 3913
4414 679
4414 1327
4414 275
4414 1232
1743 1801
4528 2597
4528 4529
4528 4448
200 4175
200 78
200 4470
200 3178
3889 3480
2669 1172
2669 2726
2669 2158
2669 3642
2669 4530
4531 2687
4531 1506
4531 2191
2049 2701
2049 1779
2049 4289
2049 4532
2049 3460
2049 818
2035 25
2035 2053
2035 4533
4534 701
4534 4240
4534 4512
4534 4535
3588 1541
3588 1810
4536 2835
4536 4053
4536 1126
4537 4538
4537 3490
4537 2163
4537 1436
3567 1181
3567 2492
3567 4539
3567 2405
4540 4541
4540 4542
3028 2700
3028 3468
211 2521
211 3216
211 2529
211 2410
512 1403
512 4050
512 4331
1331 529
1331 4049
1331 1172
1331 193
1331 687
1331 4543
4060 228
4060 3079
4347 3288
4347 4539
4347 261
4347 1275
4347 3730
4003 2894
4003 2582
1586 588
1586 1465
4544 4545
4544 2514
4544 954
4544 3078
3435 1077
3435 2330
3435 1567
3435 4412
4546 2227
4546 4071
3292 1947
3292 4547
3292 3041
3292 340
3292 3944
3292 4548
1151 3528
3337 4328
3337 2744
3337 1714
1137 1245
1137 4549
1137 1343
2567 3502
2567 2396
2354 3689
2354 717
2354 2513
2354 3728
4042 4550
4042 2461
4042 2141
4042 52
2730 2858
2730 238
1205 2514
1205 1956
1205 3763
1205 2111
1205 2445
1205 3892
4031 1978
4031 4001
4031 2014
163 3984
163 39
163 1188
163 4551
163 1994
1955 3173
1955 4552
1955 3650
565 1904
565 4553
565 3107
565 4129
565 354
565 3549
565 2549
971 4481
971 1488
971 1386
971 3568
971 4554
126 1875
126 4340
126 4555
126 3397
1540 4556
1540 284
1540 4557
2187 2760
2187 3335
2187 4354
2187 4558
1508 638
1508 627
1508 4518
1508 3178
3560 2577
3560 110
4559 3297
4559 4379
4559 4560
4559 2241
3794 2427
3794 4561
3794 4211
3794 469
3794 4562
4563 2687
4563 2704
4563 4329
4563 2163
1332 4564
1332 4565
1332 2808
1332 2199
1332 1126
1505 4532
1505 4249
1505 4157
549 3767
549 4117
4526 536
4526 3314
4526 611
118 212
2031 1292
3509 2491
3509 4566
3509 797
3509 4567
3509 4281
3146 3112
3146 1506
3146 3114
2893 280
3791 665
3791 2222
3862 2125
3862 1146
3862 2986
3862 4263
4568 710
4568 4174
4568 1300
4568 2437
4568 4120
4568 4265
3155 4569
3155 4334
3155 3169
3155 1994
2561 158
2561 1011
2561 2457
2561 1119
2561 4567
2285 3576
2285 3595
2285 4570
2285 2961
2285 4571
119 924
2068 4036
2068 4498
2068 3656
3855 4572
3855 1001
3855 291
3855 201
3855 4043
4573 3297
4573 2943
4573 471
260 4368
3087 311
3087 3358
3087 1120
3097 2952
1629 4354
1629 3985
1629 689
1729 4574
1729 1100
1729 3119
4004 4575
4004 1697
4004 2204
4004 2572
4004 3638
4424 3587
4424 3025
4424 4576
4424 4577
4424 3314
4424 3650
3848 2866
3848 4172
3848 3905
3848 1012
3930 823
3930 1288
3930 4097
3834 447
3532 2027
1640 1238
1640 4578
1405 967
1405 2117
2335 4380
2335 2316
2335 2025
2335 1354
2427 3821
2427 4579
2427 3506
2427 4580
2580 1237
1713 2126
683 3171
683 394
683 1409
4493 1345
4493 4581
4493 1497
4493 1890
4493 1506
2027 4052
2027 4582
2027 3680
3864 2346
3864 3
3864 3186
2760 2844
2760 2227
2760 949
2760 2157
2760 4583
3364 4368
3364 1163
3364 1723
4584 2148
4584 4572
4584 1581
4584 1294
4584 4585
1261 4586
1261 4061
4107 147
1255 1980
3879 3735
3879 3522
3879 2343
3879 1701
3879 4587
4561 3755
4561 3898
2562 495
2562 1533
2562 2661
3150 481
3746 74
3746 2017
3746 4588
3746 261
716 516
4589 2555
4589 1306
4589 2948
4589 2164
1256 3153
1256 560
4208 592
4208 1001
2643 4091
2643 3619
2643 1139
154 4590
154 2290
154 3621
2439 4591
2439 2757
2439 509
2439 4103
1826 384
1826 697
3574 4592
2742 3920
2742 2931
2695 2083
1406 4038
1406 3795
1406 218
1406 4437
1406 4192
74 906
74 2053
74 4000
701 3936
701 489
2737 1687
2737 4565
2737 3569
2525 4254
2525 2795
1922 4550
1856 4050
1856 164
338 4593
338 3060
338 4344
338 3580
4594 2125
4594 1311
939 1257
939 1081
939 3779
939 4092
939 3228
2535 2393
2535 434
2559 2145
2440 3604
2440 3687
2440 60
1531 1565
3865 1201
3865 2943
3865 4497
3865 926
3865 3161
1339 497
3853 3510
3853 1846
3853 233
3853 4035
2282 4519
2282 4059
2282 561
4474 4134
4474 2198
4474 618
4474 4293
4474 568
155 1603
155 3464
155 1702
155 4595
155 1818
3157 3897
3157 4194
3157 4596
3157 1714
4030 4597
4030 2309
4030 576
4429 4242
4429 120
4429 3875
4429 3185
4598 440
4598 3354
2326 4599
1446 993
1446 1412
1446 1215
3967 4600
3008 4588
3008 1003
2376 2283
2376 832
2376 1886
2376 268
4005 4061
4005 3606
4005 164
4005 4087
4005 238
4527 2924
4527 3055
4527 3900
2545 4083
2545 865
2545 4601
2545 174
1502 639
1502 711
1502 1418
1502 3506
1502 2599
4602 3829
4602 1467
4602 920
4602 608
4362 2250
2648 2156
2648 1360
2648 762
2648 1603
2648 4047
2648 3431
2648 2663
2648 2013
2648 2171
4142 1357
4142 3212
4142 763
451 311
451 2840
4480 3841
529 2188
529 4407
529 3482
529 3795
3188 3018
3188 1475
3188 3489
3188 1676
3188 2290
3188 1527
1860 4603
1860 4604
1860 1139
1860 4062
1860 2869
1860 2563
1860 2449
3189 4605
3189 4606
3742 3129
3742 4607
4211 4504
4211 4047
2916 3772
2916 1058
2916 2197
2916 889
2916 4047
309 2608
309 4608
2036 3212
2036 3531
2036 1818
2765 2448
2765 885
2765 3342
3982 948
3982 4609
3982 3193
3982 3506
3982 1736
3982 2014
792 1706
792 3253
792 1857
792 393
3044 3030
3044 4610
3044 4428
3044 3669
3044 4212
3044 2292
4611 3226
4611 4612
4611 2292
4611 3883
4613 4579
4613 2748
4613 4124
4613 2984
4262 2572
4262 393
1836 2492
1836 3806
1836 4600
1836 4614
4615 4616
4615 1167
4615 2898
874 2966
874 2262
874 3342
874 343
874 4491
3433 4258
1665 4617
1665 1358
1665 3136
4618 2958
4618 3151
4618 665
4618 2947
4618 4619
4618 3886
4138 2058
4620 1606
4620 1271
4620 321
960 4621
960 1686
960 4394
960 575
960 2264
960 4622
2328 2258
2328 3665
2328 2222
4171 523
4171 1857
4171 2515
4171 889
4171 4623
4171 681
323 3152
323 4120
323 4048
553 584
553 3383
553 3477
553 3605
553 2498
553 1724
553 1109
1345 2655
1345 3250
4173 875
4173 3304
4173 2715
4173 3926
4173 1994
3690 1662
3690 2582
4105 1396
4105 1328
2148 850
2148 3131
2148 1575
4624 1570
4624 743
4624 1038
3718 2138
3718 1223
3040 3211
1695 4108
1695 3489
1695 201
4242 772
4242 3971
1947 894
1947 967
1947 3375
1947 3962
1919 3900
4625 2784
4625 237
4626 4383
4626 3962
4175 2332
3030 1125
3030 4627
3521 3162
3521 3686
3521 628
3521 332
1682 3747
1682 3901
1682 3881
1682 2532
2096 1025
4416 2701
4416 1315
2021 4513
2021 2384
3003 2182
3003 3483
3003 2711
3003 1811
3003 212
3003 2449
3312 2666
3312 3844
4307 181
3984 2794
3984 914
347 928
347 1675
347 2749
3611 2053
3611 1038
2906 1389
2906 3843
3777 1269
3777 4083
3777 3630
3777 4088
3777 3797
2214 324
2214 4270
2644 2390
2644 2399
2644 2112
2644 2037
2491 2637
2491 617
2491 3756
2491 4325
2491 4628
2491 3536
3897 272
3897 4629
3897 575
3897 1419
146 4532
318 251
318 2303
318 4630
318 4226
120 730
120 1653
2123 399
2123 728
2123 4448
2123 2348
2123 751
2483 3989
2483 2091
2483 1096
2483 2896
2483 3497
2976 4631
2976 4172
319 2790
319 2423
319 4632
319 1465
1484 3828
1484 4286
1484 4601
1484 2241
850 3644
850 3128
850 1724
850 4605
4288 3992
2756 1898
2756 2215
1257 4633
1257 3781
1257 3838
4356 647
4356 3316
4356 2287
4356 4634
4635 2815
1393 743
1393 1358
2813 3211
793 4327
793 3423
793 3489
1340 3108
1340 3235
1340 4636
1340 4120
1077 3614
3219 3390
3219 1510
3219 3923
3935 3710
4637 34
4637 3173
4637 412
4637 26
4637 2934
1606 3547
1606 1058
1606 974
1606 2731
2 913
2 2208
3504 4638
3504 3500
3772 4639
3772 4508
1403 228
1403 158
1403 4353
1403 4332
1403 4482
1403 3406
4640 4641
4205 3730
1837 1389
1837 428
1837 4642
1837 1722
1837 1744
999 1305
999 3926
3733 1670
3733 3057
3733 4643
3733 4644
4645 4165
4645 1914
992 2207
138 3869
138 268
138 1165
1181 1389
1181 2953
4638 4396
4638 2397
4638 4041
4638 4646
465 4415
465 471
465 4471
465 1651
465 2330
3671 3662
3671 2708
2923 3895
4647 4569
4647 3915
4647 1341
4647 3518
4647 3055
4639 561
2355 1857
2355 3717
2355 2578
2355 4648
2237 1940
3327 3072
3327 2621
3327 2556
3327 1999
3327 3212
4649 2975
3691 4181
3691 912
3691 2812
3691 3971
1934 290
928 4286
928 2313
928 466
928 4168
4650 4539
4650 2776
4650 3141
4610 3789
4610 4651
3372 1443
3372 2536
1717 4316
2181 1417
2181 4604
2181 4092
2181 4434
2181 1697
3614 1904
3614 754
3614 660
3614 273
1964 3115
2251 3128
2251 4481
2251 3996
2251 4230
2251 599
2251 3438
3474 4652
3474 1720
3474 4653
3474 2379
4654 1229
4654 1673
4654 4655
4654 1811
4656 3065
4656 1688
4656 1736
4656 4290
4656 183
4657 4658
4657 4659
4657 499
4466 1503
4466 3757
2833 2687
2833 4267
2833 4364
2833 3395
2833 369
2114 742
2114 4660
779 232
2364 665
2364 1372
2364 1215
2364 1588
4503 4058
4503 4661
4503 3483
2341 1278
2341 574
4662 1172
4662 3876
4662 1537
3998 2116
3998 4001
3998 357
4663 554
4663 1163
50 582
3554 3454
3554 2666
3554 3425
3554 1886
2132 2218
2132 4664
2132 2113
2132 588
1775 63
1775 2968
1775 2812
2269 433
2269 3297
2269 3581
4665 1184
4665 16
4665 217
4665 29
4665 1853
4665 4265
4251 597
4251 2577
4251 4136
4049 4436
2270 3579
2294 2346
2294 4037
3098 3511
3098 3256
3098 1885
2258 4504
2258 2009
2258 2219
2258 624
2346 3571
2381 2279
2996 4666
2996 1307
2996 847
2996 3552
911 3422
911 4667
2920 2287
2920 4668
2492 3728
2492 3841
2492 1086
4669 35
4669 4582
4669 950
433 1707
3619 2915
1974 2062
1974 1675
2412 889
2412 3336
4586 1780
4586 4281
4079 3424
4079 600
4670 4671
3534 3589
3534 3253
3534 3152
3534 2557
3586 653
3586 1832
3586 4509
3586 290
3586 2795
3586 1083
3586 2025
3586 2057
4672 4673
4672 3056
696 4674
696 1810
696 4675
3401 635
3401 2164
3368 3082
3368 2023
3368 4198
3368 1207
1926 672
3913 3850
958 3454
958 816
4148 4567
4108 4676
4108 4668
646 4627
2182 3
2182 4471
2182 2663
2182 4677
1398 4564
1398 3297
1398 2479
1398 481
1398 3501
495 2184
893 2252
893 4437
893 3245
4508 967
4508 1720
4508 3680
4508 1306
4508 4678
4508 4000
2428 3428
2428 727
2428 1573
1050 4333
1050 3349
1050 127
1050 3354
3755 4436
3755 3132
3755 3844
3755 226
2076 3547
2076 71
2076 2929
2076 3015
4110 3477
4110 974
4110 16
3644 1667
2154 4309
2154 2810
2154 2292
2154 1538
3275 929
3036 2856
3036 4215
3036 2859
1641 4679
1641 4297
1641 4502
1641 4437
1641 3218
780 4621
780 2917
780 4158
4134 2845
4134 4680
3740 4221
3740 4681
3740 4682
3740 4425
3740 306
3987 2194
3987 4550
3987 3995
2958 242
2958 2582
3418 1497
3418 1299
3418 4683
3418 2645
3418 4684
4564 4476
4541 2666
4685 3884
4685 1841
1245 2851
1245 4328
1245 2990
1245 3549
1245 2804
2393 4686
2393 4591
2393 1862
2393 4687
530 3914
530 1152
530 4688
530 4689
4690 953
4690 2716
4690 2102
1503 349
1503 661
1503 3635
4691 4136
4691 3305
4691 2523
1684 4040
1684 1707
1684 4692
1684 1858
582 2283
647 286
3356 4693
3356 748
3356 4050
3356 4694
3356 3670
3356 3652
3356 3960
1559 2895
1559 2881
4028 649
4028 4372
2637 1578
2637 4327
702 3667
702 3072
702 4453
702 378
702 3771
702 1372
702 4695
702 4696
702 1370
251 4034
251 368
251 1657
4467 743
3798 24
3798 75
3798 1429
3798 90
4621 24
4621 3173
4621 513
4621 3654
4621 1158
4621 1125
3328 2572
1443 458
1443 168
1443 2749
4442 4697
4442 2219
4442 4698
4442 4699
3319 4177
3319 659
1882 252
1882 4375
1882 3833
3124 4036
3124 4212
3124 610
3124 3419
3124 1409
3124 2983
4700 2004
1333 1056
1333 524
1333 2606
3151 484
3151 1755
3151 4636
3582 1293
3582 149
2520 2061
2520 2762
2520 2003
2520 2104
2520 3621
4597 3747
4597 9
4597 889
4597 3606
4597 4701
4415 3558
4415 4689
132 1485
132 481
132 2410
132 3397
132 11
4702 3192
4702 3226
4702 4703
2248 4704
2248 4165
2248 3881
352 4705
352 1174
1866 1542
1371 4511
1371 4325
1371 3571
1371 4029
3821 4706
3821 2343
1706 4707
2155 4349
2155 4605
252 4708
252 4274
252 4578
252 2170
252 3963
252 4709
252 1945
3587 3957
3789 2844
3789 3543
3789 2835
3789 1913
3789 2102
3789 2279
4710 1390
4710 672
4710 3646
710 454
710 2560
710 2862
2822 2246
2822 160
2822 1527
2822 4321
2822 3993
353 3734
353 2536
353 3298
353 942
4711 4712
4711 531
4711 1635
4713 149
3322 1850
3322 4539
3322 4038
3322 1943
3322 4451
3322 744
3322 1813
14 994
4324 4714
4324 3842
4324 3108
4324 860
4324 3412
4324 4715
4324 3273
1081 4694
1081 3730
3751 2975
3751 379
3751 2557
3751 687
3751 4259
3288 2772
3288 2279
228 3542
228 4346
2527 4716
2527 4034
2527 3228
2527 3541
3476 1008
3476 4717
3476 343
3616 4032
4718 1229
4718 5
4718 3857
4718 1533
1624 1671
1624 2337
1624 2410
1113 4553
1113 4327
1113 1504
2303 4719
4716 3160
2843 3947
2851 4720
2700 1692
2700 4721
4223 2801
4223 4426
4007 2862
4007 4187
461 3781
461 4022
461 4346
4045 434
4045 2271
4045 4722
4045 2061
4045 2198
2286 261
1904 4309
59 4723
59 4557
59 2321
3936 4400
3936 2332
4495 4724
4495 2719
3120 37
3120 1952
794 2417
794 3390
794 3392
2017 1893
2017 4676
2017 2572
2017 3388
3167 3809
2630 1718
2630 267
2630 1762
795 4725
2386 2918
2386 2168
2386 2919
2386 2313
2386 2572
4726 3478
906 676
906 3185
906 1643
4630 566
1006 1334
1006 3236
3329 1809
1474 386
1056 2183
1056 3175
1056 4727
2894 3799
2894 3301
2894 587
1352 4572
1352 2808
2696 766
2696 1104
1670 1744
1670 4270
1633 2448
2617 39
2617 3946
4221 1319
4221 4318
4221 4728
4221 3448
4036 2771
4036 925
4036 3892
4572 2619
4572 1038
2649 4146
1850 4059
2416 4729
2416 3697
62 3316
62 3106
62 4730
62 730
3128 2904
3128 4456
4731 4732
4731 1570
4731 3833
4731 1701
3351 4538
3351 409
3351 2537
3351 1278
3351 2445
3351 1533
3351 2054
3351 576
1692 985
1692 4733
1692 499
487 3938
487 1481
487 4565
487 3490
487 4734
310 2549
310 3323
2032 4735
2032 285
2032 719
2032 1582
1212 4717
1212 698
4520 4736
4520 1553
4520 2647
34 4684
1685 2110
1685 4619
4538 3429
4538 909
4538 1668
4538 2215
4538 4737
4738 2183
4738 38
4738 736
4739 4740
4739 1003
1861 926
760 1642
760 1604
3734 1230
3734 4436
3734 2810
3734 1571
3734 854
216 4708
4411 3743
4411 4741
4411 2692
4411 2547
4411 4023
2109 1269
2109 4194
2109 4692
2109 817
2109 599
2109 1458
4135 4742
4135 3584
4511 3978
4511 3544
4743 2283
4743 2841
2555 653
2555 3547
2555 1544
4744 4234
3722 2549
4652 3082
4652 2086
2356 2110
2356 811
1941 469
1941 4745
1941 2125
1941 4746
953 3673
953 1617
953 56
3463 378
3463 989
3463 1024
3463 2785
3463 4747
972 4450
972 4131
972 3969
2183 1910
2844 1765
2844 4153
2844 2901
24 1469
434 2651
434 4158
434 267
434 2004
434 4016
3727 915
3914 2100
3914 3851
3914 1643
4603 537
469 2701
469 4224
469 1342
469 1756
469 43
4748 1675
1541 229
1541 1666
1541 4590
1541 608
2771 3450
2771 1596
2304 4749
2304 2993
984 1554
984 690
522 232
634 768
634 468
4750 4751
4750 3519
4750 2486
2203 1139
2203 4752
2203 1265
2203 3971
4679 4683
3779 993
3779 3859
3779 707
4693 865
4693 654
4693 4753
2789 2651
2789 1300
2789 915
2789 1370
879 3838
879 4166
879 2405
1229 1202
1229 4016
4481 1213
4481 2731
4481 1412
75 3829
75 1966
75 4361
3667 3996
3667 2510
3667 2646
4239 4754
4239 2480
4733 4395
4733 2408
4733 4755
4733 755
4733 3621
4756 4050
4756 4719
4757 3081
4758 1578
4758 242
4758 1697
4758 273
3385 2309
3385 3564
3385 4167
3385 300
857 4381
857 1998
857 2152
857 3697
2448 4243
2448 4759
2448 2383
2448 4760
2448 2179
2448 4293
4761 4762
4761 4609
4761 846
4761 3136
4761 3094
4617 987
898 4032
898 3501
4763 4055
4763 4764
4763 4035
3428 4418
3428 3577
4283 3383
4283 1293
4283 1616
4745 2241
3065 3900
584 1195
4658 2867
4765 78
4765 2557
1262 3073
1262 3803
2305 1082
2305 3764
3249 4174
3249 823
3249 2399
3249 4470
3249 3962
3249 3438
3249 603
3249 1663
3249 2716
3249 3412
3249 3572
1157 1671
1157 3314
3813 4766
3813 925
3813 690
139 1981
139 4067
1776 290
3181 2791
3181 4159
2650 4767
2650 2709
2650 2864
2650 537
2650 1763
2650 669
246 4722
246 4455
246 4125
246 4133
246 2171
1016 2445
1016 3354
363 2370
363 1456
363 4249
4132 3369
2387 4751
2387 4112
2387 3130
2387 2348
1490 2498
1490 1771
2417 4768
3051 2390
3051 4189
3051 3031
993 1796
993 4769
993 299
993 4484
993 4376
348 4770
348 2638
348 1087
1428 4254
1428 2794
1428 1300
1428 3506
1250 2810
1250 657
3045 2969
4771 4050
1454 3589
3382 168
3382 4109
3382 4772
2115 3692
2115 827
2115 1992
2115 1188
2115 2359
2924 2400
2866 648
585 4074
585 1858
585 3407
1206 3082
1206 4773
1206 3330
1206 3646
4581 4774
4581 2869
2188 1892
2188 1565
2188 787
665 4395
665 599
665 2968
665 3541
1337 2358
1337 986
1337 2983
1337 3666
1337 2974
875 3202
875 2336
875 3479
875 3515
1718 3744
3517 2780
3517 4775
3517 3314
4729 4776
4729 1755
4729 2511
3457 4452
3457 2551
3457 881
102 1037
102 3992
102 192
102 4687
1389 676
1389 3531
1389 2979
1389 1363
3405 202
3266 2331
3266 3440
3266 3857
3266 4136
3266 4533
3266 2646
3266 1993
3266 2599
3081 1091
3081 4695
3081 755
3081 750
3081 1038
311 4162
4504 4083
4504 4708
4504 2590
4504 889
4504 1243
4504 2014
3546 1560
3546 1809
4777 648
3072 2273
3072 4029
3466 1319
3466 4578
2701 4778
2701 124
924 2162
924 1979
924 4240
924 1321
617 4080
4616 28
2429 4779
2429 719
2429 268
2166 801
2166 761
2116 1390
2116 201
2116 243
2116 56
2116 4737
4780 4781
4780 3468
4780 4782
4707 1747
4216 2986
4216 1858
4216 769
4216 4384
4459 4405
4459 2599
2271 4315
2271 4783
2271 2293
364 230
364 4676
94 3276
94 3926
94 2200
4592 2471
4592 4784
4592 1237
2309 1315
4766 225
4766 4642
638 666
638 290
638 2436
4123 332
1965 727
1965 4261
1965 2278
2624 2389
2624 761
4785 3531
748 1838
748 3710
4155 3257
4155 1915
3394 1195
3394 4636
3394 3657
4786 4500
4786 2921
4786 2493
4786 4015
4786 3666
3316 4784
3564 2982
3564 4001
3564 3108
1686 1820
1686 3459
2845 4683
2845 574
894 3571
3827 2343
1274 966
1274 2313
4574 3802
4574 801
4574 1607
4593 242
4450 1103
4705 4428
4705 4787
4705 1360
4705 2718
4705 4409
4705 3488
4705 817
4705 2509
4705 3568
4705 2425
4788 2953
4788 4789
4788 4790
4788 3527
523 4025
523 767
523 4532
523 343
523 613
3422 3338
3422 1747
3192 1517
3192 3662
3192 4089
3192 4646
4767 653
4767 1196
4767 2501
4052 803
384 4484
384 3472
3784 3488
3784 4068
3784 3642
935 3628
4545 3951
4545 1270
156 2670
156 2480
156 2379
4579 1011
4579 3992
4579 3158
4579 4510
1517 1275
1517 3136
4280 4370
4280 3600
1082 2691
1497 4050
1497 1104
1497 4644
1497 4192
445 236
445 3697
1978 3061
1978 4791
1978 474
1411 4773
1411 91
3450 1544
3450 4792
1485 4673
1485 876
1485 3795
1485 79
4539 4793
4539 4794
4539 4203
653 3890
3276 37
3276 4335
3276 3832
3276 575
1031 3921
1031 428
1031 2984
3381 4063
3381 2711
3381 3697
2710 2943
2710 2743
676 1101
676 2003
676 217
676 3136
676 10
2687 3018
2687 4565
2687 768
3556 1780
3556 3572
1201 4787
1201 4651
1201 2693
3593 3468
4308 4237
4308 776
4308 3501
1905 1269
1905 1609
4058 3838
4058 3306
2012 1560
2012 697
2012 4315
2012 2762
2012 3373
801 4795
801 1857
801 618
801 3004
1195 1309
1195 3715
1195 3706
2513 3649
1560 1832
1560 77
1560 1197
1523 3293
1523 2549
1523 3634
312 1608
312 4796
312 4518
312 3863
312 4641
157 4277
157 2578
157 4797
844 3528
844 4798
844 4440
844 3634
1989 3921
1989 2389
1989 3951
1989 4065
1989 238
3383 4365
2145 1000
2145 3736
1687 2947
1687 4799
1687 603
4380 1327
4380 2384
4380 1588
4722 399
4722 4111
3829 25
3829 103
4055 3147
4055 4659
2184 446
2184 4800
2184 473
2184 2896
2184 3134
2184 4595
4231 3483
4231 4254
4231 3479
4231 3871
3 4609
3 509
3 3596
3 2870
3 907
1455 761
1455 320
4181 4082
4181 3637
4181 4165
4181 4328
4181 1610
4181 1509
4801 4674
4801 3055
470 2757
3224 3576
3224 3074
2780 4770
2780 67
4802 3842
4802 4286
4802 962
4802 1756
1688 38
1688 672
1688 4336
3510 1615
3510 4391
597 4256
597 1984
2162 1610
2162 3491
4245 4434
4245 4803
4245 3153
1324 1821
3195 2608
3195 4521
4050 3018
4050 1310
4050 3539
3627 3313
1867 1668
1867 2811
1867 2886
3604 4327
3604 3478
1414 122
1414 4275
4038 4287
4038 4136
63 4358
63 3571
63 4804
4395 1998
4395 1538
3171 2471
4243 1719
4243 3951
4805 60
4805 4119
4724 2915
4724 4100
2568 368
2568 4803
4086 3483
4086 219
4086 4653
3018 3693
3018 4806
3018 4391
3018 3626
3018 3839
3018 3447
3060 2992
3060 4807
3060 77
3060 4384
4808 2918
4569 2727
2465 950
3921 1017
3921 3447
4233 1026
627 3710
627 4168
3297 3946
3297 3993
2077 2396
2069 668
4061 39
4061 4692
4061 4470
4061 2639
666 1948
666 3115
4809 4012
4809 3348
4396 4810
4396 2025
4396 914
4396 4397
4396 4648
3547 4199
3547 1083
3547 4811
4428 2639
4428 4812
4368 4813
4368 4814
4368 4483
4815 3313
4815 531
2370 1587
2370 1553
2370 989
2370 1342
4446 1238
4446 1810
4816 3762
4816 480
4816 3535
1727 4764
4817 1771
2965 2881
2259 974
2259 3996
2259 3866
858 4224
2576 4793
2576 147
2576 4753
2576 43
1218 2563
4389 3431
225 232
225 2666
3806 1578
3806 3370
3806 3773
3025 4246
3025 1666
3025 1567
1759 230
1759 2023
35 1893
35 865
35 4298
2969 3571
2969 2117
1094 299
1094 2625
1094 480
428 2982
428 3235
1269 3704
1269 3750
1269 560
4040 4818
4040 147
4040 1569
1417 207
1417 3595
1417 2803
3565 247
3565 4819
3565 4820
453 2218
453 1422
3173 4500
3173 4112
3173 2382
3173 2870
3451 290
973 4553
2394 3147
2394 4212
2394 4821
2394 1588
598 3112
4500 543
1251 3143
4751 4634
2470 3185
2477 3113
2477 1847
1838 4372
1838 4782
4822 4309
4822 1293
4822 2383
4822 2024
4822 272
4822 274
3723 600
4267 2609
4267 2232
4381 3279
4381 4823
4381 2443
4381 3323
1900 4824
1900 481
1900 4014
1900 4329
3196 3815
3196 1596
3196 95
3196 4293
3196 2847
3196 1476
3956 2104
229 1184
229 187
229 394
2952 886
36 4328
36 3559
36 2661
4666 3488
4666 2083
4666 3584
4787 2609
4787 3480
4787 3416
4787 3515
4787 576
961 4488
961 466
961 4433
4825 2388
4825 3605
4825 3999
4825 4543
4825 4812
4704 4582
4704 4749
4704 2462
488 2577
488 852
488 4810
488 3031
966 3703
826 3589
826 4128
826 2963
133 4487
133 1616
133 657
3082 4826
3082 4533
3082 3539
158 3479
158 1915
158 1756
158 2014
543 2872
2981 3634
2619 3881
4827 2982
4827 4828
4827 4562
4827 4829
1845 4828
3876 4830
4519 3148
4519 4831
1587 4832
1587 1956
1587 3839
2506 3515
4773 3110
4773 4552
4082 3347
4082 1991
4082 3617
4082 2946
3409 4795
3409 1221
25 4158
25 744
25 127
3211 4725
3211 608
3338 3589
3338 1468
3338 271
4759 1571
4759 1372
4759 320
2784 4833
2784 1027
4402 2389
4402 3280
4402 2956
3390 1115
3390 3235
3390 612
3390 962
4174 809
4174 2442
4834 3535
1145 2414
1145 763
1130 4451
1173 754
1173 1214
3877 2581
3877 4667
2781 974
2781 538
4513 3112
4513 4199
4513 1581
4513 1914
4513 1643
4835 141
3637 1095
3637 3635
2917 4836
3989 3710
3989 2744
3989 275
454 3735
454 3692
454 3182
454 613
3735 1341
3735 4344
3735 4837
3735 3717
3735 4263
4582 3455
4582 1581
4582 4667
2546 247
1796 1230
1796 2811
899 686
2932 4824
2932 1770
2932 4701
936 3088
936 1672
4736 4558
4736 1664
513 2621
513 4838
513 4156
513 4292
1366 1755
1366 769
1366 4696
1366 4606
4839 1294
4840 3979
4840 2639
3378 2081
4464 378
4686 2598
3692 2738
3692 3055
3692 4247
3692 1643
4237 3576
4237 28
4237 1252
4237 4841
4237 2013
573 4842
573 2418
573 1910
3915 3222
3915 4037
4547 3301
4547 4443
4547 2396
4547 4843
2685 399
2685 4212
2685 3715
2685 4103
1975 4491
697 4226
1615 1360
446 480
446 4305
446 1664
4553 612
4553 3349
3317 3495
3317 3506
3317 895
3317 3569
1901 1514
1901 1664
4844 1572
4844 1781
1167 796
1167 3995
1167 4797
3793 2111
3793 4542
4845 4325
4845 4219
4845 2379
2156 2125
2156 1608
3455 640
3455 1152
3455 4209
2249 4008
2249 1238
4633 3101
4631 662
3233 1296
3233 2157
3233 688
3233 3559
3233 3366
4083 2494
4083 1697
4083 1165
1642 2716
1642 3745
2218 3291
2218 1003
2218 1818
4732 783
241 1252
4846 2194
4846 1704
2388 4714
1779 3662
1779 3904
1779 232
1779 4847
4776 1948
4776 91
2943 1415
1488 3705
3073 1542
3073 3893
3073 3571
3073 592
3073 699
4566 4782
4848 2484
3743 4833
3743 1086
2521 1910
3668 472
3668 1653
3106 3108
3106 2526
4849 230
4849 1407
4849 1468
4849 3373
4849 1811
1575 2977
1575 1993
1575 4156
399 1673
399 2986
399 3866
399 1053
399 1448
399 4595
3522 1187
3522 4510
3522 3235
3522 2720
809 635
809 1543
809 4850
809 4851
809 3851
4095 3839
4095 3962
4095 429
4345 2342
4345 480
2982 159
2982 4852
4661 3650
1183 600
1183 4485
536 4096
4714 832
4714 4080
4714 4853
1456 767
1456 4678
1456 1847
1456 2872
4854 2875
4854 324
4854 2320
4854 620
289 3654
289 2054
289 213
3112 4161
3112 3285
1091 4855
2124 2409
2124 3324
4576 2670
4576 989
458 4348
458 2009
1832 4201
1832 1736
1832 3307
1832 2449
2921 2814
2921 4856
4673 1300
4673 1149
4673 2639
4673 4331
1734 2436
1734 3354
3202 1247
3202 1165
4455 1543
4455 1095
4455 3152
4455 4857
4455 183
336 4742
2793 2718
2793 912
2793 1668
2793 1164
2793 3229
2460 1026
2460 750
4800 2253
4800 2048
3693 4858
3693 1636
2818 4327
2818 4063
2818 686
2818 4119
2818 4859
4860 4583
4860 1370
827 4562
1184 2829
3759 2283
3759 3115
1898 2486
1898 4847
1367 3253
1367 2238
1367 4585
1230 1372
2316 2347
2776 2551
2776 3726
3500 3190
3500 2458
1196 1524
1196 3991
4294 3121
4294 3256
4294 3286
4165 974
4165 218
4165 3374
3654 3464
3976 3999
3976 4535
3976 2915
3976 1544
3976 4853
1309 3898
3738 1063
3738 4735
3738 2625
3738 3990
3738 499
4861 3762
4861 4146
4861 2778
4861 2993
2621 3655
2621 2359
2621 324
766 2403
766 3860
3767 2484
3767 3440
1385 4092
1385 2526
2801 4530
1063 1213
1063 4360
1768 1694
4235 704
4235 900
1296 4753
1296 4141
1296 233
3429 678
3429 1942
3429 2549
4862 231
4862 1009
4862 29
3163 2973
4863 1101
4863 4864
4863 3473
3938 2570
3107 2314
4865 342
1360 4795
1341 1125
677 989
677 2719
4436 2940
4436 4384
4436 4866
3605 3118
3605 784
2977 4867
1011 4604
1213 3365
1213 4285
1893 2112
1893 4643
3728 4708
3728 4209
3903 3164
3903 1299
3903 4249
3903 3928
1765 4418
1765 1697
1820 255
1820 3595
1820 4476
1820 629
4334 2962
4334 4199
4334 2613
4334 4412
1671 755
1671 4607
2086 2494
2086 2870
2577 4451
2577 268
974 2446
3628 2704
110 207
110 2006
3057 3640
3057 2052
3057 3736
3057 4015
648 2871
648 343
648 3929
4721 4339
4721 2347
4721 1002
38 3869
38 3699
1646 4224
1646 3785
1646 3985
1646 2293
2704 4394
2704 2264
967 4868
3262 4482
3262 1657
3262 4595
3968 1956
3968 2904
3968 620
3968 3892
2670 2396
2670 996
4869 4484
3747 1019
3747 744
3747 4699
2992 1810
2992 4747
4111 4655
1578 3391
1578 4071
1998 2149
1998 3452
1998 915
3676 4151
3676 3439
3676 3094
3676 3697
2100 2291
2100 4595
2718 3357
2078 1663
2061 1940
2061 4870
471 1000
471 3939
471 4871
3815 3669
3815 608
3815 2253
3815 4872
2738 2110
2514 3756
2514 3216
2514 1243
2514 4183
4126 4340
3352 1942
3352 1223
1579 3839
1579 4873
1579 3336
1940 4313
1940 2993
726 2796
726 1266
4409 4261
3160 641
3160 749
3160 3826
3160 4874
3279 2072
3279 2331
2479 339
2479 4418
2479 3285
2479 525
4793 3542
4793 3079
230 926
703 743
703 3396
3542 3714
3542 2138
3542 769
3542 3273
2457 2852
2457 4695
2457 3837
4315 3478
4315 4217
4315 2772
4315 4044
2062 1319
2062 2929
2062 4804
2062 4013
975 2149
975 2009
3190 3445
2227 920
2023 367
2023 4875
4876 2003
947 1598
947 1164
947 237
947 3572
1976 1104
1976 3954
1017 876
1017 188
2365 4838
2365 699
1780 1769
1780 2330
3101 4400
3101 4379
3101 1915
3101 332
2272 1468
2272 4349
2272 4627
3147 4708
3147 1537
3147 2169
3358 4353
3358 994
4112 1220
4224 4877
4224 4605
4229 698
4878 4601
4878 3571
4878 3353
4674 1801
4674 3445
3756 2000
1481 3365
3088 71
3088 2238
3088 4692
3088 3290
3088 3031
4001 219
4012 3839
4012 4228
4012 3570
4879 2581
4879 4382
4879 4628
4879 3366
4453 2488
4453 1294
4453 475
1174 1363
3357 1795
3357 331
3357 2868
3357 3572
1100 1719
1100 4014
1100 4120
4708 4671
4708 2232
3518 730
3518 3807
3518 4880
3518 4881
2655 3397
4316 4166
4316 292
4316 3963
4775 1608
4832 2051
4832 1131
4832 4525
4832 1822
948 1139
948 4818
948 662
2070 4852
2070 4881
2484 4333
2484 3726
88 2930
484 698
484 1395
484 4882
4778 3594
4778 1676
4778 2204
3996 1536
3996 3440
2953 742
2953 1146
2953 2028
1018 1719
1018 2832
1018 490
4779 4177
4779 4062
182 4883
182 4256
182 4344
182 4884
182 449
182 4797
2807 2757
2807 4230
2807 4482
2807 4885
3488 592
3488 3168
2536 4505
2194 4089
2194 2914
2067 1581
2067 4607
4252 4119
1773 1152
3023 1966
3023 1307
3023 4352
1451 1735
1451 2409
89 3452
89 4687
89 4886
4806 3215
4806 2391
4806 890
4806 4554
3804 4887
3804 4372
3804 3094
2197 4887
2197 1797
678 1537
4309 473
4309 3832
1475 1536
1475 4470
1769 160
1769 1533
1769 498
1769 1636
1769 4419
544 1839
4 2515
4 331
4 218
4 4046
3365 4888
3365 4889
3365 1253
168 1543
168 4378
168 3773
4833 2261
4833 4098
4833 2599
3679 4578
3679 1902
3679 3572
2422 2471
2422 2253
1990 1749
4452 3139
635 3817
635 3724
3505 4286
3505 1554
2508 3389
2408 802
2408 604
1719 2814
1719 3576
1719 42
1719 4365
1719 1436
4838 3838
4838 331
2072 330
235 2261
235 4890
1948 1554
1948 4562
1948 612
1948 2870
1948 2946
2852 2774
4604 2774
1513 2697
1175 2230
1175 950
1175 1736
1467 103
1467 1828
1467 4891
2656 1853
2656 2946
2382 4823
1542 2715
1542 1573
2748 3139
2748 4276
2748 1524
4883 4892
4883 2047
2161 2441
2161 1674
2161 643
3594 1666
1872 1310
1872 2711
1292 1857
1292 845
1292 3958
2390 837
2390 763
4333 77
4333 3121
4333 2983
3284 2117
3284 2191
1124 4199
1124 926
1124 2803
1124 2872
1037 2702
1037 3430
4893 3323
2651 890
4740 1781
3091 3141
3091 524
3091 4321
640 2347
640 4697
3347 4577
2240 16
2240 498
2590 1570
2590 4565
2590 3031
2590 3245
4404 2045
4404 3809
4404 4498
4465 3995
4465 4016
4277 2853
4277 3680
4277 3169
3662 3366
3662 3963
2397 1395
2397 4646
2397 4133
2397 1763
1991 4885
447 489
447 4427
4364 1992
4364 4285
4364 3652
4327 4360
4327 2645
4327 3079
727 4627
3001 3717
3001 3830
266 2908
266 1141
266 4823
2762 4387
2714 3589
2714 1708
3703 4103
4198 4097
4550 2485
4550 3225
4550 847
3259 3161
3979 4391
3979 4098
3979 4894
2261 1981
1019 2401
3483 497
4144 2441
4144 4098
1543 1554
1543 4895
2347 3762
2347 4367
2347 2811
1242 4246
1242 9
1242 1694
823 1536
823 1890
206 1306
206 3245
2152 1109
2152 244
2152 4542
2152 3199
2152 1335
4008 4400
4008 3874
4008 2239
4008 2663
4008 1070
4008 3536
4185 3600
4185 4896
2178 1744
2178 2209
1119 3330
1119 1652
3953 78
3953 3132
3271 3694
1979 4193
1979 886
242 4247
242 1714
242 1786
736 2537
736 3661
736 3665
4375 754
4375 2008
4375 3652
4375 770
718 3026
718 4234
4807 1408
3589 1012
2398 3655
2398 4873
4591 889
4591 4600
4591 4580
1738 2880
1738 1992
4795 3799
704 4897
704 4120
2336 2051
1447 231
1447 2052
4417 3225
71 660
2471 1532
2471 413
2471 4803
2471 783
2471 4133
1319 3842
1319 3341
2597 4281
3640 480
3640 1677
3253 1812
4897 4753
1139 271
1139 1915
1139 604
2125 1696
2125 4587
2125 2255
3019 1334
3019 4270
3019 4898
4887 4034
4887 4899
4887 1002
4887 4022
4887 4329
865 467
4109 1532
4109 4872
4109 1792
4769 4900
3175 4022
3175 43
4034 4720
4034 2052
4034 4901
925 2517
925 498
3716 1966
3716 783
909 1265
909 3114
4902 1321
920 4273
3816 1214
3816 1677
3816 1662
3816 3887
1857 1565
1857 3496
1857 4903
3842 4782
4904 3468
4905 2238
4905 567
4905 531
1570 3039
1570 2782
2814 3606
4348 1435
4348 4694
4348 2232
4348 1841
4671 1749
4325 4438
4325 2263
4325 3015
4906 728
4906 2804
2515 2126
2189 3581
1747 4133
377 1409
377 3991
1356 1959
4194 1813
2045 4548
2045 2511
3893 3670
3893 3055
3893 3141
3893 1275
1378 2058
4907 4246
781 4636
781 1652
781 1960
781 4747
4246 3156
4246 3704
4246 3944
3046 4908
3046 2088
3046 3730
1651 3113
1651 124
2933 3113
3437 2863
3437 4873
3437 890
3890 686
3890 3161
4909 2606
9 1165
1504 2940
1504 2895
1504 4629
1795 1219
1795 1858
1795 1396
3992 3121
2441 2639
1720 2516
1720 1431
76 4720
76 4378
76 643
76 3652
76 855
4770 4821
4770 4456
4770 3374
3426 4358
4549 4039
4549 3403
1007 1135
1007 4013
4741 4383
4741 2681
4128 1064
4128 2485
4068 183
2330 2058
711 3694
711 1668
711 4192
4129 3301
4129 629
2880 164
2880 4684
2880 2000
4296 4910
4296 4823
2083 4784
2083 612
4487 1458
4487 4889
4565 3543
4565 1553
4565 599
4565 1723
4565 3750
4910 1207
4910 3491
4910 3797
2846 3495
2042 4911
2042 918
2042 3472
2042 111
4199 3600
4199 4847
247 267
192 4153
3495 976
2808 2446
3600 4609
3629 3439
4178 3511
4178 233
4178 890
1673 658
1673 719
1673 2405
2918 4488
2918 291
2918 4013
2918 475
4497 2250
4497 1568
4497 752
1674 1369
1721 3353
1386 39
1386 3054
1386 2541
667 2409
667 4831
3808 3506
3808 3290
889 3482
889 4632
4623 4118
4623 3502
4623 3032
4623 3237
1114 4341
1114 4868
1754 728
1754 3139
3943 3655
3399 340
3399 3652
4774 2835
4774 3110
3543 3635
2587 2130
284 4642
284 2705
284 4912
1407 4332
1407 481
1407 4913
1407 3826
4254 4842
4254 1431
4254 1334
3898 3568
3785 847
3785 4156
2955 448
2835 3323
3978 3744
3239 4335
3904 1657
3061 3606
3061 1326
3061 4059
3061 4651
3061 123
3061 2721
4742 1735
4742 4914
2287 1188
2287 977
2287 4043
2287 4098
1263 1222
4269 1581
2516 4884
2516 4847
2516 4882
1956 3540
1956 268
2907 331
2907 3962
2907 1598
2907 1053
2389 4013
2389 2948
2389 1419
1390 2867
1390 79
2149 4842
2149 1662
2149 3717
4318 3182
4850 169
4850 926
1952 4183
1952 4209
1666 1890
1571 4749
4642 895
1999 1149
1634 290
1634 3895
1634 3620
1634 2727
2584 3113
2584 2829
2584 2262
2584 895
2584 2526
231 1943
4344 4895
912 4189
3234 2238
3234 2164
3234 1563
2097 3736
2097 3220
207 3781
207 2763
554 1910
554 3963
1596 4562
1596 2608
2593 4609
2593 2613
2252 2443
4353 4855
728 813
728 4915
728 2811
4916 4917
4916 4346
4676 3216
3781 2157
3781 4790
3781 811
3781 2523
186 2886
1163 1647
4391 4772
4391 3056
3901 3656
3901 4918
3901 4571
3257 3403
3257 4209
1693 4668
1693 2292
3762 3617
796 16
796 2968
796 1469
796 1448
1553 4482
4668 2859
232 4032
232 649
3108 2403
103 285
880 1915
4784 4301
4784 127
2238 1363
2238 3056
4062 4434
4062 3207
4062 4636
1608 4798
1608 4607
4754 1536
3313 2087
3313 4697
2757 3513
2757 4919
388 313
388 574
388 2841
330 1910
2966 3665
2966 3438
1884 3250
3809 273
3809 4698
3809 3243
3809 2993
39 3511
39 4727
39 4551
39 321
4818 3771
4818 4297
4818 688
3110 1294
3110 2472
654 4895
654 1070
1095 1238
1095 4514
1095 900
3152 2231
3152 3940
3152 2169
3152 1436
4681 1303
4063 1993
4063 3491
3850 2254
1468 3673
1468 1140
1468 3194
4158 2445
4158 3958
2246 2744
2246 2314
3335 1368
1532 78
1532 2581
55 4829
55 115
55 3958
2461 4172
290 1961
1875 1431
4257 1197
989 187
989 1083
3489 1723
3489 3900
3304 2321
1187 4609
1187 1756
1187 3596
1187 1370
339 3235
4179 354
4179 1109
4179 2293
4179 1863
851 3687
851 2812
2774 719
2774 1215
2774 4866
4286 3403
4286 2014
1064 3425
1696 1326
607 730
607 2598
2357 2794
2357 767
2357 4335
2331 1755
2331 4792
4920 238
1912 3113
1912 4921
1912 3985
1912 568
2175 2853
2175 3139
3519 2560
2230 3856
2230 4922
3626 4124
3626 720
3626 4643
3185 2101
3185 4629
4379 3795
4379 4226
3655 1813
3655 3696
3655 1568
4735 4824
4890 3291
4890 3552
4855 4923
4855 705
4855 509
4855 3841
1735 2940
1735 4360
1735 1086
1237 1271
1237 2222
4836 1215
4836 1663
3182 3642
3528 818
4924 1943
4924 3866
4924 4607
4924 4925
3856 2391
3856 4183
3856 4926
4813 4166
4813 3459
4813 499
4196 2004
95 3787
95 3395
95 1083
994 4159
2528 3822
2528 4209
4927 4781
4927 4928
4927 56
4332 990
2658 4037
2087 1791
1293 111
3869 274
4798 29
1565 413
1565 3194
5 2848
5 1675
5 1177
3115 4619
1074 3353
4842 2716
4842 2724
4929 2560
4929 4512
4929 3004
3513 342
1755 1008
1755 4419
1755 2973
349 481
349 4448
4692 4609
4692 2743
3838 3369
2975 2854
2975 1597
1547 2557
4089 3306
4089 161
817 4717
817 4570
3558 4921
3440 1214
2609 950
2609 2419
3895 3736
3895 1027
3895 1463
3895 2209
3895 2462
2312 1890
2312 2048
4830 1431
4830 455
4930 56
545 51
545 2063
2383 29
2383 1408
2383 3803
2383 1653
331 3764
331 699
389 2697
389 4931
389 2163
4932 26
4932 1432
3162 2613
3162 1971
3620 4074
3158 1202
3158 2588
3752 2914
3752 3462
4888 772
4888 3657
3215 149
3215 4933
3215 2511
2391 2875
3443 3478
3443 2158
3443 3931
2903 455
859 1554
859 4014
742 4934
742 1827
742 2101
742 4234
742 2578
742 3883
4488 609
4488 2279
3484 140
3484 4935
3484 3638
3484 996
1399 2847
1399 2983
3579 1086
3579 357
4200 3424
2853 2674
2853 1363
1158 78
1158 813
1158 4558
1158 4542
1158 4866
1158 2200
439 643
439 4070
439 1070
2110 837
2399 2003
2399 3851
2914 1813
2914 4608
2914 2443
4434 4510
3669 4321
1722 3376
1722 2005
4577 767
4577 2437
4577 4217
4577 4518
4577 1786
4577 2446
4289 2058
2403 3083
4074 941
4074 1928
4752 3250
1008 1801
1008 4043
1008 3970
2522 4936
2522 4937
1125 1432
4730 1188
4730 2168
4730 419
4730 658
4762 4921
4297 4889
3649 3570
4938 2053
4938 4088
1310 4355
3680 4599
3680 3858
3680 3225
3680 2511
3868 2485
409 4192
4131 1770
4131 4215
657 3535
657 1568
3332 3026
3332 60
618 3858
618 1697
618 4894
3272 2999
3272 2278
3272 3928
3272 4080
3272 2063
3272 1524
3946 4219
3946 1886
1115 592
1115 3479
1115 4022
761 3795
761 1563
472 1111
1188 2772
1188 1863
147 2604
2073 3839
2073 1751
368 64
368 52
4857 2944
3694 4698
1394 1168
1394 4483
1394 4632
42 832
271 2639
3686 2430
3686 4529
3951 80
4358 4483
4358 1927
4273 592
4273 4936
3113 2895
3113 3416
4514 837
280 4824
280 608
3857 4908
3857 2058
1152 4939
1152 3306
2848 2947
2848 4933
2854 600
2854 1131
2854 4365
3899 1148
3899 2169
4826 4940
2167 2025
2167 4037
4824 3841
4824 3212
3216 2711
3216 3795
4253 4791
4253 2674
4253 2458
4253 4715
4032 1604
2743 1321
2743 772
169 4124
4896 4655
4896 4365
4760 2749
4783 340
4783 2541
4783 1452
2430 3931
2430 4352
4877 818
4814 4695
2673 2804
2498 419
2498 2445
4655 3491
4655 4782
3156 1597
3156 2250
2141 2509
2141 2847
2141 3744
78 2929
78 4941
78 1537
78 4352
2925 1822
2925 4687
2925 4719
837 845
837 2157
837 4070
1103 17
4942 1676
4942 4530
1462 4608
2869 213
2869 4087
2869 4900
3839 720
3839 4443
4136 3858
4136 4856
3548 1567
3092 2956
950 1305
950 3452
950 4192
1168 4228
1168 1739
4230 4087
2863 4212
2863 2812
2863 3932
4153 4451
4153 4478
4153 3388
2168 1744
2168 2864
3478 705
140 2337
140 226
767 4227
767 4943
3739 3696
3739 2578
3739 4116
285 2008
285 3635
473 4532
473 4772
473 1886
4510 4944
2723 313
2723 4580
2723 4445
3719 2749
3305 2872
2231 4749
2777 4361
2777 1370
1135 4911
1890 4304
3235 4125
4755 685
3402 3452
3402 3803
2715 1020
2715 4703
2715 4192
1243 4189
4596 448
926 3859
1680 588
4167 1603
4167 2025
3571 1797
4274 2804
3193 4928
1840 4119
1840 4646
2692 1538
3373 3858
1801 4261
1801 4259
1801 4120
16 4278
16 2915
16 3871
4697 4720
4697 3130
4124 1000
4124 1668
4124 2645
4124 2712
4940 3832
4940 243
4053 2423
1986 2790
1986 2547
300 3993
4923 3514
4923 588
1101 3447
3139 3826
3139 1514
90 3929
90 3324
4451 1676
2003 4305
4468 497
4468 4397
876 603
28 4945
28 3490
1300 1396
1300 1886
4828 122
4828 3431
2537 2276
2537 1020
4328 4484
4410 3353
4410 3386
3445 2563
3445 784
3445 2186
628 1569
4319 1476
1176 1395
1176 668
1744 2013
2778 4946
1797 4189
1797 1945
1325 2158
1325 175
1325 4037
3763 668
1959 2343
1959 3256
400 1009
400 2254
2332 3133
2332 1544
2332 3134
1000 2063
1554 2930
517 4947
517 1353
3054 268
1675 2409
1675 3419
4387 4699
2529 4894
3467 68
4560 4293
4560 3652
592 2290
592 1222
592 4895
592 1232
4394 2410
4394 4502
2485 941
2795 1694
2795 4570
2795 1509
2795 3407
1694 4067
4688 2254
4688 4342
4688 4227
787 1636
3925 4440
4804 1987
4948 1164
4335 4483
4335 4162
1024 1131
1024 2449
768 3878
768 3389
768 4595
4908 4892
4908 3448
4908 962
3228 4921
2024 324
2024 995
1326 1609
3430 217
730 1358
730 2517
730 890
730 4097
2494 4949
641 2551
641 2405
4600 3298
4600 4684
2947 4950
2947 188
2615 1763
4039 4443
885 4201
885 1222
680 1762
680 4530
680 3536
4799 4612
4799 4096
4799 4542
2581 1141
4753 4293
96 1265
96 1247
96 2037
1297 1141
599 2990
599 2292
599 2872
599 2896
1415 1421
1415 3515
1415 1343
1723 4418
1723 4189
1723 4367
1723 2772
26 852
26 891
26 3168
26 467
267 4505
267 3015
217 1538
509 2254
509 4037
3617 4918
3617 2153
3617 3374
160 1704
160 2547
2919 4166
2919 1396
852 4145
852 3846
3129 1944
3129 4951
4952 4812
4952 3501
4682 3009
4682 141
1301 292
609 2081
609 1751
4240 698
4240 2898
4240 3540
4240 4608
1104 2569
1104 4491
762 1701
762 104
1278 2474
1984 4953
1220 4215
1220 394
1220 752
2053 2348
2053 4891
2053 4675
1846 1873
1846 2418
1846 342
1846 1465
2359 2405
1817 6
286 1346
286 429
1603 776
2855 4720
2855 1810
2855 2645
2855 2886
1252 1527
1252 3708
3240 4583
3240 1987
4954 3119
4954 846
4482 4043
4482 3705
4599 4612
4599 149
4689 1609
2563 1358
2563 4928
2436 4717
2436 2871
782 2944
782 4659
782 183
3661 2179
1231 1667
1231 1307
1231 2703
4921 660
4069 3795
4069 4567
4069 2716
3207 386
4212 4551
4145 4483
4145 3229
2671 4632
2671 4392
737 2908
737 4659
3841 3133
3841 3406
2941 3396
2941 2870
2941 4951
2941 1335
2941 3552
4418 52
4892 1379
853 4768
853 620
4717 2646
4717 1588
4717 4687
4717 3473
3448 122
3448 4517
3448 2709
3448 4915
324 440
4183 881
4183 1538
600 4080
3878 64
3878 4192
3878 2703
3878 4955
1147 3212
1147 1009
2276 104
2276 4933
2276 1878
3314 111
196 698
2726 1518
2726 2604
3037 2999
3037 3782
4041 4037
1368 2911
1368 3425
1368 3135
1368 690
480 3539
3710 3220
4791 3114
4791 244
4791 2191
3280 1697
4340 2901
4340 4622
1148 3940
1148 4781
1148 2462
1148 3797
4884 4882
658 176
658 4614
2008 4392
4166 2956
1379 4470
4950 4956
3940 4285
2829 2278
4354 4247
4810 1544
1708 4133
3714 3459
3714 2640
976 802
976 1315
976 3079
976 306
3133 4675
1020 660
1020 3658
4712 2532
1342 1247
2262 3764
2262 2582
1327 3797
4562 4047
1537 1307
1770 4378
1357 4304
1357 4097
4512 846
4512 3369
4215 1096
4215 1003
3511 1667
610 561
4944 3985
4944 4525
4944 440
1647 1002
1647 4790
3858 1652
3866 341
3866 4928
3866 560
4533 1463
4533 3031
3482 3369
2343 1663
2719 175
1120 2867
1120 2250
1120 890
2157 3552
2004 4957
2004 3403
4772 2054
4772 1886
3460 4378
3460 11
802 4293
1506 3638
4958 619
4958 4903
4958 1567
2179 4103
2179 3665
2179 1432
4694 2079
4694 2898
4694 914
4694 2812
1288 4022
1288 4263
1288 770
4945 1566
4945 1598
4191 2551
2169 4914
2169 80
2169 4895
489 3803
489 1448
4922 4382
4425 854
4425 497
688 1353
688 4156
688 1038
688 990
17 3559
2832 2881
3630 3366
3330 1667
3330 603
3330 2766
3330 3178
4636 2104
1421 2968
1421 4811
1421 4445
1421 2886
4588 4872
164 2117
1131 4858
1321 1009
1321 1750
2613 2219
2613 4629
3121 4140
3121 4192
3121 1070
1149 1572
1652 3376
1652 1971
1652 3438
1652 4831
1652 3353
1771 2631
1771 341
2395 1739
2395 1165
4059 4585
4059 3744
1977 1395
4683 4811
4683 3871
4683 4768
4201 891
218 414
611 4823
4959 2242
4959 4281
4720 4078
4720 4960
1617 380
4851 4346
4249 4505
1661 3031
3479 877
3544 1524
313 3931
3920 783
3920 2209
4046 4587
4046 3056
2674 320
2674 4542
2674 2904
2674 2480
659 4443
1358 4192
219 4313
219 275
1704 3369
3085 4361
4103 3374
4934 1625
4484 1544
1766 1581
1766 776
1305 4157
1305 3134
4313 3055
4313 1027
1306 201
854 4678
854 4172
832 3577
3985 1581
3985 2870
3985 3291
619 2279
1873 3153
1873 4015
1873 3386
3395 4789
4125 3310
744 3410
2867 2423
2867 2320
2867 2847
685 4098
4349 212
4349 4521
4349 2120
4660 2804
4478 2639
4478 4961
1966 3419
2659 4868
1315 1643
1315 3918
1315 1792
1858 2646
3074 3922
3074 3860
3074 4115
165 79
643 2320
643 2744
643 828
797 977
1862 56
3999 1223
1748 3392
1748 4098
2697 2419
2697 3237
1697 4293
1697 1902
2313 3954
2313 2241
2313 3812
385 2014
4552 1307
3309 3389
4448 3706
4448 3570
4796 2572
60 4831
261 2338
4141 1096
4141 1993
3826 3812
4285 2242
2337 1221
2337 2588
2337 2120
2337 3004
4293 1822
2414 1756
3490 369
1432 2191
4172 4947
719 3708
719 2180
772 4868
772 2724
1561 1328
4873 4644
2025 3141
3130 4866
4228 3863
2290 2219
2290 1701
272 2946
2057 1215
2057 2812
2057 1818
1913 4438
1913 624
3298 752
1581 1812
1581 4372
174 4781
4261 3004
3817 1408
3817 2639
4517 4118
4517 2293
4953 2791
320 4372
320 1538
474 1987
474 4797
3704 3412
3704 111
2052 3441
2968 3431
3799 4162
1914 4437
1810 459
4535 2739
4535 3366
3595 3658
4383 1476
2101 4585
2101 4960
4376 4475
4376 1653
1915 91
1915 2946
3055 1510
2999 1271
291 1247
3502 3596
3502 4853
3502 3990
1662 1701
2410 4898
4275 3812
612 1548
612 847
3462 661
2423 2847
2423 3004
4872 4931
1433 1524
2709 4914
2538 3892
3750 1709
3141 4747
4914 4829
1141 2739
1141 4933
846 3783
108 341
2384 962
2384 3138
2384 4168
2278 2547
895 4949
895 2180
1373 497
1373 1524
2048 1335
2048 3963
2791 4013
2791 4022
2791 3042
1086 4022
586 1221
1847 538
1847 3783
4555 4476
4301 3270
3541 2405
4189 4648
1812 1822
4505 3923
3531 763
4161 4157
4567 1701
3995 828
4811 115
4811 91
1701 4047
1701 4187
1701 2663
1701 784
1701 4960
1566 2084
4043 886
4043 2130
4043 3388
3926 720
3926 4749
524 2660
524 2014
449 2396
1736 4412
3846 3031
3905 1786
699 275
699 1232
699 4901
1527 3536
2239 2749
2239 2314
1960 575
1668 669
1610 4821
2254 568
2254 3584
3306 3392
4820 707
4013 3783
661 4329
661 914
1597 3928
1597 1354
1597 2113
1597 3497
1597 4336
3851 1271
3851 4790
3851 127
2320 3310
2803 357
4874 3431
2930 11
2930 4709
3736 4823
4405 1266
3425 3635
2557 2646
2638 1027
2638 4265
4841 588
4867 3273
497 4097
1422 2338
4962 1787
3349 1987
3349 2588
3349 1448
712 2084
712 3581
1980 2321
4963 4964
1275 752
2437 4096
2437 343
3369 4852
3369 942
3265 4187
1075 3812
1075 3775
4698 2480
4915 1643
4781 1491
1265 3652
1265 2120
1265 4956
2868 4097
4852 1636
4789 3657
4789 4933
4789 2570
3732 2721
755 1786
3039 148
4628 930
3301 4580
3441 4120
4217 4881
3438 2639
4234 2215
4234 1750
2080 2549
1821 4709
2645 1739
2005 4585
2915 2647
2915 1466
4321 4571
202 2640
2631 3705
2631 4151
3540 3837
3540 3658
3540 2084
3540 4087
4903 4440
4903 1514
2811 3134
2811 1818
1498 4727
3290 342
3290 1038
537 4102
2250 1438
1307 4677
2948 560
2948 3860
1689 3407
1408 3717
3286 1109
3286 1452
1643 3803
1643 855
2510 1636
341 3410
341 776
341 4336
3549 10
3392 4856
3392 115
1756 3812
1756 4094
3918 1545
1025 4965
2263 3569
2425 4895
6 3932
4440 3078
4270 620
3307 4943
2458 1027
2458 4412
2458 2973
4530 2348
4530 2264
4530 3412
3922 1714
3922 499
2744 243
2744 4895
942 3812
942 2446
1302 4965
2232 68
2232 3884
2232 369
1822 2647
818 3705
769 2949
769 3102
2639 3389
293 1967
293 2379
525 1548
1109 3250
2208 3652
2208 4823
890 3551
1247 386
466 127
3250 3194
2870 4622
2870 3720
886 3960
3705 3310
3705 4747
4889 4933
2572 3717
1419 1335
2712 3168
2712 1510
687 1363
2705 3323
3535 2396
2739 3569
3717 3459
2629 4684
1833 104
1833 4614
1177 1354
2727 4933
4966 2661
2321 668
2321 2693
624 1396
4831 1279
4831 2222
4372 4898
4372 4116
1548 2749
4701 4475
4701 2511
4140 2102
2419 3366
2551 4521
4935 1012
4935 4485
4935 268
4935 2474
2028 3745
2028 3963
68 3419
4398 1087
4398 1438
1545 2037
1828 915
1463 3497
4912 3370
4912 4443
4912 3342
1813 2647
79 1749
4644 2804
3761 2058
3136 2532
3439 4871
4115 587
1902 2949
4014 2164
4014 4960
3270 3971
2241 1709
3837 3706
4290 3273
1814 1012
4355 1664
1221 1509
4476 567
3812 1567
3884 4048
2054 43
3310 369
3310 707
3652 1514
4790 2785
2242 1335
4699 2143
2901 1436
3370 1253
3114 4100
1491 321
1663 4580
4329 4964
4133 459
2338 2582
3411 604
4437 1466
3944 2171
4542 1003
4226 2222
213 1760
4585 3569
4276 847
4276 987
907 4071
4384 4823
3638 3775
4346 4021
4365 855
568 2532
4443 706
1222 3720
4029 2014
4587 4361
672 2163
3696 2796
3696 4265
986 3927
986 2703
2934 4314
3726 4157
3757 2102
1567 1653
4918 2295
587 4782
2847 1452
1573 2841
2063 1409
64 2984
1763 4087
1763 4901
1709 4955
4696 475
4696 2841
3491 3267
4949 4967
629 1749
4156 770
3416 3236
3699 4648
420 3724
4554 1409
56 3797
56 2171
3031 3102
3031 706
978 669
4858 3032
4580 706
3645 4392
4225 2681
891 3186
4875 2074
4548 4159
4608 3947
3993 11
3993 183
3042 4968
4641 2993
2582 915
2582 1111
3236 3929
1910 1563
2804 576
3775 4737
3412 3927
1514 3991
4891 2379
690 429
2462 3958
3612 752
3881 3551
4219 2693
3527 1569
4157 2102
4607 2956
1886 369
2180 1863
4433 2681
429 3892
4078 4015
3783 2896
3783 3079
3631 321
3923 1739
1343 3745
2170 4336
4881 369
3744 4894
3744 1781
490 3134
490 4797
3929 1786
1038 2449
1739 752
1739 613
2058 1279
2171 3323
2171 3056
996 2973
183 2983
1266 2523
3745 3584
1279 2279
476 4015
3536 3963
4632 4015
3551 3572
2293 2295
4859 3095
990 4336
776 3963
776 1092
2984 3324
4094 1223
3646 268
111 1792
4265 4956
2295 1781
4900 3963
3070 3570
3379 2474
3004 3886
4843 321
2973 4737
1653 4737
4044 238
