14229 28510
0 1
0 2
0 3
4 1
4 2
4 3
5 1
5 2
5 3
6 7
6 8
6 9
10 11
10 12
13 14
13 15
13 16
17 1
17 18
19 20
19 18
21 22
21 23
24 25
24 26
24 2
27 25
27 26
27 2
28 29
28 23
30 31
30 32
30 33
34 1
34 2
34 3
35 36
35 37
38 36
38 39
40 1
40 20
40 18
41 42
41 43
41 44
45 46
45 47
48 49
48 46
50 49
50 46
50 47
51 52
51 53
54 47
54 55
54 56
57 47
57 55
57 56
58 47
58 55
58 56
59 47
59 55
59 56
60 61
60 62
60 63
64 61
64 65
64 66
67 55
67 68
67 69
70 55
70 68
70 69
71 72
71 73
74 61
74 62
74 63
75 72
75 63
75 73
76 72
76 63
77 78
77 79
80 81
80 82
80 83
84 85
84 86
84 87
88 85
88 86
88 87
89 90
89 91
89 92
93 85
93 86
93 87
94 90
94 91
94 92
95 90
95 91
95 92
96 97
96 92
96 98
99 90
99 91
99 92
100 97
100 92
100 98
101 97
101 92
101 98
102 103
102 104
102 105
106 103
106 104
106 105
107 108
107 109
110 108
110 111
110 109
112 103
112 108
112 113
114 111
114 109
115 103
115 108
115 113
116 103
116 108
116 113
117 103
117 104
117 105
118 103
118 108
118 113
119 120
119 121
122 120
122 123
122 121
124 125
124 126
124 127
128 125
128 126
128 127
129 125
129 126
129 127
130 125
130 126
130 127
131 121
131 132
131 127
133 134
133 135
133 136
137 132
137 121
138 132
138 127
139 140
139 141
142 143
142 144
145 146
145 147
145 148
149 150
149 151
152 153
152 150
154 155
154 156
154 144
157 155
157 156
158 156
158 144
159 143
159 160
159 146
159 144
161 146
161 144
162 160
162 144
163 164
163 165
166 167
166 141
168 169
168 170
171 172
171 173
171 174
175 172
175 174
176 177
176 178
179 178
179 180
181 173
181 182
181 183
184 173
184 182
184 183
185 172
185 173
186 173
186 182
186 183
187 173
187 182
187 183
188 182
188 189
188 190
191 192
191 193
194 167
194 195
194 196
197 198
197 199
200 201
200 202
200 203
204 49
204 205
204 206
207 49
207 205
208 205
208 199
208 209
210 205
210 199
210 209
211 212
211 199
213 214
213 199
215 205
215 206
216 214
216 212
216 198
216 199
217 218
217 219
220 167
220 195
220 196
221 222
221 223
221 224
225 226
225 227
225 228
229 167
229 195
229 196
230 226
230 227
230 228
231 232
231 233
231 195
234 235
234 236
234 237
234 151
234 238
234 239
234 9
234 240
241 151
241 240
242 243
242 244
245 243
245 246
247 248
247 249
250 243
250 244
250 251
250 246
252 244
252 240
253 254
253 244
255 243
255 251
256 254
256 244
256 240
257 258
257 259
260 261
260 259
262 261
262 258
262 259
263 264
263 265
266 267
266 268
266 269
270 271
270 272
273 272
273 274
275 271
275 272
275 274
276 232
276 233
276 195
277 268
277 267
278 269
278 267
279 261
279 280
279 281
282 283
282 284
285 283
285 286
287 288
287 289
290 291
290 292
293 294
293 295
293 296
297 298
297 299
300 294
300 296
301 302
301 303
301 304
305 306
305 307
308 309
308 310
311 29
311 312
311 313
314 61
314 65
314 66
315 316
315 317
315 318
315 310
319 317
319 310
320 321
320 322
323 321
323 317
324 312
324 309
324 310
325 312
325 310
326 317
326 318
327 316
327 317
328 329
328 330
331 332
331 329
333 332
333 334
333 335
336 332
336 334
336 335
337 332
337 334
337 335
338 332
338 334
338 335
339 334
339 340
339 341
342 334
342 340
342 341
343 334
343 340
343 341
344 334
344 340
344 341
345 61
345 62
345 63
346 347
346 348
346 349
350 61
350 62
350 63
351 352
351 196
353 354
353 355
356 357
356 354
356 355
358 359
358 360
358 361
362 359
362 360
362 361
363 364
363 365
363 355
366 357
366 354
367 368
367 369
370 371
370 372
370 373
374 42
374 375
374 376
377 378
377 379
380 381
380 382
380 383
384 385
384 386
384 387
388 385
388 386
388 387
389 385
389 386
389 387
390 385
390 386
390 387
391 392
391 393
391 387
394 392
394 393
394 387
395 392
395 393
395 387
396 397
396 398
396 399
400 397
400 398
400 399
401 397
401 402
401 218
403 397
403 398
403 399
404 405
404 406
404 407
408 397
408 398
408 399
409 410
409 153
409 411
412 413
412 414
415 413
415 416
415 417
415 414
418 413
418 417
419 413
419 416
420 421
420 413
420 422
423 421
423 413
424 421
424 422
425 426
425 414
427 428
427 426
427 414
429 430
429 302
431 432
431 302
433 434
433 302
435 436
435 302
437 438
437 439
437 440
437 304
441 440
441 304
442 439
442 304
443 438
443 304
444 445
444 446
444 411
447 445
447 411
448 449
448 450
451 452
451 449
453 454
453 450
453 455
456 454
456 450
456 455
457 454
457 450
457 455
458 454
458 450
458 455
459 452
459 460
459 461
462 452
462 461
463 452
463 460
464 465
464 461
464 466
467 468
467 469
467 470
471 472
471 473
474 212
474 475
476 212
476 477
476 475
478 198
478 479
480 481
480 482
480 483
484 214
484 479
485 226
485 227
485 228
486 487
486 488
486 489
490 473
490 284
491 481
491 482
491 483
492 479
492 206
493 494
493 495
496 286
496 495
497 498
497 151
499 498
499 500
499 151
501 502
501 495
503 502
503 498
503 495
504 494
504 286
504 495
505 502
505 498
506 169
506 507
506 508
509 214
509 198
509 49
509 212
509 479
509 206
510 511
510 512
510 500
513 498
513 500
514 515
514 483
516 517
516 498
516 495
518 519
518 292
520 521
520 522
523 482
523 524
525 526
525 527
528 526
528 529
530 531
530 522
530 532
533 531
533 522
533 532
534 521
534 522
534 535
536 482
536 535
537 526
537 538
539 540
539 541
539 542
539 543
539 527
544 248
544 545
546 248
546 238
546 236
546 545
546 235
547 248
547 236
548 248
548 238
549 243
549 550
549 551
552 248
552 235
553 550
553 551
554 243
554 551
555 550
555 556
557 558
557 550
557 559
557 556
560 561
560 291
562 563
562 564
565 566
565 567
568 569
568 570
571 572
571 570
573 574
573 570
575 574
575 572
575 570
575 569
576 577
576 578
576 579
580 574
580 581
582 574
582 578
583 574
583 581
583 578
584 585
584 586
587 577
587 578
587 579
588 577
588 578
588 579
589 590
589 591
592 593
592 594
592 595
596 593
596 594
596 595
597 598
597 599
597 595
600 593
600 594
600 595
601 602
601 206
603 602
603 604
605 593
605 594
605 595
606 602
606 206
606 604
607 563
607 564
607 608
609 610
609 611
609 598
612 610
612 598
613 614
613 169
615 614
615 169
615 313
616 617
616 9
618 237
618 617
619 617
619 239
620 237
620 617
620 9
620 239
621 622
621 235
623 622
623 236
624 238
624 622
625 622
625 151
626 627
626 628
629 630
629 472
631 627
631 632
633 630
633 472
634 635
634 636
634 637
638 639
638 640
638 641
638 268
642 643
642 180
644 645
644 646
647 648
647 649
647 650
651 648
651 649
651 650
652 653
652 649
654 653
654 655
656 650
656 657
656 658
659 650
659 657
659 658
660 648
660 649
660 650
661 648
661 649
661 650
662 650
662 657
662 658
663 650
663 657
663 658
664 665
664 666
664 667
668 669
668 670
668 671
672 673
672 674
672 675
676 673
676 674
676 675
677 673
677 678
677 679
680 673
680 678
680 679
681 673
681 678
681 679
682 673
682 678
682 679
683 684
683 685
686 687
686 688
686 689
690 691
690 692
690 693
694 695
694 201
696 695
696 201
696 379
697 698
697 699
697 700
697 701
702 695
702 379
703 699
703 700
704 700
704 701
705 706
705 707
705 701
708 698
708 700
709 701
709 707
710 706
710 701
711 635
711 637
712 713
712 714
715 713
715 716
715 717
715 714
718 716
718 714
719 717
719 714
720 721
720 722
720 714
723 724
723 725
723 726
727 722
727 714
728 721
728 722
729 713
729 730
731 732
731 713
731 730
733 734
733 735
733 736
737 738
737 739
740 734
740 735
740 736
741 734
741 735
741 736
742 735
742 743
742 744
745 734
745 735
745 736
746 735
746 743
746 744
747 735
747 743
747 744
748 749
748 750
751 738
751 739
752 753
752 754
752 755
756 757
756 379
756 754
758 757
758 379
758 754
759 22
759 760
761 757
761 379
761 754
762 757
762 379
762 754
763 764
763 765
766 765
766 524
767 49
767 760
768 22
768 49
768 760
769 232
769 233
769 770
771 772
771 773
774 773
774 151
775 776
775 777
778 776
778 779
780 776
780 781
782 776
782 779
782 781
782 777
783 784
783 776
785 786
785 784
787 786
787 784
787 776
788 789
788 500
790 789
790 545
791 789
791 545
791 500
792 793
792 794
792 795
796 793
796 794
796 795
797 798
797 794
799 798
799 800
801 147
801 148
801 795
802 147
802 148
802 795
803 804
803 805
806 793
806 794
806 795
807 147
807 148
807 795
808 147
808 148
808 795
809 810
809 811
812 813
812 814
812 815
816 813
816 814
816 815
817 818
817 819
817 820
821 822
821 819
821 823
824 818
824 819
824 820
825 818
825 819
825 820
826 827
826 828
826 829
830 818
830 819
830 820
831 827
831 828
831 829
832 827
832 828
832 829
833 834
833 835
833 829
836 235
836 837
838 839
838 840
838 841
842 843
842 844
842 271
845 843
845 844
845 271
846 843
846 844
846 271
847 848
847 849
847 841
850 839
850 840
850 841
851 839
851 840
851 841
852 853
852 854
855 856
855 298
855 857
858 843
858 844
858 271
859 843
859 860
859 274
861 856
861 254
861 240
862 863
862 864
862 865
866 863
866 864
866 865
867 868
867 869
867 870
871 872
871 873
874 875
874 873
876 875
876 524
877 875
877 47
877 524
878 863
878 872
878 49
879 875
879 47
880 863
880 872
881 872
881 49
882 883
882 666
882 884
885 886
885 887
888 887
888 889
890 667
890 891
892 893
892 894
892 895
896 893
896 894
896 895
897 898
897 899
900 898
900 899
901 902
901 903
901 904
905 902
905 903
905 904
906 893
906 899
906 907
908 893
908 899
908 907
909 893
909 899
909 907
910 893
910 899
910 907
911 912
911 913
914 915
914 916
914 917
918 915
918 916
918 917
919 915
919 916
919 917
920 915
920 916
920 917
921 922
921 923
924 915
924 922
925 915
925 922
925 923
926 927
926 928
929 930
929 931
929 916
932 930
932 931
932 916
933 934
933 935
933 936
937 938
937 939
937 940
941 942
941 943
941 944
945 942
945 943
946 947
946 180
948 949
948 950
951 952
951 953
954 949
954 950
954 955
956 957
956 180
956 936
958 934
958 935
958 936
959 960
959 961
962 934
962 935
962 936
963 964
963 965
966 967
966 968
969 970
969 971
972 973
972 974
972 975
976 237
976 977
978 7
978 237
979 980
979 981
979 982
983 980
983 981
984 980
984 982
985 986
985 987
985 982
985 988
989 986
989 982
990 987
990 982
991 982
991 988
992 986
992 993
992 994
995 986
995 993
996 986
996 994
997 998
997 999
1000 1001
1000 1002
1003 1004
1003 970
1005 1004
1005 1006
1007 1001
1007 379
1008 1009
1008 1010
1011 1004
1011 1012
1011 1013
1014 1009
1014 379
1014 1010
1015 1009
1015 379
1016 1004
1016 1006
1016 970
1016 1017
1018 1001
1018 1019
1020 1012
1020 1013
1021 1004
1021 1013
1022 1001
1022 1023
1024 1025
1024 1026
1027 1028
1027 998
1029 1025
1029 1026
1029 1030
1031 1032
1031 1033
1031 1034
1035 1036
1035 1037
1035 1038
1035 1030
1039 1026
1039 1030
1040 1036
1040 1030
1041 1037
1041 1030
1042 1043
1042 1044
1042 1045
1046 1047
1046 1048
1049 1032
1049 1034
1050 332
1050 1048
1051 1052
1051 1047
1053 1047
1053 1052
1053 284
1053 1054
1053 22
1053 286
1055 1056
1055 1057
1055 206
1058 1043
1058 1044
1059 330
1059 1054
1060 1061
1060 330
1060 1054
1062 1063
1062 1064
1062 1065
1066 1063
1066 1064
1066 1065
1067 1063
1067 1064
1067 1065
1068 1069
1068 1070
1068 1071
1068 1072
1068 49
1068 1065
1073 1074
1073 1064
1073 1075
1076 1074
1076 1064
1076 1075
1077 1074
1077 1064
1077 1075
1078 1063
1078 1064
1078 1065
1079 1061
1079 330
1080 49
1080 1065
1081 1070
1081 1065
1082 1070
1082 284
1082 286
1082 1083
1084 1085
1084 1032
1084 1086
1087 1088
1087 1089
1087 1090
1091 999
1091 1092
1093 286
1093 1083
1094 1095
1094 1092
1096 1070
1096 1083
1097 1098
1097 1099
1097 1100
1101 1095
1101 999
1101 1092
1102 1103
1102 1104
1102 1105
1106 1032
1106 1086
1107 1108
1107 1043
1107 1109
1107 1110
1111 1112
1111 1113
1111 1114
1115 1112
1115 1113
1115 1114
1116 1114
1116 1117
1118 1117
1118 406
1119 1120
1119 1121
1119 1113
1122 1120
1122 1121
1122 1113
1123 1112
1123 1113
1123 1114
1124 1112
1124 1113
1124 1114
1125 1120
1125 1121
1125 1113
1126 1120
1126 1121
1126 1113
1127 1128
1127 1129
1127 1130
1131 545
1131 535
1131 524
1131 1130
1132 1128
1132 1129
1132 1130
1133 97
1133 91
1133 1134
1135 1136
1135 1137
1138 1128
1138 1129
1138 1130
1139 1128
1139 1136
1139 1137
1140 1128
1140 1137
1141 545
1141 1130
1142 524
1142 1130
1143 1144
1143 422
1145 1146
1145 1144
1145 422
1147 1148
1147 1149
1150 421
1150 1148
1151 1152
1151 422
1151 1153
1154 1152
1154 422
1154 1153
1155 1152
1155 422
1155 1153
1156 1146
1156 1144
1157 1158
1157 1153
1157 1159
1160 1152
1160 422
1160 1153
1161 1162
1161 1163
1161 1086
1164 1165
1164 1166
1164 1167
1168 1165
1168 1166
1168 1167
1169 1170
1169 1171
1172 1173
1172 1170
1172 1174
1172 1175
1176 1173
1176 1170
1177 1170
1177 1174
1178 1170
1178 1175
1179 1173
1179 1180
1179 1165
1181 1173
1181 1165
1182 1173
1182 1180
1183 1184
1183 1185
1186 1187
1186 1188
1186 1189
1190 1191
1190 1192
1190 1193
1194 1191
1194 1192
1194 1193
1195 1191
1195 1192
1195 1193
1196 1191
1196 1192
1196 1193
1197 1198
1197 1199
1197 1200
1201 531
1201 535
1202 531
1202 1203
1204 531
1204 1203
1205 531
1205 22
1206 1207
1206 1208
1206 1209
1206 1210
1206 532
1206 538
1206 1191
1206 1211
1206 1212
1213 1214
1213 1215
1216 1215
1216 1217
1216 1214
1218 1219
1218 1220
1221 170
1221 1220
1222 1220
1222 1219
1222 170
1223 1224
1223 1225
1226 1227
1226 1225
1228 1224
1228 1227
1228 1225
1229 1230
1229 1231
1232 1230
1232 1233
1234 1235
1234 1236
1237 1235
1237 1238
1237 1239
1237 1236
1240 1241
1240 1242
1240 1243
1244 1245
1244 1246
1244 1243
1247 1241
1247 1242
1247 1243
1248 1241
1248 1242
1248 1243
1249 1250
1249 1235
1249 1251
1252 1241
1252 1242
1252 1243
1253 1250
1253 1235
1254 1250
1254 1251
1255 1256
1255 1257
1258 1259
1258 1260
1261 1262
1261 177
1261 1263
1264 1265
1264 1266
1264 1267
1268 1265
1268 1266
1268 1267
1269 1270
1269 63
1269 1271
1272 1241
1272 1273
1272 1242
1274 1241
1274 1273
1275 1273
1275 1242
1276 1241
1276 1267
1276 1277
1278 1241
1278 1267
1278 1277
1279 1241
1279 1267
1279 1277
1280 1241
1280 1267
1280 1277
1281 1265
1281 1266
1281 1267
1282 1283
1282 1284
1285 1286
1285 1283
1287 1288
1287 78
1287 1283
1289 1288
1289 1283
1290 1288
1290 78
1291 1286
1291 1283
1291 1284
1292 1293
1292 224
1292 1294
1295 1293
1295 224
1295 1294
1296 1293
1296 224
1296 1294
1297 1293
1297 224
1297 1294
1298 1299
1298 1300
1301 1302
1301 1299
1301 1303
1301 1300
1304 1299
1304 1305
1306 1307
1306 1305
1308 1307
1308 1299
1308 1305
1309 1310
1309 313
1311 1310
1311 999
1312 1310
1312 999
1312 313
1313 1314
1313 1315
1313 1316
1317 1302
1317 1299
1318 1299
1318 1303
1319 79
1319 678
1319 1284
1320 1321
1320 49
1320 22
1320 764
1320 524
1322 1321
1322 1323
1324 1325
1324 1323
1326 1321
1326 1325
1326 1323
1327 1328
1327 764
1329 49
1329 1328
1330 49
1330 1328
1330 764
1331 379
1331 1325
1332 1325
1332 524
1333 379
1333 1325
1333 524
1334 79
1334 678
1334 1284
1335 1336
1335 1337
1338 1337
1338 722
1339 1337
1339 1340
1341 1336
1341 1337
1341 1340
1341 722
1342 434
1342 1343
1344 432
1344 1343
1345 721
1345 1340
1346 721
1346 1340
1346 1347
1348 1337
1348 1349
1350 1349
1350 1351
1352 721
1352 446
1353 432
1353 434
1353 436
1353 999
1353 1343
1354 1336
1354 1347
1355 1336
1355 714
1355 1347
1356 1337
1356 1349
1356 1351
1357 1336
1357 714
1358 800
1358 794
1358 1359
1360 1361
1360 1362
1363 1364
1363 372
1363 1365
1366 1367
1366 1368
1366 1369
1370 1371
1370 1372
1370 269
1373 1371
1373 1372
1373 269
1374 1361
1374 1364
1374 1362
1375 1361
1375 1364
1376 1365
1376 268
1376 1372
1377 1365
1377 268
1377 1372
1378 1371
1378 1372
1378 269
1379 1380
1379 1381
1382 1380
1382 1383
1384 1385
1384 1386
1387 1380
1387 1386
1388 1389
1388 1386
1390 1389
1390 1380
1390 1385
1390 1386
1391 1381
1391 1380
1391 1383
1392 1389
1392 1393
1394 1389
1394 1383
1395 1389
1395 1393
1395 1383
1396 1397
1396 286
1398 1399
1398 1397
1398 286
1400 800
1400 794
1400 1359
1401 1402
1401 1403
1404 1402
1404 1405
1406 1399
1406 1402
1407 1402
1407 151
1408 1409
1408 1405
1410 1397
1410 1405
1411 1397
1411 1409
1411 1405
1412 1402
1412 1413
1414 1316
1414 167
1414 1415
1416 1417
1416 1418
1416 1419
1420 1316
1420 167
1420 1415
1421 1316
1421 167
1421 1415
1422 1417
1422 1423
1424 1316
1424 167
1424 1415
1425 1417
1425 1423
1425 1415
1426 1423
1426 1415
1427 1417
1427 1419
1428 1162
1428 1429
1430 155
1430 1431
1430 150
1432 1433
1432 169
1432 1434
1435 1436
1435 1437
1435 1438
1439 1440
1439 1441
1442 1443
1442 1431
1442 144
1444 155
1444 1431
1444 150
1445 155
1445 1431
1445 150
1446 155
1446 1431
1446 150
1447 1448
1447 1434
1449 1443
1449 1431
1449 144
1450 1443
1450 1431
1450 144
1451 1443
1451 1431
1451 144
1452 883
1452 666
1452 884
1453 1454
1453 1455
1453 1456
1457 1454
1457 1455
1457 1456
1458 1454
1458 1455
1458 1456
1459 1460
1459 1461
1459 1456
1462 1455
1462 1463
1462 1464
1465 1455
1465 1463
1466 1463
1466 1464
1467 1454
1467 1455
1467 1456
1468 1460
1468 1461
1468 1456
1469 1460
1469 1461
1469 1456
1470 524
1470 1471
1472 863
1472 524
1472 1471
1473 1474
1473 1475
1476 1474
1476 1471
1477 1474
1477 1475
1477 1471
1478 1479
1478 1480
1481 1479
1481 1482
1483 1479
1483 1474
1484 1485
1484 1486
1484 1487
1484 1488
1489 1485
1489 1488
1490 49
1490 1475
1490 1010
1491 863
1491 1471
1492 177
1492 1263
1493 1494
1493 1495
1496 1497
1496 1498
1499 29
1499 1498
1500 521
1500 1498
1501 430
1501 1498
1502 1503
1502 1504
1505 1498
1505 1503
1505 1504
1506 521
1506 430
1506 29
1506 1497
1506 286
1506 1498
1506 284
1507 1498
1507 1504
1508 1509
1508 1495
1508 1510
1511 284
1511 1498
1512 286
1512 1498
1513 1514
1513 1515
1516 1514
1516 1517
1516 1515
1518 1002
1518 1023
1518 1019
1518 1519
1518 604
1520 1514
1520 1517
1521 1522
1521 1523
1521 1524
1525 1526
1525 1527
1528 1522
1528 1524
1529 1523
1529 1524
1530 1002
1530 1519
1531 1519
1531 604
1532 1533
1532 1534
1535 1534
1535 1536
1537 1534
1537 1536
1537 1538
1539 1540
1539 1536
1539 1541
1542 1534
1542 1538
1543 1540
1543 1536
1543 1541
1544 1540
1544 1536
1544 1541
1545 1546
1545 1541
1545 1547
1548 1540
1548 1536
1548 1541
1549 1550
1549 1551
1552 1550
1552 1553
1554 1550
1554 1555
1556 1555
1556 1557
1558 1550
1558 1559
1560 1550
1560 1551
1560 1559
1560 1553
1561 236
1561 1562
1563 238
1563 1562
1564 1550
1564 1555
1564 1557
1565 235
1565 1562
1566 1567
1566 1568
1569 1570
1569 1571
1569 1572
1573 1570
1573 1571
1573 1572
1574 1575
1574 1576
1574 1572
1577 1575
1577 1576
1577 1572
1578 1570
1578 1571
1578 1572
1579 1575
1579 1576
1579 1572
1580 286
1580 1581
1582 1583
1582 1581
1584 1575
1584 1576
1584 1572
1585 284
1585 1581
1586 1019
1586 1587
1588 1589
1588 1590
1588 434
1591 434
1591 1590
1592 434
1592 1589
1593 1070
1593 1002
1593 1019
1593 1023
1593 1587
1594 1070
1594 1587
1595 1002
1595 1587
1596 1023
1596 1587
1597 1598
1597 1599
1597 1600
1601 1602
1601 1589
1601 1603
1601 1604
1605 1589
1605 1603
1606 238
1606 1607
1606 1608
1609 1109
1609 1303
1610 1611
1610 1612
1613 1611
1613 1614
1615 1616
1615 1617
1618 1611
1618 1614
1618 1612
1619 1070
1619 1614
1620 1614
1620 286
1621 1070
1621 1614
1621 1622
1621 284
1621 286
1623 1614
1623 1622
1624 1625
1624 294
1626 1614
1626 284
1627 1628
1627 1622
1627 1629
1630 1631
1630 1632
1633 1634
1633 1632
1635 1636
1635 1637
1638 1109
1638 1303
1638 1639
1640 1641
1640 1642
1640 894
1643 1644
1643 1642
1643 1645
1646 1647
1646 1648
1649 1647
1649 36
1650 1303
1650 1639
1651 1641
1651 1642
1651 894
1652 1653
1652 1654
1655 1598
1655 1599
1655 1600
1656 1657
1656 1658
1656 1659
1660 1657
1660 1658
1661 1662
1661 1663
1661 1664
1665 1662
1665 1663
1665 1664
1666 1662
1666 1663
1666 1664
1667 1662
1667 1663
1667 1664
1668 1669
1668 1663
1668 1670
1671 1669
1671 1663
1671 1670
1672 1669
1672 1663
1672 1670
1673 1669
1673 1663
1673 1670
1674 1675
1674 1090
1674 1676
1677 1675
1677 1090
1677 1676
1678 1679
1678 284
1680 1675
1680 1090
1680 1676
1681 521
1681 1679
1682 1679
1682 286
1683 1679
1683 1675
1684 1679
1684 999
1685 1653
1685 1654
1686 1687
1686 1688
1689 1675
1689 1090
1689 1676
1690 1088
1690 1089
1690 1090
1691 1692
1691 1688
1693 1448
1693 1692
1694 222
1694 1695
1696 1697
1696 1692
1698 1699
1698 1692
1700 1448
1700 1434
1700 1443
1701 1109
1701 1110
1702 1703
1702 1704
1705 1487
1705 1706
1707 1043
1707 1109
1708 1703
1708 1709
1710 1487
1710 1711
1712 169
1712 1713
1712 1714
1715 1716
1715 1717
1718 1716
1718 1719
1720 1716
1720 1721
1722 1723
1722 1724
1722 1717
1725 1723
1725 1717
1726 1724
1726 1717
1727 1728
1727 1723
1727 1719
1729 1723
1729 1719
1730 1728
1730 1719
1731 284
1731 1732
1733 1734
1733 1735
1733 1736
1737 1738
1737 1739
1737 1740
1741 379
1741 1732
1742 286
1742 1732
1743 1744
1743 1745
1746 1747
1746 1748
1746 1744
1746 1749
1750 1189
1750 1744
1750 1745
1751 1738
1751 1739
1751 1740
1752 1188
1752 411
1753 1188
1753 1754
1755 1756
1755 1757
1755 1758
1759 1188
1759 1754
1759 411
1760 1756
1760 1757
1760 1758
1761 1738
1761 1762
1761 1763
1764 1765
1764 1166
1766 1180
1766 201
1766 1767
1768 1738
1768 1739
1768 1740
1769 1165
1769 1166
1769 1167
1770 1165
1770 1166
1770 1167
1771 49
1771 1399
1771 1167
1772 49
1772 1167
1773 1399
1773 1167
1774 1765
1774 1775
1774 1166
1774 1776
1777 1166
1777 1776
1778 1775
1778 1166
1779 1780
1779 1781
1779 1782
1783 1780
1783 1781
1783 1782
1784 1785
1784 1786
1784 1787
1788 1785
1788 1786
1789 1780
1789 1781
1789 1782
1790 1780
1790 1781
1790 1782
1791 1792
1791 1793
1791 1794
1795 834
1795 827
1795 1796
1797 1792
1797 1793
1798 834
1798 1796
1799 1800
1799 1801
1799 1802
1803 1804
1803 1805
1803 1802
1806 1738
1806 1762
1806 1763
1807 1808
1807 1809
1807 1810
1811 1812
1811 1813
1811 1810
1814 1808
1814 1809
1814 1810
1815 1808
1815 1809
1815 1810
1816 1804
1816 1805
1816 1802
1817 1808
1817 1809
1817 1810
1818 1804
1818 1805
1818 1802
1819 1804
1819 1805
1819 1802
1820 550
1820 814
1820 1821
1822 1823
1822 1824
1825 550
1825 814
1825 1821
1826 550
1826 814
1826 1821
1827 608
1827 1828
1829 1823
1829 608
1830 1823
1830 814
1831 1823
1831 1824
1831 814
1832 521
1832 1709
1833 1711
1833 1834
1835 550
1835 814
1835 1821
1836 1837
1836 1036
1836 1838
1839 284
1839 1709
1840 1841
1840 1842
1840 1711
1840 1834
1843 1036
1843 1838
1844 1845
1844 1846
1847 1703
1847 1709
1847 1704
1848 1841
1848 1711
1849 1054
1849 1850
1851 1837
1851 1036
1852 1054
1852 1850
1852 1754
1853 1245
1853 1246
1853 1243
1854 1245
1854 1246
1854 1243
1855 1856
1855 1192
1855 1857
1858 1859
1858 1860
1858 1861
1862 1863
1862 1864
1865 1866
1865 521
1865 1867
1868 1837
1868 1869
1868 1870
1868 348
1871 521
1871 1867
1872 1873
1872 1192
1874 1873
1874 1192
1875 1859
1875 1860
1876 1856
1876 1192
1876 1857
1877 1878
1877 1879
1880 1859
1880 1861
1881 1878
1881 1692
1881 1879
1882 1883
1882 1884
1882 1885
1886 1887
1886 1863
1888 561
1888 1889
1888 1890
1891 591
1891 1889
1891 1892
1893 591
1893 1889
1893 1892
1894 591
1894 1889
1894 1892
1895 1863
1895 1896
1897 1898
1897 1899
1897 1900
1901 1837
1901 1870
1902 1863
1902 1859
1903 561
1903 1889
1903 1890
1904 561
1904 1889
1904 1890
1905 868
1905 869
1905 870
1906 1837
1906 1869
1907 1908
1907 1909
1910 1911
1910 1909
1912 1911
1912 1908
1912 1909
1913 1914
1913 1915
1916 1914
1916 1917
1918 1914
1918 1909
1919 1914
1919 1915
1919 1917
1919 1909
1920 1914
1920 1921
1922 1756
1922 1921
1923 1756
1923 1914
1923 1921
1924 1837
1924 348
1925 1926
1925 1927
1925 1928
1929 1692
1929 1879
1930 232
1930 233
1930 195
1931 232
1931 233
1931 195
1932 347
1932 1933
1932 1870
1934 167
1934 195
1934 196
1935 1936
1935 1937
1938 1939
1938 1940
1938 1941
1942 628
1942 685
1943 1944
1943 974
1943 1044
1945 1946
1945 1947
1945 1948
1949 1946
1949 1947
1949 1948
1950 1951
1950 1948
1952 1951
1952 1936
1953 1941
1953 1936
1953 1937
1954 1941
1954 1936
1955 1946
1955 1947
1955 1948
1956 1946
1956 1947
1956 1948
1957 559
1957 1958
1959 1960
1959 1961
1959 1962
1963 248
1963 1964
1965 248
1965 550
1965 1964
1966 1307
1966 1967
1966 1968
1969 1307
1969 1967
1969 1968
1970 1971
1970 1972
1970 646
1970 627
1973 1974
1973 1972
1975 1307
1975 1976
1977 1307
1977 1976
1977 1310
1978 1307
1978 1967
1978 1968
1979 1976
1979 1310
1980 1976
1980 1981
1982 1976
1982 1981
1982 1305
1982 1983
1984 1981
1984 1983
1985 1981
1985 1305
1986 1987
1986 524
1988 1987
1988 1989
1988 524
1990 49
1990 379
1990 1991
1992 1987
1992 1989
1993 1987
1993 1994
1993 1991
1995 1996
1995 1997
1998 1994
1998 1991
1999 1987
1999 1994
2000 379
2000 1991
2001 49
2001 1991
2002 479
2002 2003
2004 2005
2004 479
2004 2003
2006 236
2006 2007
2006 1608
2008 198
2008 477
2009 2010
2009 198
2009 477
2011 1670
2011 2012
2013 1664
2013 2012
2014 2015
2014 206
2016 201
2016 2015
2017 201
2017 2015
2017 206
2018 2010
2018 198
2019 143
2019 148
2020 1589
2020 446
2020 2021
2022 446
2022 1351
2023 2024
2023 436
2025 2024
2025 434
2026 1019
2026 1607
2027 432
2027 434
2027 2028
2027 177
2027 436
2029 2030
2029 1351
2031 432
2031 2028
2032 2028
2032 177
2033 436
2033 2028
2034 434
2034 2028
2035 174
2035 1351
2036 2024
2036 2037
2036 2038
2039 2040
2039 2041
2042 2043
2042 2040
2042 2041
2044 2045
2044 2040
2044 2046
2047 2043
2047 2041
2048 2045
2048 2046
2049 2045
2049 2040
2050 2043
2050 2051
2052 2043
2052 2051
2052 2046
2053 2054
2053 2055
2056 2051
2056 2046
2057 2058
2057 2059
2060 2061
2060 372
2062 2061
2062 2063
2064 2065
2064 1361
2066 2061
2066 2063
2066 372
2067 1399
2067 2068
2067 151
2069 2070
2069 2071
2069 2068
2072 1399
2072 2068
2073 2068
2073 151
2074 2070
2074 1405
2075 2070
2075 1413
2075 1403
2075 1405
2076 2070
2076 1413
2077 2070
2077 1403
2078 169
2078 2079
2080 169
2080 1767
2080 2079
2081 2082
2081 286
2081 2083
2084 2085
2084 2086
2087 2088
2087 411
2089 2082
2089 286
2090 2091
2090 2092
2093 2094
2093 2091
2095 2082
2095 2085
2096 2082
2096 2085
2096 2086
2097 2086
2097 151
2098 2099
2098 2086
2098 151
2100 2101
2100 2102
2100 2103
2104 1002
2104 1607
2105 2106
2105 2107
2108 364
2108 2109
2108 2110
2111 2112
2111 2106
2111 2113
2114 2112
2114 2106
2114 2113
2115 2112
2115 2106
2115 2113
2116 2117
2116 2112
2116 2118
2119 2117
2119 2112
2119 2118
2120 2117
2120 2112
2120 2118
2121 1944
2121 974
2121 1044
2122 2123
2122 2124
2125 2126
2125 2124
2127 1208
2127 2128
2127 2129
2130 2131
2130 1440
2130 2123
2132 2131
2132 1440
2132 2123
2133 1989
2133 1607
2134 2135
2134 286
2136 2137
2136 2135
2136 2138
2139 1184
2139 2140
2141 2137
2141 2135
2141 2138
2142 365
2142 355
2143 2137
2143 2135
2143 2138
2144 1002
2144 1023
2144 1019
2144 1989
2144 1607
2145 364
2145 355
2146 2147
2146 2148
2149 2147
2149 2150
2151 2152
2151 2150
2151 2153
2154 2147
2154 2155
2156 2157
2156 2158
2159 2157
2159 2147
2159 2158
2160 2147
2160 2150
2160 2148
2160 2155
2161 2158
2161 2147
2162 2163
2162 286
2164 2165
2164 1030
2166 2152
2166 2150
2167 2150
2167 2153
2168 1061
2168 2163
2168 22
2168 284
2168 151
2168 286
2169 2170
2169 29
2169 284
2169 286
2169 521
2171 2170
2171 29
2172 2173
2172 2174
2172 2175
2172 2176
2177 2175
2177 2176
2178 1455
2178 2179
2180 2175
2180 2179
2181 2176
2181 2182
2181 2183
2184 2176
2184 2183
2185 2173
2185 2175
2186 2187
2186 2188
2186 2189
2190 1001
2190 2165
2191 2176
2191 2182
2192 2193
2192 2194
2192 2183
2195 1207
2195 2196
2195 2197
2198 2199
2198 1162
2200 2201
2200 2202
2203 2204
2203 1257
2203 2205
2206 2207
2206 1314
2206 2208
2206 2209
2210 2211
2210 1010
2210 524
2212 2213
2212 2214
2215 2216
2215 2217
2218 2216
2218 2219
2220 2211
2220 2214
2221 2213
2221 2211
2221 2214
2222 2216
2222 1482
2223 1471
2223 1482
2224 2216
2224 2214
2225 2217
2225 2216
2225 2219
2225 2214
2226 2187
2226 2188
2226 2189
2227 2228
2227 2229
2230 2229
2230 1368
2231 2228
2231 2229
2231 1368
2231 2232
2233 2229
2233 2232
2234 2232
2234 1369
2235 2236
2235 2237
2235 2238
2239 2237
2239 2232
2239 1369
2240 2237
2240 2232
2241 2236
2241 2237
2241 2238
2242 2236
2242 2237
2242 2238
2243 2244
2243 524
2245 1070
2245 2244
2246 49
2246 2247
2246 604
2248 49
2248 2247
2249 2247
2249 604
2250 1069
2250 2251
2250 2244
2252 1069
2252 2244
2253 1069
2253 2251
2254 2255
2254 2251
2254 2256
2254 2257
2258 2255
2258 2251
2259 1433
2259 688
2260 688
2260 430
2261 1433
2261 688
2261 430
2262 2263
2262 153
2264 2265
2264 689
2264 1504
2264 2266
2267 2268
2267 689
2269 2268
2269 2263
2270 2268
2270 689
2270 2263
2271 689
2271 1504
2272 689
2272 2266
2273 2274
2273 2275
2273 1002
2273 2276
2273 1023
2273 49
2273 1019
2273 2277
2278 2279
2278 2280
2278 2276
2281 2279
2281 2280
2281 2276
2282 2283
2282 2284
2282 2279
2285 2279
2285 2280
2285 2276
2286 2279
2286 2280
2286 2276
2287 2283
2287 2284
2287 2279
2288 2283
2288 2289
2288 2290
2291 2283
2291 2284
2291 2279
2292 2283
2292 2284
2292 2279
2293 295
2293 296
2294 2295
2294 1536
2294 2296
2297 2295
2297 1536
2297 2296
2298 2295
2298 1536
2298 2296
2299 2295
2299 1536
2299 2296
2300 2301
2300 2302
2303 2301
2303 2295
2304 2301
2304 2295
2304 2302
2305 402
2305 2306
2305 165
2307 2308
2307 2309
2307 2310
2311 2308
2311 2309
2311 2310
2312 2313
2312 2314
2315 2316
2315 2317
2315 2318
2319 2320
2319 2321
2322 2323
2322 2324
2322 2325
2326 2327
2326 2328
2329 2327
2329 2330
2331 2332
2331 828
2331 2189
2333 2320
2333 2334
2335 2320
2335 2334
2335 2321
2336 2323
2336 2325
2337 2324
2337 2325
2338 1944
2338 974
2338 1044
2339 392
2339 393
2339 387
2340 2187
2340 2188
2340 2189
2341 410
2341 411
2342 406
2342 407
2343 2344
2343 2345
2343 952
2346 2345
2346 2344
2347 2348
2347 604
2349 2350
2349 2348
2351 952
2351 2352
2353 2354
2353 952
2355 2344
2355 952
2356 961
2356 2354
2356 952
2356 2352
2357 961
2357 952
2358 2359
2358 960
2358 2352
2360 2361
2360 2362
2360 2363
2364 2099
2364 2365
2366 2367
2366 2368
2366 37
2369 2370
2369 1911
2369 1908
2371 2372
2371 977
2371 8
2373 2372
2373 977
2373 8
2374 2372
2374 977
2374 8
2375 2372
2375 7
2375 2376
2377 2372
2377 977
2377 8
2378 2372
2378 7
2378 2376
2379 2372
2379 7
2379 2376
2380 2381
2380 2382
2383 2372
2383 7
2383 2376
2384 2099
2384 658
2385 2386
2385 2387
2385 193
2388 1866
2388 378
2388 379
2389 468
2389 1989
2390 942
2390 2391
2390 2392
2393 1866
2393 378
2394 2395
2394 2396
2394 2397
2398 22
2398 2399
2398 47
2400 2401
2400 2402
2400 2403
2404 2405
2404 2406
2407 2406
2407 2397
2408 2395
2408 2396
2408 2397
2409 2395
2409 2396
2409 2397
2410 2411
2410 2412
2413 2401
2413 2402
2413 2403
2414 2405
2414 2406
2414 2397
2415 2416
2415 2412
2417 2418
2417 2419
2417 2420
2417 2421
2422 2401
2422 2402
2422 2403
2423 2424
2423 2425
2423 469
2423 2426
2427 2401
2427 2402
2427 2403
2428 469
2428 470
2429 2430
2429 2431
2432 2433
2432 2434
2435 2436
2435 2437
2435 2438
2439 942
2439 2391
2439 2392
2440 2441
2440 2442
2443 2444
2443 2442
2445 2437
2445 2433
2445 2434
2446 2437
2446 2434
2447 296
2447 2448
2447 2449
2447 2450
2451 283
2451 177
2452 1061
2452 283
2453 283
2453 2454
2455 1061
2455 177
2455 174
2455 22
2455 283
2455 286
2455 284
2456 169
2456 2457
2458 641
2458 268
2459 436
2459 2457
2460 1110
2460 1044
2461 640
2461 268
2462 639
2462 268
2463 848
2463 849
2463 841
2464 844
2464 639
2465 434
2465 2457
2466 849
2466 639
2467 2468
2467 2469
2470 2471
2470 2469
2472 2473
2472 2474
2475 2471
2475 2468
2475 2469
2476 2473
2476 2469
2477 2473
2477 2478
2479 2480
2479 2481
2482 2473
2482 2469
2482 2478
2482 2474
2483 2484
2483 2481
2485 980
2485 2481
2486 2487
2486 2488
2486 2489
2490 2491
2490 2492
2490 2488
2493 519
2493 2088
2494 1748
2494 2495
2494 2496
2497 2370
2497 1911
2497 1908
2498 2370
2498 1911
2498 1908
2499 2370
2499 1911
2499 1908
2500 1038
2500 1030
2501 2502
2501 2503
2504 2502
2504 2505
2506 2491
2506 2507
2508 2509
2508 2491
2508 2507
2510 2491
2510 2492
2510 2488
2511 2509
2511 2507
2512 2491
2512 2492
2512 2488
2513 2491
2513 2492
2513 2488
2514 1709
2514 151
2515 312
2515 318
2516 2316
2516 2517
2516 2518
2516 2519
2520 2518
2520 2519
2521 2522
2521 2523
2521 2524
2525 2522
2525 2523
2525 2524
2526 2522
2526 2523
2526 2524
2527 2517
2527 2519
2528 2529
2528 2530
2531 2532
2531 1025
2533 42
2533 2534
2533 375
2535 2536
2535 1002
2535 2532
2535 1025
2535 764
2535 1023
2535 1019
2535 2537
2538 2539
2538 2540
2538 2534
2541 42
2541 2534
2541 375
2542 1023
2542 1025
2543 1019
2543 1025
2544 42
2544 2534
2544 375
2545 1002
2545 1025
2546 2547
2546 2548
2549 2550
2549 1962
2549 2551
2552 2548
2552 2547
2552 2550
2553 2547
2553 2550
2554 2550
2554 1962
2554 2551
2555 2550
2555 1962
2555 2551
2556 2550
2556 1962
2556 2551
2557 1960
2557 1961
2557 1962
2558 2559
2558 2560
2558 2561
2562 2559
2562 2560
2562 2561
2563 2560
2563 2564
2565 2566
2565 2564
2567 2568
2567 2569
2567 2566
2570 2569
2570 2566
2571 2559
2571 2560
2571 2561
2572 2559
2572 2560
2572 2561
2573 432
2573 2457
2574 2568
2574 2566
2575 2576
2575 2569
2575 2577
2578 2579
2578 2580
2581 2580
2581 2582
2581 2579
2583 432
2583 434
2583 169
2583 436
2583 2457
2584 2582
2584 2580
2585 2586
2585 2587
2585 2588
2589 2590
2589 2591
2589 2592
2593 2594
2593 286
2593 2595
2596 2597
2596 2598
2596 2599
2600 2601
2600 193
2602 2590
2602 2592
2603 2604
2603 2605
2603 2606
2607 2608
2607 2609
2610 2611
2610 2612
2610 2613
2614 2615
2614 2609
2616 2611
2616 2612
2616 2613
2617 2611
2617 2612
2617 2613
2618 1738
2618 1739
2618 1740
2619 2620
2619 87
2621 2622
2621 2623
2624 2604
2624 2609
2625 1245
2625 2626
2627 2201
2627 1271
2628 2629
2628 2630
2628 2611
2631 2604
2631 2608
2631 2615
2631 2609
2632 416
2632 2633
2634 416
2634 426
2635 930
2635 2636
2637 931
2637 2636
2638 2639
2638 113
2640 930
2640 931
2640 2636
2641 2636
2641 113
2642 2643
2642 113
2644 113
2644 2645
2646 2636
2646 2643
2646 2639
2646 113
2647 2648
2647 2649
2650 930
2650 2651
2650 2216
2652 930
2652 2651
2652 2216
2653 2654
2653 2655
2656 2350
2656 2657
2658 2657
2658 1989
2659 192
2659 2601
2659 193
2659 2592
2660 26
2660 2661
2660 1632
2662 2663
2662 907
2662 895
2664 2665
2664 193
2666 2667
2666 2668
2666 2669
2670 2671
2670 2672
2670 2673
2674 2675
2674 2669
2674 570
2676 2675
2676 2669
2676 570
2677 2678
2677 2679
2677 2680
2681 2678
2681 2679
2681 2680
2682 2683
2682 2684
2685 2683
2685 2680
2685 2686
2687 602
2687 598
2687 2688
2689 2683
2689 2684
2690 2683
2690 2680
2690 2686
2691 2678
2691 2679
2691 2680
2692 2683
2692 2680
2692 2686
2693 2683
2693 2680
2693 2686
2694 193
2694 2592
2695 2675
2695 2696
2695 2672
2697 2671
2697 2673
2698 1271
2698 2699
2700 2701
2700 1946
2700 853
2702 2701
2702 1946
2702 853
2703 2704
2703 2701
2703 2705
2706 2704
2706 2701
2706 2705
2707 2704
2707 2701
2707 2705
2708 2709
2708 1098
2708 2710
2711 1944
2711 2712
2713 2714
2713 2715
2713 692
2716 2717
2716 2718
2719 2717
2719 2720
2721 1006
2721 2722
2723 2712
2723 975
2724 1944
2724 2712
2724 975
2725 2714
2725 2715
2726 2715
2726 692
2727 2728
2727 700
2727 2729
2730 2728
2730 700
2730 2729
2731 2729
2731 2732
2731 2733
2734 2729
2734 2732
2734 2733
2735 2736
2735 695
2735 2728
2737 2736
2737 695
2737 2728
2738 2728
2738 700
2738 2729
2739 2728
2739 700
2739 2729
2740 2736
2740 695
2740 2728
2741 2736
2741 695
2741 2728
2742 971
2742 2722
2742 1006
2743 2744
2743 2745
2743 2746
2747 2748
2747 2749
2750 2751
2750 2748
2750 2749
2750 2752
2753 2754
2753 183
2755 2754
2755 189
2756 183
2756 2754
2756 189
2757 2748
2757 2758
2757 2759
2760 1337
2760 2759
2760 2761
2762 2763
2762 2764
2762 2765
2766 1337
2766 2759
2766 2761
2767 1337
2767 2759
2767 2761
2768 2769
2768 2770
2768 2771
2772 957
2772 2773
2774 2775
2774 2776
2777 1402
2777 2775
2778 1402
2778 2775
2778 2776
2779 2780
2779 1399
2781 2780
2781 169
2782 2780
2782 169
2782 1399
2783 1413
2783 2784
2785 1413
2785 1409
2786 1413
2786 1409
2786 2784
2787 2788
2787 2789
2790 2791
2790 39
2792 2791
2792 2793
2792 2794
2792 39
2795 1648
2795 39
2796 2367
2796 1648
2797 2798
2797 2791
2799 2800
2799 2798
2799 2791
2801 2793
2801 39
2802 526
2802 529
2802 538
2802 527
2803 2798
2803 286
2803 1028
2804 2800
2804 2791
2805 2806
2805 2807
2805 2808
2809 2806
2809 2807
2809 2808
2810 868
2810 2811
2812 2813
2812 2811
2814 2815
2814 2816
2817 868
2817 2813
2817 2811
2818 868
2818 2819
2818 2808
2820 868
2820 2819
2820 2808
2821 868
2821 2819
2821 2808
2822 868
2822 2819
2822 2808
2823 1009
2823 2824
2825 2202
2825 2826
2827 1485
2827 2826
2828 2829
2828 1271
2828 73
2830 2829
2830 73
2831 2829
2831 1271
2832 844
2832 2833
2832 641
2834 844
2834 641
2835 2833
2835 641
2836 2837
2836 1371
2836 268
2838 2837
2838 1371
2839 2840
2839 2841
2839 2842
2839 2843
2844 2842
2844 2845
2846 2845
2846 2847
2848 2842
2848 2847
2848 2845
2849 2840
2849 2850
2849 2851
2852 2843
2852 2842
2853 2841
2853 2842
2854 2840
2854 2842
2855 2856
2855 2857
2858 2173
2858 2183
2859 2860
2859 1052
2859 2182
2861 2860
2861 1052
2861 2182
2862 1054
2862 284
2862 286
2862 2860
2862 22
2863 1054
2863 2860
2864 22
2864 2860
2865 284
2865 2860
2866 2173
2866 2867
2866 2183
2868 2869
2868 1086
2868 2870
2871 2869
2871 1086
2871 2870
2872 2869
2872 1086
2872 2870
2873 2874
2873 2875
2876 2877
2876 2878
2876 2879
2880 2877
2880 2874
2880 2875
2881 2877
2881 2875
2882 2877
2882 2878
2883 2877
2883 2879
2884 2885
2884 2886
2887 2885
2887 2888
2887 2886
2889 1647
2889 2890
2891 286
2891 889
2892 381
2892 382
2892 383
2893 1217
2893 2894
2895 381
2895 382
2895 383
2896 889
2896 2897
2898 2899
2898 2900
2901 22
2901 473
2902 2903
2902 2886
2902 2904
2905 2906
2905 2907
2908 2885
2908 2888
2909 1245
2909 1241
2909 2910
2911 2912
2911 2913
2911 2904
2914 2915
2914 1510
2916 1647
2916 2906
2917 2918
2917 2915
2917 889
2919 2920
2919 2921
2919 2922
2923 2915
2923 889
2924 2925
2924 2926
2927 2928
2927 2925
2927 2926
2929 1095
2929 2930
2931 2932
2931 2933
2934 2932
2934 2925
2935 29
2935 2925
2936 29
2936 2925
2936 519
2937 2933
2937 430
2937 153
2938 519
2938 2925
2939 2933
2939 153
2940 2933
2940 430
2941 2942
2941 2943
2941 2944
2945 2946
2945 2947
2948 2920
2948 2921
2948 2922
2949 2284
2949 2946
2950 2284
2950 2951
2950 2942
2950 2946
2952 1019
2952 2280
2953 1023
2953 2280
2954 2946
2954 2943
2955 2946
2955 2943
2955 2947
2956 2284
2956 2951
2957 2284
2957 2942
2958 2959
2958 317
2958 1105
2960 2959
2960 317
2960 1105
2961 322
2961 2959
2961 2962
2963 2959
2963 317
2963 1105
2964 322
2964 2959
2964 2962
2965 322
2965 2959
2965 2962
2966 1095
2966 1104
2966 411
2967 322
2967 2959
2967 2962
2968 1095
2968 1104
2969 1104
2969 411
2970 26
2970 2661
2970 1632
2971 1095
2971 2930
2971 151
2972 2973
2972 2974
2975 2976
2975 2977
2975 2978
2979 2980
2979 26
2981 2930
2981 151
2982 2983
2982 2280
2982 2276
2984 1628
2984 604
2985 1628
2985 286
2986 960
2986 1617
2986 604
2987 960
2987 604
2988 960
2988 1617
2989 2359
2989 1628
2989 2354
2990 2359
2990 2354
2991 1628
2991 2354
2992 1628
2992 2993
2992 284
2992 286
2992 604
2994 1628
2994 2993
2995 2996
2995 2997
2998 1647
2998 2999
2998 3000
3001 1647
3001 2999
3001 3000
3002 3000
3002 2907
3002 2930
3003 3000
3003 2907
3003 2930
3004 2999
3004 3005
3006 1215
3006 3005
3007 1647
3007 2999
3007 3000
3008 2996
3008 3009
3010 3000
3010 2907
3010 2930
3011 3000
3011 2907
3011 2930
3012 1804
3012 1812
3012 3013
3014 2996
3014 2983
3015 3016
3015 3017
3018 3019
3018 521
3020 1028
3020 1215
3021 2196
3021 543
3022 3019
3022 3023
3022 2256
3024 3025
3024 2332
3026 2332
3026 3027
3028 3029
3028 2332
3030 3025
3030 2332
3030 3031
3030 3027
3032 3033
3032 3034
3032 3035
3036 2187
3036 153
3036 999
3037 2187
3037 999
3038 2187
3038 153
3039 3019
3039 1056
3040 2099
3040 3041
3042 3043
3042 3044
3042 3045
3046 3019
3046 49
3047 29
3047 3041
3048 590
3048 3049
3050 3051
3050 590
3050 3049
3052 591
3052 3053
3054 591
3054 3055
3056 3043
3056 3049
3056 3057
3058 2099
3058 29
3058 3041
3059 3043
3059 3049
3059 3057
3060 3051
3060 590
3061 3062
3061 2330
3063 1028
3063 1215
3063 169
3064 3062
3064 3041
3065 3062
3065 3041
3065 2330
3066 1037
3066 1838
3067 432
3067 3068
3069 434
3069 3068
3070 2327
3070 2323
3071 1037
3071 3072
3073 3074
3073 2749
3075 3076
3075 3077
3075 1343
3078 3074
3078 2749
3078 3079
3080 3074
3080 3079
3081 432
3081 434
3081 436
3081 3068
3081 291
3082 3068
3082 291
3083 3076
3083 1343
3084 3076
3084 3077
3085 1037
3085 1838
3085 3072
3086 1838
3086 3087
3086 3088
3089 1838
3089 3087
3089 3088
3090 1838
3090 3087
3090 3088
3091 1838
3091 3087
3091 3088
3092 1002
3092 1023
3092 1019
3092 764
3092 3087
3093 764
3093 3087
3094 1381
3094 3095
3096 2736
3096 695
3096 3097
3098 2736
3098 3097
3099 695
3099 3097
3100 1989
3100 1393
3101 3095
3101 1381
3101 3102
3101 3097
3103 1381
3103 3097
3104 1381
3104 3102
3105 2736
3105 700
3105 3102
3106 2736
3106 3102
3107 2473
3107 3108
3107 3109
3110 2187
3110 3111
3112 3113
3112 2481
3112 3109
3114 3113
3114 2481
3114 3109
3115 3108
3115 3116
3115 3117
3118 3108
3118 3116
3118 3117
3119 2473
3119 3108
3119 3109
3120 3111
3120 2332
3121 284
3121 1047
3122 3113
3122 2481
3122 3109
3123 3113
3123 2481
3123 3109
3124 2999
3124 3125
3126 2274
3126 3127
3128 2277
3128 3129
3128 3130
3131 3132
3131 1019
3131 3133
3134 177
3134 3135
3136 3137
3136 68
3138 3137
3138 56
3139 3127
3139 2277
3140 3127
3140 2275
3141 3133
3141 1019
3142 2274
3142 3127
3142 2275
3142 2277
3143 2548
3143 411
3144 2548
3144 180
3145 1960
3145 1961
3145 1962
3146 180
3146 2548
3146 411
3147 3148
3147 3149
3150 3151
3150 226
3152 3148
3152 3149
3152 2550
3153 3149
3153 2550
3154 3148
3154 3155
3156 3151
3156 3157
3158 3159
3158 3160
3161 3162
3161 3163
3161 3164
3165 3166
3165 12
3167 805
3167 3168
3167 3169
3170 3162
3170 3163
3170 3164
3171 805
3171 3168
3171 3169
3172 1555
3172 3173
3174 3175
3174 3176
3174 3177
3178 1562
3178 3179
3178 1557
3180 3179
3180 1557
3181 1562
3181 3179
3182 3183
3182 3184
3182 3176
3185 430
3185 1557
3186 238
3186 1557
3187 236
3187 1557
3188 3189
3188 500
3190 973
3190 974
3190 975
3191 1184
3191 939
3192 1863
3192 3193
3192 3194
3195 177
3195 1184
3195 939
3196 3197
3196 3198
3196 3199
3196 2580
3200 436
3200 3201
3202 434
3202 3201
3203 3204
3203 947
3205 3201
3205 151
3206 3207
3206 2824
3206 3208
3206 1013
3209 3197
3209 3210
3209 3201
3211 3197
3211 3210
3211 3201
3212 3204
3212 939
3213 540
3213 527
3214 3197
3214 3199
3215 947
3215 939
3215 3204
3216 2207
3216 2117
3216 2113
3217 2229
3217 3218
3219 2207
3219 2113
3220 3221
3220 938
3222 11
3222 20
3223 1314
3223 11
3223 20
3224 849
3224 844
3224 639
3225 1189
3225 1745
3226 3227
3226 151
3228 284
3228 3227
3229 772
3229 3230
3231 284
3231 3227
3231 151
3232 772
3232 286
3232 3230
3233 286
3233 3230
3234 3230
3234 3227
3234 1617
3235 3230
3235 3227
3235 1617
3236 3237
3236 3238
3236 3239
3240 3238
3240 3239
3241 1550
3241 3242
3241 3243
3244 3245
3244 3246
3247 3243
3247 3246
3248 3243
3248 3245
3248 3246
3249 3242
3249 1562
3249 1557
3250 1550
3250 3242
3250 3243
3251 1550
3251 3242
3251 3243
3252 1550
3252 3242
3252 3243
3253 3242
3253 1562
3253 1557
3254 3242
3254 1562
3254 1557
3255 1479
3255 105
3255 3256
3257 1479
3257 105
3257 3256
3258 3259
3258 104
3258 105
3260 3259
3260 105
3261 3259
3261 104
3262 1479
3262 105
3262 3256
3263 3264
3263 3259
3263 2645
3263 3265
3266 3264
3266 3259
3267 3264
3267 2645
3268 3264
3268 3265
3269 3270
3269 3208
3269 3271
3272 288
3272 289
3272 283
3273 3270
3273 3271
3274 3275
3274 3276
3277 3278
3277 3279
3280 1567
3280 3281
3280 3282
3283 1567
3283 3281
3283 3282
3284 3285
3284 206
3286 521
3286 3285
3287 1567
3287 3281
3287 3282
3288 1567
3288 3281
3288 3282
3289 967
3289 3290
3291 3285
3291 3290
3292 521
3292 3285
3292 206
3292 3282
3293 3285
3293 3282
3294 3295
3294 174
3294 2594
3296 3297
3296 1713
3298 3297
3298 177
3299 3297
3299 177
3299 1713
3300 3301
3300 3295
3302 3297
3302 3301
3303 3297
3303 3301
3303 3295
3304 306
3304 3295
3305 306
3305 3295
3305 2448
3306 2879
3306 3307
3308 3295
3308 2594
3309 3295
3309 174
3310 535
3310 1583
3310 3311
3312 508
3312 3311
3312 3313
3314 508
3314 3311
3314 3313
3315 508
3315 3311
3315 3313
3316 508
3316 3311
3316 3313
3317 3318
3317 508
3319 3318
3319 151
3320 508
3320 3318
3320 151
3321 535
3321 3311
3322 1583
3322 3311
3323 487
3323 1583
3323 521
3324 487
3324 488
3324 489
3325 3326
3325 3327
3325 3328
3329 475
3329 206
3329 524
3330 212
3330 477
3331 1070
3331 488
3331 3332
3333 521
3333 3334
3335 1070
3335 488
3335 3332
3336 1070
3336 488
3336 3332
3337 212
3337 479
3338 1070
3338 488
3338 3332
3339 49
3339 479
3340 487
3340 488
3340 489
3341 3342
3341 2878
3341 2976
3343 3342
3343 2878
3343 2976
3344 3345
3344 714
3344 3346
3347 3345
3347 714
3347 3346
3348 3349
3348 3350
3351 3349
3351 3346
3352 3349
3352 3350
3352 3346
3353 3354
3353 2402
3355 2402
3355 3356
3357 3349
3357 2402
3358 3349
3358 2402
3358 3356
3358 3354
3359 2751
3359 2402
3360 2976
3360 2977
3360 2978
3361 1367
3361 545
3362 29
3362 1095
3362 3363
3364 3365
3364 1367
3366 628
3366 646
3367 521
3367 286
3367 284
3367 545
3367 3365
3367 1367
3368 3369
3368 3370
3371 78
3371 3372
3371 79
3373 977
3373 286
3374 3365
3374 1359
3374 3375
3376 3377
3376 3378
3379 284
3379 1367
3380 2174
3380 2182
3380 2867
3381 2317
3381 2518
3382 2174
3382 2867
3383 2174
3383 2182
3384 3385
3384 3386
3387 3388
3387 3386
3389 2705
3389 854
3390 853
3390 854
3390 2705
3391 2918
3391 151
3392 2918
3392 1713
3392 151
3393 886
3393 889
3393 887
3394 2918
3394 1713
3395 3396
3395 1464
3397 2175
3397 3396
3397 1464
3398 886
3398 3399
3400 3401
3400 3402
3400 886
3400 3399
3403 977
3403 238
3404 3405
3404 3406
3404 2579
3407 3408
3407 3409
3407 3378
3407 3410
3411 2518
3411 3363
3412 3413
3412 3414
3415 288
3415 283
3416 3417
3416 3377
3416 3378
3418 2317
3418 2518
3418 3363
3419 977
3419 235
3420 3417
3420 3377
3421 2317
3421 430
3422 2847
3422 3423
3422 349
3424 3425
3424 3426
3427 3428
3427 3429
3430 3429
3430 3431
3432 3428
3432 3425
3433 3434
3433 3428
3433 2845
3433 3425
3435 3434
3435 3428
3436 3428
3436 2845
3437 3425
3437 2847
3438 3425
3438 3426
3438 2847
3439 999
3439 3440
3441 1028
3441 2317
3441 430
3442 8
3442 151
3443 2083
3443 3440
3444 3445
3444 2874
3444 3446
3447 3445
3447 2874
3448 1095
3448 3363
3449 3450
3449 3451
3449 3452
3453 3450
3453 3451
3453 3452
3454 3450
3454 3451
3454 3452
3455 3450
3455 3451
3455 3452
3456 3457
3456 3452
3456 3307
3458 3457
3458 3452
3458 3307
3459 3457
3459 3452
3459 3307
3460 3457
3460 3452
3460 3307
3461 691
3461 692
3461 693
3462 29
3462 3363
3463 3464
3463 813
3465 3464
3465 3466
3467 3464
3467 360
3468 3464
3468 3469
3470 3464
3470 2870
3471 3464
3471 3445
3472 3464
3472 2123
3473 3464
3473 1415
3474 3464
3474 3475
3476 3464
3476 870
3477 977
3477 8
3477 239
3478 7
3478 977
3478 237
3479 999
3479 3440
3479 2083
3480 1917
3480 1911
3481 691
3481 692
3481 693
3482 1509
3482 567
3482 3483
3484 29
3484 399
3485 29
3485 1754
3485 399
3486 398
3486 3487
3488 399
3488 3487
3489 398
3489 399
3489 3487
3490 3491
3490 3492
3493 3491
3493 3494
3495 3491
3495 3487
3496 519
3496 430
3496 398
3497 1754
3497 399
3498 3499
3498 3500
3501 3500
3501 3502
3503 3504
3503 3505
3506 3504
3506 3507
3506 3505
3508 3502
3508 3509
3508 3505
3510 3504
3510 3507
3511 3502
3511 3509
3512 3502
3512 3505
3513 3499
3513 3507
3514 3499
3514 3509
3514 3507
3515 1706
3515 1711
3515 1487
3516 3517
3516 3518
3516 1713
3519 2630
3519 1553
3519 2613
3520 2629
3520 313
3521 2629
3521 411
3522 2629
3522 313
3522 411
3523 3524
3523 3525
3526 321
3526 3525
3527 3525
3527 3528
3529 321
3529 3524
3529 3525
3529 3528
3530 3531
3530 235
3532 3531
3532 236
3533 140
3533 167
3533 141
3534 2487
3534 1713
3535 3536
3535 3537
3535 3538
3539 3536
3539 3537
3539 3538
3540 2502
3540 3541
3542 3543
3542 177
3544 3543
3544 1061
3545 3543
3545 3546
3545 3547
3548 3543
3548 1061
3548 177
3549 3543
3549 3546
3549 3547
3550 3543
3550 3546
3550 3547
3551 3552
3551 284
3553 3543
3553 3546
3553 3547
3554 22
3554 284
3554 286
3554 174
3554 3547
3555 174
3555 3547
3556 264
3556 265
3556 3557
3558 1732
3558 1739
3559 264
3559 3557
3560 3561
3560 170
3562 2368
3562 3563
3562 39
3564 3561
3564 3563
3564 170
3565 3561
3565 3563
3566 2368
3566 3563
3566 39
3567 2367
3567 2368
3567 37
3568 2368
3568 3563
3568 39
3569 2368
3569 3563
3569 39
3570 3571
3570 3572
3570 3573
3574 2367
3574 2368
3574 37
3575 3576
3575 3577
3575 3578
3579 2487
3579 430
3580 284
3580 379
3580 286
3580 1732
3580 1739
3581 3582
3581 3041
3581 2330
3583 1981
3583 3584
3583 3585
3586 3587
3586 3588
3589 29
3589 1911
3590 1645
3590 3591
3592 1641
3592 3591
3593 3594
3593 561
3595 3594
3595 591
3595 561
3596 1245
3596 1242
3596 2626
3597 3594
3597 591
3598 1242
3598 2626
3599 655
3599 3600
3601 655
3601 3600
3601 3602
3603 1641
3603 1645
3603 3591
3604 3600
3604 3602
3605 3606
3605 2309
3605 3602
3607 2667
3607 2668
3607 2669
3608 3609
3608 466
3610 2672
3610 2673
3611 3612
3611 1850
3611 3613
3614 2667
3614 2668
3614 2669
3615 2667
3615 2668
3615 2669
3616 3617
3616 2900
3616 3618
3619 3620
3619 3621
3622 3606
3622 655
3622 649
3623 3624
3623 3625
3626 3627
3626 3628
3629 3606
3629 2309
3629 3602
3630 3631
3630 3563
3630 170
3632 3633
3632 3624
3634 2833
3634 2829
3635 2833
3635 3636
3635 738
3637 1878
3637 169
3638 1212
3638 3639
3640 1878
3640 169
3640 153
3641 2833
3641 1270
3642 379
3642 3643
3644 3645
3644 3646
3644 3647
3648 3645
3648 3646
3648 3647
3649 126
3649 3013
3649 3650
3651 126
3651 3013
3651 3650
3652 1804
3652 1812
3652 3013
3653 126
3653 3013
3653 3650
3654 126
3654 3655
3656 3657
3656 126
3656 3655
3658 126
3658 3013
3658 3650
3659 3657
3659 3655
3660 1804
3660 1812
3660 3013
3661 379
3661 1617
3661 3643
3662 2043
3662 2040
3662 3663
3664 2043
3664 2040
3664 3663
3665 2043
3665 2040
3665 3663
3666 2043
3666 2040
3666 3663
3667 2040
3667 1381
3667 3668
3669 2040
3669 1381
3669 3668
3670 2040
3670 1381
3670 3668
3671 2040
3671 1381
3671 3668
3672 3019
3672 49
3672 1056
3672 521
3672 524
3673 3019
3673 524
3674 1393
3674 3668
3674 1383
3675 1393
3675 3668
3675 1383
3676 1056
3676 3023
3677 3019
3677 3678
3677 2257
3679 3678
3679 2257
3680 3019
3680 2257
3681 3183
3681 3682
3681 3177
3683 3183
3683 3682
3684 3685
3684 2152
3684 2153
3686 3685
3686 2152
3686 2153
3687 368
3687 375
3688 368
3688 2540
3689 3682
3689 3177
3690 368
3690 2540
3690 375
3691 369
3691 777
3691 3692
3693 777
3693 3692
3694 153
3694 3695
3696 1622
3696 153
3696 1083
3697 153
3697 174
3697 3695
3698 174
3698 3695
3699 3700
3699 3701
3702 519
3702 3135
3703 3695
3703 3704
3705 519
3705 177
3705 3135
3706 3707
3706 3708
3706 3709
3710 3709
3710 3708
3711 1622
3711 153
3711 1083
3712 1622
3712 153
3712 1083
3713 1187
3713 3714
3713 3715
3713 1745
3716 1187
3716 3715
3717 3718
3717 2140
3717 3719
3720 3718
3720 2140
3720 3719
3721 173
3721 411
3721 1600
3722 411
3722 1600
3723 173
3723 1600
3724 1598
3724 3725
3724 3715
3726 1598
3726 3725
3727 3725
3727 3715
3728 3729
3728 3275
3728 3429
3728 3730
3731 3732
3731 3733
3731 902
3734 903
3734 3735
3736 902
3736 3735
3737 902
3737 903
3737 3735
3738 236
3738 2007
3739 3733
3739 3740
3739 3741
3742 236
3742 1608
3743 3744
3743 1801
3745 286
3745 3746
3747 3732
3747 3733
3747 902
3748 286
3748 1767
3748 3746
3749 3732
3749 3733
3749 902
3750 772
3750 773
3750 151
3751 3369
3751 3752
3751 3370
3753 2857
3753 3754
3755 3752
3755 3370
3756 1767
3756 3746
3757 2582
3757 3405
3757 3369
3758 2582
3758 3405
3758 3369
3759 2582
3759 3405
3759 3369
3760 2582
3760 3405
3760 3369
3761 3405
3761 3406
3761 2579
3762 773
3762 3763
3762 3746
3764 3365
3764 1359
3764 3375
3765 3365
3765 1359
3765 3375
3766 222
3766 578
3766 572
3767 2784
3767 2789
3768 307
3768 3769
3768 3045
3770 3771
3770 2405
3770 2397
3772 773
3772 3763
3773 1262
3773 286
3773 3774
3775 3763
3775 3746
3776 2430
3776 3777
3776 3778
3779 2324
3779 3780
3779 3781
3782 2324
3782 3780
3782 3781
3783 3784
3783 1575
3783 284
3783 201
3783 286
3785 2323
3785 3786
3785 3780
3787 2323
3787 3786
3787 3780
3788 2324
3788 3780
3788 3781
3789 2323
3789 3786
3789 3780
3790 2418
3790 3786
3791 2418
3791 3792
3791 3786
3793 2323
3793 3786
3793 3780
3794 2418
3794 3792
3795 3796
3795 2308
3795 3797
3798 3606
3798 655
3798 649
3799 3800
3799 3801
3802 3803
3802 3239
3802 3804
3805 3801
3805 2219
3806 3803
3806 3238
3806 3800
3806 3801
3807 3803
3807 3801
3808 3238
3808 3801
3809 3810
3809 169
3811 3810
3811 284
3812 2211
3812 3801
3812 2219
3813 2211
3813 2219
3814 3815
3814 3816
3817 3818
3817 823
3819 3820
3819 1801
3819 3821
3822 226
3822 999
3823 3733
3823 3740
3823 3741
3824 3733
3824 3740
3824 3741
3825 226
3825 1754
3826 3827
3826 3828
3829 3744
3829 3828
3830 3744
3830 1800
3830 1801
3831 3832
3831 3828
3833 3744
3833 1800
3834 227
3834 3157
3834 3835
3836 3820
3836 1801
3836 3821
3837 3820
3837 1801
3837 3821
3838 3771
3838 2405
3838 2397
3839 3771
3839 2405
3839 2397
3840 3784
3840 3237
3840 3841
3842 3784
3842 3237
3842 3841
3843 572
3843 222
3844 572
3844 578
3845 222
3845 3846
3847 3848
3847 222
3847 3846
3847 1695
3849 3850
3849 1575
3851 3835
3851 3157
3852 3850
3852 1575
3852 1570
3853 3850
3853 1570
3854 1575
3854 286
3855 1575
3855 284
3856 3784
3856 1575
3857 3858
3857 1515
3857 3859
3860 3157
3860 3861
3862 3863
3862 3157
3864 3865
3864 3866
3864 3867
3868 793
3868 794
3868 795
3869 3870
3869 3871
3869 3872
3873 3870
3873 3871
3873 3872
3874 3870
3874 3871
3874 3872
3875 3870
3875 3871
3875 3872
3876 3872
3876 2129
3876 3877
3878 3872
3878 2129
3878 3877
3879 3872
3879 2129
3879 3877
3880 3872
3880 2129
3880 3877
3881 3882
3881 2129
3883 3884
3883 3885
3883 3886
3887 3884
3887 3886
3888 29
3888 3885
3889 1061
3889 3885
3890 3885
3890 3891
3892 1061
3892 430
3892 3885
3892 22
3892 284
3892 29
3892 286
3893 286
3893 3885
3894 284
3894 3885
3895 430
3895 3885
3896 22
3896 3885
3897 3898
3897 3899
3897 3385
3900 3898
3900 3899
3900 3385
3901 3898
3901 3902
3901 3546
3903 3898
3903 3902
3903 3546
3904 3899
3904 1940
3905 3899
3905 1940
3906 3898
3906 3899
3906 3385
3907 3898
3907 3899
3907 3385
3908 3898
3908 3902
3908 3546
3909 3898
3909 3902
3909 3546
3910 1866
3910 3911
3912 764
3912 3911
3913 2426
3913 3914
3915 2426
3915 3911
3916 2424
3916 469
3917 2426
3917 3911
3917 3914
3918 379
3918 3914
3919 1866
3919 764
3919 3911
3920 379
3920 535
3920 3914
3921 535
3921 3914
3922 177
3922 3923
3924 177
3924 3923
3924 2897
3925 289
3925 174
3925 1061
3926 1262
3926 1263
3927 3928
3927 3923
3927 3929
3930 3931
3930 3932
3933 3928
3933 3929
3934 3928
3934 3923
3935 3928
3935 3931
3935 3932
3935 3936
3937 3938
3937 3931
3939 3931
3939 3936
3940 3928
3940 3931
3941 3942
3941 3943
3941 1669
3944 3942
3944 3943
3944 1669
3945 3942
3945 3946
3947 3946
3947 151
3948 3942
3948 3943
3948 1669
3949 3942
3949 3943
3949 1669
3950 3951
3950 286
3952 3951
3952 286
3952 508
3953 3942
3953 3946
3953 151
3954 3951
3954 508
3955 3956
3955 3957
3955 2163
3958 2597
3958 284
3959 3960
3959 2586
3961 2597
3961 3960
3961 2586
3962 3957
3962 2597
3962 22
3962 169
3962 286
3962 284
3963 2597
3963 3960
3964 2597
3964 169
3965 3957
3965 2597
3966 2597
3966 286
3967 2597
3967 22
3968 566
3968 567
3968 1510
3969 2897
3969 3483
3970 151
3970 3483
3971 151
3971 2897
3971 3483
3972 2099
3972 567
3973 286
3973 567
3974 2099
3974 286
3974 567
3975 3976
3975 3483
3977 2696
3977 3978
3977 3979
3980 630
3980 521
3981 3631
3981 1219
3981 2978
3982 3983
3982 2977
3984 566
3984 1510
3985 3986
3985 903
3985 3987
3988 3989
3988 1540
3990 1546
3990 3989
3991 1546
3991 3989
3991 1540
3992 1804
3992 3993
3994 1804
3994 3993
3994 3650
3995 2418
3995 2421
3996 3986
3996 903
3997 1367
3997 3998
3997 3999
4000 1367
4000 3998
4000 3999
4001 428
4001 417
4001 2633
4002 3993
4002 3650
4003 2912
4003 2913
4003 2904
4004 2888
4004 3998
4005 2912
4005 2913
4005 2904
4006 2912
4006 2913
4006 2904
4007 1662
4007 202
4007 524
4008 4009
4008 1664
4010 1662
4010 202
4011 1662
4011 524
4012 2010
4012 2012
4013 2010
4013 4014
4015 1662
4015 4009
4016 1662
4016 4009
4016 1664
4017 49
4017 1664
4018 1866
4018 49
4018 1664
4019 284
4019 22
4019 4020
4019 286
4019 169
4021 545
4021 1095
4021 4022
4023 3957
4023 4020
4023 4024
4025 2170
4025 286
4026 2170
4026 521
4027 4020
4027 284
4028 4020
4028 286
4029 4030
4029 4031
4029 4032
4033 22
4033 4020
4034 4020
4034 169
4035 4036
4035 4037
4035 4038
4039 4036
4039 4037
4039 4038
4040 4036
4040 4037
4040 4038
4041 4036
4041 4037
4041 4038
4042 4043
4042 4044
4042 4045
4042 4046
4042 4047
4042 4048
4042 4049
4042 4050
4051 4036
4051 22
4052 4036
4052 1583
4053 4036
4053 1583
4053 22
4054 4046
4054 4049
4055 4046
4055 4050
4056 1095
4056 4022
4057 4058
4057 4059
4057 538
4057 4060
4061 4062
4061 4063
4064 4065
4064 4066
4067 1898
4067 1899
4067 1900
4068 4065
4068 2588
4069 614
4069 4070
4069 4071
4072 3882
4072 4073
4074 614
4074 4070
4074 4071
4075 3902
4075 3552
4075 4076
4077 4078
4077 1047
4077 1464
4079 614
4079 4070
4079 4071
4080 1796
4080 1787
4081 4082
4081 1787
4083 4084
4083 828
4085 4084
4085 827
4085 828
4086 1787
4086 4087
4088 4089
4088 4087
4090 4084
4090 1787
4091 4082
4091 4084
4091 1796
4091 1787
4092 614
4092 4070
4092 4071
4093 2332
4093 828
4093 2189
4094 4084
4094 827
4095 1837
4095 4096
4095 3431
4097 1837
4097 4096
4097 3431
4098 1786
4098 4089
4098 4099
4100 1786
4100 4089
4100 4099
4101 3578
4101 4099
4101 1787
4102 1786
4102 4089
4102 4099
4103 3578
4103 4099
4103 1787
4104 3578
4104 4099
4104 1787
4105 3576
4105 3577
4106 3578
4106 4099
4106 1787
4107 1786
4107 4089
4107 4099
4108 4109
4108 3576
4108 4110
4111 863
4111 4112
4111 1056
4113 4114
4113 47
4115 2284
4115 2997
4115 2280
4116 2284
4116 3009
4117 4118
4117 4112
4119 4118
4119 4114
4120 521
4120 4114
4121 521
4121 4114
4121 47
4122 1522
4122 4123
4124 1522
4124 4118
4125 4118
4125 4112
4125 4114
4126 1522
4126 1526
4127 3999
4127 2237
4127 1369
4128 4129
4128 4130
4128 4131
4132 4133
4132 4134
4132 4135
4136 4133
4136 4135
4137 684
4137 4138
4139 749
4139 684
4140 749
4140 684
4140 4138
4140 4135
4141 684
4141 4135
4142 3413
4142 4143
4144 684
4144 4143
4145 4134
4145 4135
4146 4133
4146 4147
4146 3754
4148 3732
4148 4149
4150 4151
4150 3546
4152 3902
4152 3552
4152 4076
4153 4149
4153 3741
4154 4155
4154 4156
4157 4158
4157 4156
4159 4151
4159 3902
4159 3546
4160 4151
4160 3902
4161 4162
4161 4163
4164 1809
4164 4165
4166 4151
4166 4155
4166 4158
4166 4156
4167 4151
4167 4156
4168 1809
4168 1813
4168 4165
4169 4170
4169 4171
4172 3732
4172 3733
4172 902
4173 4170
4173 4171
4173 4174
4175 2800
4175 2798
4175 4176
4177 645
4177 4178
4179 3732
4179 4149
4179 3741
4180 4181
4180 2580
4182 1219
4182 1225
4183 4184
4183 1227
4183 4185
4186 4184
4186 4185
4187 4170
4187 4174
4188 4176
4188 2091
4188 4184
4189 4176
4189 2091
4189 4184
4190 4176
4190 2091
4190 4184
4191 4176
4191 2091
4191 4184
4192 1971
4192 632
4193 645
4193 1971
4194 4195
4194 4196
4194 2399
4197 1813
4197 4165
4198 3517
4198 2608
4198 2606
4199 811
4199 4200
4199 4201
4202 811
4202 4200
4202 4201
4203 811
4203 4200
4203 4201
4204 811
4204 4200
4204 4201
4205 4206
4205 284
4207 4206
4207 286
4208 4206
4208 22
4209 4206
4209 291
4210 4206
4210 4201
4211 4206
4211 22
4211 284
4211 291
4211 4201
4211 286
4212 4213
4212 4214
4215 4216
4215 2763
4215 4217
4218 4213
4218 4219
4220 2696
4220 4213
4221 2696
4221 4213
4221 4219
4222 1158
4222 291
4223 4224
4223 4225
4223 3643
4226 839
4226 840
4226 841
4227 183
4227 4228
4229 183
4229 2764
4230 4231
4230 1159
4232 1152
4232 4231
4233 1152
4233 4234
4233 2431
4233 3777
4235 347
4235 47
4236 1152
4236 2431
4237 971
4237 4238
4239 2007
4239 313
4239 4240
4241 1146
4241 422
4241 4242
4243 4244
4243 4245
4246 4247
4246 971
4248 1497
4248 4249
4250 577
4250 4244
4250 4245
4251 1497
4251 1054
4251 4249
4252 1054
4252 4249
4253 4254
4253 4255
4253 4256
4257 4254
4257 4255
4257 4256
4258 1625
4258 289
4259 4260
4259 577
4259 521
4259 284
4259 1054
4259 286
4261 4260
4261 577
4262 1625
4262 1263
4263 1625
4263 289
4263 1263
4264 288
4264 294
4265 4266
4265 4037
4265 4267
4268 4266
4268 4037
4268 4267
4269 4270
4269 4271
4269 2251
4272 4270
4272 2247
4272 2244
4273 294
4273 2454
4274 2733
4274 1583
4275 764
4275 2733
4276 4277
4276 22
4276 4037
4276 1583
4278 4279
4278 4280
4281 4277
4281 1583
4282 4277
4282 22
4283 4266
4283 4037
4283 4267
4284 4266
4284 4037
4284 4267
4285 3177
4285 4286
4287 1129
4287 545
4287 535
4287 3177
4287 524
4288 4289
4288 4290
4291 4292
4291 4289
4293 4294
4293 56
4295 4292
4295 4289
4295 4290
4296 4289
4296 56
4297 4298
4297 56
4299 4300
4299 56
4301 4289
4301 4298
4301 4294
4301 56
4302 4300
4302 69
4302 56
4303 4300
4303 69
4304 1433
4304 4305
4304 174
4306 4305
4306 174
4307 4305
4307 4308
4309 177
4309 153
4309 4310
4311 177
4311 4310
4312 153
4312 4310
4313 4314
4313 4315
4316 4317
4316 4315
4318 4305
4318 4308
4318 4310
4319 4308
4319 4310
4320 2131
4320 1440
4320 2123
4321 970
4321 4322
4323 2532
4323 4324
4325 4324
4325 4326
4325 4327
4325 4328
4329 4324
4329 4327
4330 4324
4330 4328
4331 14
4331 764
4332 14
4332 53
4333 2532
4333 15
4333 4324
4334 2532
4334 15
4335 4336
4335 4337
4338 4339
4338 4337
4340 2655
4340 4341
4340 4337
4340 4342
4340 4339
4340 4343
4340 4344
4340 757
4340 4345
4340 4046
4340 4346
4340 4347
4340 4348
4340 4349
4340 4350
4340 4351
4340 4352
4340 4353
4340 4060
4340 526
4340 4354
4340 2054
4340 4355
4340 3332
4340 4336
4356 4337
4357 4324
4357 4326
4358 4327
4358 4359
4358 4360
4361 4341
4361 4337
4362 4352
4362 4337
4363 4322
4363 971
4363 970
4364 201
4364 4365
4366 4367
4366 4368
4366 4369
4370 4367
4370 4371
4370 4372
4373 4247
4373 971
4373 4374
4373 4238
4375 4371
4375 4376
4375 4377
4378 2856
4378 4379
4380 2856
4380 4381
4382 4367
4382 4371
4382 4372
4383 4367
4383 4371
4383 4372
4384 4367
4384 4371
4384 4372
4385 4376
4385 4377
4386 1837
4386 4096
4386 3431
4387 4388
4387 386
4389 1837
4389 4096
4389 3431
4390 3582
4390 3041
4390 2330
4391 3582
4391 3041
4391 2330
4392 4393
4392 4394
4395 4393
4395 4396
4397 4393
4397 4394
4397 4396
4398 4399
4398 4400
4401 3582
4401 2328
4401 4396
4402 3582
4402 2328
4402 4396
4403 3582
4403 2328
4403 4396
4404 3582
4404 2328
4404 4396
4405 4406
4405 135
4405 4407
4408 4322
4408 2722
4408 4409
4410 454
4410 4411
4410 4412
4413 454
4413 4411
4414 4415
4414 4407
4414 4416
4417 4406
4417 135
4417 4407
4418 4415
4418 4407
4418 4416
4419 4322
4419 2722
4419 4409
4420 4421
4420 4422
4420 4423
4424 4421
4424 4422
4424 4423
4425 4426
4425 4427
4428 4421
4428 4422
4428 4423
4429 4426
4429 4411
4430 4426
4430 449
4431 4421
4431 4422
4431 4423
4432 4426
4432 449
4432 4411
4433 4434
4433 4435
4433 4436
4437 3129
4437 3130
4437 4436
4438 4434
4438 4439
4440 4441
4440 2944
4442 4443
4442 2944
4444 4434
4444 4435
4444 4436
4445 4434
4445 4435
4445 4436
4446 4439
4446 4447
4448 4434
4448 4435
4448 4436
4449 4450
4449 1103
4449 4451
4452 4450
4452 1103
4452 4451
4453 4450
4453 1103
4453 4451
4454 4455
4454 4456
4457 4456
4457 4451
4458 4455
4458 4456
4458 4451
4459 2604
4459 2605
4460 2604
4460 2606
4461 971
4461 4409
4461 2605
4462 2350
4462 2722
4463 971
4463 4409
4463 2605
4464 4465
4464 3068
4464 4466
4467 971
4467 4409
4467 2605
4468 4096
4468 1838
4468 3072
4469 971
4469 4409
4469 2605
4470 4322
4470 2722
4470 4409
4471 4322
4471 2722
4471 4409
4472 379
4472 2722
4473 4474
4473 4475
4473 734
4476 4096
4476 1838
4476 3072
4477 1208
4477 2128
4477 2129
4478 4479
4478 4480
4478 1294
4481 1208
4481 2128
4481 2129
4482 4483
4482 4484
4482 4485
4486 1208
4486 4487
4486 4485
4488 1208
4488 4487
4489 1989
4489 3276
4489 47
4490 4491
4490 426
4490 3778
4492 4493
4492 4260
4492 4494
4495 4493
4495 4260
4495 4494
4496 4493
4496 4260
4496 4494
4497 4493
4497 4260
4497 4494
4498 577
4498 286
4499 1989
4499 3276
4500 577
4500 1054
4501 521
4501 577
4502 4503
4502 4493
4502 4504
4505 4503
4505 4493
4505 4504
4506 930
4506 2643
4507 917
4507 2643
4508 3850
4508 4509
4508 917
4508 4510
4511 917
4511 4510
4512 3850
4512 917
4513 4509
4513 917
4514 1570
4514 1571
4514 4510
4515 4516
4515 4517
4518 1571
4518 4510
4519 1570
4519 4520
4519 3801
4521 4522
4521 4517
4523 450
4523 4517
4524 1866
4524 3867
4525 1989
4525 3867
4526 4527
4526 3867
4528 470
4528 3867
4529 4530
4529 3867
4531 4527
4531 378
4531 468
4532 4527
4532 468
4533 4527
4533 378
4534 1989
4534 468
4534 535
4535 468
4535 535
4536 4537
4536 4538
4536 4539
4540 4538
4540 4539
4541 1028
4541 4542
4543 4544
4543 4545
4543 4546
4547 4479
4547 4480
4548 2175
4548 1294
4548 4549
4550 4551
4550 4552
4550 4553
4554 4555
4554 4556
4557 4558
4557 4559
4560 4558
4560 4555
4560 4559
4561 2099
4561 4562
4563 174
4563 4562
4564 4555
4564 3938
4565 4555
4565 4553
4566 4556
4566 4555
4566 4553
4566 3938
4567 4558
4567 4555
4568 4542
4568 545
4569 4570
4569 4571
4569 515
4572 4573
4572 515
4574 169
4574 1927
4575 3942
4575 286
4575 4576
4577 4573
4577 4578
4579 4578
4579 4576
4580 4573
4580 4578
4580 4576
4581 4573
4581 151
4582 4573
4582 515
4582 151
4583 3942
4583 4576
4584 286
4584 4576
4585 4240
4585 1607
4585 1608
4586 1028
4586 4542
4586 545
4587 2824
4587 3208
4588 1567
4588 202
4589 4240
4589 1607
4589 1608
4590 4591
4590 2382
4590 2376
4592 2648
4592 2649
4592 2609
4593 4240
4593 1607
4593 1608
4594 4591
4594 2382
4594 2376
4595 2110
4595 2314
4596 4597
4596 2110
4598 4597
4598 2110
4598 2314
4598 4599
4600 4601
4600 2110
4602 4597
4602 4603
4604 4597
4604 2313
4605 4597
4605 4603
4605 2313
4606 2110
4606 4599
4607 2313
4607 1217
4607 4608
4609 2313
4609 1217
4609 4608
4610 1497
4610 177
4610 4611
4612 4613
4612 4611
4612 4614
4615 1009
4615 1012
4615 4616
4617 2007
4617 313
4617 4240
4618 535
4618 1857
4619 3386
4619 853
4620 853
4620 4621
4622 4623
4622 4614
4624 3388
4624 4623
4624 4614
4625 4613
4625 4611
4625 4614
4626 3388
4626 4623
4627 4613
4627 4611
4627 4614
4628 4613
4628 4611
4628 4614
4629 4046
4629 4048
4630 4046
4630 4044
4631 4046
4631 4043
4632 4046
4632 4047
4633 1728
4633 4050
4633 4634
4635 1728
4635 4050
4635 4634
4636 1728
4636 4050
4636 4634
4637 4045
4637 4046
4638 1723
4638 1724
4638 4634
4639 1728
4639 4050
4639 4634
4640 1808
4640 4641
4640 4642
4643 1808
4643 4641
4643 4642
4644 1808
4644 4641
4644 4642
4645 1808
4645 4641
4645 4642
4646 1808
4646 4647
4646 1809
4648 4165
4648 3778
4649 4647
4649 1809
4650 1808
4650 4647
4651 521
4651 2135
4652 1191
4652 3625
4653 4641
4653 3350
4653 3346
4654 4641
4654 3350
4654 3346
4655 31
4655 32
4656 2007
4656 313
4656 4240
4657 4591
4657 4658
4657 4659
4660 4661
4660 545
4660 1184
4662 1009
4662 1012
4662 3207
4663 3983
4663 2978
4664 3983
4664 2977
4664 2978
4665 381
4665 382
4665 383
4666 1162
4666 2314
4667 4668
4667 3402
4669 2007
4669 313
4669 4240
4670 1162
4670 3983
4671 1631
4671 1634
4671 4672
4671 1632
4673 2199
4673 1162
4673 1429
4673 3983
4674 2918
4674 886
4674 4675
4676 1004
4676 4616
4676 2648
4677 2962
4677 313
4678 14
4678 2537
4679 14
4679 2537
4679 4324
4680 4326
4680 4681
4682 4326
4682 4360
4683 4326
4683 4681
4683 4360
4684 4196
4684 4685
4686 4687
4686 4685
4688 4196
4688 4685
4688 4687
4689 1001
4689 1002
4689 1019
4689 379
4689 1023
4690 2537
4690 4324
4691 4692
4691 1568
4691 4693
4694 3986
4694 3987
4695 3999
4695 2237
4695 1369
4696 4697
4696 4698
4696 4699
4696 834
4700 834
4700 4082
4701 4082
4701 828
4702 834
4702 4082
4702 828
4703 4697
4703 1460
4703 1461
4704 4699
4704 834
4705 4698
4705 834
4706 4697
4706 834
4707 4708
4707 4709
4710 4708
4710 82
4711 4697
4711 1460
4712 4697
4712 1461
4713 4714
4713 4715
4716 4714
4716 4708
4717 4708
4717 4709
4717 82
4718 4719
4718 4714
4720 1367
4720 3998
4720 3999
4721 4722
4721 4723
4721 4724
4725 4722
4725 4723
4725 4724
4726 4722
4726 4727
4726 4728
4729 4722
4729 4727
4729 4728
4730 4722
4730 4727
4730 4728
4731 4722
4731 4723
4731 4724
4732 4733
4732 4734
4732 292
4735 4733
4735 4734
4735 292
4736 4733
4736 4734
4736 292
4737 4722
4737 4727
4737 4728
4738 643
4738 637
4738 4739
4740 643
4740 637
4740 4739
4741 4742
4741 4743
4744 4745
4744 4742
4744 4743
4746 521
4746 4743
4747 863
4747 521
4747 4743
4748 4749
4748 4750
4751 4749
4751 4743
4752 1010
4752 4750
4753 1056
4753 4750
4754 1056
4754 1010
4754 4750
4755 863
4755 4743
4756 4757
4756 2522
4758 643
4758 637
4758 4739
4759 4760
4759 3450
4761 4760
4761 3451
4762 4133
4762 750
4762 4138
4763 4133
4763 4138
4764 750
4764 4138
4765 4766
4765 750
4765 4767
4765 4768
4769 4766
4769 750
4770 750
4770 4767
4771 750
4771 4768
4772 4661
4772 4766
4772 4773
4774 4766
4774 4773
4775 4661
4775 4766
4776 2522
4776 3729
4776 4757
4777 322
4777 321
4777 317
4778 3402
4778 886
4779 235
4779 2007
4779 1607
4780 4240
4780 1607
4780 1608
4781 3401
4781 886
4782 2170
4782 4783
4782 4784
4785 4786
4785 286
4787 4786
4787 284
4788 4786
4788 4789
4788 4163
4790 4786
4790 4789
4790 4163
4791 4792
4791 4793
4794 4786
4794 4789
4794 4163
4795 4786
4795 411
4796 521
4796 4786
4797 4786
4797 4789
4797 4163
4798 521
4798 4786
4798 286
4798 284
4798 411
4799 2350
4799 2657
4799 1989
4800 4801
4800 3655
4802 410
4802 153
4803 4279
4803 4804
4803 4280
4803 4805
4806 4343
4806 4807
4808 4343
4808 4807
4809 4807
4809 2046
4809 3663
4810 4811
4810 4130
4810 4812
4813 2897
4813 2330
4814 4807
4814 2046
4814 3663
4815 4816
4815 2609
4815 2897
4817 3576
4817 3578
4817 4818
4819 4266
4819 706
4819 707
4820 3576
4820 3578
4820 4818
4821 3576
4821 3578
4821 4818
4822 4130
4822 4823
4824 4816
4824 2609
4824 2897
4825 4811
4825 4130
4825 4812
4826 4266
4826 706
4826 707
4827 4828
4827 2582
4829 4830
4829 2582
4831 2582
4831 4832
4833 4816
4833 2609
4833 2897
4834 2582
4834 3199
4834 3406
4835 4266
4835 706
4835 707
4836 2582
4836 3199
4837 4830
4837 4828
4837 2582
4837 4832
4838 4816
4838 2609
4838 2897
4839 4266
4839 706
4839 707
4840 4368
4840 4828
4841 4369
4841 4828
4842 2648
4842 2657
4842 4816
4843 2648
4843 2657
4843 4816
4844 2648
4844 2657
4844 4816
4845 169
4845 1233
4846 3072
4846 53
4847 379
4847 3072
4848 2147
4848 4849
4848 3184
4850 4851
4850 4750
4850 4743
4852 2350
4852 2348
4852 604
4853 226
4853 227
4853 4854
4855 227
4855 4854
4856 4745
4856 2345
4856 4851
4857 3151
4857 3707
4858 4851
4858 4750
4858 4743
4859 4851
4859 4750
4859 4743
4860 4861
4860 2348
4862 4745
4862 2345
4862 4851
4863 4745
4863 2345
4863 4851
4864 4745
4864 2345
4864 4851
4865 201
4865 4267
4866 22
4866 4267
4867 22
4867 201
4867 4267
4867 755
4868 4267
4868 755
4869 699
4869 706
4870 699
4870 4267
4871 764
4871 707
4872 699
4872 706
4872 4267
4873 3678
4873 3023
4873 4874
4875 3678
4875 3023
4875 4874
4876 1321
4876 4877
4876 755
4878 1321
4878 4877
4878 755
4879 284
4879 4880
4879 865
4879 545
4881 4880
4881 865
4882 545
4882 865
4883 284
4883 865
4884 4292
4884 772
4885 4290
4885 865
4885 4298
4886 4290
4886 4298
4887 865
4887 4298
4888 2540
4888 4286
4889 4890
4889 4880
4889 4891
4892 4890
4892 4880
4892 4891
4893 3077
4893 4894
4893 90
4895 4894
4895 4896
4895 1343
4897 4894
4897 4896
4897 1343
4898 4894
4898 4896
4898 1343
4899 91
4899 4900
4901 3077
4901 4894
4901 90
4902 3077
4902 4894
4902 90
4903 3077
4903 4894
4903 90
4904 4894
4904 4896
4904 1343
4905 446
4905 91
4905 291
4906 4907
4906 284
4908 4907
4908 286
4909 4910
4909 1088
4911 1433
4911 177
4911 1089
4912 4907
4912 284
4912 545
4912 286
4912 521
4913 3365
4913 4907
4913 3618
4914 4907
4914 521
4915 4907
4915 545
4916 4910
4916 2438
4916 4917
4916 4918
4919 4910
4919 2438
4920 4314
4920 4310
4921 4314
4921 2438
4922 4910
4922 1088
4922 1089
4923 4910
4923 1089
4924 2438
4924 4918
4925 2438
4925 4917
4926 4927
4926 3377
4926 1045
4926 4928
4929 4109
4929 4930
4931 4932
4931 4455
4931 4451
4933 3942
4933 1782
4933 4934
4935 4936
4935 4937
4935 4938
4939 3942
4939 1782
4939 4934
4940 3942
4940 1782
4940 4934
4941 4936
4941 4942
4941 481
4943 4936
4943 481
4944 4936
4944 4937
4945 4937
4945 4938
4946 4936
4946 4942
4947 481
4947 482
4947 483
4948 4949
4948 284
4950 4951
4950 4952
4953 1257
4953 4952
4954 949
4954 955
4955 957
4955 180
4955 936
4956 957
4956 180
4956 936
4957 957
4957 180
4957 936
4958 953
4958 2348
4958 952
4959 2348
4959 953
4960 934
4960 935
4960 936
4961 1628
4961 961
4962 411
4962 2083
4962 4963
4964 2317
4964 4965
4964 3363
4966 2182
4966 4967
4966 2183
4968 4932
4968 428
4968 3828
4969 2213
4969 3801
4969 2217
4970 2213
4970 2217
4971 3801
4971 2217
4972 2216
4972 1475
4972 1480
4973 1475
4973 1480
4974 2216
4974 1480
4975 872
4975 4976
4975 1479
4977 872
4977 4976
4978 1479
4978 4976
4979 4980
4979 4981
4979 46
4982 4983
4982 895
4984 4983
4984 894
4984 895
4985 4986
4985 4987
4988 4987
4988 2663
4989 29
4989 4990
4991 1028
4991 4990
4992 4932
4992 428
4992 3828
4993 1878
4993 153
4994 1687
4994 1692
4994 1688
4995 4996
4995 4997
4998 4999
4998 4997
5000 764
5000 5001
5002 4999
5002 4996
5002 4997
5003 4999
5003 206
5004 4999
5004 22
5005 5006
5005 4999
5005 206
5005 22
5007 5006
5007 4999
5008 5006
5008 5009
5008 5010
5011 5006
5011 5009
5011 5010
5012 379
5012 5013
5014 5013
5014 286
5015 1262
5015 5013
5015 1739
5016 379
5016 284
5016 5013
5016 286
5017 1262
5017 5013
5017 1739
5018 1262
5018 5013
5018 1739
5019 5020
5019 1262
5021 1262
5021 5013
5021 1739
5022 5020
5022 430
5022 1262
5023 5020
5023 430
5024 3571
5024 5025
5026 5027
5026 5025
5028 5029
5028 1850
5028 5030
5031 1850
5031 5030
5032 5029
5032 5030
5033 3571
5033 5027
5033 5025
5034 3620
5034 5035
5036 5037
5036 5038
5036 5039
5040 5037
5040 5038
5041 5038
5041 5039
5042 2568
5042 286
5043 2568
5043 284
5044 1448
5044 1697
5044 1699
5044 1692
5045 284
5045 5046
5047 5048
5047 2568
5047 5049
5047 284
5047 524
5047 286
5050 2568
5050 5048
5051 2568
5051 524
5052 5053
5052 524
5054 5053
5054 772
5055 49
5055 284
5055 5046
5056 49
5056 5046
5057 5058
5057 4996
5057 5001
5059 5058
5059 4996
5059 5001
5060 5058
5060 4999
5060 5061
5062 5058
5062 4999
5062 5061
5063 5058
5063 4999
5063 5061
5064 5058
5064 4999
5064 5061
5065 967
5065 1057
5065 5066
5067 967
5067 1057
5067 5066
5068 5061
5068 5069
5070 5061
5070 5069
5071 5072
5071 177
5073 1028
5073 5072
5073 177
5074 174
5074 2720
5074 2083
5075 1028
5075 5072
5076 2720
5076 2083
5077 174
5077 2720
5078 5072
5078 5079
5080 5072
5080 5079
5080 2718
5081 5082
5081 4558
5081 5083
5081 2718
5084 5079
5084 2718
5085 5086
5085 5087
5088 4576
5088 5087
5089 286
5089 5086
5090 515
5090 5086
5090 151
5090 535
5090 524
5090 286
5091 5086
5091 151
5092 515
5092 5086
5093 535
5093 5086
5094 5086
5094 524
5095 4573
5095 5096
5097 4573
5097 5086
5097 5096
5098 1284
5098 4967
5098 2867
5099 3646
5099 5100
5101 5102
5101 3646
5101 5100
5103 5104
5103 144
5105 1284
5105 4967
5105 2867
5106 3538
5106 4668
5106 5107
5108 3538
5108 4668
5108 5107
5109 3221
5109 3204
5110 3221
5110 5111
5110 3204
5110 938
5112 3221
5112 717
5113 717
5113 730
5114 3221
5114 717
5114 730
5115 5116
5115 2770
5115 5117
5118 5116
5118 2770
5118 5117
5119 5116
5119 2770
5119 5117
5120 5116
5120 2770
5120 5117
5121 5116
5121 2769
5121 1184
5122 5123
5122 5124
5125 3796
5125 3797
5126 1286
5126 678
5127 1448
5127 1443
5128 5129
5128 286
5130 5129
5130 22
5131 5129
5131 430
5132 5129
5132 430
5132 286
5132 284
5132 22
5133 1061
5133 5134
5135 29
5135 5134
5136 29
5136 5134
5136 1061
5137 3388
5137 5129
5137 5134
5138 4668
5138 5139
5140 4065
5140 4668
5140 5141
5140 5139
5142 4668
5142 3401
5143 3536
5143 3401
5144 5139
5144 2595
5145 4066
5145 5139
5145 2595
5146 3385
5146 4621
5146 4614
5147 5129
5147 284
5148 284
5148 811
5149 283
5149 5150
5149 5151
5152 283
5152 5150
5152 5151
5153 283
5153 5150
5153 5151
5154 283
5154 5150
5154 5151
5155 289
5155 1263
5155 5151
5156 289
5156 1263
5156 5151
5157 289
5157 1263
5157 5151
5158 289
5158 1263
5158 5151
5159 5160
5159 5161
5159 811
5162 2170
5162 4783
5162 4784
5163 2480
5163 5164
5165 980
5165 5164
5166 5164
5166 2468
5166 5167
5168 5169
5168 2471
5168 2468
5170 5164
5170 2468
5170 5167
5171 5164
5171 2468
5171 5167
5172 2484
5172 980
5172 5164
5172 2480
5172 151
5173 5164
5173 2468
5173 5167
5174 2484
5174 5164
5175 5164
5175 151
5176 3740
5176 5177
5178 3740
5178 5177
5178 3741
5179 4149
5179 1813
5180 5181
5180 1813
5182 3740
5182 5183
5182 5184
5185 3740
5185 5183
5185 5184
5186 3740
5186 5183
5186 5184
5187 5177
5187 3741
5188 5189
5188 5190
5188 5184
5191 3740
5191 5183
5191 5184
5192 1485
5192 1486
5193 743
5193 738
5193 5194
5195 743
5195 738
5195 5194
5196 743
5196 738
5196 5194
5197 743
5197 738
5197 5194
5198 5199
5198 5200
5201 912
5201 5202
5201 913
5203 669
5203 637
5203 5204
5205 669
5205 637
5205 5204
5206 286
5206 1740
5207 764
5207 1740
5208 1617
5208 22
5208 284
5208 764
5208 1740
5208 286
5209 5210
5209 1740
5211 1617
5211 1740
5212 22
5212 1740
5213 1763
5213 1617
5214 764
5214 1763
5215 5210
5215 1762
5216 5210
5216 1762
5216 1740
5217 977
5217 236
5218 4045
5218 5219
5220 4045
5220 5221
5222 5223
5222 5224
5222 5225
5226 5223
5226 5224
5226 5225
5227 5228
5227 5229
5230 4045
5230 5231
5232 5233
5232 5229
5234 5233
5234 5235
5234 5228
5234 5229
5236 5223
5236 5224
5236 5225
5237 4045
5237 4934
5238 5233
5238 5224
5239 292
5239 5240
5241 5242
5241 1540
5241 5243
5241 5244
5245 1540
5245 5243
5246 8
5246 313
5247 5248
5247 5249
5247 5250
5251 5248
5251 5249
5251 5250
5252 5253
5252 5249
5252 1546
5254 5248
5254 5249
5254 5250
5255 5256
5255 1547
5257 5256
5257 1540
5258 5248
5258 5249
5258 5250
5259 5256
5259 1540
5259 1547
5260 1056
5260 2350
5260 5261
5262 5263
5262 1010
5264 2350
5264 5261
5265 1056
5265 5261
5266 5263
5266 5267
5268 5269
5268 5263
5268 5267
5270 5271
5270 5269
5270 5272
5270 5273
5274 5269
5274 5267
5275 5269
5275 5272
5276 5271
5276 5269
5277 5278
5277 5279
5280 2980
5280 25
5280 26
5281 2980
5281 5278
5282 5278
5282 5283
5284 5285
5284 5278
5286 2980
5286 5278
5286 5279
5286 5283
5287 5288
5287 3505
5287 2944
5289 5288
5289 3505
5289 2944
5290 5288
5290 2943
5290 2947
5291 150
5291 5292
5293 5288
5293 2943
5293 2947
5294 155
5294 5292
5295 5296
5295 3507
5295 3505
5297 155
5297 286
5298 5296
5298 3507
5298 3505
5299 155
5299 286
5299 519
5300 5288
5300 3505
5300 2944
5301 5102
5301 156
5302 5288
5302 3505
5302 2944
5303 5102
5303 5292
5304 4767
5304 4773
5305 4767
5305 5306
5307 4661
5307 1184
5308 5104
5308 5102
5309 5306
5309 5310
5311 5306
5311 5312
5313 4351
5313 4337
5314 4060
5314 4337
5315 4337
5315 4342
5316 2655
5316 4337
5317 5318
5317 5319
5317 4339
5320 5318
5320 4339
5321 526
5321 4337
5322 4337
5322 4346
5323 5288
5323 2943
5323 2947
5324 5319
5324 4339
5325 5326
5325 5318
5325 5327
5325 5328
5325 5329
5330 5288
5330 2943
5330 2947
5331 5332
5331 249
5333 1767
5333 385
5333 524
5334 386
5334 5335
5336 1767
5336 385
5337 385
5337 524
5338 1112
5338 4388
5339 5340
5339 1112
5341 49
5341 386
5342 772
5342 49
5342 386
5343 286
5343 5344
5345 284
5345 5344
5346 674
5346 5347
5346 4201
5348 674
5348 5347
5348 4201
5349 674
5349 5347
5349 4201
5350 674
5350 5347
5350 4201
5351 22
5351 284
5351 286
5351 5347
5351 291
5352 5347
5352 291
5353 22
5353 5347
5354 286
5354 5347
5355 669
5355 637
5355 5204
5356 8
5356 313
5356 151
5357 669
5357 637
5357 5204
5358 3612
5358 1850
5358 3613
5359 3612
5359 1850
5359 3613
5360 2163
5360 284
5361 2091
5361 2793
5362 5363
5362 5364
5362 5365
5366 5367
5366 3328
5368 5367
5368 5365
5369 5367
5369 3328
5369 5365
5370 1251
5370 5371
5370 1246
5372 1251
5372 5371
5372 1246
5373 1251
5373 5371
5373 1246
5374 1251
5374 5371
5374 1246
5375 5376
5375 5377
5378 5379
5378 5377
5378 5376
5380 5363
5380 5364
5380 5365
5381 5363
5381 5364
5381 5365
5382 36
5382 39
5382 37
5383 5384
5383 4372
5385 5386
5385 670
5385 671
5387 5386
5387 4372
5388 5389
5388 4372
5390 286
5390 670
5390 5391
5392 286
5392 670
5393 5386
5393 670
5394 1286
5394 678
5395 670
5395 5391
5396 1184
5396 671
5396 151
5397 5398
5397 202
5399 5398
5399 22
5400 1004
5400 1017
5401 1800
5401 1801
5401 1802
5402 1800
5402 1801
5402 1802
5403 5404
5403 5183
5405 5406
5405 5183
5407 5183
5407 3709
5408 5404
5408 5409
5408 3708
5410 5189
5410 5183
5410 5411
5412 5189
5412 5411
5413 5183
5413 5411
5414 5404
5414 5183
5414 5406
5414 3709
5415 5404
5415 5409
5416 5404
5416 3708
5417 3009
5417 2276
5418 521
5418 5419
5420 2284
5420 3009
5420 2276
5421 5422
5421 5423
5424 2280
5424 2983
5425 2276
5425 2983
5426 4271
5426 5427
5426 5428
5429 4352
5429 5430
5431 4271
5431 5427
5431 5428
5432 4271
5432 5427
5432 5428
5433 5434
5433 489
5433 5428
5435 4271
5435 5427
5435 5428
5436 5434
5436 489
5436 5428
5437 5434
5437 489
5437 5428
5438 5439
5438 521
5440 5434
5440 489
5440 5428
5441 2788
5441 5442
5441 5443
5444 773
5444 5443
5444 3746
5445 2788
5445 5442
5445 5443
5446 2788
5446 5442
5446 5443
5447 773
5447 5443
5447 3746
5448 5449
5448 5450
5448 4891
5451 773
5451 5443
5451 3746
5452 773
5452 5443
5452 3746
5453 5449
5453 5450
5454 5449
5454 4891
5455 3464
5455 563
5456 521
5456 5457
5458 5457
5458 1617
5459 1056
5459 284
5459 5460
5459 286
5461 1056
5461 5460
5462 5460
5462 286
5463 284
5463 5460
5464 1089
5464 4918
5464 1676
5465 1089
5465 4918
5466 4918
5466 1676
5467 521
5467 177
5467 174
5467 1497
5467 1676
5467 286
5467 284
5468 4156
5468 4162
5469 622
5469 617
5469 4070
5470 238
5470 622
5470 236
5470 235
5470 151
5471 232
5471 964
5472 3617
5472 2599
5472 5473
5474 4479
5474 1294
5475 4603
5475 2313
5475 1163
5476 3617
5476 2599
5476 5473
5477 5478
5477 5479
5480 3617
5480 5478
5481 5482
5481 2899
5483 5478
5483 5482
5484 5482
5484 5478
5484 2899
5485 773
5485 2789
5485 2788
5486 1241
5486 2910
5487 2788
5487 151
5488 1245
5488 3594
5488 5489
5488 5490
5491 1245
5491 2910
5492 1713
5492 1242
5492 291
5493 1265
5493 1266
5493 1267
5494 1713
5494 1242
5495 2788
5495 284
5496 973
5496 974
5496 975
5497 1245
5497 5489
5498 2522
5498 5499
5500 5501
5500 2523
5500 1030
5502 2522
5502 2523
5502 5499
5503 786
5503 5504
5503 5229
5505 2007
5505 5506
5507 4757
5507 2007
5508 5509
5508 2788
5510 772
5510 2788
5510 284
5510 286
5510 151
5511 3846
5511 675
5512 5504
5512 4709
5512 82
5513 5509
5513 3746
5514 3820
5514 1801
5514 3821
5515 4591
5515 2382
5515 2376
5516 2334
5516 4990
5516 5517
5518 2334
5518 4990
5518 5517
5519 2308
5519 3612
5519 5029
5520 5521
5520 3877
5522 5523
5522 2324
5522 3781
5524 5523
5524 3781
5525 5523
5525 2321
5525 2325
5525 5526
5527 5523
5527 2321
5528 2321
5528 5526
5529 2321
5529 2325
5530 3426
5530 2847
5530 5531
5532 5533
5532 4990
5532 2321
5534 4990
5534 5533
5535 5533
5535 2321
5536 2973
5536 5537
5536 5538
5539 2973
5539 5537
5539 5538
5540 1805
5540 5541
5542 1805
5542 5543
5544 5545
5544 1805
5546 5545
5546 1805
5546 5541
5546 5543
5547 2973
5547 5537
5547 5538
5548 5545
5548 5549
5550 5545
5550 5537
5551 5545
5551 5549
5551 5537
5552 5553
5552 3816
5552 1744
5554 5553
5554 3816
5554 1744
5555 5553
5555 3816
5555 1744
5556 29
5556 1503
5557 3815
5557 5037
5558 5553
5558 1188
5558 1189
5559 5553
5559 1188
5559 1189
5560 3957
5560 4020
5560 4024
5561 5553
5561 1188
5561 1189
5562 5553
5562 3816
5562 1744
5563 5564
5563 794
5565 5566
5565 3628
5565 65
5567 5568
5567 5569
5567 5566
5570 66
5570 5571
5572 5566
5572 3628
5572 65
5573 5566
5573 3628
5573 65
5574 5566
5574 3628
5574 65
5575 848
5575 5576
5577 848
5577 5578
5579 65
5579 66
5579 5571
5580 65
5580 5571
5581 5582
5581 5583
5584 1523
5584 5583
5585 5586
5585 5587
5588 5589
5588 5587
5590 5591
5590 5592
5590 5593
5594 5586
5594 5589
5594 5587
5595 5591
5595 5592
5595 5593
5596 5591
5596 5592
5596 5593
5597 5591
5597 5598
5597 5599
5600 5601
5600 3858
5602 5591
5602 5598
5602 5599
5603 5604
5603 5583
5603 1524
5603 1517
5605 1061
5605 3884
5605 430
5606 3884
5606 430
5607 1061
5607 3884
5608 5609
5608 1061
5608 5610
5611 3884
5611 5612
5613 29
5613 1262
5613 5614
5615 29
5615 5614
5616 1262
5616 5614
5617 2679
5617 5618
5619 5618
5619 2686
5620 540
5620 5621
5620 5622
5623 540
5623 5622
5624 5609
5624 1061
5624 5610
5625 5609
5625 1061
5625 5610
5626 1207
5626 4058
5627 5628
5627 4058
5629 113
5629 3265
5630 5631
5630 3264
5630 5632
5633 5631
5633 5632
5634 3264
5634 5632
5635 931
5635 2639
5636 917
5636 2639
5637 104
5637 113
5637 3265
5638 104
5638 3265
5639 848
5639 840
5639 5640
5641 840
5641 5640
5642 5578
5642 66
5643 5578
5643 62
5644 4443
5644 5645
5644 4447
5646 4443
5646 4447
5647 848
5647 5640
5648 5649
5648 1371
5648 272
5648 5650
5651 5652
5651 5653
5654 5652
5654 5655
5656 5657
5656 5652
5658 5659
5658 1583
5658 508
5660 5657
5660 5659
5660 5652
5661 5657
5661 5659
5662 5659
5662 1583
5662 508
5663 5652
5663 5655
5663 5653
5664 5659
5664 1583
5664 508
5665 5659
5665 1583
5665 508
5666 5667
5666 5668
5666 3282
5669 5667
5669 521
5669 206
5670 5668
5670 5671
5670 5672
5673 5668
5673 5672
5674 5675
5674 5672
5676 5675
5676 5677
5678 5667
5678 5668
5678 3282
5679 5667
5679 5668
5679 3282
5680 5671
5680 5672
5681 5667
5681 5668
5681 3282
5682 1028
5682 692
5683 174
5683 692
5684 174
5684 692
5684 1028
5685 1095
5685 693
5686 177
5686 693
5687 177
5687 1095
5687 693
5688 5689
5688 692
5690 5689
5690 693
5691 5689
5691 692
5691 693
5692 2715
5692 1944
5693 4719
5693 4714
5693 4708
5693 4715
5694 2471
5694 5695
5696 2471
5696 169
5697 2471
5697 169
5697 5695
5698 5699
5698 81
5700 5699
5700 5701
5702 81
5702 5699
5702 5701
5703 5223
5703 5704
5705 5706
5705 5704
5707 5706
5707 5223
5707 5704
5708 5709
5708 2103
5710 79
5710 678
5710 1284
5711 2586
5711 2587
5711 2588
5712 5713
5712 5714
5715 5713
5715 5716
5717 5713
5717 3960
5717 5718
5717 5716
5719 5716
5719 5720
5721 5107
5721 5720
5722 5713
5722 2586
5723 5713
5723 5714
5723 2586
5724 5718
5724 5716
5725 3960
5725 5716
5726 3408
5726 658
5727 648
5727 3408
5727 658
5728 3378
5728 3440
5728 4927
5729 648
5729 3408
5730 5731
5730 1266
5730 1277
5732 5733
5732 5734
5735 5731
5735 1277
5736 5731
5736 1266
5737 3378
5737 4927
5738 3440
5738 4927
5739 3865
5739 1989
5739 202
5740 3865
5740 202
5741 3865
5741 1989
5742 2424
5742 5743
5744 378
5744 469
5744 4530
5745 378
5745 4530
5746 469
5746 4530
5747 2903
5747 22
5748 1162
5748 1163
5748 1086
5749 5750
5749 3867
5751 5752
5751 5750
5753 1262
5753 151
5753 4066
5754 1436
5754 1437
5754 5755
5756 3342
5756 5757
5758 3342
5758 5755
5759 3342
5759 5757
5759 5755
5759 5760
5761 3342
5761 1429
5762 1429
5762 2978
5763 3342
5763 1429
5763 2978
5764 2903
5764 286
5765 5755
5765 1436
5766 5755
5766 1437
5767 318
5767 2519
5768 5769
5768 295
5768 5770
5771 5160
5771 999
5771 1061
5772 5769
5772 295
5772 5770
5773 5769
5773 295
5773 5770
5774 294
5774 5775
5774 5769
5776 5769
5776 295
5776 5770
5777 294
5777 5775
5777 5769
5778 294
5778 5775
5778 5769
5779 5780
5779 5160
5781 294
5781 5775
5781 5769
5782 5783
5782 3079
5782 2038
5784 5783
5784 3079
5784 2038
5785 1158
5785 5786
5787 5786
5787 1159
5788 2749
5788 5783
5788 1159
5789 2749
5789 5783
5789 1159
5790 2749
5790 5783
5790 1159
5791 2749
5791 5783
5791 1159
5792 5783
5792 3079
5792 2038
5793 5783
5793 3079
5793 2038
5794 5795
5794 361
5796 436
5796 3406
5797 5210
5797 5798
5797 5799
5797 5800
5801 5799
5801 5802
5803 2350
5803 764
5803 5804
5805 5806
5805 1010
5807 22
5807 5806
5808 22
5808 5806
5808 1010
5809 5806
5809 5802
5810 5806
5810 5802
5810 5799
5811 2350
5811 5804
5812 764
5812 5804
5813 5814
5813 5815
5816 5814
5816 5815
5816 4280
5817 4280
5817 5818
5819 5820
5819 5818
5821 5820
5821 4280
5821 5818
5822 5815
5822 5823
5824 5820
5824 5823
5825 5820
5825 5815
5825 5823
5826 5734
5826 5827
5828 604
5828 1583
5828 5829
5830 5814
5830 4280
5831 1786
5831 5832
5833 535
5833 4938
5834 1786
5834 5832
5834 4089
5835 286
5835 4938
5836 5837
5836 4087
5838 4938
5838 5839
5838 535
5838 5840
5838 524
5838 286
5841 1785
5841 5837
5841 5832
5841 4087
5842 5837
5842 5843
5844 5845
5844 5846
5844 517
5847 5845
5847 5846
5847 517
5848 5849
5848 3700
5848 4089
5850 5849
5850 3700
5850 4089
5851 5852
5851 3719
5853 5854
5853 5852
5853 3719
5855 1914
5855 5856
5857 1757
5857 5856
5858 1914
5858 1757
5858 5856
5859 1915
5859 3491
5860 1915
5860 1908
5861 1915
5861 3491
5861 1908
5862 3492
5862 218
5863 398
5863 3492
5864 2386
5864 2387
5864 193
5865 2386
5865 2387
5865 193
5866 5867
5866 5868
5866 5273
5869 5867
5869 284
5870 5867
5870 286
5871 5867
5871 1056
5872 5867
5872 1617
5873 5867
5873 521
5874 521
5874 1056
5874 1617
5874 284
5874 5867
5874 286
5875 5867
5875 5272
5876 5877
5876 5272
5878 5867
5878 5877
5878 5272
5879 5049
5879 5880
5881 2576
5881 5882
5881 5048
5883 284
5883 5880
5883 524
5884 2612
5884 5885
5884 2622
5886 2576
5886 5882
5886 5048
5887 2568
5887 5049
5888 5310
5888 5889
5890 4760
5890 5891
5890 5892
5890 5889
5893 4760
5893 5889
5894 5891
5894 5889
5895 545
5895 667
5896 2576
5896 5882
5896 5048
5897 666
5897 5310
5897 5889
5898 666
5898 5310
5899 2576
5899 5882
5899 5048
5900 5892
5900 5889
5901 4760
5901 3450
5901 3451
5902 5319
5902 5328
5903 5319
5903 5329
5904 5319
5904 524
5905 5906
5905 4336
5907 5326
5907 524
5908 5326
5908 524
5909 5319
5909 5328
5909 5327
5909 5329
5909 524
5910 5319
5910 5327
5911 5906
5911 4336
5912 5906
5912 5439
5912 5913
5914 4930
5914 4728
5915 5916
5915 5917
5915 5918
5919 5917
5919 4728
5920 5921
5920 4728
5922 5923
5922 4728
5924 5917
5924 4930
5924 5921
5924 4728
5925 4723
5925 5923
5925 4728
5926 4723
5926 5923
5927 5928
5927 1546
5929 1547
5929 5930
5929 4174
5931 5917
5931 5918
5932 5916
5932 5917
5933 1776
5933 5934
5935 1399
5935 5934
5936 49
5936 5934
5937 1399
5937 49
5937 1765
5937 1775
5937 1776
5937 5934
5938 1120
5938 1776
5939 1120
5939 1121
5939 1776
5940 1765
5940 5934
5941 1775
5941 5934
5942 1120
5942 1399
5942 524
5943 1121
5943 1776
5944 5945
5944 3285
5944 5066
5946 5945
5946 3285
5946 5066
5947 5945
5947 5069
5947 4539
5948 4537
5948 4538
5949 1958
5949 5950
5951 91
5951 1134
5952 5069
5952 4539
5953 97
5953 1134
5954 5945
5954 4539
5955 5956
5955 1152
5957 3198
5957 4181
5958 1128
5958 1129
5958 1130
5959 4181
5959 3199
5960 1158
5960 5956
5960 1152
5961 434
5961 4181
5962 5956
5962 1158
5963 1227
5963 4185
5964 2430
5964 3777
5965 298
5965 5966
5967 3777
5967 3778
5968 432
5968 4181
5969 4996
5969 5001
5969 5970
5971 430
5971 2962
5971 313
5972 2686
5972 4997
5973 2686
5973 5970
5974 5975
5974 2686
5974 5970
5974 4997
5976 5977
5976 2686
5978 2678
5978 5977
5979 430
5979 2962
5980 5001
5980 5970
5981 4996
5981 5970
5982 585
5982 3068
5982 586
5983 585
5983 3068
5984 5985
5984 4681
5986 5987
5986 3877
5988 610
5988 3877
5989 5990
5989 3877
5991 5990
5991 610
5991 3877
5991 5987
5992 598
5992 599
5992 595
5993 5990
5993 602
5994 5990
5994 598
5995 5990
5995 602
5995 598
5996 598
5996 599
5996 595
5997 598
5997 599
5997 595
5998 286
5998 5999
6000 2484
6000 5999
6001 980
6001 5999
6002 2480
6002 5999
6003 6004
6003 5999
6003 5701
6005 6004
6005 5999
6006 6004
6006 5701
6007 2484
6007 980
6007 286
6007 5999
6007 2480
6008 6009
6008 6010
6011 6010
6011 6012
6013 6009
6013 286
6013 1184
6014 6009
6014 286
6015 151
6015 5695
6015 5701
6016 151
6016 5701
6017 6012
6017 151
6018 6019
6018 955
6018 6020
6021 4171
6021 1754
6022 519
6022 6023
6024 3863
6024 1885
6024 3700
6025 519
6025 6023
6025 999
6026 6023
6026 999
6027 3111
6027 3029
6027 6028
6027 3700
6029 6028
6029 3700
6030 3863
6030 1885
6031 3863
6031 3700
6032 3029
6032 3700
6033 3111
6033 3700
6034 177
6034 5770
6034 2594
6035 177
6035 5770
6036 5770
6036 2594
6037 174
6037 1262
6037 295
6038 174
6038 295
6039 1262
6039 295
6040 6041
6040 68
6042 2776
6042 69
6042 6043
6044 294
6044 5770
6044 2449
6045 1023
6045 6046
6047 1023
6047 3133
6048 4300
6048 3133
6048 6041
6048 3137
6049 3133
6049 6041
6050 4300
6050 3133
6051 3133
6051 3137
6052 6041
6052 68
6052 69
6053 6041
6053 69
6054 6055
6054 6056
6054 4996
6057 8
6057 9
6058 7
6058 9
6059 1883
6059 6060
6059 6061
6062 6060
6062 6061
6063 3033
6063 6064
6065 6064
6065 6066
6067 6068
6067 4315
6069 3033
6069 6064
6069 6066
6070 6068
6070 3695
6070 4315
6071 6068
6071 3695
6072 4317
6072 4305
6073 4317
6073 2438
6074 382
6074 6075
6074 6076
6077 473
6077 6078
6079 6078
6079 6080
6081 6080
6081 6082
6083 2138
6083 4024
6083 6082
6084 2138
6084 4024
6084 6082
6085 2138
6085 4024
6085 6082
6086 2138
6086 4024
6086 6082
6087 6078
6087 6076
6088 473
6088 6078
6088 6076
6089 1211
6089 5677
6090 627
6090 632
6090 628
6091 5200
6091 6092
6093 6094
6093 5200
6093 6092
6095 2885
6095 3278
6095 3279
6096 6097
6096 63
6096 73
6098 6097
6098 63
6098 73
6099 6097
6099 63
6099 73
6100 6097
6100 63
6100 73
6101 6097
6101 6102
6101 1271
6103 6097
6103 6102
6103 1271
6104 6097
6104 6102
6104 1271
6105 6097
6105 6102
6105 1271
6106 43
6106 5846
6106 507
6107 43
6107 5846
6107 507
6108 42
6108 43
6108 44
6109 42
6109 43
6109 44
6110 42
6110 43
6110 44
6111 42
6111 376
6112 375
6112 376
6113 3978
6113 818
6113 835
6114 2327
6114 2323
6114 3062
6114 6115
6116 2323
6116 3062
6117 6118
6117 2850
6117 2851
6119 6118
6119 2850
6119 2851
6120 2099
6120 6118
6120 6121
6122 6118
6122 2850
6122 2851
6123 3781
6123 5526
6124 2323
6124 5526
6125 6118
6125 2850
6125 2851
6126 2323
6126 3781
6126 5526
6127 813
6127 1828
6127 6128
6129 645
6129 632
6129 6130
6131 645
6131 632
6131 6130
6132 645
6132 632
6132 6130
6133 1828
6133 6128
6134 813
6134 1828
6135 108
6135 6136
6135 111
6137 108
6137 6136
6137 111
6138 108
6138 6136
6138 111
6139 108
6139 6136
6139 111
6140 927
6140 6136
6140 4422
6141 927
6141 6136
6141 4422
6142 927
6142 6136
6142 4422
6143 927
6143 6136
6143 4422
6144 4421
6144 6145
6146 4421
6146 6145
6147 6148
6147 6149
6150 5631
6150 6149
6151 6148
6151 6152
6151 4981
6153 6148
6153 6152
6153 4981
6154 5645
6154 6149
6155 6156
6155 5645
6157 5645
6157 5632
6158 5631
6158 6148
6158 6149
6159 6148
6159 6152
6159 4981
6160 6148
6160 6152
6160 4981
6161 3518
6161 2605
6161 2606
6162 2492
6162 6163
6162 2489
6164 3518
6164 2605
6164 2606
6165 3518
6165 2605
6165 2606
6166 6167
6166 6168
6166 2492
6166 6169
6170 2492
6170 6169
6171 6163
6171 2489
6172 2492
6172 6163
6173 6167
6173 2492
6174 6168
6174 2492
6175 22
6175 1047
6176 1054
6176 1047
6177 2806
6177 2807
6177 2808
6178 174
6178 6179
6180 238
6180 6179
6181 236
6181 6179
6182 235
6182 6179
6183 6184
6183 6179
6185 6186
6185 6179
6187 2709
6187 6179
6188 6184
6188 1098
6188 1099
6189 6184
6189 1099
6190 6184
6190 1098
6191 6192
6191 6193
6194 6195
6194 6196
6194 5880
6197 6195
6197 6196
6197 5880
6198 6195
6198 6196
6198 5880
6199 6195
6199 6196
6199 5880
6200 6195
6200 284
6200 286
6200 524
6201 6195
6201 524
6202 6195
6202 286
6203 6195
6203 284
6204 5657
6204 2654
6204 2655
6204 6205
6204 6206
6204 494
6204 500
6204 5695
6207 2673
6207 4214
6208 3956
6208 6209
6208 3774
6210 6211
6210 2683
6210 1210
6212 4415
6212 6213
6212 4416
6214 3956
6214 6209
6214 3774
6215 284
6215 6216
6217 153
6217 1900
6218 6219
6218 4030
6218 359
6220 6221
6220 5795
6222 6211
6222 2683
6222 1210
6223 1231
6223 6224
6225 1494
6225 1231
6226 1494
6226 1495
6226 1714
6227 1231
6227 6228
6229 1494
6229 1714
6230 1337
6230 2028
6230 6231
6232 1509
6232 1495
6232 1510
6233 1509
6233 1495
6233 1510
6234 1509
6234 1495
6234 1510
6235 6236
6235 6237
6238 6211
6238 2683
6238 1210
6239 6240
6239 6241
6239 3466
6242 6221
6242 6236
6242 6237
6243 291
6243 274
6244 238
6244 235
6244 236
6244 291
6244 274
6245 3584
6245 1981
6246 3584
6246 3585
6247 5649
6247 271
6247 860
6248 235
6248 274
6249 236
6249 274
6250 238
6250 274
6251 5649
6251 271
6252 5649
6252 860
6253 22
6253 6254
6255 1211
6255 5677
6255 6256
6257 4483
6257 1210
6258 5677
6258 6256
6259 1211
6259 5668
6259 6260
6261 1211
6261 5668
6261 6260
6262 1211
6262 5668
6262 6260
6263 1211
6263 5668
6263 6260
6264 3639
6264 6265
6264 6256
6266 6265
6266 6256
6267 1265
6267 6268
6267 4555
6269 1265
6269 6268
6269 4555
6270 648
6270 6271
6272 648
6272 5731
6272 6271
6272 6273
6274 648
6274 5731
6275 648
6275 6273
6276 1265
6276 6271
6277 1265
6277 6271
6277 1266
6278 1265
6278 6268
6278 4555
6279 6271
6279 1266
6280 3297
6280 6281
6280 3295
6282 3297
6282 6281
6282 3295
6283 3297
6283 6281
6283 3295
6284 3297
6284 6281
6284 3295
6285 6281
6285 6286
6285 2448
6287 6281
6287 6286
6287 2448
6288 6281
6288 6286
6288 2448
6289 6281
6289 6286
6289 2448
6290 1233
6290 2897
6291 1262
6291 999
6291 6292
6293 999
6293 6292
6294 6295
6294 6296
6297 531
6297 535
6297 22
6298 2879
6298 3307
6299 1436
6299 1437
6299 1438
6300 6301
6300 6302
6303 6304
6303 1899
6305 2170
6305 4783
6305 4784
6306 2170
6306 4783
6306 4784
6307 6308
6307 4784
6309 6308
6309 4784
6310 286
6310 23
6311 284
6311 23
6312 3631
6312 3563
6312 170
6313 6301
6313 6302
6313 1231
6314 3631
6314 1219
6314 2978
6315 6316
6315 3976
6317 3631
6317 1219
6317 2978
6318 3631
6318 1219
6318 2978
6319 2539
6319 2540
6319 2534
6320 6321
6320 6322
6320 6323
6324 4196
6324 6325
6326 6321
6326 6323
6327 6322
6327 6323
6328 6322
6328 22
6329 863
6329 6322
6329 22
6330 6321
6330 764
6330 1010
6331 863
6331 6322
6332 6321
6332 1010
6333 6321
6333 764
6334 2758
6334 2759
6334 2401
6335 942
6335 2391
6335 2392
6336 1070
6336 189
6337 1070
6337 189
6337 1010
6338 2392
6338 190
6338 944
6339 2392
6339 190
6339 944
6340 942
6340 2391
6340 2392
6341 2403
6341 2430
6341 2431
6342 6343
6342 183
6342 190
6344 189
6344 1010
6345 2758
6345 2759
6345 2401
6346 2758
6346 2759
6346 2401
6347 6348
6347 6349
6347 381
6350 6351
6350 6352
6350 6353
6354 6351
6354 6352
6354 6353
6355 3792
6355 4400
6355 2420
6356 6352
6356 4341
6357 5439
6357 6358
6359 6351
6359 6352
6359 6353
6360 6352
6360 4341
6361 5439
6361 6362
6363 6364
6363 6362
6365 6358
6365 6366
6367 5439
6367 6358
6367 6366
6368 6369
6368 2157
6368 6370
6371 6372
6371 6373
6374 6373
6374 2157
6375 6372
6375 6373
6375 2157
6376 44
6376 6377
6378 44
6378 2158
6379 44
6379 6373
6380 44
6380 6377
6380 2158
6380 6373
6381 6382
6381 44
6383 6382
6383 5846
6384 5482
6384 3279
6385 6386
6385 3279
6387 2509
6387 2503
6387 6388
6389 6386
6389 2886
6389 3998
6390 6391
6390 1928
6392 6393
6392 1688
6392 1879
6392 1928
6394 6391
6394 1928
6394 4546
6395 6391
6395 4546
6396 1879
6396 1928
6397 1878
6397 6393
6397 1687
6398 6393
6398 1928
6399 1688
6399 1928
6400 3999
6400 2237
6400 1369
6401 6393
6401 1687
6402 1878
6402 6393
6403 3999
6403 2237
6403 1369
6404 577
6404 4244
6405 6406
6405 1104
6407 6406
6407 4450
6408 2629
6408 1551
6408 2613
6409 2629
6409 1551
6410 1551
6410 2613
6411 1550
6411 6412
6411 1562
6413 6412
6413 1562
6414 1550
6414 6412
6415 238
6415 235
6415 236
6415 1054
6415 837
6416 1054
6416 837
6417 1823
6417 608
6417 1828
6418 3457
6418 6419
6420 3457
6420 3166
6421 3457
6421 3166
6421 6422
6421 6419
6423 3457
6423 6422
6424 5891
6424 3451
6425 5891
6425 3457
6426 3450
6426 173
6427 5891
6427 3451
6427 3457
6428 3450
6428 173
6428 545
6429 3450
6429 545
6430 5820
6430 6431
6430 6432
6433 1070
6433 6431
6433 49
6434 5820
6434 6431
6434 6432
6435 5820
6435 6431
6435 6432
6436 5820
6436 5815
6436 6437
6438 5820
6438 6431
6438 6432
6439 5820
6439 5815
6439 6437
6440 5820
6440 5815
6440 6437
6441 6437
6441 4280
6441 6364
6442 5820
6442 5815
6442 6437
6443 822
6443 3818
6443 823
6444 822
6444 3818
6445 2701
6445 1946
6445 853
6446 4109
6446 6447
6446 6448
6446 3818
6449 4109
6449 3818
6450 4109
6450 6447
6451 4109
6451 6448
6452 5916
6452 2594
6453 4109
6453 5921
6453 5918
6454 5921
6454 5918
6455 4109
6455 5921
6456 6457
6456 2746
6458 2746
6458 6459
6460 667
6460 180
6461 6462
6461 6463
6461 6464
6465 6462
6465 6463
6465 6464
6466 6462
6466 6463
6466 6464
6467 6462
6467 6463
6467 6464
6468 2746
6468 6469
6470 2746
6470 6469
6471 2746
6471 6472
6473 6457
6473 2746
6473 6459
6473 6472
6474 6475
6474 5695
6474 5221
6476 689
6476 6477
6476 4504
6478 1045
6478 4928
6479 2678
6479 5752
6479 3866
6480 2679
6480 6481
6482 5621
6482 5618
6483 5621
6483 5977
6484 2678
6484 6481
6485 2678
6485 2679
6485 6481
6486 541
6486 5621
6487 541
6487 6488
6489 5621
6489 6481
6490 5621
6490 5618
6490 5977
6490 6481
6491 2745
6491 6492
6493 2745
6493 6494
6493 6492
6495 6457
6495 5599
6496 6457
6496 5593
6497 6457
6497 5599
6497 5593
6498 6499
6498 6500
6501 5379
6501 6502
6501 6503
6504 4271
6504 5427
6504 4805
6505 6506
6505 6507
6508 4271
6508 4805
6509 1070
6509 6510
6511 1866
6511 6510
6512 6513
6512 6514
6515 6506
6515 6516
6515 6507
6517 6518
6517 6514
6519 4804
6519 4280
6520 202
6520 5377
6521 202
6521 5377
6521 604
6522 4277
6522 4037
6523 4270
6523 4271
6523 2251
6524 4270
6524 4271
6524 2251
6525 6526
6525 1659
6525 3313
6527 6528
6527 1657
6527 6526
6529 6526
6529 1659
6529 3313
6530 6526
6530 1659
6530 3313
6531 6528
6531 1657
6531 6526
6532 6533
6532 6534
6532 511
6535 6528
6535 1657
6535 6526
6536 6528
6536 1657
6536 6526
6537 29
6537 2489
6537 2897
6538 6533
6538 6534
6539 6533
6539 511
6540 2487
6540 6541
6542 1933
6542 1870
6543 347
6543 1870
6544 6545
6544 6546
6547 6541
6547 2489
6548 3157
6548 3701
6549 6023
6549 1885
6549 3861
6550 2487
6550 6541
6550 2489
6551 1860
6551 47
6552 1896
6552 6553
6552 1861
6554 47
6554 1860
6554 604
6555 1860
6555 604
6556 3858
6556 1515
6556 3859
6557 3858
6557 1515
6557 3859
6558 3858
6558 1515
6558 3859
6559 3701
6559 3863
6559 3157
6559 3861
6560 1861
6560 3859
6560 1517
6561 1861
6561 3859
6561 1517
6562 6372
6562 2157
6562 4849
6563 6372
6563 2157
6563 4849
6564 6372
6564 2157
6564 4849
6565 3183
6565 545
6565 515
6566 3183
6566 545
6567 3183
6567 515
6568 3184
6568 3177
6568 4286
6569 3184
6569 4286
6570 3832
6570 1800
6571 2140
6571 6572
6573 3719
6573 6572
6574 5852
6574 2551
6575 2140
6575 3719
6575 6572
6576 2551
6576 6572
6577 6578
6577 2551
6579 2551
6579 6580
6581 6578
6581 5852
6581 2551
6581 6572
6582 6583
6582 2163
6584 4065
6584 2588
6584 4066
6585 6583
6585 2163
6585 6209
6586 6583
6586 6209
6587 3537
6587 3402
6587 4668
6588 3537
6588 3402
6589 29
6589 1184
6589 2140
6590 29
6590 2140
6591 6592
6591 6593
6591 4951
6594 6592
6594 6593
6594 4951
6595 6596
6595 2118
6595 1928
6597 4951
6597 6598
6597 6599
6600 6601
6600 6602
6603 1146
6603 422
6603 4242
6604 6605
6604 62
6606 413
6606 6607
6606 4242
6608 413
6608 6607
6608 4242
6609 413
6609 6607
6609 4242
6610 6611
6610 6601
6612 1146
6612 422
6612 4242
6613 62
6613 4952
6614 1146
6614 422
6614 4242
6615 413
6615 6607
6615 4242
6616 2207
6616 1314
6617 6592
6617 6593
6617 4951
6618 1212
6618 3639
6618 3624
6619 4178
6619 4181
6620 6621
6620 4406
6622 2612
6622 2622
6622 2623
6623 4355
6623 4337
6624 2704
6624 853
6624 6625
6626 6627
6626 284
6628 853
6628 6625
6629 2704
6629 6625
6630 6627
6630 411
6631 22
6631 6627
6631 284
6631 286
6631 411
6632 6627
6632 286
6633 6627
6633 22
6634 4623
6634 853
6635 3386
6635 4623
6635 853
6635 4621
6636 405
6636 3017
6636 6637
6638 1114
6638 6637
6638 406
6639 405
6639 3017
6639 6637
6640 405
6640 3017
6640 6637
6641 1114
6641 6637
6641 406
6642 3016
6642 6643
6642 6644
6645 1114
6645 6637
6645 406
6646 1114
6646 6637
6646 406
6647 4349
6647 4337
6648 6643
6648 6644
6649 3016
6649 6643
6650 4350
6650 4337
6651 6652
6651 6653
6651 6654
6655 6652
6655 6653
6655 6654
6656 6652
6656 6657
6656 4047
6658 6652
6658 6657
6658 4047
6659 6652
6659 6657
6659 4047
6660 6652
6660 6657
6660 4047
6661 1721
6661 1724
6662 1728
6662 1721
6663 2648
6663 2657
6663 4816
6664 3041
6664 2328
6664 6115
6665 6652
6665 6653
6665 6654
6666 6652
6666 6653
6666 6654
6667 6167
6667 2921
6668 3159
6668 6167
6669 330
6669 6670
6671 330
6671 6670
6671 1047
6672 5916
6672 4930
6673 5916
6673 4109
6673 4930
6674 6448
6674 820
6675 6448
6675 823
6676 6677
6676 2594
6676 6678
6679 6677
6679 2594
6679 6678
6680 6677
6680 2594
6680 6678
6681 284
6681 286
6681 1989
6681 6678
6682 1989
6682 6678
6683 286
6683 6678
6684 284
6684 6678
6685 3159
6685 6167
6685 2921
6686 973
6686 177
6686 313
6687 973
6687 177
6688 973
6688 6689
6690 6689
6690 975
6691 2712
6691 2710
6692 973
6692 6689
6692 975
6693 6689
6693 2710
6694 6695
6694 2710
6696 6186
6696 2710
6697 2712
6697 6695
6697 6689
6697 2710
6698 2005
6698 6699
6700 1706
6700 1488
6701 6702
6701 1706
6701 1488
6703 2005
6703 6704
6705 1485
6705 1487
6706 6295
6706 6707
6706 1706
6708 6295
6708 6707
6708 1706
6709 6295
6709 6707
6709 1706
6710 6702
6710 1488
6711 6707
6711 6712
6711 805
6713 6295
6713 6707
6713 1706
6714 5549
6714 5537
6714 6715
6716 6717
6716 209
6716 203
6718 153
6718 150
6718 151
6719 155
6719 519
6720 6721
6720 886
6720 6722
6723 6721
6723 886
6723 6722
6724 6721
6724 886
6724 6722
6725 6726
6725 6727
6728 6726
6728 6721
6729 6726
6729 6721
6729 6727
6730 6731
6730 6732
6733 6734
6733 6732
6735 6726
6735 6732
6736 6734
6736 6726
6736 6731
6736 6732
6737 280
6737 6738
6739 258
6739 280
6739 6738
6740 3585
6740 6179
6740 6741
6742 280
6742 1981
6742 6741
6743 3585
6743 6179
6743 6741
6744 3585
6744 6179
6744 6741
6745 261
6745 313
6745 291
6746 3585
6746 6179
6746 6741
6747 261
6747 313
6748 261
6748 291
6749 5398
6749 5423
6749 6750
6751 5398
6751 22
6751 202
6752 5398
6752 5423
6752 6750
6753 5398
6753 5423
6753 6750
6754 5422
6754 5423
6755 5398
6755 5423
6755 6750
6756 371
6756 6757
6756 2058
6758 6759
6758 744
6760 371
6760 2058
6761 2058
6761 6757
6762 6763
6762 6764
6765 6763
6765 6764
6766 6763
6766 6767
6768 2837
6768 6763
6768 6767
6768 267
6769 2837
6769 6763
6770 6763
6770 267
6771 233
6771 1713
6772 233
6772 545
6773 6774
6773 196
6775 5709
6775 196
6776 5709
6776 6774
6776 196
6776 352
6777 964
6777 196
6778 307
6778 3769
6778 3045
6779 3769
6779 3923
6779 3929
6780 307
6780 3769
6780 3045
6781 307
6781 3769
6781 3045
6782 3769
6782 3923
6782 3929
6783 3044
6783 999
6783 2594
6784 3769
6784 3923
6784 3929
6785 3769
6785 3923
6785 3929
6786 3044
6786 999
6787 3044
6787 2594
6788 517
6788 498
6788 495
6789 5363
6789 6790
6789 6791
6792 5363
6792 6790
6792 6791
6793 5363
6793 6794
6795 6796
6795 6794
6797 5367
6797 2302
6798 5363
6798 6796
6798 6794
6799 5367
6799 2302
6799 6794
6800 2302
6800 6794
6801 5363
6801 6790
6801 6791
6802 5363
6802 6790
6802 6791
6803 4371
6803 4377
6804 517
6804 498
6804 495
6805 5549
6805 5537
6805 6715
6806 6593
6806 6807
6808 5845
6808 5846
6808 517
6809 3870
6809 6810
6811 6810
6811 3871
6812 635
6812 636
6813 4059
6813 6814
6815 4059
6815 5521
6816 4059
6816 6817
6818 3870
6818 6810
6818 3871
6819 4058
6819 4060
6820 538
6820 4060
6821 4059
6821 5521
6821 6810
6821 6817
6821 6814
6822 4059
6822 6810
6823 6824
6823 1612
6823 1616
6825 6824
6825 519
6825 1614
6826 6824
6826 519
6826 1614
6827 6824
6827 519
6827 1614
6828 6824
6828 519
6828 1614
6829 519
6829 3033
6830 3033
6830 174
6831 519
6831 3033
6831 174
6832 5037
6832 1054
6833 5845
6833 5846
6833 517
6834 6702
6834 1736
6834 3588
6835 6824
6835 1612
6835 1616
6836 6824
6836 1612
6836 1616
6837 6838
6837 6839
6837 6840
6841 1866
6841 6534
6841 1583
6842 6843
6842 209
6842 203
6844 5037
6844 519
6845 6843
6845 209
6845 203
6846 6847
6846 6848
6846 6843
6849 6843
6849 209
6849 203
6850 6843
6850 209
6850 203
6851 6847
6851 6848
6851 6843
6852 6534
6852 6853
6854 6847
6854 6848
6854 6843
6855 6847
6855 6848
6855 6843
6856 6857
6856 2996
6856 6858
6859 22
6859 2399
6860 3609
6860 465
6860 4522
6861 5985
6861 4687
6862 2399
6862 5985
6863 2399
6863 5985
6863 4687
6864 4681
6864 4685
6865 4195
6865 4681
6866 2996
6866 6867
6868 4195
6868 5985
6868 4681
6868 4685
6869 4328
6869 4681
6870 6019
6870 955
6870 6020
6871 4216
6871 6019
6871 950
6872 4216
6872 6019
6872 950
6873 4216
6873 6019
6873 950
6874 1070
6874 2763
6874 2350
6875 169
6875 507
6876 6019
6876 955
6876 6020
6877 6019
6877 955
6877 6020
6878 6193
6878 5124
6879 2763
6879 2350
6880 1070
6880 2763
6881 6858
6881 6193
6882 3609
6882 465
6882 4522
6883 6858
6883 6867
6883 6193
6883 5124
6884 6885
6884 1583
6886 1070
6886 6885
6886 1583
6887 1065
6887 6888
6889 1074
6889 6888
6889 1065
6890 6891
6890 1063
6892 6891
6892 1065
6893 1074
6893 6894
6895 1063
6895 6894
6896 1074
6896 1063
6896 6894
6897 1074
6897 6888
6898 2126
6898 1423
6899 517
6899 498
6899 495
6900 364
6900 2109
6900 2110
6901 2907
6901 313
6902 286
6902 2907
6903 6904
6903 1056
6903 202
6905 1927
6905 6906
6907 4544
6907 4545
6907 4546
6908 6219
6908 4030
6908 359
6909 6910
6909 6911
6909 6912
6913 6391
6913 3
6914 1926
6914 3
6915 1927
6915 6906
6915 4546
6916 6906
6916 4546
6917 26
6917 5283
6918 5283
6918 3
6919 6391
6919 1926
6919 6906
6919 3
6920 6906
6920 3
6921 2907
6921 6922
6923 2907
6923 2930
6923 6922
6924 4050
6924 6925
6926 3509
6926 5296
6926 6927
6928 3509
6928 5296
6928 6927
6929 3509
6929 5296
6929 6927
6930 7
6930 2906
6930 6931
6930 6922
6932 5102
6932 3645
6932 6933
6934 3509
6934 5296
6934 6927
6935 3792
6935 2420
6936 4400
6936 2420
6937 2502
6937 4399
6938 6492
6938 4342
6939 2502
6939 4399
6939 4394
6940 4399
6940 4394
6941 2509
6941 2503
6942 4050
6942 6925
6943 335
6943 6944
6945 4517
6945 4342
6946 3645
6946 1754
6947 6948
6947 4342
6949 519
6949 3646
6949 151
6950 6904
6950 1056
6951 3428
6951 3429
6951 3431
6952 4049
6952 6953
6954 5250
6954 2421
6954 6955
6956 5250
6956 2421
6956 6955
6957 5296
6957 3507
6957 3505
6958 6959
6958 6546
6960 4049
6960 6953
6961 5543
6961 6546
6962 5296
6962 3507
6962 3505
6963 6959
6963 5250
6964 5248
6964 6959
6965 6546
6965 6966
6967 5248
6967 6959
6967 5250
6968 134
6968 1841
6969 1540
6969 5242
6970 4406
6970 135
6970 4407
6971 134
6971 1198
6971 6972
6973 4415
6973 4407
6973 4416
6974 721
6974 177
6974 446
6975 1340
6975 1347
6976 6977
6976 5009
6978 6977
6978 6979
6980 6981
6980 3911
6980 3914
6982 5743
6982 6981
6982 6750
6983 5743
6983 6981
6983 6750
6984 5743
6984 6981
6984 6750
6985 6977
6985 6979
6985 5009
6986 999
6986 1343
6987 6981
6987 3911
6987 3914
6988 6981
6988 3911
6988 3914
6989 6593
6989 6839
6990 6593
6990 6839
6990 6807
6990 6991
6992 6593
6992 6991
6993 721
6993 177
6994 6593
6994 3627
6994 303
6995 445
6995 446
6996 6593
6996 3627
6997 3627
6997 303
6998 6839
6998 6840
6999 3609
6999 465
6999 4522
7000 5123
7000 6867
7001 7002
7001 7003
7004 2996
7004 5123
7004 6867
7005 7003
7005 460
7006 4522
7006 460
7007 6867
7007 6193
7008 3609
7008 465
7008 4522
7009 7010
7009 7002
7009 2561
7011 7003
7011 2564
7012 6857
7012 6858
7013 6858
7013 2996
7014 6910
7014 6911
7014 6912
7015 6910
7015 6911
7015 6912
7016 6910
7016 6911
7016 6912
7017 7018
7017 1637
7017 6910
7019 7018
7019 1637
7019 6910
7020 7018
7020 1637
7020 6910
7021 4434
7021 4447
7021 4439
7022 2744
7022 2745
7022 2746
7023 7024
7023 5223
7025 7026
7025 5223
7027 7028
7027 993
7027 994
7029 7028
7029 993
7029 994
7030 7028
7030 993
7030 994
7031 7032
7031 5223
7031 7033
7034 7032
7034 7033
7035 5223
7035 7033
7036 502
7036 7026
7036 5223
7036 7024
7037 502
7037 5223
7038 4030
7038 7039
7038 4601
7038 7040
7041 7042
7041 1514
7043 53
7043 3193
7043 604
7044 3193
7044 604
7045 3193
7045 53
7046 7047
7046 1019
7048 7042
7048 1514
7048 5601
7048 7049
7050 7042
7050 7049
7051 7042
7051 5601
7052 1371
7052 1372
7052 269
7053 1887
7053 1863
7053 7054
7055 1887
7055 7054
7056 7057
7056 7058
7059 7057
7059 7060
7061 3499
7061 3509
7062 78
7062 3372
7063 7064
7063 6857
7063 7065
7066 7064
7066 6857
7066 7065
7067 7064
7067 6857
7067 7065
7068 7064
7068 6857
7068 7065
7069 2024
7069 2037
7069 2038
7070 2996
7070 5123
7070 7065
7071 7072
7071 2588
7073 6583
7073 2588
7074 7075
7074 6209
7074 3774
7076 7075
7076 3774
7077 7075
7077 6209
7078 2996
7078 5123
7078 7065
7079 286
7079 3774
7080 1262
7080 3774
7081 1061
7081 6209
7081 151
7082 6209
7082 151
7083 2996
7083 5123
7083 7065
7084 22
7084 284
7084 545
7084 2903
7084 2599
7084 286
7085 2903
7085 2599
7086 7087
7086 7088
7089 1960
7089 1961
7089 7090
7091 7088
7091 7092
7093 6580
7093 7090
7093 7087
7093 7088
7094 7090
7094 7088
7095 6580
7095 7088
7096 430
7096 7097
7098 7097
7098 5391
7099 7088
7099 7100
7099 7092
7101 7100
7101 7092
7102 2126
7102 141
7103 6221
7103 6237
7104 6348
7104 6349
7104 381
7105 4030
7105 7040
7106 7107
7106 2362
7108 7109
7108 5039
7110 7111
7110 6602
7110 6607
7112 7111
7112 6602
7112 6607
7113 7111
7113 6602
7113 6607
7114 7111
7114 6602
7114 6607
7115 2361
7115 2362
7116 6304
7116 7117
7116 5039
7116 5035
7118 1654
7118 2361
7118 7119
7120 2362
7120 2363
7121 7117
7121 5039
7122 6304
7122 5039
7123 7124
7123 2733
7125 4277
7125 7124
7126 4277
7126 7127
7128 4277
7128 7124
7128 2733
7129 4277
7129 2729
7129 7127
7130 2729
7130 7127
7131 2729
7131 7132
7133 2733
7133 7132
7134 2046
7134 7124
7135 2729
7135 2733
7135 7132
7136 3816
7136 7109
7136 5039
7137 5039
7137 5035
7138 628
7138 3414
7139 1899
7139 7117
7139 1900
7140 6219
7140 4031
7140 4022
7141 4745
7141 7142
7141 4750
7143 1367
7143 3998
7143 3999
7144 750
7144 361
7144 7145
7146 4030
7146 4601
7147 5795
7147 361
7148 4181
7148 2457
7148 7149
7150 284
7150 4494
7151 7152
7151 4789
7151 1498
7153 521
7153 4494
7154 286
7154 4494
7155 4789
7155 4494
7156 4494
7156 411
7157 4494
7157 7158
7159 521
7159 4494
7159 284
7159 4789
7159 411
7159 286
7160 4494
7160 7158
7160 4504
7161 7158
7161 4504
7162 7163
7162 7164
7165 7166
7165 7167
7165 7168
7169 6757
7169 7170
7171 585
7171 6499
7171 6500
7171 7172
7173 6757
7173 6500
7173 7170
7174 7170
7174 6500
7175 2058
7175 7176
7177 6764
7177 7176
7178 7176
7178 7170
7179 6494
7179 5587
7180 7166
7180 7163
7180 7164
7181 7166
7181 7164
7182 1436
7182 1437
7182 1438
7183 7184
7183 6657
7183 7185
7183 7186
7187 7184
7187 6657
7188 3517
7188 3518
7188 1713
7189 3518
7189 2605
7189 2606
7190 6654
7190 545
7191 2484
7191 6654
7192 980
7192 6654
7193 2480
7193 6654
7194 2473
7194 2481
7194 7195
7196 2481
7196 7195
7197 2473
7197 7195
7198 2484
7198 980
7198 6654
7198 545
7198 2480
7199 87
7199 7200
7201 3245
7201 7200
7202 1436
7202 1437
7202 1438
7203 2888
7203 3998
7204 4455
7204 3828
7204 7058
7205 1805
7205 3832
7206 3828
7206 7058
7207 4455
7207 7058
7208 2620
7208 2622
7209 7057
7209 2620
7209 2622
7210 3245
7210 87
7210 7200
7211 7057
7211 2620
7212 515
7212 7213
7214 5327
7214 7213
7215 5326
7215 535
7215 524
7215 7216
7215 7217
7218 7216
7218 7217
7219 7213
7219 7220
7219 7217
7221 7213
7221 7220
7222 7220
7222 7217
7223 5327
7223 515
7223 7213
7224 2131
7224 1438
7224 965
7225 524
7225 7217
7226 535
7226 7217
7227 6219
7227 4031
7227 4022
7228 6904
7228 202
7229 4030
7229 7039
7230 545
7230 4022
7231 7232
7231 3646
7233 7232
7233 3645
7234 7232
7234 6933
7234 5100
7234 4544
7235 4544
7235 1634
7236 1634
7236 7237
7238 4544
7238 1634
7238 7237
7239 7232
7239 3645
7239 3646
7240 5100
7240 4544
7241 6933
7241 4544
7242 7232
7242 4544
7243 291
7243 3557
7244 1095
7244 291
7244 3557
7245 1307
7245 7246
7245 1310
7247 1307
7247 7246
7247 1310
7248 1307
7248 7246
7248 1310
7249 1307
7249 7246
7249 1310
7250 7251
7250 7246
7250 1299
7252 7251
7252 7246
7252 1299
7253 192
7253 1632
7254 7251
7254 265
7254 7255
7256 1095
7256 3557
7257 7258
7257 2913
7259 2903
7259 7258
7260 1061
7260 2912
7261 2903
7261 2913
7261 7258
7262 7263
7262 5107
7262 7264
7265 1208
7265 2128
7265 2129
7266 7263
7266 5107
7266 7264
7267 1713
7267 5827
7268 5733
7268 7269
7268 7270
7271 7270
7271 7272
7271 3931
7273 7270
7273 7272
7273 3931
7274 4551
7274 4552
7274 7272
7275 4551
7275 4552
7275 7272
7276 4551
7276 4552
7276 7272
7277 4551
7277 4552
7277 7272
7278 1713
7278 999
7278 5827
7279 999
7279 5827
7280 4487
7280 4485
7281 2468
7281 2478
7282 4484
7282 4485
7283 4714
7283 2468
7283 2478
7284 4483
7284 4485
7285 1070
7285 6912
7286 593
7286 6518
7287 593
7287 6513
7288 593
7288 7289
7290 1070
7290 535
7290 6912
7291 535
7291 6912
7292 6912
7292 6513
7293 7294
7293 5027
7293 7295
7293 5030
7296 5027
7296 7297
7298 3572
7298 7297
7299 3572
7299 5027
7299 7297
7300 1883
7300 7301
7302 7294
7302 5027
7303 5027
7303 7295
7304 4216
7304 2763
7304 7305
7306 4216
7306 2763
7306 7305
7307 1883
7307 7301
7307 7308
7309 4216
7309 2763
7309 7305
7310 1754
7310 7305
7310 2765
7311 1754
7311 7305
7311 2765
7312 4216
7312 2763
7312 7305
7313 1754
7313 7305
7313 2765
7314 3870
7314 7315
7316 645
7316 7317
7318 6732
7318 2102
7318 7319
7320 6732
7320 2102
7320 7319
7321 7319
7321 1495
7321 1714
7322 2769
7322 7323
7324 7323
7324 5117
7325 7319
7325 1495
7325 1714
7326 7054
7326 3193
7326 7327
7328 7054
7328 3193
7328 7327
7329 7054
7329 3193
7329 7327
7330 7054
7330 3193
7330 7327
7331 1070
7331 2770
7332 1070
7332 2770
7332 47
7333 2769
7333 7323
7333 5117
7334 2770
7334 47
7335 7336
7335 7337
7335 5829
7338 7339
7338 7337
7340 7336
7340 7337
7341 7336
7341 5829
7342 4350
7342 7343
7344 4350
7344 7343
7345 7346
7345 7343
7347 7348
7347 7349
7347 7346
7347 7343
7350 7349
7350 7343
7351 7348
7351 7343
7352 6732
7352 2102
7352 7319
7353 1454
7353 4698
7353 1461
7354 1460
7354 1497
7355 1454
7355 4698
7356 4698
7356 1461
7357 1454
7357 2194
7358 521
7358 284
7358 291
7358 2194
7358 1454
7358 286
7359 1454
7359 521
7360 1454
7360 291
7361 1454
7361 284
7362 1454
7362 286
7363 3183
7363 7364
7365 577
7365 284
7366 7367
7366 7368
7366 6260
7369 7370
7369 7371
7372 7368
7372 7367
7373 7368
7373 6260
7374 7375
7374 7370
7376 7375
7376 1209
7377 7368
7377 7370
7378 7368
7378 7370
7378 7371
7379 5668
7379 7367
7380 5668
7380 7367
7381 7382
7381 5150
7381 4793
7383 2436
7383 2437
7383 2438
7384 684
7384 7385
7384 6241
7386 684
7386 7385
7386 6241
7387 7388
7387 7389
7387 857
7390 7388
7390 7389
7390 857
7391 7388
7391 7389
7391 857
7392 7388
7392 7389
7392 857
7393 6241
7393 7394
7395 6241
7395 7394
7396 684
7396 7385
7396 6241
7397 684
7397 7385
7397 6241
7398 2436
7398 4305
7398 4310
7399 2496
7399 1749
7400 22
7400 7382
7401 4517
7401 5048
7402 2560
7402 4517
7403 3885
7403 7404
7403 7405
7406 6192
7406 4517
7407 6196
7407 4517
7408 7409
7408 4517
7410 1747
7410 1744
7411 7412
7411 4517
7413 235
7413 2007
7414 235
7414 1607
7415 1224
7415 6302
7416 6545
7416 5250
7417 6545
7417 5253
7418 5253
7418 7419
7418 5923
7418 7420
7421 5253
7421 7420
7422 5253
7422 5923
7423 5253
7423 7419
7424 4723
7424 4724
7424 7420
7425 4723
7425 7420
7426 4724
7426 7420
7427 4723
7427 7428
7427 4400
7429 2668
7429 7430
7429 570
7431 2668
7431 7430
7432 1174
7432 7433
7434 6211
7434 2683
7434 1210
7435 7436
7435 4793
7437 4156
7437 7436
7438 3848
7438 674
7438 679
7439 3848
7439 674
7440 3848
7440 679
7441 569
7441 581
7441 222
7442 569
7442 581
7443 569
7443 222
7444 192
7444 2591
7445 4483
7445 4538
7446 1679
7446 2194
7446 7447
7448 2678
7448 2679
7448 2680
7449 1136
7449 508
7450 4483
7450 4538
7450 1210
7451 1679
7451 2194
7451 7447
7452 1180
7452 1165
7452 7453
7454 1180
7454 1165
7454 7453
7455 1180
7455 1165
7455 7453
7456 535
7456 1130
7457 7433
7457 7458
7457 7453
7459 7433
7459 7458
7459 7453
7460 7433
7460 7458
7460 7453
7461 7462
7461 6644
7463 2437
7463 2433
7463 7447
7464 772
7464 6644
7464 1583
7465 1128
7465 7466
7465 508
7467 7468
7467 7469
7467 469
7470 6979
7470 7471
7472 7468
7472 7469
7472 469
7473 7468
7473 7469
7473 469
7474 7468
7474 378
7474 468
7475 2437
7475 2433
7475 7447
7476 7468
7476 378
7476 468
7477 7111
7477 7107
7478 764
7478 6979
7478 202
7479 7468
7479 378
7479 468
7480 2437
7480 2433
7480 7447
7481 4591
7481 4658
7481 4659
7482 1460
7482 4699
7483 6840
7483 6807
7484 6840
7484 6807
7484 3169
7485 6838
7485 5391
7486 1454
7486 1460
7486 4699
7487 7488
7487 3169
7489 7490
7489 3169
7491 7488
7491 7492
7491 7490
7491 3169
7493 6807
7493 3169
7494 1185
7494 7490
7494 7495
7496 7492
7496 3169
7497 2559
7497 393
7497 7498
7499 2559
7499 393
7499 7498
7500 2559
7500 7010
7501 2559
7501 7010
7502 201
7502 7498
7503 284
7503 201
7503 7498
7504 2559
7504 393
7504 7498
7505 2559
7505 393
7505 7498
7506 2560
7506 2566
7506 2564
7507 284
7507 7498
7508 7251
7508 7509
7508 3557
7510 3183
7510 7364
7510 3184
7511 7251
7511 7509
7511 3557
7512 224
7512 4480
7513 1455
7513 4549
7513 1464
7514 1455
7514 4549
7514 1464
7515 1455
7515 4549
7515 1464
7516 265
7516 7509
7516 2202
7517 2175
7517 1294
7517 4549
7518 2175
7518 1294
7518 4549
7519 7251
7519 7509
7519 3557
7520 2205
7520 2699
7521 1485
7521 2699
7522 7523
7522 7032
7522 5706
7524 7523
7524 7032
7525 7033
7525 81
7526 5704
7526 81
7527 7523
7527 7033
7527 5704
7527 81
7528 7523
7528 81
7529 5999
7529 7530
7531 7530
7531 81
7532 1485
7532 2699
7532 2205
7533 7523
7533 5706
7534 7032
7534 286
7534 5695
7535 6316
7535 6301
7535 7536
7537 62
7537 6598
7538 7539
7538 6020
7538 1527
7540 7539
7540 6020
7540 1527
7541 7539
7541 6020
7541 1527
7542 7539
7542 6020
7542 1527
7543 7539
7543 4112
7543 4114
7544 7539
7544 4112
7544 4114
7545 7539
7545 4112
7545 4114
7546 7539
7546 4112
7546 4114
7547 4591
7547 4658
7547 4659
7548 4591
7548 4658
7548 4659
7549 1010
7549 955
7549 604
7550 955
7550 604
7551 6592
7551 6593
7551 4951
7552 3408
7552 3378
7553 2131
7553 1438
7553 965
7554 1856
7554 1192
7554 1857
7555 6348
7555 6349
7555 381
7556 6348
7556 6349
7556 381
7557 381
7557 6075
7558 381
7558 6075
7559 4062
7559 352
7559 2103
7560 352
7560 2103
7561 22
7561 6216
7562 6216
7562 151
7563 2903
7563 7564
7565 2806
7565 4063
7565 2819
7566 7567
7566 23
7566 7568
7569 4063
7569 2819
7570 2598
7570 5714
7570 2586
7571 2598
7571 5714
7571 2586
7572 2903
7572 7564
7572 2912
7573 2912
7573 7564
7574 439
7574 7575
7576 7577
7576 7575
7576 7578
7576 7092
7579 1946
7579 7580
7579 7581
7582 436
7582 7583
7584 7585
7584 430
7584 446
7586 432
7586 7583
7587 7583
7587 434
7588 7583
7588 439
7588 7575
7589 439
7589 7583
7590 7585
7590 430
7591 2131
7591 1438
7591 965
7592 732
7592 7593
7592 730
7594 5190
7594 999
7594 180
7595 732
7595 7593
7595 730
7596 732
7596 7593
7596 730
7597 3221
7597 5189
7597 7593
7598 732
7598 7593
7598 730
7599 3221
7599 5189
7599 7593
7600 3221
7600 5189
7600 7593
7601 4932
7601 4455
7601 4451
7602 5190
7602 999
7603 5190
7603 180
7604 2131
7604 1438
7604 965
7605 6009
7605 1184
7606 1200
7606 7607
7608 1199
7608 7607
7609 6702
7609 7610
7609 1706
7611 6702
7611 7610
7611 1706
7612 3588
7612 7613
7614 3588
7614 7607
7615 1199
7615 1200
7615 7607
7616 7617
7616 3588
7618 7619
7618 1734
7620 7619
7620 1734
7620 3588
7621 7617
7621 3588
7621 7613
7621 7607
7622 7619
7622 3588
7623 7624
7623 1441
7625 3815
7625 5037
7625 3816
7626 2816
7626 3278
7627 180
7627 6012
7627 151
7628 7629
7628 3077
7630 868
7630 869
7630 870
7631 5029
7631 7109
7632 868
7632 869
7632 870
7633 5029
7633 5038
7634 4206
7634 2411
7635 3815
7635 5029
7635 5038
7635 7109
7636 7637
7636 7638
7636 7639
7640 284
7640 4891
7641 2788
7641 5442
7641 5443
7642 5228
7642 7643
7644 4719
7644 4709
7644 5229
7645 7646
7645 4891
7647 169
7647 5442
7647 284
7647 4891
7648 5442
7648 4891
7649 169
7649 4891
7650 5450
7650 169
7651 772
7651 5450
7652 7653
7652 7646
7652 4891
7654 7653
7654 7646
7655 7656
7655 7158
7657 7656
7657 7658
7659 4503
7659 7660
7659 4504
7661 7660
7661 4504
7662 7663
7662 4256
7664 7663
7664 7656
7665 7660
7665 7656
7665 7658
7665 7158
7666 7660
7666 7656
7667 4503
7667 7660
7668 689
7668 6477
7668 4504
7669 49
7669 515
7669 7216
7670 7671
7670 2654
7670 3189
7670 7672
7670 7673
7670 7674
7670 7216
7670 7675
7670 5659
7676 2654
7676 3189
7677 7673
7677 2654
7678 5326
7678 7217
7679 49
7679 515
7679 7216
7680 49
7680 515
7680 7216
7681 49
7681 515
7681 7216
7682 7683
7682 3413
7682 7149
7684 7683
7684 3413
7684 7149
7685 2654
7685 7675
7686 2654
7686 7672
7687 3378
7687 3410
7688 6286
7688 2396
7688 6292
7689 7294
7689 3613
7690 2816
7690 870
7690 3278
7691 2405
7691 291
7692 5489
7692 591
7692 1890
7693 2187
7693 2188
7693 2189
7694 6653
7694 7695
7696 7697
7696 4043
7698 7695
7698 4043
7699 1716
7699 7186
7700 7695
7700 7697
7700 4043
7700 7701
7702 7697
7702 6653
7703 7697
7703 6654
7704 7701
7704 4043
7705 6653
7705 6654
7705 7697
7706 7707
7706 2129
7708 7294
7708 5029
7709 2816
7709 870
7710 2229
7710 7711
7712 7637
7712 7711
7713 7637
7713 2229
7713 7711
7714 1433
7714 7638
7715 545
7715 7638
7716 2308
7716 3612
7716 5029
7717 1878
7717 7718
7717 1687
7719 1878
7719 7718
7719 1687
7720 1878
7720 7718
7720 1687
7721 1878
7721 7718
7721 1687
7722 1754
7722 1850
7723 173
7723 2590
7723 151
7724 1368
7724 1369
7725 7294
7725 5029
7725 3613
7726 25
7726 1754
7727 1367
7727 1368
7728 3978
7728 818
7728 835
7729 6023
7729 3700
7729 3701
7730 4465
7730 3068
7730 4466
7731 4465
7731 586
7731 736
7732 4465
7732 586
7732 736
7733 4465
7733 586
7733 736
7734 7735
7734 734
7736 7735
7736 736
7737 7735
7737 734
7737 736
7738 7739
7738 7740
7741 3043
7741 3049
7741 3057
7742 4465
7742 3068
7742 4466
7743 4465
7743 3068
7743 4466
7744 7745
7744 7746
7747 7745
7747 7748
7749 7745
7749 7750
7751 7752
7751 7745
7751 7746
7751 7748
7753 7745
7753 6463
7753 7750
7754 7750
7754 6463
7755 1583
7755 6464
7756 863
7756 6464
7757 6219
7757 4031
7757 4022
7758 7752
7758 7745
7759 7760
7759 7746
7759 7761
7762 4181
7762 151
7763 800
7763 794
7763 1359
7764 1028
7764 1735
7765 1735
7765 291
7766 7767
7766 1639
7766 1092
7768 7767
7768 1639
7768 1092
7769 1028
7769 1735
7769 291
7770 7767
7770 1639
7770 1092
7771 7767
7771 1734
7771 1109
7772 7767
7772 1734
7772 1109
7773 7767
7773 1639
7773 1092
7774 7767
7774 1734
7774 1109
7775 6838
7775 411
7776 226
7776 3151
7776 3157
7777 7317
7777 2457
7778 800
7778 794
7778 1359
7779 436
7779 434
7779 2580
7779 432
7779 4181
7779 3199
7779 151
7779 3198
7780 1497
7780 151
7780 1704
7781 1433
7781 7782
7783 1497
7783 1704
7784 151
7784 1704
7785 7782
7785 7786
7787 7782
7787 7786
7787 1709
7788 521
7788 284
7788 1709
7788 151
7788 286
7788 1497
7789 7786
7789 1709
7790 1497
7790 1709
7791 286
7791 1709
7792 610
7792 611
7793 7794
7793 7795
7796 7794
7796 7797
7798 535
7798 7795
7798 604
7799 535
7799 7795
7800 7795
7800 604
7801 1866
7801 7797
7801 1056
7802 1866
7802 7797
7803 7797
7803 1056
7804 4692
7804 7805
7804 7795
7806 7805
7806 7795
7807 1433
7807 827
7807 291
7808 1863
7808 7327
7808 5117
7809 1863
7809 7327
7809 5117
7810 6061
7810 7811
7812 7301
7812 7811
7813 7323
7813 7814
7815 7814
7815 7816
7817 2770
7817 5117
7817 7816
7818 182
7818 189
7818 190
7819 7820
7819 7811
7821 5117
7821 7816
7822 1863
7822 7327
7822 5117
7823 1863
7823 7327
7823 5117
7824 2301
7824 1533
7825 4270
7825 4271
7825 2251
7826 6321
7826 6322
7826 7827
7828 934
7828 863
7829 934
7829 1070
7830 7831
7830 4171
7830 7832
7833 3732
7833 4170
7834 7835
7834 1860
7834 1861
7836 7835
7836 1860
7836 1861
7837 7831
7837 7838
7837 3707
7839 7831
7839 7838
7839 3707
7840 7831
7840 7838
7840 3707
7841 7831
7841 7838
7841 3707
7842 1494
7842 1231
7842 6228
7842 6224
7843 6302
7843 1231
7844 7845
7844 935
7846 957
7846 935
7846 7845
7847 7848
7847 1233
7849 3218
7849 7638
7850 1056
7850 4348
7850 7851
7852 1056
7852 4348
7852 7851
7853 1056
7853 4348
7853 7851
7854 1056
7854 4348
7854 7851
7855 7856
7855 521
7857 7856
7857 524
7858 7856
7858 521
7858 524
7859 4349
7859 521
7859 7856
7860 4349
7860 521
7860 7856
7861 4349
7861 521
7861 7856
7862 1402
7862 1399
7862 1413
7862 1403
7862 1405
7862 151
7863 7864
7863 2780
7865 7864
7865 1402
7866 2780
7866 1402
7866 7864
7867 6046
7867 7868
7869 6046
7869 2775
7870 6046
7870 7864
7871 6046
7871 7868
7871 2775
7871 7864
7872 1002
7872 3132
7873 1002
7873 6046
7874 3410
7874 658
7875 7876
7875 1212
7877 7876
7877 7878
7877 1212
7879 7880
7879 7881
7882 1192
7882 7883
7882 7884
7885 7878
7885 7886
7887 7878
7887 7883
7888 7878
7888 7886
7888 7883
7889 7883
7889 7884
7890 1192
7890 7883
7891 335
7891 7892
7893 335
7893 7894
7895 335
7895 7894
7895 7896
7895 7892
7897 335
7897 7896
7898 3162
7898 3163
7898 7896
7899 3162
7899 7896
7900 226
7900 1754
7900 999
7901 2344
7901 950
7902 4224
7902 1732
7902 6677
7903 3517
7903 284
7904 4224
7904 4225
7904 3643
7905 4224
7905 4225
7905 3643
7906 4224
7906 4225
7906 3643
7907 4224
7907 1732
7907 6677
7908 172
7908 7909
7908 178
7910 834
7910 835
7910 829
7911 834
7911 835
7911 829
7912 172
7912 7909
7912 178
7913 7914
7913 7915
7913 7916
7913 7917
7918 7914
7918 7916
7919 7914
7919 7917
7920 7914
7920 7915
7921 7916
7921 818
7921 835
7922 7916
7922 835
7923 7916
7923 818
7924 834
7924 835
7924 829
7925 4658
7925 4542
7925 2109
7926 4658
7926 4542
7926 2109
7927 364
7927 2109
7927 2110
7928 364
7928 2109
7928 2110
7929 365
7929 7930
7931 365
7931 7930
7932 4658
7932 4542
7932 2109
7933 4658
7933 4542
7933 2109
7934 7935
7934 5306
7934 7930
7936 7935
7936 5306
7936 7930
7937 1898
7937 3620
7937 7938
7939 4757
7939 2007
7939 5499
7939 5506
7940 1892
7940 1236
7941 6506
7941 1583
7942 6506
7942 1767
7942 1583
7943 7944
7943 4365
7943 5934
7945 7944
7945 4365
7945 5934
7946 7944
7946 4365
7946 5934
7947 7944
7947 4365
7947 5934
7948 1170
7948 7944
7948 7949
7950 1170
7950 7944
7950 7949
7951 1170
7951 7944
7951 7949
7952 1170
7952 7944
7952 7949
7953 7827
7953 4322
7953 7954
7955 7956
7955 7739
7955 7740
7957 7740
7957 529
7958 202
7958 7959
7960 379
7960 202
7960 7959
7961 7962
7961 4530
7963 7962
7963 470
7964 4527
7964 7962
7965 4527
7965 7962
7965 470
7965 4530
7966 7967
7966 1989
7968 1866
7968 7967
7969 1866
7969 7967
7969 1989
7970 7967
7970 7962
7970 7971
7972 2152
7972 2155
7973 438
7973 7575
7974 438
7974 7585
7975 4376
7975 169
7976 4376
7976 1184
7977 4367
7977 4368
7977 4369
7978 4376
7978 1184
7978 169
7979 4367
7979 4368
7979 4369
7980 4367
7980 4368
7980 4369
7981 1960
7981 2551
7981 7087
7982 5854
7982 5852
7983 2551
7983 7087
7984 1960
7984 7087
7985 7577
7985 7097
7986 7577
7986 7097
7986 7088
7987 7585
7987 7575
7987 438
7988 7577
7988 7088
7989 452
7989 449
7989 450
7990 7991
7990 6644
7990 7458
7992 2744
7992 2745
7992 2746
7993 3016
7993 7991
7993 455
7994 4412
7994 455
7995 3016
7995 7991
7995 455
7996 3016
7996 7991
7996 455
7997 7991
7997 6644
7997 7458
7998 3016
7998 7991
7998 455
7999 7991
7999 6644
7999 7458
8000 7991
8000 6644
8000 7458
8001 7164
8001 6494
8001 5587
8002 5037
8002 3816
8002 8003
8004 7164
8004 6494
8005 7176
8005 8006
8007 4351
8007 8008
8009 2058
8009 7176
8009 8006
8009 7170
8009 6764
8010 8011
8010 1199
8010 1045
8012 698
8012 707
8012 4267
8013 1846
8013 2138
8014 942
8014 604
8015 863
8015 942
8016 865
8016 4294
8017 6321
8017 6322
8017 7827
8018 3517
8018 3518
8018 1713
8019 1522
8019 2391
8019 8020
8021 1522
8021 2391
8021 8020
8022 1522
8022 2391
8022 8020
8023 5582
8023 1523
8023 8020
8024 5582
8024 1523
8024 8020
8025 5582
8025 1523
8025 8020
8026 5582
8026 1523
8026 8020
8027 863
8027 942
8027 604
8028 1054
8028 66
8029 3517
8029 3518
8029 1713
8030 2487
8030 430
8030 1713
8031 5576
8031 65
8031 62
8032 3835
8032 227
8033 5576
8033 65
8034 29
8034 2489
8035 4890
8035 5450
8035 7653
8036 5568
8036 5569
8036 5566
8037 2489
8037 2897
8038 5568
8038 5569
8038 5566
8039 446
8039 1054
8039 66
8040 805
8040 3168
8040 3169
8041 8042
8041 839
8041 8043
8041 8044
8045 839
8045 8044
8046 839
8046 8043
8047 8042
8047 839
8048 5568
8048 5569
8048 8044
8049 5569
8049 8044
8050 5568
8050 8044
8051 436
8051 434
8051 430
8051 5569
8051 439
8051 432
8051 438
8051 440
8052 430
8052 5569
8053 432
8053 5569
8054 545
8054 2103
8054 2594
8055 4890
8055 5450
8055 7653
8056 4062
8056 4063
8056 8057
8056 8058
8059 4062
8059 8057
8060 6774
8060 2102
8061 4062
8061 6774
8062 1845
8062 1846
8062 4024
8063 5386
8063 671
8064 1845
8064 4024
8065 5576
8065 62
8066 804
8066 6712
8067 1845
8067 8068
8069 6605
8069 62
8069 6598
8069 4952
8070 6080
8070 8068
8071 1235
8071 8072
8073 1845
8073 6080
8073 8068
8074 804
8074 1257
8075 1433
8075 1089
8076 31
8076 8077
8078 177
8078 1089
8079 570
8079 7430
8080 1088
8080 174
8081 436
8081 3068
8082 804
8082 1256
8082 6296
8082 1257
8083 6972
8083 7613
8084 586
8084 1134
8085 6972
8085 1199
8085 7613
8086 2083
8086 1200
8087 6972
8087 3591
8088 6972
8088 8089
8090 1088
8090 1497
8091 2118
8091 2113
8091 2209
8092 4900
8092 586
8093 6596
8093 1927
8093 4546
8094 1497
8094 5460
8094 5457
8095 6596
8095 1927
8095 4546
8096 1974
8096 1972
8097 4542
8097 7040
8098 1054
8098 5391
8098 6599
8099 6296
8099 1257
8100 7711
8100 3218
8100 2113
8100 8101
8102 2113
8102 2209
8103 8104
8103 2055
8105 8106
8105 1386
8105 8107
8108 8106
8108 1386
8109 8106
8109 8107
8110 2054
8110 2055
8111 8106
8111 8104
8111 8112
8111 2055
8113 8106
8113 2055
8114 8112
8114 2055
8115 8116
8115 1386
8115 8112
8117 1386
8117 8112
8118 169
8118 1780
8118 535
8118 524
8118 8119
8120 1780
8120 8119
8121 169
8121 8119
8122 524
8122 8119
8123 515
8123 2152
8124 8119
8124 2148
8124 2153
8125 2148
8125 2153
8126 2148
8126 8119
8127 5061
8127 8128
8129 535
8129 8119
8130 8131
8130 1780
8130 5086
8132 6838
8132 6991
8133 6991
8133 3169
8134 7492
8134 1260
8135 6838
8135 6991
8135 3169
8136 6593
8136 8137
8138 8042
8138 5568
8138 3628
8139 6593
8139 445
8139 8137
8140 445
8140 8137
8141 8042
8141 5568
8142 8042
8142 3628
8143 1056
8143 8144
8145 1002
8145 8144
8146 1519
8146 8147
8148 1056
8148 7049
8148 1002
8148 5601
8148 1023
8148 1019
8148 1514
8148 8144
8149 8144
8149 7049
8150 5601
8150 8144
8151 1023
8151 8144
8152 1019
8152 8144
8153 3752
8153 2857
8154 2856
8154 2857
8154 3752
8155 1514
8155 8144
8156 3858
8156 1515
8156 7049
8157 4376
8157 4379
8157 884
8158 636
8158 8159
8160 4379
8160 884
8161 4376
8161 4379
8162 8163
8162 8164
8162 776
8165 786
8165 8163
8165 789
8166 786
8166 8163
8166 789
8167 786
8167 8163
8167 789
8168 786
8168 8163
8168 789
8169 6205
8169 7672
8170 6205
8170 7672
8171 2484
8171 980
8171 6205
8171 2480
8172 2484
8172 6205
8173 980
8173 6205
8174 155
8174 150
8174 5292
8175 2403
8175 2431
8176 666
8176 667
8176 891
8177 2092
8177 2086
8178 8179
8178 12
8180 12
8180 18
8181 545
8181 1754
8181 8182
8183 2386
8183 8184
8183 8185
8186 1754
8186 8182
8187 545
8187 8182
8188 6419
8188 8189
8190 12
8190 6419
8190 8189
8191 8179
8191 11
8191 12
8191 18
8192 12
8192 6419
8193 666
8193 891
8194 1972
8194 646
8195 1019
8195 5123
8196 6857
8196 8197
8196 8198
8196 8199
8200 1002
8200 5123
8201 1023
8201 5123
8202 1002
8202 1023
8202 1019
8202 5123
8202 1583
8203 5123
8203 1583
8204 2997
8204 2280
8205 2284
8205 2997
8206 6857
8206 8197
8207 6857
8207 8199
8208 52
8208 8209
8210 46
8210 8209
8211 4435
8211 4980
8212 52
8212 46
8212 8209
8213 4435
8213 8209
8214 4435
8214 8215
8216 4435
8216 2275
8217 4435
8217 4980
8217 8209
8217 8215
8218 2833
8218 640
8219 849
8219 640
8220 72
8220 2833
8221 72
8221 2833
8221 2829
8221 1270
8222 843
8222 860
8222 274
8223 843
8223 860
8223 274
8224 52
8224 53
8224 524
8225 52
8225 524
8226 8227
8226 7469
8226 5009
8228 8227
8228 7469
8229 97
8229 92
8229 98
8230 86
8230 8231
8232 3388
8232 8233
8232 4614
8234 8235
8234 7167
8236 8237
8236 7167
8238 7761
8238 7748
8239 7167
8239 7748
8240 8235
8240 8237
8240 7167
8240 109
8241 7167
8241 109
8242 7760
8242 1583
8242 1010
8243 7760
8243 1583
8244 7760
8244 1010
8245 7761
8245 7167
8245 7748
8246 1940
8246 1941
8247 1939
8247 1941
8248 8249
8248 8250
8248 4963
8251 8249
8251 8250
8252 8249
8252 3820
8252 8253
8252 8254
8255 8249
8255 3820
8256 3820
8256 8254
8257 3820
8257 8253
8258 8259
8258 1028
8260 8261
8260 8262
8260 3820
8263 8261
8263 8262
8264 8262
8264 3820
8265 160
8265 147
8266 160
8266 793
8266 147
8267 1433
8267 148
8268 148
8268 151
8269 1433
8269 148
8269 151
8270 5709
8270 2102
8271 286
8271 147
8272 153
8272 286
8272 147
8273 146
8273 148
8274 146
8274 147
8275 2395
8275 2396
8275 2397
8276 6502
8276 8277
8276 5376
8276 599
8278 8277
8278 599
8279 593
8279 7315
8280 599
8280 7315
8281 1070
8281 594
8282 593
8282 599
8282 7315
8283 1070
8283 202
8283 594
8284 202
8284 594
8285 6911
8285 6518
8286 7018
8286 6518
8287 938
8287 940
8288 939
8288 938
8289 8290
8289 940
8291 8290
8291 8292
8291 8293
8291 940
8294 8292
8294 940
8295 8293
8295 940
8296 8290
8296 178
8297 8290
8297 172
8297 178
8298 177
8298 178
8298 180
8299 8290
8299 172
8300 6732
8300 2102
8300 7319
8301 535
8301 1659
8302 201
8302 1659
8303 1659
8303 1669
8304 201
8304 535
8304 1659
8304 1669
8305 8306
8305 1659
8307 6528
8307 8306
8308 6528
8308 8306
8308 1659
8309 1866
8309 1657
8310 1657
8310 201
8311 1866
8311 1657
8311 201
8312 8313
8312 284
8312 1583
8314 8313
8314 1583
8315 3609
8315 8313
8315 3017
8316 3609
8316 8313
8316 3017
8317 3609
8317 8313
8317 3017
8318 3609
8318 8313
8318 3017
8319 1713
8319 4394
8320 4322
8320 2722
8320 1017
8321 3609
8321 466
8322 2502
8322 3541
8322 4396
8323 6462
8323 7745
8323 2744
8324 3541
8324 4396
8325 3582
8325 3041
8325 2330
8326 243
8326 249
8327 248
8327 243
8327 249
8328 1713
8328 4394
8328 411
8329 564
8329 4346
8330 8331
8330 4346
8332 8331
8332 1974
8332 249
8332 551
8332 1964
8333 4394
8333 411
8334 8331
8334 551
8335 8331
8335 249
8336 8331
8336 1974
8337 8331
8337 1964
8338 5379
8338 6502
8339 2736
8339 8340
8339 1997
8341 8342
8341 5379
8343 2736
8343 8340
8343 1997
8344 2005
8344 6717
8345 3159
8345 340
8345 2922
8346 8347
8346 286
8348 8347
8348 286
8348 535
8348 524
8349 8350
8349 8347
8349 8351
8352 6717
8352 209
8353 7018
8353 1637
8353 6910
8354 6927
8354 4342
8355 6717
8355 203
8356 6927
8356 4517
8356 4342
8356 8357
8356 6492
8356 7064
8356 6948
8356 6193
8358 2522
8358 2523
8358 2524
8359 1095
8359 2524
8359 3729
8360 8347
8360 535
8361 312
8361 313
8362 29
8362 312
8363 430
8363 309
8364 8347
8364 524
8365 1095
8365 2524
8365 3729
8366 1095
8366 309
8367 1095
8367 2524
8367 3729
8368 1095
8368 2524
8368 3729
8369 4322
8369 1017
8370 7064
8370 4342
8371 8357
8371 4342
8372 359
8372 360
8372 361
8373 359
8373 360
8373 361
8374 4133
8374 4134
8374 7145
8375 354
8375 360
8375 6236
8376 360
8376 6236
8377 354
8377 6236
8378 750
8378 361
8378 7145
8379 4133
8379 4134
8379 7145
8380 4133
8380 4134
8380 7145
8381 4133
8381 4134
8381 7145
8382 8383
8382 3276
8382 3431
8384 8383
8384 3276
8384 3431
8385 2517
8385 2318
8385 3363
8386 8383
8386 3276
8386 3431
8387 8383
8387 3428
8387 1028
8388 8383
8388 3428
8388 1028
8389 8390
8389 4256
8389 2928
8391 8390
8391 4256
8391 2928
8392 8383
8392 3276
8392 3431
8393 8394
8393 7663
8393 164
8393 165
8395 2306
8395 165
8396 7663
8396 165
8397 8383
8397 3428
8397 1028
8398 4255
8398 4256
8398 164
8399 8394
8399 165
8400 4255
8400 164
8401 164
8401 4256
8402 1399
8402 5593
8403 1583
8403 5593
8404 1175
8404 7433
8405 1180
8405 1175
8406 1180
8406 1175
8406 7433
8407 405
8407 407
8408 1399
8408 1583
8408 5593
8409 8410
8409 1170
8411 8410
8411 4365
8412 8410
8412 1170
8412 4365
8413 531
8413 522
8413 532
8414 531
8414 522
8414 532
8415 1211
8415 538
8416 1212
8416 538
8417 1191
8417 538
8418 532
8418 538
8419 1207
8419 538
8420 1208
8420 538
8421 538
8421 1210
8422 538
8422 1209
8423 302
8423 303
8423 304
8424 3077
8424 8425
8426 302
8426 303
8426 304
8427 8428
8427 445
8429 8428
8429 303
8430 8428
8430 445
8430 303
8431 8137
8431 3628
8432 3077
8432 3074
8433 3077
8433 3074
8433 8434
8433 8425
8435 432
8435 434
8435 430
8435 436
8435 302
8436 302
8436 303
8436 304
8437 8438
8437 1583
8439 284
8439 8438
8439 1583
8439 286
8440 465
8440 8438
8440 1576
8441 465
8441 8438
8441 1576
8442 465
8442 8438
8442 1576
8443 465
8443 8438
8443 1576
8444 461
8444 466
8445 465
8445 461
8446 1589
8446 446
8446 2021
8447 284
8447 8438
8448 8438
8448 286
8449 436
8449 1343
8450 7629
8450 3077
8450 4896
8451 2059
8451 7170
8452 2058
8452 8006
8452 2059
8452 7170
8453 7024
8453 495
8454 5845
8454 7024
8455 511
8455 512
8455 500
8456 6847
8456 6534
8456 512
8457 511
8457 512
8457 500
8458 511
8458 512
8458 500
8459 6847
8459 6534
8459 512
8460 5845
8460 7024
8460 495
8461 6847
8461 6534
8461 512
8462 6847
8462 6534
8462 512
8463 7389
8463 556
8464 856
8464 298
8464 857
8465 856
8465 298
8465 857
8466 856
8466 298
8466 857
8467 550
8467 558
8468 550
8468 559
8469 556
8469 7389
8469 857
8470 556
8470 857
8471 2657
8471 8472
8473 1103
8473 1104
8473 1105
8474 1028
8474 4455
8474 1054
8475 6763
8475 2059
8475 8476
8477 6763
8477 2059
8477 8476
8478 628
8478 4143
8478 3414
8478 685
8479 3051
8479 8480
8479 3049
8481 2667
8481 8482
8481 570
8483 3051
8483 8480
8483 3049
8484 3051
8484 8480
8484 3049
8485 8480
8485 2412
8485 2668
8486 3051
8486 8480
8486 3049
8487 8480
8487 2412
8487 2668
8488 8480
8488 2412
8488 2668
8489 2590
8489 2591
8489 2661
8490 2667
8490 8482
8491 8482
8491 570
8492 8493
8492 611
8492 968
8492 3290
8494 3828
8494 7060
8495 611
8495 3290
8496 611
8496 968
8497 967
8497 968
8497 1057
8498 8493
8498 611
8499 968
8499 1057
8500 3832
8500 3827
8500 3744
8500 3828
8501 967
8501 8502
8501 5379
8503 967
8503 8502
8503 5379
8504 3631
8504 3563
8504 170
8505 2806
8505 1262
8505 545
8506 2806
8506 545
8507 2806
8507 1262
8508 2807
8508 8058
8508 2819
8509 2807
8509 8058
8510 8058
8510 2819
8511 8512
8511 7564
8511 7258
8511 2819
8513 7258
8513 2819
8514 522
8514 535
8515 5892
8515 3450
8515 3457
8516 2099
8516 1645
8517 1645
8517 291
8518 1644
8518 8089
8519 1644
8519 1641
8519 8089
8520 653
8520 1641
8520 3600
8520 8521
8522 1641
8522 8089
8523 1641
8523 8521
8524 653
8524 1641
8525 653
8525 655
8525 649
8526 1641
8526 3600
8527 3372
8527 1951
8527 7581
8528 7117
8528 1900
8529 3372
8529 1951
8530 3372
8530 7581
8531 79
8531 678
8531 1284
8532 1899
8532 7117
8533 1899
8533 8534
8533 2495
8535 1899
8535 8534
8535 2495
8536 1647
8536 36
8536 1648
8536 2890
8537 1899
8537 8534
8537 2495
8538 4661
8538 4768
8539 1899
8539 8534
8539 2495
8540 8534
8540 2496
8540 2088
8541 8534
8541 2496
8541 2088
8542 1321
8542 8543
8544 8545
8544 1996
8544 1991
8546 1321
8546 1328
8546 8543
8547 1328
8547 8543
8548 1321
8548 49
8549 1321
8549 22
8550 1321
8550 524
8551 1321
8551 764
8552 1996
8552 1991
8553 8545
8553 1996
8554 5312
8554 5889
8555 1362
8555 8556
8557 8558
8557 1362
8559 8558
8559 743
8560 8558
8560 743
8560 739
8561 1364
8561 372
8561 1365
8562 1364
8562 372
8562 1365
8563 1362
8563 8558
8563 8556
8564 1364
8564 372
8564 1365
8565 4371
8565 4381
8565 884
8566 735
8566 743
8566 744
8567 8558
8567 739
8568 8569
8568 764
8568 4345
8570 8569
8570 764
8570 4345
8571 8572
8571 22
8573 8569
8573 764
8573 4345
8574 8569
8574 765
8574 760
8575 8569
8575 765
8575 760
8576 8569
8576 764
8576 4345
8577 8569
8577 765
8577 760
8578 8569
8578 765
8578 760
8579 764
8579 765
8579 524
8580 781
8580 3692
8581 8582
8581 8583
8581 7643
8584 8582
8584 781
8584 3692
8585 8582
8585 781
8586 8582
8586 8583
8586 7643
8587 8588
8587 8583
8587 5224
8589 8582
8589 8583
8589 7643
8590 8582
8590 8583
8590 7643
8591 8588
8591 8583
8591 5224
8592 8588
8592 8583
8592 5224
8593 1747
8593 2495
8594 1188
8594 3714
8594 1744
8595 2236
8595 1699
8596 1699
8596 1434
8597 2236
8597 1699
8597 1434
8598 8599
8598 3375
8600 8599
8600 800
8601 8599
8601 800
8601 3375
8602 8394
8602 7656
8602 4255
8603 8394
8603 4255
8604 8394
8604 7656
8605 410
8605 8606
8605 165
8607 410
8607 8606
8608 8606
8608 165
8609 1747
8609 2495
8609 2088
8610 1747
8610 2088
8611 4896
8611 2030
8612 6231
8612 4896
8613 4896
8613 1343
8613 8614
8615 4896
8615 8614
8616 1343
8616 8614
8617 436
8617 434
8617 174
8617 2030
8617 432
8617 6231
8617 1349
8617 4896
8618 174
8618 4896
8619 432
8619 4896
8620 434
8620 4896
8621 436
8621 4896
8622 8623
8622 8582
8622 3692
8624 8623
8624 8582
8624 3692
8625 8623
8625 6475
8625 369
8626 8623
8626 6475
8626 369
8627 8623
8627 6475
8627 369
8628 8623
8628 6475
8628 369
8629 6475
8629 8630
8631 8630
8631 7675
8632 8633
8632 8634
8635 6475
8635 8630
8635 7675
8636 2124
8636 7624
8636 3446
8637 3445
8637 2878
8637 3307
8638 2124
8638 3446
8639 545
8639 20
8640 519
8640 545
8640 20
8641 25
8641 26
8641 2
8642 25
8642 26
8642 2
8643 1314
8643 8179
8644 8179
8644 1
8645 1314
8645 1
8645 8179
8646 519
8646 20
8647 3445
8647 2878
8647 3307
8648 1314
8648 2208
8649 2874
8649 3446
8650 3445
8650 2878
8650 3307
8651 3445
8651 2878
8651 3307
8652 3396
8652 3979
8653 2179
8653 3979
8654 7917
8654 3979
8655 7917
8655 835
8656 3979
8656 1463
8657 2179
8657 3396
8657 3979
8657 1463
8658 822
8658 819
8658 823
8659 822
8659 819
8659 823
8660 7917
8660 3979
8660 835
8661 822
8661 819
8661 823
8662 232
8662 8663
8662 1231
8664 848
8664 849
8664 841
8665 848
8665 849
8665 841
8666 4981
8666 4976
8667 872
8667 875
8667 873
8668 4981
8668 8215
8669 8670
8669 4981
8669 4976
8669 873
8671 4981
8671 873
8672 8670
8672 4981
8673 55
8673 68
8673 69
8674 55
8674 68
8674 69
8675 52
8675 4981
8675 8215
8676 52
8676 8215
8677 232
8677 8663
8677 1231
8678 927
8678 922
8679 927
8679 8680
8681 1583
8681 111
8682 2350
8682 111
8683 103
8683 104
8683 105
8684 2350
8684 1583
8684 111
8685 927
8685 8235
8686 927
8686 928
8686 922
8686 8680
8687 927
8687 108
8687 8235
8688 108
8688 8235
8689 3815
8689 5029
8690 4062
8690 352
8691 134
8691 135
8691 136
8692 134
8692 135
8692 136
8693 125
8693 4987
8693 136
8694 134
8694 135
8694 136
8695 125
8695 4987
8695 136
8696 125
8696 4987
8696 136
8697 125
8697 3657
8698 125
8698 4987
8698 136
8699 1804
8699 1812
8699 3013
8700 125
8700 3657
8701 5770
8701 2449
8702 5001
8702 206
8703 764
8703 5001
8703 206
8704 472
8704 473
8704 383
8704 22
8704 286
8704 284
8705 473
8705 383
8706 1866
8706 6911
8706 604
8707 1728
8707 1721
8707 1724
8708 8709
8708 8710
8711 8709
8711 1519
8712 174
8712 947
8713 174
8713 947
8713 180
8714 3193
8714 3194
8715 177
8715 939
8716 8710
8716 1519
8716 8709
8717 1863
8717 3194
8718 1864
8718 6553
8718 1860
8719 943
8719 944
8720 1864
8720 6553
8721 1864
8721 1860
8722 1497
8722 6349
8722 286
8723 1314
8723 1315
8723 1316
8724 6911
8724 6912
8724 6513
8725 1497
8725 6349
8726 7577
8726 7575
8727 6348
8727 151
8728 521
8728 6348
8729 140
8729 1316
8730 6348
8730 286
8731 6911
8731 6513
8732 6518
8732 6513
8732 7289
8732 6514
8733 3617
8733 2599
8733 5473
8734 140
8734 1316
8735 1850
8735 7295
8735 3613
8736 7301
8736 7308
8737 3617
8737 2599
8737 5473
8738 2082
8738 2086
8738 7536
8739 977
8739 239
8740 691
8740 2714
8740 3417
8741 9
8741 240
8742 237
8742 240
8743 239
8743 240
8744 235
8744 240
8745 236
8745 240
8746 3440
8746 4928
8747 1850
8747 7295
8748 977
8748 236
8748 286
8748 235
8748 238
8749 8
8749 239
8750 7289
8750 6514
8751 7295
8751 3613
8752 1045
8752 4927
8753 1
8753 1315
8753 20
8754 3377
8754 1045
8755 1658
8755 6848
8755 8756
8755 8306
8757 6699
8757 6848
8758 6848
8758 8306
8759 6848
8759 8756
8760 202
8760 203
8761 201
8761 203
8762 6699
8762 209
8763 6699
8763 6848
8763 209
8764 7617
8764 6972
8765 3587
8765 1735
8765 3588
8766 3587
8766 1735
8767 3417
8767 3440
8767 4928
8768 6528
8768 1657
8768 8756
8769 6848
8769 1658
8770 7617
8770 6972
8770 1200
8771 7617
8771 1200
8772 2399
8772 8773
8772 4687
8774 2399
8774 8773
8774 4687
8775 3207
8775 1009
8776 3207
8776 1012
8777 4196
8777 8773
8777 1012
8778 4196
8778 8773
8778 1012
8779 4196
8779 8773
8779 1012
8780 4196
8780 8773
8780 1012
8781 2399
8781 8773
8781 4687
8782 2399
8782 8773
8782 4687
8783 5837
8783 5832
8784 1314
8784 1315
8784 1316
8785 2106
8785 2107
8786 1756
8786 1757
8786 1758
8787 3617
8787 5478
8787 5479
8788 8789
8788 4545
8788 7237
8790 6447
8790 822
8790 820
8791 6447
8791 822
8792 1054
8792 823
8793 1262
8793 823
8794 329
8794 820
8795 820
8795 1048
8796 6447
8796 820
8797 329
8797 6670
8797 820
8797 1048
8798 6670
8798 820
8799 332
8799 329
8799 330
8800 1647
8800 2906
8800 2907
8801 2082
8801 2086
8801 7536
8802 2112
8802 2106
8802 2113
8803 1085
8803 2869
8804 2800
8804 2798
8804 4176
8805 1085
8805 2869
8806 645
8806 8807
8808 201
8808 406
8809 772
8809 201
8809 406
8810 8811
8810 405
8810 1114
8812 772
8812 406
8813 8811
8813 405
8814 8811
8814 1114
8815 405
8815 393
8816 405
8816 284
8816 201
8816 393
8817 405
8817 284
8818 405
8818 201
8819 4603
8819 2313
8819 1163
8820 627
8820 1972
8821 3175
8821 500
8821 8822
8823 3175
8823 500
8823 8822
8824 8825
8824 1137
8824 8826
8827 3175
8827 500
8827 8822
8828 8829
8828 8822
8830 8825
8830 8829
8830 8822
8831 3175
8831 500
8831 8822
8832 8825
8832 8829
8833 8825
8833 8826
8834 8825
8834 1137
8835 7057
8835 1146
8835 5885
8836 2612
8836 5885
8836 2622
8837 7057
8837 1146
8837 5885
8838 7057
8838 1146
8838 5885
8839 1158
8839 1153
8839 1159
8840 7057
8840 1146
8840 5885
8841 1158
8841 1153
8841 1159
8842 1158
8842 1153
8842 1159
8843 4603
8843 2313
8843 1163
8844 2612
8844 5885
8844 2622
8845 2612
8845 5885
8845 2622
8846 1782
8846 1794
8847 1794
8847 8848
8849 1785
8849 1787
8850 630
8850 286
8851 5837
8851 8852
8851 292
8853 1171
8853 5934
8854 1170
8854 1171
8854 5934
8855 1399
8855 4365
8856 1454
8856 4699
8857 1399
8857 201
8857 4365
8858 1765
8858 1112
8859 1765
8859 1121
8860 1765
8860 1112
8860 1121
8861 392
8861 4388
8862 1792
8862 1794
8863 563
8863 5332
8863 1972
8864 4552
8864 2897
8865 1796
8865 827
8866 169
8866 1233
8866 2897
8867 1782
8867 1794
8867 8848
8868 630
8868 284
8869 3148
8869 3725
8870 630
8870 521
8870 284
8870 286
8871 6545
8871 6959
8871 6546
8871 6966
8872 764
8872 1857
8873 261
8873 280
8873 281
8874 1866
8874 1856
8875 1866
8875 22
8875 1856
8876 1191
8876 521
8876 535
8876 1203
8876 3625
8877 22
8877 1856
8878 535
8878 3625
8879 261
8879 280
8879 281
8880 1203
8880 3625
8881 521
8881 3625
8882 8883
8882 2382
8884 8883
8884 4659
8885 1214
8885 1217
8886 8883
8886 4659
8886 2382
8887 5966
8887 8888
8889 298
8889 254
8889 251
8890 614
8890 5966
8890 8888
8891 614
8891 5966
8892 254
8892 251
8893 298
8893 251
8894 6721
8894 6727
8894 8895
8896 1162
8896 1163
8896 1086
8897 4206
8897 581
8897 3771
8898 3771
8898 2405
8898 2397
8899 4245
8899 4249
8899 579
8900 4206
8900 581
8900 3771
8901 4206
8901 581
8901 3771
8902 4206
8902 581
8902 3771
8903 577
8903 578
8903 579
8904 4245
8904 4249
8904 579
8905 4245
8905 4249
8905 579
8906 4245
8906 4249
8906 579
8907 1028
8907 998
8907 999
8908 2381
8908 2382
8908 2376
8909 2381
8909 2376
8910 614
8910 313
8911 4070
8911 8888
8911 299
8912 4070
8912 299
8913 8888
8913 299
8914 8915
8914 8883
8914 2381
8914 8888
8916 2381
8916 8888
8917 8915
8917 8888
8918 8883
8918 8888
8919 2082
8919 2086
8919 7536
8920 5332
8920 551
8921 248
8921 243
8921 1821
8922 8923
8922 3754
8924 973
8924 974
8924 975
8925 5332
8925 1964
8926 3602
8926 2626
8927 3602
8927 2910
8928 1273
8928 3602
8929 1273
8929 3602
8929 2626
8929 2910
8930 8521
8930 3602
8931 8521
8931 649
8932 8521
8932 3602
8932 649
8933 655
8933 2897
8934 655
8934 291
8935 655
8935 2897
8935 291
8936 1284
8936 4967
8936 2867
8937 1284
8937 4967
8937 2867
8938 1270
8938 63
8939 2182
8939 4967
8939 2183
8940 2182
8940 4967
8940 2183
8941 2182
8941 4967
8941 2183
8942 1270
8942 1271
8943 2117
8943 153
8944 8945
8944 1325
8946 8945
8946 1328
8947 8945
8947 8545
8948 8545
8948 1323
8949 8545
8949 8543
8950 8945
8950 1328
8950 1325
8951 1987
8951 8545
8951 8952
8953 1987
8953 8952
8954 8545
8954 8952
8955 8945
8955 8545
8955 8543
8955 1323
8956 2673
8956 4213
8956 4214
8957 2117
8957 545
8958 724
8958 5391
8958 7814
8959 724
8959 725
8959 726
8960 724
8960 5391
8960 7814
8961 724
8961 5391
8961 7814
8962 5391
8962 1347
8963 724
8963 5391
8963 7814
8964 174
8964 5391
8964 1347
8965 174
8965 1347
8966 724
8966 725
8966 726
8967 724
8967 725
8967 726
8968 6757
8968 6500
8968 373
8969 6757
8969 6500
8969 373
8970 371
8970 372
8970 373
8971 371
8971 372
8971 373
8972 2063
8972 1365
8973 2063
8973 1365
8974 6757
8974 6500
8974 373
8975 6757
8975 6500
8975 373
8976 2118
8976 2209
8977 1365
8977 268
8977 1372
8978 1365
8978 268
8978 1372
8979 1386
8979 8107
8979 8980
8981 1386
8981 8107
8981 8980
8982 8983
8982 4354
8984 8983
8984 4354
8985 8983
8985 8116
8985 8980
8986 8983
8986 8116
8986 8980
8987 8983
8987 8116
8987 8980
8988 8983
8988 8116
8988 8980
8989 1386
8989 8107
8989 8980
8990 1386
8990 8107
8990 8980
8991 5504
8991 4709
8991 82
8992 5504
8992 4709
8992 82
8993 773
8993 2789
8994 786
8994 8995
8996 8995
8996 789
8997 2788
8997 286
8998 786
8998 5504
8998 5229
8999 786
8999 5504
8999 5229
9000 5509
9000 2788
9000 3746
9001 5504
9001 4709
9001 82
9002 6981
9002 3911
9002 3914
9003 800
9003 169
9004 800
9004 169
9004 1497
9005 5564
9005 3375
9005 794
9006 800
9006 1497
9007 5564
9007 3375
9008 2137
9008 3375
9009 521
9009 3375
9009 284
9009 169
9009 286
9009 2137
9010 521
9010 3375
9011 169
9011 3375
9012 1914
9012 1189
9012 1758
9013 428
9013 426
9013 9014
9015 428
9015 426
9015 9014
9016 2117
9016 545
9016 153
9017 5377
9017 604
9018 4811
9018 4130
9018 4812
9019 6596
9019 1927
9019 4546
9020 1455
9020 2175
9020 2179
9021 332
9021 4078
9021 330
9022 4129
9022 7914
9022 4818
9023 4078
9023 1047
9023 1464
9024 4078
9024 1047
9024 1464
9025 1460
9025 1461
9025 1456
9026 332
9026 4078
9026 330
9027 332
9027 4078
9027 330
9028 332
9028 4078
9028 330
9029 4078
9029 1047
9029 1464
9030 2204
9030 1257
9030 2205
9031 2204
9031 1257
9031 2205
9032 4951
9032 2204
9032 6599
9033 2204
9033 1257
9033 2205
9034 4951
9034 2204
9034 6599
9035 4951
9035 2204
9035 6599
9036 265
9036 7509
9036 2202
9037 4951
9037 2204
9037 6599
9038 265
9038 7509
9038 2202
9039 265
9039 7509
9039 2202
9040 3576
9040 3578
9040 4818
9041 8670
9041 1479
9042 1479
9042 1474
9042 1480
9042 1482
9043 4292
9043 4290
9043 864
9044 4292
9044 4290
9044 864
9045 863
9045 864
9045 865
9046 863
9046 864
9046 865
9047 8670
9047 1479
9047 875
9048 8670
9048 875
9049 4292
9049 4290
9049 864
9050 4292
9050 4290
9050 864
9051 4368
9051 4369
9051 4828
9052 3406
9052 3199
9053 1251
9053 8003
9053 5039
9054 1251
9054 8003
9054 5039
9055 5037
9055 3816
9055 8003
9056 3987
9056 904
9056 9057
9058 3987
9058 904
9058 9057
9059 3987
9059 904
9059 9057
9060 1251
9060 8003
9060 5039
9061 123
9061 121
9062 898
9062 120
9062 9057
9063 120
9063 9057
9064 898
9064 120
9065 5037
9065 3816
9065 8003
9066 902
9066 903
9066 904
9067 902
9067 903
9067 904
9068 5037
9068 3816
9068 8003
9069 1245
9069 1246
9069 1243
9070 1497
9070 9071
9072 764
9072 535
9072 1857
9073 930
9073 931
9073 916
9074 930
9074 931
9074 916
9075 923
9075 1583
9075 1617
9076 923
9076 1583
9077 923
9077 1617
9078 915
9078 8680
9078 1581
9079 915
9079 8680
9080 8680
9080 1581
9081 284
9081 286
9081 1576
9081 1583
9081 1581
9082 1576
9082 1581
9083 22
9083 9084
9085 284
9085 9084
9086 3885
9086 7404
9086 7405
9087 1866
9087 1867
9088 9084
9088 7892
9089 298
9089 246
9090 9084
9090 7404
9090 22
9090 284
9090 411
9090 286
9091 9092
9091 8144
9091 1519
9093 9092
9093 725
9093 8710
9094 9084
9094 7404
9095 725
9095 1603
9096 725
9096 726
9096 1603
9097 1602
9097 1589
9098 9092
9098 725
9098 8710
9099 9092
9099 725
9099 8710
9100 9092
9100 725
9100 8710
9101 726
9101 1603
9102 1856
9102 1192
9102 1857
9103 2633
9103 7119
9103 9014
9104 3885
9104 7404
9104 7405
9105 1612
9105 952
9105 9106
9107 1612
9107 952
9107 9106
9108 1612
9108 952
9108 9106
9109 1612
9109 952
9109 9106
9110 2345
9110 2348
9110 9106
9111 2345
9111 2348
9111 9106
9112 2345
9112 2348
9112 9106
9113 2345
9113 2348
9113 9106
9114 1070
9114 1616
9115 1070
9115 1616
9115 1617
9116 286
9116 2591
9117 286
9117 2591
9117 180
9118 2633
9118 7119
9118 9014
9119 786
9119 8995
9119 789
9120 1728
9120 9121
9122 811
9122 5150
9122 22
9122 284
9122 286
9122 999
9123 286
9123 2907
9123 313
9124 6922
9124 2930
9125 7
9125 6922
9126 1728
9126 784
9127 7
9127 6931
9128 7
9128 2906
9129 1728
9129 8995
9130 591
9130 1889
9130 1892
9131 379
9131 2722
9131 2350
9132 1043
9132 1045
9133 542
9133 2197
9134 6321
9134 6322
9134 7827
9135 2005
9135 9136
9135 993
9137 2005
9137 9136
9137 993
9138 2005
9138 9136
9138 993
9139 2005
9139 9136
9139 993
9140 9136
9140 479
9140 2015
9141 9136
9141 479
9141 2015
9142 9136
9142 479
9142 2015
9143 9136
9143 479
9143 2015
9144 1583
9144 994
9145 202
9145 1583
9145 994
9146 1898
9146 1899
9146 1900
9147 1497
9147 2433
9148 2433
9148 999
9149 2441
9149 2437
9150 2441
9150 2437
9150 1679
9151 2436
9151 4305
9151 4310
9152 2436
9152 4305
9152 4310
9153 1497
9153 2433
9153 999
9154 2436
9154 4305
9154 4310
9155 238
9155 3531
9156 521
9156 284
9156 1679
9156 1675
9156 286
9156 999
9157 2441
9157 1679
9158 4757
9158 3729
9159 286
9159 811
9160 3428
9160 3276
9160 3730
9161 22
9161 811
9162 3434
9162 2842
9163 3428
9163 3730
9164 6817
9164 2197
9165 3276
9165 3730
9166 1208
9166 32
9166 7739
9167 540
9167 541
9167 542
9167 2197
9168 998
9168 1110
9169 3835
9169 3707
9170 4851
9170 4750
9170 4743
9171 3151
9171 4854
9171 3707
9171 3835
9172 1074
9172 5823
9173 5814
9173 1074
9173 5823
9173 5818
9174 1070
9174 1063
9175 201
9175 1063
9176 1070
9176 201
9176 1063
9177 1071
9177 1065
9178 1069
9178 1065
9179 1072
9179 1065
9180 5406
9180 5409
9181 434
9181 632
9182 5814
9182 1074
9183 1074
9183 5818
9184 545
9184 3117
9185 545
9185 3117
9185 5695
9186 4714
9186 2474
9187 2471
9187 2474
9188 2471
9188 2474
9188 4714
9189 4714
9189 2478
9190 1716
9190 1721
9190 1719
9190 1717
9191 3117
9191 5695
9192 9193
9192 5434
9194 6817
9194 2197
9195 998
9195 1110
9195 1044
9196 5434
9196 201
9197 5434
9197 521
9198 749
9198 750
9198 4134
9199 3019
9199 9193
9199 4874
9200 3491
9200 2370
9200 2496
9201 3491
9201 2370
9201 2496
9202 2088
9202 1749
9203 3019
9203 9193
9203 4874
9204 3491
9204 2370
9204 2496
9205 3491
9205 2370
9205 2496
9206 1748
9206 1744
9207 1744
9207 1749
9208 2496
9208 2088
9208 1749
9209 3019
9209 9193
9209 4874
9210 1108
9210 1109
9211 3019
9211 9193
9211 4874
9212 1114
9212 1117
9212 406
9213 407
9213 7433
9214 8811
9214 7433
9215 1117
9215 7433
9216 8811
9216 1117
9216 407
9216 7433
9217 3678
9217 3023
9217 4874
9218 1165
9218 1174
9219 1165
9219 1174
9219 7433
9220 1180
9220 1767
9221 1180
9221 201
9222 1792
9222 8826
9222 7466
9223 1679
9223 2194
9223 7447
9224 1136
9224 508
9225 1679
9225 2194
9225 7447
9226 1128
9226 7466
9226 508
9227 2437
9227 2433
9227 7447
9228 1792
9228 8826
9229 8826
9229 7466
9230 2899
9230 8068
9231 1128
9231 7466
9231 508
9232 1128
9232 7466
9232 508
9233 421
9233 1148
9233 1144
9233 1149
9234 1148
9234 1144
9235 3243
9235 85
9235 3245
9236 1148
9236 98
9236 9237
9238 98
9238 9237
9239 1148
9239 9237
9240 85
9240 86
9240 87
9241 3243
9241 85
9241 3245
9242 3243
9242 85
9242 3245
9243 3243
9243 85
9243 3245
9244 628
9244 815
9244 6130
9245 628
9245 815
9245 6130
9246 1824
9246 815
9247 628
9247 815
9247 6130
9248 248
9248 243
9248 1821
9249 1824
9249 815
9250 248
9250 243
9250 1821
9251 248
9251 243
9251 1821
9252 628
9252 815
9252 6130
9253 645
9253 632
9253 6130
9254 5027
9254 3573
9254 895
9255 1837
9255 1038
9256 5027
9256 3573
9256 895
9257 1001
9257 2165
9257 1030
9258 1056
9258 9259
9260 9259
9260 535
9261 1056
9261 9259
9261 535
9262 1867
9262 9259
9262 1193
9263 1867
9263 9259
9263 1193
9264 1867
9264 9259
9264 1193
9265 1867
9265 9259
9265 1193
9266 1873
9266 3633
9267 3633
9267 1193
9268 1873
9268 3633
9268 1193
9269 6228
9269 6732
9270 1230
9270 1233
9270 1231
9271 7263
9271 5716
9271 9272
9273 7263
9273 9272
9274 5716
9274 9272
9275 6731
9275 6727
9275 9276
9277 6731
9277 6727
9278 6731
9278 9276
9279 6732
9279 6228
9279 1714
9280 6228
9280 1714
9281 1023
9281 1607
9282 1898
9282 3620
9282 7938
9283 1898
9283 1899
9283 1900
9284 6621
9284 4415
9285 7938
9285 1892
9285 1236
9286 7938
9286 1236
9287 1235
9287 1238
9288 1235
9288 1239
9289 1898
9289 3620
9289 7938
9290 4406
9290 9291
9292 9293
9292 3650
9294 1898
9294 3620
9294 7938
9295 4406
9295 7297
9295 5025
9295 9291
9296 4406
9296 5025
9297 4406
9297 7297
9298 9291
9298 3572
9299 3365
9299 1359
9299 3375
9300 6055
9300 6056
9300 4996
9301 3571
9301 9291
9301 3572
9302 3148
9302 9303
9302 3572
9304 3571
9304 9291
9305 542
9305 6488
9305 5622
9306 8068
9306 2899
9306 2900
9307 4983
9307 4987
9308 3388
9308 8233
9308 4614
9309 3326
9309 4131
9309 4214
9310 9311
9310 9312
9310 3208
9313 1939
9313 8233
9313 3385
9314 1939
9314 8233
9314 3385
9315 1939
9315 8233
9315 3385
9316 1939
9316 8233
9316 3385
9317 3388
9317 8233
9317 4614
9318 3388
9318 8233
9318 4614
9319 1307
9319 1967
9319 1968
9320 238
9320 235
9320 236
9320 174
9320 1968
9321 174
9321 1968
9322 238
9322 1968
9323 236
9323 1968
9324 235
9324 1968
9325 6186
9325 1967
9325 2709
9325 6184
9326 1967
9326 6184
9327 6186
9327 1967
9328 1967
9328 2709
9329 7251
9329 7509
9329 3557
9330 9312
9330 9311
9331 205
9331 199
9331 209
9332 205
9332 199
9332 209
9333 1994
9333 1997
9334 8952
9334 1997
9335 2005
9335 2003
9336 2005
9336 6717
9336 6699
9336 6704
9337 2736
9337 8340
9337 1997
9338 2736
9338 8340
9338 1997
9339 1989
9339 8340
9340 1996
9340 8952
9340 1994
9340 1997
9341 49
9341 1989
9341 8340
9342 49
9342 8340
9343 9311
9343 3208
9344 1417
9344 1418
9345 6231
9345 2028
9346 1337
9346 6231
9347 8434
9347 3079
9347 2038
9348 8434
9348 2038
9349 2021
9349 1590
9349 1587
9350 2021
9350 1590
9350 1587
9351 2021
9351 1590
9351 1587
9352 3077
9352 8434
9353 7629
9353 4896
9354 1589
9354 446
9354 2021
9355 1589
9355 446
9355 2021
9356 2021
9356 1590
9356 1587
9357 2045
9357 8116
9357 2051
9357 2041
9358 8116
9358 2041
9359 8107
9359 1583
9360 1989
9360 8107
9361 1381
9361 1385
9362 1989
9362 8107
9362 1583
9363 1381
9363 1385
9363 1393
9364 1385
9364 1393
9365 2065
9365 8008
9365 8476
9366 2837
9366 268
9367 2065
9367 8008
9368 8008
9368 8476
9369 6763
9369 2059
9369 8476
9370 6763
9370 2059
9370 8476
9371 2045
9371 8116
9372 8116
9372 2051
9373 1397
9373 1403
9373 2784
9374 1397
9374 1403
9375 1403
9375 2784
9376 5509
9376 3763
9376 2784
9376 2789
9377 1399
9377 1397
9378 1767
9378 1409
9378 151
9379 1409
9379 151
9380 1767
9380 1409
9381 3763
9381 2784
9382 5509
9382 2784
9383 347
9383 348
9384 2101
9384 4062
9384 9385
9386 2101
9386 4062
9386 9385
9387 2101
9387 2102
9387 2103
9388 2101
9388 4062
9388 9385
9389 9385
9389 1419
9390 9385
9390 2107
9390 1419
9391 2101
9391 4062
9391 9385
9392 2107
9392 1419
9393 2101
9393 2102
9393 2103
9394 2101
9394 2102
9394 2103
9395 348
9395 349
9396 798
9396 800
9396 794
9397 8599
9397 2236
9398 2131
9398 7624
9399 283
9399 2454
9399 1263
9400 1697
9400 1443
9401 2236
9401 1697
9401 1443
9402 1433
9402 1434
9403 169
9403 1434
9404 2236
9404 5564
9405 798
9405 2236
9406 798
9406 2236
9406 8599
9406 5564
9407 2236
9407 1697
9408 1837
9408 3072
9408 1038
9409 2454
9409 1263
9410 7433
9410 7458
9410 7453
9411 3072
9411 1038
9412 3631
9412 3563
9412 170
9413 5240
9413 8852
9413 5843
9413 4174
9414 289
9414 1061
9415 2193
9415 2194
9415 2183
9416 2193
9416 2194
9416 2183
9417 521
9417 284
9417 286
9417 291
9417 2193
9418 2193
9418 2194
9418 2183
9419 521
9419 2193
9420 291
9420 2193
9421 284
9421 2193
9422 286
9422 2193
9423 2860
9423 1052
9423 2182
9424 2860
9424 1052
9424 2182
9425 2099
9425 545
9425 2977
9426 8852
9426 4174
9427 1180
9427 1165
9427 7453
9428 49
9428 1475
9429 1475
9429 1010
9430 4880
9430 1010
9430 9431
9432 4880
9432 1010
9432 9431
9433 4880
9433 1010
9433 9431
9434 4880
9434 1010
9434 9431
9435 284
9435 545
9435 9431
9436 545
9436 9431
9437 284
9437 9431
9438 1482
9438 2216
9438 1471
9439 261
9439 280
9439 281
9440 258
9440 281
9440 73
9441 258
9441 281
9441 73
9442 258
9442 281
9442 73
9443 258
9443 281
9443 73
9444 61
9444 65
9444 66
9445 2683
9445 33
9445 9446
9447 7468
9447 7469
9447 469
9448 32
9448 33
9449 7468
9449 378
9449 468
9450 4734
9450 5240
9451 2255
9451 3678
9452 3678
9452 3023
9452 2255
9453 2251
9453 2256
9454 2251
9454 2257
9455 3678
9455 604
9456 3678
9456 524
9457 3678
9457 604
9457 524
9458 2255
9458 3023
9459 49
9459 3023
9460 1056
9460 49
9460 3023
9461 4734
9461 292
9461 5240
9462 31
9462 1210
9463 31
9463 8077
9463 1210
9464 1433
9464 1503
9465 430
9465 1497
9465 9071
9466 29
9466 1503
9466 1433
9467 1503
9467 2266
9468 9071
9468 2266
9469 2265
9469 689
9470 1503
9470 9071
9470 2266
9471 228
9471 4734
9471 3157
9472 430
9472 9071
9473 9474
9473 8710
9475 1887
9475 8710
9476 9477
9476 8710
9478 1887
9478 9474
9478 8710
9478 3194
9479 9477
9479 8144
9479 8710
9480 9477
9480 8144
9481 1023
9481 1519
9482 1019
9482 1519
9483 3197
9483 3210
9483 3201
9484 8852
9484 292
9485 2649
9485 2609
9486 8710
9486 3194
9487 7054
9487 3193
9487 9474
9488 1533
9488 9489
9488 123
9490 9489
9490 123
9491 893
9491 894
9491 895
9492 893
9492 894
9492 895
9493 899
9493 9057
9493 9489
9494 899
9494 9057
9494 9489
9495 1533
9495 123
9496 899
9496 9057
9496 9489
9497 899
9497 9057
9497 9489
9498 2301
9498 1534
9498 1533
9499 1567
9499 6904
9499 9500
9501 3531
9501 430
9502 5837
9502 8852
9503 2630
9503 3531
9503 3525
9504 238
9504 3531
9504 236
9504 235
9504 430
9505 2630
9505 3531
9505 3525
9506 2630
9506 3531
9506 3525
9507 2629
9507 1559
9508 2630
9508 3531
9508 3525
9509 2629
9509 2630
9509 1559
9510 2630
9510 1559
9511 559
9511 7389
9512 7797
9512 7795
9512 4693
9513 7752
9513 7760
9514 7752
9514 7167
9515 927
9515 8237
9516 7752
9516 7760
9516 7167
9517 927
9517 8237
9517 111
9518 8237
9518 111
9519 928
9519 923
9520 928
9520 1581
9521 1570
9521 1571
9521 1572
9522 928
9522 923
9522 1581
9523 1567
9523 9500
9524 960
9524 2352
9525 2359
9525 2352
9526 2359
9526 9527
9526 5269
9528 2359
9528 9527
9528 5269
9529 2359
9529 9527
9529 5269
9530 2359
9530 9527
9530 5269
9531 9527
9531 5261
9531 5263
9532 9527
9532 5261
9532 5263
9533 9527
9533 5261
9533 5263
9534 9527
9534 5261
9534 5263
9535 5027
9535 5030
9536 2173
9536 2867
9537 7797
9537 7795
9537 4693
9538 1215
9538 2999
9538 3005
9539 1214
9539 4659
9540 1092
9540 1300
9541 1214
9541 4659
9541 3005
9541 3125
9542 8915
9542 4659
9543 4659
9543 3125
9544 4659
9544 3005
9545 1095
9545 2382
9546 169
9546 2382
9547 8915
9547 2376
9548 8915
9548 4659
9548 2376
9549 4692
9549 1568
9549 4693
9550 6386
9550 2886
9550 3998
9551 2318
9551 4965
9551 8250
9552 7797
9552 7795
9552 4693
9553 8249
9553 4963
9554 2318
9554 4965
9554 8250
9555 2318
9555 4965
9555 8250
9556 2317
9556 4965
9556 3363
9557 2317
9557 4965
9557 3363
9558 9559
9558 206
9560 9559
9560 1583
9561 6704
9561 6848
9561 203
9562 1658
9562 1659
9563 6704
9563 6848
9564 6704
9564 203
9565 2015
9565 9566
9567 2005
9567 2015
9567 9566
9568 9559
9568 1583
9568 206
9569 2005
9569 9566
9570 999
9570 9571
9572 1433
9572 999
9572 9571
9573 3135
9573 3695
9573 9574
9575 3135
9575 3695
9575 9574
9576 3027
9576 2442
9577 9578
9577 3027
9579 3027
9579 9578
9579 2442
9580 1433
9580 9571
9581 2434
9581 2442
9582 2444
9582 2441
9582 2434
9582 2442
9583 222
9583 223
9583 224
9584 224
9584 4480
9585 6078
9585 6080
9585 6082
9586 1098
9586 1099
9586 1100
9587 827
9587 291
9588 1433
9588 827
9589 1455
9589 4549
9589 1464
9590 1098
9590 1099
9590 1100
9591 2175
9591 1294
9591 4549
9592 4047
9592 5231
9593 5102
9593 5100
9594 4047
9594 5231
9595 4043
9595 9596
9597 4043
9597 9596
9598 5846
9598 9599
9598 507
9600 2332
9600 828
9600 2189
9601 83
9601 5999
9601 5701
9602 169
9602 2481
9603 2484
9603 980
9603 169
9603 2481
9603 2480
9604 6004
9604 3113
9605 2480
9605 3113
9606 3113
9606 5699
9607 3113
9607 7530
9608 3113
9608 151
9609 6004
9609 5699
9609 7530
9609 2484
9609 151
9609 980
9609 2480
9609 3113
9610 980
9610 3113
9611 2484
9611 3113
9612 2334
9612 9613
9614 29
9614 4990
9614 1028
9615 2334
9615 4990
9615 9613
9616 397
9616 402
9616 218
9617 4990
9617 9613
9618 2495
9618 8606
9619 2318
9619 5533
9620 9621
9620 2495
9622 9621
9622 2495
9622 8606
9622 2306
9623 397
9623 402
9623 218
9624 410
9624 9621
9625 402
9625 9621
9626 2318
9626 2320
9627 2318
9627 2320
9627 5533
9627 9613
9628 2318
9628 9613
9629 2601
9629 2590
9630 2165
9630 1608
9631 1026
9631 1608
9632 8383
9632 3428
9632 1028
9633 1028
9633 2317
9634 4983
9634 894
9635 321
9635 1557
9636 3528
9636 1557
9637 9638
9637 2530
9639 9638
9639 9640
9641 2539
9641 9640
9642 7673
9642 2539
9642 9640
9643 2539
9643 2540
9643 2534
9644 7673
9644 9640
9645 1185
9645 411
9646 1184
9646 1185
9646 411
9647 1812
9647 1813
9647 1810
9648 1812
9648 1813
9648 1810
9649 7488
9649 1260
9650 7488
9650 7495
9651 2547
9651 1260
9652 3149
9652 2547
9652 1259
9652 1260
9653 2633
9653 9654
9655 3993
9655 2633
9656 9657
9656 3993
9656 2633
9656 9654
9658 9657
9658 2633
9659 1804
9659 9657
9660 1812
9660 1813
9660 1810
9661 1804
9661 9657
9661 1812
9662 9657
9662 1812
9663 2569
9663 2577
9664 2024
9664 2037
9664 2038
9665 2576
9665 9666
9665 9667
9668 2576
9668 9666
9668 9667
9669 2576
9669 9666
9669 9667
9670 2576
9670 9666
9670 9667
9671 9666
9671 524
9672 9666
9672 1617
9672 524
9673 49
9673 284
9673 286
9673 9667
9674 9666
9674 1617
9675 5384
9675 671
9675 5204
9676 4983
9676 4986
9676 4987
9676 2663
9677 6012
9677 9678
9679 2024
9679 2037
9679 2038
9680 2601
9680 1632
9681 6012
9681 193
9681 9678
9682 8434
9682 3079
9683 2024
9683 432
9684 2024
9684 174
9685 192
9685 2591
9685 1632
9686 2024
9686 432
9686 436
9686 174
9686 434
9687 446
9687 174
9687 1351
9688 379
9688 3072
9688 53
9689 9690
9689 1246
9691 4096
9691 1838
9691 3072
9692 1250
9692 9690
9692 8072
9692 3797
9693 9690
9693 3797
9694 3796
9694 2308
9695 2537
9695 3088
9696 9690
9696 1251
9696 1246
9697 9690
9697 1251
9698 1250
9698 3797
9699 8072
9699 3797
9700 2590
9700 151
9701 2061
9701 1361
9701 2065
9702 2065
9702 2061
9703 8006
9703 2059
9704 2651
9704 1475
9704 1471
9705 2651
9705 1475
9705 1471
9706 931
9706 201
9707 931
9707 201
9707 2350
9708 930
9708 2651
9708 2216
9709 930
9709 2651
9709 2216
9710 2651
9710 1475
9710 1471
9711 2651
9711 1475
9711 1471
9712 2532
9712 3088
9713 930
9713 917
9713 2643
9714 931
9714 2350
9715 173
9715 2590
9716 561
9716 1889
9716 1890
9717 4812
9717 7938
9717 1238
9718 7938
9718 1238
9719 4812
9719 1238
9720 9721
9720 8482
9720 4812
9720 7430
9722 9721
9722 4812
9723 8482
9723 4812
9724 4812
9724 7430
9725 2667
9725 2668
9725 9721
9726 2667
9726 9721
9727 2536
9727 3088
9728 2591
9728 180
9729 1757
9729 430
9730 1757
9730 173
9731 2536
9731 2532
9731 2537
9731 3088
9732 5854
9732 5856
9733 1756
9733 1757
9733 9734
9735 1756
9735 9734
9736 1757
9736 9734
9737 1756
9737 29
9737 180
9738 1756
9738 29
9739 1756
9739 180
9740 1757
9740 430
9740 173
9741 602
9741 598
9741 2688
9742 602
9742 598
9742 2688
9743 1019
9743 3087
9744 6211
9744 4484
9745 6211
9745 4484
9745 2684
9746 6211
9746 2688
9746 611
9747 4484
9747 2684
9748 6211
9748 2688
9748 611
9749 6211
9749 2688
9749 611
9750 602
9750 598
9750 2688
9751 6211
9751 2688
9751 611
9752 4096
9752 1838
9752 3072
9753 1023
9753 3087
9754 2082
9754 2083
9755 9756
9755 4793
9755 4163
9757 9756
9757 4793
9757 4163
9758 9756
9758 4793
9758 4163
9759 9756
9759 4156
9759 1947
9760 9756
9760 4156
9760 1947
9761 9756
9761 4156
9761 1947
9762 9756
9762 4156
9762 1947
9763 7580
9763 1947
9764 5987
9764 611
9765 5987
9765 602
9766 1951
9766 1936
9766 1948
9767 1002
9767 3087
9768 3159
9768 340
9768 2922
9769 6304
9769 3620
9769 1899
9770 153
9770 1054
9770 1900
9771 2597
9771 2598
9771 2599
9772 2110
9772 7039
9772 4542
9773 1647
9773 2999
9773 3000
9774 1054
9774 1900
9775 4030
9775 5950
9775 4022
9776 5950
9776 4022
9777 9778
9777 6179
9779 1981
9779 9778
9780 235
9780 3585
9781 9782
9781 3620
9781 3621
9781 9783
9784 238
9784 3585
9785 236
9785 3585
9786 238
9786 235
9786 236
9786 3585
9786 999
9787 3585
9787 999
9788 2709
9788 1098
9789 9782
9789 3620
9790 487
9790 1583
9791 487
9791 521
9792 9793
9792 4347
9794 9793
9794 4347
9795 4277
9795 9793
9795 2732
9796 4277
9796 9793
9796 2732
9797 4277
9797 9793
9797 2732
9798 4277
9798 9793
9798 2732
9799 2729
9799 2732
9799 2733
9800 2729
9800 2732
9800 2733
9801 6304
9801 3620
9802 2597
9802 2598
9802 2599
9803 3620
9803 9783
9804 446
9804 999
9804 3079
9805 999
9805 3079
9806 446
9806 3079
9807 8425
9807 2749
9807 2038
9808 2037
9808 6231
9808 1349
9808 2030
9809 2037
9809 2030
9810 2037
9810 6231
9811 2037
9811 1349
9812 2038
9812 8425
9813 2749
9813 8425
9814 2028
9814 2030
9814 1351
9815 2028
9815 2030
9816 1602
9816 726
9816 7814
9817 1602
9817 726
9818 2770
9818 2771
9819 2769
9819 2771
9820 436
9820 1587
9821 436
9821 1589
9822 1602
9822 7814
9823 436
9823 1589
9823 1587
9824 2597
9824 2598
9824 2599
9825 2071
9825 9826
9827 9828
9827 9826
9829 1767
9829 2079
9830 9828
9830 2071
9830 9826
9831 9828
9831 7646
9832 9828
9832 5449
9833 9828
9833 5449
9833 9834
9833 7646
9835 9828
9835 9834
9836 5450
9836 9834
9836 7653
9837 9834
9837 7653
9838 2798
9838 2794
9839 2091
9839 2794
9840 2800
9840 2083
9841 2798
9841 2091
9841 2794
9842 2800
9842 2083
9842 151
9843 2800
9843 151
9844 2798
9844 286
9845 2798
9845 1028
9846 2094
9846 2091
9846 2092
9846 2085
9847 2091
9847 2085
9848 284
9848 3375
9849 2815
9849 2811
9850 2815
9850 2816
9850 2811
9851 9385
9851 2106
9851 3475
9852 9385
9852 2106
9852 3475
9853 9385
9853 2106
9853 3475
9854 9385
9854 2106
9854 3475
9855 2815
9855 1418
9856 1418
9856 3475
9857 2815
9857 1418
9857 3475
9858 2117
9858 2112
9858 2118
9859 1738
9859 1762
9859 1763
9860 2137
9860 9861
9860 1709
9862 545
9862 4134
9862 5391
9863 2903
9863 284
9864 2137
9864 9861
9864 1709
9865 6702
9865 1486
9866 6702
9866 1486
9866 1711
9867 1834
9867 4987
9868 6388
9868 9869
9870 134
9870 1834
9870 4987
9871 4986
9871 907
9872 4986
9872 894
9873 4986
9873 894
9873 907
9874 2131
9874 1440
9874 2123
9875 1485
9875 2202
9875 2826
9876 1486
9876 1711
9877 3946
9877 3951
9877 9878
9879 3946
9879 3951
9879 9878
9880 3946
9880 3951
9880 9878
9881 3946
9881 3951
9881 9878
9882 9883
9882 9878
9882 2153
9884 9883
9884 9878
9884 2153
9885 9883
9885 9878
9885 2153
9886 9883
9886 9878
9886 2153
9887 169
9887 515
9887 2152
9888 169
9888 2152
9889 9890
9889 6388
9891 2126
9891 1423
9891 141
9892 2704
9892 1675
9892 9893
9894 2704
9894 1675
9894 9893
9895 2704
9895 1675
9895 9893
9896 2705
9896 9897
9898 2704
9898 9897
9899 2704
9899 2705
9899 9897
9900 854
9900 2867
9901 6625
9901 2867
9902 9897
9902 2867
9903 6388
9903 6944
9904 8182
9904 8189
9904 9905
9906 8182
9906 8189
9906 9905
9907 8182
9907 8189
9907 9905
9908 1440
9908 12
9908 9905
9909 1440
9909 12
9909 9905
9910 446
9910 66
9911 1440
9911 12
9911 9905
9912 1440
9912 1441
9913 2126
9913 2123
9913 2124
9914 8182
9914 8189
9914 9905
9915 2350
9915 3810
9915 5442
9916 284
9916 3810
9916 169
9917 2350
9917 3810
9917 5442
9918 2350
9918 3810
9918 5442
9919 2213
9919 2350
9920 2350
9920 3810
9920 5442
9921 2213
9921 49
9921 2350
9922 2213
9922 49
9923 2211
9923 524
9924 2211
9924 1010
9925 3464
9925 2900
9926 3464
9926 6386
9927 1434
9927 2238
9927 1443
9928 2236
9928 2237
9928 2238
9929 1434
9929 2238
9929 1443
9930 1434
9930 2238
9930 1443
9931 1497
9931 545
9931 1369
9932 1434
9932 2238
9932 1443
9933 1497
9933 1369
9934 545
9934 1369
9935 2228
9935 2237
9936 2228
9936 1367
9936 2237
9937 29
9937 2263
9937 153
9938 29
9938 2263
9939 687
9939 2928
9940 688
9940 2263
9940 9941
9942 2263
9942 9941
9943 688
9943 9941
9944 2928
9944 2926
9945 2268
9945 687
9945 9941
9945 2928
9946 9941
9946 2928
9947 2268
9947 2928
9948 2283
9948 2289
9948 2290
9949 2283
9949 2289
9949 2290
9950 3500
9950 8357
9950 2289
9951 2283
9951 2289
9951 2290
9952 3500
9952 8357
9952 2289
9953 3500
9953 8357
9953 2289
9954 7745
9954 9955
9956 3500
9956 8357
9956 2289
9957 7745
9957 9955
9957 6464
9958 9955
9958 6464
9959 316
9959 2519
9960 3524
9960 317
9960 2962
9961 3524
9961 2962
9962 3524
9962 317
9963 2316
9963 2317
9964 2316
9964 2318
9965 316
9965 309
9965 2519
9966 316
9966 309
9967 1546
9967 1541
9967 1547
9968 1546
9968 1541
9968 1547
9969 1546
9969 1541
9969 1547
9970 1538
9970 2296
9971 238
9971 235
9971 236
9971 1562
9971 411
9972 1562
9972 411
9973 3797
9973 2310
9973 2296
9974 3797
9974 2310
9974 2296
9975 2806
9975 4063
9976 5027
9976 3573
9976 895
9977 6009
9977 2387
9977 6012
9978 169
9978 2135
9979 7794
9979 7797
9979 7795
9980 347
9980 379
9981 9982
9981 7018
9983 347
9983 379
9983 47
9984 173
9984 8185
9985 6386
9985 2886
9985 3998
9986 14
9986 15
9986 16
9987 1628
9987 960
9987 961
9988 5877
9988 5868
9988 9989
9990 5877
9990 5868
9990 9989
9991 5877
9991 5868
9991 9989
9992 5877
9992 5868
9992 9989
9993 5867
9993 2993
9993 9989
9994 5867
9994 2993
9994 9989
9995 5867
9995 2993
9995 9989
9996 5867
9996 2993
9996 9989
9997 1628
9997 284
9998 1933
9998 16
9998 4324
9999 1933
9999 16
9999 4324
10000 1933
10000 16
10000 4324
10001 1933
10001 16
10001 4324
10002 8472
10002 6121
10003 2649
10003 8472
10003 6121
10003 10004
10005 6121
10005 10004
10006 2649
10006 6121
10007 2999
10007 1217
10007 3125
10008 2841
10008 6121
10008 2851
10009 1215
10009 169
10010 7585
10010 446
10011 3561
10011 1217
10012 3561
10012 1217
10012 2894
10012 1220
10013 1217
10013 3125
10014 1010
10014 2850
10015 2841
10015 6121
10016 2841
10016 2851
10017 4792
10017 4793
10017 4163
10018 3025
10018 9578
10018 9571
10019 9578
10019 9574
10019 4315
10020 2648
10020 8472
10021 3135
10021 3695
10021 9574
10022 3135
10022 3695
10022 9574
10023 2648
10023 2657
10023 8472
10024 2548
10024 9303
10024 2550
10025 2548
10025 9303
10025 2550
10026 2548
10026 9303
10026 2550
10027 3571
10027 173
10027 1054
10028 2412
10028 3055
10029 5083
10029 4555
10030 2412
10030 3049
10030 3055
10031 3148
10031 9303
10031 3572
10032 3051
10032 291
10033 3051
10033 1262
10034 3043
10034 3044
10034 3045
10035 3051
10035 1262
10035 291
10036 3043
10036 3044
10036 3045
10037 3148
10037 9303
10037 3572
10038 397
10038 402
10038 218
10039 3148
10039 9303
10039 3572
10040 2548
10040 9303
10040 2550
10041 2752
10041 2758
10042 5190
10042 5183
10042 10043
10044 3707
10044 3709
10045 5183
10045 10043
10046 5190
10046 10043
10047 3354
10047 3350
10048 3354
10048 4642
10048 3350
10049 2752
10049 2758
10049 2402
10050 3354
10050 4642
10051 312
10051 318
10051 2519
10052 402
10052 410
10052 9621
10053 2174
10053 2175
10054 3130
10054 53
10055 49
10055 3130
10056 3108
10056 3116
10056 3117
10057 3108
10057 3116
10057 3117
10058 2277
10058 3130
10059 2277
10059 3129
10060 3129
10060 524
10061 1002
10061 1023
10061 1019
10061 3129
10061 524
10062 1023
10062 3129
10063 1002
10063 3129
10064 49
10064 3130
10064 53
10065 1019
10065 3129
10066 1598
10066 3155
10066 1600
10067 3148
10067 10068
10069 6388
10069 2505
10070 9890
10070 6388
10070 6944
10070 9869
10071 5854
10071 3718
10071 1598
10072 5854
10072 3718
10072 1598
10073 5854
10073 3718
10073 1598
10074 5854
10074 3718
10074 1598
10075 2487
10075 2488
10075 2489
10076 2509
10076 2594
10076 411
10077 2487
10077 2488
10077 2489
10078 2487
10078 2488
10078 2489
10079 6388
10079 2491
10079 2505
10080 2491
10080 2505
10081 2509
10081 411
10082 2509
10082 2594
10083 3189
10083 3175
10083 10084
10085 3173
10085 10086
10087 3173
10087 10086
10087 837
10088 6757
10088 10089
10090 2539
10090 494
10090 2529
10091 6757
10091 10086
10092 10093
10092 6757
10092 10089
10092 10086
10094 2539
10094 2540
10094 2534
10095 3189
10095 10084
10096 6412
10096 1555
10096 3173
10096 3179
10097 3715
10097 1599
10097 3613
10098 9638
10098 9640
10098 2530
10099 7683
10099 4178
10100 7683
10100 8923
10100 10101
10100 10102
10103 7683
10103 10102
10104 7683
10104 8923
10105 3210
10105 10102
10106 10107
10106 10102
10108 2495
10108 2306
10109 3524
10109 1557
10110 238
10110 1607
10111 238
10111 1608
10112 6702
10112 7610
10112 1706
10113 468
10113 470
10114 10115
10114 1608
10116 6702
10116 7610
10116 1706
10117 10115
10117 2165
10117 1026
10117 1608
10118 7610
10118 1653
10118 1711
10119 7610
10119 1653
10119 1711
10120 7610
10120 1653
10120 1711
10121 1260
10121 7488
10121 7495
10122 7610
10122 1653
10122 1711
10123 3237
10123 286
10124 3237
10124 49
10125 3237
10125 3800
10125 3804
10126 3237
10126 284
10127 3237
10127 1617
10127 284
10127 49
10127 524
10127 286
10128 3237
10128 3238
10129 3237
10129 1617
10130 3237
10130 524
10131 3237
10131 3800
10132 3800
10132 3804
10133 10134
10133 2612
10135 7057
10135 10134
10136 1095
10136 2622
10137 7057
10137 2612
10137 10134
10138 1095
10138 1054
10138 2622
10139 1054
10139 2622
10140 2629
10140 2630
10140 2611
10141 2629
10141 2630
10141 2611
10142 4491
10142 2403
10142 2430
10143 4932
10143 428
10143 3828
10144 2201
10144 1271
10144 2826
10144 2699
10145 7057
10145 4456
10145 7060
10145 7058
10146 7057
10146 4456
10147 872
10147 875
10147 3256
10148 872
10148 875
10148 3256
10149 872
10149 875
10149 3256
10150 1479
10150 105
10150 3256
10151 104
10151 1010
10152 201
10152 104
10153 201
10153 104
10153 1010
10154 872
10154 875
10154 3256
10155 322
10155 3528
10156 105
10156 2645
10157 105
10157 2645
10157 113
10158 1271
10158 2826
10159 2201
10159 2202
10159 2205
10160 541
10160 2197
10161 2201
10161 2205
10162 564
10162 608
10163 2576
10163 2569
10164 286
10164 3375
10165 563
10165 5332
10165 1972
10166 563
10166 5332
10166 1972
10167 563
10167 5332
10167 1972
10168 5332
10168 551
10168 1964
10168 249
10169 804
10169 6712
10169 805
10170 4369
10170 4832
10171 4372
10171 4832
10172 5384
10172 5204
10173 2213
10173 4520
10173 2211
10174 5384
10174 671
10175 193
10175 9678
10176 8502
10176 5377
10176 6503
10177 8502
10177 5377
10177 6503
10178 967
10178 8502
10178 5379
10179 967
10179 8502
10179 5379
10180 1057
10180 206
10181 8502
10181 5377
10181 6503
10182 8502
10182 5377
10182 6503
10183 967
10183 3285
10183 3290
10184 4552
10184 4556
10184 3931
10185 4552
10185 4556
10186 4556
10186 3931
10187 5083
10187 4555
10187 4562
10188 306
10188 2448
10189 307
10189 3929
10189 3932
10190 3929
10190 3932
10191 307
10191 3932
10192 5083
10192 4562
10193 5799
10193 10194
10193 4225
10195 10196
10195 3318
10195 10197
10198 10196
10198 10197
10199 3318
10199 10197
10200 10196
10200 286
10200 500
10201 5845
10201 10197
10201 10202
10201 10203
10204 5845
10204 10197
10205 5845
10205 10202
10206 5845
10206 10203
10207 10196
10207 286
10208 10196
10208 500
10209 2010
10209 4014
10209 4009
10209 2012
10210 2010
10210 4009
10211 521
10211 3334
10211 201
10212 3334
10212 201
10213 9193
10213 3334
10213 10214
10215 9193
10215 3334
10215 10214
10216 9193
10216 3334
10216 10214
10217 9193
10217 3334
10217 10214
10218 4355
10218 10214
10218 604
10219 4355
10219 10214
10219 604
10220 49
10220 477
10220 202
10221 4355
10221 10214
10221 604
10222 2028
10222 2761
10222 1351
10223 2028
10223 2761
10223 1351
10224 1337
10224 2759
10224 2761
10225 2028
10225 2761
10225 1351
10226 2359
10226 960
10226 1629
10227 2359
10227 960
10227 1629
10228 2359
10228 960
10228 1629
10229 2758
10229 999
10229 5391
10230 10231
10230 1616
10232 10231
10232 1614
10233 2751
10233 2759
10233 2402
10234 2751
10234 2759
10235 10236
10235 5423
10237 2070
10237 2071
10237 2068
10238 2070
10238 2071
10238 2068
10239 10240
10239 9826
10239 2776
10239 10241
10242 2776
10242 10241
10243 9826
10243 2776
10244 10240
10244 2776
10245 2071
10245 2079
10245 10241
10246 2071
10246 10241
10247 2079
10247 10241
10248 2070
10248 2071
10248 2068
10249 1028
10249 37
10250 2367
10250 1648
10250 39
10251 286
10251 2367
10252 657
10252 3410
10252 658
10253 1028
10253 151
10253 37
10254 1211
10254 7371
10255 2367
10255 2890
10255 37
10256 2367
10256 2890
10257 2890
10257 37
10258 1095
10258 286
10258 2367
10259 7637
10259 7638
10259 7639
10260 7637
10260 7638
10260 7639
10261 5104
10261 150
10262 636
10262 643
10262 8159
10263 2806
10263 2807
10263 2808
10264 4544
10264 4672
10265 2813
10265 869
10266 2813
10266 869
10267 7639
10267 2229
10267 869
10268 7639
10268 2229
10268 869
10269 7639
10269 2229
10269 869
10270 8789
10270 4672
10271 4247
10271 3643
10272 8789
10272 4544
10272 4672
10273 7263
10273 5107
10273 10274
10275 9272
10275 9276
10276 7263
10276 10274
10277 5107
10277 10274
10278 3409
10278 3378
10279 5720
10279 10274
10279 9272
10279 9276
10280 6734
10280 9276
10281 5720
10281 9276
10282 10274
10282 9276
10283 1989
10283 1010
10283 2850
10284 1989
10284 2850
10285 10286
10285 9312
10285 3270
10287 10286
10287 9312
10287 3270
10288 10286
10288 9312
10288 3270
10289 10286
10289 9312
10289 3270
10290 10286
10290 3208
10290 2851
10291 10286
10291 3208
10291 2851
10292 10286
10292 3208
10292 2851
10293 10286
10293 3208
10293 2851
10294 2597
10294 5718
10295 4129
10295 4130
10295 4131
10296 657
10296 10297
10296 2718
10298 7580
10298 7581
10299 665
10299 2869
10299 5889
10300 665
10300 2869
10300 5889
10301 665
10301 666
10301 667
10302 665
10302 2869
10302 5889
10303 665
10303 666
10303 667
10304 665
10304 666
10304 667
10305 1033
10305 2875
10305 2870
10306 4811
10306 7938
10306 1892
10307 1033
10307 2875
10308 1033
10308 2870
10309 657
10309 10297
10309 2718
10310 630
10310 10311
10310 10312
10313 630
10313 10311
10313 10312
10314 630
10314 10311
10314 10312
10315 22
10315 10312
10315 286
10315 284
10316 22
10316 10312
10317 10312
10317 286
10318 4348
10318 4337
10319 232
10319 770
10320 657
10320 3410
10321 4369
10321 151
10322 1251
10322 8003
10322 5039
10323 2277
10323 2276
10324 2275
10324 2276
10325 2274
10325 2276
10326 1002
10326 1023
10326 1019
10326 201
10326 2280
10327 49
10327 2276
10328 1002
10328 2276
10329 1023
10329 2276
10330 1019
10330 2276
10331 399
10331 218
10331 3494
10332 3494
10332 399
10333 430
10333 398
10334 519
10334 398
10335 201
10335 2280
10336 1002
10336 2280
10337 3494
10337 218
10338 2932
10338 219
10338 218
10338 2926
10339 10340
10339 4450
10341 8262
10341 4450
10341 10342
10341 10343
10344 10340
10344 4450
10344 1105
10345 10340
10345 1105
10346 4450
10346 10342
10347 8259
10347 8261
10347 10343
10348 4450
10348 10343
10349 4450
10349 8262
10350 3434
10350 3426
10350 2842
10351 8261
10351 10343
10352 8259
10352 10343
10353 3606
10353 2309
10353 3602
10354 322
10354 238
10355 3986
10355 3650
10356 3606
10356 2309
10356 3602
10357 5020
10357 10358
10357 10359
10360 3162
10360 10358
10360 10361
10362 5020
10362 10358
10362 10359
10363 2317
10363 4965
10363 3363
10364 5020
10364 10358
10364 10359
10365 1061
10365 3163
10365 411
10366 2704
10366 2701
10366 2705
10367 5020
10367 10358
10367 10359
10368 4155
10368 3385
10369 4155
10369 3902
10370 4158
10370 3546
10371 3385
10371 4158
10371 3546
10372 286
10372 3547
10373 3163
10373 1061
10374 3902
10374 3385
10374 4155
10375 284
10375 3547
10376 3163
10376 411
10377 2099
10377 6118
10377 6121
10378 2318
10378 4965
10378 8250
10379 5139
10379 4066
10380 7580
10380 1947
10381 169
10381 2083
10381 170
10382 2367
10382 2368
10382 37
10383 2083
10383 170
10384 3563
10384 2894
10385 2894
10385 1219
10385 3563
10386 10387
10386 4185
10386 1219
10386 1225
10388 1219
10388 2894
10389 10387
10389 1219
10390 4185
10390 1219
10391 1437
10391 5757
10391 965
10392 1436
10392 2897
10393 3606
10393 655
10393 649
10394 5757
10394 965
10395 1437
10395 5757
10396 770
10396 965
10397 169
10397 1095
10397 2382
10398 964
10398 10399
10398 770
10398 965
10400 5752
10400 10401
10402 4065
10402 4668
10403 3606
10403 655
10403 649
10404 4668
10404 5141
10405 2308
10405 2309
10405 2310
10406 561
10406 2594
10407 8588
10407 5228
10407 7643
10408 5489
10408 1890
10409 5489
10409 591
10410 7270
10410 10411
10410 5827
10412 7270
10412 10411
10412 5827
10413 561
10413 291
10413 2594
10414 8588
10414 5228
10415 590
10415 591
10415 3055
10415 3053
10416 507
10416 10417
10418 44
10418 10417
10419 6377
10419 2147
10420 44
10420 507
10420 10417
10421 6372
10421 6377
10421 2147
10422 6372
10422 6377
10423 2657
10423 2609
10423 10004
10424 2657
10424 10004
10425 2327
10425 2328
10425 2330
10426 61
10426 65
10426 66
10427 29
10427 2083
10427 3781
10428 1996
10428 1383
10429 8952
10429 1383
10430 1994
10430 1383
10431 1989
10431 1383
10432 49
10432 1383
10433 1989
10433 8952
10433 1996
10433 1383
10433 49
10433 1994
10434 1393
10434 3668
10434 1383
10435 1393
10435 3668
10435 1383
10436 6911
10436 604
10437 3434
10437 3426
10438 201
10438 1393
10439 1989
10439 201
10439 1393
10440 545
10440 3177
10441 1129
10441 3177
10442 535
10442 3177
10443 3177
10443 524
10444 3685
10444 1129
10444 8119
10445 3685
10445 1129
10445 8119
10446 3685
10446 1129
10446 8119
10447 3685
10447 1129
10447 8119
10448 3685
10448 2152
10448 2153
10449 3685
10449 2152
10449 2153
10450 2776
10450 69
10450 6043
10451 3135
10451 4315
10451 10452
10453 284
10453 1083
10454 2444
10454 1679
10455 3135
10455 10452
10456 2444
10456 1679
10456 2433
10457 1622
10457 153
10457 1083
10458 1088
10458 1089
10458 1090
10459 1088
10459 1089
10459 1090
10460 1866
10460 6911
10461 3414
10461 10462
10463 2083
10463 3781
10464 4308
10464 4315
10465 4317
10465 4308
10465 4314
10465 4315
10466 2187
10466 3111
10466 2332
10467 3031
10467 2442
10468 4279
10468 5434
10469 3413
10469 3414
10469 10462
10470 1756
10470 1757
10470 1758
10471 706
10471 10472
10471 8545
10473 1914
10473 1189
10473 1758
10474 1914
10474 1189
10474 1758
10475 1914
10475 1189
10475 1758
10476 1187
10476 1188
10477 1187
10477 1189
10478 4279
10478 5434
10478 5427
10479 3714
10479 3715
10480 3715
10480 1745
10481 706
10481 10472
10481 8545
10482 29
10482 3781
10483 1987
10483 10472
10483 1991
10484 1987
10484 10472
10484 1991
10485 1987
10485 10472
10485 1991
10486 1987
10486 10472
10486 1991
10487 430
10487 2324
10488 169
10488 10107
10489 446
10489 10107
10490 3197
10490 2580
10491 169
10491 446
10491 10107
10492 2411
10492 2416
10492 2412
10492 2406
10493 10494
10493 3370
10493 2857
10493 3754
10495 3210
10495 8923
10495 3754
10496 3210
10496 8923
10497 3370
10497 3754
10498 10494
10498 3754
10499 2229
10499 3218
10499 7638
10500 2560
10500 4517
10500 5048
10500 6196
10500 7412
10500 6192
10500 4516
10500 7409
10500 4522
10500 4423
10500 2745
10500 5586
10500 450
10501 2099
10501 430
10501 2324
10502 1314
10502 1315
10502 1316
10503 3957
10503 4020
10503 4024
10504 521
10504 169
10504 2135
10504 284
10504 286
10505 10506
10505 4394
10505 4396
10507 3239
10507 524
10508 2350
10508 3239
10508 524
10509 3803
10509 3804
10510 3803
10510 3239
10511 1617
10511 3804
10512 49
10512 3804
10513 49
10513 1617
10513 3804
10514 2350
10514 3239
10515 1641
10515 1642
10515 894
10516 1641
10516 1642
10516 894
10517 3230
10517 3227
10517 1617
10518 3230
10518 3227
10518 1617
10519 3571
10519 3572
10519 3573
10520 3571
10520 3572
10520 3573
10521 5027
10521 3573
10521 895
10522 3571
10522 3572
10522 3573
10523 6653
10523 7695
10523 6657
10524 87
10524 2623
10525 10134
10525 87
10526 3243
10526 87
10526 10527
10528 3243
10528 10527
10529 87
10529 10527
10530 10134
10530 2620
10530 87
10530 2623
10531 3242
10531 1562
10531 1557
10532 3245
10532 1054
10532 313
10533 3245
10533 1054
10534 3245
10534 313
10535 931
10535 917
10535 2639
10536 4509
10536 1575
10537 5202
10537 913
10538 3784
10538 3237
10538 3841
10539 3784
10539 3237
10539 3841
10540 3841
10540 3239
10540 3804
10541 3841
10541 3239
10541 3804
10542 3841
10542 3239
10542 3804
10543 3841
10543 3239
10543 3804
10544 4509
10544 1571
10545 1575
10545 1571
10545 4509
10546 240
10546 246
10547 169
10547 254
10548 3149
10548 1260
10549 238
10549 169
10549 236
10549 254
10549 235
10550 10551
10550 1185
10550 7495
10552 236
10552 254
10553 10551
10553 1185
10553 7495
10554 238
10554 254
10555 4415
10555 10551
10555 1260
10556 4415
10556 10551
10556 1260
10557 180
10557 1054
10557 4416
10558 1054
10558 4416
10559 10551
10559 1185
10559 7495
10560 5199
10560 5200
10560 913
10561 10551
10561 1185
10561 7495
10562 5199
10562 913
10563 3882
10563 4073
10563 2129
10564 5628
10564 4487
10565 5521
10565 2196
10566 2196
10566 6814
10567 5628
10567 3882
10568 5628
10568 3882
10568 4487
10569 1207
10569 2196
10569 2197
10570 180
10570 4416
10571 2196
10571 6810
10572 5521
10572 2196
10572 6810
10572 6814
10573 2492
10573 10574
10575 2487
10575 10574
10576 4415
10576 4406
10576 6621
10577 10578
10577 5020
10577 10361
10579 3885
10579 3886
10580 10578
10580 10361
10581 10578
10581 5020
10582 6168
10582 2920
10583 3159
10583 6168
10583 2920
10584 2487
10584 2492
10584 10574
10585 3159
10585 6168
10586 2425
10586 469
10587 469
10587 2426
10588 7567
10588 23
10588 7568
10589 7567
10589 23
10589 7568
10590 402
10590 2306
10591 1937
10591 6308
10592 1937
10592 7568
10593 10594
10593 1937
10595 10594
10595 1937
10595 6308
10595 7568
10596 1939
10596 3899
10596 10594
10597 1939
10597 3899
10597 10594
10598 1939
10598 3899
10598 10594
10599 1939
10599 3899
10599 10594
10600 3297
10600 2448
10600 10601
10602 3297
10602 10601
10603 2448
10603 10601
10604 5582
10604 1522
10604 5604
10605 2448
10605 2450
10606 2448
10606 2449
10607 2448
10607 296
10608 295
10608 5770
10608 2450
10609 5770
10609 2450
10610 295
10610 2450
10611 283
10611 174
10612 22
10612 283
10613 6370
10613 10202
10614 10615
10614 10616
10614 6370
10614 10617
10618 10196
10618 6370
10618 10202
10619 10196
10619 10202
10620 10616
10620 6370
10621 3946
10621 3951
10621 10617
10622 6370
10622 10617
10623 10615
10623 6370
10624 3951
10624 10617
10625 3946
10625 10617
10626 4031
10626 4071
10626 8888
10627 535
10627 1670
10628 2012
10628 1670
10628 1664
10629 1662
10629 4014
10630 1670
10630 4014
10631 1866
10631 1664
10632 1662
10632 1670
10632 4014
10633 1866
10633 1670
10634 49
10634 1670
10635 1866
10635 49
10635 535
10635 1670
10635 524
10636 1670
10636 524
10637 540
10637 5621
10638 1184
10638 3350
10639 4642
10639 3356
10639 3346
10640 1433
10640 545
10640 7638
10641 3345
10641 714
10641 3346
10642 3345
10642 714
10642 3346
10643 3345
10643 721
10643 1347
10644 3345
10644 721
10644 1347
10645 3345
10645 721
10645 1347
10646 3345
10646 721
10646 1347
10647 1184
10647 999
10647 3350
10648 999
10648 3350
10649 4031
10649 4071
10649 8888
10650 691
10650 692
10650 693
10651 4031
10651 4071
10651 8888
10652 143
10652 793
10652 148
10653 7914
10653 10654
10655 4727
10655 5242
10655 6791
10656 3576
10656 7914
10656 10654
10657 3576
10657 10654
10658 7915
10658 818
10659 5916
10659 1054
10659 2594
10660 2175
10660 3396
10661 7915
10661 818
10661 3979
10662 887
10662 1510
10663 4675
10663 1510
10664 2915
10664 887
10664 4675
10664 1510
10665 691
10665 2714
10665 3417
10666 2918
10666 2915
10667 286
10667 889
10667 2897
10668 4727
10668 5242
10669 5242
10669 6791
10670 10671
10670 4031
10672 436
10672 632
10673 10671
10673 4022
10674 286
10674 9084
10675 1207
10675 4058
10675 5628
10676 753
10676 754
10676 755
10677 753
10677 754
10677 755
10678 753
10678 754
10678 755
10679 22
10679 753
10679 201
10680 753
10680 201
10681 22
10681 753
10682 1989
10682 4038
10682 4344
10683 1989
10683 4038
10683 4344
10684 1989
10684 4038
10684 4344
10685 1989
10685 4038
10685 4344
10686 3426
10686 1989
10687 863
10687 3426
10688 2847
10688 3423
10688 349
10689 347
10689 1933
10689 3423
10690 2847
10690 3423
10690 349
10691 2847
10691 3423
10691 349
10692 347
10692 1933
10692 3423
10693 863
10693 3426
10693 1989
10694 347
10694 1933
10694 3423
10695 347
10695 1933
10695 3423
10696 8493
10696 1057
10697 8493
10697 3285
10697 1057
10698 10671
10698 1958
10699 602
10699 611
10699 5987
10700 863
10700 379
10700 9312
10701 3342
10701 2878
10701 2976
10702 6904
10702 1637
10702 3281
10703 3342
10703 2878
10703 2976
10704 169
10704 25
10704 1754
10705 2976
10705 2977
10705 2978
10706 6904
10706 1637
10706 3281
10707 691
10707 2714
10707 3417
10708 6904
10708 1637
10708 3281
10709 7375
10709 8077
10709 8128
10710 1958
10710 4032
10711 6904
10711 1637
10711 3281
10712 8077
10712 8128
10713 8077
10713 7375
10714 5061
10714 8128
10714 10715
10716 691
10716 2714
10716 3417
10717 8128
10717 10715
10718 5945
10718 10715
10719 9756
10719 4793
10719 4163
10720 1
10720 1315
10720 20
10721 3577
10721 6791
10722 10723
10722 3577
10722 6791
10722 10654
10724 6791
10724 10654
10725 10723
10725 6791
10726 10727
10726 5244
10726 6791
10728 4722
10728 4723
10728 4724
10729 5244
10729 6791
10730 10727
10730 5244
10731 3577
10731 3578
10732 9084
10732 411
10733 29
10733 173
10733 1911
10734 173
10734 1911
10735 1754
10735 430
10735 1908
10736 430
10736 1908
10737 1754
10737 1908
10738 1917
10738 1911
10738 3491
10739 1917
10739 3491
10740 3491
10740 3492
10740 3494
10740 3487
10741 2951
10741 2944
10741 2947
10742 2951
10742 2947
10743 2942
10743 2943
10744 2942
10744 2944
10745 1583
10745 2290
10746 53
10746 2290
10747 2951
10747 2944
10748 53
10748 1583
10748 2290
10749 3645
10749 3646
10749 3647
10750 3499
10750 3500
10750 3504
10750 3502
10751 3500
10751 3504
10752 5102
10752 3647
10752 1687
10753 5102
10753 3647
10753 1687
10754 5102
10754 3647
10754 1687
10755 3417
10755 4928
10756 1104
10756 10757
10758 2959
10758 317
10758 1105
10759 645
10759 628
10759 646
10760 2630
10760 1553
10761 1553
10761 2613
10762 6406
10762 10340
10762 10757
10762 2613
10763 10757
10763 2613
10764 10340
10764 2613
10765 6406
10765 2613
10766 1104
10766 1105
10766 10757
10767 1105
10767 10757
10768 1001
10768 5501
10768 1025
10769 2903
10769 545
10770 5501
10770 2523
10770 1030
10771 10772
10771 3270
10771 4681
10773 1162
10773 4603
10773 4599
10774 371
10774 372
10774 373
10775 4603
10775 4599
10776 6193
10776 4342
10777 3865
10777 3866
10777 3867
10778 10772
10778 3270
10778 4681
10779 7039
10779 4542
10780 2523
10780 5506
10781 7039
10781 2110
10782 2523
10782 3729
10782 5506
10783 1981
10783 6179
10783 9778
10784 4030
10784 5950
10785 29
10785 1497
10785 4076
10786 10772
10786 3270
10786 4681
10787 3902
10787 3552
10787 4076
10788 3902
10788 3552
10788 4076
10789 3552
10789 430
10790 284
10790 521
10790 3552
10790 286
10790 430
10791 1497
10791 4076
10792 29
10792 4076
10793 3552
10793 286
10794 521
10794 3552
10795 2709
10795 2710
10796 907
10796 2663
10797 9312
10797 10798
10799 7317
10799 4181
10800 7317
10800 4181
10800 2457
10801 7848
10801 1224
10802 7848
10802 1224
10802 1230
10802 6302
10803 10387
10803 1224
10804 10387
10804 4184
10805 10387
10805 1224
10805 4184
10806 2099
10806 1227
10807 169
10807 1227
10808 2099
10808 169
10808 1227
10809 2800
10809 2798
10809 4176
10810 2800
10810 2798
10810 4176
10811 7002
10811 7003
10811 2564
10812 10772
10812 4359
10812 4360
10813 550
10813 1964
10814 10815
10814 907
10816 10772
10816 4359
10816 4360
10817 5160
10817 5775
10817 4200
10818 5160
10818 5775
10818 4200
10819 5160
10819 5775
10819 4200
10820 5160
10820 5775
10820 4200
10821 4206
10821 2416
10822 3051
10822 2412
10822 3053
10823 4206
10823 2416
10823 2405
10824 2416
10824 2405
10825 10772
10825 4359
10825 4360
10826 3051
10826 3053
10827 2412
10827 3053
10828 2973
10828 10829
10830 4479
10830 2671
10831 2671
10831 10832
10833 2675
10833 2696
10833 2672
10834 4479
10834 2671
10834 10832
10835 2675
10835 2696
10835 2672
10836 2675
10836 2696
10836 2672
10837 10772
10837 3270
10837 4681
10838 10839
10838 2973
10840 10841
10840 2365
10840 2974
10842 228
10842 4734
10842 3157
10843 228
10843 4734
10843 3157
10844 7656
10844 4254
10844 4245
10845 7656
10845 4254
10845 4245
10846 7656
10846 4254
10846 4245
10847 7656
10847 4254
10847 4245
10848 4245
10848 4249
10848 10849
10850 10851
10850 10852
10853 4249
10853 10849
10854 4245
10854 10849
10855 7264
10855 5716
10855 2913
10856 4254
10856 4255
10856 4256
10857 4254
10857 4255
10857 4256
10858 6321
10858 6322
10858 7827
10859 1653
10859 10860
10859 7119
10861 4801
10861 132
10861 3655
10862 1653
10862 10860
10862 7119
10863 1653
10863 10860
10863 7119
10864 4801
10864 2363
10865 1653
10865 10860
10865 7119
10866 4801
10866 10860
10866 2363
10867 10860
10867 2363
10868 1644
10868 1642
10868 1645
10869 4801
10869 132
10870 5240
10870 4174
10871 4807
10871 2046
10871 3663
10872 4807
10872 2046
10872 3663
10873 4280
10873 4805
10874 5235
10874 5229
10875 5815
10875 604
10876 5815
10876 201
10877 5815
10877 201
10877 604
10878 1071
10878 2251
10879 1071
10879 2247
10880 1071
10880 2247
10880 2251
10881 3019
10881 2256
10882 3023
10882 2256
10883 5843
10883 4174
10884 4292
10884 545
10885 4292
10885 772
10885 545
10886 6372
10886 2157
10886 4849
10887 2147
10887 4849
10887 3184
10888 2071
10888 10889
10888 2079
10890 2071
10890 10889
10890 2079
10891 2071
10891 10889
10891 2079
10892 2071
10892 10889
10892 2079
10893 9828
10893 4290
10893 10889
10894 9828
10894 4290
10894 10889
10895 9828
10895 4290
10895 10889
10896 9828
10896 4290
10896 10889
10897 4949
10897 2993
10897 1433
10898 4949
10898 2993
10898 1433
10899 4949
10899 2993
10899 1433
10900 1433
10900 4305
10901 4949
10901 286
10902 4949
10902 604
10903 4949
10903 284
10903 286
10903 604
10904 4949
10904 2993
10904 1433
10905 4314
10905 2438
10905 4310
10906 5233
10906 8588
10906 5224
10907 1842
10907 135
10908 1842
10908 4987
10909 2412
10909 2406
10910 7827
10910 4322
10910 7954
10911 14
10911 764
10911 53
10912 1019
10912 15
10913 14
10913 2536
10914 2536
10914 15
10915 14
10915 2536
10915 15
10916 2537
10916 1025
10917 1023
10917 15
10918 1002
10918 15
10919 22
10919 15
10920 1002
10920 22
10920 1019
10920 15
10920 1023
10921 7827
10921 4322
10921 7954
10922 134
10922 1198
10922 6972
10923 827
10923 828
10923 829
10924 2856
10924 4381
10924 4377
10924 4379
10925 2856
10925 4377
10926 5391
10926 3752
10927 2856
10927 10494
10927 3369
10928 10494
10928 3369
10929 2856
10929 10494
10930 3405
10930 3406
10930 2579
10931 3405
10931 3406
10931 2579
10932 169
10932 5391
10932 3752
10933 169
10933 3752
10934 2722
10934 1017
10935 364
10935 3469
10935 7930
10936 364
10936 3469
10936 7930
10937 291
10937 1200
10937 2083
10938 364
10938 3469
10938 7930
10939 7827
10939 4322
10939 7954
10940 4400
10940 4393
10941 3541
10941 4400
10942 4400
10942 2419
10943 3541
10943 4399
10943 4400
10943 4393
10944 3786
10944 2419
10944 4400
10945 3786
10945 2419
10946 3792
10946 411
10947 3792
10947 2897
10948 2324
10948 3780
10948 3781
10949 3792
10949 2897
10949 411
10950 4427
10950 4423
10951 4426
10951 4427
10951 4423
10952 2308
10952 3612
10952 5029
10953 3612
10953 1850
10953 3613
10954 2308
10954 10815
10954 2309
10955 2308
10955 10815
10956 10815
10956 2309
10957 2308
10957 3612
10957 5029
10958 10959
10958 4421
10958 6516
10960 10959
10960 4421
10960 6516
10961 10959
10961 4421
10961 6516
10962 10959
10962 4421
10962 6516
10963 10959
10963 6506
10963 7949
10964 10959
10964 6506
10964 7949
10965 10959
10965 6506
10965 7949
10966 10959
10966 6506
10966 7949
10967 6156
10967 5645
10967 5632
10967 6149
10968 4441
10968 5645
10969 1575
10969 201
10970 2980
10970 25
10971 3129
10971 3130
10971 4436
10972 3129
10972 3130
10972 4436
10973 4447
10973 201
10973 47
10974 3129
10974 3130
10974 4436
10975 4447
10975 47
10976 4447
10976 201
10977 4441
10977 4434
10978 4441
10978 4434
10978 5645
10979 1812
10979 9654
10980 3650
10980 9654
10981 9293
10981 3986
10981 3735
10981 3650
10982 3735
10982 3650
10983 1800
10983 1801
10983 1802
10984 1812
10984 3650
10984 9654
10985 3827
10985 1801
10986 3827
10986 1805
10987 2436
10987 2437
10987 2438
10988 8259
10988 8261
10988 3821
10989 8259
10989 8261
10989 3821
10990 8259
10990 8261
10990 3821
10991 8259
10991 8261
10991 3821
10992 1800
10992 2083
10993 3827
10993 1805
10993 1801
10994 1054
10994 1800
10994 2083
10995 1054
10995 1800
10996 3846
10996 674
10997 4260
10997 675
10997 5344
10998 3846
10998 674
10998 675
10999 2436
10999 2437
10999 2438
11000 4260
11000 675
11000 5344
11001 521
11001 284
11001 286
11001 1054
11001 5344
11002 4260
11002 675
11002 5344
11003 4260
11003 675
11003 5344
11004 1054
11004 5344
11005 521
11005 5344
11006 1589
11006 1604
11007 291
11007 1200
11008 6488
11008 5622
11008 11009
11010 6488
11010 5622
11010 11009
11011 5621
11011 2128
11011 11009
11012 5621
11012 2128
11012 11009
11013 2128
11013 4073
11014 2128
11014 4073
11015 6488
11015 5622
11015 11009
11016 6488
11016 5622
11016 11009
11017 5621
11017 2128
11017 11009
11018 5621
11018 2128
11018 11009
11019 11020
11019 3621
11019 10852
11021 577
11021 10851
11022 3621
11022 10852
11023 11020
11023 3621
11024 4503
11024 4493
11024 4504
11025 4503
11025 4493
11025 4504
11026 10851
11026 4249
11027 577
11027 10851
11027 4249
11028 1900
11028 5035
11029 3620
11029 1900
11029 5035
11030 201
11030 1571
11030 1617
11031 2213
11031 4520
11031 2211
11032 2213
11032 4520
11032 2211
11033 5049
11033 5880
11034 2213
11034 4520
11034 2211
11035 1570
11035 4520
11035 3801
11036 1570
11036 4520
11036 3801
11037 1570
11037 4520
11037 3801
11038 1846
11038 2138
11039 284
11039 5880
11040 5880
11040 524
11041 1571
11041 1617
11042 201
11042 1571
11043 11044
11043 3867
11045 3865
11045 11044
11045 3867
11046 6488
11046 10401
11047 6488
11047 5750
11048 11044
11048 6488
11049 11044
11049 6488
11049 5750
11049 10401
11050 542
11050 5622
11051 542
11051 6488
11052 967
11052 1057
11052 5066
11053 967
11053 1057
11053 5066
11054 1989
11054 470
11054 4530
11054 3867
11054 1866
11054 4527
11055 3865
11055 11044
11056 322
11056 3528
11056 2962
11057 294
11057 2449
11058 1625
11058 294
11058 2454
11058 288
11059 3301
11059 307
11060 307
11060 10601
11061 307
11061 3936
11062 306
11062 3301
11062 307
11062 10601
11063 307
11063 3923
11063 3936
11064 3923
11064 3936
11065 174
11065 3929
11066 1713
11066 3929
11067 3923
11067 2897
11068 1713
11068 174
11068 3929
11069 9883
11069 5087
11070 9883
11070 5096
11071 3943
11071 535
11071 201
11072 3943
11072 201
11073 3943
11073 535
11074 10615
11074 9883
11074 3951
11075 10615
11075 3951
11076 10615
11076 9883
11077 9883
11077 4578
11077 5096
11077 5087
11078 9883
11078 4578
11079 1971
11079 1972
11080 402
11080 410
11080 11081
11082 2807
11082 8895
11082 9276
11083 402
11083 410
11083 11081
11084 402
11084 410
11084 11081
11085 165
11085 11086
11085 11081
11087 3528
11087 2962
11088 4658
11088 4542
11088 7040
11089 165
11089 11086
11089 11081
11090 5718
11090 5714
11091 165
11091 11086
11091 11081
11092 3956
11092 3957
11092 2163
11093 165
11093 11086
11093 11081
11094 3956
11094 3957
11094 2163
11095 3956
11095 3957
11095 2163
11096 3956
11096 6209
11096 3774
11097 2597
11097 5718
11097 5714
11098 3956
11098 6209
11098 3774
11099 9782
11099 11020
11100 9782
11100 11086
11101 322
11101 29
11101 235
11101 236
11101 238
11102 4658
11102 7040
11103 9782
11103 11020
11103 11086
11104 2099
11104 2086
11105 2094
11105 6316
11105 2082
11106 2094
11106 2082
11107 2094
11107 6316
11108 566
11108 6316
11108 3976
11108 11109
11110 322
11110 29
11111 566
11111 6316
11112 6316
11112 11109
11113 3976
11113 567
11113 3483
11114 3976
11114 567
11115 545
11115 2977
11116 2099
11116 2977
11117 734
11117 6759
11117 744
11118 6759
11118 734
11119 413
11119 1149
11120 86
11120 1148
11120 11121
11122 86
11122 11121
11123 1148
11123 11121
11124 428
11124 417
11125 417
11125 2633
11126 413
11126 1146
11126 1149
11127 1146
11127 1149
11128 1723
11128 1724
11128 4634
11129 1723
11129 1724
11129 4634
11130 1723
11130 1724
11130 4634
11131 5169
11131 4714
11131 1723
11132 5169
11132 4714
11132 1723
11133 5169
11133 4714
11133 1723
11134 5169
11134 4714
11134 1723
11135 5169
11135 2471
11135 2468
11136 5169
11136 2471
11136 2468
11137 5169
11137 2471
11137 2468
11138 630
11138 10311
11138 10312
11139 6448
11139 820
11139 823
11140 322
11140 236
11141 6023
11141 3701
11142 4767
11142 5306
11142 4773
11143 6670
11143 1047
11144 322
11144 235
11145 5306
11145 891
11145 5310
11145 5312
11146 5306
11146 891
11147 11121
11147 9237
11147 8231
11147 744
11148 134
11148 1834
11149 1786
11149 153
11149 291
11150 1786
11150 291
11151 5849
11151 6023
11151 1885
11152 5849
11152 6023
11152 1885
11153 5849
11153 6023
11153 1885
11154 5849
11154 6023
11154 1885
11155 5849
11155 3700
11155 4089
11156 5849
11156 3700
11156 4089
11157 3276
11157 47
11158 5582
11158 5604
11159 1786
11159 153
11160 4089
11160 1787
11160 4087
11161 10727
11161 5243
11162 10727
11162 4727
11162 5243
11163 2840
11163 2850
11164 1540
11164 5244
11165 4733
11165 5837
11165 10727
11166 4733
11166 5837
11166 10727
11167 4733
11167 5837
11167 10727
11168 4727
11168 5243
11169 4733
11169 4734
11169 292
11170 4733
11170 5837
11170 10727
11171 1522
11171 4118
11171 4123
11171 1526
11172 2996
11172 5123
11172 7065
11173 2996
11173 3009
11173 2997
11173 2983
11174 1522
11174 5604
11175 7142
11175 1527
11176 4749
11176 4750
11176 4743
11177 4749
11177 1527
11178 4742
11178 1527
11179 4123
11179 1527
11180 7142
11180 4749
11180 4742
11180 1527
11181 4114
11181 4123
11181 1527
11182 4114
11182 4123
11183 4112
11183 1056
11184 863
11184 4112
11185 438
11185 5569
11186 4181
11186 2457
11186 7149
11187 4181
11187 2457
11187 7149
11188 545
11188 10462
11189 545
11189 446
11189 10462
11190 7683
11190 3413
11190 7149
11191 7683
11191 3413
11191 7149
11192 4181
11192 2457
11192 7149
11193 2806
11193 2807
11193 8057
11194 684
11194 3413
11194 4143
11195 446
11195 10462
11196 2806
11196 8057
11197 385
11197 5335
11198 385
11198 386
11198 5335
11199 957
11199 7845
11200 4046
11200 4337
11201 4337
11201 4344
11202 7419
11202 4724
11202 4728
11203 6721
11203 6727
11203 8895
11204 4354
11204 4337
11205 4343
11205 4337
11206 4347
11206 4337
11207 4337
11207 3332
11208 757
11208 4337
11209 4345
11209 4337
11210 4353
11210 4337
11211 2054
11211 4337
11212 6979
11212 7469
11212 5010
11213 9312
11213 3270
11213 10798
11214 3270
11214 10798
11215 349
11215 3271
11216 9311
11216 349
11217 3271
11217 9311
11217 349
11217 10798
11218 4156
11218 4162
11218 4163
11219 284
11219 7382
11220 349
11220 10798
11221 2323
11221 6115
11222 7382
11222 5150
11222 4793
11223 1933
11223 1869
11224 7382
11224 5150
11224 4793
11225 7382
11225 5150
11225 4793
11226 999
11226 7382
11227 22
11227 284
11227 286
11227 999
11227 7382
11228 286
11228 7382
11229 1869
11229 349
11230 1933
11230 1869
11230 349
11231 1009
11231 1012
11231 4616
11232 446
11232 2579
11233 151
11233 2579
11234 957
11234 6343
11235 286
11235 3406
11236 432
11236 434
11236 286
11236 436
11236 3406
11237 3198
11237 2579
11238 3198
11238 3406
11239 151
11239 446
11239 2579
11240 1004
11240 4616
11240 2648
11241 434
11241 3406
11242 432
11242 3406
11243 1009
11243 1012
11243 4616
11244 1004
11244 4616
11244 2648
11245 14
11245 15
11245 16
11246 957
11246 2754
11247 1004
11247 4616
11247 2648
11248 657
11248 10297
11248 2718
11249 657
11249 10297
11249 2718
11250 11251
11250 189
11250 190
11252 1748
11252 2496
11253 1748
11253 2495
11254 2411
11254 2397
11255 178
11255 8293
11255 7811
11256 1009
11256 1012
11256 4616
11257 182
11257 189
11257 190
11258 6286
11258 2396
11258 6292
11259 6286
11259 2396
11259 6292
11260 6286
11260 2396
11260 6292
11261 14
11261 15
11261 16
11262 1061
11262 2405
11262 291
11263 182
11263 189
11263 190
11264 1061
11264 2405
11265 4206
11265 2411
11265 2397
11266 2771
11266 7814
11267 2675
11267 2669
11267 570
11268 2675
11268 2669
11268 570
11269 3978
11269 818
11269 835
11270 2770
11270 7816
11271 2675
11271 4219
11272 2675
11272 4219
11273 2696
11273 3978
11273 3979
11274 2696
11274 3978
11274 3979
11275 3978
11275 818
11275 835
11276 7301
11276 6061
11276 7820
11276 7811
11277 8293
11277 7811
11278 860
11278 5650
11279 4406
11279 135
11279 4407
11280 178
11280 8293
11281 3585
11281 6179
11281 11282
11283 11284
11283 950
11285 11284
11285 6020
11286 11284
11286 950
11286 6020
11287 1010
11287 955
11288 950
11288 953
11289 172
11289 7909
11289 178
11290 4861
11290 950
11291 4861
11291 2344
11291 950
11291 953
11292 172
11292 7909
11292 178
11293 227
11293 7909
11293 7811
11294 4861
11294 2345
11295 4861
11295 2345
11295 2348
11296 227
11296 7909
11296 7811
11297 226
11297 4854
11298 227
11298 7909
11298 7811
11299 227
11299 7909
11299 7811
11300 1056
11300 5427
11301 201
11301 5427
11302 4804
11302 4271
11303 5434
11303 4271
11303 4804
11304 4270
11304 2247
11304 2244
11305 4270
11305 2247
11305 2244
11306 1056
11306 201
11306 5427
11307 4270
11307 2247
11307 2244
11308 9193
11308 5434
11308 201
11308 521
11309 4804
11309 5434
11310 494
11310 2655
11311 764
11311 2733
11311 1583
11312 698
11312 4267
11313 2655
11313 500
11314 1328
11314 4877
11314 1325
11315 1328
11315 4877
11315 1325
11316 1321
11316 4877
11316 755
11317 1321
11317 4877
11317 755
11318 698
11318 707
11319 47
11319 3507
11319 1583
11320 1328
11320 4877
11320 1325
11321 1328
11321 4877
11321 1325
11322 3137
11322 68
11322 56
11323 4443
11323 5645
11324 4890
11324 5450
11324 7653
11325 5657
11325 2655
11326 4890
11326 4880
11326 4891
11327 4890
11327 4880
11327 4891
11328 4292
11328 4294
11329 4292
11329 865
11329 4294
11330 4890
11330 5450
11330 7653
11331 6206
11331 2655
11332 521
11332 5457
11332 1617
11333 1497
11333 5460
11333 5457
11334 90
11334 4900
11335 90
11335 91
11335 4900
11336 3617
11336 2900
11336 3618
11337 6206
11337 5329
11337 508
11338 3617
11338 2900
11338 3618
11339 3617
11339 2900
11339 3618
11340 586
11340 7172
11341 4466
11341 7172
11342 7172
11342 586
11342 4466
11343 1088
11343 1497
11343 174
11344 1497
11344 5460
11344 5457
11345 11346
11345 586
11347 1497
11347 5460
11347 5457
11348 11346
11348 4900
11348 586
11348 1134
11349 2316
11349 2519
11350 169
11350 1781
11351 535
11351 169
11351 1781
11351 524
11352 535
11352 1781
11353 1781
11353 524
11354 3942
11354 8848
11355 3942
11355 8848
11356 1793
11356 4934
11357 4937
11357 1793
11357 4934
11358 3942
11358 1782
11358 4934
11359 4937
11359 1793
11360 9897
11360 6625
11360 854
11360 2867
11361 2536
11361 1025
11362 5667
11362 521
11363 11364
11363 2530
11365 5667
11365 206
11366 6260
11366 5671
11367 1440
11367 12
11367 9905
11368 3732
11368 11369
11370 3732
11370 7832
11371 5006
11371 6254
11371 6260
11372 934
11372 1070
11372 863
11373 5006
11373 6254
11373 6260
11374 1001
11374 10115
11375 7835
11375 1860
11375 1861
11376 5006
11376 6254
11376 6260
11377 42
11377 2534
11377 375
11378 4171
11378 7832
11379 5006
11379 6254
11379 6260
11380 1001
11380 10115
11380 1025
11381 7831
11381 7832
11382 10115
11382 1025
11383 7835
11383 1860
11383 1861
11384 7673
11384 494
11385 935
11385 6553
11385 7835
11386 2502
11386 2503
11386 2505
11386 2507
11387 2502
11387 2507
11388 2529
11388 11364
11388 2530
11389 2361
11389 7119
11390 1025
11390 764
11391 1654
11391 2361
11392 7673
11392 494
11393 2633
11393 7119
11393 9014
11394 53
11394 2947
11395 201
11395 2947
11396 53
11396 201
11396 2947
11397 2274
11397 4435
11398 2274
11398 3130
11399 2274
11399 4435
11399 3130
11400 4981
11400 4980
11401 46
11401 4980
11402 134
11402 1841
11402 135
11403 1841
11403 135
11404 2517
11404 2318
11405 2517
11405 3363
11406 4439
11406 2944
11407 4443
11407 4441
11407 4439
11407 2944
11408 428
11408 426
11408 9014
11409 428
11409 426
11409 9014
11410 3275
11410 3431
11411 1103
11411 1104
11411 1105
11412 1103
11412 1104
11412 1105
11413 4455
11413 1054
11414 1028
11414 4455
11415 4451
11415 7060
11415 3828
11416 4451
11416 7060
11417 3275
11417 3276
11417 3431
11418 1960
11418 1961
11418 1962
11419 3729
11419 3730
11420 3464
11420 383
11421 3464
11421 6082
11422 3445
11422 563
11422 360
11422 6082
11422 3464
11422 10311
11422 6386
11422 3469
11422 2900
11422 2870
11422 383
11422 813
11422 2123
11422 3475
11422 3466
11422 870
11422 1415
11423 3464
11423 10311
11424 3729
11424 3429
11425 7683
11425 4178
11425 4181
11426 6055
11426 6056
11426 4996
11427 6055
11427 6056
11427 4996
11428 6056
11428 7971
11428 7959
11429 6056
11429 7971
11429 7959
11430 6056
11430 7971
11430 7959
11431 6056
11431 7971
11431 7959
11432 4130
11432 4823
11433 5612
11433 5614
11434 3884
11434 5612
11434 5614
11435 3729
11435 3275
11436 5612
11436 10361
11437 5612
11437 3891
11437 3886
11437 10361
11438 3886
11438 10361
11439 3891
11439 10361
11440 3160
11440 10359
11440 10361
11441 284
11441 5013
11442 3160
11442 10361
11443 3160
11443 10359
11444 6295
11444 6712
11444 1256
11445 4406
11445 11446
11447 11446
11447 4416
11448 4406
11448 11446
11448 4416
11449 6605
11449 6599
11450 6605
11450 1257
11450 6599
11451 6295
11451 1256
11452 6712
11452 1256
11453 10462
11453 685
11454 5578
11454 62
11454 66
11455 6605
11455 1257
11456 684
11456 685
11456 10462
11457 5882
11457 2577
11458 284
11458 9667
11459 286
11459 9667
11460 49
11460 9667
11461 5053
11461 5882
11461 5046
11462 5053
11462 5882
11462 5046
11463 5053
11463 5882
11463 5046
11464 5882
11464 2577
11465 5053
11465 772
11465 524
11466 5053
11466 5882
11466 5046
11467 6388
11467 2503
11468 4537
11468 1209
11469 4537
11469 5675
11469 1209
11470 5058
11470 4996
11470 5001
11471 5058
11471 4996
11471 5001
11472 5945
11472 5061
11472 1209
11473 5945
11473 5061
11473 1209
11474 5945
11474 5061
11474 1209
11475 4537
11475 5675
11476 5675
11476 5672
11476 5677
11477 5945
11477 5061
11477 1209
11478 4465
11478 586
11478 736
11479 2099
11479 4551
11480 4552
11480 174
11480 2897
11481 4552
11481 174
11482 3729
11482 5506
11483 4551
11483 4553
11484 4552
11484 4553
11485 2099
11485 4551
11485 177
11486 4551
11486 177
11487 4551
11487 3938
11487 3931
11488 4551
11488 3938
11489 4570
11489 49
11489 535
11490 4570
11490 49
11491 4571
11491 524
11492 1866
11492 4571
11493 4570
11493 4571
11493 515
11494 1866
11494 4571
11494 524
11495 4570
11495 4571
11495 515
11496 4570
11496 4571
11496 515
11497 4570
11497 535
11498 5087
11498 5086
11498 4576
11499 2932
11499 218
11500 1946
11500 7581
11501 7876
11501 7878
11502 4603
11502 2083
11503 1162
11503 2313
11503 2314
11504 1215
11504 2999
11504 4608
11505 1215
11505 2999
11505 4608
11506 4603
11506 545
11506 2083
11507 4603
11507 545
11508 2313
11508 1217
11508 4608
11509 2313
11509 1217
11509 4608
11510 1215
11510 2999
11510 4608
11511 1215
11511 2999
11511 4608
11512 811
11512 999
11513 811
11513 5150
11514 3388
11514 5129
11514 5134
11515 3388
11515 5129
11515 5134
11516 5775
11516 810
11517 5775
11517 810
11517 811
11518 5160
11518 1061
11519 5160
11519 999
11520 174
11520 284
11520 286
11520 4613
11520 521
11521 174
11521 4613
11522 177
11522 4611
11523 1497
11523 4611
11524 284
11524 4613
11525 3388
11525 5129
11525 5134
11526 521
11526 4613
11527 286
11527 4613
11528 6904
11528 9500
11529 479
11529 11530
11531 2015
11531 11530
11532 981
11532 9566
11533 479
11533 2015
11533 11530
11534 981
11534 11530
11535 981
11535 2003
11536 2484
11536 9559
11537 981
11537 11530
11537 9566
11537 2003
11538 2484
11538 981
11538 9559
11539 2484
11539 981
11540 4234
11540 3778
11541 4647
11541 11542
11541 4165
11541 3778
11543 2403
11543 4234
11543 3778
11544 2403
11544 4234
11545 2430
11545 291
11546 1184
11546 2430
11547 2758
11547 2759
11547 2401
11548 1184
11548 2430
11548 291
11549 7797
11549 7795
11549 4693
11550 4647
11550 3778
11551 11542
11551 3778
11552 7263
11552 1262
11552 169
11553 218
11553 2926
11554 7263
11554 169
11555 3536
11555 3537
11555 3538
11556 3536
11556 3537
11556 3538
11557 5199
11557 8556
11558 8556
11558 5194
11559 5199
11559 8556
11559 5194
11560 849
11560 844
11560 3636
11561 849
11561 844
11561 3636
11562 849
11562 844
11562 3636
11563 849
11563 844
11563 3636
11564 2833
11564 3636
11564 738
11565 2833
11565 3636
11565 738
11566 2833
11566 3636
11566 738
11567 3538
11567 4668
11567 5107
11568 3538
11568 4668
11568 5107
11569 22
11569 2163
11570 934
11570 2773
11571 5102
11571 3647
11571 1687
11572 4415
11572 4407
11572 4416
11573 284
11573 1740
11574 5798
11574 1763
11574 1740
11575 5798
11575 1763
11576 5798
11576 1740
11577 5799
11577 11578
11577 5804
11579 11578
11579 5804
11580 5799
11580 11578
11581 6321
11581 6325
11581 7954
11582 6321
11582 6325
11583 6325
11583 7954
11584 5501
11584 2523
11584 1030
11585 8350
11585 8347
11585 8351
11586 8350
11586 8347
11586 8351
11587 82
11587 4715
11588 5229
11588 4715
11589 494
11589 4709
11590 5229
11590 82
11590 4715
11591 169
11591 494
11591 4709
11592 169
11592 4709
11593 83
11593 5999
11593 5701
11594 2332
11594 828
11594 2189
11595 83
11595 5999
11595 5701
11596 83
11596 5999
11596 5701
11597 5253
11597 5249
11597 1546
11598 5253
11598 5249
11598 1546
11599 3957
11599 4020
11599 4024
11600 1547
11600 5930
11600 4174
11601 1547
11601 5930
11601 4174
11602 7831
11602 4171
11602 5930
11603 1547
11603 5930
11603 4174
11604 7831
11604 4171
11604 5930
11605 7831
11605 4171
11605 5930
11606 5253
11606 5249
11606 1546
11607 7831
11607 4171
11607 5930
11608 11609
11608 4745
11610 11611
11610 5261
11610 5263
11612 11611
11612 5263
11613 11611
11613 5261
11614 4745
11614 4742
11615 11611
11615 4745
11615 5267
11615 11609
11616 11611
11616 4745
11617 4745
11617 5267
11618 521
11618 5263
11618 1010
11619 521
11619 5263
11620 4059
11620 4060
11621 4045
11621 5839
11622 4134
11622 5391
11623 545
11623 4134
11624 332
11624 1047
11624 1048
11625 3210
11625 10107
11625 4147
11626 3210
11626 10107
11626 4147
11627 3210
11627 10107
11627 4147
11628 3210
11628 10107
11628 4147
11629 4133
11629 4147
11629 3754
11630 4133
11630 4147
11630 3754
11631 4133
11631 4147
11631 3754
11632 416
11632 426
11632 2633
11633 2611
11633 2612
11633 2613
11634 4932
11634 4455
11634 4451
11635 4932
11635 4455
11635 4451
11636 1583
11636 5329
11637 1583
11637 5329
11638 49
11638 5327
11639 49
11639 5327
11640 201
11640 5328
11641 201
11641 5328
11642 5318
11642 5328
11643 5318
11643 5327
11644 5326
11644 5318
11645 5318
11645 5329
11646 772
11646 2788
11647 4932
11647 428
11647 3828
11648 2612
11648 2623
11649 7436
11649 679
11650 4162
11650 679
11651 4792
11651 679
11652 4162
11652 4792
11652 7436
11652 679
11653 679
11653 1695
11654 675
11654 1695
11655 679
11655 675
11655 1695
11656 284
11656 5347
11657 3163
11657 7896
11658 4792
11658 4163
11659 3162
11659 10358
11659 10361
11660 1570
11660 4510
11661 6301
11661 1233
11661 8663
11662 2629
11662 2630
11662 2611
11663 1713
11663 233
11663 545
11664 7072
11664 3774
11665 432
11665 7583
11665 434
11665 436
11665 29
11666 3162
11666 10358
11666 10361
11667 3797
11667 2310
11667 2296
11668 3162
11668 10358
11668 10361
11669 2308
11669 2309
11669 2310
11670 1538
11670 2296
11671 3797
11671 2310
11671 2296
11672 5806
11672 5804
11672 10194
11673 4129
11673 4130
11673 4131
11674 5806
11674 5804
11674 10194
11675 4811
11675 7938
11675 1892
11676 4238
11676 1732
11677 4811
11677 4130
11677 4812
11678 4811
11678 7938
11678 1892
11679 3326
11679 4131
11680 3326
11680 4214
11681 4811
11681 7938
11681 1892
11682 4238
11682 4225
11683 4368
11683 286
11684 4368
11684 286
11684 446
11685 4369
11685 5391
11685 151
11686 4368
11686 446
11687 4369
11687 5391
11688 1732
11688 4225
11688 4238
11689 4368
11689 4830
11690 4368
11690 4830
11690 4372
11691 5384
11691 5386
11691 4372
11691 5389
11692 4830
11692 4372
11693 1617
11693 3643
11694 4224
11694 1732
11694 6677
11695 4224
11695 1732
11695 6677
11696 2386
11696 8184
11696 8185
11697 3733
11697 3740
11697 3741
11698 3708
11698 999
11699 173
11699 3708
11699 999
11700 4661
11700 4768
11700 5306
11701 940
11701 5409
11701 11702
11703 940
11703 5409
11703 11702
11704 940
11704 5409
11704 11702
11705 940
11705 5409
11705 11702
11706 947
11706 939
11706 11702
11707 947
11707 939
11707 11702
11708 947
11708 939
11708 11702
11709 947
11709 939
11709 11702
11710 706
11710 10472
11710 8545
11711 4279
11711 5427
11712 706
11712 10472
11712 8545
11713 3678
11713 3023
11713 4874
11714 5439
11714 1583
11714 489
11714 521
11715 1056
11715 6366
11716 6366
11716 1583
11717 1056
11717 6366
11717 1583
11718 201
11718 707
11719 201
11719 764
11719 707
11720 5439
11720 1583
11721 5439
11721 489
11722 10240
11722 2079
11723 9828
11723 10240
11723 2079
11724 2780
11724 7868
11724 2776
11725 9828
11725 10240
11726 7868
11726 2776
11727 2780
11727 7868
11728 3132
11728 545
11729 3132
11729 1399
11729 545
11730 1023
11730 3133
11730 6046
11731 3132
11731 1399
11732 1088
11732 4917
11733 1088
11733 4917
11733 1676
11734 284
11734 1676
11735 286
11735 1676
11736 521
11736 1676
11737 174
11737 1676
11738 1497
11738 1676
11739 177
11739 1676
11740 11741
11740 298
11742 11741
11742 298
11742 5966
11742 299
11743 4305
11743 2438
11743 4317
11744 4917
11744 1676
11745 22
11745 284
11745 5473
11745 545
11745 286
11746 5473
11746 545
11747 22
11747 5473
11748 5473
11748 286
11749 284
11749 5473
11750 3618
11750 5479
11751 3618
11751 5479
11752 3365
11752 4907
11752 3618
11753 3365
11753 4907
11753 3618
11754 3365
11754 4907
11754 3618
11755 4129
11755 4130
11755 4131
11756 643
11756 8159
11757 11758
11757 8185
11759 11758
11759 5278
11760 11758
11760 5278
11760 8185
11761 151
11761 37
11762 2522
11762 1989
11762 53
11763 1001
11763 5501
11763 1025
11764 2522
11764 53
11765 2522
11765 1989
11766 1001
11766 5501
11766 1025
11767 1001
11767 5501
11767 1025
11768 2973
11768 8250
11768 8254
11769 8250
11769 8254
11770 411
11770 4963
11771 2083
11771 4963
11772 2973
11772 8254
11773 10839
11773 2973
11773 2974
11773 10829
11774 749
11774 4134
11775 2842
11775 5531
11775 2083
11776 2334
11776 2083
11777 430
11777 2334
11778 430
11778 2334
11778 2083
11779 3426
11779 2847
11779 5531
11780 2842
11780 5531
11780 2083
11781 2842
11781 5531
11781 2083
11782 2842
11782 5531
11782 2083
11783 134
11783 1198
11783 6972
11784 134
11784 1198
11784 6972
11785 3426
11785 2847
11785 5531
11786 3426
11786 2847
11786 5531
11787 1198
11787 1199
11787 1200
11788 1198
11788 1199
11788 1200
11789 1198
11789 1199
11789 1200
11790 135
11790 4987
11790 1842
11791 622
11791 617
11791 4070
11792 622
11792 617
11792 4070
11793 11741
11793 614
11794 622
11794 617
11794 4070
11795 2696
11795 3978
11795 3979
11796 11741
11796 614
11796 4070
11797 11741
11797 4070
11798 434
11798 840
11799 432
11799 840
11800 840
11800 1054
11801 432
11801 434
11801 840
11801 436
11801 1054
11802 848
11802 11803
11804 11803
11804 839
11805 848
11805 839
11805 11803
11806 436
11806 840
11807 848
11807 5571
11808 848
11808 5576
11808 5578
11808 5571
11809 1523
11809 1056
11809 47
11810 5582
11810 53
11811 5582
11811 521
11812 5582
11812 521
11812 53
11813 5591
11813 5598
11813 5599
11814 7163
11814 5598
11815 1523
11815 47
11816 1523
11816 1056
11817 7760
11817 7761
11817 7168
11818 7760
11818 7761
11818 7168
11819 7163
11819 5598
11820 7760
11820 7761
11820 7168
11821 7166
11821 7167
11821 7168
11822 7166
11822 7167
11822 7168
11823 7760
11823 7761
11823 7168
11824 7166
11824 7167
11824 7168
11825 673
11825 674
11825 675
11826 4415
11826 10551
11826 1260
11827 2679
11827 5618
11827 2686
11828 4999
11828 5975
11829 5001
11829 5975
11830 4999
11830 5001
11830 5975
11831 6979
11831 7469
11831 5010
11832 4415
11832 10551
11832 1260
11833 6979
11833 7469
11833 5010
11834 6979
11834 7469
11834 5010
11835 5006
11835 5009
11835 5010
11836 5006
11836 5009
11836 5010
11837 6213
11837 4416
11838 3891
11838 5614
11839 3885
11839 3891
11839 5614
11840 4415
11840 6213
11841 1617
11841 5610
11842 22
11842 5610
11843 22
11843 1617
11843 5610
11844 5609
11844 1061
11844 5610
11845 5609
11845 284
11846 5609
11846 286
11847 5609
11847 764
11848 5609
11848 284
11848 286
11848 764
11849 6184
11849 174
11849 235
11849 236
11849 2709
11849 6186
11849 238
11849 6179
11850 3585
11850 11282
11851 6295
11851 11446
11852 5650
11852 274
11853 6621
11853 6295
11854 860
11854 11282
11855 3584
11855 860
11855 9778
11855 11282
11856 3584
11856 860
11857 860
11857 9778
11858 6179
11858 11282
11859 6295
11859 6213
11860 6206
11860 5329
11861 6206
11861 508
11862 6463
11862 11863
11864 6463
11864 6464
11864 11863
11865 6621
11865 6295
11865 11446
11865 6213
11866 3507
11866 47
11867 3507
11867 1583
11868 2655
11868 6205
11869 2655
11869 5695
11870 9955
11870 3509
11871 7750
11871 3509
11872 3509
11872 11863
11873 7750
11873 9955
11873 3509
11873 11863
11874 6254
11874 206
11875 22
11875 6254
11875 206
11876 2424
11876 3911
11877 2424
11877 5743
11877 3911
11878 1866
11878 535
11878 764
11878 5743
11878 22
11879 2425
11879 5743
11880 2425
11880 3914
11881 2425
11881 5743
11881 3914
11882 22
11882 5743
11883 1866
11883 5743
11884 764
11884 5743
11885 535
11885 5743
11886 5083
11886 2718
11887 5082
11887 4559
11887 4562
11888 5082
11888 2718
11889 4558
11889 2718
11890 177
11890 2083
11890 4559
11891 177
11891 4559
11892 5082
11892 4559
11893 5082
11893 4562
11894 2083
11894 4559
11895 2099
11895 174
11895 4562
11896 7026
11896 498
11897 5845
11897 7026
11898 3318
11898 6370
11898 10203
11899 3318
11899 10203
11900 6370
11900 10203
11901 5845
11901 7026
11901 498
11902 5086
11902 5096
11903 3946
11903 10616
11903 9883
11904 3946
11904 10616
11905 9883
11905 10616
11906 5116
11906 2769
11906 1184
11907 5116
11907 2769
11907 1184
11908 143
11908 793
11909 5104
11909 150
11909 144
11910 7263
11910 1262
11911 5107
11911 5716
11911 5720
11912 732
11912 713
11913 177
11913 730
11913 5391
11914 177
11914 730
11915 730
11915 5391
11916 732
11916 1184
11916 174
11917 732
11917 174
11918 732
11918 1184
11919 5116
11919 2769
11919 1184
11920 3197
11920 3210
11920 3201
11921 2386
11921 8184
11921 8185
11922 3536
11922 286
11923 3536
11923 1713
11924 3537
11924 2594
11924 151
11925 3537
11925 151
11926 3536
11926 3537
11926 3399
11927 3536
11927 3399
11928 3537
11928 3399
11929 3536
11929 286
11929 1713
11930 3537
11930 2594
11931 3536
11931 4668
11931 3401
11932 4621
11932 4614
11933 3385
11933 4621
11934 521
11934 177
11934 29
11934 284
11934 22
11934 3385
11934 286
11935 3385
11935 177
11936 521
11936 3385
11937 3385
11937 286
11938 3385
11938 284
11939 29
11939 3385
11940 22
11940 3385
11941 3388
11941 3385
11941 3386
11942 233
11942 770
11943 232
11943 8663
11943 1231
11944 6301
11944 1233
11944 8663
11945 6301
11945 1233
11945 8663
11946 232
11946 8663
11946 1231
11947 6301
11947 1233
11947 8663
11948 5780
11948 5775
11949 5780
11949 5160
11949 5775
11950 1217
11950 1220
11951 5780
11951 2395
11952 5780
11952 2395
11952 5161
11952 810
11953 2395
11953 5161
11954 2395
11954 810
11955 6286
11955 2395
11955 11956
11957 1262
11957 6292
11958 2395
11958 11956
11959 6286
11959 11956
11960 6260
11960 5671
11961 4149
11961 5181
11961 1813
11961 5177
11962 1813
11962 5177
11963 1809
11963 180
11964 1808
11964 11542
11964 1813
11965 1808
11965 11542
11966 11542
11966 1813
11967 4641
11967 3350
11967 3346
11968 4641
11968 3350
11968 3346
11969 1809
11969 291
11969 180
11970 1809
11970 291
11971 4156
11971 4793
11971 7436
11972 4371
11972 4381
11973 1367
11973 286
11974 2701
11974 1946
11974 853
11975 2350
11975 1762
11976 764
11976 1763
11976 1617
11977 22
11977 1762
11977 2350
11978 22
11978 1762
11979 1762
11979 5800
11980 1763
11980 5800
11981 5798
11981 5799
11982 1762
11982 1763
11982 5800
11983 5799
11983 5800
11984 5210
11984 5799
11985 5521
11985 3871
11985 3877
11986 5391
11986 6599
11987 5521
11987 3871
11988 7337
11988 6362
11989 7337
11989 6358
11990 6364
11990 6366
11990 11991
11992 6364
11992 11991
11993 1583
11993 5829
11994 604
11994 5829
11995 7337
11995 6358
11995 6362
11995 11991
11996 7337
11996 11991
11997 6366
11997 11991
11998 5439
11998 6364
11998 6362
11999 7032
11999 5225
11999 5706
12000 8588
12000 169
12000 500
12001 8588
12001 169
12002 8588
12002 500
12003 5223
12003 5224
12003 5225
12004 7032
12004 5225
12004 5706
12005 7032
12005 5225
12005 5706
12006 7032
12006 5225
12006 5706
12007 4158
12007 3385
12008 5235
12008 7643
12008 5224
12009 5235
12009 5224
12010 286
12010 1047
12011 7567
12011 23
12011 7568
12012 4045
12012 6925
12013 4045
12013 6953
12014 540
12014 2197
12015 2196
12015 543
12016 8351
12016 5840
12017 7838
12017 5409
12017 3708
12018 7838
12018 5409
12018 3708
12019 481
12019 515
12019 5839
12020 535
12020 8351
12021 7831
12021 11369
12021 4174
12022 4171
12022 1754
12022 291
12023 8351
12023 524
12024 5427
12024 4805
12025 1207
12025 7740
12025 529
12026 541
12026 527
12027 1242
12027 291
12028 542
12028 527
12029 5271
12029 5877
12030 5271
12030 5868
12031 5269
12031 5273
12032 5271
12032 5877
12032 5868
12033 2350
12033 5877
12034 1056
12034 5868
12034 1617
12035 521
12035 5877
12035 2350
12036 521
12036 5877
12037 169
12037 173
12037 8185
12038 2386
12038 12039
12038 8185
12040 1056
12040 5868
12041 5868
12041 1617
12042 6009
12042 2387
12042 6012
12043 2386
12043 2387
12043 193
12044 6009
12044 2387
12044 6012
12045 6009
12045 2387
12045 6012
12046 6702
12046 1736
12046 3588
12047 1245
12047 5490
12048 6316
12048 2092
12049 2523
12049 5499
12050 2856
12050 12051
12050 4773
12052 2856
12052 12051
12052 4773
12053 12051
12053 3369
12053 3752
12054 12051
12054 3369
12054 3752
12055 12051
12055 3369
12055 3752
12056 6437
12056 4280
12056 6364
12057 6364
12057 5913
12057 6366
12058 6364
12058 5913
12058 6366
12059 6364
12059 5913
12059 6366
12060 6364
12060 5913
12060 6366
12061 5906
12061 5439
12061 5913
12062 5906
12062 5439
12062 5913
12063 5906
12063 5439
12063 5913
12064 2007
12064 5499
12065 6437
12065 4280
12065 6364
12066 6437
12066 4280
12066 6364
12067 10506
12067 4394
12067 4396
12068 10506
12068 4394
12068 4396
12069 10506
12069 4394
12069 4396
12070 2502
12070 10506
12070 5918
12071 2502
12071 10506
12071 5918
12072 2502
12072 10506
12072 5918
12073 5916
12073 1054
12074 902
12074 9293
12074 3987
12075 5549
12075 5537
12075 6715
12076 392
12076 772
12077 392
12077 49
12078 392
12078 772
12078 49
12078 284
12078 524
12079 392
12079 524
12080 5340
12080 385
12081 392
12081 5340
12082 772
12082 386
12083 392
12083 5340
12083 385
12084 392
12084 284
12085 392
12085 4388
12085 386
12086 5501
12086 2523
12086 1030
12087 2717
12087 2720
12087 2718
12088 2386
12088 12039
12089 3025
12089 9571
12090 3025
12090 9578
12091 2332
12091 3031
12092 9578
12092 9574
12092 4315
12093 9578
12093 9574
12093 4315
12094 9578
12094 9574
12094 4315
12095 2800
12095 2793
12096 4381
12096 884
12097 3173
12097 4475
12097 837
12098 5363
12098 5364
12098 5365
12099 3173
12099 4475
12099 837
12100 3327
12100 3328
12101 4129
12101 4823
12101 3327
12102 4129
12102 3327
12103 4823
12103 3327
12104 744
12104 12105
12104 736
12106 4129
12106 7914
12106 4818
12107 4692
12107 1568
12107 4693
12108 635
12108 12109
12108 884
12108 8159
12110 2334
12110 4990
12110 5517
12111 6009
12111 6010
12111 6012
12112 2334
12112 4990
12112 5517
12113 2665
12113 5204
12114 6010
12114 5204
12115 6010
12115 2665
12115 5204
12115 9678
12116 5389
12116 5204
12117 5389
12117 670
12118 5517
12118 10841
12118 2321
12119 1184
12119 671
12120 671
12120 151
12121 5517
12121 10841
12121 2321
12122 12039
12122 8185
12123 5517
12123 10841
12123 2321
12124 5517
12124 10841
12124 2321
12125 2365
12125 2974
12126 10841
12126 2974
12127 2188
12127 6028
12128 2187
12128 2188
12128 6028
12129 2188
12129 6066
12129 3034
12130 2187
12130 6028
12131 2188
12131 6066
12131 3034
12132 2188
12132 6066
12132 3034
12133 3033
12133 3034
12133 3035
12134 2188
12134 6066
12134 3034
12135 3033
12135 3034
12135 3035
12136 3033
12136 3034
12136 3035
12137 7831
12137 11369
12138 673
12138 674
12138 675
12139 11369
12139 4174
12140 1074
12140 1064
12140 1075
12141 12142
12141 1075
12141 5829
12143 934
12143 957
12143 2773
12144 5430
12144 7337
12144 12142
12145 4352
12145 5430
12146 5430
12146 7337
12146 12142
12147 5430
12147 7337
12147 12142
12148 12142
12148 1075
12148 5829
12149 5430
12149 7337
12149 12142
12150 12142
12150 1075
12150 5829
12151 12142
12151 1075
12151 5829
12152 7838
12152 5409
12152 3708
12153 2751
12153 2749
12154 1767
12154 68
12155 8351
12155 5840
12156 545
12156 1767
12156 68
12157 2780
12157 1402
12157 6043
12158 2780
12158 1402
12158 6043
12159 2780
12159 1402
12159 6043
12160 2780
12160 1402
12160 6043
12161 481
12161 515
12161 5839
12162 2776
12162 69
12162 6043
12163 2764
12163 2765
12164 11109
12164 3483
12165 11109
12165 1510
12165 3483
12166 886
12166 4675
12167 7838
12167 5409
12167 3708
12168 3221
12168 716
12169 2763
12169 2764
12170 6316
12170 2092
12170 2086
12171 11109
12171 1510
12172 5111
12172 947
12173 5111
12173 947
12173 940
12174 732
12174 3221
12174 716
12175 5111
12175 940
12176 172
12176 8292
12176 7811
12177 1883
12177 6061
12178 8292
12178 7811
12179 7466
12179 4934
12179 8822
12179 4045
12179 2529
12179 5839
12179 6953
12179 6925
12179 9596
12179 5231
12179 8350
12179 5221
12179 5219
12180 1061
12180 12181
12182 22
12182 284
12182 286
12182 6216
12182 151
12183 535
12183 8351
12183 524
12184 3049
12184 3055
12185 382
12185 6216
12185 12181
12186 382
12186 6216
12186 12181
12187 382
12187 6076
12188 4171
12188 291
12189 1061
12189 286
12189 12181
12190 286
12190 12181
12191 382
12191 6216
12191 12181
12192 382
12192 6216
12192 12181
12193 3043
12193 3044
12193 3045
12194 805
12194 6296
12195 5733
12195 10411
12195 1890
12196 5733
12196 10411
12196 1890
12197 5733
12197 10411
12197 1890
12198 5733
12198 10411
12198 1890
12199 5490
12199 1890
12200 561
12200 5490
12201 1245
12201 3594
12202 561
12202 5490
12202 1890
12203 7270
12203 10411
12203 5827
12204 7270
12204 10411
12204 5827
12205 545
12205 375
12206 3942
12206 545
12206 375
12207 43
12207 5846
12207 507
12208 43
12208 5846
12208 507
12209 12210
12209 2540
12211 42
12211 12210
12212 42
12212 12210
12212 2540
12213 3942
12213 375
12214 2540
12214 7364
12215 2540
12215 7364
12215 3682
12215 4286
12216 2419
12216 2421
12217 2420
12217 2421
12218 2386
12218 5285
12219 2386
12219 5285
12219 5278
12220 2099
12220 6118
12220 6121
12221 2752
12221 2402
12222 3264
12222 6156
12223 6156
12223 6148
12224 665
12224 2869
12224 5889
12225 52
12225 6152
12225 46
12226 52
12226 6152
12226 46
12227 52
12227 6152
12227 46
12228 52
12228 6152
12228 46
12229 3264
12229 6148
12229 6156
12230 5631
12230 863
12231 5631
12231 201
12232 5631
12232 863
12232 201
12233 5538
12233 8250
12233 4963
12234 2099
12234 5549
12234 1054
12235 5549
12235 1054
12236 2099
12236 5549
12237 2973
12237 5537
12237 5538
12238 5538
12238 8250
12238 4963
12239 169
12239 8185
12240 4603
12240 2313
12240 1163
12241 1162
12241 1163
12241 1086
12242 481
12242 515
12242 5839
12243 7388
12243 6240
12243 1958
12244 7388
12244 6240
12244 1958
12245 6240
12245 12246
12247 7394
12247 12246
12248 7388
12248 6240
12248 1958
12249 7388
12249 6240
12249 1958
12250 6128
12250 12246
12250 12251
12252 6128
12252 12251
12253 6240
12253 7394
12253 12246
12254 6933
12254 3645
12255 6145
12255 12256
12257 4422
12257 12256
12258 7166
12258 5598
12258 5586
12259 7166
12259 5598
12259 5586
12260 7166
12260 5598
12260 5586
12261 7166
12261 5598
12261 5586
12262 4422
12262 6145
12262 12256
12263 4427
12263 5589
12264 5589
12264 12256
12265 4427
12265 5589
12265 12256
12266 6169
12266 2921
12267 2920
12267 2921
12267 6169
12268 29
12268 1713
12268 2921
12269 6169
12269 2920
12270 1713
12270 2921
12271 29
12271 2921
12272 430
12272 2920
12273 430
12273 2920
12273 2594
12274 6677
12274 2594
12274 6678
12275 2920
12275 2594
12276 1098
12276 313
12277 1098
12277 174
12278 1098
12278 174
12278 313
12279 235
12279 1099
12280 236
12280 1099
12281 238
12281 1099
12282 1099
12282 177
12283 238
12283 236
12283 1099
12283 235
12283 177
12284 6186
12284 1099
12285 6186
12285 1099
12285 2710
12286 7064
12286 7412
12287 7409
12287 8357
12288 7409
12288 8357
12289 4516
12289 6927
12290 4516
12290 6927
12291 4517
12291 2745
12292 5586
12292 4517
12293 4423
12293 4517
12294 6192
12294 6193
12295 7064
12295 7412
12296 6838
12296 6840
12296 3168
12297 5072
12297 12298
12299 2720
12299 12298
12300 2714
12300 12301
12300 693
12302 12301
12302 693
12303 2714
12303 12301
12304 2717
12304 2714
12304 12298
12304 5079
12305 2714
12305 12298
12306 2714
12306 5079
12307 2717
12307 2714
12308 5072
12308 2720
12308 12298
12309 10852
12309 10849
12310 6838
12310 6840
12310 3168
12311 4244
12311 10852
12312 7637
12312 7638
12312 7639
12313 2794
12313 39
12314 3645
12314 3646
12314 3647
12315 4066
12315 2587
12315 2595
12316 4066
12316 2587
12316 2595
12317 4066
12317 2587
12317 2595
12318 1061
12318 169
12318 5714
12319 6712
12319 1054
12319 1184
12320 2586
12320 2587
12320 2588
12321 2586
12321 2587
12321 2588
12322 4066
12322 2587
12322 2595
12323 4031
12323 4071
12323 8888
12324 169
12324 5714
12325 1061
12325 5714
12326 402
12326 410
12326 11081
12327 11020
12327 1054
12327 1433
12328 11020
12328 1054
12329 12330
12329 3044
12331 12330
12331 3057
12332 2395
12332 12333
12334 11020
12334 1433
12335 2395
12335 12333
12335 6292
12336 12333
12336 6292
12337 5160
12337 5161
12338 5161
12338 811
12339 9783
12339 10852
12339 11086
12340 6316
12340 6301
12340 7536
12341 5733
12341 5734
12341 5827
12342 9783
12342 11086
12343 7881
12343 5419
12343 1568
12344 7881
12344 5419
12344 1568
12345 7881
12345 5419
12345 1568
12346 7881
12346 5419
12346 1568
12347 6265
12347 5422
12348 9783
12348 10852
12349 7881
12349 6265
12349 5422
12350 3639
12350 6256
12351 4244
12351 10851
12351 10852
12351 10849
12352 5419
12352 202
12353 521
12353 5419
12353 202
12354 1224
12354 1437
12354 12355
12356 1224
12356 1437
12356 12355
12357 1224
12357 1437
12357 12355
12358 1224
12358 1437
12358 12355
12359 4184
12359 1227
12359 12355
12360 4184
12360 1227
12360 12355
12361 4184
12361 1227
12361 12355
12362 4184
12362 1227
12362 12355
12363 1436
12363 545
12363 2897
12364 1436
12364 545
12365 173
12365 291
12365 3741
12366 6292
12366 12367
12368 6286
12368 12367
12369 11956
12369 12333
12369 3057
12369 12367
12370 3057
12370 12371
12372 3045
12372 12371
12373 3045
12373 3057
12373 12371
12374 6286
12374 6292
12374 12367
12375 12333
12375 3057
12376 11956
12376 3057
12377 3057
12377 12367
12378 5956
12378 97
12379 1158
12379 5786
12379 1159
12380 6316
12380 6301
12380 7536
12381 97
12381 90
12381 11346
12382 90
12382 11346
12383 91
12383 291
12384 446
12384 91
12385 97
12385 5786
12386 97
12386 4231
12387 97
12387 11346
12388 5956
12388 97
12388 4231
12388 5786
12389 2856
12389 12051
12389 4773
12390 1061
12390 545
12390 2912
12391 286
12391 7567
12392 521
12392 7567
12393 29
12393 284
12393 286
12393 23
12393 22
12394 284
12394 7567
12395 177
12395 7567
12396 521
12396 284
12396 177
12396 7567
12396 286
12397 12051
12397 3369
12397 3752
12398 7848
12398 6301
12399 12400
12399 7954
12401 5802
12401 7954
12402 11578
12402 7954
12403 5806
12403 12400
12403 5804
12404 6322
12404 12405
12404 7954
12406 6322
12406 12405
12407 12405
12407 7954
12408 11578
12408 5802
12408 12400
12408 7954
12409 5806
12409 12400
12410 12400
12410 5804
12411 1224
12411 1230
12412 1033
12412 1034
12413 12414
12413 6885
12413 6353
12415 12414
12415 6885
12415 6353
12416 6351
12416 6352
12416 6353
12417 12414
12417 6885
12417 6353
12418 6891
12418 12414
12419 12414
12419 6888
12420 12414
12420 6885
12420 6353
12421 6891
12421 12414
12421 6894
12421 6888
12422 12414
12422 6894
12423 6891
12423 1063
12423 1065
12424 228
12424 4734
12424 3157
12425 481
12425 482
12425 483
12426 226
12426 227
12426 228
12427 286
12427 483
12427 515
12428 286
12428 483
12429 519
12429 291
12429 292
12430 482
12430 535
12430 524
12430 151
12431 482
12431 151
12432 4734
12432 5843
12432 5837
12433 4734
12433 5843
12434 507
12434 508
12435 6382
12435 44
12435 5846
12436 5549
12436 5537
12436 6715
12437 903
12437 6715
12437 6546
12438 903
12438 6715
12438 6546
12439 903
12439 6715
12439 6546
12440 2928
12440 219
12441 3492
12441 398
12441 218
12442 169
12442 643
12443 169
12443 643
12443 180
12444 669
12444 670
12444 671
12445 903
12445 6715
12445 6546
12446 669
12446 670
12446 671
12447 669
12447 670
12447 671
12448 2265
12448 1498
12448 9071
12449 2265
12449 9071
12450 2265
12450 1498
12451 2502
12451 10506
12451 5918
12452 687
12452 688
12453 687
12453 689
12454 2933
12454 2928
12454 219
12455 2933
12455 219
12456 4112
12456 1526
12456 1527
12457 1526
12457 4112
12458 5604
12458 1517
12459 5868
12459 5273
12460 5867
12460 5273
12461 11609
12461 5261
12461 5269
12462 11609
12462 5261
12463 11609
12463 5269
12464 1524
12464 1517
12465 7142
12465 4750
12466 4745
12466 7142
12467 5582
12467 1523
12467 5583
12468 246
12468 298
12468 240
12469 5601
12469 3858
12469 1517
12470 4062
12470 8058
12471 5591
12471 5592
12471 5593
12472 4474
12472 3246
12473 4474
12473 3246
12473 10527
12473 7200
12474 10093
12474 4474
12475 10093
12475 3173
12476 10093
12476 4474
12476 3173
12477 5601
12477 1517
12478 236
12478 837
12479 238
12479 837
12480 5591
12480 5598
12480 5599
12481 4474
12481 7200
12482 4474
12482 10527
12483 883
12483 666
12483 884
12484 1207
12484 2196
12484 2197
12485 883
12485 666
12485 884
12486 235
12486 254
12487 4371
12487 4376
12487 883
12488 4371
12488 4376
12488 883
12489 4371
12489 4376
12489 883
12490 1207
12490 2196
12490 2197
12491 545
12491 667
12491 180
12492 4371
12492 4376
12492 883
12493 2103
12493 2594
12494 4062
12494 6774
12494 2102
12495 289
12495 174
12496 1070
12496 2244
12496 524
12497 2247
12497 1072
12498 545
12498 2103
12499 1070
12499 6431
12500 6431
12500 49
12501 6432
12501 1072
12502 6432
12502 1071
12502 1069
12502 1072
12503 6432
12503 1071
12504 6432
12504 1069
12505 1072
12505 2244
12506 2247
12506 1072
12506 2244
12507 6388
12507 822
12507 12508
12509 6388
12509 822
12509 12508
12510 6388
12510 822
12510 12508
12511 10772
12511 4359
12511 4360
12512 2509
12512 2491
12512 12508
12513 2509
12513 2491
12513 12508
12514 2509
12514 2491
12514 12508
12515 6388
12515 822
12515 12508
12516 1262
12516 1054
12516 823
12517 2509
12517 2491
12517 12508
12518 2099
12518 999
12518 658
12519 5340
12519 1112
12519 4388
12519 5335
12520 1112
12520 5335
12521 999
12521 658
12522 1121
12522 1767
12523 1775
12523 1120
12523 1112
12524 1775
12524 1120
12525 1775
12525 1112
12526 1120
12526 524
12527 1120
12527 1399
12528 49
12528 1121
12528 1767
12529 49
12529 1121
12530 9121
12530 776
12531 648
12531 3409
12531 657
12532 9121
12532 789
12533 5072
12533 2720
12533 10297
12534 9121
12534 789
12534 776
12535 5072
12535 2720
12535 10297
12536 777
12536 369
12537 5072
12537 2720
12537 10297
12538 1716
12538 4049
12538 3116
12539 5072
12539 2720
12539 10297
12540 1716
12540 4049
12540 3116
12541 1716
12541 4049
12541 3116
12542 1716
12542 4049
12542 3116
12543 6219
12543 4030
12543 359
12544 3409
12544 657
12545 3155
12545 1600
12546 648
12546 3409
12547 2678
12547 5752
12547 3866
12548 2678
12548 5752
12548 3866
12549 2678
12549 5752
12549 3866
12550 1598
12550 3155
12551 3865
12551 3866
12551 3867
12552 3865
12552 3866
12552 3867
12553 2679
12553 379
12553 206
12554 2679
12554 206
12555 2679
12555 379
12556 3718
12556 2140
12556 3719
12557 3718
12557 2140
12557 3719
12558 2840
12558 2851
12559 1371
12559 272
12560 1288
12560 1293
12560 10832
12561 860
12561 5650
12561 274
12562 3870
12562 6814
12563 3877
12563 6814
12564 1070
12564 3871
12564 206
12565 3871
12565 206
12566 1070
12566 3871
12567 3870
12567 3877
12567 6814
12568 5379
12568 5376
12569 12570
12569 594
12569 599
12571 12570
12571 594
12572 12570
12572 599
12573 6004
12573 5167
12574 6004
12574 5167
12574 5699
12574 7530
12575 2480
12575 982
12576 2480
12576 9559
12577 2480
12577 9559
12577 982
12578 12579
12578 988
12580 988
12580 994
12581 12579
12581 988
12581 994
12582 5167
12582 5699
12583 5167
12583 7530
12584 22
12584 3547
12585 1371
12585 5650
12586 5649
12586 1371
12587 6219
12587 4031
12587 4022
12588 1861
12588 3859
12588 1517
12589 1861
12589 3859
12589 1517
12590 1884
12590 6060
12590 7308
12591 1884
12591 6060
12591 7308
12592 1884
12592 6060
12592 7308
12593 1884
12593 6060
12593 7308
12594 1883
12594 1884
12594 1885
12595 1883
12595 1884
12595 1885
12596 1863
12596 1864
12596 1896
12596 1859
12597 1883
12597 1884
12597 1885
12598 6023
12598 3861
12599 1885
12599 3861
12600 10086
12600 837
12601 8829
12601 11364
12602 1085
12602 1032
12603 10084
12603 11364
12604 8829
12604 10084
12604 11364
12605 4942
12605 515
12606 10093
12606 6757
12607 3645
12607 286
12608 2539
12608 494
12608 2529
12609 6578
12609 2140
12610 5854
12610 6578
12610 2140
12611 5854
12611 9734
12611 5856
12611 1921
12612 5854
12612 6578
12613 430
12613 3719
12613 180
12614 2539
12614 494
12614 2529
12615 3719
12615 180
12616 430
12616 3719
12617 7072
12617 2163
12617 3774
12618 1061
12618 6209
12619 7072
12619 2163
12620 2539
12620 494
12620 2529
12621 5854
12621 1921
12622 5854
12622 9734
12623 2163
12623 151
12624 1061
12624 2163
12625 3221
12625 5111
12626 286
12626 2860
12627 3173
12627 3179
12628 3175
12628 10084
12629 2869
12629 1086
12629 2870
12630 6102
12630 5202
12631 6102
12631 5202
12632 86
12632 12633
12632 98
12634 86
12634 12633
12634 98
12635 86
12635 12633
12635 98
12636 86
12636 12633
12636 98
12637 12633
12637 912
12637 1148
12638 12633
12638 912
12638 1148
12639 12633
12639 912
12639 1148
12640 12633
12640 912
12640 1148
12641 957
12641 11251
12642 11251
12642 190
12643 3198
12643 3406
12643 2579
12644 11251
12644 189
12645 7613
12645 1199
12646 3645
12646 286
12646 1754
12647 12648
12647 6972
12649 772
12649 6644
12650 6644
12650 1583
12651 12652
12651 7458
12653 3016
12653 12652
12653 7458
12654 3016
12654 284
12654 3017
12654 1583
12655 3016
12655 12652
12656 3016
12656 1583
12657 405
12657 3017
12657 6637
12658 3016
12658 284
12659 4768
12659 5306
12660 12661
12660 3113
12662 3113
12662 2481
12662 12661
12663 2473
12663 3113
12663 12664
12665 12661
12665 2481
12666 6653
12666 12661
12667 6653
12667 7195
12667 12661
12667 12664
12668 6653
12668 7195
12669 6653
12669 12664
12670 473
12670 286
12671 2473
12671 12664
12672 3113
12672 12664
12673 430
12673 2330
12674 430
12674 2897
12674 2330
12675 3162
12675 3163
12675 3164
12676 3162
12676 3163
12676 3164
12677 1052
12677 9084
12677 3164
12678 1052
12678 9084
12678 3164
12679 1052
12679 9084
12679 3164
12680 1052
12680 9084
12680 3164
12681 10359
12681 2594
12682 29
12682 10359
12683 29
12683 10359
12683 2594
12684 12685
12684 5020
12686 12685
12686 10359
12687 12685
12687 5020
12687 10359
12688 3159
12688 10578
12689 2752
12689 2749
12690 3159
12690 12685
12691 3159
12691 12685
12691 3160
12691 10578
12692 5892
12692 3457
12693 12301
12693 1944
12694 5689
12694 1944
12695 667
12695 5312
12695 5889
12696 973
12696 6695
12697 973
12697 1944
12697 6695
12698 12301
12698 5689
12698 1944
12698 2715
12699 1944
12699 6695
12700 1095
12700 174
12700 975
12701 973
12701 313
12702 1095
12702 975
12703 174
12703 975
12704 5892
12704 3450
12705 7683
12705 10101
12706 3210
12706 10107
12706 10102
12707 667
12707 5312
12708 2601
12708 2590
12708 1632
12709 2748
12709 2759
12710 8534
12710 2496
12710 2088
12711 5945
12711 3285
12711 5066
12712 1509
12712 567
12712 3483
12713 1509
12713 567
12713 3483
12714 8493
12714 3285
12715 1509
12715 567
12715 3483
12716 1713
12716 1714
12717 6224
12717 1495
12717 6732
12718 5945
12718 3285
12718 5066
12719 169
12719 1714
12720 1495
12720 6224
12721 6224
12721 6732
12722 7915
12722 3979
12723 2748
12723 2758
12724 1299
12724 1983
12725 786
12725 5504
12725 5229
12726 1302
12726 1092
12727 1302
12727 1109
12728 1299
12728 1310
12728 1983
12729 1310
12729 1983
12730 1108
12730 998
12730 1045
12731 1108
12731 998
12732 1108
12732 1045
12733 1302
12733 1109
12733 1092
12734 7881
12734 1212
12734 5423
12735 7881
12735 1212
12735 5423
12736 3633
12736 3624
12736 3625
12737 7881
12737 1212
12737 5423
12738 7881
12738 1212
12738 5423
12739 3639
12739 3624
12740 1265
12740 1277
12740 6273
12741 1265
12741 6273
12742 6268
12742 4559
12742 4562
12743 6268
12743 4559
12743 4562
12744 1265
12744 6268
12744 4555
12745 6268
12745 4559
12745 4562
12746 1266
12746 999
12747 1266
12747 2897
12748 6268
12748 4559
12748 4562
12749 1266
12749 999
12749 2897
12750 5733
12750 7269
12751 7269
12751 7270
12752 5733
12752 12753
12754 12330
12754 5733
12754 12753
12754 12371
12755 12330
12755 5733
12756 5733
12756 12371
12757 12753
12757 3045
12758 3044
12758 12753
12758 3045
12759 487
12759 488
12759 489
12760 3044
12760 12753
12761 5364
12761 6796
12762 5364
12762 6796
12763 1235
12763 5364
12763 5371
12764 1235
12764 5364
12764 5371
12765 6790
12765 10727
12765 4727
12766 6790
12766 10727
12766 4727
12767 6790
12767 10727
12767 4727
12768 6790
12768 10727
12768 4727
12769 1235
12769 5364
12769 5371
12770 1235
12770 5364
12770 5371
12771 3326
12771 3328
12772 22
12772 7886
12773 1567
12773 1636
12774 1567
12774 521
12774 202
12774 1568
12775 1567
12775 1636
12775 1637
12776 10399
12776 965
12777 4129
12777 7914
12777 4818
12778 4129
12778 7914
12778 4818
12779 1191
12779 7886
12780 4783
12780 284
12780 177
12780 286
12780 22
12781 2170
12781 284
12782 4783
12782 284
12783 4783
12783 286
12784 4783
12784 22
12785 4783
12785 177
12786 4045
12786 9596
12787 4692
12787 1568
12787 4693
12788 987
12788 993
12789 987
12789 12579
12790 202
12790 994
12791 987
12791 12579
12791 993
12792 12793
12792 12579
12794 6533
12794 12579
12795 6533
12795 12793
12795 12579
12795 6853
12796 12579
12796 6853
12797 6847
12797 6534
12797 6853
12798 6847
12798 6853
12799 764
12799 4687
12800 863
12800 4687
12801 2399
12801 47
12802 863
12802 764
12802 4687
12803 4195
12803 4196
12804 4196
12804 6325
12804 6323
12804 12405
12805 4195
12805 2399
12806 4196
12806 6323
12807 4196
12807 12405
12808 1158
12808 5391
12808 291
12809 4216
12809 4217
12810 1158
12810 5391
12811 1152
12811 4231
12811 1159
12812 183
12812 4228
12812 4217
12812 2764
12813 183
12813 4217
12814 6343
12814 190
12815 6343
12815 183
12816 1152
12816 4234
12817 1152
12817 3777
12818 2763
12818 4217
12819 4216
12819 6019
12819 950
12820 8534
12820 2496
12820 2088
12821 7339
12821 7337
12821 1075
12822 7339
12822 1075
12823 4045
12823 8350
12824 1070
12824 6885
12825 7339
12825 7336
12825 6351
12825 12826
12827 6351
12827 12826
12828 7339
12828 6351
12829 7336
12829 6351
12830 12826
12830 1075
12830 5829
12831 1075
12831 12826
12832 5829
12832 12826
12833 6372
12833 169
12834 6372
12834 3942
12835 6369
12835 2157
12835 6370
12836 6369
12836 2157
12836 6370
12837 6369
12837 2157
12837 6370
12838 10196
12838 3318
12838 6369
12839 10196
12839 3318
12839 6369
12840 10196
12840 3318
12840 6369
12841 10196
12841 3318
12841 6369
12842 6372
12842 3942
12842 169
12843 4045
12843 7466
12844 5752
12844 5750
12844 3867
12845 3816
12845 7109
12846 4544
12846 4545
12846 4546
12847 4544
12847 4545
12847 4546
12848 436
12848 4181
12849 8789
12849 4545
12849 7237
12850 8789
12850 4545
12850 7237
12851 519
12851 169
12851 1927
12852 8789
12852 4545
12852 7237
12853 519
12853 1927
12854 5204
12854 9678
12855 4045
12855 2529
12856 5389
12856 670
12856 5204
12857 6406
12857 4450
12857 1104
12858 10342
12858 3820
12859 2973
12859 8253
12860 8253
12860 4963
12861 8259
12861 10342
12862 8259
12862 10342
12862 3820
12863 10839
12863 2365
12864 10839
12864 2365
12864 2421
12865 2973
12865 8253
12865 4963
12866 10839
12866 2421
12867 636
12867 3451
12867 4739
12868 636
12868 3451
12868 4739
12869 643
12869 637
12869 4739
12870 4045
12870 8822
12871 636
12871 3451
12871 4739
12872 636
12872 3451
12872 4739
12873 4315
12873 10452
12874 428
12874 414
12875 4491
12875 426
12875 3778
12876 4491
12876 426
12876 3778
12877 6545
12877 5253
12877 5250
12878 5248
12878 2897
12879 4491
12879 426
12879 3778
12880 5250
12880 2421
12880 6955
12881 5250
12881 2421
12881 6955
12882 10841
12882 2365
12882 6955
12883 10841
12883 2365
12883 6955
12884 10841
12884 2365
12884 6955
12885 10841
12885 2365
12885 6955
12886 5248
12886 1054
12887 5248
12887 1054
12887 2897
12888 5799
12888 10194
12888 4225
12889 12890
12889 5934
12891 12890
12891 4365
12892 4491
12892 2403
12892 2430
12893 5799
12893 10194
12893 4225
12894 5593
12894 6472
12895 8410
12895 5592
12895 1171
12895 12890
12896 5592
12896 5593
12896 6472
12897 5592
12897 6472
12898 8410
12898 5592
12899 12890
12899 4365
12899 5934
12900 5592
12900 12890
12901 5592
12901 1171
12902 5799
12902 10194
12902 4225
12903 971
12903 4374
12904 4247
12904 4225
12904 3643
12905 4247
12905 4225
12906 9890
12906 335
12906 340
12907 1262
12907 341
12908 341
12908 411
12909 1262
12909 341
12909 411
12910 5806
12910 5804
12910 10194
12911 4491
12911 2403
12911 2430
12912 5806
12912 5804
12912 10194
12913 2920
12913 2921
12913 2922
12914 1989
12914 5622
12915 541
12915 5621
12915 6488
12916 1989
12916 5622
12916 206
12917 5622
12917 206
12918 3865
12918 10401
12919 2920
12919 2921
12919 2922
12920 12921
12920 6055
12922 3865
12922 5752
12922 10401
12923 12921
12923 6055
12923 7959
12924 12921
12924 7959
12925 6510
12925 6503
12925 6514
12926 1866
12926 1070
12926 6510
12927 8277
12927 5377
12927 6503
12928 8277
12928 6503
12929 6502
12929 599
12930 5376
12930 599
12931 6510
12931 6503
12931 6514
12932 6510
12932 6503
12932 6514
12933 8277
12933 5377
12934 6510
12934 6503
12934 6514
12935 6526
12935 1659
12935 3313
12936 535
12936 511
12937 535
12937 1583
12937 511
12937 3313
12938 12793
12938 511
12939 1583
12939 511
12940 511
12940 3313
12941 1866
12941 6534
12942 6534
12942 1583
12943 12793
12943 6847
12944 12793
12944 6847
12944 511
12945 6349
12945 286
12946 7047
12946 1023
12947 7047
12947 1002
12948 7047
12948 7042
12948 7054
12949 7047
12949 7042
12949 7054
12950 3193
12950 9474
12951 7054
12951 9474
12952 7047
12952 1056
12953 7047
12953 1002
12953 1019
12953 1056
12953 1023
12954 7047
12954 7042
12954 7054
12955 7047
12955 7042
12955 7054
12956 2615
12956 2605
12957 3517
12957 2615
12958 3517
12958 6677
12958 284
12958 286
12958 1989
12959 521
12959 6348
12959 286
12959 284
12959 151
12960 3517
12960 6677
12961 1989
12961 1617
12961 2606
12962 1989
12962 2606
12963 5141
12963 2588
12964 5141
12964 2595
12965 2588
12965 5141
12965 2595
12966 1262
12966 4066
12967 151
12967 4066
12968 1617
12968 2606
12969 2594
12969 2595
12970 286
12970 2595
12971 3517
12971 2615
12971 2605
12972 2598
12972 5714
12972 2586
12973 2598
12973 5714
12973 2586
12974 7075
12974 2588
12975 6583
12975 7072
12975 7075
12975 2588
12976 29
12976 1961
12977 29
12977 1961
12977 5391
12978 1960
12978 7090
12979 1961
12979 7090
12980 1960
12980 1184
12981 1960
12981 430
12982 1960
12982 1184
12982 430
12983 1961
12983 5391
12984 1961
12984 6580
12985 1961
12985 6580
12985 2551
12986 10101
12986 3754
12987 10101
12987 10107
12988 10101
12988 10107
12988 3754
12989 6102
12989 912
12989 6092
12990 6094
12990 6611
12990 7107
12991 6094
12991 6611
12992 6094
12992 7107
12993 6094
12993 5200
12994 6102
12994 912
12994 6092
12995 6102
12995 912
12995 6092
12996 6102
12996 912
12996 6092
12997 6611
12997 6601
12997 6607
12998 6611
12998 6607
12999 4491
12999 2403
12999 2430
13000 6348
13000 284
13001 6386
13001 2886
13001 3998
13002 813
13002 814
13002 815
13003 1842
13003 1711
13004 813
13004 814
13004 815
13005 545
13005 68
13006 2590
13006 2591
13006 2661
13007 2147
13007 4849
13007 3184
13008 2776
13008 69
13008 6043
13009 3848
13009 222
13010 6627
13010 7404
13010 2705
13011 6627
13011 7404
13011 2705
13012 9893
13012 286
13013 284
13013 9893
13014 9893
13014 999
13015 521
13015 9893
13016 2704
13016 1675
13016 9893
13017 521
13017 284
13017 9893
13017 999
13017 286
13018 2147
13018 4849
13018 3184
13019 6627
13019 7404
13019 2705
13020 6627
13020 7404
13020 2705
13021 2918
13021 4675
13022 4503
13022 1497
13023 4503
13023 411
13024 688
13024 2263
13024 6477
13025 688
13025 2263
13025 6477
13026 4503
13026 1497
13026 411
13027 688
13027 2263
13027 6477
13028 689
13028 6477
13028 4504
13029 689
13029 6477
13029 4504
13030 688
13030 2263
13030 6477
13031 732
13031 716
13032 6295
13032 805
13032 6296
13033 3076
13033 4466
13034 7629
13034 4466
13035 2744
13035 2745
13035 2746
13036 6494
13036 6492
13037 6499
13037 3068
13038 6499
13038 4466
13039 8614
13039 4466
13040 3076
13040 7629
13040 8614
13040 4466
13041 6500
13041 7172
13042 6516
13042 6507
13043 6499
13043 3068
13043 4466
13044 585
13044 6500
13045 7184
13045 3108
13046 3108
13046 3117
13046 7184
13047 6657
13047 7186
13048 6657
13048 7185
13049 1716
13049 7185
13050 3108
13050 7185
13051 1716
13051 3108
13051 7185
13052 7184
13052 3117
13053 10574
13053 2328
13054 6163
13054 2328
13055 3117
13055 7186
13056 1716
13056 3117
13056 7186
13057 2328
13057 6115
13058 3041
13058 6115
13059 6541
13059 2328
13060 6541
13060 6163
13060 10574
13060 2328
13061 2800
13061 2091
13061 2793
13062 1805
13062 3832
13062 1800
13063 7364
13063 3184
13064 5253
13064 6966
13065 5549
13065 5541
13065 6546
13066 5549
13066 5541
13067 5541
13067 6546
13068 7419
13068 4724
13069 7419
13069 4728
13070 5248
13070 5253
13070 6966
13071 5248
13071 6966
13072 6596
13072 2118
13072 1928
13073 805
13073 3168
13073 3169
13074 2117
13074 2208
13075 6596
13075 2118
13075 1928
13076 2117
13076 2208
13076 2118
13077 2208
13077 2118
13078 1314
13078 2209
13079 6838
13079 6840
13079 3168
13080 172
13080 8292
13081 6838
13081 6840
13081 3168
13082 6596
13082 2118
13082 1928
13083 6596
13083 1927
13083 4546
13084 3942
13084 7674
13084 201
13085 3942
13085 7674
13085 201
13086 5655
13086 7674
13086 7220
13087 5653
13087 5328
13088 3942
13088 5653
13089 3942
13089 5653
13089 5328
13090 3942
13090 7674
13090 201
13091 3942
13091 7674
13091 201
13092 5655
13092 7220
13093 5655
13093 7674
13094 6712
13094 1054
13095 6712
13095 1184
13096 2540
13096 3682
13097 6386
13097 5482
13097 3279
13098 6075
13098 6076
13099 1734
13099 1735
13099 1736
13100 1734
13100 1735
13100 1736
13101 6702
13101 1736
13101 3588
13102 5568
13102 5569
13102 5566
13103 1734
13103 1735
13103 1736
13104 6707
13104 6712
13104 805
13105 6707
13105 6712
13105 805
13106 6707
13106 6712
13106 805
13107 6702
13107 1736
13107 3588
13108 1567
13108 521
13109 6734
13109 6721
13109 9276
13110 6734
13110 6721
13111 5102
13111 6933
13112 5104
13112 5102
13112 156
13112 5292
13113 6721
13113 886
13113 6722
13114 2918
13114 889
13114 6722
13115 2918
13115 889
13115 6722
13116 2918
13116 889
13116 6722
13117 2918
13117 889
13117 6722
13118 169
13118 6727
13118 2594
13119 169
13119 6727
13120 6727
13120 2594
13121 280
13121 1981
13121 6741
13122 280
13122 1981
13122 6741
13123 271
13123 6738
13124 271
13124 259
13125 271
13125 13126
13125 259
13125 6738
13127 271
13127 13126
13128 13126
13128 261
13129 280
13129 1981
13129 6741
13130 13126
13130 261
13130 280
13131 13126
13131 280
13132 1371
13132 6767
13133 11803
13133 13134
13133 5640
13133 269
13135 1371
13135 6767
13135 269
13136 6767
13136 269
13137 5640
13137 269
13138 839
13138 840
13138 13134
13139 13134
13139 269
13140 11803
13140 269
13141 839
13141 13134
13142 840
13142 13134
13143 7270
13143 7272
13143 3931
13144 7270
13144 7272
13144 3931
13145 5827
13145 13146
13147 7270
13147 13146
13148 7270
13148 5827
13148 13146
13149 5734
13149 1277
13150 7269
13150 1277
13151 1277
13151 13146
13152 7269
13152 5734
13152 1277
13152 13146
13153 1277
13153 6273
13154 8350
13154 8347
13154 8351
13155 6382
13155 9599
13155 7643
13155 10417
13156 1070
13156 593
13157 1866
13157 593
13158 3870
13158 13159
13160 12570
13160 3870
13160 13159
13160 7315
13161 12570
13161 3870
13162 5235
13162 7643
13163 13159
13163 593
13164 13159
13164 593
13164 594
13165 593
13165 7289
13165 6518
13165 1070
13165 6513
13165 1866
13166 13159
13166 594
13167 6824
13167 1612
13167 1616
13168 13169
13168 6066
13168 3035
13170 13169
13170 3035
13171 13169
13171 6066
13172 6068
13172 6066
13172 3704
13172 10452
13173 6066
13173 3704
13174 6066
13174 10452
13175 6068
13175 6066
13176 3135
13176 3695
13176 3704
13177 3135
13177 3704
13178 7319
13178 1495
13178 1714
13179 7319
13179 1495
13179 1714
13180 6382
13180 7643
13181 5709
13181 2102
13181 2103
13182 4681
13182 4359
13182 4328
13183 4328
13183 4359
13184 9599
13184 7643
13185 4327
13185 4359
13186 4327
13186 4360
13187 22
13187 4359
13187 53
13188 22
13188 4359
13189 4359
13189 53
13190 47
13190 764
13190 4360
13191 764
13191 4360
13192 47
13192 4360
13193 13194
13193 1612
13195 13194
13195 1616
13196 13194
13196 2765
13197 1611
13197 2765
13198 10231
13198 2765
13199 13194
13199 1612
13199 1616
13200 4216
13200 4228
13200 2765
13201 4216
13201 4228
13202 4228
13202 2765
13203 10231
13203 1611
13203 13194
13203 2765
13204 6351
13204 7349
13204 6885
13205 7349
13205 6885
13206 12414
13206 7348
13207 6351
13207 7348
13208 7346
13208 6885
13209 6351
13209 12414
13209 7348
13210 12414
13210 6885
13210 7346
13211 12414
13211 7346
13212 6351
13212 7349
13213 4349
13213 521
13213 7856
13214 1056
13214 1057
13215 7707
13215 2129
13216 5752
13216 13217
13218 7707
13218 7956
13219 26
13219 5283
13219 3
13220 12921
13220 5752
13221 750
13221 361
13221 7145
13222 750
13222 361
13222 7145
13223 2590
13223 2591
13223 2661
13224 7707
13224 7956
13224 2128
13225 26
13225 2661
13225 1632
13226 26
13226 2661
13226 1632
13227 169
13227 25
13228 2590
13228 2591
13228 2661
13229 7956
13229 2128
13230 7956
13230 7740
13231 7967
13231 7962
13231 7971
13232 5846
13232 9599
13233 6944
13233 341
13234 335
13234 6944
13234 341
13235 3884
13235 7405
13235 5614
13236 3884
13236 7405
13236 5614
13237 3884
13237 7405
13237 5614
13238 3885
13238 7404
13238 7405
13239 9084
13239 7894
13240 3163
13240 7894
13241 3163
13241 9084
13241 7894
13242 3884
13242 7405
13242 5614
13243 232
13243 964
13243 196
13244 1054
13244 1713
13244 4724
13245 3792
13245 3786
13245 7428
13246 3792
13246 3786
13246 7428
13247 3792
13247 3786
13247 7428
13248 3792
13248 3786
13248 7428
13249 4723
13249 7428
13249 4400
13250 4723
13250 7428
13250 4400
13251 4723
13251 7428
13251 4400
13252 1713
13252 4724
13253 1054
13253 4724
13254 849
13254 2833
13254 640
13255 843
13255 860
13255 274
13256 13257
13256 3797
13258 13257
13258 2309
13259 13257
13259 2309
13259 3797
13260 8072
13260 1246
13261 1235
13261 8072
13261 1246
13262 4812
13262 1239
13263 1892
13263 1239
13264 4812
13264 1239
13264 1892
13265 2131
13265 7624
13265 1441
13266 8227
13266 5009
13267 22
13267 202
13267 5009
13267 6750
13268 5009
13268 6750
13269 202
13269 5009
13270 6979
13270 202
13271 6979
13271 764
13272 22
13272 5009
13273 5743
13273 6981
13273 6750
13274 7585
13274 7583
13274 13275
13276 7585
13276 7583
13276 13275
13277 7575
13277 13275
13277 6840
13278 7585
13278 7583
13278 13275
13279 7575
13279 13275
13279 6840
13280 7575
13280 13275
13280 6840
13281 6838
13281 6839
13282 7575
13282 13275
13282 6840
13283 7585
13283 7583
13283 13275
13284 6838
13284 5391
13284 411
13285 6857
13285 5123
13285 5124
13286 477
13286 202
13287 6857
13287 5124
13288 2744
13288 6948
13288 6469
13289 2744
13289 6948
13290 6948
13290 6469
13291 6462
13291 7745
13291 2744
13292 2010
13292 214
13292 475
13293 6462
13293 7745
13293 2744
13294 6462
13294 7745
13294 2744
13295 214
13295 475
13296 8313
13296 284
13297 7003
13297 4522
13297 460
13298 6502
13298 6503
13299 5840
13299 4938
13300 8342
13300 1636
13300 9500
13300 5379
13301 2010
13301 214
13302 1636
13302 5379
13303 9500
13303 5379
13304 8342
13304 6904
13304 1637
13305 5832
13305 4089
13306 8342
13306 6904
13307 475
13307 524
13308 524
13308 4938
13309 475
13309 206
13310 11121
13310 744
13311 1785
13311 5837
13312 4355
13312 10214
13312 604
13313 9237
13313 744
13314 5839
13314 4938
13315 49
13315 477
13316 98
13316 8231
13317 7643
13317 10417
13318 86
13318 98
13318 8231
13319 9599
13319 507
13320 12105
13320 744
13321 4942
13321 515
13322 12105
13322 736
13323 2099
13323 2365
13323 411
13324 7028
13324 993
13324 994
13325 494
13325 7028
13325 12579
13326 8231
13326 744
13327 2365
13327 411
13328 5706
13328 151
13329 5706
13329 494
13329 151
13330 7032
13330 5695
13331 7032
13331 286
13332 494
13332 7028
13332 12579
13333 494
13333 7028
13333 12579
13334 494
13334 7028
13334 12579
13335 5706
13335 494
13336 10841
13336 2421
13336 10829
13337 10841
13337 10829
13338 5037
13338 1054
13338 519
13339 2421
13339 10829
13340 2391
13340 13341
13342 2391
13342 13341
13342 944
13343 949
13343 11284
13343 13344
13343 944
13345 13341
13345 944
13346 11284
13346 944
13347 13344
13347 944
13348 13344
13348 955
13348 6020
13349 949
13349 944
13350 955
13350 13344
13351 13344
13351 6020
13352 481
13352 515
13352 5839
13353 4601
13353 4658
13354 4658
13354 2110
13354 4601
13355 7624
13355 3446
13356 5553
13356 1188
13356 1189
13357 1628
13357 1622
13357 1629
13358 1628
13358 1622
13358 1629
13359 1628
13359 1622
13359 1629
13360 196
13360 10399
13361 233
13361 10399
13362 233
13362 196
13362 10399
13363 2359
13363 960
13363 1629
13364 2199
13364 3342
13364 2977
13365 5760
13365 965
13366 1436
13366 5760
13367 1436
13367 5760
13367 965
13368 2758
13368 999
13369 2199
13369 3342
13370 2199
13370 2977
13371 2758
13371 5391
13372 430
13372 7097
13372 5391
13373 446
13373 7100
13374 2028
13374 2761
13374 1351
13375 7575
13375 7092
13376 7575
13376 7578
13377 7578
13377 7097
13377 7100
13378 10231
13378 1614
13378 1616
13379 7578
13379 7097
13380 7578
13380 7100
13381 29
13381 7100
13382 29
13382 446
13382 7100
13383 4642
13383 10043
13384 4642
13384 5411
13385 5189
13385 13386
13387 5189
13387 5190
13387 13386
13388 4642
13388 3356
13389 3356
13389 3346
13390 4642
13390 13386
13391 4642
13391 5411
13391 13386
13391 10043
13392 3221
13392 5189
13392 7593
13393 5190
13393 13386
13394 3043
13394 3049
13394 3057
13395 1485
13395 6602
13395 13396
13397 1485
13397 6602
13397 13396
13398 6601
13398 6602
13399 1485
13399 6602
13399 13396
13400 13396
13400 2202
13400 2205
13401 13396
13401 2202
13401 2205
13402 1485
13402 6602
13402 13396
13403 13396
13403 2202
13403 2205
13404 13396
13404 2202
13404 2205
13405 7111
13405 7107
13405 2362
13406 2046
13406 7127
13407 2046
13407 7132
13408 5523
13408 2324
13409 695
13409 3095
13409 700
13410 3102
13410 700
13411 3095
13411 700
13412 695
13412 3095
13413 2043
13413 1583
13414 2043
13414 379
13414 1583
13415 2046
13415 7124
13415 7127
13415 7132
13416 2043
13416 379
13417 2099
13417 6118
13417 6121
13418 2885
13418 3278
13419 1944
13419 974
13419 1044
13420 2976
13420 2977
13420 2978
13421 2903
13421 2886
13421 2904
13422 5538
13422 8250
13422 4963
13423 5538
13423 8250
13423 4963
13424 636
13424 11758
13424 5285
13424 12039
13425 636
13425 12039
13426 636
13426 5285
13427 2903
13427 2886
13427 2904
13428 636
13428 11758
13429 6219
13429 4030
13429 359
13430 5537
13430 5543
13430 6546
13431 5537
13431 5543
13432 13433
13432 7653
13432 2784
13434 13433
13434 7653
13434 2784
13435 13433
13435 7653
13435 2784
13436 5450
13436 9834
13437 1397
13437 13433
13437 1409
13438 1397
13438 13433
13438 1409
13439 1397
13439 13433
13439 1409
13440 13433
13440 7653
13440 2784
13441 1728
13441 8995
13441 784
13441 9121
13442 494
13442 1724
13443 772
13443 5450
13443 169
13444 1397
13444 13433
13444 1409
13445 4719
13445 5229
13446 4719
13446 4709
13447 545
13447 1724
13448 494
13448 545
13448 1724
13449 359
13449 6221
13449 5795
13450 632
13450 545
13451 432
13451 632
13452 7663
13452 7656
13452 4256
13453 1433
13453 4255
13454 8807
13454 7683
13454 2457
13455 8807
13455 2457
13456 8807
13456 7683
13457 432
13457 434
13457 632
13457 436
13457 545
13458 2933
13458 8390
13458 2925
13459 2933
13459 8390
13459 2925
13460 8390
13460 4256
13460 2928
13461 8390
13461 4256
13461 2928
13462 4255
13462 411
13463 1433
13463 4255
13463 411
13464 2933
13464 8390
13464 2925
13465 2933
13465 8390
13465 2925
13466 359
13466 6221
13467 4351
13467 7176
13468 4351
13468 7176
13468 8008
13469 5659
13469 2654
13470 2654
13470 7674
13471 2654
13471 7216
13472 7671
13472 2654
13473 7671
13473 8351
13473 524
13474 7671
13474 8351
13474 524
13475 7671
13475 8351
13475 524
13476 7671
13476 8351
13476 524
13477 8163
13477 8164
13477 776
13478 8163
13478 8164
13478 776
13479 7701
13479 6654
13479 6657
13480 7695
13480 6657
13481 7701
13481 6657
13482 7701
13482 6654
13483 8164
13483 4044
13484 8164
13484 4044
13484 7672
13485 8163
13485 8164
13485 776
13486 4044
13486 7672
13487 371
13487 12105
13488 371
13488 6759
13489 4474
13489 10089
13490 371
13490 8006
13490 6500
13491 4474
13491 10089
13491 837
13492 10089
13492 837
13493 371
13493 7735
13493 12105
13493 6759
13494 371
13494 7735
13495 8006
13495 6500
13496 371
13496 8006
13497 2113
13497 8101
13498 7711
13498 2113
13499 3218
13499 2113
13500 7637
13500 7638
13500 8101
13501 7637
13501 8101
13502 7638
13502 8101
13503 7718
13503 7637
13503 1692
13504 7718
13504 7637
13504 1692
13505 7718
13505 7637
13505 1692
13506 7718
13506 7637
13506 1692
13507 6598
13507 6599
13508 2228
13508 1367
13509 6721
13509 6727
13509 8895
13510 2903
13510 2886
13510 2904
13511 12246
13511 6128
13512 1095
13512 2367
13513 13514
13513 4434
13513 4447
13515 5645
13515 13514
13515 6463
13516 13514
13516 4434
13516 4447
13517 13514
13517 4434
13517 4447
13518 5645
13518 13514
13518 6463
13519 6464
13519 11863
13520 5645
13520 13514
13520 6463
13521 5645
13521 13514
13521 6463
13522 2099
13522 2324
13523 863
13523 1583
13523 6464
13524 13514
13524 4434
13524 4447
13525 258
13525 6738
13526 258
13526 264
13526 13527
13526 7255
13528 258
13528 13527
13529 258
13529 7255
13530 258
13530 264
13531 7251
13531 13527
13531 3557
13532 7251
13532 13527
13533 13527
13533 3557
13534 7251
13534 7246
13534 1299
13535 7251
13535 7246
13535 1299
13536 521
13536 1367
13537 856
13537 254
13537 240
13538 4951
13538 6598
13539 519
13539 2088
13539 411
13540 173
13540 286
13540 7237
13541 286
13541 7237
13542 173
13542 7237
13543 8789
13543 1754
13543 151
13544 4672
13544 1632
13545 1631
13545 8789
13545 7237
13546 1631
13546 7237
13547 1631
13547 8789
13548 7639
13548 2229
13548 869
13549 8789
13549 151
13550 8789
13550 1754
13551 7018
13551 7805
13552 7794
13552 7018
13553 7794
13553 7018
13553 7805
13553 9982
13554 7018
13554 7289
13555 6912
13555 7289
13556 7018
13556 6912
13556 7289
13557 628
13557 4143
13558 3571
13558 1054
13559 3571
13559 173
13560 177
13560 3035
13561 1754
13561 3035
13562 3033
13562 13563
13564 177
13564 1754
13564 3035
13565 3033
13565 13563
13565 3035
13566 13563
13566 3035
13567 1883
13567 13169
13568 1883
13568 6064
13569 1883
13569 13169
13569 13563
13569 6064
13570 1883
13570 13563
13571 153
13571 147
13572 1644
13572 12648
13573 935
13573 6553
13573 7835
13574 935
13574 6553
13574 7835
13575 7845
13575 2769
13576 2773
13576 2769
13577 7845
13577 2773
13577 2769
13577 13578
13579 2769
13579 13578
13580 934
13580 13578
13581 935
13581 6553
13581 7835
13582 934
13582 935
13582 13578
13583 935
13583 13578
13584 49
13584 13585
13586 521
13586 13585
13587 1644
13587 12648
13587 1645
13588 1056
13588 13589
13588 524
13590 13589
13590 524
13591 1056
13591 13589
13592 49
13592 13585
13592 521
13593 13585
13593 13589
13593 7851
13594 13585
13594 13589
13594 7851
13595 13585
13595 13589
13595 7851
13596 13585
13596 13589
13596 7851
13597 1461
13597 13598
13597 2442
13599 1461
13599 13598
13599 2442
13600 1461
13600 13598
13600 2442
13601 1461
13601 13598
13601 2442
13602 13598
13602 9578
13602 9571
13603 13598
13603 9578
13603 9571
13604 13598
13604 9578
13604 9571
13605 13598
13605 9578
13605 9571
13606 1460
13606 1497
13606 291
13607 1460
13607 291
13608 10236
13608 7880
13608 5423
13609 9293
13609 902
13610 10236
13610 13611
13612 7876
13612 13611
13613 7371
13613 13611
13614 10236
13614 7876
13614 13611
13615 1211
13615 7371
13615 13611
13616 9293
13616 3987
13617 5928
13617 5256
13617 3987
13617 3989
13618 10236
13618 7880
13619 7880
13619 7881
13620 5928
13620 3987
13621 5256
13621 3987
13622 3989
13622 3987
13623 3208
13623 3271
13624 5928
13624 1546
13624 1547
13625 2473
13625 3108
13625 3109
13626 5928
13626 1547
13627 3207
13627 3208
13628 3208
13628 1013
13629 379
13629 9312
13630 863
13630 9312
13631 3162
13631 7892
13632 3162
13632 9084
13632 7892
13633 2473
13633 3108
13633 3109
13634 2843
13634 2850
13635 2843
13635 6121
13636 2609
13636 10004
13637 2843
13637 6121
13637 2850
13638 2608
13638 2606
13639 3517
13639 2608
13640 10723
13640 7914
13641 10723
13641 3578
13642 10723
13642 7914
13642 3578
13643 5916
13643 4110
13643 5918
13644 5916
13644 4110
13644 5918
13645 5916
13645 4110
13645 5918
13646 5916
13646 4110
13646 5918
13647 4109
13647 3576
13647 4110
13648 4109
13648 3576
13648 4110
13649 4109
13649 3576
13649 4110
13650 6240
13650 6241
13650 3466
13651 6237
13651 12251
13652 3466
13652 12251
13653 3466
13653 6237
13653 12251
13654 7385
13654 3413
13654 10462
13655 7385
13655 3413
13655 10462
13656 7385
13656 3413
13656 10462
13657 7385
13657 3413
13657 10462
13658 6240
13658 6241
13658 3466
13659 6240
13659 6241
13659 3466
13660 1639
13660 1300
13661 545
13661 2912
13662 1639
13662 1092
13662 1300
13663 1639
13663 1100
13663 2710
13664 3132
13664 1019
13665 1639
13665 1100
13665 2710
13666 3987
13666 904
13666 9057
13667 1639
13667 1100
13667 2710
13668 1098
13668 1099
13668 1100
13669 1639
13669 1100
13669 2710
13670 6506
13670 1767
13671 7949
13671 6516
13671 13672
13673 7949
13673 13672
13674 6516
13674 13672
13675 12652
13675 6643
13675 6516
13675 7462
13676 6516
13676 7462
13677 12652
13677 6516
13678 6643
13678 6516
13679 7462
13679 6644
13679 7458
13680 7462
13680 7458
13681 4854
13681 3707
13682 13683
13682 7971
13684 6055
13684 13683
13685 379
13685 7959
13686 6055
13686 13683
13686 7971
13687 8227
13687 6055
13688 6977
13688 6055
13689 6977
13689 8227
13689 6055
13689 7471
13690 6055
13690 7471
13691 5945
13691 10715
13692 7375
13692 7370
13692 1209
13693 6979
13693 7469
13693 7471
13694 7469
13694 7471
13695 3148
13695 3725
13695 10068
13695 3155
13696 13697
13696 7097
13696 7100
13698 13697
13698 7097
13698 7100
13699 7088
13699 13697
13699 7495
13700 7088
13700 13697
13700 7495
13701 13697
13701 7097
13701 7100
13702 13697
13702 7097
13702 7100
13703 7490
13703 7495
13704 1185
13704 7490
13705 7088
13705 13697
13705 7495
13706 7088
13706 13697
13706 7495
13707 286
13707 13708
13709 284
13709 13708
13710 5406
13710 3707
13711 3784
13711 13708
13711 2561
13712 3784
13712 13708
13712 2561
13713 284
13713 201
13713 13708
13713 286
13714 201
13714 13708
13715 7002
13715 2561
13716 7010
13716 7002
13717 3784
13717 13708
13717 2561
13718 3784
13718 13708
13718 2561
13719 1293
13719 10832
13720 1288
13720 10832
13721 222
13721 223
13721 224
13722 222
13722 223
13722 224
13723 581
13723 223
13723 578
13724 581
13724 223
13724 578
13725 581
13725 223
13725 578
13726 581
13726 223
13726 578
13727 173
13727 3708
13728 982
13728 13729
13728 5695
13730 5695
13730 5701
13731 982
13731 13729
13731 5695
13732 982
13732 13729
13732 5695
13733 981
13733 9559
13733 13729
13734 982
13734 13729
13734 5695
13735 981
13735 9559
13735 13729
13736 981
13736 9559
13736 13729
13737 5999
13737 7530
13737 81
13738 981
13738 9559
13738 13729
13739 12648
13739 6972
13739 8089
13739 3591
13740 5406
13740 3707
13740 5409
13741 4951
13741 1257
13741 4952
13742 8342
13742 1637
13743 4030
13743 4032
13744 4031
13744 4032
13745 1522
13745 2391
13745 8020
13746 13747
13746 942
13748 13747
13748 2391
13749 13747
13749 942
13749 2391
13750 6553
13750 943
13751 6553
13751 13341
13752 13747
13752 6553
13753 13747
13753 6553
13753 943
13753 13341
13754 1896
13754 6553
13755 1896
13755 1861
13756 1054
13756 6599
13757 3175
13757 3176
13757 3177
13758 2137
13758 2135
13758 2138
13759 6412
13759 3173
13760 3175
13760 3176
13760 3177
13761 7585
13761 440
13762 7583
13762 440
13763 7585
13763 7583
13763 440
13764 3175
13764 3176
13764 3177
13765 439
13765 5569
13766 5569
13766 440
13767 436
13767 5569
13768 434
13768 5569
13769 2807
13769 8057
13770 3183
13770 3184
13770 3176
13771 2807
13771 8895
13771 9276
13772 6592
13772 445
13772 303
13773 2807
13773 8895
13773 9276
13774 2807
13774 8895
13774 9276
13775 7583
13775 29
13776 430
13776 321
13776 3524
13776 235
13776 236
13776 3528
13776 1557
13776 238
13777 3183
13777 3184
13777 3176
13778 286
13778 6216
13779 3183
13779 3184
13779 3176
13780 3189
13780 500
13781 235
13781 1557
13782 6592
13782 445
13782 303
13783 2188
13783 3029
13783 2332
13784 6592
13784 445
13784 303
13785 1162
13785 4599
13786 998
13786 8011
13786 1044
13787 998
13787 8011
13787 1044
13788 998
13788 8011
13788 1044
13789 998
13789 8011
13789 1044
13790 8011
13790 1199
13790 1045
13791 8011
13791 1199
13791 1045
13792 8011
13792 1199
13792 1045
13793 2188
13793 3029
13794 6592
13794 445
13794 303
13795 3646
13795 151
13796 2686
13796 5975
13797 519
13797 3646
13798 4450
13798 1103
13798 4451
13799 4369
13799 4372
13799 4832
13800 2678
13800 5977
13800 2686
13801 432
13801 3201
13802 284
13802 2135
13803 1598
13803 1599
13803 1600
13804 4661
13804 545
13805 432
13805 434
13805 3201
13805 436
13805 151
13806 2155
13806 8119
13807 4573
13807 8131
13807 4576
13808 8131
13808 1780
13808 5086
13809 8131
13809 1780
13809 5086
13810 8131
13810 1780
13810 5086
13811 2152
13811 2155
13811 8119
13812 4573
13812 8131
13812 4576
13813 4573
13813 8131
13813 4576
13814 4573
13814 8131
13814 4576
13815 3714
13815 1744
13816 1188
13816 3714
13817 10068
13817 1600
13818 10068
13818 3715
13818 1600
13819 3148
13819 2548
13819 1259
13820 10068
13820 3715
13821 3148
13821 1259
13822 2548
13822 1259
13823 1185
13823 7492
13824 7492
13824 1185
13824 1260
13825 1515
13825 7049
13826 3858
13826 7049
13827 521
13827 3858
13828 1002
13828 521
13828 1019
13828 3858
13828 1023
13829 1023
13829 3858
13830 1002
13830 3858
13831 1056
13831 1515
13831 53
13832 1019
13832 3858
13833 1515
13833 53
13834 1056
13834 1515
13835 5279
13835 3
13836 3197
13836 3198
13837 25
13837 5279
13837 3
13838 25
13838 5279
13839 1926
13839 1927
13840 1926
13840 1928
13841 8164
13841 5219
13841 6205
13842 8164
13842 5219
13842 6205
13843 8164
13843 5219
13843 6205
13844 8164
13844 5219
13844 6205
13845 4048
13845 8634
13846 4048
13846 5219
13847 4048
13847 8634
13847 5219
13848 2480
13848 6205
13849 8634
13849 8630
13850 8633
13850 8634
13850 8630
13851 1598
13851 1599
13851 1600
13852 7848
13852 6301
13852 1233
13853 5583
13853 1517
13854 1207
13854 529
13855 13856
13855 10312
13855 284
13857 2386
13857 8184
13857 8185
13858 3715
13858 1599
13858 3613
13859 6422
13859 8182
13860 5278
13860 8189
13860 8184
13861 6422
13861 8182
13861 8189
13862 6422
13862 8189
13863 5278
13863 8189
13863 8184
13864 81
13864 82
13864 83
13865 5278
13865 8189
13865 8184
13866 5278
13866 8189
13866 8184
13867 2207
13867 2117
13868 3715
13868 1599
13868 3613
13869 3166
13869 12
13869 8182
13870 1314
13870 11
13871 2283
13871 8199
13872 2283
13872 3500
13872 8199
13873 3500
13873 8198
13873 2290
13874 3500
13874 8199
13875 2283
13875 8197
13875 2290
13876 6857
13876 8198
13877 8197
13877 2290
13878 2283
13878 8197
13879 3500
13879 8198
13880 8198
13880 2290
13881 5233
13881 8588
13882 3132
13882 6046
13882 13883
13884 3132
13884 6046
13884 13883
13885 3132
13885 6046
13885 13883
13886 3132
13886 6046
13886 13883
13887 3133
13887 13883
13887 53
13888 3133
13888 13883
13888 53
13889 3133
13889 13883
13889 53
13890 3133
13890 13883
13890 53
13891 3031
13891 9571
13892 2275
13892 3129
13893 4435
13893 2275
13893 3129
13894 238
13894 240
13895 645
13895 8807
13895 7317
13895 4178
13896 559
13896 7389
13896 1958
13897 3715
13897 1599
13897 3613
13898 4474
13898 4475
13898 734
13899 4474
13899 4475
13899 734
13900 4474
13900 4475
13900 734
13901 3173
13901 4475
13901 837
13902 3173
13902 4475
13902 837
13903 2442
13903 3031
13903 9571
13904 3264
13904 13905
13904 7761
13906 3264
13906 13905
13906 7761
13907 7760
13907 7746
13908 7746
13908 7761
13909 5631
13909 6148
13909 13905
13910 5631
13910 6148
13910 13905
13911 3264
13911 13905
13911 7761
13912 3264
13912 13905
13912 7761
13913 543
13913 527
13914 5631
13914 6148
13914 13905
13915 5631
13915 6148
13915 13905
13916 6721
13916 6727
13916 8895
13917 1735
13917 13918
13919 7767
13919 1734
13919 1109
13920 1734
13920 1735
13920 13918
13921 1734
13921 13918
13922 7619
13922 265
13923 3587
13923 265
13924 7619
13924 3587
13924 13918
13924 265
13925 13918
13925 265
13926 7251
13926 7255
13927 265
13927 7255
13928 2856
13928 12051
13928 4773
13929 2444
13929 2433
13930 645
13930 1971
13930 632
13931 8261
13931 13932
13931 2519
13933 8261
13933 13932
13933 2519
13934 8261
13934 13932
13934 2519
13935 8261
13935 13932
13935 2519
13936 312
13936 309
13936 13932
13937 312
13937 309
13937 13932
13938 312
13938 309
13938 13932
13939 312
13939 309
13939 13932
13940 8259
13940 411
13941 8259
13941 1028
13941 411
13942 793
13942 13943
13944 793
13944 7786
13945 160
13945 793
13946 7782
13946 13943
13947 13943
13947 1704
13948 793
13948 1703
13949 7782
13949 13943
13949 1704
13950 1433
13950 7782
13950 286
13951 7782
13951 286
13952 3464
13952 4346
13953 7018
13953 6911
13953 6518
13954 9982
13954 4692
13955 521
13955 4692
13956 1866
13956 4692
13957 9982
13957 7797
13958 9982
13958 7797
13958 4692
13959 1866
13959 521
13959 4692
13959 1056
13959 535
13960 4692
13960 7805
13961 4692
13961 1056
13962 4692
13962 535
13963 177
13963 7308
13964 173
13964 7308
13965 1754
13965 174
13965 6060
13966 174
13966 6060
13967 6060
13967 7820
13967 7308
13968 7820
13968 7308
13969 6060
13969 7820
13970 173
13970 177
13970 7308
13971 1754
13971 6060
13972 1754
13972 7305
13972 2765
13973 7814
13973 1604
13974 7323
13974 2771
13974 7814
13974 7816
13975 9092
13975 8144
13975 1519
13976 1070
13976 726
13976 53
13977 9092
13977 8144
13977 1519
13978 9092
13978 8144
13978 1519
13979 725
13979 7814
13979 1604
13980 725
13980 1604
13981 1070
13981 726
13982 726
13982 53
13983 13984
13983 477
13983 475
13985 13984
13985 477
13985 475
13986 2010
13986 13984
13986 6528
13987 2010
13987 13984
13987 6528
13988 13984
13988 477
13988 475
13989 13984
13989 477
13989 475
13990 6528
13990 8756
13991 1657
13991 8756
13992 2010
13992 13984
13992 6528
13993 2010
13993 13984
13993 6528
13994 12330
13994 3044
13994 3057
13995 5189
13995 5190
13995 5184
13996 957
13996 11251
13996 6343
13996 2754
13997 5189
13997 5190
13997 5184
13998 5189
13998 5190
13998 5184
13999 3732
13999 5181
13999 3740
14000 5181
14000 3740
14001 291
14001 3741
14002 173
14002 3741
14003 2392
14003 190
14003 944
14004 2392
14004 190
14004 944
14005 3732
14005 5181
14006 3732
14006 4170
14006 7832
14006 11369
14007 6316
14007 6301
14007 7536
14008 2082
14008 2086
14008 7536
14009 13257
14009 907
14010 8512
14010 2819
14011 3796
14011 907
14012 14013
14012 1019
14014 1002
14014 3132
14014 6046
14015 895
14015 2663
14016 3127
14016 14013
14016 2943
14017 3127
14017 14013
14017 2943
14018 3127
14018 14013
14018 2943
14019 3127
14019 14013
14019 2943
14020 1002
14020 49
14020 14013
14020 1019
14020 1023
14021 49
14021 14013
14022 1002
14022 14013
14023 1023
14023 14013
14024 6009
14024 2665
14024 193
14025 3796
14025 13257
14025 10815
14025 907
14026 522
14026 14027
14028 8331
14028 3464
14028 564
14028 4346
14029 6009
14029 2665
14030 7886
14030 535
14031 1644
14031 1642
14031 1645
14032 7886
14032 14027
14033 522
14033 14027
14034 1193
14034 7884
14035 1193
14035 7884
14036 1191
14036 22
14036 7886
14036 14027
14036 535
14037 1644
14037 1642
14037 1645
14038 7881
14038 6265
14039 2932
14039 2933
14039 2925
14040 793
14040 1703
14040 7786
14040 13943
14041 3342
14041 5760
14042 9890
14042 335
14043 9890
14043 340
14044 6012
14044 180
14045 3517
14045 1989
14046 3517
14046 286
14047 2633
14047 7119
14047 9014
14048 3166
14048 8182
14049 7935
14049 5306
14049 7930
14050 7935
14050 5306
14050 7930
14051 4661
14051 7935
14051 4773
14052 4661
14052 7935
14052 4773
14053 4661
14053 7935
14053 4773
14054 4661
14054 7935
14054 4773
14055 357
14055 3469
14056 357
14056 1034
14056 3469
14057 364
14057 3469
14057 7930
14058 357
14058 1034
14059 4374
14059 1732
14059 3643
14060 1738
14060 1762
14060 1763
14061 4374
14061 1732
14062 4374
14062 3643
14063 1009
14063 1004
14063 2824
14064 1006
14064 971
14065 1004
14065 2824
14066 14067
14066 7949
14068 14067
14068 6506
14069 6507
14069 5599
14070 14067
14070 6506
14070 7949
14071 14067
14071 5599
14072 13672
14072 5599
14073 5599
14073 6459
14074 14067
14074 13672
14074 6507
14074 5599
14075 5592
14075 5599
14075 6459
14076 5592
14076 6459
14077 7967
14077 7962
14077 7971
14078 7967
14078 7962
14078 7971
14079 9869
14079 340
14079 341
14080 1208
14080 7739
14081 32
14081 7739
14082 12921
14082 5752
14082 13683
14082 13217
14083 9869
14083 340
14084 5752
14084 13683
14085 13217
14085 7971
14085 7959
14086 13217
14086 7971
14087 13217
14087 7959
14088 9869
14088 341
14089 3159
14089 340
14089 2922
14090 3159
14090 340
14090 2922
14091 12109
14091 643
14092 12109
14092 637
14093 8428
14093 8137
14093 3627
14093 3628
14094 8428
14094 3628
14095 635
14095 884
14096 12109
14096 884
14097 12109
14097 643
14097 637
14098 884
14098 8159
14099 432
14099 5568
14100 434
14100 5568
14101 432
14101 434
14101 5568
14101 436
14101 411
14102 5568
14102 411
14103 5569
14103 8043
14104 8043
14104 3628
14105 436
14105 5568
14106 5569
14106 8043
14106 3628
14107 915
14107 923
14107 14108
14109 4412
14109 455
14110 454
14110 14108
14110 1581
14111 454
14111 14108
14111 1581
14112 4411
14112 4412
14113 454
14113 14108
14113 1581
14114 915
14114 923
14114 14108
14115 915
14115 923
14115 14108
14116 454
14116 14108
14116 1581
14117 915
14117 923
14117 14108
14118 10671
14118 4031
14118 4022
14119 4591
14119 2382
14119 2376
14120 10671
14120 1958
14120 5950
14120 4032
14121 558
14121 1958
14122 545
14122 7389
14122 313
14123 856
14123 254
14123 240
14124 856
14124 254
14124 240
14125 558
14125 857
14126 558
14126 857
14126 1958
14127 7389
14127 313
14128 545
14128 7389
14129 14130
14129 11020
14129 11086
14131 14130
14131 2667
14131 10852
14132 14130
14132 11020
14132 11086
14133 14130
14133 11020
14133 11086
14134 14130
14134 2667
14134 10852
14135 2668
14135 9721
14136 14130
14136 2667
14136 10852
14137 14130
14137 2667
14137 10852
14138 8480
14138 2412
14138 2668
14139 14130
14139 11020
14139 11086
14140 7264
14140 5716
14140 2913
14141 7264
14141 5716
14141 2913
14142 7264
14142 5716
14142 2913
14143 430
14143 1095
14143 309
14144 2912
14144 8512
14145 2913
14145 8512
14146 2912
14146 2913
14146 8512
14147 7564
14147 2819
14148 7263
14148 5107
14148 7264
14149 7263
14149 5107
14149 7264
14150 14151
14150 1644
14150 3378
14152 14151
14152 3417
14152 3440
14153 14151
14153 3417
14153 3440
14154 14151
14154 3417
14154 3440
14155 12648
14155 1645
14156 14151
14156 1644
14156 3378
14157 14151
14157 1644
14157 3378
14158 14151
14158 1644
14158 3378
14159 14151
14159 3417
14159 3440
14160 2099
14160 1645
14160 291
14161 2137
14161 9861
14161 1709
14162 2137
14162 9861
14162 1709
14163 9861
14163 7782
14163 1704
14164 9861
14164 7782
14164 1704
14165 6211
14165 9446
14166 6211
14166 9446
14167 2591
14167 2592
14168 33
14168 9446
14169 4353
14169 22
14169 8572
14170 4353
14170 22
14170 8572
14171 4353
14171 22
14171 8572
14172 4353
14172 22
14172 8572
14173 8116
14173 8104
14174 8104
14174 8107
14175 8116
14175 8104
14175 8107
14176 8116
14176 8112
14177 2683
14177 33
14178 81
14178 82
14178 83
14179 8572
14179 524
14180 22
14180 8572
14180 524
14181 508
14181 545
14181 3692
14182 8588
14182 8583
14182 5224
14183 508
14183 3692
14184 545
14184 3692
14185 8582
14185 779
14186 8582
14186 779
14186 369
14187 368
14187 12210
14187 376
14187 369
14188 779
14188 369
14189 12210
14189 369
14190 376
14190 369
14191 81
14191 82
14191 83
14192 7658
14192 4494
14193 4503
14193 7658
14194 4503
14194 7658
14194 4494
14195 7152
14195 1503
14195 9071
14196 7152
14196 1503
14196 9071
14197 7152
14197 1503
14197 9071
14198 7152
14198 1503
14198 9071
14199 7152
14199 4789
14199 1498
14200 7152
14200 4789
14200 1498
14201 7152
14201 4789
14201 1498
14202 9861
14202 7782
14202 1704
14203 9861
14203 7782
14203 1704
14204 1
14204 1315
14204 20
14205 1
14205 1315
14205 20
14206 8144
14206 8147
14207 8144
14207 1519
14207 8147
14208 8709
14208 1590
14209 9477
14209 1590
14210 1590
14210 8147
14211 9477
14211 8709
14211 1590
14211 8147
14212 432
14212 1587
14213 432
14213 1590
14214 432
14214 1590
14214 1587
14215 1349
14215 4896
14216 6475
14216 5695
14216 5221
14217 6475
14217 5695
14217 5221
14218 8633
14218 5221
14219 8633
14219 9638
14219 5221
14220 6475
14220 5695
14220 5221
14221 8633
14221 9638
14222 8623
14222 8582
14222 3692
14223 8623
14223 8582
14223 3692
14224 7675
14224 5695
14225 7675
14225 5695
14226 1647
14226 6931
14226 2930
14227 6931
14227 2930
14228 1647
14228 6931
