10670 22002
0 1
2 3
4 5
6 7
8 9
10 11
12 13
14 15
16 17
18 19
20 21
22 23
24 25
26 27
28 29
30 31
32 33
34 35
36 37
38 39
40 41
42 43
44 45
46 47
48 38
49 50
51 52
53 54
55 56
57 58
59 60
61 62
63 64
36 65
66 67
68 69
70 71
72 73
74 75
76 77
78 79
63 80
36 81
82 83
84 85
86 87
74 88
89 90
91 92
93 94
95 30
96 97
98 83
63 99
38 100
30 101
102 103
104 105
106 30
92 107
108 109
110 111
112 92
113 114
92 115
116 117
63 118
119 29
120 121
4 122
123 50
87 124
125 92
126 127
128 129
130 131
30 132
36 133
134 135
136 137
138 63
139 140
141 142
143 144
145 146
103 147
36 148
149 150
151 152
153 154
60 155
156 30
157 158
159 160
63 161
162 163
164 63
165 50
166 1
167 168
169 170
30 171
172 173
38 174
30 175
176 1
177 178
63 179
180 181
63 182
183 184
185 40
22 186
187 83
63 188
90 189
55 190
191 192
193 92
194 195
196 197
198 199
200 201
202 154
203 6
22 39
204 205
63 206
207 92
208 197
63 209
210 211
83 212
213 151
16 154
149 214
215 216
217 218
219 220
92 221
222 223
224 225
92 226
227 30
228 229
230 92
193 83
93 231
63 232
233 234
43 235
143 236
74 237
36 238
29 239
240 241
30 242
243 63
244 245
70 170
246 29
247 248
249 250
251 1
252 253
254 255
256 1
257 29
136 258
103 259
260 30
261 154
262 1
263 1
264 265
92 266
267 268
269 1
63 270
63 271
272 273
92 274
46 275
154 276
92 277
278 279
60 280
281 282
283 284
135 285
286 1
287 63
149 288
289 151
290 291
292 293
278 294
36 295
296 297
298 50
299 300
301 151
302 83
16 303
70 304
305 306
307 308
149 309
310 311
312 313
314 29
315 316
317 50
318 154
63 319
320 30
321 322
71 323
30 324
325 50
326 327
328 154
329 1
330 331
332 333
334 335
192 336
4 337
139 338
90 339
87 340
341 342
343 344
345 1
139 346
347 1
261 348
349 350
351 25
63 352
353 354
355 356
357 358
359 360
63 361
362 363
364 90
365 366
4 367
70 368
369 370
371 90
372 373
374 154
375 376
251 377
63 378
379 197
380 381
34 382
383 384
385 386
387 388
389 390
63 391
159 392
30 393
126 394
34 395
396 92
397 27
398 205
399 255
400 401
402 154
302 1
403 25
4 404
405 406
92 407
70 408
36 409
410 154
411 83
412 413
63 414
92 415
416 154
63 417
418 419
420 421
261 422
423 1
30 183
424 25
305 425
426 216
36 427
30 428
429 92
430 431
432 433
197 434
305 435
436 197
437 438
439 50
40 440
305 441
63 442
443 50
444 216
445 446
447 83
196 448
36 261
30 449
136 30
450 451
452 50
247 440
30 453
454 60
455 456
457 83
458 459
460 461
462 463
149 29
464 465
92 466
467 468
92 469
470 25
92 471
472 30
473 474
475 476
477 478
479 83
480 464
36 481
92 38
63 482
483 484
46 485
486 1
63 487
40 488
489 1
490 30
491 492
493 154
494 154
495 496
497 468
83 498
499 500
74 501
92 502
503 1
36 504
36 505
506 507
508 63
55 509
510 359
511 512
513 514
247 515
72 40
92 516
517 50
76 518
519 60
30 520
521 255
163 522
92 523
524 525
36 526
527 528
529 530
531 50
532 533
534 440
535 536
197 1
537 83
538 83
261 539
30 540
63 541
36 542
386 543
544 241
126 545
546 29
547 548
92 549
550 30
551 552
96 553
554 555
556 557
63 558
559 514
560 92
561 291
562 563
63 564
30 10
565 566
567 568
569 570
571 484
572 573
22 574
490 135
575 576
420 577
205 578
579 1
205 70
580 581
582 583
584 83
63 585
586 587
588 589
590 591
592 63
593 90
139 594
595 596
597 29
46 598
547 599
600 126
601 293
602 603
604 43
605 92
606 50
261 607
71 608
4 609
610 611
63 612
16 613
63 614
92 615
500 616
63 617
618 619
620 92
208 29
92 621
622 83
623 272
624 105
625 528
626 30
63 627
628 29
629 630
603 63
631 1
632 83
495 633
71 634
635 60
27 636
637 553
638 639
640 641
642 643
63 644
30 645
92 646
92 647
648 649
198 650
92 651
652 653
654 655
656 50
657 658
40 659
534 660
154 661
662 25
514 663
149 664
70 271
177 665
108 50
666 92
667 668
95 126
669 83
63 670
671 563
672 673
4 674
92 675
63 676
677 678
165 679
63 680
63 681
682 683
684 685
686 83
687 92
688 689
63 690
691 83
46 692
693 40
694 170
695 696
697 698
699 700
436 701
702 90
703 29
12 704
705 706
491 707
708 709
710 63
72 711
63 712
713 63
714 715
430 716
405 717
247 718
63 719
720 22
721 83
305 722
723 724
648 725
726 616
727 728
628 154
30 729
730 228
731 732
733 630
30 734
249 735
92 736
430 737
738 29
739 740
741 63
149 742
92 743
70 151
27 744
70 745
228 746
747 83
74 748
94 749
750 751
4 752
753 754
46 535
755 346
756 757
30 457
485 758
108 271
153 135
141 759
760 305
761 762
55 699
763 90
764 553
87 765
766 767
30 768
769 770
74 771
772 773
774 775
63 776
777 29
778 1
779 780
781 782
763 783
784 30
785 63
786 63
342 787
788 789
40 790
63 791
792 793
794 83
795 255
796 797
92 798
799 92
30 392
36 800
801 633
802 803
36 804
805 806
34 807
808 809
287 154
810 25
63 811
812 813
814 126
63 815
816 135
817 255
818 252
90 819
697 63
60 820
821 468
224 450
822 823
824 825
499 60
151 826
827 828
829 830
831 527
832 63
833 795
834 835
836 547
837 838
839 291
840 60
40 841
192 842
843 92
40 844
845 90
846 847
30 848
849 850
92 851
63 852
126 853
854 1
648 363
63 189
635 755
190 855
157 856
857 30
63 858
859 860
640 861
862 863
864 10
92 865
866 867
868 869
870 1
63 871
1 872
739 873
874 875
876 92
877 135
108 796
126 878
879 880
4 881
882 883
884 92
305 885
886 887
888 889
63 744
755 890
70 38
891 892
70 893
894 895
103 896
398 108
4 897
47 25
210 898
63 899
255 616
405 29
900 193
71 901
902 83
903 904
595 905
906 92
46 568
216 907
908 909
38 910
405 759
911 1
912 29
51 376
913 50
247 41
914 915
916 30
917 1
918 1
919 50
920 921
922 923
405 924
925 136
193 926
22 927
716 760
63 928
929 420
233 930
4 931
932 933
934 935
936 41
937 938
499 939
92 940
941 62
55 763
192 413
942 754
943 944
945 25
283 946
154 947
948 949
950 197
951 952
953 954
22 955
588 69
956 957
958 959
648 90
63 960
92 961
962 963
964 103
405 965
30 966
63 544
967 968
969 970
74 971
972 83
973 974
142 975
30 976
977 978
648 979
980 981
982 983
984 985
781 986
862 1
987 988
29 422
989 990
119 1
63 991
491 992
993 30
994 995
996 997
998 999
36 1000
60 1001
802 197
595 1002
103 1003
25 1004
63 1005
1006 1007
71 419
92 1008
1009 1010
1011 1012
1013 1014
1015 154
1016 197
1017 653
527 1018
1019 22
1020 1021
143 1022
249 1023
1024 29
1025 63
71 1026
63 276
126 1027
1028 1029
233 1030
233 1031
369 488
420 1032
1033 1
1034 1035
1036 50
1037 1038
716 1039
92 1040
1041 92
63 1042
587 1043
72 1044
249 1045
1046 29
1047 468
1048 1049
795 1050
63 1051
30 1052
827 1053
281 1054
36 1055
1056 1057
30 1058
1059 1060
40 1061
143 1062
136 1063
1064 1065
499 1066
30 1067
595 14
1068 90
963 1069
36 1070
1071 50
1072 151
103 1073
1006 1074
4 25
63 1075
1076 63
1077 62
30 1078
63 1079
63 1080
1081 1082
906 90
1083 29
475 1084
30 1085
224 1086
59 22
63 374
192 1087
1088 1089
1090 1091
92 1092
40 1093
63 1094
987 1095
83 1096
135 1097
63 1098
1099 922
1100 92
1101 29
1102 1103
963 1104
22 1105
1106 235
823 1107
1108 1109
63 1110
92 1111
836 1112
568 1113
1114 170
36 1115
369 90
63 1116
881 22
477 1117
27 51
1118 50
63 1119
63 1120
822 1121
36 1122
36 662
1123 90
420 1124
1125 1
648 1126
527 1127
285 83
63 1128
1129 1130
1131 368
245 754
1132 1133
490 1134
63 1135
92 1136
228 1137
16 1138
527 750
1139 63
21 1140
769 1141
1142 51
261 1092
22 1036
247 303
154 105
108 1143
44 1144
1145 1146
36 205
648 1147
1148 1
1149 29
149 1150
1151 1152
1153 1154
63 1155
4 1156
92 1157
1158 22
1159 83
79 1160
135 468
922 1161
70 1162
1163 29
63 1164
595 1165
149 1166
1167 1
63 1159
1168 63
398 70
993 1
63 1169
63 1170
1171 1172
444 1173
1174 177
641 1175
601 1176
1177 1178
1179 1180
92 1181
92 627
30 1182
63 1183
63 1184
1185 1186
1187 50
1188 83
1189 754
823 1190
439 1
1191 63
193 1192
716 1193
1194 29
1195 1196
71 1197
1198 83
224 380
71 1199
272 1200
92 1201
30 1202
83 1203
1204 1205
12 40
1206 1
63 1207
1208 1209
1210 1211
630 50
36 1212
1213 50
149 1214
1112 1007
1215 1216
16 74
63 1217
63 1218
1219 63
1220 1221
1222 1223
1224 83
1225 83
92 598
63 1226
63 1227
1228 1229
1230 1231
1232 1
1233 1234
1235 495
1236 1237
63 1238
103 1239
92 1240
1241 22
1242 1243
1244 63
648 1245
1028 1246
228 1247
92 1248
1249 274
92 1250
272 1251
1252 1253
1254 25
601 1255
1240 1
63 1256
648 1257
1258 255
1259 83
70 1260
475 1261
63 1262
1263 71
477 1264
1265 595
40 73
1039 1266
157 1267
92 1268
1269 83
1143 1270
660 855
30 302
1271 247
1272 1273
616 1274
30 1275
63 1276
36 603
948 1277
63 1278
159 1279
560 63
398 1280
963 1281
4 1282
1283 1284
70 128
126 1285
949 136
1286 312
63 1287
1288 1289
87 50
87 1290
63 1291
1292 954
629 1293
30 1294
1295 30
63 1296
30 1297
283 1298
1299 83
92 1300
4 342
92 1301
1302 1
716 186
1303 10
1304 151
249 157
1305 1306
699 1307
63 1308
1309 104
393 1310
648 1311
1312 165
92 1313
1314 1315
63 1316
192 1317
1091 1318
1319 1320
210 83
963 1321
63 1322
475 1323
1324 1325
1326 41
1327 1328
68 218
1329 1330
272 1331
1332 1223
46 1333
1334 30
420 1335
1336 1337
1338 83
869 1339
781 216
836 1340
63 1341
1342 796
1040 1343
1344 1345
1346 1
1347 30
629 1348
40 1144
822 994
197 1349
63 1350
963 1351
1352 7
4 1353
1354 1355
63 925
30 1356
1357 1358
63 1359
34 1360
46 1361
503 154
92 1362
1363 83
142 1364
135 1365
30 1366
1367 1
1368 293
1177 92
90 1369
692 135
544 1370
63 1371
759 1372
759 1373
1374 1124
1375 1376
36 1377
1378 83
90 83
716 1379
74 1380
1381 255
377 1
595 1382
1383 1384
92 1385
473 1386
1387 1388
1389 699
63 1390
759 47
1391 420
1392 1393
2 512
247 1394
126 1395
30 1396
63 1397
913 1199
337 1398
1399 1400
468 1401
30 1402
290 1403
1404 50
1405 1406
781 17
4 1407
25 1408
305 8
1409 63
1410 1
1196 1411
63 1412
154 1413
1414 1415
74 1416
1417 985
1418 1419
1081 1420
796 1421
149 1422
805 1423
1424 1425
370 90
1426 1427
581 57
92 163
1428 1429
1430 1431
1432 69
1433 142
136 1434
1435 1436
1437 60
632 92
30 801
1438 63
1439 154
1440 1441
1442 25
1443 25
196 1444
475 1445
50 1446
1447 255
40 1448
1449 83
1450 1451
70 380
205 247
261 1452
167 922
1453 40
908 957
27 40
776 1454
92 1455
1456 1457
1255 1458
1459 90
1460 653
247 1461
217 1462
1463 1464
55 913
1465 1466
73 43
63 1467
648 1468
136 1469
1470 83
1471 1472
1473 1474
475 1475
63 765
1476 1477
1478 83
98 1
27 1479
192 1480
1481 1482
1483 1484
1485 1486
22 1101
699 1487
30 1488
1489 451
484 1490
1491 1492
1493 83
1134 83
1494 25
455 103
63 1495
92 1496
92 1497
43 1498
1329 1499
660 1500
1501 1401
1502 1503
1011 92
1504 1505
249 1425
70 1506
63 402
1507 641
1508 1509
92 216
90 1510
1511 154
87 83
1512 25
63 1513
1514 759
70 606
13 216
2 305
135 1515
454 1383
30 1516
1517 29
1518 63
499 1519
216 90
208 1092
1520 29
1521 1391
197 1522
464 488
1272 151
27 1523
36 1524
126 1525
804 1526
1527 1528
1529 90
30 1530
36 1531
1532 63
1533 151
478 1446
1534 1535
509 1536
63 1537
1538 1539
36 1540
149 1541
781 1542
303 62
64 1
63 621
36 1543
205 1544
641 216
430 1463
1545 83
63 1546
63 1547
293 1548
1549 1550
4 456
4 296
1551 70
1552 61
36 1553
46 1068
1134 29
22 1554
1555 1556
192 1557
1558 151
4 1559
71 556
1560 63
1561 759
1562 1563
1564 1223
1565 15
648 1566
963 1567
1568 83
165 464
60 255
4 1569
405 1570
323 1571
318 1572
36 563
63 1573
74 1562
70 1574
63 1372
1575 1576
1577 92
63 1578
1579 1580
261 1581
1582 1583
63 1584
249 1585
1399 1586
63 1587
63 1588
491 433
1196 1589
355 527
1590 641
92 1591
759 41
92 1592
733 1593
171 1594
1595 63
92 1596
240 1597
1598 616
4 1599
1600 41
40 593
92 1601
1602 1603
142 635
967 1604
1605 90
30 1606
1561 1092
16 488
92 1607
1488 1608
1609 90
1610 216
219 1611
1612 1613
1614 50
63 1615
1328 25
63 1616
1617 50
247 1618
1619 1620
1621 1622
1623 79
29 1624
1625 92
63 1626
1627 15
4 441
92 919
1628 1092
63 863
92 1629
63 1630
57 1631
70 1632
631 63
16 398
1633 1634
1418 509
1635 1636
1637 1638
1639 1640
1641 30
398 796
1305 19
1642 233
1643 1644
72 1645
1646 1647
412 1648
36 1649
136 431
1464 395
1650 1651
305 1652
1653 29
1654 1371
30 1467
30 1655
63 1656
1657 69
1658 1
1659 38
1660 1661
84 30
4 1662
1663 50
823 1548
1664 1205
936 781
477 92
1174 1665
1666 1654
1667 1668
503 649
1669 1670
1671 1672
73 756
1673 798
1674 1675
1676 754
36 1677
36 1678
1539 1634
1322 69
1679 151
92 1680
163 50
30 1681
901 25
527 1682
63 1683
1383 1684
22 1685
1642 866
1686 83
1687 1688
398 197
1689 1654
1483 1690
233 1691
136 1692
716 1693
103 62
1694 398
92 1695
648 1696
139 1697
1698 90
63 1699
126 1700
36 1701
63 171
1702 1703
1704 1705
1706 1707
172 1708
1553 1709
1710 30
527 864
165 92
648 1711
30 1712
1011 1713
63 1714
1715 83
63 1716
92 103
461 1717
1718 29
50 1719
1720 954
1721 1722
1723 1724
1725 63
922 1726
40 103
149 1727
74 1728
1729 1
648 1730
1731 438
29 1732
36 228
61 60
1733 92
1447 1734
1735 1736
1737 154
1738 29
1739 90
63 1058
1740 1741
369 154
63 1742
491 1743
1744 1745
197 1746
1639 1747
458 1325
63 499
92 1748
36 1749
688 1014
103 1506
92 1750
1751 83
92 1752
1753 1251
1754 18
1755 1
1756 754
1757 450
1758 99
34 1759
1760 1761
30 1762
565 40
380 154
1763 25
641 1764
1442 22
136 1765
893 1766
63 1767
648 1768
310 1671
1769 420
92 1212
1441 1770
1771 90
1772 873
1773 1774
303 163
1775 83
36 1776
63 1777
511 4
92 1778
247 62
1325 1779
420 1780
63 1781
92 1782
1783 1784
1785 1
1786 151
92 1787
1788 186
1789 1
63 1790
63 1791
1792 63
92 1793
63 1794
70 1795
1426 1796
475 1797
1798 1
1799 197
1037 1800
63 1801
60 1802
1803 1804
1805 149
906 30
1806 1807
648 83
430 1808
1563 1809
638 1810
648 1256
405 1811
1812 1813
987 1814
1815 63
1816 1817
63 1818
1819 63
1820 1
90 1821
1822 1823
777 50
1441 1824
1825 1
1826 1827
36 1828
1829 1007
36 475
1830 25
55 22
92 1831
1832 1833
63 1834
305 1461
272 1835
63 1836
405 1837
154 564
310 1838
136 1839
1840 1841
1463 60
247 1685
63 1072
1551 83
368 1842
30 1183
1050 1843
2 1844
1845 30
1846 1847
63 1848
1849 22
922 1850
699 1851
1693 1852
1441 1853
93 780
1854 63
1855 216
1856 90
1404 177
1857 1459
1858 1
83 1859
193 1860
1861 151
154 38
63 309
43 1862
1863 484
1864 143
30 1865
1866 1867
63 1868
1869 29
1870 63
139 1871
1872 1873
387 1223
1874 63
16 1875
755 395
793 1876
63 1877
319 83
1878 30
1879 1880
63 1091
63 1881
36 1882
30 377
4 1883
1884 50
1193 247
1885 1886
922 1887
1888 643
1001 1830
1889 125
22 1890
63 76
63 1182
648 50
648 1891
893 1077
723 1892
1893 568
63 1894
30 1895
1896 90
956 1837
1897 1898
1899 63
63 1900
60 1901
30 1902
63 1903
1754 1904
1028 41
92 1905
948 1906
70 1907
92 1908
1909 63
92 1910
1669 1911
22 699
833 1912
405 1913
1914 754
1185 1230
1915 30
1426 84
641 1916
1917 1918
1919 63
1920 514
524 1921
716 303
987 1922
380 197
648 1923
1924 1925
1926 1
1927 1476
63 1928
103 1929
205 1930
1931 643
495 1932
63 1933
1934 305
1935 1936
1937 83
36 1938
142 1939
1940 1
1941 1
1942 1943
1944 135
1945 83
1946 83
63 1947
956 1948
4 635
46 368
36 1856
63 1949
796 759
840 1441
63 1950
63 1951
1952 699
1953 509
92 1954
92 1955
1956 197
398 126
30 128
63 1957
866 665
63 1958
247 1959
1960 90
63 1961
136 1962
36 1963
1964 90
1965 30
1966 92
142 29
30 151
30 1967
648 1968
36 1969
641 1970
1469 754
635 1971
1972 195
641 1606
405 1973
63 1974
83 1975
1976 30
92 1977
1978 50
199 1979
30 1980
74 1981
92 1982
30 1983
22 763
1984 1985
987 1986
30 1987
4 1988
1307 1260
63 1989
1990 1
22 1239
1991 7
1992 92
36 1993
57 766
36 92
60 1994
1995 1996
157 1997
1507 981
63 1998
1999 25
2000 63
63 2001
682 2002
987 135
398 1561
63 2003
949 2004
616 2005
2006 2007
4 1707
2008 2009
57 25
63 2010
1210 461
4 2011
2012 63
922 716
641 2013
63 2014
63 320
103 2015
2016 1230
36 2017
491 2018
63 2019
40 2020
1944 25
74 2021
2022 1173
2023 50
92 2024
2025 996
36 2005
2026 933
405 2027
405 2028
1086 2029
63 2030
36 2031
30 2032
2033 809
950 92
63 2034
2035 2036
74 2037
2038 782
1426 324
70 47
2039 1223
349 2040
135 197
2041 197
495 2042
2043 699
1325 451
1127 2044
495 2045
2046 2047
136 2048
2049 2050
2051 69
92 2052
716 103
2053 2054
60 2055
2056 74
90 29
2057 2058
2059 126
2060 2061
61 2062
2063 151
2064 1
2065 83
922 2066
2067 933
490 92
470 1134
2068 29
205 2069
2070 488
30 2071
2072 50
63 2073
2074 192
2075 2076
2077 30
40 590
108 90
2078 2079
22 2080
22 1355
781 2081
754 2082
63 2083
2084 90
463 503
63 2085
149 2086
2087 30
524 2088
164 2089
2090 587
2091 2092
92 2093
2094 2095
136 2096
2097 2027
2098 2099
1118 1491
1143 415
2100 41
2101 2102
862 90
2103 63
1953 1328
2040 197
36 2104
92 2105
2106 420
648 2107
2108 63
46 136
2109 2110
90 2111
2112 136
16 1834
63 2113
716 40
2114 2115
2116 92
2117 1196
216 50
22 2118
63 1727
648 2119
523 2120
4 2121
1163 2122
2123 1230
40 2124
499 2125
149 2126
55 2127
2128 2129
1934 2130
136 1154
2131 195
2132 451
77 2133
92 2134
2135 30
2136 92
2137 2138
63 2139
2140 1329
2141 92
205 2142
261 2143
30 2144
866 649
2145 38
2146 337
92 2147
495 2148
2149 1196
303 2150
63 2151
595 2152
70 83
30 2153
2154 2155
2156 2157
1426 2158
470 135
2159 83
1196 2160
4 2161
938 2162
2163 29
63 1718
2164 2165
29 1446
1612 2166
1235 136
2167 30
70 630
963 2168
2169 63
63 2170
862 2171
380 2172
249 2173
63 2174
2175 883
2176 1
2177 63
1999 755
629 2178
145 7
2179 2180
139 2181
63 2182
2183 762
92 2184
63 2185
2186 2187
883 2188
427 1
2189 2190
1250 1
781 2191
2192 50
2193 154
1007 2194
2195 25
92 2196
766 186
36 2197
716 57
2198 154
63 184
2093 154
63 2199
104 2200
2201 83
589 2202
629 53
4 2203
2204 154
933 2205
1060 2206
249 2207
63 2208
70 1618
2209 41
2210 2211
2212 2095
2213 587
2214 30
2215 83
755 22
2216 1
2217 2218
30 2219
2220 2221
2222 1
879 2223
2224 1
2225 1223
63 2226
30 2227
2228 1096
1407 25
92 1162
2229 954
2230 29
2231 92
36 2232
836 2233
582 2234
892 2235
247 57
1003 451
2236 92
63 2237
74 2238
190 2239
2240 63
1196 2241
36 1673
103 1004
46 2242
337 7
2243 2244
50 2245
74 2246
2247 2248
2249 83
76 146
2250 2251
63 2252
2253 630
36 2254
2255 431
334 2256
92 2257
305 2258
2259 395
475 850
595 2260
1418 2261
2262 43
16 143
2263 92
2264 233
136 591
534 2265
154 1544
2266 63
2267 2268
2269 1521
2270 50
1006 2271
265 2272
291 2273
63 2274
2275 305
71 1048
30 1977
1426 2276
1935 2277
834 598
2278 50
30 2279
92 830
149 488
2280 395
63 2281
475 2282
192 2283
2284 2285
906 83
2286 154
74 2287
499 2288
63 1709
2289 2290
405 2291
249 2292
495 2293
641 2294
2295 2296
2297 1
43 2298
30 2226
224 2299
30 2300
92 2301
40 1215
2302 1813
527 2303
16 2304
2305 83
63 2306
2307 2308
30 2309
63 2310
648 2311
2312 1
126 2313
2314 495
915 247
36 359
1953 2315
755 2316
90 858
2250 63
70 62
92 1357
2317 30
2318 2319
30 2320
989 2321
63 845
1143 464
2322 648
2323 2324
40 1795
2325 62
499 2326
405 2327
334 2328
108 1
272 2329
2330 2296
405 956
2331 90
1471 2332
92 263
405 2021
63 2333
398 2334
30 2335
2336 219
63 2337
36 1411
151 2338
524 2339
2340 30
192 2341
2342 2343
30 738
2344 154
2345 2346
103 2347
2348 305
1037 1325
2349 83
2350 997
36 2289
115 50
63 2351
380 2352
63 2353
430 2354
2355 83
2356 2357
63 2358
4 2359
1006 2360
40 2361
30 2362
63 2363
92 2364
2365 63
36 2366
2367 2368
430 1489
595 1175
2369 165
796 2370
1426 2371
793 2372
92 2373
1143 2374
30 690
4 2375
2376 2377
2378 2379
1344 2380
2381 255
2382 2383
1272 2384
261 2385
36 2386
61 154
2387 2388
36 2389
30 2390
987 2345
2391 22
36 432
2392 2393
305 325
856 2394
36 2395
30 2396
569 1931
2397 2398
2399 63
2400 2401
475 2402
611 216
2403 41
1622 151
50 2404
1855 41
989 2101
92 2405
46 514
420 2406
2407 2408
514 2409
1072 50
70 154
554 2410
2411 92
2412 2238
2413 90
1869 2414
1056 679
92 2415
2416 154
72 22
368 470
63 2417
2418 1223
1007 1783
2419 83
139 2420
2421 151
989 2422
2423 2424
2425 50
2426 1260
2427 1718
2428 50
249 2429
2430 60
2431 29
1028 2432
2433 92
2434 732
1171 2435
2436 568
2437 563
74 2438
2439 2440
261 1372
989 2441
43 616
1426 2442
92 1346
63 2443
63 2444
74 2445
2446 2447
63 2448
405 2075
2449 92
1426 25
63 866
36 2450
2025 2451
2452 71
63 2453
2454 881
2455 90
2456 1667
47 90
668 2457
2458 83
63 2459
989 2460
2461 50
879 1007
641 2462
2463 1215
938 2464
34 938
716 473
1441 2465
2466 2467
36 763
1399 2468
1360 83
2469 310
26 2470
63 2471
43 2375
2472 1727
92 2473
92 1730
4 2474
63 2475
653 2476
63 2477
2478 50
654 90
2479 2480
2481 2482
2483 154
2484 92
410 83
788 2485
63 2486
224 2487
4 2488
495 2489
743 83
593 886
1441 2490
2491 63
2492 344
2493 25
2494 50
2495 154
92 2496
2497 38
929 2498
2499 616
2500 1736
151 2501
70 2502
2211 92
36 2503
2504 630
2505 50
2154 2506
654 41
1643 2507
2508 1757
63 2509
2510 83
1742 2511
2512 2513
355 903
2514 192
405 2515
2516 2517
827 2092
891 444
950 2518
2519 641
527 2520
464 2070
2521 25
2062 62
2522 2523
126 2524
2525 83
2526 283
2527 2528
4 2529
2530 50
57 2531
908 2532
30 2533
2534 2535
2342 1007
2536 781
648 2458
2537 50
135 2538
1501 2539
2540 92
430 1707
2541 2542
475 2543
61 1233
368 2544
92 2545
598 1
2546 186
755 2547
2548 63
2549 151
2550 63
2551 83
2552 22
1360 2553
63 2554
2555 83
2556 1654
1149 50
2557 2558
281 2559
2560 195
2561 50
2562 2563
368 2564
2565 30
63 2566
414 83
1085 1
2567 63
92 2568
92 2569
310 2570
2571 281
866 2572
2573 1392
181 50
4 755
2574 63
2575 1050
404 2576
136 744
4 2577
809 2578
1196 2579
46 2580
63 87
2581 50
2582 444
318 1056
2583 63
2584 2585
1438 83
554 2350
136 869
1220 2586
514 2587
796 154
40 1031
989 2588
1035 116
755 2589
83 2590
27 2591
2592 51
1757 22
55 2593
92 2594
249 2595
1426 827
444 751
2596 54
527 2439
36 2597
2598 63
30 2599
74 2600
247 2601
994 2602
149 2069
2603 2604
70 2605
2606 801
63 488
1934 4
165 2607
2608 461
63 2609
40 2610
2611 2612
2613 2493
63 2614
2615 755
629 759
92 2616
16 2020
92 2617
40 763
92 1302
63 1896
2618 193
370 47
866 1
25 954
2619 255
63 1515
589 2620
888 2621
63 2622
36 2623
63 2624
2625 30
2626 151
404 2627
2615 47
30 125
2628 2128
2629 22
380 342
648 2630
2631 2632
63 2389
523 29
36 2633
2634 2513
192 2635
2636 83
2637 754
2638 1179
716 1618
2639 83
63 2640
2641 83
63 2642
249 2643
63 2644
2645 1
2646 63
2647 420
92 2648
63 2649
802 2650
240 2651
63 2253
2652 154
2653 135
2654 29
74 2655
154 2656
2657 70
2658 2659
2660 2661
63 2662
527 2663
1924 2664
2665 2666
2667 2668
1483 2669
893 2670
716 1571
192 2671
2672 29
264 2673
595 2674
380 1763
83 2675
172 2676
265 2677
2419 2678
1441 2679
16 2680
1215 2681
2682 464
30 2683
2684 30
16 2603
36 2685
2686 2687
2688 363
2689 1718
2690 2691
136 2692
934 390
164 92
30 2693
2694 63
2695 83
30 2696
103 913
30 2697
36 943
2698 2095
1582 2699
664 92
1675 2700
92 2701
16 2702
1092 2703
2704 63
581 2705
135 2706
2707 1
2708 801
1645 186
92 2709
2710 197
755 2711
208 50
405 2712
2713 255
305 450
1799 2714
2715 63
1579 2716
29 1302
4 2717
551 2718
2719 83
92 2720
2721 2722
648 2723
464 2724
92 2725
2726 477
527 2727
92 1781
30 2251
2728 2729
46 796
2730 1687
2731 1092
2732 2733
46 2734
2735 2736
2737 146
2543 50
139 2316
240 2738
165 104
60 2739
392 1
2740 25
34 90
30 1673
63 2741
2742 197
2743 163
36 2744
305 163
2745 63
136 1129
1344 92
2746 2747
781 2748
2749 395
192 2750
565 2751
2752 1
2753 2754
57 2755
2756 83
87 2757
544 2758
479 1679
648 2759
55 2760
2761 1065
1506 1400
36 2154
795 2762
1491 2763
228 2764
2765 662
643 2766
2767 1650
136 2768
30 2769
1678 2770
177 92
2233 2771
36 1954
63 2772
2773 2774
405 2775
781 2776
92 2777
2101 30
822 293
2778 83
136 1284
2779 2780
585 404
2781 420
2782 305
16 2783
2784 1264
2785 83
92 2786
2787 2788
92 2789
2790 63
2791 83
1145 2792
2793 2746
2794 22
36 2795
2796 30
527 41
63 2797
2798 2799
2800 1799
755 2801
684 2802
36 2444
36 2803
272 2804
2805 994
22 2806
829 83
2807 1664
2808 29
595 2809
60 1461
2810 1
135 2811
618 2812
46 2813
4 2814
342 25
63 2815
405 2816
2442 2817
4 2818
16 25
1260 2819
1325 2820
2821 1196
569 2822
2823 2824
36 2825
2610 2826
2827 587
1968 154
2828 83
824 2829
60 235
755 2830
2250 92
368 2147
46 2752
458 2831
648 2832
405 75
2833 154
654 2834
2835 163
192 1654
63 103
63 2836
1145 2207
2837 92
2838 216
368 2839
154 2840
2841 2842
63 2843
2844 2845
9 2846
36 126
1799 1
866 2230
1092 690
2847 1196
1820 25
2848 63
2849 2307
92 765
92 2850
2851 135
281 2852
2853 529
164 90
92 2854
2227 44
2748 41
2855 136
2233 1007
16 2856
2857 2024
63 2858
2859 2860
2861 2862
1132 2863
63 2864
2865 90
63 2866
2867 638
40 2868
2869 197
2870 45
2871 151
641 2872
1828 2873
4 2874
2875 1535
2876 1391
30 2877
74 2878
27 1163
30 2879
36 2880
22 941
450 2881
1028 2882
2883 2659
63 2884
2885 982
136 2886
684 2887
26 1441
136 2342
2888 2889
2890 25
2891 30
50 2892
2853 2893
36 2894
36 2895
136 2896
305 2897
92 2898
641 2899
30 2900
2901 2902
63 2903
63 2904
1418 2905
55 2906
760 2907
30 2908
2909 1
1319 40
57 2910
2911 192
2267 2912
2913 25
34 2914
641 2915
2916 2917
368 1617
36 2918
30 2919
2378 60
921 1486
2920 2921
63 187
40 2922
63 2675
2923 2746
2924 2925
30 1958
2926 1230
63 2927
1820 679
12 113
405 2928
479 2929
2858 92
2930 142
936 154
92 762
517 83
154 2931
2932 595
2933 2541
2934 30
46 2935
2936 83
1092 197
1418 71
2937 563
272 2938
157 2939
36 2940
2941 177
876 83
1690 2942
2943 83
83 2944
527 2945
2247 2946
2947 4
967 2948
73 29
2949 32
71 2950
63 2951
40 2952
63 2953
2954 1
108 2955
92 151
606 41
47 29
36 1092
2477 83
22 280
108 739
63 2956
398 490
2957 63
405 2958
2868 83
648 2959
63 431
63 2960
641 805
475 2961
801 2962
2963 2964
63 2544
63 90
2154 1941
2965 648
2966 2967
2968 2969
2970 30
1571 2971
249 25
2972 1
2973 2974
945 247
261 2975
2976 491
491 2977
479 931
1622 22
648 2978
1664 2294
2979 754
92 2980
305 2981
36 2982
63 2983
47 83
1678 461
2984 2985
55 2986
737 2987
648 2988
2989 648
63 2990
63 2107
484 2577
2991 464
824 54
1897 154
2992 2993
2994 1050
2995 119
2996 83
1549 2997
2998 652
2596 2999
3000 41
3001 1
126 197
3002 205
1953 679
1379 3003
1675 3004
1935 977
63 3005
514 1202
3006 83
159 1407
3007 83
464 3008
3009 3010
3011 3012
296 7
927 25
601 2650
3013 1
380 635
90 3014
2109 3015
3016 79
3017 1072
2610 3018
2521 3019
83 3020
491 3021
3022 1230
92 3023
3024 83
83 3025
63 3026
46 3027
63 3028
3029 961
368 3030
92 334
3031 3032
142 356
136 1547
3033 29
744 50
63 3034
3035 3036
36 1191
3037 83
1675 30
63 3038
149 3039
30 3040
3041 1827
3042 933
3043 828
3044 25
3045 3046
3047 63
70 3048
272 3049
3050 3051
405 216
4 3052
1829 618
3053 3054
3055 60
136 3056
629 63
36 2345
55 3057
3058 479
922 2747
1426 755
3059 3060
430 3061
4 2546
385 154
70 844
29 1
3062 283
177 3063
3064 3065
876 3066
3067 982
3068 3069
451 62
40 50
3070 50
2470 3071
641 3072
3073 975
989 154
92 3074
46 1953
135 143
3075 3076
305 3077
866 3078
40 3079
759 154
616 3080
71 3081
3082 1
165 3083
63 3084
16 3085
290 22
3086 63
641 3087
3088 3089
3090 866
2186 3091
1037 3092
2637 3093
63 2052
3094 3095
3096 92
136 3097
3098 2029
63 3099
433 2490
3100 38
63 3101
3102 149
1414 1654
272 1660
716 71
3103 283
3104 1345
3105 83
40 3106
63 1346
3107 1230
36 3108
1272 1621
937 451
827 3109
4 3110
63 3111
648 2518
36 3112
754 2896
63 3113
3114 1
989 3115
1736 284
3116 90
3117 3118
1426 3119
3120 1
334 3121
92 3122
3123 92
516 83
3124 50
1650 3125
46 3126
1563 3127
25 3128
2861 3129
3130 1555
36 3131
3132 50
3133 63
3134 3135
2354 154
3136 3137
871 3138
3139 83
92 2217
29 3140
3141 1216
1022 154
849 2467
40 1461
3142 2400
3143 197
3144 431
115 1
143 1706
1327 3145
3146 22
63 175
809 2082
22 3147
63 2041
216 2513
1687 3103
3148 3149
3150 475
3151 149
3152 3153
63 3154
565 57
922 3155
2110 3156
305 3157
1127 3158
247 1724
2552 62
2805 310
1244 92
1667 3159
464 3160
430 3161
933 3162
1426 3163
3164 63
40 641
534 3165
1169 1
36 616
40 3166
2610 3167
3168 363
3169 1164
30 3170
3171 83
3172 16
1233 3173
63 3174
3175 63
63 3176
755 3177
16 2748
430 43
3178 30
63 3179
3180 216
3181 3182
2608 22
3183 3184
40 438
63 3185
3186 1
249 3187
1645 3188
1418 3189
305 1443
63 3190
63 44
197 3191
763 1
3192 92
30 3193
3194 233
3195 154
92 3196
1660 146
3197 2136
46 915
443 3198
71 3199
1033 3200
3201 25
3202 83
3203 3204
3205 2451
84 63
760 850
1807 3206
2492 3207
3208 3209
3210 51
272 3211
3212 3213
252 97
92 1703
3214 395
63 3215
359 3216
3217 3218
63 3219
63 1097
3220 1008
1832 642
63 3221
618 3222
2427 92
197 3223
3224 484
381 3225
989 3226
3227 1040
771 3228
63 3229
2538 1
386 3230
646 83
63 3231
30 3232
30 3233
34 3234
370 1092
63 3235
3236 154
154 3237
902 54
3238 1
3239 395
30 3240
3241 1
2638 3242
648 3243
2504 83
637 3244
3245 1260
63 2495
1040 3246
1242 3247
98 3248
716 3249
1993 3250
3251 92
3252 83
36 3253
3254 29
30 3255
1776 154
398 103
755 3098
3256 29
30 256
3257 1179
3258 3259
3260 3261
1678 255
153 3262
247 2608
2254 1
1483 3263
55 38
3264 30
1072 3265
3266 29
648 3267
3268 192
866 83
41 1446
92 3269
30 3270
36 1208
3271 83
2356 3272
1996 121
36 3273
3274 456
370 154
3050 3275
1179 3276
30 3277
247 103
3278 398
963 3279
3280 688
3281 50
3129 41
36 961
1441 3282
2339 954
3283 63
63 3284
55 305
802 34
3285 3286
451 3287
3288 205
195 3289
405 3290
1608 90
3291 41
92 1789
527 3292
1879 3293
63 3294
3295 3296
1223 154
368 63
224 2262
3297 30
3298 247
195 3299
247 2015
443 616
3300 272
36 3301
249 2621
3302 3303
63 3304
3305 186
3306 195
46 90
3307 4
987 3308
3309 1
92 3310
3311 83
197 3312
514 1092
3313 653
648 1642
3314 63
3315 3316
247 1544
3317 92
36 3318
666 420
90 3319
1944 34
3320 3321
527 3322
3323 1011
1645 3324
36 369
16 1070
1790 83
325 25
3325 395
30 3326
3327 3328
3329 369
3330 29
3331 50
1645 3332
63 3333
4 1735
1011 50
3334 63
192 587
760 3335
36 3336
1092 451
477 644
1011 3337
149 3338
92 1294
3339 1673
63 3340
648 3341
1858 83
4 2986
36 3342
70 3044
233 3343
2206 3344
527 805
3345 63
3346 63
3347 2955
3348 3349
3350 29
3135 1477
70 3351
862 154
3062 515
2070 154
63 3352
3094 170
36 485
2842 1535
432 3353
63 3354
398 1
172 154
228 1955
233 50
3355 151
2580 1091
3356 1634
3357 488
30 3310
933 3358
3359 2233
30 3360
716 534
2 4
36 3361
92 2697
3362 29
3363 3364
30 3365
478 3087
3366 281
63 3367
46 3368
595 1198
3369 390
2345 3370
380 964
744 3371
2307 83
989 3372
30 2623
151 3373
949 3374
3375 154
60 3376
2790 30
405 2037
3377 63
30 2007
70 3378
3011 163
3379 1235
949 3380
63 3381
3382 151
547 3303
483 25
1020 90
197 255
915 29
3383 654
34 1888
192 3384
470 83
146 3385
3378 103
92 2510
1645 3386
2612 349
1092 1
3387 875
63 3265
15 3388
63 3389
833 2284
92 2640
63 3390
766 3391
3392 3393
1418 2043
641 3394
2998 1924
3395 177
60 682
716 1645
30 3396
888 3397
3398 3399
40 3400
1233 3401
1426 1757
3402 63
3403 2423
63 3404
113 41
3298 25
30 3405
30 1714
3122 50
3406 866
2847 92
491 3407
589 3408
368 1
3409 3410
3411 63
648 3412
74 3226
83 3413
638 2298
30 3414
3415 387
3416 3417
63 3418
1539 146
420 248
893 3419
30 83
3420 3421
40 3422
92 3423
3424 653
3425 29
60 1959
699 3426
36 3427
2552 25
197 2111
136 3428
3429 3213
30 3430
3431 60
63 3432
3433 50
587 3434
63 3435
139 3436
3437 2233
569 3438
527 3439
430 3440
143 50
192 3441
63 1821
430 2754
430 769
3442 83
3443 3444
3445 3036
36 3446
2596 50
310 63
822 641
30 1027
524 3447
63 3448
4 1763
3449 906
16 539
3450 83
648 3451
305 3452
648 493
490 759
3453 1
92 3454
3455 3456
2447 3457
629 1092
252 607
36 3458
36 3459
16 3460
2038 29
224 3461
63 3462
3463 3464
3465 3466
3467 83
83 3468
3469 171
30 3470
41 83
495 3471
3472 154
3473 63
305 3474
3475 3476
796 3477
126 3478
4 1606
954 3479
50 3138
695 69
3480 50
3481 40
92 2107
135 2041
63 3482
430 3483
1426 3484
1138 154
63 3485
92 3486
199 3487
149 3488
3489 63
1286 653
3490 83
139 2589
70 888
3491 136
3095 170
342 1400
3492 587
63 3493
63 3494
1953 3495
3496 90
3497 15
63 3498
3499 766
3500 30
835 1535
1196 3501
126 3502
165 1317
84 3503
431 3504
27 3505
43 2929
63 1123
63 1922
3506 2497
30 3507
444 3508
781 606
477 3509
915 3510
3511 29
436 154
949 50
63 2405
3512 69
3144 83
36 3513
36 1551
30 3514
470 318
464 3515
371 50
3516 1092
3517 63
3518 3519
92 3520
759 478
1438 3521
63 329
3522 3523
60 1763
1464 1832
2541 1531
46 3524
3525 63
3526 63
1092 3527
179 1
2211 3528
84 3529
1447 3530
945 22
2900 29
1210 1693
63 2626
876 29
1441 3531
3532 395
1092 154
1755 3533
849 1736
261 3534
40 591
46 2742
36 3535
63 3536
491 1242
1966 63
3537 83
3538 3100
136 3486
1669 3539
3363 247
224 461
2266 92
2186 2532
1325 3540
30 3541
716 3363
1552 247
3542 3543
1561 3544
3545 3546
1426 3547
63 3548
809 3549
2841 708
136 610
2041 50
3290 2412
1805 30
716 73
1584 90
63 3550
70 1571
2776 782
2311 50
3551 83
3552 83
63 3553
846 90
63 3554
92 2048
3555 1
36 16
63 3556
2047 3557
272 3558
36 3559
3560 83
135 103
92 3561
833 3562
3563 7
3564 2746
63 3565
4 258
648 3566
30 1238
3567 3568
3569 83
16 3570
3571 70
63 2504
1645 1550
405 781
92 1318
969 3572
135 3573
1305 294
3574 90
903 1173
3575 50
3576 63
3577 1
3578 2451
3579 90
3011 2029
30 2764
398 165
30 3580
57 1565
16 3581
3582 3583
2615 40
74 3584
3585 3586
30 2409
63 1526
2801 3587
1418 3588
3589 1223
92 1179
3590 3591
22 913
3592 83
1942 548
3593 1092
63 3594
3595 3423
2138 3596
306 954
36 1961
63 3597
648 3598
536 3599
1501 3600
2653 3601
3602 1
1196 3603
581 995
3604 83
36 3605
3606 30
4 3607
247 894
63 3608
3609 63
63 3610
380 305
3611 25
30 33
395 3612
2097 3613
988 83
63 1691
55 1328
699 1197
63 3614
3615 197
63 2401
154 3616
2070 197
1091 3617
3618 90
3619 3620
63 3621
2672 1196
63 3622
30 3623
2261 3624
967 83
4 22
3223 1918
3625 233
368 3626
30 3627
2391 247
30 3628
63 60
30 417
3629 63
55 1260
1011 3630
3631 63
2372 3632
30 3633
3029 2472
151 3634
59 103
1173 3635
897 3636
3637 154
92 3638
795 3639
40 3640
477 3641
139 136
3642 92
3643 1
3644 25
1673 1
92 3645
3646 3647
668 92
3648 1
3649 83
3650 3643
1187 163
1747 1643
2350 3651
2610 3652
3653 90
63 3393
4 3654
668 3655
3656 92
4 3657
1219 2472
2705 653
92 3658
3659 7
3660 1196
92 3661
63 3662
16 3663
63 2466
3664 247
63 3665
3666 154
400 3667
906 464
2760 3668
63 3669
149 3670
3671 63
3672 40
3673 648
473 22
3327 3674
92 3427
3675 83
1040 3676
759 488
3677 92
3195 310
1033 3678
4 3679
63 3680
3240 83
247 3681
154 3682
342 3683
868 83
763 83
3684 30
63 3685
499 2499
63 92
883 90
3686 1675
177 3687
581 1426
3688 92
1211 3689
3690 2829
3691 154
92 60
57 566
3692 1368
716 755
30 3693
3694 3583
3695 3696
63 781
3697 1
92 3698
3699 205
41 1173
70 1424
1329 3700
464 628
840 3701
405 3702
177 3703
3704 90
233 3705
74 3706
1526 3707
3708 83
3709 3710
22 2273
3711 3647
63 3661
30 3712
648 3713
554 3714
177 3715
3716 29
1151 151
3717 3465
1618 25
2040 3718
3719 1535
3720 83
30 502
3721 63
3449 165
3722 41
63 3723
3724 3725
63 3726
3727 186
126 3728
4 3729
63 3730
3731 54
3732 83
3733 83
16 3734
149 2407
30 3735
305 3736
3737 83
1132 3738
136 3739
63 3740
30 706
3741 50
22 3742
63 3743
716 1438
16 3744
1418 3745
3746 154
36 1505
3747 3748
3749 25
3750 3751
420 331
261 434
1885 50
3752 151
3753 83
63 3754
63 3755
92 3756
987 3757
30 3758
3759 30
3760 90
2126 3761
233 3762
3763 987
3181 3764
495 3765
688 2883
3766 933
3767 30
30 3768
3769 3770
2109 3771
1438 25
1325 3772
63 3773
228 3774
4 2798
249 3775
760 2661
228 3776
380 464
70 3777
36 3778
149 3779
36 866
3780 63
805 2294
3536 1
36 2182
491 3781
3782 63
922 3783
261 3784
63 3785
247 3786
3787 60
3788 92
30 3789
648 3790
3791 3792
22 1003
1561 3793
568 2406
3794 83
74 3795
2392 92
2615 154
92 3796
1669 3797
3798 15
3799 16
1228 3800
2098 3801
1236 3802
2304 54
92 3803
63 3804
92 54
3805 1549
3806 1634
3807 29
16 3808
1879 3809
36 1302
135 3810
3811 154
3812 29
3813 63
90 3814
30 1825
63 3815
157 3816
63 2433
692 54
310 3817
3818 1129
355 2747
3819 616
2638 3820
2391 1461
289 30
66 1464
92 3821
3257 3822
3823 22
63 3824
1092 54
511 3825
3826 1
648 3827
369 63
3828 16
63 4
63 3829
149 3830
103 3831
2534 3832
63 3833
136 1654
3834 84
2388 62
63 3835
1669 2747
3232 29
305 844
36 3836
355 1671
63 3837
228 3838
420 3839
3840 1391
63 3841
63 3842
3843 3844
3181 3845
261 3846
4 3847
38 3848
3849 1
70 2830
3850 616
1132 3851
4 3852
63 3853
3854 30
2267 3855
3856 653
3516 587
2583 92
281 3471
3857 3858
2610 3859
40 3860
22 1408
551 3861
63 3862
716 50
3863 2513
699 3864
3865 63
3866 25
1011 90
36 3604
827 83
3867 25
22 1707
165 25
272 3868
92 1719
3869 3870
2861 3871
3872 2025
3873 151
3874 3875
35 3876
2264 648
1211 25
866 870
63 3877
3878 3879
70 2191
1171 2095
249 3057
33 83
3880 50
589 3881
2610 1803
3882 527
63 3883
305 3884
3885 63
228 3886
92 3887
92 3888
470 1068
22 519
3201 1707
836 3889
3890 395
2263 63
63 3891
3892 951
30 3893
3894 83
74 3895
1164 151
63 3896
1438 3897
63 3898
56 22
216 29
1088 2824
3899 3234
30 3900
3901 3902
1604 3903
464 3904
36 3905
759 1542
3906 30
46 3907
3908 51
369 3909
30 1164
185 255
2419 1
907 154
1072 83
63 3910
3911 151
108 1092
40 3912
3913 451
1495 83
154 1607
3914 3915
3916 1722
16 595
272 83
3472 90
1984 3917
3918 3919
810 247
3920 63
70 30
46 1561
1736 3921
3922 63
247 1549
3923 1675
92 3924
2388 154
3925 63
36 3926
3927 479
63 3928
781 3929
38 50
40 3930
247 1500
1426 3931
71 3932
30 3933
1551 135
1776 108
63 3934
136 38
30 3935
92 3936
261 3937
92 3938
36 3939
1763 3940
3941 1654
261 3942
92 3943
648 3944
3945 83
90 3946
34 1106
430 3947
16 3501
3948 1
3141 3949
3950 451
3673 228
475 3951
3952 648
3953 63
1521 3954
63 3955
3956 551
368 3957
63 3958
92 3959
601 3960
2211 3961
2710 2226
72 3962
3963 92
3964 3965
405 3966
92 3967
36 3968
63 3969
149 92
63 3970
949 637
357 1357
2434 3971
154 3972
92 37
1151 3973
430 103
159 3974
3975 40
1215 3976
2748 83
247 2388
3977 334
3359 48
3978 2029
987 3979
2142 83
2196 83
74 3980
1722 1400
63 2425
113 3981
3982 3983
648 3984
36 394
16 3985
3986 3987
491 3988
3084 1651
2653 3989
16 3990
3991 3992
3993 2563
3994 954
70 370
3995 74
27 63
63 3996
3997 83
3998 63
1215 3999
4000 4001
3077 4002
70 475
63 4003
4004 820
249 1146
3291 50
641 4005
40 436
1551 50
3219 1129
954 4006
3232 1
716 61
63 961
92 1950
252 4007
4008 1075
4009 3583
4 4010
2608 4011
4012 63
464 4013
136 4014
2391 25
4015 41
205 4016
247 4017
113 4018
2347 25
192 4019
4020 92
527 4021
63 4022
716 51
2 4023
4024 4025
3295 4026
601 4027
63 4028
2955 92
2593 40
63 4029
4030 3986
4031 420
92 4032
4033 4034
4035 1
478 1727
527 3722
272 4036
4 4037
963 4038
1048 4039
1813 4040
4041 2495
961 4042
30 4043
4044 1866
63 4045
3295 4046
1006 4047
4048 255
4049 87
63 4050
410 1566
30 4051
92 281
177 4052
63 4053
30 4054
1426 1379
4055 74
92 4056
949 1
63 4057
1776 30
4058 334
908 4059
135 30
4060 63
157 4061
4062 4063
1832 4064
569 4065
1145 25
4066 63
63 4067
739 50
92 4068
4069 83
4070 83
4071 1
103 4072
92 4073
74 4074
490 136
63 4075
92 4076
25 1576
527 4077
4078 1091
30 4079
2396 83
4080 29
4081 4082
922 92
2106 1579
4083 154
4084 4085
30 4086
3217 2350
4087 136
648 4088
90 4089
4090 388
74 4091
4 4092
136 1092
3263 79
153 759
71 4093
136 2158
4094 3483
2378 4095
386 30
4096 50
4097 4
2164 1
73 1233
135 41
4098 1050
46 2070
2302 954
1419 25
4099 1
4100 4101
759 25
4102 3456
4103 1
63 4104
879 4105
136 4106
4107 2528
151 1
2541 4108
4109 4110
36 347
4111 15
3157 131
4112 1230
4113 83
305 1379
87 3807
4114 63
1379 4115
4085 616
92 4116
4117 83
4118 488
3893 1
4119 63
4120 151
4121 4122
1325 4123
989 4124
641 4125
55 3257
83 487
30 4126
4127 1
63 1289
1426 43
915 41
1320 29
4128 1050
2292 25
63 4129
781 4130
92 4131
30 4132
92 848
4133 154
1253 62
4134 15
30 541
840 475
228 1335
46 40
4135 398
60 1036
4136 25
92 4137
228 1718
30 4138
1582 25
4139 4140
527 4141
4142 92
925 4143
92 4144
30 4145
4146 2128
1131 50
30 4147
63 4148
903 50
4149 63
4150 4151
30 4152
1183 29
63 4153
63 4154
57 4155
13 1564
1099 527
4156 4157
4158 92
1669 4159
3207 4160
305 1813
1716 90
4161 69
4162 63
491 4120
205 4163
544 4164
63 4165
430 4166
4167 29
63 4168
602 2250
44 3769
1553 83
92 1632
30 4169
2650 50
2419 4170
4 62
629 4171
3249 1724
491 3247
63 4172
63 4173
554 4174
4175 63
3586 4176
527 4177
4178 630
1254 22
30 4179
74 4180
272 203
1669 4181
755 73
30 4182
103 235
92 4183
4184 83
2923 142
63 4185
92 4186
4187 1
135 90
4188 92
3425 63
3956 4189
69 2896
1177 25
4190 69
1592 83
2 247
4191 90
305 4192
74 4193
4194 25
1265 2040
4195 50
648 4196
233 4197
4198 51
63 2031
4199 1129
4200 1
63 4201
228 4202
4203 1709
63 4204
4205 1230
70 824
73 62
16 1030
699 4206
398 464
63 4207
444 4208
63 3627
305 4209
581 136
4210 154
4211 4212
817 2121
744 4213
1228 4214
63 4215
63 562
595 4216
4217 90
4218 83
116 4219
63 1310
22 1840
92 4220
4221 1
4222 13
3298 90
22 4223
36 4224
565 4225
456 4226
151 1931
4227 308
41 38
30 4228
103 4229
92 1461
30 4230
108 197
247 186
4231 25
4232 25
1885 216
1669 151
4032 1
63 1942
261 30
4233 63
1145 3057
491 4234
4235 981
4037 4236
36 2226
883 83
4237 648
1011 4238
4239 63
92 41
1028 1332
55 451
70 616
36 4240
1501 2367
1426 4241
4242 258
3722 90
2872 15
4243 404
126 4244
149 4245
1639 2747
589 942
63 4246
63 3655
4247 933
4248 22
4249 2563
444 1887
1325 4250
1177 63
2070 4251
3773 2709
57 4252
4253 333
30 4254
36 3553
716 4255
57 4256
1228 4257
2109 327
247 1693
4148 83
4258 1883
4259 1272
915 90
84 1009
4260 2296
30 4261
4262 4263
2115 50
2492 2920
4264 1
4265 57
2797 154
36 4266
4267 30
92 4268
1037 551
40 4269
641 4270
254 4271
4272 949
4273 4274
4275 30
4276 390
63 4277
55 3146
4278 1675
163 4279
4280 4281
3295 4282
3516 4283
4284 92
36 2731
641 4285
4286 10
4287 50
1179 4288
4289 1
63 1328
70 439
595 2303
4290 50
875 4291
4292 92
30 597
247 2195
34 255
3427 154
63 4293
63 4294
92 4295
63 4296
1772 925
488 2111
4297 63
1462 3084
92 371
1555 4298
1283 4299
30 107
63 2078
1208 50
2754 718
4300 3315
305 1549
63 4301
92 4302
103 1050
4303 50
63 4304
4305 60
261 2093
63 4306
30 4307
4308 468
63 4309
4310 3824
3253 1867
2109 4311
30 4312
149 4313
475 4004
63 4314
2027 4315
796 197
4316 1
126 4317
1689 83
4314 154
92 4318
4319 464
3412 83
1520 4320
34 4321
70 451
4322 7
4323 90
4324 83
781 370
2132 1154
4325 568
4326 92
1196 4327
4114 30
240 3802
63 4328
400 63
4329 29
499 4330
796 4331
4332 1129
1441 3071
36 1056
303 4333
4334 83
30 4335
4336 4337
4338 63
63 4339
755 254
716 635
4340 1755
228 4341
92 4342
755 4343
40 4344
63 4345
4346 29
4347 197
1675 4348
4349 90
4350 949
154 3095
4351 192
744 4352
3722 186
1934 4353
4354 154
70 4355
2233 4356
1738 154
63 1008
4119 1
2665 4357
272 4358
4359 83
4000 4360
2162 618
46 1280
4361 1
30 1975
34 4362
1228 2490
4363 41
4364 395
3320 781
177 4365
1424 4366
2998 3183
3709 4367
716 1260
69 4368
4369 83
2527 4370
761 30
63 4371
491 4372
4373 653
648 4374
3192 420
485 30
3485 4375
4376 766
716 1471
2040 2746
4377 63
70 2261
63 4378
63 3171
87 4379
92 4380
4381 495
4377 1092
34 3851
2841 4382
914 488
205 4383
233 4384
1249 4385
4386 29
3114 83
90 4387
4388 22
63 50
4389 2040
866 4390
2070 90
163 4391
16 1320
63 4392
1561 4393
961 154
648 4394
4395 1129
87 4396
30 4397
4 844
4398 2511
63 4399
63 4400
79 4401
4402 38
3547 4403
4404 781
46 4405
756 4406
796 4407
4408 310
1832 4409
171 83
30 4410
444 2746
534 3727
405 4411
4218 92
4412 154
4413 4414
4415 464
36 4416
4 2125
4417 1310
70 4418
536 83
46 1446
470 4419
4420 4421
4249 216
63 4422
252 4423
30 4424
4425 9
4426 104
2888 4427
63 4428
63 4429
36 934
60 3857
1185 4430
4431 4432
149 4433
2254 83
1706 29
63 25
4434 63
197 29
44 4435
4436 92
849 4437
660 83
4438 4439
337 4440
4441 334
108 29
4 4442
4443 2115
63 2089
92 1365
1426 92
692 1092
601 4159
4395 4444
1314 4445
92 4446
210 4447
4448 420
963 2761
4210 4449
1491 1031
87 4450
961 4451
2582 2267
302 151
261 4057
755 4452
3017 1393
1999 1645
410 2594
2186 4360
534 4453
55 635
92 4454
3186 4455
36 1024
744 4253
4456 83
4457 4458
914 197
4459 1163
305 4460
1187 4461
55 839
2492 4462
4463 4464
641 2747
92 90
63 4465
2157 714
83 4466
3751 41
63 1678
1889 30
2342 4467
4468 754
4469 2772
4470 840
16 4471
185 25
2859 92
30 4472
1329 4473
63 4474
55 1179
514 691
2807 4475
103 2381
2670 844
1357 4476
833 3700
63 4477
1491 83
30 4478
55 2629
93 4479
43 2326
699 4480
4481 4482
92 2252
2853 4483
63 4484
405 4485
3085 4486
4258 25
756 4487
151 4488
1132 4489
92 4086
1048 25
36 4490
979 1
1461 4491
192 4492
3260 4493
4494 2472
763 4495
554 4496
34 1354
4497 1
151 4498
4499 29
90 4500
4501 1
63 4502
2891 92
1228 1243
63 4503
1879 4504
1145 250
648 4505
149 135
4 1047
3123 4506
4507 25
60 2601
4508 12
1426 40
499 4509
491 3791
63 4510
638 291
108 1072
46 41
4511 25
90 616
1706 154
249 4512
63 4513
692 4514
63 4451
63 4515
4516 395
63 4517
490 2388
36 4501
4 4518
92 4519
135 535
63 217
63 17
4520 1
63 1111
755 4521
41 488
2354 25
4522 29
4523 2511
4524 63
40 1544
228 4525
90 4526
2116 63
95 63
488 25
30 1072
458 4527
922 4528
36 1737
759 2070
1336 48
4121 83
30 578
272 4529
63 4530
998 4531
4532 29
4533 154
92 1188
63 3243
4534 4535
72 291
4536 154
582 4537
108 1710
2228 4538
1164 83
4103 92
491 4539
1438 4540
873 4541
4542 648
2454 3397
4543 63
4544 527
2765 420
477 4545
1755 3202
398 4546
149 4041
36 4547
997 555
1271 22
2601 4548
4549 1654
4550 83
4551 29
3791 4552
92 171
4553 50
4554 186
4555 1007
1828 4556
4 4557
4558 754
55 4559
4560 50
796 4561
310 1028
4562 1934
92 4563
967 4564
1134 4565
63 3860
30 104
1602 420
949 4566
2754 4567
4568 3059
4569 4570
4571 233
63 151
40 4572
4573 4574
92 4575
63 4576
4577 22
2035 50
4578 509
654 488
949 3408
4579 83
688 2492
755 4136
228 4580
30 4581
4136 103
249 4582
2861 4583
400 4584
430 2521
92 540
477 4585
90 4586
1561 4587
2541 4588
4589 1591
987 759
3330 83
4590 83
63 4591
92 1520
4 834
4 4592
63 2175
595 4593
2668 4594
63 4595
41 4596
55 720
4597 4598
63 2967
63 3513
334 4599
1357 83
4600 801
2154 4601
1047 954
92 4602
4603 1010
40 90
4604 484
1392 1
4605 83
4606 83
36 392
479 3819
3203 4607
3510 1645
961 4608
3187 1045
4609 63
4610 4611
46 3824
4612 1
4613 4614
63 4615
430 4616
136 1372
431 4617
247 424
30 4618
760 4619
92 4620
4621 83
1954 83
4622 30
2046 4623
60 4624
4625 1521
92 1075
739 90
261 4626
92 1737
759 1092
74 3372
473 4627
3100 4628
4629 63
4630 3465
63 4631
4632 1011
430 4633
4634 648
154 1302
63 1828
949 4635
4636 29
36 46
72 130
63 4637
491 4638
4639 83
200 92
840 4640
4641 119
1840 4642
4643 4644
4609 987
92 4645
622 34
4646 1501
648 4647
126 135
74 4648
305 4649
199 1871
2456 4650
641 4651
36 488
92 4652
63 543
4653 83
4654 1325
1826 527
4655 4656
2744 1
43 25
4657 648
4658 197
4 3468
63 4659
1693 22
4660 83
2261 1001
92 1310
922 4661
3777 29
922 4662
1179 4663
4664 25
769 1053
4665 252
71 2292
4666 29
4667 2115
63 4668
1145 4669
4670 4671
2523 54
1048 4672
3402 30
4673 30
40 539
3978 4674
4675 22
4676 1284
2807 805
1820 354
87 4677
92 4678
4679 15
281 496
4680 83
1242 4552
527 905
4681 50
3058 616
4682 503
126 4683
4684 4093
29 4685
55 499
2698 7
27 4686
4337 50
318 420
40 4687
63 4688
554 4689
478 3770
3783 154
844 4690
92 4691
4692 63
3090 29
4693 83
63 3255
441 103
4694 4695
36 915
16 4696
63 4697
4698 272
63 4699
1984 755
1179 4700
398 40
2472 1537
4701 477
4702 431
4703 2279
165 4704
63 2728
149 4705
16 4706
527 4707
4269 62
4708 29
34 4709
565 4710
893 4711
36 136
595 4712
224 4713
4714 143
1520 4561
527 4715
108 83
4716 439
2267 4717
527 625
305 4718
149 50
36 4682
475 4719
4720 1
63 4721
4722 92
1561 420
205 470
654 50
4723 420
2046 684
154 4724
63 136
4725 333
4726 1344
4727 63
22 4728
1002 4729
63 589
92 488
987 1807
2070 4304
4730 197
30 1608
4731 464
4 4732
436 1727
4733 4
3907 1032
30 4734
4735 948
63 3561
63 783
759 641
4736 1
4737 83
199 4738
3881 69
4739 63
885 4740
495 2559
247 1399
3400 29
4741 135
57 1765
4 4742
92 3581
228 4743
464 1794
2688 63
70 1039
4744 29
55 4745
2419 126
499 4746
4747 22
30 4748
3028 83
4749 1903
63 4750
2154 1798
689 4751
759 90
46 4752
4753 151
63 3451
249 4754
4755 1
3724 4756
139 4757
4758 4759
430 4760
1310 83
4761 4762
4763 503
63 4764
36 2242
1694 30
963 4765
4766 4767
315 633
63 4768
716 4769
63 593
165 1953
142 1222
4770 151
1749 1
92 4199
63 4771
22 306
654 83
22 4772
1196 4773
92 1584
153 462
4374 83
219 92
108 2126
484 4774
4670 4775
1817 3213
4776 648
36 2324
1145 4777
1112 4778
4779 630
4780 4781
405 2397
2452 25
87 154
699 4782
2903 83
50 3663
92 4783
527 3041
30 4784
4785 4786
390 4787
568 577
4100 50
4337 16
126 4788
16 29
866 4789
247 2062
2352 25
30 4790
92 44
46 369
247 4791
4792 34
4793 50
4794 3180
3997 1
4795 4796
3956 552
92 3186
4797 30
1058 83
36 4798
4799 987
136 4800
4801 450
1329 3562
228 3684
4802 90
716 4037
641 2517
4803 41
63 3814
90 4196
4804 83
1634 4805
383 1006
252 2886
72 4806
92 4807
4419 30
2262 1180
3682 50
92 4808
4809 146
4810 63
63 4811
4812 420
74 4813
63 1020
4814 1196
153 851
405 641
4486 4815
16 4298
2888 4816
92 4013
30 4817
4818 4819
4820 637
3439 15
104 4821
2012 90
2733 4822
63 4823
70 29
4824 15
272 4825
4826 1075
2481 4824
63 4827
648 4828
527 4829
261 4830
30 1579
430 4
781 3722
503 3554
247 2543
190 643
126 4831
30 4832
16 4100
4833 1
4834 92
136 1072
4835 1010
22 1959
92 4836
63 4837
63 4838
1621 22
4839 180
1760 1535
833 4840
126 4841
648 4842
36 4843
464 90
4844 527
635 62
63 4845
2684 4585
16 1072
63 4846
1459 69
527 2650
792 4847
16 4848
30 4849
4850 4851
684 4852
1441 4686
796 791
261 4853
3273 197
398 4108
4854 83
4851 880
759 3171
63 3709
22 4855
4856 83
70 126
2228 684
3722 1269
4857 2292
36 4858
4387 4859
55 1424
63 4860
2211 1796
1102 4861
4 1549
4862 404
30 4371
4863 154
2169 92
4864 1
2970 63
840 4865
1143 488
92 4866
4 2987
30 4867
499 43
4868 63
30 4869
92 2555
63 4870
4871 63
518 7
46 488
30 4872
3836 63
4873 3276
149 1310
405 2438
1949 4874
4875 954
398 4666
4876 163
103 941
3692 1161
70 283
92 536
4877 195
87 4878
405 90
63 4879
3011 3831
2419 154
92 69
4336 4318
4880 866
4809 1171
30 4881
30 4882
4883 16
802 963
92 4884
4 4452
470 54
92 4885
4886 587
4887 92
92 4888
63 4889
103 4890
595 4891
310 2209
2254 50
3567 1357
1755 4892
4893 63
92 4894
2046 1
559 4895
22 4896
4897 4898
30 4035
4899 4596
247 4136
4900 1454
108 3893
83 4327
3142 29
4901 2772
92 4902
63 4903
70 720
4904 15
4905 4140
4761 4299
1179 4906
93 2079
4413 62
63 1136
989 4907
4908 4909
4 2739
36 4910
1775 151
228 377
92 4911
136 424
1060 3786
63 4912
63 69
305 3994
4913 63
720 25
36 4914
4915 904
2991 16
63 4916
272 4917
22 1471
274 83
4918 83
4919 4920
4921 135
3722 71
464 38
479 4922
4577 25
3255 4923
589 422
4924 805
473 305
198 4738
2186 2816
208 1999
63 4925
30 4926
720 305
92 4927
1081 4928
4929 186
641 2780
4930 92
4931 29
509 25
4932 9
249 4857
247 3080
159 4933
630 4934
4935 1
4936 4937
4 4938
1946 50
405 4939
3826 4940
648 2972
4941 41
4942 586
4943 25
684 4944
987 136
595 4945
3180 4946
63 4359
63 1431
641 1423
1844 38
4947 63
92 4948
2629 4949
92 4950
4951 92
4 2890
716 1549
1820 4952
4953 1985
4694 4954
1447 451
36 3837
4955 90
2584 4956
4957 925
4 4958
292 83
30 4959
2686 83
149 4960
3374 63
380 4258
4961 25
92 3891
4962 30
249 4963
4964 2070
4965 2746
4966 83
92 4967
261 2270
46 1706
63 807
139 4968
987 1626
4969 1
63 4970
154 3665
885 4971
4972 1
4280 4719
92 4973
70 638
1925 10
4332 63
4 4974
310 1029
247 3378
63 1654
63 3918
87 3169
30 4975
4976 4
63 4977
1776 41
1442 291
763 50
92 4978
2041 90
4979 1230
488 154
796 4980
1878 83
36 4981
3257 249
92 4982
4983 29
266 50
2629 4984
885 4985
63 4986
30 1411
635 4987
2966 1129
74 924
63 4988
63 4989
55 1102
30 4990
4991 1171
63 4992
1426 3011
987 3716
1329 4993
2747 2513
2225 4994
4995 90
2 4996
716 2388
4997 63
1399 4343
3409 4998
200 4999
3123 5000
36 5001
5002 1196
1196 5003
40 5004
527 5005
63 630
398 987
592 1742
5006 83
5007 79
400 5008
2434 5009
5010 92
36 5011
36 1196
36 5012
1736 5013
92 4282
1305 5014
5015 616
63 5016
2591 5017
135 759
5018 83
4542 30
4115 1260
906 420
50 2944
1426 62
616 5019
4809 3476
139 5020
5021 272
5022 3404
5023 63
5024 5025
5026 44
40 464
36 5027
956 771
3843 25
648 5028
390 420
103 154
192 5029
40 5030
755 723
648 3350
4 103
300 5031
648 5032
3416 5033
272 1476
5034 70
648 5035
25 5036
63 5037
4748 83
92 5038
57 5039
477 427
2668 5040
5041 1
36 5042
1158 5043
5044 83
581 92
5045 54
92 3248
1810 5046
4761 5047
5048 5049
5050 92
92 5051
420 5052
485 2695
5053 5054
5055 1196
5056 151
1143 5057
1664 5058
3862 90
716 1407
63 5059
5060 1
1645 3738
4645 83
5061 30
5062 538
5063 51
1329 5064
247 897
589 5065
5066 5067
5068 3901
5026 1491
4761 5069
892 1018
34 22
5070 83
30 4003
5071 83
5072 50
5073 184
5074 1050
4 5075
3249 5076
63 1768
2995 154
5077 71
74 5078
63 637
5079 83
5080 464
464 1280
30 179
70 5081
4694 420
3420 5082
439 643
1387 5083
5055 2865
36 41
866 4100
4947 368
1007 2424
922 5084
1068 1092
527 2912
63 5085
2870 50
63 5086
503 5087
63 3602
915 197
1285 50
5088 29
464 5089
963 5090
5091 1010
63 1140
63 5092
74 4411
5093 29
5094 1674
5095 30
4716 136
654 25
5096 3026
74 5097
922 1474
92 1446
503 5098
5099 30
1475 933
247 1158
41 1606
688 5100
582 5101
781 40
1687 5102
4 5103
5104 1643
5105 192
5106 1654
1441 2692
3901 92
5107 4859
193 5108
694 154
71 5109
136 404
1571 5110
654 63
135 1280
5111 1
5112 83
22 1472
63 5113
3792 5114
2267 5115
36 3901
36 138
4241 5116
5059 1
5117 420
135 40
63 5118
159 5119
3122 1
40 5120
74 5121
5122 92
103 927
1239 5123
2623 90
3069 30
369 135
1687 5124
922 1100
305 5125
126 5126
5127 5128
4018 388
5129 151
398 5130
641 5131
36 686
36 371
108 5132
368 5133
2623 29
2419 5134
908 5135
112 63
433 5136
2818 1220
29 242
205 5137
5138 29
922 130
648 5139
5140 38
4211 3260
1314 63
5141 4706
136 5142
92 5143
3409 5144
36 536
844 154
392 5145
71 484
454 4800
803 5146
796 4952
30 5147
5148 57
4 5149
5150 5151
368 83
5152 933
4494 5153
5154 41
5155 648
30 5156
5157 126
74 5158
34 5159
66 5160
601 1368
1982 83
258 5161
5162 1
63 5163
5164 83
30 5165
63 5166
63 5167
418 22
5168 1827
3419 62
224 1678
4523 5169
219 653
938 5170
544 5171
1334 762
5172 933
2861 5173
2479 4767
5174 30
291 1215
36 862
224 190
5175 1171
802 1807
239 3875
63 5176
1706 41
803 5177
5178 50
90 5179
597 90
192 5180
228 5181
50 2005
92 4316
192 1648
1290 50
413 1
5182 827
589 1432
135 3417
5183 7
5184 5185
102 22
197 5186
977 5187
5188 205
755 2029
3291 5189
2442 25
5190 495
5191 154
5192 30
63 5193
1673 90
5194 190
5195 22
499 25
5196 754
1220 5197
5198 5199
441 154
5200 22
956 2027
5201 154
5202 4759
5203 648
699 5204
5205 50
92 5206
3995 405
30 5207
92 974
781 2334
5208 1
5209 154
5210 15
128 5211
2109 3247
759 2041
5212 1
34 1271
477 197
5213 954
654 5214
92 5215
5216 30
2691 5217
648 5218
1151 5219
5220 495
63 2335
716 2601
3094 694
63 2105
1193 22
63 5221
5222 29
936 906
3472 29
5223 2324
126 468
16 5224
55 1997
4 4432
908 5225
1810 3147
34 5226
40 5227
4121 50
63 1715
36 5228
5229 30
3327 5230
327 5231
46 410
2865 5232
92 2170
5233 83
63 5234
679 2025
1428 2747
5235 5236
2541 5237
70 1426
980 527
803 2248
63 5238
3260 5239
1174 5240
2841 755
5241 25
63 5242
2677 3709
5243 60
5244 63
405 5245
824 5246
5247 507
5248 83
1512 60
63 5249
464 3310
1757 1720
27 4352
5250 479
5251 2400
5252 395
92 5253
63 1213
1710 92
2450 92
629 5254
485 5255
5256 5257
3427 488
63 5258
63 5259
514 154
3978 5260
92 1897
5261 154
205 4173
1391 1
1068 25
1501 5262
5263 1834
890 5264
2664 29
1011 5265
2416 3460
708 5266
464 5267
4759 3388
1072 616
63 1163
5268 104
1438 5269
5270 5271
190 103
151 5272
63 5273
30 5274
2561 90
4130 3902
3905 1
2574 92
3044 732
30 5275
2608 4760
154 5276
30 5277
90 5278
90 5279
5280 2513
5281 4
34 4619
610 5282
478 57
40 3918
3857 5283
489 83
36 5284
1196 5285
154 54
92 972
1441 5286
5287 637
63 2919
4658 50
281 5288
3956 5289
63 725
30 5290
92 5291
30 5292
5293 1129
5011 5294
5295 1
5296 1673
92 5297
63 5298
30 4497
310 4363
5299 83
2192 5300
922 5301
40 1264
3327 5302
635 5303
368 5304
113 5305
796 50
233 5306
71 1019
790 90
5307 5241
290 5308
165 5309
63 4798
2100 310
5310 83
1675 5311
1645 5312
25 1736
10 5313
1441 3505
527 5314
1060 5315
5077 25
3028 4379
5316 63
5317 63
771 3613
792 3632
4439 5318
2128 5319
5320 255
5321 63
370 2605
1033 5322
430 1007
40 5323
888 5324
63 133
1418 2794
1687 5325
5326 5327
154 5328
1418 5329
5330 216
334 5331
5332 2188
261 5333
46 5334
5335 38
36 5336
5337 63
5338 50
4 1187
30 5339
63 5340
5341 2967
30 5342
2070 50
34 5314
3784 50
92 1630
648 1296
228 2625
36 73
5343 25
22 2015
5344 50
514 25
149 5345
5346 1010
92 5347
834 5348
90 591
1039 5349
1305 618
5350 92
4420 151
74 30
5351 83
4288 5352
5060 50
793 5353
136 763
5354 4379
463 29
40 1849
30 5355
3845 468
36 5356
5357 104
2519 5358
334 197
1106 4305
3423 2320
1089 5359
3262 1
936 370
5360 92
5361 63
193 5362
63 5363
1418 22
3906 92
2865 5364
30 1148
760 1328
5365 38
1325 5366
72 305
527 1664
464 5367
5368 451
63 5369
828 770
312 3184
63 5207
36 5370
4680 63
92 5371
22 5372
4297 3583
30 3171
92 5373
63 5374
70 25
5375 233
1873 5376
63 4268
63 363
4417 83
430 5227
430 450
989 5377
103 51
4656 83
36 1214
5378 641
5379 233
890 616
5380 154
4 5381
4127 151
5382 4
63 5383
2629 2492
92 5384
5385 1
30 5386
6 5387
3339 63
2 454
249 5365
5388 334
90 1092
5389 4707
2186 5390
192 5391
392 83
2419 420
945 732
949 5392
249 4669
4547 63
92 3026
547 5393
40 197
368 5394
1193 154
5395 1485
126 464
36 5396
57 641
92 2254
63 5397
495 5398
987 197
63 4312
177 5399
5400 641
1687 5401
5402 3483
29 5403
822 5404
63 3523
70 2615
47 5405
2990 90
2056 4000
63 5406
5407 83
716 5408
4529 146
5195 305
720 255
63 5409
74 5410
5411 128
473 468
63 5412
390 2569
92 5413
36 1706
475 5414
63 5415
63 3796
36 3645
3295 3523
949 1459
922 5416
823 5417
1428 1286
464 5418
57 5419
954 2118
5420 92
92 3580
4188 63
72 83
5421 63
153 90
716 5422
30 5423
3258 63
70 915
4 1442
70 890
193 90
30 4266
618 50
5424 63
71 1851
420 353
1767 1
5425 2046
5426 90
63 5427
5428 5429
74 5430
3961 1010
83 3023
5431 83
5432 3071
5433 92
1451 3207
5434 305
135 5435
36 5436
648 5437
63 5438
632 1
893 255
30 5439
461 5440
92 5441
781 1917
1418 5442
1196 5443
987 5444
839 25
5445 5440
5446 648
63 5447
34 5448
92 1696
5449 5450
2691 5451
63 2892
63 5452
5453 135
4109 987
247 834
4 1328
92 5454
92 5455
92 5456
5457 5458
92 5459
547 1800
92 776
405 5460
126 5461
3856 5462
30 2072
2742 679
2198 5463
3956 1325
641 5464
5465 50
1044 1634
5466 205
51 5467
153 29
648 2279
57 1127
945 4
802 5468
307 5469
5470 34
92 2904
233 5471
5472 83
699 3421
278 5473
5015 4418
63 5474
1037 4082
2397 5475
16 90
641 17
1426 1145
3044 755
5476 5477
4418 22
5478 3313
30 5479
63 5480
247 381
1426 2347
92 5481
1491 5482
1418 5483
5484 1011
92 5485
2964 5486
224 305
1072 90
228 5347
760 2601
63 5487
740 840
272 5488
1171 555
30 5399
477 5489
92 5490
2228 5491
2378 5492
5457 3313
63 5493
2492 420
3722 616
342 248
833 5494
5495 5496
92 5497
922 5498
5499 83
4942 587
5500 796
16 5501
70 781
195 4516
5502 192
5411 5503
70 2760
70 3098
135 2333
3886 1
74 5504
1489 5505
5506 1
92 5507
5508 5509
1756 809
795 4462
495 5510
491 5511
1424 60
30 4999
305 186
5512 1838
5513 5514
888 4039
40 1463
5515 1089
648 5516
154 745
5517 551
233 83
1571 25
2112 754
258 5518
648 3296
63 5519
1687 5520
34 62
92 5521
16 5522
74 5523
4776 29
5524 4248
5525 491
63 4319
5526 5527
16 1719
36 5528
477 5529
367 3211
36 2933
63 5530
5024 103
63 5070
648 5531
2056 5532
922 5533
792 2612
63 5534
305 451
63 5535
1510 5536
4 5537
2923 2581
1561 5538
5539 1546
3295 92
30 2839
1051 83
5540 51
410 90
993 63
261 519
2924 1129
63 2763
5541 1
5542 1
36 5543
436 5544
92 5545
63 4086
4529 1466
5546 63
30 2254
902 135
92 5547
30 1832
648 5548
41 2039
5549 551
5550 5151
108 3118
92 5016
5017 5551
5552 50
5553 2308
5554 63
4839 154
802 1441
4610 5555
1991 1634
5556 2517
63 5557
126 1771
63 5558
63 5559
1072 3279
136 5560
30 5561
63 5562
5563 50
63 2561
60 62
108 2639
2833 92
2888 5564
63 5565
22 515
5566 15
477 5328
265 5567
400 5568
63 2153
5569 5570
2803 5571
63 672
544 5572
1682 5573
1187 103
1372 90
103 5574
987 5073
5020 4757
5575 50
5576 1
30 2716
5577 83
93 5578
5579 2447
4357 5580
922 5581
5582 261
759 57
192 5583
5024 484
5584 1033
1145 4418
5126 83
5585 63
595 5586
36 377
3491 4613
228 1081
126 1
1441 5587
5401 1736
2242 25
1664 5063
5588 5589
154 5590
5591 63
763 216
5592 29
136 2423
5593 192
235 255
41 2746
136 840
5594 29
4281 5595
74 5596
70 5362
30 5597
3151 83
63 2984
5598 255
833 5599
40 5600
291 25
5601 154
30 5602
224 1559
565 5603
5604 4761
5605 2128
1872 648
2519 2040
70 5606
136 963
2 5607
92 4535
1474 197
36 2041
5608 74
810 159
5609 527
802 70
5610 5611
716 5612
5613 25
3011 894
5614 1535
92 5615
36 152
154 5616
30 5617
5618 29
5619 63
63 5620
1230 5621
5622 90
4 1178
5623 154
30 5624
2117 63
1507 5625
5626 5627
3545 126
113 5628
15 2910
5629 2050
249 2939
1405 5630
1196 5631
177 5632
5633 51
63 2279
5634 954
638 25
2 1779
36 5635
1132 5636
5637 1007
1944 55
491 5638
4 5639
4118 29
2128 5640
527 5641
5642 92
63 5643
1685 1073
2773 149
4694 795
1152 83
5644 5645
5646 398
713 151
5647 5648
2519 83
5649 1010
4694 5650
63 5651
5652 29
5653 92
30 5654
5655 1010
5656 2513
648 5657
261 5658
90 5659
2068 63
723 5660
755 954
3649 488
2782 5661
208 5662
5663 154
2154 5664
46 29
5665 3362
2292 3003
4023 5666
92 4771
41 216
3406 63
716 425
405 5667
2608 2740
4000 3584
4431 5668
5669 92
5670 5671
1757 5672
41 5673
2623 5674
5675 5676
5677 74
63 1861
5678 79
5679 69
157 5680
833 5681
2129 5682
92 5071
648 5683
3516 759
63 840
5684 587
1033 63
30 5685
83 5686
840 4656
989 5687
46 5688
30 3583
5689 29
5191 92
305 5690
4415 177
2157 5691
159 5692
2479 5693
57 985
5694 3476
5695 2057
4 5696
1934 5697
2861 5698
4364 954
1373 1654
5699 30
63 5700
5701 589
1399 103
36 5702
4418 5703
135 154
4118 149
291 60
63 5704
3052 5705
92 4428
888 25
60 5706
5707 641
3718 5708
5709 63
5109 103
2964 5710
4654 547
63 3450
495 5711
3073 2570
5693 116
249 3420
3198 954
63 2428
1050 25
1294 83
5712 1
3037 5713
265 547
63 5179
470 5714
5100 5715
5123 25
2610 3729
1132 22
495 5288
63 5716
5717 50
490 197
833 2492
40 460
5718 495
4084 248
126 5719
5030 41
3295 1879
3130 41
3014 50
4024 795
5720 30
126 2895
305 4072
546 50
936 90
1755 65
5721 987
5722 79
92 2784
252 3408
5723 255
5724 83
5725 1171
5181 83
2345 5726
92 5727
2491 5728
5729 83
527 5730
5731 92
5732 25
5733 754
63 5734
5735 1196
261 759
5736 1
63 3277
30 5737
126 5738
92 5739
310 5740
5741 92
154 1
823 5742
36 3545
92 5489
5743 4
405 4180
40 524
40 5307
3071 4725
139 1509
439 29
933 5744
30 584
755 1072
63 2511
1441 5745
5746 1
4242 146
1061 44
247 5747
151 277
1185 5748
205 1752
36 1051
5749 1
554 272
46 1158
92 5750
70 5031
405 5751
2965 5752
136 5753
5754 648
1754 5755
30 859
2562 41
74 436
22 5756
4347 154
63 186
291 3857
1669 5757
70 1438
5758 83
4486 5759
1418 2595
5760 1
136 5761
5762 420
40 25
36 598
54 50
5763 92
5764 1196
2608 2821
5765 29
699 5766
92 5767
2016 154
981 15
420 4928
63 5768
1174 5769
5770 1673
2736 4295
5559 154
5771 83
5772 83
228 1511
233 5773
398 5428
6 5774
25 896
388 5775
2286 40
5776 30
92 5777
5778 63
5779 83
2236 1
1424 5780
16 234
63 651
171 649
609 5781
849 5520
151 5782
16 5783
2 5784
5675 4851
3044 473
36 2400
5785 30
5786 4443
233 5787
30 4823
71 479
177 5788
5066 151
5789 641
1726 5790
92 5791
5792 618
83 170
334 5793
5794 195
533 154
63 2241
34 29
63 3827
2565 281
5795 83
22 4518
36 5796
454 5797
57 1664
63 5798
63 234
641 5799
4977 83
5800 83
1879 5801
4 1766
16 5802
5803 507
491 5804
5805 5806
963 5807
5808 154
63 47
3011 305
63 2865
199 5809
92 5810
3690 824
63 5811
252 5812
108 5813
5814 50
648 5815
2513 5816
249 5817
2549 255
5400 595
2154 31
63 5818
1561 135
233 3074
22 5819
5820 5821
5822 205
2002 773
1602 3941
63 5823
2615 4
5824 5825
5826 92
2998 5827
368 3381
3298 83
398 5828
5829 83
827 2920
41 50
5830 1196
126 5831
478 50
333 3620
192 5832
136 3867
922 2075
63 5133
70 1549
34 1463
491 5833
63 2492
258 5834
171 5016
5835 527
92 3113
5836 63
796 1092
30 1101
430 25
5837 151
2653 197
430 885
5838 1072
1145 716
459 30
893 25
840 5839
582 5840
2025 5841
398 3707
503 151
549 1
1799 5842
1702 1
16 5843
380 73
103 5844
2857 5845
43 5
3257 5846
1143 2164
5847 63
839 418
527 1631
716 468
92 5848
92 5849
5850 614
5851 83
499 4557
74 5852
29 1900
63 5853
796 1079
5572 83
441 5854
128 5855
1179 5856
247 964
1803 5857
57 5858
1145 1254
46 759
716 291
258 5859
569 1489
2498 154
5860 648
57 197
36 5861
5862 216
499 22
3011 247
4118 50
5863 83
386 5864
2688 92
136 4485
63 5865
1428 994
4377 30
5866 83
22 5867
922 5868
5869 272
30 3903
5039 51
30 5870
612 92
63 266
781 641
15 3915
595 58
200 262
1105 5871
92 5872
5873 3615
5874 1228
193 63
1011 5875
527 1504
51 4780
4283 192
5876 50
92 1278
70 1116
5590 50
5877 1173
716 915
63 5878
92 5879
205 584
3085 333
247 2352
5880 1675
5881 587
916 92
5882 63
70 443
171 2191
4667 83
92 4449
2397 5883
490 29
40 5884
595 3497
5885 3338
1011 154
233 1
63 5886
177 5887
1664 5210
63 5888
4355 62
30 2188
5889 887
63 348
171 5890
1438 22
699 4002
5891 92
598 5892
5893 16
4049 63
3142 50
1507 5894
622 5895
834 2029
63 5896
1196 5897
598 4624
3058 83
802 92
1582 5898
4 1645
1011 1081
34 5899
177 5900
589 5901
5902 933
136 641
827 5903
40 1678
866 4793
63 5904
5905 142
36 5906
63 493
5907 949
755 5908
5909 1089
63 5910
224 1849
5491 1078
5911 50
50 5471
524 5912
249 5913
3806 5914
5915 4157
228 3695
5916 233
4930 50
451 5917
5918 63
5272 5919
63 1446
514 5920
4418 5921
781 488
5922 1260
4287 648
769 5923
1304 5924
5925 63
904 41
247 5926
405 5927
5928 92
823 4531
4135 63
1011 4967
5929 274
2608 62
92 5930
63 739
30 5931
5932 1
5933 5934
92 5935
887 4344
5936 30
247 941
16 5937
224 3974
5938 1
3568 50
40 473
92 2054
4030 4780
5017 1501
1635 83
63 5939
5940 4827
55 5941
5942 29
5943 3135
5944 22
4165 154
4431 618
63 5945
987 29
4908 50
5946 866
36 2040
5947 1461
2060 527
595 5948
5949 5950
90 357
30 4519
154 170
1074 1774
63 5951
5841 2350
395 2993
716 1815
74 5952
420 5953
57 5954
171 5955
1643 5005
5956 63
477 5957
478 154
398 5536
3986 5958
63 1817
283 5959
499 5075
228 1091
405 135
30 804
90 5960
793 3463
3314 92
950 5132
2527 30
595 5961
5962 1007
5963 50
5964 79
595 5965
205 5966
5077 50
136 5967
2989 63
5968 92
5969 255
641 5970
22 5971
499 5972
30 1801
74 5973
5974 2382
146 83
436 5975
1372 2605
1236 5976
16 5977
63 5848
546 1673
30 5978
92 5979
36 2640
641 5980
63 5981
30 352
5982 1
74 5983
36 5984
5985 1
1552 103
63 5986
46 1820
945 893
5987 50
63 503
63 4042
36 987
2198 170
5988 1837
5989 50
616 5990
63 5991
1011 4245
1217 29
4785 5992
63 763
427 136
159 305
2228 5993
92 5994
196 5995
797 83
5996 50
153 488
5997 3148
249 5998
3508 154
5999 954
563 6000
1687 6001
3280 6002
205 2241
849 6003
528 6004
6005 379
34 5050
3161 451
36 6006
36 6007
5159 840
4 820
233 5130
637 809
6008 63
92 1262
6009 22
6010 648
1561 488
3273 1953
949 83
3310 6011
1551 29
92 6012
6013 6014
559 30
5435 1
90 5376
1799 5259
63 6015
1325 5666
395 6016
3307 760
405 5992
224 716
6017 1491
6018 30
90 5683
6019 6020
34 197
1241 247
5772 1
6021 261
973 63
1490 451
34 6022
2439 1205
72 38
6023 2115
6024 954
29 3735
36 1280
71 6025
136 6026
6027 92
404 1321
6028 197
915 22
6029 63
554 6030
136 2307
6031 54
629 6032
648 6033
6034 83
1988 163
30 6035
1934 6036
6037 1
801 5510
6038 83
6039 3327
248 772
648 6040
936 464
6041 344
3521 60
688 795
2400 4595
6042 6043
1344 6044
63 6045
6046 6047
635 305
4388 303
2091 1053
40 6048
92 4164
247 2754
908 6049
6050 29
136 210
893 22
3753 50
6051 25
70 224
6052 1065
63 1977
2157 2492
503 535
1634 6053
149 6054
4 186
1999 22
30 6055
1399 25
802 2267
450 6056
6057 1446
57 6058
3922 29
63 6059
63 6060
4448 1654
154 2111
4626 83
34 5182
760 6061
6062 404
136 4656
3126 334
30 6063
1669 6064
16 63
126 6065
92 6066
2 6067
92 10
491 6068
1040 6069
228 3807
781 6070
6071 38
36 3169
1832 6072
648 109
92 6073
3978 6074
380 441
154 151
4134 4759
92 6075
92 1491
63 6076
70 2992
963 6077
63 2070
36 6078
6079 83
219 350
92 6080
618 6081
1011 2337
977 6082
581 641
25 6083
796 6084
34 136
6085 63
6086 464
6087 29
74 6088
1915 83
4441 3568
157 25
630 6089
431 2576
136 2748
795 248
30 233
92 5560
1503 25
2598 1374
1365 6090
6091 1010
2740 1260
6092 83
1551 154
6093 333
4057 151
6094 395
6095 6096
3693 239
4737 6097
3379 801
6098 29
30 6099
55 901
6100 7
92 763
1426 380
648 6101
803 6102
781 3087
4418 1810
57 2294
2923 6103
641 6104
862 6105
5229 149
74 6106
380 60
2667 92
3783 6107
981 4759
92 6108
317 16
1163 2511
2275 163
6109 7
63 6110
46 197
5623 4392
1164 274
4 1443
63 6111
464 5501
1453 63
454 6112
247 1763
3085 63
6113 987
4649 255
6114 151
1426 499
756 6115
63 285
38 6116
6117 83
3610 439
3626 3393
6118 4795
149 6119
83 6120
79 6121
6122 6123
1702 6124
680 29
836 6125
4105 4851
92 4335
83 6126
3489 154
196 6127
92 6128
93 6129
63 1367
5740 136
228 6130
92 6131
36 6132
4227 641
6133 63
648 6134
6135 1604
6136 563
34 483
648 6137
108 205
6002 6138
103 841
651 83
199 338
74 6139
83 3308
1193 25
73 3250
63 6140
1489 4616
36 5610
6141 2447
6142 1
261 6143
6144 379
171 6145
5417 6146
6147 6148
318 25
281 633
2954 149
4 6149
491 6150
32 370
4 4355
759 1446
63 6151
135 3722
6152 6123
827 6153
922 6154
72 6155
63 6156
368 197
63 6157
1418 25
1687 6158
883 3682
1158 795
63 6159
922 1473
954 1182
2261 6160
40 2081
6161 6162
16 6163
4150 83
305 4493
63 6164
6165 205
6166 83
265 6167
272 6168
1418 157
6169 1272
261 2687
1045 38
2854 4069
6170 477
5836 1134
4 6171
760 6172
36 6173
154 6174
6175 2746
1426 1612
4 4528
92 6176
216 154
36 6177
36 6178
755 6179
6180 92
744 6181
6182 5508
987 46
40 4130
108 63
802 12
6183 228
247 6184
2861 216
70 534
6185 186
6186 83
63 6187
1551 46
893 103
632 63
6188 4095
4756 216
6189 2692
6190 197
1196 4515
63 2656
30 2645
6191 6192
136 3736
6193 76
36 6194
892 136
554 3135
63 5738
22 4362
30 4334
603 6195
177 6196
6197 7
192 6198
4 6199
6200 477
30 3140
315 6201
151 6202
247 6203
6204 1741
897 25
5039 653
63 1891
4 249
92 6205
6206 6043
1428 6207
405 6144
6208 1
1325 6209
1418 714
126 559
16 4733
1179 1072
640 6210
6211 83
30 3970
762 6212
108 6213
6214 503
6215 2350
30 6216
1060 6217
6218 60
3203 6219
464 197
30 2703
55 1471
373 2564
648 6220
3920 92
6179 272
63 6221
63 4973
6222 1228
63 2481
2615 6223
956 1728
6224 6225
2070 6226
164 6227
272 6228
398 6229
1634 6230
1426 6231
6232 92
6233 1106
1438 6234
527 6235
380 291
6236 92
3137 50
1483 5964
6237 6238
63 3330
63 6239
61 643
4908 6240
1563 6241
36 6242
326 1228
29 6243
61 6244
292 6245
1776 197
63 6246
527 5419
36 6247
1682 5416
1132 6248
808 6249
310 197
36 3769
310 113
724 6250
641 6251
1007 6020
70 987
6252 186
272 6100
4078 50
3057 6253
5582 29
30 1982
430 1754
833 2285
40 887
92 6254
2218 1
3068 15
6255 616
2 6256
139 3474
1414 6257
649 29
551 6258
6259 1
63 1150
6260 50
73 190
92 6261
6262 1
368 4975
46 6263
63 6264
6265 83
6266 2397
36 6267
261 6268
1438 6269
6270 29
30 5018
6271 1
43 6272
41 1223
6134 6273
63 6274
949 6275
6276 1
92 6277
30 6278
6279 291
283 6280
3327 6281
314 6282
6283 83
36 6284
370 41
6285 6286
74 6049
6287 4423
760 62
477 6288
83 4054
92 6289
648 6290
224 55
6291 63
6292 63
92 1196
247 6293
6294 6295
461 6296
1418 6297
36 6298
196 6299
403 6300
5528 1
261 5911
405 1562
3075 2096
29 2333
6301 1196
6290 862
610 6302
63 4316
318 488
16 1453
3363 60
63 5351
63 6303
6304 30
22 1007
833 6305
6306 1
249 6307
6308 684
92 5821
136 6309
6310 595
258 6311
60 1606
177 232
6312 83
63 6313
63 675
228 6314
2040 30
405 6315
126 6316
2888 6317
305 1258
205 25
4812 83
6318 451
2481 641
63 4724
126 6319
92 4392
6320 25
1228 6321
139 198
699 6322
30 6323
663 83
4 6324
92 3482
1235 281
92 6325
527 2221
4204 6326
92 2596
1196 5700
6327 29
6328 38
5220 281
1329 4219
92 5479
2924 6329
30 6330
6331 1
108 92
987 1792
46 1092
2389 2191
380 71
30 25
55 2261
143 887
63 918
22 6332
6333 154
6334 1
192 6335
6336 29
4897 83
6337 1
30 6338
154 4458
1521 1665
885 6339
135 151
3431 6340
149 6341
261 6342
83 6343
723 6096
249 6344
6345 1
258 6346
281 376
380 4269
5588 6347
1693 2952
648 6348
16 6349
6350 92
92 1989
1145 6351
436 6352
92 6353
824 6354
30 6355
83 6356
342 6357
74 6358
1645 1308
126 5658
139 3487
92 4580
299 1918
247 6359
217 6360
6361 3945
6362 63
3164 334
36 6363
37 90
641 5419
126 6364
36 303
103 1355
2293 281
36 398
47 197
1128 83
136 3610
511 6365
6366 3135
1953 420
6367 699
334 4261
63 6368
6369 6370
6371 83
63 2111
3964 6372
4 6373
4 60
405 6374
40 1010
6375 2419
6376 6377
1501 6378
63 1171
63 6379
4347 41
1428 1640
404 4584
30 6380
908 6381
92 6382
987 6383
6384 254
63 3017
4670 1023
16 1092
63 2305
63 6385
6386 5934
63 4561
6387 6388
6389 83
6390 1538
430 6391
60 855
369 83
6392 25
6393 50
63 2397
3963 4076
6394 216
6395 954
90 2605
6396 43
2389 1
716 2543
3709 6397
136 6398
74 6399
6400 83
648 6401
509 4298
6402 90
1483 3315
63 410
517 6403
261 6404
1280 29
6218 154
6405 92
154 3568
1056 420
405 6406
63 6407
2170 90
63 6408
936 50
733 83
93 83
4 1424
453 154
648 6409
1037 6410
261 6411
34 6224
2924 2966
224 6412
6413 63
1242 6414
120 451
6415 126
6416 1
6417 60
40 62
6418 849
444 1474
949 5753
444 2602
63 6419
30 3605
40 6420
3086 154
70 1179
136 6421
1211 22
1089 5923
4 6422
3429 4505
63 3716
660 6423
63 154
3065 1918
4941 6424
3048 60
6425 805
1471 62
3760 135
30 6426
2754 6427
34 4761
524 6428
866 6429
5333 151
2596 6430
1215 25
72 1724
63 125
63 1313
6431 60
1645 3305
1084 933
63 3722
224 4
30 6432
1145 22
192 83
4091 1563
833 6433
63 4608
6434 641
92 6435
879 6436
6437 29
92 4385
16 6438
1011 4201
34 1441
136 3181
648 3810
6439 63
2754 4791
63 2877
217 2620
2860 1
126 3106
569 6440
6441 1174
30 5920
334 6442
1300 1
6443 629
5190 281
6444 5950
6445 3207
5740 41
461 6446
1145 4206
802 1549
2135 92
1803 6447
6448 192
6449 1
5665 30
6450 2393
3010 1
159 6451
38 6452
892 527
1561 92
6453 420
623 6454
1196 6455
781 5825
71 25
771 6456
3722 60
36 6457
192 6458
171 3118
5931 1
30 6459
1501 6460
36 546
70 635
30 6126
949 6461
6462 1675
649 151
731 4
475 305
6463 90
6464 6465
4559 25
2442 3224
6466 83
1561 83
136 6467
6468 1010
2870 6268
6469 13
3298 6470
6471 83
63 6196
544 6472
136 6473
292 2040
305 6474
568 5117
6475 92
6476 1
2593 2098
2267 751
92 29
699 25
63 6477
29 6478
3239 954
70 6479
36 6480
1776 135
6481 495
4211 1783
6482 38
4097 3465
71 6483
6484 1549
36 6485
126 6486
92 2951
164 4834
2886 6487
3190 50
135 29
63 3430
398 30
6488 108
63 6211
199 6095
6489 29
744 6490
1755 63
6464 2179
4 6491
629 135
716 451
1426 186
6443 2523
963 4262
6228 1171
6492 83
4694 6493
5665 648
1072 154
40 3171
63 6494
63 3704
6495 154
922 6496
464 6497
885 6498
6499 83
63 6500
6501 29
36 902
55 399
1145 1103
3210 581
400 5807
6502 291
967 5212
63 6503
464 1188
63 6504
1329 1734
1803 5607
63 6505
63 6506
6507 395
396 63
36 5053
6508 154
6509 1
2911 1675
1820 92
219 6510
485 29
6511 1
83 6512
46 54
224 62
6513 90
6514 151
193 6515
169 154
92 6516
6517 3213
4107 350
197 6518
2676 41
157 3420
6519 83
2040 1379
6520 6521
30 5765
92 6522
92 1280
6523 63
4433 90
6524 1
92 6525
83 6526
712 29
63 6527
6528 113
755 6529
4652 83
1007 6530
6531 6532
5884 653
1033 92
6533 6534
63 6535
490 83
3581 1
399 4
1826 1474
63 4264
6536 63
1521 1361
192 6537
4826 2640
648 968
6538 305
197 83
92 6539
6540 216
286 83
92 5771
922 6541
1081 6542
6543 30
1106 43
430 6544
40 143
40 216
6545 6546
2668 6547
629 1880
63 6548
6549 3135
6136 10
6550 4912
6014 5093
1832 6551
648 4500
63 2787
648 4530
264 6552
1727 1
1757 6553
30 6554
60 6555
30 6556
6264 83
63 6557
6558 1325
2853 966
4638 151
63 520
70 186
3085 6559
6560 1964
6561 551
73 6562
1604 63
635 3245
30 883
4037 6563
6564 2014
2167 63
70 6565
3135 6566
4 6567
6568 2434
5588 6569
949 6570
6571 1
6572 1
6573 1196
63 1758
4 3438
5443 50
92 197
3183 40
1000 63
6574 1563
987 92
2442 3167
5762 228
46 25
1438 6575
30 514
92 6576
6577 3247
527 904
6578 177
1235 6579
30 3404
92 6580
63 6581
40 6582
63 51
92 6583
92 6584
495 4600
4135 648
1561 1665
6204 1538
6585 83
34 92
755 6586
63 6587
6588 50
2865 154
1158 25
5105 960
63 2764
1081 478
3312 1
63 3638
30 2385
6589 83
2403 2746
5629 450
473 60
6590 6591
30 6592
706 83
90 38
6593 83
154 1135
261 6594
63 6341
30 334
216 5543
21 29
6595 9
92 2703
126 6596
922 6597
16 4914
74 641
74 2928
386 3785
4 939
1426 6598
22 616
6599 1687
6600 1
3475 272
2890 22
63 6601
350 220
6602 1537
63 6603
508 192
395 435
216 1
485 90
4463 6604
6605 30
6606 6607
1521 420
6608 762
888 6609
2029 6610
866 6611
2752 795
126 6612
92 6492
136 4600
63 6613
63 4178
6614 30
87 30
475 3045
3956 1800
2728 29
4908 92
16 1923
180 6615
595 6616
470 266
623 1171
22 160
6617 63
1840 62
571 25
3207 1528
2992 660
4486 1667
136 2650
1196 6618
3291 30
6619 63
30 3132
102 25
92 6620
40 441
902 90
4656 6621
30 6015
2615 255
915 2099
3250 6622
92 6623
6624 101
6464 128
36 6625
247 1211
2412 3320
4559 6626
1953 6627
1582 60
92 4052
90 6628
6629 272
1133 305
6630 60
987 50
6631 63
6632 536
1582 6633
648 1584
1241 3201
63 6007
172 4818
2345 40
92 6634
1056 1223
6635 15
6636 41
36 4108
1832 6637
6638 4119
4785 6639
6640 1
334 6641
44 6642
139 6643
495 1163
40 5326
793 6644
92 3929
240 25
4 6645
6646 4279
5512 83
6647 79
706 1124
2748 197
71 17
165 1092
1754 6648
5015 25
6649 1036
5747 1400
989 1556
6650 1
92 4029
3048 1571
5285 83
92 3341
6651 83
6652 63
6653 1924
813 90
1106 1598
87 6654
4739 83
6655 1654
491 6656
261 6117
272 6657
3606 1
6481 135
5786 2115
6658 29
51 6659
987 154
6660 1368
171 6661
63 6662
261 6663
6664 3632
1134 197
55 1145
63 6665
255 5567
1272 1622
55 6666
638 60
6667 587
403 60
4656 4765
6668 281
6669 63
2610 5595
63 6670
756 3046
485 1092
3232 2389
63 6671
4651 15
420 104
36 3480
1179 6672
1171 3563
48 599
2696 83
1196 5232
2732 29
1687 6673
6674 92
648 2956
478 1372
470 6675
4058 50
6676 60
1102 6677
247 4305
30 6678
63 6679
796 40
70 2241
524 5269
63 6680
3483 6681
648 1218
153 4113
450 6682
92 6683
5175 7
433 6378
6684 30
1707 255
249 3816
154 6685
6686 83
1092 2517
9 6687
443 22
3952 377
1838 154
92 966
6688 29
63 411
6689 985
5360 63
51 4979
1832 83
70 6690
1758 1122
63 3427
74 6691
6472 83
6692 616
16 197
3348 6693
63 6509
6694 63
6695 92
63 655
464 6696
6425 15
5244 334
2782 25
63 302
4 392
809 244
6697 653
699 6698
6699 6700
40 4896
63 1129
6701 63
1259 90
568 5611
6702 2800
2653 4130
6703 29
531 6704
6705 83
3250 5349
6706 515
6707 2824
149 6708
2472 214
4470 6709
30 6710
63 6711
1028 6712
74 6374
6450 151
4569 1783
830 83
63 6713
3085 5286
2692 151
3565 4780
34 6714
1314 313
258 146
2138 6715
461 6716
6717 51
531 1
6718 6719
6720 60
92 6721
271 92
6722 3313
793 4932
554 6723
398 50
437 1129
36 1799
83 152
5962 4430
3257 6724
2296 6725
1196 1533
6726 2824
2527 2969
6727 1
3107 682
305 38
74 6728
403 5200
430 6729
3722 1736
6337 151
217 83
63 6730
92 6731
36 4536
6732 4439
922 4829
4635 3213
199 2420
6733 1
475 6734
1639 2507
2 5187
6735 83
190 1832
915 135
261 6736
92 6737
1561 936
440 154
827 6738
310 4965
6739 83
4 6740
40 1969
1143 6741
261 197
6655 4031
154 6742
92 6743
6744 163
291 254
136 6745
532 92
2423 6746
527 4528
6747 63
27 6748
3428 69
755 1645
40 22
950 50
310 6749
6750 6751
648 1015
92 1573
92 6752
866 90
1776 936
6753 63
839 6754
993 83
40 521
63 6755
46 2041
3824 6756
233 3912
36 679
3780 92
4982 83
177 6757
781 6758
63 1422
405 5523
2615 25
6759 1654
1571 2377
1754 529
2430 1220
3807 6760
2998 898
491 6761
30 3842
2754 6762
70 6763
63 1655
6764 2746
6765 618
4403 461
949 1650
92 4986
6766 83
5454 2728
63 4158
30 206
305 439
980 40
6533 6767
795 2492
30 6768
762 6769
6770 192
92 3104
648 6771
159 497
882 92
6772 54
6773 154
40 17
4222 1223
40 451
3964 6774
30 6775
456 6776
593 83
6777 154
63 6584
5508 6749
2 224
398 4118
247 143
205 92
6778 1391
63 255
6779 46
153 92
63 6780
2865 6781
6782 1
16 6783
63 6784
6765 60
6785 4
648 6786
63 6787
610 146
6788 954
6122 6789
3483 6790
6145 4730
74 6791
368 4466
4678 83
1325 3303
6792 4041
6793 2095
6794 2054
398 54
475 6795
4240 50
1059 2434
3203 92
914 1011
1553 63
648 3435
1755 6796
63 4454
40 5015
1483 5678
36 6797
74 6798
6799 1432
1242 2977
1418 6800
136 17
648 6801
5340 29
629 4203
291 62
103 6802
1618 1196
3491 1056
6787 2879
2456 6803
198 6804
5024 60
563 6805
6806 216
6807 2095
247 6808
6809 83
4000 6810
36 2449
6811 643
16 6812
885 6813
6814 50
1995 6815
595 6816
3677 154
2563 50
454 5150
543 83
90 50
3246 1
30 3427
527 6817
1577 63
103 6724
6818 154
934 1654
840 6398
6819 6222
6820 1
70 949
16 1083
6821 63
6525 83
27 6822
63 6823
36 5438
2437 10
6824 83
25 38
933 6825
6826 2228
3009 1
4 1558
967 63
1792 51
64 92
6827 192
63 6828
6829 197
63 6830
648 92
266 90
6831 83
63 6832
6833 3682
36 4294
6834 151
6835 50
63 6836
405 6837
9 6838
30 6839
1230 772
6840 420
83 6841
514 6842
1438 6843
151 1672
63 6844
63 6845
626 63
6632 16
6846 1834
142 6847
92 6848
1207 197
63 6849
63 464
1081 29
1707 62
4 6850
2608 25
884 4761
495 6201
92 5355
36 6851
1426 766
6852 2115
1187 305
5216 1196
3483 6853
4701 987
915 305
5508 6854
63 6855
6488 63
3481 154
6366 554
2101 63
4 162
6856 1
6857 461
36 6858
809 6859
261 6860
92 1949
261 3777
30 1
55 5015
6861 281
63 5815
63 6862
205 6863
66 22
50 5910
6864 154
856 6865
4191 92
2479 6866
495 6867
5295 6868
2101 2958
30 416
63 6869
36 6870
2456 803
716 1959
6871 3169
6872 629
90 6873
224 3440
92 6874
305 1634
5094 6875
6876 29
6744 6877
199 6878
517 2083
30 1196
6879 25
595 3798
5243 25
6880 1924
933 5264
1174 6237
464 6412
963 6881
2593 760
40 4596
6882 1507
30 3655
30 3573
70 2472
1444 3206
192 6883
495 2852
2070 1092
509 60
34 2565
63 1692
6013 2772
264 3709
153 1092
3708 2176
6884 648
61 25
16 5443
30 3815
63 6885
6886 1869
987 6887
1441 6888
6889 154
477 1420
63 6890
793 6891
6892 154
3998 151
126 1998
92 3405
6893 281
46 6894
5695 6895
6896 1
136 867
2601 25
57 6129
5070 1
71 6897
63 6898
1645 6899
430 294
430 6900
668 6901
2296 15
4826 83
63 6902
5563 193
272 258
400 83
3478 29
5195 6903
63 6789
3017 5904
90 4476
50 6904
1645 6905
6906 30
1418 2619
527 6907
249 6908
888 4670
92 6909
3398 1171
6910 151
1563 6911
3158 6912
6913 933
355 5030
6914 30
6915 1918
1622 25
989 5852
368 3513
233 2985
154 6916
534 6917
247 2029
63 5038
3427 2748
185 4627
1618 22
90 488
2186 5410
6918 2243
6919 2493
208 46
922 6920
595 6921
4631 6922
205 6904
1608 6923
6924 83
759 3087
5024 25
30 6925
40 2748
3320 83
6926 1
63 6927
464 6928
6929 1
456 4855
6930 1827
6931 50
62 1795
1196 321
50 6932
1952 2610
6933 165
2611 1056
6934 4733
1196 6935
4 2430
36 291
6936 2910
92 6937
6938 4236
92 3488
43 6939
143 6864
3134 2095
63 6940
688 6941
40 4041
4826 1828
1196 6719
63 4954
84 6942
6943 754
92 4238
436 6944
390 6354
654 2731
6945 1
2160 1
163 6946
2097 771
370 197
2100 50
63 5783
6947 1563
63 6948
635 6116
5322 1654
1365 5937
1501 3353
2710 6949
16 298
70 3057
355 41
782 5679
1884 63
1810 6950
6951 5048
22 440
380 897
63 6952
405 6953
6540 41
822 3860
30 6130
759 4130
70 4610
3085 2290
61 6954
22 901
92 6955
1145 34
3937 1
1174 197
6956 4912
22 6957
6701 1
6958 6959
6960 616
3374 3213
5284 6961
3978 6962
866 6963
240 470
6964 154
92 872
6965 83
63 648
6966 724
6967 128
192 6968
136 6969
30 282
63 6970
6032 154
6971 873
2060 641
355 6972
395 6973
1282 933
70 2325
2865 1
430 6974
527 6975
6976 16
890 6977
92 6978
759 1081
41 2517
1561 29
63 6979
47 6980
582 755
247 371
641 1072
70 163
126 1092
63 6981
70 1143
36 2603
893 6422
649 69
1514 13
386 63
136 660
247 2325
4142 4478
205 50
63 2364
261 2943
6982 83
55 73
6983 50
755 4983
4640 6984
989 6985
390 6986
485 25
258 6987
2955 50
63 6435
2365 92
30 3741
4800 1535
862 649
2362 50
929 6988
36 5731
44 83
92 6989
305 6990
50 6991
92 6992
3543 3147
63 6993
405 6994
1549 22
255 50
30 6995
92 6996
63 6997
38 62
103 6998
6999 2610
7000 1010
136 6799
30 2224
7001 83
2865 7002
4 4985
534 7003
2952 7004
6977 933
30 7005
4222 1056
5630 50
34 7006
7007 695
3913 3152
370 371
6380 1
4 7008
210 652
136 7009
7010 22
420 1361
1143 1954
63 7011
63 7012
63 7013
247 1506
405 7014
370 3867
63 1052
224 6958
3485 7015
63 6736
2973 922
595 4270
30 7016
7017 355
63 6035
4826 92
822 4659
63 514
3061 475
464 3235
7018 83
1865 83
22 7019
92 7020
7021 1
63 7022
7023 1645
648 7024
1768 83
40 5278
653 7025
63 2664
4112 2029
63 7026
2504 92
1185 7027
36 7028
217 7029
5860 2458
475 7030
36 7031
464 7032
92 5163
3499 93
405 7033
3957 420
305 7034
1011 7035
3057 25
63 7036
5361 92
7037 3770
92 2985
84 7038
7039 954
495 2692
63 7040
1935 1527
1990 4031
7041 83
1134 7042
1379 7043
3398 3356
2049 195
192 7044
61 40
70 103
5988 6106
29 152
648 7045
30 7046
2610 7047
84 7048
4730 1
1051 50
430 5036
716 616
7049 83
904 7050
1869 7051
143 90
1195 30
1459 1645
30 7052
4273 7053
30 3294
63 7054
2637 3213
205 63
862 7055
199 594
424 1298
7056 7057
491 2110
755 4800
1288 3423
60 38
442 7058
249 4987
135 968
7059 254
7060 29
92 7061
915 7062
92 7063
7064 7065
63 4665
30 7066
7067 61
648 7068
7069 2517
606 154
40 630
488 1
1857 2060
36 1702
7070 154
7071 63
63 5984
30 2788
405 7072
7073 151
2450 25
827 4938
4 737
63 3357
4419 1032
2157 6649
1426 2040
2357 1007
5848 1
7074 464
92 7075
2574 83
92 2486
7076 50
6740 7077
1664 1970
7078 63
63 7079
1551 41
63 7080
7081 2617
4 6744
1100 216
63 7082
6686 5051
1461 25
1483 63
7083 92
2035 92
1016 63
5296 83
7084 83
36 7085
66 60
5725 3135
63 7086
7087 1173
1438 6428
7088 1832
6981 83
36 7089
7090 50
7091 587
63 5386
2765 154
466 90
4551 197
7092 312
431 7093
255 83
2046 2331
63 1609
30 5547
7094 1736
6070 50
30 7095
2779 7096
30 6273
527 7097
503 3990
6232 83
6577 3353
2865 6459
74 7098
22 1328
63 5267
1441 1647
22 7099
205 4164
233 7100
63 7101
7102 1
25 50
4247 1736
648 7103
247 1221
2992 755
165 7104
7105 165
63 7106
30 38
36 7107
135 514
5425 420
7108 63
635 83
3438 7109
6797 7110
640 7053
92 1865
36 2522
5987 648
908 1837
63 2064
2261 163
7111 1
688 7112
6262 83
5149 769
565 2747
430 4730
833 7113
3327 7114
1993 40
7115 83
4195 216
5718 281
395 7116
63 7117
635 7118
16 7119
92 7120
1333 1531
755 291
7121 679
2973 2267
92 7122
128 4082
63 7123
63 3552
92 574
30 7124
60 7125
1736 3162
1057 388
79 5514
1982 90
63 859
22 4861
3073 6847
63 5394
7126 92
1102 6626
63 7127
398 7128
6729 1757
7129 4937
708 3399
63 6831
2923 41
716 6957
6906 63
7130 50
92 813
337 146
372 63
7131 6229
3843 2905
833 2479
1418 2760
2109 7132
50 6238
7133 154
92 4172
7134 1060
4151 1
7135 25
63 7136
7137 136
902 92
1136 1
1788 1645
3107 7138
430 60
3085 92
638 4281
2397 7139
1138 83
165 90
1502 1179
90 7140
3291 255
3180 1173
488 83
4470 83
63 7141
907 50
72 836
751 7142
524 7143
74 4059
809 1676
63 563
16 10
63 6055
1654 7144
464 1719
2029 1230
63 6873
90 7145
63 7146
2610 7147
63 4522
74 7148
60 7149
63 7150
92 1945
29 6522
881 163
63 6092
1987 83
7151 1
36 1120
224 4929
4118 1196
527 4485
136 2065
648 7152
4989 90
40 3866
63 4978
36 1365
4559 660
2669 79
5968 648
1522 1
565 3783
468 83
7153 90
34 40
92 3106
1154 6091
224 7154
781 7155
7156 1
305 7157
7158 63
1011 7159
6516 151
228 7160
7161 1736
63 4041
7162 41
3276 7163
7164 908
30 5539
139 1822
92 4900
90 25
762 7165
92 394
1040 5933
70 897
63 6283
7166 3393
2651 83
272 5834
2091 5182
63 7167
6666 3199
4656 2168
527 7168
648 5290
7169 933
2610 60
7170 63
527 3158
5450 63
7171 1365
499 7172
30 961
63 7173
7174 2513
430 1840
1628 3697
1832 6061
1329 305
1418 7175
30 7176
70 4255
2652 1
671 10
7177 1092
989 6139
1081 7178
7179 1
1869 7180
30 6142
4018 1173
7181 1
2040 1924
1942 7182
90 163
70 7183
4302 1
22 7184
46 662
1174 7185
6036 163
205 51
635 25
484 7186
7187 666
149 7188
36 6165
840 7189
70 7190
216 25
196 5726
63 505
1478 1
893 509
648 7191
92 3507
154 4302
7192 954
36 470
5731 197
55 380
4694 7193
195 7194
4118 1869
6050 1
5785 63
70 4688
7192 395
534 22
7195 63
824 25
36 4576
2267 1726
6970 29
63 5444
139 7196
40 1102
154 7197
63 4519
2280 954
3273 679
595 1507
63 3830
266 7198
63 438
47 92
247 1862
36 7199
630 3416
475 6673
5505 7200
92 3886
30 7201
5591 50
46 464
7202 154
6482 1001
648 7086
499 5990
143 2821
30 7203
63 7204
4 3878
63 7205
228 7206
22 195
922 641
51 197
7207 126
430 380
802 7208
92 7209
30 7210
63 5870
7211 126
2267 1368
1179 7212
2650 5573
892 7213
4235 4891
63 7214
2782 7215
1368 7216
36 7217
92 7218
70 760
7219 3084
7220 2661
149 63
1587 5342
301 30
92 6276
41 7221
7222 4552
514 3310
7223 30
2040 1501
36 2070
6434 3208
136 827
515 946
63 79
1820 5162
7224 2186
135 7225
63 4859
987 7226
2776 154
4833 29
63 7227
5688 83
950 83
475 933
92 777
5308 255
7092 1924
199 689
1456 7228
5602 83
654 464
2079 83
4706 92
7229 444
205 7230
153 3396
7231 50
2059 2393
7232 83
30 464
7233 3647
7234 7235
1933 154
5988 7236
1081 1492
1942 3437
862 83
36 7237
247 3495
30 7238
46 1391
641 4707
7239 1196
2968 2336
46 1
4000 7240
63 7241
63 7242
136 410
781 92
63 5212
405 7243
87 4003
7244 154
7245 83
36 7246
7247 228
4031 4795
948 3212
2136 4424
1014 1979
405 7248
63 2832
7249 83
7250 7251
3250 7252
63 0
30 7253
2629 25
7254 7255
527 7256
2968 7257
7258 154
205 1975
69 4488
3978 7259
2030 83
933 7260
2568 83
34 1
1367 90
7261 2472
2986 22
400 1069
6293 1220
7262 2046
1435 6898
92 3253
2593 22
249 7263
833 7264
55 468
30 7265
353 7266
963 6062
658 4
92 7267
2203 83
46 1224
3595 420
969 4968
1011 2599
63 4589
5235 547
949 7268
1154 6468
5220 801
3340 1
7269 83
7270 30
5227 25
6180 83
7271 92
3724 2746
63 7272
7102 83
648 7273
51 7274
92 2072
63 7275
2397 7276
1669 7277
736 4535
2608 468
247 22
5074 2826
40 217
193 4028
1091 7278
7279 233
2863 468
63 40
7280 154
1134 90
368 5664
890 3019
6942 128
1143 92
7281 359
477 5632
83 7282
92 7283
71 7284
1934 7285
63 7286
149 7282
3203 136
16 2174
63 6117
961 7287
7288 395
832 477
149 3174
660 1685
265 7289
2345 7290
30 6277
2198 70
74 7291
7292 7293
92 1
63 6696
5881 192
25 62
50 4396
7294 197
1418 2376
4 7295
4733 63
2425 171
292 92
499 62
310 7296
30 7297
3393 6612
7298 6341
7299 63
869 7006
63 7300
63 7301
1028 7302
63 2623
5465 6353
154 29
1077 755
6717 2296
63 7303
4470 7304
2908 83
4694 7305
1224 50
1405 92
7306 63
3010 420
121 6191
36 1727
1984 146
1438 7307
7308 50
30 6705
1224 7309
4024 3610
7310 216
716 4017
55 40
7311 92
305 7312
63 3867
1675 7313
50 1732
126 5031
1817 7314
7315 83
5655 1154
7316 1
379 7317
5428 6430
92 6511
716 810
30 4479
126 7318
940 50
7319 83
716 1707
1081 7320
40 7321
710 83
233 1907
405 7322
1196 90
1501 5231
36 38
92 7323
1565 805
7324 30
802 2914
41 3180
430 893
834 60
63 4525
63 7325
4951 7326
2752 103
36 3028
692 7153
7327 154
63 7328
4456 90
70 1840
1438 29
977 60
1807 595
25 752
629 7329
7330 63
30 6143
949 92
36 3867
7331 29
30 3586
1426 1308
149 7332
679 3027
2931 422
595 7333
154 7334
334 6662
7335 420
7336 50
61 7337
7338 3465
4688 7339
40 7340
495 376
716 34
519 62
4 6825
1081 7341
34 8
5071 7342
2638 4700
3207 7343
4604 25
368 25
7344 5007
395 7143
63 4683
7345 149
922 7346
30 7347
74 7348
63 3248
27 5286
1143 6152
436 6456
83 5385
716 2347
1820 50
7349 1
733 320
616 7350
60 3681
436 7351
92 7111
70 1187
92 6000
63 7352
70 782
7353 92
2345 63
1491 7354
63 7355
5545 83
7356 154
7357 83
1832 7358
1179 7359
7360 948
870 29
61 22
74 136
22 4664
314 7361
1939 3180
63 5588
7362 2739
2060 3206
126 641
1164 6164
4418 25
1832 7363
2610 484
7364 3709
7365 38
7366 456
1426 7367
136 3075
4 5140
137 7228
1636 83
760 1084
7368 6020
7369 22
7370 63
7371 83
63 7188
398 7372
7373 29
1375 41
1328 7374
51 7375
1426 7376
63 7377
60 1500
7378 92
92 7379
475 5898
456 7380
641 1002
63 7381
30 5767
63 7382
7383 395
648 2278
1036 4775
154 7384
2210 84
375 5288
2488 38
34 4014
30 7385
36 4037
1167 1604
247 1077
846 63
643 6990
6869 154
2653 90
66 62
30 7386
71 7387
7388 57
63 7389
7390 7391
430 7392
149 1285
386 3835
1552 62
470 103
92 6084
63 6678
1134 7393
5709 154
4629 30
638 22
224 5440
2106 679
4 499
412 192
36 2748
801 7394
4577 7395
63 7396
2981 22
2534 755
949 2759
224 83
809 7397
30 7398
40 5343
7399 2814
405 7400
164 135
36 63
16 470
3516 154
60 7340
165 7401
92 3190
467 151
4110 1
948 136
822 154
7402 90
1092 7012
7403 63
92 4764
1881 7404
1561 1056
7405 1
92 6466
92 5369
1879 1
4758 7406
63 7407
2109 7408
1602 7409
490 464
1418 249
436 7410
7411 395
46 34
16 60
136 2846
2973 1911
938 7412
648 3493
1483 7413
5848 3220
3625 536
61 7414
90 5557
5646 1196
63 7415
72 6391
2479 1330
1650 7416
6727 3176
7417 83
3787 25
4333 927
63 7418
3566 83
2412 7419
55 4192
154 5685
92 7420
149 90
7269 1
36 7421
7422 63
7423 491
7424 83
903 6636
7425 74
4 7426
63 1825
92 6419
2774 29
1754 1305
25 1039
7427 2054
4694 679
7428 50
84 4603
30 7429
2055 83
4656 7430
92 6506
171 6587
63 5459
7431 83
30 3331
2841 7432
36 2170
7433 63
359 1
1988 7434
90 7435
92 4264
4438 63
216 197
7436 46
1241 1707
3701 5637
6103 216
36 6326
4 7437
7438 1
7439 92
3027 1
30 7440
29 7441
36 5477
7442 888
629 6220
63 7443
22 1574
305 7444
6405 7445
7446 92
546 233
63 3803
3704 7447
34 907
92 7448
1328 83
744 2465
922 7449
103 7450
7451 395
92 373
4 3931
30 1596
7452 149
2759 754
7453 50
36 2776
4868 29
1959 25
7454 881
177 5863
63 54
63 3380
1832 7455
5656 1873
70 4577
83 7456
405 7457
490 488
63 7458
2694 29
36 151
1011 7459
36 6368
1196 4902
7460 987
849 2961
46 4300
1341 1673
7461 595
7462 63
126 669
5040 29
7232 92
36 339
135 216
2920 7463
4031 1
949 695
648 7464
7465 50
93 7025
2596 1
233 4981
63 4643
103 2080
177 197
7466 763
281 7467
2472 7468
233 7469
4 4271
2078 7470
595 4125
2888 7471
7290 3206
7472 63
4328 464
648 7473
2465 4643
7171 6163
7015 83
92 4526
136 1796
430 3465
16 7474
499 7475
63 3591
311 5543
63 5186
1678 22
1143 5490
943 6909
5610 1
1788 431
3352 6711
4 5854
154 7476
92 6156
217 2202
63 732
2861 7477
7478 154
1531 1
380 4769
823 7479
368 7480
7366 63
228 3939
490 1092
1245 29
822 83
50 7481
30 7123
7482 165
2008 1634
410 1092
63 6176
7253 83
7483 544
7484 2859
30 5186
368 2631
7485 1
1028 365
16 7486
2229 131
7487 2393
1233 7488
7489 1
7490 1
63 7491
431 6077
755 7492
7493 7058
205 1224
92 7494
63 1866
672 7495
7496 333
1011 959
2527 7497
1253 461
247 4413
1832 4616
22 1813
63 7498
63 7499
7500 5878
36 4759
3257 5732
1173 151
524 450
154 7501
247 519
1325 7502
22 7503
7504 90
827 1692
63 3566
571 60
74 63
3180 83
233 7505
7506 154
922 1368
892 7507
7508 63
3456 92
2379 7509
40 102
38 6984
7510 7511
247 443
643 4025
63 5737
1687 7512
7513 143
136 779
63 7514
1400 1763
2109 6414
5397 154
41 90
2861 7515
459 3092
6233 616
7338 83
1179 305
4097 25
1438 7516
40 749
7517 83
6224 7518
4737 643
6494 252
781 7152
92 3946
30 7519
320 1834
70 135
495 7394
22 4681
5401 933
2060 640
165 7520
491 1501
491 4257
2609 1
70 7521
63 7522
70 5067
1878 7523
1759 830
7524 7525
7526 1645
36 7527
1072 163
7528 63
6237 197
398 261
595 15
36 494
60 660
34 7529
7530 63
4470 38
72 451
30 1938
272 7531
40 303
29 7532
149 1092
208 135
5508 7533
4381 281
63 4080
92 6569
2201 92
723 7534
136 7535
4 1182
63 5009
470 30
830 7536
7537 7538
6983 151
805 7539
2955 5354
249 7284
7540 83
36 5018
153 3414
63 5561
7541 485
1995 7138
29 7542
7375 6020
30 6306
36 3027
7543 63
7544 808
2109 1229
1856 69
7422 83
7545 83
136 248
27 2721
36 1350
2056 965
892 7546
3629 16
2969 349
1344 7547
380 3433
1180 1862
7548 1
29 7549
6480 5001
34 3431
30 7550
7551 29
249 3426
6420 7552
5271 3393
192 7553
7554 283
648 7555
247 7556
7557 83
63 468
7558 754
2894 40
7559 281
3722 30
7184 60
2046 7560
92 7561
103 1298
1602 5388
1645 5756
157 7562
1757 25
30 7563
192 7564
6682 954
71 7565
823 7566
30 1842
7567 29
92 7568
6992 83
2733 2351
7569 92
1551 90
1757 60
3799 464
968 1
1552 25
7570 6237
866 5886
4 2841
7571 451
7326 92
7572 653
6829 63
927 6776
7549 1
7573 3118
63 7574
7575 199
592 1
30 7576
1179 7577
251 4132
2029 25
1438 7578
6875 3892
475 7579
74 7139
937 2464
334 4179
6147 79
63 6271
801 3765
30 6485
7580 334
7581 648
949 5406
7556 25
954 7582
63 7583
7584 333
63 7585
2188 1
1225 92
436 1837
2992 22
1878 2871
648 5957
7586 63
92 4407
1325 7587
7588 25
7589 115
16 7590
7591 2129
1149 154
267 1223
1873 523
63 7592
92 7391
70 157
716 25
1840 5926
477 6766
2992 25
7593 1
414 7594
63 7595
922 1682
7596 754
30 865
2888 7597
5966 1
954 5372
136 50
16 3393
74 7598
73 151
862 7599
50 7600
7601 154
36 1101
380 304
2400 7602
2615 197
904 216
247 5854
1072 2005
149 7603
1687 7604
3882 1827
291 259
716 1461
92 6839
84 4835
22 25
92 2471
398 7605
7606 1736
7607 1521
261 63
7608 7609
3151 92
3704 7610
30 6379
7611 69
89 1
63 7612
7613 126
5192 63
7614 10
7244 50
3455 1
802 5895
7615 5850
154 7616
2178 50
7617 7618
30 6952
1132 7619
135 485
92 7620
36 1011
7621 63
7326 7622
7623 648
7624 475
554 7625
7626 3647
249 7627
3475 1171
1314 83
987 5777
36 3233
4532 398
199 7534
30 4837
755 3476
7628 83
40 3249
827 1089
42 616
7629 83
1225 63
805 7630
7631 192
616 5197
6701 2054
30 7241
71 7632
4136 5747
7633 25
7634 754
2479 3530
40 7635
40 1036
136 7412
716 439
2841 7636
1011 1980
2288 7637
30 7638
523 197
3157 22
305 6532
92 2836
1799 50
2 7639
83 7011
7640 92
7641 866
4076 83
7642 3523
1561 197
379 7643
5345 154
7644 4851
50 7645
6714 50
92 738
915 759
7646 587
3455 2744
36 1820
198 7647
1022 25
443 7648
641 4712
22 1039
63 7649
7650 154
36 7651
136 76
7652 90
63 7653
104 154
802 7654
405 3895
5540 2553
1995 7655
464 41
3876 1339
1845 63
63 7656
149 2301
36 1174
1391 197
7657 3476
7042 90
7658 63
36 7659
63 7660
368 2155
7661 252
6059 1
7662 1
46 83
261 92
7382 83
247 216
755 305
987 478
629 6628
55 1571
2725 83
921 5958
252 6591
3592 40
4 7663
247 1400
317 1031
7664 83
2456 3159
30 4359
16 6216
25 7665
2258 1039
142 50
46 2492
63 7666
831 922
7667 92
7668 54
873 7669
2796 63
27 7670
30 5497
888 7671
7672 1431
92 7673
247 2798
3290 7674
3576 503
840 2442
699 7675
7676 50
135 370
16 92
30 3682
1196 4830
6033 50
7677 63
30 3486
1280 488
63 6905
63 1189
139 6138
475 3103
72 7678
454 7679
30 7680
22 2799
70 1211
61 7681
490 7682
6889 4818
7235 618
450 1105
36 1491
63 7683
840 4140
3273 1654
70 3095
36 6527
2861 7684
534 7685
2411 154
759 29
490 470
879 7686
1046 3546
5678 7413
4 1832
809 7687
71 1001
74 6406
2345 7688
589 7689
46 2106
63 7690
2650 293
159 467
92 7691
539 29
588 136
36 7692
92 2880
70 479
7693 7694
113 1328
1299 43
741 92
342 7695
475 7696
16 41
92 2208
74 7697
63 4481
3053 954
7554 820
547 1035
524 7698
2978 83
7699 63
4 3378
92 7700
1405 5477
477 5512
126 7701
92 7702
436 7703
963 7093
63 7704
640 7705
135 944
2934 1
163 83
7706 2886
16 83
63 4163
63 7707
4757 7708
2352 62
398 154
36 3826
648 7709
6780 1
404 401
370 478
7710 629
763 7711
7712 92
7713 589
36 7714
1441 7715
63 7716
251 83
643 7717
795 2920
888 5046
1934 2743
103 7718
7719 554
1129 5656
63 7464
93 3737
90 7720
6786 7721
136 7722
228 706
63 7723
781 591
1196 1875
74 5687
524 22
4262 7724
36 7725
63 7726
2898 1
305 7727
4 587
6122 1134
87 2783
430 71
1177 7728
922 625
2 2343
136 6595
1953 25
716 38
92 7729
5015 7730
252 7731
63 7732
502 83
36 3739
4920 7733
63 7734
63 3758
7735 29
63 7736
126 30
888 22
425 22
7737 4851
760 25
922 197
477 4571
2136 1656
7738 4529
6020 7739
7740 1081
7741 63
7742 149
36 1571
390 935
83 7743
380 1132
7744 1
1081 3992
936 488
258 4440
473 7588
224 7745
63 7746
7747 44
1220 7748
7749 4486
7750 1491
7751 92
4 1953
802 5947
1426 6879
6020 7752
3257 7753
30 2772
30 7754
16 6135
1381 116
1863 1050
708 755
7755 1
2782 303
74 1
7756 1634
87 1902
5111 420
2688 7757
1143 2114
92 7758
595 7759
7760 653
963 7761
2888 7762
56 461
1483 7763
2690 954
451 4226
4 4740
629 7764
30 7765
491 7766
7767 50
249 7768
63 1869
76 7255
63 7769
63 7770
63 7771
4139 619
4 7772
433 7773
7774 3206
7775 30
63 7776
46 1727
1612 83
63 7777
4242 7495
4569 7778
554 2451
7779 16
74 1973
71 7780
420 3027
63 4076
3011 7781
22 7565
1193 60
30 2661
30 2648
1028 7782
1470 63
1428 7783
1143 7185
6768 83
36 641
839 7784
4546 7785
4553 30
3131 29
154 7786
30 2675
756 7787
5011 1
63 1946
7788 801
334 328
57 1100
4 7789
1561 90
30 7790
7791 29
63 2668
57 6725
291 22
7320 420
70 7792
57 7793
1185 7794
305 1582
7795 244
6566 1634
22 4231
7796 63
6815 50
5428 63
249 7465
247 4633
2615 370
4355 25
46 61
1426 1832
1935 7797
7798 1
30 7799
7800 163
44 7801
7802 706
60 7803
7804 7805
7806 151
7807 954
281 5398
2005 1
7808 933
368 4410
355 40
3368 1223
7809 1645
4 7810
7811 63
3213 6313
51 7812
51 7813
1935 7814
716 1463
36 7815
5550 1383
2110 439
151 83
755 7816
63 7817
3747 7818
3195 50
5941 7819
7820 103
74 7821
5847 754
92 520
6047 1
2733 2788
479 3468
1561 4694
7822 135
135 763
154 616
7823 30
7824 50
485 3352
92 7825
342 7826
7827 154
2857 1547
2186 990
3139 63
7828 5752
3055 1437
63 4995
405 136
30 7829
74 92
227 63
3516 464
40 57
63 7830
7831 83
1132 7832
7833 3186
4449 947
196 7834
445 63
34 50
63 7835
63 1589
758 1848
22 50
92 6983
7310 41
3682 83
963 7836
36 4606
1438 2158
63 754
7837 197
922 998
5584 30
405 40
400 7838
7839 6487
46 3273
63 7840
1242 4214
7841 6557
261 488
63 4982
7842 1
36 7843
92 6993
22 3866
755 4757
1397 83
1678 25
7844 25
63 1739
648 7845
1799 40
595 1664
1381 7846
368 347
989 7847
36 4881
1143 90
7848 16
63 7849
3345 154
7850 205
4280 4
5584 1654
1373 1092
7851 50
716 1724
6882 4729
809 92
5243 5307
1649 63
70 92
4408 527
7852 2754
1329 7264
802 921
7853 83
2154 132
92 1698
2788 83
248 25
755 6095
6466 154
1224 154
7179 83
5415 92
1506 1763
74 7854
4118 90
833 7855
4 6813
488 6801
1820 197
92 5643
7856 50
63 6101
3295 7857
3529 1010
7858 1361
450 395
464 7859
85 1154
6453 679
4084 885
57 7860
103 7135
63 2216
7861 4851
2263 4130
982 641
63 7862
629 29
7863 1223
7864 40
7865 63
4 7369
6724 25
63 4667
63 7866
63 3551
40 370
272 5048
3621 7124
16 1604
108 906
30 7867
7800 7868
5747 25
149 5916
1483 3016
7869 151
136 5047
70 523
7870 92
305 6244
987 1119
648 4580
4610 479
7871 83
1808 7872
7873 92
167 83
63 3477
74 7874
63 7875
6078 420
7876 3031
4 7877
149 7878
7879 5150
2527 793
63 4736
1840 7880
36 1224
7881 801
716 844
30 7882
420 7802
2808 92
6744 7883
30 339
5299 92
7884 92
3073 5173
36 4916
63 7885
4 454
468 7886
30 616
3876 7871
785 92
63 963
7887 2772
305 7888
63 1673
6535 1
2467 283
405 7889
136 7890
1326 216
63 469
7891 63
7892 15
6980 90
527 5409
228 5265
491 327
92 4522
40 2325
7893 154
7894 63
7223 83
1953 22
7895 1325
92 3804
4280 2298
70 2596
6434 7896
30 7897
1438 755
7898 699
92 7899
866 5285
796 83
2114 83
987 7900
629 7901
7902 1129
470 1820
36 7825
782 50
6067 7903
1736 7904
7905 7906
3186 83
7907 135
1993 1196
922 7908
63 7909
491 173
7910 83
63 7911
40 10
7912 5331
2267 1474
154 7913
1037 7914
30 6090
63 7316
92 6775
7915 83
7916 754
30 2142
3943 274
30 2622
36 5577
4 7512
136 57
40 4363
224 7917
7918 1
7919 10
6248 461
4 7816
7622 83
7920 83
477 7921
3550 151
3363 755
63 7922
569 4409
1252 291
1171 7923
7924 1571
4178 90
595 7925
5201 29
2025 3036
71 3077
30 2134
7926 4851
1832 7927
595 7928
822 5417
756 7929
30 663
7930 50
92 4699
475 5434
3124 90
63 7931
1673 7932
40 51
165 197
7933 4479
1086 83
588 7029
381 22
7416 1462
70 5825
36 2141
2968 4847
157 7934
7500 90
247 5422
7935 2342
7754 83
894 7936
796 3887
30 7937
251 63
121 6020
1953 7938
1832 2239
63 7939
22 2150
59 25
461 2814
90 5366
524 6843
77 146
524 3479
63 7940
3658 83
63 7941
40 3591
205 6840
648 3448
305 6295
3054 1292
2186 7248
63 7942
54 83
63 7943
7944 50
760 50
16 7945
447 30
4 5320
7946 63
7947 90
130 954
30 7055
63 7948
7439 2192
16 7949
30 3785
7950 83
1521 3755
5666 7951
950 63
307 7952
462 274
149 5437
4337 865
7953 25
4 7954
7955 1
36 6271
36 7956
7957 523
7958 30
40 7959
136 3737
7960 195
153 25
63 7961
126 7962
30 6438
6289 50
3467 136
4338 92
1463 4037
228 6932
7963 63
3929 83
139 7964
40 3725
7103 1
22 3852
7965 663
3956 2820
7966 4037
1134 7967
7968 4851
334 7969
4332 2517
654 126
136 217
40 7970
430 22
63 1061
63 2603
7971 7972
544 1157
7973 7974
648 7975
2805 41
84 1619
63 7976
1934 4391
883 154
40 247
1179 7977
5261 90
915 1092
126 7978
568 7335
1669 7979
7980 29
1894 92
495 7981
92 4458
7982 2854
63 3967
1179 83
1295 63
153 5258
252 7983
167 1129
261 50
1634 7984
247 6396
3701 7985
2154 5394
430 403
1487 4343
3448 83
648 7949
30 7986
305 3234
7528 92
7987 2138
92 7988
30 7989
63 1224
7990 663
63 5443
36 7991
92 104
1435 63
929 7992
1664 7993
2870 7994
7995 104
3108 1
60 7
63 1010
1001 7632
63 7996
315 1235
4802 29
7997 2968
3565 83
22 155
475 7998
7999 83
16 70
6794 154
640 7774
987 25
1607 151
63 8000
1561 154
1403 8001
2692 2539
92 8002
8003 8004
30 7893
8005 1675
30 5714
8006 154
92 8007
1960 92
2046 3089
202 151
192 8008
217 3244
1280 90
305 2128
7369 8009
6800 25
30 2866
149 8010
595 8011
63 8012
1002 866
8013 79
4926 83
8014 29
724 248
2479 8015
451 25
6666 22
192 8016
40 4077
1035 2096
92 4200
70 321
63 6402
441 62
55 1622
126 41
8017 40
247 616
6039 527
1664 1481
7769 8018
2752 679
836 1774
92 8019
693 3130
2786 90
962 4656
199 6643
74 5460
4388 103
92 8020
4347 50
309 30
1179 3476
866 154
648 5594
3393 5171
63 6690
2266 108
8021 1284
34 305
1314 92
2973 8022
5978 83
3390 883
464 8023
247 163
1329 265
2228 90
121 4766
8024 22
8025 41
6824 1
136 2334
7576 1
63 8026
17 50
63 8027
63 1410
2040 478
5600 50
824 154
648 8028
63 5214
87 2931
8029 954
8030 83
526 30
1426 255
1645 25
63 1485
1673 83
8031 1050
63 8032
258 875
4860 83
3193 50
240 8033
108 154
46 92
866 8034
8035 146
716 1494
527 8036
63 8037
8038 154
994 1765
641 8039
2973 8040
8041 60
4657 754
2225 4370
1177 255
8042 2456
136 4000
5141 261
136 8
63 4472
8043 1010
8044 29
3183 1924
6183 30
195 8045
903 216
63 6382
8046 1501
8047 63
46 165
46 378
92 8048
370 151
51 2910
70 2593
334 4870
7899 83
70 641
136 3255
80 1196
63 7725
802 25
30 8049
589 8050
43 8051
8052 4643
1264 29
249 7934
1524 90
6861 2489
8053 1
5505 8054
7727 933
1235 8055
2186 748
22 2681
92 8056
8057 420
7050 41
4110 29
544 4601
2109 2591
63 8058
8059 92
8060 8061
8062 6932
126 8063
514 584
1426 716
247 760
2779 4285
139 6586
515 25
272 8064
4156 1741
8065 1554
1173 8066
334 8067
3286 62
524 73
430 83
30 7082
8068 265
8069 30
8070 92
46 154
63 8071
8072 987
4254 83
8073 90
8074 3253
2923 6714
8075 1
1725 92
648 8076
390 8077
4766 255
8078 63
2442 5116
8079 29
5103 616
5337 90
4037 8080
1682 8081
63 5256
447 503
1325 2718
92 361
3378 3636
92 1072
36 2701
1092 29
224 8082
3151 30
1037 6465
8083 128
8084 34
34 83
92 50
4 2830
7677 83
63 7459
3335 186
63 8085
4748 1
1391 83
8086 30
8087 1
8088 38
1011 8089
8090 6263
4280 8091
8092 29
2434 8093
159 6391
30 7214
7235 4189
63 8094
8095 30
197 616
36 986
63 3369
30 653
490 154
8096 83
92 8097
128 8018
63 8098
648 7332
8099 1
7294 29
840 8100
7635 8101
57 8102
3096 1107
8103 83
197 3991
648 8104
491 1228
3463 57
63 6275
6795 933
3865 1
699 4115
7258 63
4976 5909
587 8105
8106 8000
63 8107
595 8108
949 8109
6239 1
63 2409
8110 83
388 7221
93 4246
883 6521
36 8111
405 8112
8113 50
8114 195
398 352
163 62
3941 334
135 8115
8116 1634
3964 272
2 1400
430 8117
1242 2368
8118 63
305 1487
1143 8119
8120 92
63 878
136 7817
6045 1
430 255
2267 1176
2434 6974
5746 29
1305 8121
824 135
641 83
5781 48
74 8122
3073 8123
5093 1164
4 248
4540 83
92 5079
8124 63
852 154
760 6003
154 8125
1329 2480
305 1901
398 8126
7128 2541
258 4917
93 8127
63 360
136 3870
937 136
4 1279
103 29
154 6855
987 7013
1037 6558
30 7922
7661 3093
1280 41
36 7136
8128 8129
5218 154
755 1586
2430 255
405 8130
4270 4891
36 3586
34 3031
5470 885
1196 8131
63 1320
788 573
5622 83
63 3400
8132 30
63 7282
55 1036
8133 92
648 5850
7045 1
63 2309
63 5441
2022 41
595 1423
8134 451
405 8135
30 8136
1471 25
2492 3639
40 1081
63 8137
7963 143
2193 50
641 1129
8138 83
38 7043
2503 63
70 50
3143 154
8139 370
92 8140
40 618
63 2300
92 8141
2610 8142
595 8143
63 8144
198 618
254 2987
420 1654
2684 464
63 3984
7155 3223
2736 8145
1754 4063
524 2890
30 2731
8146 1675
8147 92
369 197
310 5314
233 8148
63 6511
1196 50
36 8149
8150 587
8151 1
55 290
63 6576
8152 395
8153 1001
30 8154
126 8155
63 5277
7039 395
2752 197
8156 43
6255 752
3633 10
30 8157
8158 63
35 51
8159 25
154 3140
8160 30
8161 30
1520 7770
938 3530
30 8162
775 6322
8163 15
1036 25
405 8164
63 5380
8165 2842
63 8166
36 7452
893 62
1502 3110
8167 25
4000 8168
2370 83
1252 1220
305 8169
5422 25
404 3667
641 8170
2492 2762
8171 63
803 7812
6746 1007
63 8172
36 1102
355 8173
5096 83
90 5831
136 5858
1993 233
1582 2874
63 7757
36 8174
41 1092
405 50
63 8175
4749 7536
4191 83
50 7758
165 29
8176 63
3298 8177
199 8178
792 8179
29 8180
1431 4934
2263 8181
568 2647
30 2199
63 3097
4107 8182
2774 149
30 7209
450 8183
641 15
63 5017
888 8184
8185 92
108 246
349 3632
92 1608
30 8186
2464 8187
50 1712
484 1273
73 6285
247 2841
444 7645
16 8188
8189 87
3250 8190
796 488
1484 79
5762 4417
30 5768
6009 151
36 6845
2770 25
7172 151
8191 15
22 8192
479 5401
6645 795
4 8193
1134 281
405 8194
92 4959
177 8195
1143 5340
491 3600
568 92
8196 83
46 32
149 5825
34 195
304 247
1736 8197
2541 8198
7959 1
648 8199
228 4871
5068 92
8200 63
8201 1
30 2662
380 62
2861 2432
71 8202
3516 92
63 6389
2861 8203
2779 641
8204 63
186 25
40 154
74 3228
63 6312
8205 1
5226 83
63 30
8206 616
92 6499
989 8207
1426 8208
760 5226
1924 7274
4470 8209
699 5691
103 5922
8136 4565
7393 8210
6908 25
90 151
8211 90
30 371
224 247
8212 904
5613 3167
90 6140
2267 3327
395 8213
922 8214
8215 63
2526 933
92 1837
888 60
638 1267
641 154
1643 420
90 8216
802 1827
6583 3945
205 8217
527 1255
8218 126
190 254
4554 4933
663 3310
3709 8219
648 3559
8220 29
63 8221
6191 6125
36 2742
8222 143
803 8223
63 8224
63 8225
4912 8226
2844 90
92 6079
136 6943
36 5870
16 6303
30 6842
7023 566
7687 151
36 3937
4 8227
8228 648
199 8229
6228 8230
410 41
4996 5150
3220 2111
963 8231
92 8232
63 3746
60 8233
3610 6295
8234 1272
8235 3180
4 8236
3416 8237
8238 6689
8098 83
8239 885
22 2798
759 165
30 8240
8241 3635
827 8242
7442 249
2167 92
63 8243
199 969
8244 5074
36 2738
261 1681
8245 998
389 1
598 6467
140 8246
4639 92
475 8247
337 8248
966 83
46 906
788 1873
63 8249
92 5746
699 8250
154 50
8251 1
92 7026
720 60
3259 1
2012 83
12 8252
6395 305
4540 305
30 1781
8253 1325
8254 30
8042 803
247 2347
5826 63
30 488
8255 50
27 8256
5421 30
967 8257
2054 83
7270 83
36 8258
949 4694
57 22
74 5667
8259 126
1815 40
488 1092
405 8260
40 2397
3463 8261
36 8099
29 7354
8262 30
6949 8263
63 8264
648 8265
648 8177
2688 7642
135 4831
477 3185
8266 90
1405 5476
8267 63
405 8268
8269 801
2267 444
2582 922
4343 3012
154 4946
8270 333
149 5027
22 8190
154 6988
5487 1
430 7019
4408 41
532 63
272 2307
7593 92
2541 5536
527 8052
3956 8271
70 60
368 8272
63 2416
8273 641
8274 2744
657 1583
1828 8275
8276 51
92 1270
8277 1396
8278 30
92 5247
6735 63
63 645
41 25
7468 8279
5383 151
1112 8280
8281 103
70 4677
36 186
63 8282
92 8283
255 3857
204 648
63 5828
824 781
3516 135
305 8284
305 290
198 8285
74 3613
8286 92
199 8287
551 3772
199 60
755 8288
92 8289
604 1180
3833 151
70 143
165 8290
86 40
532 8291
92 8292
103 4355
856 8293
8294 83
5786 420
63 6377
8295 744
1242 8296
8297 30
5314 50
423 63
2419 54
1669 8298
190 451
305 83
63 6194
8299 7470
977 1457
8300 83
1553 92
63 661
2684 2703
8301 15
641 1100
5499 1
8302 1
1102 22
1604 3400
40 8303
1196 5371
755 5150
63 7493
4 7556
8304 30
8305 1050
1654 8306
1023 557
2523 29
2492 7803
63 8307
2857 50
92 3304
261 8308
6473 3084
1032 8309
6391 954
44 8310
2839 1
92 6306
8311 128
365 1838
8312 154
5595 25
8313 180
641 8314
4 7252
648 8315
4162 7393
5308 50
8316 312
430 4619
8317 83
1400 4567
8318 30
1639 8319
3516 4574
716 22
63 229
4494 8320
4 8321
30 7399
595 2439
1507 8322
281 8323
5848 8324
8325 787
3207 8326
30 8327
641 308
544 3470
8328 92
8329 63
1106 8330
1040 1
629 2124
7380 83
87 8331
866 7117
92 1974
92 507
2078 8299
8332 63
8333 420
1992 63
1608 1
7442 755
619 4140
436 8334
63 3114
71 255
63 8335
8336 1010
6534 8337
30 8338
90 7120
436 8339
1807 805
6020 8340
63 2978
30 4316
8341 648
6664 136
70 2111
16 1594
63 8342
136 8343
1438 1325
3595 5427
4610 5381
4774 25
8344 186
8345 63
1196 649
6342 90
46 248
2120 50
63 120
1953 1643
3257 1387
207 63
2821 25
3310 8346
57 51
8347 1765
3077 255
7974 5812
126 3536
36 277
716 1158
3130 83
8348 63
1359 8349
4306 83
92 6099
261 136
755 3059
192 951
63 5122
499 7350
589 8350
2449 63
135 8351
63 1154
8079 1
2149 8352
368 8346
641 8353
8354 195
2419 46
17 197
1807 2152
165 8355
2397 4074
63 7680
595 4924
4 6293
63 6773
199 7056
5277 151
41 1
7808 283
2261 25
5256 83
136 3701
310 41
3250 5971
4340 1785
7081 8327
171 1
63 523
108 6246
759 7076
2869 83
4624 248
5235 618
8356 1675
2978 154
8357 149
8358 595
30 7716
4031 1588
1915 63
63 7249
136 1163
154 8359
1571 8360
7713 136
63 7517
63 104
8361 30
883 649
3955 1
110 420
63 8362
3869 29
40 1039
802 464
1145 1585
2472 1
92 3472
781 8363
8364 334
464 7486
4 8365
50 8366
8367 83
36 310
247 4269
954 5912
8368 2350
8369 8110
43 6692
8370 1654
2447 8371
240 92
544 6863
993 92
8372 648
8373 7235
36 8374
933 8375
70 637
30 5916
8376 4644
723 2181
781 8377
63 7202
1056 13
1507 2260
36 3259
2968 7497
565 8378
40 1929
1673 7272
5155 63
92 6330
136 1744
8379 954
822 922
987 83
814 63
16 4445
55 1438
893 8380
3945 29
40 817
771 4059
529 60
616 2717
233 5506
1426 30
8381 83
6673 1736
461 1007
2867 635
252 7973
342 8263
8382 1
1099 2267
200 2719
1602 1654
436 8383
304 305
8384 261
550 63
7894 29
8385 527
92 8386
92 8387
186 8388
922 759
92 1638
92 8389
380 724
668 1905
954 3612
2345 15
70 1215
2345 8390
44 5482
60 7578
7475 616
4731 16
30 8391
310 4899
834 8392
63 2096
587 5311
40 606
63 8320
36 447
4 5036
610 8393
74 717
8394 640
515 154
514 4678
135 32
154 647
1664 8395
2172 62
954 8213
192 8396
4 4619
755 8236
3390 83
8397 2290
629 6349
199 7537
6609 8398
3294 83
595 2899
30 3660
2448 83
8399 2513
3214 3054
30 8400
2092 5359
8369 8401
8402 63
755 523
7757 29
2980 1
136 8403
63 252
30 8404
63 4043
63 8405
1643 1056
6345 30
4915 2403
40 519
8406 92
113 154
6727 154
1368 4707
63 1302
368 7237
4265 8407
1776 29
8408 1
8409 83
892 2040
8410 83
6190 63
6232 8411
8412 8413
833 8414
3947 22
8415 92
8416 154
36 1944
755 1461
154 8417
6664 653
8418 30
1372 606
405 197
987 488
1549 8419
92 3896
6561 1325
7749 873
281 6579
7234 1325
7171 943
4 2543
63 152
3298 92
60 8420
92 8421
60 4063
648 1140
90 8422
6940 1
398 8423
977 8424
654 4349
949 8425
1993 83
4118 369
22 6269
228 3957
2052 50
83 8417
180 63
3438 254
840 6467
8426 1361
36 7948
648 986
8427 587
63 8428
6369 6282
4031 8429
5426 83
305 4675
36 1918
136 8430
6624 3583
92 2185
8431 587
8432 29
249 7562
63 8433
40 298
36 514
7308 83
5490 83
4552 8434
149 8435
30 5310
987 3206
1456 1306
63 883
491 8436
63 170
136 3144
925 8437
342 8438
5522 29
6133 154
3061 25
2419 136
954 6016
8439 1758
8440 1153
136 154
3619 3071
63 1983
8441 653
71 8442
46 2111
470 63
479 8233
36 34
30 2389
30 90
8443 63
36 5167
368 92
1724 8444
7452 63
113 172
36 991
7740 92
888 2273
2623 92
8445 83
380 499
7804 2519
63 4169
398 5576
8446 7349
30 4826
4 2288
3863 63
368 90
8447 1
63 8448
126 6915
307 8449
63 8002
36 6675
1687 2383
8450 30
8451 8452
3100 8453
648 3590
7919 8454
8455 1
426 388
224 6740
4284 40
36 503
8456 1
92 8457
890 8458
1801 1
247 4732
36 6578
305 8459
400 8460
63 8461
524 305
6190 2060
8462 83
8463 92
4633 62
5795 92
1092 6680
8464 754
1041 8465
595 8466
1741 8467
2779 5566
368 8468
1314 40
63 8289
3524 4417
63 5134
2389 154
2109 2692
50 7341
1953 1077
464 7911
527 8469
8470 1223
249 700
8471 1
398 2224
63 8472
192 8473
793 4265
2400 1
4135 92
2742 420
125 29
310 1886
1325 5570
30 5454
4 515
1029 1173
3876 868
2794 8088
36 5752
114 154
63 2178
74 154
30 1051
7247 63
8474 83
5034 92
74 40
4175 987
6002 8475
30 8476
6496 444
796 30
233 5443
192 3005
92 8477
479 62
71 5717
5588 6526
63 8478
2584 83
716 6218
63 6602
3614 83
63 8479
36 4168
2041 154
551 90
6270 92
63 3275
3011 25
16 8023
8480 92
6244 395
92 4969
16 51
136 7157
8481 63
70 2776
395 7582
380 3044
6809 92
475 25
261 1986
36 2710
6629 8482
922 905
27 8483
93 840
249 1048
1990 1654
8484 177
4 8485
949 1462
46 679
4611 933
22 8486
5784 5648
63 8487
36 597
6133 30
2610 616
34 8009
224 8488
464 151
36 368
135 1446
210 8489
8490 536
796 25
2617 7540
1806 1542
92 3608
16 8491
499 90
71 4782
641 8492
8493 8494
4723 679
90 1
63 2450
136 1286
601 2665
249 715
7823 63
92 1606
272 8495
63 1695
1776 83
1081 30
8496 83
3181 255
833 8497
2683 29
63 8240
266 25
261 464
63 943
8498 1634
57 2296
63 8499
27 1647
36 8500
342 8501
7126 5864
1215 4192
394 50
3633 563
128 2002
8502 83
398 824
7161 933
63 3301
4140 4166
595 8503
2046 8504
126 2405
3517 30
2615 7917
3649 8505
30 7431
63 2142
1418 1049
1034 3163
1347 83
63 135
1174 6028
3628 83
2342 8506
699 8507
63 4980
1139 7083
2752 34
5825 83
3217 8508
8509 63
2397 8510
5732 4984
9 8511
1253 8512
63 3442
103 8513
2472 6314
554 5488
6131 83
36 60
92 6015
63 8514
8515 8516
491 8517
7631 8518
8519 5884
74 8520
92 8521
6466 3769
720 2913
1924 5924
22 3745
200 8097
5754 126
4023 4123
8052 2014
83 8522
63 8523
272 5183
63 1293
216 4106
249 6351
473 25
4 3610
1033 420
8524 83
4910 420
1048 8525
4920 154
388 216
92 8526
240 488
63 2678
247 2821
963 8527
36 8528
8529 3276
485 8530
8531 29
8532 587
1718 1
16 1739
1494 461
16 8533
716 509
781 514
92 8534
6029 30
403 8535
70 41
2009 7
1196 8536
2916 69
92 8522
922 1924
8537 809
7442 8538
30 7901
40 728
2688 8539
989 8540
3854 63
653 8541
759 1022
63 8542
57 7941
135 25
60 8543
310 8544
5181 4536
380 247
92 464
190 1489
63 3929
63 5935
5850 4361
595 8545
6889 653
8546 3409
8547 29
829 51
63 1850
4739 30
8548 83
8472 92
25 1
7513 154
5585 987
36 44
4 8549
451 8550
536 391
30 6640
477 8551
30 8552
7121 420
630 8553
470 92
46 7294
1813 8554
475 2205
63 6515
283 8555
36 8556
63 8557
143 8558
63 8559
8560 8561
4 3994
1563 1837
989 8562
1643 8563
3722 641
716 1999
192 8564
63 7273
92 6592
8400 1
63 8565
4314 29
582 8566
92 5435
63 6333
50 6128
70 403
2857 3634
8448 90
30 876
29 8567
1072 1571
1011 1092
5668 38
2070 83
2345 50
5962 8568
7714 50
339 83
40 83
544 2825
8446 1134
8569 63
491 8570
36 7557
8571 363
240 50
1483 8013
55 638
755 461
3420 8572
63 8573
648 8574
70 521
63 968
8575 16
36 8576
30 3910
3874 8577
3298 135
4598 7
8578 7
3415 3217
2757 8579
92 854
1275 83
30 6044
92 7504
2610 7186
7638 83
74 8580
92 8581
310 5509
5077 255
2657 8582
8303 22
30 8583
648 5412
987 4891
629 90
1820 7266
29 8584
8585 63
3824 50
2992 8586
16 468
8587 192
2596 8588
1108 5033
40 5408
223 3957
8589 50
399 25
8590 15
136 2964
36 938
464 598
92 4359
4856 6466
7956 50
8591 30
40 186
915 25
8592 83
40 305
30 4898
1838 50
63 41
8593 50
4 8594
36 8595
904 8596
2040 8378
1368 8597
7940 624
50 8468
8598 63
126 7083
16 8599
1174 154
30 8600
22 8601
63 4526
3182 255
527 7229
4167 154
523 83
4610 6001
6324 1763
63 8602
7376 62
224 755
8603 54
4 203
63 3682
4024 5645
1944 90
2740 8604
8605 1361
5380 29
8606 60
228 8607
2 8608
8609 872
63 766
92 8610
3169 154
5588 5531
8611 2513
164 2664
2610 3152
46 1654
92 2010
2029 4343
1491 3769
5113 154
8441 51
90 1366
63 8612
272 3409
70 3787
8613 83
51 2057
126 4051
36 3720
2752 5629
2493 8614
4961 3048
63 8615
233 463
8616 8617
36 8618
5731 63
3874 464
63 8619
6177 50
7820 699
44 8620
658 283
135 8621
8622 827
3068 595
60 6391
648 7650
8623 83
4133 63
63 1055
5433 126
7545 63
60 8624
92 411
16 6086
370 29
468 50
224 1833
41 2563
8625 1010
272 8626
70 1418
1168 83
8627 8424
2040 92
192 2607
7992 154
824 759
126 5328
4434 912
679 8309
7763 79
30 1092
1687 7554
6046 648
87 4660
196 8628
444 293
964 3098
8629 195
405 7410
368 6683
192 8630
8631 616
876 8632
136 3443
249 7671
7973 8633
8634 192
527 779
37 83
2157 7898
1687 1323
1787 83
4 3859
305 8635
92 2839
92 188
63 2054
1848 1
22 8636
2746 8637
2340 2450
34 25
8638 92
5735 90
63 4171
5195 60
8639 866
470 1208
866 8640
8582 40
2525 63
40 6206
92 871
1325 8641
949 782
1428 653
2863 1039
205 30
370 3924
4 8642
8643 395
873 1668
5665 8644
36 8645
1272 5119
83 6326
1736 8646
702 2523
305 17
2713 103
63 8647
135 3870
1272 8648
4921 63
2574 796
3130 40
7563 1
716 4231
1520 8649
1491 1
461 8650
8651 587
660 8652
3220 1
92 8653
8654 7
8655 6951
63 4575
16 7859
6455 44
1092 5145
8656 4
1618 60
833 8657
16 5254
8658 92
63 2811
46 3649
63 8659
1711 83
8660 83
7235 1325
5362 6641
759 1068
249 8661
30 5374
8662 305
55 3077
3246 8663
63 216
6572 83
154 8664
57 154
36 8665
5740 216
2226 151
3851 83
1428 57
63 8666
12 41
2830 4649
648 8667
8006 104
8408 126
60 8668
421 8669
1405 8670
641 7630
36 1410
1551 25
477 8671
2054 8672
989 7072
2519 8347
371 25
8673 92
126 2630
63 3382
8674 1707
63 8675
7754 3343
8676 63
464 4853
488 151
1984 76
310 6103
136 464
30 4678
1145 1830
1163 327
63 6571
4081 1325
5394 83
1132 7809
7672 630
635 22
8035 1634
30 8409
63 5435
48 8677
63 1081
405 6728
8678 60
2409 4334
63 809
949 8679
5626 195
873 803
92 2990
63 2702
977 8680
382 136
5485 90
475 3611
595 8681
484 6295
149 4379
92 8682
8683 154
113 8684
405 379
8685 154
63 6914
4546 8686
27 4253
3724 41
63 6647
3057 22
1145 8687
334 8216
398 2933
249 3141
60 1050
836 4778
63 6284
228 7833
879 4850
1669 6660
2628 8688
7345 92
57 8353
157 3982
7694 83
488 6057
63 7268
30 7899
8689 616
1025 1196
763 8690
1379 25
893 2062
989 50
699 8691
233 154
3171 50
92 8692
699 7565
185 60
6402 1
66 83
781 4677
2185 5853
3329 641
310 3073
8693 1
4728 8694
8695 29
92 7567
3792 6321
8696 1
892 3692
1485 6634
5088 1
63 3774
36 8697
292 8698
5670 8362
3516 488
954 8699
464 8659
22 1724
822 63
63 8700
8701 7321
1184 663
44 8702
8703 30
2423 2534
157 2792
8145 1
527 8704
8405 1
16 8705
8706 2463
60 8707
92 154
70 849
154 6693
3050 6377
291 2447
455 451
2519 8708
554 1741
224 8344
8709 63
8710 83
63 8076
922 3327
824 63
92 4970
30 8711
60 8712
395 8713
679 1654
30 238
7360 7268
8714 30
8715 195
92 8716
1754 8717
136 5670
261 1198
6865 8616
8718 63
310 57
6758 50
475 1571
7599 6383
4255 22
30 3756
1379 556
1179 22
30 1010
531 1139
63 8719
4362 395
92 630
6889 313
30 186
2261 50
793 8720
30 363
305 5325
8721 3180
63 8722
987 41
8723 186
71 8724
63 7765
7613 1431
5752 1
3313 8725
8726 83
648 8727
554 8728
63 6848
30 8729
92 4579
8730 2138
3722 6132
989 2655
441 6808
136 8410
491 8731
755 439
8732 353
8733 2687
63 8266
8734 344
1834 7421
22 451
16 464
987 1205
40 5185
63 7829
8735 146
1959 255
22 8736
30 8737
1013 724
63 4967
629 30
228 8738
8739 1
272 1466
3298 3416
1520 7107
1529 1325
905 83
8740 15
760 1260
30 8741
92 6719
136 1158
8742 171
7663 1763
915 62
40 3955
8743 2772
63 8744
8745 2400
8746 50
60 5756
8747 1
485 197
4795 1
3094 420
36 29
1426 22
641 8748
7496 2692
192 8749
70 7414
620 63
759 2710
4936 50
63 874
153 197
119 44
1149 197
1645 8750
4 6998
885 8751
1799 30
93 2649
8752 3313
8753 428
63 8754
4844 1827
781 271
2541 8755
30 8574
493 83
334 6480
922 8756
2040 3096
40 4577
922 247
40 8603
8757 63
377 29
2625 1
1669 8758
154 8759
163 8193
34 3950
5546 648
1579 387
55 1999
47 50
3725 83
74 50
249 3542
193 8559
92 5133
8760 925
126 1848
1035 83
203 3135
86 781
8761 1205
8762 83
3121 83
8763 154
36 1359
8764 92
532 4455
4733 72
405 8562
63 8765
1196 1
1068 29
63 8766
70 51
8767 63
4407 50
8768 151
4 2261
4 8769
4818 154
4 8770
595 8771
2 8772
63 3944
3681 8773
4618 83
2109 2539
829 6282
171 7242
6161 7970
8774 79
36 587
70 8775
8458 756
961 83
380 755
159 25
8776 92
8763 3028
103 8777
802 601
63 8778
5104 565
8779 2902
4107 7257
2336 350
8780 1724
755 1400
8781 4031
1379 3775
103 4452
92 8172
1108 1431
8332 8782
398 90
1007 8783
34 1105
63 8784
4 1958
436 8785
30 8786
63 8787
154 8788
30 6229
491 63
30 4184
8789 92
63 6026
8790 92
1561 63
249 8791
2481 8792
759 8793
8794 151
5439 29
6670 50
154 2254
8795 933
8796 1010
92 2413
3433 255
30 8797
2040 464
3371 2692
249 889
27 5587
63 8798
63 535
30 8799
8800 587
30 4721
8160 92
8801 165
6067 8802
6293 468
569 6551
8089 1
716 1179
1441 8803
108 7445
2384 22
8804 63
484 8805
3120 8077
8806 29
197 8807
8808 2331
17 1
8809 92
8118 1
3455 4859
4 3188
63 8600
949 5901
1138 1
8810 337
63 6463
475 8646
3 5486
63 6634
36 8811
8812 192
153 83
2112 63
36 468
1438 3157
4037 8813
527 923
866 8814
63 8679
318 90
405 5596
1737 4919
473 885
249 8815
1678 8816
8566 5150
30 8817
2629 2157
8220 83
6205 83
3491 679
7624 618
1196 8702
8818 3755
674 190
906 488
34 1547
1494 6248
654 154
149 8819
32 154
63 4676
3311 92
63 3979
8820 30
293 5478
582 8821
922 7174
4 7571
74 5225
8822 255
50 591
8152 954
40 755
4470 1804
8823 1489
956 8824
16 5367
405 8825
4439 63
70 716
63 8826
1145 249
504 50
8827 15
2530 1221
403 6899
1587 83
6067 1230
6184 6427
8589 29
8828 216
36 4009
126 8829
8830 866
8665 92
3257 8831
2342 5647
1196 3622
1112 4047
398 7386
136 8679
8832 154
2611 8833
2557 83
2597 1
922 8834
495 8516
30 8835
8836 90
6956 368
1953 1149
17 154
8837 151
6670 2070
70 197
74 8838
2919 29
2060 8839
63 7913
305 8840
2761 404
430 62
989 6315
424 60
8841 87
63 8842
63 8843
4269 25
405 989
1134 3348
987 150
1260 8844
3298 1
30 2795
4810 92
4024 2492
759 3867
63 6449
108 4980
252 8845
444 1368
3283 92
1757 305
40 4666
404 5568
796 8846
915 154
1934 8847
4703 63
3363 25
8848 30
2479 4219
824 50
2267 2650
444 8849
4470 8850
648 3570
30 7199
759 50
63 8851
398 2111
4 5445
4 8852
1645 7627
5450 54
8853 186
3085 50
92 5444
2040 8854
1196 4730
30 763
70 3685
8855 92
30 1638
1196 463
4930 16
41 8856
63 5184
964 25
6387 165
22 8857
63 1122
8858 50
641 2005
74 8859
893 305
844 62
30 6932
760 3994
92 8860
2344 1
4195 41
8861 83
499 8321
22 8862
36 8863
8864 149
1308 1
4795 8865
1639 2727
1426 4413
592 925
470 47
36 6364
30 8866
36 813
74 8867
1316 7440
228 83
5597 83
249 8167
224 2608
92 8868
136 8869
36 1643
342 8870
6318 456
1404 92
6037 2419
8871 83
92 547
744 4644
967 6401
6653 6889
464 3726
63 2847
430 247
8872 933
126 8873
4242 672
8286 44
989 8874
16 46
92 8784
7713 8875
63 8876
755 8877
205 8711
8853 1645
3327 136
51 6634
34 8878
2427 233
92 1363
71 1403
63 8879
405 88
3440 7200
1693 103
1230 4674
8880 985
648 8881
464 8882
63 8883
477 8884
92 3223
92 4804
30 8885
1072 254
265 120
3695 154
30 8886
1687 933
36 8887
8888 2519
5661 395
977 3444
582 8889
44 4126
1634 875
4656 7836
36 1149
822 136
5553 1007
484 25
63 8890
8891 92
5909 2824
949 8892
949 7722
8893 1521
30 8894
63 2144
381 25
63 8895
398 1372
751 3292
92 1436
6375 1
8309 7197
10 6805
2242 54
40 172
40 2481
769 8896
63 3838
92 8897
92 1701
5833 1228
139 7537
8046 1228
3207 8898
2040 1765
159 755
648 8899
154 4104
8900 51
63 8819
261 8901
247 1795
157 7768
8902 2389
630 8903
63 8904
1011 8113
7370 92
595 8905
36 3722
92 8906
1263 2296
8907 50
108 1529
7642 30
149 8908
63 8909
63 8910
7183 83
5763 1869
249 5780
208 154
1674 8911
592 1393
2261 22
63 6989
139 8475
2803 8912
8913 90
92 8914
63 3051
1456 128
8915 7739
63 8916
8917 30
648 8918
8919 50
305 1260
290 8920
648 8921
4 8922
431 7838
595 8923
8924 618
1608 83
2918 63
1678 8925
8926 281
641 2809
2 8927
92 3551
398 1551
1424 8928
3977 1654
2040 50
4200 83
90 8929
8740 5419
83 767
1426 8930
8931 50
2472 63
527 763
63 8932
635 3148
63 1608
63 3599
63 2320
36 2263
63 8933
3821 50
405 2056
569 8934
5951 1
228 6341
793 994
92 6997
30 5300
8935 50
63 8936
197 2478
36 240
7469 50
5796 1
834 2552
862 4110
2668 3789
1428 2793
1662 254
648 5562
3031 8937
3210 653
149 4826
716 441
36 8938
30 8939
63 536
403 8770
8940 92
154 8941
249 8942
8943 83
7459 1318
648 7815
8513 38
2247 3085
2400 8944
544 5042
7955 83
8945 29
2870 16
2574 154
63 1181
4763 83
4 163
73 154
74 8946
2973 8947
1993 92
177 6216
63 8257
38 4671
824 197
36 1164
92 8948
8240 83
228 2524
92 8949
8950 83
3834 1010
1145 60
16 8951
8952 29
8953 824
92 1134
8954 83
36 8955
1418 8956
395 8554
1011 8423
987 8957
92 8958
205 8959
126 4482
4494 63
6395 60
63 2023
8960 154
8961 5094
8962 69
36 8543
8369 7605
724 1847
2104 29
491 8963
36 7205
7891 92
50 8964
63 495
30 8965
430 4037
8767 1
1272 8966
70 1134
368 8967
8968 83
3876 50
4552 1228
92 8969
477 8970
2610 25
565 2516
63 6129
1646 3620
8971 69
13 1223
470 3580
2132 1010
5669 151
2865 2163
4037 67
922 751
950 29
4912 6120
8972 1
224 2493
92 7485
1944 154
398 4335
63 2556
92 8973
7451 954
8974 197
8975 195
60 248
1521 1
8976 71
63 4131
63 6348
63 3454
74 7703
8977 8978
6113 63
8979 149
3826 126
1181 90
8980 63
36 1145
1151 1
3310 83
8981 1325
6958 4630
240 197
793 136
1232 8982
2846 749
430 1400
92 7198
8983 294
247 7255
527 2235
616 83
305 259
40 2083
146 8984
43 1394
63 8985
8986 1
8987 283
30 1894
8988 436
136 90
5416 3960
4 5492
63 8989
74 8990
8991 69
8992 154
30 8993
370 488
4543 92
4301 151
103 849
7326 5073
36 108
519 25
503 90
305 1724
139 7538
8630 587
5778 477
63 597
929 154
1521 83
8994 1
203 146
1680 4187
63 1918
305 50
16 4920
149 1958
405 8995
92 3330
57 94
2080 456
6121 8697
7170 648
63 8315
989 7243
756 4437
3018 25
22 8652
3378 8996
4475 1205
2658 688
305 1105
153 7561
4723 5042
63 1405
3298 2942
688 8997
36 1313
63 8998
2079 1890
6666 4730
92 3237
2608 4231
13 2418
484 8142
8793 143
8999 197
640 5995
135 499
648 9000
6969 2490
40 1320
2100 216
1426 6279
796 6786
4399 2865
949 5650
1687 850
305 4507
5950 2260
9001 5656
8059 477
8369 9002
5862 3180
5892 4624
2426 25
92 9003
3459 92
7428 63
693 3818
1134 154
63 9004
249 2950
1048 9005
641 8792
92 9006
92 233
63 2490
7286 154
92 2748
4858 1
3872 554
9007 63
63 5129
36 7443
92 1615
1447 9008
36 9009
398 2748
5678 9010
63 4900
490 90
6170 197
36 8858
732 1760
883 8879
151 29
4 8371
8252 2746
9011 154
51 1619
38 1199
648 8799
240 151
70 34
63 9012
1687 5434
1426 9013
63 5765
9014 727
8807 50
63 5384
139 4738
4209 461
7514 83
4 9015
499 83
4015 3136
60 4745
873 9016
9017 92
1426 6802
9018 933
4 121
92 482
7485 83
165 9009
5601 3586
70 61
781 83
63 9019
4211 7525
199 5705
40 1293
6191 3889
8977 755
6436 4851
30 9020
136 1401
398 1092
5950 3208
9021 83
63 9022
369 4741
4336 50
431 2168
92 1147
1645 8601
9023 4343
933 2961
63 5758
74 9024
3982 38
8974 154
369 464
3419 22
9025 1741
3059 5204
1151 8166
36 6758
305 102
3575 83
5257 83
5326 6675
9026 1
63 9027
92 5437
1236 30
63 2813
8706 9028
63 7969
249 9029
9030 1163
866 2509
9031 1924
8593 154
40 1496
63 9032
3182 60
3270 1
7894 398
6103 50
258 9033
8481 1520
34 265
9034 92
7121 4694
63 6860
7844 62
30 7084
60 9035
90 44
9036 79
9037 1
60 9038
1154 1009
36 8069
4546 9039
27 9040
70 90
103 1862
3733 30
63 5727
92 8970
63 293
3006 29
186 83
4 9041
1438 5661
1775 63
63 853
4 5899
3183 57
171 154
8935 154
9042 83
92 8955
83 9043
8412 69
8547 92
4 425
8940 961
171 90
3744 883
6866 120
6823 92
6900 3764
3669 92
7224 197
6602 29
581 216
92 5176
36 9044
527 5389
9045 461
9046 83
9047 151
36 4668
240 6556
2400 3154
4585 50
989 9048
3794 1
395 5627
949 8962
36 2111
36 21
63 3777
83 8523
9049 83
63 9050
63 9051
4 6905
63 9052
6755 92
454 583
1991 272
359 9053
9054 50
1461 29
580 57
9055 151
1561 1373
4 9056
7626 4397
8305 484
2174 29
2541 9057
40 4506
544 99
9058 38
9059 30
824 83
70 6202
864 563
1626 50
7683 83
8656 103
9060 29
2902 151
9061 63
1996 9062
648 6534
247 775
16 7470
9063 83
3002 83
197 9064
63 1782
185 2610
195 9065
2519 7805
63 9066
36 7074
2400 8894
8111 29
4295 1
5517 618
1171 146
36 9067
7867 9068
4 1598
3876 92
4613 293
9022 3052
405 4055
92 9069
4 6158
22 9070
41 1838
1621 3128
544 8033
404 5807
217 8050
205 9071
7940 9072
2267 9073
30 8089
254 570
793 4107
2818 616
92 3835
10 563
83 3785
9074 151
30 4705
7573 4539
63 7659
92 186
63 9075
8484 92
1687 6280
370 641
648 9076
70 4568
145 2350
92 3934
5432 333
4780 9077
6821 3826
157 6865
16 1496
9078 1
9079 1
6232 90
648 7319
470 485
63 9080
16 6497
9081 3431
47 1095
92 9082
90 9083
63 4145
495 83
491 9084
63 7448
9085 1765
4280 60
9047 154
93 9086
4 2371
83 1
63 762
92 4869
9087 60
4578 16
1978 30
34 755
63 7424
63 9088
4623 9089
83 9090
9091 451
759 2813
92 7328
92 6386
8894 1654
9092 2638
228 124
781 499
149 9093
6707 1089
1738 824
551 1007
9094 9095
7536 2349
6934 310
2691 9096
648 6978
648 7910
1068 50
1092 151
1143 781
2108 44
9097 83
4210 947
34 1634
527 9098
92 8817
30 4846
4130 90
1915 92
597 50
30 3179
8028 83
9099 87
1428 527
3640 50
63 9100
3273 1799
34 2065
1438 9101
386 209
2859 6711
30 7316
165 3384
2665 7168
30 9102
224 72
2611 13
922 7189
198 9103
74 9104
948 9105
8457 154
1251 2350
4726 92
9106 587
281 9107
22 2325
9108 30
36 1143
233 8188
74 1555
63 6870
36 9109
9110 90
149 5318
50 1522
3438 9111
30 3969
30 5351
281 9112
121 2853
495 9113
430 34
159 22
63 3252
648 3670
92 1531
30 9114
9115 247
4832 866
427 63
9116 2513
63 6663
92 9117
2615 30
63 6926
1242 9118
30 1545
8987 9119
764 589
2070 9120
2710 9121
7621 83
9122 83
9123 648
74 9124
92 4736
70 470
63 9125
92 9126
34 4198
108 30
6645 2492
802 2109
1230 9127
2677 451
199 9128
3711 9129
87 92
7 9130
833 9131
30 8211
3011 9132
7277 1827
136 1441
648 8595
4 8934
9133 228
8373 3956
63 7501
136 8845
3755 1
63 5215
2434 9134
1604 29
63 9135
527 2044
30 5719
92 291
9136 233
405 9137
9138 3206
126 9139
403 291
9140 982
9141 922
27 9142
46 6078
629 54
1944 4
224 9143
46 63
30 5373
249 3844
9144 63
1757 6765
1687 7094
4545 1
491 136
1957 151
2937 420
233 4298
2779 40
755 9145
3431 598
2388 927
136 5510
9146 15
648 721
395 4006
2007 83
30 7418
781 478
249 7924
197 6835
36 4359
527 1675
610 272
663 8157
2334 3221
8679 754
2953 1
205 8753
3481 92
9147 630
4150 63
136 6117
1143 1968
1660 9148
5646 9149
40 2241
430 73
247 7184
9150 90
8986 126
1494 247
4826 154
641 606
63 3527
30 8659
92 300
4882 4565
8943 92
108 5731
63 6432
83 7704
40 6349
517 29
92 9151
7330 30
4 9152
1174 9153
9154 668
30 5476
9155 754
34 4425
6993 83
9156 92
36 4612
63 2724
9157 165
3675 1
93 50
92 5536
205 5925
468 4760
5091 7000
527 6076
63 2004
199 9158
1158 420
34 7761
92 2756
2281 154
63 7399
1316 90
759 1
477 5120
1551 247
475 9159
22 60
154 2554
1645 9160
1846 688
989 5596
224 4330
7912 50
464 4560
136 2813
5670 5679
648 2170
9161 4761
92 2664
527 1028
272 3806
30 9162
1342 1
22 844
2393 1
503 83
3100 1829
2334 4688
781 1359
9163 63
7 6053
318 4694
305 2388
247 4255
7166 92
9164 151
34 4
92 7961
1438 92
4118 63
40 290
40 3824
9165 126
9039 92
8611 9166
63 1525
5860 63
4 1399
3276 25
9167 83
8281 60
1575 3465
1325 9168
6464 1325
527 3856
4776 50
9169 90
249 5766
2060 1063
755 7027
40 5516
30 9170
2434 4
5873 601
139 688
2154 63
1819 151
8313 2919
5706 643
2721 9171
941 25
135 8465
255 62
802 5194
3432 7973
63 212
292 136
92 3842
9172 866
827 9173
9174 2931
554 997
4024 7717
3011 7212
444 4485
310 9175
922 8000
6835 1
63 8952
2062 25
441 22
6008 30
1082 83
92 5951
8656 25
8303 8572
5672 395
499 163
40 1707
2382 5708
92 5037
595 4111
63 8505
7611 754
63 7833
63 9176
36 3898
150 154
92 7393
261 83
801 5288
63 7441
9177 195
30 152
9178 29
8679 151
495 9179
9180 83
4 6939
514 4837
9154 1
126 5273
1233 6811
390 1769
63 7061
36 4347
30 9181
491 9182
4 8847
113 8721
3203 754
430 9183
63 3582
142 63
554 9184
74 9185
16 9186
809 9187
92 9188
1056 8489
1806 641
9189 616
2228 9170
63 5181
228 9190
36 7827
1133 25
9191 1033
22 4633
4 9192
9193 9194
4398 9195
249 7387
2056 468
25 1724
9059 63
648 3687
305 3521
247 1706
228 2393
4404 154
491 9196
9197 63
83 9198
63 7031
63 4347
40 3137
30 9199
154 8071
63 9200
515 9201
3512 949
1869 5724
92 9202
9203 90
9204 4656
595 83
90 9205
7772 283
63 7315
1551 1092
9206 404
136 8413
2535 2095
9207 3416
755 62
63 9208
30 6080
9209 92
5002 70
9109 1
92 8727
92 282
595 9210
420 1223
906 165
9211 41
273 1171
195 7293
6746 9212
3484 1832
491 9213
4729 3915
833 5064
6240 1
589 754
922 9214
9215 1521
30 7939
514 4869
3642 1
475 3358
4555 60
1502 8769
63 9216
595 9217
9218 15
92 1468
252 9219
6502 255
4 3659
36 5285
6233 4
63 2857
6688 1
485 4950
7428 29
1241 62
9220 9221
71 22
90 7732
6333 1608
2779 8740
4792 325
326 491
706 9222
426 1173
92 9021
1040 9223
92 9224
1690 79
9225 255
9226 1675
6893 495
9227 248
310 154
794 92
2070 4563
451 4984
310 8203
1143 7136
2807 641
9228 1245
5873 527
36 9229
3073 216
9230 1501
2040 231
192 92
1271 62
4490 30
3831 1400
63 8391
3378 9231
3773 6506
136 8756
1559 186
3516 192
2299 50
63 876
6806 527
1450 1272
92 8933
8433 3236
9232 2296
484 9233
6457 83
1375 310
7661 754
535 7295
9234 29
40 60
63 1248
2553 83
7787 933
1776 8333
440 25
4158 1673
151 182
569 9235
63 9236
824 90
1602 5793
22 1260
7162 824
63 1300
9237 3792
400 840
1426 305
142 4583
3203 151
92 3326
3874 9238
4317 151
30 9239
271 83
9240 3407
205 7906
63 6006
2298 9241
5847 5670
2742 795
30 3176
292 216
92 3791
9242 7165
1687 4004
9243 50
873 6803
987 340
63 9244
3809 83
456 9245
63 9246
1280 154
2419 1092
430 9247
1143 936
1286 1924
9248 1
143 9249
1345 1
1033 7920
1153 90
4 9250
1242 7132
6819 3792
2263 1365
1028 216
8346 83
398 9251
668 9252
1602 5106
9253 7706
9254 92
1776 46
9255 92
305 7285
6959 954
3874 9252
16 9256
90 5779
63 6316
5996 1
2962 1
3443 8121
92 6670
499 4305
309 92
9257 192
9258 1
57 8036
2348 199
50 2642
9259 69
9260 83
63 9243
92 754
8072 63
165 9261
759 2111
92 9262
554 9263
4560 1
63 7021
27 3071
2710 1391
759 1618
1840 7450
4343 9264
2615 305
228 9265
305 509
1639 6235
677 3476
1731 1129
63 9266
334 1192
63 6254
994 2519
199 2711
9267 653
7426 50
2861 1788
7378 8397
2185 83
9268 154
464 6408
6137 92
9269 1783
44 154
92 9270
9036 7614
9271 63
63 6611
74 9272
55 247
249 9273
405 9274
47 154
30 9275
92 9276
2040 641
503 8965
38 9277
22 4192
92 1164
30 2054
1612 4851
8531 1
1849 25
30 6337
464 4920
9278 151
4 1506
8883 4238
16 4450
4265 653
7377 29
4329 1
4097 22
9279 151
6152 1
240 9280
9281 2296
3711 92
6751 50
272 9282
8044 154
63 9283
63 758
9284 1
73 1220
9285 163
9286 69
4 4025
63 3936
1102 4192
318 679
1196 9287
1044 83
247 3098
9288 83
9289 3180
2342 9062
224 2813
4889 83
9290 587
989 7419
1357 3935
93 8102
2550 50
637 6859
63 5820
71 4728
305 6676
63 9291
4 4746
412 9292
9293 587
2098 9294
55 461
9295 641
9296 1173
63 8220
70 8805
451 8187
9297 4512
9298 83
9299 1173
1942 9300
649 2865
430 3419
1186 146
3250 9301
8544 50
139 9158
793 83
954 525
233 9302
6931 395
7427 154
5877 2746
641 9303
63 4693
92 8098
60 163
786 1
4446 83
9304 395
1028 4756
4429 154
9305 866
9306 2070
1132 2601
8706 1215
8210 83
149 2226
795 195
7167 1
648 9307
51 9308
1685 62
781 5031
486 83
74 9309
8389 83
9310 752
63 197
781 1055
92 6186
92 9088
2172 22
8458 60
90 7605
3600 2368
63 7206
1995 6020
4 3722
30 3078
143 1196
1820 846
9311 163
4 9312
648 4304
5613 2442
1716 83
2897 395
63 4183
6797 29
1839 754
8336 451
63 33
92 2243
63 1396
70 759
833 9313
881 8538
1241 9314
92 5651
7918 762
1935 9315
9316 1089
430 1575
463 1673
1639 57
9317 420
294 9318
648 236
9319 63
527 1482
30 9216
7552 154
27 9320
9321 30
8445 1143
9322 25
63 1731
9323 1
305 5644
4439 92
4 7099
310 2193
9193 834
228 3340
3068 641
6951 7657
60 3644
9324 2512
92 9325
46 8941
994 2563
499 9326
355 9327
74 5751
404 8527
6282 479
1033 9328
34 48
1763 9329
2936 92
30 8576
1799 9330
963 5866
1196 6642
92 8557
9331 1
16 9332
9333 63
36 660
16 50
63 2366
36 9334
60 732
9335 1
499 1180
3260 1784
1437 8117
63 1035
5408 25
70 4041
233 123
1776 1092
7146 1
92 3462
4650 51
63 4290
1984 6987
63 9336
1669 4662
6024 395
7844 893
92 6589
63 8609
2684 1960
92 9337
2162 51
2615 716
3317 50
2914 9338
205 7732
7623 1
9339 2393
9340 40
63 7230
9341 63
547 3772
7190 154
41 29
46 370
3463 4177
2444 4572
1701 83
92 5363
205 135
261 7018
90 8237
63 7504
63 5041
6226 154
759 3777
9342 29
2439 9343
1426 3100
1777 30
135 9344
1600 1173
3220 9345
2653 25
63 1986
2442 9346
249 6160
63 2063
9347 1154
899 90
1028 3750
92 1937
9033 337
699 9058
228 6602
9348 29
883 3040
70 524
7510 1173
1944 716
9349 6796
3743 9350
417 29
2541 420
63 1771
192 9351
9296 50
60 151
6341 50
9352 1223
142 8596
441 1795
4031 9079
499 9353
847 50
1820 90
83 9354
5395 4761
9355 63
436 6374
922 3797
41 7296
386 8367
9356 63
1379 6502
255 3465
3073 41
30 6466
30 9357
1878 92
92 5932
9322 456
135 597
2211 5468
6859 7397
595 9358
46 1149
92 8552
759 4818
249 9359
9360 195
63 2731
1669 9361
192 9362
4 467
9363 1
136 2931
4880 1
9364 83
71 305
1065 9365
30 9366
8003 92
30 8557
63 8806
40 571
704 2746
7231 30
977 129
63 2171
921 4780
8809 30
90 7668
74 9367
2345 861
1033 30
2861 8025
451 1065
261 2443
2040 63
9368 431
192 9009
9369 30
108 151
420 195
249 9370
4 1739
4843 1
72 7627
1143 33
9371 186
793 219
334 9372
6624 8521
9373 252
499 9374
6223 1645
30 2614
63 1719
2615 5312
2593 8616
9307 154
36 8058
4812 8446
92 8073
70 1917
420 9375
3355 92
4404 90
1635 92
149 6393
63 1179
824 1227
136 4607
70 9376
6246 826
8612 1268
5148 136
40 805
2945 366
1494 1678
4575 83
30 7835
83 9377
6815 4314
92 4151
36 9378
9379 801
142 92
699 7753
801 9179
63 6646
46 4694
7250 9380
3722 83
1196 154
716 102
63 7191
1174 40
9381 2243
149 6105
443 9382
9341 1
46 318
1133 40
7815 1718
30 9383
368 8317
9384 92
30 4008
7235 1800
762 9385
1368 1670
92 1206
1056 771
151 9386
4275 63
63 1606
567 420
63 4142
40 5787
63 5863
1357 3020
108 3790
9387 192
9388 982
2423 83
6396 291
9389 949
63 9390
9391 1
224 8924
86 9392
9393 51
1687 840
92 8782
5448 255
5629 195
9394 63
9395 29
610 4322
792 136
36 3933
30 1587
63 9396
63 2184
679 248
2 60
36 1
55 1177
9397 648
9398 192
9399 5514
36 50
637 2578
36 197
900 334
716 1582
30 4345
63 745
410 29
154 25
63 9400
16 9401
490 936
8183 395
72 84
1438 1299
2865 1515
63 6928
4622 1011
589 9402
9403 126
247 25
2228 1092
2865 83
5251 63
171 151
36 1561
9404 154
4703 1
1217 4897
51 6246
8785 5532
7634 782
3073 7477
461 1266
63 4147
70 1072
405 9048
648 3160
3681 25
2298 616
8433 493
63 9405
1236 205
9406 30
2716 9407
30 6600
505 29
1512 255
9408 63
1077 255
3213 3881
503 9409
30 1877
2303 9410
1033 1654
8851 92
1367 83
9411 954
987 565
136 826
2803 1
527 1182
1792 57
400 3709
3722 255
520 1
662 420
36 5530
759 1461
3491 7609
1129 9324
9353 616
524 103
755 272
63 83
36 2176
7310 1364
5997 9412
3057 9413
142 7684
5244 648
9414 128
1011 804
412 8129
1993 755
9415 3135
8994 83
922 292
92 2389
92 1237
836 9416
679 4910
904 1173
3327 9417
9418 2523
595 4235
9419 5708
9420 16
2504 29
243 1848
92 9421
478 3171
862 5164
5996 92
153 50
398 8757
63 6931
63 7133
4 2298
9379 281
36 729
3123 1092
9422 63
784 63
4780 3987
2159 1
224 22
1398 7
9423 30
1260 29
755 60
30 9424
1471 321
36 2322
5442 5703
2 5569
491 7773
139 3572
4860 154
759 436
2968 136
126 488
126 3630
9305 29
3073 6854
126 29
74 9425
70 73
16 1584
2861 7510
654 135
36 4293
63 9426
2924 40
72 159
7262 929
4694 7397
36 9020
7455 254
2419 90
3250 1427
2244 104
9427 29
4893 151
305 1763
1495 10
29 9428
5997 71
1180 468
154 4129
77 5694
40 9429
40 6271
63 8671
46 9430
5082 38
9431 6043
63 8858
305 9432
7096 4891
36 9433
1143 452
755 103
108 1945
92 4078
63 7799
834 6957
4463 25
63 1785
92 9434
4044 1
6666 25
22 2553
2699 283
9435 4920
90 4056
63 3112
63 8149
103 9436
1757 3884
63 8162
1888 840
9437 1
30 8037
36 1238
63 9438
9439 92
70 5015
87 9440
3593 92
1940 50
531 1587
3672 648
3722 92
84 9441
420 705
7366 527
177 9348
405 2600
4177 9442
595 9443
1984 5175
63 9444
92 2622
126 6338
3135 3832
1909 154
272 9415
1426 9445
405 908
5316 87
1056 6469
57 6907
36 274
63 9446
7409 1654
199 1822
63 9447
87 2191
63 9448
446 30
1569 7003
9147 1134
9449 92
9450 46
1228 9451
2314 281
30 9342
126 92
3057 103
526 63
36 1068
9452 83
92 2599
190 479
177 9453
2419 9454
5223 63
7905 83
2791 63
22 3285
1820 353
6391 395
951 9455
73 3927
36 3688
9456 151
30 1960
63 9457
92 5310
5508 8469
2779 63
197 3942
989 74
2268 601
63 89
1953 305
36 1655
126 9265
113 8173
40 8903
2000 149
9458 63
3096 6245
368 9459
71 775
63 2017
30 3111
16 509
92 681
92 768
3985 883
63 9460
597 1092
36 8814
305 4905
640 9461
224 9462
759 1280
63 9463
6607 553
595 308
1299 9464
40 6676
9465 1979
36 233
29 6751
1134 3208
121 9466
63 7841
9467 63
1885 9468
9469 7254
9470 50
36 7865
682 9471
247 9472
9473 390
9474 136
63 5720
1754 9475
679 1149
9476 30
8299 29
2323 63
40 1092
9477 1260
9406 6533
6179 9478
692 90
1230 9479
63 9409
1637 6180
63 9421
2405 50
16 4666
342 9480
782 68
648 7585
568 7115
29 9481
473 6339
499 726
1953 1654
64 1491
9482 50
1001 4949
92 7065
142 2432
1007 9483
240 9484
4447 8489
9485 5181
716 660
91 30
436 9486
92 5006
8432 866
1571 9487
3664 616
16 9488
4569 9489
92 9004
595 2872
63 9063
22 4769
8544 9211
4413 4711
40 8679
987 63
9490 1561
9491 30
405 9492
261 9493
63 7650
63 1
63 6334
9339 1081
2540 30
5172 849
4624 2195
249 3749
63 8913
998 3292
22 1461
888 913
92 2115
3671 2733
6786 9494
400 1064
136 589
9342 1
92 2778
1776 1
63 9495
63 6588
63 1842
149 9496
40 7142
4439 8908
90 5617
9497 8564
74 9498
9250 1007
281 2708
716 515
2186 2422
491 50
759 781
1776 398
2923 3993
146 6
36 499
498 1
9499 151
679 420
9500 6197
63 166
63 9501
2567 30
310 83
151 3267
66 5612
8644 154
4770 63
9502 154
92 4484
491 9503
6309 92
2267 9504
369 92
491 9505
9506 9507
427 30
2070 9496
9508 50
4936 7129
2322 1701
272 9509
74 9510
40 6162
63 9511
16 9512
92 7371
177 465
217 8350
405 9513
92 4918
454 2138
36 9514
377 1673
74 9515
2214 7326
612 1
648 6047
2025 1741
63 5764
1639 5916
1143 197
1305 5503
9516 163
63 9517
1840 25
9518 30
9519 395
4 8330
92 9378
43 9520
400 2627
92 8137
30 5249
36 9521
9522 92
224 5496
63 595
936 1280
629 92
36 5588
92 1031
36 1608
9523 464
2412 4785
30 6671
205 8528
527 7925
1056 388
6748 1441
7720 9524
7713 4694
63 2104
699 3654
9525 154
386 5297
15 5131
92 8302
355 9526
3211 1634
16 2309
92 3682
1233 9527
820 7696
9528 2861
4647 3715
430 7769
967 205
9529 50
83 9530
699 2271
36 6354
1298 50
63 3486
4812 92
1037 9531
63 7372
5646 866
6415 4481
8611 438
233 9532
36 2107
6721 1
15 9533
9 3867
9534 29
92 5012
426 41
4851 5621
157 5941
4941 216
205 1449
1942 48
648 29
9535 648
2111 83
63 4256
30 7390
8369 5472
908 9536
83 9537
1621 25
63 8973
430 8100
2070 29
2779 9538
46 387
126 8660
1815 22
1438 2229
2322 92
63 6242
30 92
16 6934
247 4577
30 9539
126 9540
113 2882
2556 83
30 3807
1953 9541
193 9542
30 9543
7516 131
108 8003
9544 29
2472 90
4 1464
8348 1431
63 4658
606 90
4708 83
1744 1837
9545 1
9546 3222
9547 30
240 9548
2348 139
9549 74
4610 83
63 9550
349 1611
63 4605
9551 809
9552 5794
2949 92
6333 90
1253 22
84 9553
436 9554
36 7943
4 5007
9017 63
3592 92
9555 63
103 25
7446 1
199 6002
6560 30
136 4177
922 1328
4003 171
139 3280
9556 92
716 1253
2513 573
2986 25
92 5274
196 2061
27 6181
41 388
4094 1502
9557 4851
192 9558
802 9559
30 9560
1852 1724
9561 83
485 50
136 4954
63 5481
495 9562
491 9563
34 9564
2968 6510
3175 648
8839 527
405 9565
1502 9566
8452 1
139 1847
40 4914
305 9567
1869 1748
30 8111
92 8324
30 8593
136 94
92 9568
63 5356
430 1
104 3637
1805 987
36 520
922 9569
802 716
63 5456
9570 92
3278 171
63 1491
30 9571
5482 29
7940 92
9572 92
9573 16
8362 754
9574 9221
4 9326
400 2761
381 62
136 4493
63 5837
16 781
63 6063
200 8948
63 727
36 6221
2402 820
2211 491
756 2011
126 4874
30 9575
40 9436
866 3343
1610 41
171 463
249 3588
605 83
272 9576
63 9577
247 4231
261 9578
63 2802
4520 30
8470 13
51 7006
63 339
9579 83
5980 51
796 90
9580 484
3197 63
1927 3135
73 25
9581 63
9582 297
249 3983
142 9583
154 887
92 9584
2592 84
9585 83
9586 92
9587 92
641 4759
22 62
9588 90
8979 92
63 1543
193 9589
1171 2451
5060 5304
370 1706
9038 83
126 2859
1953 62
499 8051
9590 1230
63 3144
4908 4070
9506 83
1776 25
36 9591
1066 616
697 261
405 9592
63 1496
30 9593
7085 1673
92 7342
949 3722
63 6220
648 5506
5960 29
90 7707
136 2566
63 9199
2519 9594
7604 1736
2653 470
1864 7757
2376 38
30 50
3766 1736
40 4347
1011 7127
380 40
2479 9595
1230 9471
149 25
9596 1675
963 7430
90 154
1202 83
92 9110
9597 90
30 5480
66 9598
63 3025
527 2066
208 90
723 9599
963 9600
63 9601
92 8115
9602 63
1113 5234
63 3768
5266 7
5613 291
92 1860
63 9603
1335 706
30 3099
4 3062
1418 9604
9605 456
192 9606
63 9607
9608 963
9609 7
217 9610
4153 29
8891 30
30 703
490 41
4574 587
6519 51
9370 38
6282 516
410 9611
63 9579
9242 420
9612 83
9613 216
716 1132
9614 63
36 153
4353 6051
126 9615
7100 50
1669 5581
40 9616
233 9401
804 9617
92 2785
63 466
9618 30
4 9619
430 9620
9621 63
103 521
63 4449
6282 830
92 9484
3338 2070
9240 6222
9622 50
762 8797
3183 63
3597 50
9623 5805
63 547
92 9495
514 50
7989 1
36 2218
315 420
699 6452
205 8593
6009 1621
9551 637
6109 3135
289 90
3130 50
9624 4238
71 60
1143 63
5848 9026
4 7186
9625 92
283 9626
9627 50
63 9284
5303 38
190 2987
30 9628
1242 1228
4460 3738
7871 869
30 9629
1228 9630
63 5285
30 8542
4 1463
2391 255
22 1001
6122 919
1402 83
92 653
1325 4082
9631 597
1185 755
63 6983
36 6110
3112 4380
638 255
405 9632
416 9633
8829 50
3257 5442
126 936
92 1673
6560 1654
9634 589
30 9635
2154 92
3625 40
6388 2685
796 29
6941 7964
9636 1089
22 608
9637 3583
154 536
2479 9638
247 844
92 4374
5112 488
4118 92
63 3460
7261 154
802 1092
36 5728
840 6179
4776 63
63 6326
1441 9639
2267 8756
3868 1634
802 9640
6636 4583
866 6108
9474 439
66 4
63 9641
8090 7
1289 1
987 5802
574 83
641 1382
63 6479
2634 1129
4407 1
499 1558
9642 4342
475 60
5246 90
716 305
149 9643
126 697
208 9644
6550 648
8968 90
595 5799
22 9645
36 1606
70 3079
70 509
16 9646
755 6112
822 87
359 7335
9647 9035
4224 63
1438 9648
581 83
30 719
4265 83
60 468
6191 7182
6882 595
1081 1
1642 83
398 151
126 4400
60 5226
524 4232
4651 9649
1832 9650
7980 154
30 9651
7661 69
63 1982
60 83
362 90
558 233
63 6683
9652 63
4 9653
92 9654
30 2070
154 9655
255 131
5934 1343
796 9656
9657 477
83 6581
63 1196
3330 50
9658 83
9659 2288
305 849
3257 25
484 6879
8280 1337
386 92
8753 420
648 9176
7356 967
1379 22
136 2442
9660 2692
7056 688
6325 83
1873 5866
90 3928
4637 1164
90 9517
8855 63
63 4476
7467 801
8406 40
92 7628
4086 83
8608 547
63 7024
4656 9661
83 2999
4058 1654
2541 7058
261 25
63 9662
662 679
9663 197
833 9664
136 3032
92 3537
3085 1
9665 69
4 9666
9667 83
488 29
9668 420
228 9669
9543 154
83 520
3792 9670
9671 29
4 9672
7123 2815
63 1908
36 9673
5436 1039
63 9674
824 29
74 1809
310 2882
398 5829
63 9675
7667 63
2758 50
1414 3957
9676 92
2754 1400
5721 63
629 2523
136 6148
8738 92
4569 163
9677 3783
63 6327
544 5963
3042 283
3176 1
310 90
3481 63
6393 9678
7732 29
83 4071
9679 50
488 54
16 8148
568 5571
126 4110
92 5704
2870 8558
444 29
102 1004
92 2142
1179 25
196 527
524 25
63 1873
1325 2831
63 9680
197 38
9681 395
839 22
1032 1
9682 7634
46 1521
74 9683
4020 648
36 1854
63 7063
36 9684
536 1
92 597
63 9568
699 5846
648 8871
442 3728
9685 92
30 5991
136 9686
1483 8774
967 9687
92 9688
6434 595
7958 63
9689 933
1426 6544
63 5512
3705 83
151 9690
36 9691
9692 90
9521 154
22 461
12 34
4 8488
36 6539
36 6043
3250 6155
1687 3045
7330 2777
1271 5926
3516 1675
9693 83
9694 883
4626 8308
8003 90
247 4037
9255 63
4 9695
1145 50
22 9696
2397 1811
208 7466
1007 5387
30 8225
3533 90
36 6831
8332 92
30 8602
142 9526
894 718
92 3231
36 2459
4 5919
4187 83
71 4039
9697 4362
4000 9698
136 9699
456 3188
755 1394
9700 30
4610 9701
616 50
464 1361
837 9702
6727 6836
6894 83
63 1963
4564 90
36 2557
9123 54
5194 1489
6694 30
126 2370
1418 351
2823 1089
36 135
2095 2206
36 5360
430 5899
185 9580
963 2576
2748 154
380 1461
93 3391
759 2085
247 439
3098 60
648 3319
9703 151
63 6090
699 5335
197 348
36 3682
63 7893
9704 83
4825 1634
34 6398
922 1176
36 8660
74 9705
9706 337
2423 9212
1857 4077
249 9707
9708 1163
8754 3213
2526 1736
1418 9709
5187 9710
63 3191
8726 63
139 9711
755 23
65 6796
90 8936
524 1047
7184 62
8070 63
648 8798
36 3955
30 8007
1047 1220
30 8645
3901 83
40 9712
1379 9713
9714 2733
9715 2513
6624 1143
63 7329
70 303
9716 192
6439 1
1776 470
648 3478
6324 25
1675 9717
1171 3476
63 1011
6783 50
30 5739
36 9467
648 2105
16 5089
963 3504
4885 83
2754 9718
945 62
4110 8957
4237 63
3664 43
1428 2751
63 9719
261 637
4805 124
3033 50
9720 4774
554 9721
9722 151
418 1260
9723 30
63 7387
2692 1770
63 7837
3690 9724
989 151
342 9725
4 305
2029 1763
3073 5698
1816 1650
70 2204
92 7574
92 9726
1561 30
30 968
2378 9727
70 8067
3178 151
3874 63
1755 8387
7372 1
618 7149
2179 1325
9728 25
1011 151
4 8052
3874 4130
781 1217
92 9633
468 155
8548 1
2521 9729
468 62
9730 1
43 5019
9087 8624
36 781
491 9731
641 9732
7024 83
7207 205
36 5865
4 616
9733 751
40 8192
3726 83
5663 63
63 9734
92 6970
9735 83
3731 63
759 514
9736 1
36 1093
30 2845
2126 83
1438 1953
873 4815
5203 1
9401 50
3762 83
1456 9737
21 1
2356 9738
833 9739
103 2549
9740 63
135 4130
157 1298
9340 197
92 3653
7225 7393
2345 9138
1669 8022
5863 2513
5997 249
108 5366
9228 83
121 116
30 6221
2754 4382
139 2711
4120 3015
8573 83
1673 6964
3250 8723
74 9741
2011 9742
893 6850
9743 195
9744 50
171 5003
648 3007
6022 4010
778 154
3569 50
1438 1921
833 9745
36 5986
2345 3206
9746 1
9747 8099
5416 1
92 9386
36 30
36 8341
503 8811
4118 759
921 9748
22 4742
30 7498
499 92
219 83
9525 83
4776 83
6573 171
405 9749
34 63
1379 634
2191 29
464 9575
890 9750
2519 9751
1654 1361
92 9579
7648 616
1757 6575
63 4130
1494 22
92 4897
36 3248
30 8079
70 1022
553 754
9752 63
92 9460
36 40
491 6222
205 7638
922 9753
4 9754
9755 83
1438 5999
1552 22
63 9756
92 9757
4839 2791
2479 255
654 1092
92 2636
195 9758
159 1272
9759 7509
3647 63
92 7878
755 76
73 305
7249 92
3546 50
197 3698
8837 83
63 9760
398 29
3957 9761
197 6057
3011 8325
74 9762
71 9763
888 9764
92 8053
2345 805
902 63
9765 395
7073 754
34 2029
1551 641
305 1645
5442 9766
247 4861
136 2456
46 1799
2527 136
4209 1724
398 3569
781 4818
6890 29
2070 41
4 6076
63 6991
6875 165
63 9767
192 9768
892 922
4194 1105
3340 50
589 2051
405 8874
5525 1228
5549 1325
4 6402
490 46
2998 1304
4 6622
154 2237
74 1837
430 1179
149 83
994 293
6875 9769
9770 334
9771 92
5235 48
291 1840
6157 90
9772 587
30 9773
5106 334
1857 3208
9774 2290
387 9775
9776 331
8672 29
2109 9777
9778 10
488 197
1440 3071
8454 11
8598 1628
920 9779
5524 71
63 1897
888 8706
781 1068
9780 1260
30 9781
9782 1
9783 30
60 9784
499 9785
1325 9786
8300 50
92 899
2345 4273
92 3337
9787 51
63 813
9788 90
7352 1164
180 92
63 8471
460 25
648 584
9789 724
192 9790
524 1292
36 9791
641 8449
7154 186
9792 83
9793 495
4323 83
40 9794
22 715
9795 92
513 30
4453 4687
142 216
641 8301
128 9796
126 9375
9797 92
36 950
9798 151
464 8818
1196 9799
405 6057
9800 1
4610 9801
1869 8126
1645 9802
427 154
9803 195
7171 9344
2447 9804
25 2111
7314 1462
36 7872
74 7014
1935 136
699 9805
9806 25
72 25
13 6247
987 9162
7531 9807
51 1980
699 100
9808 1205
499 9241
3260 6020
247 1060
135 2813
948 4694
380 163
63 9809
71 4511
9074 9810
63 9811
925 2511
9812 195
3773 1
63 9813
9814 1431
9815 840
597 154
126 83
1211 9816
136 272
491 7408
9817 637
6958 216
641 9818
1305 978
136 3961
3314 6233
9819 679
994 41
87 8860
8961 6462
9820 92
9821 154
8606 25
6282 9822
755 451
4 3940
7137 949
9408 368
840 569
55 4418
9823 468
9824 589
5650 92
9825 830
716 1678
30 9826
987 8004
142 4756
9827 7
567 2668
83 99
829 136
92 3039
554 9828
8613 50
2504 90
63 9829
192 9830
2522 1
962 121
9374 616
30 2650
1603 1654
9831 1050
30 1700
637 136
63 9832
8444 5495
3259 8571
8343 51
63 9833
224 9834
2514 9157
922 3674
2628 454
9835 595
92 712
310 3722
199 5715
8591 63
3597 151
822 216
92 9836
92 1543
30 2030
2968 9837
3028 5035
1549 9838
2855 4
5928 63
92 7453
63 9839
454 9840
139 5660
9194 4343
6212 7438
30 2587
63 9826
3946 154
1418 4754
9841 954
430 66
36 9842
249 9843
8732 8157
922 1
1143 83
451 9844
1007 772
63 9845
1011 30
2186 9846
9847 475
527 1328
6474 479
4837 83
16 9848
63 291
9849 92
247 2799
5388 1654
949 7219
499 9850
6623 83
1813 7807
151 7265
63 9851
3804 83
3431 9852
5818 1
2006 1
922 9853
1838 216
30 9854
6292 2254
7678 682
2402 933
3260 1007
1678 9855
9856 69
2442 9857
136 6844
103 2762
63 3886
305 1571
595 9858
760 5817
8673 261
63 9859
3082 63
5451 195
61 888
136 40
57 6207
92 2363
1885 310
315 8515
63 1311
515 9119
781 436
4342 29
126 154
108 46
648 6323
3133 92
6922 7942
1820 83
2027 771
7795 754
4 6633
224 25
7525 4851
30 1513
205 9860
6179 3917
63 8151
92 9167
36 5304
499 8330
71 62
527 2296
482 83
8463 63
249 8398
1664 2013
1686 1
8272 83
417 50
6203 1060
3135 2435
3054 616
3028 5403
90 9861
888 9862
922 2602
1072 3812
5468 83
1068 154
5811 1
1639 1788
1990 468
63 1793
1011 83
595 9863
1736 9864
9865 1
9369 92
925 9866
249 9867
551 9168
987 470
25 3857
375 1
36 4912
2615 4460
4610 25
9423 92
9868 587
55 1215
9869 2346
40 3201
796 5704
3123 9054
2968 793
5420 30
405 4786
55 291
1127 905
9870 163
1667 5146
63 7177
1320 50
441 9871
7775 63
247 1010
9691 63
36 9872
2628 136
4308 9855
63 9873
7558 217
2179 4527
63 9874
142 3564
83 1597
473 2352
30 285
475 7787
6518 1
57 9875
74 1563
380 72
197 54
247 2172
9876 92
92 9877
2893 1035
92 1051
1757 9681
7235 6209
618 2566
5118 151
2041 29
2 25
648 9426
906 154
2142 883
3260 9878
4640 83
8327 1
5339 154
9879 587
4689 2025
63 9880
4 9881
3250 2493
90 197
3071 439
3135 4598
2189 192
4 294
30 1377
92 9459
1820 9882
2450 247
503 9488
1517 154
4899 216
36 2865
1426 4082
30 9756
616 1
228 9883
55 1004
693 1129
430 305
3610 5644
7068 50
1438 2080
405 436
4 4152
97 754
63 5209
9159 933
9454 92
902 30
9884 83
648 1530
1551 197
2721 1441
9410 985
36 6466
648 2216
135 47
4 6185
83 1446
2870 1320
72 5695
261 29
136 3427
405 9885
3144 954
5138 1542
63 2404
2909 149
551 1325
1561 464
63 4318
1879 5764
9886 43
22 2388
3824 90
22 450
569 190
6301 1
648 9887
610 9888
228 9889
866 9890
9891 283
247 1022
3073 50
4376 4923
233 3014
2397 8995
261 90
9892 92
9893 2171
9894 4458
1739 30
1675 9895
483 9233
716 440
368 30
915 3742
2382 5744
36 2490
46 4723
63 9896
554 9897
247 1187
1006 9898
1092 83
2292 9899
71 6391
22 3532
63 4927
7250 60
4739 151
968 90
63 9900
8094 1655
205 197
30 1302
16 5054
136 439
1092 50
63 1092
135 1706
1654 935
7580 205
55 881
744 3118
46 261
7378 63
22 660
1813 9901
103 9902
8502 1
8793 371
92 5800
71 9903
929 9904
793 9905
9906 50
135 50
9532 1
63 2390
4468 136
2054 1
3712 1
3516 90
9907 4031
135 9260
9674 92
63 9908
8139 63
9909 63
50 6511
380 6957
4901 149
5198 154
430 160
1426 9910
595 9911
92 1493
1129 9912
8092 63
1438 9913
1102 9914
734 50
63 527
9694 63
888 9915
63 9323
9916 2772
962 9917
50 1868
247 724
5747 1763
792 220
922 6644
3054 7215
403 186
9918 29
1320 1
4470 3639
9019 154
92 5047
3978 1007
1988 6339
8235 41
40 9919
1935 38
5666 1038
405 9920
1953 795
641 9921
759 247
63 5770
5861 648
3192 3315
8779 69
92 5278
491 9922
9923 63
568 9924
495 9925
3994 395
488 4914
915 103
601 9926
2629 40
36 2054
2615 2487
755 2760
495 3870
4203 154
2834 154
1143 919
430 2239
63 8374
4 5226
63 2633
922 8611
92 9927
63 7618
1618 9928
527 9929
70 190
63 988
70 63
1426 849
503 8359
7716 83
1724 6296
8653 50
63 4894
3238 83
4340 4631
3427 29
637 4845
63 4884
3485 1
192 9930
5099 1755
9931 29
30 9932
247 3867
416 83
103 6808
595 1764
672 9933
30 8060
484 7818
240 9934
43 3850
925 7669
2500 933
30 8876
1215 9914
92 302
3792 83
171 9935
2040 3743
9349 1755
16 30
648 6615
7311 1
716 163
9936 216
2865 2579
51 9937
63 2625
7081 92
1669 3328
135 606
3288 1520
1426 4961
410 50
5613 2610
50 8901
4419 151
739 9938
9699 69
1934 834
3690 63
989 9939
92 2865
30 7323
30 3482
2767 3125
796 9940
4 3718
57 2044
2186 971
9941 165
171 5746
9942 8835
8450 83
87 1245
4132 29
4624 9943
844 25
2802 9944
63 9945
71 6609
228 9946
9947 165
3057 5329
63 8104
6898 8832
57 998
3341 50
621 83
9474 63
9831 484
9948 83
71 1424
63 4141
9022 467
7 5049
5036 7109
527 3208
126 6355
8843 83
648 8719
3315 79
2861 9949
254 9950
2386 63
1042 1
27 2692
4565 9951
597 83
443 103
1418 6950
514 90
7040 3568
63 6042
630 9952
261 7656
6282 4852
398 92
63 295
1678 6320
2428 274
3302 551
3808 63
247 2739
63 6134
4499 1164
22 4061
3248 9953
30 2358
63 6757
63 8829
5882 92
1426 9954
1551 470
63 9224
92 4153
4819 6912
247 1678
9955 83
4957 4486
4930 30
36 2415
6068 2490
1935 9956
30 1701
2951 1092
135 1134
66 9957
6265 1
63 4394
334 49
3782 1
4288 3018
5947 9958
30 3381
6882 7759
63 6743
30 154
403 716
2378 977
3724 7515
9959 2434
987 90
9 9960
3455 2400
5456 50
938 9313
3257 7010
149 126
2242 50
63 7798
9961 7376
9962 2910
9963 50
30 8722
60 6998
228 9964
92 3908
216 2563
677 1171
2192 1
430 755
755 3052
158 3146
63 9654
63 9188
74 6994
1781 1
6981 1
836 48
63 2413
60 154
4 2325
648 2019
30 6148
43 3752
292 7566
92 9965
2534 1186
73 3747
499 2430
2452 1571
3044 1400
50 4842
9966 63
291 9967
1514 41
176 40
25 1446
3295 5405
405 7598
1217 300
63 4152
46 195
8744 1
9968 83
5169 1393
205 90
92 9969
949 6546
699 9970
258 6230
9971 587
688 724
63 5686
305 9711
7844 247
51 7364
490 25
3203 8892
165 3694
2710 478
8524 1673
2859 9972
4 6451
6508 63
2012 1196
9973 274
63 862
63 5791
961 151
9974 1634
63 3537
63 9060
8534 154
71 9915
5156 151
1669 4528
781 4688
92 6341
8806 6370
216 4596
716 2354
30 9975
491 9976
4267 63
165 6388
9550 1
598 9977
63 7651
2973 9978
5508 216
2378 7814
2070 3703
495 9107
716 2593
7908 2602
9979 154
6624 9980
92 9981
3722 2625
9982 50
1235 154
6191 9983
1145 2905
9984 30
305 2547
5913 25
63 7845
4799 63
92 9985
9986 15
63 9987
108 3886
1758 4790
648 9988
629 40
36 25
63 6178
551 9989
36 8289
5647 1007
9990 4643
662 154
9991 92
1669 9978
90 54
5152 151
3276 9992
796 9068
803 4650
9993 491
949 9994
208 63
63 1071
9995 2128
92 7052
63 2896
9996 1
63 9755
8196 9624
1755 9997
126 9998
574 456
2638 9081
1424 2681
9956 9999
10000 92
1280 197
9585 154
13 7863
10001 1081
92 10002
10003 50
1628 10004
589 3244
63 6259
823 10005
1174 9215
405 7276
63 7023
564 50
36 9874
2203 25
6453 1208
3867 2553
36 917
197 4170
430 10006
10007 1
7101 50
648 7015
6993 1
398 6665
151 50
10008 63
6199 933
3901 63
595 9818
73 699
554 3036
2262 6396
4809 1251
648 6887
7018 1
63 9686
1040 420
10009 193
1464 4343
46 629
2201 63
10010 1
2691 10011
321 25
1483 1623
63 10012
143 1320
4 1471
10013 29
40 1211
36 217
63 5602
63 5253
595 9921
63 10014
135 9446
87 1568
7165 8669
420 1149
149 9998
3146 25
3349 1
10015 1431
5263 63
149 3853
8433 92
635 90
2164 7185
629 4848
436 8859
63 5982
7555 90
5724 1
3192 3316
1272 6009
648 7947
30 758
74 7322
1675 10016
1944 305
2857 5142
1687 5974
2844 5685
1435 1750
3490 92
4186 1
8701 154
6360 754
7640 1357
10017 30
10018 50
977 2318
949 10019
44 8131
1491 151
534 25
70 3929
1561 10020
93 6838
648 6548
36 363
2851 10021
2870 8265
6426 1
10022 1
305 10023
8116 6815
63 4298
755 5567
177 5821
9813 83
4168 92
10024 249
46 1373
10025 948
51 1035
92 10026
6737 1
554 3651
1944 62
760 6913
136 4923
1426 3701
2456 5177
92 10027
3291 10028
629 887
8866 83
436 8135
648 8846
63 10029
4130 9571
9964 83
3804 50
10030 63
8788 1
6495 92
987 1092
16 136
1832 1489
2025 997
922 10031
22 29
10032 170
6552 10033
233 9424
63 10034
2109 2018
34 154
1179 60
4347 90
5934 9223
61 247
490 5731
177 9172
30 7690
499 8631
1664 8880
136 4818
840 874
63 3653
933 7904
1235 10035
103 3858
2307 5553
1418 10036
2930 41
36 523
3223 50
22 10037
5026 866
136 197
71 83
135 1431
63 6756
641 4904
2982 10038
1476 10039
7468 63
987 1711
755 6431
5407 10040
464 50
154 83
7326 8381
8432 233
410 630
9902 10041
177 201
1491 154
63 115
839 7454
716 2015
477 3784
1776 54
7544 589
63 8960
92 7882
63 9043
10042 6936
699 10043
5193 1
398 1349
4404 29
1639 2516
2073 2228
4776 7122
595 10044
36 4658
63 8052
10045 92
9331 10046
5021 10047
3615 308
136 2812
36 1894
692 63
755 3436
10048 83
6514 63
8756 6503
30 7612
6865 38
2040 57
4103 6377
92 3986
63 10049
92 1834
2046 3009
473 1400
762 7856
1232 50
30 8098
1654 9276
1418 3848
10050 484
499 10051
716 424
92 7165
565 1644
9847 933
6568 1763
485 759
30 6602
103 10052
10053 83
29 4872
305 10054
765 10055
36 6070
62 2799
29 1705
716 304
6282 64
224 3332
113 6749
10056 1
93 10057
2742 2492
2149 29
809 217
4267 451
6609 467
395 5867
5336 63
63 7156
654 10058
261 6363
3473 83
71 8525
46 149
10059 83
196 9461
205 10060
5988 10061
10062 547
93 6806
405 10063
136 4376
475 5172
6637 479
10064 1675
744 9748
36 10065
92 10066
10067 63
30 10068
153 63
84 10069
164 1
436 4785
305 248
90 7824
63 9011
30 4185
30 9228
63 8692
446 1601
30 10070
92 7101
63 10071
8441 5884
63 10072
4418 60
10073 1
10074 1
6282 83
3978 10075
1920 83
1542 50
63 10076
70 57
4343 8996
1379 9277
241 83
6036 305
470 1224
6934 41
801 1163
5422 92
10077 7142
6857 5713
55 418
92 6901
1193 305
135 3088
172 7805
1442 3466
4 9967
8047 261
688 10078
781 1918
29 10079
3986 10080
2128 10081
9115 103
10082 2865
165 10083
10084 3999
290 25
10085 50
57 9808
74 10086
154 3230
8364 90
63 1520
3876 5540
1866 7563
8322 51
648 5199
977 5014
228 8952
10087 15
6215 3217
135 488
9144 83
390 1654
801 5398
136 371
30 10012
405 10088
404 10089
36 993
648 2069
388 10090
6870 233
1006 48
126 10091
63 10092
470 1799
62 155
949 197
84 5091
2472 759
8369 63
6196 50
315 5220
853 10093
92 4251
1137 4419
866 151
2785 1
63 9385
949 253
885 1386
149 154
63 1967
247 1498
802 2412
3890 4362
63 404
8455 92
5873 922
149 9615
510 192
30 7736
292 1548
9011 105
7081 83
10094 2393
699 10095
9535 50
6668 3075
46 5629
10096 1
4610 4010
10097 63
136 10098
92 2668
63 10099
63 485
755 3474
540 83
595 3208
1272 3128
1669 10100
6427 2739
1483 5514
96 6606
22 9160
40 6043
70 468
10101 1634
303 57
36 3024
63 4550
4481 1395
92 3114
2040 1092
1476 8248
63 5849
8832 83
136 8425
197 6937
36 5350
30 10102
795 3207
7852 2434
63 539
2186 83
716 4577
8304 151
5077 55
10103 90
5252 954
2 1337
368 1410
699 10104
63 10105
92 6407
3071 2692
25 163
36 7528
425 643
4439 9275
63 8048
1687 10106
16 10107
2403 5305
136 4529
63 9539
7034 954
197 154
7757 8621
3194 1
3102 50
35 1339
10108 151
126 90
3989 1
1354 8227
475 5152
1934 6946
9082 1
8303 25
92 8916
171 298
9779 1
7075 83
10109 151
7885 83
136 10110
949 63
40 1372
436 1948
74 6944
10111 547
10112 151
4 3335
1463 25
10113 1132
574 1
8096 92
3824 10114
36 8993
7589 464
1757 7288
1669 1099
3664 2492
10115 92
30 37
1799 92
2767 4694
92 10116
7788 495
2616 83
63 7887
3190 154
7111 83
398 488
1736 5102
2088 954
8317 165
4439 7603
883 1
149 7301
4 3037
10003 29
9820 4565
2397 7598
3872 272
1112 10117
430 1535
16 7032
5851 1
292 7479
987 805
16 10118
470 8294
405 10119
10120 50
70 149
255 10052
36 5746
74 6985
10121 29
34 60
63 9633
46 420
9040 4644
1325 10122
405 7847
380 451
192 10123
7973 69
305 515
1707 25
217 782
2 380
724 10124
92 5313
3394 15
149 759
10125 63
165 4492
10126 90
34 1569
74 10127
4723 1208
233 28
436 10128
247 4258
833 9638
4494 10129
648 5813
36 4734
733 6326
10130 2318
4694 10131
40 13
8627 618
4604 1050
648 10132
34 5169
7187 92
84 5346
342 10133
7483 368
10134 3583
6395 3521
1325 8219
10135 154
4761 10136
8369 1
63 10137
6783 1
55 1418
3777 83
2752 43
381 103
63 6040
103 10138
63 37
7162 648
7078 205
63 10112
199 2660
63 7380
40 379
36 10139
436 3706
34 6184
4534 63
205 10140
1754 8627
3135 10141
5988 8824
2403 1173
224 7295
1682 1129
470 606
92 5171
392 954
63 5370
63 10142
6632 63
446 1
10143 83
40 8805
4559 22
63 10144
10145 10146
4860 1
222 92
63 10147
7128 1869
716 247
2948 1
30 7557
126 10148
2207 38
8860 154
36 5428
443 25
635 255
595 10149
10150 2011
7543 154
3044 9231
499 10151
8998 83
998 923
63 3784
1305 52
987 5942
126 10152
92 10153
63 10154
63 3968
890 7633
30 8243
1233 10155
4031 10156
27 8376
716 159
1011 502
92 7676
527 2602
57 5641
5670 754
337 10157
922 63
1755 9002
2387 3465
648 6713
9907 63
40 3087
6967 8508
5730 5950
4656 10158
514 488
310 268
6175 1028
3044 247
305 4409
9810 151
527 3539
10159 660
5526 3664
10160 948
936 63
70 922
136 4107
7326 63
892 3130
63 10161
1441 10162
479 1274
1869 9057
9108 151
716 154
10163 1163
92 9335
1125 63
10164 3084
9396 151
3580 1
9621 197
967 8989
405 10165
30 7732
648 2483
30 1990
395 4498
36 7743
2456 83
10166 83
120 10033
83 6557
1803 10167
1758 2706
380 1953
1470 92
2378 10168
63 5205
9500 1634
475 9728
8312 4623
7702 83
8733 5622
1643 679
1065 10169
63 8283
171 50
8578 10170
380 3495
30 5238
1549 25
697 92
5613 616
1965 63
4433 10171
92 2696
192 10172
1832 4092
9246 90
7822 8873
10173 50
8328 63
149 6314
165 6335
10174 6220
544 3841
587 10175
7527 1
41 13
10176 50
10177 5848
10178 587
781 1373
63 3253
92 6948
7218 83
10179 149
92 10034
1326 10180
682 7
3664 6396
4613 3096
1944 136
10181 90
1920 3633
648 9940
25 2739
963 9365
7828 154
4336 126
953 395
50 1
30 959
159 1707
29 10182
294 10168
8369 10183
5608 405
3516 83
63 1701
1150 8435
34 2368
126 7316
40 9431
1706 25
3327 10184
30 10185
4568 1622
70 10186
165 10187
963 10188
1956 233
36 163
3494 83
611 8498
8020 50
30 7862
36 5522
1599 43
74 1570
1669 5580
6350 420
63 1269
499 8206
92 9829
228 10189
10190 151
616 4509
63 10191
9359 25
63 5548
283 8091
1426 3657
7996 92
48 6192
3302 3956
3467 305
63 10173
1418 3257
430 2015
9985 83
598 41
247 755
36 2405
8029 4
36 10192
46 3516
1145 10193
491 215
4314 6268
63 8103
1664 9218
30 9205
30 10194
4761 1163
1280 25
63 4182
55 716
989 10195
249 6367
38 3081
9752 2054
149 4144
177 7986
5642 1
989 10196
1633 1476
10197 50
10198 63
63 9248
1575 10199
3425 30
153 10197
92 2590
63 10200
3135 10201
5850 4290
70 1379
8638 63
7499 154
5415 83
648 4046
136 5534
136 1280
7662 92
2733 92
10202 1675
10203 933
5050 2857
10204 15
10205 1
2968 4994
9080 83
6247 268
149 10206
10207 1215
527 2793
63 10208
30 10209
2040 29
10210 281
2154 3788
3750 41
2963 6967
36 99
36 4930
759 410
90 2884
5702 83
4 8823
995 216
136 54
92 9330
63 1814
30 5729
3650 154
834 25
10211 25
949 6606
755 3135
4325 63
8200 1690
10212 63
92 7939
60 5819
922 10213
6466 1051
30 5808
2748 2005
1706 151
63 7988
92 3618
9931 1
470 40
2888 10214
2519 136
6469 216
30 2355
63 10215
25 1010
6224 3845
450 954
71 1328
159 5445
90 10216
1102 8202
2923 34
1844 9664
6999 25
36 10217
3298 63
828 769
10218 7058
63 3318
92 2728
2688 10219
247 441
190 2830
527 4357
1340 1007
5534 29
5666 7914
3290 10220
5243 484
488 1446
8643 954
63 4238
1187 25
1143 154
1439 3180
771 10221
692 154
10222 3259
103 10223
2733 8366
36 9966
7137 753
135 8111
405 5158
92 2662
154 2741
74 3115
405 4193
224 6716
40 8551
3363 2359
2923 10224
1664 9281
1776 90
527 9504
866 10185
10225 90
1177 22
5080 16
92 9859
3393 2632
136 6531
1242 9237
9266 4761
9413 1260
333 5551
30 6841
2692 10226
4107 4177
1325 5393
247 473
2940 1
9700 1
359 5443
8656 247
63 9114
1664 2330
149 10227
1161 10228
2429 38
9955 63
10229 9271
1639 4225
1372 436
92 7316
261 10230
10231 648
2128 10232
63 10233
4 2092
30 29
92 10234
1418 10235
4235 1481
70 8303
4350 136
1934 25
92 9669
36 10236
6961 92
6495 30
63 5876
616 3679
3427 50
63 8232
524 8152
10237 2296
30 197
30 4050
247 1039
318 50
2813 83
261 2850
4920 29
4 1797
879 7968
247 2262
3874 9435
4 10238
735 25
8851 90
151 10239
470 499
92 7660
92 8609
4664 62
9014 92
55 7010
7944 29
4021 641
7465 255
1102 25
8351 83
2434 247
70 2608
405 10240
2203 3465
9586 83
1623 4462
149 10241
30 10242
35 83
5674 69
74 6144
149 197
2521 10243
244 6591
40 7135
4439 8279
648 8456
930 29
3927 643
8801 192
763 7875
9180 1
247 1707
1776 63
582 10244
71 10084
1563 9741
2792 38
10245 2836
2844 8087
4000 2588
922 83
4024 9111
30 9453
6473 6570
1132 6917
92 7005
1833 643
961 1
2754 10246
1154 8796
4023 5289
8069 63
3635 151
136 48
3323 92
4037 25
1006 10247
10248 83
1736 9152
420 5571
92 7387
4784 83
244 69
1037 618
70 10249
398 6385
205 46
30 4743
10250 439
46 6354
63 9584
165 154
63 10251
2779 6816
342 10252
436 10253
3747 10254
272 10255
310 907
398 514
30 9658
10256 71
1226 83
2340 1739
1654 8309
755 4403
1426 9666
247 4355
92 6213
10257 755
92 4828
6304 63
1011 9006
914 3481
9889 154
7529 38
92 782
464 6874
1011 3112
305 898
534 10258
36 4118
716 1036
5654 83
10259 83
1309 154
63 867
29 2539
648 10260
30 646
10261 195
2733 63
92 2281
524 9304
247 1722
1934 4876
5248 92
2720 83
30 536
1602 3977
840 50
641 3497
92 8890
63 591
6279 83
6699 272
74 10262
63 7283
6150 136
63 10132
83 4392
4340 960
63 2179
3257 40
4569 6020
1736 10263
648 10264
3610 83
2263 29
63 9452
1693 3201
2111 50
305 1622
648 10265
527 8977
40 147
57 10266
290 4192
2641 30
450 10267
63 546
40 10268
888 7971
10269 30
3704 5872
139 305
1239 25
7994 29
10270 83
43 8689
7092 653
92 9800
834 4624
92 9238
7030 1736
103 8773
6653 216
2587 83
92 8913
197 591
92 10271
10272 63
12 1223
4654 7587
36 9019
793 10273
699 10274
495 10275
258 10276
63 5206
92 10277
7071 1895
3986 4781
5836 10278
464 4696
9797 3757
1228 9670
50 9377
755 2128
261 2810
192 10279
1845 527
22 10280
592 5047
10281 1051
1035 154
40 92
149 7223
7764 83
1211 10282
93 10283
63 3170
648 1945
261 9252
630 9821
1236 9337
10284 7
2615 22
44 10285
70 46
499 468
10286 154
92 6593
405 6691
63 10287
4024 643
892 10288
929 4863
470 2242
9657 177
444 7213
1736 10289
1437 10290
5527 83
6637 643
3804 1
10291 63
4704 3583
1426 7895
63 1737
4222 1332
9587 1
488 6319
30 10292
9814 63
7224 63
1400 25
1426 4
72 10293
249 3932
3724 216
70 6070
802 488
71 7627
1028 7310
716 499
2390 3393
2800 648
1602 4058
63 10294
30 10295
426 907
165 1373
281 7881
249 6083
305 775
10296 87
16 10297
10145 3476
83 10079
648 5942
4353 25
136 216
1736 10298
4848 90
4529 1661
63 312
1179 62
5558 83
34 10299
7884 63
4954 8413
92 8861
247 2922
10300 4912
60 6551
1763 10301
92 3202
36 57
10302 38
933 10303
9206 1065
334 90
10304 25
2188 29
10305 1634
1645 3364
4 7648
491 10306
103 10307
3077 25
16 10308
7902 2513
8766 54
1441 2591
10309 844
8655 4
10310 1391
57 216
51 10311
303 22
1608 4132
142 781
90 6750
629 8693
10312 63
30 10313
587 10314
2011 439
252 1914
2416 1
63 538
4 10243
2653 46
136 1742
793 9393
70 22
154 9822
64 30
92 3413
1143 10315
63 2084
9923 648
36 87
366 41
16 6730
16 6565
7839 63
255 116
2186 4001
3204 3084
63 3279
10176 1
63 7371
10316 29
63 8422
29 54
10317 1675
2753 247
8451 92
272 10318
648 8615
63 10319
44 321
2472 370
3949 10320
2154 10321
8004 29
2267 1473
595 10322
63 10323
581 9875
10324 912
796 9082
5015 8293
70 1068
192 10325
1102 62
63 4832
10326 2040
5201 92
29 8186
720 10327
10328 83
10329 803
10330 1272
424 22
6885 1
30 2668
208 41
1035 10331
2521 6022
404 1104
5145 10332
55 888
629 370
4739 92
135 9357
5217 954
788 10333
4369 29
641 10334
405 10335
527 998
2400 7144
10336 3306
1999 249
2881 395
4801 22
9902 10337
63 7693
1252 25
2888 60
10338 149
5546 8746
1856 40
30 1080
1028 9211
63 9239
7720 50
622 618
2389 151
491 10339
70 102
1418 10340
63 8115
196 5469
10341 1724
318 197
1230 7794
4000 468
1687 4487
7883 163
840 7023
3375 90
2752 420
63 5577
10342 1391
63 2408
10343 83
8078 90
10198 151
10344 281
1185 879
1235 10345
7957 30
249 9862
10346 272
4313 1828
30 6066
1836 151
136 10347
8748 51
2781 63
63 6546
7406 15
30 8210
10328 50
63 10348
22 2354
964 1400
136 3530
4 6960
1720 395
6868 1
10349 63
4 10268
63 10350
6961 63
716 72
430 151
63 7519
337 9933
7214 50
9518 92
595 2462
240 1157
2 4851
5921 1810
2243 104
1241 1693
623 9574
63 8425
2615 7526
527 1887
641 9863
8148 29
420 4034
70 10052
10351 63
603 92
4307 154
27 840
5449 54
70 247
3588 174
1236 8914
63 3937
866 5887
63 9646
8368 997
421 7165
46 126
135 3427
5946 63
4640 2145
1646 1441
1280 10352
2653 10353
4875 4362
579 63
1623 2951
1426 3161
249 5941
491 10354
8873 50
113 8241
83 2678
8152 50
3572 10355
1365 8465
3982 9867
92 33
509 22
5470 8635
36 8610
30 10356
369 1092
1675 8518
4444 10357
6356 1
760 3787
4 522
1094 83
1428 136
92 7841
30 5716
4 10358
2923 10359
10157 1634
305 5697
8082 151
8667 154
2196 1
2735 1
2211 5142
4 4633
491 2539
1604 10360
3807 1
40 10058
92 1122
4168 2839
255 151
949 9873
648 10216
5015 1049
5764 154
74 10361
29 83
92 10362
149 1276
63 8338
1196 8310
4976 61
3260 2814
149 847
7723 1
6896 63
1669 2912
303 25
10363 420
10364 63
648 9434
92 8571
4248 3843
8999 2007
30 1821
1669 10228
50 9965
405 5078
126 8415
755 342
2859 6416
420 4586
10365 2095
84 8440
92 10366
380 1187
63 10367
4479 767
70 8847
3157 25
36 10368
40 8884
224 5422
8764 63
6889 10
9524 29
9727 129
10369 90
10126 83
63 10370
63 6278
6187 83
63 9345
4269 22
4404 936
638 4248
949 10371
2428 83
2807 527
40 1253
63 837
4272 63
5484 63
980 10372
36 777
30 4099
1072 29
10373 192
7848 464
405 2238
311 216
92 10374
70 1092
5776 648
7141 1
630 10375
74 7457
63 4262
63 4999
514 197
9046 63
3200 1654
4 10376
690 1
3031 722
10377 154
3411 92
1483 9036
3956 6258
2103 1
10046 29
9663 90
1006 10378
30 5474
126 10379
4744 503
1011 29
36 7404
10035 281
7113 618
165 2190
2267 1887
208 464
4494 197
7940 83
10380 4529
22 51
1285 9243
337 1172
1893 83
92 6432
10381 83
6914 1702
63 10382
1233 8054
699 7263
763 10294
10383 998
2668 1
716 1211
9729 933
63 2898
1233 6474
136 807
3273 420
10384 154
36 10385
485 4535
949 392
381 2062
6676 25
1512 2817
36 10386
3028 144
92 8030
126 5765
10387 50
257 44
963 10388
398 83
10389 151
876 1791
7158 83
395 10390
92 4217
4130 2652
36 3277
63 1362
30 7843
63 7020
824 488
36 1072
10391 92
5251 359
10068 83
6329 1129
720 6297
551 10122
55 2619
3065 40
2887 83
63 9597
4469 50
8952 92
1551 10319
1260 25
305 8288
9404 1799
16 135
25 4633
38 9005
10392 894
83 3603
186 3119
2519 57
154 1446
464 10393
961 6760
915 1815
514 29
7841 2788
648 8461
2292 22
5381 25
261 1737
3518 1050
69 3735
1639 8563
63 10394
3058 291
9117 83
1832 8420
63 1392
74 9885
5652 3393
641 5965
3409 10395
3183 7274
143 25
8278 63
70 8120
4158 151
2749 954
92 8224
1599 616
10286 151
140 688
3051 10396
63 2557
3246 1654
2932 1204
994 1314
903 2403
377 4132
55 25
63 10002
92 503
92 10397
3112 83
63 2523
10138 255
261 135
10398 1129
10399 587
533 1040
63 1711
2698 1634
3001 796
185 10400
10256 699
10401 1634
30 6688
2684 9321
22 10402
292 63
10403 1521
2388 25
26 744
10404 170
3073 3871
2494 186
10405 503
63 7485
2288 25
63 4138
208 4118
3524 1310
71 755
987 617
1055 83
36 490
641 8771
475 756
136 9208
36 90
2527 350
63 10003
1944 380
63 5344
9765 954
36 10406
2388 1047
3096 998
7658 30
22 2601
92 1828
10407 83
1737 50
73 6396
792 994
8880 2296
10408 92
491 3771
5084 3867
30 6760
2979 136
73 10409
261 517
30 8490
969 10410
616 8966
136 1325
36 2034
247 4769
1431 1
36 7962
272 6549
8544 41
36 171
71 4582
63 94
92 8561
136 10411
760 10412
6141 5492
60 1722
63 8897
30 10413
7397 9187
92 10072
2472 10414
9418 90
9608 154
40 30
3475 10415
10416 143
36 6477
6075 83
281 2045
63 10417
933 10418
4005 15
1161 8040
1571 910
8446 3886
5188 30
36 1869
3818 2513
1304 5827
430 2760
3135 1171
63 81
1056 10090
355 5628
2629 3218
1990 8174
4789 1
1327 2629
10000 63
479 4737
36 9588
10219 90
4343 9132
4292 50
9403 63
10419 1729
92 616
1669 10420
63 1993
1263 25
3085 1228
1639 5603
265 4766
755 6346
63 5592
55 2452
477 606
36 3958
63 9202
5094 165
379 10421
4 497
63 2232
3888 4647
92 9628
4808 83
2456 4486
8102 653
8024 4
9881 616
480 1521
30 165
60 10422
63 10423
2222 368
10424 395
491 10425
1832 10426
10427 50
744 90
4658 83
1832 9950
477 6849
1286 10103
30 3038
4288 291
459 1325
4 7154
10351 477
6190 1857
5588 10428
76 9221
83 6915
30 361
788 10429
527 6541
2391 62
281 10430
10431 50
154 9767
355 10432
2356 547
126 5071
10433 92
2228 92
892 2267
30 3246
305 4064
63 10434
4130 4920
63 3414
30 3614
9567 283
8992 233
3565 1393
26 1646
3203 9402
824 10435
10436 1693
63 7567
2493 1852
3747 9784
92 83
755 10437
10438 186
8399 1368
92 5945
5213 395
9069 83
595 641
103 1471
1180 10439
7084 1
92 8950
598 90
6033 154
595 5566
36 8972
247 2354
616 62
10440 205
3327 154
922 50
936 197
108 464
63 3633
30 5086
1242 9451
9636 2920
61 10441
30 10442
6772 92
5466 92
760 2354
10443 2296
249 6391
4477 421
922 10444
629 8003
93 6697
420 9222
63 29
1639 10445
430 5128
405 5983
491 2724
63 664
1014 724
8226 83
8760 803
72 610
272 1741
305 1723
796 7218
63 9507
10446 149
216 8856
503 2191
755 8287
63 5960
430 484
4940 1
9747 4858
113 4794
1438 1720
1325 9989
1161 2517
1602 8306
4031 8493
126 4481
1669 8704
2629 795
154 8553
10447 754
740 30
72 10448
83 5042
641 10449
10205 30
1464 1154
10450 63
9916 228
6553 395
10451 151
142 41
3574 92
6141 4420
10452 2691
464 6216
368 9833
36 3991
30 3829
4212 7
63 9433
5317 30
36 3643
5790 1827
630 7790
30 8499
57 1507
6540 154
6702 154
4761 1283
30 10453
1028 10454
7090 2733
473 62
30 7522
5624 83
2 6020
40 29
462 83
71 158
261 4647
1426 10455
136 92
57 9811
10456 30
254 7125
1693 3727
8683 90
1131 1
177 481
7989 83
92 8411
293 3960
430 473
36 883
154 10457
48 6191
8192 151
63 9069
30 691
4664 83
36 83
4168 83
30 10458
50 83
8109 69
30 7051
915 464
70 3975
475 9742
802 46
5619 1011
2342 83
668 4522
151 10161
30 4911
3856 444
2653 63
40 10459
3523 420
92 2070
3427 83
9018 1736
6739 63
3050 6438
63 10405
92 866
126 9940
92 883
3722 10460
9884 1196
83 1719
491 10461
30 7786
30 3877
63 782
63 335
1561 7121
3054 60
63 8982
92 4912
10462 41
2334 154
3011 1464
1950 2836
2041 1724
9872 2070
1628 92
46 824
4932 4177
63 7297
2070 1596
10463 1
1687 6734
30 3944
503 21
744 3531
810 305
3610 305
63 10464
1910 83
1441 10465
4425 3876
4610 7169
1755 1357
4505 3213
648 10466
10467 398
4340 4477
405 8540
5731 83
1707 154
6871 83
8195 83
249 4943
527 268
1211 1487
63 7664
5921 25
1310 4556
3085 6659
7054 151
989 237
1924 83
5431 151
933 1445
7750 6043
10320 38
5640 7868
10468 63
648 9656
63 5670
63 7318
405 10469
648 10470
149 10471
30 3601
60 7872
315 7981
2472 50
63 10472
4288 3748
3266 233
6889 92
9604 60
70 40
8887 488
781 1391
3760 8670
292 5742
10473 1
63 1530
4090 6263
57 50
92 7594
527 9022
4331 50
305 10474
16 1287
197 50
451 5170
7491 1196
36 103
1143 1245
5140 291
247 8156
1381 618
1245 154
36 790
63 10453
9825 63
305 9913
36 4634
441 25
6792 70
1426 60
3792 6222
4130 154
1035 29
6441 40
2736 1134
36 2653
55 157
63 7563
70 694
1476 146
782 5901
2853 3443
126 6119
430 40
9089 154
468 10475
136 151
30 10476
2854 10477
527 751
2046 30
40 266
2409 83
10478 92
46 6655
795 927
3826 3649
6848 83
1389 1260
10217 1
10479 272
4478 8609
641 2513
272 10480
48 3530
63 2071
2628 755
1624 1
63 10481
106 507
70 55
981 805
5947 9834
3440 5505
10454 4195
10482 83
9676 1
3586 29
1669 2268
7409 334
29 9633
34 10483
10008 1196
10484 2772
1667 7669
36 853
46 30
22 9780
63 940
10485 3388
9653 25
30 10486
5517 1325
92 4207
30 862
6638 63
309 83
648 3754
3956 3861
648 3614
272 10487
8428 83
92 1367
6792 1918
2048 50
304 1132
2615 90
92 5351
10488 1001
272 10489
16 10393
44 358
30 5042
7307 4362
10490 5491
10218 2541
171 1356
950 8618
4610 9015
3591 29
92 5976
149 1080
22 9247
74 4315
8156 1180
305 3547
4305 25
36 935
10491 83
63 7130
10138 50
36 9072
70 8281
35 136
4290 29
1869 10492
30 1005
2334 6686
6251 15
126 8377
2345 8628
595 6104
10493 589
10074 63
10494 151
272 9609
136 5540
1228 3600
846 50
380 4136
63 5805
63 4342
46 9121
63 10495
46 50
4 10496
310 10497
2186 9510
9886 1394
4 8380
30 10498
3664 795
796 4323
5944 3465
7164 74
9067 92
8806 50
436 90
10499 386
190 5899
7747 1196
9422 126
2345 7774
922 3856
618 6490
165 488
10468 488
10500 10
2753 2739
108 488
5053 7119
3908 83
36 10501
4656 4263
491 7573
444 41
5407 803
461 7312
305 1245
103 2981
9973 92
7713 151
453 1654
3363 2474
2402 283
63 7159
989 90
249 10502
46 38
63 6442
46 1643
2019 7415
1196 83
10503 154
4026 488
36 154
4 711
405 7139
92 4909
1944 1092
2388 844
5235 599
6199 1736
1737 29
480 1654
63 10504
63 10505
30 9280
29 50
648 1525
3548 83
781 10506
249 5680
7237 776
1788 765
6840 154
46 2541
8790 83
6391 255
9932 154
5094 10507
83 10508
128 4250
5341 2513
334 10509
760 291
8777 25
828 2830
1000 83
7016 1
398 63
1437 618
881 25
10510 7493
63 2785
4215 1
6791 379
1908 83
866 2191
3491 420
92 10511
5696 616
36 1593
10512 16
92 862
92 8729
71 9899
430 1418
63 4722
6184 4567
30 6832
10513 456
63 5098
1164 154
60 8159
1196 10514
63 233
8791 8153
30 2555
4657 589
398 46
1799 1677
1485 1962
720 10515
716 1177
63 4836
315 2042
491 6577
92 6314
4647 4042
92 8149
30 10516
2946 925
10517 7826
4 10518
74 6947
2964 6967
5967 830
3255 83
733 50
2040 10519
7536 83
63 4289
3320 154
1241 103
44 1
10509 83
7326 2866
92 5864
8456 29
514 8157
108 4964
10520 587
74 8135
63 2558
10521 1
1733 4439
4413 60
36 3216
464 3734
10522 563
92 9249
7490 83
7521 50
1558 616
61 29
8682 83
5847 5671
22 2760
93 766
9940 6786
50 5120
6744 248
136 10523
3927 83
9740 1673
380 25
3486 29
92 9629
1885 1173
57 10524
8001 38
7829 83
27 136
74 10525
488 50
4 10526
1438 6729
1590 15
1487 467
654 30
36 10527
30 5297
143 3777
3528 83
92 8000
10450 464
63 221
63 1301
1314 1924
93 136
10528 8431
2923 8378
36 8200
5930 1
334 8306
63 2756
92 3704
456 1576
524 9901
261 10197
40 468
6341 83
430 10529
8446 90
63 1090
588 4694
10530 63
92 4228
601 10531
63 7429
126 8030
36 1316
733 90
92 8181
4905 4166
249 7819
5609 63
30 3680
4 2801
4673 92
1391 3755
5315 1535
3423 1
7119 50
5642 485
63 1955
716 3440
589 2886
4398 10532
94 653
2382 3718
36 1879
305 2158
527 10533
2015 25
1654 1124
470 796
2861 9583
10222 63
159 5312
36 3594
663 6011
6606 754
63 10534
10097 92
1426 247
420 6796
92 9953
922 10535
405 10536
10537 83
63 2254
136 722
527 1368
3073 9949
3309 30
1400 2739
92 2023
954 10538
63 6995
8982 90
4702 963
10539 2154
10540 1438
1329 6866
1426 83
63 4897
430 10541
436 5523
6528 355
699 10109
10542 63
10543 641
177 10544
108 8141
36 54
716 4
5848 4016
135 4730
2897 954
30 9882
1693 2493
8575 464
464 8700
154 5290
2851 63
1426 7789
63 10545
9695 885
4912 9734
165 420
63 1166
249 4777
4280 25
802 41
405 3795
3586 1
771 9309
595 9732
149 7887
4 8420
1134 3546
139 6966
8171 151
3180 154
648 339
63 8049
10546 1143
4477 1
63 2709
833 2140
2472 29
759 4572
34 516
27 10547
171 2230
1675 10314
1414 10548
103 2798
63 1109
475 7512
83 1257
897 1400
92 6824
6918 10549
84 83
63 2985
63 7035
922 4485
63 5376
63 8836
30 8524
6333 1
1325 2180
10550 4140
272 10551
63 5497
4320 1268
90 1581
10552 255
334 4070
4 954
9966 30
36 9002
126 25
5926 62
4 4269
491 432
10115 83
6891 4177
2715 1
104 10553
755 1220
92 10096
370 2085
1491 9544
22 9844
10554 2288
1061 83
63 1370
186 6231
10555 50
9652 2400
30 1280
30 7659
7581 63
2608 305
92 1918
1228 10556
63 9736
795 344
616 29
136 10557
922 54
72 6282
30 5735
272 10558
247 6974
272 10559
922 1127
989 8268
63 9493
10307 255
759 370
464 8599
430 1426
92 3271
464 538
29 1898
822 92
6951 732
92 9385
1669 10560
368 10561
2992 3325
1040 5934
1812 954
1299 3058
654 29
171 8335
4635 6493
30 5294
92 986
987 1346
1658 2668
635 10562
3545 1617
63 10563
92 926
5955 29
6539 50
405 8207
6599 4
368 4841
8066 3635
139 6529
1164 7178
103 22
1033 8106
654 9291
2998 1315
4630 699
195 10564
1134 10565
527 6930
63 8462
464 7932
436 9762
3641 29
470 90
3011 4
2272 255
1438 6903
10566 933
10381 63
63 5735
83 10567
1028 3000
2481 92
1664 2296
10568 648
3118 10569
83 2707
6434 10570
281 8515
2156 71
92 9532
8611 7174
10571 1
1145 136
1433 355
6631 92
641 6921
1355 3465
8425 69
38 10235
63 9053
63 6925
5048 10572
63 3412
30 7435
4387 83
10573 1
136 9543
261 575
4 67
10574 1391
10575 63
760 8594
63 10129
10576 50
36 70
92 5535
648 2982
40 10577
534 247
36 3824
436 4411
16 3937
63 659
9110 83
2109 9503
987 30
136 6129
1832 9192
7195 648
10578 896
1127 10579
781 5246
63 9383
795 7803
922 5757
7065 83
6666 291
10580 2296
10145 1171
10581 334
63 10389
10582 2910
1788 66
151 10508
10409 25
699 2530
3405 1
157 10583
4218 63
10584 74
73 22
10585 83
50 10586
2832 83
1869 4588
2821 468
30 9027
63 8741
4720 1268
10587 92
4 10203
10588 83
524 7383
224 1487
3792 9630
154 10589
5719 90
2397 2816
2925 1129
554 10590
7129 151
63 6907
10575 30
13 1332
4592 25
136 305
2141 154
6073 1
4 10591
63 10592
499 1274
917 5814
9849 2070
305 7358
4248 25
70 72
10593 25
30 2003
6141 474
10594 587
883 7001
6218 25
464 154
648 8985
755 25
1007 7325
10595 954
63 2473
8735 3476
5848 420
648 5685
10596 40
10409 1424
136 830
10597 63
759 9517
514 8346
989 4000
63 1284
4233 30
398 10007
249 9903
192 10598
36 6655
63 10599
63 10600
70 261
10601 2378
205 8074
648 10602
2513 10603
196 10604
57 8519
6900 7518
10605 2687
92 4903
641 5586
961 6963
121 7525
192 8355
1514 216
7634 136
1235 10606
4121 63
4000 6374
199 9711
6608 63
63 3520
22 10607
2941 2472
1673 154
190 5036
310 3589
1561 41
10608 186
380 716
40 3427
261 589
2615 8388
10310 781
10609 5181
177 10610
135 1092
6585 796
30 1110
684 4165
1134 50
10546 2733
793 2040
524 10611
654 197
92 1858
648 10377
9625 63
4133 90
151 10612
10613 281
963 10169
60 10614
40 1035
834 9227
63 10265
10615 1675
92 6211
8712 756
2098 103
888 2913
7437 616
2721 1479
74 2422
6141 294
2211 830
63 7869
149 10616
595 5789
30 1491
2779 10617
63 4089
136 5021
10618 1675
1177 62
63 2032
648 4533
2479 10619
2837 30
491 10620
3455 8972
1211 7685
63 7081
8192 62
228 9375
63 144
10471 7415
5707 763
63 3313
10621 272
5500 63
2154 2631
9258 63
36 2661
782 2931
34 2356
92 10622
294 9804
9102 151
63 2165
41 907
9619 25
2713 25
2664 1546
2046 10623
70 2
450 7411
249 8928
10624 3957
92 10053
2870 10625
9927 83
1551 781
6538 954
149 3776
9946 5825
405 3228
1483 5722
142 2581
9769 1675
10010 477
461 1929
327 10626
10139 1
63 7481
195 10627
639 38
2479 10628
92 1413
1291 1
10437 23
6417 25
8585 151
10629 283
92 6842
1776 759
30 10630
2 1774
1081 10631
5068 648
10427 216
3964 10632
92 339
63 6916
10559 1634
8372 154
63 7733
36 5734
2805 154
2541 10600
816 1
30 10633
7407 50
41 3981
1228 4646
1426 7509
1060 248
136 1255
1647 3071
84 6091
1441 92
8676 92
405 2287
5838 29
36 9390
63 7070
369 136
405 9939
283 7163
1669 922
291 3048
36 8886
648 10022
499 2005
9203 154
9625 2228
30 9278
2876 1521
135 7332
4508 310
495 10606
36 165
436 10634
802 6309
55 71
4 10635
1426 10636
1081 10637
3496 334
312 216
92 9662
87 4691
205 8710
74 10638
7460 63
63 9948
4486 4541
6976 464
1196 6117
3171 2513
4419 8309
154 5618
30 8364
2228 2795
210 1616
74 10063
30 7371
63 10278
5752 976
10639 8977
92 1412
71 3058
197 151
2973 8298
30 866
63 5622
30 8607
46 135
247 10640
8623 762
10641 16
38 557
247 1953
8909 151
55 1379
10642 3313
63 4244
6504 1
92 6931
1435 92
30 3213
247 51
159 102
30 1713
8565 1
63 7755
30 8019
126 4277
6009 62
36 544
228 5786
63 6710
1691 1
92 5070
618 6246
5715 8284
36 6388
30 9678
63 4535
622 30
41 197
63 1126
36 760
4191 63
30 1920
760 22
760 1736
63 10643
8742 862
802 4761
63 9757
3011 4343
159 151
892 444
2668 10419
9094 4093
796 135
92 232
802 5169
1228 8570
40 6237
92 4110
3363 22
2378 10644
30 10299
1754 10645
3672 10646
6159 1
2523 5044
5246 154
461 8512
7005 83
436 5377
405 7348
30 10647
3739 2857
1669 10648
63 10649
10650 10
3050 5820
50 1918
10651 154
9857 1050
272 10401
30 3565
2434 10652
595 10653
893 3495
30 4376
10654 587
30 6060
488 2596
315 1932
63 4151
2154 2475
10655 1223
1081 2192
63 3666
403 3689
9979 63
63 10379
41 154
1196 151
4 10656
92 5189
50 10657
903 10658
180 4878
10659 154
63 3991
595 1505
4797 63
2276 2610
3073 6749
485 154
10660 51
2479 6552
464 10661
444 8931
66 247
2472 10662
63 5931
4610 9626
149 10553
151 6059
902 29
30 10663
135 136
637 781
136 1
7224 40
9490 4393
967 92
1996 10664
527 4662
8454 7614
6128 1
10665 3416
7734 90
63 436
2397 3613
63 9482
763 197
30 10659
10666 63
5396 92
888 4861
30 9262
83 8151
63 10667
63 5416
4 8872
34 2824
1491 10668
989 197
25 29
70 1407
63 9589
755 1509
3393 1
641 2152
1873 2642
648 7616
8165 1535
92 10166
70 1461
200 5178
8369 4864
3169 6818
205 6212
310 5862
136 7876
9724 63
10669 1
6027 50
38 10095
699 8956
8833 3856
